# kind	from_bank	from_pc	to_bank	to_addr	count	first_frame
# kind: call | rst | irq (interrupt entry; from = the vector) | jphl (jp hl target) |
#       ret (normal return: came back to the pushed return address; to = -) |
#       ret_other (returned to an address different from the one pushed by the matching call/irq; extra = expected) |
#       ret_unmatched (ret without a matching call/irq on the shadow stack, e.g. push/ret jump trick or stack switch)
# bank column is a ROM bank or a region name (WRAM/HRAM); calls counted only when actually taken (SP moved).
call	00	01D5	75	56D2	34808	44
call	00	0227	75	58EA	315110	44
call	00	0262	0F	4247	39	10435
call	00	027B	00	05BD	32	0
call	00	0292	00	0602	32	0
call	00	02B9	00	04D8	32	0
call	00	02CA	00	04D8	192	1
call	00	02DD	00	04D8	32	5
call	00	02E7	00	04D8	32	7
call	00	02F4	00	04D8	32	8
call	00	02F7	00	059F	32	8
call	00	0307	00	20A0	32	8
call	00	0314	4F	4717	32	8
call	00	0328	00	06D1	32	17
call	00	033A	00	034A	64	16
call	00	0346	00	034A	64	16
call	00	03AF	00	20A6	201889	0
call	00	03C1	HRAM	FF80	206484	17
call	00	045F	00	0392	122597	44
call	00	049B	00	0392	1454	561
call	00	05E9	00	0392	39	7743
call	00	05FE	00	0392	32	0
call	00	06EF	00	0673	515460	16
call	00	06F9	00	0622	515460	16
call	00	06FC	HRAM	FFA8	515460	16
call	00	0709	00	0622	515298	16
call	00	074B	00	0622	4655	26
call	00	0782	00	0622	10	7978
call	00	0789	00	0622	21257	23
call	00	07B5	00	0392	21256	24
call	00	07C1	00	0392	40	718
call	00	07C6	00	0622	40	718
call	00	07DC	00	08B7	219	330
call	00	07E7	00	0749	219	330
call	00	07F3	00	0749	219	331
call	00	07F7	00	0392	219	331
call	00	083C	00	08B7	1977	26
call	00	0847	00	0749	1977	26
call	00	0853	00	0749	1977	27
call	00	0857	00	0392	1977	27
call	00	086B	00	08B7	17	1040
call	00	0876	00	0749	17	1040
call	00	0882	00	0749	17	1041
call	00	0898	00	08B7	50	7743
call	00	08A3	00	0749	50	7743
call	00	08AF	00	0749	50	7743
call	00	08B3	00	0392	50	7743
call	00	08EA	00	0622	2547	26
call	00	08EF	00	063D	2547	26
call	00	08F7	00	0904	2547	26
call	00	0900	00	0904	2547	26
call	00	091C	00	0622	1155	528
call	00	095B	00	0A09	134671	43
call	00	098A	00	0658	383099	43
call	00	098F	00	0AE8	1885394	43
call	00	09B6	00	0A09	1214	22
call	00	09D6	00	04D8	1214	23
call	00	09FA	00	04D8	4465	786
call	00	0A9C	00	04D8	9039	26
call	00	0AAB	00	0AB8	9039	26
call	00	0B45	00	063D	383099	43
call	00	0B6E	00	063D	21089	754
call	00	0EC9	00	0392	10806	713
call	00	0EDA	00	0622	21551	2942
call	00	0F4D	00	10B1	4062	40269
call	00	0F56	00	1044	14933	2942
call	00	0F5A	00	0392	18995	2942
call	00	1053	00	06D1	14933	2942
call	00	1073	00	06D1	14933	2942
call	00	109D	00	06D1	14933	2942
call	00	10C0	00	06D1	4062	40269
call	00	10D5	00	06D1	4062	40269
call	00	10E9	00	0392	13	3880
call	00	156A	00	14BF	30	3899
call	00	1587	00	06D1	6	3877
call	00	15AF	00	14BF	6	3877
call	00	16A2	00	0622	668	601
call	00	16A7	00	063D	668	601
call	00	16AF	00	0904	668	601
call	00	16C0	00	0904	668	601
call	00	171F	4F	47A5	32	17
call	00	20A0	00	20EE	32	8
call	00	20A6	00	2129	206188	0
call	00	20AC	00	2116	5356	83
call	00	20B2	00	2116	184	550
call	00	20C4	00	2116	32	323
call	00	20E8	00	2116	985	43
call	00	20FA	00	2105	568724	8
call	00	210E	00	2105	212745	8
call	00	2120	00	20EE	212713	17
call	00	2148	00	210B	212713	17
call	00	2161	00	2105	100295	44
call	00	2167	00	20FF	100295	44
call	00	2172	00	2105	255684	44
call	00	2178	00	20FF	255684	44
call	04	4084	04	453A	206156	17
call	04	40AE	04	419B	206156	17
call	04	40B1	04	4BC9	824624	17
call	04	40B4	04	41AC	824624	17
call	04	40B9	04	414C	206156	17
call	04	40BC	04	456C	824624	17
call	04	40BF	04	4167	824624	17
call	04	40E8	04	4153	47629	503
call	04	40EB	04	455A	190516	503
call	04	40EE	04	4167	190516	503
call	04	40F7	04	419B	160665	17
call	04	40FA	04	4BDB	642660	17
call	04	40FD	04	41AC	642660	17
call	04	4102	04	4153	160665	17
call	04	4105	04	456C	642660	17
call	04	4108	04	4167	642660	17
call	04	4119	04	419B	206156	17
call	04	411C	04	4C14	824624	17
call	04	411F	04	41AC	824624	17
call	04	41C5	04	430A	5356	83
call	04	4219	04	414C	5356	83
call	04	4231	04	434C	6086	83
call	04	4249	04	4167	2070	83
call	04	424E	04	414C	22	73645
call	04	4272	04	434C	13	73797
call	04	427F	04	4167	62	73645
call	04	429C	04	430A	698	43
call	04	429F	04	4153	698	43
call	04	42A2	04	434C	2600	43
call	04	42A7	04	4167	1902	501
call	04	42B8	04	4167	890	43
call	04	4398	00	216F	8699	44
call	04	4429	04	4433	32	323
call	04	4438	04	4153	32	323
call	04	4445	04	4167	128	323
call	04	457D	04	4386	8699	44
call	04	45A7	00	216F	245793	44
call	04	4615	04	5007	95263	502
call	04	46CA	04	502B	8739	84
call	04	479B	00	216F	1192	7945
call	04	47F5	04	47FB	6135	44
call	04	4800	04	5007	6135	44
call	04	4856	04	4889	18220	44
call	04	48B2	04	5007	23030	503
call	04	48BC	04	5007	10494	503
call	04	4A4C	00	215E	100295	44
call	04	4AA8	04	4889	19067	502
call	04	4AC7	04	4177	22861	84
call	04	4ACC	04	4180	9279	44
call	04	4AD5	04	4189	13910	84
call	04	4ADA	04	4192	22062	502
call	04	4B1A	04	4FD4	63847	44
call	04	4C67	04	4E4B	63777	84
call	04	4C73	04	4DDF	63777	84
call	04	4CE4	04	4E04	63777	84
call	04	4CF4	04	4DD3	10510	84
call	04	4D1E	04	4E34	182235	85
call	04	4D2A	04	4DD3	21680	513
call	04	4D4D	04	4E34	363	14737
call	04	4DBD	04	4ECA	99718	84
call	04	4DC7	04	4F4F	63777	84
call	04	4DF2	04	502B	63777	84
call	04	4E0F	04	502B	63777	84
call	04	4E22	04	502B	63777	84
call	04	4EF7	04	4FEA	70700	84
call	04	4EFB	04	5007	70700	84
call	0E	4007	00	06D1	90	327
call	0E	401E	0E	405F	90	327
call	0E	405F	00	06D1	8253	327
call	0E	4065	0E	4083	8253	327
call	0E	4068	00	06D1	8253	363
call	0E	406E	00	044B	8253	363
call	0E	4078	00	044B	89	519
call	0E	40A2	0E	434F	32	327
call	0E	40A5	00	06D1	32	331
call	0E	40B5	00	20E8	32	363
call	0E	40F4	00	06D1	30	460
call	0E	410C	00	06D1	2	123533
call	0E	4153	0E	4215	90	476
call	0E	4156	00	06D1	90	485
call	0E	4166	00	20E8	90	501
call	0E	41CB	00	20AC	62	2740
call	0E	41D9	0E	4334	62	2740
call	0E	41DC	0E	4311	62	2740
call	0E	41E1	00	07CB	62	2740
call	0E	41F0	00	20AC	89	502
call	0E	41FE	00	06D1	89	503
call	0E	4215	00	044B	90	476
call	0E	421F	00	06D1	90	477
call	0E	4231	00	06D1	90	477
call	0E	4243	00	06D1	90	478
call	0E	4255	00	06D1	90	479
call	0E	4267	00	06D1	90	480
call	0E	4279	00	06D1	90	481
call	0E	428B	00	06D1	90	482
call	0E	429D	00	06D1	90	483
call	0E	42AE	00	06D1	90	484
call	0E	42BF	00	06D1	90	484
call	0E	42D0	00	06D1	90	484
call	0E	42D6	0E	4311	90	484
call	0E	42DB	00	07CB	90	484
call	0E	42E8	00	06D1	90	485
call	0E	42EE	0E	4334	90	485
call	0E	42FB	00	06D1	90	485
call	0E	4307	00	0A65	90	485
call	0E	430A	00	06D1	90	485
call	0E	4329	00	06D1	152	484
call	0E	4347	00	0A65	152	485
call	0E	434F	00	044B	32	327
call	0E	4359	00	06D1	32	328
call	0E	436B	00	06D1	32	328
call	0E	437D	00	06D1	32	329
call	0E	438E	00	06D1	32	330
call	0E	439F	00	06D1	32	330
call	0E	43A7	00	07CB	32	330
call	0E	43AA	00	06D1	32	331
call	0F	42A0	0F	4337	7	10435
call	0F	42EF	0F	4337	2	10536
call	0F	433B	0F	5D95	9	10435
call	0F	434A	0F	43F7	12	10435
call	0F	4373	0F	43F7	3	10485
call	0F	4392	0F	4C0F	3	10486
call	0F	43F7	0F	4416	30	10435
call	0F	4435	0F	44CC	15	10435
call	0F	443E	0F	44CC	2	10536
call	0F	4490	0F	44CC	1	122106
call	0F	44D0	0F	5D95	18	10435
call	0F	4BCB	0F	43F7	15	10486
call	0F	4BDE	0F	4C0F	13	10486
call	0F	4BE4	0F	4C62	13	10486
call	0F	4BFC	0F	5D7F	13	10486
call	0F	4C13	0F	5D68	16	10486
call	0F	4CA0	0F	5C5E	4	10565
call	0F	5C8E	0F	5D12	120	10565
call	0F	5D6B	0F	5D76	1	122106
call	0F	5D7A	0F	5D95	1	122106
call	1C	4000	00	06D1	32	17
call	1C	4007	00	06D1	90	327
call	1C	400D	00	0545	89	520
call	1C	401D	00	06D1	49	520
call	1C	4028	00	06D1	40	2838
call	1D	4000	00	044B	87	591
call	1D	400A	00	04D8	87	592
call	1D	400D	00	06D1	87	592
call	1D	4013	00	044B	87	592
call	1D	401B	00	1620	87	593
call	1D	403E	00	06D1	87	593
call	1D	4050	00	06D1	87	593
call	1D	4062	00	06D1	87	594
call	1D	4074	00	06D1	87	595
call	1D	4086	00	06D1	87	596
call	1D	4098	00	06D1	87	597
call	1D	40AA	00	06D1	87	598
call	1D	40BB	00	06D1	87	599
call	1D	40CC	00	06D1	87	599
call	1D	40DC	00	06D1	87	599
call	1D	40E8	00	0A65	87	599
call	1D	40F6	00	06D1	87	599
call	1D	4107	00	06D1	87	599
call	1D	410D	00	044B	87	599
call	1D	4124	00	04D8	87	600
call	1D	4133	00	06D1	87	600
call	1D	4147	1D	42AF	87	601
call	1D	414F	1D	4325	87	601
call	1D	4154	00	082C	87	601
call	1D	4157	00	06D1	87	602
call	1D	415D	00	06D1	87	602
call	1D	4169	1D	421A	9	37774
call	1D	4172	00	06D1	86	618
call	1D	4182	00	20B2	86	623
call	1D	4188	00	06D1	1977	623
call	1D	418E	00	044B	1977	623
call	1D	4191	00	06D1	1976	623
call	1D	4197	00	06D1	1976	623
call	1D	419D	00	056A	1976	623
call	1D	41AA	00	06D1	1861	623
call	1D	41B4	1D	4229	42	623
call	1D	41B7	1D	439B	1861	630
call	1D	41C7	00	20AC	60	680
call	1D	41CD	00	06D1	60	680
call	1D	41D3	00	06D1	60	709
call	1D	41E2	00	06D1	60	711
call	1D	41F6	00	20AC	25	2360
call	1D	41FC	00	06D1	25	2360
call	1D	4202	00	06D1	25	2389
call	1D	420F	00	06D1	25	2391
call	1D	421F	00	1620	9	37774
call	1D	4240	1D	42AF	19	623
call	1D	4243	1D	4325	19	623
call	1D	4246	00	06D1	19	623
call	1D	424E	00	082C	19	623
call	1D	4251	1D	439B	19	624
call	1D	4266	1D	42AF	13	32980
call	1D	4269	1D	4325	13	32980
call	1D	426C	00	06D1	13	32980
call	1D	4274	00	082C	13	32980
call	1D	4277	1D	439B	13	32981
call	1D	4284	00	20AC	32	625
call	1D	4290	1D	42A0	12	32981
call	1D	4299	00	06D1	32	625
call	1D	42A5	00	1620	12	32981
call	1D	42B5	1D	42FE	91	601
call	1D	42FA	00	16A2	119	601
call	1D	4303	00	1620	91	601
call	1D	432B	1D	4374	22	32980
call	1D	4370	00	16A2	119	601
call	1D	4379	00	1620	22	32980
call	1D	43C1	00	06D1	25	659
call	1D	43C7	00	06D1	25	659
call	1D	43CF	00	082C	25	659
call	1D	43E8	00	06D1	88	624
call	1D	43EE	00	06D1	88	624
call	1D	43F6	00	082C	88	624
call	1F	4000	00	0392	94	520
call	1F	400A	00	04D8	94	520
call	1F	400D	00	06D1	94	520
call	1F	4018	00	1620	94	520
call	1F	4048	00	06D1	94	520
call	1F	405A	00	06D1	94	520
call	1F	406C	00	06D1	94	521
call	1F	407E	00	06D1	94	522
call	1F	4090	00	06D1	94	523
call	1F	40A2	00	06D1	94	524
call	1F	40B4	00	06D1	94	525
call	1F	40C6	00	06D1	94	526
call	1F	40D7	00	06D1	94	527
call	1F	40E8	00	06D1	94	527
call	1F	40F8	00	06D1	94	527
call	1F	4109	00	06D1	94	527
call	1F	4119	00	06D1	94	527
call	1F	4125	00	0A65	94	527
call	1F	4132	00	06D1	94	527
call	1F	413E	00	0A65	94	527
call	1F	4154	1F	43F7	94	527
call	1F	4162	00	06D1	94	528
call	1F	417C	00	04D8	94	528
call	1F	418B	00	06D1	94	528
call	1F	419C	00	082C	94	529
call	1F	419F	00	06D1	94	530
call	1F	41AB	00	06D1	94	530
call	1F	41BB	00	06D1	94	546
call	1F	41CB	00	20B2	94	550
call	1F	41D1	00	06D1	2975	550
call	1F	41D7	00	044B	2975	550
call	1F	41DA	00	06D1	2975	550
call	1F	41E0	00	06D1	2975	550
call	1F	41E6	00	056A	2975	550
call	1F	41F3	00	06D1	2849	550
call	1F	41F9	1F	4561	2849	550
call	1F	4200	1F	4291	77	2421
call	1F	4203	1F	44D5	2849	550
call	1F	4227	00	20AC	62	560
call	1F	422D	00	06D1	62	560
call	1F	4233	00	06D1	62	589
call	1F	4248	00	06D1	62	591
call	1F	4264	00	20AC	32	2440
call	1F	426A	00	06D1	32	2440
call	1F	4270	00	06D1	32	2469
call	1F	4283	00	06D1	32	2471
call	1F	42B7	00	20AC	5	15768
call	1F	42BD	1F	4351	5	15768
call	1F	42D8	00	20AC	17	2421
call	1F	42DE	1F	4351	17	2421
call	1F	42F5	00	20AC	4	14788
call	1F	4301	1F	4351	4	14788
call	1F	431A	00	20AC	20	14148
call	1F	4320	1F	4351	20	14148
call	1F	433C	1F	45CA	46	2422
call	1F	4344	00	06D1	46	2422
call	1F	435C	00	06D1	46	2421
call	1F	4364	00	082C	46	2421
call	1F	4371	00	06D1	46	2422
call	1F	437D	00	0A65	46	2422
call	1F	43A0	00	06D1	26	2422
call	1F	43AC	00	0A65	26	2422
call	1F	43C4	00	06D1	9	15769
call	1F	43D0	00	0A65	9	15769
call	1F	43DD	00	06D1	9	15769
call	1F	43E9	00	0A65	9	15769
call	1F	4408	00	06D1	111	527
call	1F	4414	00	0A65	111	527
call	1F	442C	00	06D1	26	14162
call	1F	4438	00	0A65	26	14162
call	1F	444A	00	0A65	26	14162
call	1F	4459	00	06D1	83	527
call	1F	4465	00	0A65	83	527
call	1F	4477	00	0A65	83	527
call	1F	4486	00	06D1	28	2433
call	1F	4492	00	0A65	28	2433
call	1F	449F	00	06D1	28	2433
call	1F	44AB	00	0A65	28	2433
call	1F	44BD	00	0A65	28	2433
call	1F	44CB	00	06D1	137	527
call	1F	44D1	1F	44D5	137	527
call	1F	44F7	00	06D1	32	14162
call	1F	44FF	00	082C	32	14162
call	1F	4509	00	0BFC	105	527
call	1F	4518	00	06D1	105	527
call	1F	4520	00	082C	105	527
call	1F	4538	00	0BFC	34	2433
call	1F	4547	00	06D1	34	2433
call	1F	454F	00	082C	34	2433
call	1F	456C	1F	43F7	43	2433
call	1F	4579	00	06D1	43	2434
call	1F	45C6	00	0A65	444	2426
call	1F	460A	00	06D1	46	2422
call	1F	461B	00	0D67	46	2422
call	1F	463A	00	06D1	46	2422
call	1F	464A	00	0D67	46	2422
call	22	4FFB	22	4EF0	32	324
call	22	4FFE	22	4F46	32	326
call	22	5023	22	4EF0	5	1954
call	22	5028	22	4F24	5	1955
call	22	502D	22	4F7B	5	1955
call	22	5100	22	5035	11	170248
call	22	5103	22	5077	11	170248
call	23	4000	00	044B	16	711
call	23	401D	00	06D1	16	712
call	23	4023	00	0464	16	712
call	23	4028	23	41DC	16	713
call	23	4044	00	06D1	16	746
call	23	4064	00	06D1	3	9522
call	23	406A	00	0464	3	9522
call	23	406D	00	06D1	3	9523
call	23	4077	00	06D1	860	786
call	23	407D	00	0464	860	786
call	23	4080	00	06D1	860	787
call	23	4099	00	20AC	16	9736
call	23	40A4	23	4A06	3	23452
call	23	40AB	23	4B51	13	9736
call	23	40CB	00	06D1	12	23532
call	23	40DC	00	20E8	12	23532
call	23	40E3	23	41DC	12	23532
call	23	40FC	00	20AC	8	880
call	23	4104	00	06D1	8	880
call	23	410A	00	0464	8	880
call	23	410D	00	06D1	8	881
call	23	4129	00	20AC	8	1820
call	23	4137	23	4161	8	1820
call	23	414D	00	20AC	9	1040
call	23	415B	23	4161	9	1040
call	23	4172	00	06D1	6	1060
call	23	417A	00	085B	6	1060
call	23	4187	00	06D1	6	1061
call	23	4193	00	0A65	6	1061
call	23	4196	00	06D1	6	1061
call	23	419C	23	43C4	6	1061
call	23	41AD	00	06D1	11	1040
call	23	41B5	00	085B	11	1040
call	23	41C2	00	06D1	11	1041
call	23	41CE	00	0A65	11	1041
call	23	41D1	00	06D1	11	1041
call	23	41D7	23	433C	11	1041
call	23	41DD	00	06D1	28	713
call	23	41E3	00	06D1	28	713
call	23	41E9	00	06D1	28	713
call	23	41EF	00	0464	28	715
call	23	41FD	00	06D1	28	715
call	23	4203	00	0464	28	715
call	23	4211	00	06D1	28	716
call	23	4217	00	0464	28	716
call	23	4226	00	06D1	28	717
call	23	422C	00	0464	28	717
call	23	423B	00	06D1	28	718
call	23	4241	00	0464	28	719
call	23	4250	00	06D1	28	720
call	23	4256	00	0464	28	720
call	23	4265	00	06D1	28	721
call	23	426B	00	0464	28	721
call	23	4279	00	06D1	28	722
call	23	427F	00	0464	28	722
call	23	4284	00	082C	27	723
call	23	4287	00	0464	27	724
call	23	42A4	23	43C4	25	725
call	23	42B1	00	06D1	25	729
call	23	42BD	00	0A65	25	729
call	23	42C2	23	433C	2	23545
call	23	42D0	00	06D1	2	23548
call	23	42D8	00	082C	2	23548
call	23	42E5	00	06D1	2	23549
call	23	42F1	00	0A65	2	23549
call	23	42F4	00	0464	27	729
call	23	42F7	00	06D1	27	729
call	23	42FD	00	044B	27	729
call	23	4300	00	06D1	27	730
call	23	4320	00	06D1	27	746
call	23	4332	00	20E8	27	746
call	23	434D	00	06D1	13	1041
call	23	4353	23	478E	13	1043
call	23	43D5	00	06D1	31	725
call	23	43DB	23	478E	31	727
call	23	448B	00	06D1	3	23468
call	23	4491	00	06D1	3	23468
call	23	4497	00	06D1	3	23468
call	23	449D	00	06D1	3	23468
call	23	44A3	00	0464	3	23470
call	23	44B1	00	06D1	3	23470
call	23	44B7	00	0464	3	23470
call	23	44C5	00	06D1	3	23471
call	23	44CB	00	0464	3	23471
call	23	44DA	00	06D1	3	23472
call	23	44E0	00	0464	3	23473
call	23	44EF	00	06D1	3	23473
call	23	44F5	00	0464	3	23474
call	23	4504	00	06D1	3	23474
call	23	450A	00	0464	3	23475
call	23	4518	00	06D1	3	23475
call	23	451E	00	0464	3	23475
call	23	4523	00	082C	3	23476
call	23	4526	00	0464	3	23477
call	23	4546	00	06D1	3	23479
call	23	4552	00	0A65	3	23479
call	23	4566	00	06D1	3	23479
call	23	456C	00	0464	3	23479
call	23	4580	00	06D1	3	23480
call	23	4586	00	0464	3	23480
call	23	459A	00	06D1	3	23481
call	23	45A0	00	0464	3	23481
call	23	45B4	00	06D1	3	23482
call	23	45BA	00	0464	3	23482
call	23	45BD	23	478E	3	23483
call	23	45C0	00	0464	3	23485
call	23	45CF	00	20E8	3	23485
call	23	45D7	00	06D1	3	23485
call	23	45DD	00	044B	3	23485
call	23	45E0	00	06D1	3	23486
call	23	4600	00	06D1	3	23502
call	23	4609	00	06D1	60	23502
call	23	460F	00	0464	60	23502
call	23	4612	00	06D1	60	23503
call	23	462B	00	20AC	3	23516
call	23	4636	00	06D1	1	25644
call	23	463C	00	0464	1	25644
call	23	463F	00	06D1	1	25645
call	23	4647	00	06D1	2	23516
call	23	464D	00	0464	2	23516
call	23	4650	00	06D1	2	23517
call	23	4697	00	20AC	1	25628
call	23	46A4	23	46CD	1	25628
call	23	46DD	00	06D1	1	25628
call	23	46E9	00	0A65	1	25628
call	23	47A2	00	06D1	47	727
call	23	47B0	00	06D1	47	728
call	23	4A0F	00	06D1	3	23452
call	23	4A15	00	0464	3	23452
call	23	4A18	00	06D1	3	23453
call	23	4A1E	23	4471	3	23468
call	23	4A3F	00	06D1	1	25660
call	23	4B59	00	06D1	13	9736
call	23	4B5F	00	0464	13	9736
call	23	4B62	00	06D1	13	9737
call	23	4B81	00	06D1	13	9752
call	23	4BA5	00	06D1	5	9898
call	23	4BAF	00	06D1	5	9898
call	23	4C01	00	06D1	3	25150
call	23	4C16	00	06D1	3	25150
call	23	4C1D	00	06D1	2	10354
call	23	4C33	00	06D1	2	10678
call	23	4C5D	00	06D1	2	10984
call	23	4C73	00	06D1	2	10984
call	23	4C7E	00	06D1	2	11027
call	23	4C86	00	06D1	2	11072
call	24	401C	00	06D1	3	169885
call	24	403C	00	06D1	3	169885
call	24	406A	24	42F0	3	169885
call	24	4079	00	20E8	3	169952
call	24	4084	00	06D1	919	169952
call	24	41D7	00	0464	919	169952
call	24	41DA	00	06D1	919	169953
call	24	41F3	00	20AC	15	169960
call	24	41FC	24	4794	15	169960
call	24	41FF	24	47FB	15	169960
call	24	4203	24	4BCD	15	169961
call	24	421F	24	47FB	14	170392
call	24	4226	24	4A79	14	170393
call	24	423C	00	20AC	2	173164
call	24	4244	00	06D1	2	173164
call	24	424A	00	0464	2	173164
call	24	4269	00	20AC	2	170500
call	24	427B	24	483E	2	170500
call	24	427E	24	4453	2	170510
call	24	4294	00	20AC	1	170680
call	24	42A6	24	483E	1	170680
call	24	42A9	24	4453	1	170691
call	24	4317	00	06D1	3	169887
call	24	431D	00	0464	3	169887
call	24	432C	00	06D1	3	169887
call	24	4332	00	0464	3	169888
call	24	4341	00	06D1	3	169888
call	24	4347	00	0464	3	169889
call	24	4356	00	06D1	3	169889
call	24	435C	00	0464	3	169890
call	24	436B	00	06D1	3	169890
call	24	4371	00	0464	3	169891
call	24	437F	00	06D1	3	169891
call	24	4385	00	0464	3	169891
call	24	4393	00	06D1	3	169892
call	24	4399	00	0464	3	169892
call	24	43A7	00	06D1	3	169893
call	24	43AD	00	0464	3	169893
call	24	43D4	00	082C	3	169894
call	24	43D7	00	0464	3	169895
call	24	43DA	24	48C7	3	169896
call	24	43DD	00	0464	3	169916
call	24	43E4	24	483E	3	169916
call	24	43E7	00	0464	3	169927
call	24	43EC	24	4453	3	169927
call	24	43EF	00	0464	3	169927
call	24	43F6	24	4A79	3	169928
call	24	43F9	00	0464	3	169933
call	24	43FC	00	06D1	3	169934
call	24	4402	00	044B	3	169934
call	24	4405	00	06D1	3	169935
call	24	4425	00	06D1	3	169951
call	24	4438	00	047A	3	169951
call	24	443E	00	06D1	3	169952
call	24	4445	00	0392	3	169952
call	24	4454	24	445C	6	169927
call	24	4457	24	45B7	6	169927
call	24	447D	00	06D1	6	169927
call	24	448D	00	06D1	6	169927
call	24	449D	00	06D1	6	169927
call	24	44AD	00	06D1	6	169927
call	24	44BD	00	06D1	6	169927
call	24	44CD	00	06D1	6	169927
call	24	4605	00	06D1	4	169927
call	24	4777	00	06D1	2	170510
call	24	4874	24	494C	6	169916
call	24	489D	24	494C	6	169917
call	24	48AD	24	494C	6	169919
call	24	48B0	24	4A00	6	169921
call	24	48C2	24	47FB	6	169926
call	24	4902	24	494C	18	169896
call	24	491C	24	494C	3	169907
call	24	4932	24	494C	3	169908
call	24	4935	24	4A00	3	169910
call	24	4947	24	47FB	3	169915
call	24	49D4	00	06D1	42	169896
call	24	49E7	24	49EC	840	169896
call	24	49F2	00	06D1	840	169896
call	24	4A11	24	4A54	59	169910
call	24	4A14	00	0392	59	169912
call	24	4A25	24	4A54	59	169912
call	24	4A28	00	0392	59	169913
call	24	4A39	24	4A54	59	169913
call	24	4A3C	00	0392	59	169914
call	24	4A4D	24	4A54	59	169914
call	24	4A50	00	0392	59	169915
call	24	4A99	00	06D1	50	169928
call	24	4AB3	00	06D1	50	169928
call	24	4ACD	00	06D1	50	169928
call	24	4AE7	00	06D1	50	169928
call	24	4B01	00	06D1	50	169928
call	24	4B08	24	4A00	50	169928
call	24	4BCD	24	4E46	15	169961
call	24	4BD0	24	53FD	15	169966
call	24	4BD6	00	06D1	3141	169966
call	24	4D39	00	0464	3141	169966
call	24	4D3C	00	06D1	3140	169967
call	24	4D53	24	4F14	4	171292
call	24	4D56	00	06D1	4	171292
call	24	4D62	24	51CB	7	170248
call	24	4D65	00	06D1	7	170248
call	24	4D7F	00	20AC	11	170248
call	24	4D97	24	5164	16	169996
call	24	4DAA	00	20AC	16	169996
call	24	4DCC	00	20AC	14	170392
call	24	4DD4	24	4E71	14	170392
call	24	4DD8	00	06D1	14	170392
call	24	4DF4	00	20AC	11	170140
call	24	4E07	24	4EF1	11	170140
call	24	4E0E	24	4A79	11	170141
call	24	4E25	00	20AC	7	171184
call	24	4E38	24	4EF1	7	171184
call	24	4E3F	24	4A79	7	171185
call	24	4E57	00	06D1	15	169961
call	24	4E6C	24	4A79	15	169961
call	24	4E7D	00	06D1	14	170392
call	24	4E9B	00	06D1	4	172264
call	24	4EBC	00	06D1	6	170356
call	24	4EDD	00	06D1	8	170140
call	24	4EF5	24	4E85	18	170140
call	24	4EF9	00	06D1	18	170140
call	24	4EFF	00	0464	18	170140
call	26	58E0	26	5343	55	10382
call	26	5919	00	06D1	2	10382
call	26	5971	00	06D1	2	10383
call	26	5992	00	06D1	2	10383
call	26	59AD	00	082C	2	10383
call	27	401D	00	06D1	31	7259
call	27	4032	00	06D1	31	7259
call	27	403A	00	06D1	11	7742
call	27	405F	00	06D1	11	7742
call	27	4069	00	06D1	11	7742
call	27	40BB	00	06D1	11	8539
call	27	40D0	00	06D1	11	8539
call	27	4202	27	4B95	16	7742
call	27	4210	00	20E8	16	7761
call	27	4235	00	06D1	16	7761
call	27	4241	00	0A65	16	7761
call	27	424E	00	06D1	16	7761
call	27	425A	00	0A65	16	7761
call	27	4264	27	41BC	11	7761
call	27	4286	00	06D1	11	7761
call	27	4292	00	0A65	11	7761
call	27	42C0	00	06D1	5	9917
call	27	42CC	00	0A65	5	9917
call	27	42CF	00	06D1	16	7761
call	27	42D5	00	06D1	16	7761
call	27	42DB	00	06D1	16	7761
call	27	42FD	00	06D1	16	7761
call	27	431B	00	06D1	1555	7761
call	27	4322	00	044B	1555	7761
call	27	4325	00	06D1	1555	7762
call	27	4334	27	4747	1555	7762
call	27	4349	00	06D1	1088	7864
call	27	4350	00	0464	1088	7864
call	27	435F	00	20A6	1088	7865
call	27	4365	00	06D1	1088	7865
call	27	4374	27	4747	1088	7865
call	27	437B	00	06D1	1088	7865
call	27	439B	00	06D1	2	10225
call	27	43A3	00	06D1	2	10225
call	27	43AC	00	06D1	2	10225
call	27	43BB	00	06D1	68	10225
call	27	43C2	00	0464	68	10225
call	27	43D1	00	20A6	68	10226
call	27	43D7	00	06D1	68	10226
call	27	43E7	00	06D1	68	10226
call	27	4410	00	20AC	2	10259
call	27	4423	00	06D1	2	10259
call	27	442B	00	06D1	2	10259
call	27	443B	00	06D1	2	10260
call	27	4447	00	0A65	2	10260
call	27	444E	00	06D1	60	10260
call	27	4455	00	0464	60	10260
call	27	4464	00	20A6	60	10260
call	27	4474	00	0A65	2	10289
call	27	4483	00	20AC	2	10289
call	27	448B	27	4747	96	10289
call	27	44A9	00	06D1	96	10289
call	27	44B0	00	0464	96	10289
call	27	44BF	00	20A6	96	10290
call	27	44C5	00	06D1	96	10290
call	27	44D3	00	06D1	2	10338
call	27	44E1	00	0464	13	7976
call	27	44EF	00	06D1	13	7977
call	27	44F7	00	06D1	13	7977
call	27	4509	00	20AC	13	7979
call	27	451B	00	06D1	13	7979
call	27	4527	00	0A65	13	7979
call	27	452E	00	06D1	780	7979
call	27	4535	00	044B	780	7979
call	27	453C	00	06D1	13	8038
call	27	4542	00	06D1	13	8038
call	27	454E	00	0A65	13	8038
call	27	455B	00	06D1	13	8038
call	27	4567	00	0A65	13	8038
call	27	4571	27	41BC	11	8038
call	27	4593	00	06D1	11	8038
call	27	459F	00	0A65	11	8038
call	27	45CD	00	06D1	2	24650
call	27	45D9	00	0A65	2	24650
call	27	45DE	00	06D1	696	8038
call	27	45E5	00	0464	696	8038
call	27	45F4	00	20A6	696	8039
call	27	45FA	00	06D1	696	8039
call	27	4601	00	06D1	696	8039
call	27	4617	00	20AC	13	8268
call	27	4625	00	0A65	13	8268
call	27	4633	00	06D1	13	8268
call	27	463B	00	06D1	13	8268
call	27	4657	00	06D1	1755	8269
call	27	465E	00	0464	1755	8269
call	27	466D	00	20A6	1755	8270
call	27	4673	00	06D1	1755	8270
call	27	4681	00	06D1	13	8404
call	27	4694	00	044B	1560	8419
call	27	4702	00	044B	1	119562
call	27	4705	00	06D1	1	119563
call	27	470B	00	06D1	1	119578
call	27	4714	00	06D1	1	119578
call	27	471A	00	06D1	1	119578
call	27	4724	00	06D1	1	119578
call	27	472A	00	06D1	1	119578
call	27	473E	00	06D1	1	119578
call	27	4758	00	044B	1	119561
call	27	475B	00	06D1	1	119562
call	27	4787	27	4B95	2	10678
call	27	4795	00	20E8	2	10698
call	27	47A7	00	06D1	2	10698
call	27	47AF	00	06D1	2	10698
call	27	47BF	00	06D1	2	10700
call	27	47CB	00	0A65	2	10700
call	27	47D8	00	06D1	2	10700
call	27	47E4	00	0A65	2	10700
call	27	485A	00	06D1	2	10700
call	27	4866	00	0A65	2	10700
call	27	4869	00	06D1	2	10700
call	27	4872	00	06D1	2	10700
call	27	4890	00	06D1	2	10700
call	27	4897	00	044B	2	10700
call	27	48A8	00	06D1	296	10700
call	27	48AF	00	0464	296	10700
call	27	48BE	00	20A6	296	10701
call	27	48C4	00	06D1	296	10701
call	27	48D0	00	06D1	296	10701
call	27	48EA	00	06D1	2	10848
call	27	48F0	00	06D1	2	10848
call	27	48F9	00	06D1	2	10848
call	27	4900	00	0464	2	10848
call	27	490F	00	20A6	2	10849
call	27	4915	00	06D1	2	10849
call	27	491B	00	06D1	2	10849
call	27	4934	00	20AC	2	10849
call	27	4942	00	0A65	2	10849
call	27	4950	00	06D1	2	10849
call	27	4958	00	06D1	2	10849
call	27	4974	00	06D1	238	10850
call	27	497B	00	0464	238	10850
call	27	498A	00	20A6	238	10851
call	27	4990	00	06D1	238	10851
call	27	499E	00	06D1	2	10969
call	27	4B97	00	06D1	18	7742
call	27	4B9D	00	06D1	18	7742
call	27	4BA3	00	06D1	18	7742
call	27	4BB8	00	06D1	18	7743
call	27	4BC9	00	06D1	18	7743
call	27	4BDB	00	06D1	18	7743
call	27	4BED	00	06D1	18	7743
call	27	4BFF	00	06D1	18	7743
call	27	4C11	00	06D1	18	7743
call	27	4C23	00	06D1	18	7743
call	27	4C35	00	06D1	18	7743
call	27	4C47	00	06D1	18	7743
call	27	4C59	00	06D1	18	7743
call	27	4C6B	00	06D1	18	7743
call	27	4C7C	00	06D1	18	7743
call	27	4C8D	00	06D1	18	7743
call	27	4C95	00	082C	18	7743
call	27	4CA7	00	06D1	16	7743
call	27	4CBA	00	06D1	2	10679
call	27	4CC2	00	06D1	18	7743
call	27	4CD2	00	06D1	18	7743
call	27	4CDE	00	0A65	18	7743
call	27	4CEB	00	06D1	18	7743
call	27	4CF7	00	0A65	18	7743
call	27	4CFB	00	06D1	18	7743
call	27	4D35	00	06D1	18	7744
call	27	4D41	00	0464	18	7744
call	27	4D44	00	06D1	18	7745
call	28	4000	00	06D1	18	36899
call	28	4006	28	404E	18	36899
call	28	400A	00	06D1	906	36940
call	28	4010	00	0464	906	36940
call	28	4013	00	06D1	906	36941
call	28	402A	00	20AC	18	36948
call	28	403A	00	06D1	18	36948
call	28	4040	00	0464	18	36948
call	28	4043	00	06D1	18	36949
call	28	404E	00	06D1	18	36899
call	28	4054	00	06D1	18	36899
call	28	4065	00	06D1	18	36899
call	28	4076	00	06D1	18	36899
call	28	4088	00	06D1	18	36899
call	28	409A	00	06D1	18	36900
call	28	40AB	00	06D1	18	36900
call	28	40B3	00	082C	18	36900
call	28	40C0	00	06D1	18	36901
call	28	40CC	00	0A65	18	36901
call	28	40D1	00	06D1	18	36901
call	28	40DE	00	06D1	18	36901
call	28	40E6	00	06D1	18	36903
call	28	40F4	00	06D1	18	36903
call	28	40FC	00	06D1	18	36905
call	28	410A	00	06D1	18	36905
call	28	4112	00	06D1	18	36908
call	28	4120	00	06D1	18	36908
call	28	4128	00	06D1	18	36910
call	28	4136	00	06D1	18	36910
call	28	413E	00	06D1	18	36912
call	28	414C	00	06D1	18	36912
call	28	4154	00	06D1	18	36914
call	28	4162	00	06D1	18	36914
call	28	416A	00	06D1	18	36917
call	28	4178	00	06D1	18	36917
call	28	417E	00	06D1	18	36919
call	28	4184	00	06D1	18	36923
call	28	418A	00	044B	18	36923
call	28	418D	00	06D1	18	36924
call	28	41AD	00	06D1	18	36940
call	28	41BF	00	20E8	18	36940
call	28	41E1	00	06D1	72	36901
call	28	41F9	00	06D1	72	36901
call	28	4203	28	428B	72	36901
call	28	420C	00	06D1	72	36901
call	28	4273	00	06D1	144	36901
call	28	4286	28	429F	3312	36902
call	28	4291	00	06D1	72	36901
call	28	42A9	00	06D1	3312	36902
call	29	4510	00	06D1	2	11027
call	29	4516	29	4608	2	11027
call	29	451B	00	06D1	14	11051
call	29	4521	00	0464	14	11051
call	29	4524	00	06D1	14	11052
call	29	453E	00	20AC	2	11056
call	29	45E2	00	06D1	2	11056
call	29	45E8	00	0464	2	11056
call	29	45EB	00	06D1	2	11057
call	29	4608	00	06D1	2	11027
call	29	460E	00	06D1	2	11027
call	29	4614	00	06D1	2	11027
call	29	461A	00	06D1	2	11029
call	29	4620	00	06D1	2	11033
call	29	463E	00	06D1	2	11033
call	29	4650	00	06D1	2	11033
call	29	4662	00	06D1	2	11033
call	29	4674	00	06D1	2	11033
call	29	4686	00	06D1	2	11033
call	29	46D8	00	06D1	2	11033
call	29	46E0	00	082C	2	11033
call	29	46E3	00	06D1	2	11033
call	29	46FE	29	4D21	2	11033
call	29	470D	00	20E8	2	11034
call	29	4715	00	06D1	2	11034
call	29	471B	00	0464	2	11034
call	29	471E	00	06D1	2	11035
call	29	473E	00	06D1	2	11051
call	29	4D48	00	06D1	2	11033
call	29	4D5D	00	06D1	2	11033
call	29	4D72	00	06D1	2	11033
call	29	4D78	29	4FF7	2	11033
call	29	500B	00	06D1	2	11033
call	2A	5498	00	044B	3	1952
call	2A	54B5	00	06D1	3	1953
call	2A	54BB	00	0464	3	1953
call	2A	54C4	00	06D1	3	1954
call	2A	54CA	00	06D1	3	1954
call	2A	54D1	2A	57BD	3	1957
call	2A	54E2	2A	577F	3	1990
call	2A	54E5	2A	577F	3	1990
call	2A	54E8	2A	577F	3	1990
call	2A	54EB	2A	577F	3	1990
call	2A	54EE	2A	577F	3	1990
call	2A	54F1	2A	577F	3	1990
call	2A	54F4	2A	577F	3	1990
call	2A	54F7	2A	577F	3	1990
call	2A	54FA	2A	590B	3	1990
call	2A	5505	00	06D1	203	1990
call	2A	550B	00	0464	203	1990
call	2A	550E	00	06D1	203	1991
call	2A	5515	2A	590B	203	1991
call	2A	5532	00	0A65	2	11276
call	2A	5537	2A	6148	2	11276
call	2A	5542	00	0A65	1	12085
call	2A	56A6	00	0A65	1	12085
call	2A	56B8	00	0A65	1	12085
call	2A	56BE	2A	62C5	1	12085
call	2A	56FE	00	20AC	2	2060
call	2A	5706	00	06D1	2	2060
call	2A	570C	00	0464	2	2060
call	2A	570F	00	06D1	2	2061
call	2A	571F	00	06D1	2	2076
call	2A	5725	00	06D1	2	2076
call	2A	572B	00	0464	2	2076
call	2A	573C	2A	576B	3	2040
call	2A	5777	00	20AC	3	2040
call	2A	578E	2A	5C5B	3	1990
call	2A	579B	2A	5C5B	27	1990
call	2A	57BD	00	06D1	3	1957
call	2A	57C3	00	06D1	3	1957
call	2A	57C9	00	06D1	3	1957
call	2A	57DB	00	06D1	3	1959
call	2A	57E1	00	0464	3	1960
call	2A	57F0	00	06D1	3	1960
call	2A	57F6	00	0464	3	1961
call	2A	5805	00	06D1	3	1961
call	2A	580B	00	0464	3	1962
call	2A	581A	00	06D1	3	1962
call	2A	5820	00	0464	3	1963
call	2A	582E	00	06D1	3	1963
call	2A	5834	00	0464	3	1963
call	2A	5842	00	06D1	3	1964
call	2A	5848	00	0464	3	1964
call	2A	5856	00	06D1	3	1965
call	2A	585C	00	0464	3	1965
call	2A	5869	00	06D1	3	1966
call	2A	5879	00	06D1	3	1966
call	2A	5889	00	06D1	3	1966
call	2A	5895	00	0A65	3	1966
call	2A	58A2	00	06D1	3	1966
call	2A	58AE	00	0A65	3	1966
call	2A	58B3	00	082C	3	1966
call	2A	58B9	2A	590B	3	1967
call	2A	58BC	2A	6257	3	1967
call	2A	58BF	00	0464	3	1973
call	2A	58C2	00	06D1	3	1973
call	2A	58C8	00	044B	3	1973
call	2A	58CB	00	06D1	3	1974
call	2A	58EB	00	06D1	3	1990
call	2A	58FC	00	20E8	3	1990
call	2A	594D	2A	5952	8	1967
call	2A	5968	00	06D1	39	1967
call	2A	5980	00	06D1	39	1967
call	2A	598A	2A	5A0F	39	1967
call	2A	5993	00	06D1	39	1967
call	2A	59F7	00	06D1	8	1967
call	2A	5A0A	2A	5A23	50	1967
call	2A	5A15	00	06D1	39	1967
call	2A	5A2D	00	06D1	50	1967
call	2A	5A51	00	06D1	27	1968
call	2A	5AA3	00	06D1	27	1968
call	2A	5AAC	2A	5AFB	27	1968
call	2A	5AE3	00	06D1	3	1969
call	2A	5AF6	2A	5B0F	3	1969
call	2A	5B01	00	06D1	27	1968
call	2A	5B19	00	06D1	3	1969
call	2A	5B3D	00	06D1	45	1969
call	2A	5B8F	00	06D1	45	1969
call	2A	5B98	2A	5BE7	45	1969
call	2A	5BCF	00	06D1	3	1971
call	2A	5BE2	2A	5BFB	3	1971
call	2A	5BED	00	06D1	45	1969
call	2A	5C05	00	06D1	3	1971
call	2A	5C27	2A	5C3B	8	1971
call	2A	5C32	2A	5C3B	8	1972
call	2A	5C5C	2A	5C8F	40	1990
call	2A	5CEC	00	20AC	21	11761
call	2A	5D03	00	20AC	5	11321
call	2A	5D16	00	06D1	5	11321
call	2A	5D1D	2A	590B	5	11321
call	2A	5D24	00	06D1	100	11321
call	2A	5D2A	00	0464	100	11321
call	2A	5D2D	00	06D1	100	11322
call	2A	5D3E	00	06D1	5	11341
call	2A	5D4E	00	06D1	5	11341
call	2A	5D56	2A	590B	5	11341
call	2A	5D59	00	06D1	5	11341
call	2A	5D67	2A	5C8F	5	11341
call	2A	5DB0	2A	5C5B	5	11341
call	2A	5DEC	2A	594B	5	11341
call	2A	5DEF	2A	5C13	5	11342
call	2A	5DFD	2A	5C5B	5	11344
call	2A	615F	00	06D1	2	11276
call	2A	617C	2A	590B	28	11282
call	2A	6181	00	06D1	28	11282
call	2A	618D	00	06D1	28	11282
call	2A	61B7	00	20AC	1	12069
call	2A	61BD	2A	62C5	1	12069
call	2A	61C0	00	06D1	1	12072
call	2A	6216	2A	5CD2	26	11321
call	2A	6299	2A	594B	3	1967
call	2A	62AB	2A	5A3B	3	1968
call	2A	62BD	2A	5B27	3	1969
call	2A	62C0	2A	5C13	3	1971
call	2A	62F7	00	06D1	2	12069
call	2B	4000	00	044B	28	36836
call	2B	401D	00	06D1	28	36837
call	2B	4023	00	0464	28	36837
call	2B	4027	2B	420C	28	36838
call	2B	402C	00	06D1	418	36876
call	2B	4032	00	0464	418	36876
call	2B	4035	00	06D1	418	36877
call	2B	403C	2B	43A5	418	36877
call	2B	4057	00	20AC	18	36884
call	2B	4069	00	06D1	18	36884
call	2B	406F	00	06D1	18	36884
call	2B	4075	00	06D1	18	36899
call	2B	41A6	00	20AC	10	37732
call	2B	41AE	00	06D1	10	37732
call	2B	41B4	00	06D1	10	37732
call	2B	420D	00	06D1	28	36838
call	2B	4213	00	06D1	28	36838
call	2B	4219	00	06D1	28	36838
call	2B	421F	00	06D1	28	36840
call	2B	4230	00	06D1	28	36840
call	2B	4242	00	06D1	28	36840
call	2B	4253	00	06D1	28	36841
call	2B	4265	00	06D1	28	36841
call	2B	4276	00	06D1	28	36842
call	2B	427E	00	082C	28	36842
call	2B	428B	00	06D1	28	36843
call	2B	4297	00	0A65	28	36843
call	2B	42A4	00	06D1	28	36843
call	2B	42B0	00	0A65	28	36843
call	2B	42BD	00	06D1	28	36843
call	2B	42C9	00	0A65	28	36843
call	2B	42D6	00	06D1	28	36843
call	2B	42E2	00	0A65	28	36843
call	2B	42FD	00	06D1	28	36843
call	2B	4309	00	0A65	28	36843
call	2B	430E	2B	478B	28	36843
call	2B	431B	2B	4421	28	36844
call	2B	4328	2B	45F9	28	36846
call	2B	4335	2B	4421	28	36847
call	2B	4342	2B	450D	28	36850
call	2B	434F	2B	4421	28	36852
call	2B	4352	2B	46E5	28	36854
call	2B	4355	00	06D1	28	36858
call	2B	435B	00	0464	28	36858
call	2B	435E	00	06D1	28	36859
call	2B	4364	00	044B	28	36859
call	2B	4367	00	06D1	28	36860
call	2B	4387	00	06D1	28	36876
call	2B	4399	00	20E8	28	36876
call	2B	43B1	00	0A65	418	36877
call	2B	43BE	00	06D1	418	36877
call	2B	43CA	00	0A65	418	36877
call	2B	4437	00	06D1	532	36844
call	2B	444F	00	06D1	56	36844
call	2B	4459	2B	44E1	56	36844
call	2B	4462	00	06D1	56	36844
call	2B	4489	00	06D1	476	36847
call	2B	4492	2B	44E1	476	36847
call	2B	44C9	00	06D1	84	36844
call	2B	44DC	2B	44F5	1176	36844
call	2B	44E7	00	06D1	532	36844
call	2B	44FF	00	06D1	1176	36844
call	2B	45B5	00	06D1	28	36850
call	2B	45C8	2B	45E1	700	36850
call	2B	45EB	00	06D1	700	36850
call	2B	460F	00	06D1	84	36846
call	2B	4627	00	06D1	84	36846
call	2B	4631	2B	46B9	84	36846
call	2B	463A	00	06D1	84	36846
call	2B	46A1	00	06D1	28	36846
call	2B	46B4	2B	46CD	308	36846
call	2B	46BF	00	06D1	84	36846
call	2B	46D7	00	06D1	308	36846
call	2B	46F9	2B	4723	28	36854
call	2B	4704	2B	4723	28	36855
call	2B	470F	2B	4723	28	36856
call	2B	471A	2B	4723	28	36857
call	2B	47A8	00	06D1	28	36843
call	2B	47C2	00	06D1	28	36843
call	2D	502A	2D	5054	22	10356
call	2D	5035	2D	5054	22	10357
call	2D	5040	2D	5054	22	10358
call	2D	504B	2D	5054	22	10359
call	2E	401A	00	06D1	2	10354
call	2E	4020	2E	4B2E	2	10354
call	2E	403F	2E	538B	2	10379
call	2E	404C	00	06D1	2	10381
call	2E	4058	00	0A65	2	10381
call	2E	405B	00	06D1	2	10381
call	2E	4061	00	06D1	2	10381
call	2E	4068	00	06D1	55	10381
call	2E	406F	00	0464	55	10381
call	2E	4072	00	06D1	55	10381
call	2E	4078	2E	55FA	55	10381
call	2E	4082	00	06D1	55	10382
call	2E	40A8	00	06D1	2	10410
call	2E	4115	00	06D1	9	10410
call	2E	411C	00	06D1	9	10410
call	2E	4129	00	06D1	225	10410
call	2E	4130	00	0464	225	10410
call	2E	4133	2E	55FA	225	10411
call	2E	4136	00	06D1	225	10411
call	2E	414D	00	06D1	225	10411
call	2E	42A0	00	06D1	4	10536
call	2E	42C1	00	06D1	4	10536
call	2E	42C8	00	06D1	4	10536
call	2E	42CF	00	0464	4	10536
call	2E	42D2	00	06D1	4	10537
call	2E	42D8	2E	55FA	4	10537
call	2E	42F9	2E	5184	4	10537
call	2E	42FE	00	06D1	4	10538
call	2E	4307	00	06D1	4	10538
call	2E	4311	00	06D1	91	10538
call	2E	4318	00	0464	91	10538
call	2E	431B	00	06D1	91	10538
call	2E	4321	2E	55FA	91	10538
call	2E	4333	00	06D1	90	10538
call	2E	435E	00	0A65	3	10566
call	2E	4362	00	06D1	3	10566
call	2E	4369	00	0464	3	10566
call	2E	43CB	2E	4DBF	3	10566
call	2E	43D0	2E	5005	3	10580
call	2E	43D3	2E	4EBD	3	10581
call	2E	43EE	2E	5184	3	10587
call	2E	43FA	00	06D1	3	10588
call	2E	441A	00	06D1	3	10588
call	2E	4421	00	06D1	3	10588
call	2E	4428	00	0464	3	10588
call	2E	442B	00	06D1	3	10588
call	2E	4431	2E	55FA	3	10588
call	2E	4442	00	06D1	3	10588
call	2E	444E	00	0A65	3	10588
call	2E	4453	2E	5498	3	10588
call	2E	445A	00	06D1	81	10590
call	2E	447A	2E	55FA	81	10590
call	2E	44CA	00	0464	81	10590
call	2E	44CD	00	06D1	81	10590
call	2E	44E6	00	20AC	2	122028
call	2E	452F	00	06D1	4	10616
call	2E	453B	00	0A65	4	10616
call	2E	4540	2E	5498	4	10616
call	2E	4554	00	06D1	3	122044
call	2E	4560	00	0A65	3	122044
call	2E	4565	2E	5498	3	122044
call	2E	4579	00	06D1	2	122028
call	2E	4585	00	0A65	2	122028
call	2E	458A	2E	5498	2	122028
call	2E	45A1	00	20AC	3	10618
call	2E	4682	00	0A65	2	10618
call	2E	4689	2E	533C	2	10618
call	2E	4697	00	06D1	2	10623
call	2E	46A0	00	082C	2	10623
call	2E	46AE	00	06D1	2	10624
call	2E	46BA	00	0A65	2	10624
call	2E	46BD	2E	5429	2	10624
call	2E	46EB	00	06D1	2	10625
call	2E	46F2	00	06D1	2	10625
call	2E	46F8	00	0464	29	10626
call	2E	46FC	00	06D1	29	10626
call	2E	4703	00	06D1	29	10626
call	2E	4709	2E	55FA	29	10626
call	2E	4718	00	06D1	28	10626
call	2E	473E	00	0A65	1	122061
call	2E	4745	2E	533C	1	122061
call	2E	4753	00	06D1	1	122068
call	2E	475C	00	082C	1	122068
call	2E	476A	00	06D1	1	122069
call	2E	4776	00	0A65	1	122069
call	2E	4779	2E	538B	1	122069
call	2E	4A49	2E	5498	2	10660
call	2E	4A51	00	0464	2	10662
call	2E	4A6E	00	06D1	2	10662
call	2E	4A74	00	06D1	2	10662
call	2E	4B2E	00	06D1	2	10354
call	2E	4B34	00	06D1	2	10354
call	2E	4B3A	00	06D1	2	10354
call	2E	4B40	00	06D1	2	10356
call	2E	4B46	00	06D1	2	10360
call	2E	4B5E	00	06D1	2	10361
call	2E	4B6F	00	06D1	2	10361
call	2E	4B81	00	06D1	2	10361
call	2E	4B93	00	06D1	2	10361
call	2E	4BA5	00	06D1	2	10361
call	2E	4BB7	00	06D1	2	10361
call	2E	4BC9	00	06D1	2	10361
call	2E	4BDB	00	06D1	2	10361
call	2E	4BEC	00	06D1	2	10361
call	2E	4BF4	00	082C	2	10361
call	2E	4C02	00	06D1	2	10361
call	2E	4C0A	00	082C	2	10361
call	2E	4C0D	00	06D1	2	10361
call	2E	4C13	2E	55FA	2	10361
call	2E	4C21	00	20E8	2	10362
call	2E	4C28	00	06D1	2	10362
call	2E	4C2E	00	0464	2	10362
call	2E	4C31	00	06D1	2	10362
call	2E	4C51	00	06D1	2	10379
call	2E	4DC5	2E	533C	3	10566
call	2E	4DE4	2E	4FBD	2	10576
call	2E	4DF2	00	06D1	2	10578
call	2E	4DF8	2E	561C	2	10578
call	2E	4DFE	00	082C	2	10579
call	2E	4E02	2E	4EB1	2	10580
call	2E	4E1B	2E	4FBD	1	122112
call	2E	4E29	00	06D1	1	122114
call	2E	4E2F	2E	561C	1	122114
call	2E	4E35	00	082C	1	122115
call	2E	4E39	2E	4EB1	1	122116
call	2E	4ECE	00	06D1	3	10581
call	2E	4EE5	00	06D1	3	10582
call	2E	4EFC	00	06D1	3	10583
call	2E	4F02	2E	4FBD	3	10585
call	2E	4F15	00	06D1	65	10581
call	2E	4F38	00	06D1	45	10581
call	2E	4F42	2E	4FA9	45	10581
call	2E	4F4B	00	06D1	45	10581
call	2E	4F6E	00	06D1	20	10584
call	2E	4F77	2E	4FA9	20	10584
call	2E	4F90	00	06D1	9	10582
call	2E	4FAF	00	06D1	65	10581
call	2E	4FD1	2E	4FE5	6	10576
call	2E	4FDC	2E	4FE5	6	10577
call	2E	518F	00	06D1	7	10537
call	2E	5202	00	06D1	7	10537
call	2E	525F	00	06D1	7	10537
call	2E	52A5	00	06D1	7	10537
call	2E	5336	00	082C	7	10537
call	2E	5360	00	06D1	6	10568
call	2E	536E	00	06D1	6	10569
call	2E	537C	00	06D1	6	10570
call	2E	539C	00	06D1	3	10379
call	2E	53A2	2E	5478	3	10380
call	2E	543A	00	06D1	2	10624
call	2E	5440	2E	5478	2	10624
call	2E	548C	00	06D1	5	10380
call	2E	54B5	00	06D1	14	10588
call	2E	568C	00	06D1	16	10361
call	2E	56AD	00	06D1	16	10361
call	2E	56C8	00	082C	16	10361
call	48	404E	00	1620	6371	725
call	48	4057	00	1620	5894	725
call	48	406F	00	06D1	5894	725
call	48	40D6	00	1620	4396	7263
call	48	40E4	00	1620	3938	7263
call	48	4114	00	06D1	3938	7263
call	48	4188	00	0BFC	750	548
call	48	41A1	00	1620	11907	548
call	48	41AF	00	1620	11157	548
call	48	41CF	00	06D1	11157	548
call	48	4292	00	06D1	1	48286
call	48	4298	00	0392	1	48287
call	48	42AB	00	06D1	1	48287
call	48	42D5	00	1620	375	546
call	48	42F2	00	1620	375	546
call	48	42FA	00	1620	375	546
call	48	430A	00	1620	2514	546
call	48	4311	00	1620	2139	546
call	48	432D	00	1620	375	546
call	48	4335	00	1620	375	546
call	48	4344	00	1620	9393	546
call	48	434B	00	1620	9018	546
call	48	4377	48	4460	375	546
call	48	43A3	00	06D1	375	548
call	48	43C5	00	06D1	375	548
call	48	43CF	48	440A	375	548
call	48	43D6	00	0392	375	548
call	48	43E5	00	06D1	375	548
call	48	43EB	00	0392	375	549
call	48	43FA	00	06D1	375	549
call	48	4474	00	04D8	677	546
call	48	4477	00	0392	677	546
call	48	4486	00	06D1	677	546
call	48	448C	00	0392	677	547
call	48	449B	00	06D1	677	547
call	48	44F8	00	050C	63	14272
call	48	4504	00	050C	63	14272
call	48	4511	48	459D	63	14272
call	48	4514	00	06D1	63	14272
call	48	451A	00	05B6	63	14273
call	48	451D	00	047A	562	14273
call	48	4523	00	06D1	562	14274
call	48	452A	00	0392	562	14274
call	48	452D	00	06D1	562	14274
call	48	4558	00	050C	8	27134
call	48	4564	00	050C	8	27134
call	48	4571	48	459D	8	27134
call	48	4574	00	06D1	8	27134
call	48	457A	00	047A	64	27134
call	48	4580	00	06D1	64	27135
call	48	4587	00	0392	64	27135
call	48	458A	00	06D1	64	27135
call	48	4655	48	495C	391	520
call	48	46B6	00	06D1	1088	528
call	48	46E1	00	050C	256	560
call	48	46EE	00	06D1	256	560
call	48	46F4	00	06D1	256	560
call	48	46FA	00	047A	6144	561
call	48	4700	00	06D1	6144	562
call	48	4707	00	0392	6144	562
call	48	470A	48	4223	6144	562
call	48	4715	00	06D1	1536	565
call	48	472E	00	06D1	39	7266
call	48	4737	00	06D1	39	7266
call	48	47D1	00	0622	27321	548
call	48	47E9	00	0622	27321	548
call	48	4899	48	48E1	32	326
call	48	48A1	00	1620	32	326
call	48	48AA	00	1620	32	326
call	48	48EF	00	1620	6768	326
call	48	4909	00	1620	23688	326
call	48	495C	48	48E1	391	520
call	48	498C	00	06D1	15	14240
call	48	4999	00	1620	15	14240
call	48	49AB	00	06D1	7	14240
call	48	49B8	00	06D1	4	137393
call	48	49C8	00	1620	6	104515
call	48	49D2	00	06D1	6	104515
call	48	49DB	00	06D1	36	591
call	48	49E8	00	1620	36	591
call	48	4A3B	00	1620	36	591
call	48	4A45	00	06D1	36	591
call	48	4A4E	00	06D1	49	520
call	48	4A5B	00	1620	49	520
call	48	4A79	00	1620	49	520
call	48	4A83	00	06D1	49	520
call	4C	4003	00	06D1	13	3880
call	4C	400D	00	0545	13	3880
call	4C	4065	00	06D1	1	106837
call	4C	40E4	00	06D1	1	106837
call	4C	40F8	00	06D1	1	106854
call	4C	40FE	00	06D1	1	106996
call	4C	4104	00	06D1	1	106996
call	4C	4126	00	06D1	1	106996
call	4C	4138	00	06D1	1	141197
call	4C	413E	00	06D1	197	141197
call	4C	414E	00	06D1	196	141197
call	4C	4159	00	06D1	106	141393
call	4C	4171	00	06D1	1	141516
call	4C	4268	00	06D1	9	4237
call	4C	42A0	00	050C	13	3880
call	4C	42E1	00	06D1	13	3880
call	4C	42E7	00	06D1	13	3896
call	4C	42F0	00	0545	13	3896
call	4C	42FC	00	06D1	4	104662
call	4C	4320	00	06D1	9	3896
call	4C	4332	00	06D1	2	106148
call	4C	433A	00	06D1	2	106148
call	4C	4359	00	06D1	2	106178
call	4C	435F	00	06D1	414	106178
call	4C	436F	00	06D1	413	106178
call	4C	439E	00	06D1	1	106444
call	4C	43A4	00	06D1	29	106444
call	4C	43B4	00	06D1	28	106444
call	4C	43CD	00	0392	1	106472
call	4C	43DF	00	050C	1	106472
call	4C	43EB	00	050C	1	106472
call	4C	43EE	00	0392	1	106472
call	4C	4467	00	0392	1	106472
call	4C	4479	00	0622	1	106472
call	4C	447D	00	04D8	1	106472
call	4C	4480	00	0392	1	106473
call	4C	4483	4C	46A6	1	106473
call	4C	44AD	00	06D1	1	106473
call	4C	44BA	00	06D1	366	106473
call	4C	44CA	00	06D1	365	106473
call	4C	46A6	00	0392	1	106473
call	4C	46BD	00	0545	3	106148
call	4C	46C6	00	06D1	3	106148
call	4C	46DB	00	0545	1337	106148
call	4C	46E4	00	06D1	1337	106148
call	4C	47C6	00	06D1	1	106996
call	4C	47CE	00	06D1	1	106996
call	4C	47D4	00	06D1	1	107027
call	4C	47DA	00	06D1	121	107027
call	4C	47E9	00	06D1	120	107027
call	4C	4813	00	06D1	106	107147
call	4C	482C	00	06D1	1	107271
call	4C	4B6F	00	04D8	13	3880
call	4C	4B78	00	0392	13	3880
call	4C	4C4E	00	0392	13	3877
call	4C	4C74	00	04D8	13	3877
call	4C	4C77	00	0392	13	3878
call	4C	4C88	00	04D8	13	3878
call	4C	4C91	00	0392	13	3880
call	4E	46C6	00	06D1	16	3875
call	4E	46E6	4E	4739	58	326
call	4E	46FE	4E	4739	58	326
call	4E	4707	4E	4739	58	327
call	4E	4739	00	0392	324	22
call	4E	47AC	4E	4739	50	22
call	4E	47C8	4E	4739	50	22
call	4E	47D1	4E	4739	50	22
call	4E	48BC	00	06D1	9	3877
call	4E	48D3	00	06D1	4	104644
call	4E	48EF	00	06D1	4	104644
call	4E	48FB	00	06D1	4	104644
call	4E	4962	00	06D1	13	3877
call	4E	4968	00	06D1	13	3880
call	4E	4983	00	06D1	13	3880
call	4E	4990	00	0545	11	4237
call	4E	4FF6	00	06D1	1	106996
call	4E	5003	00	06D1	1	107271
call	4E	5009	00	06D1	11	4237
call	4F	4008	00	06BC	2442	26
call	4F	4012	4F	4021	55	14265
call	4F	401D	4F	4021	55	14265
call	4F	404F	4F	405E	24447	29
call	4F	405A	4F	405E	24447	29
call	4F	40DA	4F	4146	1032915	27
call	4F	40E9	4F	4146	1032915	27
call	4F	4108	4F	4146	1032915	27
call	4F	414B	4F	4153	1650260	27
call	4F	4191	00	0545	2274	27
call	4F	4230	00	0545	19691	27
call	4F	427C	00	0392	19691	27
call	4F	427F	4F	4083	1258133	27
call	4F	4284	00	0392	1258130	27
call	4F	42CA	00	050C	1091	27
call	4F	42D7	4F	4166	1091	27
call	4F	42DA	4F	41E0	1091	27
call	4F	42DD	00	05B6	1091	28
call	4F	42E0	00	047A	9806	28
call	4F	42E6	00	06D1	9805	29
call	4F	42ED	00	0392	9805	29
call	4F	42F0	4F	41E0	9805	29
call	4F	4315	00	050C	32	331
call	4F	4322	4F	4166	32	331
call	4F	4325	4F	41E0	32	331
call	4F	4328	00	05B6	32	332
call	4F	432B	00	047A	544	332
call	4F	4331	00	06D1	544	333
call	4F	4338	00	0392	544	333
call	4F	433B	4F	41E0	544	333
call	4F	4386	00	050C	893	308
call	4F	4393	4F	4166	893	308
call	4F	4396	4F	41E0	893	308
call	4F	4399	00	047A	7144	309
call	4F	439F	00	06D1	7142	310
call	4F	43A6	00	0392	7142	310
call	4F	43A9	4F	41E0	7142	310
call	4F	43CE	00	050C	2	123533
call	4F	43DB	4F	4166	2	123533
call	4F	43DE	4F	41E0	2	123533
call	4F	43E1	00	047A	32	123534
call	4F	43E7	00	06D1	32	123535
call	4F	43EE	00	0392	32	123535
call	4F	43F1	4F	41E0	32	123535
call	4F	4583	00	0392	4944	2960
call	4F	45B1	00	0787	4944	2960
call	4F	45D3	00	0392	3070	749
call	4F	4632	00	0392	4944	2942
call	4F	4668	00	06D1	15	14239
call	4F	4677	00	06D1	15	14240
call	4F	4680	00	06D1	11	104515
call	4F	468F	00	06D1	11	104516
call	4F	4695	00	0545	11	104643
call	4F	46A5	00	06D1	4	104643
call	4F	46B1	00	06D1	4	104644
call	4F	46BA	00	06D1	3	169884
call	4F	46D3	00	06D1	3	169885
call	4F	46DC	00	06D1	2	173165
call	4F	46E2	00	06D1	2	173180
call	4F	46E8	00	06D1	2	173180
call	4F	4735	00	04D8	32	8
call	4F	473F	00	04D8	32	8
call	4F	474D	00	04D8	32	8
call	4F	475E	00	04D8	192	10
call	4F	4771	00	04D8	32	14
call	4F	4780	00	0684	32	16
call	4F	4783	00	04A0	32	16
call	4F	4786	00	059F	32	16
call	4F	478D	00	06D1	32	16
call	4F	4793	00	0331	32	16
call	4F	47A9	00	0331	32	17
call	4F	47AC	00	0392	32	17
call	4F	47B6	00	04D8	32	17
call	4F	47C0	00	04D8	32	17
call	4F	47C3	00	0392	32	17
call	4F	47C8	00	0684	32	17
call	4F	47CB	00	04A0	32	17
call	4F	47CE	00	059F	32	17
call	4F	47E8	00	04D8	192	17
call	4F	47EB	00	0392	192	18
call	4F	47F6	00	06D1	32	22
call	51	4000	51	404A	1	107271
call	51	4003	51	425F	1	107491
call	51	404A	00	05BD	17	8539
call	51	4060	00	06D1	17	8540
call	51	4066	00	05B6	17	8540
call	51	4069	51	4239	17	8540
call	51	4083	00	06D1	3	10985
call	51	4095	00	06D1	3	10986
call	51	40A6	00	06D1	3	10987
call	51	40B7	00	06D1	3	10987
call	51	412E	51	41D8	3	10987
call	51	4134	51	41D8	3	10987
call	51	4138	51	41FE	3	10987
call	51	4155	51	41D8	3	10987
call	51	4159	51	41FE	3	10987
call	51	415E	00	07CB	3	10987
call	51	4161	00	06D1	3	10988
call	51	4167	00	06D1	3	10988
call	51	417E	00	20E8	3	11004
call	51	4199	00	06D1	202	11004
call	51	419F	00	044B	202	11004
call	51	41A2	00	06D1	202	11005
call	51	41A8	00	06D1	202	11005
call	51	41AE	00	056A	202	11005
call	51	41C7	00	06D1	3	11012
call	51	41CD	00	06D1	3	11027
call	54	4013	00	06D1	2	119562
call	54	4056	00	06D1	18	7761
call	54	408B	00	06D1	9	7909
call	54	4099	00	06D1	3	10225
call	54	4106	00	06D1	3	10226
call	54	410F	00	06D1	3	10226
call	54	4118	00	06D1	3	10226
call	54	4121	00	06D1	3	10226
call	54	412C	00	06D1	3	10226
call	54	414D	00	06D1	3	10225
call	54	4185	00	06D1	3	10225
call	54	419C	00	06D1	4	10700
call	54	41B1	54	4011	1	119578
call	54	41B9	00	06D1	3	10848
call	54	4253	00	06D1	4	8038
call	54	427C	00	06D1	17	8268
call	54	42B3	54	42E4	1	106473
call	54	42C8	00	06D1	1	106473
call	54	42D1	00	06D1	1	106473
call	54	42DD	00	06D1	1	106473
call	54	436D	00	06D1	1	106837
call	54	485C	54	4000	2	10381
call	54	4873	00	06D1	2	10381
call	54	487C	00	06D1	2	10381
call	54	488E	00	06D1	2	10381
call	54	489B	54	44AC	55	10382
call	54	489E	00	06D1	55	10382
call	54	48FE	00	06D1	2	10404
call	54	4916	54	4000	13	10410
call	54	4962	00	06D1	13	10410
call	54	4969	54	44AC	315	10411
call	54	49A2	54	511D	12	10435
call	54	4A3B	00	06D1	3	10564
call	54	4A4A	00	06D1	3	10564
call	54	4A5B	00	06D1	3	10564
call	54	4A73	00	06D1	3	10565
call	54	4A7F	54	4FD2	3	10565
call	54	4A87	54	4C47	3	10565
call	54	4A9A	00	06D1	3	10565
call	54	4AB0	54	4C47	1	122106
call	54	4AEC	00	06D1	3	10565
call	54	4B02	00	06D1	3	10565
call	54	4B0B	54	5168	3	10565
call	54	4B17	00	06D1	3	10565
call	54	4B2D	00	06D1	3	10565
call	54	4B4F	00	06D1	3	10566
call	54	4B7E	00	06D1	3	10566
call	54	4B8A	00	06D1	3	10566
call	54	4B96	00	06D1	3	10566
call	54	4BAF	00	06D1	3	10566
call	54	4BF5	00	06D1	3	10486
call	54	4C0B	00	06D1	3	10486
call	54	4CA6	00	06D1	1	122106
call	54	5002	54	50FC	1	121988
call	54	5016	54	50FC	1	121988
call	54	5061	54	50FC	2	10565
call	54	507E	54	50FC	2	10565
call	54	50E9	00	06D1	7	121988
call	54	510F	00	06D1	1	121988
call	54	512A	00	06D1	12	10435
call	54	5146	00	06D1	12	10435
call	54	515F	00	06D1	12	10435
call	54	517C	54	521F	3	10565
call	54	517F	54	5231	3	10565
call	54	5194	54	522A	3	10565
call	54	51CB	54	521F	3	10565
call	54	51CE	54	5231	3	10565
call	54	51FB	54	521F	3	10565
call	54	520B	54	521F	3	10565
call	54	521B	54	5240	3	10565
call	54	5243	54	522A	3	10565
call	54	5389	00	06D1	2	10625
call	54	5398	54	4000	2	10626
call	54	53B4	00	06D1	2	10626
call	54	53BE	00	06D1	28	10626
call	54	53CC	54	44AC	28	10626
call	55	5BAA	55	7007	176	4064
call	55	5BB1	00	06D1	176	4064
call	55	5C00	00	06D1	176	4064
call	55	5C11	00	06D1	176	4065
call	55	5C1A	55	6ED6	176	4065
call	55	5C2C	00	06D1	45	11277
call	55	5C3F	00	047A	45	11277
call	55	5C45	00	06D1	45	11278
call	55	5C4C	00	0392	45	11278
call	55	5C61	55	63E7	131	4065
call	55	5C64	00	047A	131	4067
call	55	5C6E	00	0392	131	4068
call	55	5C73	55	66C6	176	4068
call	55	5C80	00	06D1	176	4072
call	55	5C8B	55	617B	176	4072
call	55	5CBF	55	6EAA	130	4088
call	55	5CDD	55	6318	45	11282
call	55	5CE3	55	6EC0	1754	4088
call	55	5CFF	55	5F35	55	22592
call	55	5D02	55	6190	55	22592
call	55	5D0A	55	5F35	1754	4088
call	55	5D0D	55	6190	1754	4088
call	55	5D3D	55	7000	428	16611
call	55	5D46	55	6FCD	340	16611
call	55	5D49	55	6C16	66050	4088
call	55	5D4C	00	06D1	66050	4089
call	55	5D52	00	06D1	66050	4089
call	55	5D5B	55	6F2E	66050	4089
call	55	5D61	00	044B	64575	4089
call	55	5D66	00	0464	1475	11295
call	55	5D70	00	06D1	17923	16612
call	55	5DA2	55	5F66	347	11365
call	55	5DA5	55	6190	347	11365
call	55	5DAD	55	5F66	416	11453
call	55	5DB0	55	6190	416	11453
call	55	5DB8	55	5F66	459	11497
call	55	5DBB	55	6190	459	11497
call	55	5DC3	55	5F66	485	12025
call	55	5DC6	55	6190	485	12025
call	55	5DDC	55	5F35	260	11849
call	55	5DDF	55	6190	260	11849
call	55	5DEC	00	20AC	260	11849
call	55	5E10	55	6E94	109	52865
call	55	5E4C	55	6427	4	183693
call	55	5ECA	00	20AC	113	16649
call	55	5ED6	55	6F02	226	12069
call	55	5EDD	55	6427	14	17749
call	55	5EF8	55	6F18	28	16789
call	55	5EFF	55	6427	6	16789
call	55	5F62	55	6C10	3776	4088
call	55	5F71	00	20AC	1707	11365
call	55	5F86	00	0BE8	1707	11365
call	55	5FE2	55	615F	12	63657
call	55	5FE5	55	6041	12	63657
call	55	5FEC	55	616D	12	63657
call	55	600E	55	615F	55	20269
call	55	6011	55	6041	55	20269
call	55	6018	55	616D	55	20269
call	55	6029	55	6068	67	20269
call	55	6031	55	6149	1640	11365
call	55	6034	55	6068	1640	11365
call	55	603D	55	5F35	1707	11365
call	55	609C	55	60DA	35	60093
call	55	60AD	55	60DA	8	63645
call	55	60B6	55	60D3	65	16969
call	55	60C7	55	60D3	48	12025
call	55	60FE	55	613D	74	16689
call	55	610F	55	613D	98	21917
call	55	6128	55	6143	96	11893
call	55	6139	55	6143	108	17669
call	55	6174	00	0BE8	67	20269
call	55	6190	55	6149	3776	4088
call	55	61B6	00	06D1	2932	4088
call	55	61CA	00	06D1	844	11849
call	55	6259	00	06D1	761	11849
call	55	626B	00	06D1	83	16689
call	55	629C	00	09E6	2932	4088
call	55	6318	00	047A	45	11282
call	55	6322	00	0392	45	11283
call	55	632F	00	20AC	45	11283
call	55	6335	55	640E	45	11283
call	55	6360	00	06D1	2	11283
call	55	636D	00	06D1	559	16598
call	55	6376	55	6F2E	559	16598
call	55	637C	00	044B	559	16598
call	55	63C1	00	0464	22	11283
call	55	63C5	00	06D1	22	11284
call	55	63E3	55	6BB2	45	11294
call	55	63EA	55	6F2E	131	4065
call	55	63F0	00	044B	131	4065
call	55	63F8	55	640E	131	4066
call	55	63FD	00	047A	131	4066
call	55	6407	00	0392	131	4067
call	55	640A	55	6BB2	131	4067
call	55	642A	00	09E6	38	12072
call	55	6430	00	09E6	38	12072
call	55	6436	00	09E6	38	12072
call	55	643C	00	09E6	38	12072
call	55	643F	00	06D1	38	12072
call	55	6448	55	6F2E	38	12073
call	55	644E	00	044B	37	16789
call	55	6453	00	0464	1	12073
call	55	6465	00	20AC	38	12073
call	55	6490	00	06D1	1	12073
call	55	649D	00	06D1	481	16790
call	55	64A6	55	6F2E	481	16790
call	55	64AC	00	044B	481	16790
call	55	64F1	00	0464	11	12073
call	55	64F5	00	06D1	11	12074
call	55	650E	00	047A	38	12084
call	55	6518	00	0392	38	12085
call	55	651F	00	09E6	186	4055
call	55	6525	00	09E6	186	4055
call	55	652B	00	09E6	186	4055
call	55	6531	00	09E6	186	4055
call	55	6534	00	06D1	186	4055
call	55	653D	55	6F2E	186	4055
call	55	6543	00	044B	186	4055
call	55	654B	00	047A	186	4056
call	55	6555	00	0392	186	4057
call	55	655A	55	6427	14	12072
call	55	6761	00	06D1	131	4068
call	55	6773	00	06D1	131	4069
call	55	6784	00	06D1	131	4070
call	55	6795	00	06D1	131	4070
call	55	679B	55	6B51	131	4070
call	55	67AB	00	06D1	43	16590
call	55	67BD	00	06D1	43	16591
call	55	67CF	00	06D1	43	16592
call	55	67E0	00	06D1	43	16593
call	55	67F1	00	06D1	43	16593
call	55	6804	00	047A	43	16593
call	55	680A	00	06D1	43	16594
call	55	6811	00	0392	43	16594
call	55	682A	00	047A	43	16594
call	55	6830	00	06D1	43	16595
call	55	6837	00	0392	43	16595
call	55	684E	00	06D1	43	16595
call	55	6854	55	6B51	43	16595
call	55	6990	00	06D1	2	11278
call	55	69A2	00	06D1	2	11279
call	55	69B4	00	06D1	2	11280
call	55	6A74	00	06D1	2	11281
call	55	6A7A	55	6AF0	2	11281
call	55	6B12	55	6F2E	2	11281
call	55	6B21	00	06D1	2	11281
call	55	6B32	55	6F2E	2	11282
call	55	6B41	00	06D1	2	11282
call	55	6B73	55	6F2E	174	4070
call	55	6B7A	00	06D1	174	4070
call	55	6B93	55	6F2E	174	4071
call	55	6B9A	00	06D1	174	4071
call	55	6BB5	55	6E94	176	4067
call	55	6BC7	00	06D1	2	11294
call	55	6BD3	00	0A65	2	11294
call	55	6C2A	55	6CC6	2897	4088
call	55	6C59	00	06D1	3721	4088
call	55	6C83	00	06D1	3721	4088
call	55	6CA3	55	6F2E	3721	4088
call	55	6CAA	00	06D1	3684	4088
call	55	6CB2	00	06D1	37	11294
call	55	6FD7	00	06D1	1265	4072
call	55	6FF0	00	0A65	1265	4072
call	55	7003	00	09E6	619	16611
call	57	4009	00	04D8	49	7259
call	57	400C	00	06D1	49	7259
call	57	4023	00	1620	49	7259
call	57	403E	00	06D1	99	7259
call	57	4049	57	47A6	168	7259
call	57	404C	57	44E4	167	7284
call	57	4059	00	20E8	167	7284
call	57	405F	57	40E0	6447	7284
call	57	4068	57	45E6	160	7448
call	57	406B	00	06D1	160	7463
call	57	408D	00	06D1	23	7463
call	57	4096	00	06D1	18	7727
call	57	40AB	00	1620	18	7742
call	57	40B2	00	1620	18	7742
call	57	40B7	00	1620	18	7742
call	57	40C9	00	06D1	116	7742
call	57	40D7	00	06D1	18	7742
call	57	40E8	00	06D1	6019	7284
call	57	40EE	00	044B	6019	7284
call	57	40F1	00	06D1	6018	7285
call	57	40F7	00	06D1	6018	7285
call	57	41E0	57	546C	42	7624
call	57	41EF	00	1620	38	7624
call	57	4200	57	546C	19	7448
call	57	421F	00	06D1	41	16268
call	57	422F	00	20AC	41	16268
call	57	4245	57	546C	40	16588
call	57	4250	57	546C	12	16208
call	57	425E	00	1620	12	16208
call	57	426B	00	06D1	428	16597
call	57	4271	57	5369	428	16597
call	57	4274	00	06D1	428	16597
call	57	42AA	00	20AC	198	16749
call	57	42BA	00	06D1	198	16749
call	57	42C8	00	0A45	198	16749
call	57	42CB	57	527D	198	16749
call	57	42CE	57	510F	198	16749
call	57	42D6	00	1620	198	16751
call	57	42E8	00	06D1	198	16751
call	57	4308	57	5444	198	16751
call	57	4317	00	20AC	104	21741
call	57	4325	57	5369	4	183708
call	57	434F	00	20AC	83	16869
call	57	4355	57	510F	83	16869
call	57	4369	00	06D1	83	16871
call	57	4377	00	0A45	83	16871
call	57	437A	57	527D	83	16871
call	57	438E	57	510F	13	17169
call	57	439F	00	06D1	13	17171
call	57	43AD	00	0A45	13	17171
call	57	43B0	57	527D	13	17171
call	57	43B3	00	06D1	13	17171
call	57	43D2	57	546C	1	206489
call	57	43E4	57	546C	3	183956
call	57	4409	00	06D1	3	183824
call	57	4419	00	20AC	3	183824
call	57	442F	57	546C	1	206544
call	57	4455	57	546C	3	7712
call	57	4497	57	546C	1	16108
call	57	4513	57	510F	53	16152
call	57	4558	00	0A45	43	16588
call	57	455F	00	06D1	43	16588
call	57	4570	00	06D1	4	183724
call	57	457C	00	0A65	4	183724
call	57	4589	00	20AC	4	183724
call	57	4596	57	541C	1	206531
call	57	459F	00	1620	4	7667
call	57	45AE	00	1620	16	7667
call	57	45B8	57	510F	4	7667
call	57	45C6	00	06D1	1	16101
call	57	45D2	00	0A65	1	16101
call	57	45DF	00	20AC	1	16101
call	57	466E	00	06D1	21	9780
call	57	467A	00	0A65	21	9795
call	57	467E	00	06D1	1	25260
call	57	468A	00	0A65	1	25275
call	57	4694	00	06D1	31	7448
call	57	46A0	00	0A65	31	7463
call	57	46A4	00	06D1	8	16308
call	57	46B0	00	0A65	8	16323
call	57	46C1	00	0A65	12	16208
call	57	46CC	00	0A45	12	16208
call	57	46D5	00	0A65	12	16208
call	57	46D8	00	06D1	12	16208
call	57	46E0	00	06D1	37	16804
call	57	4714	00	0A65	18	17766
call	57	471F	00	0A45	18	17766
call	57	4728	00	0A65	18	17766
call	57	4731	00	06D1	14	17766
call	57	473E	00	0A65	4	183956
call	57	4747	00	06D1	1	206489
call	57	4756	00	06D1	1	206544
call	57	4777	00	06D1	3	7712
call	57	4784	00	0A65	1	16108
call	57	4798	00	06D1	1	16108
call	57	479E	00	06D1	1	16108
call	57	47DD	00	06D1	61	7259
call	57	47EF	00	06D1	61	7260
call	57	4800	00	06D1	61	7261
call	57	4811	00	06D1	61	7261
call	57	4821	00	06D1	61	7261
call	57	482D	00	0A65	61	7261
call	57	483B	00	06D1	61	7261
call	57	484C	00	06D1	61	7261
call	57	4866	00	04D8	61	7261
call	57	4875	00	06D1	61	7261
call	57	4887	00	06D1	61	7262
call	57	48AA	00	04D8	61	7263
call	57	48BC	00	06D1	61	7263
call	57	48CE	00	06D1	61	7264
call	57	48E0	00	06D1	61	7265
call	57	490B	00	06D1	22	9759
call	57	4929	00	1620	39	7266
call	57	492C	00	06D1	39	7266
call	57	496A	00	06D1	37	16123
call	57	497C	00	06D1	37	16124
call	57	498E	00	06D1	37	16125
call	57	49A0	00	06D1	37	16126
call	57	49A6	57	5444	37	16127
call	57	49B4	00	06D1	37	16128
call	57	49BA	57	510F	37	16128
call	57	49C8	00	06D1	37	16130
call	57	49E2	00	04D8	37	16130
call	57	49F1	00	06D1	37	16130
call	57	4A03	00	06D1	37	16131
call	57	4A26	00	04D8	37	16132
call	57	4A38	00	06D1	37	16132
call	57	4A4A	00	06D1	37	16132
call	57	4A5C	00	06D1	37	16133
call	57	4A87	00	06D1	37	16134
call	57	4A97	00	06D1	37	16134
call	57	4A9D	57	527D	37	16134
call	57	4AAD	00	06D1	59	16588
call	57	4ABD	00	06D1	59	16588
call	57	4AC3	57	527D	59	16588
call	57	4BFE	00	06D1	4	183710
call	57	4C0F	00	06D1	4	183710
call	57	4C1C	00	047A	4	183710
call	57	4C22	00	06D1	4	183711
call	57	4C29	00	0392	4	183711
call	57	4C37	00	06D1	4	183711
call	57	4C51	00	04D8	4	183711
call	57	4C60	00	06D1	4	183711
call	57	4C72	00	06D1	4	183712
call	57	4C95	00	04D8	4	183713
call	57	4CA7	00	06D1	4	183713
call	57	4CB9	00	06D1	4	183714
call	57	4CCB	00	06D1	4	183715
call	57	4CE4	57	53C6	4	183716
call	57	4CF1	57	53C6	4	183717
call	57	4CFE	57	53C6	4	183718
call	57	4D0D	00	06D1	4	183719
call	57	4D1F	00	06D1	4	183720
call	57	4D4C	00	06D1	1	206504
call	57	4D5E	00	06D1	1	206505
call	57	4D6F	00	06D1	1	206506
call	57	4D75	57	510F	1	206506
call	57	4D83	00	06D1	1	206508
call	57	4D94	00	06D1	1	206508
call	57	4DAE	00	04D8	1	206508
call	57	4DBD	00	06D1	1	206508
call	57	4DCF	00	06D1	1	206509
call	57	4DF2	00	04D8	1	206510
call	57	4E04	00	06D1	1	206510
call	57	4E16	00	06D1	1	206511
call	57	4E28	00	06D1	1	206512
call	57	4E58	00	06D1	5	7639
call	57	4E6A	00	06D1	5	7640
call	57	4E7C	00	06D1	5	7641
call	57	4E8D	00	06D1	5	7642
call	57	4E93	57	510F	5	7642
call	57	4EA1	00	06D1	5	7644
call	57	4EBB	00	04D8	5	7644
call	57	4ECA	00	06D1	5	7644
call	57	4EDC	00	06D1	5	7645
call	57	4EFF	00	04D8	5	7646
call	57	4F11	00	06D1	5	7646
call	57	4F23	00	06D1	5	7647
call	57	4F35	00	06D1	4	7648
call	57	4F64	00	06D1	1	16088
call	57	4F75	00	06D1	1	16088
call	57	4F86	00	06D1	1	16088
call	57	4FA0	00	04D8	1	16088
call	57	4FAF	00	06D1	1	16088
call	57	4FC1	00	06D1	1	16089
call	57	4FE4	00	04D8	1	16090
call	57	4FF6	00	06D1	1	16090
call	57	5008	00	06D1	1	16091
call	57	501A	00	06D1	1	16092
call	57	5033	57	53C6	1	16093
call	57	5040	57	53C6	1	16094
call	57	504D	57	53C6	1	16095
call	57	505C	00	06D1	1	16096
call	57	506E	00	06D1	1	16097
call	57	5083	00	06D1	103	7266
call	57	5094	00	06D1	103	7267
call	57	509C	00	082C	103	7267
call	57	50A6	00	06D1	100	7268
call	57	50AC	00	06D1	100	7268
call	57	50C0	57	5355	5	16136
call	57	50E4	00	06D1	5	16098
call	57	50F5	00	06D1	5	16099
call	57	50FB	57	510F	5	16099
call	57	510B	57	5340	5	16101
call	57	5146	00	06D1	528	16128
call	57	5157	00	06D1	528	16128
call	57	516B	00	06D1	4	183722
call	57	517F	00	06D1	1	206506
call	57	5192	00	06D1	9	7642
call	57	51A3	00	06D1	9	7642
call	57	51B6	00	06D1	1	16099
call	57	51F4	00	06D1	11	7642
call	57	5206	00	06D1	11	7643
call	57	5264	00	06D1	532	16128
call	57	5276	00	06D1	532	16129
call	57	52A6	00	06D1	537	16134
call	57	52C8	00	06D1	537	16134
call	57	52FB	00	06D1	147	16771
call	57	5309	00	0A45	147	16771
call	57	530C	57	527D	147	16771
call	57	53BE	57	510F	144	16772
call	57	540D	00	0392	15	16094
call	57	542E	00	06D1	7	206531
call	57	543D	00	06D1	1	206532
call	57	5453	00	06D1	235	16127
call	57	5465	00	06D1	235	16127
call	57	54F2	00	20AC	15	9780
call	57	5503	00	20AC	7	25436
call	57	5518	00	20AC	27	7624
call	57	5529	00	20AC	12	7448
call	57	553E	00	20AC	40	16588
call	57	554F	00	20AC	12	16208
call	57	5591	00	20AC	1	206489
call	57	55B3	00	20AC	3	183956
call	57	55C8	00	20AC	1	206544
call	57	55EE	00	20AC	3	7712
call	57	5629	00	20AC	1	16108
call	5C	5159	00	04D8	4	43886
call	5C	515C	00	06D1	4	43886
call	5C	5182	00	06D1	4	43886
call	5C	5194	00	06D1	4	43886
call	5C	51A6	00	06D1	4	43887
call	5C	51B8	00	06D1	4	43888
call	5C	51CA	00	06D1	4	43889
call	5C	51DB	00	06D1	4	43890
call	5C	51EC	00	06D1	4	43890
call	5C	51F2	5C	5267	4	43890
call	5C	51F5	5C	53B3	4	43910
call	5C	51FA	00	082C	4	43911
call	5C	51FD	00	06D1	4	43912
call	5C	5203	00	06D1	4	43912
call	5C	5213	00	20B2	4	43928
call	5C	5219	00	06D1	178	43928
call	5C	521F	00	044B	178	43928
call	5C	5222	00	06D1	178	43929
call	5C	5228	00	06D1	178	43929
call	5C	522E	00	056A	178	43929
call	5C	523F	5C	546F	70	106910
call	5C	5246	5C	5266	10	43929
call	5C	5256	00	20AC	4	43988
call	5C	525C	00	06D1	4	43988
call	5C	5270	00	06D1	4	43890
call	5C	52A2	00	06D1	1	119582
call	5C	52B7	00	06D1	1	106858
call	5C	52C7	00	06D1	1	106858
call	5C	52D3	00	0A65	1	106858
call	5C	52E1	00	06D1	1	106858
call	5C	52FB	00	06D1	2	43890
call	5C	5361	00	0ED3	4	43890
call	5C	536D	00	06D1	4	43898
call	5C	537C	00	06D1	4	43905
call	5C	538B	00	06D1	4	43910
call	5C	539A	00	06D1	4	43910
call	5C	53CB	5C	5441	4	43910
call	5C	53D2	5C	5441	4	43910
call	5C	53DD	5C	5504	2	43910
call	5C	540B	5C	5441	4	43910
call	5C	5417	5C	5441	4	43910
call	5C	541E	5C	5441	4	43910
call	5C	5435	00	06D1	4	43910
call	5C	543D	00	082C	4	43910
call	65	4000	00	1711	32	17
call	65	4003	00	06D1	32	22
call	65	4009	00	06D1	32	22
call	65	400F	00	06D1	32	22
call	65	4029	00	06D1	32	22
call	65	4078	00	06D1	32	324
call	65	416C	00	06D1	32	324
call	65	4176	00	06D1	32	326
call	65	417F	00	06D1	32	326
call	65	4752	00	1509	5	43586
call	65	47DB	00	1509	2	43886
call	65	4883	00	06D1	207	2937
call	65	4889	00	044B	207	2937
call	65	489F	00	06D1	207	2938
call	65	48A5	00	0392	207	2938
call	65	48B1	00	0BE8	207	2938
call	65	48D1	00	06D1	207	2938
call	65	48E2	00	06D1	207	2939
call	65	4900	00	06D1	207	2939
call	65	491B	00	082C	207	2939
call	65	491E	65	4A37	207	2940
call	65	4921	65	4AD7	207	2942
call	65	4924	65	49A2	207	2942
call	65	4929	00	082C	207	2972
call	65	492C	00	06D1	207	2973
call	65	4932	65	4BA8	206	2989
call	65	493C	00	044B	6833	2989
call	65	493F	00	06D1	6833	2990
call	65	4945	00	06D1	6833	2990
call	65	494B	00	056A	6833	2990
call	65	4965	00	20AC	148	3860
call	65	496B	00	06D1	148	3860
call	65	498B	00	20AC	58	3020
call	65	4991	00	06D1	58	3020
call	65	49AB	00	06D1	207	2942
call	65	49F7	00	0ED3	207	2942
call	65	4A03	00	06D1	207	2960
call	65	4A12	00	06D1	207	2967
call	65	4A21	00	06D1	207	2972
call	65	4A30	00	06D1	207	2972
call	65	4A5B	00	06D1	207	2940
call	65	4A7A	00	06D1	207	2941
call	65	4B19	00	06D1	32	3162
call	65	4B45	00	06D1	32	3162
call	65	4B71	00	06D1	32	3162
call	65	4BBF	00	20E8	206	2989
call	67	58CD	00	06D1	27	2937
call	67	58D5	00	06D1	56	2937
call	67	58DF	00	06D1	99	13783
call	67	58EB	00	06D1	89	40003
call	67	58F3	00	06D1	89	40003
call	67	5902	00	06D1	21	41286
call	67	590B	00	06D1	26	41286
call	67	5913	00	06D1	26	41286
call	67	5922	00	06D1	5	43586
call	67	5928	00	06D1	5	43586
call	67	5944	00	06D1	5	43586
call	67	594D	00	06D1	5	43586
call	67	5955	00	06D1	5	43586
call	67	5964	00	06D1	2	43886
call	67	596A	00	06D1	2	43886
call	67	5978	00	06D1	2	43886
call	67	60C0	00	06D1	7	3797
call	67	60C8	67	6171	6	3875
call	67	6101	00	06D1	4	4237
call	67	6121	00	06D1	19	3896
call	67	6131	00	06D1	11	4057
call	67	6138	00	06D1	11	4057
call	67	6171	00	06D1	6	3875
call	67	6192	00	04D8	6	3875
call	67	619B	00	14BF	6	3877
call	67	61A1	00	06D1	6	3877
call	67	61A9	00	06D1	6	3877
call	67	61BA	00	06D1	6	3877
call	67	6276	00	06D1	3	189537
call	67	627E	00	06D1	3	189623
call	67	62BA	00	06D1	1	190373
call	67	62D5	00	06D1	3	189623
call	67	62F6	00	04D8	3	189623
call	67	62FF	00	14BF	3	189625
call	67	6304	00	06D1	3	189625
call	67	6315	00	06D1	3	189625
call	67	636D	00	06D1	32	23
call	67	6373	00	06D1	32	23
call	67	6385	00	06D1	32	23
call	67	6397	00	06D1	32	24
call	67	63A9	00	06D1	32	25
call	67	63BA	00	06D1	32	26
call	67	63CB	00	06D1	32	26
call	67	63DC	00	06D1	32	26
call	67	63EC	00	06D1	32	26
call	67	63F8	00	0A65	32	26
call	67	63FD	00	082C	32	26
call	67	6401	67	6437	32	22
call	67	6404	00	06D1	32	27
call	67	6414	00	20E8	32	43
call	67	641A	67	644E	32	43
call	67	641D	00	06D1	32	308
call	67	642A	00	20C4	32	323
call	67	6430	00	044B	32	323
call	67	643B	00	06D1	32	22
call	67	6441	00	06D1	32	22
call	67	6447	00	06D1	32	23
call	67	6452	00	06D1	8480	43
call	67	6458	00	044B	8480	43
call	67	648D	00	20AC	96	83
call	67	64BC	00	0150	32	44
call	67	64EA	00	0150	32	170
call	67	650A	00	0150	32	308
call	67	650D	00	06D1	32	308
call	68	402E	00	14BF	33	41286
call	68	40D8	00	06D1	1116	4072
call	68	40E2	00	0BFC	1116	4072
call	68	40ED	00	0A65	1116	4072
call	68	418F	00	14BF	119	4101
call	68	420F	00	14EA	3	1954
call	68	421D	68	4239	3	1954
call	68	422B	00	14BF	3	1954
call	68	434C	68	459A	32	308
call	68	4870	68	48DE	32	324
call	68	48E1	68	4950	32	324
call	68	48ED	68	49B6	32	324
call	68	4970	68	49FF	32	324
call	68	4984	00	151A	32	324
call	68	49D8	68	49FF	32	324
call	68	49E7	00	050C	32	324
call	68	4A32	00	04D8	32	22
call	68	4F97	00	06D1	2	106854
call	68	4FBA	00	06D1	74	2838
call	68	4FD6	00	06D1	74	2838
call	68	4FED	68	5033	74	2838
call	68	5033	00	06D1	1904	2838
call	68	5039	68	504D	1904	2838
call	68	503C	00	06D1	1903	2844
call	68	5042	00	044B	1903	2844
call	68	506A	00	06D1	74	2838
call	68	5070	00	06D1	74	2838
call	68	50BF	00	06D1	74	2838
call	68	50D1	00	06D1	74	2839
call	68	50E3	00	06D1	74	2840
call	68	50F5	00	06D1	74	2841
call	68	5107	00	06D1	74	2842
call	68	5118	00	06D1	74	2843
call	68	5129	00	06D1	74	2843
call	68	512F	68	522C	74	2843
call	68	5134	00	082C	74	2843
call	68	5141	00	06D1	74	2844
call	68	5147	68	5209	74	2844
call	68	514A	00	06D1	74	2844
call	68	5156	00	06D1	74	2845
call	68	5166	00	20E8	74	2861
call	68	5191	00	20AC	48	2920
call	68	51A8	00	20AC	26	3500
call	68	51EB	00	20AC	29	2862
call	68	51F1	68	522C	29	2862
call	68	51F6	00	082C	29	2862
call	68	51F9	68	5209	29	2863
call	68	51FD	00	06D1	74	2921
call	68	523D	00	06D1	103	2843
call	68	525C	00	0BFC	103	2843
call	68	5285	00	06D1	103	2843
call	68	5D03	68	5D9C	131	4057
call	68	5D06	00	06D1	131	4072
call	68	5D16	00	20E8	130	4088
call	68	5D1C	68	5EC7	130	4088
call	68	5D1F	00	06D1	119	4101
call	68	5D25	00	06D1	119	4116
call	68	5DA0	00	06D1	131	4057
call	68	5DA6	00	06D1	131	4057
call	68	5DB5	00	06D1	131	4057
call	68	5DC1	68	4127	131	4057
call	68	5DC4	68	5EAE	131	4057
call	68	5DD9	00	06D1	131	4057
call	68	5DEB	00	06D1	131	4058
call	68	5DFD	00	06D1	131	4059
call	68	5E0F	00	06D1	131	4060
call	68	5E20	00	06D1	131	4061
call	68	5E3E	00	06D1	131	4061
call	68	5E49	68	6060	131	4061
call	68	5E4C	68	60AB	131	4061
call	68	5E4F	68	6050	131	4063
call	68	5E54	00	082C	131	4063
call	68	5E5B	00	06D1	131	4064
call	68	5E6B	00	06D1	131	4072
call	68	5E78	00	06D1	131	4072
call	68	5E7E	68	5FE1	131	4072
call	68	5E85	00	06D1	131	4072
call	68	5E8B	00	06D1	131	4072
call	68	5EB1	00	06D1	1116	4057
call	68	5EC0	68	5FE1	178	41692
call	68	5EC7	00	06D1	1298	4088
call	68	5ED1	00	06D1	1298	4088
call	68	5EF3	00	06D1	720	40269
call	68	5F06	00	20AC	594	40269
call	68	5F18	00	20AC	126	41729
call	68	5F1E	68	5FE1	720	40269
call	68	5F24	00	06D1	157	40709
call	68	5F2D	00	06D1	563	40269
call	68	5F39	00	06D1	334	4101
call	68	5F4C	00	20AC	265	40669
call	68	5F52	68	5FE1	265	40669
call	68	5F58	00	06D1	34	43449
call	68	5F60	00	06D1	231	40669
call	68	5F68	68	5FE1	211	40069
call	68	5F78	00	20AC	183	40069
call	68	5F8A	00	20AC	28	41269
call	68	5F96	00	06D1	28	41269
call	68	5FAC	00	20AC	91	4101
call	68	5FB8	00	06D1	91	4101
call	68	5FCA	00	06D1	985	40269
call	68	5FD5	68	6060	985	40269
call	68	5FD8	68	60AB	985	40269
call	68	5FDB	68	5EAE	985	40271
call	68	5FE4	00	06D1	1505	4072
call	68	6059	00	06D1	131	4063
call	68	606B	00	06D1	1116	4061
call	68	60A7	00	0ED3	1116	4061
call	68	60B4	00	06D1	1116	4061
call	68	6E1D	68	6E39	19	3896
call	68	6E20	00	06D1	19	3908
call	68	6E26	68	6EF6	19	3924
call	68	6E29	00	06D1	19	4040
call	68	6E2F	00	06D1	19	4055
call	68	6E3D	00	06D1	19	3896
call	68	6E43	00	06D1	19	3896
call	68	6E5E	00	06D1	19	3896
call	68	6E70	00	06D1	19	3897
call	68	6E82	00	06D1	19	3898
call	68	6E93	00	06D1	19	3899
call	68	6EA4	00	06D1	19	3899
call	68	6EBB	00	06D1	19	3899
call	68	6ED4	68	6FAB	19	3899
call	68	6ED7	68	7009	19	3901
call	68	6EDA	68	6F9B	19	3907
call	68	6EDF	00	082C	19	3907
call	68	6EEC	00	06D1	19	3908
call	68	6EF2	68	6F7F	19	3908
call	68	6EF6	00	06D1	758	3924
call	68	6EFC	00	044B	758	3924
call	68	6EFF	00	06D1	758	3925
call	68	6F23	00	20AC	16	4040
call	68	6F50	00	20AC	3	151768
call	68	6F68	00	20AC	10	3940
call	68	6F77	68	6F7F	10	3940
call	68	6F93	00	0A65	29	3908
call	68	6FA4	00	06D1	19	3907
call	68	6FB4	00	06D1	19	3899
call	68	6FFB	00	06D1	19	3899
call	68	7001	00	0ED3	19	3899
call	68	7012	00	06D1	19	3901
call	68	73DD	00	06D1	1	106837
call	68	73E3	00	06D1	1	106852
call	68	73E9	00	044B	1	106852
call	68	73F3	00	047A	1	106853
call	68	73FD	00	0392	1	106854
call	68	7953	00	06D1	18	3157
call	68	795E	00	06D1	14	5155
call	68	7968	68	799A	9	85171
call	68	7974	68	799A	2	85294
call	68	7992	00	06D1	5	85390
call	68	799D	68	79B8	11	85171
call	68	79A0	00	06D1	11	85188
call	68	79A6	68	7A8F	11	85204
call	68	79AA	00	06D1	11	85277
call	68	79B0	00	06D1	11	85292
call	68	79BC	00	06D1	11	85171
call	68	79C2	00	06D1	11	85171
call	68	79DF	00	06D1	9	85171
call	68	79F1	00	06D1	9	85172
call	68	7A02	00	06D1	9	85173
call	68	7A16	00	06D1	2	85294
call	68	7A28	00	06D1	2	85295
call	68	7A39	00	06D1	2	85296
call	68	7A4B	00	06D1	11	85173
call	68	7A5C	00	06D1	11	85174
call	68	7A6D	00	06D1	11	85174
call	68	7A73	68	7B1D	11	85174
call	68	7A78	00	082C	11	85187
call	68	7A85	00	06D1	11	85188
call	68	7A8B	68	7B01	11	85188
call	68	7A8F	00	06D1	415	85204
call	68	7A95	00	06D1	415	85204
call	68	7A9B	00	044B	415	85204
call	68	7ABC	00	20AC	7	85277
call	68	7AD8	00	20AC	4	108037
call	68	7AEA	00	20AC	7	85205
call	68	7AF9	68	7B01	7	85205
call	68	7B15	00	0A65	18	85188
call	68	7B26	00	06D1	11	85174
call	68	7B68	00	06D1	9	85174
call	68	7B72	00	06D1	2	85297
call	68	7B78	00	0ED3	11	85174
call	68	7B84	00	06D1	11	85181
call	68	7B93	00	06D1	11	85187
call	69	40D7	00	0545	575	758
call	6C	4008	00	04D8	52	14620
call	6C	4035	00	06D1	66	14620
call	6C	4047	00	06D1	66	14620
call	6C	4059	00	06D1	66	14621
call	6C	406B	00	06D1	66	14622
call	6C	407D	00	06D1	66	14623
call	6C	408F	00	06D1	66	14624
call	6C	40A1	00	06D1	66	14625
call	6C	40B2	00	06D1	66	14626
call	6C	40CE	00	06D1	27	14626
call	6C	40D9	6C	431B	27	14626
call	6C	40E1	6C	431B	27	14627
call	6C	40F1	00	06D1	32	48781
call	6C	40FC	6C	431B	32	48781
call	6C	410C	00	06D1	7	202325
call	6C	4117	6C	431B	7	202325
call	6C	4129	00	06D1	66	14628
call	6C	4135	00	0A65	66	14628
call	6C	4143	00	06D1	66	14628
call	6C	4149	6C	453D	66	14628
call	6C	4157	00	06D1	66	14629
call	6C	4171	00	04D8	66	14629
call	6C	4180	00	06D1	66	14629
call	6C	4191	00	082C	66	14630
call	6C	4194	00	06D1	66	14631
call	6C	419A	00	06D1	66	14631
call	6C	41A0	6C	4763	66	14647
call	6C	41AD	00	20E8	66	14651
call	6C	41B3	00	06D1	2382	14651
call	6C	41B9	00	044B	2382	14651
call	6C	41BC	00	06D1	2382	14651
call	6C	41C2	00	06D1	2382	14651
call	6C	41C8	00	056A	2382	14651
call	6C	41D5	00	06D1	2300	14651
call	6C	41DF	6C	429F	73	14651
call	6C	41E8	6C	4798	52	28897
call	6C	41F9	00	20AC	52	28897
call	6C	41FF	00	06D1	52	28897
call	6C	4205	00	06D1	52	28927
call	6C	4264	00	20AC	14	14688
call	6C	426A	00	06D1	14	14688
call	6C	4270	00	06D1	14	14717
call	6C	42CB	00	20AC	15	14651
call	6C	42D1	6C	431B	15	14651
call	6C	42D4	6C	453D	15	14652
call	6C	42D7	6C	4763	15	14653
call	6C	430B	00	20AC	23	48700
call	6C	4311	6C	431B	23	48700
call	6C	4314	6C	453D	23	48701
call	6C	4317	6C	4763	23	48702
call	6C	4335	00	1620	32	14626
call	6C	433E	00	1620	32	14626
call	6C	4378	00	1620	28	14627
call	6C	4381	00	1620	28	14627
call	6C	439D	00	06D1	18	14627
call	6C	43A5	00	082C	18	14627
call	6C	43A8	00	06D1	18	14628
call	6C	43F9	00	06D1	52	14626
call	6C	4401	00	082C	52	14626
call	6C	4404	00	06D1	52	14627
call	6C	4418	00	1620	40	48781
call	6C	4486	00	06D1	50	48781
call	6C	448E	00	082C	50	48781
call	6C	4491	00	06D1	50	48782
call	6C	44A5	00	1620	9	202325
call	6C	4513	00	06D1	11	202325
call	6C	451B	00	082C	11	202325
call	6C	451E	00	06D1	11	202326
call	6C	4557	00	1620	13	48701
call	6C	4560	00	1620	13	48701
call	6C	459A	00	1620	3	128129
call	6C	45A3	00	1620	3	128129
call	6C	461B	00	06D1	43	14628
call	6C	4623	00	082C	43	14628
call	6C	4626	00	06D1	43	14629
call	6C	463A	00	1620	26	48833
call	6C	46A8	00	06D1	50	48782
call	6C	46B0	00	082C	50	48782
call	6C	46B3	00	06D1	50	48783
call	6C	46C7	00	1620	5	202385
call	6C	4735	00	06D1	11	202326
call	6C	473D	00	082C	11	202326
call	6C	4740	00	06D1	11	202327
call	6C	477C	6C	4798	104	14647
call	6C	4791	00	06D1	104	14647
call	6C	47B1	00	1620	20	48702
call	6C	47BA	00	1620	20	48702
call	6C	47CD	00	1620	4	128130
call	6C	47D6	00	1620	4	128130
call	6C	47EA	00	1620	43	48834
call	6C	47FE	00	1620	8	202386
call	6C	5989	00	06D1	52	14620
call	6C	599B	00	06D1	44	28929
call	6C	59A2	6C	59B2	44	28929
call	6C	59BA	00	04D8	55	14240
call	6C	59BD	00	06D1	55	14240
call	6C	59C9	00	06D1	55	14240
call	6C	59ED	00	06D1	55	14240
call	6C	59FF	00	06D1	55	14240
call	6C	5A11	00	06D1	55	14241
call	6C	5A23	00	06D1	55	14242
call	6C	5A34	00	06D1	55	14243
call	6C	5A45	00	06D1	55	14243
call	6C	5A56	00	06D1	55	14243
call	6C	5A67	00	06D1	55	14243
call	6C	5A78	00	06D1	55	14243
call	6C	5A89	00	06D1	55	14243
call	6C	5AA9	00	04D8	55	14243
call	6C	5AAC	00	0392	55	14243
call	6C	5AC4	00	06D1	55	14243
call	6C	5AD6	00	06D1	55	14244
call	6C	5AE8	00	06D1	55	14245
call	6C	5AFA	00	06D1	55	14246
call	6C	5B02	00	082C	55	14247
call	6C	5B05	00	06D1	55	14248
call	6C	5B0B	00	06D1	55	14248
call	6C	5B1E	00	047A	55	14264
call	6C	5B24	00	06D1	55	14265
call	6C	5B2B	00	0392	55	14265
call	6C	5B41	00	20E8	55	14265
call	6C	5BBE	00	06D1	2	104500
call	6C	5BD4	00	1620	212	14265
call	6C	5C12	00	06D1	2	104500
call	6C	5C25	00	20AC	37	14392
call	6C	5C2B	00	06D1	37	14392
call	6C	5C5B	00	20AC	18	27454
call	6C	5C85	00	04D8	93	14265
call	6C	5C94	00	06D1	93	14265
call	6C	5CA6	00	06D1	93	14266
call	6C	5CBA	6C	5E6E	93	14267
call	6C	5CC5	00	06D1	10353	14288
call	6C	5CCB	00	044B	10353	14288
call	6C	5CD4	6C	6009	9077	14289
call	6C	5CEE	00	06D1	10274	14291
call	6C	5CF4	00	06D1	10274	14291
call	6C	5CFA	00	056A	10274	14291
call	6C	5D1E	00	06D1	20	27132
call	6C	5D2A	00	0A65	20	27132
call	6C	5D45	00	06D1	55	14392
call	6C	5D51	00	0A65	55	14392
call	6C	5D64	00	20AC	15	47864
call	6C	5D70	00	1620	15	47864
call	6C	5D84	00	06D1	13	47864
call	6C	5DB4	00	06D1	28	27129
call	6C	5DC0	00	0A65	28	27129
call	6C	5DDF	00	06D1	49	14390
call	6C	5DF1	00	06D1	49	14391
call	6C	5E14	00	20AC	20	27132
call	6C	5E3A	00	04D8	70	14289
call	6C	5E4A	00	06D1	70	14289
call	6C	5E5D	00	06D1	70	14289
call	6C	5E84	00	06D1	8	27134
call	6C	5EB4	00	04D8	63	14267
call	6C	5EC3	00	06D1	63	14267
call	6C	5ED5	00	06D1	63	14268
call	6C	5F05	00	06D1	63	14269
call	6C	5F1E	00	06D1	63	14269
call	6C	5F26	00	082C	63	14269
call	6C	5F43	00	06D1	63	14270
call	6C	5F57	00	06D1	63	14271
call	6C	5F5F	00	06D1	63	14272
call	6C	6075	6C	5E25	70	14289
call	6C	611C	00	06D1	2611	14290
call	6C	6168	00	06D1	1654	14290
call	70	402B	00	06D1	1337	106148
call	70	4031	70	408F	1337	106148
call	70	4034	70	407F	1337	106177
call	70	4074	00	09E6	1	107030
call	70	407F	00	0956	1337	106177
call	70	4082	00	0464	1337	106177
call	70	408B	00	0392	1337	106178
call	70	40E3	70	44B0	2	106148
call	70	40E7	70	4803	2	106160
call	70	40EA	70	4275	2	106161
call	70	40F8	70	47BB	2	106161
call	70	40FB	70	477F	2	106161
call	70	40FE	00	06D1	2	106161
call	70	4104	00	06D1	2	106161
call	70	4114	00	20E8	2	106177
call	70	4131	70	477F	144	106179
call	70	4188	00	20AC	1	141196
call	70	419D	00	06D1	1	141196
call	70	41A9	00	0A65	1	141196
call	70	41AE	70	4803	1	141196
call	70	41BB	70	427D	660	106251
call	70	4202	00	06D1	1	141498
call	70	4208	70	4613	1	141513
call	70	4222	00	09E6	1	141216
call	70	4227	70	47BB	1	141216
call	70	4231	70	477F	20	141197
call	70	424B	00	20AC	1	141393
call	70	4258	70	4285	177	141217
call	70	426E	70	477F	104	141394
call	70	4271	70	4285	104	141394
call	70	4418	70	44B0	1	106996
call	70	441D	70	4803	1	107009
call	70	4420	70	4275	1	107010
call	70	442F	70	47BB	1	107010
call	70	4432	70	477F	1	107010
call	70	4435	00	06D1	1	107010
call	70	443B	00	06D1	1	107010
call	70	444B	00	20E8	1	107026
call	70	446E	00	20AC	1	107147
call	70	447B	70	4803	1	107147
call	70	4480	70	4285	120	107028
call	70	4496	70	477F	104	107149
call	70	4499	70	4285	104	107149
call	70	449D	00	06D1	1	107253
call	70	44A3	70	4613	1	107268
call	70	44B0	00	06D1	3	106148
call	70	44E2	00	06D1	3	106148
call	70	44F4	00	06D1	3	106149
call	70	4506	00	06D1	3	106150
call	70	4518	00	06D1	3	106151
call	70	452A	00	06D1	3	106152
call	70	453C	00	06D1	3	106153
call	70	454E	00	06D1	3	106154
call	70	4560	00	06D1	3	106155
call	70	4572	00	06D1	3	106156
call	70	4583	00	06D1	3	106157
call	70	4594	00	06D1	3	106157
call	70	45A5	00	06D1	3	106157
call	70	45AB	70	4638	3	106157
call	70	45B8	00	06D1	3	106159
call	70	45C4	00	0A65	3	106159
call	70	45D1	00	06D1	3	106159
call	70	45DD	00	0A65	3	106159
call	70	45F6	00	06D1	3	106159
call	70	4602	00	0A65	3	106159
call	70	4605	00	047A	3	106159
call	70	460F	00	0392	3	106160
call	70	4613	00	06D1	2	107268
call	70	4619	00	044B	2	107268
call	70	4623	00	047A	2	107269
call	70	462D	00	0392	2	107270
call	70	4651	00	0787	3	106157
call	70	465D	00	0787	3	106158
call	70	468C	00	0787	5	106160
call	70	4698	00	0787	5	106161
call	70	478E	00	0A65	165	106161
call	70	479C	00	0A65	165	106161
call	70	47A9	00	0A65	210	107010
call	70	47B7	00	0A65	210	107010
call	70	47CB	00	06D1	2	106161
call	70	47DB	00	06D1	2	106161
call	70	47EC	00	06D1	2	107010
call	70	47FC	00	06D1	2	107010
call	70	4818	00	06D1	5	106160
call	70	481E	70	466B	5	106160
call	72	4015	00	06D1	16	746
call	72	401B	00	06D1	16	758
call	72	4021	00	06D1	16	780
call	72	41D8	00	06D1	16	746
call	72	41DE	00	06D1	16	746
call	72	41F0	00	06D1	16	747
call	72	4201	00	06D1	16	748
call	72	4212	00	06D1	16	748
call	72	4223	00	06D1	16	748
call	72	4236	00	047A	16	748
call	72	423C	00	06D1	16	749
call	72	4243	00	0392	16	749
call	72	4259	00	06D1	16	749
call	72	4267	00	0A45	16	749
call	72	427D	72	43A7	16	749
call	72	4287	00	04D8	16	749
call	72	4293	00	06D1	16	749
call	72	42A2	00	06D1	16	749
call	72	42A9	00	0392	16	749
call	72	42B8	00	06D1	16	749
call	72	42CA	00	06D1	16	749
call	72	42DD	00	06D1	16	750
call	72	42F0	00	04D8	16	751
call	72	42F3	00	0392	16	751
call	72	4303	00	06D1	16	751
call	72	4315	00	06D1	16	751
call	72	431D	00	06D1	16	752
call	72	4332	00	050C	16	753
call	72	433E	00	050C	16	753
call	72	4341	00	047A	16	753
call	72	434B	00	0392	16	754
call	72	4359	00	06D1	16	754
call	72	4361	00	07CB	16	756
call	72	4364	00	047A	16	757
call	72	436E	00	0392	16	758
call	72	437B	00	20AC	16	758
call	72	4391	00	06D1	16	758
call	72	43A7	00	0545	16	749
call	72	440D	00	0A65	16	749
call	72	444F	00	0392	16	780
call	72	44FC	00	0526	16	780
call	72	4508	00	0526	16	780
call	72	450D	00	06D1	16	780
call	72	451B	00	0A45	16	781
call	72	451E	00	047A	16	781
call	72	4528	00	0392	16	782
call	72	452B	00	06D1	16	782
call	72	4533	00	07CB	16	782
call	72	4541	00	06D1	16	783
call	72	4547	00	047A	16	785
call	72	4551	00	0392	16	786
call	72	4557	00	09E6	16	786
call	72	4562	00	06D1	16	786
call	72	4578	00	06D1	575	758
call	72	457E	00	06D1	575	758
call	72	4584	00	044B	575	758
call	72	4587	00	06D1	575	759
call	72	458D	00	06D1	575	759
call	72	4593	00	056A	575	759
call	72	45F4	00	20AC	13	780
call	72	4610	00	20AC	3	9516
call	72	4758	00	050C	16	746
call	72	4794	00	050C	16	782
call	72	47E6	00	08B7	32	752
call	72	47F1	00	0749	32	752
call	72	47FD	00	0749	32	753
call	72	4801	00	0392	32	753
call	72	4805	00	047A	16	746
call	72	4820	00	0392	16	747
call	72	4851	00	06D1	32	754
call	72	4857	00	047A	32	754
call	72	4868	00	0392	32	755
call	72	489F	00	06D1	32	783
call	72	48A5	00	047A	32	783
call	72	48B6	00	0392	32	784
call	73	5F2A	00	06D1	11	104516
call	73	5F30	00	044B	11	104516
call	73	5F3A	00	04D8	11	104517
call	73	5F42	00	1620	11	104517
call	73	5F5E	00	06D1	11	104517
call	73	5F70	00	06D1	11	104518
call	73	5F82	00	06D1	11	104519
call	73	5F94	00	06D1	11	104520
call	73	5FA6	00	06D1	11	104521
call	73	5FB7	00	06D1	11	104522
call	73	5FC8	00	06D1	11	104522
call	73	5FCE	73	61D5	11	104522
call	73	5FDB	00	06D1	11	104524
call	73	5FE7	00	0A65	11	104524
call	73	5FF4	00	06D1	11	104524
call	73	6000	00	0A65	11	104524
call	73	600E	00	06D1	11	104524
call	73	601F	00	06D1	11	104524
call	73	6025	00	044B	11	104524
call	73	603C	00	04D8	11	104525
call	73	604B	00	06D1	11	104525
call	73	605C	00	082C	11	104526
call	73	605F	00	06D1	11	104527
call	73	6065	00	06D1	11	104527
call	73	606B	73	62AA	11	104543
call	73	6078	00	20E8	11	104548
call	73	607E	00	06D1	583	104548
call	73	6084	00	044B	583	104548
call	73	6087	00	06D1	583	104548
call	73	608D	00	06D1	583	104548
call	73	6093	00	056A	583	104548
call	73	60D7	00	06D1	569	104548
call	73	60E1	73	6180	13	104548
call	73	60E4	73	6265	569	104548
call	73	611E	00	20AC	7	104612
call	73	6124	00	06D1	7	104612
call	73	612A	00	06D1	7	104641
call	73	6139	00	06D1	7	104643
call	73	6159	00	20AC	4	107540
call	73	615F	00	06D1	4	107540
call	73	6165	00	06D1	4	107569
call	73	6172	00	06D1	4	107571
call	73	619D	73	61D5	3	104580
call	73	61A0	73	62AA	3	104581
call	73	61AD	00	20AC	3	104585
call	73	61BE	73	61D5	2	139432
call	73	61C1	73	62AA	2	139433
call	73	61CE	00	20AC	2	139437
call	73	61F0	00	06D1	11	104522
call	73	620B	00	06D1	11	104522
call	73	6211	00	06D1	11	104522
call	73	6217	73	6265	11	104522
call	73	621C	00	082C	11	104523
call	73	6235	00	06D1	5	104580
call	73	6250	00	06D1	5	104580
call	73	6256	00	06D1	5	104580
call	73	625C	73	6265	5	104580
call	73	6261	00	082C	5	104580
call	73	6290	00	06D1	28	104522
call	73	6298	00	082C	28	104522
call	73	62B7	73	62D2	5	104581
call	73	62CB	00	06D1	16	104543
call	75	4066	75	40B4	134	170
call	75	4184	75	5693	1	119562
call	75	4244	75	4029	50	44
call	75	4277	75	40DC	50	44
call	75	427A	75	44B5	50	44
call	75	435A	75	40DC	32	170
call	75	4365	75	4000	32	170
call	75	4382	75	5F6C	32	170
call	75	4385	75	44B5	32	170
call	75	43C4	75	4397	3	10226
call	75	43CB	75	4397	3	10226
call	75	43D2	75	4397	3	10226
call	75	43E8	75	40DC	3	10226
call	75	43F4	75	448A	3	10226
call	75	43F9	75	5F6C	3	10226
call	75	4404	75	4000	3	10226
call	75	440D	75	4007	3	10226
call	75	441E	75	400F	3	10226
call	75	442F	75	44B5	3	10226
call	75	4492	75	4000	3	10226
call	75	44AD	75	400F	3	10226
call	75	44B9	75	4390	94	44
call	75	44FC	75	5F10	1	107027
call	75	452B	75	673A	2	10700
call	75	453A	75	4000	2	10700
call	75	4544	75	5F6C	2	10700
call	75	454F	75	4000	2	10700
call	75	4561	75	4007	2	10700
call	75	4565	75	5F6C	2	10700
call	75	4572	75	5F10	2	10700
call	75	457F	75	459B	3	10225
call	75	4589	75	459B	9	7909
call	75	4593	75	459B	3	10225
call	75	45C5	75	40DC	9	7909
call	75	45D1	75	44B5	9	7909
call	75	4656	75	4000	3	10381
call	75	4661	75	4000	3	10381
call	75	466C	75	400F	3	10381
call	75	4673	75	5F6C	3	10381
call	75	46BB	75	5F10	3	10381
call	75	4928	75	4397	2	10381
call	75	492F	75	4397	2	10381
call	75	4940	75	4000	2	10381
call	75	4948	75	4007	2	10381
call	75	4963	75	4000	2	10381
call	75	496A	75	6974	2	10381
call	75	4979	75	400F	2	10381
call	75	497C	75	6974	2	10381
call	75	498B	75	4000	2	10381
call	75	4996	75	4000	2	10381
call	75	49A1	75	4000	2	10381
call	75	49C5	75	673F	2	10404
call	75	49D0	75	4000	2	10404
call	75	49E2	75	4007	2	10404
call	75	49E6	75	5F6C	2	10404
call	75	49F3	75	5F10	2	10404
call	75	4C5E	75	673F	2	10626
call	75	4C69	75	4000	2	10626
call	75	4C7B	75	4007	2	10626
call	75	4C87	75	4D3C	2	10626
call	75	4C8B	75	5F6C	2	10626
call	75	4C98	75	5F10	2	10626
call	75	4D02	75	4000	13	10410
call	75	4D14	75	4007	13	10410
call	75	4D20	75	4D3C	13	10410
call	75	4D24	75	5F6C	13	10410
call	75	4D31	75	5F10	13	10410
call	75	4DD5	75	4000	15	10410
call	75	4ED8	75	51DC	1	106473
call	75	5648	75	5693	50	308
call	75	564B	75	4029	50	308
call	75	587A	75	58CE	1432	52
call	75	5890	75	58CE	13668	52
call	75	58A1	75	5671	1432	52
call	75	58E2	75	5671	15100	52
call	75	58EF	75	5B46	358	52
call	75	58F2	75	6149	315110	44
call	75	5983	75	5FA0	6	10321
call	75	5997	75	5693	92	169
call	75	59A2	75	5693	1	141392
call	75	5A0C	75	5F10	94	51
call	75	5C06	75	4000	88	186
call	75	5CFD	75	4000	34	10392
call	75	5D39	75	4000	2	10386
call	75	5D8A	75	5DE2	6	10323
call	75	5D8D	75	5E1E	6	10323
call	75	5DD3	75	5DE2	3	10252
call	75	5DD6	75	5E1E	3	10252
call	75	5F10	75	40B4	453	44
call	75	5F75	75	5F96	538	170
call	75	5F7C	75	5F96	416	170
call	75	5FE9	75	5F10	6	10321
call	75	62D3	75	4000	3	10250
call	75	62DB	75	4000	3	10250
call	75	62F2	75	4000	3	10250
call	75	62F6	75	5F6C	3	10250
call	75	63FF	75	67F7	4	10702
call	75	6443	75	4000	2	10705
call	75	644C	75	5F6C	2	10705
call	75	6463	75	5F6C	2	10386
call	75	666E	75	5F6C	2	10389
call	75	6671	75	673A	2	10389
call	75	6681	75	5F6C	2	10389
call	75	6691	75	5F6C	2	10389
call	75	6697	75	67DB	2	10389
call	75	67F7	75	681D	22	10392
call	75	6809	75	681D	22	10428
call	75	6840	75	4000	34	10392
call	75	69C0	75	67F7	2	10392
call	75	69CC	75	673A	2	10392
call	75	69E0	75	67F7	4	10395
call	75	69EC	75	673A	2	10397
call	75	69FD	75	67F7	4	10400
call	75	6A0E	75	68E9	2	10403
call	75	6A70	75	67F7	4	10406
call	75	6A82	75	6AC2	2	10409
call	75	6A92	75	6AC2	2	10409
call	75	6BD5	75	67F7	4	10642
call	75	6CC2	75	4000	13	10428
call	75	6CD3	75	4000	13	10428
call	75	6D00	75	6809	22	10428
call	75	6D1C	75	68E9	13	10434
call	75	755A	75	4000	14	7935
call	75	7561	75	7554	8	7935
call	75	7569	75	400F	8	7935
call	75	7571	75	7554	3	10225
call	75	757E	75	7554	3	10225
call	75	7584	75	75AD	3	10225
call	75	758C	75	400F	3	10225
call	75	7593	75	75AD	3	10225
call	75	759B	75	400F	3	10225
call	75	75A2	75	75AD	3	10225
call	75	75BC	75	75E2	3	10225
call	75	7663	75	5F6C	32	186
call	7C	7B7C	00	06D1	49	520
call	7C	7B85	00	06D1	94	520
call	7C	7B8B	00	0545	94	591
call	7C	7B9A	00	06D1	36	591
call	7C	7BA3	00	06D1	15	14239
call	7C	7BAE	00	06D1	11	14620
call	7C	7BB7	00	06D1	36	591
call	7C	7BC0	00	06D1	87	591
call	7C	7BC6	00	0545	85	711
call	7C	7BDE	00	06D1	31	7259
call	7C	7BE4	00	06D1	31	7259
call	7C	7C6A	00	06D1	31	7259
call	7C	7C80	00	06D1	10	36836
call	7C	7CA7	00	06D1	10	36836
call	7C	7CE6	00	06D1	3	1952
call	7C	7CED	00	06D1	3	1952
call	7C	7CFA	00	06D1	16	711
call	7C	7D00	00	06D1	16	711
call	7C	7D15	00	06D1	16	711
call	7C	7D57	00	06D1	74	2838
call	7C	7D5D	00	0545	73	2937
call	7C	7D70	00	06D1	27	2937
call	7C	7D79	00	06D1	5	3797
call	7C	7D82	00	06D1	2	189537
call	7C	7DFF	00	06D1	13	3157
call	7D	7BBA	7D	7BC1	91723	327
call	7D	7BC1	7D	7B7C	123723	327
call	7E	7D75	00	0392	151	10565
call	7E	7DBE	7E	7B7C	28	10565
call	7F	4007	7F	400E	4971	1968
call	7F	400A	00	0DB9	4971	1968
call	7F	405F	00	06D1	15229	1967
call	7F	4065	7F	4072	15229	1967
call	7F	4068	7F	40B0	15229	1967
call	7F	406B	7F	40B9	15229	1967
call	7F	406E	00	0DE2	15229	1967
call	7F	40DF	7F	41D0	15229	1967
call	7F	40EC	7F	41D0	15229	1967
call	7F	42C5	7F	41EA	41430	1967
call	7F	720D	00	06D1	22	11284
call	7F	7214	00	06D1	22	11284
call	7F	7225	00	06D1	11	12074
call	7F	722C	00	06D1	11	12074
irq	00	0040	00	0040	206495	17
irq	00	0048	00	0048	2364342	548
irq	00	0050	00	0050	315110	44
irq	00	0058	00	0058	34808	44
jphl	00	0550	1C	401D	49	520
jphl	00	0550	1C	4028	40	2838
jphl	00	0550	1D	41AA	1861	623
jphl	00	0550	1D	41BD	60	680
jphl	00	0550	1D	41EC	25	2360
jphl	00	0550	1D	4217	30	640
jphl	00	0550	1F	41F3	2849	550
jphl	00	0550	1F	4217	62	560
jphl	00	0550	1F	425A	32	2440
jphl	00	0550	1F	428B	11	14768
jphl	00	0550	1F	428E	21	6200
jphl	00	0550	4C	4291	13	3880
jphl	00	0550	4C	42F7	4	104662
jphl	00	0550	4C	4312	9	3896
jphl	00	0550	4C	46C4	3	106148
jphl	00	0550	4C	46E2	1337	106148
jphl	00	0550	4E	5009	10	4237
jphl	00	0550	4E	5018	1	106996
jphl	00	0550	4F	41C2	2274	27
jphl	00	0550	4F	4257	64	27134
jphl	00	0550	4F	4261	19627	27
jphl	00	0550	4F	46A4	4	107571
jphl	00	0550	4F	46A5	4	104643
jphl	00	0550	4F	46BA	3	169884
jphl	00	0550	51	4199	198	11005
jphl	00	0550	51	41BB	3	11012
jphl	00	0550	51	41BE	1	107396
jphl	00	0550	5C	523B	173	43929
jphl	00	0550	5C	524C	4	43988
jphl	00	0550	5C	5264	1	119628
jphl	00	0550	65	4958	6557	2990
jphl	00	0550	65	495B	148	3860
jphl	00	0550	65	4974	60	3020
jphl	00	0550	65	4999	31	3400
jphl	00	0550	65	499B	37	3240
jphl	00	0550	69	414D	575	758
jphl	00	0550	6C	41D5	2300	14651
jphl	00	0550	6C	41E5	52	28897
jphl	00	0550	6C	425A	14	14688
jphl	00	0550	6C	429C	16	32127
jphl	00	0550	6C	5D07	9956	14291
jphl	00	0550	6C	5D09	201	14348
jphl	00	0550	6C	5D30	55	14388
jphl	00	0550	6C	5D5A	15	47864
jphl	00	0550	6C	5D9C	47	14328
jphl	00	0550	72	4407	16	749
jphl	00	0550	72	45A0	549	759
jphl	00	0550	72	45EA	13	780
jphl	00	0550	72	4600	7	1300
jphl	00	0550	72	4603	3	1260
jphl	00	0550	72	4606	3	9516
jphl	00	0550	73	60A0	569	104548
jphl	00	0550	73	6114	7	104612
jphl	00	0550	73	614F	4	107540
jphl	00	0550	73	617A	1	139236
jphl	00	0550	73	617D	2	107524
jphl	00	0550	7C	7B99	32	2471
jphl	00	0550	7C	7B9A	36	591
jphl	00	0550	7C	7BA3	15	14239
jphl	00	0550	7C	7BAC	11	14620
jphl	00	0550	7C	7BDA	31	7259
jphl	00	0550	7C	7C7C	10	36836
jphl	00	0550	7C	7CE2	3	1952
jphl	00	0550	7C	7CF6	16	711
jphl	00	0550	7C	7D1E	25	2391
jphl	00	0550	7C	7D6F	26	3517
jphl	00	0550	7C	7D70	27	2937
jphl	00	0550	7C	7D79	5	3797
jphl	00	0550	7C	7D82	2	189537
jphl	00	0550	7C	7DFF	13	3157
jphl	00	0EEF	00	0F68	1199	2945
jphl	00	0EEF	00	0F9D	1357	2960
jphl	04	45DA	04	45DB	6172	44
jphl	04	45DA	04	4777	816	7945
jphl	04	45DA	04	479B	376	8129
jphl	04	45DA	04	47A3	1370	709
jphl	04	45DA	04	47E3	6135	44
jphl	04	45DA	04	483A	8699	44
jphl	04	45DA	04	484E	18952	44
jphl	04	45DA	04	4896	31169	503
jphl	04	45DA	04	48D5	2355	503
jphl	04	45DA	04	48EC	553	502
jphl	04	45DA	04	4925	507	502
jphl	04	45DA	04	492A	8699	44
jphl	04	45DA	04	4970	553	502
jphl	0E	4093	0E	40A2	32	327
jphl	0E	4093	0E	40CA	3756	364
jphl	0E	4093	0E	410C	2	123533
jphl	0E	4093	0E	411A	90	476
jphl	0E	4093	0E	417B	4284	502
jphl	0E	4093	0E	41FE	89	503
jphl	0F	425F	0F	426D	12	10435
jphl	0F	425F	0F	4340	12	10435
jphl	0F	425F	0F	4BC0	15	10486
jphl	55	5FC7	55	5FD0	347	11365
jphl	55	5FC7	55	5FF4	416	11453
jphl	55	5FC7	55	5FFD	459	11497
jphl	55	5FC7	55	6020	485	12025
jphl	55	6086	55	608F	273	11365
jphl	55	6086	55	60A0	318	11453
jphl	55	6086	55	60B1	363	11497
jphl	55	6086	55	60C2	377	12025
jphl	55	60F0	55	60F9	74	16689
jphl	55	60F0	55	610A	98	21917
jphl	55	60F0	55	611B	96	11893
jphl	55	60F0	55	612C	108	17669
jphl	55	66D8	55	6755	131	4068
jphl	55	66D8	55	679F	43	16590
jphl	55	66D8	55	696B	2	11278
jphl	55	697B	55	6984	2	11278
jphl	63	402C	63	403D	2916	1967
jphl	63	402C	63	4043	1267	2948
jphl	63	402C	63	4049	2069	2945
jphl	63	402C	63	404F	1696	2943
jphl	63	402C	63	4055	2034	2944
jphl	63	402C	63	405B	1913	2944
jphl	63	402C	63	4061	1425	2950
jphl	63	402C	63	4067	1909	2942
jphl	65	403B	65	4078	32	324
jphl	65	408A	65	408B	32	324
jphl	67	64AD	67	64B4	32	44
jphl	67	64AD	67	64C7	4032	45
jphl	67	64AD	67	64F5	4416	171
jphl	68	487F	68	4880	32	324
jphl	68	505D	68	5066	74	2838
jphl	68	505D	68	5156	74	2845
jphl	68	505D	68	5172	1682	2862
jphl	68	505D	68	51FD	74	2921
jphl	70	40AC	70	40E3	2	106148
jphl	70	40AC	70	411B	2	106178
jphl	70	40AC	70	4121	144	106179
jphl	70	40AC	70	4135	660	106251
jphl	70	40AC	70	4202	1	141498
jphl	70	40AC	70	4215	20	141197
jphl	70	40AC	70	4235	177	141217
jphl	70	40AC	70	425C	104	141394
jphl	70	40AC	70	4418	1	106996
jphl	70	40AC	70	4452	1	107027
jphl	70	40AC	70	4458	120	107028
jphl	70	40AC	70	4484	104	107149
jphl	70	40AC	70	449D	1	107253
jphl	7E	7D8E	7E	7D99	92	10565
jphl	7E	7D8E	7E	7DB0	33	10565
jphl	7E	7D8E	7E	7DE5	10	10565
jphl	7E	7D8E	7E	7E05	5	10565
jphl	7E	7D8E	7E	7E1E	5	10565
jphl	7F	4201	7F	420E	5502	1969
jphl	7F	4201	7F	4218	1820	1967
jphl	7F	4201	7F	421A	180	169907
jphl	7F	4201	7F	4275	33928	2942
ret	HRAM	FF89	-	-	206484	17
ret	00	01B6	-	-	184	44
ret	00	01EC	-	-	34808	44
ret	00	0246	-	-	315110	44
ret	00	0277	-	-	39	10435
ret	00	0349	-	-	64	16
ret	00	0351	-	-	128	16
ret	00	03B9	-	-	1498357	0
ret	00	044A	-	-	206495	17
ret	00	0463	-	-	122597	44
ret	00	0479	-	-	14820	713
ret	00	0496	-	-	25183	29
ret	00	04D7	-	-	64	16
ret	00	04E0	-	-	15166	8
ret	00	04ED	-	-	2347	1
ret	00	0516	-	-	4887	26
ret	00	0525	-	-	143	324
ret	00	053F	-	-	32	780
ret	00	05AB	-	-	96	8
ret	00	05BC	-	-	1225	28
ret	00	05EC	-	-	39	7743
ret	00	0601	-	-	32	0
ret	00	0621	-	-	32	0
ret	00	0623	-	-	197119	22
ret	00	0630	-	-	65779	548
ret	00	0636	-	-	1	106472
ret	00	063C	-	-	874385	16
ret	00	063E	-	-	362649	43
ret	00	064B	-	-	3215	26
ret	00	0657	-	-	41539	754
ret	00	0672	-	-	383099	43
ret	00	0683	-	-	515460	16
ret	00	06B6	-	-	64	16
ret	00	0779	-	-	4655	27
ret	00	07BA	-	-	21256	24
ret	00	07FA	-	-	219	331
ret	00	085A	-	-	1977	27
ret	00	0886	-	-	17	1041
ret	00	08B6	-	-	50	7743
ret	00	08BB	-	-	42	7743
ret	00	08C0	-	-	2253	26
ret	00	0903	-	-	2547	26
ret	00	091B	-	-	6430	26
ret	00	093A	-	-	1155	528
ret	00	09B5	-	-	134671	43
ret	00	09E5	-	-	1214	23
ret	00	0A08	-	-	4465	786
ret	00	0A19	-	-	135885	23
ret	00	0A64	-	-	546	749
ret	00	0A81	-	-	7441	26
ret	00	0AB7	-	-	9039	26
ret	00	0AE7	-	-	9039	26
ret	00	0B9C	-	-	6081	102
ret	00	0BBA	-	-	376131	43
ret	00	0BBC	-	-	1503182	43
ret	00	0BFB	-	-	1981	2938
ret	00	0C0D	-	-	2108	527
ret	00	0D91	-	-	156	2422
ret	00	0DCD	-	-	4971	1968
ret	00	0E31	-	-	15229	1967
ret	00	0EB1	-	-	11099	713
ret	00	0ED2	-	-	11666	713
ret	00	0FA1	-	-	1357	2960
ret	00	10B0	-	-	14933	2942
ret	00	10E8	-	-	4062	40269
ret	00	1118	-	-	13	3880
ret	00	14C5	-	-	243	1954
ret	00	14F2	-	-	3	1954
ret	00	1519	-	-	7	43586
ret	00	1532	-	-	32	324
ret	00	1585	-	-	30	3899
ret	00	15BC	-	-	6	3877
ret	00	163D	-	-	2302	7259
ret	00	1668	-	-	31653	326
ret	00	1683	-	-	66652	546
ret	00	16C3	-	-	668	601
ret	00	16CC	-	-	2285340	548
ret	00	16D3	-	-	16099	548
ret	00	1707	-	-	20460	16589
ret	00	1710	-	-	19678	16602
ret	00	172C	-	-	32	22
ret	00	2104	-	-	1137448	8
ret	00	210A	-	-	1137448	8
ret	00	2124	-	-	212713	17
ret	00	2128	-	-	32	0
ret	00	214E	-	-	212713	17
ret	04	4166	-	-	420558	17
ret	04	416B	-	-	415216	17
ret	04	4176	-	-	1247636	17
ret	04	41AB	-	-	641089	17
ret	04	41B0	-	-	572977	17
ret	04	41BF	-	-	1718931	17
ret	04	434B	-	-	6054	43
ret	04	4378	-	-	6040	43
ret	04	4385	-	-	2659	83
ret	04	43DB	-	-	8699	44
ret	04	444A	-	-	32	323
ret	04	453E	-	-	1248	324
ret	04	4543	-	-	204908	17
ret	04	4565	-	-	748	928
ret	04	4577	-	-	813611	17
ret	04	45E5	-	-	6172	44
ret	04	46E7	-	-	837269	84
ret	04	4818	-	-	6135	44
ret	04	4895	-	-	37287	44
ret	04	4BD3	-	-	343356	17
ret	04	4BD8	-	-	428250	503
ret	04	4BE5	-	-	276536	17
ret	04	4BEA	-	-	45762	84
ret	04	4BF9	-	-	825	560
ret	04	4BFB	-	-	312730	85
ret	04	4C0A	-	-	58634	87
ret	04	4C1F	-	-	304548	17
ret	04	4DCF	-	-	388613	85
ret	04	4DDE	-	-	32190	84
ret	04	4E03	-	-	63777	84
ret	04	4E33	-	-	63777	84
ret	04	4E3B	-	-	146525	85
ret	04	4E4A	-	-	36073	520
ret	04	4E7C	-	-	21088	502
ret	04	4E9A	-	-	28850	84
ret	04	4EAF	-	-	6392	92
ret	04	4EC9	-	-	7447	84
ret	04	4F2C	-	-	70700	84
ret	04	4F4E	-	-	29018	502
ret	04	4F96	-	-	63777	84
ret	04	4FB7	-	-	28902	502
ret	04	4FBF	-	-	37435	84
ret	04	4FCA	-	-	12564	523
ret	04	4FD3	-	-	13839	84
ret	04	4FE4	-	-	81979	44
ret	04	4FE9	-	-	21782	84
ret	04	5006	-	-	70700	84
ret	04	5028	-	-	149512	44
ret	04	502A	-	-	56110	84
ret	04	5041	-	-	39185	84
ret	04	5043	-	-	160885	84
ret	0E	405E	-	-	84	520
ret	0E	4082	-	-	84	520
ret	0E	40C9	-	-	32	363
ret	0E	410B	-	-	3756	364
ret	0E	4119	-	-	2	123564
ret	0E	417A	-	-	90	501
ret	0E	41FD	-	-	4284	502
ret	0E	4209	-	-	89	518
ret	0E	4310	-	-	90	485
ret	0E	432F	-	-	152	484
ret	0E	434A	-	-	152	485
ret	0E	43B0	-	-	32	331
ret	0F	426B	-	-	39	10435
ret	0F	433F	-	-	9	10435
ret	0F	4405	-	-	19	10485
ret	0F	4415	-	-	11	10435
ret	0F	44B1	-	-	19	10485
ret	0F	44CB	-	-	11	10435
ret	0F	44D4	-	-	18	10435
ret	0F	4C37	-	-	16	10486
ret	0F	4CDC	-	-	13	10486
ret	0F	5D11	-	-	4	10565
ret	0F	5D4C	-	-	1	10566
ret	0F	5D61	-	-	3	10565
ret	0F	5D64	-	-	80	10565
ret	0F	5D67	-	-	36	10565
ret	0F	5D75	-	-	16	10486
ret	0F	5D7E	-	-	1	122106
ret	0F	5D8B	-	-	13	10486
ret	0F	5D9F	-	-	28	10435
ret	1D	41EB	-	-	60	711
ret	1D	4216	-	-	24	2391
ret	1D	4228	-	-	9	37774
ret	1D	4231	-	-	10	1140
ret	1D	429F	-	-	32	630
ret	1D	42AE	-	-	12	32981
ret	1D	42FD	-	-	119	601
ret	1D	430C	-	-	91	601
ret	1D	4373	-	-	119	601
ret	1D	4382	-	-	22	32980
ret	1D	439F	-	-	1780	630
ret	1D	43D2	-	-	25	660
ret	1D	43F9	-	-	88	625
ret	1F	4251	-	-	60	591
ret	1F	428A	-	-	30	2471
ret	1F	4296	-	-	6	76684
ret	1F	42A9	-	-	3	15728
ret	1F	42CA	-	-	1	77148
ret	1F	42EA	-	-	18	14948
ret	1F	430C	-	-	3	110932
ret	1F	434A	-	-	46	2425
ret	1F	4395	-	-	11	14169
ret	1F	43B9	-	-	26	2422
ret	1F	43F6	-	-	9	15769
ret	1F	44D4	-	-	137	528
ret	1F	44D9	-	-	447	2425
ret	1F	44DE	-	-	2368	550
ret	1F	4502	-	-	32	14163
ret	1F	452C	-	-	86	528
ret	1F	4531	-	-	19	6219
ret	1F	455B	-	-	34	2434
ret	1F	4565	-	-	2405	550
ret	1F	45C9	-	-	444	2426
ret	1F	4666	-	-	46	2422
ret	22	4F23	-	-	37	326
ret	22	4F45	-	-	5	1955
ret	22	4F4F	-	-	32	326
ret	22	4FA8	-	-	5	1957
ret	22	501C	-	-	32	326
ret	22	5034	-	-	5	1957
ret	22	5076	-	-	11	170248
ret	22	5092	-	-	11	170248
ret	22	510A	-	-	11	170248
ret	23	4075	-	-	3	9538
ret	23	4115	-	-	5	896
ret	23	41A0	-	-	6	1065
ret	23	41DB	-	-	11	1045
ret	23	433B	-	-	27	746
ret	23	4356	-	-	13	1045
ret	23	43DE	-	-	31	729
ret	23	4646	-	-	1	25660
ret	23	4658	-	-	2	23532
ret	23	46ED	-	-	1	25628
ret	23	47BB	-	-	47	729
ret	23	4A25	-	-	2	23532
ret	23	4B88	-	-	7	25290
ret	23	4C1C	-	-	1	119660
ret	23	5FA2	-	-	7	10536
ret	23	6699	-	-	7	10536
ret	24	4452	-	-	3	169952
ret	24	445B	-	-	6	169927
ret	24	45B6	-	-	6	169927
ret	24	4793	-	-	6	169927
ret	24	47D7	-	-	15	169960
ret	24	483D	-	-	38	169916
ret	24	48C6	-	-	6	169927
ret	24	494B	-	-	3	169916
ret	24	49E2	-	-	42	169897
ret	24	49FF	-	-	840	169896
ret	24	4A53	-	-	59	169915
ret	24	4A78	-	-	236	169912
ret	24	4B0F	-	-	50	169933
ret	24	4DE0	-	-	8	171724
ret	24	4E70	-	-	15	169966
ret	24	4E84	-	-	14	170392
ret	24	4EAC	-	-	4	172264
ret	24	4ECD	-	-	6	170356
ret	24	4EEE	-	-	8	170140
ret	24	4F03	-	-	18	170141
ret	24	4F20	-	-	4	171292
ret	24	51A7	-	-	16	169996
ret	24	51F4	-	-	7	170248
ret	24	53FD	-	-	15	169966
ret	25	4ABA	-	-	42	7259
ret	25	53A9	-	-	122	728
ret	26	5343	-	-	55	10382
ret	26	5908	-	-	53	10384
ret	26	59B5	-	-	2	10384
ret	27	4039	-	-	15	7478
ret	27	41E2	-	-	53	7259
ret	27	4746	-	-	1	119659
ret	27	4750	-	-	2738	7762
ret	27	4767	-	-	1	119562
ret	27	4D4D	-	-	18	7761
ret	28	404B	-	-	18	36964
ret	28	41CA	-	-	18	36940
ret	28	4281	-	-	144	36903
ret	28	429E	-	-	72	36901
ret	28	42B6	-	-	3312	36902
ret	29	4607	-	-	2	11072
ret	29	4744	-	-	2	11051
ret	29	4D7F	-	-	2	11034
ret	29	5016	-	-	2	11034
ret	2A	5730	-	-	2	2077
ret	2A	57A0	-	-	18	1990
ret	2A	57B5	-	-	9	1990
ret	2A	590A	-	-	3	1990
ret	2A	594A	-	-	247	1967
ret	2A	5951	-	-	8	1968
ret	2A	5A05	-	-	8	1968
ret	2A	5A22	-	-	39	1967
ret	2A	5A3A	-	-	50	1967
ret	2A	5AF1	-	-	3	1969
ret	2A	5B0E	-	-	27	1968
ret	2A	5B26	-	-	3	1969
ret	2A	5BDD	-	-	3	1971
ret	2A	5BFA	-	-	45	1969
ret	2A	5C12	-	-	3	1971
ret	2A	5C3A	-	-	8	1973
ret	2A	5C5A	-	-	16	1972
ret	2A	5C82	-	-	17	1990
ret	2A	5C88	-	-	23	1990
ret	2A	5CD1	-	-	45	1990
ret	2A	5CF4	-	-	21	11761
ret	2A	5E22	-	-	5	11344
ret	2A	61C9	-	-	1	12085
ret	2A	62C4	-	-	3	1973
ret	2A	62FD	-	-	2	12072
ret	2B	41BC	-	-	10	37747
ret	2B	43A4	-	-	28	36876
ret	2B	43CE	-	-	418	36877
ret	2B	44D7	-	-	84	36846
ret	2B	44F4	-	-	532	36844
ret	2B	450C	-	-	1176	36844
ret	2B	45C3	-	-	28	36852
ret	2B	45F8	-	-	700	36850
ret	2B	46AF	-	-	28	36847
ret	2B	46CC	-	-	84	36846
ret	2B	46E4	-	-	308	36846
ret	2B	4722	-	-	28	36858
ret	2B	4742	-	-	112	36855
ret	2B	47CF	-	-	28	36844
ret	2D	40DB	-	-	28	36840
ret	2D	4E2C	-	-	66	715
ret	2D	4F02	-	-	144	36901
ret	2D	5053	-	-	22	10360
ret	2D	508B	-	-	88	10357
ret	2D	711E	-	-	5	11341
ret	2E	4C57	-	-	2	10379
ret	2E	4E07	-	-	2	10580
ret	2E	4E3E	-	-	1	122116
ret	2E	4EB1	-	-	3	10580
ret	2E	4F05	-	-	3	10587
ret	2E	4F99	-	-	9	10582
ret	2E	4FBC	-	-	65	10581
ret	2E	4FE4	-	-	6	10578
ret	2E	5004	-	-	12	10577
ret	2E	5183	-	-	3	10581
ret	2E	533B	-	-	7	10538
ret	2E	538A	-	-	6	10576
ret	2E	53A7	-	-	3	10381
ret	2E	5445	-	-	2	10625
ret	2E	5497	-	-	5	10381
ret	2E	54F7	-	-	14	10590
ret	2E	561B	-	-	507	10384
ret	2E	56D0	-	-	16	10362
ret	48	403D	-	-	170	2422
ret	48	40A8	-	-	477	727
ret	48	4159	-	-	344	7264
ret	48	4222	-	-	750	548
ret	48	422D	-	-	13710	550
ret	48	4232	-	-	7	48275
ret	48	4259	-	-	5	48277
ret	48	42CE	-	-	1	48288
ret	48	4409	-	-	375	550
ret	48	445F	-	-	375	548
ret	48	44DF	-	-	677	548
ret	48	453F	-	-	62	14288
ret	48	459C	-	-	8	27142
ret	48	45F3	-	-	71	14272
ret	48	465B	-	-	391	520
ret	48	465E	-	-	13	106148
ret	48	4678	-	-	121	7742
ret	48	46C5	-	-	1088	528
ret	48	4727	-	-	256	589
ret	48	4743	-	-	39	7266
ret	48	480E	-	-	27321	548
ret	48	48B7	-	-	32	326
ret	48	48BB	-	-	389	520
ret	48	491F	-	-	423	326
ret	48	498B	-	-	391	520
ret	48	49B3	-	-	4	14407
ret	48	49C0	-	-	1	137579
ret	48	49DA	-	-	5	104515
ret	48	4A4D	-	-	36	591
ret	48	4A8B	-	-	49	520
ret	48	4ADA	-	-	32	22
ret	4C	4273	-	-	9	4237
ret	4C	46B7	-	-	1	106473
ret	4C	46CC	-	-	3	106148
ret	4C	46EA	-	-	1337	106178
ret	4C	483F	-	-	1	107271
ret	4C	4B7B	-	-	13	3880
ret	4C	4C94	-	-	13	3880
ret	4C	4DD2	-	-	2	106837
ret	4E	472F	-	-	58	327
ret	4E	4748	-	-	324	22
ret	4E	47EA	-	-	50	22
ret	4E	488C	-	-	1	106996
ret	4E	5017	-	-	9	4237
ret	4F	400D	-	-	2442	26
ret	4F	4020	-	-	55	14265
ret	4F	4036	-	-	55	14265
ret	4F	404A	-	-	55	14265
ret	4F	405D	-	-	24447	29
ret	4F	4082	-	-	48894	29
ret	4F	4130	-	-	1184211	27
ret	4F	4145	-	-	73920	322
ret	4F	4152	-	-	1650260	27
ret	4F	4165	-	-	3098745	27
ret	4F	41DF	-	-	2274	27
ret	4F	41E4	-	-	2339	43
ret	4F	428D	-	-	19688	28
ret	4F	42FE	-	-	1088	43
ret	4F	4349	-	-	32	363
ret	4F	43B7	-	-	891	323
ret	4F	43FF	-	-	2	123564
ret	4F	45C5	-	-	1568	2967
ret	4F	4603	-	-	615	749
ret	4F	4667	-	-	1357	2942
ret	4F	467F	-	-	5	14407
ret	4F	46A4	-	-	1	139295
ret	4F	47A4	-	-	32	17
ret	4F	47FC	-	-	32	22
ret	51	41D7	-	-	16	8540
ret	51	41FD	-	-	9	10987
ret	51	4224	-	-	6	10987
ret	51	4244	-	-	33	8539
ret	51	425E	-	-	32	3875
ret	51	4299	-	-	1	107491
ret	54	4010	-	-	17	10381
ret	54	4031	-	-	1	119578
ret	54	403C	-	-	1	119562
ret	54	405C	-	-	18	7761
ret	54	406A	-	-	1581	7865
ret	54	4093	-	-	9	7909
ret	54	40A7	-	-	3	10225
ret	54	4134	-	-	3	10226
ret	54	413A	-	-	3	10259
ret	54	418B	-	-	3	10225
ret	54	41A2	-	-	4	10700
ret	54	41B0	-	-	414	10701
ret	54	41B6	-	-	1	119578
ret	54	41C4	-	-	3	10848
ret	54	4259	-	-	4	8038
ret	54	4265	-	-	13	9049
ret	54	4273	-	-	879	8039
ret	54	4287	-	-	17	8268
ret	54	42E3	-	-	1	106473
ret	54	42F4	-	-	1	106473
ret	54	436A	-	-	365	106473
ret	54	4392	-	-	1	106837
ret	54	44C2	-	-	398	10382
ret	54	4894	-	-	2	10381
ret	54	48B1	-	-	51	10384
ret	54	4906	-	-	2	10404
ret	54	4913	-	-	2	10410
ret	54	4968	-	-	13	10410
ret	54	497D	-	-	303	10411
ret	54	4BE7	-	-	12	10435
ret	54	4C4C	-	-	3	10565
ret	54	4CAC	-	-	1	122106
ret	54	50A7	-	-	1	10565
ret	54	50FB	-	-	2	121988
ret	54	5100	-	-	5	10565
ret	54	511A	-	-	1	121988
ret	54	5167	-	-	12	10435
ret	54	521E	-	-	3	10565
ret	54	5229	-	-	12	10565
ret	54	5230	-	-	6	10565
ret	54	523F	-	-	6	10565
ret	54	5293	-	-	3	10565
ret	54	53BA	-	-	2	10626
ret	54	53DC	-	-	27	10626
ret	54	53E8	-	-	1	10646
ret	55	5C8E	-	-	176	4072
ret	55	5F19	-	-	1033	11321
ret	55	5F1C	-	-	424	4101
ret	55	5F22	-	-	27	16804
ret	55	5F25	-	-	224	12069
ret	55	5F28	-	-	2	206112
ret	55	5F65	-	-	3776	4088
ret	55	6040	-	-	1707	11365
ret	55	604C	-	-	67	20269
ret	55	609F	-	-	273	11365
ret	55	60B0	-	-	318	11453
ret	55	60C1	-	-	363	11497
ret	55	60D2	-	-	377	12025
ret	55	60D9	-	-	113	12025
ret	55	60E0	-	-	43	60093
ret	55	6109	-	-	74	16689
ret	55	611A	-	-	98	21917
ret	55	612B	-	-	96	11893
ret	55	613C	-	-	108	17669
ret	55	6142	-	-	172	16689
ret	55	6148	-	-	204	11893
ret	55	615E	-	-	5416	4088
ret	55	616C	-	-	67	20269
ret	55	617A	-	-	67	20269
ret	55	6183	-	-	176	4072
ret	55	629F	-	-	3776	4088
ret	55	63E6	-	-	45	11294
ret	55	640D	-	-	131	4067
ret	55	641B	-	-	176	4066
ret	55	651B	-	-	38	12085
ret	55	6558	-	-	186	4057
ret	55	6562	-	-	14	12085
ret	55	679E	-	-	131	4072
ret	55	6857	-	-	43	16597
ret	55	6A7D	-	-	2	11282
ret	55	6B50	-	-	2	11282
ret	55	6BB1	-	-	174	4072
ret	55	6BB9	-	-	174	4067
ret	55	6BD6	-	-	2	11294
ret	55	6C15	-	-	3776	4088
ret	55	6C1A	-	-	62329	4090
ret	55	6CC5	-	-	3721	4089
ret	55	6CD3	-	-	3102	4088
ret	55	6E9E	-	-	285	4067
ret	55	6EB4	-	-	130	4088
ret	55	6ECA	-	-	1754	4088
ret	55	6EE0	-	-	176	4065
ret	55	6F0C	-	-	226	12069
ret	55	6F22	-	-	28	16789
ret	55	6F3A	-	-	71518	4055
ret	55	6FF3	-	-	1265	4072
ret	55	7006	-	-	619	16611
ret	55	7047	-	-	176	4064
ret	57	4095	-	-	23	7478
ret	57	40DF	-	-	11	7742
ret	57	4100	-	-	5722	7285
ret	57	41DD	-	-	59	7316
ret	57	41FD	-	-	38	7624
ret	57	4209	-	-	23	7448
ret	57	4236	-	-	41	16268
ret	57	4242	-	-	62	16168
ret	57	424D	-	-	40	16588
ret	57	426A	-	-	12	16208
ret	57	430C	-	-	188	16752
ret	57	431E	-	-	101	21741
ret	57	4324	-	-	11	17185
ret	57	4332	-	-	2	206112
ret	57	4338	-	-	14	17764
ret	57	433E	-	-	5	16804
ret	57	438D	-	-	81	16871
ret	57	43CF	-	-	4	183736
ret	57	43E1	-	-	1	206489
ret	57	43F3	-	-	3	183956
ret	57	4420	-	-	3	183824
ret	57	442C	-	-	1	206536
ret	57	4437	-	-	1	206544
ret	57	4452	-	-	3	7670
ret	57	445D	-	-	3	7712
ret	57	4480	-	-	1	16088
ret	57	44A6	-	-	1	16108
ret	57	4511	-	-	22	9777
ret	57	4512	-	-	39	7284
ret	57	4516	-	-	53	16154
ret	57	4565	-	-	43	16597
ret	57	458F	-	-	4	183724
ret	57	4599	-	-	1	206532
ret	57	45BB	-	-	4	7669
ret	57	45E5	-	-	1	16101
ret	57	467D	-	-	21	9795
ret	57	468D	-	-	1	25275
ret	57	46A3	-	-	31	7463
ret	57	46B3	-	-	8	16323
ret	57	46DE	-	-	12	16223
ret	57	46DF	-	-	40	16588
ret	57	470D	-	-	19	16806
ret	57	4730	-	-	4	183710
ret	57	4737	-	-	14	17781
ret	57	474D	-	-	1	206504
ret	57	474E	-	-	3	183956
ret	57	475C	-	-	1	206559
ret	57	4776	-	-	1	16088
ret	57	477D	-	-	3	7727
ret	57	47A4	-	-	1	16123
ret	57	4AC6	-	-	59	16588
ret	57	50B2	-	-	100	7284
ret	57	50CF	-	-	3	183969
ret	57	510E	-	-	5	16101
ret	57	520C	-	-	11	7644
ret	57	527C	-	-	532	16130
ret	57	52D7	-	-	537	16134
ret	57	5354	-	-	5	16101
ret	57	5368	-	-	5	16136
ret	57	5372	-	-	156	16597
ret	57	5383	-	-	184	21616
ret	57	53B8	-	-	92	17712
ret	57	53BD	-	-	17779	16612
ret	57	53C5	-	-	144	16774
ret	57	5410	-	-	15	16094
ret	57	5443	-	-	1	206532
ret	57	546B	-	-	235	16128
ret	57	54F8	-	-	15	9780
ret	57	5509	-	-	7	25436
ret	57	551E	-	-	27	7624
ret	57	552F	-	-	12	7448
ret	57	5544	-	-	40	16588
ret	57	5555	-	-	12	16208
ret	57	5597	-	-	1	206489
ret	57	55B9	-	-	3	183956
ret	57	55CE	-	-	1	206544
ret	57	55F4	-	-	3	7712
ret	57	562F	-	-	1	16108
ret	5C	5263	-	-	4	44003
ret	5C	5266	-	-	10	43929
ret	5C	53A0	-	-	4	43910
ret	5C	5440	-	-	4	43911
ret	5C	545A	-	-	20	43910
ret	5C	54EE	-	-	70	106910
ret	5C	5515	-	-	2	43910
ret	63	4071	-	-	15229	1967
ret	65	41A9	-	-	32	327
ret	65	4760	-	-	5	43586
ret	65	47E9	-	-	2	43886
ret	65	4973	-	-	145	3875
ret	65	4998	-	-	57	3035
ret	65	4A36	-	-	207	2972
ret	65	4A80	-	-	207	2942
ret	65	4AF3	-	-	175	2942
ret	65	4B77	-	-	32	3162
ret	65	4BC5	-	-	206	2989
ret	67	58DC	-	-	14	3035
ret	67	60C7	-	-	1	4475
ret	67	6107	-	-	4	4295
ret	67	6170	-	-	8	4237
ret	67	61D1	-	-	6	4237
ret	67	62C0	-	-	1	190459
ret	67	632C	-	-	2	189713
ret	67	6400	-	-	32	27
ret	67	6436	-	-	32	324
ret	67	644D	-	-	32	27
ret	67	651F	-	-	32	308
ret	67	674E	-	-	131	4057
ret	67	678C	-	-	594	40269
ret	67	6798	-	-	126	41729
ret	67	67CD	-	-	265	40669
ret	67	67DA	-	-	69	4101
ret	67	6827	-	-	1116	4072
ret	67	6841	-	-	1116	4057
ret	67	685E	-	-	1505	4072
ret	68	4020	-	-	16	7761
ret	68	403A	-	-	33	41286
ret	68	4053	-	-	131	4057
ret	68	40F0	-	-	1116	4072
ret	68	4151	-	-	131	4057
ret	68	419B	-	-	119	4101
ret	68	4238	-	-	3	1954
ret	68	424B	-	-	3	1954
ret	68	4282	-	-	27	2937
ret	68	4364	-	-	32	308
ret	68	446D	-	-	3	10226
ret	68	44F8	-	-	6	10225
ret	68	453A	-	-	80	2838
ret	68	45DE	-	-	32	308
ret	68	48D0	-	-	32	324
ret	68	48F2	-	-	32	324
ret	68	49B5	-	-	32	324
ret	68	49FE	-	-	32	324
ret	68	4A0E	-	-	64	324
ret	68	4A49	-	-	32	22
ret	68	4F9D	-	-	2	106996
ret	68	502D	-	-	26	3517
ret	68	5032	-	-	47	2937
ret	68	504C	-	-	73	2937
ret	68	5155	-	-	74	2844
ret	68	5171	-	-	74	2861
ret	68	51FC	-	-	1682	2863
ret	68	5208	-	-	73	2936
ret	68	522B	-	-	103	2844
ret	68	528B	-	-	103	2843
ret	68	5D2E	-	-	116	4118
ret	68	5E91	-	-	131	4072
ret	68	5EBF	-	-	938	4057
ret	68	5EC6	-	-	178	41692
ret	68	5FA1	-	-	27	41269
ret	68	5FC2	-	-	89	4101
ret	68	6044	-	-	254	40709
ret	68	604F	-	-	1251	4072
ret	68	605F	-	-	131	4063
ret	68	60AA	-	-	1116	4061
ret	68	60BA	-	-	1116	4063
ret	68	6E38	-	-	19	4057
ret	68	6EF5	-	-	19	3908
ret	68	6F34	-	-	11	4040
ret	68	6F3F	-	-	5	4220
ret	68	6F5D	-	-	3	151768
ret	68	6F96	-	-	29	3908
ret	68	6FAA	-	-	19	3907
ret	68	7004	-	-	19	3901
ret	68	7018	-	-	19	3907
ret	68	7400	-	-	1	106854
ret	68	7404	-	-	9	3877
ret	68	798F	-	-	8	3275
ret	68	7998	-	-	4	86179
ret	68	79B7	-	-	11	85294
ret	68	7A8E	-	-	11	85188
ret	68	7ACA	-	-	2	85277
ret	68	7ACD	-	-	5	85373
ret	68	7ADF	-	-	4	108037
ret	68	7B18	-	-	18	85188
ret	68	7B99	-	-	11	85187
ret	69	4151	-	-	575	758
ret	6C	4221	-	-	10	28929
ret	6C	4240	-	-	22	49261
ret	6C	4246	-	-	5	202623
ret	6C	4282	-	-	6	14719
ret	6C	42A7	-	-	35	31560
ret	6C	42DA	-	-	15	14657
ret	6C	431A	-	-	23	48706
ret	6C	43AE	-	-	18	14628
ret	6C	440A	-	-	52	14627
ret	6C	4497	-	-	50	48782
ret	6C	4524	-	-	11	202326
ret	6C	462C	-	-	43	14629
ret	6C	46B9	-	-	50	48783
ret	6C	4746	-	-	11	202327
ret	6C	4797	-	-	104	14651
ret	6C	4808	-	-	156	14647
ret	6C	5990	-	-	2	14719
ret	6C	5C1A	-	-	1	104515
ret	6C	5C33	-	-	25	14407
ret	6C	5D8C	-	-	10	49595
ret	6C	5E6D	-	-	70	14290
ret	6C	5E73	-	-	30	27422
ret	6C	5F6D	-	-	62	14288
ret	6C	6012	-	-	7337	14292
ret	6C	6044	-	-	77	14390
ret	6C	6197	-	-	1663	14291
ret	70	4022	-	-	3	106148
ret	70	407E	-	-	1337	106178
ret	70	408E	-	-	1337	106178
ret	70	411A	-	-	2	106177
ret	70	4120	-	-	2	106178
ret	70	4134	-	-	144	106179
ret	70	41BE	-	-	660	106251
ret	70	4214	-	-	1	141515
ret	70	4234	-	-	20	141197
ret	70	425B	-	-	177	141217
ret	70	4274	-	-	104	141394
ret	70	427C	-	-	3	106161
ret	70	4284	-	-	660	106251
ret	70	428C	-	-	505	107028
ret	70	4451	-	-	1	107026
ret	70	4457	-	-	1	107027
ret	70	4483	-	-	120	107028
ret	70	449C	-	-	104	107149
ret	70	44AF	-	-	1	107270
ret	70	4612	-	-	3	106160
ret	70	4637	-	-	2	107270
ret	70	466A	-	-	3	106159
ret	70	46A5	-	-	5	106161
ret	70	479F	-	-	165	106161
ret	70	47BA	-	-	210	107010
ret	70	47E1	-	-	2	106161
ret	70	4802	-	-	2	107010
ret	70	4821	-	-	5	106161
ret	72	4029	-	-	14	786
ret	72	43A0	-	-	16	758
ret	72	444E	-	-	16	749
ret	72	4571	-	-	16	786
ret	72	45FF	-	-	11	780
ret	72	4619	-	-	3	9516
ret	72	4804	-	-	32	753
ret	72	4823	-	-	16	747
ret	72	4871	-	-	16	756
ret	72	48BF	-	-	16	785
ret	73	6142	-	-	6	104643
ret	73	6179	-	-	4	107571
ret	73	6192	-	-	8	104548
ret	73	61B3	-	-	3	104585
ret	73	61D4	-	-	2	139437
ret	73	621F	-	-	11	104524
ret	73	6264	-	-	5	104581
ret	73	6269	-	-	557	104548
ret	73	62A4	-	-	27	104523
ret	73	62A9	-	-	1	169768
ret	73	62D1	-	-	16	104548
ret	73	62D6	-	-	5	104581
ret	75	4006	-	-	312	170
ret	75	400A	-	-	24	10226
ret	75	4028	-	-	25	7935
ret	75	402F	-	-	458	44
ret	75	40DB	-	-	587	44
ret	75	4114	-	-	94	44
ret	75	4396	-	-	94	44
ret	75	43A6	-	-	13	10226
ret	75	443C	-	-	9	7909
ret	75	45AD	-	-	6	10225
ret	75	4DD9	-	-	15	10410
ret	75	5202	-	-	1	106473
ret	75	5692	-	-	16532	52
ret	75	56AC	-	-	144	169
ret	75	56D1	-	-	92	54
ret	75	58CD	-	-	34808	44
ret	75	58E9	-	-	15100	52
ret	75	5B45	-	-	315110	44
ret	75	5DE7	-	-	3	10252
ret	75	5E06	-	-	1	122056
ret	75	5E18	-	-	5	10323
ret	75	5E30	-	-	9	10252
ret	75	5F6B	-	-	453	44
ret	75	5F95	-	-	104	170
ret	75	5F9F	-	-	954	170
ret	75	5FF1	-	-	6	10321
ret	75	614E	-	-	49368	44
ret	75	6154	-	-	14457	170
ret	75	616F	-	-	13	106836
ret	75	61F8	-	-	125391	54
ret	75	6347	-	-	3	10258
ret	75	63F7	-	-	7677	10712
ret	75	6659	-	-	2	10389
ret	75	674F	-	-	12	10389
ret	75	6804	-	-	10	10395
ret	75	6808	-	-	25	10392
ret	75	6812	-	-	9	10428
ret	75	6845	-	-	44	10392
ret	75	68F0	-	-	19	10403
ret	75	697E	-	-	4	10381
ret	75	6A13	-	-	2	10403
ret	75	6B26	-	-	4	10409
ret	75	6BD4	-	-	508	10628
ret	75	74E8	-	-	18122	7935
ret	75	755E	-	-	14	7935
ret	75	75E1	-	-	9	10225
ret	75	75E4	-	-	3	10225
ret	75	7641	-	-	81888	191
ret	75	7EF6	-	-	17332	8038
ret	75	7F45	-	-	4	8038
ret	7C	7B99	-	-	26	2591
ret	7C	7D1E	-	-	20	14903
ret	7C	7D6F	-	-	24	3517
ret	7D	7BA3	-	-	123723	327
ret	7D	7BB6	-	-	31996	550
ret	7D	7BC0	-	-	91723	327
ret	7D	7BEF	-	-	123723	327
ret	7D	7C11	-	-	931	16
ret	7E	7BA2	-	-	28	10565
ret	7E	7E4B	-	-	6	10565
ret	7F	400D	-	-	4971	1968
ret	7F	4041	-	-	4971	1968
ret	7F	4071	-	-	15229	1967
ret	7F	40AF	-	-	15229	1967
ret	7F	40B8	-	-	15229	1967
ret	7F	40F8	-	-	15229	1967
ret	7F	41CF	-	-	864	1967
ret	7F	41E9	-	-	30458	1967
ret	7F	4217	-	-	5502	1969
ret	7F	4219	-	-	1820	1967
ret	7F	422A	-	-	180	169907
ret	7F	4283	-	-	33928	2942
ret	7F	499B	-	-	41480	1967
ret	7F	4C56	-	-	8	1967
ret	7F	61FE	-	-	16	7761
ret	7F	620B	-	-	53	7761
ret	7F	720B	-	-	2	11283
ret	7F	721C	-	-	22	11284
ret	7F	7223	-	-	1	12073
ret	7F	7234	-	-	11	12074
ret	7F	72AF	-	-	173	712
ret	7F	72C1	-	-	170	729
ret	7F	72E1	-	-	25	10381
ret	7F	7466	-	-	22	11284
ret	7F	7705	-	-	11	12074
ret_other	75	443C	00	018D	2	106178	expected=5D73
ret_other	75	4590	00	018D	2	106305	expected=5D55
ret_other	75	55EC	00	018D	1	141197	expected=5D4F
ret_unmatched	00	0A29	00	0B54	639	754
ret_unmatched	00	0B53	00	0A1A	639	754
ret_unmatched	00	0B53	57	52D8	5999	16752
ret_unmatched	00	0B53	57	531E	14451	16597
ret_unmatched	0E	405E	00	06FF	5	46298
ret_unmatched	0E	4082	0E	4021	5	46298
ret_unmatched	1D	4216	00	06FF	1	137251
ret_unmatched	1F	4251	00	06FF	2	48643
ret_unmatched	1F	428A	00	06FF	2	124019
ret_unmatched	23	4115	00	06FF	3	1416
ret_unmatched	23	4C1C	23	40AE	2	25151
ret_unmatched	23	4C8C	00	06FF	2	11087
ret_unmatched	24	4255	00	06FF	2	173165
ret_unmatched	24	4DE0	24	4206	6	170392
ret_unmatched	27	40D6	00	06FF	11	8540
ret_unmatched	27	44E0	00	06FF	2	10354
ret_unmatched	27	469F	00	06FF	13	8539
ret_unmatched	27	49AF	00	06FF	2	10984
ret_unmatched	2E	4A7C	00	06FF	2	10678
ret_unmatched	48	49B3	00	06FF	1	28783
ret_unmatched	48	49C0	00	06FF	2	138000
ret_unmatched	48	49DA	00	06FF	1	139028
ret_unmatched	4C	4131	00	06FF	1	106996
ret_unmatched	4C	417C	00	06FF	1	141516
ret_unmatched	4E	5017	00	06FF	2	107491
ret_unmatched	4F	467F	00	06FF	3	28783
ret_unmatched	4F	46A4	00	06FF	3	107571
ret_unmatched	51	4049	00	06FF	1	107491
ret_unmatched	51	41D7	51	4003	1	107491
ret_unmatched	55	5F19	00	06FF	15	17429
ret_unmatched	55	5F1C	00	06FF	6	17149
ret_unmatched	55	5F22	00	06FF	1	20380
ret_unmatched	55	5F25	00	06FF	2	191589
ret_unmatched	55	5F28	00	06FF	2	183708
ret_unmatched	57	40DF	00	06FF	7	17796
ret_unmatched	57	430C	57	4062	10	17432
ret_unmatched	57	431E	57	4062	3	120685
ret_unmatched	57	4324	57	4062	2	70073
ret_unmatched	57	4332	57	4062	2	183708
ret_unmatched	57	433E	57	4062	1	20380
ret_unmatched	57	438D	57	4062	2	17151
ret_unmatched	57	531D	00	0B54	5999	16752
ret_unmatched	57	533F	00	0B54	14451	16597
ret_unmatched	65	4973	00	06FF	3	85627
ret_unmatched	65	4998	00	06FF	1	66551
ret_unmatched	67	58DC	00	06FF	1	66639
ret_unmatched	68	5D2E	00	06FF	3	96866
ret_unmatched	68	5FA1	68	5D1F	1	96849
ret_unmatched	68	5FC2	68	5D1F	2	102529
ret_unmatched	68	7998	00	06FF	1	85627
ret_unmatched	6C	4221	00	06FF	1	125460
ret_unmatched	6C	4240	00	06FF	5	48907
ret_unmatched	6C	4246	00	06FF	1	202423
ret_unmatched	6C	4282	00	06FF	2	48293
ret_unmatched	6C	5990	00	06FF	6	31603
ret_unmatched	6C	5C1A	00	06FF	1	139028
ret_unmatched	6C	5C33	00	06FF	3	28783
ret_unmatched	6C	5C33	6C	59A5	8	31527
ret_unmatched	6C	5D8C	6C	59A5	3	47879
ret_unmatched	72	4029	00	06FF	2	1366
ret_unmatched	72	45FF	00	06FF	2	1360
ret_unmatched	73	6142	00	06FF	1	169884
ret_unmatched	75	4006	75	5E31	3	10258
ret_unmatched	75	4028	00	018D	6	10225
ret_unmatched	75	406F	75	4115	3	106837
ret_unmatched	75	406F	75	4235	50	44
ret_unmatched	75	406F	75	4329	32	170
ret_unmatched	75	406F	75	43B1	3	10226
ret_unmatched	75	406F	75	44CB	4	10700
ret_unmatched	75	406F	75	457D	3	10225
ret_unmatched	75	406F	75	4587	9	7909
ret_unmatched	75	406F	75	4591	3	10225
ret_unmatched	75	406F	75	490A	2	10381
ret_unmatched	75	406F	75	49A9	2	10404
ret_unmatched	75	406F	75	4C41	2	10626
ret_unmatched	75	406F	75	4CA3	13	10410
ret_unmatched	75	406F	75	4DE2	1	106473
ret_unmatched	75	406F	75	559F	4	8038
ret_unmatched	75	406F	75	563A	53	308
ret_unmatched	75	415C	00	018D	3	106837
ret_unmatched	75	422F	00	018D	4	10849
ret_unmatched	75	443C	00	018D	105	44
ret_unmatched	75	44B4	75	43F7	3	10226
ret_unmatched	75	450B	00	018D	1	107027
ret_unmatched	75	4590	00	018D	7	7909
ret_unmatched	75	5615	00	018D	3	8038
ret_unmatched	75	565B	00	018D	50	308
ret_unmatched	75	5BC6	75	5E31	92	54
ret_unmatched	75	5BD2	75	5E31	4	10389
ret_unmatched	75	5BD8	75	5E31	3	10708
ret_unmatched	75	5BF8	75	5E31	3	10710
ret_unmatched	75	5C0E	75	5E31	88	186
ret_unmatched	75	5D2B	75	5E31	57	10392
ret_unmatched	75	5D41	75	5E31	2	10386
ret_unmatched	75	5D6A	75	5E31	93	52
ret_unmatched	75	5D78	75	5E31	3	10254
ret_unmatched	75	5D98	75	5E31	6	10323
ret_unmatched	75	5DE1	75	5E31	3	10252
ret_unmatched	75	5E90	75	5E31	1	106836
ret_unmatched	75	6181	75	61F1	125489	52
ret_unmatched	75	6181	75	626C	18	10236
ret_unmatched	75	6181	75	63E7	7692	10702
ret_unmatched	75	6181	75	6457	4	10386
ret_unmatched	75	6181	75	69B2	10	10392
ret_unmatched	75	6181	75	6A6C	4	10406
ret_unmatched	75	6181	75	6BD1	512	10628
ret_unmatched	75	6181	75	6C02	35	10412
ret_unmatched	75	6181	75	74DB	18156	7920
ret_unmatched	75	6181	75	7634	82016	178
ret_unmatched	75	6181	75	7EEF	17336	8038
ret_unmatched	75	756E	75	7540	8	7935
ret_unmatched	7C	7B99	00	06FF	6	2471
ret_unmatched	7C	7D1E	00	06FF	5	2391
ret_unmatched	7C	7D6F	00	06FF	2	66729
