# bank	addr	count	first_frame	first_bytes	changed	wram_bank
# bank = ROM bank actually mapped (2 hex digits) or WRAM/HRAM/VRAM/SRAM/OTHER; addr = CPU address of an executed instruction start
# first_bytes/changed/wram_bank are present for RAM rows only (3 bytes at addr at first execution; times they differed later; SVBK bank for D000-DFFF)
00	0040	11031	17
00	0048	443	5003
00	0050	93536	44
00	0058	6576	44
00	0100	16	0
00	0101	16	0
00	0150	48	44
00	0152	48	44
00	0155	48	44
00	0156	48	44
00	0159	48	44
00	015A	48	44
00	015D	48	44
00	015F	16	44
00	0161	16	44
00	0162	16	44
00	0164	16	44
00	0167	16	44
00	0168	16	44
00	0169	16	44
00	016A	16	44
00	016B	48	44
00	016E	48	44
00	0170	48	44
00	0173	48	44
00	0174	48	44
00	0175	48	44
00	0176	48	44
00	0177	48	44
00	017A	48	44
00	017C	48	44
00	017D	48	44
00	017F	48	44
00	0180	48	44
00	0182	48	44
00	0185	48	44
00	0187	48	44
00	018A	48	44
00	018D	48	44
00	0190	48	44
00	0191	48	44
00	0194	48	44
00	0195	48	44
00	0198	48	44
00	0199	48	44
00	019C	48	44
00	019D	48	44
00	019E	48	44
00	019F	48	44
00	01A0	48	44
00	01A1	48	44
00	01A4	48	44
00	01A5	48	44
00	01A8	48	44
00	01AB	48	44
00	01AD	48	44
00	01B0	48	44
00	01B1	48	44
00	01B2	48	44
00	01B3	48	44
00	01B6	48	44
00	01B7	6576	44
00	01B8	6576	44
00	01B9	6576	44
00	01BA	6576	44
00	01BB	6576	44
00	01BE	6576	44
00	01BF	6576	44
00	01C0	6576	44
00	01C1	6576	44
00	01C2	6576	44
00	01C5	6576	44
00	01C7	6576	44
00	01C8	6576	44
00	01CA	6576	44
00	01CB	6576	44
00	01CD	6576	44
00	01D0	6576	44
00	01D2	6576	44
00	01D5	6576	44
00	01D8	6576	44
00	01D9	6576	44
00	01DC	6576	44
00	01DD	6576	44
00	01DE	6576	44
00	01DF	6576	44
00	01E0	6576	44
00	01E1	6576	44
00	01E4	6576	44
00	01E5	6576	44
00	01E8	6576	44
00	01E9	6576	44
00	01EA	6576	44
00	01EB	6576	44
00	01EC	6576	44
00	01ED	93536	44
00	01EE	93536	44
00	01EF	93536	44
00	01F0	93536	44
00	01F1	93536	44
00	01F2	93536	44
00	01F4	93536	44
00	01F6	93536	44
00	01F8	93536	44
00	01FA	93536	44
00	01FD	93536	44
00	01FE	93536	44
00	0200	93536	44
00	0203	93536	44
00	0205	93536	44
00	0207	93536	44
00	0209	93536	44
00	020B	93536	44
00	020D	93536	44
00	0210	93536	44
00	0211	93536	44
00	0212	93536	44
00	0213	93536	44
00	0214	93536	44
00	0217	93536	44
00	0219	93536	44
00	021A	93536	44
00	021C	93536	44
00	021D	93536	44
00	021F	93536	44
00	0222	93536	44
00	0224	93536	44
00	0227	93536	44
00	022A	93536	44
00	022B	93536	44
00	022E	93536	44
00	022F	93536	44
00	0230	93536	44
00	0231	93536	44
00	0232	93536	44
00	0233	93536	44
00	0236	93536	44
00	0237	93536	44
00	023A	93536	44
00	023C	93536	44
00	023E	93536	44
00	0240	93536	44
00	0242	93536	44
00	0243	93536	44
00	0244	93536	44
00	0245	93536	44
00	0246	93536	44
00	0278	16	0
00	0279	16	0
00	027B	16	0
00	027E	16	0
00	027F	16	0
00	0280	16	0
00	0282	16	0
00	0284	16	0
00	0286	16	0
00	0289	16	0
00	028C	16	0
00	028E	16	0
00	0290	16	0
00	0292	16	0
00	0295	16	0
00	0296	16	0
00	0299	16	0
00	029C	16	0
00	029E	16	0
00	02A0	16	0
00	02AE	16	0
00	02B0	16	0
00	02B2	16	0
00	02B5	16	0
00	02B8	16	0
00	02B9	16	0
00	02BC	16	1
00	02BE	16	1
00	02C0	96	1
00	02C1	96	1
00	02C3	96	1
00	02C6	96	1
00	02C9	96	1
00	02CA	96	1
00	02CD	96	2
00	02CE	96	2
00	02CF	96	2
00	02D1	16	5
00	02D2	16	5
00	02D4	16	5
00	02D6	16	5
00	02D9	16	5
00	02DC	16	5
00	02DD	16	5
00	02E0	16	7
00	02E3	16	7
00	02E6	16	7
00	02E7	16	7
00	02EA	16	8
00	02ED	16	8
00	02F0	16	8
00	02F3	16	8
00	02F4	16	8
00	02F7	16	8
00	02FA	16	8
00	02FB	16	8
00	02FD	16	8
00	0300	16	8
00	0302	16	8
00	0303	16	8
00	0305	16	8
00	0307	16	8
00	030A	16	8
00	030B	16	8
00	030D	16	8
00	030F	16	8
00	0311	16	8
00	0314	16	8
00	0317	16	17
00	031A	16	17
00	031B	16	17
00	031C	16	17
00	031E	16	17
00	0321	16	17
00	0322	16	17
00	0324	16	17
00	0327	16	17
00	0328	16	17
00	0331	32	16
00	0333	32	16
00	0335	32	16
00	0338	32	16
00	033A	32	16
00	033D	32	16
00	033F	32	16
00	0341	32	16
00	0344	32	16
00	0346	32	16
00	0349	32	16
00	034A	64	16
00	034C	4096	16
00	034D	4096	16
00	034E	4096	16
00	034F	4096	16
00	0351	64	16
00	0392	43652	0
00	0393	43652	0
00	0395	43652	0
00	0397	43652	0
00	0399	133	0
00	039A	43652	0
00	039D	43652	0
00	039E	43652	0
00	03A0	7575	0
00	03A2	7575	0
00	03A5	7575	0
00	03A6	7575	0
00	03A7	7575	0
00	03A8	7575	0
00	03AA	7575	0
00	03AB	7575	0
00	03AD	7575	0
00	03AF	7575	0
00	03B2	7575	0
00	03B3	7575	0
00	03B5	7575	0
00	03B6	7575	0
00	03B7	7575	0
00	03B8	43652	0
00	03B9	43652	0
00	03BA	11031	17
00	03BB	11031	17
00	03BE	11031	17
00	03BF	11031	17
00	03C1	11031	17
00	03C4	11031	17
00	03C5	11031	17
00	03C6	11031	17
00	03C7	11031	17
00	03CA	11031	17
00	03CB	11031	17
00	03CD	10966	17
00	03D0	11031	17
00	03D3	11031	17
00	03D5	11031	17
00	03D7	11031	17
00	03D9	11031	17
00	03DA	11031	17
00	03DD	11031	17
00	03DE	11031	17
00	03E0	11031	17
00	0400	11031	17
00	0401	11031	17
00	0404	11031	17
00	0406	11031	17
00	0408	11031	17
00	040A	6839	17
00	040B	11031	17
00	040E	11031	17
00	040F	11031	17
00	0411	11031	17
00	0413	64	104
00	0414	64	104
00	0415	64	104
00	0417	64	104
00	0418	64	104
00	041A	64	104
00	042E	11031	17
00	042F	11031	17
00	0432	11031	17
00	0433	11031	17
00	0435	3489	17
00	0437	3489	17
00	0438	3489	17
00	043A	3489	17
00	043B	3489	17
00	043E	3489	17
00	0440	7542	18
00	0441	7542	18
00	0443	7542	18
00	0446	11031	17
00	0447	11031	17
00	0448	11031	17
00	0449	11031	17
00	044A	11031	17
00	044B	6041	43
00	044C	6041	43
00	044E	6041	43
00	0450	6041	43
00	0452	6041	43
00	0453	77945	43
00	0454	77929	44
00	0455	77929	44
00	0458	77929	44
00	0459	77929	44
00	045B	6025	44
00	045C	6025	44
00	045F	6025	44
00	0462	6025	44
00	0463	6025	44
00	0464	209	5002
00	0465	209	5002
00	0467	209	5002
00	0469	209	5002
00	046B	209	5002
00	046C	209	5002
00	046D	208	5003
00	046E	208	5003
00	0471	208	5003
00	0472	208	5003
00	0474	208	5003
00	0475	208	5003
00	0478	208	5003
00	0479	208	5003
00	047A	572	28
00	047B	572	28
00	047D	572	28
00	047F	572	28
00	0481	571	28
00	0482	571	28
00	0483	571	29
00	0484	571	29
00	0485	571	29
00	0488	571	29
00	0489	571	29
00	048B	571	29
00	048D	571	29
00	048F	571	29
00	0491	572	29
00	0492	572	29
00	0495	572	29
00	0496	572	29
00	04A0	32	16
00	04A2	32	16
00	04A5	32	16
00	04A7	32	16
00	04AA	32	16
00	04AC	32	16
00	04AF	32	16
00	04B1	32	16
00	04B4	32	16
00	04B6	32	16
00	04B9	32	16
00	04BB	32	16
00	04BE	32	16
00	04C0	32	16
00	04C3	32	16
00	04C5	32	16
00	04C8	32	16
00	04CA	32	16
00	04CD	32	16
00	04CF	32	16
00	04D2	32	16
00	04D4	32	16
00	04D7	32	16
00	04D8	539	0
00	04D9	539	0
00	04DA	539	0
00	04DC	16480	8
00	04DD	16480	8
00	04DE	16480	8
00	04E0	122	8
00	04E1	417	0
00	04E2	417	0
00	04E3	417	0
00	04E5	32	8
00	04E6	1929728	0
00	04E7	1929728	0
00	04E8	1929728	0
00	04EA	7540	0
00	04EB	7540	0
00	04ED	417	1
00	050C	126	26
00	050D	126	26
00	050E	126	26
00	0510	9712	26
00	0511	9712	26
00	0512	9712	26
00	0513	9712	26
00	0514	9712	26
00	0516	104	26
00	0517	22	324
00	0518	22	324
00	0519	22	324
00	051B	6	4032
00	051C	5824	324
00	051D	5824	324
00	051E	5824	324
00	051F	5824	324
00	0520	5824	324
00	0522	28	324
00	0523	28	324
00	0525	22	324
00	0526	2	4200
00	0527	2	4200
00	0528	2	4200
00	0531	2	4200
00	0532	2	4200
00	0533	2	4200
00	0535	2	4200
00	0536	576	4200
00	0537	576	4200
00	0538	576	4200
00	0539	576	4200
00	053A	576	4200
00	053C	4	4200
00	053D	4	4200
00	053F	2	4200
00	0545	926	27
00	0546	926	27
00	0547	926	27
00	0548	926	27
00	054A	926	27
00	054B	926	27
00	054C	926	27
00	054D	926	27
00	054E	926	27
00	054F	926	27
00	0550	926	27
00	056A	157	4044
00	056C	157	4044
00	056D	157	4044
00	056E	157	4044
00	0570	157	4044
00	0572	157	4044
00	0573	157	4044
00	0575	157	4044
00	0578	156	4044
00	057A	156	4044
00	057D	156	4044
00	057F	156	4044
00	0582	156	4044
00	0584	156	4044
00	0587	156	4044
00	0589	156	4044
00	059B	1	4200
00	059C	1	4200
00	059F	48	8
00	05A2	48	8
00	05A5	480	8
00	05A6	480	8
00	05A7	480	8
00	05A8	480	8
00	05A9	480	8
00	05AB	48	8
00	05B6	35	28
00	05B8	35	28
00	05BA	35	28
00	05BC	35	28
00	05BD	17	0
00	05BF	17	0
00	05C1	17	0
00	05C2	17	0
00	05C3	17	0
00	05C5	17	0
00	05C7	17	0
00	05C9	1	3965
00	05CB	1	3965
00	05CC	1	3965
00	05CE	1	3965
00	05D0	1	3965
00	05D2	1	3965
00	05D4	1	3965
00	05D6	1	3965
00	05D8	1	3965
00	05DA	1	3965
00	05DC	1	3965
00	05DE	1	3965
00	05E0	1	3965
00	05E2	1	3965
00	05E3	1	3965
00	05E5	1	3965
00	05E6	1	3965
00	05E8	1	3965
00	05E9	1	3965
00	05EC	1	3965
00	05ED	16	0
00	05EF	16	0
00	05F1	16	0
00	05F3	16	0
00	05F5	16	0
00	05F7	16	0
00	05F9	16	0
00	05FB	16	0
00	05FD	16	0
00	05FE	16	0
00	0601	16	0
00	0602	16	0
00	0603	16	0
00	0605	16	0
00	0606	16	0
00	0608	16	0
00	0609	16	0
00	060A	16	0
00	060C	16	0
00	060E	16	0
00	0610	16	0
00	0611	16	0
00	0613	16	0
00	0615	16	0
00	0617	16	0
00	0619	16	0
00	061B	16	0
00	061C	16	0
00	061E	16	0
00	061F	16	0
00	0621	16	0
00	0622	20286	16
00	0623	20286	16
00	0624	13712	16
00	0626	13712	16
00	0628	91	460
00	062A	91	460
00	062C	91	460
00	062E	91	460
00	0630	91	460
00	0637	13621	16
00	0639	13621	16
00	063C	13621	16
00	063D	5232	26
00	063E	5232	26
00	063F	196	26
00	0641	196	26
00	0643	35	26
00	0645	35	26
00	0647	35	26
00	0649	35	26
00	064B	35	26
00	0652	161	4039
00	0654	161	4039
00	0657	161	4039
00	0658	5036	43
00	0659	5036	43
00	065A	5036	43
00	065C	5036	43
00	066D	5036	43
00	066F	5036	43
00	0672	5036	43
00	0673	10021	16
00	0675	10021	16
00	0677	16	460
00	0679	16	460
00	067B	16	460
00	067D	16	460
00	0681	10005	16
00	0683	10005	16
00	0684	32	16
00	0686	32	16
00	0688	32	16
00	068A	32	16
00	068C	32	16
00	068E	32	16
00	0690	32	16
00	0691	32	16
00	0693	32	16
00	0695	32	16
00	0697	32	16
00	0699	32	16
00	069B	32	16
00	069D	32	16
00	069F	32	16
00	06A1	32	16
00	06A3	32	16
00	06A5	32	16
00	06A7	32	16
00	06AA	32	16
00	06AB	32	16
00	06AD	32	16
00	06B0	32	16
00	06B2	32	16
00	06B4	32	16
00	06B6	32	16
00	06BC	54	26
00	06BE	54	26
00	06BF	54	26
00	06C1	54	26
00	06C2	54	26
00	06C4	54	26
00	06C5	54	26
00	06C6	54	26
00	06C8	54	26
00	06C9	54	26
00	06CB	54	26
00	06CD	54	26
00	06CF	54	26
00	06D1	9967	16
00	06D3	9967	16
00	06D4	9967	16
00	06D6	9967	16
00	06D7	9967	16
00	06D9	9967	16
00	06DA	9967	16
00	06DB	9967	16
00	06DD	9967	16
00	06DE	9967	16
00	06E0	9967	16
00	06E1	9967	16
00	06E3	9967	16
00	06EE	10021	16
00	06EF	10021	16
00	06F2	10021	16
00	06F3	10021	16
00	06F4	10021	16
00	06F6	10021	16
00	06F7	10021	16
00	06F9	10021	16
00	06FC	10021	16
00	06FF	9987	16
00	0701	9987	16
00	0702	9987	16
00	0704	9987	16
00	0705	9987	16
00	0707	9987	16
00	0708	9987	16
00	0709	9987	16
00	070C	9987	16
00	070D	9987	16
00	070E	9987	16
00	0710	9987	16
00	0711	9987	16
00	0713	9987	16
00	0749	80	26
00	074B	80	26
00	074E	80	26
00	074F	80	26
00	0751	80	26
00	0752	80	26
00	0754	80	26
00	0755	80	26
00	0757	80	26
00	0758	80	26
00	075A	80	26
00	075C	80	26
00	075D	80	26
00	075F	80	26
00	0761	80	26
00	0763	80	26
00	0764	80	26
00	0766	80	26
00	0768	80	26
00	076A	116847	26
00	076C	116847	26
00	076E	116847	26
00	0770	81	27
00	0771	81	27
00	0773	80	27
00	0774	80	27
00	0776	80	27
00	0777	80	27
00	0779	80	27
00	077A	170	5007
00	077C	170	5007
00	077E	170	5007
00	0780	3	5007
00	0782	3	5007
00	0785	3	5007
00	0787	84	23
00	0789	84	23
00	078C	84	23
00	078D	84	23
00	078F	84	23
00	0790	84	23
00	0792	84	23
00	0793	84	23
00	0795	84	23
00	0796	84	23
00	0798	84	23
00	079A	84	23
00	079B	84	23
00	079D	84	23
00	079F	84	23
00	07A1	84	23
00	07A2	84	23
00	07A4	84	23
00	07A6	84	23
00	07A8	315596	23
00	07AA	315596	23
00	07AC	315596	23
00	07AE	82	24
00	07AF	82	24
00	07B1	84	24
00	07B2	84	24
00	07B4	84	24
00	07B5	84	24
00	07B8	84	24
00	07BA	84	24
00	07CB	18	330
00	07CC	18	330
00	07CE	18	330
00	07D0	18	330
00	07D2	18	330
00	07D3	18	330
00	07D5	18	330
00	07D6	18	330
00	07D8	18	330
00	07D9	18	330
00	07DB	18	330
00	07DC	18	330
00	07DF	18	330
00	07E1	18	330
00	07E3	18	330
00	07E6	18	330
00	07E7	18	330
00	07EA	18	331
00	07EB	18	331
00	07ED	18	331
00	07EF	18	331
00	07F2	18	331
00	07F3	18	331
00	07F6	18	331
00	07F7	18	331
00	07FA	18	331
00	082C	18	26
00	082D	18	26
00	082F	18	26
00	0831	18	26
00	0833	18	26
00	0834	18	26
00	0836	18	26
00	0837	18	26
00	0839	18	26
00	083A	18	26
00	083C	18	26
00	083F	18	26
00	0841	18	26
00	0843	18	26
00	0846	18	26
00	0847	18	26
00	084A	18	27
00	084B	18	27
00	084D	18	27
00	084F	18	27
00	0852	18	27
00	0853	18	27
00	0856	18	27
00	0857	18	27
00	085A	18	27
00	08B7	38	26
00	08B9	38	26
00	08BB	38	26
00	08BC	37	26
00	08BE	37	26
00	08C0	37	26
00	08EA	35	26
00	08ED	35	26
00	08EF	35	26
00	08F2	35	26
00	08F3	35	26
00	08F5	35	26
00	08F6	35	26
00	08F7	35	26
00	08FA	35	26
00	08FB	35	26
00	08FC	35	26
00	08FD	35	26
00	08FF	35	26
00	0900	35	26
00	0903	35	26
00	0904	24840	26
00	0905	24840	26
00	0906	24840	26
00	0907	24840	26
00	0908	24840	26
00	090A	1242	26
00	090C	1242	26
00	090D	1242	26
00	090F	1242	26
00	0910	1242	26
00	0912	1242	26
00	0913	1242	26
00	0914	1242	26
00	0916	1242	26
00	0917	1242	26
00	0918	1242	26
00	0919	1242	26
00	091B	70	26
00	0956	6238	43
00	0958	6238	43
00	095B	6238	43
00	095E	6238	43
00	095F	6238	43
00	0960	6238	43
00	0961	6238	43
00	0962	6238	43
00	0964	6238	43
00	0966	6238	43
00	0967	6238	43
00	0969	6238	43
00	096B	6238	43
00	096D	6238	43
00	096F	6238	43
00	0972	6238	43
00	0975	6238	43
00	0977	87332	43
00	0978	87332	43
00	0979	87332	43
00	097C	87332	43
00	097D	87332	43
00	097E	87332	43
00	0980	87332	43
00	0981	87332	43
00	0982	87332	43
00	0983	87332	43
00	0985	87332	43
00	0987	5036	43
00	0988	5036	43
00	098A	5036	43
00	098D	87332	43
00	098E	87332	43
00	098F	87332	43
00	0992	87332	43
00	0993	87332	43
00	0996	87332	43
00	0997	87332	43
00	0998	87332	43
00	0999	87332	43
00	099B	6238	43
00	099C	6238	43
00	099F	6238	43
00	09A0	6238	43
00	09A2	6238	43
00	09A4	6238	43
00	09A5	6238	43
00	09A8	6238	43
00	09AA	6238	43
00	09AB	6238	43
00	09AD	6238	43
00	09AF	6238	43
00	09B1	6238	43
00	09B2	6238	43
00	09B3	6238	43
00	09B4	6238	43
00	09B5	6238	43
00	09B6	50	22
00	09B9	50	23
00	09BA	50	23
00	09BB	50	23
00	09BC	50	23
00	09BE	50	23
00	09C0	50	23
00	09C1	50	23
00	09C3	50	23
00	09C5	50	23
00	09C7	50	23
00	09C9	50	23
00	09CA	50	23
00	09CC	50	23
00	09CE	50	23
00	09D1	50	23
00	09D4	50	23
00	09D6	50	23
00	09D9	50	23
00	09DB	50	23
00	09DC	50	23
00	09DE	50	23
00	09E0	50	23
00	09E2	50	23
00	09E3	50	23
00	09E4	50	23
00	09E5	50	23
00	09E6	1	4206
00	09E7	1	4206
00	09E8	1	4206
00	09EA	1	4206
00	09EC	1	4206
00	09ED	1	4206
00	09EF	1	4206
00	09F1	1	4206
00	09F3	1	4206
00	09F5	1	4206
00	09F8	1	4206
00	09FA	1	4206
00	09FD	1	4206
00	09FF	1	4206
00	0A00	1	4206
00	0A02	1	4206
00	0A04	1	4206
00	0A06	1	4206
00	0A07	1	4206
00	0A08	1	4206
00	0A09	6288	22
00	0A0A	6288	22
00	0A0B	6288	22
00	0A0C	6288	22
00	0A0E	6288	22
00	0A11	6288	22
00	0A12	1006080	22
00	0A13	1006080	22
00	0A14	1006080	22
00	0A16	6288	23
00	0A17	6288	23
00	0A18	6288	23
00	0A19	6288	23
00	0A1A	161	4039
00	0A1B	161	4039
00	0A1D	161	4039
00	0A1E	161	4039
00	0A1F	161	4039
00	0A20	161	4039
00	0A21	161	4039
00	0A22	161	4039
00	0A24	161	4039
00	0A25	161	4039
00	0A26	161	4039
00	0A27	161	4039
00	0A28	161	4039
00	0A29	161	4039
00	0A45	2	4035
00	0A47	2	4035
00	0A49	2	4035
00	0A4B	2	4035
00	0A4C	2	4035
00	0A4E	2	4035
00	0A50	2	4035
00	0A52	2	4035
00	0A54	2	4035
00	0A55	2	4035
00	0A56	2	4035
00	0A57	2	4035
00	0A58	2	4035
00	0A5A	2	4035
00	0A5B	2	4035
00	0A5D	2	4035
00	0A5E	2	4035
00	0A60	2	4035
00	0A62	2	4035
00	0A64	2	4035
00	0A65	26	26
00	0A66	26	26
00	0A68	26	26
00	0A6A	26	26
00	0A6B	26	26
00	0A6D	26	26
00	0A6F	26	26
00	0A71	26	26
00	0A73	26	26
00	0A74	26	26
00	0A75	26	26
00	0A76	26	26
00	0A77	26	26
00	0A79	26	26
00	0A7A	26	26
00	0A7C	26	26
00	0A7E	26	26
00	0A80	26	26
00	0A81	26	26
00	0A82	23	26
00	0A84	23	26
00	0A86	23	26
00	0A87	23	26
00	0A89	23	26
00	0A8A	23	26
00	0A8B	23	26
00	0A8D	23	26
00	0A8F	23	26
00	0A92	23	26
00	0A94	23	26
00	0A96	23	26
00	0A98	23	26
00	0A9B	23	26
00	0A9C	23	26
00	0A9F	23	26
00	0AA0	23	26
00	0AA1	23	26
00	0AA4	23	26
00	0AA5	23	26
00	0AA7	23	26
00	0AA8	23	26
00	0AA9	23	26
00	0AAA	23	26
00	0AAB	23	26
00	0AAE	23	26
00	0AB0	23	26
00	0AB1	23	26
00	0AB3	23	26
00	0AB5	23	26
00	0AB7	23	26
00	0AB8	23	26
00	0AB9	23	26
00	0ABA	23	26
00	0ABB	23	26
00	0ABD	23	26
00	0ABE	23	26
00	0ABF	23	26
00	0AC0	23	26
00	0AC1	23	26
00	0AC3	23	26
00	0AC4	23	26
00	0AC5	23	26
00	0AC6	23	26
00	0AC7	23	26
00	0AC8	23	26
00	0AC9	23	26
00	0ACA	23	26
00	0ACB	23	26
00	0ACC	23	26
00	0ACD	23	26
00	0ACE	23	26
00	0ACF	23	26
00	0AD0	23	26
00	0AD1	23	26
00	0AD2	23	26
00	0AD3	23	26
00	0AD4	23	26
00	0AD5	23	26
00	0AD6	23	26
00	0AD7	23	26
00	0AD8	23	26
00	0AD9	23	26
00	0ADA	23	26
00	0ADB	23	26
00	0ADC	23	26
00	0ADD	23	26
00	0ADE	23	26
00	0ADF	23	26
00	0AE0	23	26
00	0AE1	23	26
00	0AE4	23	26
00	0AE5	23	26
00	0AE6	23	26
00	0AE7	23	26
00	0AE8	87332	43
00	0AE9	87332	43
00	0AEA	87332	43
00	0AED	87332	43
00	0AEE	87332	43
00	0AEF	87332	43
00	0AF1	87332	43
00	0AF3	5036	43
00	0AF4	5036	43
00	0AF6	5036	43
00	0AF9	5036	43
00	0AFA	5036	43
00	0AFB	5036	43
00	0AFC	5036	43
00	0AFE	5036	43
00	0AFF	5036	43
00	0B00	5036	43
00	0B02	295	62
00	0B03	295	62
00	0B04	295	62
00	0B05	295	62
00	0B06	295	62
00	0B07	295	62
00	0B08	295	62
00	0B0A	295	62
00	0B0B	295	62
00	0B0C	295	62
00	0B0D	295	62
00	0B0E	295	62
00	0B0F	295	62
00	0B10	295	62
00	0B11	295	62
00	0B13	114	122
00	0B14	114	122
00	0B17	114	122
00	0B18	114	122
00	0B1A	114	122
00	0B23	295	62
00	0B24	295	62
00	0B25	295	62
00	0B26	295	62
00	0B28	295	62
00	0B29	295	62
00	0B2A	295	62
00	0B2B	295	62
00	0B2C	295	62
00	0B2D	295	62
00	0B2E	295	62
00	0B2F	295	62
00	0B32	295	62
00	0B33	295	62
00	0B34	295	62
00	0B35	295	62
00	0B36	87332	43
00	0B37	87332	43
00	0B38	87332	43
00	0B3B	87332	43
00	0B3C	87332	43
00	0B3D	87332	43
00	0B3E	87332	43
00	0B3F	87332	43
00	0B40	87332	43
00	0B41	87332	43
00	0B43	87332	43
00	0B45	5036	43
00	0B48	5036	43
00	0B49	5036	43
00	0B4A	5036	43
00	0B4C	161	4039
00	0B4D	161	4039
00	0B4E	161	4039
00	0B51	161	4039
00	0B52	161	4039
00	0B53	161	4039
00	0B54	161	4039
00	0B56	161	4039
00	0B58	161	4039
00	0B5A	161	4039
00	0B5B	161	4039
00	0B5C	161	4039
00	0B5F	161	4039
00	0B60	161	4039
00	0B61	161	4039
00	0B64	161	4039
00	0B65	161	4039
00	0B66	161	4039
00	0B67	161	4039
00	0B69	161	4039
00	0B6B	161	4039
00	0B6C	161	4039
00	0B6E	161	4039
00	0B71	87332	43
00	0B72	87332	43
00	0B73	87332	43
00	0B74	87332	43
00	0B75	87332	43
00	0B78	87332	43
00	0B79	87332	43
00	0B7A	87332	43
00	0B7C	87332	43
00	0B7D	87332	43
00	0B7F	87332	43
00	0B80	87332	43
00	0B81	87332	43
00	0B83	87332	43
00	0B84	87332	43
00	0B85	87332	43
00	0B87	87332	43
00	0B88	87332	43
00	0B89	87332	43
00	0B8A	87332	43
00	0B8B	87332	43
00	0B8C	87332	43
00	0B8D	87332	43
00	0B8F	87332	43
00	0B91	5036	43
00	0B92	5036	43
00	0B94	5036	43
00	0B95	5036	43
00	0B96	5036	43
00	0B97	5036	43
00	0B98	5036	43
00	0B99	5036	43
00	0B9A	5036	43
00	0B9B	5036	43
00	0B9C	5036	43
00	0B9D	14175	43
00	0B9E	14175	43
00	0B9F	14175	43
00	0BA0	14175	43
00	0BA1	14175	43
00	0BA2	14175	43
00	0BA3	14175	43
00	0BA4	14175	43
00	0BA5	14175	43
00	0BA6	14175	43
00	0BA7	14175	43
00	0BA8	14175	43
00	0BA9	14175	43
00	0BAA	14175	43
00	0BAC	14175	43
00	0BAD	14175	43
00	0BAF	14175	43
00	0BB0	14175	43
00	0BB1	14175	43
00	0BB2	14175	43
00	0BB3	14175	43
00	0BB4	14175	43
00	0BB5	14175	43
00	0BB6	14175	43
00	0BB7	14175	43
00	0BB8	14175	43
00	0BBA	4076	43
00	0BBB	82296	43
00	0BBC	82296	43
00	0D67	60	460
00	0D68	60	460
00	0D69	60	460
00	0D6A	60	460
00	0D6B	60	460
00	0D6E	60	460
00	0D70	960	460
00	0D71	960	460
00	0D73	960	460
00	0D75	960	460
00	0D76	960	460
00	0D77	960	460
00	0D78	960	460
00	0D79	960	460
00	0D7A	960	460
00	0D7B	960	460
00	0D7C	960	460
00	0D7D	960	460
00	0D7E	960	460
00	0D7F	960	460
00	0D80	960	460
00	0D81	960	460
00	0D83	960	460
00	0D84	960	460
00	0D87	960	460
00	0D88	960	460
00	0D89	960	460
00	0D8B	60	460
00	0D8C	60	460
00	0D8D	60	460
00	0D8E	60	460
00	0D8F	60	460
00	0D90	60	460
00	0D91	60	460
00	0DB9	3	3965
00	0DBB	3	3965
00	0DBE	3	3965
00	0DC0	36	3965
00	0DC1	36	3965
00	0DC2	36	3965
00	0DC3	36	3965
00	0DC4	36	3965
00	0DC5	36	3965
00	0DC7	3	3965
00	0DC8	3	3965
00	0DCA	3	3965
00	0DCD	3	3965
00	0E93	443	5003
00	0E94	443	5003
00	0E96	443	5003
00	0E98	443	5003
00	0E9A	222	5003
00	0E9C	222	5003
00	0E9D	222	5003
00	0E9F	222	5003
00	0EA1	222	5003
00	0EA3	222	5003
00	0EA6	222	5003
00	0EA8	222	5003
00	0EA9	222	5003
00	0EAB	222	5003
00	0EAD	222	5003
00	0EAE	222	5003
00	0EB0	222	5003
00	0EB1	222	5003
00	0EB2	221	5003
00	0EB4	221	5003
00	0EB5	221	5003
00	0EB8	221	5003
00	0EBA	221	5003
00	0EBB	221	5003
00	0EBD	221	5003
00	0EBF	221	5003
00	0EC1	221	5003
00	0EC3	221	5003
00	0EC6	221	5003
00	0EC7	221	5003
00	0EC9	221	5003
00	0ECC	221	5003
00	0ECD	221	5003
00	0ECF	221	5003
00	0ED1	221	5003
00	0ED2	221	5003
00	14EA	1	5702
00	14EB	1	5702
00	14ED	1	5702
00	14EE	1	5702
00	14EF	1	5702
00	14F0	1	5702
00	14F2	1	5702
00	1509	1	5702
00	150A	1	5702
00	150B	1	5702
00	150C	1	5702
00	150D	1	5702
00	150E	1	5702
00	150F	1	5702
00	1510	1	5702
00	1511	1	5702
00	1512	1	5702
00	1513	1	5702
00	1518	1	5702
00	1519	1	5702
00	151A	16	324
00	151B	16	324
00	151C	16	324
00	151E	256	324
00	151F	256	324
00	1521	240	324
00	1522	240	324
00	1523	240	324
00	1525	240	324
00	1526	240	324
00	1527	240	324
00	1528	240	324
00	152A	240	324
00	152B	240	324
00	152C	240	324
00	152E	16	324
00	152F	16	324
00	1530	16	324
00	1531	16	324
00	1532	16	324
00	1620	1268	326
00	1622	1268	326
00	1624	1202	326
00	1626	1202	326
00	1628	18	2560
00	162A	18	2560
00	162C	18	2560
00	162D	18	2560
00	162F	18	2560
00	1631	18	2560
00	1633	18	2560
00	1634	18	2560
00	1636	18	2560
00	1637	18	2560
00	1639	18	2560
00	163B	18	2560
00	163D	18	2560
00	163E	1184	326
00	1640	1184	326
00	1642	1184	326
00	1643	1184	326
00	1645	1184	326
00	1647	1184	326
00	164A	1184	326
00	164C	1184	326
00	164E	1184	326
00	1651	1184	326
00	1652	1184	326
00	1655	1184	326
00	1656	1184	326
00	1658	1184	326
00	165B	1184	326
00	165D	1184	326
00	165E	1184	326
00	1660	1184	326
00	1663	1184	326
00	1665	1184	326
00	1668	1184	326
00	1669	66	4035
00	166A	66	4035
00	166C	66	4035
00	166E	66	4035
00	1670	66	4035
00	1671	66	4035
00	1673	66	4035
00	1675	66	4035
00	1678	66	4035
00	1679	66	4035
00	167B	66	4035
00	167C	66	4035
00	167E	66	4035
00	1681	66	4035
00	1683	66	4035
00	1711	16	17
00	1713	16	17
00	1715	16	17
00	1716	16	17
00	1718	16	17
00	171A	16	17
00	171C	16	17
00	171F	16	17
00	1722	16	22
00	1724	16	22
00	1725	16	22
00	1727	16	22
00	172A	16	22
00	172C	16	22
00	20A0	16	8
00	20A3	16	8
00	20A6	7575	0
00	20A9	7559	17
00	20AC	50	83
00	20AF	50	83
00	20C4	16	323
00	20C7	16	323
00	20E8	33	43
00	20EB	33	43
00	20EE	7674	8
00	20F0	7674	8
00	20F3	7674	8
00	20F5	7674	8
00	20F8	9309	8
00	20FA	9309	8
00	20FD	9309	8
00	20FF	18618	8
00	2101	18618	8
00	2104	18618	8
00	2105	18618	8
00	2107	18618	8
00	210A	18618	8
00	210B	7674	8
00	210E	7674	8
00	2111	7674	8
00	2114	7674	8
00	2116	99	43
00	2119	99	43
00	211B	99	43
00	211D	7658	17
00	211F	7658	17
00	2120	7658	17
00	2123	7658	17
00	2124	7658	17
00	2125	16	0
00	2126	16	0
00	2128	16	0
00	2129	7575	0
00	212C	7575	0
00	212E	7575	0
00	2130	16	0
00	2132	16	0
00	2141	7658	17
00	2144	7658	17
00	2146	7658	17
00	2148	7658	17
00	214B	7658	17
00	214D	7658	17
00	214E	7658	17
00	215E	329	44
00	2161	329	44
00	2164	329	44
00	2167	329	44
00	216A	329	44
00	216B	329	44
00	216C	329	44
00	216F	1306	44
00	2172	1306	44
00	2175	1306	44
00	2178	1306	44
00	217B	1306	44
00	217C	1306	44
00	217D	1306	44
00	217E	1306	44
00	217F	1306	44
00	2180	1306	44
04	4000	16	8
04	4002	16	8
04	4005	16	8
04	4008	16	8
04	4009	16	8
04	400C	16	8
04	400D	16	8
04	4010	16	8
04	4012	16	8
04	4013	1008	8
04	4014	1008	8
04	4015	1008	8
04	4017	16	8
04	4018	16	8
04	401B	16	8
04	401C	16	8
04	401F	16	8
04	4021	16	8
04	4024	16	8
04	4027	16	8
04	402A	16	8
04	402D	16	8
04	402F	16	8
04	4032	16	8
04	4035	16	8
04	4037	16	8
04	403A	16	8
04	403B	16	8
04	403D	16	8
04	4040	16	8
04	4043	128	8
04	4044	128	8
04	4045	128	8
04	4046	128	8
04	4048	16	8
04	4049	16	8
04	404B	16	8
04	404E	16	8
04	4051	64	8
04	4052	64	8
04	4053	64	8
04	4054	64	8
04	4056	16	8
04	4058	16	8
04	405A	16	8
04	405C	16	8
04	405E	16	8
04	4060	16	8
04	4062	16	8
04	4064	16	8
04	4066	16	8
04	4068	16	8
04	406A	16	8
04	406C	16	8
04	406E	16	8
04	4070	16	8
04	4072	16	8
04	4074	16	8
04	4076	16	8
04	4078	16	8
04	407A	16	8
04	407C	16	8
04	407F	16	8
04	4082	7559	17
04	4083	7559	17
04	4084	7559	17
04	4087	7559	17
04	408A	7559	17
04	408C	7559	17
04	408F	7559	17
04	4090	7559	17
04	4091	7559	17
04	4092	7559	17
04	4094	7559	17
04	4095	7559	17
04	4096	7559	17
04	4097	7559	17
04	4099	7559	17
04	409A	7559	17
04	409B	7559	17
04	409D	7559	17
04	40AC	7559	17
04	40AD	7559	17
04	40AE	7559	17
04	40B1	30236	17
04	40B4	30236	17
04	40B7	30236	17
04	40B9	7559	17
04	40BC	30236	17
04	40BF	30236	17
04	40C2	30236	17
04	40C4	7559	17
04	40C7	7559	17
04	40C8	7559	17
04	40CA	7559	17
04	40CB	7559	17
04	40CC	7559	17
04	40CE	7559	17
04	40D0	7559	17
04	40D3	7559	17
04	40D5	7559	17
04	40D8	7559	17
04	40D9	7559	17
04	40DA	7559	17
04	40DB	7559	17
04	40DD	7559	17
04	40DE	7559	17
04	40DF	7559	17
04	40E0	7559	17
04	40E2	7559	17
04	40E3	7559	17
04	40E4	7559	17
04	40E6	7559	17
04	40E8	81	5037
04	40EB	324	5037
04	40EE	324	5037
04	40F1	324	5037
04	40F3	81	5037
04	40F5	7478	17
04	40F6	7478	17
04	40F7	7478	17
04	40FA	29912	17
04	40FD	29912	17
04	4100	29912	17
04	4102	7478	17
04	4105	29912	17
04	4108	29912	17
04	410B	29912	17
04	410D	7478	17
04	4110	7478	17
04	4111	7478	17
04	4113	7478	17
04	4114	7478	17
04	4115	7478	17
04	4117	7478	17
04	4119	7559	17
04	411C	30236	17
04	411F	30236	17
04	4122	30236	17
04	4124	7559	17
04	4127	7559	17
04	4128	7559	17
04	412A	513	17
04	412C	7559	17
04	412D	7559	17
04	4130	7559	17
04	4132	7559	17
04	4135	7559	17
04	4138	60472	17
04	4139	60472	17
04	413B	60472	17
04	413C	60472	17
04	413D	60472	17
04	413F	60472	17
04	4140	60472	17
04	4141	60472	17
04	4143	7559	17
04	4144	7559	17
04	4147	7559	17
04	4148	7559	17
04	4149	7559	17
04	414C	7609	17
04	414F	7609	17
04	4151	7609	17
04	4153	7608	17
04	4156	7608	17
04	4158	7608	17
04	415F	15217	17
04	4162	15217	17
04	4163	15217	17
04	4164	15217	17
04	4165	15217	17
04	4166	15217	17
04	4167	60717	17
04	416A	60717	17
04	416B	60717	17
04	416C	45550	17
04	416D	45550	17
04	416F	45550	17
04	4170	45550	17
04	4171	45550	17
04	4173	45550	17
04	4174	45550	17
04	4175	45550	17
04	4176	45550	17
04	4177	106	84
04	417A	106	84
04	417C	106	84
04	417E	106	84
04	4180	43	44
04	4183	43	44
04	4185	43	44
04	4187	43	44
04	4189	112	84
04	418C	112	84
04	418E	112	84
04	4190	112	84
04	4192	14	5036
04	4195	14	5036
04	4197	14	5036
04	4199	14	5036
04	419B	22596	17
04	419E	22596	17
04	41A0	22596	17
04	41A2	22871	17
04	41A5	22871	17
04	41A6	22871	17
04	41A7	22871	17
04	41A8	22871	17
04	41A9	22871	17
04	41AA	22871	17
04	41AB	22871	17
04	41AC	90384	17
04	41AF	90384	17
04	41B0	90384	17
04	41B1	67788	17
04	41B2	67788	17
04	41B4	67788	17
04	41B5	67788	17
04	41B6	67788	17
04	41B8	67788	17
04	41B9	67788	17
04	41BA	67788	17
04	41BB	67788	17
04	41BD	67788	17
04	41BE	67788	17
04	41BF	67788	17
04	41C0	50	83
04	41C1	50	83
04	41C2	50	83
04	41C5	50	83
04	41C8	50	83
04	41CB	50	83
04	41CD	50	83
04	4219	50	83
04	421C	50	83
04	421E	50	83
04	4221	50	83
04	4222	50	83
04	4225	99	83
04	4228	99	83
04	4229	99	83
04	422C	99	83
04	422D	99	83
04	422F	99	83
04	4231	99	83
04	4234	99	83
04	4236	49	83
04	4239	49	83
04	423A	49	83
04	423D	49	83
04	423E	49	83
04	4241	49	83
04	4244	49	83
04	4246	49	83
04	4249	49	83
04	424C	49	83
04	4284	50	83
04	4287	33	43
04	4288	33	43
04	4289	33	43
04	428C	33	43
04	428D	33	43
04	4290	33	43
04	4291	33	43
04	4294	33	43
04	4295	33	43
04	4298	33	43
04	4299	33	43
04	429C	33	43
04	429F	33	43
04	42A2	36	43
04	42A5	36	43
04	42A7	3	5035
04	42AA	3	5035
04	42AE	96	43
04	42B1	96	43
04	42B2	96	43
04	42B5	96	43
04	42B6	96	43
04	42B7	96	43
04	42B8	129	43
04	42BB	129	43
04	42BD	33	43
04	42D6	33	43
04	42D9	33	43
04	42DA	33	43
04	430A	83	43
04	430B	83	43
04	430E	83	43
04	4310	83	43
04	4311	83	43
04	4319	83	43
04	431B	83	43
04	431D	83	43
04	4320	83	43
04	4321	83	43
04	4322	83	43
04	4323	83	43
04	4324	83	43
04	4325	83	43
04	4328	83	43
04	4329	83	43
04	432A	83	43
04	432B	83	43
04	432C	83	43
04	432D	83	43
04	432E	83	43
04	4331	83	43
04	4332	83	43
04	4335	83	43
04	4336	83	43
04	4339	83	43
04	433A	83	43
04	433D	83	43
04	433E	83	43
04	4341	83	43
04	4342	83	43
04	4343	83	43
04	4344	83	43
04	4347	83	43
04	4348	83	43
04	434B	83	43
04	434C	135	43
04	434F	135	43
04	4350	135	43
04	4353	135	43
04	4354	135	43
04	4356	135	43
04	4357	135	43
04	4358	135	43
04	435B	135	43
04	435C	135	43
04	435F	135	43
04	4360	135	43
04	4363	135	43
04	4364	135	43
04	4367	135	43
04	4368	135	43
04	436B	135	43
04	436C	135	43
04	436F	135	43
04	4370	135	43
04	4373	135	43
04	4374	135	43
04	4377	135	43
04	4378	135	43
04	4379	52	83
04	437C	52	83
04	437E	52	83
04	437F	52	83
04	4380	52	83
04	4382	52	83
04	4383	52	83
04	4384	52	83
04	4385	52	83
04	4386	135	44
04	4388	135	44
04	4389	135	44
04	438A	135	44
04	438B	135	44
04	438C	135	44
04	438D	135	44
04	438E	135	44
04	438F	135	44
04	4390	135	44
04	4393	135	44
04	4394	135	44
04	4397	135	44
04	4398	135	44
04	439B	135	44
04	439C	135	44
04	439D	135	44
04	439E	135	44
04	43A1	135	44
04	43A2	135	44
04	43A3	135	44
04	43A4	135	44
04	43A5	135	44
04	43A6	135	44
04	43A7	135	44
04	43A8	135	44
04	43A9	135	44
04	43AB	135	44
04	43AC	135	44
04	43AD	135	44
04	43AE	135	44
04	43AF	135	44
04	43B0	135	44
04	43B1	135	44
04	43B2	135	44
04	43B4	135	44
04	43B5	135	44
04	43B7	135	44
04	43B8	135	44
04	43B9	135	44
04	43BA	135	44
04	43BB	135	44
04	43BC	135	44
04	43BE	135	44
04	43BF	135	44
04	43C0	135	44
04	43C1	135	44
04	43C2	135	44
04	43C3	135	44
04	43C4	135	44
04	43C6	135	44
04	43C7	135	44
04	43C8	135	44
04	43C9	135	44
04	43CA	135	44
04	43CB	135	44
04	43CC	135	44
04	43CD	135	44
04	43CE	135	44
04	43CF	135	44
04	43D0	135	44
04	43D1	135	44
04	43D2	135	44
04	43D3	135	44
04	43D4	135	44
04	43D5	135	44
04	43D6	135	44
04	43D7	135	44
04	43D8	135	44
04	43DA	135	44
04	43DB	135	44
04	4429	16	323
04	442C	16	323
04	4433	16	323
04	4435	16	323
04	4438	16	323
04	443B	64	323
04	443E	64	323
04	443F	64	323
04	4442	64	323
04	4443	64	323
04	4445	64	323
04	4448	64	323
04	444A	16	323
04	453A	7559	17
04	453D	7559	17
04	453E	7559	17
04	453F	6935	17
04	4542	6935	17
04	4543	6935	17
04	455A	324	5037
04	455D	324	5037
04	455E	324	5037
04	4561	324	5037
04	4562	324	5037
04	4563	324	5037
04	4565	324	5037
04	4566	324	5037
04	4569	324	5037
04	456C	60148	17
04	456F	60148	17
04	4570	60148	17
04	4573	60148	17
04	4574	60148	17
04	4575	60148	17
04	4577	60148	17
04	4578	1735	44
04	457A	1735	44
04	457C	135	44
04	457D	135	44
04	4580	135	44
04	4581	135	44
04	4582	1735	44
04	4585	1735	44
04	4586	1735	44
04	4587	1735	44
04	4588	1735	44
04	458A	1349	85
04	458B	1349	85
04	458C	1349	85
04	458E	386	44
04	458F	386	44
04	4590	386	44
04	4591	386	44
04	4592	386	44
04	4593	386	44
04	4594	386	44
04	4597	386	44
04	4598	386	44
04	459B	1171	44
04	459E	1171	44
04	459F	1171	44
04	45A2	1171	44
04	45A3	1171	44
04	45A6	1171	44
04	45A7	1171	44
04	45AA	1171	44
04	45AC	1171	44
04	45AE	15	4048
04	45AF	15	4048
04	45B2	15	4048
04	45B3	15	4048
04	45B4	15	4048
04	45B6	1156	44
04	45B7	1156	44
04	45BA	1156	44
04	45BB	1156	44
04	45BD	1156	44
04	45BF	552	44
04	45C0	1171	44
04	45C2	1171	44
04	45C5	896	44
04	45C7	896	44
04	45CA	641	44
04	45CD	641	44
04	45CF	641	44
04	45D0	641	44
04	45D1	641	44
04	45D3	641	44
04	45D4	641	44
04	45D5	641	44
04	45D6	641	44
04	45D7	641	44
04	45D8	641	44
04	45D9	641	44
04	45DA	641	44
04	45DB	131	44
04	45DE	131	44
04	45DF	131	44
04	45E2	131	44
04	45E3	131	44
04	45E4	131	44
04	45E5	131	44
04	45E6	1604	84
04	45E9	1604	84
04	45EA	1604	84
04	45EB	1604	84
04	45EC	1604	84
04	45F7	1604	84
04	45FA	1604	84
04	45FB	1604	84
04	45FC	1604	84
04	45FD	1604	84
04	45FE	1604	84
04	4600	1604	84
04	4602	851	89
04	4603	1604	84
04	4606	1604	84
04	4609	1604	84
04	460A	1604	84
04	460B	1604	84
04	460C	1604	84
04	4623	1604	84
04	4626	1604	84
04	4627	1604	84
04	4628	1604	84
04	462A	1604	84
04	4640	1604	84
04	4641	1604	84
04	4642	1604	84
04	464D	1604	84
04	464E	1604	84
04	464F	1604	84
04	4650	1604	84
04	465B	1604	84
04	465D	1604	84
04	4660	1604	84
04	4661	1604	84
04	4664	1604	84
04	4665	1604	84
04	4668	1928	84
04	466A	1928	84
04	466C	16	4201
04	466F	16	4201
04	4670	16	4201
04	4671	16	4201
04	4673	16	4201
04	4675	16	4201
04	4676	16	4201
04	4677	16	4201
04	467A	16	4201
04	467B	16	4201
04	467C	16	4201
04	467D	16	4201
04	467E	16	4201
04	467F	16	4201
04	4680	16	4201
04	4681	16	4201
04	4684	16	4201
04	4685	16	4201
04	4686	16	4201
04	4687	16	4201
04	4688	16	4201
04	4689	16	4201
04	468A	16	4201
04	468B	16	4201
04	468E	16	4201
04	468F	16	4201
04	4690	16	4201
04	4692	16	4201
04	4694	16	4201
04	4695	16	4201
04	4696	16	4201
04	4697	16	4201
04	4698	16	4201
04	4699	16	4201
04	469A	16	4201
04	469D	16	4201
04	469E	16	4201
04	469F	16	4201
04	46A0	16	4201
04	46A1	16	4201
04	46A4	16	4201
04	46A5	16	4201
04	46A8	1928	84
04	46AA	1928	84
04	46BF	1928	84
04	46C1	1928	84
04	46C3	103	84
04	46C6	103	84
04	46C7	103	84
04	46C8	103	84
04	46C9	103	84
04	46CA	103	84
04	46CD	103	84
04	46CF	103	84
04	46D1	103	84
04	46D3	103	84
04	46D5	103	84
04	46D7	103	84
04	46D8	103	84
04	46D9	103	84
04	46DA	103	84
04	46DD	103	84
04	46DE	103	84
04	46DF	103	84
04	46E2	103	84
04	46E3	103	84
04	46E6	1928	84
04	46E7	1928	84
04	4756	255	84
04	4758	255	84
04	475B	255	84
04	475D	255	84
04	475E	255	84
04	4760	255	84
04	4762	255	84
04	4763	255	84
04	4764	255	84
04	4765	255	84
04	4768	255	84
04	4769	255	84
04	476C	255	84
04	476D	255	84
04	476E	255	84
04	476F	255	84
04	4770	255	84
04	4771	255	84
04	4772	255	84
04	4773	255	84
04	4774	255	84
04	47E3	83	44
04	47E6	83	44
04	47E8	83	44
04	47EB	83	44
04	47ED	50	84
04	47F0	83	44
04	47F3	83	44
04	47F4	83	44
04	47F5	83	44
04	47F8	83	44
04	47FB	83	44
04	47FC	83	44
04	47FD	83	44
04	47FE	83	44
04	47FF	83	44
04	4800	83	44
04	4803	83	44
04	4804	83	44
04	4806	83	44
04	480C	83	44
04	480E	83	44
04	480F	83	44
04	4811	83	44
04	4812	83	44
04	4813	83	44
04	4816	83	44
04	4817	83	44
04	4818	83	44
04	483A	135	44
04	483D	135	44
04	484E	140	44
04	4851	140	44
04	4852	140	44
04	4854	140	44
04	4856	139	44
04	4859	139	44
04	485C	139	44
04	485E	139	44
04	485F	139	44
04	4862	139	44
04	4864	139	44
04	4865	139	44
04	4866	139	44
04	4867	139	44
04	4868	139	44
04	4869	139	44
04	486A	139	44
04	486B	139	44
04	486C	139	44
04	486D	139	44
04	486E	139	44
04	486F	139	44
04	4870	139	44
04	4871	139	44
04	4872	139	44
04	4873	139	44
04	4876	139	44
04	4878	139	44
04	487B	139	44
04	487E	1	5036
04	4881	1	5036
04	4883	1	5036
04	4886	1	5036
04	4889	153	44
04	488A	153	44
04	488C	153	44
04	488D	153	44
04	488E	153	44
04	488F	153	44
04	4890	153	44
04	4891	153	44
04	4894	153	44
04	4895	153	44
04	4896	16	4201
04	4899	16	4201
04	489A	16	4201
04	489D	16	4201
04	489E	16	4201
04	48A1	16	4201
04	48A2	16	4201
04	48A5	16	4201
04	48A6	16	4201
04	48A7	16	4201
04	48A9	16	4201
04	48AA	16	4201
04	48AB	16	4201
04	48AC	16	4201
04	48AD	17	4201
04	48AE	17	4201
04	48B0	17	4201
04	48B2	10	4201
04	48B5	10	4201
04	48B6	10	4201
04	48B7	10	4201
04	48B9	7	4201
04	48BA	7	4201
04	48BB	7	4201
04	48BC	7	4201
04	48BF	7	4201
04	48C0	7	4201
04	48C1	7	4201
04	48C2	7	4201
04	48C3	7	4201
04	48C4	7	4201
04	48C5	7	4201
04	48C6	17	4201
04	48C7	17	4201
04	48C8	17	4201
04	48C9	17	4201
04	48CA	17	4201
04	48CD	17	4201
04	48CF	17	4201
04	48D2	17	4201
04	48D5	1	4201
04	48D8	1	4201
04	48D9	1	4201
04	48DC	1	4201
04	48DD	1	4201
04	48E0	1	4201
04	48E1	1	4201
04	48E4	1	4201
04	48E5	1	4201
04	48E6	1	4201
04	48E7	1	4201
04	48E8	1	4201
04	48E9	1	4201
04	48EA	1	4201
04	492A	135	44
04	492D	135	44
04	492F	135	44
04	4932	135	44
04	4935	135	44
04	4938	135	44
04	4939	135	44
04	493C	135	44
04	493D	135	44
04	493E	135	44
04	4941	135	44
04	4942	135	44
04	4943	135	44
04	4944	135	44
04	4973	135	44
04	4976	135	44
04	4977	135	44
04	497A	135	44
04	497B	135	44
04	497C	135	44
04	497F	135	44
04	4980	135	44
04	4981	135	44
04	4A2B	275	44
04	4A2D	275	44
04	4A2F	275	44
04	4A30	275	44
04	4A32	275	44
04	4A34	275	44
04	4A35	275	44
04	4A36	275	44
04	4A39	275	44
04	4A3A	275	44
04	4A3D	275	44
04	4A3E	275	44
04	4A3F	275	44
04	4A42	275	44
04	4A43	275	44
04	4A44	275	44
04	4A46	275	44
04	4A49	275	44
04	4A4B	329	44
04	4A4C	329	44
04	4A4F	329	44
04	4A50	604	44
04	4A52	604	44
04	4A54	329	44
04	4A56	329	44
04	4A58	154	44
04	4A5A	154	44
04	4A69	175	44
04	4A6B	175	44
04	4A6D	175	44
04	4A6F	175	44
04	4A70	175	44
04	4A71	175	44
04	4A73	154	44
04	4A75	154	44
04	4A77	154	44
04	4A79	154	44
04	4A7A	154	44
04	4A7B	154	44
04	4A7C	154	44
04	4A7E	154	44
04	4A7F	154	44
04	4A81	275	44
04	4A82	275	44
04	4A83	275	44
04	4A84	275	44
04	4A87	275	44
04	4A88	275	44
04	4A89	275	44
04	4A8C	275	44
04	4A8F	275	44
04	4A92	275	44
04	4A93	275	44
04	4A94	275	44
04	4A95	275	44
04	4A98	275	44
04	4A99	275	44
04	4A9C	275	44
04	4A9E	275	44
04	4AA0	14	5036
04	4AA1	14	5036
04	4AA2	14	5036
04	4AA3	14	5036
04	4AA6	14	5036
04	4AA8	14	5036
04	4AAB	14	5036
04	4AAC	14	5036
04	4AAD	14	5036
04	4AAE	14	5036
04	4AAF	14	5036
04	4AB0	14	5036
04	4AB1	14	5036
04	4AB2	14	5036
04	4AB3	14	5036
04	4AB4	14	5036
04	4AB5	14	5036
04	4AB6	14	5036
04	4AB7	14	5036
04	4AB8	14	5036
04	4AB9	14	5036
04	4ABA	14	5036
04	4ABD	14	5036
04	4ABE	275	44
04	4ABF	275	44
04	4AC1	275	44
04	4AC3	149	44
04	4AC5	149	44
04	4AC7	106	84
04	4ACA	106	84
04	4ACC	43	44
04	4ACF	43	44
04	4AD1	126	84
04	4AD3	126	84
04	4AD5	112	84
04	4AD8	112	84
04	4ADA	14	5036
04	4ADD	275	44
04	4AE0	275	44
04	4AE3	275	44
04	4AE5	275	44
04	4AE7	204	84
04	4AE9	275	44
04	4AEC	275	44
04	4AED	275	44
04	4AF0	275	44
04	4AF1	275	44
04	4AF4	275	44
04	4AF5	275	44
04	4AF8	275	44
04	4AF9	275	44
04	4AFA	275	44
04	4AFD	275	44
04	4AFE	275	44
04	4B01	275	44
04	4B02	275	44
04	4B05	275	44
04	4B06	275	44
04	4B07	275	44
04	4B08	275	44
04	4B0A	24	4048
04	4B0C	24	4048
04	4B0E	23	4048
04	4B10	1	5115
04	4B11	1	5115
04	4B12	1	5115
04	4B14	1	5115
04	4B16	1	5115
04	4B17	1	5115
04	4B18	1	5115
04	4B1A	275	44
04	4B1D	275	44
04	4B20	275	44
04	4B21	275	44
04	4B24	275	44
04	4B25	275	44
04	4B28	275	44
04	4B29	275	44
04	4B2C	275	44
04	4B2D	275	44
04	4B2F	275	44
04	4B30	275	44
04	4B33	275	44
04	4B34	275	44
04	4B37	275	44
04	4B38	275	44
04	4B3B	275	44
04	4B3C	275	44
04	4B3D	275	44
04	4B3E	275	44
04	4B3F	275	44
04	4B40	275	44
04	4B42	275	44
04	4B43	275	44
04	4B44	275	44
04	4B46	275	44
04	4B47	275	44
04	4B48	275	44
04	4B49	275	44
04	4B4A	275	44
04	4B4B	275	44
04	4B4C	275	44
04	4B4D	275	44
04	4B4E	275	44
04	4B4F	275	44
04	4B50	275	44
04	4B51	275	44
04	4B52	275	44
04	4B53	275	44
04	4B54	275	44
04	4B55	275	44
04	4B56	275	44
04	4B57	275	44
04	4B58	275	44
04	4B59	275	44
04	4B5A	275	44
04	4B5B	275	44
04	4B5C	275	44
04	4B5D	275	44
04	4B5E	275	44
04	4B61	275	44
04	4B62	275	44
04	4B63	275	44
04	4BC9	30236	17
04	4BCC	30236	17
04	4BCD	30236	17
04	4BD0	30236	17
04	4BD1	30236	17
04	4BD3	30236	17
04	4BD4	1055	85
04	4BD5	1055	85
04	4BD6	1055	85
04	4BD8	1055	85
04	4BD9	622	85
04	4BDB	29912	17
04	4BDE	29912	17
04	4BDF	29912	17
04	4BE2	29912	17
04	4BE3	29912	17
04	4BE5	29912	17
04	4BE6	1078	84
04	4BE7	1078	84
04	4BE8	1078	84
04	4BEA	1078	84
04	4BEB	882	85
04	4BEC	882	85
04	4BED	882	85
04	4BEE	882	85
04	4BEF	882	85
04	4BF0	882	85
04	4BF1	882	85
04	4BF2	882	85
04	4BF4	882	85
04	4BF6	882	85
04	4BF7	882	85
04	4BF8	882	85
04	4BF9	882	85
04	4BFA	882	85
04	4BFB	882	85
04	4BFC	238	87
04	4BFF	238	87
04	4C00	238	87
04	4C01	238	87
04	4C03	238	87
04	4C05	238	87
04	4C07	238	87
04	4C09	238	87
04	4C0A	238	87
04	4C0F	131	44
04	4C10	131	44
04	4C11	131	44
04	4C14	30236	17
04	4C17	30236	17
04	4C18	30236	17
04	4C1B	30236	17
04	4C1C	30236	17
04	4C1D	30236	17
04	4C1F	30236	17
04	4C20	1306	44
04	4C21	1306	44
04	4C22	1306	44
04	4C25	1306	44
04	4C26	1306	44
04	4C27	1306	44
04	4C2A	1306	44
04	4C2B	1306	44
04	4C2C	1306	44
04	4C2F	1306	44
04	4C30	1306	44
04	4C31	1306	44
04	4C33	1306	44
04	4C35	131	44
04	4C36	131	44
04	4C38	1175	84
04	4C3B	1175	84
04	4C3D	1175	84
04	4C3F	816	85
04	4C42	816	85
04	4C43	816	85
04	4C46	816	85
04	4C47	816	85
04	4C49	33	4206
04	4C4A	816	85
04	4C4B	816	85
04	4C4C	816	85
04	4C4E	816	85
04	4C50	816	85
04	4C52	816	85
04	4C54	816	85
04	4C5F	359	84
04	4C60	359	84
04	4C62	359	84
04	4C64	359	84
04	4C66	243	84
04	4C67	243	84
04	4C6A	243	84
04	4C6B	243	84
04	4C6E	243	84
04	4C70	243	84
04	4C73	243	84
04	4C76	243	84
04	4C79	243	84
04	4C7A	243	84
04	4C7B	243	84
04	4C7E	243	84
04	4C7F	243	84
04	4C81	243	84
04	4C82	243	84
04	4C83	243	84
04	4C85	243	84
04	4C8F	116	87
04	4C92	116	87
04	4C93	116	87
04	4C94	116	87
04	4C97	116	87
04	4C98	116	87
04	4C99	116	87
04	4C9B	116	87
04	4C9E	116	87
04	4C9F	116	87
04	4CA0	116	87
04	4CA1	116	87
04	4CA2	116	87
04	4CA4	116	87
04	4CD3	243	84
04	4CD6	243	84
04	4CD7	243	84
04	4CD8	243	84
04	4CDB	243	84
04	4CDC	243	84
04	4CDD	243	84
04	4CDE	243	84
04	4CE1	243	84
04	4CE2	243	84
04	4CE4	243	84
04	4CE7	243	84
04	4CE8	243	84
04	4CEB	243	84
04	4CEC	243	84
04	4CED	243	84
04	4CEE	243	84
04	4CEF	243	84
04	4CF0	243	84
04	4CF2	243	84
04	4CF4	104	84
04	4CF7	104	84
04	4CF9	104	84
04	4CFA	104	84
04	4CFB	243	84
04	4CFC	243	84
04	4CFD	243	84
04	4CFE	243	84
04	4CFF	243	84
04	4D02	816	85
04	4D05	816	85
04	4D07	816	85
04	4D0A	816	85
04	4D0D	816	85
04	4D0E	816	85
04	4D0F	816	85
04	4D11	816	85
04	4D13	443	85
04	4D14	443	85
04	4D15	443	85
04	4D17	386	85
04	4D18	386	85
04	4D19	386	85
04	4D1A	386	85
04	4D1C	386	85
04	4D1E	386	85
04	4D21	386	85
04	4D22	443	85
04	4D23	443	85
04	4D24	443	85
04	4D25	443	85
04	4D27	443	85
04	4D28	443	85
04	4D2A	22	5059
04	4D2D	22	5059
04	4D2F	22	5059
04	4D30	22	5059
04	4D31	22	5059
04	4D32	22	5059
04	4D34	373	85
04	4D35	373	85
04	4D36	373	85
04	4D37	373	85
04	4D39	373	85
04	4D54	116	87
04	4D55	116	87
04	4D58	116	87
04	4D59	116	87
04	4D5C	116	87
04	4D5D	116	87
04	4D60	116	87
04	4D61	116	87
04	4D62	116	87
04	4D65	116	87
04	4D66	116	87
04	4D67	116	87
04	4D68	116	87
04	4D69	116	87
04	4D6A	116	87
04	4D6B	116	87
04	4D6C	116	87
04	4D6E	116	87
04	4D6F	116	87
04	4D70	116	87
04	4D90	116	87
04	4D93	116	87
04	4D94	116	87
04	4D97	116	87
04	4D98	116	87
04	4D99	116	87
04	4D9A	116	87
04	4D9D	421	85
04	4DA0	421	85
04	4DA2	421	85
04	4DA4	391	85
04	4DA7	391	85
04	4DA9	391	85
04	4DAC	391	85
04	4DAE	265	84
04	4DB1	265	84
04	4DB3	265	84
04	4DB6	1059	84
04	4DB9	1059	84
04	4DBB	1059	84
04	4DBD	252	84
04	4DC0	252	84
04	4DC3	1059	84
04	4DC5	1059	84
04	4DC7	243	84
04	4DCA	243	84
04	4DCD	1059	84
04	4DCF	1059	84
04	4DD0	273	84
04	4DD3	126	84
04	4DD6	126	84
04	4DD7	126	84
04	4DD8	126	84
04	4DDB	126	84
04	4DDC	126	84
04	4DDE	126	84
04	4DDF	243	84
04	4DE0	243	84
04	4DE3	243	84
04	4DE4	243	84
04	4DE5	243	84
04	4DE8	243	84
04	4DE9	243	84
04	4DEC	243	84
04	4DED	243	84
04	4DF0	243	84
04	4DF1	243	84
04	4DF2	243	84
04	4DF5	243	84
04	4DF7	243	84
04	4DF9	243	84
04	4DFA	243	84
04	4DFD	243	84
04	4DFE	243	84
04	4DFF	243	84
04	4E02	243	84
04	4E03	243	84
04	4E04	243	84
04	4E05	243	84
04	4E08	243	84
04	4E09	243	84
04	4E0A	243	84
04	4E0D	243	84
04	4E0E	243	84
04	4E0F	243	84
04	4E12	243	84
04	4E14	243	84
04	4E15	243	84
04	4E18	243	84
04	4E19	243	84
04	4E1C	243	84
04	4E1D	243	84
04	4E20	243	84
04	4E21	243	84
04	4E22	243	84
04	4E25	243	84
04	4E27	243	84
04	4E29	243	84
04	4E2A	243	84
04	4E2D	243	84
04	4E2E	243	84
04	4E2F	243	84
04	4E32	243	84
04	4E33	243	84
04	4E34	386	85
04	4E35	386	85
04	4E38	386	85
04	4E3A	386	85
04	4E3B	386	85
04	4E3C	33	4045
04	4E3D	33	4045
04	4E3F	33	4045
04	4E41	8	4046
04	4E44	8	4046
04	4E46	8	4046
04	4E49	33	4045
04	4E4A	33	4045
04	4E4B	243	84
04	4E4E	243	84
04	4E4F	243	84
04	4E52	243	84
04	4E53	243	84
04	4E56	243	84
04	4E57	243	84
04	4E5A	243	84
04	4E5B	243	84
04	4E5D	243	84
04	4E5F	126	84
04	4E61	14	5036
04	4E62	14	5036
04	4E63	14	5036
04	4E64	14	5036
04	4E65	14	5036
04	4E67	14	5036
04	4E68	14	5036
04	4E69	14	5036
04	4E6A	14	5036
04	4E6C	14	5036
04	4E6D	14	5036
04	4E6E	14	5036
04	4E6F	14	5036
04	4E70	14	5036
04	4E78	14	5036
04	4E7A	14	5036
04	4E7C	14	5036
04	4E7D	117	84
04	4E7E	117	84
04	4E7F	117	84
04	4E80	117	84
04	4E82	117	84
04	4E83	117	84
04	4E84	117	84
04	4E85	117	84
04	4E8F	117	84
04	4E90	117	84
04	4E91	117	84
04	4E92	117	84
04	4E93	117	84
04	4E94	117	84
04	4E95	117	84
04	4E96	117	84
04	4E97	117	84
04	4E98	117	84
04	4E99	117	84
04	4E9A	117	84
04	4E9B	112	84
04	4E9C	112	84
04	4E9E	112	84
04	4E9F	112	84
04	4EA0	112	84
04	4EA1	112	84
04	4EA9	112	84
04	4EAB	112	84
04	4EAE	112	84
04	4EAF	112	84
04	4EB0	22	84
04	4EB1	22	84
04	4EB4	22	84
04	4EB5	22	84
04	4EB7	22	84
04	4EB8	22	84
04	4EB9	22	84
04	4EBA	22	84
04	4EBB	22	84
04	4EBE	22	84
04	4EBF	22	84
04	4EC1	22	84
04	4EC3	352	84
04	4EC4	352	84
04	4EC5	352	84
04	4EC6	352	84
04	4EC7	352	84
04	4EC9	22	84
04	4ECA	252	84
04	4ECD	252	84
04	4ECE	252	84
04	4ED1	252	84
04	4ED2	252	84
04	4ED5	252	84
04	4ED6	252	84
04	4ED7	252	84
04	4ED8	252	84
04	4ED9	252	84
04	4EDC	252	84
04	4EDD	252	84
04	4EE0	252	84
04	4EE1	252	84
04	4EE4	252	84
04	4EE5	252	84
04	4EE6	252	84
04	4EE7	252	84
04	4EE8	252	84
04	4EEB	252	84
04	4EED	252	84
04	4EEF	131	84
04	4EF1	112	84
04	4EF2	112	84
04	4EF4	112	84
04	4EF5	233	84
04	4EF6	233	84
04	4EF7	233	84
04	4EFA	233	84
04	4EFB	233	84
04	4EFE	233	84
04	4F01	233	84
04	4F02	233	84
04	4F03	233	84
04	4F05	233	84
04	4F06	233	84
04	4F09	233	84
04	4F0A	233	84
04	4F0B	233	84
04	4F0C	233	84
04	4F0D	233	84
04	4F0E	233	84
04	4F0F	233	84
04	4F11	233	84
04	4F17	233	84
04	4F18	233	84
04	4F19	233	84
04	4F1A	233	84
04	4F1D	233	84
04	4F1E	233	84
04	4F1F	233	84
04	4F20	233	84
04	4F22	233	84
04	4F23	233	84
04	4F24	233	84
04	4F25	233	84
04	4F28	233	84
04	4F29	233	84
04	4F2B	233	84
04	4F2C	233	84
04	4F2D	19	5036
04	4F2E	19	5036
04	4F2F	19	5036
04	4F30	19	5036
04	4F32	19	5036
04	4F33	19	5036
04	4F34	19	5036
04	4F36	19	5036
04	4F37	19	5036
04	4F38	19	5036
04	4F3A	19	5036
04	4F3C	15	5036
04	4F3E	15	5036
04	4F3F	15	5036
04	4F40	15	5036
04	4F41	15	5036
04	4F43	15	5036
04	4F44	19	5036
04	4F45	19	5036
04	4F47	19	5036
04	4F48	19	5036
04	4F49	19	5036
04	4F4A	19	5036
04	4F4B	19	5036
04	4F4D	19	5036
04	4F4E	19	5036
04	4F4F	243	84
04	4F52	243	84
04	4F53	243	84
04	4F56	243	84
04	4F57	243	84
04	4F5A	243	84
04	4F5B	243	84
04	4F5E	243	84
04	4F60	243	84
04	4F62	137	84
04	4F64	126	84
04	4F66	126	84
04	4F68	14	5036
04	4F6B	14	5036
04	4F6D	106	84
04	4F70	106	84
04	4F72	11	5056
04	4F75	11	5056
04	4F77	112	84
04	4F7A	243	84
04	4F7C	243	84
04	4F7E	243	84
04	4F80	243	84
04	4F90	243	84
04	4F92	243	84
04	4F93	243	84
04	4F94	243	84
04	4F95	243	84
04	4F96	243	84
04	4F97	273	84
04	4F9A	273	84
04	4F9B	273	84
04	4F9E	273	84
04	4F9F	273	84
04	4FA2	273	84
04	4FA3	273	84
04	4FA4	273	84
04	4FA5	273	84
04	4FA8	273	84
04	4FA9	273	84
04	4FAB	273	84
04	4FAD	148	84
04	4FAF	25	5036
04	4FB0	25	5036
04	4FB1	25	5036
04	4FB3	25	5036
04	4FB5	25	5036
04	4FB7	25	5036
04	4FB8	125	84
04	4FB9	125	84
04	4FBA	125	84
04	4FBB	125	84
04	4FBC	125	84
04	4FBD	125	84
04	4FBE	125	84
04	4FBF	125	84
04	4FC0	123	84
04	4FC1	123	84
04	4FC3	123	84
04	4FC5	123	84
04	4FC6	123	84
04	4FC7	123	84
04	4FC9	123	84
04	4FCA	123	84
04	4FCB	112	84
04	4FCD	112	84
04	4FCF	112	84
04	4FD0	112	84
04	4FD1	112	84
04	4FD3	112	84
04	4FD4	522	44
04	4FD7	522	44
04	4FD8	522	44
04	4FDA	522	44
04	4FDC	308	44
04	4FDE	308	44
04	4FDF	308	44
04	4FE0	308	44
04	4FE1	308	44
04	4FE3	308	44
04	4FE4	308	44
04	4FE5	214	84
04	4FE7	214	84
04	4FE9	214	84
04	4FEA	233	84
04	4FEC	233	84
04	4FEF	233	84
04	4FF1	233	84
04	4FF5	233	84
04	4FF7	233	84
04	4FF8	233	84
04	4FF9	233	84
04	4FFA	233	84
04	4FFC	233	84
04	4FFD	233	84
04	5000	233	84
04	5001	233	84
04	5002	233	84
04	5003	233	84
04	5004	233	84
04	5005	233	84
04	5006	233	84
04	5007	333	44
04	5008	333	44
04	500A	333	44
04	500B	333	44
04	500C	333	44
04	500E	1	4208
04	500F	333	44
04	5010	333	44
04	5012	88	44
04	5013	333	44
04	5014	333	44
04	5016	19	4202
04	5017	333	44
04	5018	333	44
04	501A	20	4201
04	501B	333	44
04	501C	333	44
04	501E	107	44
04	501F	333	44
04	5020	333	44
04	5022	121	84
04	5023	333	44
04	5024	333	44
04	5026	201	44
04	5027	333	44
04	5028	333	44
04	5029	121	84
04	502A	121	84
04	502B	832	84
04	502C	832	84
04	502E	832	84
04	5030	832	84
04	5031	832	84
04	5032	832	84
04	5034	832	84
04	5035	832	84
04	5037	693	84
04	5038	832	84
04	5039	832	84
04	503B	825	84
04	503C	832	84
04	503D	832	84
04	503F	809	84
04	5040	832	84
04	5041	832	84
04	5042	708	84
04	5043	708	84
0E	4000	16	327
0E	4003	16	327
0E	4005	16	327
0E	4007	16	327
0E	400D	16	327
0E	4010	16	327
0E	4011	16	327
0E	4013	16	327
0E	4014	16	327
0E	4017	16	327
0E	401E	16	327
0E	405F	1552	327
0E	4065	1552	327
0E	4068	1552	363
0E	406E	1552	363
0E	4071	1536	364
0E	4074	1536	364
0E	4076	1536	364
0E	4083	1552	327
0E	4086	1552	327
0E	4089	1552	327
0E	408A	1552	327
0E	408B	1552	327
0E	408C	1552	327
0E	408E	1552	327
0E	408F	1552	327
0E	4090	1552	327
0E	4091	1552	327
0E	4092	1552	327
0E	4093	1552	327
0E	40A2	16	327
0E	40A5	16	331
0E	40AB	16	363
0E	40AD	16	363
0E	40AE	16	363
0E	40B0	16	363
0E	40B2	16	363
0E	40B5	16	363
0E	40B8	16	363
0E	40B9	16	363
0E	40BB	16	363
0E	40BC	16	363
0E	40BF	16	363
0E	40C2	16	363
0E	40C5	16	363
0E	40C6	16	363
0E	40C9	16	363
0E	40CA	1536	364
0E	40CD	1536	364
0E	40CE	1536	364
0E	40D1	1536	364
0E	40D2	1536	364
0E	40D3	1536	364
0E	40D4	1536	364
0E	40D7	1536	364
0E	40D8	1536	364
0E	40D9	1536	364
0E	40DB	1536	364
0E	40DC	1536	364
0E	40DD	1536	364
0E	40DF	1536	364
0E	40E0	1536	364
0E	40E1	1536	364
0E	40E4	1536	364
0E	40E5	1536	364
0E	40E8	1536	364
0E	40EA	1536	364
0E	40EC	1536	364
0E	40EE	1536	364
0E	40F0	1536	364
0E	40F2	1536	364
0E	410B	1536	364
0E	434F	16	327
0E	4352	16	328
0E	4355	16	328
0E	4356	16	328
0E	4358	16	328
0E	4359	16	328
0E	435F	16	328
0E	4362	16	328
0E	4365	16	328
0E	4367	16	328
0E	4369	16	328
0E	436B	16	328
0E	4371	16	329
0E	4374	16	329
0E	4377	16	329
0E	4379	16	329
0E	437B	16	329
0E	437D	16	329
0E	4383	16	330
0E	4386	16	330
0E	4389	16	330
0E	438C	16	330
0E	438E	16	330
0E	4394	16	330
0E	4397	16	330
0E	439A	16	330
0E	439D	16	330
0E	439F	16	330
0E	43A5	16	330
0E	43A7	16	330
0E	43AA	16	331
0E	43B0	16	331
1C	4000	16	17
1C	4006	16	327
1C	4007	16	327
22	48CD	1	2560
22	48CE	1	2560
22	48CF	1	2560
22	48D0	1	2560
22	48D1	1	2560
22	48D3	1	2560
22	48D5	1	2560
22	48D7	1	2560
22	48DA	1	2560
22	48DB	1	2560
22	48DC	1	2560
22	48DD	1	2560
22	48DE	1	2560
22	48DF	1	2560
22	48E0	1	2560
22	48E1	1	2560
22	48E4	1	2560
22	48E5	1	2560
22	48E6	1	2560
22	48E9	1	2560
22	48EC	1	2560
22	48ED	1	2560
22	48EE	1	2560
22	48EF	1	2560
22	48F1	1	2560
22	48F3	1	2560
22	48F5	1	2560
22	48F8	1	2560
22	48F9	1	2560
22	48FA	1	2560
22	48FB	1	2560
22	48FE	1	2560
22	4904	1	2560
22	4905	1	2560
22	4907	1	2560
22	4909	1	2560
22	490B	1	2560
22	490E	1	2560
22	490F	1	2560
22	4910	1	2560
22	4911	1	2560
22	4912	1	2560
22	4913	1	2560
22	4914	1	2560
22	4915	1	2560
22	4918	1	2560
22	4919	1	2560
22	491A	1	2560
22	491D	1	2560
22	4920	1	2560
22	4921	1	2560
22	4922	1	2560
22	4923	1	2560
22	4925	1	2560
22	4927	1	2560
22	4929	1	2560
22	492C	1	2560
22	492D	1	2560
22	492E	1	2560
22	492F	1	2560
22	4932	1	2560
22	4938	1	2560
22	4939	1	2560
22	493B	1	2560
22	493D	1	2560
22	493F	1	2560
22	4942	1	2560
22	4943	1	2560
22	4944	1	2560
22	4945	1	2560
22	4946	1	2560
22	4947	1	2560
22	4948	1	2560
22	4949	1	2560
22	494C	1	2560
22	494D	1	2560
22	494E	1	2560
22	4951	1	2560
22	4954	1	2560
22	4955	1	2560
22	4956	1	2560
22	4957	1	2560
22	4959	1	2560
22	495B	1	2560
22	495D	1	2560
22	4960	1	2560
22	4961	1	2560
22	4962	1	2560
22	4963	1	2560
22	4966	1	2560
22	496C	1	2560
22	496D	1	2560
22	4970	1	2561
22	4971	1	2561
22	4972	1	2561
22	4973	1	2561
22	4974	1	2561
22	4975	3	2560
22	4976	3	2560
22	4977	3	2560
22	4979	3	2560
22	497B	3	2560
22	497D	3	2560
22	4980	3	2560
22	4983	33	2560
22	4984	33	2560
22	4985	33	2560
22	4986	33	2560
22	4988	33	2560
22	498A	3	2560
22	498B	3	2560
22	498C	3	2560
22	498D	3	2560
22	4990	3	2560
22	4993	3	2560
22	4994	3	2560
22	499A	3	2560
22	499B	3	2560
22	499C	3	2560
22	499E	3	2560
22	49E6	3	2560
22	49E7	3	2560
22	49E8	3	2560
22	49EB	3	2560
22	49EC	3	2560
22	49F2	3	2560
22	49F3	3	2560
22	49F4	3	2560
22	49F6	3	2560
22	4A2C	3	2560
22	4A2D	3	2560
22	4A2E	3	2560
22	4A31	3	2560
22	4A32	3	2560
22	4A38	3	2560
22	4A39	3	2560
22	4A3A	3	2560
22	4A3C	3	2560
22	4A60	3	2560
22	4A61	3	2560
22	4A62	3	2560
22	4A65	3	2560
22	4A66	3	2560
22	4A6C	3	2560
22	4A6D	3	2560
22	4A6E	3	2560
22	4A70	3	2560
22	4A82	3	2560
22	4A83	3	2560
22	4A84	3	2560
22	4A85	3	2560
22	4A86	3	2560
22	4A87	3	2560
22	4A88	3	2560
22	4A8A	3	2560
22	4A8B	3	2560
22	4A97	3	2560
22	4A98	3	2560
22	4A99	3	2560
22	4A9C	3	2560
22	4AA2	3	2560
22	4AA3	3	2560
22	4AA5	3	2560
22	4AAD	3	2560
22	4AAE	3	2560
22	4AAF	3	2560
22	4AB2	3	2560
22	4AB8	3	2560
22	4AB9	3	2560
22	4ABB	3	2560
22	4AC3	3	2560
22	4AC4	3	2560
22	4AC5	3	2560
22	4AC8	3	2560
22	4ACE	3	2560
22	4ACF	3	2560
22	4AD1	3	2560
22	4AD9	3	2560
22	4ADA	3	2560
22	4ADB	3	2560
22	4ADE	3	2560
22	4AE4	3	2560
22	4AE5	3	2560
22	4AE7	3	2560
22	4AEF	3	2560
22	4AF2	3	2560
22	4AF4	3	2560
22	4AF5	3	2560
22	4AF6	3	2560
22	4AF7	1	2560
22	4AF9	1	2560
22	4AFA	1	2560
22	4AFC	1	2560
22	4AFE	1	2560
22	4B00	1	2560
22	4B01	1	2560
22	4B03	1	2560
22	4B06	1	2560
22	4B09	1	2560
22	4B0B	1	2560
22	4B11	1	2561
22	4B12	1	2561
22	4B14	1	2561
22	4B16	1	2561
22	4EF0	16	324
22	4EF2	16	324
22	4EF4	16	324
22	4EF6	16	324
22	4EF7	16	324
22	4EF9	16	324
22	4EFB	16	324
22	4EFD	16	324
22	4F00	16	324
22	4F02	16	324
22	4F04	16	324
22	4F07	16	324
22	4F0A	16	324
22	4F0D	65504	324
22	4F0E	65504	324
22	4F0F	65504	324
22	4F10	65504	324
22	4F12	144	325
22	4F13	65504	324
22	4F14	65504	324
22	4F15	65504	324
22	4F16	65504	324
22	4F18	16	326
22	4F19	16	326
22	4F1A	16	326
22	4F1B	16	326
22	4F1C	16	326
22	4F1D	16	326
22	4F1E	16	326
22	4F20	16	326
22	4F23	16	326
22	4F46	16	326
22	4F47	16	326
22	4F48	16	326
22	4F4A	16	326
22	4F4B	16	326
22	4F4C	16	326
22	4F4E	16	326
22	4F4F	16	326
22	4FF6	16	324
22	4FF7	16	324
22	4FF8	16	324
22	4FF9	16	324
22	4FFB	16	324
22	4FFE	16	326
22	5001	16	326
22	5002	16	326
22	5017	16	326
22	5019	16	326
22	501A	16	326
22	501B	16	326
22	501C	16	326
23	47BC	1	3260
23	47BD	1	3260
23	47BE	1	3260
23	47BF	1	3260
23	47C0	1	3260
23	47C2	1	3260
23	47C4	1	3260
23	47C6	1	3260
23	47C9	1	3260
23	47CA	1	3260
23	47CB	1	3260
23	47CC	1	3260
23	47CD	1	3260
23	47CE	1	3260
23	47CF	1	3260
23	47D0	1	3260
23	47D3	1	3260
23	47D4	1	3260
23	47D5	1	3260
23	47D8	1	3260
23	47DB	1	3260
23	47DC	1	3260
23	47DD	1	3260
23	47DE	1	3260
23	47E0	1	3260
23	47E2	1	3260
23	47E4	1	3260
23	47E7	1	3260
23	47E8	1	3260
23	47E9	1	3260
23	47EA	1	3260
23	47ED	1	3260
23	47F3	1	3260
23	47F4	1	3260
23	47F6	1	3260
23	47F8	1	3260
23	47FA	1	3260
23	47FD	1	3260
23	47FE	1	3260
23	47FF	1	3260
23	4800	1	3260
23	4801	1	3260
23	4802	1	3260
23	4803	1	3260
23	4804	1	3260
23	4807	1	3260
23	4808	1	3260
23	4809	1	3260
23	480C	1	3260
23	480F	1	3260
23	4810	1	3260
23	4811	1	3260
23	4812	1	3260
23	4814	1	3260
23	4816	1	3260
23	4818	1	3260
23	481B	1	3260
23	481C	1	3260
23	481D	1	3260
23	481E	1	3260
23	4821	1	3260
23	4827	1	3260
23	4828	1	3260
23	482A	1	3260
23	482C	1	3260
23	482E	1	3260
23	4831	1	3260
23	4832	1	3260
23	4833	1	3260
23	4834	1	3260
23	4835	1	3260
23	4836	1	3260
23	4837	1	3260
23	4838	1	3260
23	483B	1	3260
23	483C	1	3260
23	483D	1	3260
23	4840	1	3260
23	4843	1	3260
23	4844	1	3260
23	4845	1	3260
23	4846	1	3260
23	4848	1	3260
23	484A	1	3260
23	484C	1	3260
23	484F	1	3260
23	4850	1	3260
23	4851	1	3260
23	4852	1	3260
23	4855	1	3260
23	485B	1	3260
23	485C	1	3260
23	485F	1	3261
23	4860	1	3261
23	4861	1	3261
23	4862	1	3261
23	4863	1	3261
23	4864	3	3260
23	4865	3	3260
23	4866	3	3260
23	4868	3	3260
23	486A	3	3260
23	486C	3	3260
23	486F	3	3260
23	4872	33	3260
23	4873	33	3260
23	4874	33	3260
23	4875	33	3260
23	4877	33	3260
23	4879	3	3260
23	487A	3	3260
23	487B	3	3260
23	487C	3	3260
23	487F	3	3260
23	4882	3	3260
23	4883	3	3260
23	4889	3	3260
23	488A	3	3260
23	488B	3	3260
23	488D	3	3260
23	48D5	3	3260
23	48D6	3	3260
23	48D7	3	3260
23	48DA	3	3260
23	48DB	3	3260
23	48E1	3	3260
23	48E2	3	3260
23	48E3	3	3260
23	48E5	3	3260
23	491B	3	3260
23	491C	3	3260
23	491D	3	3260
23	4920	3	3260
23	4921	3	3260
23	4927	3	3260
23	4928	3	3260
23	4929	3	3260
23	492B	3	3260
23	494F	3	3260
23	4950	3	3260
23	4951	3	3260
23	4954	3	3260
23	4955	3	3260
23	495B	3	3260
23	495C	3	3260
23	495D	3	3260
23	495F	3	3260
23	4971	3	3260
23	4972	3	3260
23	4973	3	3260
23	4974	3	3260
23	4975	3	3260
23	4976	3	3260
23	4977	3	3260
23	4979	3	3260
23	497A	3	3260
23	4986	3	3260
23	4987	3	3260
23	4988	3	3260
23	498B	3	3260
23	4991	3	3260
23	4992	3	3260
23	4994	3	3260
23	499C	3	3260
23	499D	3	3260
23	499E	3	3260
23	49A1	3	3260
23	49A7	3	3260
23	49A8	3	3260
23	49AA	3	3260
23	49B2	3	3260
23	49B3	3	3260
23	49B4	3	3260
23	49B7	3	3260
23	49BD	3	3260
23	49BE	3	3260
23	49C0	3	3260
23	49C8	3	3260
23	49C9	3	3260
23	49CA	3	3260
23	49CD	3	3260
23	49D3	3	3260
23	49D4	3	3260
23	49D6	3	3260
23	49DE	3	3260
23	49E1	3	3260
23	49E3	3	3260
23	49E4	3	3260
23	49E5	3	3260
23	49E6	1	3260
23	49E8	1	3260
23	49E9	1	3260
23	49EB	1	3260
23	49ED	1	3260
23	49EF	1	3260
23	49F0	1	3260
23	49F2	1	3260
23	49F5	1	3260
23	49F8	1	3260
23	49FA	1	3260
23	4A00	1	3261
23	4A01	1	3261
23	4A03	1	3261
23	4A05	1	3261
23	58C5	1	460
23	58C6	1	460
23	58C7	1	460
23	58C8	1	460
23	58CA	1	460
23	58CC	1	460
23	58CE	1	460
23	58D1	1	460
23	58D2	1	460
23	58D4	1	460
23	58D5	1	460
23	58D6	1	460
23	58D7	1	460
23	58D9	1	460
23	58DA	1	460
23	58DB	1	460
23	58DC	1	460
23	58DD	1	460
23	58E0	1	460
23	58E6	1	460
23	58E7	1	460
23	58E8	1	460
23	5925	1	460
23	5926	1	460
23	5927	1	460
23	592A	1	460
23	5930	1	460
23	5931	1	460
23	5932	1	460
23	5960	1	460
23	5961	1	460
23	5962	1	460
23	5965	1	460
23	596B	1	460
23	596C	1	460
23	596D	1	460
23	598C	1	460
23	598D	1	460
23	598E	1	460
23	5991	1	460
23	5997	1	460
23	5998	1	460
23	5999	1	460
23	59A9	1	460
23	59AA	1	460
23	59AD	1	460
23	59AF	1	460
23	59B1	1	460
23	59B3	1	460
23	59B4	1	460
23	59B5	1	460
23	59B8	1	460
23	59B9	1	460
23	59BC	1	460
23	59BF	1	460
23	59C0	1	460
23	59C3	1	460
23	59C6	1	460
23	59C7	1	460
23	59CA	1	460
23	59CD	1	460
23	59CE	1	460
23	59D1	1	460
23	59D4	1	460
23	59D5	1	460
23	59D8	1	460
23	59D9	1	460
23	5E7A	1	460
23	5E7C	1	460
23	5E98	1	460
23	5E9A	1	460
23	5EB6	1	460
23	5EB8	1	460
23	5ED4	1	460
23	5ED6	1	460
23	5EF2	1	460
23	5EF4	1	460
23	5F10	1	460
23	5F12	1	460
23	5F2E	1	460
23	5F30	1	460
23	5F4C	1	460
23	5F4E	1	460
23	5F50	1	460
23	5F53	1	460
23	5F56	1	460
23	5F58	1	460
23	5F5A	1	460
23	5F60	1	460
23	5F63	1	460
23	5F66	1	460
23	5F69	1	460
23	5FA3	1	1160
23	5FA4	1	1160
23	5FA5	1	1160
23	5FA6	1	1160
23	5FA9	1	1160
23	5FAC	1	1160
23	5FAF	1	1160
23	5FB2	1	1160
23	5FB5	1	1160
23	5FB8	1	1160
23	5FBB	1	1160
23	5FBE	1	1160
23	5FC1	1	1160
23	5FC4	1	1160
23	5FC7	1	1160
23	5FCA	1	1160
23	5FCD	1	1160
23	5FD0	1	1160
23	5FD3	1	1160
23	5FD4	1	1160
23	5FD7	1	1160
23	5FDD	1	1160
23	5FDE	1	1160
23	5FDF	1	1160
23	601C	1	1160
23	601D	1	1160
23	601E	1	1160
23	6021	1	1160
23	6027	1	1160
23	6028	1	1160
23	6029	1	1160
23	6057	1	1160
23	6058	1	1160
23	6059	1	1160
23	605C	1	1160
23	6062	1	1160
23	6063	1	1160
23	6064	1	1160
23	6083	1	1160
23	6084	1	1160
23	6085	1	1160
23	6088	1	1160
23	608E	1	1160
23	608F	1	1160
23	6090	1	1160
23	60A0	1	1160
23	60A1	1	1160
23	60A4	1	1160
23	60A6	1	1160
23	60A8	1	1160
23	60AA	1	1160
23	60AB	1	1160
23	60AC	1	1160
23	60AF	1	1160
23	60B0	1	1160
23	60B3	1	1160
23	60B6	1	1160
23	60B7	1	1160
23	60BA	1	1160
23	60BD	1	1160
23	60BE	1	1160
23	60C1	1	1160
23	60C4	1	1160
23	60C5	1	1160
23	60C8	1	1160
23	60CB	1	1160
23	60CC	1	1160
23	60CF	1	1160
23	60D0	1	1160
23	6571	1	1160
23	6573	1	1160
23	658F	1	1160
23	6591	1	1160
23	65AD	1	1160
23	65AF	1	1160
23	65CB	1	1160
23	65CD	1	1160
23	65E9	1	1160
23	65EB	1	1160
23	6607	1	1160
23	6609	1	1160
23	660B	1	1160
23	660E	1	1160
23	6611	1	1160
23	6613	1	1160
23	6615	1	1160
23	661B	1	1160
23	661E	1	1160
23	6621	1	1160
23	6624	1	1160
23	669A	1	1860
23	669B	1	1860
23	669C	1	1860
23	669F	1	1860
23	66A5	1	1860
23	66A6	1	1860
23	66A7	1	1860
23	66E4	1	1860
23	66E5	1	1860
23	66E6	1	1860
23	66E9	1	1860
23	66EF	1	1860
23	66F0	1	1860
23	66F1	1	1860
23	671F	1	1860
23	6720	1	1860
23	6721	1	1860
23	6724	1	1860
23	672A	1	1860
23	672B	1	1860
23	672C	1	1860
23	674B	1	1860
23	674C	1	1860
23	674D	1	1860
23	6750	1	1860
23	6756	1	1860
23	6757	1	1860
23	6758	1	1860
23	6768	1	1860
23	6769	1	1860
23	676C	1	1860
23	676E	1	1860
23	6770	1	1860
23	6772	1	1860
23	6773	1	1860
23	6774	1	1860
23	6777	1	1860
23	6778	1	1860
23	677B	1	1860
23	677E	1	1860
23	677F	1	1860
23	6782	1	1860
23	6785	1	1860
23	6786	1	1860
23	6789	1	1860
23	678C	1	1860
23	678D	1	1860
23	6790	1	1860
23	6793	1	1860
23	6794	1	1860
23	6797	1	1860
23	6798	1	1860
23	6C39	1	1860
23	6C3B	1	1860
23	6C57	1	1860
23	6C59	1	1860
23	6C75	1	1860
23	6C77	1	1860
23	6C93	1	1860
23	6C95	1	1860
23	6CB1	1	1860
23	6CB3	1	1860
23	6CCF	1	1860
23	6CD1	1	1860
23	6CED	1	1860
23	6CEF	1	1860
23	6D0B	1	1860
23	6D0D	1	1860
23	6D29	1	1860
23	6D2B	1	1860
23	6D47	1	1860
23	6D4A	1	1860
23	6D4D	1	1860
23	6D4F	1	1860
23	6D51	1	1860
23	6D57	1	1860
23	6D5A	1	1860
23	6D5D	1	1860
23	6D60	1	1860
29	5117	78011	6402
29	5119	78011	6402
29	511B	78011	6402
29	511D	5	6407
29	5145	1	7102
29	5146	1	7102
29	5148	1	7102
29	514A	1	7102
29	514C	1	7102
29	514E	1	7102
29	514F	1	7802
29	5150	1	7802
29	5152	1	7802
29	5154	1	7802
29	5156	1	7802
29	5158	1	7802
29	520D	1	8502
29	520F	1	8502
29	5211	1	8502
29	5214	1	8502
29	5215	1	8502
29	5217	1	8502
29	521A	1	8504
29	521C	1	8504
29	521E	64	8504
29	5220	64	8504
29	5221	64	8504
29	5222	64	8504
29	5223	64	8504
29	5225	64	8504
29	5226	64	8504
29	5227	64	8504
29	5229	1	8504
29	522A	1	8504
29	522C	1	8504
29	522F	1	8509
29	5231	1	8509
29	5233	64	8509
29	5235	64	8509
29	5236	64	8509
29	5237	64	8509
29	5238	64	8509
29	523A	64	8509
29	523B	64	8509
29	523C	64	8509
29	523E	1	8509
29	523F	1	9202
29	5242	1	9202
29	5243	1	9202
29	5245	1	9202
29	5248	1	9203
29	524A	1	9203
29	524C	64	9203
29	524D	64	9203
29	524F	64	9203
29	5250	64	9203
29	5251	64	9203
29	5253	64	9203
29	5254	64	9203
29	5255	64	9203
29	5257	1	9203
29	5258	1	9203
29	525A	1	9203
29	525D	1	9208
29	525F	1	9208
29	5261	64	9208
29	5262	64	9208
29	5264	64	9208
29	5265	64	9208
29	5266	64	9208
29	5268	64	9208
29	5269	64	9208
29	526A	64	9208
29	526C	1	9208
29	529F	1	9902
29	52A2	1	9902
29	52A4	64	9902
29	52A5	64	9902
29	52A6	64	9902
29	52A7	64	9902
29	52A8	64	9902
29	52AA	64	9902
29	52AE	64	9902
29	52AF	64	9902
29	52B0	64	9902
29	52B2	64	9902
29	52B4	64	9902
29	52B5	64	9902
29	52B6	64	9902
29	52B7	64	9902
29	52B9	64	9902
29	52BB	64	9902
29	52BC	64	9902
29	52BD	64	9902
29	52BE	64	9902
29	52C0	64	9902
29	52C4	64	9902
29	52C6	64	9902
29	52C7	64	9902
29	52C9	64	9902
29	52CA	64	9902
29	52CB	64	9902
29	52CC	64	9902
29	52CE	64	9902
29	52CF	64	9902
29	52D1	64	9902
29	52D3	64	9902
29	52D4	64	9902
29	52D5	64	9902
29	52D7	64	9902
29	52DB	64	9902
29	52DD	64	9902
29	52DF	64	9902
29	52E0	64	9902
29	52E1	64	9902
29	52E2	64	9902
29	52E3	64	9902
29	52E4	64	9902
29	52E5	64	9902
29	52E6	64	9902
29	52E7	64	9902
29	52E8	64	9902
29	52E9	64	9902
29	52EA	64	9902
29	52EC	1	9902
29	52ED	1	10602
29	52F0	1	10602
29	52F2	64	10602
29	52F3	64	10602
29	52F4	64	10602
29	52F5	64	10602
29	52F7	64	10602
29	52FA	64	10602
29	52FB	64	10602
29	52FC	64	10602
29	52FE	64	10602
29	5300	64	10602
29	5301	64	10602
29	5302	64	10602
29	5303	64	10602
29	5305	64	10602
29	5307	64	10602
29	5308	64	10602
29	530A	64	10602
29	530E	64	10602
29	5310	64	10602
29	5311	64	10602
29	5313	64	10602
29	5314	64	10602
29	5315	64	10602
29	5316	64	10602
29	5318	64	10602
29	5319	64	10602
29	531B	64	10602
29	531D	64	10602
29	531E	64	10602
29	5320	64	10602
29	5323	64	10602
29	5325	64	10602
29	5327	64	10602
29	5328	64	10602
29	5329	64	10602
29	532A	64	10602
29	532B	64	10602
29	532C	64	10602
29	532D	64	10602
29	532E	64	10602
29	532F	64	10602
29	5330	64	10602
29	5331	64	10602
29	5332	64	10602
29	5334	1	10602
29	5335	1	11302
29	5336	1	11302
29	5338	1	11302
29	533B	2	11302
29	533D	2	11302
29	533E	128	11302
29	533F	128	11302
29	5340	128	11302
29	5341	128	11302
29	5342	128	11302
29	5344	2	11302
29	5345	2	11302
29	5346	2	11302
29	5348	1	11302
29	5349	1	11302
2B	6CF5	1	5002
2B	6CF6	1	5002
2B	6CF8	1	5002
2B	6CFA	1	5002
2B	6CFC	1	5002
2B	6CFE	1	5002
2B	6D00	1	5002
2B	6D03	1	5002
2B	6D05	1	5002
2B	6D07	1	5002
2B	6D0A	1	5002
2B	6D0D	1	5002
2B	6D0F	36	5002
2B	6D10	36	5002
2B	6D11	36	5002
2B	6D12	36	5002
2B	6D14	1	5002
2B	6D15	1	5002
2B	6D16	1	5002
2B	6D18	1	5002
2B	6D1A	1	5002
2B	6D1D	1	5002
2B	6D1F	1	5002
2B	6D21	1	5002
2B	6D24	1	5002
2B	6D25	1	5002
2B	6D26	1	5002
2B	6D28	1	5002
2B	6D2A	1	5002
2B	6D2D	1	5002
2B	6D2E	1	5002
2B	6D2F	1	5002
2B	6D30	1	5002
2B	6D31	1	5002
2B	6D32	1	5002
2B	6D33	1	5002
2B	6D34	1	5002
2B	6D35	1	5002
2B	6D38	1	5002
2B	6D39	1	5002
2B	6D3C	1	5002
2B	6D3E	64	5002
2B	6D3F	64	5002
2B	6D40	64	5002
2B	6D41	64	5002
2B	6D42	64	5002
2B	6D44	1	5002
2B	6D45	1	5002
2B	6D48	1	5002
2B	6D49	1	5002
2B	6D4C	1	5002
2B	6D4E	16	5002
2B	6D4F	16	5002
2B	6D50	16	5002
2B	6D51	16	5002
2B	6D52	16	5002
2B	6D54	1	5002
2B	6D55	1	5002
2B	6D57	1	5002
2B	6D59	1	5002
2B	6D5B	1	5002
2B	6D5D	1	5002
2B	6D60	1	5002
2B	6D61	1	5002
2B	6D64	1	5002
2B	6D65	1	5002
2B	6D68	1	5002
2B	6D69	1	5002
2B	6D6D	1	5002
2C	665F	1	3961
2C	6661	1	3961
2C	6662	1	3961
2C	6664	1	3961
2C	6666	1	3961
2C	6668	1	3961
2C	6669	1	3961
2C	666B	1	3961
2C	666E	1	3961
2C	6671	1	3961
2C	6673	1	3961
2C	6676	1	3962
2C	6679	1	3962
2C	667C	1	3962
2C	667E	1	3962
2C	6681	1	3963
2C	6684	1	3963
2C	6687	1	3963
2C	6689	1	3963
2C	668C	1	3964
2C	668F	1	3964
2C	6692	1	3964
2C	6694	1	3964
2C	6697	1	3965
2C	6698	1	3965
2C	669A	1	3965
2C	669C	1	3965
2C	669D	4	3961
2C	669E	4	3961
2C	66A0	4	3961
2C	66A1	4	3961
2C	66A3	4	3961
2C	66A4	4	3961
2C	66A6	4	3961
2C	66A7	4	3961
2C	66A9	4	3961
2C	66AC	14739	3961
2C	66AD	14739	3961
2C	66AF	14739	3961
2C	66B1	4	3961
2C	66B3	151	3961
2C	66B4	151	3961
2C	66B5	151	3961
2C	66B7	4	3962
2C	66B8	4	3962
2C	66BA	4	3962
2C	66BC	4	3962
2C	741C	1	3960
2C	741F	1	3972
2C	7421	60	3972
2C	7422	60	3972
2C	7428	60	3972
2C	742B	60	3973
2C	7431	60	3973
2C	7432	60	3973
2C	7433	60	3973
2C	7435	1	4032
2C	7438	1	4032
2C	7439	1	4032
2C	743A	1	4032
2C	7440	1	4206
2C	7441	1	4206
2C	7447	1	4221
2C	7448	1	4221
2C	7449	1	4221
2C	744B	1	4221
2C	744D	1	4221
2C	746F	1	3960
2C	7475	1	3960
2C	747B	1	3960
2C	7481	1	3961
2C	7487	1	3965
2C	748D	1	3965
2C	7490	1	3965
2C	7493	1	3965
2C	7495	1	3965
2C	7497	1	3965
2C	7499	1	3965
2C	749F	1	3965
2C	74A2	1	3965
2C	74A5	1	3965
2C	74A7	1	3965
2C	74A9	1	3965
2C	74AB	1	3965
2C	74B1	1	3965
2C	74B4	1	3965
2C	74B7	1	3965
2C	74BA	1	3965
2C	74BC	1	3965
2C	74C2	1	3965
2C	74C5	1	3965
2C	74C8	1	3965
2C	74CB	1	3965
2C	74CD	1	3965
2C	74D3	1	3965
2C	74D6	1	3965
2C	74D9	1	3965
2C	74DC	1	3965
2C	74DE	1	3965
2C	74E4	1	3965
2C	74E7	1	3965
2C	74EA	1	3965
2C	74EC	1	3965
2C	74EE	1	3965
2C	74F4	1	3965
2C	74F7	1	3965
2C	74FA	1	3965
2C	74FD	1	3965
2C	74FF	1	3965
2C	7501	1	3965
2C	7502	1	3965
2C	7504	1	3965
2C	7506	1	3965
2C	7508	1	3965
2C	750A	1	3965
2C	750D	1	3965
2C	7510	1	3965
2C	7516	1	3965
2C	7517	1	3965
2C	751A	1	3965
2C	751C	1	3965
2C	751D	1	3965
2C	751F	1	3965
2C	7521	1	3965
2C	7523	1	3965
2C	7525	1	3965
2C	7528	1	3965
2C	752E	1	3965
2C	7531	1	3965
2C	7534	1	3965
2C	7537	1	3965
2C	753A	1	3966
2C	753D	1	3966
2C	7540	1	3966
2C	7543	1	3966
2C	7546	1	3968
2C	7549	1	3968
2C	754C	1	3968
2C	754F	1	3968
2C	7552	1	3970
2C	7558	1	3972
2C	755B	1	3972
2C	755C	2	3965
2C	755E	2	3965
2C	7561	2	3965
2C	7563	2	3965
2C	7565	2	3965
2C	7567	2	3965
2C	7568	2	3965
2C	756A	2	3965
2C	75FC	2	3965
2C	75FD	2	3965
2C	75FE	2	3965
2C	75FF	2	3965
2C	7601	2	3965
2C	7604	2	3965
2C	760A	2	3965
2C	760B	2	3965
2C	760C	2	3965
2C	760D	44	3965
2C	7610	44	3965
2C	7612	44	3965
2C	7613	42	3965
2C	7614	42	3965
2C	7617	42	3965
2C	761A	42	3965
2C	7630	42	3965
2C	7631	42	3965
2C	7632	42	3965
2C	7633	42	3965
2C	7635	42	3965
2C	7637	42	3965
2C	763A	42	3965
2C	7640	42	3965
2C	7641	42	3965
2C	7642	42	3965
2C	7643	42	3965
2C	7645	42	3965
2C	7646	42	3965
2C	7647	42	3965
2C	7648	1	3966
2C	764A	1	3966
2C	764D	1	3966
2C	764F	1	3966
2C	7651	1	3966
2C	7653	1	3966
2C	7654	1	3966
2C	7656	1	3966
2C	76E8	1	3966
2C	76E9	1	3966
2C	76EA	1	3966
2C	76EB	1	3966
2C	76ED	1	3966
2C	76F0	1	3966
2C	76F6	1	3966
2C	76F7	1	3966
2C	76F8	1	3966
2C	76F9	26	3966
2C	76FC	26	3966
2C	76FE	26	3966
2C	76FF	25	3966
2C	7700	25	3966
2C	7703	25	3966
2C	7706	25	3966
2C	771C	25	3966
2C	771D	25	3966
2C	771E	25	3966
2C	771F	25	3966
2C	7721	25	3966
2C	7723	25	3966
2C	7726	25	3966
2C	772C	25	3966
2C	772D	25	3966
2C	772E	25	3966
2C	772F	25	3966
2C	7731	25	3966
2C	7732	25	3966
2C	7733	25	3966
2D	4E06	2	3960
2D	4E08	2	3960
2D	4E0A	2	3960
2D	4E0C	2	3960
2D	4E0F	2	3960
2D	4E12	8192	3960
2D	4E13	8192	3960
2D	4E14	8192	3960
2D	4E15	8192	3960
2D	4E16	8192	3960
2D	4E17	8192	3960
2D	4E19	2	3961
2D	4E1B	2	3961
2D	4E1D	2	3961
2D	4E1F	2	3961
2D	4E22	2	3961
2D	4E25	3840	3961
2D	4E26	3840	3961
2D	4E27	3840	3961
2D	4E28	3840	3961
2D	4E29	3840	3961
2D	4E2A	3840	3961
2D	4E2C	2	3961
2D	65B0	1	5002
2D	65B1	1	5002
2D	65B2	1	5002
2D	65B4	1	5002
2D	65B5	1	5002
2D	65B7	1	5002
2D	65B9	1	5002
2D	65BB	1	5002
2D	65BD	1	5002
2D	65C0	1	5002
2D	65C1	1	5002
2D	65C3	1	5002
2D	65C5	1	5002
2D	65C6	1	5002
2D	65C7	1	5002
2D	65C9	1	5002
2D	65CA	1	5002
2D	65CC	1	5002
2D	65CE	1	5002
2D	65D0	1	5002
2D	65D2	1	5002
2D	65D5	1	5002
2D	65D7	1	5002
2D	65DA	1	5002
2D	65DB	1	5002
2D	65DD	1	5002
2D	65DF	1	5002
2D	65E0	1	5002
2D	65E6	1	5002
2D	65E9	1	5003
2D	65EA	1	5003
2D	65EB	1	5003
2D	65EE	1	5035
2D	65F0	64	5035
2D	65F1	64	5035
2D	65F4	64	5035
2D	65F5	64	5035
2D	65F6	64	5035
2D	65F8	1	5036
2D	65F9	1	5036
2D	65FB	1	5036
2D	6603	207	5036
2D	6604	207	5036
2D	660A	207	5036
2D	660D	206	5036
2D	6613	206	5036
2D	6614	206	5036
2D	6617	206	5036
2D	6619	206	5036
2D	661B	206	5036
2D	669B	206	5036
2D	669D	206	5036
2D	669F	206	5036
2D	6784	206	5036
2D	6786	206	5036
2D	6788	206	5036
2D	67B8	206	5036
2D	67BA	206	5036
2D	67BC	206	5036
2D	67BF	206	5036
2D	67C1	206	5036
2D	67C3	206	5036
2D	67C6	206	5036
2D	67C8	206	5036
2D	681C	64	5035
2D	6827	64	5035
2D	6828	64	5035
2D	6829	64	5035
2D	682B	64	5035
2D	682E	64	5035
2D	6830	64	5035
2D	6832	64	5035
2D	6834	64	5035
2D	6835	64	5035
2D	6837	64	5035
2D	68A9	1	5003
2D	68AA	1	5003
2D	68AB	1	5003
2D	68AE	1	5003
2D	68B4	1	5003
2D	68BA	1	5003
2D	68C0	1	5005
2D	68C3	1	5007
2D	68C6	1	5007
2D	68C9	1	5007
2D	68CB	1	5007
2D	68CD	1	5007
2D	68CF	1	5007
2D	68D5	1	5008
2D	68D8	1	5008
2D	68DB	1	5008
2D	68DD	1	5008
2D	68DF	1	5008
2D	68E1	1	5008
2D	68E7	1	5008
2D	68EA	1	5008
2D	68ED	1	5008
2D	68EF	1	5008
2D	68F1	1	5008
2D	68F3	1	5008
2D	68F9	1	5009
2D	68FC	1	5009
2D	68FF	1	5009
2D	6901	1	5009
2D	6903	1	5009
2D	6905	1	5009
2D	690B	1	5010
2D	690E	1	5010
2D	6911	1	5010
2D	6914	1	5010
2D	6916	1	5010
2D	691C	1	5010
2D	691F	1	5010
2D	6922	1	5010
2D	6924	1	5010
2D	6926	1	5010
2D	692C	1	5010
2D	692F	1	5010
2D	6932	1	5010
2D	6934	1	5010
2D	6936	1	5010
2D	693C	1	5010
2D	693E	1	5010
2D	6941	1	5011
2D	6944	1	5011
2D	6947	1	5011
2D	694A	1	5011
2D	694D	1	5011
2D	6950	1	5011
2D	6953	1	5012
2D	6956	1	5012
2D	6959	1	5012
2D	695C	1	5012
2D	695F	1	5014
2D	6962	1	5014
2D	6965	1	5014
2D	6968	1	5014
2D	696B	1	5016
2D	696E	1	5018
2D	696F	1	5018
2D	6970	1	5018
2D	6971	1	5018
2D	69B3	1	5018
2D	69B6	1	5018
2D	69B9	1	5018
2D	69BC	1	5018
2D	69BE	1	5018
2D	69C4	1	5018
2D	69C7	1	5018
2D	69CA	1	5018
2D	69CD	1	5018
2D	69CF	1	5018
2D	69D5	1	5018
2D	69DB	1	5018
2D	69DC	1	5018
2D	69DD	1	5018
2D	6A07	1	5018
2D	6A0D	1	5018
2D	6A10	1	5019
2D	6A16	1	5035
2D	6A17	1	5035
2D	6A19	1	5035
2D	6A1A	1	5035
2D	6A1C	1	5035
2D	6A1E	1	5035
2D	6A20	1	5035
2D	6A22	1	5035
2D	6A25	1	5035
2D	6A27	1	5035
2D	6A2A	1	5035
2D	6A2B	1	5035
2D	6A2D	1	5035
2D	6A2F	1	5035
2D	6A30	1	5035
2D	6A36	1	5035
2D	6A37	1	5035
2D	6A39	1	5035
2D	6A3A	1	5035
2D	6A3C	1	5035
2D	6A3E	1	5035
2D	6A41	1	5035
2D	6A44	1	5035
2D	6A45	1	5035
2D	6A47	1	5035
2D	6A48	1	5035
2D	6A4B	1	5035
2D	6A4C	207	5011
2D	6A4D	207	5011
2D	6A4F	207	5011
2D	6A51	207	5011
2D	6A53	207	5011
2D	6A55	207	5011
2D	6A56	207	5011
2D	6A58	207	5011
2D	6A59	207	5011
2D	6A5A	207	5011
2D	6A5C	207	5011
2D	6A63	207	5011
2D	6A64	207	5011
2D	6A66	207	5011
2D	6A6D	207	5011
2D	6A6E	207	5011
2D	6A6F	207	5011
2D	6A71	207	5011
2D	6A72	207	5011
2D	6A78	207	5011
2D	6A79	207	5011
2D	6A7C	207	5011
2D	6A7D	207	5011
2D	6A7E	207	5011
2D	6A7F	207	5011
2D	6A82	207	5011
2D	6A85	207	5011
2D	6A87	1035	5011
2D	6A88	1035	5011
2D	6A8A	828	5011
2D	6A8C	828	5011
2D	6A8E	207	5011
2D	6A91	207	5011
2D	6A94	207	5011
2D	6A95	207	5011
2D	6A96	2	5011
2D	6A98	2	5011
2D	6A9B	2	5011
2D	6A9D	2	5011
2D	6A9F	2	5011
2D	6AA1	2	5011
2D	6AA2	2	5011
2D	6AA4	2	5011
2D	6B36	2	5011
2D	6B37	2	5011
2D	6B38	2	5011
2D	6B39	2	5011
2D	6B3F	2	5011
2D	6B40	2	5011
2D	6B41	2	5011
2D	6B42	44	5011
2D	6B45	44	5011
2D	6B47	44	5011
2D	6B48	42	5011
2D	6B49	42	5011
2D	6B4C	42	5011
2D	6B4F	42	5011
2D	6B65	42	5011
2D	6B66	42	5011
2D	6B67	42	5011
2D	6B68	42	5011
2D	6B6A	42	5011
2D	6B6C	42	5011
2D	6B6F	42	5011
2D	6B75	42	5011
2D	6B76	42	5011
2D	6B77	42	5011
2D	6B78	42	5011
2D	6B7A	42	5011
2D	6B7B	42	5011
2D	6B7C	42	5011
2D	6B7D	1	5012
2D	6B7F	1	5012
2D	6B82	1	5012
2D	6B84	1	5012
2D	6B86	1	5012
2D	6B88	1	5012
2D	6B89	1	5012
2D	6B8B	1	5012
2D	6C1D	1	5012
2D	6C1E	1	5012
2D	6C1F	1	5012
2D	6C20	1	5012
2D	6C26	1	5012
2D	6C27	1	5012
2D	6C28	1	5012
2D	6C29	26	5012
2D	6C2C	26	5012
2D	6C2E	26	5012
2D	6C2F	25	5012
2D	6C30	25	5012
2D	6C33	25	5012
2D	6C36	25	5012
2D	6C4C	25	5012
2D	6C4D	25	5012
2D	6C4E	25	5012
2D	6C4F	25	5012
2D	6C51	25	5012
2D	6C53	25	5012
2D	6C56	25	5012
2D	6C5C	25	5012
2D	6C5D	25	5012
2D	6C5E	25	5012
2D	6C5F	25	5012
2D	6C61	25	5012
2D	6C62	25	5012
2D	6C63	25	5012
2D	6C64	3	3970
2D	6C66	3	3970
2D	6C67	3	3970
2D	6C69	3	3970
2D	6C6B	3	3970
2D	6C6D	3	3970
2D	6C6E	3	3970
2D	6C70	3	3970
2D	6C73	3	3970
2D	6C76	3	3970
2D	6C78	3	3970
2D	6C7B	3	3971
2D	6C7E	3	3971
2D	6C81	3	3971
2D	6C83	3	3971
2D	6C86	3	3972
2D	6C87	3	3972
2D	6C89	3	3972
2D	6C8B	3	3972
2D	6C8C	6	3970
2D	6C8D	6	3970
2D	6C8F	6	3970
2D	6C90	6	3970
2D	6C92	6	3970
2D	6C93	6	3970
2D	6C95	6	3970
2D	6C96	6	3970
2D	6C98	6	3970
2D	6C9B	21621	3970
2D	6C9C	21621	3970
2D	6C9E	21621	3970
2D	6CA0	6	3970
2D	6CA2	228	3970
2D	6CA3	228	3970
2D	6CA4	228	3970
2D	6CA6	6	3971
2D	6CA7	6	3971
2D	6CA9	6	3971
2D	6CAB	6	3971
2D	6CAC	64	5035
2D	6CAD	64	5035
2D	6CB0	64	5035
2D	6CB2	64	5035
2D	6CB4	64	5035
2D	6CB6	64	5035
2D	6CB8	64	5035
2D	6CB9	64	5035
2D	6CBB	64	5035
2D	6CBC	64	5035
2D	6CBD	64	5035
2D	6CBE	64	5035
2D	6CD1	64	5035
2D	6CD2	64	5035
2D	6CDF	64	5035
2D	6CE0	64	5035
2D	6CE2	64	5035
2D	6CE4	64	5035
2D	6CE6	64	5035
2D	6CE9	64	5035
2D	6CEA	64	5035
2D	6CEC	64	5035
2D	6CEE	64	5035
2D	6CEF	64	5035
2D	6D02	64	5035
2D	6D04	64	5035
2D	6D05	64	5035
2D	6D07	64	5035
2D	6D09	64	5035
2D	6D0A	64	5035
2D	6D0B	64	5035
2D	6D0C	64	5035
2D	6D0E	64	5035
2D	6D1A	64	5035
2D	6D1B	64	5035
2D	6D1C	64	5035
2D	6D1F	64	5035
2D	6D20	64	5035
48	403E	8	2560
48	4040	8	2560
48	4041	8	2560
48	4043	8	2560
48	4044	8	2560
48	4046	8	2560
48	4047	8	2560
48	4049	8	2560
48	404A	8	2560
48	404C	46	2560
48	404E	46	2560
48	4051	46	2560
48	4052	46	2560
48	4054	38	2560
48	4055	38	2560
48	4057	38	2560
48	405A	38	2560
48	405B	38	2560
48	405D	38	2560
48	405E	38	2560
48	405F	38	2560
48	4061	38	2560
48	4062	38	2560
48	4064	38	2560
48	4065	38	2560
48	4066	38	2560
48	4067	38	2560
48	4069	38	2560
48	406A	38	2560
48	406C	38	2560
48	406D	38	2560
48	406E	38	2560
48	406F	38	2560
48	4075	38	2560
48	4077	38	2560
48	4078	38	2560
48	407A	38	2560
48	407C	38	2560
48	407D	38	2560
48	407F	38	2560
48	4081	2	4036
48	4083	2	4036
48	4084	2	4036
48	4086	38	2560
48	4088	38	2560
48	408A	38	2560
48	408B	38	2560
48	408D	38	2560
48	408F	2	4036
48	4091	2	4036
48	4092	2	4036
48	4094	38	2560
48	4096	38	2560
48	4097	38	2560
48	4099	38	2560
48	409A	38	2560
48	409C	8	2560
48	409E	8	2560
48	409F	8	2560
48	40A1	8	2560
48	40A2	8	2560
48	40A4	8	2560
48	40A5	8	2560
48	40A7	8	2560
48	40A8	8	2560
48	4748	38	2560
48	474A	38	2560
48	474B	38	2560
48	474E	38	2560
48	474F	38	2560
48	4752	38	2560
48	4753	38	2560
48	4756	38	2560
48	4757	38	2560
48	475A	38	2560
48	475B	38	2560
48	475E	38	2560
48	475F	38	2560
48	4760	38	2560
48	4763	38	2560
48	4764	38	2560
48	4767	38	2560
48	4768	38	2560
48	476B	38	2560
48	476C	38	2560
48	476F	38	2560
48	4770	38	2560
48	4773	38	2560
48	4774	38	2560
48	4777	837	2560
48	4778	837	2560
48	4779	837	2560
48	477A	837	2560
48	477B	837	2560
48	477C	837	2560
48	477F	837	2560
48	4780	837	2560
48	4781	837	2560
48	4783	192	2560
48	4785	192	2560
48	4786	192	2560
48	4787	192	2560
48	4788	192	2560
48	478A	645	2560
48	478B	645	2560
48	478C	645	2560
48	478E	607	2560
48	478F	607	2560
48	4790	607	2560
48	4791	607	2560
48	4793	38	2560
48	4794	38	2560
48	4795	38	2560
48	4796	38	2560
48	4798	38	2560
48	479A	38	2560
48	479C	38	2560
48	479E	38	2560
48	47A0	38	2560
48	47A2	38	2560
48	47A4	38	2560
48	47A6	38	2560
48	47A8	38	2560
48	47A9	38	2560
48	47AA	38	2560
48	47AB	38	2560
48	47AC	38	2560
48	47AD	38	2560
48	47AE	38	2560
48	47B0	38	2560
48	47B2	38	2560
48	47B3	38	2560
48	47B5	38	2560
48	47B7	38	2560
48	47B9	38	2560
48	47BA	38	2560
48	47BC	38	2560
48	47BE	38	2560
48	47C0	38	2560
48	47C3	38	2560
48	47C4	38	2560
48	47C5	38	2560
48	47C8	38	2560
48	47C9	38	2560
48	47CC	38	2560
48	47CD	38	2560
48	47D0	38	2560
48	47D1	38	2560
48	47D4	38	2560
48	47D6	304	2560
48	47D7	304	2560
48	47D8	304	2560
48	47D9	304	2560
48	47DA	304	2560
48	47DB	304	2560
48	47DD	38	2560
48	47E0	38	2560
48	47E1	38	2560
48	47E4	38	2560
48	47E5	38	2560
48	47E8	38	2560
48	47E9	38	2560
48	47EC	38	2560
48	47EE	304	2560
48	47EF	304	2560
48	47F0	304	2560
48	47F1	304	2560
48	47F2	304	2560
48	47F3	304	2560
48	47F5	38	2560
48	47F6	38	2560
48	47F8	38	2560
48	47FB	38	2560
48	47FD	38	2560
48	47FE	38	2560
48	4800	38	2560
48	4803	38	2560
48	4805	38	2560
48	4807	38	2560
48	4808	38	2560
48	480A	38	2560
48	480C	38	2560
48	480E	38	2560
48	4899	16	326
48	489C	16	326
48	489E	16	326
48	48A1	16	326
48	48A4	16	326
48	48A5	16	326
48	48A7	16	326
48	48AA	16	326
48	48AD	16	326
48	48AE	16	326
48	48AF	16	326
48	48B0	16	326
48	48B1	16	326
48	48B2	16	326
48	48B3	16	326
48	48B4	16	326
48	48B5	16	326
48	48B6	16	326
48	48B7	16	326
48	48E1	16	326
48	48E2	16	326
48	48E5	16	326
48	48E8	16	326
48	48EA	16	326
48	48EC	16	326
48	48EE	256	326
48	48EF	256	326
48	48F2	256	326
48	48F3	256	326
48	48F4	256	326
48	48F5	256	326
48	48FE	256	326
48	48FF	256	326
48	4901	16	326
48	4904	16	326
48	4906	16	326
48	4908	896	326
48	4909	896	326
48	490C	896	326
48	490D	896	326
48	490E	896	326
48	490F	896	326
48	4911	16	326
48	4914	16	326
48	4915	16	326
48	4918	896	326
48	4919	896	326
48	491B	16	326
48	491E	16	326
48	491F	16	326
48	4AAB	16	22
48	4AAD	16	22
48	4AAF	16	22
48	4AB0	16	22
48	4AB2	16	22
48	4AB4	16	22
48	4AB6	16	22
48	4AB9	16	22
48	4ABB	16	22
48	4ABD	16	22
48	4AC0	16	22
48	4AC3	16	22
48	4AC5	16	22
48	4AC6	512	22
48	4AC7	512	22
48	4AC8	512	22
48	4ACA	16	22
48	4ACB	16	22
48	4ACD	16	22
48	4AD0	16	22
48	4AD2	16	22
48	4AD3	16	22
48	4AD5	16	22
48	4AD8	16	22
48	4ADA	16	22
4E	4658	16	22
4E	465A	16	22
4E	465C	16	22
4E	465F	16	22
4E	4661	16	22
4E	4663	16	22
4E	4666	16	22
4E	4669	16	22
4E	466C	16	22
4E	466F	16	22
4E	4672	16	22
4E	4675	16	22
4E	4678	16	22
4E	467B	16	22
4E	467E	16	22
4E	4681	16	22
4E	4683	16	22
4E	4687	16	22
4E	468A	16	22
4E	468B	16	22
4E	468E	16	22
4E	4691	16	22
4E	4694	16	22
4E	4697	16	22
4E	469A	16	22
4E	469B	16	22
4E	469D	16	22
4E	46A0	16	22
4E	46CF	16	326
4E	46D1	16	326
4E	46D3	16	326
4E	46D6	16	326
4E	46D8	16	326
4E	46DA	16	326
4E	46DD	16	326
4E	46E0	16	326
4E	46E3	16	326
4E	46E6	16	326
4E	46E9	16	326
4E	46EC	16	326
4E	46ED	16	326
4E	46EF	16	326
4E	46F2	16	326
4E	46F3	16	326
4E	46F5	16	326
4E	46F8	16	326
4E	46FB	16	326
4E	46FE	16	326
4E	4701	16	327
4E	4704	16	327
4E	4707	16	327
4E	470A	16	327
4E	470D	16	327
4E	470E	16	327
4E	4710	16	327
4E	4713	16	327
4E	4714	16	327
4E	4716	16	327
4E	4719	16	327
4E	471B	16	327
4E	471C	16	327
4E	471E	16	327
4E	4720	16	327
4E	4722	16	327
4E	4725	16	327
4E	4726	16	327
4E	4728	16	327
4E	4729	16	327
4E	472B	16	327
4E	472E	16	327
4E	472F	16	327
4E	4739	96	22
4E	473C	54016	22
4E	473D	54016	22
4E	473E	54016	22
4E	473F	54016	22
4E	4741	54016	22
4E	4742	54016	22
4E	4743	54016	22
4E	4744	54016	22
4E	4745	54016	22
4E	4746	54016	22
4E	4748	96	22
4E	4795	16	22
4E	4797	16	22
4E	4799	16	22
4E	479C	16	22
4E	479E	16	22
4E	47A0	16	22
4E	47A3	16	22
4E	47A6	16	22
4E	47A9	16	22
4E	47AC	16	22
4E	47AF	16	22
4E	47B0	16	22
4E	47B3	16	22
4E	47B4	16	22
4E	47B7	16	22
4E	47B8	16	22
4E	47BB	16	22
4E	47BC	16	22
4E	47BF	16	22
4E	47C2	16	22
4E	47C5	16	22
4E	47C8	16	22
4E	47CB	16	22
4E	47CE	16	22
4E	47D1	16	22
4E	47D4	16	22
4E	47D5	16	22
4E	47D8	16	22
4E	47D9	16	22
4E	47DC	16	22
4E	47DD	16	22
4E	47E0	16	22
4E	47E1	16	22
4E	47E4	16	22
4E	47E5	16	22
4E	47E7	16	22
4E	47EA	16	22
4F	4000	54	26
4F	4002	54	26
4F	4004	54	26
4F	4006	54	26
4F	4008	54	26
4F	400D	54	26
4F	404B	563	29
4F	404C	563	29
4F	404F	563	29
4F	4052	563	29
4F	4053	563	29
4F	4056	563	29
4F	4057	563	29
4F	405A	563	29
4F	405D	563	29
4F	405E	1126	29
4F	405F	1126	29
4F	4061	1126	29
4F	4063	1126	29
4F	4065	563	29
4F	4067	563	29
4F	4069	563	29
4F	406B	563	29
4F	406D	563	29
4F	406F	9008	29
4F	4070	9008	29
4F	4071	9008	29
4F	4072	9008	29
4F	4073	9008	29
4F	4074	9008	29
4F	4075	9008	29
4F	4076	9008	29
4F	4077	9008	29
4F	4078	9008	29
4F	4079	9008	29
4F	407A	9008	29
4F	407B	9008	29
4F	407C	9008	29
4F	407D	9008	29
4F	407E	9008	29
4F	407F	9008	29
4F	4080	9008	29
4F	4082	1126	29
4F	4083	35904	27
4F	4086	35904	27
4F	4087	35904	27
4F	4088	35904	27
4F	4089	35904	27
4F	408A	35904	27
4F	408B	35904	27
4F	408E	31680	27
4F	408F	31680	27
4F	4090	31680	27
4F	4093	30592	27
4F	4094	30592	27
4F	4097	30592	27
4F	4098	30592	27
4F	4099	30592	27
4F	409B	30592	27
4F	409D	30592	27
4F	409E	30592	27
4F	40A0	30592	27
4F	40A2	30592	27
4F	40A3	30592	27
4F	40A4	30592	27
4F	40A5	30592	27
4F	40A7	30592	27
4F	40A9	30592	27
4F	40AA	30592	27
4F	40AB	30592	27
4F	40AD	30592	27
4F	40AE	30592	27
4F	40B0	30592	27
4F	40B1	30592	27
4F	40B2	30592	27
4F	40B4	30592	27
4F	40B7	30592	27
4F	40B8	30592	27
4F	40B9	30592	27
4F	40BB	30592	27
4F	40BD	30592	27
4F	40BE	30592	27
4F	40C0	30592	27
4F	40C2	30592	27
4F	40C3	30592	27
4F	40C4	30592	27
4F	40C5	30592	27
4F	40C7	30592	27
4F	40C9	30592	27
4F	40CA	30592	27
4F	40CB	30592	27
4F	40CD	30592	27
4F	40CE	30592	27
4F	40D0	30592	27
4F	40D1	30592	27
4F	40D2	30592	27
4F	40D4	30592	27
4F	40D5	30592	27
4F	40D7	30592	27
4F	40D8	30592	27
4F	40DA	30592	27
4F	40DD	30592	27
4F	40DF	30592	27
4F	40E0	30592	27
4F	40E2	30592	27
4F	40E4	30592	27
4F	40E6	30592	27
4F	40E7	30592	27
4F	40E9	30592	27
4F	40EC	30592	27
4F	40EE	30592	27
4F	40EF	30592	27
4F	40F0	30592	27
4F	40F2	30592	27
4F	40F4	30592	27
4F	40F5	30592	27
4F	40F6	30592	27
4F	40F8	30592	27
4F	40F9	30592	27
4F	40FB	30592	27
4F	40FC	30592	27
4F	40FE	30592	27
4F	40FF	30592	27
4F	4101	30592	27
4F	4103	30592	27
4F	4105	30592	27
4F	4106	30592	27
4F	4108	30592	27
4F	410B	30592	27
4F	410D	30592	27
4F	410E	30592	27
4F	4110	30592	27
4F	4111	30592	27
4F	4112	30592	27
4F	4113	30592	27
4F	4115	30592	27
4F	4116	30592	27
4F	4118	30592	27
4F	4119	30592	27
4F	411A	30592	27
4F	411C	4224	41
4F	411F	4224	41
4F	4120	4224	41
4F	4121	4224	41
4F	4123	4224	41
4F	4124	4224	41
4F	4126	34816	27
4F	4129	34816	27
4F	412A	34816	27
4F	412C	34816	27
4F	412D	34816	27
4F	412F	34816	27
4F	4130	34816	27
4F	4131	1088	322
4F	4134	1088	322
4F	4135	1088	322
4F	4136	1088	322
4F	4138	1088	322
4F	4139	1088	322
4F	413B	1088	322
4F	413E	1088	322
4F	413F	1088	322
4F	4141	1088	322
4F	4142	1088	322
4F	4144	1088	322
4F	4145	1088	322
4F	4146	91776	27
4F	4147	91776	27
4F	4149	52937	27
4F	414A	52937	27
4F	414B	52937	27
4F	414E	52937	27
4F	414F	52937	27
4F	4150	52937	27
4F	4151	52937	27
4F	4152	52937	27
4F	4153	91776	27
4F	4156	91776	27
4F	4157	91776	27
4F	4158	91776	27
4F	415A	734208	27
4F	415B	734208	27
4F	415D	222643	27
4F	415E	734208	27
4F	4160	734208	27
4F	4162	734208	27
4F	4163	734208	27
4F	4165	91776	27
4F	4166	50	27
4F	4169	50	27
4F	416B	50	27
4F	416D	17	308
4F	416E	17	308
4F	4171	17	308
4F	4172	17	308
4F	4175	17	308
4F	4176	17	308
4F	4179	17	308
4F	417C	17	308
4F	417E	33	27
4F	417F	33	27
4F	4182	33	27
4F	4183	33	27
4F	4186	33	27
4F	4187	33	27
4F	418A	33	27
4F	418B	33	27
4F	418E	50	27
4F	4191	50	27
4F	41C2	50	27
4F	41C5	50	27
4F	41C8	50	27
4F	41CA	3200	27
4F	41CD	3200	27
4F	41CE	3200	27
4F	41D1	3200	27
4F	41D2	3200	27
4F	41D5	3200	27
4F	41D6	3200	27
4F	41D7	3200	27
4F	41DA	3200	27
4F	41DB	3200	27
4F	41DC	3200	27
4F	41DD	3200	27
4F	41DF	50	27
4F	41E0	611	27
4F	41E3	611	27
4F	41E4	611	27
4F	41E5	561	27
4F	41E6	561	27
4F	41E8	561	27
4F	41EA	425	27
4F	41ED	425	27
4F	41EE	425	27
4F	41F0	66	27
4F	41F3	66	27
4F	41F5	66	27
4F	41F7	33	42
4F	41F8	33	42
4F	41FB	33	42
4F	41FE	33	42
4F	4201	33	42
4F	4203	33	27
4F	4206	33	27
4F	4209	33	27
4F	420A	392	27
4F	420D	392	27
4F	420E	392	27
4F	4211	392	27
4F	4213	136	308
4F	4216	136	308
4F	4217	136	308
4F	4219	17	322
4F	421A	17	322
4F	421D	17	322
4F	4220	17	322
4F	4221	17	322
4F	4224	17	322
4F	4226	119	308
4F	4229	119	308
4F	422A	119	308
4F	422D	561	27
4F	4230	561	27
4F	4261	561	27
4F	4264	561	27
4F	4267	561	27
4F	4269	561	27
4F	426A	561	27
4F	426B	561	27
4F	426E	561	27
4F	426F	561	27
4F	4272	561	27
4F	4273	35904	27
4F	4274	35904	27
4F	4275	35904	27
4F	4276	35904	27
4F	4277	35904	27
4F	4278	35904	27
4F	427A	561	27
4F	427B	561	27
4F	427C	561	27
4F	427F	35904	27
4F	4282	35904	27
4F	4283	35904	27
4F	4284	35904	27
4F	4287	35904	27
4F	4288	35904	27
4F	428A	561	28
4F	428C	561	28
4F	428D	561	28
4F	42B4	17	27
4F	42B6	17	27
4F	42B8	17	27
4F	42B9	17	27
4F	42BB	17	27
4F	42BD	17	27
4F	42BF	17	27
4F	42C1	17	27
4F	42C4	17	27
4F	42C7	17	27
4F	42CA	17	27
4F	42CD	17	27
4F	42CF	17	27
4F	42D2	17	27
4F	42D5	17	27
4F	42D7	17	27
4F	42DA	17	27
4F	42DD	17	28
4F	42E0	153	28
4F	42E3	153	29
4F	42E6	153	29
4F	42EC	153	29
4F	42ED	153	29
4F	42F0	153	29
4F	42F3	153	30
4F	42F5	17	43
4F	42F7	17	43
4F	42F8	17	43
4F	42FA	17	43
4F	42FC	17	43
4F	42FE	17	43
4F	42FF	16	331
4F	4301	16	331
4F	4303	16	331
4F	4304	16	331
4F	4306	16	331
4F	4308	16	331
4F	430A	16	331
4F	430C	16	331
4F	430F	16	331
4F	4312	16	331
4F	4315	16	331
4F	4318	16	331
4F	431A	16	331
4F	431D	16	331
4F	4320	16	331
4F	4322	16	331
4F	4325	16	331
4F	4328	16	332
4F	432B	272	332
4F	432E	272	333
4F	4331	272	333
4F	4337	272	333
4F	4338	272	333
4F	433B	272	333
4F	433E	272	334
4F	4340	16	363
4F	4342	16	363
4F	4343	16	363
4F	4345	16	363
4F	4347	16	363
4F	4349	16	363
4F	4370	17	308
4F	4372	17	308
4F	4374	17	308
4F	4375	17	308
4F	4377	17	308
4F	4379	17	308
4F	437B	17	308
4F	437D	17	308
4F	4380	17	308
4F	4383	17	308
4F	4386	17	308
4F	4389	17	308
4F	438B	17	308
4F	438E	17	308
4F	4391	17	308
4F	4393	17	308
4F	4396	17	308
4F	4399	136	309
4F	439C	136	310
4F	439F	136	310
4F	43A5	136	310
4F	43A6	136	310
4F	43A9	136	310
4F	43AC	136	311
4F	43AE	17	323
4F	43B0	17	323
4F	43B1	17	323
4F	43B3	17	323
4F	43B5	17	323
4F	43B7	17	323
4F	45C6	1	4035
4F	45C8	1	4035
4F	45CA	1	4035
4F	45CB	1	4035
4F	45CD	1	4035
4F	45CF	1	4035
4F	45D1	1	4035
4F	45D3	4	4035
4F	45D6	4	4035
4F	45D7	64	4035
4F	45D8	64	4035
4F	45DA	64	4035
4F	45DB	64	4035
4F	45DC	64	4035
4F	45DE	64	4035
4F	45DF	64	4035
4F	45E0	64	4035
4F	45E1	64	4035
4F	45E2	64	4035
4F	45E4	1	4035
4F	45E6	64	4035
4F	45E7	64	4035
4F	45E8	64	4035
4F	45EA	4	4035
4F	45EB	4	4035
4F	45EC	4	4035
4F	45EE	4	4035
4F	45EF	4	4035
4F	45F1	4	4035
4F	45F2	4	4035
4F	45F3	4	4035
4F	45F5	4	4035
4F	45F6	4	4035
4F	45F7	4	4035
4F	45F8	4	4035
4F	45FA	1	4035
4F	45FC	1	4035
4F	45FD	1	4035
4F	45FF	1	4035
4F	4601	1	4035
4F	4603	1	4035
4F	4717	16	8
4F	4718	16	8
4F	4719	16	8
4F	471A	16	8
4F	471C	16	8
4F	471E	16	8
4F	4720	16	8
4F	4722	16	8
4F	4724	16	8
4F	4726	16	8
4F	4728	16	8
4F	472A	16	8
4F	472C	16	8
4F	472E	16	8
4F	4731	16	8
4F	4734	16	8
4F	4735	16	8
4F	4738	16	8
4F	473B	16	8
4F	473E	16	8
4F	473F	16	8
4F	4742	16	8
4F	4744	16	8
4F	4746	16	8
4F	4749	16	8
4F	474C	16	8
4F	474D	16	8
4F	4750	16	10
4F	4752	16	10
4F	4754	96	10
4F	4755	96	10
4F	4757	96	10
4F	475A	96	10
4F	475D	96	10
4F	475E	96	10
4F	4761	96	11
4F	4762	96	11
4F	4763	96	11
4F	4765	16	14
4F	4766	16	14
4F	4768	16	14
4F	476A	16	14
4F	476D	16	14
4F	4770	16	14
4F	4771	16	14
4F	4774	16	15
4F	4776	16	15
4F	4778	16	15
4F	477A	16	15
4F	477C	16	15
4F	477E	16	15
4F	4780	16	16
4F	4783	16	16
4F	4786	16	16
4F	4789	16	16
4F	478A	16	16
4F	478D	16	16
4F	4793	16	16
4F	4796	16	16
4F	4798	16	16
4F	479A	16	16
4F	479B	16	16
4F	479D	16	16
4F	479F	16	16
4F	47A1	16	16
4F	47A2	16	16
4F	47A3	16	17
4F	47A4	16	17
4F	47A5	16	17
4F	47A7	16	17
4F	47A9	16	17
4F	47AC	16	17
4F	47AF	16	17
4F	47B2	16	17
4F	47B5	16	17
4F	47B6	16	17
4F	47B9	16	17
4F	47BC	16	17
4F	47BF	16	17
4F	47C0	16	17
4F	47C3	16	17
4F	47C6	16	17
4F	47C7	16	17
4F	47C8	16	17
4F	47CB	16	17
4F	47CE	16	17
4F	47D1	16	17
4F	47D2	16	17
4F	47D4	16	17
4F	47D6	16	17
4F	47D8	16	17
4F	47D9	16	17
4F	47DA	16	17
4F	47DC	16	17
4F	47DE	96	17
4F	47DF	96	17
4F	47E1	96	17
4F	47E2	96	17
4F	47E5	96	17
4F	47E8	96	17
4F	47EB	96	18
4F	47EE	96	18
4F	47EF	96	18
4F	47F0	96	18
4F	47F2	16	22
4F	47F3	16	22
4F	47F6	16	22
4F	47FC	16	22
65	4000	16	17
65	4003	16	22
65	4009	16	22
65	400F	16	22
65	4015	16	22
65	4016	16	22
65	4019	16	22
65	401C	16	22
65	401D	16	22
65	401E	16	22
65	4021	16	22
65	4022	16	22
65	4023	16	22
65	4024	16	22
65	4025	16	22
65	4026	16	22
65	4029	16	22
65	402F	16	324
65	4030	16	324
65	4032	16	324
65	4033	16	324
65	4035	16	324
65	4037	16	324
65	4038	16	324
65	4039	16	324
65	403A	16	324
65	403B	16	324
65	4078	16	324
65	407E	16	324
65	407F	16	324
65	4081	16	324
65	4082	16	324
65	4084	16	324
65	4086	16	324
65	4087	16	324
65	4088	16	324
65	4089	16	324
65	408A	16	324
65	408B	16	324
65	416C	16	324
65	4172	16	326
65	4174	16	326
65	4176	16	326
65	417C	16	326
65	417D	16	326
65	417F	16	326
65	4185	16	327
65	4186	16	327
65	4188	16	327
65	41A7	16	327
65	41A9	16	327
67	424A	1	5702
67	424D	1	5702
67	424E	1	5702
67	42B7	1	5702
67	42B9	1	5702
67	42BB	1	5702
67	42BC	1	5702
67	42BE	1	5702
67	42C0	1	5702
67	42C2	1	5702
67	42C5	1	5702
67	42C7	1	5702
67	42C9	1	5702
67	42CA	1	5702
67	42CC	1	5702
67	42CE	1	5702
67	42D0	1	5702
67	42D3	1	5702
67	42D5	1	5702
67	42D7	1	5702
67	42D8	1	5702
67	42DA	1	5702
67	42DC	1	5702
67	42DE	1	5702
67	42E0	1	5702
67	42E3	1	5702
67	42E6	1	5702
67	42E9	1	5702
67	42EC	1	5702
67	42EF	1	5702
67	42F2	1	5702
67	42F3	1	5702
67	4301	1	5702
67	4303	1	5702
67	4304	1	5702
67	4306	1	5702
67	4308	1	5702
67	430A	1	5702
67	430C	1	5702
67	430D	1	5702
67	430F	1	5702
67	4312	1	5702
67	4314	1	5702
67	4316	1	5702
67	4317	1	5702
67	4319	1	5702
67	431C	1	5702
67	431E	1	5702
67	6369	16	23
67	636B	16	23
67	636D	16	23
67	6373	16	23
67	6379	16	23
67	637C	16	23
67	637F	16	23
67	6381	16	23
67	6383	16	23
67	6385	16	23
67	638B	16	24
67	638E	16	24
67	6391	16	24
67	6393	16	24
67	6395	16	24
67	6397	16	24
67	639D	16	25
67	63A0	16	25
67	63A3	16	25
67	63A5	16	25
67	63A7	16	25
67	63A9	16	25
67	63AF	16	26
67	63B2	16	26
67	63B5	16	26
67	63B8	16	26
67	63BA	16	26
67	63C0	16	26
67	63C3	16	26
67	63C6	16	26
67	63C9	16	26
67	63CB	16	26
67	63D1	16	26
67	63D4	16	26
67	63D7	16	26
67	63DA	16	26
67	63DC	16	26
67	63E2	16	26
67	63E5	16	26
67	63E8	16	26
67	63EA	16	26
67	63EC	16	26
67	63F2	16	26
67	63F5	16	26
67	63F8	16	26
67	63FB	16	26
67	63FD	16	26
67	6400	16	27
67	6401	16	22
67	6404	16	27
67	640A	16	43
67	640C	16	43
67	640D	16	43
67	640F	16	43
67	6411	16	43
67	6414	16	43
67	6417	16	43
67	6418	16	43
67	641A	16	43
67	641D	16	308
67	6423	16	323
67	6425	16	323
67	6426	16	323
67	6428	16	323
67	642A	16	323
67	642D	16	323
67	642E	16	323
67	6430	16	323
67	6433	16	324
67	6436	16	324
67	6437	16	22
67	6439	16	22
67	643B	16	22
67	6441	16	22
67	6447	16	23
67	644D	16	27
67	644E	16	43
67	644F	16	43
67	6452	4240	43
67	6458	4240	43
67	645B	4240	44
67	645D	4240	44
67	645F	4240	44
67	6460	4240	44
67	6462	4240	44
67	6464	4240	44
67	6466	4240	44
67	6468	4240	44
67	646B	4240	44
67	646C	4240	44
67	646E	4240	44
67	646F	4240	44
67	6471	4240	44
67	6473	4240	44
67	6475	4240	44
67	6476	4240	44
67	6477	4240	44
67	6479	2976	63
67	647B	2976	63
67	647D	960	83
67	6480	960	83
67	6481	960	83
67	6483	48	83
67	6485	48	83
67	6486	48	83
67	6488	48	83
67	648A	48	83
67	648D	48	83
67	6490	48	83
67	6491	48	83
67	6493	48	83
67	6495	48	83
67	6498	48	83
67	649A	1264	44
67	649B	1264	44
67	649E	4240	44
67	64A1	4240	44
67	64A2	4240	44
67	64A4	4240	44
67	64A5	4240	44
67	64A7	4240	44
67	64A9	4240	44
67	64AA	4240	44
67	64AB	4240	44
67	64AC	4240	44
67	64AD	4240	44
67	64B4	16	44
67	64B7	16	44
67	64BA	16	44
67	64BC	16	44
67	64BF	16	44
67	64C1	16	44
67	64C4	16	44
67	64C7	2016	45
67	64CA	2016	45
67	64CC	2016	45
67	64CF	2016	45
67	64D1	2016	45
67	64D4	16	170
67	64D6	16	170
67	64D8	16	170
67	64DB	16	170
67	64DD	16	170
67	64DF	16	170
67	64E2	16	170
67	64E5	16	170
67	64E8	16	170
67	64EA	16	170
67	64ED	16	170
67	64EF	16	170
67	64F2	16	170
67	64F5	2208	171
67	64F8	2208	171
67	64FA	2208	171
67	64FD	2208	171
67	64FF	2208	171
67	6502	16	308
67	6503	16	308
67	6505	16	308
67	6508	16	308
67	650A	16	308
67	650D	16	308
67	6513	16	308
67	6514	16	308
67	6516	16	308
67	6518	16	308
67	651C	16	308
67	651F	16	308
68	431A	16	308
68	431C	16	308
68	431E	16	308
68	4321	16	308
68	4323	16	308
68	4325	16	308
68	4326	16	308
68	4328	16	308
68	432A	16	308
68	432C	16	308
68	432F	16	308
68	4332	16	308
68	4334	16	308
68	4336	16	308
68	4339	16	308
68	433B	16	308
68	433D	16	308
68	4340	16	308
68	4342	16	308
68	4345	16	308
68	4348	16	308
68	434A	16	308
68	434C	16	308
68	434F	16	308
68	4350	16	308
68	4352	16	308
68	4354	16	308
68	4355	16	308
68	4357	16	308
68	435A	16	308
68	435C	16	308
68	435D	16	308
68	435F	16	308
68	4362	16	308
68	4364	16	308
68	459A	16	308
68	459C	16	308
68	459E	16	308
68	45A1	16	308
68	45A3	16	308
68	45A5	16	308
68	45A6	16	308
68	45A8	16	308
68	45AA	16	308
68	45AC	16	308
68	45AF	16	308
68	45B2	16	308
68	45B5	16	308
68	45B7	3040	308
68	45B8	3040	308
68	45B9	3040	308
68	45BA	3040	308
68	45BC	3040	308
68	45BD	3040	308
68	45BE	3040	308
68	45BF	3040	308
68	45C1	16	308
68	45C2	16	308
68	45C3	16	308
68	45C4	16	308
68	45C5	16	308
68	45C6	16	308
68	45C8	16	308
68	45C9	16	308
68	45CA	16	308
68	45CC	16	308
68	45CE	16	308
68	45CF	16	308
68	45D1	16	308
68	45D4	16	308
68	45D6	16	308
68	45D7	16	308
68	45D9	16	308
68	45DC	16	308
68	45DE	16	308
68	4870	16	324
68	4873	16	324
68	4874	16	324
68	4876	16	324
68	4877	16	324
68	4879	16	324
68	487B	16	324
68	487C	16	324
68	487D	16	324
68	487E	16	324
68	487F	16	324
68	4880	16	324
68	4883	16	324
68	4885	16	324
68	4887	16	324
68	4888	16	324
68	488A	16	324
68	488C	16	324
68	488E	16	324
68	488F	16	324
68	4891	16	324
68	4893	16	324
68	4895	16	324
68	4898	16	324
68	489A	16	324
68	489C	16	324
68	489F	16	324
68	48A0	16	324
68	48A1	16	324
68	48A3	16	324
68	48A4	16	324
68	48A6	16	324
68	48A9	16	324
68	48AB	16	324
68	48AD	16	324
68	48AE	16	324
68	48B0	16	324
68	48B3	16	324
68	48B5	16	324
68	48B6	16	324
68	48B8	16	324
68	48BA	16	324
68	48BC	16	324
68	48BE	16	324
68	48C0	16	324
68	48C2	16	324
68	48CE	16	324
68	48D0	16	324
68	48DE	16	324
68	48E1	16	324
68	48E4	16	324
68	48E5	16	324
68	48ED	16	324
68	48F0	16	324
68	48F2	16	324
68	4950	16	324
68	4952	16	324
68	4954	16	324
68	4955	16	324
68	4957	16	324
68	4959	16	324
68	495B	16	324
68	495E	16	324
68	4960	16	324
68	4962	16	324
68	4963	16	324
68	4965	16	324
68	4967	16	324
68	4969	16	324
68	496C	16	324
68	496D	16	324
68	4970	16	324
68	4973	16	324
68	4974	16	324
68	4975	16	324
68	4976	16	324
68	4977	16	324
68	4978	16	324
68	497A	16	324
68	497B	16	324
68	497C	16	324
68	497E	16	324
68	497F	16	324
68	4982	16	324
68	4984	16	324
68	4987	16	324
68	4988	16	324
68	498A	16	324
68	498C	16	324
68	49A0	16	324
68	49A2	16	324
68	49A3	16	324
68	49A5	16	324
68	49A8	16	324
68	49AA	16	324
68	49AC	16	324
68	49AD	16	324
68	49AF	16	324
68	49B2	16	324
68	49B4	16	324
68	49B5	16	324
68	49B6	16	324
68	49B8	16	324
68	49BA	16	324
68	49BB	16	324
68	49BD	16	324
68	49BF	16	324
68	49C1	16	324
68	49C4	16	324
68	49C6	16	324
68	49C8	16	324
68	49C9	16	324
68	49CB	16	324
68	49CD	16	324
68	49CF	16	324
68	49D2	16	324
68	49D5	16	324
68	49D8	16	324
68	49DB	16	324
68	49DC	16	324
68	49DD	16	324
68	49DE	16	324
68	49E1	16	324
68	49E4	16	324
68	49E7	16	324
68	49EA	16	324
68	49EC	16	324
68	49ED	16	324
68	49EF	16	324
68	49F2	16	324
68	49F4	16	324
68	49F6	16	324
68	49F7	16	324
68	49F9	16	324
68	49FC	16	324
68	49FE	16	324
68	49FF	32	324
68	4A02	8128	324
68	4A03	8128	324
68	4A04	8128	324
68	4A05	8128	324
68	4A07	8128	324
68	4A08	8128	324
68	4A09	8128	324
68	4A0A	8128	324
68	4A0B	8128	324
68	4A0C	8128	324
68	4A0E	32	324
68	4A0F	16	22
68	4A11	16	22
68	4A13	16	22
68	4A14	16	22
68	4A16	16	22
68	4A18	16	22
68	4A1A	16	22
68	4A1D	16	22
68	4A1F	16	22
68	4A21	16	22
68	4A22	16	22
68	4A24	16	22
68	4A26	16	22
68	4A28	16	22
68	4A2B	16	22
68	4A2C	16	22
68	4A2F	16	22
68	4A32	16	22
68	4A35	16	22
68	4A37	16	22
68	4A38	16	22
68	4A3A	16	22
68	4A3D	16	22
68	4A3F	16	22
68	4A41	16	22
68	4A42	16	22
68	4A44	16	22
68	4A47	16	22
68	4A49	16	22
69	40D1	157	4043
69	40D4	157	4043
69	40D6	157	4043
69	40D7	157	4043
69	414D	157	4043
69	414E	157	4043
69	4151	157	4043
72	4015	1	4032
72	401B	1	4043
72	4021	1	4200
72	4027	1	4206
72	4029	1	4206
72	402A	1	4032
72	402B	1	4032
72	402D	1	4032
72	4030	1	4032
72	4031	1	4032
72	4032	1	4032
72	4033	1	4032
72	4034	1	4032
72	4035	1	4032
72	4037	1	4032
72	4038	1	4032
72	4039	1	4032
72	403A	1	4032
72	403B	1	4032
72	403C	1	4032
72	403E	1	4032
72	4040	1	4032
72	4041	1	4032
72	4043	1	4032
72	4044	1	4032
72	4046	1	4032
72	4048	1	4032
72	404A	1	4032
72	404B	1	4032
72	404C	1	4032
72	404E	1	4032
72	4051	1	4032
72	4057	1	4032
72	405D	1	4033
72	4060	1	4033
72	4063	1	4033
72	4065	1	4033
72	4067	1	4033
72	4069	1	4033
72	406F	1	4034
72	4072	1	4034
72	4075	1	4034
72	4078	1	4034
72	407A	1	4034
72	4080	1	4034
72	4083	1	4034
72	4086	1	4034
72	4089	1	4034
72	408B	1	4034
72	4091	1	4034
72	4094	1	4034
72	4097	1	4034
72	409A	1	4034
72	409C	1	4034
72	40A2	1	4034
72	40A4	1	4034
72	40A6	1	4034
72	40A7	1	4034
72	40A9	1	4034
72	40AB	1	4034
72	40AD	1	4034
72	40AF	1	4034
72	40B2	1	4035
72	40B5	1	4035
72	40BB	1	4035
72	40BC	1	4035
72	40BF	1	4035
72	40C1	1	4035
72	40C2	1	4035
72	40C4	1	4035
72	40C6	1	4035
72	40C8	1	4035
72	40CB	1	4035
72	40CE	1	4035
72	40D0	1	4035
72	40D2	1	4035
72	40D8	1	4035
72	40DB	1	4035
72	40DE	1	4035
72	40E0	1	4035
72	40E3	1	4035
72	40E5	1	4035
72	40E7	1	4035
72	40E9	1	4035
72	40EA	1	4035
72	40EB	1	4035
72	40EC	1	4035
72	40EF	1	4035
72	40F0	1	4035
72	40F2	1	4035
72	40F3	1	4035
72	40F6	1	4035
72	40F9	1	4035
72	40FB	1	4035
72	40FD	1	4035
72	40FF	1	4035
72	4102	1	4035
72	4105	1	4035
72	4106	1	4035
72	4109	1	4035
72	410C	1	4035
72	410F	1	4035
72	4112	1	4035
72	4118	1	4035
72	4119	1	4035
72	411C	1	4035
72	411F	1	4035
72	4122	1	4035
72	4124	1	4035
72	4126	1	4035
72	4128	1	4035
72	412E	1	4036
72	4131	1	4036
72	4134	1	4036
72	4136	1	4036
72	4138	1	4036
72	413A	1	4036
72	4140	1	4036
72	4143	1	4036
72	4146	1	4036
72	4148	1	4036
72	414A	1	4036
72	414C	1	4036
72	4152	1	4037
72	4154	1	4037
72	415A	1	4038
72	415C	1	4038
72	415E	1	4038
72	4160	1	4038
72	4163	1	4038
72	4166	1	4038
72	4169	1	4038
72	416C	1	4038
72	416F	1	4038
72	4172	1	4038
72	4175	1	4038
72	4178	1	4038
72	417B	1	4039
72	417D	1	4039
72	417F	1	4039
72	4181	1	4039
72	4182	1	4039
72	4185	1	4039
72	4187	1	4039
72	4189	1	4039
72	418B	1	4039
72	418D	1	4039
72	4190	1	4039
72	4196	1	4041
72	4198	1	4041
72	419B	1	4042
72	419E	1	4043
72	41A0	1	4043
72	41A2	1	4043
72	41A4	1	4043
72	41A5	1	4043
72	41A8	1	4043
72	41AA	1	4043
72	41AB	1	4043
72	41AD	1	4043
72	41AF	1	4043
72	41B2	1	4043
72	41B5	1	4043
72	41B6	1	4043
72	41B8	1	4043
72	41BB	1	4043
72	41BE	1	4043
72	41C1	1	4043
72	41C4	1	4043
72	41C6	1	4043
72	41C8	1	4043
72	41CE	1	4043
72	41D0	1	4043
72	41D1	1	4043
72	41D3	1	4043
72	41D5	1	4043
72	41D7	1	4043
72	43A7	1	4035
72	43DC	1	4035
72	43DE	1	4035
72	43DF	1	4035
72	43E1	1	4035
72	43E4	1	4035
72	43E7	1	4035
72	43EA	1	4035
72	43F7	1	4035
72	43FA	1	4035
72	43FC	1	4035
72	43FF	1	4035
72	4402	1	4035
72	4404	1	4035
72	4424	2	4035
72	4425	2	4035
72	4426	2	4035
72	4427	2	4035
72	4428	2	4035
72	4429	2	4035
72	442A	2	4035
72	442B	2	4035
72	442C	2	4035
72	442D	2	4035
72	442E	2	4035
72	4431	2	4035
72	4432	2	4035
72	4433	2	4035
72	4435	2	4035
72	4436	2	4035
72	4437	2	4035
72	4438	2	4035
72	4439	2	4035
72	443A	2	4035
72	443B	2	4035
72	443C	2	4035
72	443F	2	4035
72	4440	2	4035
72	4442	2	4035
72	4443	2	4035
72	4444	2	4035
72	4445	2	4035
72	4446	2	4035
72	4449	2	4035
72	444A	2	4035
72	444B	2	4035
72	444C	2	4035
72	444D	2	4035
72	444E	2	4035
72	444F	1	4200
72	4452	1	4200
72	4455	1	4200
72	4457	1	4200
72	445A	1	4200
72	445C	1	4200
72	445E	1	4200
72	445F	1	4200
72	4461	1	4200
72	4463	1	4200
72	4465	1	4200
72	4467	1	4200
72	446A	1	4200
72	446D	1	4200
72	4470	1	4200
72	4473	1	4200
72	4476	1	4200
72	4479	1	4200
72	447C	1	4200
72	447F	1	4200
72	4481	1	4200
72	4487	1	4201
72	448A	1	4201
72	448D	1	4201
72	448F	1	4201
72	4492	1	4201
72	4495	1	4202
72	4497	1	4202
72	4499	1	4202
72	449B	1	4202
72	449C	1	4202
72	449F	1	4202
72	44A5	1	4202
72	44A7	1	4202
72	44AA	1	4203
72	44AC	1	4203
72	44AE	1	4203
72	44B0	1	4203
72	44B2	1	4203
72	44B5	1	4203
72	44BB	1	4205
72	44BE	1	4206
72	44C0	1	4206
72	44C2	1	4206
72	44C4	1	4206
72	44C5	1	4206
72	44C8	1	4206
72	44CB	1	4206
72	44CE	1	4206
72	44D1	1	4206
72	44D2	1	4206
72	44D5	1	4206
72	44D6	1	4206
72	44DC	1	4206
72	44DE	1	4206
72	44DF	1	4206
72	44E1	1	4206
72	44E3	1	4206
72	44E5	1	4206
72	4578	157	4043
72	457E	157	4043
72	4584	157	4043
72	4587	157	4044
72	458D	157	4044
72	4593	157	4044
72	45A0	156	4044
72	45A3	156	4044
72	45A5	156	4044
72	45A7	156	4044
72	45A9	156	4044
72	45AC	156	4044
72	45AE	156	4044
72	45B0	156	4044
72	45B2	156	4044
72	45B4	156	4044
72	45B6	156	4044
72	45EA	1	4200
72	45EC	1	4200
72	45ED	1	4200
72	45EF	1	4200
72	45F1	1	4200
72	45F4	1	4200
72	45F7	1	4200
72	45F8	1	4200
72	45FA	1	4200
72	45FC	1	4200
72	45FD	1	4200
72	45FF	1	4200
72	472B	1	4032
72	472D	1	4032
72	472F	1	4032
72	4731	1	4032
72	4734	1	4032
72	4737	1	4032
72	473A	1	4032
72	473D	1	4032
72	4740	1	4032
72	4743	1	4032
72	4746	1	4032
72	4767	1	4202
72	4769	1	4202
72	476B	1	4202
72	476D	1	4202
72	4770	1	4202
72	4773	1	4202
72	4776	1	4202
72	4779	1	4202
72	477C	1	4202
72	477F	1	4202
72	4782	1	4202
72	47A3	2	4037
72	47A4	2	4037
72	47A6	2	4037
72	47A8	2	4037
72	47AA	2	4037
72	47AB	2	4037
72	47AD	2	4037
72	47AF	2	4037
72	47B1	2	4037
72	47B2	2	4037
72	47B4	2	4037
72	47B5	2	4037
72	47B8	2	4037
72	47BA	2	4037
72	47BC	2	4037
72	47BF	2	4037
72	47C0	2	4037
72	47C3	2	4038
72	47C4	2	4038
72	47C6	2	4038
72	47C8	2	4038
72	47CB	2	4038
72	47CC	2	4038
72	47CF	2	4038
72	47D0	2	4038
72	47D3	2	4038
72	4805	1	4032
72	4808	1	4033
72	480A	1	4033
72	480C	1	4033
72	480D	1	4033
72	480F	1	4033
72	4811	1	4033
72	4812	1	4033
72	4813	1	4033
72	4814	1	4033
72	4815	1	4033
72	4817	1	4033
72	4819	1	4033
72	481B	1	4033
72	481D	1	4033
72	481F	1	4033
72	4820	1	4033
72	4823	1	4033
72	4824	1	4039
72	4826	1	4039
72	4829	3	4039
72	482A	3	4039
72	482C	3	4039
72	482E	2	4039
72	4831	2	4039
72	4832	2	4039
72	4834	2	4039
72	4837	2	4039
72	4839	2	4039
72	483B	2	4039
72	483C	2	4039
72	483E	2	4039
72	4842	2	4039
72	4844	2	4039
72	4848	2	4039
72	484A	2	4039
72	484B	2	4039
72	484D	2	4039
72	484E	2	4039
72	484F	2	4039
72	4850	2	4039
72	4851	2	4039
72	4857	2	4039
72	485A	2	4040
72	485B	2	4040
72	485D	2	4040
72	485E	2	4040
72	4860	2	4040
72	4862	2	4040
72	4863	2	4040
72	4865	2	4040
72	4866	2	4040
72	4867	2	4040
72	4868	2	4040
72	486B	2	4040
72	486D	1	4041
72	486E	1	4041
72	4871	1	4041
72	4872	1	4203
72	4874	1	4203
72	4877	3	4203
72	4878	3	4203
72	487A	3	4203
72	487C	2	4203
72	487F	2	4203
72	4880	2	4203
72	4882	2	4203
72	4885	2	4203
72	4887	2	4203
72	4889	2	4203
72	488A	2	4203
72	488C	2	4203
72	4890	2	4203
72	4892	2	4203
72	4896	2	4203
72	4898	2	4203
72	4899	2	4203
72	489B	2	4203
72	489C	2	4203
72	489D	2	4203
72	489E	2	4203
72	489F	2	4203
72	48A5	2	4203
72	48A8	2	4204
72	48A9	2	4204
72	48AB	2	4204
72	48AC	2	4204
72	48AE	2	4204
72	48B0	2	4204
72	48B1	2	4204
72	48B3	2	4204
72	48B4	2	4204
72	48B5	2	4204
72	48B6	2	4204
72	48B9	2	4204
72	48BB	1	4205
72	48BC	1	4205
72	48BF	1	4205
75	4000	3168	170
75	4001	3168	170
75	4002	3168	170
75	4003	3168	170
75	4004	3168	170
75	4006	48	170
75	4029	128	44
75	402A	128	44
75	402D	128	44
75	402E	128	44
75	402F	128	44
75	4030	48	44
75	4031	48	44
75	4034	48	44
75	4036	48	44
75	4038	48	44
75	403A	48	44
75	403C	48	44
75	403E	48	44
75	4040	48	44
75	4041	48	44
75	4044	48	44
75	4047	48	44
75	4049	48	44
75	404A	48	44
75	404D	48	44
75	404E	48	44
75	404F	48	44
75	4052	48	44
75	4053	48	44
75	4054	48	44
75	4057	48	44
75	4058	48	44
75	4059	48	44
75	405C	48	44
75	405D	48	44
75	405E	48	44
75	4060	48	44
75	4061	48	44
75	4063	16	44
75	4065	16	44
75	4066	48	44
75	4069	48	44
75	406C	48	44
75	406D	48	44
75	406E	48	44
75	406F	48	44
75	40B4	160	44
75	40B5	160	44
75	40B6	160	44
75	40B9	160	44
75	40BA	160	44
75	40BD	160	44
75	40BE	160	44
75	40C1	160	44
75	40C2	160	44
75	40C3	160	44
75	40C5	160	44
75	40DA	160	44
75	40DB	160	44
75	40DC	32	44
75	40DD	32	44
75	40DF	32	44
75	40E0	32	44
75	40E1	32	44
75	40E4	32	44
75	40E5	32	44
75	40E6	32	44
75	40E7	32	44
75	40E9	32	44
75	40EB	32	44
75	40F9	32	44
75	40FA	32	44
75	40FC	32	44
75	40FE	32	44
75	40FF	32	44
75	4102	32	44
75	4105	32	44
75	4106	32	44
75	4109	32	44
75	410C	32	44
75	410E	32	44
75	4110	32	44
75	4111	32	44
75	4113	32	44
75	4114	32	44
75	4235	16	44
75	4238	16	44
75	4239	16	44
75	423A	16	44
75	423B	16	44
75	423C	16	44
75	423E	16	44
75	4240	16	44
75	4242	16	44
75	4244	16	44
75	4247	16	44
75	424A	16	44
75	424D	17664	44
75	424E	17664	44
75	424F	17664	44
75	4250	17664	44
75	4251	17664	44
75	4252	17664	44
75	4254	16	44
75	4257	16	44
75	4259	16	44
75	425C	16	44
75	425D	16	44
75	425E	16	44
75	4260	16	44
75	4261	16	44
75	4263	16	44
75	4264	16	44
75	4267	16	44
75	4268	16	44
75	4269	16	44
75	426A	16	44
75	426B	16	44
75	426E	16	44
75	426F	16	44
75	4270	16	44
75	4271	16	44
75	4272	16	44
75	4275	16	44
75	4277	16	44
75	427A	16	44
75	427D	16	44
75	427E	16	44
75	4280	16	44
75	4286	16	44
75	4288	16	44
75	428B	16	44
75	4329	16	170
75	432C	16	170
75	432E	16	170
75	4331	16	170
75	4333	16	170
75	4336	16	170
75	4339	16	170
75	433B	16	170
75	433E	16	170
75	433F	16	170
75	4341	16	170
75	4344	16	170
75	4347	16	170
75	4348	16	170
75	4349	16	170
75	434A	16	170
75	434B	16	170
75	434C	16	170
75	434D	16	170
75	434E	16	170
75	434F	16	170
75	4352	16	170
75	4353	16	170
75	4354	16	170
75	4355	16	170
75	4356	16	170
75	4359	16	170
75	435A	16	170
75	435D	16	170
75	4360	16	170
75	4362	16	170
75	4365	16	170
75	4368	16	170
75	436B	16	170
75	436C	16	170
75	436D	16	170
75	4370	16	170
75	4371	16	170
75	4372	16	170
75	4374	16	170
75	4376	16	170
75	437C	16	170
75	437E	16	170
75	437F	16	170
75	4380	16	170
75	4382	16	170
75	4385	16	170
75	4388	16	170
75	438A	16	170
75	438D	16	170
75	4390	32	44
75	4392	32	44
75	4393	32	44
75	4395	32	44
75	4396	32	44
75	4437	32	44
75	443A	32	44
75	443C	32	44
75	44B5	32	44
75	44B6	32	44
75	44B9	32	44
75	44BC	32	44
75	44BD	32	44
75	44C0	32	44
75	44C3	32	44
75	44C6	32	44
75	44C8	32	44
75	563A	16	308
75	563D	16	308
75	563F	16	308
75	5642	16	308
75	5643	16	308
75	5646	16	308
75	5647	16	308
75	5648	16	308
75	564B	16	308
75	564E	16	308
75	5651	16	308
75	5654	17664	308
75	5655	17664	308
75	5656	17664	308
75	5657	17664	308
75	5658	17664	308
75	5659	17664	308
75	565B	16	308
75	5671	4128	52
75	5674	4128	52
75	5675	4128	52
75	5676	4128	52
75	5677	4128	52
75	5678	4128	52
75	567B	4128	52
75	567D	4128	52
75	567F	4128	52
75	5682	4128	52
75	5684	4128	52
75	5689	4128	52
75	568A	4128	52
75	568B	4128	52
75	568C	4128	52
75	568F	4128	52
75	5690	4128	52
75	5691	4128	52
75	5692	4128	52
75	5693	48	169
75	5694	48	169
75	5696	48	169
75	5698	48	169
75	5699	48	169
75	569B	48	169
75	569C	48	169
75	569F	48	169
75	56A2	48	169
75	56A5	48	169
75	56A6	48	169
75	56A9	48	169
75	56AA	48	169
75	56AB	48	169
75	56AC	48	169
75	56AD	32	54
75	56AF	32	54
75	56B6	32	54
75	56B9	32	54
75	56BC	32	54
75	56BD	32	54
75	56BE	32	54
75	56C1	32	54
75	56C2	32	54
75	56C3	32	54
75	56C6	32	54
75	56C7	32	54
75	56C8	32	54
75	56CA	32	54
75	56CB	32	54
75	56CD	32	54
75	56CE	32	54
75	56D1	32	54
75	56D2	6576	44
75	56D5	6576	44
75	56D6	6576	44
75	56D9	6576	44
75	56DA	6576	44
75	56DD	1312	44
75	56E0	1312	44
75	56E1	1312	44
75	56E2	1312	44
75	56E3	1312	44
75	56E4	1312	44
75	56E5	1312	44
75	56E6	1312	44
75	56E7	1312	44
75	56E8	1312	44
75	56EA	1312	44
75	56ED	224	44
75	56EE	224	44
75	56EF	224	44
75	56F2	224	44
75	56F5	224	44
75	56F6	224	44
75	56F8	224	44
75	56F9	224	44
75	56FB	224	44
75	56FC	224	44
75	56FF	128	44
75	5702	128	44
75	5704	128	44
75	5706	128	44
75	5708	128	44
75	5709	128	44
75	570C	128	44
75	570D	128	44
75	570E	128	44
75	5711	128	44
75	5712	128	44
75	5713	128	44
75	5716	128	44
75	5719	128	44
75	571B	128	44
75	571D	32	44
75	5720	32	44
75	5721	32	44
75	5723	96	51
75	5726	96	51
75	5728	96	51
75	572A	96	51
75	572C	96	51
75	572E	96	51
75	5730	96	51
75	5734	96	51
75	5735	96	51
75	5737	96	51
75	573A	96	51
75	573B	96	51
75	573D	96	51
75	573E	96	51
75	5741	96	51
75	5743	96	51
75	5746	96	51
75	5747	96	51
75	574A	96	51
75	574B	96	51
75	574C	96	51
75	574D	96	51
75	5750	96	51
75	5751	96	51
75	5752	96	51
75	5753	96	51
75	5756	96	51
75	5757	96	51
75	5758	96	51
75	5759	96	51
75	575C	96	51
75	575E	96	51
75	5764	96	51
75	5767	96	51
75	5769	96	51
75	576B	96	51
75	576D	96	51
75	576F	96	51
75	5771	96	51
75	5773	96	51
75	5775	96	51
75	5777	96	51
75	5779	96	51
75	5781	96	51
75	5782	96	51
75	5785	32	44
75	5786	32	44
75	5789	32	44
75	578C	32	44
75	578D	32	44
75	578E	32	44
75	578F	32	44
75	5790	32	44
75	5792	96	44
75	5793	96	44
75	5794	96	44
75	5796	96	44
75	5797	96	44
75	5799	32	44
75	579A	32	44
75	579B	32	44
75	579E	32	44
75	579F	32	44
75	57A0	32	44
75	57F4	5264	51
75	57F7	5264	51
75	57F8	5264	51
75	57FA	4128	52
75	57FB	4128	52
75	57FD	3744	52
75	57FE	3744	52
75	5801	384	52
75	5804	1136	51
75	5807	1136	51
75	5808	1136	51
75	5809	1136	51
75	580B	1040	51
75	580D	1040	51
75	580F	96	52
75	5811	1136	51
75	5813	1136	51
75	5814	1136	51
75	5816	944	51
75	5818	944	51
75	581A	944	51
75	581B	944	51
75	581E	944	51
75	581F	944	51
75	5820	944	51
75	584C	192	52
75	584D	192	52
75	584F	192	52
75	5850	192	52
75	5852	96	52
75	5853	96	52
75	5854	96	52
75	5855	96	52
75	5858	96	52
75	585A	288	52
75	585B	288	52
75	585C	288	52
75	585E	96	52
75	5861	96	52
75	5863	96	52
75	5870	96	52
75	5873	96	52
75	5874	96	52
75	5877	96	52
75	5878	96	52
75	587A	384	52
75	587D	384	52
75	587F	384	52
75	5880	384	52
75	5882	96	52
75	5883	96	52
75	5884	96	52
75	5886	96	52
75	5889	96	52
75	588A	96	52
75	588B	96	52
75	588D	32	54
75	588E	32	54
75	5890	3360	52
75	5893	3360	52
75	5896	3360	52
75	5897	3360	52
75	5899	64	52
75	589A	64	52
75	589B	64	52
75	589C	64	52
75	589E	384	52
75	58A0	384	52
75	58A1	384	52
75	58A4	384	52
75	58A7	384	52
75	58A8	384	52
75	58AA	384	52
75	58AB	384	52
75	58AD	192	52
75	58B0	192	52
75	58B2	192	52
75	58B3	192	52
75	58B5	192	52
75	58B6	192	52
75	58B7	192	52
75	58C0	192	52
75	58C2	192	52
75	58C3	192	52
75	58C5	96	52
75	58C6	96	52
75	58C7	96	52
75	58C8	6576	44
75	58CB	6576	44
75	58CD	6576	44
75	58CE	3744	52
75	58D0	3744	52
75	58D1	3744	52
75	58D3	3744	52
75	58D6	3744	52
75	58D7	3744	52
75	58D8	3744	52
75	58D9	3744	52
75	58DA	3744	52
75	58DB	3744	52
75	58DE	3744	52
75	58DF	3744	52
75	58E2	3744	52
75	58E5	3744	52
75	58E8	3744	52
75	58E9	3744	52
75	58EA	93536	44
75	58ED	93536	44
75	58EF	93536	44
75	58F2	93536	44
75	58F5	93536	44
75	58F8	93536	44
75	58F9	93536	44
75	58FB	93536	44
75	58FD	88464	51
75	58FE	88464	51
75	58FF	88464	51
75	5900	88464	51
75	5901	88464	51
75	5902	88464	51
75	5904	88464	51
75	5906	88464	51
75	5907	88464	51
75	5908	88464	51
75	5933	93536	44
75	5936	93536	44
75	5938	93536	44
75	593B	92224	44
75	593D	92224	44
75	5940	86960	44
75	5943	86960	44
75	5945	86960	44
75	5948	86944	44
75	594B	86944	44
75	594C	86944	44
75	594F	352	51
75	5950	352	51
75	5951	352	51
75	5954	64	51
75	5957	64	51
75	595A	64	51
75	595C	64	51
75	595F	64	51
75	5961	64	51
75	5963	64	51
75	5964	64	51
75	5966	64	51
75	5969	32	169
75	596B	32	169
75	5990	32	169
75	5991	32	169
75	5992	32	169
75	5995	32	169
75	5997	32	169
75	599A	32	169
75	59FC	32	51
75	59FE	32	51
75	5A01	32	51
75	5A04	32	51
75	5A06	32	51
75	5A09	32	51
75	5A0C	32	51
75	5A0F	32	51
75	5A11	32	51
75	5A14	32	51
75	5A36	5264	51
75	5A39	5264	51
75	5A3A	5264	51
75	5A3B	5264	51
75	5A3D	4128	52
75	5A3F	4128	52
75	5A41	384	52
75	5A42	384	52
75	5A44	384	52
75	5A46	288	52
75	5A48	288	52
75	5A4A	5072	51
75	5A4C	5264	51
75	5A4E	5264	51
75	5A51	1136	51
75	5A54	1136	51
75	5A55	1136	51
75	5AC3	96	52
75	5AC5	96	52
75	5AC7	96	52
75	5ACA	96	52
75	5ACB	96	52
75	5ACD	96	52
75	5AD0	96	52
75	5AD2	96	52
75	5B2B	1312	44
75	5B2E	1312	44
75	5B2F	1312	44
75	5B30	1312	44
75	5B31	1312	44
75	5B32	1312	44
75	5B34	1312	44
75	5B35	1312	44
75	5B36	1312	44
75	5B37	1312	44
75	5B38	6576	44
75	5B3B	6576	44
75	5B3D	6576	44
75	5B3F	6576	44
75	5B41	6576	44
75	5B43	6576	44
75	5B45	93536	44
75	5B46	96	52
75	5B47	96	52
75	5B4A	96	52
75	5B4D	96	52
75	5B50	96	52
75	5B51	96	52
75	5B52	96	52
75	5B55	96	52
75	5B58	96	52
75	5B5A	96	52
75	5B5C	96	52
75	5B63	96	52
75	5B66	96	52
75	5B68	96	52
75	5B6C	96	52
75	5B6D	96	52
75	5B70	96	52
75	5B71	96	52
75	5B73	96	52
75	5B76	96	52
75	5B79	96	52
75	5B7B	96	52
75	5B7E	96	52
75	5B80	96	52
75	5B83	96	52
75	5B85	96	52
75	5B88	96	52
75	5B8A	96	52
75	5B8C	96	52
75	5B8E	96	52
75	5B90	96	52
75	5B92	96	52
75	5B94	96	52
75	5B96	96	52
75	5B98	64	52
75	5B9A	64	52
75	5B9C	64	52
75	5B9E	64	52
75	5BA1	64	52
75	5BA3	64	52
75	5BA5	64	52
75	5BA7	64	52
75	5BA9	64	52
75	5BAB	64	52
75	5BAE	32	54
75	5BB0	32	54
75	5BB3	32	54
75	5BB5	32	54
75	5BB8	32	54
75	5BBB	32	54
75	5BBD	32	54
75	5BBF	32	54
75	5BC2	32	54
75	5BC3	32	54
75	5BC6	32	54
75	5BF9	32	186
75	5BFC	32	186
75	5BFD	32	186
75	5BFE	32	186
75	5BFF	32	186
75	5C02	32	186
75	5C03	32	186
75	5C04	32	186
75	5C05	32	186
75	5C06	32	186
75	5C09	32	186
75	5C0B	32	186
75	5C0E	32	186
75	5D42	32	52
75	5D45	32	52
75	5D48	32	52
75	5D4A	288	52
75	5D4B	288	52
75	5D4C	288	52
75	5D4D	288	52
75	5D4F	288	52
75	5D50	288	52
75	5D51	288	52
75	5D53	32	52
75	5D54	32	52
75	5D55	32	52
75	5D57	32	52
75	5D5A	32	52
75	5D5C	32	52
75	5D5E	32	52
75	5D60	32	52
75	5D62	32	52
75	5D65	32	52
75	5D67	32	52
75	5D6A	32	52
75	5E31	96	52
75	5F08	32	52
75	5F0B	64	52
75	5F0E	64	52
75	5F10	128	44
75	5F13	128	44
75	5F14	128	44
75	5F17	128	44
75	5F19	128	44
75	5F20	128	44
75	5F22	128	44
75	5F24	128	44
75	5F26	128	44
75	5F27	128	44
75	5F2A	128	44
75	5F2C	128	44
75	5F2E	128	44
75	5F2F	128	44
75	5F32	128	44
75	5F33	128	44
75	5F36	128	44
75	5F37	128	44
75	5F3A	128	44
75	5F3B	128	44
75	5F3E	128	44
75	5F3F	128	44
75	5F42	128	44
75	5F43	128	44
75	5F46	128	44
75	5F47	128	44
75	5F4A	128	44
75	5F4B	128	44
75	5F4E	128	44
75	5F51	128	44
75	5F52	128	44
75	5F53	128	44
75	5F55	128	44
75	5F58	128	44
75	5F59	128	44
75	5F5C	128	44
75	5F5D	128	44
75	5F60	128	44
75	5F62	128	44
75	5F65	128	44
75	5F68	128	44
75	5F6A	128	44
75	5F6B	128	44
75	5F6C	32	170
75	5F6D	32	170
75	5F70	32	170
75	5F71	32	170
75	5F72	32	170
75	5F73	32	170
75	5F75	64	170
75	5F78	64	170
75	5F7A	32	170
75	5F7C	128	170
75	5F7F	128	170
75	5F81	32	170
75	5F82	32	170
75	5F83	32	170
75	5F86	32	170
75	5F87	32	170
75	5F88	32	170
75	5F89	32	170
75	5F8A	32	170
75	5F8B	32	170
75	5F8C	32	170
75	5F8D	32	170
75	5F8E	32	170
75	5F90	32	170
75	5F91	32	170
75	5F92	32	170
75	5F93	32	170
75	5F94	32	170
75	5F95	32	170
75	5F96	192	170
75	5F97	192	170
75	5F98	192	170
75	5F99	192	170
75	5F9A	192	170
75	5F9C	192	170
75	5F9D	192	170
75	5F9E	192	170
75	5F9F	192	170
75	6149	93536	44
75	614C	93536	44
75	614E	93536	44
75	614F	82000	52
75	6152	82000	52
75	6154	82000	52
75	6155	81984	52
75	6156	81984	52
75	6158	81984	52
75	615A	81984	52
75	615C	81984	52
75	615E	81984	52
75	6160	81984	52
75	6162	81984	52
75	6164	81984	52
75	6166	81984	52
75	6168	81984	52
75	616A	81984	52
75	616D	81984	52
75	616F	81984	52
75	6170	81984	52
75	6172	81984	52
75	6174	81984	52
75	6177	81984	52
75	6178	81984	52
75	6179	81984	52
75	617A	81984	52
75	617B	81984	52
75	617C	81984	52
75	617F	81984	52
75	6180	81984	52
75	6181	81984	52
75	61F1	40976	52
75	61F2	40976	52
75	61F4	40960	54
75	61F5	40960	54
75	61F7	40944	54
75	61F8	40944	54
75	61F9	16	52
75	61FC	16	52
75	61FD	16	52
75	61FF	16	52
75	620B	16	54
75	620E	16	54
75	620F	16	54
75	6210	16	54
75	6211	16	54
75	6214	16	54
75	6216	16	54
75	6218	16	54
75	621A	16	54
75	621B	16	54
75	621D	16	54
75	6221	16	54
75	6223	16	54
75	6226	16	54
75	6227	16	54
75	6229	16	54
75	622A	16	54
75	622B	16	54
75	622C	16	54
75	622D	16	54
75	622E	16	54
75	622F	16	54
75	6230	16	54
75	6235	16	54
75	6238	16	54
75	6239	16	54
75	623A	16	54
75	623D	16	54
75	623F	16	54
75	6241	16	54
75	6264	32	52
75	6266	32	52
75	6269	32	52
75	6371	32	178
75	6373	32	178
75	6376	32	178
75	7634	41008	178
75	7635	41008	178
75	7637	40992	186
75	7638	40992	186
75	763A	40976	190
75	763B	40976	190
75	763D	40960	191
75	763E	40960	191
75	7640	40944	191
75	7641	40944	191
75	7642	16	178
75	7645	16	178
75	7648	16	186
75	764B	16	186
75	764C	16	186
75	764E	16	186
75	7650	16	186
75	7655	16	186
75	7658	16	186
75	765A	16	186
75	765B	16	186
75	765D	16	186
75	765E	16	186
75	7661	16	186
75	7663	16	186
75	7666	16	186
75	7669	16	186
75	766A	16	186
75	766B	16	186
75	766C	16	186
75	766F	16	186
75	7670	16	186
75	7671	16	186
75	7672	16	186
75	7675	16	186
75	7676	16	186
75	7677	16	186
75	767A	16	186
75	767D	16	190
75	7680	16	191
7D	7B7C	1975	327
7D	7B7E	1975	327
7D	7B80	1975	327
7D	7B82	1975	327
7D	7B84	1975	327
7D	7B86	1975	327
7D	7B88	1975	327
7D	7B89	1975	327
7D	7B8B	1975	327
7D	7B8D	1975	327
7D	7B8F	1975	327
7D	7B91	1975	327
7D	7B93	1975	327
7D	7B95	1975	327
7D	7B97	1975	327
7D	7B99	1975	327
7D	7B9B	1975	327
7D	7B9C	1975	327
7D	7B9E	1975	327
7D	7B9F	1975	327
7D	7BA1	1975	327
7D	7BA3	1975	327
7D	7BA4	157	4044
7D	7BA6	157	4044
7D	7BA7	157	4044
7D	7BAD	157	4044
7D	7BB0	157	4044
7D	7BB1	157	4044
7D	7BB3	157	4044
7D	7BB6	157	4044
7D	7BB7	1818	327
7D	7BB8	1818	327
7D	7BB9	1818	327
7D	7BBA	1818	327
7D	7BBD	1818	327
7D	7BBE	1818	327
7D	7BBF	1818	327
7D	7BC0	1818	327
7D	7BC1	1975	327
7D	7BC4	1975	327
7D	7BC6	1975	327
7D	7BC7	1975	327
7D	7BC8	1975	327
7D	7BCA	1975	327
7D	7BCB	1975	327
7D	7BCD	1975	327
7D	7BD0	1975	327
7D	7BD2	1975	327
7D	7BD4	15800	327
7D	7BD7	15800	327
7D	7BD9	15800	327
7D	7BDB	1	4200
7D	7BDC	1	4200
7D	7BDD	1	4200
7D	7BDE	1	4200
7D	7BE4	15800	327
7D	7BE5	15800	327
7D	7BE7	15800	327
7D	7BE8	15800	327
7D	7BEA	1975	327
7D	7BEC	1975	327
7D	7BED	1975	327
7D	7BEF	1975	327
7D	7BF0	32	16
7D	7BF1	32	16
7D	7BF3	32	16
7D	7BF5	32	16
7D	7BF7	32	16
7D	7BF9	32	16
7D	7BFC	32	16
7D	7BFE	32	16
7D	7C00	82	16
7D	7C01	82	16
7D	7C04	82	16
7D	7C05	82	16
7D	7C08	82	16
7D	7C0B	82	16
7D	7C0D	656	16
7D	7C0E	656	16
7D	7C0F	656	16
7D	7C11	82	16
7F	4007	3	3965
7F	400A	3	3965
7F	400D	3	3965
7F	400E	3	3965
7F	400F	3	3965
7F	4011	3	3965
7F	4013	3	3965
7F	4015	3	3965
7F	4017	3	3965
7F	401B	3	3965
7F	401D	3	3965
7F	401E	3	3965
7F	4020	3	3965
7F	4021	3	3965
7F	4022	3	3965
7F	4024	3	3965
7F	4027	3	3965
7F	4029	24	3965
7F	402A	24	3965
7F	402D	24	3965
7F	402F	24	3965
7F	4031	24	3965
7F	4032	24	3965
7F	4034	3	3965
7F	4035	3	3965
7F	4036	3	3965
7F	4039	3	3965
7F	403A	3	3965
7F	403B	3	3965
7F	403C	3	3965
7F	403D	3	3965
7F	403F	3	3965
7F	4041	3	3965
7F	41EA	67	3965
7F	41EB	67	3965
7F	41ED	67	3965
7F	41EF	67	3965
7F	41F1	67	3965
7F	41F3	67	3965
7F	41F4	67	3965
7F	41F5	67	3965
7F	41F6	67	3965
7F	41F8	67	3965
7F	41FB	67	3965
7F	41FC	67	3965
7F	41FD	67	3965
7F	41FE	67	3965
7F	41FF	67	3965
7F	4200	67	3965
7F	4201	67	3965
7F	420E	67	3965
7F	4210	67	3965
7F	4211	67	3965
7F	4212	804	3965
7F	4213	804	3965
7F	4214	804	3965
7F	4215	804	3965
7F	4217	67	3965
7F	42C3	67	3965
7F	42C4	67	3965
7F	42C5	67	3965
7F	42C8	67	3965
7F	42C9	67	3965
7F	42CA	134	3965
7F	42CB	134	3965
7F	42CD	134	3965
7F	42CF	134	3965
7F	42D1	134	3965
7F	42D2	134	3965
7F	42D4	134	3965
7F	42D6	134	3965
7F	42D8	134	3965
7F	42DA	134	3965
7F	42DB	134	3965
7F	42DE	134	3965
7F	42E1	360	3965
7F	42E2	360	3965
7F	42E4	226	3966
7F	42E5	226	3966
7F	42E7	134	3965
7F	42E9	134	3965
7F	42EA	134	3965
7F	42EB	134	3965
7F	42EC	134	3965
7F	42EE	134	3965
7F	42F9	134	3965
7F	42FA	134	3965
7F	42FC	134	3965
7F	42FE	134	3965
7F	4300	134	3965
7F	4302	134	3965
7F	4304	134	3965
7F	4306	134	3965
7F	4308	134	3965
7F	430A	134	3965
7F	430C	134	3965
7F	430D	134	3965
7F	430E	134	3965
7F	430F	134	3965
7F	4311	134	3965
7F	4314	134	3965
7F	4315	134	3965
7F	4316	134	3965
7F	4319	134	3965
7F	431C	134	3965
7F	431D	134	3965
7F	431E	134	3965
7F	4321	134	3965
7F	4322	134	3965
7F	4323	134	3965
7F	4324	134	3965
7F	4325	134	3965
7F	4326	134	3965
7F	4327	134	3965
7F	4328	134	3965
7F	432B	134	3965
7F	432C	134	3965
7F	432E	134	3965
7F	432F	134	3965
7F	4330	518	3965
7F	4331	518	3965
7F	4333	384	3965
7F	4335	384	3965
7F	4337	384	3965
7F	4339	134	3965
7F	433A	134	3965
7F	433D	134	3965
7F	433E	134	3965
7F	433F	134	3965
7F	4340	134	3965
7F	4341	134	3965
7F	4342	134	3965
7F	4343	134	3965
7F	4344	134	3965
7F	4345	134	3965
7F	4348	134	3965
7F	4349	134	3965
7F	434A	134	3965
7F	434B	134	3965
7F	434C	134	3965
7F	434D	134	3965
7F	434E	134	3965
7F	434F	134	3965
7F	4350	134	3965
7F	4352	134	3965
7F	4368	134	3965
7F	4369	134	3965
7F	436A	134	3965
7F	436B	134	3965
7F	436C	134	3965
7F	436D	134	3965
7F	4370	134	3965
7F	4371	134	3965
7F	4373	134	3965
7F	4374	134	3965
7F	4375	518	3965
7F	4376	518	3965
7F	4378	384	3965
7F	437A	384	3965
7F	437C	384	3965
7F	437E	134	3965
7F	437F	134	3965
7F	4382	134	3965
7F	4383	134	3965
7F	4384	134	3965
7F	4385	134	3965
7F	4386	134	3965
7F	4387	134	3965
7F	4388	134	3965
7F	4389	134	3965
7F	438A	134	3965
7F	438D	134	3965
7F	438E	134	3965
7F	438F	134	3965
7F	4390	134	3965
7F	4391	134	3965
7F	4392	134	3965
7F	4393	134	3965
7F	4394	134	3965
7F	4395	134	3965
7F	4397	134	3965
7F	43AD	134	3965
7F	43AE	134	3965
7F	43AF	134	3965
7F	43B0	134	3965
7F	43B1	134	3965
7F	43B2	134	3965
7F	43B5	134	3965
7F	43B6	134	3965
7F	43B8	134	3965
7F	43B9	134	3965
7F	43BA	518	3965
7F	43BB	518	3965
7F	43BD	384	3965
7F	43BF	384	3965
7F	43C1	384	3965
7F	43C3	134	3965
7F	43C4	134	3965
7F	43C7	134	3965
7F	43C8	134	3965
7F	43C9	134	3965
7F	43CA	134	3965
7F	43CB	134	3965
7F	43CC	134	3965
7F	43CD	134	3965
7F	43CE	134	3965
7F	43CF	134	3965
7F	43D2	134	3965
7F	43D3	134	3965
7F	43D4	134	3965
7F	43D5	134	3965
7F	43D6	134	3965
7F	43D7	134	3965
7F	43D8	134	3965
7F	43D9	134	3965
7F	43DA	134	3965
7F	43DC	134	3965
7F	43F2	134	3965
7F	43F3	134	3965
7F	43F4	134	3965
7F	43F5	134	3965
7F	43F6	134	3965
7F	43F7	134	3965
7F	43FA	134	3965
7F	43FB	134	3965
7F	43FD	134	3965
7F	43FE	134	3965
7F	43FF	518	3965
7F	4400	518	3965
7F	4402	384	3965
7F	4404	384	3965
7F	4406	384	3965
7F	4408	134	3965
7F	4409	134	3965
7F	440C	134	3965
7F	440D	134	3965
7F	440E	134	3965
7F	440F	134	3965
7F	4410	134	3965
7F	4411	134	3965
7F	4412	134	3965
7F	4413	134	3965
7F	4414	134	3965
7F	4417	134	3965
7F	4418	134	3965
7F	4419	134	3965
7F	441A	134	3965
7F	441B	134	3965
7F	441C	134	3965
7F	441D	134	3965
7F	441E	134	3965
7F	441F	134	3965
7F	4421	134	3965
7F	4437	134	3965
7F	4438	134	3965
7F	4439	134	3965
7F	443A	134	3965
7F	443B	134	3965
7F	443C	134	3965
7F	443F	134	3965
7F	4440	134	3965
7F	4442	134	3965
7F	4443	134	3965
7F	4444	518	3965
7F	4445	518	3965
7F	4447	384	3965
7F	4449	384	3965
7F	444B	384	3965
7F	444D	134	3965
7F	444E	134	3965
7F	4451	134	3965
7F	4452	134	3965
7F	4453	134	3965
7F	4454	134	3965
7F	4455	134	3965
7F	4456	134	3965
7F	4457	134	3965
7F	4458	134	3965
7F	4459	134	3965
7F	445C	134	3965
7F	445D	134	3965
7F	445E	134	3965
7F	445F	134	3965
7F	4460	134	3965
7F	4461	134	3965
7F	4462	134	3965
7F	4463	134	3965
7F	4464	134	3965
7F	4466	134	3965
7F	447C	134	3965
7F	447D	134	3965
7F	447E	134	3965
7F	447F	134	3965
7F	4480	134	3965
7F	4481	134	3965
7F	4484	134	3965
7F	4485	134	3965
7F	4487	134	3965
7F	4488	134	3965
7F	4489	518	3965
7F	448A	518	3965
7F	448C	384	3965
7F	448E	384	3965
7F	4490	384	3965
7F	4492	134	3965
7F	4493	134	3965
7F	4496	134	3965
7F	4497	134	3965
7F	4498	134	3965
7F	4499	134	3965
7F	449A	134	3965
7F	449B	134	3965
7F	449C	134	3965
7F	449D	134	3965
7F	449E	134	3965
7F	44A1	134	3965
7F	44A2	134	3965
7F	44A3	134	3965
7F	44A4	134	3965
7F	44A5	134	3965
7F	44A6	134	3965
7F	44A7	134	3965
7F	44A8	134	3965
7F	44A9	134	3965
7F	44AB	134	3965
7F	44C1	134	3965
7F	44C2	134	3965
7F	44C3	134	3965
7F	44C4	134	3965
7F	44C5	134	3965
7F	44C6	134	3965
7F	44C9	134	3965
7F	44CA	134	3965
7F	44CC	134	3965
7F	44CD	134	3965
7F	44CE	518	3965
7F	44CF	518	3965
7F	44D1	384	3965
7F	44D3	384	3965
7F	44D5	384	3965
7F	44D7	134	3965
7F	44D8	134	3965
7F	44DB	134	3965
7F	44DC	134	3965
7F	44DD	134	3965
7F	44DE	134	3965
7F	44DF	134	3965
7F	44E0	134	3965
7F	44E1	134	3965
7F	44E2	134	3965
7F	44E3	134	3965
7F	44E6	134	3965
7F	44E7	134	3965
7F	44E8	134	3965
7F	44E9	134	3965
7F	44EA	134	3965
7F	44EB	134	3965
7F	44EC	134	3965
7F	44ED	134	3965
7F	44EE	134	3965
7F	44F0	134	3965
7F	4506	134	3965
7F	4507	134	3965
7F	4508	134	3965
7F	4509	134	3965
7F	450A	134	3965
7F	450B	134	3965
7F	450E	134	3965
7F	450F	134	3965
7F	4511	134	3965
7F	4512	134	3965
7F	4513	518	3965
7F	4514	518	3965
7F	4516	384	3965
7F	4518	384	3965
7F	451A	384	3965
7F	451C	134	3965
7F	451D	134	3965
7F	4520	134	3965
7F	4521	134	3965
7F	4522	134	3965
7F	4523	134	3965
7F	4524	134	3965
7F	4525	134	3965
7F	4526	134	3965
7F	4527	134	3965
7F	4528	134	3965
7F	452B	134	3965
7F	452C	134	3965
7F	452D	134	3965
7F	452E	134	3965
7F	452F	134	3965
7F	4530	134	3965
7F	4531	134	3965
7F	4532	134	3965
7F	4533	134	3965
7F	4535	134	3965
7F	4537	84	3965
7F	4538	84	3965
7F	453B	84	3965
7F	453C	84	3965
7F	453D	84	3965
7F	453E	84	3965
7F	4540	84	3965
7F	454B	134	3965
7F	454C	134	3965
7F	454D	134	3965
7F	454E	134	3965
7F	454F	134	3965
7F	4550	134	3965
7F	4553	134	3965
7F	4554	134	3965
7F	4556	134	3965
7F	4557	134	3965
7F	4558	518	3965
7F	4559	518	3965
7F	455B	384	3965
7F	455D	384	3965
7F	455F	384	3965
7F	4561	134	3965
7F	4562	134	3965
7F	4565	134	3965
7F	4566	134	3965
7F	4567	134	3965
7F	4568	134	3965
7F	4569	134	3965
7F	456A	134	3965
7F	456B	134	3965
7F	456C	134	3965
7F	456D	134	3965
7F	4570	134	3965
7F	4571	134	3965
7F	4572	134	3965
7F	4573	134	3965
7F	4574	134	3965
7F	4575	134	3965
7F	4576	134	3965
7F	4577	134	3965
7F	4578	134	3965
7F	457A	134	3965
7F	4590	134	3965
7F	4591	134	3965
7F	4592	134	3965
7F	4593	134	3965
7F	4594	134	3965
7F	4595	134	3965
7F	4598	134	3965
7F	4599	134	3965
7F	459B	134	3965
7F	459C	134	3965
7F	459D	518	3965
7F	459E	518	3965
7F	45A0	384	3965
7F	45A2	384	3965
7F	45A4	384	3965
7F	45A6	134	3965
7F	45A7	134	3965
7F	45AA	134	3965
7F	45AB	134	3965
7F	45AC	134	3965
7F	45AD	134	3965
7F	45AE	134	3965
7F	45AF	134	3965
7F	45B0	134	3965
7F	45B1	134	3965
7F	45B2	134	3965
7F	45B5	134	3965
7F	45B6	134	3965
7F	45B7	134	3965
7F	45B8	134	3965
7F	45B9	134	3965
7F	45BA	134	3965
7F	45BB	134	3965
7F	45BC	134	3965
7F	45BD	134	3965
7F	45BF	134	3965
7F	45D5	134	3965
7F	45D6	134	3965
7F	45D7	134	3965
7F	45D8	134	3965
7F	45D9	134	3965
7F	45DA	134	3965
7F	45DD	134	3965
7F	45DE	134	3965
7F	45E0	134	3965
7F	45E1	134	3965
7F	45E2	518	3965
7F	45E3	518	3965
7F	45E5	384	3965
7F	45E7	384	3965
7F	45E9	384	3965
7F	45EB	134	3965
7F	45EC	134	3965
7F	45EF	134	3965
7F	45F0	134	3965
7F	45F1	134	3965
7F	45F2	134	3965
7F	45F3	134	3965
7F	45F4	134	3965
7F	45F5	134	3965
7F	45F6	134	3965
7F	45F7	134	3965
7F	45FA	134	3965
7F	45FB	134	3965
7F	45FC	134	3965
7F	45FD	134	3965
7F	45FE	134	3965
7F	45FF	134	3965
7F	4600	134	3965
7F	4601	134	3965
7F	4602	134	3965
7F	4604	134	3965
7F	461A	134	3965
7F	461B	134	3965
7F	461C	134	3965
7F	461D	134	3965
7F	461E	134	3965
7F	461F	134	3965
7F	4622	134	3965
7F	4623	134	3965
7F	4625	134	3965
7F	4626	134	3965
7F	4627	518	3965
7F	4628	518	3965
7F	462A	384	3965
7F	462C	384	3965
7F	462E	384	3965
7F	4630	134	3965
7F	4631	134	3965
7F	4634	134	3965
7F	4635	134	3965
7F	4636	134	3965
7F	4637	134	3965
7F	4638	134	3965
7F	4639	134	3965
7F	463A	134	3965
7F	463B	134	3965
7F	463C	134	3965
7F	463F	134	3965
7F	4640	134	3965
7F	4641	134	3965
7F	4642	134	3965
7F	4643	134	3965
7F	4644	134	3965
7F	4645	134	3965
7F	4646	134	3965
7F	4647	134	3965
7F	4649	134	3965
7F	465F	134	3965
7F	4660	134	3965
7F	4661	134	3965
7F	4662	134	3965
7F	4663	134	3965
7F	4664	134	3965
7F	4667	134	3965
7F	4668	134	3965
7F	466A	134	3965
7F	466B	134	3965
7F	466C	518	3965
7F	466D	518	3965
7F	466F	384	3965
7F	4671	384	3965
7F	4673	384	3965
7F	4675	134	3965
7F	4676	134	3965
7F	4679	134	3965
7F	467A	134	3965
7F	467B	134	3965
7F	467C	134	3965
7F	467D	134	3965
7F	467E	134	3965
7F	467F	134	3965
7F	4680	134	3965
7F	4681	134	3965
7F	4684	134	3965
7F	4685	134	3965
7F	4686	134	3965
7F	4687	134	3965
7F	4688	134	3965
7F	4689	134	3965
7F	468A	134	3965
7F	468B	134	3965
7F	468C	134	3965
7F	468E	134	3965
7F	46A4	134	3965
7F	46A5	134	3965
7F	46A6	134	3965
7F	46A7	134	3965
7F	46A8	134	3965
7F	46A9	134	3965
7F	46AC	134	3965
7F	46AD	134	3965
7F	46AF	134	3965
7F	46B0	134	3965
7F	46B1	518	3965
7F	46B2	518	3965
7F	46B4	384	3965
7F	46B6	384	3965
7F	46B8	384	3965
7F	46BA	134	3965
7F	46BB	134	3965
7F	46BE	134	3965
7F	46BF	134	3965
7F	46C0	134	3965
7F	46C1	134	3965
7F	46C2	134	3965
7F	46C3	134	3965
7F	46C4	134	3965
7F	46C5	134	3965
7F	46C6	134	3965
7F	46C9	134	3965
7F	46CA	134	3965
7F	46CB	134	3965
7F	46CC	134	3965
7F	46CD	134	3965
7F	46CE	134	3965
7F	46CF	134	3965
7F	46D0	134	3965
7F	46D1	134	3965
7F	46D3	134	3965
7F	46E9	134	3965
7F	46EA	134	3965
7F	46EB	134	3965
7F	46EC	134	3965
7F	46ED	134	3965
7F	46EE	134	3965
7F	46F1	134	3965
7F	46F2	134	3965
7F	46F4	134	3965
7F	46F5	134	3965
7F	46F6	518	3965
7F	46F7	518	3965
7F	46F9	384	3965
7F	46FB	384	3965
7F	46FD	384	3965
7F	46FF	134	3965
7F	4700	134	3965
7F	4703	134	3965
7F	4704	134	3965
7F	4705	134	3965
7F	4706	134	3965
7F	4707	134	3965
7F	4708	134	3965
7F	4709	134	3965
7F	470A	134	3965
7F	470B	134	3965
7F	470E	134	3965
7F	470F	134	3965
7F	4710	134	3965
7F	4711	134	3965
7F	4712	134	3965
7F	4713	134	3965
7F	4714	134	3965
7F	4715	134	3965
7F	4716	134	3965
7F	4718	134	3965
7F	472E	134	3965
7F	472F	134	3965
7F	4730	134	3965
7F	4731	134	3965
7F	4732	134	3965
7F	4733	134	3965
7F	4736	134	3965
7F	4737	134	3965
7F	4739	134	3965
7F	473A	134	3965
7F	473B	518	3965
7F	473C	518	3965
7F	473E	384	3965
7F	4740	384	3965
7F	4742	384	3965
7F	4744	134	3965
7F	4745	134	3965
7F	4748	134	3965
7F	4749	134	3965
7F	474A	134	3965
7F	474B	134	3965
7F	474C	134	3965
7F	474D	134	3965
7F	474E	134	3965
7F	474F	134	3965
7F	4750	134	3965
7F	4753	134	3965
7F	4754	134	3965
7F	4755	134	3965
7F	4756	134	3965
7F	4757	134	3965
7F	4758	134	3965
7F	4759	134	3965
7F	475A	134	3965
7F	475B	134	3965
7F	475D	134	3965
7F	475F	50	3966
7F	4760	50	3966
7F	4763	50	3966
7F	4764	50	3966
7F	4765	50	3966
7F	4766	50	3966
7F	4768	50	3966
7F	4773	134	3965
7F	4774	134	3965
7F	4775	134	3965
7F	4776	134	3965
7F	4777	134	3965
7F	4778	134	3965
7F	477B	134	3965
7F	477C	134	3965
7F	477E	134	3965
7F	477F	134	3965
7F	4780	518	3965
7F	4781	518	3965
7F	4783	384	3965
7F	4785	384	3965
7F	4787	384	3965
7F	4789	134	3965
7F	478A	134	3965
7F	478D	134	3965
7F	478E	134	3965
7F	478F	134	3965
7F	4790	134	3965
7F	4791	134	3965
7F	4792	134	3965
7F	4793	134	3965
7F	4794	134	3965
7F	4795	134	3965
7F	4798	134	3965
7F	4799	134	3965
7F	479A	134	3965
7F	479B	134	3965
7F	479C	134	3965
7F	479D	134	3965
7F	479E	134	3965
7F	479F	134	3965
7F	47A0	134	3965
7F	47A2	134	3965
7F	47B8	134	3965
7F	47B9	134	3965
7F	47BA	134	3965
7F	47BB	134	3965
7F	47BC	134	3965
7F	47BD	134	3965
7F	47C0	134	3965
7F	47C1	134	3965
7F	47C3	134	3965
7F	47C4	134	3965
7F	47C5	518	3965
7F	47C6	518	3965
7F	47C8	384	3965
7F	47CA	384	3965
7F	47CC	384	3965
7F	47CE	134	3965
7F	47CF	134	3965
7F	47D2	134	3965
7F	47D3	134	3965
7F	47D4	134	3965
7F	47D5	134	3965
7F	47D6	134	3965
7F	47D7	134	3965
7F	47D8	134	3965
7F	47D9	134	3965
7F	47DA	134	3965
7F	47DD	134	3965
7F	47DE	134	3965
7F	47DF	134	3965
7F	47E0	134	3965
7F	47E1	134	3965
7F	47E2	134	3965
7F	47E3	134	3965
7F	47E4	134	3965
7F	47E5	134	3965
7F	47E7	134	3965
7F	47FD	134	3965
7F	47FE	134	3965
7F	47FF	134	3965
7F	4800	134	3965
7F	4801	134	3965
7F	4802	134	3965
7F	4805	134	3965
7F	4806	134	3965
7F	4808	134	3965
7F	4809	134	3965
7F	480A	518	3965
7F	480B	518	3965
7F	480D	384	3965
7F	480F	384	3965
7F	4811	384	3965
7F	4813	134	3965
7F	4814	134	3965
7F	4817	134	3965
7F	4818	134	3965
7F	4819	134	3965
7F	481A	134	3965
7F	481B	134	3965
7F	481C	134	3965
7F	481D	134	3965
7F	481E	134	3965
7F	481F	134	3965
7F	4822	134	3965
7F	4823	134	3965
7F	4824	134	3965
7F	4825	134	3965
7F	4826	134	3965
7F	4827	134	3965
7F	4828	134	3965
7F	4829	134	3965
7F	482A	134	3965
7F	482C	134	3965
7F	4842	134	3965
7F	4843	134	3965
7F	4844	134	3965
7F	4845	134	3965
7F	4846	134	3965
7F	4847	134	3965
7F	484A	134	3965
7F	484B	134	3965
7F	484D	134	3965
7F	484E	134	3965
7F	484F	518	3965
7F	4850	518	3965
7F	4852	384	3965
7F	4854	384	3965
7F	4856	384	3965
7F	4858	134	3965
7F	4859	134	3965
7F	485C	134	3965
7F	485D	134	3965
7F	485E	134	3965
7F	485F	134	3965
7F	4860	134	3965
7F	4861	134	3965
7F	4862	134	3965
7F	4863	134	3965
7F	4864	134	3965
7F	4867	134	3965
7F	4868	134	3965
7F	4869	134	3965
7F	486A	134	3965
7F	486B	134	3965
7F	486C	134	3965
7F	486D	134	3965
7F	486E	134	3965
7F	486F	134	3965
7F	4871	134	3965
7F	4887	134	3965
7F	4888	134	3965
7F	4889	134	3965
7F	488A	134	3965
7F	488B	134	3965
7F	488C	134	3965
7F	488F	134	3965
7F	4890	134	3965
7F	4892	134	3965
7F	4893	134	3965
7F	4894	518	3965
7F	4895	518	3965
7F	4897	384	3965
7F	4899	384	3965
7F	489B	384	3965
7F	489D	134	3965
7F	489E	134	3965
7F	48A1	134	3965
7F	48A2	134	3965
7F	48A3	134	3965
7F	48A4	134	3965
7F	48A5	134	3965
7F	48A6	134	3965
7F	48A7	134	3965
7F	48A8	134	3965
7F	48A9	134	3965
7F	48AC	134	3965
7F	48AD	134	3965
7F	48AE	134	3965
7F	48AF	134	3965
7F	48B0	134	3965
7F	48B1	134	3965
7F	48B2	134	3965
7F	48B3	134	3965
7F	48B4	134	3965
7F	48B6	134	3965
7F	48CC	134	3965
7F	48CD	134	3965
7F	48CE	134	3965
7F	48CF	134	3965
7F	48D0	134	3965
7F	48D1	134	3965
7F	48D4	134	3965
7F	48D5	134	3965
7F	48D7	134	3965
7F	48D8	134	3965
7F	48D9	518	3965
7F	48DA	518	3965
7F	48DC	384	3965
7F	48DE	384	3965
7F	48E0	384	3965
7F	48E2	134	3965
7F	48E3	134	3965
7F	48E6	134	3965
7F	48E7	134	3965
7F	48E8	134	3965
7F	48E9	134	3965
7F	48EA	134	3965
7F	48EB	134	3965
7F	48EC	134	3965
7F	48ED	134	3965
7F	48EE	134	3965
7F	48F1	134	3965
7F	48F2	134	3965
7F	48F3	134	3965
7F	48F4	134	3965
7F	48F5	134	3965
7F	48F6	134	3965
7F	48F7	134	3965
7F	48F8	134	3965
7F	48F9	134	3965
7F	48FB	134	3965
7F	4911	134	3965
7F	4912	134	3965
7F	4913	134	3965
7F	4914	134	3965
7F	4915	134	3965
7F	4916	134	3965
7F	4919	134	3965
7F	491A	134	3965
7F	491C	134	3965
7F	491D	134	3965
7F	491E	518	3965
7F	491F	518	3965
7F	4921	384	3965
7F	4923	384	3965
7F	4925	384	3965
7F	4927	134	3965
7F	4928	134	3965
7F	492B	134	3965
7F	492C	134	3965
7F	492D	134	3965
7F	492E	134	3965
7F	492F	134	3965
7F	4930	134	3965
7F	4931	134	3965
7F	4932	134	3965
7F	4933	134	3965
7F	4936	134	3965
7F	4937	134	3965
7F	4938	134	3965
7F	4939	134	3965
7F	493A	134	3965
7F	493B	134	3965
7F	493C	134	3965
7F	493D	134	3965
7F	493E	134	3965
7F	4940	134	3965
7F	4956	134	3965
7F	4957	134	3965
7F	4958	134	3965
7F	4959	134	3965
7F	495A	134	3965
7F	495B	134	3965
7F	495E	134	3965
7F	495F	134	3965
7F	4961	134	3965
7F	4962	134	3965
7F	4963	518	3965
7F	4964	518	3965
7F	4966	384	3965
7F	4968	384	3965
7F	496A	384	3965
7F	496C	134	3965
7F	496D	134	3965
7F	4970	134	3965
7F	4971	134	3965
7F	4972	134	3965
7F	4973	134	3965
7F	4974	134	3965
7F	4975	134	3965
7F	4976	134	3965
7F	4977	134	3965
7F	4978	134	3965
7F	497B	134	3965
7F	497C	134	3965
7F	497D	134	3965
7F	497E	134	3965
7F	497F	134	3965
7F	4980	134	3965
7F	4981	134	3965
7F	4982	134	3965
7F	4983	134	3965
7F	4985	134	3965
7F	4987	84	3965
7F	4988	84	3965
7F	498B	84	3965
7F	498C	84	3965
7F	498D	84	3965
7F	498E	84	3965
7F	4990	84	3965
7F	499B	134	3965
7F	4C42	3	5011
7F	4C43	3	5011
7F	4C44	3	5011
7F	4C45	3	5011
7F	4C48	3	5011
7F	4C4B	3	5011
7F	4C4D	96	5011
7F	4C4E	96	5011
7F	4C4F	96	5011
7F	4C50	96	5011
7F	4C51	96	5011
7F	4C53	3	5011
7F	4C54	3	5011
7F	4C55	3	5011
7F	4C56	3	5011
7F	7271	2	5002
7F	7272	2	5002
7F	7273	2	5002
7F	7274	2	5002
7F	7275	2	5002
7F	7276	2	5002
7F	7277	2	5002
7F	7278	2	5002
7F	7279	2	5002
7F	727B	2	5002
7F	727C	2	5002
7F	727D	2	5002
7F	727F	2	5002
7F	7282	2	5002
7F	7284	2	5002
7F	7287	2	5002
7F	7289	2	5002
7F	728C	2	5002
7F	728E	2	5002
7F	7290	2	5002
7F	7292	2	5002
7F	7294	2	5002
7F	7297	5610	5002
7F	7299	5610	5002
7F	729B	5610	5002
7F	729D	2	5002
7F	729F	2	5002
7F	72A1	2	5002
7F	72A2	2	5002
7F	72A4	2	5002
7F	72A7	2	5002
7F	72A8	2	5002
7F	72AA	2	5002
7F	72AB	2	5002
7F	72AD	2	5002
7F	72AF	2	5002
7F	72B0	1	5018
7F	72B2	1	5018
7F	72B3	1	5018
7F	72B4	1	5018
7F	72B6	1	5018
7F	72B9	1	5018
7F	72BA	1	5018
7F	72BC	1	5018
7F	72BD	1	5018
7F	72BF	1	5018
7F	72C1	1	5018
7F	72C2	2	2560
7F	72C3	2	2560
7F	72C5	2	2560
7F	72C6	2	2560
7F	72C8	2	2560
7F	72C9	2	2560
7F	72CB	2	2560
7F	72CC	2	2560
7F	72CE	2	2560
7F	72D1	3414	2560
7F	72D2	3414	2560
7F	72D4	3414	2560
7F	72D6	2	2560
7F	72D8	76	2560
7F	72D9	76	2560
7F	72DA	76	2560
7F	72DC	2	2561
7F	72DD	2	2561
7F	72DF	2	2561
7F	72E1	2	2561
WRAM	CBF1	11031	17	C3BA03	0	0
WRAM	CBF4	443	5003	C3930E	0	0
WRAM	CBF7	93536	44	C3ED01	0	0
WRAM	CBFA	6576	44	C3B701	0	0
WRAM	CE03	42487858	460	18FE00	0	0
HRAM	FF80	11031	17	3EC0E0	0	0
HRAM	FF82	11031	17	E0463E	0	0
HRAM	FF84	11031	17	3E283D	0	0
HRAM	FF86	441240	17	3D20FD	0	0
HRAM	FF87	441240	17	20FDC9	0	0
HRAM	FF89	11031	17	C94F00	9896	0
HRAM	FFA8	20008	16	3E0021	15051	0
HRAM	FFAA	20008	16	21B605	19992	0
HRAM	FFAD	20008	16	C3F07B	19976	0
