04	44C9	imm	04	44A3	PROBABLE	[xref_infer] bc=$44A3 is exactly the label Table_04_44A3 (ptrtable region 04:44A3); read at 04:45D5 (ld a, [bc]), pair intact until then; base pointer (offset added before the read); own bank $04. patterns c
04	45CA	imm	04	46E8	PROBABLE	[xref_infer] bc=$46E8 is exactly the label Table_04_46E8 (ptrtable region 04:46E8); read at 04:45D5 (ld a, [bc]), pair intact until then; base pointer (offset added before the read); own bank $04; trace: insn executed, target read (boot_combos,boot_states +39). patterns c,a
04	4750	imm	04	4726	PROBABLE	[xref_infer] bc=$4726 is exactly the label Table_04_4726 (ptrtable region 04:4726); read at 04:45D5 (ld a, [bc]), pair intact until then; base pointer (offset added before the read); own bank $04. patterns c
04	4FFD	imm	04	5075	PROBABLE	[xref_infer] hl=$5075 is exactly the label Data_04_5075 (data region 04:5075); read at 04:5001 (ld a, [hli]), pair intact until then; base pointer (offset added before the read); own bank $04; trace: insn executed, target read (monkey_2,monkey_3 +19). patterns c,a
0E	4086	imm	0E	4094	PROBABLE	[xref_infer] hl=$4094 is exactly the label Table_0E_4094 (ptrtable region 0E:4094); read at 0E:4090 (ld a, [hli]), pair intact until then; base pointer (offset added before the read); own bank $0E; trace: insn executed, target read (addressbook_full,boot_combos +33). patterns c,a
0E	4228	imm	0E	43C0	CONFIRMED	[xref_infer] hl=$43C0 is exactly the label Data_0E_43C0 (gfx region 0E:43C0); read at 00:078D (ldh [$FF51], a (rHDMA1 = source high byte)) via Function_00_0787; bank $0E from the constant loaded into A; trace: insn executed, target read (addressbook_full,boot_states +32). patterns b,d,a
0E	423A	imm	0E	47C0	CONFIRMED	[xref_infer] hl=$47C0 is exactly the label Data_0E_47C0 (gfx region 0E:47C0); read at 00:078D (ldh [$FF51], a (rHDMA1 = source high byte)) via Function_00_0787; bank $0E from the constant loaded into A; trace: insn executed, target read (addressbook_full,boot_states +32). patterns b,d,a
0E	425E	imm	0E	4BC0	CONFIRMED	[xref_infer] hl=$4BC0 is exactly the label Data_0E_4BC0 (gfx region 0E:4BC0); read at 00:078D (ldh [$FF51], a (rHDMA1 = source high byte)) via Function_00_0787; bank $0E from the constant loaded into A; trace: insn executed, target read (addressbook_full,boot_states +32). patterns b,d,a
0E	4270	imm	0E	4FC0	CONFIRMED	[xref_infer] hl=$4FC0 is exactly the label Data_0E_4FC0 (gfx region 0E:4FC0); read at 00:078D (ldh [$FF51], a (rHDMA1 = source high byte)) via Function_00_0787; bank $0E from the constant loaded into A; trace: insn executed, target read (addressbook_full,boot_states +32). patterns b,d,a
0E	4282	imm	0E	53C0	CONFIRMED	[xref_infer] hl=$53C0 is exactly the label Data_0E_53C0 (gfx region 0E:53C0); read at 00:078D (ldh [$FF51], a (rHDMA1 = source high byte)) via Function_00_0787; bank $0E from the constant loaded into A; trace: insn executed, target read (addressbook_full,boot_states +32). patterns b,d,a
0E	4294	imm	0E	57C0	CONFIRMED	[xref_infer] hl=$57C0 is exactly the label Data_0E_57C0 (gfx region 0E:57C0); read at 00:078D (ldh [$FF51], a (rHDMA1 = source high byte)) via Function_00_0787; bank $0E from the constant loaded into A; trace: insn executed, target read (addressbook_full,boot_states +32). patterns b,d,a
0E	42A9	imm	0E	5F30	CONFIRMED	[xref_infer] hl=$5F30 is exactly the label Data_0E_5F30 (data region 0E:5F30); read at 0E:42AE (call $06D1) via FarCopyBytes_4F_4000 (CopyBytes with source bank in A); bank $0E from the constant loaded into A; trace: insn executed, target read (monkey_1,monkey_2 +32). patterns b,d,a
0E	42CB	imm	0E	5BC0	CONFIRMED	[xref_infer] hl=$5BC0 is exactly the label Data_0E_5BC0 (data region 0E:5BC0); read at 00:0904 (ld a, [hli]) via Function_00_08EA -> Function_00_0904; bank $0E from the constant loaded into A; trace: insn executed, target read (addressbook_full,boot_states +32). patterns b,d,a
0E	431A	imm	0E	4330	PROBABLE	[xref_infer] hl=$4330 is exactly the label Data_0E_4330 (data region 0E:4330); read at 0E:4324 (ld a, [hli]), pair intact until then; base pointer (offset added before the read); own bank $0E; trace: insn executed, target read (addressbook_full,boot_states +32). patterns c,a
0E	4337	imm	0E	434B	PROBABLE	[xref_infer] hl=$434B is exactly the label Data_0E_434B (data region 0E:434B); read at 0E:4341 (ld a, [hli]), pair intact until then; base pointer (offset added before the read); own bank $0E; trace: insn executed, target read (addressbook_full,boot_states +32). patterns c,a
0E	4362	imm	0E	60A0	CONFIRMED	[xref_infer] hl=$60A0 is exactly the label Data_0E_60A0 (gfx region 0E:60A0); read at 00:078D (ldh [$FF51], a (rHDMA1 = source high byte)) via Function_00_0787; bank $0E from the constant loaded into A; trace: insn executed, target read (addressbook_full,boot_combos +33). patterns b,d,a
0E	4374	imm	0E	64A0	CONFIRMED	[xref_infer] hl=$64A0 is exactly the label Data_0E_64A0 (gfx region 0E:64A0); read at 00:078D (ldh [$FF51], a (rHDMA1 = source high byte)) via Function_00_0787; bank $0E from the constant loaded into A; trace: insn executed, target read (addressbook_full,boot_combos +33). patterns b,d,a
0E	4389	imm	0E	6B70	CONFIRMED	[xref_infer] hl=$6B70 is exactly the label Data_0E_6B70 (data region 0E:6B70); read at 0E:438E (call $06D1) via FarCopyBytes_4F_4000 (CopyBytes with source bank in A); bank $0E from the constant loaded into A; trace: insn executed, target read (addressbook_full,boot_combos +33). patterns b,d,a
0E	439A	imm	0E	68A0	CONFIRMED	[xref_infer] hl=$68A0 is exactly the label Data_0E_68A0 (data region 0E:68A0); read at 00:0904 (ld a, [hli]) via Function_00_08EA -> Function_00_0904; bank $0E from the constant loaded into A; trace: insn executed, target read (addressbook_full,boot_combos +33). patterns b,d,a
0F	4257	imm	0F	4169	PROBABLE	[xref_infer] hl=$4169 is exactly the label Table_0F_4169 (words region 0F:4169); read at 0F:425B (ld a, [hli]), pair intact until then; base pointer (offset added before the read); own bank $0F. patterns c
0F	4395	imm	0F	4004	CONFIRMED	[xref_infer] hl=$4004 is exactly the label String_0F_4004 (text region 0F:4004); read at 0F:439B (ld a, [hli]), pair intact until then; own bank $0F; trace: insn executed, target read (mail_receive,mail_server_full +5). patterns c,a
0F	441F	imm	0F	4183	PROBABLE	[xref_infer] hl=$4183 is exactly the label Table_0F_4183 (ptrtable region 0F:4183); read at 0F:4428 (ld a, [hli]), pair intact until then; base pointer (offset added before the read); own bank $0F; trace: insn executed, target read (mail_errors,mail_receive +4). patterns c,a
0F	45CC	imm	0F	4222	CONFIRMED	[xref_infer] de=$4222 is exactly the label String_0F_4222 (text region 0F:4222); read at 0F:45E8 (ld a, [de]), pair intact until then; own bank $0F; trace: insn executed, target read (mail_receive,mail_errors +1). patterns c,a
0F	4F6E	imm	0F	4011	PROBABLE	[xref_infer] hl=$4011 is exactly the label Table_0F_4011 (ptrtable region 0F:4011); read at 0F:4F72 (ld a, [hli]), pair intact until then; base pointer (offset added before the read); own bank $0F; trace: insn executed, target read (mail_errors,monkey_camp_rich +2). patterns c,a
0F	5104	imm	0F	4236	CONFIRMED	[xref_infer] hl=$4236 is exactly the label String_0F_4236 (text region 0F:4236); read at 0F:5107 (ld a, [hli]), pair intact until then; own bank $0F; trace: insn executed, target read (mail_errors,mail_send +2). patterns c,a
19	4135	imm	19	481D	PROBABLE	[xref_infer] de=$481D is exactly the label Table_19_481D (words region 19:481D); read at 00:0AC5 (ld a, [de]) via Function_00_0A82 -> Function_00_0AB8; base pointer (offset added before the read); bank $19 from the constant loaded into A. patterns b,d
19	41EB	imm	19	490E	PROBABLE	[xref_infer] hl=$490E is exactly the label Data_19_490E (data region 19:490E); read at 19:41F7 (ld a, [hli]), pair intact until then; base pointer (offset added before the read); own bank $19. patterns c
19	4210	imm	19	490E	PROBABLE	[xref_infer] hl=$490E is exactly the label Data_19_490E (data region 19:490E); read at 19:421B (ld a, [hli]), pair intact until then; base pointer (offset added before the read); own bank $19. patterns c
19	4324	imm	19	490E	PROBABLE	[xref_infer] hl=$490E is exactly the label Data_19_490E (data region 19:490E); read at 19:4330 (ld a, [hli]), pair intact until then; base pointer (offset added before the read); own bank $19. patterns c
19	43DA	imm	19	490E	PROBABLE	[xref_infer] hl=$490E is exactly the label Data_19_490E (data region 19:490E); read at 19:43E6 (ld a, [hli]), pair intact until then; base pointer (offset added before the read); own bank $19. patterns c
19	45CA	imm	19	490E	PROBABLE	[xref_infer] hl=$490E is exactly the label Data_19_490E (data region 19:490E); read at 19:45D6 (ld a, [hli]), pair intact until then; base pointer (offset added before the read); own bank $19. patterns c
19	45E9	imm	19	47AE	PROBABLE	[xref_infer] hl=$47AE is exactly the label String_19_47AE (text region 19:47AE); read at 19:45F2 (ld a, [hli]), pair intact until then; base pointer (offset added before the read); own bank $19. patterns c
19	45FC	imm	19	47AE	PROBABLE	[xref_infer] hl=$47AE is exactly the label String_19_47AE (text region 19:47AE); read at 19:4605 (ld a, [hli]), pair intact until then; base pointer (offset added before the read); own bank $19. patterns c
19	460E	imm	19	490E	PROBABLE	[xref_infer] hl=$490E is exactly the label Data_19_490E (data region 19:490E); read at 19:4619 (ld a, [hli]), pair intact until then; base pointer (offset added before the read); own bank $19. patterns c
19	462C	imm	19	47AE	PROBABLE	[xref_infer] hl=$47AE is exactly the label String_19_47AE (text region 19:47AE); read at 19:4635 (ld a, [hli]), pair intact until then; base pointer (offset added before the read); own bank $19. patterns c
19	463F	imm	19	47AE	PROBABLE	[xref_infer] hl=$47AE is exactly the label String_19_47AE (text region 19:47AE); read at 19:4648 (ld a, [hli]), pair intact until then; base pointer (offset added before the read); own bank $19. patterns c
19	4695	imm	19	490E	PROBABLE	[xref_infer] hl=$490E is exactly the label Data_19_490E (data region 19:490E); read at 19:46A1 (ld a, [hli]), pair intact until then; base pointer (offset added before the read); own bank $19. patterns c
19	46B5	imm	19	47AE	PROBABLE	[xref_infer] hl=$47AE is exactly the label String_19_47AE (text region 19:47AE); read at 19:46BE (ld a, [hli]), pair intact until then; base pointer (offset added before the read); own bank $19. patterns c
19	46D7	imm	19	490E	PROBABLE	[xref_infer] hl=$490E is exactly the label Data_19_490E (data region 19:490E); read at 19:46E2 (ld a, [hli]), pair intact until then; base pointer (offset added before the read); own bank $19. patterns c
19	46F3	imm	19	47AE	PROBABLE	[xref_infer] hl=$47AE is exactly the label String_19_47AE (text region 19:47AE); read at 19:46FC (ld a, [hli]), pair intact until then; base pointer (offset added before the read); own bank $19. patterns c
19	4761	imm	19	47AE	PROBABLE	[xref_infer] hl=$47AE is exactly the label String_19_47AE (text region 19:47AE); read at 19:476A (ld a, [hli]), pair intact until then; base pointer (offset added before the read); own bank $19. patterns c
19	48A3	imm	19	490E	PROBABLE	[xref_infer] hl=$490E is exactly the label Data_19_490E (data region 19:490E); read at 19:48AF (ld a, [hli]), pair intact until then; base pointer (offset added before the read); own bank $19. patterns c
19	48C0	imm	19	490E	PROBABLE	[xref_infer] hl=$490E is exactly the label Data_19_490E (data region 19:490E); read at 19:48CB (ld a, [hli]), pair intact until then; base pointer (offset added before the read); own bank $19. patterns c
19	48D8	imm	19	490E	PROBABLE	[xref_infer] hl=$490E is exactly the label Data_19_490E (data region 19:490E); read at 19:48E4 (ld a, [hli]), pair intact until then; base pointer (offset added before the read); own bank $19. patterns c
19	48F6	imm	19	490E	PROBABLE	[xref_infer] hl=$490E is exactly the label Data_19_490E (data region 19:490E); read at 19:4901 (ld a, [hli]), pair intact until then; base pointer (offset added before the read); own bank $19. patterns c
19	4A9D	imm	19	4940	PROBABLE	[xref_infer] hl=$4940 is exactly the label Data_19_4940 (data region 19:4940); read at 19:4AA2 (call $06D1) via FarCopyBytes_4F_4000 (CopyBytes with source bank in A); bank $19 from the constant loaded into A. patterns b,d
19	4CA5	imm	19	4D5E	PROBABLE	[xref_infer] hl=$4D5E is exactly the label Data_19_4D5E (data region 19:4D5E); read at 19:4CAE (ld a, [hli]), pair intact until then; base pointer (offset added before the read); own bank $19. patterns c
19	4CB8	imm	19	4D5E	PROBABLE	[xref_infer] hl=$4D5E is exactly the label Data_19_4D5E (data region 19:4D5E); read at 19:4CC1 (ld a, [hli]), pair intact until then; base pointer (offset added before the read); own bank $19. patterns c
19	4CD0	imm	19	4D5E	PROBABLE	[xref_infer] hl=$4D5E is exactly the label Data_19_4D5E (data region 19:4D5E); read at 19:4CD9 (ld a, [hli]), pair intact until then; base pointer (offset added before the read); own bank $19. patterns c
19	4CE3	imm	19	4D5E	PROBABLE	[xref_infer] hl=$4D5E is exactly the label Data_19_4D5E (data region 19:4D5E); read at 19:4CEC (ld a, [hli]), pair intact until then; base pointer (offset added before the read); own bank $19. patterns c
19	4CFB	imm	19	4D5E	PROBABLE	[xref_infer] hl=$4D5E is exactly the label Data_19_4D5E (data region 19:4D5E); read at 19:4D04 (ld a, [hli]), pair intact until then; base pointer (offset added before the read); own bank $19. patterns c
19	4D0E	imm	19	4D5E	PROBABLE	[xref_infer] hl=$4D5E is exactly the label Data_19_4D5E (data region 19:4D5E); read at 19:4D17 (ld a, [hli]), pair intact until then; base pointer (offset added before the read); own bank $19. patterns c
1A	4034	imm	1A	4A90	CONFIRMED	[xref_infer] hl=$4A90 is exactly the label Data_1A_4A90 (gfx region 1A:4A90); read at 00:078D (ldh [$FF51], a (rHDMA1 = source high byte)) via Function_00_0787; bank $1A from the constant loaded into A; trace: insn executed, target read (monkey_camp_tut,monkey_1 +3). patterns b,d,a
1A	4046	imm	1A	4C90	CONFIRMED	[xref_infer] hl=$4C90 is exactly the label Data_1A_4C90 (gfx region 1A:4C90); read at 00:078D (ldh [$FF51], a (rHDMA1 = source high byte)) via Function_00_0787; bank $1A from the constant loaded into A; trace: insn executed, target read (monkey_camp_tut,monkey_1 +3). patterns b,d,a
1A	4058	imm	1A	5090	CONFIRMED	[xref_infer] hl=$5090 is exactly the label Data_1A_5090 (gfx region 1A:5090); read at 00:078D (ldh [$FF51], a (rHDMA1 = source high byte)) via Function_00_0787; bank $1A from the constant loaded into A; trace: insn executed, target read (monkey_camp_tut,monkey_1 +3). patterns b,d,a
1A	406D	imm	1A	5390	CONFIRMED	[xref_infer] hl=$5390 is exactly the label Data_1A_5390 (data region 1A:5390); read at 1A:4072 (call $06D1) via FarCopyBytes_4F_4000 (CopyBytes with source bank in A); bank $1A from the constant loaded into A; trace: insn executed, target read (monkey_camp_tut,monkey_1 +3). patterns b,d,a
1A	407E	imm	1A	47B5	CONFIRMED	[xref_infer] hl=$47B5 is exactly the label Data_1A_47B5 (data region 1A:47B5); read at 00:0904 (ld a, [hli]) via Function_00_08EA -> Function_00_0904; bank $1A from the constant loaded into A; trace: insn executed, target read (monkey_1,monkey_camp_reg +3). patterns b,d,a
1A	408C	imm	1A	55A0	PROBABLE	[xref_infer] de=$55A0 is exactly the label Data_1A_55A0 (data region 1A:55A0); read at 00:0AC5 (ld a, [de]) via Function_00_0A82 -> Function_00_0AB8; base pointer (offset added before the read); bank $1A from the constant loaded into A; trace: insn executed, target read (monkey_camp_rich,monkey_camp_reg +3). patterns b,d,a
1A	409C	imm	1A	55A0	PROBABLE	[xref_infer] de=$55A0 is exactly the label Data_1A_55A0 (data region 1A:55A0); read at 00:0AC5 (ld a, [de]) via Function_00_0A82 -> Function_00_0AB8; base pointer (offset added before the read); bank $1A from the constant loaded into A; trace: insn executed, target read (monkey_camp_rich,monkey_camp_reg +3). patterns b,d,a
1A	431C	imm	1A	437B	PROBABLE	[xref_infer] hl=$437B is exactly the label Data_1A_437B (data region 1A:437B); read at 1A:4325 (ld b, [hl]), pair intact until then; base pointer (offset added before the read); own bank $1A; trace: insn executed, target read (monkey_camp_rich,monkey_camp_tut +3). patterns c,a
1A	43AD	imm	1A	4439	PROBABLE	[xref_infer] hl=$4439 is exactly the label Table_1A_4439 (ptrtable region 1A:4439); read at 1A:43B8 (ld a, [hli]), pair intact until then; base pointer (offset added before the read); own bank $1A; trace: insn executed, target read (monkey_camp_rich,monkey_camp_tut +3). patterns c,a
1B	4160	imm	1B	4000	PROBABLE	[xref_infer] hl=$4000 is exactly the label Data_1B_4000 (data region 1B:4000); read at 1B:4165 (call $06D1) via FarCopyBytes_4F_4000 (CopyBytes with source bank in A); bank $1B from the constant loaded into A. patterns b,d
1B	43A2	imm	1B	4430	PROBABLE	[xref_infer] hl=$4430 is exactly the label String_1B_4430 (text region 1B:4430); read at 1B:43AB (ld a, [hli]), pair intact until then; base pointer (offset added before the read); own bank $1B. patterns c
1B	43B5	imm	1B	4430	PROBABLE	[xref_infer] hl=$4430 is exactly the label String_1B_4430 (text region 1B:4430); read at 1B:43BE (ld a, [hli]), pair intact until then; base pointer (offset added before the read); own bank $1B. patterns c
1B	43CD	imm	1B	4430	PROBABLE	[xref_infer] hl=$4430 is exactly the label String_1B_4430 (text region 1B:4430); read at 1B:43D6 (ld a, [hli]), pair intact until then; base pointer (offset added before the read); own bank $1B. patterns c
1B	43E0	imm	1B	4430	PROBABLE	[xref_infer] hl=$4430 is exactly the label String_1B_4430 (text region 1B:4430); read at 1B:43E9 (ld a, [hli]), pair intact until then; base pointer (offset added before the read); own bank $1B. patterns c
1D	4047	imm	1D	4D20	CONFIRMED	[xref_infer] hl=$4D20 is exactly the label Data_1D_4D20 (gfx region 1D:4D20); read at 00:078D (ldh [$FF51], a (rHDMA1 = source high byte)) via Function_00_0787; bank $1D from the constant loaded into A; trace: insn executed, target read (monkey_3,addressbook_full +20). patterns b,d,a
1D	4059	imm	1D	4EB0	CONFIRMED	[xref_infer] hl=$4EB0 is exactly the label Data_1D_4EB0 (gfx region 1D:4EB0); read at 00:078D (ldh [$FF51], a (rHDMA1 = source high byte)) via Function_00_0787; bank $1D from the constant loaded into A; trace: insn executed, target read (monkey_3,addressbook_full +20). patterns b,d,a
1D	406B	imm	1D	52B0	CONFIRMED	[xref_infer] hl=$52B0 is exactly the label Data_1D_52B0 (gfx region 1D:52B0); read at 00:078D (ldh [$FF51], a (rHDMA1 = source high byte)) via Function_00_0787; bank $1D from the constant loaded into A; trace: insn executed, target read (monkey_3,addressbook_full +20). patterns b,d,a
1D	407D	imm	1D	56B0	CONFIRMED	[xref_infer] hl=$56B0 is exactly the label Data_1D_56B0 (gfx region 1D:56B0); read at 00:078D (ldh [$FF51], a (rHDMA1 = source high byte)) via Function_00_0787; bank $1D from the constant loaded into A; trace: insn executed, target read (monkey_3,addressbook_full +20). patterns b,d,a
1D	40A1	imm	1D	5E30	CONFIRMED	[xref_infer] hl=$5E30 is exactly the label Data_1D_5E30 (gfx region 1D:5E30); read at 00:078D (ldh [$FF51], a (rHDMA1 = source high byte)) via Function_00_0787; bank $1D from the constant loaded into A; trace: insn executed, target read (monkey_3,addressbook_full +20). patterns b,d,a
1D	40B6	imm	1D	6230	CONFIRMED	[xref_infer] hl=$6230 is exactly the label Data_1D_6230 (data region 1D:6230); read at 1D:40BB (call $06D1) via FarCopyBytes_4F_4000 (CopyBytes with source bank in A); bank $1D from the constant loaded into A; trace: insn executed, target read (monkey_3,addressbook_full +20). patterns b,d,a
1D	40C7	imm	1D	45C1	CONFIRMED	[xref_infer] hl=$45C1 is exactly the label Data_1D_45C1 (data region 1D:45C1); read at 00:0904 (ld a, [hli]) via Function_00_08EA -> Function_00_0904; bank $1D from the constant loaded into A; trace: insn executed, target read (monkey_camp_rich,monkey_camp_tut +20). patterns b,d,a
1D	416D	imm	1D	43FA	CONFIRMED	[xref_infer] hl=$43FA is exactly the label Data_1D_43FA (data region 1D:43FA); read at 48:42D5 (call $1620) via Function_48_42D4 -> ReadByteFar; bank $1D from the constant loaded into A; trace: insn executed, target read (addressbook_full,mail_errors +20). patterns b,d,a
1D	4294	imm	1D	43FA	CONFIRMED	[xref_infer] hl=$43FA is exactly the label Data_1D_43FA (data region 1D:43FA); read at 48:42D5 (call $1620) via Function_48_42D4 -> ReadByteFar; bank $1D from the constant loaded into A; trace: insn executed, target read (addressbook_full,mail_errors +20). patterns b,d,a
1D	42C1	imm	1D	430D	PROBABLE	[xref_infer] hl=$430D is exactly the label Table_1D_430D (words region 1D:430D); read at 1D:42D0 (ld a, [hli]), pair intact until then; base pointer (offset added before the read); own bank $1D; trace: insn executed, target read (addressbook_full,mail_server_full +14). patterns c,a
1D	42D6	imm	1D	431D	PROBABLE	[xref_infer] hl=$431D is exactly the label Data_1D_431D (data region 1D:431D); read at 1D:42E0 (ld a, [hl]), pair intact until then; base pointer (offset added before the read); own bank $1D; trace: insn executed, target read (addressbook_full,mail_server_full +14). patterns c,a
1D	4337	imm	1D	4383	PROBABLE	[xref_infer] hl=$4383 is exactly the label Table_1D_4383 (words region 1D:4383); read at 1D:4346 (ld a, [hli]), pair intact until then; base pointer (offset added before the read); own bank $1D; trace: insn executed, target read (addressbook_full,mail_errors +20). patterns c,a
1D	434C	imm	1D	4393	PROBABLE	[xref_infer] hl=$4393 is exactly the label Data_1D_4393 (data region 1D:4393); read at 1D:4356 (ld a, [hl]), pair intact until then; base pointer (offset added before the read); own bank $1D; trace: insn executed, target read (addressbook_full,mail_server_full +20). patterns c,a
1D	43BC	imm	1D	4C51	CONFIRMED	[xref_infer] hl=$4C51 is exactly the label Tilemap_1D_4C51 (data region 1D:4C51); read at 00:0904 (ld a, [hli]) via Function_00_16A2 -> Function_00_0904; bank $1D from the constant loaded into A; trace: insn executed, target read (monkey_camp_tut,monkey_camp_rich +19). patterns b,d,a
1F	4051	imm	1E	49A0	CONFIRMED	[xref_infer] hl=$49A0 is exactly the label Data_1E_49A0 (gfx region 1E:49A0); read at 00:078D (ldh [$FF51], a (rHDMA1 = source high byte)) via Function_00_0787; bank $1E from the constant loaded into A; trace: insn executed, target read (monkey_1,monkey_3 +26). patterns b,d,a
1F	4063	imm	1E	4DA0	CONFIRMED	[xref_infer] hl=$4DA0 is exactly the label Data_1E_4DA0 (gfx region 1E:4DA0); read at 00:078D (ldh [$FF51], a (rHDMA1 = source high byte)) via Function_00_0787; bank $1E from the constant loaded into A; trace: insn executed, target read (monkey_1,monkey_3 +26). patterns b,d,a
1F	4075	imm	1E	51A0	CONFIRMED	[xref_infer] hl=$51A0 is exactly the label Data_1E_51A0 (gfx region 1E:51A0); read at 00:078D (ldh [$FF51], a (rHDMA1 = source high byte)) via Function_00_0787; bank $1E from the constant loaded into A; trace: insn executed, target read (monkey_1,monkey_3 +26). patterns b,d,a
1F	4087	imm	1E	55A0	CONFIRMED	[xref_infer] hl=$55A0 is exactly the label Data_1E_55A0 (gfx region 1E:55A0); read at 00:078D (ldh [$FF51], a (rHDMA1 = source high byte)) via Function_00_0787; bank $1E from the constant loaded into A; trace: insn executed, target read (monkey_1,monkey_3 +26). patterns b,d,a
1F	4099	imm	1E	59A0	CONFIRMED	[xref_infer] hl=$59A0 is exactly the label Data_1E_59A0 (gfx region 1E:59A0); read at 00:078D (ldh [$FF51], a (rHDMA1 = source high byte)) via Function_00_0787; bank $1E from the constant loaded into A; trace: insn executed, target read (monkey_1,monkey_3 +26). patterns b,d,a
1F	40AB	imm	1E	5BA0	CONFIRMED	[xref_infer] hl=$5BA0 is exactly the label Data_1E_5BA0 (gfx region 1E:5BA0); read at 00:078D (ldh [$FF51], a (rHDMA1 = source high byte)) via Function_00_0787; bank $1E from the constant loaded into A; trace: insn executed, target read (monkey_1,monkey_3 +26). patterns b,d,a
1F	40BD	imm	1E	5FA0	CONFIRMED	[xref_infer] hl=$5FA0 is exactly the label Data_1E_5FA0 (gfx region 1E:5FA0); read at 00:078D (ldh [$FF51], a (rHDMA1 = source high byte)) via Function_00_0787; bank $1E from the constant loaded into A; trace: insn executed, target read (monkey_1,monkey_3 +26). patterns b,d,a
1F	40D2	imm	1E	62A0	CONFIRMED	[xref_infer] hl=$62A0 is exactly the label Palette_1E_62A0 (data region 1E:62A0); read at 1F:40D7 (call $06D1) via FarCopyBytes_4F_4000 (CopyBytes with source bank in A); bank $1E from the constant loaded into A; trace: insn executed, target read (monkey_1,monkey_3 +26). patterns b,d,a
1F	40E3	imm	1E	40D7	CONFIRMED	[xref_infer] hl=$40D7 is exactly the label Data_1E_40D7 (data region 1E:40D7); read at 00:0904 (ld a, [hli]) via Function_00_08EA -> Function_00_0904; bank $1E from the constant loaded into A; trace: insn executed, target read (monkey_1,monkey_2 +26). patterns b,d,a
1F	40F1	imm	1E	656F	PROBABLE	[xref_infer] de=$656F is exactly the label Table_1E_656F (words region 1E:656F); read at 00:0AC5 (ld a, [de]) via Function_00_0A82 -> Function_00_0AB8; base pointer (offset added before the read); bank $1E from the constant loaded into A. patterns b,d
1F	4104	imm	1E	62E0	CONFIRMED	[xref_infer] hl=$62E0 is exactly the label Palette_1E_62E0 (data region 1E:62E0); read at 1F:4109 (call $06D1) via FarCopyBytes_4F_4000 (CopyBytes with source bank in A); bank $1E from the constant loaded into A; trace: insn executed, target read (monkey_1,monkey_3 +26). patterns b,d,a
1F	4112	imm	1E	656F	PROBABLE	[xref_infer] de=$656F is exactly the label Table_1E_656F (words region 1E:656F); read at 00:0AC5 (ld a, [de]) via Function_00_0A82 -> Function_00_0AB8; base pointer (offset added before the read); bank $1E from the constant loaded into A. patterns b,d
1F	412B	imm	1E	656F	PROBABLE	[xref_infer] de=$656F is exactly the label Table_1E_656F (words region 1E:656F); read at 00:0AC5 (ld a, [de]) via Function_00_0A82 -> Function_00_0AB8; base pointer (offset added before the read); bank $1E from the constant loaded into A. patterns b,d
1F	41B6	imm	1E	4000	CONFIRMED	[xref_infer] hl=$4000 is exactly the label Data_1E_4000 (data region 1E:4000); read at 48:42D5 (call $1620) via Function_48_42D4 -> ReadByteFar; bank $1E from the constant loaded into A; trace: insn executed, target read (addressbook_full,boot_states +26). patterns b,d,a
1F	4328	imm	1F	434B	PROBABLE	[xref_infer] hl=$434B is exactly the label Data_1F_434B (data region 1F:434B); read at 1F:4334 (ld a, [hli]), pair intact until then; base pointer (offset added before the read); own bank $1F; trace: insn executed, target read (monkey_1,monkey_2 +6). patterns c,a
1F	4357	imm	1E	40D7	CONFIRMED	[xref_infer] hl=$40D7 is exactly the label Data_1E_40D7 (data region 1E:40D7); read at 00:0904 (ld a, [hli]) via Function_00_08EA -> Function_00_0904; bank $1E from the constant loaded into A; trace: insn executed, target read (monkey_1,monkey_2 +26). patterns b,d,a
1F	436A	imm	1E	656F	PROBABLE	[xref_infer] de=$656F is exactly the label Table_1E_656F (words region 1E:656F); read at 00:0AC5 (ld a, [de]) via Function_00_0A82 -> Function_00_0AB8; base pointer (offset added before the read); bank $1E from the constant loaded into A. patterns b,d
1F	4399	imm	1E	656F	PROBABLE	[xref_infer] de=$656F is exactly the label Table_1E_656F (words region 1E:656F); read at 00:0AC5 (ld a, [de]) via Function_00_0A82 -> Function_00_0AB8; base pointer (offset added before the read); bank $1E from the constant loaded into A. patterns b,d
1F	43BD	imm	1E	656F	PROBABLE	[xref_infer] de=$656F is exactly the label Table_1E_656F (words region 1E:656F); read at 00:0AC5 (ld a, [de]) via Function_00_0A82 -> Function_00_0AB8; base pointer (offset added before the read); bank $1E from the constant loaded into A. patterns b,d
1F	43D6	imm	1E	656F	PROBABLE	[xref_infer] de=$656F is exactly the label Table_1E_656F (words region 1E:656F); read at 00:0AC5 (ld a, [de]) via Function_00_0A82 -> Function_00_0AB8; base pointer (offset added before the read); bank $1E from the constant loaded into A. patterns b,d
1F	4401	imm	1E	656F	PROBABLE	[xref_infer] de=$656F is exactly the label Table_1E_656F (words region 1E:656F); read at 00:0AC5 (ld a, [de]) via Function_00_0A82 -> Function_00_0AB8; base pointer (offset added before the read); bank $1E from the constant loaded into A. patterns b,d
1F	4425	imm	1E	656F	PROBABLE	[xref_infer] de=$656F is exactly the label Table_1E_656F (words region 1E:656F); read at 00:0AC5 (ld a, [de]) via Function_00_0A82 -> Function_00_0AB8; base pointer (offset added before the read); bank $1E from the constant loaded into A. patterns b,d
1F	4452	imm	1E	656F	PROBABLE	[xref_infer] de=$656F is exactly the label Table_1E_656F (words region 1E:656F); read at 00:0AC5 (ld a, [de]) via Function_00_0A82 -> Function_00_0AB8; base pointer (offset added before the read); bank $1E from the constant loaded into A. patterns b,d
1F	447F	imm	1E	656F	PROBABLE	[xref_infer] de=$656F is exactly the label Table_1E_656F (words region 1E:656F); read at 00:0AC5 (ld a, [de]) via Function_00_0A82 -> Function_00_0AB8; base pointer (offset added before the read); bank $1E from the constant loaded into A. patterns b,d
1F	4498	imm	1E	656F	PROBABLE	[xref_infer] de=$656F is exactly the label Table_1E_656F (words region 1E:656F); read at 00:0AC5 (ld a, [de]) via Function_00_0A82 -> Function_00_0AB8; base pointer (offset added before the read); bank $1E from the constant loaded into A. patterns b,d
1F	44F2	imm	1E	48C1	CONFIRMED	[xref_infer] hl=$48C1 is exactly the label Data_1E_48C1 (data region 1E:48C1); read at 00:0904 (ld a, [hli]) via Function_00_08EA -> Function_00_0904; bank $1E from the constant loaded into A; trace: insn executed, target read (help,monkey_1 +7). patterns b,d,a
1F	4574	imm	1E	4000	CONFIRMED	[xref_infer] hl=$4000 is exactly the label Data_1E_4000 (data region 1E:4000); read at 48:42D5 (call $1620) via Function_48_42D4 -> ReadByteFar; bank $1E from the constant loaded into A; trace: insn executed, target read (addressbook_full,boot_states +26). patterns b,d,a
22	417F	imm	22	5110	PROBABLE	[xref_infer] hl=$5110 is exactly the label Data_22_5110 (data region 22:5110); read at 00:0904 (ld a, [hli]) via Function_00_08EA -> Function_00_0904; bank $22 from the constant loaded into A. patterns b,d,a
22	41BE	imm	22	53E0	CONFIRMED	[xref_infer] hl=$53E0 is exactly the label Data_22_53E0 (data region 22:53E0); read at 00:0904 (ld a, [hli]) via Function_00_08EA -> Function_00_0904; bank $22 from the constant loaded into A; trace: insn executed, target read (mail_server_hidden). patterns b,d,a
22	41F9	imm	22	56B0	CONFIRMED	[xref_infer] hl=$56B0 is exactly the label Data_22_56B0 (data region 22:56B0); read at 00:0904 (ld a, [hli]) via Function_00_08EA -> Function_00_0904; bank $22 from the constant loaded into A; trace: insn executed, target read (mail_server_hidden). patterns b,d,a
22	4249	imm	28	6E00	CONFIRMED	[xref_infer] hl=$6E00 is exactly the label Palette_28_6E00 (data region 28:6E00); read at 22:424E (call $06D1) via FarCopyBytes_4F_4000 (CopyBytes with source bank in A); bank $28 from the constant loaded into A; trace: insn executed, target read (mail_server_full,monkey_camp_hid +6). patterns b,d,a
22	426E	imm	28	5F20	CONFIRMED	[xref_infer] hl=$5F20 is exactly the label Data_28_5F20 (gfx region 28:5F20); read at 00:078D (ldh [$FF51], a (rHDMA1 = source high byte)) via Function_00_0787; bank $28 from the constant loaded into A; trace: insn executed, target read (mail_server_hidden,mail_server_full +6). patterns b,d,a
22	4283	imm	28	6150	CONFIRMED	[xref_infer] hl=$6150 is exactly the label Data_28_6150 (gfx region 28:6150); read at 00:078D (ldh [$FF51], a (rHDMA1 = source high byte)) via Function_00_0787; bank $28 from the constant loaded into A; trace: insn executed, target read (mail_server_hidden,mail_server_full +6). patterns b,d,a
22	4298	imm	28	6550	CONFIRMED	[xref_infer] hl=$6550 is exactly the label Data_28_6550 (gfx region 28:6550); read at 00:078D (ldh [$FF51], a (rHDMA1 = source high byte)) via Function_00_0787; bank $28 from the constant loaded into A; trace: insn executed, target read (mail_server_hidden,mail_server_full +6). patterns b,d,a
22	42AD	imm	28	67E0	CONFIRMED	[xref_infer] hl=$67E0 is exactly the label Data_28_67E0 (gfx region 28:67E0); read at 00:078D (ldh [$FF51], a (rHDMA1 = source high byte)) via Function_00_0787; bank $28 from the constant loaded into A; trace: insn executed, target read (mail_server_hidden,mail_server_full +6). patterns b,d,a
22	42C5	imm	22	5110	CONFIRMED	[xref_infer] hl=$5110 is exactly the label Data_22_5110 (data region 22:5110); read at 00:0904 (ld a, [hli]) via Function_00_08EA -> Function_00_0904; bank $22 from the constant loaded into A; trace: insn executed, target read (mail_server_hidden). patterns b,d,a
22	4320	imm	22	53E0	PROBABLE	[xref_infer] hl=$53E0 is exactly the label Data_22_53E0 (data region 22:53E0); read at 00:0904 (ld a, [hli]) via Function_00_08EA -> Function_00_0904; bank $22 from the constant loaded into A. patterns b,d,a
22	4354	imm	22	56B0	CONFIRMED	[xref_infer] hl=$56B0 is exactly the label Data_22_56B0 (data region 22:56B0); read at 00:0904 (ld a, [hli]) via Function_00_08EA -> Function_00_0904; bank $22 from the constant loaded into A; trace: insn executed, target read (mail_server_hidden). patterns b,d,a
22	43C5	imm	22	43E0	CONFIRMED	[xref_infer] hl=$43E0 is exactly the label String_22_43E0 (text region 22:43E0); read at 48:404E (call $1620) via Function_48_403E -> ReadByteFar; bank $22 from the constant loaded into A; trace: insn executed, target read (mail_server_hidden). patterns b,d,a
22	444D	imm	22	448D	CONFIRMED	[xref_infer] hl=$448D is exactly the label String_22_448D (text region 22:448D); read at 48:404E (call $1620) via Function_48_403E -> ReadByteFar; bank $22 from the constant loaded into A; trace: insn executed, target read (mail_server_hidden). patterns b,d,a
22	44FA	imm	22	4515	CONFIRMED	[xref_infer] hl=$4515 is exactly the label String_22_4515 (text region 22:4515); read at 48:404E (call $1620) via Function_48_403E -> ReadByteFar; bank $22 from the constant loaded into A; trace: insn executed, target read (mail_server_hidden). patterns b,d,a
22	45BD	imm	28	5EA0	CONFIRMED	[xref_infer] hl=$5EA0 is exactly the label Palette_28_5EA0 (data region 28:5EA0); read at 22:45C2 (call $06D1) via FarCopyBytes_4F_4000 (CopyBytes with source bank in A); bank $28 from the constant loaded into A; trace: insn executed, target read (mail_server_hidden,mail_server_full +5). patterns b,d,a
22	45E2	imm	28	54B0	CONFIRMED	[xref_infer] hl=$54B0 is exactly the label Data_28_54B0 (gfx region 28:54B0); read at 00:078D (ldh [$FF51], a (rHDMA1 = source high byte)) via Function_00_0787; bank $28 from the constant loaded into A; trace: insn executed, target read (mail_server_hidden,mail_server_full +5). patterns b,d,a
22	45F7	imm	28	58B0	CONFIRMED	[xref_infer] hl=$58B0 is exactly the label Data_28_58B0 (gfx region 28:58B0); read at 00:078D (ldh [$FF51], a (rHDMA1 = source high byte)) via Function_00_0787; bank $28 from the constant loaded into A; trace: insn executed, target read (mail_server_hidden,mail_server_full +5). patterns b,d,a
22	460C	imm	28	5B50	CONFIRMED	[xref_infer] hl=$5B50 is exactly the label Data_28_5B50 (gfx region 28:5B50); read at 00:078D (ldh [$FF51], a (rHDMA1 = source high byte)) via Function_00_0787; bank $28 from the constant loaded into A; trace: insn executed, target read (mail_server_hidden,mail_server_full +5). patterns b,d,a
22	4624	imm	28	5BD0	CONFIRMED	[xref_infer] hl=$5BD0 is exactly the label Data_28_5BD0 (data region 28:5BD0); read at 00:0904 (ld a, [hli]) via Function_00_08EA -> Function_00_0904; bank $28 from the constant loaded into A; trace: insn executed, target read (mail_server_hidden,mail_server_full +5). patterns b,d,a
22	4650	imm	28	6E80	PROBABLE	[xref_infer] de=$6E80 is exactly the label Table_28_6E80 (words region 28:6E80); read at 00:0AC5 (ld a, [de]) via Function_00_0A82 -> Function_00_0AB8; base pointer (offset added before the read); bank $28 from the constant loaded into A. patterns b,d
22	4666	imm	22	481B	CONFIRMED	[xref_infer] hl=$481B is exactly the label String_22_481B (text region 22:481B); read at 48:404E (call $1620) via Function_48_403E -> ReadByteFar; bank $22 from the constant loaded into A; trace: insn executed, target read (mail_server_hidden). patterns b,d,a
22	47E7	imm	28	6E80	PROBABLE	[xref_infer] de=$6E80 is exactly the label Table_28_6E80 (words region 28:6E80); read at 00:0AC5 (ld a, [de]) via Function_00_0A82 -> Function_00_0AB8; base pointer (offset added before the read); bank $28 from the constant loaded into A. patterns b,d
22	4803	imm	28	6E80	PROBABLE	[xref_infer] de=$6E80 is exactly the label Table_28_6E80 (words region 28:6E80); read at 00:0AC5 (ld a, [de]) via Function_00_0A82 -> Function_00_0AB8; base pointer (offset added before the read); bank $28 from the constant loaded into A. patterns b,d
22	497D	imm	22	4A8C	PROBABLE	[xref_infer] hl=$4A8C is exactly the label String_22_4A8C (text region 22:4A8C); read at 22:4983 (ld a, [hli]), pair intact until then; own bank $22. patterns c
22	4B40	imm	22	4C5B	PROBABLE	[xref_infer] de=$4C5B is exactly the label Data_22_4C5B (data region 22:4C5B); read at 22:4B45 (ld a, [de]), pair intact until then; own bank $22. patterns c
22	4C8B	imm	22	4DA6	CONFIRMED	[xref_infer] de=$4DA6 is exactly the label Data_22_4DA6 (data region 22:4DA6); read at 22:4C90 (ld a, [de]), pair intact until then; own bank $22; trace: insn executed, target read (mail_server_hidden). patterns c,a
22	4DCD	imm	22	4EE9	PROBABLE	[xref_infer] de=$4EE9 is exactly the label Data_22_4EE9 (data region 22:4EE9); read at 22:4DD2 (ld a, [de]), pair intact until then; own bank $22. patterns c
23	416D	imm	28	6860	CONFIRMED	[xref_infer] hl=$6860 is exactly the label Data_28_6860 (data region 28:6860); read at 00:0904 (ld a, [hli]) via Function_00_08EA -> Function_00_0904; bank $28 from the constant loaded into A; trace: insn executed, target read (mail_server_hidden,mail_server_full +6). patterns b,d,a
23	41A8	imm	28	6B30	CONFIRMED	[xref_infer] hl=$6B30 is exactly the label Data_28_6B30 (data region 28:6B30); read at 00:0904 (ld a, [hli]) via Function_00_08EA -> Function_00_0904; bank $28 from the constant loaded into A; trace: insn executed, target read (mail_server_full,monkey_camp_hid +4). patterns b,d,a
23	41F8	imm	28	6E00	CONFIRMED	[xref_infer] hl=$6E00 is exactly the label Palette_28_6E00 (data region 28:6E00); read at 23:41FD (call $06D1) via FarCopyBytes_4F_4000 (CopyBytes with source bank in A); bank $28 from the constant loaded into A; trace: insn executed, target read (mail_server_full,monkey_camp_hid +6). patterns b,d,a
23	421D	imm	28	5F20	CONFIRMED	[xref_infer] hl=$5F20 is exactly the label Data_28_5F20 (gfx region 28:5F20); read at 00:078D (ldh [$FF51], a (rHDMA1 = source high byte)) via Function_00_0787; bank $28 from the constant loaded into A; trace: insn executed, target read (mail_server_hidden,mail_server_full +6). patterns b,d,a
23	4232	imm	28	6150	CONFIRMED	[xref_infer] hl=$6150 is exactly the label Data_28_6150 (gfx region 28:6150); read at 00:078D (ldh [$FF51], a (rHDMA1 = source high byte)) via Function_00_0787; bank $28 from the constant loaded into A; trace: insn executed, target read (mail_server_hidden,mail_server_full +6). patterns b,d,a
23	4247	imm	28	6550	CONFIRMED	[xref_infer] hl=$6550 is exactly the label Data_28_6550 (gfx region 28:6550); read at 00:078D (ldh [$FF51], a (rHDMA1 = source high byte)) via Function_00_0787; bank $28 from the constant loaded into A; trace: insn executed, target read (mail_server_hidden,mail_server_full +6). patterns b,d,a
23	425C	imm	28	67E0	CONFIRMED	[xref_infer] hl=$67E0 is exactly the label Data_28_67E0 (gfx region 28:67E0); read at 00:078D (ldh [$FF51], a (rHDMA1 = source high byte)) via Function_00_0787; bank $28 from the constant loaded into A; trace: insn executed, target read (mail_server_hidden,mail_server_full +6). patterns b,d,a
23	4274	imm	28	6860	CONFIRMED	[xref_infer] hl=$6860 is exactly the label Data_28_6860 (data region 28:6860); read at 00:0904 (ld a, [hli]) via Function_00_08EA -> Function_00_0904; bank $28 from the constant loaded into A; trace: insn executed, target read (mail_server_hidden,mail_server_full +6). patterns b,d,a
23	42CB	imm	28	6B30	CONFIRMED	[xref_infer] hl=$6B30 is exactly the label Data_28_6B30 (data region 28:6B30); read at 00:0904 (ld a, [hli]) via Function_00_08EA -> Function_00_0904; bank $28 from the constant loaded into A; trace: insn executed, target read (mail_server_full,monkey_camp_hid +4). patterns b,d,a
23	433C	imm	23	4357	CONFIRMED	[xref_infer] hl=$4357 is exactly the label String_23_4357 (text region 23:4357); read at 48:404E (call $1620) via Function_48_403E -> ReadByteFar; bank $23 from the constant loaded into A; trace: insn executed, target read (mail_server_full,monkey_camp_hid +4). patterns b,d,a
23	43C4	imm	23	4404	CONFIRMED	[xref_infer] hl=$4404 is exactly the label String_23_4404 (text region 23:4404); read at 48:404E (call $1620) via Function_48_403E -> ReadByteFar; bank $23 from the constant loaded into A; trace: insn executed, target read (mail_server,mail_server_full +6). patterns b,d,a
23	44AC	imm	28	5EA0	CONFIRMED	[xref_infer] hl=$5EA0 is exactly the label Palette_28_5EA0 (data region 28:5EA0); read at 23:44B1 (call $06D1) via FarCopyBytes_4F_4000 (CopyBytes with source bank in A); bank $28 from the constant loaded into A; trace: insn executed, target read (mail_server_hidden,mail_server_full +5). patterns b,d,a
23	44D1	imm	28	54B0	CONFIRMED	[xref_infer] hl=$54B0 is exactly the label Data_28_54B0 (gfx region 28:54B0); read at 00:078D (ldh [$FF51], a (rHDMA1 = source high byte)) via Function_00_0787; bank $28 from the constant loaded into A; trace: insn executed, target read (mail_server_hidden,mail_server_full +5). patterns b,d,a
23	44E6	imm	28	58B0	CONFIRMED	[xref_infer] hl=$58B0 is exactly the label Data_28_58B0 (gfx region 28:58B0); read at 00:078D (ldh [$FF51], a (rHDMA1 = source high byte)) via Function_00_0787; bank $28 from the constant loaded into A; trace: insn executed, target read (mail_server_hidden,mail_server_full +5). patterns b,d,a
23	44FB	imm	28	5B50	CONFIRMED	[xref_infer] hl=$5B50 is exactly the label Data_28_5B50 (gfx region 28:5B50); read at 00:078D (ldh [$FF51], a (rHDMA1 = source high byte)) via Function_00_0787; bank $28 from the constant loaded into A; trace: insn executed, target read (mail_server_hidden,mail_server_full +5). patterns b,d,a
23	4513	imm	28	5BD0	CONFIRMED	[xref_infer] hl=$5BD0 is exactly the label Data_28_5BD0 (data region 28:5BD0); read at 00:0904 (ld a, [hli]) via Function_00_08EA -> Function_00_0904; bank $28 from the constant loaded into A; trace: insn executed, target read (mail_server_hidden,mail_server_full +5). patterns b,d,a
23	453F	imm	28	6E80	PROBABLE	[xref_infer] de=$6E80 is exactly the label Table_28_6E80 (words region 28:6E80); read at 00:0AC5 (ld a, [de]) via Function_00_0A82 -> Function_00_0AB8; base pointer (offset added before the read); bank $28 from the constant loaded into A. patterns b,d
23	4555	imm	23	470A	CONFIRMED	[xref_infer] hl=$470A is exactly the label String_23_470A (text region 23:470A); read at 48:404E (call $1620) via Function_48_403E -> ReadByteFar; bank $23 from the constant loaded into A; trace: insn executed, target read (mail_server_full,monkey_camp_hid +4). patterns b,d,a
23	46D6	imm	28	6E80	PROBABLE	[xref_infer] de=$6E80 is exactly the label Table_28_6E80 (words region 28:6E80); read at 00:0AC5 (ld a, [de]) via Function_00_0A82 -> Function_00_0AB8; base pointer (offset added before the read); bank $28 from the constant loaded into A. patterns b,d
23	46F2	imm	28	6E80	PROBABLE	[xref_infer] de=$6E80 is exactly the label Table_28_6E80 (words region 28:6E80); read at 00:0AC5 (ld a, [de]) via Function_00_0A82 -> Function_00_0AB8; base pointer (offset added before the read); bank $28 from the constant loaded into A. patterns b,d
23	486C	imm	23	497B	PROBABLE	[xref_infer] hl=$497B is exactly the label String_23_497B (text region 23:497B); read at 23:4872 (ld a, [hli]), pair intact until then; own bank $23. patterns c
23	4A2F	imm	23	4B4A	CONFIRMED	[xref_infer] de=$4B4A is exactly the label Data_23_4B4A (data region 23:4B4A); read at 23:4A34 (ld a, [de]), pair intact until then; own bank $23; trace: insn executed, target read (mail_server_full,monkey_camp_hid +3). patterns c,a
23	4B71	imm	23	4C8D	CONFIRMED	[xref_infer] de=$4C8D is exactly the label Data_23_4C8D (data region 23:4C8D); read at 23:4B76 (ld a, [de]), pair intact until then; own bank $23; trace: insn executed, target read (mail_server,mail_server_full +6). patterns c,a
23	55EE	imm	23	7910	CONFIRMED	[xref_infer] hl=$7910 is exactly the label Palette_23_7910 (data region 23:7910); read at 23:55F3 (call $06D1) via FarCopyBytes_4F_4000 (CopyBytes with source bank in A); bank $23 from the constant loaded into A; trace: insn executed, target read (mail_server_full,mail_server_hidden +1). patterns b,d,a
23	55FF	imm	23	7950	CONFIRMED	[xref_infer] hl=$7950 is exactly the label Palette_23_7950 (data region 23:7950); read at 23:5604 (call $06D1) via FarCopyBytes_4F_4000 (CopyBytes with source bank in A); bank $23 from the constant loaded into A; trace: insn executed, target read (mail_server_full,mail_server_hidden +1). patterns b,d,a
23	560D	imm	23	6FE0	CONFIRMED	[xref_infer] hl=$6FE0 is exactly the label Data_23_6FE0 (gfx region 23:6FE0); read at 00:078D (ldh [$FF51], a (rHDMA1 = source high byte)) via Function_00_0787; bank $23 from the constant loaded into A; trace: insn executed, target read (mail_server_full,mail_server_hidden +1). patterns b,d,a
23	561F	imm	23	73E0	CONFIRMED	[xref_infer] hl=$73E0 is exactly the label Data_23_73E0 (gfx region 23:73E0); read at 00:078D (ldh [$FF51], a (rHDMA1 = source high byte)) via Function_00_0787; bank $23 from the constant loaded into A; trace: insn executed, target read (mail_server_full,mail_server_hidden +1). patterns b,d,a
23	5631	imm	23	74E0	CONFIRMED	[xref_infer] hl=$74E0 is exactly the label Data_23_74E0 (gfx region 23:74E0); read at 00:078D (ldh [$FF51], a (rHDMA1 = source high byte)) via Function_00_0787; bank $23 from the constant loaded into A; trace: insn executed, target read (mail_server_full,mail_server_hidden +1). patterns b,d,a
23	5646	imm	23	7640	CONFIRMED	[xref_infer] hl=$7640 is exactly the label Data_23_7640 (data region 23:7640); read at 00:0904 (ld a, [hli]) via Function_00_08EA -> Function_00_0904; bank $23 from the constant loaded into A; trace: insn executed, target read (mail_server_full,mail_server_hidden +1). patterns b,d,a
23	56DD	imm	23	58A9	CONFIRMED	[xref_infer] hl=$58A9 is exactly the label String_23_58A9 (text region 23:58A9); read at 48:404E (call $1620) via Function_48_403E -> ReadByteFar; bank $23 from the constant loaded into A; trace: insn executed, target read (mail_server_full,mail_server_hidden +1). patterns b,d,a
23	56F8	imm	23	581E	CONFIRMED	[xref_infer] hl=$581E is exactly the label String_23_581E (text region 23:581E); read at 23:56FE (ld a, [hli]), pair intact until then; own bank $23; trace: insn executed, target read (mail_server_full,mail_server_hidden +1). patterns c,a
23	59E1	imm	23	7990	PROBABLE	[xref_infer] de=$7990 is exactly the label Table_23_7990 (words region 23:7990); read at 00:0AC5 (ld a, [de]) via Function_00_0A82 -> Function_00_0AB8; base pointer (offset added before the read); bank $23 from the constant loaded into A. patterns b,d
23	5B09	imm	23	7990	PROBABLE	[xref_infer] de=$7990 is exactly the label Table_23_7990 (words region 23:7990); read at 00:0AC5 (ld a, [de]) via Function_00_0A82 -> Function_00_0AB8; base pointer (offset added before the read); bank $23 from the constant loaded into A. patterns b,d
23	5C31	imm	23	7990	PROBABLE	[xref_infer] de=$7990 is exactly the label Table_23_7990 (words region 23:7990); read at 00:0AC5 (ld a, [de]) via Function_00_0A82 -> Function_00_0AB8; base pointer (offset added before the read); bank $23 from the constant loaded into A. patterns b,d
23	5D59	imm	23	7990	PROBABLE	[xref_infer] de=$7990 is exactly the label Table_23_7990 (words region 23:7990); read at 00:0AC5 (ld a, [de]) via Function_00_0A82 -> Function_00_0AB8; base pointer (offset added before the read); bank $23 from the constant loaded into A. patterns b,d
23	5E81	imm	23	7990	PROBABLE	[xref_infer] de=$7990 is exactly the label Table_23_7990 (words region 23:7990); read at 00:0AC5 (ld a, [de]) via Function_00_0A82 -> Function_00_0AB8; base pointer (offset added before the read); bank $23 from the constant loaded into A. patterns b,d
23	60D8	imm	23	7990	PROBABLE	[xref_infer] de=$7990 is exactly the label Table_23_7990 (words region 23:7990); read at 00:0AC5 (ld a, [de]) via Function_00_0A82 -> Function_00_0AB8; base pointer (offset added before the read); bank $23 from the constant loaded into A. patterns b,d
23	6200	imm	23	7990	PROBABLE	[xref_infer] de=$7990 is exactly the label Table_23_7990 (words region 23:7990); read at 00:0AC5 (ld a, [de]) via Function_00_0A82 -> Function_00_0AB8; base pointer (offset added before the read); bank $23 from the constant loaded into A. patterns b,d
23	6328	imm	23	7990	PROBABLE	[xref_infer] de=$7990 is exactly the label Table_23_7990 (words region 23:7990); read at 00:0AC5 (ld a, [de]) via Function_00_0A82 -> Function_00_0AB8; base pointer (offset added before the read); bank $23 from the constant loaded into A. patterns b,d
23	6450	imm	23	7990	PROBABLE	[xref_infer] de=$7990 is exactly the label Table_23_7990 (words region 23:7990); read at 00:0AC5 (ld a, [de]) via Function_00_0A82 -> Function_00_0AB8; base pointer (offset added before the read); bank $23 from the constant loaded into A. patterns b,d
23	6578	imm	23	7990	PROBABLE	[xref_infer] de=$7990 is exactly the label Table_23_7990 (words region 23:7990); read at 00:0AC5 (ld a, [de]) via Function_00_0A82 -> Function_00_0AB8; base pointer (offset added before the read); bank $23 from the constant loaded into A. patterns b,d
23	67A0	imm	23	7990	PROBABLE	[xref_infer] de=$7990 is exactly the label Table_23_7990 (words region 23:7990); read at 00:0AC5 (ld a, [de]) via Function_00_0A82 -> Function_00_0AB8; base pointer (offset added before the read); bank $23 from the constant loaded into A. patterns b,d
23	68C8	imm	23	7990	PROBABLE	[xref_infer] de=$7990 is exactly the label Table_23_7990 (words region 23:7990); read at 00:0AC5 (ld a, [de]) via Function_00_0A82 -> Function_00_0AB8; base pointer (offset added before the read); bank $23 from the constant loaded into A. patterns b,d
23	69F0	imm	23	7990	PROBABLE	[xref_infer] de=$7990 is exactly the label Table_23_7990 (words region 23:7990); read at 00:0AC5 (ld a, [de]) via Function_00_0A82 -> Function_00_0AB8; base pointer (offset added before the read); bank $23 from the constant loaded into A. patterns b,d
23	6B18	imm	23	7990	PROBABLE	[xref_infer] de=$7990 is exactly the label Table_23_7990 (words region 23:7990); read at 00:0AC5 (ld a, [de]) via Function_00_0A82 -> Function_00_0AB8; base pointer (offset added before the read); bank $23 from the constant loaded into A. patterns b,d
23	6C40	imm	23	7990	PROBABLE	[xref_infer] de=$7990 is exactly the label Table_23_7990 (words region 23:7990); read at 00:0AC5 (ld a, [de]) via Function_00_0A82 -> Function_00_0AB8; base pointer (offset added before the read); bank $23 from the constant loaded into A. patterns b,d
23	6D99	imm	23	6DA7	PROBABLE	[xref_infer] hl=$6DA7 is exactly the label String_23_6DA7 (text region 23:6DA7); read at 48:404E (call $1620) via Function_48_403E -> ReadByteFar; bank $23 from the constant loaded into A. patterns b,d
23	6DDD	imm	23	6DEB	CONFIRMED	[xref_infer] hl=$6DEB is exactly the label String_23_6DEB (text region 23:6DEB); read at 48:404E (call $1620) via Function_48_403E -> ReadByteFar; bank $23 from the constant loaded into A; trace: insn executed, target read (mail_server_full,mail_server_hidden +1). patterns b,d,a
23	6E21	imm	23	6E2F	PROBABLE	[xref_infer] hl=$6E2F is exactly the label String_23_6E2F (text region 23:6E2F); read at 48:404E (call $1620) via Function_48_403E -> ReadByteFar; bank $23 from the constant loaded into A. patterns b,d
23	6EA9	imm	23	6EB7	CONFIRMED	[xref_infer] hl=$6EB7 is exactly the label String_23_6EB7 (text region 23:6EB7); read at 48:404E (call $1620) via Function_48_403E -> ReadByteFar; bank $23 from the constant loaded into A; trace: insn executed, target read (mail_server_full,mail_server_hidden +1). patterns b,d,a
24	42B9	imm	24	42D1	PROBABLE	[xref_infer] hl=$42D1 is exactly the label String_24_42D1 (text region 24:42D1); read at 24:42BC (ld a, [hli]), pair intact until then; own bank $24. patterns c
24	42C6	imm	24	42E7	PROBABLE	[xref_infer] hl=$42E7 is exactly the label String_24_42E7 (text region 24:42E7); read at 24:42C9 (ld a, [hli]), pair intact until then; own bank $24. patterns c
24	4323	imm	24	5400	CONFIRMED	[xref_infer] hl=$5400 is exactly the label Tiles_24_5400 (gfx region 24:5400); read at 00:074F (ldh [$FF51], a (rHDMA1 = source high byte)) via Function_00_0749; bank $24 from the constant loaded into A; trace: insn executed, target read (monkey_camp_hid,monkey_camp_rich +2). patterns b,d,a
24	434D	imm	24	5EE0	CONFIRMED	[xref_infer] hl=$5EE0 is exactly the label Tiles_24_5EE0 (gfx region 24:5EE0); read at 00:074F (ldh [$FF51], a (rHDMA1 = source high byte)) via Function_00_0749; bank $24 from the constant loaded into A; trace: insn executed, target read (browser_bookmarks,monkey_camp_hid +2). patterns b,d,a
24	437A	imm	24	64E0	CONFIRMED	[xref_infer] hl=$64E0 is exactly the label Palette_24_64E0 (data region 24:64E0); read at 24:437F (call $06D1) via FarCopyBytes_4F_4000 (CopyBytes with source bank in A); bank $24 from the constant loaded into A; trace: insn executed, target read (browser_bookmarks,monkey_camp_hid +2). patterns b,d,a
24	438E	imm	24	5EA0	CONFIRMED	[xref_infer] hl=$5EA0 is exactly the label Palette_24_5EA0 (data region 24:5EA0); read at 24:4393 (call $06D1) via FarCopyBytes_4F_4000 (CopyBytes with source bank in A); bank $24 from the constant loaded into A; trace: insn executed, target read (browser_bookmarks,monkey_camp_hid +2). patterns b,d,a
24	43A2	imm	24	5900	CONFIRMED	[xref_infer] hl=$5900 is exactly the label Data_24_5900 (data region 24:5900); read at 00:0904 (ld a, [hli]) via Function_00_08EA -> Function_00_0904; bank $24 from the constant loaded into A; trace: insn executed, target read (monkey_camp_hid,monkey_camp_rich +2). patterns b,d,a
24	43C4	imm	24	5BD0	CONFIRMED	[xref_infer] hl=$5BD0 is exactly the label Data_24_5BD0 (data region 24:5BD0); read at 00:0904 (ld a, [hli]) via Function_00_08EA -> Function_00_0904; bank $24 from the constant loaded into A; trace: insn executed, target read (browser_bookmarks). patterns b,d,a
24	44D3	imm	24	4000	CONFIRMED	[xref_infer] hl=$4000 is exactly the label Table_24_4000 (words region 24:4000); read at 24:44D6 (ld a, [hli]), pair intact until then; own bank $24; trace: insn executed, target read (browser_bookmarks,monkey_camp_hid +2). patterns c,a
24	45D2	imm	24	4000	CONFIRMED	[xref_infer] hl=$4000 is exactly the label Table_24_4000 (words region 24:4000); read at 24:45D5 (ld a, [hli]), pair intact until then; own bank $24; trace: insn executed, target read (browser_bookmarks,monkey_camp_hid +2). patterns c,a
24	45E1	imm	24	6530	PROBABLE	[xref_infer] de=$6530 is exactly the label Table_24_6530 (words region 24:6530); read at 00:0AC5 (ld a, [de]) via Function_00_0A82 -> Function_00_0AB8; base pointer (offset added before the read); bank $24 from the constant loaded into A. patterns b,d
24	462B	imm	24	6530	PROBABLE	[xref_infer] de=$6530 is exactly the label Table_24_6530 (words region 24:6530); read at 00:0AC5 (ld a, [de]) via Function_00_0A82 -> Function_00_0AB8; base pointer (offset added before the read); bank $24 from the constant loaded into A. patterns b,d
24	4675	imm	24	6530	PROBABLE	[xref_infer] de=$6530 is exactly the label Table_24_6530 (words region 24:6530); read at 00:0AC5 (ld a, [de]) via Function_00_0A82 -> Function_00_0AB8; base pointer (offset added before the read); bank $24 from the constant loaded into A. patterns b,d
24	46BF	imm	24	6530	PROBABLE	[xref_infer] de=$6530 is exactly the label Table_24_6530 (words region 24:6530); read at 00:0AC5 (ld a, [de]) via Function_00_0A82 -> Function_00_0AB8; base pointer (offset added before the read); bank $24 from the constant loaded into A. patterns b,d
24	4709	imm	24	6530	PROBABLE	[xref_infer] de=$6530 is exactly the label Table_24_6530 (words region 24:6530); read at 00:0AC5 (ld a, [de]) via Function_00_0A82 -> Function_00_0AB8; base pointer (offset added before the read); bank $24 from the constant loaded into A. patterns b,d
24	4753	imm	24	6530	PROBABLE	[xref_infer] de=$6530 is exactly the label Table_24_6530 (words region 24:6530); read at 00:0AC5 (ld a, [de]) via Function_00_0A82 -> Function_00_0AB8; base pointer (offset added before the read); bank $24 from the constant loaded into A. patterns b,d
24	47AA	imm	24	4000	PROBABLE	[xref_infer] hl=$4000 is exactly the label Table_24_4000 (words region 24:4000); read at 24:47AE (ld a, [hli]), pair intact until then; base pointer (offset added before the read); own bank $24; trace: insn executed, target read (browser_bookmarks,monkey_camp_hid +2). patterns c,a
24	4A83	imm	24	4B10	PROBABLE	[xref_infer] hl=$4B10 is exactly the label Table_24_4B10 (ptrtable region 24:4B10); read at 24:4A87 (ld a, [hli]), pair intact until then; base pointer (offset added before the read); own bank $24; trace: insn executed, target read (monkey_camp_tut,monkey_camp_rich +2). patterns c,a
24	4F3E	imm	24	4000	PROBABLE	[xref_infer] hl=$4000 is exactly the label Table_24_4000 (words region 24:4000); read at 24:4F42 (ld a, [hli]), pair intact until then; base pointer (offset added before the read); own bank $24; trace: insn executed, target read (browser_bookmarks,monkey_camp_hid +2). patterns c,a
24	5192	imm	24	4000	PROBABLE	[xref_infer] hl=$4000 is exactly the label Table_24_4000 (words region 24:4000); read at 24:5196 (ld a, [hli]), pair intact until then; base pointer (offset added before the read); own bank $24; trace: insn executed, target read (browser_bookmarks,monkey_camp_hid +2). patterns c,a
24	51E0	imm	24	4000	PROBABLE	[xref_infer] hl=$4000 is exactly the label Table_24_4000 (words region 24:4000); read at 24:51E4 (ld a, [hli]), pair intact until then; base pointer (offset added before the read); own bank $24; trace: insn executed, target read (browser_bookmarks,monkey_camp_hid +2). patterns c,a
24	53E0	imm	24	4000	PROBABLE	[xref_infer] hl=$4000 is exactly the label Table_24_4000 (words region 24:4000); read at 24:53E4 (ld a, [hli]), pair intact until then; base pointer (offset added before the read); own bank $24; trace: insn executed, target read (browser_bookmarks,monkey_camp_hid +2). patterns c,a
25	4122	imm	26	7B00	PROBABLE	[xref_infer] de=$7B00 is exactly the label Table_26_7B00 (words region 26:7B00); read at 00:0AC5 (ld a, [de]) via Function_00_0A82 -> Function_00_0AB8; base pointer (offset added before the read); bank $26 from the constant loaded into A. patterns b,d
25	4604	imm	26	7B00	PROBABLE	[xref_infer] de=$7B00 is exactly the label Table_26_7B00 (words region 26:7B00); read at 00:0AC5 (ld a, [de]) via Function_00_0A82 -> Function_00_0AB8; base pointer (offset added before the read); bank $26 from the constant loaded into A. patterns b,d
25	4687	imm	25	4A15	PROBABLE	[xref_infer] hl=$4A15 is exactly the label Table_25_4A15 (words region 25:4A15); read at 25:468B (ld a, [hli]), pair intact until then; base pointer (offset added before the read); own bank $25; trace: insn executed, target read (monkey_camp_reg2,mail_inbox). patterns c,a
25	4A0B	imm	25	4A15	PROBABLE	[xref_infer] hl=$4A15 is exactly the label Table_25_4A15 (words region 25:4A15); read at 25:4A0F (ld a, [hli]), pair intact until then; base pointer (offset added before the read); own bank $25; trace: insn executed, target read (monkey_camp_reg2,mail_inbox). patterns c,a
25	4B2E	imm	25	69B0	CONFIRMED	[xref_infer] hl=$69B0 is exactly the label Data_25_69B0 (data region 25:69B0); read at 25:4B33 (call $06D1) via FarCopyBytes_4F_4000 (CopyBytes with source bank in A); bank $25 from the constant loaded into A; trace: insn executed, target read (mail_inbox,mail_mailbox +3). patterns b,d,a
25	4B53	imm	25	5A10	CONFIRMED	[xref_infer] hl=$5A10 is exactly the label Tiles_25_5A10 (gfx region 25:5A10); read at 00:074F (ldh [$FF51], a (rHDMA1 = source high byte)) via Function_00_0749; bank $25 from the constant loaded into A; trace: insn executed, target read (mail_inbox,mail_mailbox +3). patterns b,d,a
25	4B68	imm	25	5E10	CONFIRMED	[xref_infer] hl=$5E10 is exactly the label Tiles_25_5E10 (gfx region 25:5E10); read at 00:074F (ldh [$FF51], a (rHDMA1 = source high byte)) via Function_00_0749; bank $25 from the constant loaded into A; trace: insn executed, target read (mail_inbox,mail_mailbox +3). patterns b,d,a
25	4BBF	imm	25	6410	CONFIRMED	[xref_infer] hl=$6410 is exactly the label Data_25_6410 (data region 25:6410); read at 00:0904 (ld a, [hli]) via Function_00_08EA -> Function_00_0904; bank $25 from the constant loaded into A; trace: insn executed, target read (mail_inbox,mail_mailbox +3). patterns b,d,a
25	4BD6	imm	25	69B0	PROBABLE	[xref_infer] hl=$69B0 is exactly the label Data_25_69B0 (data region 25:69B0); read at 25:4BDB (call $06D1) via FarCopyBytes_4F_4000 (CopyBytes with source bank in A); bank $25 from the constant loaded into A. patterns b,d,a
25	4BFB	imm	25	5F10	PROBABLE	[xref_infer] hl=$5F10 is exactly the label Tiles_25_5F10 (gfx region 25:5F10); read at 00:074F (ldh [$FF51], a (rHDMA1 = source high byte)) via Function_00_0749; bank $25 from the constant loaded into A. patterns b,d
25	4C10	imm	25	6310	PROBABLE	[xref_infer] hl=$6310 is exactly the label Tiles_25_6310 (gfx region 25:6310); read at 00:074F (ldh [$FF51], a (rHDMA1 = source high byte)) via Function_00_0749; bank $25 from the constant loaded into A. patterns b,d
25	4C67	imm	25	66E0	PROBABLE	[xref_infer] hl=$66E0 is exactly the label Data_25_66E0 (data region 25:66E0); read at 00:0904 (ld a, [hli]) via Function_00_08EA -> Function_00_0904; bank $25 from the constant loaded into A. patterns b,d
25	4C7B	imm	25	69B0	CONFIRMED	[xref_infer] hl=$69B0 is exactly the label Data_25_69B0 (data region 25:69B0); read at 25:4C80 (call $06D1) via FarCopyBytes_4F_4000 (CopyBytes with source bank in A); bank $25 from the constant loaded into A; trace: insn executed, target read (mail_inbox,mail_mailbox +3). patterns b,d,a
25	4E13	imm	25	4E2B	PROBABLE	[xref_infer] hl=$4E2B is exactly the label Table_25_4E2B (words region 25:4E2B); read at 25:4E17 (ld a, [hli]), pair intact until then; base pointer (offset added before the read); own bank $25; trace: insn executed, target read (monkey_camp_reg2,mail_inbox). patterns c,a
25	4E67	imm	25	4F28	PROBABLE	[xref_infer] hl=$4F28 is exactly the label Table_25_4F28 (words region 25:4F28); read at 25:4E6B (ld a, [hli]), pair intact until then; base pointer (offset added before the read); own bank $25; trace: insn executed, target read (mail_inbox,monkey_camp_reg2). patterns c,a
25	4EA0	imm	25	4F28	PROBABLE	[xref_infer] hl=$4F28 is exactly the label Table_25_4F28 (words region 25:4F28); read at 25:4EA4 (ld a, [hli]), pair intact until then; base pointer (offset added before the read); own bank $25; trace: insn executed, target read (mail_inbox,monkey_camp_reg2). patterns c,a
25	4ED9	imm	25	4F28	PROBABLE	[xref_infer] hl=$4F28 is exactly the label Table_25_4F28 (words region 25:4F28); read at 25:4EDD (ld a, [hli]), pair intact until then; base pointer (offset added before the read); own bank $25; trace: insn executed, target read (mail_inbox,monkey_camp_reg2). patterns c,a
25	4F12	imm	25	4F28	PROBABLE	[xref_infer] hl=$4F28 is exactly the label Table_25_4F28 (words region 25:4F28); read at 25:4F16 (ld a, [hli]), pair intact until then; base pointer (offset added before the read); own bank $25; trace: insn executed, target read (mail_inbox,monkey_camp_reg2). patterns c,a
25	4F48	imm	25	50AA	PROBABLE	[xref_infer] hl=$50AA is exactly the label Table_25_50AA (words region 25:50AA); read at 25:4F4D (ld a, [hli]), pair intact until then; base pointer (offset added before the read); own bank $25; trace: insn executed, target read (monkey_camp_reg2,mail_inbox). patterns c,a
25	50CA	imm	25	5228	PROBABLE	[xref_infer] hl=$5228 is exactly the label Table_25_5228 (words region 25:5228); read at 25:50CF (ld a, [hli]), pair intact until then; base pointer (offset added before the read); own bank $25; trace: insn executed, target read (mail_mailbox,monkey_camp_reg +3). patterns c,a
25	53B2	imm	25	53D0	PROBABLE	[xref_infer] hl=$53D0 is exactly the label Table_25_53D0 (ptrtable region 25:53D0); read at 25:53B6 (ld a, [hli]), pair intact until then; base pointer (offset added before the read); own bank $25; trace: insn executed, target read (mail_inbox,monkey_camp_reg2). patterns c,a
25	54E2	imm	25	5569	PROBABLE	[xref_infer] hl=$5569 is exactly the label Table_25_5569 (words region 25:5569); read at 25:54E7 (ld a, [hli]), pair intact until then; base pointer (offset added before the read); own bank $25; trace: insn executed, target read (monkey_camp_reg2). patterns c,a
25	585C	imm	25	5871	PROBABLE	[xref_infer] hl=$5871 is exactly the label Table_25_5871 (words region 25:5871); read at 25:5860 (ld a, [hli]), pair intact until then; base pointer (offset added before the read); own bank $25; trace: insn executed, target read (monkey_camp_reg2,mail_inbox). patterns c,a
25	5891	imm	25	58E7	PROBABLE	[xref_infer] hl=$58E7 is exactly the label Table_25_58E7 (ptrtable region 25:58E7); read at 25:5895 (ld a, [hli]), pair intact until then; base pointer (offset added before the read); own bank $25; trace: insn executed, target read (mail_inbox,monkey_camp_reg2). patterns c,a
26	40F7	imm	28	6F20	PROBABLE	[xref_infer] de=$6F20 is exactly the label Table_28_6F20 (words region 28:6F20); read at 00:0AC5 (ld a, [de]) via Function_00_0A82 -> Function_00_0AB8; base pointer (offset added before the read); bank $28 from the constant loaded into A. patterns b,d
26	4372	imm	28	6F20	PROBABLE	[xref_infer] de=$6F20 is exactly the label Table_28_6F20 (words region 28:6F20); read at 00:0AC5 (ld a, [de]) via Function_00_0A82 -> Function_00_0AB8; base pointer (offset added before the read); bank $28 from the constant loaded into A. patterns b,d
26	4749	imm	28	72FB	PROBABLE	[xref_infer] de=$72FB is exactly the label Table_28_72FB (words region 28:72FB); read at 00:0AC5 (ld a, [de]) via Function_00_0A82 -> Function_00_0AB8; base pointer (offset added before the read); bank $28 from the constant loaded into A. patterns b,d
26	51D2	imm	22	5C50	CONFIRMED	[xref_infer] hl=$5C50 is exactly the label Data_22_5C50 (data region 22:5C50); read at 26:51D7 (call $06D1) via FarCopyBytes_4F_4000 (CopyBytes with source bank in A); bank $22 from the constant loaded into A; trace: insn executed, target read (mail_errors,mail_receive +7). patterns b,d,a
26	51F1	imm	26	59E0	CONFIRMED	[xref_infer] hl=$59E0 is exactly the label Data_26_59E0 (gfx region 26:59E0); read at 00:078D (ldh [$FF51], a (rHDMA1 = source high byte)) via Function_00_0787; bank $26 from the constant loaded into A; trace: insn executed, target read (mail_errors,mail_receive +7). patterns b,d,a
26	5203	imm	26	5DE0	CONFIRMED	[xref_infer] hl=$5DE0 is exactly the label Data_26_5DE0 (gfx region 26:5DE0); read at 00:078D (ldh [$FF51], a (rHDMA1 = source high byte)) via Function_00_0787; bank $26 from the constant loaded into A; trace: insn executed, target read (mail_errors,mail_receive +7). patterns b,d,a
26	5215	imm	26	61E0	CONFIRMED	[xref_infer] hl=$61E0 is exactly the label Data_26_61E0 (gfx region 26:61E0); read at 00:078D (ldh [$FF51], a (rHDMA1 = source high byte)) via Function_00_0787; bank $26 from the constant loaded into A; trace: insn executed, target read (mail_errors,mail_receive +7). patterns b,d,a
26	5227	imm	26	62E0	CONFIRMED	[xref_infer] hl=$62E0 is exactly the label Data_26_62E0 (gfx region 26:62E0); read at 00:078D (ldh [$FF51], a (rHDMA1 = source high byte)) via Function_00_0787; bank $26 from the constant loaded into A; trace: insn executed, target read (mail_errors,mail_receive +7). patterns b,d,a
26	5239	imm	26	66E0	CONFIRMED	[xref_infer] hl=$66E0 is exactly the label Data_26_66E0 (gfx region 26:66E0); read at 00:078D (ldh [$FF51], a (rHDMA1 = source high byte)) via Function_00_0787; bank $26 from the constant loaded into A; trace: insn executed, target read (mail_errors,mail_receive +11). patterns b,d,a
26	524B	imm	26	67E0	CONFIRMED	[xref_infer] hl=$67E0 is exactly the label Data_26_67E0 (gfx region 26:67E0); read at 00:078D (ldh [$FF51], a (rHDMA1 = source high byte)) via Function_00_0787; bank $26 from the constant loaded into A; trace: insn executed, target read (mail_errors,mail_receive +7). patterns b,d,a
26	525D	imm	26	6BE0	CONFIRMED	[xref_infer] hl=$6BE0 is exactly the label Data_26_6BE0 (gfx region 26:6BE0); read at 00:078D (ldh [$FF51], a (rHDMA1 = source high byte)) via Function_00_0787; bank $26 from the constant loaded into A; trace: insn executed, target read (mail_errors,mail_receive +7). patterns b,d,a
26	526F	imm	26	6FE0	CONFIRMED	[xref_infer] hl=$6FE0 is exactly the label Data_26_6FE0 (gfx region 26:6FE0); read at 00:078D (ldh [$FF51], a (rHDMA1 = source high byte)) via Function_00_0787; bank $26 from the constant loaded into A; trace: insn executed, target read (mail_errors,mail_receive +7). patterns b,d,a
26	5295	imm	22	5980	CONFIRMED	[xref_infer] hl=$5980 is exactly the label Data_22_5980 (data region 22:5980); read at 00:0904 (ld a, [hli]) via Function_00_08EA -> Function_00_0904; bank $22 from the constant loaded into A; trace: insn executed, target read (mail_errors,mail_receive +7). patterns b,d,a
26	53B2	imm	26	566E	CONFIRMED	[xref_infer] hl=$566E is exactly the label String_26_566E (text region 26:566E); read at 48:404E (call $1620) via Function_48_403E -> ReadByteFar; bank $26 from the constant loaded into A; trace: insn executed, target read (mail_errors,mail_receive +2). patterns b,d,a
26	53F6	imm	26	5677	CONFIRMED	[xref_infer] hl=$5677 is exactly the label String_26_5677 (text region 26:5677); read at 48:404E (call $1620) via Function_48_403E -> ReadByteFar; bank $26 from the constant loaded into A; trace: insn executed, target read (mail_errors,mail_receive +2). patterns b,d,a
26	5431	imm	26	567C	CONFIRMED	[xref_infer] hl=$567C is exactly the label String_26_567C (text region 26:567C); read at 48:404E (call $1620) via Function_48_403E -> ReadByteFar; bank $26 from the constant loaded into A; trace: insn executed, target read (mail_errors,mail_receive +2). patterns b,d,a
26	544F	imm	26	5575	CONFIRMED	[xref_infer] hl=$5575 is exactly the label String_26_5575 (text region 26:5575); read at 26:5455 (ld a, [hli]), pair intact until then; own bank $26; trace: insn executed, target read (mail_errors,mail_receive +2). patterns c,a
26	56A4	imm	26	56B2	CONFIRMED	[xref_infer] hl=$56B2 is exactly the label String_26_56B2 (text region 26:56B2); read at 48:404E (call $1620) via Function_48_403E -> ReadByteFar; bank $26 from the constant loaded into A; trace: insn executed, target read (mail_errors,mail_send +3). patterns b,d,a
26	56E8	imm	26	56F6	CONFIRMED	[xref_infer] hl=$56F6 is exactly the label String_26_56F6 (text region 26:56F6); read at 48:404E (call $1620) via Function_48_403E -> ReadByteFar; bank $26 from the constant loaded into A; trace: insn executed, target read (mail_errors,mail_receive +6). patterns b,d,a
26	57B4	imm	26	57C2	CONFIRMED	[xref_infer] hl=$57C2 is exactly the label String_26_57C2 (text region 26:57C2); read at 48:404E (call $1620) via Function_48_403E -> ReadByteFar; bank $26 from the constant loaded into A; trace: insn executed, target read (mail_errors,mail_send +1). patterns b,d,a
26	57F8	imm	26	5806	PROBABLE	[xref_infer] hl=$5806 is exactly the label String_26_5806 (text region 26:5806); read at 48:404E (call $1620) via Function_48_403E -> ReadByteFar; bank $26 from the constant loaded into A. patterns b,d
26	583C	imm	26	584A	CONFIRMED	[xref_infer] hl=$584A is exactly the label String_26_584A (text region 26:584A); read at 48:404E (call $1620) via Function_48_403E -> ReadByteFar; bank $26 from the constant loaded into A; trace: insn executed, target read (mail_errors,mail_receive). patterns b,d,a
26	5880	imm	26	588E	CONFIRMED	[xref_infer] hl=$588E is exactly the label Data_26_588E (data region 26:588E); read at 48:404E (call $1620) via Function_48_403E -> ReadByteFar; bank $26 from the constant loaded into A; trace: insn executed, target read (mail_errors,mail_receive +6). patterns b,d,a
26	5910	imm	26	66E0	CONFIRMED	[xref_infer] hl=$66E0 is exactly the label Data_26_66E0 (gfx region 26:66E0); read at 00:078D (ldh [$FF51], a (rHDMA1 = source high byte)) via Function_00_0787; bank $26 from the constant loaded into A; trace: insn executed, target read (mail_errors,mail_receive +11). patterns b,d,a
27	4012	imm	27	417A	CONFIRMED	[xref_infer] de=$417A is exactly the label Data_27_417A (data region 27:417A); read at 27:4017 (ld a, [de]), pair intact until then; own bank $27; trace: insn executed, target read (mail_errors,mail_receive +11). patterns c,a
27	441E	imm	27	7948	CONFIRMED	[xref_infer] hl=$7948 is exactly the label Data_27_7948 (data region 27:7948); read at 00:0904 (ld a, [hli]) via Function_00_08EA -> Function_00_0904; bank $27 from the constant loaded into A; trace: insn executed, target read (monkey_camp_hid,monkey_camp_reg +11). patterns b,d,a
27	44EA	imm	27	7560	CONFIRMED	[xref_infer] hl=$7560 is exactly the label Data_27_7560 (data region 27:7560); read at 00:0904 (ld a, [hli]) via Function_00_08EA -> Function_00_0904; bank $27 from the constant loaded into A; trace: insn executed, target read (monkey_1,monkey_2 +5). patterns b,d,a
27	462E	imm	27	7628	CONFIRMED	[xref_infer] hl=$7628 is exactly the label Data_27_7628 (data region 27:7628); read at 00:0904 (ld a, [hli]) via Function_00_08EA -> Function_00_0904; bank $27 from the constant loaded into A; trace: insn executed, target read (monkey_1,monkey_2 +5). patterns b,d,a
27	47A2	imm	27	76F0	CONFIRMED	[xref_infer] hl=$76F0 is exactly the label Data_27_76F0 (data region 27:76F0); read at 00:0904 (ld a, [hli]) via Function_00_08EA -> Function_00_0904; bank $27 from the constant loaded into A; trace: insn executed, target read (monkey_camp_hid,monkey_camp_reg +11). patterns b,d,a
27	494B	imm	27	77B8	CONFIRMED	[xref_infer] hl=$77B8 is exactly the label Data_27_77B8 (data region 27:77B8); read at 00:0904 (ld a, [hli]) via Function_00_08EA -> Function_00_0904; bank $27 from the constant loaded into A; trace: insn executed, target read (monkey_camp_hid,monkey_camp_reg +11). patterns b,d,a
27	49F2	imm	27	76F0	PROBABLE	[xref_infer] hl=$76F0 is exactly the label Data_27_76F0 (data region 27:76F0); read at 00:0904 (ld a, [hli]) via Function_00_08EA -> Function_00_0904; bank $27 from the constant loaded into A. patterns b,d,a
27	4B30	imm	27	77B8	PROBABLE	[xref_infer] hl=$77B8 is exactly the label Data_27_77B8 (data region 27:77B8); read at 00:0904 (ld a, [hli]) via Function_00_08EA -> Function_00_0904; bank $27 from the constant loaded into A. patterns b,d,a
27	4BC4	imm	27	74E0	CONFIRMED	[xref_infer] hl=$74E0 is exactly the label Data_27_74E0 (data region 27:74E0); read at 27:4BC9 (call $06D1) via FarCopyBytes_4F_4000 (CopyBytes with source bank in A); bank $27 from the constant loaded into A; trace: insn executed, target read (mail_errors,mail_receive +13). patterns b,d,a
27	4BD2	imm	27	5060	CONFIRMED	[xref_infer] hl=$5060 is exactly the label Data_27_5060 (gfx region 27:5060); read at 00:078D (ldh [$FF51], a (rHDMA1 = source high byte)) via Function_00_0787; bank $27 from the constant loaded into A; trace: insn executed, target read (mail_errors,mail_receive +13). patterns b,d,a
27	4BE4	imm	27	5460	CONFIRMED	[xref_infer] hl=$5460 is exactly the label Data_27_5460 (gfx region 27:5460); read at 00:078D (ldh [$FF51], a (rHDMA1 = source high byte)) via Function_00_0787; bank $27 from the constant loaded into A; trace: insn executed, target read (mail_errors,mail_receive +13). patterns b,d,a
27	4BF6	imm	27	5E60	CONFIRMED	[xref_infer] hl=$5E60 is exactly the label Data_27_5E60 (gfx region 27:5E60); read at 00:078D (ldh [$FF51], a (rHDMA1 = source high byte)) via Function_00_0787; bank $27 from the constant loaded into A; trace: insn executed, target read (mail_errors,mail_receive +13). patterns b,d,a
27	4C08	imm	27	6260	CONFIRMED	[xref_infer] hl=$6260 is exactly the label Data_27_6260 (gfx region 27:6260); read at 00:078D (ldh [$FF51], a (rHDMA1 = source high byte)) via Function_00_0787; bank $27 from the constant loaded into A; trace: insn executed, target read (mail_errors,mail_receive +13). patterns b,d,a
27	4C1A	imm	27	6660	CONFIRMED	[xref_infer] hl=$6660 is exactly the label Data_27_6660 (gfx region 27:6660); read at 00:078D (ldh [$FF51], a (rHDMA1 = source high byte)) via Function_00_0787; bank $27 from the constant loaded into A; trace: insn executed, target read (mail_errors,mail_receive +13). patterns b,d,a
27	4C2C	imm	27	5860	CONFIRMED	[xref_infer] hl=$5860 is exactly the label Data_27_5860 (gfx region 27:5860); read at 00:078D (ldh [$FF51], a (rHDMA1 = source high byte)) via Function_00_0787; bank $27 from the constant loaded into A; trace: insn executed, target read (mail_errors,mail_receive +13). patterns b,d,a
27	4C3E	imm	27	5C60	CONFIRMED	[xref_infer] hl=$5C60 is exactly the label Data_27_5C60 (gfx region 27:5C60); read at 00:078D (ldh [$FF51], a (rHDMA1 = source high byte)) via Function_00_0787; bank $27 from the constant loaded into A; trace: insn executed, target read (mail_errors,mail_receive +13). patterns b,d,a
27	4C50	imm	27	6860	CONFIRMED	[xref_infer] hl=$6860 is exactly the label Data_27_6860 (gfx region 27:6860); read at 00:078D (ldh [$FF51], a (rHDMA1 = source high byte)) via Function_00_0787; bank $27 from the constant loaded into A; trace: insn executed, target read (mail_errors,mail_receive +13). patterns b,d,a
27	4C62	imm	27	6C60	CONFIRMED	[xref_infer] hl=$6C60 is exactly the label Data_27_6C60 (gfx region 27:6C60); read at 00:078D (ldh [$FF51], a (rHDMA1 = source high byte)) via Function_00_0787; bank $27 from the constant loaded into A; trace: insn executed, target read (mail_errors,mail_receive +13). patterns b,d,a
27	4C77	imm	27	7060	CONFIRMED	[xref_infer] hl=$7060 is exactly the label Data_27_7060 (data region 27:7060); read at 00:0904 (ld a, [hli]) via Function_00_08EA -> Function_00_0904; bank $27 from the constant loaded into A; trace: insn executed, target read (mail_errors,mail_receive +13). patterns b,d,a
27	4CA2	imm	27	7880	CONFIRMED	[xref_infer] hl=$7880 is exactly the label Data_27_7880 (data region 27:7880); read at 00:0904 (ld a, [hli]) via Function_00_08EA -> Function_00_0904; bank $27 from the constant loaded into A; trace: insn executed, target read (monkey_camp_hid,monkey_camp_reg +13). patterns b,d,a
27	4CB5	imm	27	76F0	CONFIRMED	[xref_infer] hl=$76F0 is exactly the label Data_27_76F0 (data region 27:76F0); read at 00:0904 (ld a, [hli]) via Function_00_08EA -> Function_00_0904; bank $27 from the constant loaded into A; trace: insn executed, target read (monkey_camp_hid,monkey_camp_reg +11). patterns b,d,a
27	4CCB	imm	27	7A10	PROBABLE	[xref_infer] de=$7A10 is exactly the label Table_27_7A10 (ptrtable region 27:7A10); read at 00:0AC5 (ld a, [de]) via Function_00_0A82 -> Function_00_0AB8; base pointer (offset added before the read); bank $27 from the constant loaded into A. patterns b,d
27	4DA4	imm	29	5AD0	PROBABLE	[xref_infer] hl=$5AD0 is exactly the label Palette_29_5AD0 (data region 29:5AD0); read at 27:4DA9 (call $06D1) via FarCopyBytes_4F_4000 (CopyBytes with source bank in A); bank $29 from the constant loaded into A. patterns b,d
27	4DC3	imm	29	5400	PROBABLE	[xref_infer] hl=$5400 is exactly the label Data_29_5400 (gfx region 29:5400); read at 00:078D (ldh [$FF51], a (rHDMA1 = source high byte)) via Function_00_0787; bank $29 from the constant loaded into A. patterns b,d
27	4DD8	imm	29	5800	PROBABLE	[xref_infer] hl=$5800 is exactly the label Data_29_5800 (data region 29:5800); read at 00:0904 (ld a, [hli]) via Function_00_08EA -> Function_00_0904; bank $29 from the constant loaded into A. patterns b,d
27	4F14	imm	51	4DB0	PROBABLE	[xref_infer] hl=$4DB0 is exactly the label Data_51_4DB0 (gfx region 51:4DB0); read at 00:078D (ldh [$FF51], a (rHDMA1 = source high byte)) via Function_00_0787; bank $51 from the constant loaded into A. patterns b,d,a
27	4F26	imm	51	51B0	PROBABLE	[xref_infer] hl=$51B0 is exactly the label Data_51_51B0 (gfx region 51:51B0); read at 00:078D (ldh [$FF51], a (rHDMA1 = source high byte)) via Function_00_0787; bank $51 from the constant loaded into A. patterns b,d,a
27	4F3B	imm	51	5880	PROBABLE	[xref_infer] hl=$5880 is exactly the label Data_51_5880 (data region 51:5880); read at 27:4F40 (call $06D1) via FarCopyBytes_4F_4000 (CopyBytes with source bank in A); bank $51 from the constant loaded into A. patterns b,d,a
27	4F4C	imm	51	55B0	PROBABLE	[xref_infer] hl=$55B0 is exactly the label Data_51_55B0 (data region 51:55B0); read at 00:0904 (ld a, [hli]) via Function_00_08EA -> Function_00_0904; bank $51 from the constant loaded into A. patterns b,d,a
28	4060	imm	28	4AF0	CONFIRMED	[xref_infer] hl=$4AF0 is exactly the label Palette_28_4AF0 (data region 28:4AF0); read at 28:4065 (call $06D1) via FarCopyBytes_4F_4000 (CopyBytes with source bank in A); bank $28 from the constant loaded into A; trace: insn executed, target read (monkey_camp_reg2,mail_compose +5). patterns b,d,a
28	407F	imm	28	42C0	CONFIRMED	[xref_infer] hl=$42C0 is exactly the label Data_28_42C0 (gfx region 28:42C0); read at 00:078D (ldh [$FF51], a (rHDMA1 = source high byte)) via Function_00_0787; bank $28 from the constant loaded into A; trace: insn executed, target read (mail_compose,monkey_camp_hid +5). patterns b,d,a
28	4091	imm	28	44D0	CONFIRMED	[xref_infer] hl=$44D0 is exactly the label Data_28_44D0 (gfx region 28:44D0); read at 00:078D (ldh [$FF51], a (rHDMA1 = source high byte)) via Function_00_0787; bank $28 from the constant loaded into A; trace: insn executed, target read (mail_compose,monkey_camp_hid +5). patterns b,d,a
28	40A6	imm	28	4820	CONFIRMED	[xref_infer] hl=$4820 is exactly the label Data_28_4820 (data region 28:4820); read at 00:0904 (ld a, [hli]) via Function_00_08EA -> Function_00_0904; bank $28 from the constant loaded into A; trace: insn executed, target read (monkey_camp_reg2,mail_compose +4). patterns b,d,a
28	40B9	imm	28	4B70	PROBABLE	[xref_infer] de=$4B70 is exactly the label Table_28_4B70 (words region 28:4B70); read at 00:0AC5 (ld a, [de]) via Function_00_0A82 -> Function_00_0AB8; base pointer (offset added before the read); bank $28 from the constant loaded into A. patterns b,d
29	4026	imm	24	7B20	PROBABLE	[xref_infer] de=$7B20 is exactly the label Table_24_7B20 (words region 24:7B20); read at 00:0AC5 (ld a, [de]) via Function_00_0A82 -> Function_00_0AB8; base pointer (offset added before the read); bank $24 from the constant loaded into A. patterns b,d
29	40AB	imm	24	7A60	CONFIRMED	[xref_infer] hl=$7A60 is exactly the label Palette_24_7A60 (data region 24:7A60); read at 29:40B0 (call $06D1) via FarCopyBytes_4F_4000 (CopyBytes with source bank in A); bank $24 from the constant loaded into A; trace: insn executed, target read (mail_errors,mail_receive +6). patterns b,d,a
29	40BC	imm	24	7AA0	CONFIRMED	[xref_infer] hl=$7AA0 is exactly the label Palette_24_7AA0 (data region 24:7AA0); read at 29:40C1 (call $06D1) via FarCopyBytes_4F_4000 (CopyBytes with source bank in A); bank $24 from the constant loaded into A; trace: insn executed, target read (mail_errors,mail_receive +6). patterns b,d,a
29	40CA	imm	24	6BF0	CONFIRMED	[xref_infer] hl=$6BF0 is exactly the label Data_24_6BF0 (gfx region 24:6BF0); read at 00:078D (ldh [$FF51], a (rHDMA1 = source high byte)) via Function_00_0787; bank $24 from the constant loaded into A; trace: insn executed, target read (mail_errors,mail_receive +6). patterns b,d,a
29	40DC	imm	24	6FF0	CONFIRMED	[xref_infer] hl=$6FF0 is exactly the label Data_24_6FF0 (gfx region 24:6FF0); read at 00:078D (ldh [$FF51], a (rHDMA1 = source high byte)) via Function_00_0787; bank $24 from the constant loaded into A; trace: insn executed, target read (mail_errors,mail_receive +6). patterns b,d,a
29	40EE	imm	24	73F0	CONFIRMED	[xref_infer] hl=$73F0 is exactly the label Data_24_73F0 (gfx region 24:73F0); read at 00:078D (ldh [$FF51], a (rHDMA1 = source high byte)) via Function_00_0787; bank $24 from the constant loaded into A; trace: insn executed, target read (mail_errors,mail_receive +6). patterns b,d,a
29	4100	imm	24	7490	CONFIRMED	[xref_infer] hl=$7490 is exactly the label Data_24_7490 (gfx region 24:7490); read at 00:078D (ldh [$FF51], a (rHDMA1 = source high byte)) via Function_00_0787; bank $24 from the constant loaded into A; trace: insn executed, target read (mail_errors,mail_receive +6). patterns b,d,a
29	4115	imm	24	7790	CONFIRMED	[xref_infer] hl=$7790 is exactly the label Data_24_7790 (data region 24:7790); read at 00:0904 (ld a, [hli]) via Function_00_08EA -> Function_00_0904; bank $24 from the constant loaded into A; trace: insn executed, target read (mail_errors,mail_receive +6). patterns b,d,a
29	41BB	imm	29	421E	CONFIRMED	[xref_infer] hl=$421E is exactly the label String_29_421E (text region 29:421E); read at 29:41D6 (ld a, [hli]), pair intact until then; own bank $29; trace: insn executed, target read (monkey_camp_tut). patterns c,a
29	42A4	imm	29	4306	CONFIRMED	[xref_infer] hl=$4306 is exactly the label String_29_4306 (text region 29:4306); read at 29:42B8 (ld a, [hli]), pair intact until then; own bank $29; trace: insn executed, target read (monkey_camp_reg2,monkey_camp_rich +2). patterns c,a
29	4639	imm	24	7AE0	CONFIRMED	[xref_infer] hl=$7AE0 is exactly the label Palette_24_7AE0 (data region 24:7AE0); read at 29:463E (call $06D1) via FarCopyBytes_4F_4000 (CopyBytes with source bank in A); bank $24 from the constant loaded into A; trace: insn executed, target read (mail_receive,mail_send +9). patterns b,d,a
29	4647	imm	26	7420	CONFIRMED	[xref_infer] hl=$7420 is exactly the label Data_26_7420 (gfx region 26:7420); read at 00:078D (ldh [$FF51], a (rHDMA1 = source high byte)) via Function_00_0787; bank $26 from the constant loaded into A; trace: insn executed, target read (mail_receive,mail_send +9). patterns b,d,a
29	4659	imm	25	6F30	CONFIRMED	[xref_infer] hl=$6F30 is exactly the label Data_25_6F30 (gfx region 25:6F30); read at 00:078D (ldh [$FF51], a (rHDMA1 = source high byte)) via Function_00_0787; bank $25 from the constant loaded into A; trace: insn executed, target read (monkey_camp_reg,monkey_camp_tut +9). patterns b,d,a
29	466B	imm	25	7330	CONFIRMED	[xref_infer] hl=$7330 is exactly the label Data_25_7330 (gfx region 25:7330); read at 00:078D (ldh [$FF51], a (rHDMA1 = source high byte)) via Function_00_0787; bank $25 from the constant loaded into A; trace: insn executed, target read (monkey_camp_reg,monkey_camp_tut +9). patterns b,d,a
29	467D	imm	29	5060	CONFIRMED	[xref_infer] hl=$5060 is exactly the label Data_29_5060 (gfx region 29:5060); read at 00:078D (ldh [$FF51], a (rHDMA1 = source high byte)) via Function_00_0787; bank $29 from the constant loaded into A; trace: insn executed, target read (mail_receive,mail_send +9). patterns b,d,a
29	46AB	imm	25	7730	CONFIRMED	[xref_infer] hl=$7730 is exactly the label Data_25_7730 (data region 25:7730); read at 00:0904 (ld a, [hli]) via Function_00_08EA -> Function_00_0904; bank $25 from the constant loaded into A; trace: insn executed, target read (monkey_camp_reg2,mail_receive). patterns b,d,a
29	46BF	imm	25	7A00	CONFIRMED	[xref_infer] hl=$7A00 is exactly the label Data_25_7A00 (data region 25:7A00); read at 00:0904 (ld a, [hli]) via Function_00_08EA -> Function_00_0904; bank $25 from the constant loaded into A; trace: insn executed, target read (monkey_camp_reg2,mail_send +4). patterns b,d,a
29	46D3	imm	25	7CD0	CONFIRMED	[xref_infer] hl=$7CD0 is exactly the label Data_25_7CD0 (data region 25:7CD0); read at 00:0904 (ld a, [hli]) via Function_00_08EA -> Function_00_0904; bank $25 from the constant loaded into A; trace: insn executed, target read (monkey_camp_reg,monkey_camp_rich +4). patterns b,d,a
29	4777	imm	29	47B2	CONFIRMED	[xref_infer] hl=$47B2 is exactly the label String_29_47B2 (text region 29:47B2); read at 48:404E (call $1620) via Function_48_403E -> ReadByteFar; bank $29 from the constant loaded into A; trace: insn executed, target read (monkey_camp_reg,monkey_camp_reg2 +2). patterns b,d,a
29	478C	imm	29	47B2	CONFIRMED	[xref_infer] hl=$47B2 is exactly the label String_29_47B2 (text region 29:47B2); read at 48:404E (call $1620) via Function_48_403E -> ReadByteFar; bank $29 from the constant loaded into A; trace: insn executed, target read (monkey_camp_reg,monkey_camp_reg2 +2). patterns b,d,a
29	47A1	imm	29	47B2	CONFIRMED	[xref_infer] hl=$47B2 is exactly the label String_29_47B2 (text region 29:47B2); read at 48:404E (call $1620) via Function_48_403E -> ReadByteFar; bank $29 from the constant loaded into A; trace: insn executed, target read (monkey_camp_reg,monkey_camp_reg2 +2). patterns b,d,a
29	48CB	imm	29	49DA	CONFIRMED	[xref_infer] hl=$49DA is exactly the label Data_29_49DA (data region 29:49DA); read at 29:48D1 (ld a, [hli]), pair intact until then; own bank $29; trace: insn executed, target read (mail_receive,mail_send +2). patterns c,a
29	4A89	imm	29	4AC4	PROBABLE	[xref_infer] hl=$4AC4 is exactly the label String_29_4AC4 (text region 29:4AC4); read at 48:404E (call $1620) via Function_48_403E -> ReadByteFar; bank $29 from the constant loaded into A. patterns b,d
29	4A9E	imm	29	4AC4	PROBABLE	[xref_infer] hl=$4AC4 is exactly the label String_29_4AC4 (text region 29:4AC4); read at 48:404E (call $1620) via Function_48_403E -> ReadByteFar; bank $29 from the constant loaded into A. patterns b,d
29	4AB3	imm	29	4AC4	PROBABLE	[xref_infer] hl=$4AC4 is exactly the label String_29_4AC4 (text region 29:4AC4); read at 48:404E (call $1620) via Function_48_403E -> ReadByteFar; bank $29 from the constant loaded into A. patterns b,d
29	4B87	imm	29	4C96	CONFIRMED	[xref_infer] hl=$4C96 is exactly the label String_29_4C96 (text region 29:4C96); read at 29:4B8D (ld a, [hli]), pair intact until then; own bank $29; trace: insn executed, target read (mail_server_full,mail_server_hidden +1). patterns c,a
29	4D45	imm	29	4D80	CONFIRMED	[xref_infer] hl=$4D80 is exactly the label String_29_4D80 (text region 29:4D80); read at 48:404E (call $1620) via Function_48_403E -> ReadByteFar; bank $29 from the constant loaded into A; trace: insn executed, target read (monkey_camp_hid,monkey_camp_reg). patterns b,d,a
29	4D5A	imm	29	4D80	CONFIRMED	[xref_infer] hl=$4D80 is exactly the label String_29_4D80 (text region 29:4D80); read at 48:404E (call $1620) via Function_48_403E -> ReadByteFar; bank $29 from the constant loaded into A; trace: insn executed, target read (monkey_camp_hid,monkey_camp_reg). patterns b,d,a
29	4D6F	imm	29	4D80	CONFIRMED	[xref_infer] hl=$4D80 is exactly the label String_29_4D80 (text region 29:4D80); read at 48:404E (call $1620) via Function_48_403E -> ReadByteFar; bank $29 from the constant loaded into A; trace: insn executed, target read (monkey_camp_hid,monkey_camp_reg). patterns b,d,a
29	4E5D	imm	29	4F6C	CONFIRMED	[xref_infer] hl=$4F6C is exactly the label Data_29_4F6C (data region 29:4F6C); read at 29:4E63 (ld a, [hli]), pair intact until then; own bank $29; trace: insn executed, target read (mail_server,mail_server_full +2). patterns c,a
2A	411E	imm	2C	71D0	CONFIRMED	[xref_infer] hl=$71D0 is exactly the label Palette_2C_71D0 (data region 2C:71D0); read at 2A:4123 (call $06D1) via FarCopyBytes_4F_4000 (CopyBytes with source bank in A); bank $2C from the constant loaded into A; trace: insn executed, target read (addressbook_full,mail_addressbook +5). patterns b,d,a
2A	412F	imm	2A	4FA0	CONFIRMED	[xref_infer] hl=$4FA0 is exactly the label Palette_2A_4FA0 (data region 2A:4FA0); read at 2A:4134 (call $06D1) via FarCopyBytes_4F_4000 (CopyBytes with source bank in A); bank $2A from the constant loaded into A; trace: insn executed, target read (mail_inbox). patterns b,d,a
2A	413D	imm	2A	4AA0	CONFIRMED	[xref_infer] hl=$4AA0 is exactly the label Tiles_2A_4AA0 (gfx region 2A:4AA0); read at 00:074F (ldh [$FF51], a (rHDMA1 = source high byte)) via Function_00_0749; bank $2A from the constant loaded into A; trace: insn executed, target read (mail_inbox). patterns b,d,a
2A	414F	imm	28	4BD0	CONFIRMED	[xref_infer] hl=$4BD0 is exactly the label Data_28_4BD0 (gfx region 28:4BD0); read at 00:074F (ldh [$FF51], a (rHDMA1 = source high byte)) via Function_00_0749; bank $28 from the constant loaded into A; trace: insn executed, target read (mail_inbox,monkey_camp_reg +5). patterns b,d,a
2A	4161	imm	28	4FD0	CONFIRMED	[xref_infer] hl=$4FD0 is exactly the label Data_28_4FD0 (gfx region 28:4FD0); read at 00:074F (ldh [$FF51], a (rHDMA1 = source high byte)) via Function_00_0749; bank $28 from the constant loaded into A; trace: insn executed, target read (mail_inbox,monkey_camp_reg +5). patterns b,d,a
2A	4176	imm	2A	4CD0	CONFIRMED	[xref_infer] hl=$4CD0 is exactly the label Data_2A_4CD0 (data region 2A:4CD0); read at 00:0904 (ld a, [hli]) via Function_00_08EA -> Function_00_0904; bank $2A from the constant loaded into A; trace: insn executed, target read (mail_inbox). patterns b,d,a
2A	41A3	imm	2A	4214	PROBABLE	[xref_infer] hl=$4214 is exactly the label Table_2A_4214 (words region 2A:4214); read at 2A:41A7 (ld a, [hli]), pair intact until then; base pointer (offset added before the read); own bank $2A; trace: insn executed, target read (mail_inbox). patterns c,a
2A	4247	imm	2A	4274	PROBABLE	[xref_infer] hl=$4274 is exactly the label Table_2A_4274 (words region 2A:4274); read at 2A:424B (ld a, [hli]), pair intact until then; base pointer (offset added before the read); own bank $2A; trace: insn executed, target read (mail_inbox). patterns c,a
2A	429C	imm	2A	4306	PROBABLE	[xref_infer] hl=$4306 is exactly the label Table_2A_4306 (words region 2A:4306); read at 2A:42A0 (ld a, [hli]), pair intact until then; base pointer (offset added before the read); own bank $2A; trace: insn executed, target read (mail_inbox). patterns c,a
2A	42CE	imm	2A	4306	PROBABLE	[xref_infer] hl=$4306 is exactly the label Table_2A_4306 (words region 2A:4306); read at 2A:42D2 (ld a, [hli]), pair intact until then; base pointer (offset added before the read); own bank $2A; trace: insn executed, target read (mail_inbox). patterns c,a
2A	4325	imm	2A	445F	PROBABLE	[xref_infer] hl=$445F is exactly the label Table_2A_445F (words region 2A:445F); read at 2A:4329 (ld a, [hli]), pair intact until then; base pointer (offset added before the read); own bank $2A; trace: insn executed, target read (mail_inbox). patterns c,a
2A	43BF	imm	2A	446B	PROBABLE	[xref_infer] hl=$446B is exactly the label Table_2A_446B (words region 2A:446B); read at 2A:43C3 (ld a, [hli]), pair intact until then; base pointer (offset added before the read); own bank $2A; trace: insn executed, target read (mail_inbox). patterns c,a
2A	43D3	imm	2A	445F	PROBABLE	[xref_infer] hl=$445F is exactly the label Table_2A_445F (words region 2A:445F); read at 2A:43D7 (ld a, [hli]), pair intact until then; base pointer (offset added before the read); own bank $2A; trace: insn executed, target read (mail_inbox). patterns c,a
2A	4412	imm	2A	446B	PROBABLE	[xref_infer] hl=$446B is exactly the label Table_2A_446B (words region 2A:446B); read at 2A:4416 (ld a, [hli]), pair intact until then; base pointer (offset added before the read); own bank $2A; trace: insn executed, target read (mail_inbox). patterns c,a
2A	4426	imm	2A	445F	PROBABLE	[xref_infer] hl=$445F is exactly the label Table_2A_445F (words region 2A:445F); read at 2A:442A (ld a, [hli]), pair intact until then; base pointer (offset added before the read); own bank $2A; trace: insn executed, target read (mail_inbox). patterns c,a
2A	4822	imm	2A	483B	PROBABLE	[xref_infer] hl=$483B is exactly the label Table_2A_483B (words region 2A:483B); read at 2A:4826 (ld a, [hli]), pair intact until then; base pointer (offset added before the read); own bank $2A; trace: insn executed, target read (mail_inbox). patterns c,a
2A	49C7	imm	2A	4A66	CONFIRMED	[xref_infer] hl=$4A66 is exactly the label Table_2A_4A66 (ptrtable region 2A:4A66); read at 48:404E (call $1620) via Function_48_403E -> ReadByteFar; bank $2A from the constant loaded into A; trace: insn executed, target read (mail_inbox). patterns b,d,a
2A	57D2	imm	2A	6300	CONFIRMED	[xref_infer] hl=$6300 is exactly the label Data_2A_6300 (data region 2A:6300); read at 00:074F (ldh [$FF51], a (rHDMA1 = source high byte)) via Function_00_0749; bank $2A from the constant loaded into A; trace: insn executed, target read (mail_profile,monkey_camp_hid +5). patterns b,d,a
2A	5811	imm	26	7820	CONFIRMED	[xref_infer] hl=$7820 is exactly the label Data_26_7820 (data region 26:7820); read at 00:074F (ldh [$FF51], a (rHDMA1 = source high byte)) via Function_00_0749; bank $26 from the constant loaded into A; trace: insn executed, target read (monkey_camp_hid,monkey_camp_reg +5). patterns b,d,a
2A	5829	imm	26	7AC0	CONFIRMED	[xref_infer] hl=$7AC0 is exactly the label Palette_26_7AC0 (data region 26:7AC0); read at 2A:582E (call $06D1) via FarCopyBytes_4F_4000 (CopyBytes with source bank in A); bank $26 from the constant loaded into A; trace: insn executed, target read (monkey_camp_hid,monkey_camp_reg +5). patterns b,d,a
2A	583D	imm	2A	6E10	CONFIRMED	[xref_infer] hl=$6E10 is exactly the label Palette_2A_6E10 (data region 2A:6E10); read at 2A:5842 (call $06D1) via FarCopyBytes_4F_4000 (CopyBytes with source bank in A); bank $2A from the constant loaded into A; trace: insn executed, target read (mail_profile,monkey_camp_hid +5). patterns b,d,a
2A	5851	imm	2A	6B40	CONFIRMED	[xref_infer] hl=$6B40 is exactly the label Data_2A_6B40 (data region 2A:6B40); read at 00:0904 (ld a, [hli]) via Function_00_08EA -> Function_00_0904; bank $2A from the constant loaded into A; trace: insn executed, target read (mail_profile,monkey_camp_hid +5). patterns b,d,a
2A	5F0B	imm	2A	5F82	CONFIRMED	[xref_infer] de=$5F82 is exactly the label String_2A_5F82 (text region 2A:5F82); read at 2A:5F0E (ld a, [de]), pair intact until then; own bank $2A; trace: insn executed, target read (monkey_camp_tut). patterns c,a
2A	5FEB	imm	2A	6081	CONFIRMED	[xref_infer] de=$6081 is exactly the label String_2A_6081 (text region 2A:6081); read at 2A:5FEE (ld a, [de]), pair intact until then; own bank $2A; trace: insn executed, target read (monkey_camp_tut). patterns c,a
2A	609E	imm	2A	6132	PROBABLE	[xref_infer] de=$6132 is exactly the label String_2A_6132 (text region 2A:6132); read at 2A:60A1 (ld a, [de]), pair intact until then; own bank $2A. patterns c
2A	705C	imm	2A	709F	PROBABLE	[xref_infer] hl=$709F is exactly the label Table_2A_709F (words region 2A:709F); read at 2A:7060 (ld a, [hli]), pair intact until then; base pointer (offset added before the read); own bank $2A; trace: insn executed, target read (addressbook_full). patterns c,a
2A	70CD	imm	2A	75A0	CONFIRMED	[xref_infer] hl=$75A0 is exactly the label Palette_2A_75A0 (data region 2A:75A0); read at 2A:70D2 (call $06D1) via FarCopyBytes_4F_4000 (CopyBytes with source bank in A); bank $2A from the constant loaded into A; trace: insn executed, target read (addressbook_full). patterns b,d,a
2A	70DB	imm	2A	75E0	CONFIRMED	[xref_infer] hl=$75E0 is exactly the label Data_2A_75E0 (gfx region 2A:75E0); read at 00:078D (ldh [$FF51], a (rHDMA1 = source high byte)) via Function_00_0787; bank $2A from the constant loaded into A; trace: insn executed, target read (addressbook_full). patterns b,d,a
2A	70ED	imm	2A	79E0	CONFIRMED	[xref_infer] hl=$79E0 is exactly the label Data_2A_79E0 (gfx region 2A:79E0); read at 00:078D (ldh [$FF51], a (rHDMA1 = source high byte)) via Function_00_0787; bank $2A from the constant loaded into A; trace: insn executed, target read (addressbook_full). patterns b,d,a
2A	7102	imm	2A	7A20	CONFIRMED	[xref_infer] hl=$7A20 is exactly the label Data_2A_7A20 (data region 2A:7A20); read at 00:0904 (ld a, [hli]) via Function_00_08EA -> Function_00_0904; bank $2A from the constant loaded into A; trace: insn executed, target read (addressbook_full). patterns b,d,a
2A	718C	imm	2A	7221	PROBABLE	[xref_infer] hl=$7221 is exactly the label Table_2A_7221 (words region 2A:7221); read at 2A:7190 (ld a, [hli]), pair intact until then; base pointer (offset added before the read); own bank $2A. patterns c
2B	422B	imm	2B	4E20	CONFIRMED	[xref_infer] hl=$4E20 is exactly the label Data_2B_4E20 (data region 2B:4E20); read at 2B:4230 (call $06D1) via FarCopyBytes_4F_4000 (CopyBytes with source bank in A); bank $2B from the constant loaded into A; trace: insn executed, target read (mail_compose,monkey_1 +3). patterns b,d,a
2B	4239	imm	2B	4E60	CONFIRMED	[xref_infer] hl=$4E60 is exactly the label Data_2B_4E60 (gfx region 2B:4E60); read at 00:078D (ldh [$FF51], a (rHDMA1 = source high byte)) via Function_00_0787; bank $2B from the constant loaded into A; trace: insn executed, target read (mail_compose,monkey_1 +3). patterns b,d,a
2B	424E	imm	2B	5190	CONFIRMED	[xref_infer] hl=$5190 is exactly the label Data_2B_5190 (data region 2B:5190); read at 2B:4253 (call $06D1) via FarCopyBytes_4F_4000 (CopyBytes with source bank in A); bank $2B from the constant loaded into A; trace: insn executed, target read (mail_compose,monkey_1 +3). patterns b,d,a
2B	425C	imm	2B	4880	CONFIRMED	[xref_infer] hl=$4880 is exactly the label Data_2B_4880 (gfx region 2B:4880); read at 00:078D (ldh [$FF51], a (rHDMA1 = source high byte)) via Function_00_0787; bank $2B from the constant loaded into A; trace: insn executed, target read (mail_compose,monkey_1 +3). patterns b,d,a
2B	4271	imm	2B	4B50	CONFIRMED	[xref_infer] hl=$4B50 is exactly the label Data_2B_4B50 (data region 2B:4B50); read at 00:0904 (ld a, [hli]) via Function_00_08EA -> Function_00_0904; bank $2B from the constant loaded into A; trace: insn executed, target read (mail_compose,monkey_1 +3). patterns b,d,a
2B	4284	imm	2B	51D0	PROBABLE	[xref_infer] de=$51D0 is exactly the label Table_2B_51D0 (words region 2B:51D0); read at 00:0AC5 (ld a, [de]) via Function_00_0A82 -> Function_00_0AB8; base pointer (offset added before the read); bank $2B from the constant loaded into A. patterns b,d
2B	4793	imm	2B	47D0	PROBABLE	[xref_infer] hl=$47D0 is exactly the label Table_2B_47D0 (ptrtable region 2B:47D0); read at 2B:4797 (ld a, [hli]), pair intact until then; base pointer (offset added before the read); own bank $2B. patterns c
2B	5466	imm	2B	62C0	PROBABLE	[xref_infer] hl=$62C0 is exactly the label Data_2B_62C0 (data region 2B:62C0); read at 2B:546B (call $06D1) via FarCopyBytes_4F_4000 (CopyBytes with source bank in A); bank $2B from the constant loaded into A. patterns b,d
2B	5474	imm	2B	59C0	PROBABLE	[xref_infer] hl=$59C0 is exactly the label Data_2B_59C0 (gfx region 2B:59C0); read at 00:078D (ldh [$FF51], a (rHDMA1 = source high byte)) via Function_00_0787; bank $2B from the constant loaded into A. patterns b,d
2B	5486	imm	2B	5DC0	PROBABLE	[xref_infer] hl=$5DC0 is exactly the label Data_2B_5DC0 (gfx region 2B:5DC0); read at 00:078D (ldh [$FF51], a (rHDMA1 = source high byte)) via Function_00_0787; bank $2B from the constant loaded into A. patterns b,d
2B	5498	imm	2B	6300	PROBABLE	[xref_infer] hl=$6300 is exactly the label Data_2B_6300 (gfx region 2B:6300); read at 00:078D (ldh [$FF51], a (rHDMA1 = source high byte)) via Function_00_0787; bank $2B from the constant loaded into A. patterns b,d
2B	54AD	imm	2B	63F0	PROBABLE	[xref_infer] hl=$63F0 is exactly the label Palette_2B_63F0 (data region 2B:63F0); read at 2B:54B2 (call $06D1) via FarCopyBytes_4F_4000 (CopyBytes with source bank in A); bank $2B from the constant loaded into A. patterns b,d
2B	54BE	imm	2B	5FF0	PROBABLE	[xref_infer] hl=$5FF0 is exactly the label Data_2B_5FF0 (data region 2B:5FF0); read at 00:0904 (ld a, [hli]) via Function_00_08EA -> Function_00_0904; bank $2B from the constant loaded into A. patterns b,d
2B	54F7	imm	2B	6430	PROBABLE	[xref_infer] de=$6430 is exactly the label Table_2B_6430 (words region 2B:6430); read at 00:0AC5 (ld a, [de]) via Function_00_0A82 -> Function_00_0AB8; base pointer (offset added before the read); bank $2B from the constant loaded into A. patterns b,d
2B	55E8	imm	2B	562B	PROBABLE	[xref_infer] hl=$562B is exactly the label Table_2B_562B (words region 2B:562B); read at 2B:55EC (ld a, [hli]), pair intact until then; base pointer (offset added before the read); own bank $2B. patterns c
2B	5600	imm	2B	5643	PROBABLE	[xref_infer] hl=$5643 is exactly the label Table_2B_5643 (words region 2B:5643); read at 2B:5604 (ld a, [hli]), pair intact until then; base pointer (offset added before the read); own bank $2B. patterns c
2B	56DE	imm	2B	5814	PROBABLE	[xref_infer] hl=$5814 is exactly the label Table_2B_5814 (words region 2B:5814); read at 2B:56E3 (ld a, [hli]), pair intact until then; base pointer (offset added before the read); own bank $2B. patterns c
2B	56F7	imm	2B	5814	PROBABLE	[xref_infer] hl=$5814 is exactly the label Table_2B_5814 (words region 2B:5814); read at 2B:56FC (ld a, [hli]), pair intact until then; base pointer (offset added before the read); own bank $2B. patterns c
2B	5766	imm	2B	5814	PROBABLE	[xref_infer] hl=$5814 is exactly the label Table_2B_5814 (words region 2B:5814); read at 2B:576A (ld a, [hli]), pair intact until then; base pointer (offset added before the read); own bank $2B. patterns c
2B	5791	imm	2B	5814	PROBABLE	[xref_infer] hl=$5814 is exactly the label Table_2B_5814 (words region 2B:5814); read at 2B:5795 (ld a, [hli]), pair intact until then; base pointer (offset added before the read); own bank $2B. patterns c
2B	57EF	imm	2B	5807	PROBABLE	[xref_infer] hl=$5807 is exactly the label String_2B_5807 (text region 2B:5807); read at 2B:5896 (ld a, [hli]) via Function_2B_588B; own bank $2B. patterns b
2B	57FB	imm	2B	5807	PROBABLE	[xref_infer] hl=$5807 is exactly the label String_2B_5807 (text region 2B:5807); read at 2B:5896 (ld a, [hli]) via Function_2B_588B; own bank $2B. patterns b
2B	65E9	imm	2B	76A0	CONFIRMED	[xref_infer] hl=$76A0 is exactly the label Palette_2B_76A0 (data region 2B:76A0); read at 2B:65EE (call $06D1) via FarCopyBytes_4F_4000 (CopyBytes with source bank in A); bank $2B from the constant loaded into A; trace: insn executed, target read (mail_inbox,monkey_camp_reg2). patterns b,d,a
2B	65FA	imm	2B	76E0	CONFIRMED	[xref_infer] hl=$76E0 is exactly the label Tiles_2B_76E0 (gfx region 2B:76E0); read at 00:074F (ldh [$FF51], a (rHDMA1 = source high byte)) via Function_00_0749; bank $2B from the constant loaded into A; trace: insn executed, target read (mail_inbox,monkey_camp_reg2). patterns b,d,a
2B	6612	imm	2B	7860	CONFIRMED	[xref_infer] hl=$7860 is exactly the label Palette_2B_7860 (data region 2B:7860); read at 2B:6617 (call $06D1) via FarCopyBytes_4F_4000 (CopyBytes with source bank in A); bank $2B from the constant loaded into A; trace: insn executed, target read (mail_inbox,monkey_camp_reg2). patterns b,d,a
2B	6623	imm	2B	6DD0	CONFIRMED	[xref_infer] hl=$6DD0 is exactly the label Tiles_2B_6DD0 (gfx region 2B:6DD0); read at 00:074F (ldh [$FF51], a (rHDMA1 = source high byte)) via Function_00_0749; bank $2B from the constant loaded into A; trace: insn executed, target read (mail_inbox,monkey_camp_reg2). patterns b,d,a
2B	6638	imm	2B	71D0	CONFIRMED	[xref_infer] hl=$71D0 is exactly the label Tiles_2B_71D0 (gfx region 2B:71D0); read at 00:074F (ldh [$FF51], a (rHDMA1 = source high byte)) via Function_00_0749; bank $2B from the constant loaded into A; trace: insn executed, target read (mail_inbox,monkey_camp_reg2). patterns b,d,a
2B	6650	imm	2B	73D0	CONFIRMED	[xref_infer] hl=$73D0 is exactly the label Data_2B_73D0 (data region 2B:73D0); read at 00:0904 (ld a, [hli]) via Function_00_08EA -> Function_00_0904; bank $2B from the constant loaded into A; trace: insn executed, target read (mail_inbox,monkey_camp_reg2). patterns b,d,a
2B	6669	imm	2B	78A0	PROBABLE	[xref_infer] de=$78A0 is exactly the label Table_2B_78A0 (words region 2B:78A0); read at 00:0AC5 (ld a, [de]) via Function_00_0A82 -> Function_00_0AB8; base pointer (offset added before the read); bank $2B from the constant loaded into A. patterns b,d
2B	66CD	imm	2B	6863	PROBABLE	[xref_infer] hl=$6863 is exactly the label Table_2B_6863 (words region 2B:6863); read at 2B:66D2 (ld a, [hli]), pair intact until then; base pointer (offset added before the read); own bank $2B; trace: insn executed, target read (monkey_camp_reg2,mail_inbox). patterns c,a
2B	6717	imm	2B	6863	PROBABLE	[xref_infer] hl=$6863 is exactly the label Table_2B_6863 (words region 2B:6863); read at 2B:671C (ld a, [hli]), pair intact until then; base pointer (offset added before the read); own bank $2B; trace: insn executed, target read (monkey_camp_reg2,mail_inbox). patterns c,a
2B	6756	imm	2B	6863	PROBABLE	[xref_infer] hl=$6863 is exactly the label Table_2B_6863 (words region 2B:6863); read at 2B:675B (ld a, [hli]), pair intact until then; base pointer (offset added before the read); own bank $2B; trace: insn executed, target read (monkey_camp_reg2,mail_inbox). patterns c,a
2B	678C	imm	2B	6863	PROBABLE	[xref_infer] hl=$6863 is exactly the label Table_2B_6863 (words region 2B:6863); read at 2B:6791 (ld a, [hli]), pair intact until then; base pointer (offset added before the read); own bank $2B; trace: insn executed, target read (monkey_camp_reg2,mail_inbox). patterns c,a
2B	692E	imm	2B	69AD	PROBABLE	[xref_infer] hl=$69AD is exactly the label Table_2B_69AD (words region 2B:69AD); read at 2B:6933 (ld a, [hli]), pair intact until then; base pointer (offset added before the read); own bank $2B; trace: insn executed, target read (monkey_camp_reg2,mail_inbox). patterns c,a
2B	6947	imm	2B	69AD	PROBABLE	[xref_infer] hl=$69AD is exactly the label Table_2B_69AD (words region 2B:69AD); read at 2B:694C (ld a, [hli]), pair intact until then; base pointer (offset added before the read); own bank $2B; trace: insn executed, target read (monkey_camp_reg2,mail_inbox). patterns c,a
2B	6D2A	imm	2B	6DB0	PROBABLE	[xref_infer] hl=$6DB0 is exactly the label Table_2B_6DB0 (words region 2B:6DB0); read at 2B:6D2F (ld a, [hli]), pair intact until then; base pointer (offset added before the read); own bank $2B. patterns c
2B	7BB7	imm	28	4AF0	CONFIRMED	[xref_infer] hl=$4AF0 is exactly the label Palette_28_4AF0 (data region 28:4AF0); read at 2B:7BBC (call $06D1) via FarCopyBytes_4F_4000 (CopyBytes with source bank in A); bank $28 from the constant loaded into A; trace: insn executed, target read (monkey_camp_reg2,mail_compose +5). patterns b,d,a
2B	7BD6	imm	28	42C0	CONFIRMED	[xref_infer] hl=$42C0 is exactly the label Data_28_42C0 (gfx region 28:42C0); read at 00:074F (ldh [$FF51], a (rHDMA1 = source high byte)) via Function_00_0749; bank $28 from the constant loaded into A; trace: insn executed, target read (mail_compose,monkey_camp_hid +5). patterns b,d,a
2B	7BEB	imm	28	44D0	CONFIRMED	[xref_infer] hl=$44D0 is exactly the label Data_28_44D0 (gfx region 28:44D0); read at 00:074F (ldh [$FF51], a (rHDMA1 = source high byte)) via Function_00_0749; bank $28 from the constant loaded into A; trace: insn executed, target read (mail_compose,monkey_camp_hid +5). patterns b,d,a
2B	7C03	imm	28	4550	CONFIRMED	[xref_infer] hl=$4550 is exactly the label Data_28_4550 (data region 28:4550); read at 00:0904 (ld a, [hli]) via Function_00_08EA -> Function_00_0904; bank $28 from the constant loaded into A; trace: insn executed, target read (mail_inbox,monkey_camp_reg2). patterns b,d,a
2B	7C19	imm	28	4B70	PROBABLE	[xref_infer] de=$4B70 is exactly the label Table_28_4B70 (words region 28:4B70); read at 00:0AC5 (ld a, [de]) via Function_00_0A82 -> Function_00_0AB8; base pointer (offset added before the read); bank $28 from the constant loaded into A. patterns b,d
2B	7C45	imm	2B	7D7A	PROBABLE	[xref_infer] hl=$7D7A is exactly the label Table_2B_7D7A (words region 2B:7D7A); read at 2B:7C4A (ld a, [hli]), pair intact until then; base pointer (offset added before the read); own bank $2B; trace: insn executed, target read (monkey_camp_reg2,mail_inbox). patterns c,a
2B	7C76	imm	2B	7D7A	PROBABLE	[xref_infer] hl=$7D7A is exactly the label Table_2B_7D7A (words region 2B:7D7A); read at 2B:7C7B (ld a, [hli]), pair intact until then; base pointer (offset added before the read); own bank $2B; trace: insn executed, target read (monkey_camp_reg2,mail_inbox). patterns c,a
2C	416E	imm	2C	4A30	CONFIRMED	[xref_infer] hl=$4A30 is exactly the label Data_2C_4A30 (data region 2C:4A30); read at 00:074F (ldh [$FF51], a (rHDMA1 = source high byte)) via Function_00_0749; bank $2C from the constant loaded into A; trace: insn executed, target read (mail_compose,mail_inbox +5). patterns b,d,a
2C	41A7	imm	2C	5670	CONFIRMED	[xref_infer] hl=$5670 is exactly the label Palette_2C_5670 (data region 2C:5670); read at 2C:41AC (call $06D1) via FarCopyBytes_4F_4000 (CopyBytes with source bank in A); bank $2C from the constant loaded into A; trace: insn executed, target read (mail_compose,mail_inbox +5). patterns b,d,a
2C	41B8	imm	2C	5100	CONFIRMED	[xref_infer] hl=$5100 is exactly the label Data_2C_5100 (data region 2C:5100); read at 2C:41BD (call $06D1) via FarCopyBytes_4F_4000 (CopyBytes with source bank in A); bank $2C from the constant loaded into A; trace: insn executed, target read (mail_compose,mail_inbox +5). patterns b,d,a
2C	41C9	imm	2C	4E30	CONFIRMED	[xref_infer] hl=$4E30 is exactly the label Data_2C_4E30 (data region 2C:4E30); read at 00:0904 (ld a, [hli]) via Function_00_08EA -> Function_00_0904; bank $2C from the constant loaded into A; trace: insn executed, target read (mail_compose,mail_inbox +5). patterns b,d,a
2C	4702	imm	2C	4779	PROBABLE	[xref_infer] de=$4779 is exactly the label String_2C_4779 (text region 2C:4779); read at 2C:4705 (ld a, [de]), pair intact until then; own bank $2C. patterns c
2C	47E2	imm	2C	4878	PROBABLE	[xref_infer] de=$4878 is exactly the label String_2C_4878 (text region 2C:4878); read at 2C:47E5 (ld a, [de]), pair intact until then; own bank $2C. patterns c
2C	4895	imm	2C	4929	PROBABLE	[xref_infer] de=$4929 is exactly the label String_2C_4929 (text region 2C:4929); read at 2C:4898 (ld a, [de]), pair intact until then; own bank $2C. patterns c
2C	5823	imm	2C	56F2	PROBABLE	[xref_infer] hl=$56F2 is exactly the label Table_2C_56F2 (words region 2C:56F2); read at 2C:582B (ld a, [hli]), pair intact until then; base pointer (offset added before the read); own bank $2C; trace: insn executed, target read (monkey_1,monkey_camp_reg +1). patterns c,a
2C	5868	imm	2C	56F2	PROBABLE	[xref_infer] hl=$56F2 is exactly the label Table_2C_56F2 (words region 2C:56F2); read at 2C:5870 (ld a, [hli]), pair intact until then; base pointer (offset added before the read); own bank $2C. patterns c,a
2C	58C4	imm	2C	71D0	CONFIRMED	[xref_infer] hl=$71D0 is exactly the label Palette_2C_71D0 (data region 2C:71D0); read at 2C:58C9 (call $06D1) via FarCopyBytes_4F_4000 (CopyBytes with source bank in A); bank $2C from the constant loaded into A; trace: insn executed, target read (addressbook_full,mail_addressbook +5). patterns b,d,a
2C	58D8	imm	2C	6F90	CONFIRMED	[xref_infer] hl=$6F90 is exactly the label Data_2C_6F90 (data region 2C:6F90); read at 2C:58DD (call $06D1) via FarCopyBytes_4F_4000 (CopyBytes with source bank in A); bank $2C from the constant loaded into A; trace: insn executed, target read (monkey_1,monkey_camp_reg +1). patterns b,d,a
2C	58E9	imm	2C	6C30	CONFIRMED	[xref_infer] hl=$6C30 is exactly the label Data_2C_6C30 (gfx region 2C:6C30); read at 00:078D (ldh [$FF51], a (rHDMA1 = source high byte)) via Function_00_0787; bank $2C from the constant loaded into A; trace: insn executed, target read (monkey_1,monkey_camp_reg +4). patterns b,d,a
2C	58FE	imm	2C	6730	CONFIRMED	[xref_infer] hl=$6730 is exactly the label Data_2C_6730 (gfx region 2C:6730); read at 00:078D (ldh [$FF51], a (rHDMA1 = source high byte)) via Function_00_0787; bank $2C from the constant loaded into A; trace: insn executed, target read (monkey_1,monkey_camp_reg +1). patterns b,d,a
2C	5913	imm	2C	6B30	CONFIRMED	[xref_infer] hl=$6B30 is exactly the label Data_2C_6B30 (gfx region 2C:6B30); read at 00:078D (ldh [$FF51], a (rHDMA1 = source high byte)) via Function_00_0787; bank $2C from the constant loaded into A; trace: insn executed, target read (monkey_1,monkey_camp_reg +1). patterns b,d,a
2C	5928	imm	28	4BD0	CONFIRMED	[xref_infer] hl=$4BD0 is exactly the label Data_28_4BD0 (gfx region 28:4BD0); read at 00:078D (ldh [$FF51], a (rHDMA1 = source high byte)) via Function_00_0787; bank $28 from the constant loaded into A; trace: insn executed, target read (mail_inbox,monkey_camp_reg +5). patterns b,d,a
2C	593D	imm	28	4FD0	CONFIRMED	[xref_infer] hl=$4FD0 is exactly the label Data_28_4FD0 (gfx region 28:4FD0); read at 00:078D (ldh [$FF51], a (rHDMA1 = source high byte)) via Function_00_0787; bank $28 from the constant loaded into A; trace: insn executed, target read (mail_inbox,monkey_camp_reg +5). patterns b,d,a
2C	5955	imm	2C	6CC0	CONFIRMED	[xref_infer] hl=$6CC0 is exactly the label Data_2C_6CC0 (data region 2C:6CC0); read at 00:0904 (ld a, [hli]) via Function_00_08EA -> Function_00_0904; bank $2C from the constant loaded into A; trace: insn executed, target read (monkey_1,monkey_camp_reg +1). patterns b,d,a
2C	5CB9	imm	2C	56F2	PROBABLE	[xref_infer] hl=$56F2 is exactly the label Table_2C_56F2 (words region 2C:56F2); read at 2C:5CBD (ld a, [hli]), pair intact until then; base pointer (offset added before the read); own bank $2C. patterns c,a
2C	5FCF	imm	2C	56F2	PROBABLE	[xref_infer] hl=$56F2 is exactly the label Table_2C_56F2 (words region 2C:56F2); read at 2C:5FD3 (ld a, [hli]), pair intact until then; base pointer (offset added before the read); own bank $2C. patterns c,a
2C	5FFF	imm	2C	56F2	PROBABLE	[xref_infer] hl=$56F2 is exactly the label Table_2C_56F2 (words region 2C:56F2); read at 2C:6003 (ld a, [hli]), pair intact until then; base pointer (offset added before the read); own bank $2C. patterns c,a
2C	6050	imm	2C	56F2	PROBABLE	[xref_infer] hl=$56F2 is exactly the label Table_2C_56F2 (words region 2C:56F2); read at 2C:6054 (ld a, [hli]), pair intact until then; base pointer (offset added before the read); own bank $2C; trace: insn executed, target read (monkey_1,monkey_camp_reg +1). patterns c,a
2C	6080	imm	2C	56F2	PROBABLE	[xref_infer] hl=$56F2 is exactly the label Table_2C_56F2 (words region 2C:56F2); read at 2C:6084 (ld a, [hli]), pair intact until then; base pointer (offset added before the read); own bank $2C; trace: insn executed, target read (monkey_1,monkey_camp_reg +1). patterns c,a
2C	60D0	imm	2C	56F2	PROBABLE	[xref_infer] hl=$56F2 is exactly the label Table_2C_56F2 (words region 2C:56F2); read at 2C:60D4 (ld a, [hli]), pair intact until then; base pointer (offset added before the read); own bank $2C. patterns c,a
2C	611D	imm	2C	56F2	PROBABLE	[xref_infer] hl=$56F2 is exactly the label Table_2C_56F2 (words region 2C:56F2); read at 2C:6121 (ld a, [hli]), pair intact until then; base pointer (offset added before the read); own bank $2C. patterns c,a
2C	64BB	imm	2C	64D4	PROBABLE	[xref_infer] hl=$64D4 is exactly the label Table_2C_64D4 (words region 2C:64D4); read at 2C:64BF (ld a, [hli]), pair intact until then; base pointer (offset added before the read); own bank $2C; trace: insn executed, target read (monkey_1,monkey_camp_reg +1). patterns c,a
2C	66C5	imm	2C	6702	PROBABLE	[xref_infer] hl=$6702 is exactly the label Data_2C_6702 (data region 2C:6702); read at 2C:66C9 (ld a, [hli]), pair intact until then; base pointer (offset added before the read); own bank $2C; trace: insn executed, target read (monkey_1,monkey_camp_reg +1). patterns c,a
2C	7490	imm	2C	7740	PROBABLE	[xref_infer] hl=$7740 is exactly the label Data_2C_7740 (gfx region 2C:7740); read at 00:078D (ldh [$FF51], a (rHDMA1 = source high byte)) via Function_00_0787; bank $2C from the constant loaded into A. patterns b,d
2C	74A2	imm	2C	7B70	PROBABLE	[xref_infer] hl=$7B70 is exactly the label Data_2C_7B70 (gfx region 2C:7B70); read at 00:078D (ldh [$FF51], a (rHDMA1 = source high byte)) via Function_00_0787; bank $2C from the constant loaded into A. patterns b,d
2C	74B7	imm	2C	7B30	PROBABLE	[xref_infer] hl=$7B30 is exactly the label Data_2C_7B30 (data region 2C:7B30); read at 2C:74BC (call $06D1) via FarCopyBytes_4F_4000 (CopyBytes with source bank in A); bank $2C from the constant loaded into A. patterns b,d
2C	74C8	imm	2C	7860	PROBABLE	[xref_infer] hl=$7860 is exactly the label Data_2C_7860 (data region 2C:7860); read at 00:0904 (ld a, [hli]) via Function_00_08EA -> Function_00_0904; bank $2C from the constant loaded into A. patterns b,d
2C	74D9	imm	2C	7C00	PROBABLE	[xref_infer] hl=$7C00 is exactly the label Palette_2C_7C00 (data region 2C:7C00); read at 2C:74DE (call $06D1) via FarCopyBytes_4F_4000 (CopyBytes with source bank in A); bank $2C from the constant loaded into A. patterns b,d
2C	74E7	imm	2C	7C40	PROBABLE	[xref_infer] de=$7C40 is exactly the label Table_2C_7C40 (ptrtable region 2C:7C40); read at 00:0AC5 (ld a, [de]) via Function_00_0A82 -> Function_00_0AB8; base pointer (offset added before the read); bank $2C from the constant loaded into A. patterns b,d
2D	4149	imm	2D	417D	PROBABLE	[xref_infer] hl=$417D is exactly the label Table_2D_417D (words region 2D:417D); read at 2D:414E (ld a, [hli]), pair intact until then; base pointer (offset added before the read); own bank $2D. patterns c
2D	41A3	imm	2D	42B2	PROBABLE	[xref_infer] hl=$42B2 is exactly the label Data_2D_42B2 (data region 2D:42B2); read at 2D:41AB (ld a, [hli]), pair intact until then; own bank $2D. patterns c
2D	41B1	imm	2D	42BB	PROBABLE	[xref_infer] hl=$42BB is exactly the label String_2D_42BB (text region 2D:42BB); read at 2D:42AA (ld a, [hli]) via Function_2D_42AA; own bank $2D. patterns b
2D	41BA	imm	2D	42D0	PROBABLE	[xref_infer] hl=$42D0 is exactly the label String_2D_42D0 (text region 2D:42D0); read at 2D:42AA (ld a, [hli]) via Function_2D_42AA; own bank $2D. patterns b
2D	41C3	imm	2D	42D7	PROBABLE	[xref_infer] hl=$42D7 is exactly the label String_2D_42D7 (text region 2D:42D7); read at 2D:42AA (ld a, [hli]) via Function_2D_42AA; own bank $2D. patterns b
2D	41D5	imm	2D	42F8	PROBABLE	[xref_infer] hl=$42F8 is exactly the label Data_2D_42F8 (data region 2D:42F8); read at 2D:41DD (ld a, [hli]), pair intact until then; own bank $2D. patterns c
2D	41E3	imm	2D	4301	PROBABLE	[xref_infer] hl=$4301 is exactly the label String_2D_4301 (text region 2D:4301); read at 2D:42AA (ld a, [hli]) via Function_2D_42AA; own bank $2D. patterns b
2D	4207	imm	2D	436A	PROBABLE	[xref_infer] hl=$436A is exactly the label Data_2D_436A (data region 2D:436A); read at 2D:420F (ld a, [hli]), pair intact until then; own bank $2D. patterns c
2D	4215	imm	2D	4373	PROBABLE	[xref_infer] hl=$4373 is exactly the label String_2D_4373 (text region 2D:4373); read at 2D:42AA (ld a, [hli]) via Function_2D_42AA; own bank $2D. patterns b
2D	4239	imm	2D	441B	PROBABLE	[xref_infer] hl=$441B is exactly the label Data_2D_441B (data region 2D:441B); read at 2D:4241 (ld a, [hli]), pair intact until then; own bank $2D. patterns c
2D	4247	imm	2D	4424	PROBABLE	[xref_infer] hl=$4424 is exactly the label String_2D_4424 (text region 2D:4424); read at 2D:42AA (ld a, [hli]) via Function_2D_42AA; own bank $2D. patterns b
2D	426B	imm	2D	44D3	PROBABLE	[xref_infer] hl=$44D3 is exactly the label Data_2D_44D3 (data region 2D:44D3); read at 2D:4273 (ld a, [hli]), pair intact until then; own bank $2D. patterns c
2D	4279	imm	2D	44DC	PROBABLE	[xref_infer] hl=$44DC is exactly the label String_2D_44DC (text region 2D:44DC); read at 2D:42AA (ld a, [hli]) via Function_2D_42AA; own bank $2D. patterns b
2D	4509	imm	2D	45A6	PROBABLE	[xref_infer] hl=$45A6 is exactly the label String_2D_45A6 (text region 2D:45A6); read at 2D:450F (ld a, [hli]), pair intact until then; own bank $2D. patterns c
2D	4523	imm	2D	45B7	PROBABLE	[xref_infer] hl=$45B7 is exactly the label String_2D_45B7 (text region 2D:45B7); read at 2D:4529 (ld a, [hli]), pair intact until then; own bank $2D. patterns c
2D	457E	imm	2D	462A	PROBABLE	[xref_infer] hl=$462A is exactly the label String_2D_462A (text region 2D:462A); read at 2D:4584 (ld a, [hli]), pair intact until then; own bank $2D. patterns c
2D	4643	imm	2D	465E	PROBABLE	[xref_infer] hl=$465E is exactly the label String_2D_465E (text region 2D:465E); read at 2D:4649 (ld a, [hli]), pair intact until then; own bank $2D. patterns c
2D	46F4	imm	2D	470A	PROBABLE	[xref_infer] hl=$470A is exactly the label Table_2D_470A (words region 2D:470A); read at 2D:46F8 (ld a, [hli]), pair intact until then; base pointer (offset added before the read); own bank $2D; trace: insn executed, target read (monkey_camp_reg2,mail_receive). patterns c,a
2D	49B6	imm	2D	5AC0	CONFIRMED	[xref_infer] hl=$5AC0 is exactly the label Data_2D_5AC0 (gfx region 2D:5AC0); read at 00:074F (ldh [$FF51], a (rHDMA1 = source high byte)) via Function_00_0749; bank $2D from the constant loaded into A; trace: insn executed, target read (mail_compose,mail_inbox +5). patterns b,d,a
2D	49DA	imm	2D	62D0	CONFIRMED	[xref_infer] hl=$62D0 is exactly the label Data_2D_62D0 (gfx region 2D:62D0); read at 00:074F (ldh [$FF51], a (rHDMA1 = source high byte)) via Function_00_0749; bank $2D from the constant loaded into A; trace: insn executed, target read (mail_compose,mail_inbox +5). patterns b,d,a
2D	49EF	imm	2D	6570	CONFIRMED	[xref_infer] hl=$6570 is exactly the label Data_2D_6570 (data region 2D:6570); read at 2D:49F4 (call $06D1) via FarCopyBytes_4F_4000 (CopyBytes with source bank in A); bank $2D from the constant loaded into A; trace: insn executed, target read (mail_compose,mail_inbox +5). patterns b,d,a
2D	4A00	imm	2D	6290	CONFIRMED	[xref_infer] hl=$6290 is exactly the label Data_2D_6290 (data region 2D:6290); read at 2D:4A05 (call $06D1) via FarCopyBytes_4F_4000 (CopyBytes with source bank in A); bank $2D from the constant loaded into A; trace: insn executed, target read (mail_compose,mail_inbox +5). patterns b,d,a
2D	4A11	imm	2D	5FC0	CONFIRMED	[xref_infer] hl=$5FC0 is exactly the label Data_2D_5FC0 (data region 2D:5FC0); read at 00:0904 (ld a, [hli]) via Function_00_08EA -> Function_00_0904; bank $2D from the constant loaded into A; trace: insn executed, target read (mail_compose,mail_inbox +5). patterns b,d,a
2D	4B4F	imm	2D	5AC0	PROBABLE	[xref_infer] hl=$5AC0 is exactly the label Data_2D_5AC0 (gfx region 2D:5AC0); read at 00:078D (ldh [$FF51], a (rHDMA1 = source high byte)) via Function_00_0787; bank $2D from the constant loaded into A. patterns b,d,a
2D	4B61	imm	2D	62D0	PROBABLE	[xref_infer] hl=$62D0 is exactly the label Data_2D_62D0 (gfx region 2D:62D0); read at 00:078D (ldh [$FF51], a (rHDMA1 = source high byte)) via Function_00_0787; bank $2D from the constant loaded into A. patterns b,d,a
2D	4B76	imm	2D	6570	PROBABLE	[xref_infer] hl=$6570 is exactly the label Data_2D_6570 (data region 2D:6570); read at 2D:4B7B (call $06D1) via FarCopyBytes_4F_4000 (CopyBytes with source bank in A); bank $2D from the constant loaded into A. patterns b,d,a
2D	4B87	imm	2D	6290	PROBABLE	[xref_infer] hl=$6290 is exactly the label Data_2D_6290 (data region 2D:6290); read at 2D:4B8C (call $06D1) via FarCopyBytes_4F_4000 (CopyBytes with source bank in A); bank $2D from the constant loaded into A. patterns b,d,a
2D	4B98	imm	2D	5FC0	PROBABLE	[xref_infer] hl=$5FC0 is exactly the label Data_2D_5FC0 (data region 2D:5FC0); read at 00:0904 (ld a, [hli]) via Function_00_08EA -> Function_00_0904; bank $2D from the constant loaded into A. patterns b,d,a
2D	5484	imm	2D	54EB	PROBABLE	[xref_infer] de=$54EB is exactly the label String_2D_54EB (text region 2D:54EB); read at 2D:5487 (ld a, [de]), pair intact until then; own bank $2D. patterns c
2D	5554	imm	2D	55DA	PROBABLE	[xref_infer] de=$55DA is exactly the label Data_2D_55DA (data region 2D:55DA); read at 2D:5557 (ld a, [de]), pair intact until then; own bank $2D. patterns c
2D	55F7	imm	2D	567B	PROBABLE	[xref_infer] de=$567B is exactly the label String_2D_567B (text region 2D:567B); read at 2D:55FA (ld a, [de]), pair intact until then; own bank $2D. patterns c
2D	5A9B	imm	2D	5AC0	CONFIRMED	[xref_infer] hl=$5AC0 is exactly the label Data_2D_5AC0 (gfx region 2D:5AC0); read at 00:074F (ldh [$FF51], a (rHDMA1 = source high byte)) via Function_00_0749; bank $2D from the constant loaded into A; trace: insn executed, target read (mail_compose,mail_inbox +5). patterns b,d,a
2D	68C6	imm	2D	7120	CONFIRMED	[xref_infer] hl=$7120 is exactly the label Data_2D_7120 (data region 2D:7120); read at 00:074F (ldh [$FF51], a (rHDMA1 = source high byte)) via Function_00_0749; bank $2D from the constant loaded into A; trace: insn executed, target read (mail_compose,mail_inbox +5). patterns b,d,a
2D	6911	imm	2D	7B50	CONFIRMED	[xref_infer] hl=$7B50 is exactly the label Data_2D_7B50 (data region 2D:7B50); read at 00:0904 (ld a, [hli]) via Function_00_08EA -> Function_00_0904; bank $2D from the constant loaded into A; trace: insn executed, target read (mail_compose,mail_inbox +5). patterns b,d,a
2D	69B9	imm	7F	7B00	CONFIRMED	[xref_infer] hl=$7B00 is exactly the label Palette_7F_7B00 (data region 7F:7B00); read at 2D:69BE (call $06D1) via FarCopyBytes_4F_4000 (CopyBytes with source bank in A); bank $7F from the constant loaded into A; trace: insn executed, target read (mail_compose,mail_inbox +5). patterns b,d,a
2D	69CA	imm	2D	7E20	CONFIRMED	[xref_infer] hl=$7E20 is exactly the label Data_2D_7E20 (data region 2D:7E20); read at 2D:69CF (call $06D1) via FarCopyBytes_4F_4000 (CopyBytes with source bank in A); bank $2D from the constant loaded into A; trace: insn executed, target read (mail_compose,mail_inbox +5). patterns b,d,a
2E	409F	imm	2E	5AE0	CONFIRMED	[xref_infer] hl=$5AE0 is exactly the label Data_2E_5AE0 (gfx region 2E:5AE0); read at 00:078D (ldh [$FF51], a (rHDMA1 = source high byte)) via Function_00_0787; bank $2E from the constant loaded into A; trace: insn executed, target read (mail_server,mail_server_hidden +4). patterns b,d,a
2E	4212	imm	2E	6960	CONFIRMED	[xref_infer] hl=$6960 is exactly the label Data_2E_6960 (data region 2E:6960); read at 00:0904 (ld a, [hli]) via Function_00_08EA -> Function_00_0904; bank $2E from the constant loaded into A; trace: insn executed, target read (mail_server,mail_server_hidden +4). patterns b,d,a
2E	443B	imm	2E	76C0	PROBABLE	[xref_infer] de=$76C0 is exactly the label Table_2E_76C0 (words region 2E:76C0); read at 00:0AC5 (ld a, [de]) via Function_00_0A82 -> Function_00_0AB8; base pointer (offset added before the read); bank $2E from the constant loaded into A. patterns b,d
2E	4528	imm	2E	76C0	PROBABLE	[xref_infer] de=$76C0 is exactly the label Table_2E_76C0 (words region 2E:76C0); read at 00:0AC5 (ld a, [de]) via Function_00_0A82 -> Function_00_0AB8; base pointer (offset added before the read); bank $2E from the constant loaded into A. patterns b,d
2E	4692	imm	2E	6C30	CONFIRMED	[xref_infer] hl=$6C30 is exactly the label Data_2E_6C30 (data region 2E:6C30); read at 00:0904 (ld a, [hli]) via Function_00_08EA -> Function_00_0904; bank $2E from the constant loaded into A; trace: insn executed, target read (mail_server,mail_server_hidden +4). patterns b,d,a
2E	474E	imm	2E	6C30	CONFIRMED	[xref_infer] hl=$6C30 is exactly the label Data_2E_6C30 (data region 2E:6C30); read at 00:0904 (ld a, [hli]) via Function_00_08EA -> Function_00_0904; bank $2E from the constant loaded into A; trace: insn executed, target read (mail_server,mail_server_hidden +4). patterns b,d,a
2E	4814	imm	2E	6960	PROBABLE	[xref_infer] hl=$6960 is exactly the label Data_2E_6960 (data region 2E:6960); read at 00:0904 (ld a, [hli]) via Function_00_08EA -> Function_00_0904; bank $2E from the constant loaded into A. patterns b,d,a
2E	4B59	imm	2E	7590	CONFIRMED	[xref_infer] hl=$7590 is exactly the label Data_2E_7590 (data region 2E:7590); read at 2E:4B5E (call $06D1) via FarCopyBytes_4F_4000 (CopyBytes with source bank in A); bank $2E from the constant loaded into A; trace: insn executed, target read (mail_server,mail_server_full +4). patterns b,d,a
2E	4B78	imm	2E	56E0	CONFIRMED	[xref_infer] hl=$56E0 is exactly the label Data_2E_56E0 (gfx region 2E:56E0); read at 00:078D (ldh [$FF51], a (rHDMA1 = source high byte)) via Function_00_0787; bank $2E from the constant loaded into A; trace: insn executed, target read (mail_server,mail_server_hidden +4). patterns b,d,a
2E	4B8A	imm	2E	5AE0	CONFIRMED	[xref_infer] hl=$5AE0 is exactly the label Data_2E_5AE0 (gfx region 2E:5AE0); read at 00:078D (ldh [$FF51], a (rHDMA1 = source high byte)) via Function_00_0787; bank $2E from the constant loaded into A; trace: insn executed, target read (mail_server,mail_server_hidden +4). patterns b,d,a
2E	4B9C	imm	2E	5EE0	CONFIRMED	[xref_infer] hl=$5EE0 is exactly the label Data_2E_5EE0 (gfx region 2E:5EE0); read at 00:078D (ldh [$FF51], a (rHDMA1 = source high byte)) via Function_00_0787; bank $2E from the constant loaded into A; trace: insn executed, target read (mail_server,mail_server_hidden +4). patterns b,d,a
2E	4BAE	imm	2E	6560	CONFIRMED	[xref_infer] hl=$6560 is exactly the label Data_2E_6560 (gfx region 2E:6560); read at 00:078D (ldh [$FF51], a (rHDMA1 = source high byte)) via Function_00_0787; bank $2E from the constant loaded into A; trace: insn executed, target read (mail_server,mail_server_hidden +4). patterns b,d,a
2E	4BC0	imm	2E	6000	CONFIRMED	[xref_infer] hl=$6000 is exactly the label Data_2E_6000 (gfx region 2E:6000); read at 00:078D (ldh [$FF51], a (rHDMA1 = source high byte)) via Function_00_0787; bank $2E from the constant loaded into A; trace: insn executed, target read (mail_server,mail_server_hidden +4). patterns b,d,a
2E	4BD2	imm	2E	6400	CONFIRMED	[xref_infer] hl=$6400 is exactly the label Data_2E_6400 (gfx region 2E:6400); read at 00:078D (ldh [$FF51], a (rHDMA1 = source high byte)) via Function_00_0787; bank $2E from the constant loaded into A; trace: insn executed, target read (mail_server,mail_server_hidden +4). patterns b,d,a
2E	4BE7	imm	2E	6960	CONFIRMED	[xref_infer] hl=$6960 is exactly the label Data_2E_6960 (data region 2E:6960); read at 00:0904 (ld a, [hli]) via Function_00_08EA -> Function_00_0904; bank $2E from the constant loaded into A; trace: insn executed, target read (mail_server,mail_server_hidden +4). patterns b,d,a
2E	4BFD	imm	2E	6C30	CONFIRMED	[xref_infer] hl=$6C30 is exactly the label Data_2E_6C30 (data region 2E:6C30); read at 00:0904 (ld a, [hli]) via Function_00_08EA -> Function_00_0904; bank $2E from the constant loaded into A; trace: insn executed, target read (mail_server,mail_server_hidden +4). patterns b,d,a
2E	4C84	imm	2E	7590	PROBABLE	[xref_infer] hl=$7590 is exactly the label Data_2E_7590 (data region 2E:7590); read at 2E:4C89 (call $06D1) via FarCopyBytes_4F_4000 (CopyBytes with source bank in A); bank $2E from the constant loaded into A. patterns b,d,a
2E	4CA3	imm	2E	56E0	PROBABLE	[xref_infer] hl=$56E0 is exactly the label Data_2E_56E0 (gfx region 2E:56E0); read at 00:078D (ldh [$FF51], a (rHDMA1 = source high byte)) via Function_00_0787; bank $2E from the constant loaded into A. patterns b,d,a
2E	4CB5	imm	2E	5AE0	PROBABLE	[xref_infer] hl=$5AE0 is exactly the label Data_2E_5AE0 (gfx region 2E:5AE0); read at 00:078D (ldh [$FF51], a (rHDMA1 = source high byte)) via Function_00_0787; bank $2E from the constant loaded into A. patterns b,d,a
2E	4CC7	imm	2E	5EE0	PROBABLE	[xref_infer] hl=$5EE0 is exactly the label Data_2E_5EE0 (gfx region 2E:5EE0); read at 00:078D (ldh [$FF51], a (rHDMA1 = source high byte)) via Function_00_0787; bank $2E from the constant loaded into A. patterns b,d,a
2E	4CD9	imm	2E	6560	PROBABLE	[xref_infer] hl=$6560 is exactly the label Data_2E_6560 (gfx region 2E:6560); read at 00:078D (ldh [$FF51], a (rHDMA1 = source high byte)) via Function_00_0787; bank $2E from the constant loaded into A. patterns b,d,a
2E	4CEB	imm	2E	6000	PROBABLE	[xref_infer] hl=$6000 is exactly the label Data_2E_6000 (gfx region 2E:6000); read at 00:078D (ldh [$FF51], a (rHDMA1 = source high byte)) via Function_00_0787; bank $2E from the constant loaded into A. patterns b,d,a
2E	4CFD	imm	2E	6400	PROBABLE	[xref_infer] hl=$6400 is exactly the label Data_2E_6400 (gfx region 2E:6400); read at 00:078D (ldh [$FF51], a (rHDMA1 = source high byte)) via Function_00_0787; bank $2E from the constant loaded into A. patterns b,d,a
2E	4D12	imm	2E	6960	PROBABLE	[xref_infer] hl=$6960 is exactly the label Data_2E_6960 (data region 2E:6960); read at 00:0904 (ld a, [hli]) via Function_00_08EA -> Function_00_0904; bank $2E from the constant loaded into A. patterns b,d,a
2E	4D28	imm	2E	6C30	PROBABLE	[xref_infer] hl=$6C30 is exactly the label Data_2E_6C30 (data region 2E:6C30); read at 00:0904 (ld a, [hli]) via Function_00_08EA -> Function_00_0904; bank $2E from the constant loaded into A. patterns b,d,a
2E	4DED	imm	2E	6960	CONFIRMED	[xref_infer] hl=$6960 is exactly the label Data_2E_6960 (data region 2E:6960); read at 00:0904 (ld a, [hli]) via Function_00_08EA -> Function_00_0904; bank $2E from the constant loaded into A; trace: insn executed, target read (mail_server,mail_server_hidden +4). patterns b,d,a
2E	4E24	imm	2E	6D20	CONFIRMED	[xref_infer] hl=$6D20 is exactly the label Data_2E_6D20 (data region 2E:6D20); read at 00:0904 (ld a, [hli]) via Function_00_08EA -> Function_00_0904; bank $2E from the constant loaded into A; trace: insn executed, target read (mail_server_full,monkey_camp_hid +1). patterns b,d,a
2E	4E5F	imm	2E	6FF0	PROBABLE	[xref_infer] hl=$6FF0 is exactly the label Data_2E_6FF0 (data region 2E:6FF0); read at 00:0904 (ld a, [hli]) via Function_00_08EA -> Function_00_0904; bank $2E from the constant loaded into A. patterns b,d
2E	4E96	imm	2E	72C0	PROBABLE	[xref_infer] hl=$72C0 is exactly the label Data_2E_72C0 (data region 2E:72C0); read at 00:0904 (ld a, [hli]) via Function_00_08EA -> Function_00_0904; bank $2E from the constant loaded into A. patterns b,d
2E	5399	imm	2E	53A8	CONFIRMED	[xref_infer] hl=$53A8 is exactly the label String_2E_53A8 (text region 2E:53A8); read at 48:404E (call $1620) via Function_48_403E -> ReadByteFar; bank $2E from the constant loaded into A; trace: insn executed, target read (mail_server,mail_server_full +4). patterns b,d,a
2E	5437	imm	2E	5446	CONFIRMED	[xref_infer] hl=$5446 is exactly the label String_2E_5446 (text region 2E:5446); read at 48:404E (call $1620) via Function_48_403E -> ReadByteFar; bank $2E from the constant loaded into A; trace: insn executed, target read (mail_server_full,monkey_camp_hid +1). patterns b,d,a
2E	54A0	imm	2E	54F8	PROBABLE	[xref_infer] hl=$54F8 is exactly the label Table_2E_54F8 (ptrtable region 2E:54F8); read at 2E:54A4 (ld a, [hli]), pair intact until then; base pointer (offset added before the read); own bank $2E. patterns c
2F	4135	imm	28	5210	PROBABLE	[xref_infer] de=$5210 is exactly the label Table_28_5210 (words region 28:5210); read at 00:0AC5 (ld a, [de]) via Function_00_0A82 -> Function_00_0AB8; base pointer (offset added before the read); bank $28 from the constant loaded into A. patterns b,d
2F	445B	imm	2F	44E6	PROBABLE	[xref_infer] hl=$44E6 is exactly the label Table_2F_44E6 (words region 2F:44E6); read at 2F:445F (ld a, [hli]), pair intact until then; base pointer (offset added before the read); own bank $2F; trace: insn executed, target read (mail_addressbook,monkey_camp_tut +1). patterns c,a
2F	44BA	imm	2F	44E6	PROBABLE	[xref_infer] hl=$44E6 is exactly the label Table_2F_44E6 (words region 2F:44E6); read at 2F:44BE (ld a, [hli]), pair intact until then; base pointer (offset added before the read); own bank $2F; trace: insn executed, target read (mail_addressbook,monkey_camp_tut +1). patterns c,a
2F	4507	imm	2F	5010	PROBABLE	[xref_infer] de=$5010 is exactly the label Table_2F_5010 (ptrtable region 2F:5010); read at 00:0AC5 (ld a, [de]) via Function_00_0A82 -> Function_00_0AB8; base pointer (offset added before the read); bank $2F from the constant loaded into A. patterns b,d
2F	4588	imm	2C	6C30	CONFIRMED	[xref_infer] hl=$6C30 is exactly the label Data_2C_6C30 (gfx region 2C:6C30); read at 00:074F (ldh [$FF51], a (rHDMA1 = source high byte)) via Function_00_0749; bank $2C from the constant loaded into A; trace: insn executed, target read (monkey_1,monkey_camp_reg +4). patterns b,d,a
2F	45BE	imm	28	4BD0	CONFIRMED	[xref_infer] hl=$4BD0 is exactly the label Data_28_4BD0 (gfx region 28:4BD0); read at 00:074F (ldh [$FF51], a (rHDMA1 = source high byte)) via Function_00_0749; bank $28 from the constant loaded into A; trace: insn executed, target read (mail_inbox,monkey_camp_reg +5). patterns b,d,a
2F	45D0	imm	28	4FD0	CONFIRMED	[xref_infer] hl=$4FD0 is exactly the label Data_28_4FD0 (gfx region 28:4FD0); read at 00:074F (ldh [$FF51], a (rHDMA1 = source high byte)) via Function_00_0749; bank $28 from the constant loaded into A; trace: insn executed, target read (mail_inbox,monkey_camp_reg +5). patterns b,d,a
2F	45E5	imm	2F	4D40	CONFIRMED	[xref_infer] hl=$4D40 is exactly the label Data_2F_4D40 (data region 2F:4D40); read at 00:0904 (ld a, [hli]) via Function_00_08EA -> Function_00_0904; bank $2F from the constant loaded into A; trace: insn executed, target read (addressbook_full,mail_addressbook +3). patterns b,d,a
2F	45F6	imm	2C	71D0	CONFIRMED	[xref_infer] hl=$71D0 is exactly the label Palette_2C_71D0 (data region 2C:71D0); read at 2F:45FB (call $06D1) via FarCopyBytes_4F_4000 (CopyBytes with source bank in A); bank $2C from the constant loaded into A; trace: insn executed, target read (addressbook_full,mail_addressbook +5). patterns b,d,a
2F	4607	imm	28	51D0	CONFIRMED	[xref_infer] hl=$51D0 is exactly the label Palette_28_51D0 (data region 28:51D0); read at 2F:460C (call $06D1) via FarCopyBytes_4F_4000 (CopyBytes with source bank in A); bank $28 from the constant loaded into A; trace: insn executed, target read (addressbook_full,mail_addressbook +3). patterns b,d,a
2F	491D	imm	2F	4936	PROBABLE	[xref_infer] hl=$4936 is exactly the label Table_2F_4936 (words region 2F:4936); read at 2F:4921 (ld a, [hli]), pair intact until then; base pointer (offset added before the read); own bank $2F; trace: insn executed, target read (addressbook_full,mail_addressbook +3). patterns c,a
2F	4ADC	imm	2F	4B42	PROBABLE	[xref_infer] hl=$4B42 is exactly the label Table_2F_4B42 (words region 2F:4B42); read at 2F:4AE0 (ld a, [hli]), pair intact until then; base pointer (offset added before the read); own bank $2F; trace: insn executed, target read (mail_addressbook,monkey_1 +3). patterns c,a
2F	4B0C	imm	2F	4B42	PROBABLE	[xref_infer] hl=$4B42 is exactly the label Table_2F_4B42 (words region 2F:4B42); read at 2F:4B10 (ld a, [hli]), pair intact until then; base pointer (offset added before the read); own bank $2F; trace: insn executed, target read (mail_addressbook,monkey_1 +3). patterns c,a
2F	4B6B	imm	2F	4B9E	PROBABLE	[xref_infer] hl=$4B9E is exactly the label Table_2F_4B9E (words region 2F:4B9E); read at 2F:4B6F (ld a, [hli]), pair intact until then; base pointer (offset added before the read); own bank $2F; trace: insn executed, target read (addressbook_full,mail_addressbook +3). patterns c,a
2F	4BB2	imm	2F	4BD0	PROBABLE	[xref_infer] hl=$4BD0 is exactly the label Table_2F_4BD0 (ptrtable region 2F:4BD0); read at 2F:4BB6 (ld a, [hli]), pair intact until then; base pointer (offset added before the read); own bank $2F; trace: insn executed, target read (monkey_1,mail_addressbook +3). patterns c,a
2F	4CAF	imm	2F	4CFD	PROBABLE	[xref_infer] hl=$4CFD is exactly the label Table_2F_4CFD (ptrtable region 2F:4CFD); read at 2F:4CB3 (ld a, [hli]), pair intact until then; base pointer (offset added before the read); own bank $2F; trace: insn executed, target read (monkey_camp_reg2,monkey_camp_tut +1). patterns c,a
2F	5178	imm	2F	51B5	PROBABLE	[xref_infer] hl=$51B5 is exactly the label Table_2F_51B5 (words region 2F:51B5); read at 2F:517C (ld a, [hli]), pair intact until then; base pointer (offset added before the read); own bank $2F. patterns c
2F	51E0	imm	2C	7F90	CONFIRMED	[xref_infer] hl=$7F90 is exactly the label Palette_2C_7F90 (data region 2C:7F90); read at 2F:51E5 (call $06D1) via FarCopyBytes_4F_4000 (CopyBytes with source bank in A); bank $2C from the constant loaded into A; trace: insn executed, target read (addressbook_full). patterns b,d,a
2F	51F1	imm	2C	7F50	CONFIRMED	[xref_infer] hl=$7F50 is exactly the label Palette_2C_7F50 (data region 2C:7F50); read at 2F:51F6 (call $06D1) via FarCopyBytes_4F_4000 (CopyBytes with source bank in A); bank $2C from the constant loaded into A; trace: insn executed, target read (addressbook_full). patterns b,d,a
2F	51FF	imm	29	5E50	CONFIRMED	[xref_infer] hl=$5E50 is exactly the label Data_29_5E50 (gfx region 29:5E50); read at 00:078D (ldh [$FF51], a (rHDMA1 = source high byte)) via Function_00_0787; bank $29 from the constant loaded into A; trace: insn executed, target read (addressbook_full). patterns b,d,a
2F	5211	imm	29	6250	CONFIRMED	[xref_infer] hl=$6250 is exactly the label Data_29_6250 (gfx region 29:6250); read at 00:078D (ldh [$FF51], a (rHDMA1 = source high byte)) via Function_00_0787; bank $29 from the constant loaded into A; trace: insn executed, target read (addressbook_full). patterns b,d,a
2F	5223	imm	2A	7CF0	CONFIRMED	[xref_infer] hl=$7CF0 is exactly the label Data_2A_7CF0 (gfx region 2A:7CF0); read at 00:078D (ldh [$FF51], a (rHDMA1 = source high byte)) via Function_00_0787; bank $2A from the constant loaded into A; trace: insn executed, target read (addressbook_full). patterns b,d,a
2F	5235	imm	2A	7DD0	CONFIRMED	[xref_infer] hl=$7DD0 is exactly the label Data_2A_7DD0 (gfx region 2A:7DD0); read at 00:078D (ldh [$FF51], a (rHDMA1 = source high byte)) via Function_00_0787; bank $2A from the constant loaded into A; trace: insn executed, target read (addressbook_full). patterns b,d,a
2F	524A	imm	2C	7C80	CONFIRMED	[xref_infer] hl=$7C80 is exactly the label Data_2C_7C80 (data region 2C:7C80); read at 00:0904 (ld a, [hli]) via Function_00_08EA -> Function_00_0904; bank $2C from the constant loaded into A; trace: insn executed, target read (addressbook_full). patterns b,d,a
2F	5263	imm	2F	57B0	PROBABLE	[xref_infer] de=$57B0 is exactly the label Table_2F_57B0 (ptrtable region 2F:57B0); read at 00:0AC5 (ld a, [de]) via Function_00_0A82 -> Function_00_0AB8; base pointer (offset added before the read); bank $2F from the constant loaded into A. patterns b,d
2F	52EE	imm	2F	5383	PROBABLE	[xref_infer] hl=$5383 is exactly the label Table_2F_5383 (words region 2F:5383); read at 2F:52F2 (ld a, [hli]), pair intact until then; base pointer (offset added before the read); own bank $2F; trace: insn executed, target read (addressbook_full). patterns c,a
2F	595D	imm	2F	61F0	CONFIRMED	[xref_infer] hl=$61F0 is exactly the label Tiles_2F_61F0 (gfx region 2F:61F0); read at 00:074F (ldh [$FF51], a (rHDMA1 = source high byte)) via Function_00_0749; bank $2F from the constant loaded into A; trace: insn executed, target read (addressbook_full). patterns b,d,a
2F	596F	imm	2F	65F0	CONFIRMED	[xref_infer] hl=$65F0 is exactly the label Tiles_2F_65F0 (gfx region 2F:65F0); read at 00:074F (ldh [$FF51], a (rHDMA1 = source high byte)) via Function_00_0749; bank $2F from the constant loaded into A; trace: insn executed, target read (addressbook_full). patterns b,d,a
2F	5981	imm	2F	66F0	CONFIRMED	[xref_infer] hl=$66F0 is exactly the label Tiles_2F_66F0 (gfx region 2F:66F0); read at 00:074F (ldh [$FF51], a (rHDMA1 = source high byte)) via Function_00_0749; bank $2F from the constant loaded into A; trace: insn executed, target read (addressbook_full). patterns b,d,a
2F	5993	imm	29	5B10	CONFIRMED	[xref_infer] hl=$5B10 is exactly the label Data_29_5B10 (gfx region 29:5B10); read at 00:074F (ldh [$FF51], a (rHDMA1 = source high byte)) via Function_00_0749; bank $29 from the constant loaded into A; trace: insn executed, target read (mail_addressbook,monkey_camp_reg2 +2). patterns b,d,a
2F	59A8	imm	29	5E10	CONFIRMED	[xref_infer] hl=$5E10 is exactly the label Palette_29_5E10 (data region 29:5E10); read at 2F:59AD (call $06D1) via FarCopyBytes_4F_4000 (CopyBytes with source bank in A); bank $29 from the constant loaded into A; trace: insn executed, target read (mail_addressbook,monkey_camp_reg2 +2). patterns b,d,a
2F	59B9	imm	2F	6CC0	CONFIRMED	[xref_infer] hl=$6CC0 is exactly the label Palette_2F_6CC0 (data region 2F:6CC0); read at 2F:59BE (call $06D1) via FarCopyBytes_4F_4000 (CopyBytes with source bank in A); bank $2F from the constant loaded into A; trace: insn executed, target read (addressbook_full). patterns b,d,a
2F	59CA	imm	2F	69F0	CONFIRMED	[xref_infer] hl=$69F0 is exactly the label Data_2F_69F0 (data region 2F:69F0); read at 00:0904 (ld a, [hli]) via Function_00_08EA -> Function_00_0904; bank $2F from the constant loaded into A; trace: insn executed, target read (addressbook_full). patterns b,d,a
2F	5ECA	imm	2F	5F41	PROBABLE	[xref_infer] de=$5F41 is exactly the label String_2F_5F41 (text region 2F:5F41); read at 2F:5ECD (ld a, [de]), pair intact until then; own bank $2F. patterns c
2F	5FAA	imm	2F	6040	PROBABLE	[xref_infer] de=$6040 is exactly the label String_2F_6040 (text region 2F:6040); read at 2F:5FAD (ld a, [de]), pair intact until then; own bank $2F. patterns c
2F	605D	imm	2F	60F1	PROBABLE	[xref_infer] de=$60F1 is exactly the label String_2F_60F1 (text region 2F:60F1); read at 2F:6060 (ld a, [de]), pair intact until then; own bank $2F. patterns c
2F	6FD2	imm	2F	77D0	CONFIRMED	[xref_infer] hl=$77D0 is exactly the label Data_2F_77D0 (data region 2F:77D0); read at 00:074F (ldh [$FF51], a (rHDMA1 = source high byte)) via Function_00_0749; bank $2F from the constant loaded into A; trace: insn executed, target read (addressbook_full,mail_addressbook +2). patterns b,d,a
2F	6FE4	imm	29	5B10	CONFIRMED	[xref_infer] hl=$5B10 is exactly the label Data_29_5B10 (gfx region 29:5B10); read at 00:074F (ldh [$FF51], a (rHDMA1 = source high byte)) via Function_00_0749; bank $29 from the constant loaded into A; trace: insn executed, target read (mail_addressbook,monkey_camp_reg2 +2). patterns b,d,a
2F	6FF9	imm	29	5E10	CONFIRMED	[xref_infer] hl=$5E10 is exactly the label Palette_29_5E10 (data region 29:5E10); read at 2F:6FFE (call $06D1) via FarCopyBytes_4F_4000 (CopyBytes with source bank in A); bank $29 from the constant loaded into A; trace: insn executed, target read (mail_addressbook,monkey_camp_reg2 +2). patterns b,d,a
2F	700A	imm	2F	7D90	CONFIRMED	[xref_infer] hl=$7D90 is exactly the label Data_2F_7D90 (data region 2F:7D90); read at 2F:700F (call $06D1) via FarCopyBytes_4F_4000 (CopyBytes with source bank in A); bank $2F from the constant loaded into A; trace: insn executed, target read (addressbook_full,mail_addressbook +2). patterns b,d,a
2F	701B	imm	2F	7AC0	CONFIRMED	[xref_infer] hl=$7AC0 is exactly the label Data_2F_7AC0 (data region 2F:7AC0); read at 00:0904 (ld a, [hli]) via Function_00_08EA -> Function_00_0904; bank $2F from the constant loaded into A; trace: insn executed, target read (addressbook_full,mail_addressbook +2). patterns b,d,a
2F	7F63	imm	2F	7FA0	PROBABLE	[xref_infer] hl=$7FA0 is exactly the label Table_2F_7FA0 (words region 2F:7FA0); read at 2F:7F67 (ld a, [hli]), pair intact until then; base pointer (offset added before the read); own bank $2F; trace: insn executed, target read (mail_addressbook,monkey_camp_tut +1). patterns c,a
48	4774	imm	48	4810	CONFIRMED	[xref_infer] hl=$4810 is exactly the label Table_48_4810 (data region 48:4810); read at 48:4777 (ld c, [hl]), pair intact until then; own bank $48; trace: insn executed, target read (boot_states,browser_bookmarks +35). patterns c,a
4C	4CB4	imm	4C	4CEA	PROBABLE	[xref_infer] hl=$4CEA is exactly the label Table_4C_4CEA (data region 4C:4CEA); read at 4C:4CBA (ld a, [hli]), pair intact until then; base pointer (offset added before the read); own bank $4C; trace: insn executed, target read (browser_bookmarks,browser_errors +3). patterns c,a
4C	4D4A	imm	4C	4CEA	PROBABLE	[xref_infer] hl=$4CEA is exactly the label Table_4C_4CEA (data region 4C:4CEA); read at 4C:4D50 (ld a, [hli]), pair intact until then; base pointer (offset added before the read); own bank $4C; trace: insn executed, target read (browser_bookmarks,browser_errors +3). patterns c,a
4C	4E63	imm	4C	4F11	CONFIRMED	[xref_infer] hl=$4F11 is exactly the label String_4C_4F11 (text region 4C:4F11); read at 00:14BF (ld a, [hli]) via CopyString; own bank $4C; trace: insn executed, target read (browser_pages). patterns b,a
4C	4E75	imm	4C	4F25	CONFIRMED	[xref_infer] hl=$4F25 is exactly the label String_4C_4F25 (text region 4C:4F25); read at 00:14BF (ld a, [hli]) via CopyString; own bank $4C; trace: insn executed, target read (browser_pages). patterns b,a
4C	4E89	imm	4C	4F45	CONFIRMED	[xref_infer] hl=$4F45 is exactly the label String_4C_4F45 (text region 4C:4F45); read at 00:14BF (ld a, [hli]) via CopyString; own bank $4C; trace: insn executed, target read (browser_pages). patterns b,a
4E	4026	imm	4E	654B	PROBABLE	[xref_infer] hl=$654B is exactly the label Table_4E_654B (ptrtable region 4E:654B); read at 4E:402B (ld a, [hli]), pair intact until then; base pointer (offset added before the read); own bank $4E. patterns c,a
4E	40D0	imm	4E	654B	PROBABLE	[xref_infer] hl=$654B is exactly the label Table_4E_654B (ptrtable region 4E:654B); read at 4E:40D5 (ld a, [hli]), pair intact until then; base pointer (offset added before the read); own bank $4E. patterns c,a
4E	48F5	imm	4E	4904	CONFIRMED	[xref_infer] hl=$4904 is exactly the label Data_4E_4904 (data region 4E:4904); read at 00:14BF (ld a, [hli]) via CopyString; own bank $4E; trace: insn executed, target read (browser_bookmarks,browser_errors +5). patterns b,a
4E	5892	imm	4E	589B	PROBABLE	[xref_infer] hl=$589B is exactly the label Table_4E_589B (ptrtable region 4E:589B); read at 4E:5897 (ld a, [hli]), pair intact until then; base pointer (offset added before the read); own bank $4E. patterns c
4E	5CC7	imm	47	4080	CONFIRMED	[xref_infer] hl=$4080 is exactly the label Data_47_4080 (gfx region 47:4080); read at 00:078D (ldh [$FF51], a (rHDMA1 = source high byte)) via Function_00_0787; bank $47 from the constant loaded into A; trace: insn executed, target read (browser_bookmarks,browser_errors +3). patterns b,d,a
4E	5CD9	imm	47	4090	CONFIRMED	[xref_infer] hl=$4090 is exactly the label Data_47_4090 (gfx region 47:4090); read at 00:078D (ldh [$FF51], a (rHDMA1 = source high byte)) via Function_00_0787; bank $47 from the constant loaded into A; trace: insn executed, target read (browser_bookmarks,browser_errors +3). patterns b,d,a
4E	5CFE	imm	47	40C0	CONFIRMED	[xref_infer] hl=$40C0 is exactly the label Data_47_40C0 (gfx region 47:40C0); read at 00:078D (ldh [$FF51], a (rHDMA1 = source high byte)) via Function_00_0787; bank $47 from the constant loaded into A; trace: insn executed, target read (monkey_camp_rich,monkey_1 +3). patterns b,d,a
4E	5D10	imm	47	40D0	CONFIRMED	[xref_infer] hl=$40D0 is exactly the label Data_47_40D0 (gfx region 47:40D0); read at 00:078D (ldh [$FF51], a (rHDMA1 = source high byte)) via Function_00_0787; bank $47 from the constant loaded into A; trace: insn executed, target read (monkey_camp_rich,monkey_1 +3). patterns b,d,a
4E	5D35	imm	47	4000	CONFIRMED	[xref_infer] hl=$4000 is exactly the label Data_47_4000 (gfx region 47:4000); read at 00:078D (ldh [$FF51], a (rHDMA1 = source high byte)) via Function_00_0787; bank $47 from the constant loaded into A; trace: insn executed, target read (monkey_camp_reg2,settings_cgi). patterns b,d,a
4E	5D47	imm	47	4010	CONFIRMED	[xref_infer] hl=$4010 is exactly the label Data_47_4010 (gfx region 47:4010); read at 00:078D (ldh [$FF51], a (rHDMA1 = source high byte)) via Function_00_0787; bank $47 from the constant loaded into A; trace: insn executed, target read (monkey_camp_reg2,settings_cgi). patterns b,d,a
4E	5D79	imm	4E	654B	PROBABLE	[xref_infer] hl=$654B is exactly the label Table_4E_654B (ptrtable region 4E:654B); read at 4E:5D7E (ld a, [hli]), pair intact until then; base pointer (offset added before the read); own bank $4E. patterns c,a
4E	5DA2	imm	4E	654B	PROBABLE	[xref_infer] hl=$654B is exactly the label Table_4E_654B (ptrtable region 4E:654B); read at 4E:5DA7 (ld a, [hli]), pair intact until then; base pointer (offset added before the read); own bank $4E. patterns c,a
4E	5DD9	imm	4E	654B	PROBABLE	[xref_infer] hl=$654B is exactly the label Table_4E_654B (ptrtable region 4E:654B); read at 4E:5DDE (ld a, [hli]), pair intact until then; base pointer (offset added before the read); own bank $4E. patterns c,a
4E	5E25	imm	4E	654B	PROBABLE	[xref_infer] hl=$654B is exactly the label Table_4E_654B (ptrtable region 4E:654B); read at 4E:5E2A (ld a, [hli]), pair intact until then; base pointer (offset added before the read); own bank $4E; trace: insn executed, target read (settings_cgi). patterns c,a
4E	5E69	imm	4E	654B	PROBABLE	[xref_infer] hl=$654B is exactly the label Table_4E_654B (ptrtable region 4E:654B); read at 4E:5E6E (ld a, [hli]), pair intact until then; base pointer (offset added before the read); own bank $4E; trace: insn executed, target read (settings_cgi). patterns c,a
4E	5F08	imm	72	7828	PROBABLE	[xref_infer] de=$7828 is exactly the label Table_72_7828 (words region 72:7828); read at 00:0AC5 (ld a, [de]) via Function_00_0A82 -> Function_00_0AB8; base pointer (offset added before the read); bank $72 from the constant loaded into A. patterns b,d
4E	5F1E	imm	4E	654B	PROBABLE	[xref_infer] hl=$654B is exactly the label Table_4E_654B (ptrtable region 4E:654B); read at 4E:5F23 (ld a, [hli]), pair intact until then; base pointer (offset added before the read); own bank $4E; trace: insn executed, target read (settings_cgi). patterns c,a
4E	5F37	imm	72	7828	PROBABLE	[xref_infer] de=$7828 is exactly the label Table_72_7828 (words region 72:7828); read at 00:0AC5 (ld a, [de]) via Function_00_0A82 -> Function_00_0AB8; base pointer (offset added before the read); bank $72 from the constant loaded into A. patterns b,d
4E	5F49	imm	72	7828	PROBABLE	[xref_infer] de=$7828 is exactly the label Table_72_7828 (words region 72:7828); read at 00:0AC5 (ld a, [de]) via Function_00_0A82 -> Function_00_0AB8; base pointer (offset added before the read); bank $72 from the constant loaded into A. patterns b,d
4E	5F69	imm	72	7828	PROBABLE	[xref_infer] de=$7828 is exactly the label Table_72_7828 (words region 72:7828); read at 00:0AC5 (ld a, [de]) via Function_00_0A82 -> Function_00_0AB8; base pointer (offset added before the read); bank $72 from the constant loaded into A. patterns b,d
4E	5F7F	imm	4E	654B	PROBABLE	[xref_infer] hl=$654B is exactly the label Table_4E_654B (ptrtable region 4E:654B); read at 4E:5F84 (ld a, [hli]), pair intact until then; base pointer (offset added before the read); own bank $4E; trace: insn executed, target read (settings_cgi). patterns c,a
4E	5F98	imm	72	7828	PROBABLE	[xref_infer] de=$7828 is exactly the label Table_72_7828 (words region 72:7828); read at 00:0AC5 (ld a, [de]) via Function_00_0A82 -> Function_00_0AB8; base pointer (offset added before the read); bank $72 from the constant loaded into A. patterns b,d
4E	5FAA	imm	72	7828	PROBABLE	[xref_infer] de=$7828 is exactly the label Table_72_7828 (words region 72:7828); read at 00:0AC5 (ld a, [de]) via Function_00_0A82 -> Function_00_0AB8; base pointer (offset added before the read); bank $72 from the constant loaded into A. patterns b,d
4E	5FDE	imm	4E	654B	PROBABLE	[xref_infer] hl=$654B is exactly the label Table_4E_654B (ptrtable region 4E:654B); read at 4E:5FE3 (ld a, [hli]), pair intact until then; base pointer (offset added before the read); own bank $4E; trace: insn executed, target read (settings_cgi). patterns c,a
4E	6052	imm	69	4778	PROBABLE	[xref_infer] de=$4778 is exactly the label Table_69_4778 (ptrtable region 69:4778); read at 00:0AC5 (ld a, [de]) via Function_00_0A82 -> Function_00_0AB8; base pointer (offset added before the read); bank $69 from the constant loaded into A. patterns b,d
4E	6071	imm	4E	654B	PROBABLE	[xref_infer] hl=$654B is exactly the label Table_4E_654B (ptrtable region 4E:654B); read at 4E:6076 (ld a, [hli]), pair intact until then; base pointer (offset added before the read); own bank $4E; trace: insn executed, target read (settings_cgi). patterns c,a
4E	6092	imm	4E	654B	PROBABLE	[xref_infer] hl=$654B is exactly the label Table_4E_654B (ptrtable region 4E:654B); read at 4E:6097 (ld a, [hli]), pair intact until then; base pointer (offset added before the read); own bank $4E. patterns c,a
4E	60ED	imm	4E	654B	PROBABLE	[xref_infer] hl=$654B is exactly the label Table_4E_654B (ptrtable region 4E:654B); read at 4E:60F2 (ld a, [hli]), pair intact until then; base pointer (offset added before the read); own bank $4E; trace: insn executed, target read (settings_cgi). patterns c,a
4E	6134	imm	4E	654B	PROBABLE	[xref_infer] hl=$654B is exactly the label Table_4E_654B (ptrtable region 4E:654B); read at 4E:6139 (ld a, [hli]), pair intact until then; base pointer (offset added before the read); own bank $4E; trace: insn executed, target read (settings_cgi). patterns c,a
4E	61B8	imm	72	6C10	CONFIRMED	[xref_infer] hl=$6C10 is exactly the label Data_72_6C10 (gfx region 72:6C10); read at 00:078D (ldh [$FF51], a (rHDMA1 = source high byte)) via Function_00_0787; bank $72 from the constant loaded into A; trace: insn executed, target read (browser_errors,monkey_1 +8). patterns b,d,a
4E	61D0	imm	4E	654B	PROBABLE	[xref_infer] hl=$654B is exactly the label Table_4E_654B (ptrtable region 4E:654B); read at 4E:61D5 (ld a, [hli]), pair intact until then; base pointer (offset added before the read); own bank $4E; trace: insn executed, target read (settings_cgi). patterns c,a
4E	62B3	imm	72	6C10	PROBABLE	[xref_infer] hl=$6C10 is exactly the label Data_72_6C10 (gfx region 72:6C10); read at 00:078D (ldh [$FF51], a (rHDMA1 = source high byte)) via Function_00_0787; bank $72 from the constant loaded into A. patterns b,d,a
4E	62CA	imm	4E	654B	PROBABLE	[xref_infer] hl=$654B is exactly the label Table_4E_654B (ptrtable region 4E:654B); read at 4E:62CF (ld a, [hli]), pair intact until then; base pointer (offset added before the read); own bank $4E. patterns c,a
4E	633A	imm	4E	654B	PROBABLE	[xref_infer] hl=$654B is exactly the label Table_4E_654B (ptrtable region 4E:654B); read at 4E:633F (ld a, [hli]), pair intact until then; base pointer (offset added before the read); own bank $4E. patterns c,a
4E	6370	imm	4E	654B	PROBABLE	[xref_infer] hl=$654B is exactly the label Table_4E_654B (ptrtable region 4E:654B); read at 4E:6375 (ld a, [hli]), pair intact until then; base pointer (offset added before the read); own bank $4E. patterns c,a
4E	63CD	imm	4E	654B	PROBABLE	[xref_infer] hl=$654B is exactly the label Table_4E_654B (ptrtable region 4E:654B); read at 4E:63D2 (ld a, [hli]), pair intact until then; base pointer (offset added before the read); own bank $4E. patterns c,a
4E	64A6	imm	4E	654B	PROBABLE	[xref_infer] hl=$654B is exactly the label Table_4E_654B (ptrtable region 4E:654B); read at 4E:64AB (ld a, [hli]), pair intact until then; base pointer (offset added before the read); own bank $4E. patterns c,a
4E	64EC	imm	4E	654B	PROBABLE	[xref_infer] hl=$654B is exactly the label Table_4E_654B (ptrtable region 4E:654B); read at 4E:64F1 (ld a, [hli]), pair intact until then; base pointer (offset added before the read); own bank $4E. patterns c,a
50	40A5	imm	50	5A20	CONFIRMED	[xref_infer] hl=$5A20 is exactly the label Data_50_5A20 (gfx region 50:5A20); read at 00:078D (ldh [$FF51], a (rHDMA1 = source high byte)) via Function_00_0787; bank $50 from the constant loaded into A; trace: insn executed, target read (browser_pages). patterns b,d,a
50	40B7	imm	50	5E20	CONFIRMED	[xref_infer] hl=$5E20 is exactly the label Data_50_5E20 (gfx region 50:5E20); read at 00:078D (ldh [$FF51], a (rHDMA1 = source high byte)) via Function_00_0787; bank $50 from the constant loaded into A; trace: insn executed, target read (browser_pages). patterns b,d,a
50	40C9	imm	50	5FC0	CONFIRMED	[xref_infer] hl=$5FC0 is exactly the label Data_50_5FC0 (gfx region 50:5FC0); read at 00:078D (ldh [$FF51], a (rHDMA1 = source high byte)) via Function_00_0787; bank $50 from the constant loaded into A; trace: insn executed, target read (browser_pages). patterns b,d,a
50	40DB	imm	50	5FD0	CONFIRMED	[xref_infer] hl=$5FD0 is exactly the label Data_50_5FD0 (gfx region 50:5FD0); read at 00:078D (ldh [$FF51], a (rHDMA1 = source high byte)) via Function_00_0787; bank $50 from the constant loaded into A; trace: insn executed, target read (browser_pages). patterns b,d,a
50	40F0	imm	50	6BC0	CONFIRMED	[xref_infer] hl=$6BC0 is exactly the label Palette_50_6BC0 (data region 50:6BC0); read at 50:40F5 (call $06D1) via FarCopyBytes_4F_4000 (CopyBytes with source bank in A); bank $50 from the constant loaded into A; trace: insn executed, target read (browser_pages). patterns b,d,a
50	4152	imm	50	6D16	PROBABLE	[xref_infer] de=$6D16 is exactly the label Table_50_6D16 (words region 50:6D16); read at 00:0AC5 (ld a, [de]) via Function_00_0A82 -> Function_00_0AB8; base pointer (offset added before the read); bank $50 from the constant loaded into A; trace: insn executed, target read (browser_pages). patterns b,d,a
50	4176	imm	50	62F0	PROBABLE	[xref_infer] hl=$62F0 is exactly the label Data_50_62F0 (gfx region 50:62F0); read at 00:078D (ldh [$FF51], a (rHDMA1 = source high byte)) via Function_00_0787; bank $50 from the constant loaded into A. patterns b,d
50	4188	imm	50	66F0	PROBABLE	[xref_infer] hl=$66F0 is exactly the label Data_50_66F0 (gfx region 50:66F0); read at 00:078D (ldh [$FF51], a (rHDMA1 = source high byte)) via Function_00_0787; bank $50 from the constant loaded into A. patterns b,d
50	419A	imm	50	6890	PROBABLE	[xref_infer] hl=$6890 is exactly the label Data_50_6890 (gfx region 50:6890); read at 00:078D (ldh [$FF51], a (rHDMA1 = source high byte)) via Function_00_0787; bank $50 from the constant loaded into A. patterns b,d
50	41AC	imm	50	68A0	PROBABLE	[xref_infer] hl=$68A0 is exactly the label Data_50_68A0 (gfx region 50:68A0); read at 00:078D (ldh [$FF51], a (rHDMA1 = source high byte)) via Function_00_0787; bank $50 from the constant loaded into A. patterns b,d
50	4259	imm	50	4244	PROBABLE	[xref_infer] hl=$4244 is exactly the label Table_50_4244 (ptrtable region 50:4244); read at 50:4262 (ld a, [hli]), pair intact until then; base pointer (offset added before the read); own bank $50. patterns c
50	4357	imm	50	438A	PROBABLE	[xref_infer] hl=$438A is exactly the label Table_50_438A (words region 50:438A); read at 50:4360 (ld a, [hli]), pair intact until then; base pointer (offset added before the read); own bank $50. patterns c
51	407A	imm	51	4DB0	CONFIRMED	[xref_infer] hl=$4DB0 is exactly the label Data_51_4DB0 (gfx region 51:4DB0); read at 00:078D (ldh [$FF51], a (rHDMA1 = source high byte)) via Function_00_0787; bank $51 from the constant loaded into A; trace: insn executed, target read (browser_errors,browser_pages +13). patterns b,d,a
51	408C	imm	51	51B0	CONFIRMED	[xref_infer] hl=$51B0 is exactly the label Data_51_51B0 (gfx region 51:51B0); read at 00:078D (ldh [$FF51], a (rHDMA1 = source high byte)) via Function_00_0787; bank $51 from the constant loaded into A; trace: insn executed, target read (browser_errors,browser_pages +13). patterns b,d,a
51	40A1	imm	51	5880	CONFIRMED	[xref_infer] hl=$5880 is exactly the label Data_51_5880 (data region 51:5880); read at 51:40A6 (call $06D1) via FarCopyBytes_4F_4000 (CopyBytes with source bank in A); bank $51 from the constant loaded into A; trace: insn executed, target read (browser_errors,browser_pages +13). patterns b,d,a
51	40B2	imm	51	55B0	CONFIRMED	[xref_infer] hl=$55B0 is exactly the label Data_51_55B0 (data region 51:55B0); read at 00:0904 (ld a, [hli]) via Function_00_08EA -> Function_00_0904; bank $51 from the constant loaded into A; trace: insn executed, target read (browser_errors,browser_pages +13). patterns b,d,a
51	40C2	imm	51	42A0	CONFIRMED	[xref_infer] hl=$42A0 is exactly the label Data_51_42A0 (gfx region 51:42A0); read at 00:078D (ldh [$FF51], a (rHDMA1 = source high byte)) via Function_00_0787; bank $51 from the constant loaded into A; trace: insn executed, target read (settings_cgi). patterns b,d,a
51	40D4	imm	51	46A0	CONFIRMED	[xref_infer] hl=$46A0 is exactly the label Data_51_46A0 (gfx region 51:46A0); read at 00:078D (ldh [$FF51], a (rHDMA1 = source high byte)) via Function_00_0787; bank $51 from the constant loaded into A; trace: insn executed, target read (settings_cgi). patterns b,d,a
51	40E9	imm	51	4D70	CONFIRMED	[xref_infer] hl=$4D70 is exactly the label Data_51_4D70 (data region 51:4D70); read at 51:40EE (call $06D1) via FarCopyBytes_4F_4000 (CopyBytes with source bank in A); bank $51 from the constant loaded into A; trace: insn executed, target read (settings_cgi). patterns b,d,a
51	40FA	imm	51	4AA0	CONFIRMED	[xref_infer] hl=$4AA0 is exactly the label Data_51_4AA0 (data region 51:4AA0); read at 00:0904 (ld a, [hli]) via Function_00_08EA -> Function_00_0904; bank $51 from the constant loaded into A; trace: insn executed, target read (settings_cgi). patterns b,d,a
51	7280	imm	51	73D1	PROBABLE	[xref_infer] hl=$73D1 is exactly the label Data_51_73D1 (data region 51:73D1); read at 51:7285 (or a, [hl]), pair intact until then; base pointer (offset added before the read); own bank $51. patterns c
54	40E2	imm	54	413B	CONFIRMED	[xref_infer] hl=$413B is exactly the label Data_54_413B (data region 54:413B); read at 00:14BF (ld a, [hli]) via CopyString; own bank $54; trace: insn executed, target read (settings_cgi,title_settings). patterns b,a
54	40EB	imm	54	413B	CONFIRMED	[xref_infer] hl=$413B is exactly the label Data_54_413B (data region 54:413B); read at 00:14BF (ld a, [hli]) via CopyString; own bank $54; trace: insn executed, target read (settings_cgi,title_settings). patterns b,a
54	4593	imm	54	475A	CONFIRMED	[xref_infer] hl=$475A is exactly the label Data_54_475A (data region 54:475A); read at 00:0510 (ld a, [hli]) via CopyBytes; own bank $54; trace: insn executed, target read (mail_errors,mail_send +2). patterns b,a
54	45D2	imm	54	4770	CONFIRMED	[xref_infer] hl=$4770 is exactly the label String_54_4770 (text region 54:4770); read at 00:14BF (ld a, [hli]) via CopyString; own bank $54; trace: insn executed, target read (mail_errors,mail_send +2). patterns b,a
54	4644	imm	54	4770	CONFIRMED	[xref_infer] hl=$4770 is exactly the label String_54_4770 (text region 54:4770); read at 00:14BF (ld a, [hli]) via CopyString; own bank $54; trace: insn executed, target read (mail_errors,mail_send +2). patterns b,a
54	4809	imm	54	4856	CONFIRMED	[xref_infer] hl=$4856 is exactly the label String_54_4856 (text region 54:4856); read at 00:14BF (ld a, [hli]) via CopyString; own bank $54; trace: insn executed, target read (mail_errors,mail_send +1). patterns b,a
54	483F	imm	54	4856	PROBABLE	[xref_infer] hl=$4856 is exactly the label String_54_4856 (text region 54:4856); read at 00:14BF (ld a, [hli]) via CopyString; own bank $54. patterns b,a
54	49B6	imm	54	49E0	PROBABLE	[xref_infer] hl=$49E0 is exactly the label String_54_49E0 (text region 54:49E0); read at 00:0510 (ld a, [hli]) via CopyBytes; own bank $54. patterns b
54	4A35	imm	54	4C35	CONFIRMED	[xref_infer] hl=$4C35 is exactly the label Data_54_4C35 (data region 54:4C35); read at 00:0510 (ld a, [hli]) via CopyBytes; own bank $54; trace: insn executed, target read (mail_server_full,monkey_camp_hid +1). patterns b,a
54	4A44	imm	54	4C3D	CONFIRMED	[xref_infer] hl=$4C3D is exactly the label Data_54_4C3D (data region 54:4C3D); read at 00:0510 (ld a, [hli]) via CopyBytes; own bank $54; trace: insn executed, target read (mail_server_full,monkey_camp_hid +5). patterns b,a
54	4AB6	imm	54	4AD7	CONFIRMED	[xref_infer] de=$4AD7 is exactly the label String_54_4AD7 (text region 54:4AD7); read at 54:4AB9 (ld a, [de]), pair intact until then; own bank $54; trace: insn executed, target read (mail_server_full,monkey_camp_hid +1). patterns c,a
54	4AE9	imm	54	4AD0	CONFIRMED	[xref_infer] hl=$4AD0 is exactly the label String_54_4AD0 (text region 54:4AD0); read at 00:14BF (ld a, [hli]) via CopyString; own bank $54; trace: insn executed, target read (mail_server_full,monkey_camp_hid +1). patterns b,a
54	4BEF	imm	54	4C3D	CONFIRMED	[xref_infer] hl=$4C3D is exactly the label Data_54_4C3D (data region 54:4C3D); read at 00:0510 (ld a, [hli]) via CopyBytes; own bank $54; trace: insn executed, target read (mail_server_full,monkey_camp_hid +5). patterns b,a
54	4C1A	imm	54	4C2A	CONFIRMED	[xref_infer] de=$4C2A is exactly the label String_54_4C2A (text region 54:4C2A); read at 54:4C1D (ld a, [de]), pair intact until then; own bank $54; trace: insn executed, target read (mail_errors,mail_receive +5). patterns c,a
54	4C95	imm	54	4CAD	CONFIRMED	[xref_infer] hl=$4CAD is exactly the label Data_54_4CAD (data region 54:4CAD); read at 00:0510 (ld a, [hli]) via CopyBytes; own bank $54; trace: insn executed, target read (mail_errors,mail_receive +3). patterns b,a
54	4D4F	imm	54	4FC3	CONFIRMED	[xref_infer] hl=$4FC3 is exactly the label Data_54_4FC3 (data region 54:4FC3); read at 00:0510 (ld a, [hli]) via CopyBytes; own bank $54; trace: insn executed, target read (mail_errors,mail_receive +1). patterns b,a
54	4D73	imm	54	4FCB	CONFIRMED	[xref_infer] hl=$4FCB is exactly the label Data_54_4FCB (data region 54:4FCB); read at 00:0510 (ld a, [hli]) via CopyBytes; own bank $54; trace: insn executed, target read (mail_errors,mail_receive +1). patterns b,a
54	5109	imm	54	511B	CONFIRMED	[xref_infer] hl=$511B is exactly the label Data_54_511B (data region 54:511B); read at 00:0510 (ld a, [hli]) via CopyBytes; own bank $54; trace: insn executed, target read (mail_server_full,monkey_camp_hid +1). patterns b,a
54	5124	imm	54	4C44	CONFIRMED	[xref_infer] hl=$4C44 is exactly the label Data_54_4C44 (data region 54:4C44); read at 00:0510 (ld a, [hli]) via CopyBytes; own bank $54; trace: insn executed, target read (mail_server_full,monkey_camp_hid +5). patterns b,a
54	51A6	imm	54	5343	CONFIRMED	[xref_infer] hl=$5343 is exactly the label String_54_5343 (text region 54:5343); read at 54:51AA (ld a, [hli]), pair intact until then; own bank $54; trace: insn executed, target read (mail_errors,mail_receive +4). patterns c,a
54	51C2	imm	54	5368	PROBABLE	[xref_infer] hl=$5368 is exactly the label Table_54_5368 (data region 54:5368); read at 54:51C6 (ld a, [hl]), pair intact until then; base pointer (offset added before the read); own bank $54; trace: insn executed, target read (mail_errors,mail_receive +4). patterns c,a
55	5BBE	imm	55	4000	PROBABLE	[xref_infer] hl=$4000 is exactly the label Data_55_4000 (data region 55:4000); read at 55:5BC7 (ld a, [hl]), pair intact until then; base pointer (offset added before the read); own bank $55; trace: insn executed, target read (monkey_blank,monkey_camp_blank +4). patterns c,a
55	5BF7	imm	5F	49D0	CONFIRMED	[xref_infer] hl=$49D0 is exactly the label Data_5F_49D0 (gfx region 5F:49D0); read at 00:078D (ldh [$FF51], a (rHDMA1 = source high byte)) via Function_00_0787; bank $5F from the constant loaded into A; trace: insn executed, target read (monkey_2,monkey_3 +22). patterns b,d,a
55	5C27	imm	5F	4CD0	CONFIRMED	[xref_infer] hl=$4CD0 is exactly the label Palette_5F_4CD0 (data region 5F:4CD0); read at 55:5C2C (call $06D1) via FarCopyBytes_4F_4000 (CopyBytes with source bank in A); bank $5F from the constant loaded into A; trace: insn executed, target read (addressbook_full,mail_addressbook +10). patterns b,d,a
55	5C79	imm	5F	4CF8	PROBABLE	[xref_infer] de=$4CF8 is exactly the label Table_5F_4CF8 (words region 5F:4CF8); read at 00:0AC5 (ld a, [de]) via Function_00_0A82 -> Function_00_0AB8; base pointer (offset added before the read); bank $5F from the constant loaded into A. patterns b,d
55	5F38	imm	55	4014	PROBABLE	[xref_infer] hl=$4014 is exactly the label Table_55_4014 (ptrtable region 55:4014); read at 55:5F42 (ld a, [hli]), pair intact until then; base pointer (offset added before the read); own bank $55; trace: insn executed, target read (monkey_blank,monkey_camp_blank +4). patterns c,a
55	5F8E	imm	55	4A42	PROBABLE	[xref_infer] hl=$4A42 is exactly the label Table_55_4A42 (words region 55:4A42); read at 55:5F98 (ld a, [hli]), pair intact until then; base pointer (offset added before the read); own bank $55; trace: insn executed, target read (monkey_blank,monkey_camp_blank). patterns c,a
55	6196	imm	55	62A0	PROBABLE	[xref_infer] hl=$62A0 is exactly the label Data_55_62A0 (data region 55:62A0); read at 55:61A0 (ld a, [hli]), pair intact until then; base pointer (offset added before the read); own bank $55; trace: insn executed, target read (monkey_blank,monkey_camp_blank +4). patterns c,a
55	61AF	imm	5F	4CF8	PROBABLE	[xref_infer] de=$4CF8 is exactly the label Table_5F_4CF8 (words region 5F:4CF8); read at 00:0AC5 (ld a, [de]) via Function_00_0A82 -> Function_00_0AB8; base pointer (offset added before the read); bank $5F from the constant loaded into A. patterns b,d
55	61C3	imm	5F	4CF8	PROBABLE	[xref_infer] de=$4CF8 is exactly the label Table_5F_4CF8 (words region 5F:4CF8); read at 00:0AC5 (ld a, [de]) via Function_00_0A82 -> Function_00_0AB8; base pointer (offset added before the read); bank $5F from the constant loaded into A. patterns b,d
55	61D4	imm	55	62B4	PROBABLE	[xref_infer] hl=$62B4 is exactly the label Table_55_62B4 (ptrtable region 55:62B4); read at 55:61DE (ld a, [hli]), pair intact until then; base pointer (offset added before the read); own bank $55; trace: insn executed, target read (monkey_blank,monkey_camp_blank +4). patterns c,a
55	6411	imm	55	641C	PROBABLE	[xref_infer] hl=$641C is exactly the label Data_55_641C (data region 55:641C); read at 55:641A (ld a, [hl]), pair intact until then; base pointer (offset added before the read); own bank $55; trace: insn executed, target read (monkey_blank,monkey_camp_blank +4). patterns c,a
55	65CC	imm	55	65D7	PROBABLE	[xref_infer] hl=$65D7 is exactly the label Data_55_65D7 (data region 55:65D7); read at 55:65D5 (ld a, [hl]), pair intact until then; base pointer (offset added before the read); own bank $55; trace: insn executed, target read (mail_compose,mail_inbox +5). patterns c,a
55	65DD	imm	5F	4CF8	PROBABLE	[xref_infer] de=$4CF8 is exactly the label Table_5F_4CF8 (words region 5F:4CF8); read at 00:0AC5 (ld a, [de]) via Function_00_0A82 -> Function_00_0AB8; base pointer (offset added before the read); bank $5F from the constant loaded into A. patterns b,d
55	667B	imm	55	66C0	PROBABLE	[xref_infer] hl=$66C0 is exactly the label Data_55_66C0 (data region 55:66C0); read at 55:6687 (ld a, [hl]), pair intact until then; base pointer (offset added before the read); own bank $55; trace: insn executed, target read (mail_compose,mail_inbox +5). patterns c,a
55	66CB	imm	55	66D9	PROBABLE	[xref_infer] hl=$66D9 is exactly the label Table_55_66D9 (ptrtable region 55:66D9); read at 55:66D5 (ld a, [hli]), pair intact until then; base pointer (offset added before the read); own bank $55; trace: insn executed, target read (monkey_blank,monkey_camp_blank +4). patterns c,a
55	66F5	imm	5F	4ECB	CONFIRMED	[xref_infer] hl=$4ECB is exactly the label Data_5F_4ECB (data region 5F:4ECB); read at 00:0904 (ld a, [hli]) via Function_00_08EA -> Function_00_0904; bank $5F from the constant loaded into A; trace: insn executed, target read (monkey_blank,monkey_camp_blank +4). patterns b,d,a
55	6707	imm	5E	57E0	CONFIRMED	[xref_infer] hl=$57E0 is exactly the label Data_5E_57E0 (gfx region 5E:57E0); read at 00:078D (ldh [$FF51], a (rHDMA1 = source high byte)) via Function_00_0787; bank $5E from the constant loaded into A; trace: insn executed, target read (monkey_blank,monkey_camp_blank +4). patterns b,d,a
55	671C	imm	5F	50D3	CONFIRMED	[xref_infer] hl=$50D3 is exactly the label Data_5F_50D3 (data region 5F:50D3); read at 00:0904 (ld a, [hli]) via Function_00_08EA -> Function_00_0904; bank $5F from the constant loaded into A; trace: insn executed, target read (monkey_blank,monkey_camp_blank +4). patterns b,d,a
55	6731	imm	5F	54E3	CONFIRMED	[xref_infer] hl=$54E3 is exactly the label Data_5F_54E3 (data region 5F:54E3); read at 00:0904 (ld a, [hli]) via Function_00_08EA -> Function_00_0904; bank $5F from the constant loaded into A; trace: insn executed, target read (settings_phone). patterns b,d,a
55	6746	imm	5F	56EB	CONFIRMED	[xref_infer] hl=$56EB is exactly the label Data_5F_56EB (data region 5F:56EB); read at 00:0904 (ld a, [hli]) via Function_00_08EA -> Function_00_0904; bank $5F from the constant loaded into A; trace: insn executed, target read (settings_phone). patterns b,d,a
55	6758	imm	5D	4000	CONFIRMED	[xref_infer] hl=$4000 is exactly the label Data_5D_4000 (gfx region 5D:4000); read at 00:078D (ldh [$FF51], a (rHDMA1 = source high byte)) via Function_00_0787; bank $5D from the constant loaded into A; trace: insn executed, target read (monkey_1,monkey_3 +14). patterns b,d,a
55	676A	imm	5D	4400	CONFIRMED	[xref_infer] hl=$4400 is exactly the label Data_5D_4400 (gfx region 5D:4400); read at 00:078D (ldh [$FF51], a (rHDMA1 = source high byte)) via Function_00_0787; bank $5D from the constant loaded into A; trace: insn executed, target read (monkey_1,monkey_3 +14). patterns b,d,a
55	6790	imm	5F	52DB	CONFIRMED	[xref_infer] hl=$52DB is exactly the label Data_5F_52DB (data region 5F:52DB); read at 00:0904 (ld a, [hli]) via Function_00_08EA -> Function_00_0904; bank $5F from the constant loaded into A; trace: insn executed, target read (monkey_blank,monkey_camp_blank +14). patterns b,d,a
55	67A2	imm	5F	5900	CONFIRMED	[xref_infer] hl=$5900 is exactly the label Data_5F_5900 (gfx region 5F:5900); read at 00:078D (ldh [$FF51], a (rHDMA1 = source high byte)) via Function_00_0787; bank $5F from the constant loaded into A; trace: insn executed, target read (monkey_camp_hid,monkey_camp_reg +2). patterns b,d,a
55	67B4	imm	5F	5D00	CONFIRMED	[xref_infer] hl=$5D00 is exactly the label Data_5F_5D00 (gfx region 5F:5D00); read at 00:078D (ldh [$FF51], a (rHDMA1 = source high byte)) via Function_00_0787; bank $5F from the constant loaded into A; trace: insn executed, target read (monkey_camp_hid,monkey_camp_reg +2). patterns b,d,a
55	67C6	imm	5F	6100	CONFIRMED	[xref_infer] hl=$6100 is exactly the label Data_5F_6100 (gfx region 5F:6100); read at 00:078D (ldh [$FF51], a (rHDMA1 = source high byte)) via Function_00_0787; bank $5F from the constant loaded into A; trace: insn executed, target read (monkey_camp_hid,monkey_camp_reg +2). patterns b,d,a
55	67DB	imm	5F	6BB8	CONFIRMED	[xref_infer] hl=$6BB8 is exactly the label Data_5F_6BB8 (data region 5F:6BB8); read at 55:67E0 (call $06D1) via FarCopyBytes_4F_4000 (CopyBytes with source bank in A); bank $5F from the constant loaded into A; trace: insn executed, target read (monkey_camp_hid,monkey_camp_reg +2). patterns b,d,a
55	6849	imm	5F	69B0	CONFIRMED	[xref_infer] hl=$69B0 is exactly the label Data_5F_69B0 (data region 5F:69B0); read at 00:0904 (ld a, [hli]) via Function_00_08EA -> Function_00_0904; bank $5F from the constant loaded into A; trace: insn executed, target read (monkey_camp_hid,monkey_camp_reg +2). patterns b,d,a
55	685B	imm	55	6869	PROBABLE	[xref_infer] hl=$6869 is exactly the label Table_55_6869 (ptrtable region 55:6869); read at 55:6865 (ld a, [hli]), pair intact until then; base pointer (offset added before the read); own bank $55; trace: insn executed, target read (mail_compose,mail_inbox +5). patterns c,a
55	6874	imm	66	4000	CONFIRMED	[xref_infer] hl=$4000 is exactly the label Data_66_4000 (gfx region 66:4000); read at 00:078D (ldh [$FF51], a (rHDMA1 = source high byte)) via Function_00_0787; bank $66 from the constant loaded into A; trace: insn executed, target read (mail_compose,mail_inbox +5). patterns b,d,a
55	6886	imm	66	4400	CONFIRMED	[xref_infer] hl=$4400 is exactly the label Data_66_4400 (gfx region 66:4400); read at 00:078D (ldh [$FF51], a (rHDMA1 = source high byte)) via Function_00_0787; bank $66 from the constant loaded into A; trace: insn executed, target read (mail_compose,mail_inbox +5). patterns b,d,a
55	6898	imm	66	4800	CONFIRMED	[xref_infer] hl=$4800 is exactly the label Data_66_4800 (gfx region 66:4800); read at 00:078D (ldh [$FF51], a (rHDMA1 = source high byte)) via Function_00_0787; bank $66 from the constant loaded into A; trace: insn executed, target read (mail_compose,mail_inbox +5). patterns b,d,a
55	68AD	imm	66	4A40	CONFIRMED	[xref_infer] hl=$4A40 is exactly the label Data_66_4A40 (gfx region 66:4A40); read at 00:078D (ldh [$FF51], a (rHDMA1 = source high byte)) via Function_00_0787; bank $66 from the constant loaded into A; trace: insn executed, target read (monkey_1,monkey_camp_reg2 +1). patterns b,d,a
55	68BF	imm	66	4E40	CONFIRMED	[xref_infer] hl=$4E40 is exactly the label Data_66_4E40 (gfx region 66:4E40); read at 00:078D (ldh [$FF51], a (rHDMA1 = source high byte)) via Function_00_0787; bank $66 from the constant loaded into A; trace: insn executed, target read (monkey_1,monkey_camp_reg2 +1). patterns b,d,a
55	68D1	imm	66	5240	CONFIRMED	[xref_infer] hl=$5240 is exactly the label Data_66_5240 (gfx region 66:5240); read at 00:078D (ldh [$FF51], a (rHDMA1 = source high byte)) via Function_00_0787; bank $66 from the constant loaded into A; trace: insn executed, target read (monkey_1,monkey_camp_reg2 +1). patterns b,d,a
55	68E6	imm	66	5480	CONFIRMED	[xref_infer] hl=$5480 is exactly the label Data_66_5480 (gfx region 66:5480); read at 00:078D (ldh [$FF51], a (rHDMA1 = source high byte)) via Function_00_0787; bank $66 from the constant loaded into A; trace: insn executed, target read (monkey_1,monkey_camp_reg2 +1). patterns b,d,a
55	68F8	imm	66	5880	CONFIRMED	[xref_infer] hl=$5880 is exactly the label Data_66_5880 (gfx region 66:5880); read at 00:078D (ldh [$FF51], a (rHDMA1 = source high byte)) via Function_00_0787; bank $66 from the constant loaded into A; trace: insn executed, target read (monkey_1,monkey_camp_reg2 +1). patterns b,d,a
55	690A	imm	66	5C80	CONFIRMED	[xref_infer] hl=$5C80 is exactly the label Data_66_5C80 (gfx region 66:5C80); read at 00:078D (ldh [$FF51], a (rHDMA1 = source high byte)) via Function_00_0787; bank $66 from the constant loaded into A; trace: insn executed, target read (monkey_1,monkey_camp_reg2 +1). patterns b,d,a
55	6931	imm	66	62C0	CONFIRMED	[xref_infer] hl=$62C0 is exactly the label Data_66_62C0 (gfx region 66:62C0); read at 00:078D (ldh [$FF51], a (rHDMA1 = source high byte)) via Function_00_0787; bank $66 from the constant loaded into A; trace: insn executed, target read (monkey_camp_reg2,monkey_camp_rich). patterns b,d,a
55	6943	imm	66	66C0	CONFIRMED	[xref_infer] hl=$66C0 is exactly the label Data_66_66C0 (gfx region 66:66C0); read at 00:078D (ldh [$FF51], a (rHDMA1 = source high byte)) via Function_00_0787; bank $66 from the constant loaded into A; trace: insn executed, target read (monkey_camp_reg2,monkey_camp_rich). patterns b,d,a
55	695C	imm	66	7210	CONFIRMED	[xref_infer] hl=$7210 is exactly the label Data_66_7210 (data region 66:7210); read at 00:0904 (ld a, [hli]) via Function_00_08EA -> Function_00_0904; bank $66 from the constant loaded into A; trace: insn executed, target read (monkey_camp_reg2,monkey_camp_rich +9). patterns b,d,a
55	696E	imm	55	697C	PROBABLE	[xref_infer] hl=$697C is exactly the label Table_55_697C (ptrtable region 55:697C); read at 55:6978 (ld a, [hli]), pair intact until then; base pointer (offset added before the read); own bank $55; trace: insn executed, target read (addressbook_full,mail_compose +9). patterns c,a
55	6987	imm	62	4000	CONFIRMED	[xref_infer] hl=$4000 is exactly the label Data_62_4000 (gfx region 62:4000); read at 00:078D (ldh [$FF51], a (rHDMA1 = source high byte)) via Function_00_0787; bank $62 from the constant loaded into A; trace: insn executed, target read (addressbook_full,mail_compose +9). patterns b,d,a
55	6999	imm	62	4400	CONFIRMED	[xref_infer] hl=$4400 is exactly the label Data_62_4400 (gfx region 62:4400); read at 00:078D (ldh [$FF51], a (rHDMA1 = source high byte)) via Function_00_0787; bank $62 from the constant loaded into A; trace: insn executed, target read (addressbook_full,mail_compose +9). patterns b,d,a
55	69AB	imm	62	4800	CONFIRMED	[xref_infer] hl=$4800 is exactly the label Data_62_4800 (gfx region 62:4800); read at 00:078D (ldh [$FF51], a (rHDMA1 = source high byte)) via Function_00_0787; bank $62 from the constant loaded into A; trace: insn executed, target read (addressbook_full,mail_compose +9). patterns b,d,a
55	69C0	imm	62	4B00	CONFIRMED	[xref_infer] hl=$4B00 is exactly the label Data_62_4B00 (gfx region 62:4B00); read at 00:078D (ldh [$FF51], a (rHDMA1 = source high byte)) via Function_00_0787; bank $62 from the constant loaded into A; trace: insn executed, target read (monkey_1,monkey_camp_reg +3). patterns b,d,a
55	69D2	imm	62	4F00	CONFIRMED	[xref_infer] hl=$4F00 is exactly the label Data_62_4F00 (gfx region 62:4F00); read at 00:078D (ldh [$FF51], a (rHDMA1 = source high byte)) via Function_00_0787; bank $62 from the constant loaded into A; trace: insn executed, target read (monkey_1,monkey_camp_reg +3). patterns b,d,a
55	69E4	imm	62	5300	CONFIRMED	[xref_infer] hl=$5300 is exactly the label Data_62_5300 (gfx region 62:5300); read at 00:078D (ldh [$FF51], a (rHDMA1 = source high byte)) via Function_00_0787; bank $62 from the constant loaded into A; trace: insn executed, target read (monkey_1,monkey_camp_reg +3). patterns b,d,a
55	69F9	imm	62	5600	CONFIRMED	[xref_infer] hl=$5600 is exactly the label Data_62_5600 (gfx region 62:5600); read at 00:078D (ldh [$FF51], a (rHDMA1 = source high byte)) via Function_00_0787; bank $62 from the constant loaded into A; trace: insn executed, target read (monkey_1,monkey_camp_reg +3). patterns b,d,a
55	6A0B	imm	62	5A00	CONFIRMED	[xref_infer] hl=$5A00 is exactly the label Data_62_5A00 (gfx region 62:5A00); read at 00:078D (ldh [$FF51], a (rHDMA1 = source high byte)) via Function_00_0787; bank $62 from the constant loaded into A; trace: insn executed, target read (monkey_1,monkey_camp_reg +3). patterns b,d,a
55	6A1D	imm	62	5E00	CONFIRMED	[xref_infer] hl=$5E00 is exactly the label Data_62_5E00 (gfx region 62:5E00); read at 00:078D (ldh [$FF51], a (rHDMA1 = source high byte)) via Function_00_0787; bank $62 from the constant loaded into A; trace: insn executed, target read (monkey_1,monkey_camp_reg +3). patterns b,d,a
55	6A44	imm	62	6500	CONFIRMED	[xref_infer] hl=$6500 is exactly the label Data_62_6500 (gfx region 62:6500); read at 00:078D (ldh [$FF51], a (rHDMA1 = source high byte)) via Function_00_0787; bank $62 from the constant loaded into A; trace: insn executed, target read (monkey_camp_reg,monkey_camp_reg2 +2). patterns b,d,a
55	6A56	imm	62	6900	CONFIRMED	[xref_infer] hl=$6900 is exactly the label Data_62_6900 (gfx region 62:6900); read at 00:078D (ldh [$FF51], a (rHDMA1 = source high byte)) via Function_00_0787; bank $62 from the constant loaded into A; trace: insn executed, target read (monkey_camp_reg,monkey_camp_reg2 +2). patterns b,d,a
55	6A6F	imm	66	7210	CONFIRMED	[xref_infer] hl=$7210 is exactly the label Data_66_7210 (data region 66:7210); read at 00:0904 (ld a, [hli]) via Function_00_08EA -> Function_00_0904; bank $66 from the constant loaded into A; trace: insn executed, target read (monkey_camp_reg2,monkey_camp_rich +9). patterns b,d,a
55	6A81	imm	5F	4000	CONFIRMED	[xref_infer] hl=$4000 is exactly the label Data_5F_4000 (gfx region 5F:4000); read at 00:078D (ldh [$FF51], a (rHDMA1 = source high byte)) via Function_00_0787; bank $5F from the constant loaded into A; trace: insn executed, target read (addressbook_full,mail_addressbook +7). patterns b,d,a
55	6A93	imm	5F	4400	CONFIRMED	[xref_infer] hl=$4400 is exactly the label Data_5F_4400 (gfx region 5F:4400); read at 00:078D (ldh [$FF51], a (rHDMA1 = source high byte)) via Function_00_0787; bank $5F from the constant loaded into A; trace: insn executed, target read (addressbook_full,mail_addressbook +7). patterns b,d,a
55	6AA5	imm	5F	4800	CONFIRMED	[xref_infer] hl=$4800 is exactly the label Data_5F_4800 (gfx region 5F:4800); read at 00:078D (ldh [$FF51], a (rHDMA1 = source high byte)) via Function_00_0787; bank $5F from the constant loaded into A; trace: insn executed, target read (addressbook_full,mail_addressbook +7). patterns b,d,a
55	6ABA	imm	5F	4810	CONFIRMED	[xref_infer] hl=$4810 is exactly the label Data_5F_4810 (data region 5F:4810); read at 00:0904 (ld a, [hli]) via Function_00_08EA -> Function_00_0904; bank $5F from the constant loaded into A; trace: insn executed, target read (addressbook_full,mail_addressbook +7). patterns b,d,a
55	6ACC	imm	66	6900	CONFIRMED	[xref_infer] hl=$6900 is exactly the label Data_66_6900 (gfx region 66:6900); read at 00:078D (ldh [$FF51], a (rHDMA1 = source high byte)) via Function_00_0787; bank $66 from the constant loaded into A; trace: insn executed, target read (monkey_camp_reg2,monkey_camp_rich +5). patterns b,d,a
55	6AE1	imm	66	73C8	CONFIRMED	[xref_infer] hl=$73C8 is exactly the label Data_66_73C8 (data region 66:73C8); read at 00:0904 (ld a, [hli]) via Function_00_08EA -> Function_00_0904; bank $66 from the constant loaded into A; trace: insn executed, target read (monkey_camp_reg2,monkey_camp_rich +5). patterns b,d,a
55	6BDA	imm	55	6C0A	PROBABLE	[xref_infer] hl=$6C0A is exactly the label Data_55_6C0A (data region 55:6C0A); read at 55:6BE4 (ld a, [hli]), pair intact until then; base pointer (offset added before the read); own bank $55; trace: insn executed, target read (mail_compose,mail_inbox +5). patterns c,a
55	6E94	imm	55	6E9F	PROBABLE	[xref_infer] hl=$6E9F is exactly the label Data_55_6E9F (data region 55:6E9F); read at 55:6E9D (ld a, [hl]), pair intact until then; base pointer (offset added before the read); own bank $55; trace: insn executed, target read (monkey_blank,monkey_camp_blank +4). patterns c,a
55	6EAA	imm	55	6EB5	PROBABLE	[xref_infer] hl=$6EB5 is exactly the label Data_55_6EB5 (data region 55:6EB5); read at 55:6EB3 (ld a, [hl]), pair intact until then; base pointer (offset added before the read); own bank $55; trace: insn executed, target read (monkey_blank,monkey_camp_blank +4). patterns c,a
55	6EC0	imm	55	6ECB	PROBABLE	[xref_infer] hl=$6ECB is exactly the label Data_55_6ECB (data region 55:6ECB); read at 55:6EC9 (ld a, [hl]), pair intact until then; base pointer (offset added before the read); own bank $55; trace: insn executed, target read (monkey_blank,monkey_camp_blank +4). patterns c,a
55	6ED6	imm	55	6EE1	PROBABLE	[xref_infer] hl=$6EE1 is exactly the label Data_55_6EE1 (data region 55:6EE1); read at 55:6EDF (ld a, [hl]), pair intact until then; base pointer (offset added before the read); own bank $55; trace: insn executed, target read (monkey_blank,monkey_camp_blank +4). patterns c,a
55	6EEC	imm	55	6EF7	PROBABLE	[xref_infer] hl=$6EF7 is exactly the label Data_55_6EF7 (data region 55:6EF7); read at 55:6EF5 (ld a, [hl]), pair intact until then; base pointer (offset added before the read); own bank $55. patterns c
55	6F02	imm	55	6F0D	PROBABLE	[xref_infer] hl=$6F0D is exactly the label Data_55_6F0D (data region 55:6F0D); read at 55:6F0B (ld a, [hl]), pair intact until then; base pointer (offset added before the read); own bank $55; trace: insn executed, target read (monkey_blank,monkey_camp_blank +4). patterns c,a
55	6F18	imm	55	6F23	PROBABLE	[xref_infer] hl=$6F23 is exactly the label Data_55_6F23 (data region 55:6F23); read at 55:6F21 (ld a, [hl]), pair intact until then; base pointer (offset added before the read); own bank $55; trace: insn executed, target read (monkey_blank,monkey_camp_blank). patterns c,a
55	6F2F	imm	55	6F3B	PROBABLE	[xref_infer] hl=$6F3B is exactly the label Data_55_6F3B (data region 55:6F3B); read at 55:6F38 (ld a, [hl]), pair intact until then; base pointer (offset added before the read); own bank $55; trace: insn executed, target read (monkey_3,monkey_camp_hid +12). patterns c,a
55	6F6E	imm	55	6F95	PROBABLE	[xref_infer] hl=$6F95 is exactly the label Data_55_6F95 (data region 55:6F95); read at 55:6F7D (ld a, [hli]), pair intact until then; base pointer (offset added before the read); own bank $55. patterns c
55	6FA7	imm	55	6FC7	CONFIRMED	[xref_infer] hl=$6FC7 is exactly the label Data_55_6FC7 (data region 55:6FC7); read at 55:6FAA (ld a, [hli]), pair intact until then; own bank $55; trace: insn executed, target read (monkey_blank,monkey_camp_blank +4). patterns c,a
55	6FE0	imm	55	6FF4	PROBABLE	[xref_infer] hl=$6FF4 is exactly the label Data_55_6FF4 (data region 55:6FF4); read at 55:6FEA (ld a, [hli]), pair intact until then; base pointer (offset added before the read); own bank $55; trace: insn executed, target read (monkey_blank,monkey_camp_blank +4). patterns c,a
57	42B3	imm	56	79B8	PROBABLE	[xref_infer] de=$79B8 is exactly the label Table_56_79B8 (words region 56:79B8); read at 00:0AC5 (ld a, [de]) via Function_00_0A82 -> Function_00_0AB8; base pointer (offset added before the read); bank $56 from the constant loaded into A; trace: insn executed, target read (monkey_camp_hid,monkey_camp_reg +2). patterns b,d,a
57	4362	imm	56	79B8	PROBABLE	[xref_infer] de=$79B8 is exactly the label Table_56_79B8 (words region 56:79B8); read at 00:0AC5 (ld a, [de]) via Function_00_0A82 -> Function_00_0AB8; base pointer (offset added before the read); bank $56 from the constant loaded into A; trace: insn executed, target read (monkey_camp_hid,monkey_camp_reg +2). patterns b,d,a
57	4398	imm	56	79B8	PROBABLE	[xref_infer] de=$79B8 is exactly the label Table_56_79B8 (words region 56:79B8); read at 00:0AC5 (ld a, [de]) via Function_00_0A82 -> Function_00_0AB8; base pointer (offset added before the read); bank $56 from the constant loaded into A; trace: insn executed, target read (monkey_camp_hid,monkey_camp_reg +2). patterns b,d,a
57	4569	imm	56	79B8	PROBABLE	[xref_infer] de=$79B8 is exactly the label Table_56_79B8 (words region 56:79B8); read at 00:0AC5 (ld a, [de]) via Function_00_0A82 -> Function_00_0AB8; base pointer (offset added before the read); bank $56 from the constant loaded into A; trace: insn executed, target read (monkey_camp_hid,monkey_camp_reg +2). patterns b,d,a
57	45BF	imm	56	79B8	PROBABLE	[xref_infer] de=$79B8 is exactly the label Table_56_79B8 (words region 56:79B8); read at 00:0AC5 (ld a, [de]) via Function_00_0A82 -> Function_00_0AB8; base pointer (offset added before the read); bank $56 from the constant loaded into A; trace: insn executed, target read (monkey_camp_hid,monkey_camp_reg +2). patterns b,d,a
57	47D4	imm	56	52C0	CONFIRMED	[xref_infer] hl=$52C0 is exactly the label Data_56_52C0 (gfx region 56:52C0); read at 00:078D (ldh [$FF51], a (rHDMA1 = source high byte)) via Function_00_0787; bank $56 from the constant loaded into A; trace: insn executed, target read (browser_bookmarks,browser_errors +18). patterns b,d,a
57	47E6	imm	56	56C0	CONFIRMED	[xref_infer] hl=$56C0 is exactly the label Data_56_56C0 (gfx region 56:56C0); read at 00:078D (ldh [$FF51], a (rHDMA1 = source high byte)) via Function_00_0787; bank $56 from the constant loaded into A; trace: insn executed, target read (browser_bookmarks,browser_errors +18). patterns b,d,a
57	47FB	imm	56	4F9A	CONFIRMED	[xref_infer] hl=$4F9A is exactly the label Data_56_4F9A (data region 56:4F9A); read at 00:0904 (ld a, [hli]) via Function_00_08EA -> Function_00_0904; bank $56 from the constant loaded into A; trace: insn executed, target read (monkey_camp_hid,monkey_camp_reg +18). patterns b,d,a
57	480C	imm	56	77C0	CONFIRMED	[xref_infer] hl=$77C0 is exactly the label Palette_56_77C0 (data region 56:77C0); read at 57:4811 (call $06D1) via FarCopyBytes_4F_4000 (CopyBytes with source bank in A); bank $56 from the constant loaded into A; trace: insn executed, target read (monkey_camp_hid,monkey_camp_reg +18). patterns b,d,a
57	481A	imm	56	79B8	PROBABLE	[xref_infer] de=$79B8 is exactly the label Table_56_79B8 (words region 56:79B8); read at 00:0AC5 (ld a, [de]) via Function_00_0A82 -> Function_00_0AB8; base pointer (offset added before the read); bank $56 from the constant loaded into A; trace: insn executed, target read (monkey_camp_hid,monkey_camp_reg +2). patterns b,d,a
57	4906	imm	56	526A	CONFIRMED	[xref_infer] hl=$526A is exactly the label Data_56_526A (gfx region 56:526A); read at 00:0904 (ld a, [hli]) via Function_00_16A2 -> Function_00_0904; bank $56 from the constant loaded into A; trace: insn executed, target read (monkey_camp_hid,monkey_camp_reg +10). patterns b,d,a
57	4961	imm	56	5AC0	CONFIRMED	[xref_infer] hl=$5AC0 is exactly the label Data_56_5AC0 (gfx region 56:5AC0); read at 00:078D (ldh [$FF51], a (rHDMA1 = source high byte)) via Function_00_0787; bank $56 from the constant loaded into A; trace: insn executed, target read (monkey_camp_tut,monkey_camp_hid +2). patterns b,d,a
57	4973	imm	57	4D30	CONFIRMED	[xref_infer] hl=$4D30 is exactly the label Data_57_4D30 (gfx region 57:4D30); read at 00:078D (ldh [$FF51], a (rHDMA1 = source high byte)) via Function_00_0787; bank $57 from the constant loaded into A; trace: insn executed, target read (monkey_camp_hid,monkey_camp_reg +2). patterns b,d,a
57	4985	imm	56	5DC0	CONFIRMED	[xref_infer] hl=$5DC0 is exactly the label Data_56_5DC0 (gfx region 56:5DC0); read at 00:078D (ldh [$FF51], a (rHDMA1 = source high byte)) via Function_00_0787; bank $56 from the constant loaded into A; trace: insn executed, target read (monkey_camp_tut,monkey_camp_hid +2). patterns b,d,a
57	4997	imm	56	60C0	CONFIRMED	[xref_infer] hl=$60C0 is exactly the label Data_56_60C0 (gfx region 56:60C0); read at 00:078D (ldh [$FF51], a (rHDMA1 = source high byte)) via Function_00_0787; bank $56 from the constant loaded into A; trace: insn executed, target read (monkey_camp_tut,monkey_camp_hid +2). patterns b,d,a
57	49AF	imm	56	418A	CONFIRMED	[xref_infer] hl=$418A is exactly the label Data_56_418A (data region 56:418A); read at 00:0904 (ld a, [hli]) via Function_00_08EA -> Function_00_0904; bank $56 from the constant loaded into A; trace: insn executed, target read (monkey_camp_tut,monkey_camp_hid +2). patterns b,d,a
57	4A80	imm	56	79B8	PROBABLE	[xref_infer] de=$79B8 is exactly the label Table_56_79B8 (words region 56:79B8); read at 00:0AC5 (ld a, [de]) via Function_00_0A82 -> Function_00_0AB8; base pointer (offset added before the read); bank $56 from the constant loaded into A; trace: insn executed, target read (monkey_camp_hid,monkey_camp_reg +2). patterns b,d,a
57	4A90	imm	56	79B8	PROBABLE	[xref_infer] de=$79B8 is exactly the label Table_56_79B8 (words region 56:79B8); read at 00:0AC5 (ld a, [de]) via Function_00_0A82 -> Function_00_0AB8; base pointer (offset added before the read); bank $56 from the constant loaded into A; trace: insn executed, target read (monkey_camp_hid,monkey_camp_reg +2). patterns b,d,a
57	4AA6	imm	56	79B8	PROBABLE	[xref_infer] de=$79B8 is exactly the label Table_56_79B8 (words region 56:79B8); read at 00:0AC5 (ld a, [de]) via Function_00_0A82 -> Function_00_0AB8; base pointer (offset added before the read); bank $56 from the constant loaded into A; trace: insn executed, target read (monkey_camp_hid,monkey_camp_reg +2). patterns b,d,a
57	4AB6	imm	56	79B8	PROBABLE	[xref_infer] de=$79B8 is exactly the label Table_56_79B8 (words region 56:79B8); read at 00:0AC5 (ld a, [de]) via Function_00_0A82 -> Function_00_0AB8; base pointer (offset added before the read); bank $56 from the constant loaded into A; trace: insn executed, target read (monkey_camp_hid,monkey_camp_reg +2). patterns b,d,a
57	4AD2	imm	56	5AC0	CONFIRMED	[xref_infer] hl=$5AC0 is exactly the label Data_56_5AC0 (gfx region 56:5AC0); read at 00:078D (ldh [$FF51], a (rHDMA1 = source high byte)) via Function_00_0787; bank $56 from the constant loaded into A; trace: insn executed, target read (monkey_camp_tut,monkey_camp_hid +2). patterns b,d,a
57	4AE4	imm	57	4D30	CONFIRMED	[xref_infer] hl=$4D30 is exactly the label Data_57_4D30 (gfx region 57:4D30); read at 00:078D (ldh [$FF51], a (rHDMA1 = source high byte)) via Function_00_0787; bank $57 from the constant loaded into A; trace: insn executed, target read (monkey_camp_hid,monkey_camp_reg +2). patterns b,d,a
57	4AF6	imm	56	5DC0	CONFIRMED	[xref_infer] hl=$5DC0 is exactly the label Data_56_5DC0 (gfx region 56:5DC0); read at 00:078D (ldh [$FF51], a (rHDMA1 = source high byte)) via Function_00_0787; bank $56 from the constant loaded into A; trace: insn executed, target read (monkey_camp_tut,monkey_camp_hid +2). patterns b,d,a
57	4B08	imm	56	60C0	CONFIRMED	[xref_infer] hl=$60C0 is exactly the label Data_56_60C0 (gfx region 56:60C0); read at 00:078D (ldh [$FF51], a (rHDMA1 = source high byte)) via Function_00_0787; bank $56 from the constant loaded into A; trace: insn executed, target read (monkey_camp_tut,monkey_camp_hid +2). patterns b,d,a
57	4B20	imm	56	418A	CONFIRMED	[xref_infer] hl=$418A is exactly the label Data_56_418A (data region 56:418A); read at 00:0904 (ld a, [hli]) via Function_00_08EA -> Function_00_0904; bank $56 from the constant loaded into A; trace: insn executed, target read (monkey_camp_tut,monkey_camp_hid +2). patterns b,d,a
57	4BF9	imm	56	49FA	CONFIRMED	[xref_infer] hl=$49FA is exactly the label Data_56_49FA (data region 56:49FA); read at 00:0904 (ld a, [hli]) via Function_00_08EA -> Function_00_0904; bank $56 from the constant loaded into A; trace: insn executed, target read (monkey_camp_tut,monkey_camp_hid +2). patterns b,d,a
57	4D43	imm	56	6EC0	CONFIRMED	[xref_infer] hl=$6EC0 is exactly the label Data_56_6EC0 (gfx region 56:6EC0); read at 00:078D (ldh [$FF51], a (rHDMA1 = source high byte)) via Function_00_0787; bank $56 from the constant loaded into A; trace: insn executed, target read (monkey_camp_hid,monkey_camp_reg +1). patterns b,d,a
57	4D55	imm	56	71C0	CONFIRMED	[xref_infer] hl=$71C0 is exactly the label Data_56_71C0 (gfx region 56:71C0); read at 00:078D (ldh [$FF51], a (rHDMA1 = source high byte)) via Function_00_0787; bank $56 from the constant loaded into A; trace: insn executed, target read (monkey_camp_hid,monkey_camp_reg +1). patterns b,d,a
57	4D6A	imm	56	4CCA	CONFIRMED	[xref_infer] hl=$4CCA is exactly the label Data_56_4CCA (data region 56:4CCA); read at 00:0904 (ld a, [hli]) via Function_00_08EA -> Function_00_0904; bank $56 from the constant loaded into A; trace: insn executed, target read (monkey_camp_hid,monkey_camp_reg +1). patterns b,d,a
57	4E4F	imm	56	64C0	CONFIRMED	[xref_infer] hl=$64C0 is exactly the label Data_56_64C0 (gfx region 56:64C0); read at 00:078D (ldh [$FF51], a (rHDMA1 = source high byte)) via Function_00_0787; bank $56 from the constant loaded into A; trace: insn executed, target read (monkey_camp_tut,monkey_camp_hid +17). patterns b,d,a
57	4E73	imm	56	6AC0	CONFIRMED	[xref_infer] hl=$6AC0 is exactly the label Data_56_6AC0 (gfx region 56:6AC0); read at 00:078D (ldh [$FF51], a (rHDMA1 = source high byte)) via Function_00_0787; bank $56 from the constant loaded into A; trace: insn executed, target read (monkey_camp_tut,monkey_camp_hid +17). patterns b,d,a
57	4E88	imm	56	445A	CONFIRMED	[xref_infer] hl=$445A is exactly the label Data_56_445A (data region 56:445A); read at 00:0904 (ld a, [hli]) via Function_00_08EA -> Function_00_0904; bank $56 from the constant loaded into A; trace: insn executed, target read (monkey_camp_tut,monkey_camp_hid +17). patterns b,d,a
57	4F5F	imm	56	472A	CONFIRMED	[xref_infer] hl=$472A is exactly the label Data_56_472A (data region 56:472A); read at 00:0904 (ld a, [hli]) via Function_00_08EA -> Function_00_0904; bank $56 from the constant loaded into A; trace: insn executed, target read (monkey_camp_tut,monkey_camp_hid +2). patterns b,d,a
57	507A	imm	56	75C0	CONFIRMED	[xref_infer] hl=$75C0 is exactly the label Data_56_75C0 (gfx region 56:75C0); read at 00:078D (ldh [$FF51], a (rHDMA1 = source high byte)) via Function_00_0787; bank $56 from the constant loaded into A; trace: insn executed, target read (monkey_camp_hid,monkey_camp_reg +18). patterns b,d,a
57	50DB	imm	56	75C0	CONFIRMED	[xref_infer] hl=$75C0 is exactly the label Data_56_75C0 (gfx region 56:75C0); read at 00:078D (ldh [$FF51], a (rHDMA1 = source high byte)) via Function_00_0787; bank $56 from the constant loaded into A; trace: insn executed, target read (monkey_camp_hid,monkey_camp_reg +18). patterns b,d,a
57	5141	imm	56	418A	CONFIRMED	[xref_infer] hl=$418A is exactly the label Data_56_418A (data region 56:418A); read at 00:0904 (ld a, [hli]) via Function_00_08EA -> Function_00_0904; bank $56 from the constant loaded into A; trace: insn executed, target read (monkey_camp_tut,monkey_camp_hid +2). patterns b,d,a
57	5166	imm	56	49FA	CONFIRMED	[xref_infer] hl=$49FA is exactly the label Data_56_49FA (data region 56:49FA); read at 00:0904 (ld a, [hli]) via Function_00_08EA -> Function_00_0904; bank $56 from the constant loaded into A; trace: insn executed, target read (monkey_camp_tut,monkey_camp_hid +2). patterns b,d,a
57	517A	imm	56	4CCA	CONFIRMED	[xref_infer] hl=$4CCA is exactly the label Data_56_4CCA (data region 56:4CCA); read at 00:0904 (ld a, [hli]) via Function_00_08EA -> Function_00_0904; bank $56 from the constant loaded into A; trace: insn executed, target read (monkey_camp_hid,monkey_camp_reg +1). patterns b,d,a
57	518D	imm	56	445A	CONFIRMED	[xref_infer] hl=$445A is exactly the label Data_56_445A (data region 56:445A); read at 00:0904 (ld a, [hli]) via Function_00_08EA -> Function_00_0904; bank $56 from the constant loaded into A; trace: insn executed, target read (monkey_camp_tut,monkey_camp_hid +17). patterns b,d,a
57	51B1	imm	56	472A	CONFIRMED	[xref_infer] hl=$472A is exactly the label Data_56_472A (data region 56:472A); read at 00:0904 (ld a, [hli]) via Function_00_08EA -> Function_00_0904; bank $56 from the constant loaded into A; trace: insn executed, target read (monkey_camp_tut,monkey_camp_hid +2). patterns b,d,a
5C	518B	imm	5C	5D90	CONFIRMED	[xref_infer] hl=$5D90 is exactly the label Data_5C_5D90 (gfx region 5C:5D90); read at 00:078D (ldh [$FF51], a (rHDMA1 = source high byte)) via Function_00_0787; bank $5C from the constant loaded into A; trace: insn executed, target read (boot_states,monkey_blank +14). patterns b,d,a
5C	519D	imm	5C	5DB0	CONFIRMED	[xref_infer] hl=$5DB0 is exactly the label Data_5C_5DB0 (gfx region 5C:5DB0); read at 00:078D (ldh [$FF51], a (rHDMA1 = source high byte)) via Function_00_0787; bank $5C from the constant loaded into A; trace: insn executed, target read (boot_states,monkey_blank +14). patterns b,d,a
5C	51AF	imm	5C	5DD0	CONFIRMED	[xref_infer] hl=$5DD0 is exactly the label Data_5C_5DD0 (gfx region 5C:5DD0); read at 00:078D (ldh [$FF51], a (rHDMA1 = source high byte)) via Function_00_0787; bank $5C from the constant loaded into A; trace: insn executed, target read (boot_states,monkey_blank +14). patterns b,d,a
5C	51C1	imm	5C	61D0	CONFIRMED	[xref_infer] hl=$61D0 is exactly the label Data_5C_61D0 (gfx region 5C:61D0); read at 00:078D (ldh [$FF51], a (rHDMA1 = source high byte)) via Function_00_0787; bank $5C from the constant loaded into A; trace: insn executed, target read (boot_states,monkey_blank +14). patterns b,d,a
5C	527A	imm	5C	4F53	CONFIRMED	[xref_infer] hl=$4F53 is exactly the label Table_5C_4F53 (data region 5C:4F53); read at 5C:527D (ld a, [hli]), pair intact until then; own bank $5C; trace: insn executed, target read (boot_states,browser_pages +14). patterns c,a
5C	529D	imm	5C	5516	CONFIRMED	[xref_infer] hl=$5516 is exactly the label Data_5C_5516 (data region 5C:5516); read at 00:0904 (ld a, [hli]) via Function_00_08EA -> Function_00_0904; bank $5C from the constant loaded into A; trace: insn executed, target read (monkey_camp_reg2,register_errors +7). patterns b,d,a
5C	52B2	imm	5C	57E6	CONFIRMED	[xref_infer] hl=$57E6 is exactly the label Data_5C_57E6 (data region 5C:57E6); read at 00:0904 (ld a, [hli]) via Function_00_08EA -> Function_00_0904; bank $5C from the constant loaded into A; trace: insn executed, target read (browser_errors,monkey_camp_tut +8). patterns b,d,a
5C	52DC	imm	5C	6350	CONFIRMED	[xref_infer] hl=$6350 is exactly the label Data_5C_6350 (gfx region 5C:6350); read at 5C:52E1 (call $06D1) via FarCopyBytes_4F_4000 (CopyBytes with source bank in A); bank $5C from the constant loaded into A; trace: insn executed, target read (browser_errors,browser_pages +8). patterns b,d,a
5C	52F6	imm	5C	5AB6	CONFIRMED	[xref_infer] hl=$5AB6 is exactly the label Data_5C_5AB6 (data region 5C:5AB6); read at 00:0904 (ld a, [hli]) via Function_00_08EA -> Function_00_0904; bank $5C from the constant loaded into A; trace: insn executed, target read (monkey_camp_hid,monkey_camp_reg +4). patterns b,d,a
5C	5320	imm	5C	5104	PROBABLE	[xref_infer] hl=$5104 is exactly the label Table_5C_5104 (ptrtable region 5C:5104); read at 5C:532A (ld a, [hli]), pair intact until then; base pointer (offset added before the read); own bank $5C. patterns c
5C	53A7	imm	5C	5AB6	PROBABLE	[xref_infer] hl=$5AB6 is exactly the label Data_5C_5AB6 (data region 5C:5AB6); read at 00:0904 (ld a, [hli]) via Function_00_08EA -> Function_00_0904; bank $5C from the constant loaded into A. patterns b,d,a
5C	5443	imm	5C	545B	PROBABLE	[xref_infer] bc=$545B is exactly the label Table_5C_545B (data region 5C:545B); read at 5C:544C (ld a, [bc]), pair intact until then; base pointer (offset added before the read); own bank $5C; trace: insn executed, target read (browser_pages,mail_timeout +14). patterns c,a
63	735C	imm	63	6080	CONFIRMED	[xref_infer] hl=$6080 is exactly the label Data_63_6080 (gfx region 63:6080); read at 00:078D (ldh [$FF51], a (rHDMA1 = source high byte)) via Function_00_0787; bank $63 from the constant loaded into A; trace: insn executed, target read (hotplug,noadapter). patterns b,d,a
63	7380	imm	63	64C0	CONFIRMED	[xref_infer] hl=$64C0 is exactly the label Data_63_64C0 (gfx region 63:64C0); read at 00:078D (ldh [$FF51], a (rHDMA1 = source high byte)) via Function_00_0787; bank $63 from the constant loaded into A; trace: insn executed, target read (hotplug,noadapter). patterns b,d,a
63	7392	imm	63	68C0	CONFIRMED	[xref_infer] hl=$68C0 is exactly the label Data_63_68C0 (gfx region 63:68C0); read at 00:078D (ldh [$FF51], a (rHDMA1 = source high byte)) via Function_00_0787; bank $63 from the constant loaded into A; trace: insn executed, target read (hotplug,noadapter). patterns b,d,a
63	73A4	imm	63	6CC0	CONFIRMED	[xref_infer] hl=$6CC0 is exactly the label Data_63_6CC0 (gfx region 63:6CC0); read at 00:078D (ldh [$FF51], a (rHDMA1 = source high byte)) via Function_00_0787; bank $63 from the constant loaded into A; trace: insn executed, target read (hotplug,noadapter). patterns b,d,a
63	73B9	imm	63	7290	CONFIRMED	[xref_infer] hl=$7290 is exactly the label Data_63_7290 (data region 63:7290); read at 63:73BE (call $06D1) via FarCopyBytes_4F_4000 (CopyBytes with source bank in A); bank $63 from the constant loaded into A; trace: insn executed, target read (hotplug,noadapter). patterns b,d,a
63	73EE	imm	63	7310	PROBABLE	[xref_infer] de=$7310 is exactly the label Table_63_7310 (words region 63:7310); read at 00:0AC5 (ld a, [de]) via Function_00_0A82 -> Function_00_0AB8; base pointer (offset added before the read); bank $63 from the constant loaded into A. patterns b,d
65	48C8	imm	58	4000	CONFIRMED	[xref_infer] hl=$4000 is exactly the label Tiles_58_4000 (gfx region 58:4000); read at 00:078D (ldh [$FF51], a (rHDMA1 = source high byte)) via Function_00_0787; bank $58 from the constant loaded into A; trace: insn executed, target read (monkey_1,monkey_2 +18). patterns b,d,a
65	48DD	imm	58	7B50	CONFIRMED	[xref_infer] hl=$7B50 is exactly the label Palette_58_7B50 (data region 58:7B50); read at 65:48E2 (call $06D1) via FarCopyBytes_4F_4000 (CopyBytes with source bank in A); bank $58 from the constant loaded into A; trace: insn executed, target read (monkey_2,monkey_camp_hid +18). patterns b,d,a
65	48FB	imm	58	7B78	CONFIRMED	[xref_infer] hl=$7B78 is exactly the label Data_58_7B78 (data region 58:7B78); read at 00:0904 (ld a, [hli]) via Function_00_08EA -> Function_00_0904; bank $58 from the constant loaded into A; trace: insn executed, target read (monkey_2,monkey_camp_hid +18). patterns b,d,a
65	490E	imm	4B	4000	CONFIRMED	[xref_infer] hl=$4000 is exactly the label Data_4B_4000 (data region 4B:4000); read at 00:0904 (ld a, [hli]) via Function_00_08EA -> Function_00_0904; bank $4B from the constant loaded into A; trace: insn executed, target read (register,register_errors +2). patterns b,d,a
65	4AF9	imm	65	4B78	PROBABLE	[xref_infer] hl=$4B78 is exactly the label Table_65_4B78 (words region 65:4B78); read at 65:4B03 (ld a, [hli]), pair intact until then; base pointer (offset added before the read); own bank $65; trace: insn executed, target read (boot_states,hotplug +13). patterns c,a
65	4B25	imm	65	4B78	PROBABLE	[xref_infer] hl=$4B78 is exactly the label Table_65_4B78 (words region 65:4B78); read at 65:4B2F (ld a, [hli]), pair intact until then; base pointer (offset added before the read); own bank $65; trace: insn executed, target read (boot_states,hotplug +13). patterns c,a
65	4B51	imm	65	4B78	PROBABLE	[xref_infer] hl=$4B78 is exactly the label Table_65_4B78 (words region 65:4B78); read at 65:4B5B (ld a, [hli]), pair intact until then; base pointer (offset added before the read); own bank $65; trace: insn executed, target read (boot_states,hotplug +13). patterns c,a
65	4BA8	imm	65	4BC6	PROBABLE	[xref_infer] hl=$4BC6 is exactly the label Data_65_4BC6 (data region 65:4BC6); read at 65:4BB4 (ld a, [hl]), pair intact until then; base pointer (offset added before the read); own bank $65; trace: insn executed, target read (hotplug,boot_states +6). patterns c,a
67	4367	imm	5E	4000	CONFIRMED	[xref_infer] hl=$4000 is exactly the label Data_5E_4000 (gfx region 5E:4000); read at 00:078D (ldh [$FF51], a (rHDMA1 = source high byte)) via Function_00_0787; bank $5E from the constant loaded into A; trace: insn executed, target read (settings_phone,monkey_blank +5). patterns b,d,a
67	4379	imm	5E	4400	CONFIRMED	[xref_infer] hl=$4400 is exactly the label Data_5E_4400 (gfx region 5E:4400); read at 00:078D (ldh [$FF51], a (rHDMA1 = source high byte)) via Function_00_0787; bank $5E from the constant loaded into A; trace: insn executed, target read (settings_phone,monkey_blank +5). patterns b,d,a
67	438B	imm	4A	6920	CONFIRMED	[xref_infer] hl=$6920 is exactly the label Data_4A_6920 (gfx region 4A:6920); read at 00:078D (ldh [$FF51], a (rHDMA1 = source high byte)) via Function_00_0787; bank $4A from the constant loaded into A; trace: insn executed, target read (settings_phone). patterns b,d,a
67	439D	imm	4A	6D20	CONFIRMED	[xref_infer] hl=$6D20 is exactly the label Data_4A_6D20 (gfx region 4A:6D20); read at 00:078D (ldh [$FF51], a (rHDMA1 = source high byte)) via Function_00_0787; bank $4A from the constant loaded into A; trace: insn executed, target read (settings_phone). patterns b,d,a
67	43B2	imm	5E	4D00	CONFIRMED	[xref_infer] hl=$4D00 is exactly the label Data_5E_4D00 (data region 5E:4D00); read at 67:43B7 (call $06D1) via FarCopyBytes_4F_4000 (CopyBytes with source bank in A); bank $5E from the constant loaded into A; trace: insn executed, target read (monkey_blank,monkey_camp_blank +15). patterns b,d,a
67	43C9	imm	4A	7120	CONFIRMED	[xref_infer] hl=$7120 is exactly the label Data_4A_7120 (data region 4A:7120); read at 00:0904 (ld a, [hli]) via Function_00_08EA -> Function_00_0904; bank $4A from the constant loaded into A; trace: insn executed, target read (settings_phone). patterns b,d,a
67	43DC	imm	4A	71E8	CONFIRMED	[xref_infer] hl=$71E8 is exactly the label Data_4A_71E8 (data region 4A:71E8); read at 00:0904 (ld a, [hli]) via Function_00_08EA -> Function_00_0904; bank $4A from the constant loaded into A; trace: insn executed, target read (settings_phone). patterns b,d,a
67	46DE	imm	4D	4510	CONFIRMED	[xref_infer] hl=$4510 is exactly the label Data_4D_4510 (gfx region 4D:4510); read at 00:078D (ldh [$FF51], a (rHDMA1 = source high byte)) via Function_00_0787; bank $4D from the constant loaded into A; trace: insn executed, target read (monkey_camp_reg2,settings_phone). patterns b,d,a
67	46F0	imm	4D	4610	CONFIRMED	[xref_infer] hl=$4610 is exactly the label Data_4D_4610 (gfx region 4D:4610); read at 00:078D (ldh [$FF51], a (rHDMA1 = source high byte)) via Function_00_0787; bank $4D from the constant loaded into A; trace: insn executed, target read (monkey_camp_reg2,settings_phone). patterns b,d,a
67	4702	imm	4D	4A10	CONFIRMED	[xref_infer] hl=$4A10 is exactly the label Data_4D_4A10 (gfx region 4D:4A10); read at 00:078D (ldh [$FF51], a (rHDMA1 = source high byte)) via Function_00_0787; bank $4D from the constant loaded into A; trace: insn executed, target read (monkey_camp_reg2,settings_phone). patterns b,d,a
67	4739	imm	4D	5010	CONFIRMED	[xref_infer] hl=$5010 is exactly the label Data_4D_5010 (gfx region 4D:5010); read at 00:078D (ldh [$FF51], a (rHDMA1 = source high byte)) via Function_00_0787; bank $4D from the constant loaded into A; trace: insn executed, target read (settings_phone,register_hidden). patterns b,d,a
67	474B	imm	4D	5110	CONFIRMED	[xref_infer] hl=$5110 is exactly the label Data_4D_5110 (gfx region 4D:5110); read at 00:078D (ldh [$FF51], a (rHDMA1 = source high byte)) via Function_00_0787; bank $4D from the constant loaded into A; trace: insn executed, target read (settings_phone,register_hidden). patterns b,d,a
67	475D	imm	4D	5510	CONFIRMED	[xref_infer] hl=$5510 is exactly the label Data_4D_5510 (gfx region 4D:5510); read at 00:078D (ldh [$FF51], a (rHDMA1 = source high byte)) via Function_00_0787; bank $4D from the constant loaded into A; trace: insn executed, target read (settings_phone,register_hidden +1). patterns b,d,a
67	4772	imm	4D	5810	CONFIRMED	[xref_infer] hl=$5810 is exactly the label Data_4D_5810 (data region 4D:5810); read at 00:0904 (ld a, [hli]) via Function_00_08EA -> Function_00_0904; bank $4D from the constant loaded into A; trace: insn executed, target read (settings_phone,register_hidden). patterns b,d,a
67	4780	imm	4D	4000	CONFIRMED	[xref_infer] hl=$4000 is exactly the label Data_4D_4000 (gfx region 4D:4000); read at 00:078D (ldh [$FF51], a (rHDMA1 = source high byte)) via Function_00_0787; bank $4D from the constant loaded into A; trace: insn executed, target read (register_hidden,monkey_camp_reg2 +1). patterns b,d,a
67	4795	imm	4D	5510	CONFIRMED	[xref_infer] hl=$5510 is exactly the label Data_4D_5510 (gfx region 4D:5510); read at 67:479A (call $06D1) via FarCopyBytes_4F_4000 (CopyBytes with source bank in A); bank $4D from the constant loaded into A; trace: insn executed, target read (settings_phone,register_hidden +1). patterns b,d,a
67	47C5	imm	4D	5D10	PROBABLE	[xref_infer] de=$5D10 is exactly the label Table_4D_5D10 (words region 4D:5D10); read at 00:0AC5 (ld a, [de]) via Function_00_0A82 -> Function_00_0AB8; base pointer (offset added before the read); bank $4D from the constant loaded into A. patterns b,d
67	4859	imm	67	486D	PROBABLE	[xref_infer] hl=$486D is exactly the label Data_67_486D (data region 67:486D); read at 67:4862 (ld a, [hli]), pair intact until then; base pointer (offset added before the read); own bank $67; trace: insn executed, target read (register_hidden,monkey_camp_reg2 +1). patterns c,a
67	4906	imm	67	491C	PROBABLE	[xref_infer] hl=$491C is exactly the label Table_67_491C (words region 67:491C); read at 67:4910 (ld a, [hli]), pair intact until then; base pointer (offset added before the read); own bank $67; trace: insn executed, target read (monkey_camp_reg2,settings_phone). patterns c,a
67	49DC	imm	5E	4000	CONFIRMED	[xref_infer] hl=$4000 is exactly the label Data_5E_4000 (gfx region 5E:4000); read at 00:078D (ldh [$FF51], a (rHDMA1 = source high byte)) via Function_00_0787; bank $5E from the constant loaded into A; trace: insn executed, target read (settings_phone,monkey_blank +5). patterns b,d,a
67	49EE	imm	5E	4400	CONFIRMED	[xref_infer] hl=$4400 is exactly the label Data_5E_4400 (gfx region 5E:4400); read at 00:078D (ldh [$FF51], a (rHDMA1 = source high byte)) via Function_00_0787; bank $5E from the constant loaded into A; trace: insn executed, target read (settings_phone,monkey_blank +5). patterns b,d,a
67	4A00	imm	4A	6920	CONFIRMED	[xref_infer] hl=$6920 is exactly the label Data_4A_6920 (gfx region 4A:6920); read at 00:078D (ldh [$FF51], a (rHDMA1 = source high byte)) via Function_00_0787; bank $4A from the constant loaded into A; trace: insn executed, target read (settings_phone). patterns b,d,a
67	4A12	imm	4A	6D20	CONFIRMED	[xref_infer] hl=$6D20 is exactly the label Data_4A_6D20 (gfx region 4A:6D20); read at 00:078D (ldh [$FF51], a (rHDMA1 = source high byte)) via Function_00_0787; bank $4A from the constant loaded into A; trace: insn executed, target read (settings_phone). patterns b,d,a
67	4A27	imm	5E	4D00	CONFIRMED	[xref_infer] hl=$4D00 is exactly the label Data_5E_4D00 (data region 5E:4D00); read at 67:4A2C (call $06D1) via FarCopyBytes_4F_4000 (CopyBytes with source bank in A); bank $5E from the constant loaded into A; trace: insn executed, target read (monkey_blank,monkey_camp_blank +15). patterns b,d,a
67	4A38	imm	4A	72B0	CONFIRMED	[xref_infer] hl=$72B0 is exactly the label Data_4A_72B0 (data region 4A:72B0); read at 00:0904 (ld a, [hli]) via Function_00_08EA -> Function_00_0904; bank $4A from the constant loaded into A; trace: insn executed, target read (settings_phone). patterns b,d,a
67	4D21	imm	4D	5D70	CONFIRMED	[xref_infer] hl=$5D70 is exactly the label Data_4D_5D70 (gfx region 4D:5D70); read at 00:078D (ldh [$FF51], a (rHDMA1 = source high byte)) via Function_00_0787; bank $4D from the constant loaded into A; trace: insn executed, target read (monkey_camp_reg2,settings_phone). patterns b,d,a
67	4D33	imm	4D	6170	CONFIRMED	[xref_infer] hl=$6170 is exactly the label Data_4D_6170 (gfx region 4D:6170); read at 00:078D (ldh [$FF51], a (rHDMA1 = source high byte)) via Function_00_0787; bank $4D from the constant loaded into A; trace: insn executed, target read (monkey_camp_reg2,settings_phone). patterns b,d,a
67	4D57	imm	4D	6870	CONFIRMED	[xref_infer] hl=$6870 is exactly the label Data_4D_6870 (gfx region 4D:6870); read at 00:078D (ldh [$FF51], a (rHDMA1 = source high byte)) via Function_00_0787; bank $4D from the constant loaded into A; trace: insn executed, target read (monkey_camp_reg2,settings_phone). patterns b,d,a
67	4D7D	imm	4D	6D70	CONFIRMED	[xref_infer] hl=$6D70 is exactly the label Data_4D_6D70 (gfx region 4D:6D70); read at 00:078D (ldh [$FF51], a (rHDMA1 = source high byte)) via Function_00_0787; bank $4D from the constant loaded into A; trace: insn executed, target read (settings_phone). patterns b,d,a
67	4DA1	imm	4D	7470	CONFIRMED	[xref_infer] hl=$7470 is exactly the label Data_4D_7470 (gfx region 4D:7470); read at 00:078D (ldh [$FF51], a (rHDMA1 = source high byte)) via Function_00_0787; bank $4D from the constant loaded into A; trace: insn executed, target read (settings_phone). patterns b,d,a
67	4DB3	imm	4D	5D50	CONFIRMED	[xref_infer] hl=$5D50 is exactly the label Data_4D_5D50 (gfx region 4D:5D50); read at 00:078D (ldh [$FF51], a (rHDMA1 = source high byte)) via Function_00_0787; bank $4D from the constant loaded into A; trace: insn executed, target read (monkey_camp_reg2,settings_phone). patterns b,d,a
67	4E09	imm	4D	7960	PROBABLE	[xref_infer] de=$7960 is exactly the label Table_4D_7960 (words region 4D:7960); read at 00:0AC5 (ld a, [de]) via Function_00_0A82 -> Function_00_0AB8; base pointer (offset added before the read); bank $4D from the constant loaded into A. patterns b,d
67	4F54	imm	67	4F68	PROBABLE	[xref_infer] hl=$4F68 is exactly the label Data_67_4F68 (data region 67:4F68); read at 67:4F5D (ld a, [hli]), pair intact until then; base pointer (offset added before the read); own bank $67; trace: insn executed, target read (monkey_camp_reg2,settings_phone). patterns c,a
67	4FE2	imm	67	50A5	PROBABLE	[xref_infer] hl=$50A5 is exactly the label Table_67_50A5 (words region 67:50A5); read at 67:4FEC (ld a, [hli]), pair intact until then; base pointer (offset added before the read); own bank $67; trace: insn executed, target read (monkey_camp_reg2,settings_phone). patterns c,a
67	50EE	imm	67	5104	PROBABLE	[xref_infer] hl=$5104 is exactly the label Table_67_5104 (words region 67:5104); read at 67:50F8 (ld a, [hli]), pair intact until then; base pointer (offset added before the read); own bank $67; trace: insn executed, target read (monkey_camp_reg2,settings_phone). patterns c,a
67	5145	imm	4B	6A90	CONFIRMED	[xref_infer] hl=$6A90 is exactly the label Data_4B_6A90 (gfx region 4B:6A90); read at 00:078D (ldh [$FF51], a (rHDMA1 = source high byte)) via Function_00_0787; bank $4B from the constant loaded into A; trace: insn executed, target read (settings_phone). patterns b,d,a
67	5157	imm	4B	6E90	CONFIRMED	[xref_infer] hl=$6E90 is exactly the label Data_4B_6E90 (gfx region 4B:6E90); read at 00:078D (ldh [$FF51], a (rHDMA1 = source high byte)) via Function_00_0787; bank $4B from the constant loaded into A; trace: insn executed, target read (settings_phone). patterns b,d,a
67	517B	imm	5F	49D0	CONFIRMED	[xref_infer] hl=$49D0 is exactly the label Data_5F_49D0 (gfx region 5F:49D0); read at 00:078D (ldh [$FF51], a (rHDMA1 = source high byte)) via Function_00_0787; bank $5F from the constant loaded into A; trace: insn executed, target read (monkey_2,monkey_3 +22). patterns b,d,a
67	51D1	imm	4A	4000	PROBABLE	[xref_infer] de=$4000 is exactly the label Table_4A_4000 (words region 4A:4000); read at 00:0AC5 (ld a, [de]) via Function_00_0A82 -> Function_00_0AB8; base pointer (offset added before the read); bank $4A from the constant loaded into A. patterns b,d
67	5261	imm	67	5275	PROBABLE	[xref_infer] hl=$5275 is exactly the label Data_67_5275 (data region 67:5275); read at 67:526A (ld a, [hli]), pair intact until then; base pointer (offset added before the read); own bank $67; trace: insn executed, target read (settings_phone). patterns c,a
67	53BA	imm	67	53D6	PROBABLE	[xref_infer] hl=$53D6 is exactly the label Table_67_53D6 (words region 67:53D6); read at 67:53C4 (ld a, [hli]), pair intact until then; base pointer (offset added before the read); own bank $67; trace: insn executed, target read (settings_phone). patterns c,a
67	567A	imm	67	56FA	PROBABLE	[xref_infer] hl=$56FA is exactly the label Table_67_56FA (words region 67:56FA); read at 67:5684 (ld a, [hli]), pair intact until then; base pointer (offset added before the read); own bank $67; trace: insn executed, target read (settings_phone). patterns c,a
67	5744	imm	4B	76D0	CONFIRMED	[xref_infer] hl=$76D0 is exactly the label Data_4B_76D0 (gfx region 4B:76D0); read at 00:078D (ldh [$FF51], a (rHDMA1 = source high byte)) via Function_00_0787; bank $4B from the constant loaded into A; trace: insn executed, target read (settings_phone). patterns b,d,a
67	5756	imm	4B	7AD0	CONFIRMED	[xref_infer] hl=$7AD0 is exactly the label Data_4B_7AD0 (gfx region 4B:7AD0); read at 00:078D (ldh [$FF51], a (rHDMA1 = source high byte)) via Function_00_0787; bank $4B from the constant loaded into A; trace: insn executed, target read (settings_phone). patterns b,d,a
67	5768	imm	5F	49D0	CONFIRMED	[xref_infer] hl=$49D0 is exactly the label Data_5F_49D0 (gfx region 5F:49D0); read at 00:078D (ldh [$FF51], a (rHDMA1 = source high byte)) via Function_00_0787; bank $5F from the constant loaded into A; trace: insn executed, target read (monkey_2,monkey_3 +22). patterns b,d,a
67	57BB	imm	4A	4000	PROBABLE	[xref_infer] de=$4000 is exactly the label Table_4A_4000 (words region 4A:4000); read at 00:0AC5 (ld a, [de]) via Function_00_0A82 -> Function_00_0AB8; base pointer (offset added before the read); bank $4A from the constant loaded into A. patterns b,d
67	5846	imm	67	585A	PROBABLE	[xref_infer] hl=$585A is exactly the label Data_67_585A (data region 67:585A); read at 67:584F (ld a, [hli]), pair intact until then; base pointer (offset added before the read); own bank $67; trace: insn executed, target read (settings_phone). patterns c,a
67	5B7E	imm	67	5E43	CONFIRMED	[xref_infer] hl=$5E43 is exactly the label Data_67_5E43 (data region 67:5E43); read at 00:14BF (ld a, [hli]) via CopyString; own bank $67; trace: insn executed, target read (settings_cgi,title_settings). patterns b,a
67	5E7D	imm	67	5EB4	CONFIRMED	[xref_infer] hl=$5EB4 is exactly the label Data_67_5EB4 (data region 67:5EB4); read at 00:14BF (ld a, [hli]) via CopyString; own bank $67; trace: insn executed, target read (settings_cgi,title_settings). patterns b,a
67	5F54	imm	67	5F5E	CONFIRMED	[xref_infer] hl=$5F5E is exactly the label Data_67_5F5E (data region 67:5F5E); read at 00:0510 (ld a, [hli]) via CopyBytes; own bank $67; trace: insn executed, target read (settings_cgi,title_settings). patterns b,a
67	6195	imm	67	61D2	CONFIRMED	[xref_infer] hl=$61D2 is exactly the label Data_67_61D2 (data region 67:61D2); read at 00:14BF (ld a, [hli]) via CopyString; own bank $67; trace: insn executed, target read (monkey_2,monkey_camp_hid +6). patterns b,a
67	6212	imm	67	6246	CONFIRMED	[xref_infer] hl=$6246 is exactly the label Data_67_6246 (data region 67:6246); read at 00:14BF (ld a, [hli]) via CopyString; own bank $67; trace: insn executed, target read (settings_cgi,title_settings). patterns b,a
67	62F9	imm	67	632D	CONFIRMED	[xref_infer] hl=$632D is exactly the label Data_67_632D (data region 67:632D); read at 00:14BF (ld a, [hli]) via CopyString; own bank $67; trace: insn executed, target read (monkey_3,monkey_camp_hid +4). patterns b,a
67	637C	imm	4A	5F80	CONFIRMED	[xref_infer] hl=$5F80 is exactly the label Data_4A_5F80 (gfx region 4A:5F80); read at 00:078D (ldh [$FF51], a (rHDMA1 = source high byte)) via Function_00_0787; bank $4A from the constant loaded into A; trace: insn executed, target read (addressbook_full,boot_combos +39). patterns b,d,a
67	638E	imm	4A	6080	CONFIRMED	[xref_infer] hl=$6080 is exactly the label Data_4A_6080 (gfx region 4A:6080); read at 00:078D (ldh [$FF51], a (rHDMA1 = source high byte)) via Function_00_0787; bank $4A from the constant loaded into A; trace: insn executed, target read (addressbook_full,boot_combos +39). patterns b,d,a
67	63A0	imm	4A	6480	CONFIRMED	[xref_infer] hl=$6480 is exactly the label Data_4A_6480 (gfx region 4A:6480); read at 00:078D (ldh [$FF51], a (rHDMA1 = source high byte)) via Function_00_0787; bank $4A from the constant loaded into A; trace: insn executed, target read (addressbook_full,boot_combos +39). patterns b,d,a
67	63E5	imm	4A	68D0	PROBABLE	[xref_infer] de=$68D0 is exactly the label Data_4A_68D0 (gfx region 4A:68D0); read at 00:0AC5 (ld a, [de]) via Function_00_0A82 -> Function_00_0AB8; base pointer (offset added before the read); bank $4A from the constant loaded into A. patterns b,d
67	6584	imm	5D	7360	CONFIRMED	[xref_infer] hl=$7360 is exactly the label Data_5D_7360 (gfx region 5D:7360); read at 00:078D (ldh [$FF51], a (rHDMA1 = source high byte)) via Function_00_0787; bank $5D from the constant loaded into A; trace: insn executed, target read (register,register_errors +2). patterns b,d,a
67	6596	imm	5D	7760	CONFIRMED	[xref_infer] hl=$7760 is exactly the label Data_5D_7760 (gfx region 5D:7760); read at 00:078D (ldh [$FF51], a (rHDMA1 = source high byte)) via Function_00_0787; bank $5D from the constant loaded into A; trace: insn executed, target read (register,register_errors +2). patterns b,d,a
67	65A8	imm	5F	49D0	CONFIRMED	[xref_infer] hl=$49D0 is exactly the label Data_5F_49D0 (gfx region 5F:49D0); read at 00:078D (ldh [$FF51], a (rHDMA1 = source high byte)) via Function_00_0787; bank $5F from the constant loaded into A; trace: insn executed, target read (monkey_2,monkey_3 +22). patterns b,d,a
67	65BD	imm	5D	7B60	CONFIRMED	[xref_infer] hl=$7B60 is exactly the label Data_5D_7B60 (data region 5D:7B60); read at 67:65C2 (call $06D1) via FarCopyBytes_4F_4000 (CopyBytes with source bank in A); bank $5D from the constant loaded into A; trace: insn executed, target read (register,register_errors +2). patterns b,d,a
67	65E5	imm	5D	7BA0	CONFIRMED	[xref_infer] hl=$7BA0 is exactly the label Data_5D_7BA0 (data region 5D:7BA0); read at 00:0904 (ld a, [hli]) via Function_00_08EA -> Function_00_0904; bank $5D from the constant loaded into A; trace: insn executed, target read (register,register_errors +2). patterns b,d,a
67	65F8	imm	71	6F6F	PROBABLE	[xref_infer] hl=$6F6F is exactly the label Data_71_6F6F (data region 71:6F6F); read at 00:0904 (ld a, [hli]) via Function_00_08EA -> Function_00_0904; bank $71 from the constant loaded into A. patterns b,d
67	6614	imm	4A	4000	PROBABLE	[xref_infer] de=$4000 is exactly the label Table_4A_4000 (words region 4A:4000); read at 00:0AC5 (ld a, [de]) via Function_00_0A82 -> Function_00_0AB8; base pointer (offset added before the read); bank $4A from the constant loaded into A. patterns b,d
67	66AA	imm	67	66BE	PROBABLE	[xref_infer] hl=$66BE is exactly the label Data_67_66BE (data region 67:66BE); read at 67:66B3 (ld a, [hli]), pair intact until then; base pointer (offset added before the read); own bank $67; trace: insn executed, target read (register,register_errors +2). patterns c,a
68	4066	imm	68	408E	PROBABLE	[xref_infer] hl=$408E is exactly the label String_68_408E (text region 68:408E); read at 68:406F (ld a, [hl]), pair intact until then; base pointer (offset added before the read); own bank $68. patterns c
68	407B	imm	68	408E	PROBABLE	[xref_infer] hl=$408E is exactly the label String_68_408E (text region 68:408E); read at 68:4084 (ld a, [hl]), pair intact until then; base pointer (offset added before the read); own bank $68. patterns c
68	4577	imm	68	4594	PROBABLE	[xref_infer] hl=$4594 is exactly the label Table_68_4594 (words region 68:4594); read at 68:4581 (ld a, [hli]), pair intact until then; base pointer (offset added before the read); own bank $68; trace: insn executed, target read (monkey_camp_reg2). patterns c,a
68	46D8	imm	68	67D8	PROBABLE	[xref_infer] hl=$67D8 is exactly the label Table_68_67D8 (words region 68:67D8); read at 68:46E2 (ld a, [hli]), pair intact until then; base pointer (offset added before the read); own bank $68; trace: insn executed, target read (register,register_errors +4). patterns c,a
68	46F5	imm	68	67AE	PROBABLE	[xref_infer] hl=$67AE is exactly the label Table_68_67AE (words region 68:67AE); read at 68:46FF (ld a, [hli]), pair intact until then; base pointer (offset added before the read); own bank $68; trace: insn executed, target read (monkey_2,monkey_camp_hid +11). patterns c,a
68	470E	imm	68	67D8	PROBABLE	[xref_infer] hl=$67D8 is exactly the label Table_68_67D8 (words region 68:67D8); read at 68:4718 (ld a, [hli]), pair intact until then; base pointer (offset added before the read); own bank $68; trace: insn executed, target read (register,register_errors +4). patterns c,a
68	47AC	imm	68	4000	CONFIRMED	[xref_infer] hl=$4000 is exactly the label Data_68_4000 (data region 68:4000); read at 00:0510 (ld a, [hli]) via CopyBytes; own bank $68; trace: insn executed, target read (noadapter,addressbook_full +39). patterns b,a
68	484C	imm	68	4000	CONFIRMED	[xref_infer] hl=$4000 is exactly the label Data_68_4000 (data region 68:4000); read at 00:0510 (ld a, [hli]) via CopyBytes; own bank $68; trace: insn executed, target read (noadapter,addressbook_full +39). patterns b,a
68	497F	imm	68	4000	CONFIRMED	[xref_infer] de=$4000 is exactly the label Data_68_4000 (data region 68:4000); read at 00:1526 (ld a, [de]) via CompareStringN; own bank $68; trace: insn executed, target read (noadapter,addressbook_full +39). patterns b,a
68	498F	imm	68	4000	CONFIRMED	[xref_infer] de=$4000 is exactly the label Data_68_4000 (data region 68:4000); read at 00:1526 (ld a, [de]) via CompareStringN; own bank $68; trace: insn executed, target read (noadapter,addressbook_full +39). patterns b,a
68	4DE8	imm	68	4E46	PROBABLE	[xref_infer] hl=$4E46 is exactly the label String_68_4E46 (text region 68:4E46); read at 00:14E0 (ld a, [hli]) via EncodeXorA5; own bank $68. patterns b
68	4DFD	imm	68	4E37	PROBABLE	[xref_infer] hl=$4E37 is exactly the label String_68_4E37 (text region 68:4E37); read at 00:14BF (ld a, [hli]) via CopyString; own bank $68. patterns b
68	4E6A	imm	68	4EA7	PROBABLE	[xref_infer] hl=$4EA7 is exactly the label Data_68_4EA7 (data region 68:4EA7); read at 00:0510 (ld a, [hli]) via CopyBytes; own bank $68. patterns b
68	5050	imm	68	505E	PROBABLE	[xref_infer] hl=$505E is exactly the label Table_68_505E (ptrtable region 68:505E); read at 68:505A (ld a, [hli]), pair intact until then; base pointer (offset added before the read); own bank $68; trace: insn executed, target read (monkey_1,monkey_2 +9). patterns c,a
68	50B6	imm	4A	4240	CONFIRMED	[xref_infer] hl=$4240 is exactly the label Data_4A_4240 (gfx region 4A:4240); read at 00:078D (ldh [$FF51], a (rHDMA1 = source high byte)) via Function_00_0787; bank $4A from the constant loaded into A; trace: insn executed, target read (monkey_camp_reg2,settings_phone +9). patterns b,d,a
68	50C8	imm	4A	4640	CONFIRMED	[xref_infer] hl=$4640 is exactly the label Data_4A_4640 (gfx region 4A:4640); read at 00:078D (ldh [$FF51], a (rHDMA1 = source high byte)) via Function_00_0787; bank $4A from the constant loaded into A; trace: insn executed, target read (monkey_camp_reg2,settings_phone +9). patterns b,d,a
68	50DA	imm	4A	4A40	CONFIRMED	[xref_infer] hl=$4A40 is exactly the label Data_4A_4A40 (gfx region 4A:4A40); read at 00:078D (ldh [$FF51], a (rHDMA1 = source high byte)) via Function_00_0787; bank $4A from the constant loaded into A; trace: insn executed, target read (monkey_camp_reg2,settings_phone +9). patterns b,d,a
68	50EC	imm	4A	4E40	CONFIRMED	[xref_infer] hl=$4E40 is exactly the label Data_4A_4E40 (gfx region 4A:4E40); read at 00:078D (ldh [$FF51], a (rHDMA1 = source high byte)) via Function_00_0787; bank $4A from the constant loaded into A; trace: insn executed, target read (monkey_camp_reg2,settings_phone +9). patterns b,d,a
68	50FE	imm	4A	4040	CONFIRMED	[xref_infer] hl=$4040 is exactly the label Data_4A_4040 (gfx region 4A:4040); read at 00:078D (ldh [$FF51], a (rHDMA1 = source high byte)) via Function_00_0787; bank $4A from the constant loaded into A; trace: insn executed, target read (monkey_camp_reg2,settings_phone +9). patterns b,d,a
68	513A	imm	4A	5838	PROBABLE	[xref_infer] de=$5838 is exactly the label Table_4A_5838 (words region 4A:5838); read at 00:0AC5 (ld a, [de]) via Function_00_0A82 -> Function_00_0AB8; base pointer (offset added before the read); bank $4A from the constant loaded into A. patterns b,d
68	524B	imm	4A	54A0	CONFIRMED	[xref_infer] hl=$54A0 is exactly the label Data_4A_54A0 (data region 4A:54A0); read at 00:0904 (ld a, [hli]) via Function_00_08EA -> Function_00_0904; bank $4A from the constant loaded into A; trace: insn executed, target read (monkey_camp_reg2,settings_phone). patterns b,d,a
68	5276	imm	68	528C	PROBABLE	[xref_infer] hl=$528C is exactly the label Table_68_528C (words region 68:528C); read at 68:5280 (ld a, [hli]), pair intact until then; base pointer (offset added before the read); own bank $68; trace: insn executed, target read (monkey_1,monkey_3 +9). patterns c,a
68	5348	imm	5E	4000	CONFIRMED	[xref_infer] hl=$4000 is exactly the label Data_5E_4000 (gfx region 5E:4000); read at 00:078D (ldh [$FF51], a (rHDMA1 = source high byte)) via Function_00_0787; bank $5E from the constant loaded into A; trace: insn executed, target read (settings_phone,monkey_blank +5). patterns b,d,a
68	535A	imm	5E	4400	CONFIRMED	[xref_infer] hl=$4400 is exactly the label Data_5E_4400 (gfx region 5E:4400); read at 00:078D (ldh [$FF51], a (rHDMA1 = source high byte)) via Function_00_0787; bank $5E from the constant loaded into A; trace: insn executed, target read (settings_phone,monkey_blank +5). patterns b,d,a
68	536C	imm	5E	4800	CONFIRMED	[xref_infer] hl=$4800 is exactly the label Data_5E_4800 (gfx region 5E:4800); read at 00:078D (ldh [$FF51], a (rHDMA1 = source high byte)) via Function_00_0787; bank $5E from the constant loaded into A; trace: insn executed, target read (monkey_blank,monkey_camp_blank +4). patterns b,d,a
68	537E	imm	5E	4C00	CONFIRMED	[xref_infer] hl=$4C00 is exactly the label Data_5E_4C00 (gfx region 5E:4C00); read at 00:078D (ldh [$FF51], a (rHDMA1 = source high byte)) via Function_00_0787; bank $5E from the constant loaded into A; trace: insn executed, target read (monkey_blank,monkey_camp_blank +4). patterns b,d,a
68	5393	imm	5E	4D00	CONFIRMED	[xref_infer] hl=$4D00 is exactly the label Data_5E_4D00 (data region 5E:4D00); read at 68:5398 (call $06D1) via FarCopyBytes_4F_4000 (CopyBytes with source bank in A); bank $5E from the constant loaded into A; trace: insn executed, target read (monkey_blank,monkey_camp_blank +15). patterns b,d,a
68	53A4	imm	5E	4D40	CONFIRMED	[xref_infer] hl=$4D40 is exactly the label Data_5E_4D40 (data region 5E:4D40); read at 00:0904 (ld a, [hli]) via Function_00_08EA -> Function_00_0904; bank $5E from the constant loaded into A; trace: insn executed, target read (monkey_blank,monkey_camp_blank +4). patterns b,d,a
68	5642	imm	5E	4E10	CONFIRMED	[xref_infer] hl=$4E10 is exactly the label Data_5E_4E10 (gfx region 5E:4E10); read at 00:078D (ldh [$FF51], a (rHDMA1 = source high byte)) via Function_00_0787; bank $5E from the constant loaded into A; trace: insn executed, target read (monkey_blank,monkey_camp_blank +4). patterns b,d,a
68	5654	imm	5E	5210	CONFIRMED	[xref_infer] hl=$5210 is exactly the label Data_5E_5210 (gfx region 5E:5210); read at 00:078D (ldh [$FF51], a (rHDMA1 = source high byte)) via Function_00_0787; bank $5E from the constant loaded into A; trace: insn executed, target read (monkey_blank,monkey_camp_blank +4). patterns b,d,a
68	5669	imm	5E	4D00	CONFIRMED	[xref_infer] hl=$4D00 is exactly the label Data_5E_4D00 (data region 5E:4D00); read at 68:566E (call $06D1) via FarCopyBytes_4F_4000 (CopyBytes with source bank in A); bank $5E from the constant loaded into A; trace: insn executed, target read (monkey_blank,monkey_camp_blank +15). patterns b,d,a
68	57FB	imm	5E	4000	CONFIRMED	[xref_infer] hl=$4000 is exactly the label Data_5E_4000 (gfx region 5E:4000); read at 00:078D (ldh [$FF51], a (rHDMA1 = source high byte)) via Function_00_0787; bank $5E from the constant loaded into A; trace: insn executed, target read (settings_phone,monkey_blank +5). patterns b,d,a
68	580D	imm	5E	4400	CONFIRMED	[xref_infer] hl=$4400 is exactly the label Data_5E_4400 (gfx region 5E:4400); read at 00:078D (ldh [$FF51], a (rHDMA1 = source high byte)) via Function_00_0787; bank $5E from the constant loaded into A; trace: insn executed, target read (settings_phone,monkey_blank +5). patterns b,d,a
68	581F	imm	5E	5800	CONFIRMED	[xref_infer] hl=$5800 is exactly the label Data_5E_5800 (gfx region 5E:5800); read at 00:078D (ldh [$FF51], a (rHDMA1 = source high byte)) via Function_00_0787; bank $5E from the constant loaded into A; trace: insn executed, target read (monkey_blank,monkey_camp_blank +4). patterns b,d,a
68	5831	imm	5E	5C00	CONFIRMED	[xref_infer] hl=$5C00 is exactly the label Data_5E_5C00 (gfx region 5E:5C00); read at 00:078D (ldh [$FF51], a (rHDMA1 = source high byte)) via Function_00_0787; bank $5E from the constant loaded into A; trace: insn executed, target read (monkey_blank,monkey_camp_blank +4). patterns b,d,a
68	5846	imm	5E	4D00	CONFIRMED	[xref_infer] hl=$4D00 is exactly the label Data_5E_4D00 (data region 5E:4D00); read at 68:584B (call $06D1) via FarCopyBytes_4F_4000 (CopyBytes with source bank in A); bank $5E from the constant loaded into A; trace: insn executed, target read (monkey_blank,monkey_camp_blank +15). patterns b,d,a
68	5857	imm	5E	6000	CONFIRMED	[xref_infer] hl=$6000 is exactly the label Data_5E_6000 (data region 5E:6000); read at 00:0904 (ld a, [hli]) via Function_00_08EA -> Function_00_0904; bank $5E from the constant loaded into A; trace: insn executed, target read (monkey_blank,monkey_camp_blank +4). patterns b,d,a
68	5C25	imm	5E	60D0	CONFIRMED	[xref_infer] hl=$60D0 is exactly the label Data_5E_60D0 (gfx region 5E:60D0); read at 00:078D (ldh [$FF51], a (rHDMA1 = source high byte)) via Function_00_0787; bank $5E from the constant loaded into A; trace: insn executed, target read (monkey_blank,monkey_camp_blank +4). patterns b,d,a
68	5C37	imm	5E	64D0	CONFIRMED	[xref_infer] hl=$64D0 is exactly the label Data_5E_64D0 (gfx region 5E:64D0); read at 00:078D (ldh [$FF51], a (rHDMA1 = source high byte)) via Function_00_0787; bank $5E from the constant loaded into A; trace: insn executed, target read (monkey_blank,monkey_camp_blank +4). patterns b,d,a
68	5C4C	imm	5E	4D00	CONFIRMED	[xref_infer] hl=$4D00 is exactly the label Data_5E_4D00 (data region 5E:4D00); read at 68:5C51 (call $06D1) via FarCopyBytes_4F_4000 (CopyBytes with source bank in A); bank $5E from the constant loaded into A; trace: insn executed, target read (monkey_blank,monkey_camp_blank +15). patterns b,d,a
68	5C5D	imm	5E	68D0	CONFIRMED	[xref_infer] hl=$68D0 is exactly the label Data_5E_68D0 (data region 5E:68D0); read at 00:0904 (ld a, [hli]) via Function_00_08EA -> Function_00_0904; bank $5E from the constant loaded into A; trace: insn executed, target read (monkey_blank,monkey_camp_blank +4). patterns b,d,a
68	5DD0	imm	5D	4000	CONFIRMED	[xref_infer] hl=$4000 is exactly the label Data_5D_4000 (gfx region 5D:4000); read at 00:078D (ldh [$FF51], a (rHDMA1 = source high byte)) via Function_00_0787; bank $5D from the constant loaded into A; trace: insn executed, target read (monkey_1,monkey_3 +14). patterns b,d,a
68	5DE2	imm	5D	4400	CONFIRMED	[xref_infer] hl=$4400 is exactly the label Data_5D_4400 (gfx region 5D:4400); read at 00:078D (ldh [$FF51], a (rHDMA1 = source high byte)) via Function_00_0787; bank $5D from the constant loaded into A; trace: insn executed, target read (monkey_1,monkey_3 +14). patterns b,d,a
68	5DF4	imm	5D	4800	CONFIRMED	[xref_infer] hl=$4800 is exactly the label Data_5D_4800 (gfx region 5D:4800); read at 00:078D (ldh [$FF51], a (rHDMA1 = source high byte)) via Function_00_0787; bank $5D from the constant loaded into A; trace: insn executed, target read (monkey_1,monkey_3 +14). patterns b,d,a
68	5E06	imm	5D	4C00	CONFIRMED	[xref_infer] hl=$4C00 is exactly the label Data_5D_4C00 (gfx region 5D:4C00); read at 00:078D (ldh [$FF51], a (rHDMA1 = source high byte)) via Function_00_0787; bank $5D from the constant loaded into A; trace: insn executed, target read (monkey_1,monkey_3 +14). patterns b,d,a
68	5E1B	imm	5E	4D00	CONFIRMED	[xref_infer] hl=$4D00 is exactly the label Data_5E_4D00 (data region 5E:4D00); read at 68:5E20 (call $06D1) via FarCopyBytes_4F_4000 (CopyBytes with source bank in A); bank $5E from the constant loaded into A; trace: insn executed, target read (monkey_blank,monkey_camp_blank +15). patterns b,d,a
68	5E29	imm	68	5E92	PROBABLE	[xref_infer] hl=$5E92 is exactly the label Table_68_5E92 (words region 68:5E92); read at 68:5E33 (ld a, [hli]), pair intact until then; base pointer (offset added before the read); own bank $68; trace: insn executed, target read (monkey_camp_tut,monkey_blank +12). patterns c,a
68	611C	imm	5D	5320	CONFIRMED	[xref_infer] hl=$5320 is exactly the label Data_5D_5320 (gfx region 5D:5320); read at 00:078D (ldh [$FF51], a (rHDMA1 = source high byte)) via Function_00_0787; bank $5D from the constant loaded into A; trace: insn executed, target read (monkey_blank,monkey_camp_blank +4). patterns b,d,a
68	612E	imm	5D	5720	CONFIRMED	[xref_infer] hl=$5720 is exactly the label Data_5D_5720 (gfx region 5D:5720); read at 00:078D (ldh [$FF51], a (rHDMA1 = source high byte)) via Function_00_0787; bank $5D from the constant loaded into A; trace: insn executed, target read (monkey_blank,monkey_camp_blank +4). patterns b,d,a
68	6143	imm	5E	4D00	CONFIRMED	[xref_infer] hl=$4D00 is exactly the label Data_5E_4D00 (data region 5E:4D00); read at 68:6148 (call $06D1) via FarCopyBytes_4F_4000 (CopyBytes with source bank in A); bank $5E from the constant loaded into A; trace: insn executed, target read (monkey_blank,monkey_camp_blank +15). patterns b,d,a
68	6154	imm	5D	5B20	CONFIRMED	[xref_infer] hl=$5B20 is exactly the label Data_5D_5B20 (data region 5D:5B20); read at 00:0904 (ld a, [hli]) via Function_00_08EA -> Function_00_0904; bank $5D from the constant loaded into A; trace: insn executed, target read (monkey_blank,monkey_camp_blank +4). patterns b,d,a
68	622F	imm	5D	5DF0	CONFIRMED	[xref_infer] hl=$5DF0 is exactly the label Data_5D_5DF0 (gfx region 5D:5DF0); read at 00:078D (ldh [$FF51], a (rHDMA1 = source high byte)) via Function_00_0787; bank $5D from the constant loaded into A; trace: insn executed, target read (register,register_errors +3). patterns b,d,a
68	6241	imm	5D	61F0	CONFIRMED	[xref_infer] hl=$61F0 is exactly the label Data_5D_61F0 (gfx region 5D:61F0); read at 00:078D (ldh [$FF51], a (rHDMA1 = source high byte)) via Function_00_0787; bank $5D from the constant loaded into A; trace: insn executed, target read (register,register_errors +3). patterns b,d,a
68	6253	imm	5D	63F0	CONFIRMED	[xref_infer] hl=$63F0 is exactly the label Data_5D_63F0 (gfx region 5D:63F0); read at 00:078D (ldh [$FF51], a (rHDMA1 = source high byte)) via Function_00_0787; bank $5D from the constant loaded into A; trace: insn executed, target read (register,register_errors +3). patterns b,d,a
68	6265	imm	5F	49D0	CONFIRMED	[xref_infer] hl=$49D0 is exactly the label Data_5F_49D0 (gfx region 5F:49D0); read at 00:078D (ldh [$FF51], a (rHDMA1 = source high byte)) via Function_00_0787; bank $5F from the constant loaded into A; trace: insn executed, target read (monkey_2,monkey_3 +22). patterns b,d,a
68	627A	imm	5D	65F0	CONFIRMED	[xref_infer] hl=$65F0 is exactly the label Data_5D_65F0 (gfx region 5D:65F0); read at 68:627F (call $06D1) via FarCopyBytes_4F_4000 (CopyBytes with source bank in A); bank $5D from the constant loaded into A; trace: insn executed, target read (register,register_errors +3). patterns b,d,a
68	629C	imm	5D	6630	CONFIRMED	[xref_infer] hl=$6630 is exactly the label Data_5D_6630 (data region 5D:6630); read at 00:0904 (ld a, [hli]) via Function_00_08EA -> Function_00_0904; bank $5D from the constant loaded into A; trace: insn executed, target read (register,register_errors +3). patterns b,d,a
68	62B8	imm	4A	4000	PROBABLE	[xref_infer] de=$4000 is exactly the label Table_4A_4000 (words region 4A:4000); read at 00:0AC5 (ld a, [de]) via Function_00_0A82 -> Function_00_0AB8; base pointer (offset added before the read); bank $4A from the constant loaded into A. patterns b,d
68	6348	imm	68	635C	PROBABLE	[xref_infer] hl=$635C is exactly the label Table_68_635C (words region 68:635C); read at 68:6351 (ld a, [hli]), pair intact until then; base pointer (offset added before the read); own bank $68; trace: insn executed, target read (register,register_errors +3). patterns c,a
68	646D	imm	5D	5DF0	PROBABLE	[xref_infer] hl=$5DF0 is exactly the label Data_5D_5DF0 (gfx region 5D:5DF0); read at 00:078D (ldh [$FF51], a (rHDMA1 = source high byte)) via Function_00_0787; bank $5D from the constant loaded into A. patterns b,d,a
68	647F	imm	5D	61F0	PROBABLE	[xref_infer] hl=$61F0 is exactly the label Data_5D_61F0 (gfx region 5D:61F0); read at 00:078D (ldh [$FF51], a (rHDMA1 = source high byte)) via Function_00_0787; bank $5D from the constant loaded into A. patterns b,d,a
68	6491	imm	4A	5870	PROBABLE	[xref_infer] hl=$5870 is exactly the label Data_4A_5870 (gfx region 4A:5870); read at 00:078D (ldh [$FF51], a (rHDMA1 = source high byte)) via Function_00_0787; bank $4A from the constant loaded into A. patterns b,d
68	64A3	imm	5F	49D0	PROBABLE	[xref_infer] hl=$49D0 is exactly the label Data_5F_49D0 (gfx region 5F:49D0); read at 00:078D (ldh [$FF51], a (rHDMA1 = source high byte)) via Function_00_0787; bank $5F from the constant loaded into A. patterns b,d,a
68	64B8	imm	4A	5C70	PROBABLE	[xref_infer] hl=$5C70 is exactly the label Data_4A_5C70 (gfx region 4A:5C70); read at 68:64BD (call $06D1) via FarCopyBytes_4F_4000 (CopyBytes with source bank in A); bank $4A from the constant loaded into A. patterns b,d
68	64DA	imm	4A	5CB0	PROBABLE	[xref_infer] hl=$5CB0 is exactly the label Data_4A_5CB0 (data region 4A:5CB0); read at 00:0904 (ld a, [hli]) via Function_00_08EA -> Function_00_0904; bank $4A from the constant loaded into A. patterns b,d
68	64F6	imm	4A	4000	PROBABLE	[xref_infer] de=$4000 is exactly the label Table_4A_4000 (words region 4A:4000); read at 00:0AC5 (ld a, [de]) via Function_00_0A82 -> Function_00_0AB8; base pointer (offset added before the read); bank $4A from the constant loaded into A. patterns b,d
68	6586	imm	68	659A	PROBABLE	[xref_infer] hl=$659A is exactly the label Table_68_659A (words region 68:659A); read at 68:658F (ld a, [hli]), pair intact until then; base pointer (offset added before the read); own bank $68. patterns c
68	6B22	imm	5D	6E00	CONFIRMED	[xref_infer] hl=$6E00 is exactly the label Data_5D_6E00 (gfx region 5D:6E00); read at 00:078D (ldh [$FF51], a (rHDMA1 = source high byte)) via Function_00_0787; bank $5D from the constant loaded into A; trace: insn executed, target read (register,register_errors +4). patterns b,d,a
68	6B34	imm	5D	6900	CONFIRMED	[xref_infer] hl=$6900 is exactly the label Data_5D_6900 (gfx region 5D:6900); read at 00:078D (ldh [$FF51], a (rHDMA1 = source high byte)) via Function_00_0787; bank $5D from the constant loaded into A; trace: insn executed, target read (register,register_errors +4). patterns b,d,a
68	6CF7	imm	68	67D8	PROBABLE	[xref_infer] hl=$67D8 is exactly the label Table_68_67D8 (words region 68:67D8); read at 68:6D01 (ld a, [hli]), pair intact until then; base pointer (offset added before the read); own bank $68; trace: insn executed, target read (register,register_errors +4). patterns c,a
68	6D29	imm	68	6E03	CONFIRMED	[xref_infer] hl=$6E03 is exactly the label Data_68_6E03 (data region 68:6E03); read at 00:14BF (ld a, [hli]) via CopyString; own bank $68; trace: insn executed, target read (register,register_errors +3). patterns b,a
68	6D9A	imm	68	67AE	PROBABLE	[xref_infer] hl=$67AE is exactly the label Table_68_67AE (words region 68:67AE); read at 68:6DA4 (ld a, [hli]), pair intact until then; base pointer (offset added before the read); own bank $68; trace: insn executed, target read (monkey_2,monkey_camp_hid +11). patterns c,a
68	6E55	imm	5E	6BA0	CONFIRMED	[xref_infer] hl=$6BA0 is exactly the label Data_5E_6BA0 (gfx region 5E:6BA0); read at 00:078D (ldh [$FF51], a (rHDMA1 = source high byte)) via Function_00_0787; bank $5E from the constant loaded into A; trace: insn executed, target read (register,register_errors +12). patterns b,d,a
68	6E67	imm	5E	6FA0	CONFIRMED	[xref_infer] hl=$6FA0 is exactly the label Data_5E_6FA0 (gfx region 5E:6FA0); read at 00:078D (ldh [$FF51], a (rHDMA1 = source high byte)) via Function_00_0787; bank $5E from the constant loaded into A; trace: insn executed, target read (register,register_errors +12). patterns b,d,a
68	6E79	imm	5F	49D0	CONFIRMED	[xref_infer] hl=$49D0 is exactly the label Data_5F_49D0 (gfx region 5F:49D0); read at 00:078D (ldh [$FF51], a (rHDMA1 = source high byte)) via Function_00_0787; bank $5F from the constant loaded into A; trace: insn executed, target read (monkey_2,monkey_3 +22). patterns b,d,a
68	6EB6	imm	5E	75D0	CONFIRMED	[xref_infer] hl=$75D0 is exactly the label Data_5E_75D0 (data region 5E:75D0); read at 00:0904 (ld a, [hli]) via Function_00_08EA -> Function_00_0904; bank $5E from the constant loaded into A; trace: insn executed, target read (monkey_2,monkey_3 +7). patterns b,d,a
68	6EE5	imm	4A	4000	PROBABLE	[xref_infer] de=$4000 is exactly the label Table_4A_4000 (words region 4A:4000); read at 00:0AC5 (ld a, [de]) via Function_00_0A82 -> Function_00_0AB8; base pointer (offset added before the read); bank $4A from the constant loaded into A. patterns b,d
68	6F83	imm	68	6F97	PROBABLE	[xref_infer] hl=$6F97 is exactly the label Data_68_6F97 (data region 68:6F97); read at 68:6F8C (ld a, [hli]), pair intact until then; base pointer (offset added before the read); own bank $68; trace: insn executed, target read (monkey_3,register +12). patterns c,a
68	6FF1	imm	68	7005	PROBABLE	[xref_infer] hl=$7005 is exactly the label Data_68_7005 (data region 68:7005); read at 68:6FFA (ld a, [hl]), pair intact until then; base pointer (offset added before the read); own bank $68; trace: insn executed, target read (register,register_errors +3). patterns c,a
68	7434	imm	68	7442	PROBABLE	[xref_infer] hl=$7442 is exactly the label Table_68_7442 (ptrtable region 68:7442); read at 68:743E (ld a, [hli]), pair intact until then; base pointer (offset added before the read); own bank $68; trace: insn executed, target read (register,register_errors +9). patterns c,a
68	7483	imm	71	4890	CONFIRMED	[xref_infer] hl=$4890 is exactly the label Data_71_4890 (gfx region 71:4890); read at 00:078D (ldh [$FF51], a (rHDMA1 = source high byte)) via Function_00_0787; bank $71 from the constant loaded into A; trace: insn executed, target read (monkey_camp_reg,monkey_camp_reg2 +9). patterns b,d,a
68	7495	imm	71	4000	CONFIRMED	[xref_infer] hl=$4000 is exactly the label Data_71_4000 (gfx region 71:4000); read at 00:078D (ldh [$FF51], a (rHDMA1 = source high byte)) via Function_00_0787; bank $71 from the constant loaded into A; trace: insn executed, target read (monkey_camp_reg,monkey_camp_reg2 +9). patterns b,d,a
68	74BB	imm	71	4C90	CONFIRMED	[xref_infer] hl=$4C90 is exactly the label Data_71_4C90 (data region 71:4C90); read at 68:74C0 (call $06D1) via FarCopyBytes_4F_4000 (CopyBytes with source bank in A); bank $71 from the constant loaded into A; trace: insn executed, target read (monkey_camp_reg,monkey_camp_reg2 +9). patterns b,d,a
68	74CC	imm	71	4C98	CONFIRMED	[xref_infer] hl=$4C98 is exactly the label Data_71_4C98 (data region 71:4C98); read at 00:0904 (ld a, [hli]) via Function_00_08EA -> Function_00_0904; bank $71 from the constant loaded into A; trace: insn executed, target read (monkey_camp_reg,monkey_camp_reg2 +9). patterns b,d,a
68	74F0	imm	71	4F68	CONFIRMED	[xref_infer] hl=$4F68 is exactly the label Data_71_4F68 (data region 71:4F68); read at 00:0904 (ld a, [hli]) via Function_00_08EA -> Function_00_0904; bank $71 from the constant loaded into A; trace: insn executed, target read (register,register_errors +5). patterns b,d,a
68	7506	imm	71	4FB8	PROBABLE	[xref_infer] de=$4FB8 is exactly the label Table_71_4FB8 (words region 71:4FB8); read at 00:0AC5 (ld a, [de]) via Function_00_0A82 -> Function_00_0AB8; base pointer (offset added before the read); bank $71 from the constant loaded into A. patterns b,d
68	7611	imm	68	764C	PROBABLE	[xref_infer] hl=$764C is exactly the label Table_68_764C (words region 68:764C); read at 68:761B (ld a, [hli]), pair intact until then; base pointer (offset added before the read); own bank $68; trace: insn executed, target read (monkey_camp_reg,monkey_camp_reg2 +9). patterns c,a
68	7628	imm	68	765E	PROBABLE	[xref_infer] hl=$765E is exactly the label Table_68_765E (words region 68:765E); read at 68:7632 (ld a, [hli]), pair intact until then; base pointer (offset added before the read); own bank $68; trace: insn executed, target read (title_settings,monkey_camp_reg +9). patterns c,a
68	76A1	imm	4B	42D0	CONFIRMED	[xref_infer] hl=$42D0 is exactly the label Data_4B_42D0 (gfx region 4B:42D0); read at 00:078D (ldh [$FF51], a (rHDMA1 = source high byte)) via Function_00_0787; bank $4B from the constant loaded into A; trace: insn executed, target read (register,register_errors +5). patterns b,d,a
68	76B3	imm	4B	46D0	CONFIRMED	[xref_infer] hl=$46D0 is exactly the label Data_4B_46D0 (gfx region 4B:46D0); read at 00:078D (ldh [$FF51], a (rHDMA1 = source high byte)) via Function_00_0787; bank $4B from the constant loaded into A; trace: insn executed, target read (register,register_errors +5). patterns b,d,a
68	76DC	imm	4B	5898	CONFIRMED	[xref_infer] hl=$5898 is exactly the label Data_4B_5898 (data region 4B:5898); read at 00:0904 (ld a, [hli]) via Function_00_08EA -> Function_00_0904; bank $4B from the constant loaded into A; trace: insn executed, target read (register_errors,register +5). patterns b,d,a
68	779E	imm	68	77D0	PROBABLE	[xref_infer] hl=$77D0 is exactly the label Data_68_77D0 (data region 68:77D0); read at 68:77A7 (ld a, [hl]), pair intact until then; base pointer (offset added before the read); own bank $68; trace: insn executed, target read (register,register_errors +2). patterns c,a
68	788D	imm	68	793D	PROBABLE	[xref_infer] hl=$793D is exactly the label Table_68_793D (ptrtable region 68:793D); read at 68:7897 (ld a, [hli]), pair intact until then; base pointer (offset added before the read); own bank $68; trace: insn executed, target read (register,register_errors +5). patterns c,a
68	78AB	imm	68	793D	PROBABLE	[xref_infer] hl=$793D is exactly the label Table_68_793D (ptrtable region 68:793D); read at 68:78B5 (ld a, [hli]), pair intact until then; base pointer (offset added before the read); own bank $68; trace: insn executed, target read (register,register_errors +5). patterns c,a
68	78F0	imm	68	793D	PROBABLE	[xref_infer] hl=$793D is exactly the label Table_68_793D (ptrtable region 68:793D); read at 68:78FA (ld a, [hli]), pair intact until then; base pointer (offset added before the read); own bank $68; trace: insn executed, target read (register,register_errors +5). patterns c,a
68	790E	imm	68	793D	PROBABLE	[xref_infer] hl=$793D is exactly the label Table_68_793D (ptrtable region 68:793D); read at 68:7918 (ld a, [hli]), pair intact until then; base pointer (offset added before the read); own bank $68; trace: insn executed, target read (register,register_errors +5). patterns c,a
68	79D6	imm	71	5340	CONFIRMED	[xref_infer] hl=$5340 is exactly the label Data_71_5340 (gfx region 71:5340); read at 00:078D (ldh [$FF51], a (rHDMA1 = source high byte)) via Function_00_0787; bank $71 from the constant loaded into A; trace: insn executed, target read (monkey_camp_reg2,monkey_camp_rich +4). patterns b,d,a
68	79E8	imm	71	5740	CONFIRMED	[xref_infer] hl=$5740 is exactly the label Data_71_5740 (gfx region 71:5740); read at 00:078D (ldh [$FF51], a (rHDMA1 = source high byte)) via Function_00_0787; bank $71 from the constant loaded into A; trace: insn executed, target read (monkey_camp_reg2,monkey_camp_rich +4). patterns b,d,a
68	79FD	imm	71	66C8	CONFIRMED	[xref_infer] hl=$66C8 is exactly the label Data_71_66C8 (data region 71:66C8); read at 00:0904 (ld a, [hli]) via Function_00_08EA -> Function_00_0904; bank $71 from the constant loaded into A; trace: insn executed, target read (title_settings,monkey_camp_reg2 +4). patterns b,d,a
68	7A1F	imm	71	5DC0	CONFIRMED	[xref_infer] hl=$5DC0 is exactly the label Data_71_5DC0 (gfx region 71:5DC0); read at 00:078D (ldh [$FF51], a (rHDMA1 = source high byte)) via Function_00_0787; bank $71 from the constant loaded into A; trace: insn executed, target read (monkey_camp_hid,monkey_camp_reg +1). patterns b,d,a
68	7A34	imm	71	6998	CONFIRMED	[xref_infer] hl=$6998 is exactly the label Data_71_6998 (data region 71:6998); read at 00:0904 (ld a, [hli]) via Function_00_08EA -> Function_00_0904; bank $71 from the constant loaded into A; trace: insn executed, target read (title_settings,monkey_camp_hid +1). patterns b,d,a
68	7A42	imm	5F	49D0	CONFIRMED	[xref_infer] hl=$49D0 is exactly the label Data_5F_49D0 (gfx region 5F:49D0); read at 00:078D (ldh [$FF51], a (rHDMA1 = source high byte)) via Function_00_0787; bank $5F from the constant loaded into A; trace: insn executed, target read (monkey_2,monkey_3 +22). patterns b,d,a
68	7A57	imm	71	6680	CONFIRMED	[xref_infer] hl=$6680 is exactly the label Data_71_6680 (data region 71:6680); read at 68:7A5C (call $06D1) via FarCopyBytes_4F_4000 (CopyBytes with source bank in A); bank $71 from the constant loaded into A; trace: insn executed, target read (title_settings,monkey_camp_hid +4). patterns b,d,a
68	7A7E	imm	4A	4000	PROBABLE	[xref_infer] de=$4000 is exactly the label Table_4A_4000 (words region 4A:4000); read at 00:0AC5 (ld a, [de]) via Function_00_0A82 -> Function_00_0AB8; base pointer (offset added before the read); bank $4A from the constant loaded into A. patterns b,d
68	7B05	imm	68	7B19	PROBABLE	[xref_infer] hl=$7B19 is exactly the label Data_68_7B19 (data region 68:7B19); read at 68:7B0E (ld a, [hli]), pair intact until then; base pointer (offset added before the read); own bank $68; trace: insn executed, target read (monkey_camp_hid,monkey_camp_reg +2). patterns c,a
68	7BDC	imm	71	6580	CONFIRMED	[xref_infer] hl=$6580 is exactly the label Data_71_6580 (gfx region 71:6580); read at 00:078D (ldh [$FF51], a (rHDMA1 = source high byte)) via Function_00_0787; bank $71 from the constant loaded into A; trace: insn executed, target read (title_settings). patterns b,d,a
68	7C03	imm	71	6680	CONFIRMED	[xref_infer] hl=$6680 is exactly the label Data_71_6680 (data region 71:6680); read at 68:7C08 (call $06D1) via FarCopyBytes_4F_4000 (CopyBytes with source bank in A); bank $71 from the constant loaded into A; trace: insn executed, target read (title_settings,monkey_camp_hid +4). patterns b,d,a
68	7C25	imm	71	6C68	CONFIRMED	[xref_infer] hl=$6C68 is exactly the label Data_71_6C68 (data region 71:6C68); read at 00:0904 (ld a, [hli]) via Function_00_08EA -> Function_00_0904; bank $71 from the constant loaded into A; trace: insn executed, target read (title_settings). patterns b,d,a
68	7C3B	imm	71	6F38	PROBABLE	[xref_infer] de=$6F38 is exactly the label Table_71_6F38 (words region 71:6F38); read at 00:0AC5 (ld a, [de]) via Function_00_0A82 -> Function_00_0AB8; base pointer (offset added before the read); bank $71 from the constant loaded into A. patterns b,d
69	40E3	imm	51	58C0	CONFIRMED	[xref_infer] hl=$58C0 is exactly the label Data_51_58C0 (gfx region 51:58C0); read at 00:078D (ldh [$FF51], a (rHDMA1 = source high byte)) via Function_00_0787; bank $51 from the constant loaded into A; trace: insn executed, target read (settings_cgi). patterns b,d,a
69	40F5	imm	51	5CC0	CONFIRMED	[xref_infer] hl=$5CC0 is exactly the label Data_51_5CC0 (gfx region 51:5CC0); read at 00:078D (ldh [$FF51], a (rHDMA1 = source high byte)) via Function_00_0787; bank $51 from the constant loaded into A; trace: insn executed, target read (settings_cgi). patterns b,d,a
69	410A	imm	51	5EC0	CONFIRMED	[xref_infer] hl=$5EC0 is exactly the label Data_51_5EC0 (data region 51:5EC0); read at 69:410F (call $06D1) via FarCopyBytes_4F_4000 (CopyBytes with source bank in A); bank $51 from the constant loaded into A; trace: insn executed, target read (settings_cgi). patterns b,d,a
69	411B	imm	69	4160	CONFIRMED	[xref_infer] hl=$4160 is exactly the label Data_69_4160 (gfx region 69:4160); read at 00:078D (ldh [$FF51], a (rHDMA1 = source high byte)) via Function_00_0787; bank $69 from the constant loaded into A; trace: insn executed, target read (browser_bookmarks,browser_errors +3). patterns b,d,a
69	412D	imm	69	4560	CONFIRMED	[xref_infer] hl=$4560 is exactly the label Data_69_4560 (gfx region 69:4560); read at 00:078D (ldh [$FF51], a (rHDMA1 = source high byte)) via Function_00_0787; bank $69 from the constant loaded into A; trace: insn executed, target read (browser_bookmarks,browser_errors +3). patterns b,d,a
69	4142	imm	69	4760	CONFIRMED	[xref_infer] hl=$4760 is exactly the label Palette_69_4760 (data region 69:4760); read at 69:4147 (call $06D1) via FarCopyBytes_4F_4000 (CopyBytes with source bank in A); bank $69 from the constant loaded into A; trace: insn executed, target read (browser_bookmarks,browser_errors +3). patterns b,d,a
6B	4D00	imm	6B	4D1B	PROBABLE	[xref_infer] hl=$4D1B is exactly the label Data_6B_4D1B (data region 6B:4D1B); read at 6B:4D09 (ld a, [hl]), pair intact until then; base pointer (offset added before the read); own bank $6B. patterns c
6C	403E	imm	6A	4E90	CONFIRMED	[xref_infer] hl=$4E90 is exactly the label Data_6A_4E90 (gfx region 6A:4E90); read at 00:078D (ldh [$FF51], a (rHDMA1 = source high byte)) via Function_00_0787; bank $6A from the constant loaded into A; trace: insn executed, target read (help,monkey_1 +6). patterns b,d,a
6C	4050	imm	6A	5290	CONFIRMED	[xref_infer] hl=$5290 is exactly the label Data_6A_5290 (gfx region 6A:5290); read at 00:078D (ldh [$FF51], a (rHDMA1 = source high byte)) via Function_00_0787; bank $6A from the constant loaded into A; trace: insn executed, target read (help,monkey_1 +6). patterns b,d,a
6C	4062	imm	6A	5690	CONFIRMED	[xref_infer] hl=$5690 is exactly the label Data_6A_5690 (gfx region 6A:5690); read at 00:078D (ldh [$FF51], a (rHDMA1 = source high byte)) via Function_00_0787; bank $6A from the constant loaded into A; trace: insn executed, target read (help,monkey_1 +6). patterns b,d,a
6C	4074	imm	6A	5A90	CONFIRMED	[xref_infer] hl=$5A90 is exactly the label Data_6A_5A90 (gfx region 6A:5A90); read at 00:078D (ldh [$FF51], a (rHDMA1 = source high byte)) via Function_00_0787; bank $6A from the constant loaded into A; trace: insn executed, target read (help,monkey_1 +6). patterns b,d,a
6C	4086	imm	6A	5AB0	CONFIRMED	[xref_infer] hl=$5AB0 is exactly the label Data_6A_5AB0 (gfx region 6A:5AB0); read at 00:078D (ldh [$FF51], a (rHDMA1 = source high byte)) via Function_00_0787; bank $6A from the constant loaded into A; trace: insn executed, target read (help,monkey_1 +6). patterns b,d,a
6C	4098	imm	6A	5EB0	CONFIRMED	[xref_infer] hl=$5EB0 is exactly the label Data_6A_5EB0 (gfx region 6A:5EB0); read at 00:078D (ldh [$FF51], a (rHDMA1 = source high byte)) via Function_00_0787; bank $6A from the constant loaded into A; trace: insn executed, target read (help,monkey_1 +6). patterns b,d,a
6C	40AD	imm	6A	62B0	CONFIRMED	[xref_infer] hl=$62B0 is exactly the label Data_6A_62B0 (data region 6A:62B0); read at 6C:40B2 (call $06D1) via FarCopyBytes_4F_4000 (CopyBytes with source bank in A); bank $6A from the constant loaded into A; trace: insn executed, target read (help,monkey_1 +6). patterns b,d,a
6C	40C9	imm	6A	4000	CONFIRMED	[xref_infer] hl=$4000 is exactly the label Data_6A_4000 (data region 6A:4000); read at 00:0904 (ld a, [hli]) via Function_00_08EA -> Function_00_0904; bank $6A from the constant loaded into A; trace: insn executed, target read (monkey_1,help +6). patterns b,d,a
6C	40EC	imm	6A	42D0	CONFIRMED	[xref_infer] hl=$42D0 is exactly the label Data_6A_42D0 (data region 6A:42D0); read at 00:0904 (ld a, [hli]) via Function_00_08EA -> Function_00_0904; bank $6A from the constant loaded into A; trace: insn executed, target read (help,monkey_3 +5). patterns b,d,a
6C	4107	imm	6A	45A0	CONFIRMED	[xref_infer] hl=$45A0 is exactly the label Data_6A_45A0 (data region 6A:45A0); read at 00:0904 (ld a, [hli]) via Function_00_08EA -> Function_00_0904; bank $6A from the constant loaded into A; trace: insn executed, target read (monkey_camp_hid,monkey_camp_rich). patterns b,d,a
6C	43BC	imm	6C	4525	PROBABLE	[xref_infer] hl=$4525 is exactly the label Data_6C_4525 (data region 6C:4525); read at 6C:43CB (ld a, [hli]), pair intact until then; base pointer (offset added before the read); own bank $6C; trace: insn executed, target read (help,monkey_1 +6). patterns c,a
6C	45DE	imm	6C	4747	PROBABLE	[xref_infer] hl=$4747 is exactly the label Data_6C_4747 (data region 6C:4747); read at 6C:45ED (ld a, [hli]), pair intact until then; base pointer (offset added before the read); own bank $6C; trace: insn executed, target read (help,monkey_1 +6). patterns c,a
6C	4786	imm	6A	6651	CONFIRMED	[xref_infer] hl=$6651 is exactly the label Data_6A_6651 (data region 6A:6651); read at 48:42D5 (call $1620) via Function_48_42D4 -> ReadByteFar; bank $6A from the constant loaded into A; trace: insn executed, target read (help,monkey_1 +2). patterns b,d,a
6C	59F6	imm	6A	69F0	CONFIRMED	[xref_infer] hl=$69F0 is exactly the label Data_6A_69F0 (gfx region 6A:69F0); read at 00:078D (ldh [$FF51], a (rHDMA1 = source high byte)) via Function_00_0787; bank $6A from the constant loaded into A; trace: insn executed, target read (boot_states,browser_bookmarks +19). patterns b,d,a
6C	5A08	imm	6A	6A10	CONFIRMED	[xref_infer] hl=$6A10 is exactly the label Data_6A_6A10 (gfx region 6A:6A10); read at 00:078D (ldh [$FF51], a (rHDMA1 = source high byte)) via Function_00_0787; bank $6A from the constant loaded into A; trace: insn executed, target read (boot_states,browser_bookmarks +19). patterns b,d,a
6C	5A1A	imm	6A	6A20	CONFIRMED	[xref_infer] hl=$6A20 is exactly the label Data_6A_6A20 (gfx region 6A:6A20); read at 00:078D (ldh [$FF51], a (rHDMA1 = source high byte)) via Function_00_0787; bank $6A from the constant loaded into A; trace: insn executed, target read (boot_states,browser_bookmarks +19). patterns b,d,a
6C	5A2F	imm	6A	7220	CONFIRMED	[xref_infer] hl=$7220 is exactly the label Palette_6A_7220 (data region 6A:7220); read at 6C:5A34 (call $06D1) via FarCopyBytes_4F_4000 (CopyBytes with source bank in A); bank $6A from the constant loaded into A; trace: insn executed, target read (monkey_1,register +19). patterns b,d,a
6C	5A40	imm	6A	6716	CONFIRMED	[xref_infer] hl=$6716 is exactly the label Data_6A_6716 (data region 6A:6716); read at 00:0904 (ld a, [hli]) via Function_00_08EA -> Function_00_0904; bank $6A from the constant loaded into A; trace: insn executed, target read (boot_states,browser_bookmarks +19). patterns b,d,a
6C	5D17	imm	6A	72BB	PROBABLE	[xref_infer] de=$72BB is exactly the label Table_6A_72BB (words region 6A:72BB); read at 00:0AC5 (ld a, [de]) via Function_00_0A82 -> Function_00_0AB8; base pointer (offset added before the read); bank $6A from the constant loaded into A; trace: insn executed, target read (boot_states,browser_bookmarks +17). patterns b,d,a
6C	5D3E	imm	6A	72BB	PROBABLE	[xref_infer] de=$72BB is exactly the label Table_6A_72BB (words region 6A:72BB); read at 00:0AC5 (ld a, [de]) via Function_00_0A82 -> Function_00_0AB8; base pointer (offset added before the read); bank $6A from the constant loaded into A; trace: insn executed, target read (boot_states,browser_bookmarks +17). patterns b,d,a
6C	5DAD	imm	6A	72BB	PROBABLE	[xref_infer] de=$72BB is exactly the label Table_6A_72BB (words region 6A:72BB); read at 00:0AC5 (ld a, [de]) via Function_00_0A82 -> Function_00_0AB8; base pointer (offset added before the read); bank $6A from the constant loaded into A; trace: insn executed, target read (boot_states,browser_bookmarks +17). patterns b,d,a
70	404D	imm	70	534C	PROBABLE	[xref_infer] de=$534C is exactly the label Table_70_534C (ptrtable region 70:534C); read at 00:0AC5 (ld a, [de]) via Function_00_0A82 -> Function_00_0AB8; base pointer (offset added before the read); bank $70 from the constant loaded into A. patterns b,d
70	4092	imm	70	40AD	PROBABLE	[xref_infer] hl=$40AD is exactly the label Table_70_40AD (ptrtable region 70:40AD); read at 70:409C (ld a, [hli]), pair intact until then; base pointer (offset added before the read); own bank $70; trace: insn executed, target read (monkey_camp_hid,browser_bookmarks +4). patterns c,a
70	415C	imm	70	53EB	PROBABLE	[xref_infer] de=$53EB is exactly the label Table_70_53EB (ptrtable region 70:53EB); read at 00:0AC5 (ld a, [de]) via Function_00_0A82 -> Function_00_0AB8; base pointer (offset added before the read); bank $70 from the constant loaded into A. patterns b,d
70	4196	imm	70	53EB	PROBABLE	[xref_infer] de=$53EB is exactly the label Table_70_53EB (ptrtable region 70:53EB); read at 00:0AC5 (ld a, [de]) via Function_00_0A82 -> Function_00_0AB8; base pointer (offset added before the read); bank $70 from the constant loaded into A. patterns b,d
70	42F4	imm	70	53EB	PROBABLE	[xref_infer] de=$53EB is exactly the label Table_70_53EB (ptrtable region 70:53EB); read at 00:0AC5 (ld a, [de]) via Function_00_0A82 -> Function_00_0AB8; base pointer (offset added before the read); bank $70 from the constant loaded into A. patterns b,d
70	432E	imm	70	53EB	PROBABLE	[xref_infer] de=$53EB is exactly the label Table_70_53EB (ptrtable region 70:53EB); read at 00:0AC5 (ld a, [de]) via Function_00_0A82 -> Function_00_0AB8; base pointer (offset added before the read); bank $70 from the constant loaded into A. patterns b,d
70	44D9	imm	70	5490	CONFIRMED	[xref_infer] hl=$5490 is exactly the label Data_70_5490 (gfx region 70:5490); read at 00:078D (ldh [$FF51], a (rHDMA1 = source high byte)) via Function_00_0787; bank $70 from the constant loaded into A; trace: insn executed, target read (monkey_camp_hid,monkey_camp_rich +4). patterns b,d,a
70	44EB	imm	70	5890	CONFIRMED	[xref_infer] hl=$5890 is exactly the label Data_70_5890 (gfx region 70:5890); read at 00:078D (ldh [$FF51], a (rHDMA1 = source high byte)) via Function_00_0787; bank $70 from the constant loaded into A; trace: insn executed, target read (monkey_camp_hid,monkey_camp_rich +4). patterns b,d,a
70	44FD	imm	70	5C90	CONFIRMED	[xref_infer] hl=$5C90 is exactly the label Data_70_5C90 (gfx region 70:5C90); read at 00:078D (ldh [$FF51], a (rHDMA1 = source high byte)) via Function_00_0787; bank $70 from the constant loaded into A; trace: insn executed, target read (monkey_camp_hid,monkey_camp_rich +4). patterns b,d,a
70	450F	imm	70	6090	CONFIRMED	[xref_infer] hl=$6090 is exactly the label Data_70_6090 (gfx region 70:6090); read at 00:078D (ldh [$FF51], a (rHDMA1 = source high byte)) via Function_00_0787; bank $70 from the constant loaded into A; trace: insn executed, target read (monkey_camp_hid,monkey_camp_rich +4). patterns b,d,a
70	4521	imm	70	6490	CONFIRMED	[xref_infer] hl=$6490 is exactly the label Data_70_6490 (gfx region 70:6490); read at 00:078D (ldh [$FF51], a (rHDMA1 = source high byte)) via Function_00_0787; bank $70 from the constant loaded into A; trace: insn executed, target read (monkey_camp_hid,monkey_camp_rich +4). patterns b,d,a
70	4533	imm	70	6490	CONFIRMED	[xref_infer] hl=$6490 is exactly the label Data_70_6490 (gfx region 70:6490); read at 00:078D (ldh [$FF51], a (rHDMA1 = source high byte)) via Function_00_0787; bank $70 from the constant loaded into A; trace: insn executed, target read (monkey_camp_hid,monkey_camp_rich +4). patterns b,d,a
70	4545	imm	70	6890	CONFIRMED	[xref_infer] hl=$6890 is exactly the label Data_70_6890 (gfx region 70:6890); read at 00:078D (ldh [$FF51], a (rHDMA1 = source high byte)) via Function_00_0787; bank $70 from the constant loaded into A; trace: insn executed, target read (monkey_camp_hid,monkey_camp_rich +4). patterns b,d,a
70	4557	imm	70	6690	CONFIRMED	[xref_infer] hl=$6690 is exactly the label Data_70_6690 (gfx region 70:6690); read at 00:078D (ldh [$FF51], a (rHDMA1 = source high byte)) via Function_00_0787; bank $70 from the constant loaded into A; trace: insn executed, target read (monkey_camp_hid,monkey_camp_rich +4). patterns b,d,a
70	4569	imm	70	6A90	CONFIRMED	[xref_infer] hl=$6A90 is exactly the label Tiles_70_6A90 (gfx region 70:6A90); read at 00:078D (ldh [$FF51], a (rHDMA1 = source high byte)) via Function_00_0787; bank $70 from the constant loaded into A; trace: insn executed, target read (monkey_camp_hid,monkey_camp_rich +4). patterns b,d,a
70	457E	imm	70	6C90	CONFIRMED	[xref_infer] hl=$6C90 is exactly the label Palette_70_6C90 (data region 70:6C90); read at 70:4583 (call $06D1) via FarCopyBytes_4F_4000 (CopyBytes with source bank in A); bank $70 from the constant loaded into A; trace: insn executed, target read (monkey_camp_hid,monkey_camp_rich +4). patterns b,d,a
70	458F	imm	70	6CD0	CONFIRMED	[xref_infer] hl=$6CD0 is exactly the label Palette_70_6CD0 (data region 70:6CD0); read at 70:4594 (call $06D1) via FarCopyBytes_4F_4000 (CopyBytes with source bank in A); bank $70 from the constant loaded into A; trace: insn executed, target read (monkey_camp_hid,monkey_camp_rich +4). patterns b,d,a
70	45A0	imm	70	6D10	CONFIRMED	[xref_infer] hl=$6D10 is exactly the label Tilemap_70_6D10 (data region 70:6D10); read at 00:0904 (ld a, [hli]) via Function_00_08EA -> Function_00_0904; bank $70 from the constant loaded into A; trace: insn executed, target read (monkey_camp_hid,monkey_camp_rich +4). patterns b,d,a
70	45B1	imm	70	534C	PROBABLE	[xref_infer] de=$534C is exactly the label Table_70_534C (ptrtable region 70:534C); read at 00:0AC5 (ld a, [de]) via Function_00_0A82 -> Function_00_0AB8; base pointer (offset added before the read); bank $70 from the constant loaded into A. patterns b,d
70	45CA	imm	70	534C	PROBABLE	[xref_infer] de=$534C is exactly the label Table_70_534C (ptrtable region 70:534C); read at 00:0AC5 (ld a, [de]) via Function_00_0A82 -> Function_00_0AB8; base pointer (offset added before the read); bank $70 from the constant loaded into A. patterns b,d
70	45EF	imm	70	534C	PROBABLE	[xref_infer] de=$534C is exactly the label Table_70_534C (ptrtable region 70:534C); read at 00:0AC5 (ld a, [de]) via Function_00_0A82 -> Function_00_0AB8; base pointer (offset added before the read); bank $70 from the constant loaded into A. patterns b,d
70	47C4	imm	70	53EB	PROBABLE	[xref_infer] de=$53EB is exactly the label Table_70_53EB (ptrtable region 70:53EB); read at 00:0AC5 (ld a, [de]) via Function_00_0A82 -> Function_00_0AB8; base pointer (offset added before the read); bank $70 from the constant loaded into A. patterns b,d
70	47D4	imm	70	53EB	PROBABLE	[xref_infer] de=$53EB is exactly the label Table_70_53EB (ptrtable region 70:53EB); read at 00:0AC5 (ld a, [de]) via Function_00_0A82 -> Function_00_0AB8; base pointer (offset added before the read); bank $70 from the constant loaded into A. patterns b,d
70	47E5	imm	70	53EB	PROBABLE	[xref_infer] de=$53EB is exactly the label Table_70_53EB (ptrtable region 70:53EB); read at 00:0AC5 (ld a, [de]) via Function_00_0A82 -> Function_00_0AB8; base pointer (offset added before the read); bank $70 from the constant loaded into A. patterns b,d
70	47F5	imm	70	53EB	PROBABLE	[xref_infer] de=$53EB is exactly the label Table_70_53EB (ptrtable region 70:53EB); read at 00:0AC5 (ld a, [de]) via Function_00_0A82 -> Function_00_0AB8; base pointer (offset added before the read); bank $70 from the constant loaded into A. patterns b,d
70	4803	imm	70	4822	PROBABLE	[xref_infer] hl=$4822 is exactly the label Table_70_4822 (ptrtable region 70:4822); read at 70:480D (ld a, [hli]), pair intact until then; base pointer (offset added before the read); own bank $70; trace: insn executed, target read (monkey_camp_hid,monkey_camp_rich +4). patterns c,a
72	402D	imm	72	502B	PROBABLE	[xref_infer] hl=$502B is exactly the label Table_72_502B (ptrtable region 72:502B); read at 72:4032 (ld a, [hli]), pair intact until then; base pointer (offset added before the read); own bank $72. patterns c
72	4060	imm	72	48C0	CONFIRMED	[xref_infer] hl=$48C0 is exactly the label Data_72_48C0 (gfx region 72:48C0); read at 00:078D (ldh [$FF51], a (rHDMA1 = source high byte)) via Function_00_0787; bank $72 from the constant loaded into A; trace: insn executed, target read (mail_receive,monkey_camp_hid +16). patterns b,d,a
72	4075	imm	72	4E28	CONFIRMED	[xref_infer] hl=$4E28 is exactly the label Data_72_4E28 (data region 72:4E28); read at 72:407A (call $06D1) via FarCopyBytes_4F_4000 (CopyBytes with source bank in A); bank $72 from the constant loaded into A; trace: insn executed, target read (addressbook_full,browser_bookmarks +16). patterns b,d,a
72	4086	imm	72	4CC0	CONFIRMED	[xref_infer] hl=$4CC0 is exactly the label Data_72_4CC0 (data region 72:4CC0); read at 00:0904 (ld a, [hli]) via Function_00_08EA -> Function_00_0904; bank $72 from the constant loaded into A; trace: insn executed, target read (addressbook_full,browser_bookmarks +14). patterns b,d,a
72	40CB	imm	72	4E40	PROBABLE	[xref_infer] de=$4E40 is exactly the label Table_72_4E40 (words region 72:4E40); read at 00:0AC5 (ld a, [de]) via Function_00_0A82 -> Function_00_0AB8; base pointer (offset added before the read); bank $72 from the constant loaded into A. patterns b,d
72	418D	imm	72	43A1	CONFIRMED	[xref_infer] hl=$43A1 is exactly the label Data_72_43A1 (data region 72:43A1); read at 72:4829 (ld a, [hli]) via Function_72_4824; bank $72 = bank of the far callee that reads it; trace: insn executed, target read (addressbook_full,browser_bookmarks +14). patterns b,d,a
72	41E7	imm	72	48C0	CONFIRMED	[xref_infer] hl=$48C0 is exactly the label Data_72_48C0 (gfx region 72:48C0); read at 00:078D (ldh [$FF51], a (rHDMA1 = source high byte)) via Function_00_0787; bank $72 from the constant loaded into A; trace: insn executed, target read (mail_receive,monkey_camp_hid +16). patterns b,d,a
72	41FC	imm	72	4E28	CONFIRMED	[xref_infer] hl=$4E28 is exactly the label Data_72_4E28 (data region 72:4E28); read at 72:4201 (call $06D1) via FarCopyBytes_4F_4000 (CopyBytes with source bank in A); bank $72 from the constant loaded into A; trace: insn executed, target read (addressbook_full,browser_bookmarks +16). patterns b,d,a
72	420D	imm	72	4E73	CONFIRMED	[xref_infer] hl=$4E73 is exactly the label Data_72_4E73 (data region 72:4E73); read at 00:0904 (ld a, [hli]) via Function_00_08EA -> Function_00_0904; bank $72 from the constant loaded into A; trace: insn executed, target read (mail_receive,mail_server +7). patterns b,d,a
72	4252	imm	72	4E40	PROBABLE	[xref_infer] de=$4E40 is exactly the label Table_72_4E40 (words region 72:4E40); read at 00:0AC5 (ld a, [de]) via Function_00_0A82 -> Function_00_0AB8; base pointer (offset added before the read); bank $72 from the constant loaded into A. patterns b,d
72	44B2	imm	72	4572	CONFIRMED	[xref_infer] hl=$4572 is exactly the label Data_72_4572 (data region 72:4572); read at 72:4877 (ld a, [hli]) via Function_72_4872; bank $72 = bank of the far callee that reads it; trace: insn executed, target read (addressbook_full,browser_bookmarks +14). patterns b,d,a
72	63F0	imm	72	7620	CONFIRMED	[xref_infer] hl=$7620 is exactly the label Data_72_7620 (gfx region 72:7620); read at 00:078D (ldh [$FF51], a (rHDMA1 = source high byte)) via Function_00_0787; bank $72 from the constant loaded into A; trace: insn executed, target read (settings_cgi). patterns b,d,a
72	6402	imm	72	7220	CONFIRMED	[xref_infer] hl=$7220 is exactly the label Data_72_7220 (gfx region 72:7220); read at 00:078D (ldh [$FF51], a (rHDMA1 = source high byte)) via Function_00_0787; bank $72 from the constant loaded into A; trace: insn executed, target read (settings_cgi). patterns b,d,a
72	6417	imm	72	7810	CONFIRMED	[xref_infer] hl=$7810 is exactly the label Palette_72_7810 (data region 72:7810); read at 72:641C (call $06D1) via FarCopyBytes_4F_4000 (CopyBytes with source bank in A); bank $72 from the constant loaded into A; trace: insn executed, target read (settings_cgi). patterns b,d,a
72	6428	imm	72	7720	CONFIRMED	[xref_infer] hl=$7720 is exactly the label Data_72_7720 (data region 72:7720); read at 00:0904 (ld a, [hli]) via Function_00_08EA -> Function_00_0904; bank $72 from the constant loaded into A; trace: insn executed, target read (settings_cgi). patterns b,d,a
72	64C6	imm	72	7828	PROBABLE	[xref_infer] de=$7828 is exactly the label Table_72_7828 (words region 72:7828); read at 00:0AC5 (ld a, [de]) via Function_00_0A82 -> Function_00_0AB8; base pointer (offset added before the read); bank $72 from the constant loaded into A. patterns b,d
72	650C	imm	72	6556	CONFIRMED	[xref_infer] hl=$6556 is exactly the label Data_72_6556 (data region 72:6556); read at 72:4829 (ld a, [hli]) via Function_72_4824; bank $72 = bank of the far callee that reads it; trace: insn executed, target read (settings_cgi). patterns b,d,a
72	66BE	imm	72	7828	PROBABLE	[xref_infer] de=$7828 is exactly the label Table_72_7828 (words region 72:7828); read at 00:0AC5 (ld a, [de]) via Function_00_0A82 -> Function_00_0AB8; base pointer (offset added before the read); bank $72 from the constant loaded into A. patterns b,d
72	672A	imm	72	6C10	CONFIRMED	[xref_infer] hl=$6C10 is exactly the label Data_72_6C10 (gfx region 72:6C10); read at 00:078D (ldh [$FF51], a (rHDMA1 = source high byte)) via Function_00_0787; bank $72 from the constant loaded into A; trace: insn executed, target read (browser_errors,monkey_1 +8). patterns b,d,a
72	673C	imm	72	7010	CONFIRMED	[xref_infer] hl=$7010 is exactly the label Data_72_7010 (gfx region 72:7010); read at 00:078D (ldh [$FF51], a (rHDMA1 = source high byte)) via Function_00_0787; bank $72 from the constant loaded into A; trace: insn executed, target read (browser_bookmarks,browser_pages +1). patterns b,d,a
72	6751	imm	72	7200	CONFIRMED	[xref_infer] hl=$7200 is exactly the label Data_72_7200 (data region 72:7200); read at 72:6756 (call $06D1) via FarCopyBytes_4F_4000 (CopyBytes with source bank in A); bank $72 from the constant loaded into A; trace: insn executed, target read (browser_bookmarks,browser_pages +1). patterns b,d,a
72	6762	imm	72	7110	CONFIRMED	[xref_infer] hl=$7110 is exactly the label Data_72_7110 (data region 72:7110); read at 00:0904 (ld a, [hli]) via Function_00_08EA -> Function_00_0904; bank $72 from the constant loaded into A; trace: insn executed, target read (browser_bookmarks,browser_pages +1). patterns b,d,a
72	6802	imm	72	7828	PROBABLE	[xref_infer] de=$7828 is exactly the label Table_72_7828 (words region 72:7828); read at 00:0AC5 (ld a, [de]) via Function_00_0A82 -> Function_00_0AB8; base pointer (offset added before the read); bank $72 from the constant loaded into A. patterns b,d
72	6848	imm	72	6892	CONFIRMED	[xref_infer] hl=$6892 is exactly the label Data_72_6892 (data region 72:6892); read at 72:4829 (ld a, [hli]) via Function_72_4824; bank $72 = bank of the far callee that reads it; trace: insn executed, target read (browser_bookmarks,browser_pages +1). patterns b,d,a
72	6A12	imm	72	7828	PROBABLE	[xref_infer] de=$7828 is exactly the label Table_72_7828 (words region 72:7828); read at 00:0AC5 (ld a, [de]) via Function_00_0A82 -> Function_00_0AB8; base pointer (offset added before the read); bank $72 from the constant loaded into A. patterns b,d
72	6AAB	imm	72	6ADF	CONFIRMED	[xref_infer] hl=$6ADF is exactly the label Data_72_6ADF (data region 72:6ADF); read at 72:4877 (ld a, [hli]) via Function_72_4872; bank $72 = bank of the far callee that reads it; trace: insn executed, target read (browser_bookmarks,browser_pages +2). patterns b,d,a
73	5F55	imm	73	45E0	CONFIRMED	[xref_infer] hl=$45E0 is exactly the label Data_73_45E0 (gfx region 73:45E0); read at 00:078D (ldh [$FF51], a (rHDMA1 = source high byte)) via Function_00_0787; bank $73 from the constant loaded into A; trace: insn executed, target read (browser_bookmarks,browser_errors +5). patterns b,d,a
73	5F67	imm	73	4DE0	CONFIRMED	[xref_infer] hl=$4DE0 is exactly the label Data_73_4DE0 (gfx region 73:4DE0); read at 00:078D (ldh [$FF51], a (rHDMA1 = source high byte)) via Function_00_0787; bank $73 from the constant loaded into A; trace: insn executed, target read (browser_bookmarks,browser_errors +5). patterns b,d,a
73	5F79	imm	73	51E0	CONFIRMED	[xref_infer] hl=$51E0 is exactly the label Data_73_51E0 (gfx region 73:51E0); read at 00:078D (ldh [$FF51], a (rHDMA1 = source high byte)) via Function_00_0787; bank $73 from the constant loaded into A; trace: insn executed, target read (browser_bookmarks,browser_errors +5). patterns b,d,a
73	5F8B	imm	73	55E0	CONFIRMED	[xref_infer] hl=$55E0 is exactly the label Data_73_55E0 (gfx region 73:55E0); read at 00:078D (ldh [$FF51], a (rHDMA1 = source high byte)) via Function_00_0787; bank $73 from the constant loaded into A; trace: insn executed, target read (browser_bookmarks,browser_errors +5). patterns b,d,a
73	5F9D	imm	73	59E0	CONFIRMED	[xref_infer] hl=$59E0 is exactly the label Data_73_59E0 (gfx region 73:59E0); read at 00:078D (ldh [$FF51], a (rHDMA1 = source high byte)) via Function_00_0787; bank $73 from the constant loaded into A; trace: insn executed, target read (browser_bookmarks,browser_errors +5). patterns b,d,a
73	5FB2	imm	73	5DE0	CONFIRMED	[xref_infer] hl=$5DE0 is exactly the label Data_73_5DE0 (data region 73:5DE0); read at 73:5FB7 (call $06D1) via FarCopyBytes_4F_4000 (CopyBytes with source bank in A); bank $73 from the constant loaded into A; trace: insn executed, target read (browser_bookmarks,browser_errors +5). patterns b,d,a
73	5FC3	imm	73	4097	CONFIRMED	[xref_infer] hl=$4097 is exactly the label Data_73_4097 (data region 73:4097); read at 00:0904 (ld a, [hli]) via Function_00_08EA -> Function_00_0904; bank $73 from the constant loaded into A; trace: insn executed, target read (browser_bookmarks,monkey_camp_hid +5). patterns b,d,a
73	61EB	imm	73	438F	CONFIRMED	[xref_infer] hl=$438F is exactly the label Data_73_438F (data region 73:438F); read at 00:0904 (ld a, [hli]) via Function_00_16A2 -> Function_00_0904; bank $73 from the constant loaded into A; trace: insn executed, target read (browser_bookmarks,monkey_camp_hid +5). patterns b,d,a
73	6230	imm	73	4367	CONFIRMED	[xref_infer] hl=$4367 is exactly the label Tilemap_73_4367 (data region 73:4367); read at 00:0904 (ld a, [hli]) via Function_00_16A2 -> Function_00_0904; bank $73 from the constant loaded into A; trace: insn executed, target read (browser_bookmarks,monkey_camp_hid +2). patterns b,d,a
73	624B	imm	73	441B	CONFIRMED	[xref_infer] hl=$441B is exactly the label Tilemap_73_441B (data region 73:441B); read at 00:0904 (ld a, [hli]) via Function_00_16A2 -> Function_00_0904; bank $73 from the constant loaded into A; trace: insn executed, target read (browser_bookmarks,monkey_camp_hid +2). patterns b,d,a
73	62C6	imm	73	4000	CONFIRMED	[xref_infer] hl=$4000 is exactly the label Data_73_4000 (data region 73:4000); read at 48:42D5 (call $1620) via Function_48_42D4 -> ReadByteFar; bank $73 from the constant loaded into A; trace: insn executed, target read (browser_errors,browser_pages +5). patterns b,d,a
74	416E	imm	74	4000	CONFIRMED	[xref_infer] bc=$4000 is exactly the label Table_74_4000 (ptrtable region 74:4000); read at 00:10EC (ld a, [bc]) via Function_00_10E9; own bank $74; trace: insn executed, target read (browser_bookmarks,browser_errors +8). patterns b,a
74	4398	imm	74	400E	PROBABLE	[xref_infer] bc=$400E is exactly the label Table_74_400E (ptrtable region 74:400E); read at 00:10EC (ld a, [bc]) via Function_00_10E9; own bank $74. patterns b
74	442E	imm	74	40EE	CONFIRMED	[xref_infer] bc=$40EE is exactly the label Table_74_40EE (ptrtable region 74:40EE); read at 00:10EC (ld a, [bc]) via Function_00_10E9; own bank $74; trace: insn executed, target read (monkey_1,monkey_camp_reg +7). patterns b,a
74	44D4	imm	74	4053	CONFIRMED	[xref_infer] bc=$4053 is exactly the label Table_74_4053 (ptrtable region 74:4053); read at 00:10EC (ld a, [bc]) via Function_00_10E9; own bank $74; trace: insn executed, target read (browser_bookmarks,browser_errors +7). patterns b,a
74	4770	imm	74	40B6	PROBABLE	[xref_infer] bc=$40B6 is exactly the label Table_74_40B6 (ptrtable region 74:40B6); read at 00:10EC (ld a, [bc]) via Function_00_10E9; own bank $74. patterns b
74	4BA6	imm	74	409C	PROBABLE	[xref_infer] bc=$409C is exactly the label Table_74_409C (ptrtable region 74:409C); read at 00:10EC (ld a, [bc]) via Function_00_10E9; own bank $74. patterns b
74	4EB6	imm	74	40B6	PROBABLE	[xref_infer] bc=$40B6 is exactly the label Table_74_40B6 (ptrtable region 74:40B6); read at 00:10EC (ld a, [bc]) via Function_00_10E9; own bank $74. patterns b
74	506D	imm	74	400E	PROBABLE	[xref_infer] bc=$400E is exactly the label Table_74_400E (ptrtable region 74:400E); read at 00:10EC (ld a, [bc]) via Function_00_10E9; own bank $74. patterns b
74	50A8	imm	74	40EE	CONFIRMED	[xref_infer] bc=$40EE is exactly the label Table_74_40EE (ptrtable region 74:40EE); read at 00:10EC (ld a, [bc]) via Function_00_10E9; own bank $74; trace: insn executed, target read (monkey_1,monkey_camp_reg +7). patterns b,a
74	514E	imm	74	4053	PROBABLE	[xref_infer] bc=$4053 is exactly the label Table_74_4053 (ptrtable region 74:4053); read at 00:10EC (ld a, [bc]) via Function_00_10E9; own bank $74. patterns b,a
74	5979	imm	74	5905	CONFIRMED	[xref_infer] bc=$5905 is exactly the label Table_74_5905 (ptrtable region 74:5905); read at 00:10EC (ld a, [bc]), pair intact until then; own bank $74; trace: insn executed, target read (browser_bookmarks,browser_errors +12). patterns c,a
74	5996	imm	74	5905	CONFIRMED	[xref_infer] bc=$5905 is exactly the label Table_74_5905 (ptrtable region 74:5905); read at 00:10EC (ld a, [bc]) via Function_00_10E9; own bank $74; trace: insn executed, target read (browser_bookmarks,browser_errors +12). patterns b,a
74	59C7	imm	74	5905	CONFIRMED	[xref_infer] bc=$5905 is exactly the label Table_74_5905 (ptrtable region 74:5905); read at 00:10EC (ld a, [bc]) via Function_00_10E9; own bank $74; trace: insn executed, target read (browser_bookmarks,browser_errors +12). patterns b,a
74	59E7	imm	74	59D8	PROBABLE	[xref_infer] hl=$59D8 is exactly the label String_74_59D8 (text region 74:59D8); read at 74:59EA (ld a, [hli]), pair intact until then; own bank $74. patterns c
75	404A	imm	75	4070	PROBABLE	[xref_infer] hl=$4070 is exactly the label Table_75_4070 (ptrtable region 75:4070); read at 75:404E (ld a, [hli]), pair intact until then; base pointer (offset added before the read); own bank $75; trace: insn executed, target read (browser_errors,browser_pages +12). patterns c,a
75	40E1	imm	75	6084	PROBABLE	[xref_infer] hl=$6084 is exactly the label Data_75_6084 (data region 75:6084); read at 75:40E5 (ld c, [hl]), pair intact until then; base pointer (offset added before the read); own bank $75. patterns c
75	4535	imm	75	606D	CONFIRMED	[xref_infer] hl=$606D is exactly the label Data_75_606D (data region 75:606D); read at 75:4000 (ld a, [hli]) via Function_75_4000; own bank $75; trace: insn executed, target read (browser_bookmarks,browser_errors +22). patterns b,a
75	454A	imm	75	606D	CONFIRMED	[xref_infer] hl=$606D is exactly the label Data_75_606D (data region 75:606D); read at 75:4000 (ld a, [hli]) via Function_75_4000; own bank $75; trace: insn executed, target read (browser_bookmarks,browser_errors +22). patterns b,a
75	4651	imm	75	6078	CONFIRMED	[xref_infer] hl=$6078 is exactly the label Data_75_6078 (data region 75:6078); read at 75:4000 (ld a, [hli]) via Function_75_4000; own bank $75; trace: insn executed, target read (browser_bookmarks,browser_errors +22). patterns b,a
75	471E	imm	75	606D	CONFIRMED	[xref_infer] hl=$606D is exactly the label Data_75_606D (data region 75:606D); read at 75:4000 (ld a, [hli]) via Function_75_4000; own bank $75; trace: insn executed, target read (browser_bookmarks,browser_errors +22). patterns b,a
75	4729	imm	75	606D	CONFIRMED	[xref_infer] hl=$606D is exactly the label Data_75_606D (data region 75:606D); read at 75:4000 (ld a, [hli]) via Function_75_4000; own bank $75; trace: insn executed, target read (browser_bookmarks,browser_errors +22). patterns b,a
75	4736	imm	75	6099	CONFIRMED	[xref_infer] hl=$6099 is exactly the label String_75_6099 (text region 75:6099); read at 75:4007 (ld a, [hli]) via Function_75_4007; own bank $75; trace: insn executed, target read (monkey_camp_reg,monkey_camp_tut +3). patterns b,a
75	479B	imm	75	606D	CONFIRMED	[xref_infer] hl=$606D is exactly the label Data_75_606D (data region 75:606D); read at 75:4000 (ld a, [hli]) via Function_75_4000; own bank $75; trace: insn executed, target read (browser_bookmarks,browser_errors +22). patterns b,a
75	47B0	imm	75	606D	CONFIRMED	[xref_infer] hl=$606D is exactly the label Data_75_606D (data region 75:606D); read at 75:4000 (ld a, [hli]) via Function_75_4000; own bank $75; trace: insn executed, target read (browser_bookmarks,browser_errors +22). patterns b,a
75	47C6	imm	75	609F	CONFIRMED	[xref_infer] hl=$609F is exactly the label String_75_609F (text region 75:609F); read at 75:4007 (ld a, [hli]) via Function_75_4007; own bank $75; trace: insn executed, target read (mail_errors,mail_send +1). patterns b,a
75	4845	imm	75	606D	CONFIRMED	[xref_infer] hl=$606D is exactly the label Data_75_606D (data region 75:606D); read at 75:4000 (ld a, [hli]) via Function_75_4000; own bank $75; trace: insn executed, target read (browser_bookmarks,browser_errors +22). patterns b,a
75	485D	imm	75	606D	CONFIRMED	[xref_infer] hl=$606D is exactly the label Data_75_606D (data region 75:606D); read at 75:4000 (ld a, [hli]) via Function_75_4000; own bank $75; trace: insn executed, target read (browser_bookmarks,browser_errors +22). patterns b,a
75	4878	imm	75	60B5	CONFIRMED	[xref_infer] hl=$60B5 is exactly the label String_75_60B5 (text region 75:60B5); read at 75:4007 (ld a, [hli]) via Function_75_4007; own bank $75; trace: insn executed, target read (mail_errors,mail_send +1). patterns b,a
75	48C2	imm	75	606D	CONFIRMED	[xref_infer] hl=$606D is exactly the label Data_75_606D (data region 75:606D); read at 75:4000 (ld a, [hli]) via Function_75_4000; own bank $75; trace: insn executed, target read (browser_bookmarks,browser_errors +22). patterns b,a
75	48D7	imm	75	606D	CONFIRMED	[xref_infer] hl=$606D is exactly the label Data_75_606D (data region 75:606D); read at 75:4000 (ld a, [hli]) via Function_75_4000; own bank $75; trace: insn executed, target read (browser_bookmarks,browser_errors +22). patterns b,a
75	493B	imm	75	606D	CONFIRMED	[xref_infer] hl=$606D is exactly the label Data_75_606D (data region 75:606D); read at 75:4000 (ld a, [hli]) via Function_75_4000; own bank $75; trace: insn executed, target read (browser_bookmarks,browser_errors +22). patterns b,a
75	4986	imm	75	606D	CONFIRMED	[xref_infer] hl=$606D is exactly the label Data_75_606D (data region 75:606D); read at 75:4000 (ld a, [hli]) via Function_75_4000; own bank $75; trace: insn executed, target read (browser_bookmarks,browser_errors +22). patterns b,a
75	499C	imm	75	606D	CONFIRMED	[xref_infer] hl=$606D is exactly the label Data_75_606D (data region 75:606D); read at 75:4000 (ld a, [hli]) via Function_75_4000; own bank $75; trace: insn executed, target read (browser_bookmarks,browser_errors +22). patterns b,a
75	49CB	imm	75	606D	CONFIRMED	[xref_infer] hl=$606D is exactly the label Data_75_606D (data region 75:606D); read at 75:4000 (ld a, [hli]) via Function_75_4000; own bank $75; trace: insn executed, target read (browser_bookmarks,browser_errors +22). patterns b,a
75	4A26	imm	75	606D	PROBABLE	[xref_infer] hl=$606D is exactly the label Data_75_606D (data region 75:606D); read at 75:4000 (ld a, [hli]) via Function_75_4000; own bank $75. patterns b,a
75	4ABA	imm	75	606D	CONFIRMED	[xref_infer] hl=$606D is exactly the label Data_75_606D (data region 75:606D); read at 75:4000 (ld a, [hli]) via Function_75_4000; own bank $75; trace: insn executed, target read (browser_bookmarks,browser_errors +22). patterns b,a
75	4C64	imm	75	606D	CONFIRMED	[xref_infer] hl=$606D is exactly the label Data_75_606D (data region 75:606D); read at 75:4000 (ld a, [hli]) via Function_75_4000; own bank $75; trace: insn executed, target read (browser_bookmarks,browser_errors +22). patterns b,a
75	4CFD	imm	75	606D	CONFIRMED	[xref_infer] hl=$606D is exactly the label Data_75_606D (data region 75:606D); read at 75:4000 (ld a, [hli]) via Function_75_4000; own bank $75; trace: insn executed, target read (browser_bookmarks,browser_errors +22). patterns b,a
75	4E55	imm	75	4FB2	CONFIRMED	[xref_infer] de=$4FB2 is exactly the label String_75_4FB2 (text region 75:4FB2); read at 75:4E58 (ld a, [de]), pair intact until then; own bank $75; trace: insn executed, target read (settings_cgi,title_settings +6). patterns c,a
75	4E66	imm	75	4FDE	CONFIRMED	[xref_infer] de=$4FDE is exactly the label String_75_4FDE (text region 75:4FDE); read at 75:4E69 (ld a, [de]), pair intact until then; own bank $75; trace: insn executed, target read (settings_cgi,browser_bookmarks +6). patterns c,a
75	4E7B	imm	75	5025	CONFIRMED	[xref_infer] de=$5025 is exactly the label String_75_5025 (text region 75:5025); read at 75:4E7E (ld a, [de]), pair intact until then; own bank $75; trace: insn executed, target read (title_settings,settings_cgi +6). patterns c,a
75	4E91	imm	75	5001	CONFIRMED	[xref_infer] de=$5001 is exactly the label String_75_5001 (text region 75:5001); read at 75:4E94 (ld a, [de]), pair intact until then; own bank $75; trace: insn executed, target read (browser_bookmarks,browser_errors +5). patterns c,a
75	4F44	imm	75	6078	PROBABLE	[xref_infer] hl=$6078 is exactly the label Data_75_6078 (data region 75:6078); read at 75:4000 (ld a, [hli]) via Function_75_4000; own bank $75. patterns b,a
75	5260	imm	75	4FB2	CONFIRMED	[xref_infer] de=$4FB2 is exactly the label String_75_4FB2 (text region 75:4FB2); read at 75:5263 (ld a, [de]), pair intact until then; own bank $75; trace: insn executed, target read (settings_cgi,title_settings +6). patterns c,a
75	5288	imm	75	5025	CONFIRMED	[xref_infer] de=$5025 is exactly the label String_75_5025 (text region 75:5025); read at 75:528B (ld a, [de]), pair intact until then; own bank $75; trace: insn executed, target read (title_settings,settings_cgi +6). patterns c,a
75	52A1	imm	75	4FDE	CONFIRMED	[xref_infer] de=$4FDE is exactly the label String_75_4FDE (text region 75:4FDE); read at 75:52A4 (ld a, [de]), pair intact until then; own bank $75; trace: insn executed, target read (settings_cgi,browser_bookmarks +6). patterns c,a
75	544F	imm	75	606D	PROBABLE	[xref_infer] hl=$606D is exactly the label Data_75_606D (data region 75:606D); read at 75:4000 (ld a, [hli]) via Function_75_4000; own bank $75. patterns b,a
75	65FE	imm	75	606D	CONFIRMED	[xref_infer] hl=$606D is exactly the label Data_75_606D (data region 75:606D); read at 75:4000 (ld a, [hli]) via Function_75_4000; own bank $75; trace: insn executed, target read (browser_bookmarks,browser_errors +22). patterns b,a
75	6613	imm	75	606D	CONFIRMED	[xref_infer] hl=$606D is exactly the label Data_75_606D (data region 75:606D); read at 75:4000 (ld a, [hli]) via Function_75_4000; own bank $75; trace: insn executed, target read (browser_bookmarks,browser_errors +22). patterns b,a
75	66BC	imm	75	611C	CONFIRMED	[xref_infer] hl=$611C is exactly the label String_75_611C (text region 75:611C); read at 75:4007 (ld a, [hli]) via Function_75_4007; own bank $75; trace: insn executed, target read (monkey_camp_rich,browser_bookmarks +5). patterns b,a
75	66F6	imm	75	612D	CONFIRMED	[xref_infer] hl=$612D is exactly the label Data_75_612D (data region 75:612D); read at 75:4007 (ld a, [hli]), pair intact until then; own bank $75; trace: insn executed, target read (monkey_camp_rich,browser_bookmarks +5). patterns c,a
75	6700	imm	75	6138	CONFIRMED	[xref_infer] hl=$6138 is exactly the label String_75_6138 (text region 75:6138); read at 75:4007 (ld a, [hli]) via Function_75_4007; own bank $75; trace: insn executed, target read (title_settings,settings_cgi). patterns b,a
75	6DA3	imm	75	606D	CONFIRMED	[xref_infer] hl=$606D is exactly the label Data_75_606D (data region 75:606D); read at 75:4000 (ld a, [hli]) via Function_75_4000; own bank $75; trace: insn executed, target read (browser_bookmarks,browser_errors +22). patterns b,a
75	7040	imm	75	72DE	CONFIRMED	[xref_infer] de=$72DE is exactly the label String_75_72DE (text region 75:72DE); read at 75:72AD (ld a, [de]) via Function_75_72AB; own bank $75; trace: insn executed, target read (browser_bookmarks,browser_errors +5). patterns b,a
75	705E	imm	75	72EA	CONFIRMED	[xref_infer] de=$72EA is exactly the label String_75_72EA (text region 75:72EA); read at 75:72AD (ld a, [de]) via Function_75_72AB; own bank $75; trace: insn executed, target read (settings_cgi,browser_bookmarks +5). patterns b,a
75	719F	imm	75	7337	CONFIRMED	[xref_infer] de=$7337 is exactly the label String_75_7337 (text region 75:7337); read at 75:72AD (ld a, [de]) via Function_75_72AB; own bank $75; trace: insn executed, target read (browser_bookmarks,browser_errors +5). patterns b,a
75	7362	imm	75	7315	PROBABLE	[xref_infer] hl=$7315 is exactly the label String_75_7315 (text region 75:7315); read at 75:4007 (ld a, [hli]) via Function_75_4007; own bank $75. patterns b
75	73A2	imm	75	73AA	PROBABLE	[xref_infer] hl=$73AA is exactly the label String_75_73AA (text region 75:73AA); read at 75:4007 (ld a, [hli]) via Function_75_4007; own bank $75. patterns b
75	73C9	imm	75	606D	CONFIRMED	[xref_infer] hl=$606D is exactly the label Data_75_606D (data region 75:606D); read at 75:4000 (ld a, [hli]) via Function_75_4000; own bank $75; trace: insn executed, target read (browser_bookmarks,browser_errors +22). patterns b,a
75	73DE	imm	75	606D	CONFIRMED	[xref_infer] hl=$606D is exactly the label Data_75_606D (data region 75:606D); read at 75:4000 (ld a, [hli]) via Function_75_4000; own bank $75; trace: insn executed, target read (browser_bookmarks,browser_errors +22). patterns b,a
75	76EE	imm	75	7B40	CONFIRMED	[xref_infer] hl=$7B40 is exactly the label Data_75_7B40 (data region 75:7B40); read at 75:4000 (ld a, [hli]) via Function_75_4000; own bank $75; trace: insn executed, target read (settings_cgi). patterns b,a
75	77D0	imm	75	7A17	CONFIRMED	[xref_infer] hl=$7A17 is exactly the label String_75_7A17 (text region 75:7A17); read at 75:4007 (ld a, [hli]) via Function_75_4007; own bank $75; trace: insn executed, target read (settings_cgi). patterns b,a
75	78E5	imm	75	7B32	PROBABLE	[xref_infer] hl=$7B32 is exactly the label Table_75_7B32 (data region 75:7B32); read at 75:4000 (ld a, [hli]), pair intact until then; base pointer (offset added before the read); own bank $75; trace: insn executed, target read (settings_cgi). patterns c,a
7F	40BD	imm	7F	40F9	PROBABLE	[xref_infer] hl=$40F9 is exactly the label Data_7F_40F9 (data region 7F:40F9); read at 7F:40C8 (ld a, [hl]), pair intact until then; base pointer (offset added before the read); own bank $7F; trace: insn executed, target read (boot_states,browser_bookmarks +26). patterns c,a
7F	40CA	imm	7F	4150	PROBABLE	[xref_infer] hl=$4150 is exactly the label Data_7F_4150 (data region 7F:4150); read at 7F:40D6 (ld b, [hl]), pair intact until then; base pointer (offset added before the read); own bank $7F; trace: insn executed, target read (boot_states,browser_bookmarks +26). patterns c,a
7F	41F8	imm	7F	42A3	PROBABLE	[xref_infer] hl=$42A3 is exactly the label Table_7F_42A3 (ptrtable region 7F:42A3); read at 7F:41FC (ld a, [hli]), pair intact until then; base pointer (offset added before the read); own bank $7F. patterns c
7F	4311	imm	7F	499C	PROBABLE	[xref_infer] hl=$499C is exactly the label Table_7F_499C (data region 7F:499C); read at 7F:4315 (ld a, [hl]), pair intact until then; base pointer (offset added before the read); own bank $7F; trace: insn executed, target read (addressbook_full,boot_states +31). patterns c,a
7F	4319	imm	7F	49A5	PROBABLE	[xref_infer] hl=$49A5 is exactly the label Table_7F_49A5 (data region 7F:49A5); read at 7F:431D (ld a, [hl]), pair intact until then; base pointer (offset added before the read); own bank $7F; trace: insn executed, target read (addressbook_full,boot_states +31). patterns c,a
7F	49FA	imm	7F	499C	PROBABLE	[xref_infer] hl=$499C is exactly the label Table_7F_499C (data region 7F:499C); read at 7F:49FE (ld a, [hl]), pair intact until then; base pointer (offset added before the read); own bank $7F. patterns c,a
7F	4A02	imm	7F	49A5	PROBABLE	[xref_infer] hl=$49A5 is exactly the label Table_7F_49A5 (data region 7F:49A5); read at 7F:4A06 (ld a, [hl]), pair intact until then; base pointer (offset added before the read); own bank $7F. patterns c,a
7F	4B03	imm	7F	499C	PROBABLE	[xref_infer] hl=$499C is exactly the label Table_7F_499C (data region 7F:499C); read at 7F:4B07 (ld a, [hl]), pair intact until then; base pointer (offset added before the read); own bank $7F. patterns c,a
7F	4B0B	imm	7F	49A5	PROBABLE	[xref_infer] hl=$49A5 is exactly the label Table_7F_49A5 (data region 7F:49A5); read at 7F:4B0F (ld a, [hl]), pair intact until then; base pointer (offset added before the read); own bank $7F. patterns c,a
7F	4C45	imm	7F	4C57	CONFIRMED	[xref_infer] hl=$4C57 is exactly the label Data_7F_4C57 (data region 7F:4C57); read at 7F:4C4D (ld a, [hli]), pair intact until then; own bank $7F; trace: insn executed, target read (addressbook_full,mail_addressbook +10). patterns c,a
7F	4D41	imm	7F	4D50	PROBABLE	[xref_infer] hl=$4D50 is exactly the label Palette_7F_4D50 (data region 7F:4D50); read at 7F:4D46 (ld a, [hli]), pair intact until then; own bank $7F. patterns c
7F	4D9E	imm	7F	4DF2	PROBABLE	[xref_infer] hl=$4DF2 is exactly the label String_7F_4DF2 (text region 7F:4DF2); read at 7F:4DA1 (ld a, [hli]), pair intact until then; own bank $7F. patterns c
7F	4E16	imm	7F	4E6A	PROBABLE	[xref_infer] hl=$4E6A is exactly the label String_7F_4E6A (text region 7F:4E6A); read at 7F:4E19 (ld a, [hli]), pair intact until then; own bank $7F. patterns c
7F	522A	imm	7F	62B0	PROBABLE	[xref_infer] hl=$62B0 is exactly the label Data_7F_62B0 (gfx region 7F:62B0); read at 00:078D (ldh [$FF51], a (rHDMA1 = source high byte)) via Function_00_0787; bank $7F from the constant loaded into A. patterns b,d
7F	523C	imm	7F	66B0	PROBABLE	[xref_infer] hl=$66B0 is exactly the label Data_7F_66B0 (gfx region 7F:66B0); read at 00:078D (ldh [$FF51], a (rHDMA1 = source high byte)) via Function_00_0787; bank $7F from the constant loaded into A. patterns b,d
7F	524E	imm	7F	6AE0	PROBABLE	[xref_infer] hl=$6AE0 is exactly the label Data_7F_6AE0 (gfx region 7F:6AE0); read at 00:078D (ldh [$FF51], a (rHDMA1 = source high byte)) via Function_00_0787; bank $7F from the constant loaded into A. patterns b,d
7F	527C	imm	7F	67D0	PROBABLE	[xref_infer] hl=$67D0 is exactly the label Data_7F_67D0 (data region 7F:67D0); read at 00:0904 (ld a, [hli]) via Function_00_08EA -> Function_00_0904; bank $7F from the constant loaded into A. patterns b,d
7F	5293	imm	7F	6D70	PROBABLE	[xref_infer] hl=$6D70 is exactly the label Palette_7F_6D70 (data region 7F:6D70); read at 7F:5298 (call $06D1) via FarCopyBytes_4F_4000 (CopyBytes with source bank in A); bank $7F from the constant loaded into A. patterns b,d
7F	52A4	imm	7F	6AA0	PROBABLE	[xref_infer] hl=$6AA0 is exactly the label Palette_7F_6AA0 (data region 7F:6AA0); read at 7F:52A9 (call $06D1) via FarCopyBytes_4F_4000 (CopyBytes with source bank in A); bank $7F from the constant loaded into A. patterns b,d
7F	5386	imm	7F	4FC3	PROBABLE	[xref_infer] hl=$4FC3 is exactly the label Table_7F_4FC3 (words region 7F:4FC3); read at 7F:5389 (ld a, [hli]), pair intact until then; own bank $7F. patterns c
7F	5485	imm	7F	4FC3	PROBABLE	[xref_infer] hl=$4FC3 is exactly the label Table_7F_4FC3 (words region 7F:4FC3); read at 7F:5488 (ld a, [hli]), pair intact until then; own bank $7F. patterns c
7F	565D	imm	7F	4FC3	PROBABLE	[xref_infer] hl=$4FC3 is exactly the label Table_7F_4FC3 (words region 7F:4FC3); read at 7F:5661 (ld a, [hli]), pair intact until then; base pointer (offset added before the read); own bank $7F. patterns c
7F	5709	imm	7F	4FCF	PROBABLE	[xref_infer] hl=$4FCF is exactly the label Table_7F_4FCF (words region 7F:4FCF); read at 7F:570D (ld a, [hli]), pair intact until then; base pointer (offset added before the read); own bank $7F. patterns c
7F	5731	imm	7F	4FCF	PROBABLE	[xref_infer] hl=$4FCF is exactly the label Table_7F_4FCF (words region 7F:4FCF); read at 7F:5735 (ld a, [hli]), pair intact until then; base pointer (offset added before the read); own bank $7F. patterns c
7F	579A	imm	7F	4FCF	PROBABLE	[xref_infer] hl=$4FCF is exactly the label Table_7F_4FCF (words region 7F:4FCF); read at 7F:579E (ld a, [hli]), pair intact until then; base pointer (offset added before the read); own bank $7F. patterns c
7F	57C2	imm	7F	4FCF	PROBABLE	[xref_infer] hl=$4FCF is exactly the label Table_7F_4FCF (words region 7F:4FCF); read at 7F:57C5 (ld a, [hli]), pair intact until then; own bank $7F. patterns c
7F	5934	imm	52	4080	PROBABLE	[xref_infer] hl=$4080 is exactly the label Tiles_52_4080 (gfx region 52:4080); read at 00:074F (ldh [$FF51], a (rHDMA1 = source high byte)) via Function_00_0749; bank $52 from the constant loaded into A. patterns b,d
7F	5BD9	imm	7F	6DB0	PROBABLE	[xref_infer] de=$6DB0 is exactly the label Table_7F_6DB0 (words region 7F:6DB0); read at 00:0AC5 (ld a, [de]) via Function_00_0A82 -> Function_00_0AB8; base pointer (offset added before the read); bank $7F from the constant loaded into A. patterns b,d
7F	5D3C	imm	7F	4FC3	PROBABLE	[xref_infer] hl=$4FC3 is exactly the label Table_7F_4FC3 (words region 7F:4FC3); read at 7F:5D40 (ld a, [hli]), pair intact until then; base pointer (offset added before the read); own bank $7F. patterns c
7F	5DB4	imm	7F	6DB0	PROBABLE	[xref_infer] de=$6DB0 is exactly the label Table_7F_6DB0 (words region 7F:6DB0); read at 00:0AC5 (ld a, [de]) via Function_00_0A82 -> Function_00_0AB8; base pointer (offset added before the read); bank $7F from the constant loaded into A. patterns b,d
7F	5F2E	imm	7F	4FCF	PROBABLE	[xref_infer] hl=$4FCF is exactly the label Table_7F_4FCF (words region 7F:4FCF); read at 7F:5F32 (ld a, [hli]), pair intact until then; base pointer (offset added before the read); own bank $7F. patterns c
7F	5F87	imm	7F	4FCF	PROBABLE	[xref_infer] hl=$4FCF is exactly the label Table_7F_4FCF (words region 7F:4FCF); read at 7F:5F8B (ld a, [hli]), pair intact until then; base pointer (offset added before the read); own bank $7F. patterns c
7F	5F8F	imm	7F	4FC3	PROBABLE	[xref_infer] hl=$4FC3 is exactly the label Table_7F_4FC3 (words region 7F:4FC3); read at 7F:5F93 (ld a, [hli]), pair intact until then; base pointer (offset added before the read); own bank $7F. patterns c
7F	5FD1	imm	7F	4FC3	PROBABLE	[xref_infer] hl=$4FC3 is exactly the label Table_7F_4FC3 (words region 7F:4FC3); read at 7F:5FD5 (ld a, [hli]), pair intact until then; base pointer (offset added before the read); own bank $7F. patterns c
7F	605E	imm	7F	6DB0	PROBABLE	[xref_infer] de=$6DB0 is exactly the label Table_7F_6DB0 (words region 7F:6DB0); read at 00:0AC5 (ld a, [de]) via Function_00_0A82 -> Function_00_0AB8; base pointer (offset added before the read); bank $7F from the constant loaded into A. patterns b,d
7F	61B5	imm	7F	4FCF	PROBABLE	[xref_infer] hl=$4FCF is exactly the label Table_7F_4FCF (words region 7F:4FCF); read at 7F:61B9 (ld a, [hli]), pair intact until then; base pointer (offset added before the read); own bank $7F. patterns c
7F	61C7	imm	7F	4FC3	PROBABLE	[xref_infer] hl=$4FC3 is exactly the label Table_7F_4FC3 (words region 7F:4FC3); read at 7F:61CB (ld a, [hli]), pair intact until then; base pointer (offset added before the read); own bank $7F. patterns c
7F	733B	imm	7F	7375	PROBABLE	[xref_infer] hl=$7375 is exactly the label Table_7F_7375 (words region 7F:7375); read at 7F:7344 (ld a, [hli]), pair intact until then; base pointer (offset added before the read); own bank $7F; trace: insn executed, target read (mail_compose,mail_inbox +5). patterns c,a
7F	7426	imm	7F	7467	PROBABLE	[xref_infer] hl=$7467 is exactly the label Table_7F_7467 (ptrtable region 7F:7467); read at 7F:742F (ld a, [hli]), pair intact until then; base pointer (offset added before the read); own bank $7F. patterns c
7F	7579	imm	7F	75B3	PROBABLE	[xref_infer] hl=$75B3 is exactly the label Table_7F_75B3 (ptrtable region 7F:75B3); read at 7F:7582 (ld a, [hli]), pair intact until then; base pointer (offset added before the read); own bank $7F; trace: insn executed, target read (mail_compose,mail_inbox +4). patterns c,a
7F	76C5	imm	7F	7706	PROBABLE	[xref_infer] hl=$7706 is exactly the label Table_7F_7706 (ptrtable region 7F:7706); read at 7F:76CE (ld a, [hli]), pair intact until then; base pointer (offset added before the read); own bank $7F. patterns c
