# bank	addr	count	first_frame	first_bytes	changed	wram_bank
# bank = ROM bank actually mapped (2 hex digits) or WRAM/HRAM/VRAM/SRAM/OTHER; addr = CPU address of an executed instruction start
# first_bytes/changed/wram_bank are present for RAM rows only (3 bytes at addr at first execution; times they differed later; SVBK bank for D000-DFFF)
00	0040	17973	17
00	0048	432222	1140
00	0050	5846	44
00	0058	411	44
00	0100	1	0
00	0101	1	0
00	0150	3	44
00	0152	3	44
00	0155	3	44
00	0156	3	44
00	0159	3	44
00	015A	3	44
00	015D	3	44
00	015F	1	44
00	0161	1	44
00	0162	1	44
00	0164	1	44
00	0167	1	44
00	0168	1	44
00	0169	1	44
00	016A	1	44
00	016B	3	44
00	016E	3	44
00	0170	3	44
00	0173	3	44
00	0174	3	44
00	0175	3	44
00	0176	3	44
00	0177	3	44
00	017A	3	44
00	017C	3	44
00	017D	3	44
00	017F	3	44
00	0180	3	44
00	0182	3	44
00	0185	3	44
00	0187	3	44
00	018A	3	44
00	018D	3	44
00	0190	3	44
00	0191	3	44
00	0194	3	44
00	0195	3	44
00	0198	3	44
00	0199	3	44
00	019C	3	44
00	019D	3	44
00	019E	3	44
00	019F	3	44
00	01A0	3	44
00	01A1	3	44
00	01A4	3	44
00	01A5	3	44
00	01A8	3	44
00	01AB	3	44
00	01AD	3	44
00	01B0	3	44
00	01B1	3	44
00	01B2	3	44
00	01B3	3	44
00	01B6	3	44
00	01B7	411	44
00	01B8	411	44
00	01B9	411	44
00	01BA	411	44
00	01BB	411	44
00	01BE	411	44
00	01BF	411	44
00	01C0	411	44
00	01C1	411	44
00	01C2	411	44
00	01C5	411	44
00	01C7	411	44
00	01C8	411	44
00	01CA	411	44
00	01CB	411	44
00	01CD	411	44
00	01D0	411	44
00	01D2	411	44
00	01D5	411	44
00	01D8	411	44
00	01D9	411	44
00	01DC	411	44
00	01DD	411	44
00	01DE	411	44
00	01DF	411	44
00	01E0	411	44
00	01E1	411	44
00	01E4	411	44
00	01E5	411	44
00	01E8	411	44
00	01E9	411	44
00	01EA	411	44
00	01EB	411	44
00	01EC	411	44
00	01ED	5846	44
00	01EE	5846	44
00	01EF	5846	44
00	01F0	5846	44
00	01F1	5846	44
00	01F2	5846	44
00	01F4	5846	44
00	01F6	5846	44
00	01F8	5846	44
00	01FA	5846	44
00	01FD	5846	44
00	01FE	5846	44
00	0200	5846	44
00	0203	5846	44
00	0205	5846	44
00	0207	5846	44
00	0209	5846	44
00	020B	5846	44
00	020D	5846	44
00	0210	5846	44
00	0211	5846	44
00	0212	5846	44
00	0213	5846	44
00	0214	5846	44
00	0217	5846	44
00	0219	5846	44
00	021A	5846	44
00	021C	5846	44
00	021D	5846	44
00	021F	5846	44
00	0222	5846	44
00	0224	5846	44
00	0227	5846	44
00	022A	5846	44
00	022B	5846	44
00	022E	5846	44
00	022F	5846	44
00	0230	5846	44
00	0231	5846	44
00	0232	5846	44
00	0233	5846	44
00	0236	5846	44
00	0237	5846	44
00	023A	5846	44
00	023C	5846	44
00	023E	5846	44
00	0240	5846	44
00	0242	5846	44
00	0243	5846	44
00	0244	5846	44
00	0245	5846	44
00	0246	5846	44
00	0278	1	0
00	0279	1	0
00	027B	1	0
00	027E	1	0
00	027F	1	0
00	0280	1	0
00	0282	1	0
00	0284	1	0
00	0286	1	0
00	0289	1	0
00	028C	1	0
00	028E	1	0
00	0290	1	0
00	0292	1	0
00	0295	1	0
00	0296	1	0
00	0299	1	0
00	029C	1	0
00	029E	1	0
00	02A0	1	0
00	02AE	1	0
00	02B0	1	0
00	02B2	1	0
00	02B5	1	0
00	02B8	1	0
00	02B9	1	0
00	02BC	1	1
00	02BE	1	1
00	02C0	6	1
00	02C1	6	1
00	02C3	6	1
00	02C6	6	1
00	02C9	6	1
00	02CA	6	1
00	02CD	6	2
00	02CE	6	2
00	02CF	6	2
00	02D1	1	5
00	02D2	1	5
00	02D4	1	5
00	02D6	1	5
00	02D9	1	5
00	02DC	1	5
00	02DD	1	5
00	02E0	1	7
00	02E3	1	7
00	02E6	1	7
00	02E7	1	7
00	02EA	1	8
00	02ED	1	8
00	02F0	1	8
00	02F3	1	8
00	02F4	1	8
00	02F7	1	8
00	02FA	1	8
00	02FB	1	8
00	02FD	1	8
00	0300	1	8
00	0302	1	8
00	0303	1	8
00	0305	1	8
00	0307	1	8
00	030A	1	8
00	030B	1	8
00	030D	1	8
00	030F	1	8
00	0311	1	8
00	0314	1	8
00	0317	1	17
00	031A	1	17
00	031B	1	17
00	031C	1	17
00	031E	1	17
00	0321	1	17
00	0322	1	17
00	0324	1	17
00	0327	1	17
00	0328	1	17
00	0331	2	16
00	0333	2	16
00	0335	2	16
00	0338	2	16
00	033A	2	16
00	033D	2	16
00	033F	2	16
00	0341	2	16
00	0344	2	16
00	0346	2	16
00	0349	2	16
00	034A	4	16
00	034C	256	16
00	034D	256	16
00	034E	256	16
00	034F	256	16
00	0351	4	16
00	0392	47954	0
00	0393	47954	0
00	0395	47954	0
00	0397	47954	0
00	0399	1264	0
00	039A	47954	0
00	039D	47954	0
00	039E	47954	0
00	03A0	17930	0
00	03A2	17930	0
00	03A5	17930	0
00	03A6	17930	0
00	03A7	17930	0
00	03A8	17930	0
00	03AA	17930	0
00	03AB	17930	0
00	03AD	17930	0
00	03AF	17930	0
00	03B2	17930	0
00	03B3	17930	0
00	03B5	17930	0
00	03B6	17930	0
00	03B7	17930	0
00	03B8	47954	0
00	03B9	47954	0
00	03BA	17973	17
00	03BB	17973	17
00	03BE	17973	17
00	03BF	17973	17
00	03C1	17972	17
00	03C4	17973	17
00	03C5	17973	17
00	03C6	17973	17
00	03C7	17973	17
00	03CA	17973	17
00	03CB	17973	17
00	03CD	17973	17
00	03D0	17973	17
00	03D3	17973	17
00	03D5	17973	17
00	03D7	17973	17
00	03D9	17973	17
00	03DA	17973	17
00	03DD	17973	17
00	03DE	17973	17
00	03E0	17973	17
00	0400	17973	17
00	0401	17973	17
00	0404	17973	17
00	0406	17973	17
00	0408	17973	17
00	040A	17711	17
00	040B	17973	17
00	040E	17973	17
00	040F	17973	17
00	0411	17973	17
00	0413	4	104
00	0414	4	104
00	0415	4	104
00	0417	4	104
00	0418	4	104
00	041A	4	104
00	042E	17973	17
00	042F	17973	17
00	0432	17973	17
00	0433	17973	17
00	0435	46	17
00	0437	46	17
00	0438	46	17
00	043A	46	17
00	043B	46	17
00	043E	46	17
00	0440	17927	18
00	0441	17927	18
00	0443	17927	18
00	0446	17973	17
00	0447	17973	17
00	0448	17973	17
00	0449	17973	17
00	044A	17973	17
00	044B	6145	43
00	044C	6145	43
00	044E	6145	43
00	0450	6145	43
00	0452	6145	43
00	0453	270810	43
00	0454	270809	44
00	0455	270809	44
00	0458	270809	44
00	0459	270809	44
00	045B	6144	44
00	045C	6144	44
00	045F	6144	44
00	0462	6144	44
00	0463	6144	44
00	0464	9993	2494
00	0465	9993	2494
00	0467	9993	2494
00	0469	9993	2494
00	046B	9920	2494
00	046C	15931	2494
00	046D	15931	2494
00	046E	15931	2494
00	0471	15931	2494
00	0472	15931	2494
00	0474	9993	2494
00	0475	9993	2494
00	0478	9993	2494
00	0479	9993	2494
00	047A	570	28
00	047B	570	28
00	047D	570	28
00	047F	570	28
00	0481	8722	28
00	0482	8722	28
00	0483	8722	29
00	0484	8722	29
00	0485	8722	29
00	0488	8722	29
00	0489	8722	29
00	048B	590	29
00	048D	590	29
00	048F	590	29
00	0491	570	29
00	0492	570	29
00	0495	570	29
00	0496	570	29
00	0497	23	1730
00	0498	23	1730
00	049B	23	1730
00	049E	23	1730
00	04A0	2	16
00	04A2	2	16
00	04A5	2	16
00	04A7	2	16
00	04AA	2	16
00	04AC	2	16
00	04AF	2	16
00	04B1	2	16
00	04B4	2	16
00	04B6	2	16
00	04B9	2	16
00	04BB	2	16
00	04BE	2	16
00	04C0	2	16
00	04C3	2	16
00	04C5	2	16
00	04C8	2	16
00	04CA	2	16
00	04CD	2	16
00	04CF	2	16
00	04D2	2	16
00	04D4	2	16
00	04D7	2	16
00	04D8	399	0
00	04D9	399	0
00	04DA	399	0
00	04DC	13138	8
00	04DD	13138	8
00	04DE	13138	8
00	04E0	356	8
00	04E1	43	0
00	04E2	43	0
00	04E3	43	0
00	04E5	2	8
00	04E6	147168	0
00	04E7	147168	0
00	04E8	147168	0
00	04EA	575	0
00	04EB	575	0
00	04ED	43	1
00	050C	162	26
00	050D	162	26
00	050E	162	26
00	0510	11416	26
00	0511	11416	26
00	0512	11416	26
00	0513	11416	26
00	0514	11416	26
00	0516	137	26
00	0517	25	324
00	0518	25	324
00	0519	25	324
00	051B	24	6905
00	051C	7168	324
00	051D	7168	324
00	051E	7168	324
00	051F	7168	324
00	0520	7168	324
00	0522	49	324
00	0523	49	324
00	0525	25	324
00	0526	8	7536
00	0527	8	7536
00	0528	8	7536
00	0531	8	7536
00	0532	8	7536
00	0533	8	7536
00	0535	8	7536
00	0536	2304	7536
00	0537	2304	7536
00	0538	2304	7536
00	0539	2304	7536
00	053A	2304	7536
00	053C	16	7536
00	053D	16	7536
00	053F	8	7536
00	0545	8222	27
00	0546	8222	27
00	0547	8222	27
00	0548	8222	27
00	054A	8222	27
00	054B	8222	27
00	054C	8222	27
00	054D	8222	27
00	054E	8222	27
00	054F	8222	27
00	0550	8222	27
00	056A	5149	1142
00	056C	5149	1142
00	056D	5149	1142
00	056E	5149	1142
00	0570	5149	1142
00	0572	5149	1142
00	0573	5149	1142
00	0575	5149	1142
00	0578	5142	1142
00	057A	5142	1142
00	057D	5142	1142
00	057F	5142	1142
00	0582	5142	1142
00	0584	5142	1142
00	0587	5142	1142
00	0589	5142	1142
00	059B	7	1728
00	059C	7	1728
00	059F	3	8
00	05A2	3	8
00	05A5	30	8
00	05A6	30	8
00	05A7	30	8
00	05A8	30	8
00	05A9	30	8
00	05AB	3	8
00	05B6	36	28
00	05B8	36	28
00	05BA	36	28
00	05BC	36	28
00	05BD	10	0
00	05BF	10	0
00	05C1	10	0
00	05C2	10	0
00	05C3	10	0
00	05C5	10	0
00	05C7	10	0
00	05C9	9	3206
00	05CB	9	3206
00	05CC	9	3206
00	05CE	9	3206
00	05D0	9	3206
00	05D2	12071	3206
00	05D4	12071	3206
00	05D6	12071	3206
00	05D8	9	3207
00	05DA	9	3207
00	05DC	9	3207
00	05DE	9	3207
00	05E0	9	3207
00	05E2	9	3207
00	05E3	9	3207
00	05E5	9	3207
00	05E6	9	3207
00	05E8	9	3207
00	05E9	9	3207
00	05EC	9	3207
00	05ED	1	0
00	05EF	1	0
00	05F1	1	0
00	05F3	1	0
00	05F5	1	0
00	05F7	1	0
00	05F9	1	0
00	05FB	1	0
00	05FD	1	0
00	05FE	1	0
00	0601	1	0
00	0602	1	0
00	0603	1	0
00	0605	1	0
00	0606	1	0
00	0608	1	0
00	0609	1	0
00	060A	1	0
00	060C	1	0
00	060E	1	0
00	0610	1	0
00	0611	1	0
00	0613	1	0
00	0615	1	0
00	0617	1	0
00	0619	1	0
00	061B	1	0
00	061C	1	0
00	061E	1	0
00	061F	1	0
00	0621	1	0
00	0622	105468	16
00	0623	105468	16
00	0624	88080	16
00	0626	88080	16
00	0628	1360	1140
00	062A	1360	1140
00	062C	1360	1140
00	062E	1360	1140
00	0630	1360	1140
00	0637	86720	16
00	0639	86720	16
00	063C	86720	16
00	063D	89919	26
00	063E	89919	26
00	063F	2701	26
00	0641	2701	26
00	0643	135	26
00	0645	135	26
00	0647	135	26
00	0649	135	26
00	064B	135	26
00	0652	2566	6913
00	0654	2566	6913
00	0657	2566	6913
00	0658	87218	43
00	0659	87218	43
00	065A	87218	43
00	065C	87218	43
00	066D	87218	43
00	066F	87218	43
00	0672	87218	43
00	0673	51633	16
00	0675	51633	16
00	0681	51633	16
00	0683	51633	16
00	0684	2	16
00	0686	2	16
00	0688	2	16
00	068A	2	16
00	068C	2	16
00	068E	2	16
00	0690	2	16
00	0691	2	16
00	0693	2	16
00	0695	2	16
00	0697	2	16
00	0699	2	16
00	069B	2	16
00	069D	2	16
00	069F	2	16
00	06A1	2	16
00	06A3	2	16
00	06A5	2	16
00	06A7	2	16
00	06AA	2	16
00	06AB	2	16
00	06AD	2	16
00	06B0	2	16
00	06B2	2	16
00	06B4	2	16
00	06B6	2	16
00	06BC	83	26
00	06BE	83	26
00	06BF	83	26
00	06C1	83	26
00	06C2	83	26
00	06C4	83	26
00	06C5	83	26
00	06C6	83	26
00	06C8	83	26
00	06C9	83	26
00	06CB	83	26
00	06CD	83	26
00	06CF	83	26
00	06D1	51550	16
00	06D3	51550	16
00	06D4	51550	16
00	06D6	51550	16
00	06D7	51550	16
00	06D9	51550	16
00	06DA	51550	16
00	06DB	51550	16
00	06DD	51550	16
00	06DE	51550	16
00	06E0	51550	16
00	06E1	51550	16
00	06E3	51550	16
00	06EE	51633	16
00	06EF	51633	16
00	06F2	51633	16
00	06F3	51633	16
00	06F4	51633	16
00	06F6	51633	16
00	06F7	51633	16
00	06F9	51633	16
00	06FC	51633	16
00	06FF	51629	16
00	0701	51629	16
00	0702	51629	16
00	0704	51629	16
00	0705	51629	16
00	0707	51629	16
00	0708	51629	16
00	0709	51629	16
00	070C	51629	16
00	070D	51629	16
00	070E	51629	16
00	0710	51629	16
00	0711	51629	16
00	0713	51629	16
00	0749	375	26
00	074B	375	26
00	074E	375	26
00	074F	375	26
00	0751	375	26
00	0752	375	26
00	0754	375	26
00	0755	375	26
00	0757	375	26
00	0758	375	26
00	075A	375	26
00	075C	375	26
00	075D	375	26
00	075F	375	26
00	0761	375	26
00	0763	375	26
00	0764	375	26
00	0766	375	26
00	0768	375	26
00	076A	566176	26
00	076C	566176	26
00	076E	566176	26
00	0770	346	27
00	0771	346	27
00	0773	375	27
00	0774	375	27
00	0776	375	27
00	0777	375	27
00	0779	375	27
00	077A	1684	2495
00	077C	1684	2495
00	077E	1684	2495
00	0780	13	2495
00	0782	13	2495
00	0785	13	2495
00	0787	317	23
00	0789	317	23
00	078C	317	23
00	078D	317	23
00	078F	317	23
00	0790	317	23
00	0792	317	23
00	0793	317	23
00	0795	317	23
00	0796	317	23
00	0798	317	23
00	079A	317	23
00	079B	317	23
00	079D	317	23
00	079F	317	23
00	07A1	317	23
00	07A2	317	23
00	07A4	317	23
00	07A6	317	23
00	07A8	1007444	23
00	07AA	1007444	23
00	07AC	1007444	23
00	07AE	315	24
00	07AF	315	24
00	07B1	317	24
00	07B2	317	24
00	07B4	317	24
00	07B5	317	24
00	07B8	317	24
00	07BA	317	24
00	07BB	133	12901
00	07BD	133	12901
00	07BF	133	12901
00	07C1	2	12901
00	07C4	2	12901
00	07C6	2	12901
00	07C9	2	12901
00	07CB	10	330
00	07CC	10	330
00	07CE	10	330
00	07D0	10	330
00	07D2	10	330
00	07D3	10	330
00	07D5	10	330
00	07D6	10	330
00	07D8	10	330
00	07D9	10	330
00	07DB	10	330
00	07DC	10	330
00	07DF	10	330
00	07E1	10	330
00	07E3	10	330
00	07E6	10	330
00	07E7	10	330
00	07EA	10	331
00	07EB	10	331
00	07ED	10	331
00	07EF	10	331
00	07F2	10	331
00	07F3	10	331
00	07F6	10	331
00	07F7	10	331
00	07FA	10	331
00	082C	122	26
00	082D	122	26
00	082F	122	26
00	0831	122	26
00	0833	122	26
00	0834	122	26
00	0836	122	26
00	0837	122	26
00	0839	122	26
00	083A	122	26
00	083C	122	26
00	083F	122	26
00	0841	122	26
00	0843	122	26
00	0846	122	26
00	0847	122	26
00	084A	122	27
00	084B	122	27
00	084D	122	27
00	084F	122	27
00	0852	122	27
00	0853	122	27
00	0856	122	27
00	0857	122	27
00	085A	122	27
00	08B7	140	26
00	08B9	140	26
00	08BB	140	26
00	08BC	138	26
00	08BE	138	26
00	08C0	138	26
00	08C1	1272	2503
00	08C3	1272	2503
00	08C5	1272	2503
00	08C7	6	2503
00	08C8	6	2503
00	08EA	56	26
00	08ED	56	26
00	08EF	56	26
00	08F2	56	26
00	08F3	56	26
00	08F5	56	26
00	08F6	56	26
00	08F7	56	26
00	08FA	56	26
00	08FB	56	26
00	08FC	56	26
00	08FD	56	26
00	08FF	56	26
00	0900	56	26
00	0903	56	26
00	0904	34246	26
00	0905	34246	26
00	0906	34246	26
00	0907	34246	26
00	0908	34246	26
00	090A	2402	26
00	090C	2402	26
00	090D	2402	26
00	090F	2402	26
00	0910	2402	26
00	0912	2402	26
00	0913	2402	26
00	0914	2402	26
00	0916	2402	26
00	0917	2402	26
00	0918	2402	26
00	0919	2402	26
00	091B	270	26
00	091C	4	1120
00	091F	4	1120
00	0920	4	1120
00	0922	256	1120
00	0923	256	1120
00	0924	256	1120
00	0925	256	1120
00	0926	256	1120
00	0927	256	1120
00	0929	8	1120
00	092B	8	1120
00	092C	8	1120
00	092E	8	1120
00	092F	8	1120
00	0931	8	1120
00	0932	8	1120
00	0933	8	1120
00	0935	8	1120
00	0936	8	1120
00	0937	8	1120
00	0938	8	1120
00	093A	4	1120
00	0956	15944	43
00	0958	15944	43
00	095B	15944	43
00	095E	15944	43
00	095F	15944	43
00	0960	15944	43
00	0961	15944	43
00	0962	15944	43
00	0964	15944	43
00	0966	15944	43
00	0967	15944	43
00	0969	15944	43
00	096B	15944	43
00	096D	15944	43
00	096F	15944	43
00	0972	15944	43
00	0975	15944	43
00	0977	223216	43
00	0978	223216	43
00	0979	223216	43
00	097C	223216	43
00	097D	223216	43
00	097E	223216	43
00	0980	223216	43
00	0981	223216	43
00	0982	223216	43
00	0983	223216	43
00	0985	223216	43
00	0987	87218	43
00	0988	87218	43
00	098A	87218	43
00	098D	223216	43
00	098E	223216	43
00	098F	223216	43
00	0992	223216	43
00	0993	223216	43
00	0996	223216	43
00	0997	223216	43
00	0998	223216	43
00	0999	223216	43
00	099B	15944	43
00	099C	15944	43
00	099F	15944	43
00	09A0	15944	43
00	09A2	15944	43
00	09A4	15944	43
00	09A5	15944	43
00	09A8	15944	43
00	09AA	15944	43
00	09AB	15944	43
00	09AD	15944	43
00	09AF	15944	43
00	09B1	15944	43
00	09B2	15944	43
00	09B3	15944	43
00	09B4	15944	43
00	09B5	15944	43
00	09B6	30	22
00	09B9	30	23
00	09BA	30	23
00	09BB	30	23
00	09BC	30	23
00	09BE	30	23
00	09C0	30	23
00	09C1	30	23
00	09C3	30	23
00	09C5	30	23
00	09C7	30	23
00	09C9	30	23
00	09CA	30	23
00	09CC	30	23
00	09CE	30	23
00	09D1	30	23
00	09D4	30	23
00	09D6	30	23
00	09D9	30	23
00	09DB	30	23
00	09DC	30	23
00	09DE	30	23
00	09E0	30	23
00	09E2	30	23
00	09E3	30	23
00	09E4	30	23
00	09E5	30	23
00	09E6	30	7542
00	09E7	30	7542
00	09E8	30	7542
00	09EA	30	7542
00	09EC	30	7542
00	09ED	30	7542
00	09EF	30	7542
00	09F1	30	7542
00	09F3	30	7542
00	09F5	30	7542
00	09F8	30	7542
00	09FA	30	7542
00	09FD	30	7542
00	09FF	30	7542
00	0A00	30	7542
00	0A02	30	7542
00	0A04	30	7542
00	0A06	30	7542
00	0A07	30	7542
00	0A08	30	7542
00	0A09	15974	22
00	0A0A	15974	22
00	0A0B	15974	22
00	0A0C	15974	22
00	0A0E	15974	22
00	0A11	15974	22
00	0A12	2555840	22
00	0A13	2555840	22
00	0A14	2555840	22
00	0A16	15974	23
00	0A17	15974	23
00	0A18	15974	23
00	0A19	15974	23
00	0A1A	2566	6913
00	0A1B	2566	6913
00	0A1D	2566	6913
00	0A1E	2566	6913
00	0A1F	2566	6913
00	0A20	2566	6913
00	0A21	2566	6913
00	0A22	2566	6913
00	0A24	2566	6913
00	0A25	2566	6913
00	0A26	2566	6913
00	0A27	2566	6913
00	0A28	2566	6913
00	0A29	2566	6913
00	0A45	8	6909
00	0A47	8	6909
00	0A49	8	6909
00	0A4B	8	6909
00	0A4C	8	6909
00	0A4E	8	6909
00	0A50	8	6909
00	0A52	8	6909
00	0A54	8	6909
00	0A55	8	6909
00	0A56	8	6909
00	0A57	8	6909
00	0A58	8	6909
00	0A5A	8	6909
00	0A5B	8	6909
00	0A5D	8	6909
00	0A5E	8	6909
00	0A60	8	6909
00	0A62	8	6909
00	0A64	8	6909
00	0A65	374	26
00	0A66	374	26
00	0A68	374	26
00	0A6A	374	26
00	0A6B	374	26
00	0A6D	374	26
00	0A6F	374	26
00	0A71	374	26
00	0A73	374	26
00	0A74	374	26
00	0A75	374	26
00	0A76	374	26
00	0A77	374	26
00	0A79	374	26
00	0A7A	374	26
00	0A7C	374	26
00	0A7E	374	26
00	0A80	374	26
00	0A81	374	26
00	0A82	289	26
00	0A84	289	26
00	0A86	289	26
00	0A87	289	26
00	0A89	289	26
00	0A8A	289	26
00	0A8B	289	26
00	0A8D	289	26
00	0A8F	289	26
00	0A92	289	26
00	0A94	289	26
00	0A96	289	26
00	0A98	289	26
00	0A9B	289	26
00	0A9C	289	26
00	0A9F	289	26
00	0AA0	289	26
00	0AA1	289	26
00	0AA4	289	26
00	0AA5	289	26
00	0AA7	289	26
00	0AA8	289	26
00	0AA9	289	26
00	0AAA	289	26
00	0AAB	289	26
00	0AAE	289	26
00	0AB0	289	26
00	0AB1	289	26
00	0AB3	289	26
00	0AB5	289	26
00	0AB7	289	26
00	0AB8	289	26
00	0AB9	289	26
00	0ABA	289	26
00	0ABB	289	26
00	0ABD	289	26
00	0ABE	289	26
00	0ABF	289	26
00	0AC0	289	26
00	0AC1	289	26
00	0AC3	289	26
00	0AC4	289	26
00	0AC5	289	26
00	0AC6	289	26
00	0AC7	289	26
00	0AC8	289	26
00	0AC9	289	26
00	0ACA	289	26
00	0ACB	289	26
00	0ACC	289	26
00	0ACD	289	26
00	0ACE	289	26
00	0ACF	289	26
00	0AD0	289	26
00	0AD1	289	26
00	0AD2	289	26
00	0AD3	289	26
00	0AD4	289	26
00	0AD5	289	26
00	0AD6	289	26
00	0AD7	289	26
00	0AD8	289	26
00	0AD9	289	26
00	0ADA	289	26
00	0ADB	289	26
00	0ADC	289	26
00	0ADD	289	26
00	0ADE	289	26
00	0ADF	289	26
00	0AE0	289	26
00	0AE1	289	26
00	0AE4	289	26
00	0AE5	289	26
00	0AE6	289	26
00	0AE7	289	26
00	0AE8	223216	43
00	0AE9	223216	43
00	0AEA	223216	43
00	0AED	223216	43
00	0AEE	223216	43
00	0AEF	223216	43
00	0AF1	223216	43
00	0AF3	87218	43
00	0AF4	87218	43
00	0AF6	84733	43
00	0AF9	84733	43
00	0AFA	84733	43
00	0AFB	84733	43
00	0AFC	84733	43
00	0AFE	84190	43
00	0AFF	84190	43
00	0B00	84190	43
00	0B02	15115	62
00	0B03	15115	62
00	0B04	15115	62
00	0B05	15115	62
00	0B06	15115	62
00	0B07	15115	62
00	0B08	15115	62
00	0B0A	14571	62
00	0B0B	14571	62
00	0B0C	14571	62
00	0B0D	14571	62
00	0B0E	14571	62
00	0B0F	14571	62
00	0B10	14571	62
00	0B11	14571	62
00	0B13	13434	122
00	0B14	13434	122
00	0B17	13434	122
00	0B18	13434	122
00	0B1A	13434	122
00	0B1C	15	1142
00	0B1D	15	1142
00	0B1E	15	1142
00	0B1F	15	1142
00	0B20	15	1142
00	0B21	15	1142
00	0B23	14556	62
00	0B24	14556	62
00	0B25	14556	62
00	0B26	14556	62
00	0B28	14556	62
00	0B29	14556	62
00	0B2A	14556	62
00	0B2B	14556	62
00	0B2C	14556	62
00	0B2D	14556	62
00	0B2E	14556	62
00	0B2F	14556	62
00	0B32	14556	62
00	0B33	14556	62
00	0B34	14556	62
00	0B35	14556	62
00	0B36	223216	43
00	0B37	223216	43
00	0B38	223216	43
00	0B3B	223216	43
00	0B3C	223216	43
00	0B3D	223216	43
00	0B3E	223216	43
00	0B3F	223216	43
00	0B40	223216	43
00	0B41	223216	43
00	0B43	223216	43
00	0B45	87218	43
00	0B48	87218	43
00	0B49	87218	43
00	0B4A	87218	43
00	0B4C	2566	6913
00	0B4D	2566	6913
00	0B4E	2566	6913
00	0B51	2566	6913
00	0B52	2566	6913
00	0B53	2566	6913
00	0B54	2566	6913
00	0B56	2566	6913
00	0B58	2566	6913
00	0B5A	2566	6913
00	0B5B	2566	6913
00	0B5C	2566	6913
00	0B5F	2566	6913
00	0B60	2566	6913
00	0B61	2566	6913
00	0B64	2566	6913
00	0B65	2566	6913
00	0B66	2566	6913
00	0B67	2566	6913
00	0B69	2566	6913
00	0B6B	2566	6913
00	0B6C	2566	6913
00	0B6E	2566	6913
00	0B71	223216	43
00	0B72	223216	43
00	0B73	223216	43
00	0B74	223216	43
00	0B75	223216	43
00	0B78	223216	43
00	0B79	223216	43
00	0B7A	223216	43
00	0B7C	223216	43
00	0B7D	223216	43
00	0B7F	223216	43
00	0B80	223216	43
00	0B81	223216	43
00	0B83	223216	43
00	0B84	223216	43
00	0B85	223216	43
00	0B87	223216	43
00	0B88	223216	43
00	0B89	223216	43
00	0B8A	223216	43
00	0B8B	223216	43
00	0B8C	223216	43
00	0B8D	223216	43
00	0B8F	223216	43
00	0B91	87186	43
00	0B92	87186	43
00	0B94	87186	43
00	0B95	87186	43
00	0B96	87186	43
00	0B97	87186	43
00	0B98	87186	43
00	0B99	87186	43
00	0B9A	87186	43
00	0B9B	87186	43
00	0B9C	87186	43
00	0B9D	275929	43
00	0B9E	275929	43
00	0B9F	275929	43
00	0BA0	275929	43
00	0BA1	275929	43
00	0BA2	275929	43
00	0BA3	275929	43
00	0BA4	275929	43
00	0BA5	275929	43
00	0BA6	275929	43
00	0BA7	275929	43
00	0BA8	275929	43
00	0BA9	275929	43
00	0BAA	275929	43
00	0BAC	275929	43
00	0BAD	275929	43
00	0BAF	275929	43
00	0BB0	275929	43
00	0BB1	275929	43
00	0BB2	275929	43
00	0BB3	275929	43
00	0BB4	275929	43
00	0BB5	275929	43
00	0BB6	275929	43
00	0BB7	275929	43
00	0BB8	275929	43
00	0BBA	87126	43
00	0BBB	136030	43
00	0BBC	136030	43
00	0BFC	31	1119
00	0BFF	31	1119
00	0C01	31	1119
00	0C02	248	1119
00	0C03	248	1119
00	0C05	9	1171
00	0C06	248	1119
00	0C08	248	1119
00	0C0A	248	1119
00	0C0B	248	1119
00	0C0D	31	1119
00	0DB9	653	2521
00	0DBB	653	2521
00	0DBE	653	2521
00	0DC0	7836	2521
00	0DC1	7836	2521
00	0DC2	7836	2521
00	0DC3	7836	2521
00	0DC4	7836	2521
00	0DC5	7836	2521
00	0DC7	653	2521
00	0DC8	653	2521
00	0DCA	653	2521
00	0DCD	653	2521
00	0DE2	529	2520
00	0DE4	529	2520
00	0DE7	529	2520
00	0DE8	529	2520
00	0DE9	529	2520
00	0DEB	3174	2520
00	0DEC	3174	2520
00	0DED	3174	2520
00	0DEF	3174	2520
00	0DF0	3174	2520
00	0DF1	3174	2520
00	0DF2	3174	2520
00	0DF3	3174	2520
00	0DF5	3174	2520
00	0DF7	3174	2520
00	0DF8	3174	2520
00	0DF9	3174	2520
00	0DFA	3174	2520
00	0DFC	3174	2520
00	0DFE	3174	2520
00	0DFF	3174	2520
00	0E00	3174	2520
00	0E01	3174	2520
00	0E02	3174	2520
00	0E04	529	2520
00	0E05	529	2520
00	0E06	529	2520
00	0E08	3174	2520
00	0E0A	3174	2520
00	0E0B	3174	2520
00	0E0C	3174	2520
00	0E0E	3174	2520
00	0E10	3174	2520
00	0E12	3174	2520
00	0E14	3174	2520
00	0E15	3174	2520
00	0E16	3174	2520
00	0E18	3174	2520
00	0E1A	3174	2520
00	0E1B	3174	2520
00	0E1D	3174	2520
00	0E1E	3174	2520
00	0E1F	3174	2520
00	0E20	3174	2520
00	0E21	3174	2520
00	0E23	3174	2520
00	0E25	3174	2520
00	0E26	3174	2520
00	0E27	3174	2520
00	0E28	3174	2520
00	0E2A	529	2520
00	0E2C	529	2520
00	0E2E	529	2520
00	0E31	529	2520
00	0E93	26426	2494
00	0E94	26426	2494
00	0E96	26426	2494
00	0E98	26426	2494
00	0E9A	13192	2495
00	0E9C	13192	2495
00	0E9D	13192	2495
00	0E9F	13192	2495
00	0EA1	13192	2495
00	0EA3	13192	2495
00	0EA6	13192	2495
00	0EA8	13192	2495
00	0EA9	13192	2495
00	0EAB	13192	2495
00	0EAD	13192	2495
00	0EAE	13192	2495
00	0EB0	13192	2495
00	0EB1	13192	2495
00	0EB2	13234	2494
00	0EB4	13234	2494
00	0EB5	13234	2494
00	0EB8	13234	2494
00	0EBA	13234	2494
00	0EBB	13234	2494
00	0EBD	13234	2494
00	0EBF	13234	2494
00	0EC1	13234	2494
00	0EC3	13234	2494
00	0EC6	13234	2494
00	0EC7	13234	2494
00	0EC9	10602	2494
00	0ECC	13234	2494
00	0ECD	13234	2494
00	0ECF	13234	2494
00	0ED1	13234	2494
00	0ED2	13234	2494
00	151A	1	324
00	151B	1	324
00	151C	1	324
00	151E	16	324
00	151F	16	324
00	1521	15	324
00	1522	15	324
00	1523	15	324
00	1525	15	324
00	1526	15	324
00	1527	15	324
00	1528	15	324
00	152A	15	324
00	152B	15	324
00	152C	15	324
00	152E	1	324
00	152F	1	324
00	1530	1	324
00	1531	1	324
00	1532	1	324
00	1620	2189	326
00	1622	2189	326
00	1624	448	326
00	1626	448	326
00	163E	448	326
00	1640	448	326
00	1642	448	326
00	1643	448	326
00	1645	448	326
00	1647	448	326
00	164A	448	326
00	164C	448	326
00	164E	448	326
00	1651	448	326
00	1652	448	326
00	1655	448	326
00	1656	448	326
00	1658	448	326
00	165B	448	326
00	165D	448	326
00	165E	448	326
00	1660	448	326
00	1663	448	326
00	1665	448	326
00	1668	448	326
00	1669	1741	1138
00	166A	1741	1138
00	166C	1741	1138
00	166E	1741	1138
00	1670	1741	1138
00	1671	1741	1138
00	1673	1741	1138
00	1675	1741	1138
00	1678	1741	1138
00	1679	1741	1138
00	167B	1741	1138
00	167C	1741	1138
00	167E	1741	1138
00	1681	1741	1138
00	1683	1741	1138
00	16A2	79	1772
00	16A5	79	1772
00	16A7	79	1772
00	16AA	79	1772
00	16AB	79	1772
00	16AD	79	1772
00	16AE	79	1772
00	16AF	79	1772
00	16B2	79	1772
00	16B3	79	1772
00	16B4	79	1772
00	16B7	79	1772
00	16B8	79	1772
00	16BB	79	1772
00	16BC	79	1772
00	16BD	79	1772
00	16BF	79	1772
00	16C0	79	1772
00	16C3	79	1772
00	16C4	405796	1140
00	16C5	405796	1140
00	16C7	405796	1140
00	16C9	405796	1140
00	16CB	402975	1140
00	16CC	402975	1140
00	16CD	2821	1140
00	16D0	2821	1140
00	16D2	2821	1140
00	16D3	2821	1140
00	16D4	2821	1141
00	16D5	2821	1141
00	16D6	2821	1141
00	16D8	2821	1141
00	16D9	2821	1141
00	1711	1	17
00	1713	1	17
00	1715	1	17
00	1716	1	17
00	1718	1	17
00	171A	1	17
00	171C	1	17
00	171F	1	17
00	1722	1	22
00	1724	1	22
00	1725	1	22
00	1727	1	22
00	172A	1	22
00	172C	1	22
00	20A0	1	8
00	20A3	1	8
00	20A6	17930	0
00	20A9	17929	17
00	20AC	70	83
00	20AF	70	83
00	20B2	4	1142
00	20B5	4	1142
00	20C4	1	323
00	20C7	1	323
00	20E8	24	43
00	20EB	24	43
00	20EE	18029	8
00	20F0	18029	8
00	20F3	18029	8
00	20F5	18029	8
00	20F8	37161	8
00	20FA	37161	8
00	20FD	37161	8
00	20FF	74322	8
00	2101	74322	8
00	2104	74322	8
00	2105	74322	8
00	2107	74322	8
00	210A	74322	8
00	210B	18029	8
00	210E	18029	8
00	2111	18029	8
00	2114	18029	8
00	2116	99	43
00	2119	99	43
00	211B	99	43
00	211D	18028	17
00	211F	18028	17
00	2120	18028	17
00	2123	18028	17
00	2124	18028	17
00	2125	1	0
00	2126	1	0
00	2128	1	0
00	2129	17930	0
00	212C	17930	0
00	212E	17930	0
00	2130	1	0
00	2132	1	0
00	2141	18028	17
00	2144	18028	17
00	2146	18028	17
00	2148	18028	17
00	214B	18028	17
00	214D	18028	17
00	214E	18028	17
00	215E	6691	44
00	2161	6691	44
00	2164	6691	44
00	2167	6691	44
00	216A	6691	44
00	216B	6691	44
00	216C	6691	44
00	216F	12441	44
00	2172	12441	44
00	2175	12441	44
00	2178	12441	44
00	217B	12441	44
00	217C	12441	44
00	217D	12441	44
00	217E	12441	44
00	217F	12441	44
00	2180	12441	44
04	4000	1	8
04	4002	1	8
04	4005	1	8
04	4008	1	8
04	4009	1	8
04	400C	1	8
04	400D	1	8
04	4010	1	8
04	4012	1	8
04	4013	63	8
04	4014	63	8
04	4015	63	8
04	4017	1	8
04	4018	1	8
04	401B	1	8
04	401C	1	8
04	401F	1	8
04	4021	1	8
04	4024	1	8
04	4027	1	8
04	402A	1	8
04	402D	1	8
04	402F	1	8
04	4032	1	8
04	4035	1	8
04	4037	1	8
04	403A	1	8
04	403B	1	8
04	403D	1	8
04	4040	1	8
04	4043	8	8
04	4044	8	8
04	4045	8	8
04	4046	8	8
04	4048	1	8
04	4049	1	8
04	404B	1	8
04	404E	1	8
04	4051	4	8
04	4052	4	8
04	4053	4	8
04	4054	4	8
04	4056	1	8
04	4058	1	8
04	405A	1	8
04	405C	1	8
04	405E	1	8
04	4060	1	8
04	4062	1	8
04	4064	1	8
04	4066	1	8
04	4068	1	8
04	406A	1	8
04	406C	1	8
04	406E	1	8
04	4070	1	8
04	4072	1	8
04	4074	1	8
04	4076	1	8
04	4078	1	8
04	407A	1	8
04	407C	1	8
04	407F	1	8
04	4082	17929	17
04	4083	17929	17
04	4084	17929	17
04	4087	17929	17
04	408A	17929	17
04	408C	17929	17
04	408F	17929	17
04	4090	17929	17
04	4091	17929	17
04	4092	17929	17
04	4094	17929	17
04	4095	17929	17
04	4096	17929	17
04	4097	17929	17
04	4099	17929	17
04	409A	17929	17
04	409B	17929	17
04	409D	17929	17
04	40AC	17929	17
04	40AD	17929	17
04	40AE	17929	17
04	40B1	71716	17
04	40B4	71716	17
04	40B7	71716	17
04	40B9	17929	17
04	40BC	71716	17
04	40BF	71716	17
04	40C2	71716	17
04	40C4	17929	17
04	40C7	17929	17
04	40C8	17929	17
04	40CA	17929	17
04	40CB	17929	17
04	40CC	17929	17
04	40CE	17929	17
04	40D0	17929	17
04	40D3	17929	17
04	40D5	17929	17
04	40D8	17929	17
04	40D9	17929	17
04	40DA	17929	17
04	40DB	17929	17
04	40DD	17929	17
04	40DE	17929	17
04	40DF	17929	17
04	40E0	17929	17
04	40E2	17929	17
04	40E3	17929	17
04	40E4	17929	17
04	40E6	17929	17
04	40E8	6702	503
04	40EB	26808	503
04	40EE	26808	503
04	40F1	26808	503
04	40F3	6702	503
04	40F5	11582	17
04	40F6	11582	17
04	40F7	11582	17
04	40FA	46328	17
04	40FD	46328	17
04	4100	46328	17
04	4102	11582	17
04	4105	46328	17
04	4108	46328	17
04	410B	46328	17
04	410D	11582	17
04	4110	11582	17
04	4111	11582	17
04	4113	11582	17
04	4114	11582	17
04	4115	11582	17
04	4117	11582	17
04	4119	17929	17
04	411C	71716	17
04	411F	71716	17
04	4122	71716	17
04	4124	17929	17
04	4127	17929	17
04	4128	17929	17
04	412A	1196	17
04	412C	17929	17
04	412D	17929	17
04	4130	17929	17
04	4132	17929	17
04	4135	17929	17
04	4138	143432	17
04	4139	143432	17
04	413B	143432	17
04	413C	143432	17
04	413D	143432	17
04	413F	143432	17
04	4140	143432	17
04	4141	143432	17
04	4143	17929	17
04	4144	17929	17
04	4147	17929	17
04	4148	17929	17
04	4149	17929	17
04	414C	17999	17
04	414F	17999	17
04	4151	17999	17
04	4153	18298	17
04	4156	18298	17
04	4158	18298	17
04	415F	36297	17
04	4162	36297	17
04	4163	36297	17
04	4164	36297	17
04	4165	36297	17
04	4166	36297	17
04	4167	144927	17
04	416A	144927	17
04	416B	144927	17
04	416C	108700	17
04	416D	108700	17
04	416F	108700	17
04	4170	108700	17
04	4171	108700	17
04	4173	108700	17
04	4174	108700	17
04	4175	108700	17
04	4176	108700	17
04	4177	1044	84
04	417A	1044	84
04	417C	1044	84
04	417E	1044	84
04	4180	695	44
04	4183	695	44
04	4185	695	44
04	4187	695	44
04	4189	1216	84
04	418C	1216	84
04	418E	1216	84
04	4190	1216	84
04	4192	1292	502
04	4195	1292	502
04	4197	1292	502
04	4199	1292	502
04	419B	47440	17
04	419E	47440	17
04	41A0	47440	17
04	41A2	51687	17
04	41A5	51687	17
04	41A6	51687	17
04	41A7	51687	17
04	41A8	51687	17
04	41A9	51687	17
04	41AA	51687	17
04	41AB	51687	17
04	41AC	189760	17
04	41AF	189760	17
04	41B0	189760	17
04	41B1	142320	17
04	41B2	142320	17
04	41B4	142320	17
04	41B5	142320	17
04	41B6	142320	17
04	41B8	142320	17
04	41B9	142320	17
04	41BA	142320	17
04	41BB	142320	17
04	41BD	142320	17
04	41BE	142320	17
04	41BF	142320	17
04	41C0	70	83
04	41C1	70	83
04	41C2	70	83
04	41C5	70	83
04	41C8	70	83
04	41CB	70	83
04	41CD	70	83
04	4219	70	83
04	421C	70	83
04	421E	70	83
04	4221	70	83
04	4222	70	83
04	4225	89	83
04	4228	89	83
04	4229	89	83
04	422C	89	83
04	422D	89	83
04	422F	89	83
04	4231	86	83
04	4234	86	83
04	4236	16	83
04	4239	16	83
04	423A	16	83
04	423D	16	83
04	423E	16	83
04	4241	19	83
04	4244	19	83
04	4246	19	83
04	4249	19	83
04	424C	19	83
04	4284	70	83
04	4287	13	43
04	4288	13	43
04	4289	13	43
04	428C	13	43
04	428D	13	43
04	4290	13	43
04	4291	13	43
04	4294	13	43
04	4295	13	43
04	4298	13	43
04	4299	13	43
04	429C	13	43
04	429F	13	43
04	42A2	46	43
04	42A5	46	43
04	42A7	33	501
04	42AA	33	501
04	42AE	6	43
04	42B1	6	43
04	42B2	6	43
04	42B5	6	43
04	42B6	6	43
04	42B7	6	43
04	42B8	19	43
04	42BB	19	43
04	42BD	13	43
04	42D6	24	43
04	42D9	24	43
04	42DA	24	43
04	42DC	15	3224
04	42DF	15	3224
04	42E0	15	3224
04	42E2	15	3224
04	42E5	15	3224
04	42E7	15	3224
04	42E9	15	3224
04	430A	83	43
04	430B	83	43
04	430E	83	43
04	4310	83	43
04	4311	83	43
04	4319	83	43
04	431B	83	43
04	431D	83	43
04	4320	83	43
04	4321	83	43
04	4322	83	43
04	4323	83	43
04	4324	83	43
04	4325	83	43
04	4328	83	43
04	4329	83	43
04	432A	83	43
04	432B	83	43
04	432C	83	43
04	432D	83	43
04	432E	83	43
04	4331	83	43
04	4332	83	43
04	4335	83	43
04	4336	83	43
04	4339	83	43
04	433A	83	43
04	433D	83	43
04	433E	83	43
04	4341	83	43
04	4342	83	43
04	4343	83	43
04	4344	83	43
04	4347	83	43
04	4348	83	43
04	434B	83	43
04	434C	132	43
04	434F	132	43
04	4350	132	43
04	4353	132	43
04	4354	132	43
04	4356	132	43
04	4357	132	43
04	4358	132	43
04	435B	132	43
04	435C	132	43
04	435F	132	43
04	4360	132	43
04	4363	132	43
04	4364	132	43
04	4367	132	43
04	4368	132	43
04	436B	132	43
04	436C	132	43
04	436F	132	43
04	4370	132	43
04	4373	132	43
04	4374	132	43
04	4377	132	43
04	4378	132	43
04	4379	49	83
04	437C	49	83
04	437E	49	83
04	437F	49	83
04	4380	49	83
04	4382	49	83
04	4383	49	83
04	4384	49	83
04	4385	49	83
04	4386	132	44
04	4388	132	44
04	4389	132	44
04	438A	132	44
04	438B	132	44
04	438C	132	44
04	438D	132	44
04	438E	132	44
04	438F	132	44
04	4390	132	44
04	4393	132	44
04	4394	132	44
04	4397	132	44
04	4398	132	44
04	439B	132	44
04	439C	132	44
04	439D	132	44
04	439E	132	44
04	43A1	132	44
04	43A2	132	44
04	43A3	132	44
04	43A4	132	44
04	43A5	132	44
04	43A6	132	44
04	43A7	132	44
04	43A8	132	44
04	43A9	132	44
04	43AB	132	44
04	43AC	132	44
04	43AD	132	44
04	43AE	132	44
04	43AF	132	44
04	43B0	132	44
04	43B1	132	44
04	43B2	132	44
04	43B4	132	44
04	43B5	132	44
04	43B7	132	44
04	43B8	132	44
04	43B9	132	44
04	43BA	132	44
04	43BB	132	44
04	43BC	132	44
04	43BE	132	44
04	43BF	132	44
04	43C0	132	44
04	43C1	132	44
04	43C2	132	44
04	43C3	132	44
04	43C4	132	44
04	43C6	132	44
04	43C7	132	44
04	43C8	132	44
04	43C9	132	44
04	43CA	132	44
04	43CB	132	44
04	43CC	132	44
04	43CD	132	44
04	43CE	132	44
04	43CF	132	44
04	43D0	132	44
04	43D1	132	44
04	43D2	132	44
04	43D3	132	44
04	43D4	132	44
04	43D5	132	44
04	43D6	132	44
04	43D7	132	44
04	43D8	132	44
04	43DA	132	44
04	43DB	132	44
04	4429	1	323
04	442C	1	323
04	4433	1	323
04	4435	1	323
04	4438	1	323
04	443B	4	323
04	443E	4	323
04	443F	4	323
04	4442	4	323
04	4443	4	323
04	4445	4	323
04	4448	4	323
04	444A	1	323
04	453A	17929	17
04	453D	17929	17
04	453E	17929	17
04	453F	17890	17
04	4542	17890	17
04	4543	17890	17
04	455A	26808	503
04	455D	26808	503
04	455E	26808	503
04	4561	26808	503
04	4562	26808	503
04	4563	26808	503
04	4565	26808	503
04	4566	26512	503
04	4569	26512	503
04	456C	118044	17
04	456F	118044	17
04	4570	118044	17
04	4573	118044	17
04	4574	118044	17
04	4575	118044	17
04	4577	118044	17
04	4578	44206	44
04	457A	44206	44
04	457C	132	44
04	457D	132	44
04	4580	132	44
04	4581	132	44
04	4582	44206	44
04	4585	44206	44
04	4586	44206	44
04	4587	44206	44
04	4588	44206	44
04	458A	39095	85
04	458B	39095	85
04	458C	39095	85
04	458E	5111	44
04	458F	5111	44
04	4590	5111	44
04	4591	5111	44
04	4592	5111	44
04	4593	5111	44
04	4594	5111	44
04	4597	5111	44
04	4598	5111	44
04	459B	12178	44
04	459E	12178	44
04	459F	12178	44
04	45A2	12178	44
04	45A3	12178	44
04	45A6	12178	44
04	45A7	12178	44
04	45AA	12178	44
04	45AC	12178	44
04	45AE	1012	510
04	45AF	1012	510
04	45B2	1012	510
04	45B3	1012	510
04	45B4	1012	510
04	45B6	11166	44
04	45B7	11166	44
04	45BA	11166	44
04	45BB	11166	44
04	45BD	11166	44
04	45BF	5534	44
04	45C0	12178	44
04	45C2	12178	44
04	45C5	7931	44
04	45C7	7931	44
04	45CA	2912	44
04	45CD	2912	44
04	45CF	2912	44
04	45D0	2912	44
04	45D1	2912	44
04	45D3	2912	44
04	45D4	2912	44
04	45D5	2912	44
04	45D6	2912	44
04	45D7	2912	44
04	45D8	2912	44
04	45D9	2912	44
04	45DA	2912	44
04	45DB	92	44
04	45DE	92	44
04	45DF	92	44
04	45E2	92	44
04	45E3	92	44
04	45E4	92	44
04	45E5	92	44
04	45E6	44114	84
04	45E9	44114	84
04	45EA	44114	84
04	45EB	44114	84
04	45EC	44114	84
04	45EE	6418	517
04	45EF	6418	517
04	45F2	6418	517
04	45F3	6418	517
04	45F5	6418	517
04	45F7	37696	84
04	45FA	37696	84
04	45FB	37696	84
04	45FC	37696	84
04	45FD	44114	84
04	45FE	44114	84
04	4600	44114	84
04	4602	18799	89
04	4603	44114	84
04	4606	44114	84
04	4609	44114	84
04	460A	44114	84
04	460B	44114	84
04	460C	44114	84
04	460E	9048	502
04	460F	9048	502
04	4612	9048	502
04	4613	9048	502
04	4614	9048	502
04	4615	9048	502
04	4618	9048	502
04	4619	9048	502
04	461A	9048	502
04	461B	9048	502
04	461C	9048	502
04	461D	9048	502
04	461F	9048	502
04	4623	35066	84
04	4626	35066	84
04	4627	35066	84
04	4628	35066	84
04	462A	35066	84
04	462E	9048	502
04	462F	9048	502
04	4631	9048	502
04	4632	9048	502
04	4633	9048	502
04	4635	9048	502
04	4636	9048	502
04	4638	9048	502
04	4639	9048	502
04	463B	9048	502
04	463C	9048	502
04	463E	9048	502
04	463F	9048	502
04	4640	44114	84
04	4641	44114	84
04	4642	44114	84
04	4644	2662	502
04	4647	2662	502
04	4649	2662	502
04	464C	2662	502
04	464D	44114	84
04	464E	44114	84
04	464F	44114	84
04	4650	44114	84
04	4652	753	502
04	4655	753	502
04	4657	753	502
04	465A	753	502
04	465B	44114	84
04	465D	44114	84
04	4660	44114	84
04	4661	44114	84
04	4664	44114	84
04	4665	44114	84
04	4668	70626	84
04	466A	70626	84
04	466C	3719	502
04	466F	3719	502
04	4670	3719	502
04	4671	3719	502
04	4673	3719	502
04	4675	3719	502
04	4676	3719	502
04	4677	3719	502
04	467A	3719	502
04	467B	3719	502
04	467C	3719	502
04	467D	3719	502
04	467E	3719	502
04	467F	3719	502
04	4680	3719	502
04	4681	3719	502
04	4684	3719	502
04	4685	3719	502
04	4686	3719	502
04	4687	3719	502
04	4688	3719	502
04	4689	3719	502
04	468A	3719	502
04	468B	3719	502
04	468E	3719	502
04	468F	3719	502
04	4690	3719	502
04	4692	3719	502
04	4694	3719	502
04	4695	3719	502
04	4696	3719	502
04	4697	3719	502
04	4698	3719	502
04	4699	3719	502
04	469A	3719	502
04	469D	3719	502
04	469E	3719	502
04	469F	3719	502
04	46A0	3719	502
04	46A1	3719	502
04	46A4	3719	502
04	46A5	3719	502
04	46A8	70626	84
04	46AA	70626	84
04	46BF	70626	84
04	46C1	70626	84
04	46C3	130	84
04	46C6	130	84
04	46C7	130	84
04	46C8	130	84
04	46C9	130	84
04	46CA	130	84
04	46CD	130	84
04	46CF	130	84
04	46D1	130	84
04	46D3	130	84
04	46D5	130	84
04	46D7	130	84
04	46D8	130	84
04	46D9	130	84
04	46DA	130	84
04	46DD	130	84
04	46DE	130	84
04	46DF	130	84
04	46E2	130	84
04	46E3	130	84
04	46E6	70626	84
04	46E7	70626	84
04	4756	5019	84
04	4758	5019	84
04	475B	5019	84
04	475D	5019	84
04	475E	5019	84
04	4760	5019	84
04	4762	5019	84
04	4763	5019	84
04	4764	5019	84
04	4765	5019	84
04	4768	5019	84
04	4769	5019	84
04	476C	5019	84
04	476D	5019	84
04	476E	5019	84
04	476F	5019	84
04	4770	5019	84
04	4771	5019	84
04	4772	5019	84
04	4773	5019	84
04	4774	5019	84
04	4777	95	1503
04	477A	95	1503
04	477B	95	1503
04	477E	95	1503
04	477F	95	1503
04	4782	95	1503
04	4783	95	1503
04	4784	95	1503
04	4786	95	1503
04	4789	95	1503
04	478A	95	1503
04	478B	95	1503
04	478C	95	1503
04	478D	95	1503
04	478F	95	1503
04	4790	95	1503
04	4793	95	1503
04	4794	95	1503
04	4795	95	1503
04	4796	95	1503
04	4797	95	1503
04	4798	95	1503
04	4799	95	1503
04	479A	95	1503
04	479B	131	1503
04	479E	131	1503
04	479F	131	1503
04	47A0	131	1503
04	47A3	166	1323
04	47A6	166	1323
04	47A7	166	1323
04	47AA	166	1323
04	47AB	166	1323
04	47AE	166	1323
04	47AF	166	1323
04	47B0	166	1323
04	47B1	166	1323
04	47B4	93	1593
04	47B5	93	1593
04	47B6	93	1593
04	47B7	93	1593
04	47B8	93	1593
04	47BA	93	1593
04	47BB	93	1593
04	47BE	93	1593
04	47BF	93	1593
04	47C0	93	1593
04	47C1	93	1593
04	47C2	93	1593
04	47E3	92	44
04	47E6	92	44
04	47E8	92	44
04	47EB	92	44
04	47ED	70	84
04	47F0	92	44
04	47F3	92	44
04	47F4	92	44
04	47F5	92	44
04	47F8	92	44
04	47FB	92	44
04	47FC	92	44
04	47FD	92	44
04	47FE	92	44
04	47FF	92	44
04	4800	92	44
04	4803	92	44
04	4804	92	44
04	4806	92	44
04	480C	92	44
04	480E	92	44
04	480F	92	44
04	4811	92	44
04	4812	92	44
04	4813	92	44
04	4816	92	44
04	4817	92	44
04	4818	92	44
04	483A	132	44
04	483D	132	44
04	484E	1016	44
04	4851	1016	44
04	4852	1016	44
04	4854	1016	44
04	4856	990	44
04	4859	990	44
04	485C	990	44
04	485E	990	44
04	485F	990	44
04	4862	990	44
04	4864	990	44
04	4865	990	44
04	4866	990	44
04	4867	990	44
04	4868	990	44
04	4869	990	44
04	486A	990	44
04	486B	990	44
04	486C	990	44
04	486D	990	44
04	486E	990	44
04	486F	990	44
04	4870	990	44
04	4871	990	44
04	4872	990	44
04	4873	990	44
04	4876	990	44
04	4878	990	44
04	487B	990	44
04	487E	26	502
04	4881	26	502
04	4883	26	502
04	4886	26	502
04	4889	2266	44
04	488A	2266	44
04	488C	2266	44
04	488D	2266	44
04	488E	2266	44
04	488F	2266	44
04	4890	2266	44
04	4891	2266	44
04	4894	2266	44
04	4895	2266	44
04	4896	1054	532
04	4899	1054	532
04	489A	1054	532
04	489D	1054	532
04	489E	1054	532
04	48A1	1054	532
04	48A2	1054	532
04	48A5	1054	532
04	48A6	1054	532
04	48A7	1054	532
04	48A9	1054	532
04	48AA	1054	532
04	48AB	1054	532
04	48AC	1054	532
04	48AD	1103	532
04	48AE	1103	532
04	48B0	1103	532
04	48B2	638	533
04	48B5	638	533
04	48B6	638	533
04	48B7	638	533
04	48B9	465	532
04	48BA	465	532
04	48BB	465	532
04	48BC	465	532
04	48BF	465	532
04	48C0	465	532
04	48C1	465	532
04	48C2	465	532
04	48C3	465	532
04	48C4	465	532
04	48C5	465	532
04	48C6	1103	532
04	48C7	1103	532
04	48C8	1103	532
04	48C9	1103	532
04	48CA	1103	532
04	48CD	1103	532
04	48CF	1103	532
04	48D2	1103	532
04	48D5	49	1095
04	48D8	49	1095
04	48D9	49	1095
04	48DC	49	1095
04	48DD	49	1095
04	48E0	49	1095
04	48E1	49	1095
04	48E4	49	1095
04	48E5	49	1095
04	48E6	49	1095
04	48E7	49	1095
04	48E8	49	1095
04	48E9	49	1095
04	48EA	49	1095
04	48EC	16	502
04	48EF	16	502
04	48F0	16	502
04	48F3	16	502
04	48F4	16	502
04	48F7	16	502
04	48F8	16	502
04	48FB	16	502
04	48FC	16	502
04	48FD	16	502
04	48FF	16	502
04	4905	16	502
04	4925	16	502
04	4928	16	502
04	492A	132	44
04	492D	132	44
04	492F	132	44
04	4932	132	44
04	4935	132	44
04	4938	132	44
04	4939	132	44
04	493C	132	44
04	493D	132	44
04	493E	132	44
04	4941	132	44
04	4942	132	44
04	4943	132	44
04	4944	132	44
04	4970	16	502
04	4973	164	44
04	4976	164	44
04	4977	164	44
04	497A	164	44
04	497B	164	44
04	497C	164	44
04	497F	164	44
04	4980	164	44
04	4981	164	44
04	4A2B	4247	44
04	4A2D	4247	44
04	4A2F	4247	44
04	4A30	4247	44
04	4A32	4247	44
04	4A34	4247	44
04	4A35	4247	44
04	4A36	4247	44
04	4A39	4247	44
04	4A3A	4247	44
04	4A3D	4247	44
04	4A3E	4247	44
04	4A3F	4247	44
04	4A42	4247	44
04	4A43	4247	44
04	4A44	4247	44
04	4A46	4247	44
04	4A49	4247	44
04	4A4B	6691	44
04	4A4C	6691	44
04	4A4F	6691	44
04	4A50	10938	44
04	4A52	10938	44
04	4A54	6691	44
04	4A56	6691	44
04	4A58	2839	44
04	4A5A	2839	44
04	4A69	3852	44
04	4A6B	3852	44
04	4A6D	3852	44
04	4A6F	3852	44
04	4A70	3852	44
04	4A71	3852	44
04	4A73	2839	44
04	4A75	2839	44
04	4A77	2839	44
04	4A79	2839	44
04	4A7A	2839	44
04	4A7B	2839	44
04	4A7C	2839	44
04	4A7E	2839	44
04	4A7F	2839	44
04	4A81	4247	44
04	4A82	4247	44
04	4A83	4247	44
04	4A84	4247	44
04	4A87	4247	44
04	4A88	4247	44
04	4A89	4247	44
04	4A8C	4247	44
04	4A8F	4247	44
04	4A92	4247	44
04	4A93	4247	44
04	4A94	4247	44
04	4A95	4247	44
04	4A98	4247	44
04	4A99	4247	44
04	4A9C	4247	44
04	4A9E	4247	44
04	4AA0	1276	502
04	4AA1	1276	502
04	4AA2	1276	502
04	4AA3	1276	502
04	4AA6	1276	502
04	4AA8	1276	502
04	4AAB	1276	502
04	4AAC	1276	502
04	4AAD	1276	502
04	4AAE	1276	502
04	4AAF	1276	502
04	4AB0	1276	502
04	4AB1	1276	502
04	4AB2	1276	502
04	4AB3	1276	502
04	4AB4	1276	502
04	4AB5	1276	502
04	4AB6	1276	502
04	4AB7	1276	502
04	4AB8	1276	502
04	4AB9	1276	502
04	4ABA	1276	502
04	4ABD	1276	502
04	4ABE	4247	44
04	4ABF	4247	44
04	4AC1	4247	44
04	4AC3	1739	44
04	4AC5	1739	44
04	4AC7	1044	84
04	4ACA	1044	84
04	4ACC	695	44
04	4ACF	695	44
04	4AD1	2508	84
04	4AD3	2508	84
04	4AD5	1216	84
04	4AD8	1216	84
04	4ADA	1292	502
04	4ADD	4247	44
04	4AE0	4247	44
04	4AE3	4247	44
04	4AE5	4247	44
04	4AE7	221	84
04	4AE9	4247	44
04	4AEC	4247	44
04	4AED	4247	44
04	4AF0	4247	44
04	4AF1	4247	44
04	4AF4	4247	44
04	4AF5	4247	44
04	4AF8	4247	44
04	4AF9	4247	44
04	4AFA	4247	44
04	4AFD	4247	44
04	4AFE	4247	44
04	4B01	4247	44
04	4B02	4247	44
04	4B05	4247	44
04	4B06	4247	44
04	4B07	4247	44
04	4B08	4247	44
04	4B0A	1607	517
04	4B0C	1607	517
04	4B0E	1462	517
04	4B10	145	1729
04	4B11	145	1729
04	4B12	145	1729
04	4B14	136	1729
04	4B16	125	1729
04	4B17	125	1729
04	4B18	125	1729
04	4B1A	4205	44
04	4B1D	4205	44
04	4B20	4205	44
04	4B21	4205	44
04	4B24	4205	44
04	4B25	4205	44
04	4B28	4205	44
04	4B29	4205	44
04	4B2C	4205	44
04	4B2D	4205	44
04	4B2F	4205	44
04	4B30	4205	44
04	4B33	4205	44
04	4B34	4205	44
04	4B37	4205	44
04	4B38	4205	44
04	4B3B	4205	44
04	4B3C	4205	44
04	4B3D	4205	44
04	4B3E	4205	44
04	4B3F	4205	44
04	4B40	4205	44
04	4B42	4205	44
04	4B43	4205	44
04	4B44	4205	44
04	4B46	4205	44
04	4B47	4205	44
04	4B48	4205	44
04	4B49	4205	44
04	4B4A	4205	44
04	4B4B	4205	44
04	4B4C	4205	44
04	4B4D	4205	44
04	4B4E	4205	44
04	4B4F	4205	44
04	4B50	4205	44
04	4B51	4205	44
04	4B52	4205	44
04	4B53	4205	44
04	4B54	4205	44
04	4B55	4205	44
04	4B56	4205	44
04	4B57	4205	44
04	4B58	4205	44
04	4B59	4205	44
04	4B5A	4205	44
04	4B5B	4205	44
04	4B5C	4205	44
04	4B5D	4205	44
04	4B5E	4205	44
04	4B61	4205	44
04	4B62	4247	44
04	4B63	4247	44
04	4BC9	71716	17
04	4BCC	71716	17
04	4BCD	71716	17
04	4BD0	71716	17
04	4BD1	71716	17
04	4BD3	71716	17
04	4BD4	39081	85
04	4BD5	39081	85
04	4BD6	39081	85
04	4BD8	39081	85
04	4BD9	824	85
04	4BDB	46328	17
04	4BDE	46328	17
04	4BDF	46328	17
04	4BE2	46328	17
04	4BE3	46328	17
04	4BE5	46328	17
04	4BE6	24662	84
04	4BE7	24662	84
04	4BE8	24662	84
04	4BEA	24662	84
04	4BEB	24932	85
04	4BEC	24932	85
04	4BED	24932	85
04	4BEE	24932	85
04	4BEF	24932	85
04	4BF0	24932	85
04	4BF1	24932	85
04	4BF2	24932	85
04	4BF4	24932	85
04	4BF6	24925	85
04	4BF7	24925	85
04	4BF8	24925	85
04	4BF9	24925	85
04	4BFA	24867	85
04	4BFB	24867	85
04	4BFC	4054	87
04	4BFF	4054	87
04	4C00	4054	87
04	4C01	4054	87
04	4C03	4054	87
04	4C05	4054	87
04	4C07	4054	87
04	4C09	4054	87
04	4C0A	4054	87
04	4C0B	7	1795
04	4C0E	7	1795
04	4C0F	102	44
04	4C10	102	44
04	4C11	102	44
04	4C14	71716	17
04	4C17	71716	17
04	4C18	71716	17
04	4C1B	71716	17
04	4C1C	71716	17
04	4C1D	71716	17
04	4C1F	71716	17
04	4C20	41714	44
04	4C21	41714	44
04	4C22	41714	44
04	4C25	41714	44
04	4C26	41714	44
04	4C27	41714	44
04	4C2A	41714	44
04	4C2B	41714	44
04	4C2C	41714	44
04	4C2F	41714	44
04	4C30	41714	44
04	4C31	41714	44
04	4C33	41714	44
04	4C35	95	44
04	4C36	95	44
04	4C38	41619	84
04	4C3B	41619	84
04	4C3D	41619	84
04	4C3F	34905	85
04	4C42	34905	85
04	4C43	34905	85
04	4C46	34905	85
04	4C47	34905	85
04	4C49	2338	513
04	4C4A	34905	85
04	4C4B	34905	85
04	4C4C	34905	85
04	4C4E	34905	85
04	4C50	34905	85
04	4C52	34905	85
04	4C54	34905	85
04	4C5F	6714	84
04	4C60	6714	84
04	4C62	6714	84
04	4C64	6714	84
04	4C66	4203	84
04	4C67	4203	84
04	4C6A	4203	84
04	4C6B	4203	84
04	4C6E	4203	84
04	4C70	4203	84
04	4C73	4203	84
04	4C76	4203	84
04	4C79	4203	84
04	4C7A	4203	84
04	4C7B	4203	84
04	4C7E	4203	84
04	4C7F	4203	84
04	4C81	4203	84
04	4C82	4203	84
04	4C83	4203	84
04	4C85	4203	84
04	4C8F	2511	87
04	4C92	2511	87
04	4C93	2511	87
04	4C94	2511	87
04	4C97	2511	87
04	4C98	2511	87
04	4C99	2511	87
04	4C9B	2511	87
04	4C9E	2511	87
04	4C9F	2511	87
04	4CA0	2511	87
04	4CA1	2511	87
04	4CA2	2511	87
04	4CA4	2511	87
04	4CD3	4203	84
04	4CD6	4203	84
04	4CD7	4203	84
04	4CD8	4203	84
04	4CDB	4203	84
04	4CDC	4203	84
04	4CDD	4203	84
04	4CDE	4203	84
04	4CE1	4203	84
04	4CE2	4203	84
04	4CE4	4203	84
04	4CE7	4203	84
04	4CE8	4203	84
04	4CEB	4203	84
04	4CEC	4203	84
04	4CED	4203	84
04	4CEE	4203	84
04	4CEF	4203	84
04	4CF0	4203	84
04	4CF2	4203	84
04	4CF4	738	84
04	4CF7	738	84
04	4CF9	738	84
04	4CFA	738	84
04	4CFB	4203	84
04	4CFC	4203	84
04	4CFD	4203	84
04	4CFE	4203	84
04	4CFF	4203	84
04	4D02	34905	85
04	4D05	34905	85
04	4D07	34905	85
04	4D0A	34905	85
04	4D0D	34905	85
04	4D0E	34905	85
04	4D0F	34905	85
04	4D11	34905	85
04	4D13	20279	85
04	4D14	20279	85
04	4D15	20279	85
04	4D17	16049	85
04	4D18	16049	85
04	4D19	16049	85
04	4D1A	16049	85
04	4D1C	16049	85
04	4D1E	16049	85
04	4D21	16049	85
04	4D22	20279	85
04	4D23	20279	85
04	4D24	20279	85
04	4D25	20279	85
04	4D27	20279	85
04	4D28	20279	85
04	4D2A	2242	507
04	4D2D	2242	507
04	4D2F	2218	507
04	4D30	2218	507
04	4D31	2218	507
04	4D32	2218	507
04	4D34	14626	85
04	4D35	14626	85
04	4D36	14626	85
04	4D37	14626	85
04	4D39	14626	85
04	4D54	2535	87
04	4D55	2535	87
04	4D58	2535	87
04	4D59	2535	87
04	4D5C	2535	87
04	4D5D	2535	87
04	4D60	2535	87
04	4D61	2535	87
04	4D62	2535	87
04	4D65	2535	87
04	4D66	2535	87
04	4D67	2535	87
04	4D68	2535	87
04	4D69	2535	87
04	4D6A	2535	87
04	4D6B	2535	87
04	4D6C	2535	87
04	4D6E	2535	87
04	4D6F	2535	87
04	4D70	2535	87
04	4D90	2535	87
04	4D93	2535	87
04	4D94	2535	87
04	4D97	2535	87
04	4D98	2535	87
04	4D99	2535	87
04	4D9A	2535	87
04	4D9D	18037	85
04	4DA0	18037	85
04	4DA2	18037	85
04	4DA4	15651	85
04	4DA7	15651	85
04	4DA9	15651	85
04	4DAC	15651	85
04	4DAE	6421	84
04	4DB1	6421	84
04	4DB3	6421	84
04	4DB6	39084	84
04	4DB9	39084	84
04	4DBB	39084	84
04	4DBD	5569	84
04	4DC0	5569	84
04	4DC3	39084	84
04	4DC5	39084	84
04	4DC7	4203	84
04	4DCA	4203	84
04	4DCD	39084	84
04	4DCF	39084	84
04	4DD0	6774	84
04	4DD3	2980	84
04	4DD6	2980	84
04	4DD7	2980	84
04	4DD8	2980	84
04	4DDB	2980	84
04	4DDC	2980	84
04	4DDE	2980	84
04	4DDF	4203	84
04	4DE0	4203	84
04	4DE3	4203	84
04	4DE4	4203	84
04	4DE5	4203	84
04	4DE8	4203	84
04	4DE9	4203	84
04	4DEC	4203	84
04	4DED	4203	84
04	4DF0	4203	84
04	4DF1	4203	84
04	4DF2	4203	84
04	4DF5	4203	84
04	4DF7	4203	84
04	4DF9	4203	84
04	4DFA	4203	84
04	4DFD	4203	84
04	4DFE	4203	84
04	4DFF	4203	84
04	4E02	4203	84
04	4E03	4203	84
04	4E04	4203	84
04	4E05	4203	84
04	4E08	4203	84
04	4E09	4203	84
04	4E0A	4203	84
04	4E0D	4203	84
04	4E0E	4203	84
04	4E0F	4203	84
04	4E12	4203	84
04	4E14	4203	84
04	4E15	4203	84
04	4E18	4203	84
04	4E19	4203	84
04	4E1C	4203	84
04	4E1D	4203	84
04	4E20	4203	84
04	4E21	4203	84
04	4E22	4203	84
04	4E25	4203	84
04	4E27	4203	84
04	4E29	4203	84
04	4E2A	4203	84
04	4E2D	4203	84
04	4E2E	4203	84
04	4E2F	4203	84
04	4E32	4203	84
04	4E33	4203	84
04	4E34	16049	85
04	4E35	16049	85
04	4E38	16049	85
04	4E3A	16049	85
04	4E3B	16049	85
04	4E3C	2249	520
04	4E3D	2249	520
04	4E3F	2249	520
04	4E41	413	523
04	4E44	413	523
04	4E46	413	523
04	4E49	2249	520
04	4E4A	2249	520
04	4E4B	4203	84
04	4E4E	4203	84
04	4E4F	4203	84
04	4E52	4203	84
04	4E53	4203	84
04	4E56	4203	84
04	4E57	4203	84
04	4E5A	4203	84
04	4E5B	4203	84
04	4E5D	4203	84
04	4E5F	2491	84
04	4E61	1285	502
04	4E62	1285	502
04	4E63	1285	502
04	4E64	1285	502
04	4E65	1285	502
04	4E67	1285	502
04	4E68	1285	502
04	4E69	1285	502
04	4E6A	1285	502
04	4E6C	1285	502
04	4E6D	1285	502
04	4E6E	1285	502
04	4E6F	1285	502
04	4E70	1285	502
04	4E78	1285	502
04	4E7A	1285	502
04	4E7C	1285	502
04	4E7D	1712	84
04	4E7E	1712	84
04	4E7F	1712	84
04	4E80	1712	84
04	4E82	1712	84
04	4E83	1712	84
04	4E84	1712	84
04	4E85	1712	84
04	4E8F	1712	84
04	4E90	1712	84
04	4E91	1712	84
04	4E92	1712	84
04	4E93	1712	84
04	4E94	1712	84
04	4E95	1712	84
04	4E96	1712	84
04	4E97	1712	84
04	4E98	1712	84
04	4E99	1712	84
04	4E9A	1712	84
04	4E9B	1206	84
04	4E9C	1206	84
04	4E9E	1206	84
04	4E9F	1206	84
04	4EA0	1206	84
04	4EA1	1206	84
04	4EA9	1206	84
04	4EAB	1206	84
04	4EAE	1206	84
04	4EAF	1206	84
04	4EB0	718	84
04	4EB1	718	84
04	4EB4	718	84
04	4EB5	718	84
04	4EB7	718	84
04	4EB8	718	84
04	4EB9	718	84
04	4EBA	718	84
04	4EBB	718	84
04	4EBE	718	84
04	4EBF	718	84
04	4EC1	718	84
04	4EC3	11488	84
04	4EC4	11488	84
04	4EC5	11488	84
04	4EC6	11488	84
04	4EC7	11488	84
04	4EC9	718	84
04	4ECA	5569	84
04	4ECD	5569	84
04	4ECE	5569	84
04	4ED1	5569	84
04	4ED2	5569	84
04	4ED5	5569	84
04	4ED6	5569	84
04	4ED7	5569	84
04	4ED8	5569	84
04	4ED9	5569	84
04	4EDC	5569	84
04	4EDD	5569	84
04	4EE0	5569	84
04	4EE1	5569	84
04	4EE4	5569	84
04	4EE5	5569	84
04	4EE6	5569	84
04	4EE7	5569	84
04	4EE8	5569	84
04	4EEB	5569	84
04	4EED	5569	84
04	4EEF	2914	84
04	4EF1	1226	84
04	4EF2	1226	84
04	4EF4	1226	84
04	4EF5	3881	84
04	4EF6	3881	84
04	4EF7	3881	84
04	4EFA	3881	84
04	4EFB	3881	84
04	4EFE	3881	84
04	4F01	3881	84
04	4F02	3881	84
04	4F03	3881	84
04	4F05	3881	84
04	4F06	3881	84
04	4F09	3881	84
04	4F0A	3881	84
04	4F0B	3881	84
04	4F0C	3881	84
04	4F0D	3881	84
04	4F0E	3881	84
04	4F0F	3881	84
04	4F11	3881	84
04	4F17	3881	84
04	4F18	3881	84
04	4F19	3881	84
04	4F1A	3881	84
04	4F1D	3881	84
04	4F1E	3881	84
04	4F1F	3881	84
04	4F20	3881	84
04	4F22	3881	84
04	4F23	3881	84
04	4F24	3881	84
04	4F25	3881	84
04	4F28	3881	84
04	4F29	3881	84
04	4F2B	3881	84
04	4F2C	3881	84
04	4F2D	1688	502
04	4F2E	1688	502
04	4F2F	1688	502
04	4F30	1688	502
04	4F32	1688	502
04	4F33	1688	502
04	4F34	1688	502
04	4F36	1688	502
04	4F37	1688	502
04	4F38	1688	502
04	4F3A	1688	502
04	4F3C	1170	502
04	4F3E	1170	502
04	4F3F	1170	502
04	4F40	1170	502
04	4F41	1170	502
04	4F43	1170	502
04	4F44	1688	502
04	4F45	1688	502
04	4F47	1688	502
04	4F48	1688	502
04	4F49	1688	502
04	4F4A	1688	502
04	4F4B	1688	502
04	4F4D	1688	502
04	4F4E	1688	502
04	4F4F	4203	84
04	4F52	4203	84
04	4F53	4203	84
04	4F56	4203	84
04	4F57	4203	84
04	4F5A	4203	84
04	4F5B	4203	84
04	4F5E	4203	84
04	4F60	4203	84
04	4F62	3182	84
04	4F64	2491	84
04	4F66	2491	84
04	4F68	1285	502
04	4F6B	1285	502
04	4F6D	1021	84
04	4F70	1021	84
04	4F72	691	502
04	4F75	691	502
04	4F77	1206	84
04	4F7A	4203	84
04	4F7C	4203	84
04	4F7E	4203	84
04	4F80	4203	84
04	4F90	4203	84
04	4F92	4203	84
04	4F93	4203	84
04	4F94	4203	84
04	4F95	4203	84
04	4F96	4203	84
04	4F97	6774	84
04	4F9A	6774	84
04	4F9B	6774	84
04	4F9E	6774	84
04	4F9F	6774	84
04	4FA2	6774	84
04	4FA3	6774	84
04	4FA4	6774	84
04	4FA5	6774	84
04	4FA8	6774	84
04	4FA9	6774	84
04	4FAB	6774	84
04	4FAD	4090	84
04	4FAF	2125	502
04	4FB0	2125	502
04	4FB1	2125	502
04	4FB3	2125	502
04	4FB5	2125	502
04	4FB7	2125	502
04	4FB8	2684	84
04	4FB9	2684	84
04	4FBA	2684	84
04	4FBB	2684	84
04	4FBC	2684	84
04	4FBD	2684	84
04	4FBE	2684	84
04	4FBF	2684	84
04	4FC0	1965	84
04	4FC1	1965	84
04	4FC3	1965	84
04	4FC5	1965	84
04	4FC6	1965	84
04	4FC7	1965	84
04	4FC9	1965	84
04	4FCA	1965	84
04	4FCB	1206	84
04	4FCD	1206	84
04	4FCF	1206	84
04	4FD0	1206	84
04	4FD1	1206	84
04	4FD3	1206	84
04	4FD4	6842	44
04	4FD7	6842	44
04	4FD8	6842	44
04	4FDA	6842	44
04	4FDC	5168	44
04	4FDE	5168	44
04	4FDF	5168	44
04	4FE0	5168	44
04	4FE1	5168	44
04	4FE3	5168	44
04	4FE4	5168	44
04	4FE5	1674	84
04	4FE7	1674	84
04	4FE9	1674	84
04	4FEA	3881	84
04	4FEC	3881	84
04	4FEF	3881	84
04	4FF1	3881	84
04	4FF5	3881	84
04	4FF7	3881	84
04	4FF8	3881	84
04	4FF9	3881	84
04	4FFA	3881	84
04	4FFC	3881	84
04	4FFD	3881	84
04	5000	3881	84
04	5001	3881	84
04	5002	3881	84
04	5003	3881	84
04	5004	3881	84
04	5005	3881	84
04	5006	3881	84
04	5007	14124	44
04	5008	14124	44
04	500A	14124	44
04	500B	14124	44
04	500C	14124	44
04	500E	7798	504
04	500F	14124	44
04	5010	14124	44
04	5012	2000	44
04	5013	14124	44
04	5014	14124	44
04	5016	1923	502
04	5017	14124	44
04	5018	14124	44
04	501A	3763	502
04	501B	14124	44
04	501C	14124	44
04	501E	3764	44
04	501F	14124	44
04	5020	14124	44
04	5022	3691	84
04	5023	14124	44
04	5024	14124	44
04	5026	3612	44
04	5027	14124	44
04	5028	14124	44
04	5029	3506	84
04	502A	3506	84
04	502B	12739	84
04	502C	12739	84
04	502E	12739	84
04	5030	12739	84
04	5031	12739	84
04	5032	12739	84
04	5034	12739	84
04	5035	12739	84
04	5037	9560	84
04	5038	12739	84
04	5039	12739	84
04	503B	11728	84
04	503C	12739	84
04	503D	12739	84
04	503F	10898	84
04	5040	12739	84
04	5041	12739	84
04	5042	10195	84
04	5043	10195	84
0E	4000	1	327
0E	4003	1	327
0E	4005	1	327
0E	4007	1	327
0E	400D	1	327
0E	4010	1	327
0E	4011	1	327
0E	4013	1	327
0E	4014	1	327
0E	4017	1	327
0E	401E	1	327
0E	4021	1	1112
0E	4024	1	1112
0E	4027	1	1112
0E	4028	1	1112
0E	402A	1	1112
0E	402C	1	1112
0E	402D	1	1112
0E	402F	1	1112
0E	4031	1	1112
0E	4033	1	1112
0E	4034	1	1112
0E	4036	1	1112
0E	4038	1	1112
0E	403A	1	1112
0E	403D	1	1112
0E	403F	1	1112
0E	4041	1	1112
0E	4044	1	1112
0E	4045	1	1112
0E	4046	1	1112
0E	4048	1	1112
0E	4049	1	1112
0E	404B	1	1112
0E	404E	1	1112
0E	4050	1	1112
0E	4052	1	1112
0E	4053	1	1112
0E	4055	1	1112
0E	4058	1	1112
0E	405A	1	1112
0E	405D	1	1112
0E	405E	1	1112
0E	405F	693	327
0E	4065	693	327
0E	4068	693	363
0E	406E	693	363
0E	4071	693	364
0E	4074	693	364
0E	4076	693	364
0E	4078	1	1111
0E	407B	1	1112
0E	407E	1	1112
0E	407F	1	1112
0E	4081	1	1112
0E	4082	1	1112
0E	4083	693	327
0E	4086	693	327
0E	4089	693	327
0E	408A	693	327
0E	408B	693	327
0E	408C	693	327
0E	408E	693	327
0E	408F	693	327
0E	4090	693	327
0E	4091	693	327
0E	4092	693	327
0E	4093	693	327
0E	40A2	1	327
0E	40A5	1	331
0E	40AB	1	363
0E	40AD	1	363
0E	40AE	1	363
0E	40B0	1	363
0E	40B2	1	363
0E	40B5	1	363
0E	40B8	1	363
0E	40B9	1	363
0E	40BB	1	363
0E	40BC	1	363
0E	40BF	1	363
0E	40C2	1	363
0E	40C5	1	363
0E	40C6	1	363
0E	40C9	1	363
0E	40CA	97	364
0E	40CD	97	364
0E	40CE	97	364
0E	40D1	97	364
0E	40D2	97	364
0E	40D3	97	364
0E	40D4	97	364
0E	40D7	97	364
0E	40D8	97	364
0E	40D9	97	364
0E	40DB	97	364
0E	40DC	97	364
0E	40DD	97	364
0E	40DF	97	364
0E	40E0	97	364
0E	40E1	97	364
0E	40E4	97	364
0E	40E5	97	364
0E	40E8	97	364
0E	40EA	97	364
0E	40EC	97	364
0E	40EE	96	364
0E	40F0	96	364
0E	40F2	96	364
0E	40F4	1	460
0E	40FA	1	475
0E	40FD	1	475
0E	40FF	1	475
0E	4102	1	475
0E	410B	97	364
0E	411A	1	476
0E	411D	1	476
0E	411F	1	476
0E	4121	1	476
0E	4122	1	476
0E	4124	1	476
0E	4126	1	476
0E	4128	1	476
0E	4129	1	476
0E	412B	1	476
0E	412D	1	476
0E	412F	1	476
0E	4132	1	476
0E	4134	1	476
0E	4136	1	476
0E	4139	1	476
0E	413A	1	476
0E	413B	1	476
0E	413D	1	476
0E	413E	1	476
0E	4140	1	476
0E	4143	1	476
0E	4145	1	476
0E	4147	1	476
0E	4148	1	476
0E	414A	1	476
0E	414D	1	476
0E	414F	1	476
0E	4150	1	476
0E	4153	1	476
0E	4156	1	485
0E	415C	1	501
0E	415E	1	501
0E	415F	1	501
0E	4161	1	501
0E	4163	1	501
0E	4166	1	501
0E	4169	1	501
0E	416A	1	501
0E	416C	1	501
0E	416D	1	501
0E	4170	1	501
0E	4173	1	501
0E	4176	1	501
0E	4177	1	501
0E	417A	1	501
0E	417B	593	502
0E	417E	593	502
0E	417F	593	502
0E	4181	593	502
0E	4184	593	502
0E	4185	593	502
0E	4188	593	502
0E	4189	593	502
0E	418A	593	502
0E	418B	593	502
0E	418E	593	502
0E	418F	593	502
0E	4190	593	502
0E	4194	593	502
0E	4196	593	502
0E	4197	593	502
0E	4198	593	502
0E	419B	593	502
0E	419C	593	502
0E	419F	593	502
0E	41A1	593	502
0E	41A3	593	502
0E	41A5	592	502
0E	41A7	592	502
0E	41A9	592	502
0E	41AB	592	502
0E	41AD	592	502
0E	41AF	592	502
0E	41B1	592	502
0E	41E6	1	1094
0E	41E8	1	1094
0E	41E9	1	1094
0E	41EB	1	1094
0E	41ED	1	1094
0E	41F0	1	1094
0E	41F3	1	1094
0E	41F4	1	1094
0E	41F6	1	1094
0E	41F9	1	1094
0E	41FA	1	1094
0E	41FD	593	502
0E	41FE	1	1095
0E	4204	1	1110
0E	4206	1	1110
0E	4209	1	1110
0E	4215	1	476
0E	4218	1	477
0E	421B	1	477
0E	421C	1	477
0E	421E	1	477
0E	421F	1	477
0E	4225	1	477
0E	4228	1	477
0E	422B	1	477
0E	422D	1	477
0E	422F	1	477
0E	4231	1	477
0E	4237	1	478
0E	423A	1	478
0E	423D	1	478
0E	423F	1	478
0E	4241	1	478
0E	4243	1	478
0E	4249	1	479
0E	424C	1	479
0E	424F	1	479
0E	4251	1	479
0E	4253	1	479
0E	4255	1	479
0E	425B	1	480
0E	425E	1	480
0E	4261	1	480
0E	4263	1	480
0E	4265	1	480
0E	4267	1	480
0E	426D	1	481
0E	4270	1	481
0E	4273	1	481
0E	4275	1	481
0E	4277	1	481
0E	4279	1	481
0E	427F	1	482
0E	4282	1	482
0E	4285	1	482
0E	4287	1	482
0E	4289	1	482
0E	428B	1	482
0E	4291	1	483
0E	4294	1	483
0E	4297	1	483
0E	4299	1	483
0E	429B	1	483
0E	429D	1	483
0E	42A3	1	484
0E	42A6	1	484
0E	42A9	1	484
0E	42AC	1	484
0E	42AE	1	484
0E	42B4	1	484
0E	42B7	1	484
0E	42BA	1	484
0E	42BD	1	484
0E	42BF	1	484
0E	42C5	1	484
0E	42C8	1	484
0E	42CB	1	484
0E	42CE	1	484
0E	42D0	1	484
0E	42D6	1	484
0E	42D9	1	484
0E	42DB	1	484
0E	42DE	1	485
0E	42E1	1	485
0E	42E4	1	485
0E	42E6	1	485
0E	42E8	1	485
0E	42EE	1	485
0E	42F1	1	485
0E	42F4	1	485
0E	42F7	1	485
0E	42F9	1	485
0E	42FB	1	485
0E	4301	1	485
0E	4304	1	485
0E	4307	1	485
0E	430A	1	485
0E	4310	1	485
0E	4311	1	484
0E	4314	1	484
0E	4317	1	484
0E	431A	1	484
0E	431D	1	484
0E	431E	1	484
0E	431F	1	484
0E	4320	1	484
0E	4322	1	484
0E	4323	1	484
0E	4324	1	484
0E	4325	1	484
0E	4326	1	484
0E	4327	1	484
0E	4329	1	484
0E	432F	1	484
0E	4334	1	485
0E	4337	1	485
0E	433A	1	485
0E	433B	1	485
0E	433C	1	485
0E	433D	1	485
0E	433F	1	485
0E	4340	1	485
0E	4341	1	485
0E	4342	1	485
0E	4343	1	485
0E	4344	1	485
0E	4347	1	485
0E	434A	1	485
0E	434F	1	327
0E	4352	1	328
0E	4355	1	328
0E	4356	1	328
0E	4358	1	328
0E	4359	1	328
0E	435F	1	328
0E	4362	1	328
0E	4365	1	328
0E	4367	1	328
0E	4369	1	328
0E	436B	1	328
0E	4371	1	329
0E	4374	1	329
0E	4377	1	329
0E	4379	1	329
0E	437B	1	329
0E	437D	1	329
0E	4383	1	330
0E	4386	1	330
0E	4389	1	330
0E	438C	1	330
0E	438E	1	330
0E	4394	1	330
0E	4397	1	330
0E	439A	1	330
0E	439D	1	330
0E	439F	1	330
0E	43A5	1	330
0E	43A7	1	330
0E	43AA	1	331
0E	43B0	1	331
1C	4000	1	17
1C	4006	1	327
1C	4007	1	327
1C	400D	1	1112
1C	401D	1	1112
1D	4000	3	1762
1D	4003	3	1763
1D	4004	3	1763
1D	4007	3	1763
1D	400A	3	1763
1D	400D	3	1763
1D	4013	3	1763
1D	4016	3	1764
1D	4018	3	1764
1D	401B	3	1764
1D	401E	3	1764
1D	401F	3	1764
1D	4021	1	1764
1D	4023	3	1764
1D	4026	3	1764
1D	4028	3	1764
1D	402B	3	1764
1D	402D	3	1764
1D	402F	3	1764
1D	4031	3	1764
1D	4032	3	1764
1D	4034	3	1764
1D	4036	3	1764
1D	4038	3	1764
1D	403A	3	1764
1D	403C	3	1764
1D	403E	3	1764
1D	4044	3	1764
1D	4047	3	1764
1D	404A	3	1764
1D	404C	3	1764
1D	404E	3	1764
1D	4050	3	1764
1D	4056	3	1765
1D	4059	3	1765
1D	405C	3	1765
1D	405E	3	1765
1D	4060	3	1765
1D	4062	3	1765
1D	4068	3	1766
1D	406B	3	1766
1D	406E	3	1766
1D	4070	3	1766
1D	4072	3	1766
1D	4074	3	1766
1D	407A	3	1767
1D	407D	3	1767
1D	4080	3	1767
1D	4082	3	1767
1D	4084	3	1767
1D	4086	3	1767
1D	408C	3	1768
1D	408F	3	1768
1D	4092	3	1768
1D	4094	3	1768
1D	4096	3	1768
1D	4098	3	1768
1D	409E	3	1769
1D	40A1	3	1769
1D	40A4	3	1769
1D	40A6	3	1769
1D	40A8	3	1769
1D	40AA	3	1769
1D	40B0	3	1770
1D	40B3	3	1770
1D	40B6	3	1770
1D	40B9	3	1770
1D	40BB	3	1770
1D	40C1	3	1770
1D	40C4	3	1770
1D	40C7	3	1770
1D	40CA	3	1770
1D	40CC	3	1770
1D	40D2	3	1770
1D	40D5	3	1770
1D	40D8	3	1770
1D	40DA	3	1770
1D	40DC	3	1770
1D	40E2	3	1770
1D	40E5	3	1770
1D	40E8	3	1770
1D	40EB	3	1770
1D	40EE	3	1770
1D	40F1	3	1770
1D	40F4	3	1770
1D	40F6	3	1770
1D	40FC	3	1770
1D	40FE	3	1770
1D	4101	3	1770
1D	4104	3	1770
1D	4107	3	1770
1D	410D	3	1770
1D	4110	3	1771
1D	4112	3	1771
1D	4114	3	1771
1D	4115	3	1771
1D	4117	3	1771
1D	4119	3	1771
1D	411B	3	1771
1D	411D	3	1771
1D	411E	3	1771
1D	4121	3	1771
1D	4124	3	1771
1D	4127	3	1771
1D	412A	3	1771
1D	412D	3	1771
1D	412F	3	1771
1D	4131	3	1771
1D	4133	3	1771
1D	4139	3	1772
1D	413B	3	1772
1D	413C	3	1772
1D	413E	3	1772
1D	4140	3	1772
1D	4142	3	1772
1D	4144	3	1772
1D	4147	3	1772
1D	414A	3	1772
1D	414C	3	1772
1D	414F	3	1772
1D	4152	3	1772
1D	4154	3	1772
1D	4157	3	1773
1D	415D	3	1773
1D	4163	3	1789
1D	4166	3	1789
1D	4167	3	1789
1D	4169	3	1789
1D	416C	3	1789
1D	416D	3	1789
1D	4170	3	1789
1D	4172	3	1789
1D	4178	3	1794
1D	417A	3	1794
1D	417B	3	1794
1D	417D	3	1794
1D	417F	3	1794
1D	4182	3	1794
1D	4185	3	1794
1D	4186	3	1794
1D	4188	2039	1794
1D	418E	2039	1794
1D	4191	2038	1794
1D	4197	2038	1794
1D	419D	2038	1794
1D	41AA	2036	1794
1D	41B0	2036	1794
1D	41B2	2036	1794
1D	41B4	2036	1794
1D	41B7	2036	1794
1D	41BA	2036	1795
1D	41BD	2	2460
1D	41BF	2	2460
1D	41C0	2	2460
1D	41C2	2	2460
1D	41C4	2	2460
1D	41C7	2	2460
1D	41CA	2	2460
1D	41CB	2	2460
1D	41CD	2	2460
1D	41D3	2	2489
1D	41D9	2	2491
1D	41DC	2	2491
1D	41DD	2	2491
1D	41DF	2	2491
1D	41E2	2	2491
1D	41E8	2	2491
1D	41EB	2	2491
1D	4229	2	2362
1D	422B	2	2362
1D	422D	2	2362
1D	422F	2	2362
1D	4256	2	2362
1D	4259	2	2362
1D	425C	2	2362
1D	425D	2	2362
1D	425F	2	2362
1D	4263	2	2362
1D	4266	2	2362
1D	4269	2	2362
1D	426C	2	2362
1D	4272	2	2362
1D	4274	2	2362
1D	4277	2	2363
1D	427A	2	2363
1D	427C	2	2363
1D	427D	2	2363
1D	427F	2	2363
1D	4281	2	2363
1D	4284	2	2363
1D	4287	2	2363
1D	4288	2	2363
1D	428A	2	2363
1D	428D	2	2363
1D	428E	2	2363
1D	4290	2	2363
1D	4293	2	2363
1D	4294	2	2363
1D	4297	2	2363
1D	4299	2	2363
1D	429F	2	2367
1D	42A0	1	2363
1D	42A2	1	2363
1D	42A5	1	2363
1D	42A8	1	2363
1D	42A9	1	2363
1D	42AB	1	2363
1D	42AF	5	1772
1D	42B2	5	1772
1D	42B3	5	1772
1D	42B5	5	1772
1D	42B8	5	1772
1D	42BA	5	1772
1D	42BB	5	1772
1D	42BD	5	1772
1D	42BF	5	1772
1D	42C0	5	1772
1D	42C1	5	1772
1D	42C4	5	1772
1D	42C5	5	1772
1D	42C7	5	1772
1D	42C8	5	1772
1D	42C9	5	1772
1D	42CA	5	1772
1D	42CC	5	1772
1D	42CD	5	1772
1D	42D0	5	1772
1D	42D1	5	1772
1D	42D2	5	1772
1D	42D3	5	1772
1D	42D4	5	1772
1D	42D5	5	1772
1D	42D6	5	1772
1D	42D9	5	1772
1D	42DA	5	1772
1D	42DB	5	1772
1D	42DC	5	1772
1D	42DD	5	1772
1D	42DF	5	1772
1D	42E0	5	1772
1D	42E1	5	1772
1D	42E4	5	1772
1D	42E5	5	1772
1D	42E6	5	1772
1D	42E7	5	1772
1D	42E9	5	1772
1D	42EA	5	1772
1D	42EC	5	1772
1D	42ED	5	1772
1D	42F0	5	1772
1D	42F1	5	1772
1D	42F3	5	1772
1D	42F6	5	1772
1D	42F8	5	1772
1D	42FA	5	1772
1D	42FD	5	1772
1D	42FE	4	1772
1D	4300	4	1772
1D	4303	4	1772
1D	4306	4	1772
1D	4307	4	1772
1D	4309	4	1772
1D	430A	2	15858
1D	430C	2	15858
1D	4325	5	1772
1D	4328	5	1772
1D	4329	5	1772
1D	432B	5	1772
1D	432E	5	1772
1D	4330	5	1772
1D	4331	5	1772
1D	4333	5	1772
1D	4335	5	1772
1D	4336	5	1772
1D	4337	5	1772
1D	433A	5	1772
1D	433B	5	1772
1D	433D	5	1772
1D	433E	5	1772
1D	433F	5	1772
1D	4340	5	1772
1D	4342	5	1772
1D	4343	5	1772
1D	4346	5	1772
1D	4347	5	1772
1D	4348	5	1772
1D	4349	5	1772
1D	434A	5	1772
1D	434B	5	1772
1D	434C	5	1772
1D	434F	5	1772
1D	4350	5	1772
1D	4351	5	1772
1D	4352	5	1772
1D	4353	5	1772
1D	4355	5	1772
1D	4356	5	1772
1D	4357	5	1772
1D	435A	5	1772
1D	435B	5	1772
1D	435C	5	1772
1D	435D	5	1772
1D	435F	5	1772
1D	4360	5	1772
1D	4362	5	1772
1D	4363	5	1772
1D	4366	5	1772
1D	4367	5	1772
1D	4369	5	1772
1D	436C	5	1772
1D	436E	5	1772
1D	4370	5	1772
1D	4373	5	1772
1D	4374	1	2362
1D	4376	1	2362
1D	4379	1	2362
1D	437C	1	2362
1D	437D	1	2362
1D	437F	1	2362
1D	439B	2038	1794
1D	439E	2038	1794
1D	439F	2038	1794
1D	43A0	69	1794
1D	43A2	69	1794
1D	43A5	69	1794
1D	43A7	69	1794
1D	43AA	69	1794
1D	43AC	34	1824
1D	43AE	34	1824
1D	43B1	34	1824
1D	43B3	34	1824
1D	43B6	34	1824
1D	43B9	34	1824
1D	43BC	34	1824
1D	43BF	34	1824
1D	43C1	34	1824
1D	43C7	34	1824
1D	43CD	34	1824
1D	43CF	34	1824
1D	43D2	34	1825
1D	43D3	35	1794
1D	43D5	35	1794
1D	43D8	35	1794
1D	43DA	35	1794
1D	43DD	35	1794
1D	43E0	35	1794
1D	43E3	35	1794
1D	43E6	35	1794
1D	43E8	35	1794
1D	43EE	35	1794
1D	43F4	35	1794
1D	43F6	35	1794
1D	43F9	35	1795
1F	4000	1	1112
1F	4003	1	1112
1F	4004	1	1112
1F	4007	1	1112
1F	400A	1	1112
1F	400D	1	1112
1F	4013	1	1112
1F	4015	1	1112
1F	4018	1	1112
1F	401B	1	1112
1F	401C	1	1112
1F	401E	1	1112
1F	4020	1	1112
1F	4023	1	1112
1F	4025	1	1112
1F	4028	1	1112
1F	402B	1	1112
1F	402D	1	1112
1F	4030	1	1112
1F	4032	1	1112
1F	4035	1	1112
1F	4037	1	1112
1F	4039	1	1112
1F	403B	1	1112
1F	403C	1	1112
1F	403E	1	1112
1F	4040	1	1112
1F	4042	1	1112
1F	4044	1	1112
1F	4046	1	1112
1F	4048	1	1112
1F	404E	1	1112
1F	4051	1	1112
1F	4054	1	1112
1F	4056	1	1112
1F	4058	1	1112
1F	405A	1	1112
1F	4060	1	1113
1F	4063	1	1113
1F	4066	1	1113
1F	4068	1	1113
1F	406A	1	1113
1F	406C	1	1113
1F	4072	1	1114
1F	4075	1	1114
1F	4078	1	1114
1F	407A	1	1114
1F	407C	1	1114
1F	407E	1	1114
1F	4084	1	1115
1F	4087	1	1115
1F	408A	1	1115
1F	408C	1	1115
1F	408E	1	1115
1F	4090	1	1115
1F	4096	1	1116
1F	4099	1	1116
1F	409C	1	1116
1F	409E	1	1116
1F	40A0	1	1116
1F	40A2	1	1116
1F	40A8	1	1117
1F	40AB	1	1117
1F	40AE	1	1117
1F	40B0	1	1117
1F	40B2	1	1117
1F	40B4	1	1117
1F	40BA	1	1118
1F	40BD	1	1118
1F	40C0	1	1118
1F	40C2	1	1118
1F	40C4	1	1118
1F	40C6	1	1118
1F	40CC	1	1119
1F	40CF	1	1119
1F	40D2	1	1119
1F	40D5	1	1119
1F	40D7	1	1119
1F	40DD	1	1119
1F	40E0	1	1119
1F	40E3	1	1119
1F	40E6	1	1119
1F	40E8	1	1119
1F	40EE	1	1119
1F	40F1	1	1119
1F	40F4	1	1119
1F	40F6	1	1119
1F	40F8	1	1119
1F	40FE	1	1119
1F	4101	1	1119
1F	4104	1	1119
1F	4107	1	1119
1F	4109	1	1119
1F	410F	1	1119
1F	4112	1	1119
1F	4115	1	1119
1F	4117	1	1119
1F	4119	1	1119
1F	411F	1	1119
1F	4122	1	1119
1F	4125	1	1119
1F	4128	1	1119
1F	412B	1	1119
1F	412E	1	1119
1F	4130	1	1119
1F	4132	1	1119
1F	4138	1	1119
1F	413B	1	1119
1F	413E	1	1119
1F	4141	1	1119
1F	4142	1	1119
1F	4145	1	1119
1F	4148	1	1119
1F	414B	1	1119
1F	414E	1	1119
1F	4151	1	1119
1F	4154	1	1119
1F	4157	1	1120
1F	4159	1	1120
1F	415C	1	1120
1F	415F	1	1120
1F	4162	1	1120
1F	4168	1	1120
1F	416A	1	1120
1F	416C	1	1120
1F	416D	1	1120
1F	416F	1	1120
1F	4171	1	1120
1F	4173	1	1120
1F	4175	1	1120
1F	4176	1	1120
1F	4179	1	1120
1F	417C	1	1120
1F	417F	1	1120
1F	4182	1	1120
1F	4185	1	1120
1F	4187	1	1120
1F	4189	1	1120
1F	418B	1	1120
1F	4191	1	1121
1F	4193	1	1121
1F	4194	1	1121
1F	4196	1	1121
1F	4198	1	1121
1F	419A	1	1121
1F	419C	1	1121
1F	419F	1	1122
1F	41A5	1	1122
1F	41A7	1	1122
1F	41A9	1	1122
1F	41AB	1	1122
1F	41B1	1	1138
1F	41B4	1	1138
1F	41B5	1	1138
1F	41B6	1	1138
1F	41B9	1	1138
1F	41BB	1	1138
1F	41C1	1	1142
1F	41C3	1	1142
1F	41C4	1	1142
1F	41C6	1	1142
1F	41C8	1	1142
1F	41CB	1	1142
1F	41CE	1	1142
1F	41CF	1	1142
1F	41D1	561	1142
1F	41D7	561	1142
1F	41DA	561	1142
1F	41E0	561	1142
1F	41E6	561	1142
1F	41F3	560	1142
1F	41F9	560	1142
1F	41FC	560	1142
1F	41FE	560	1142
1F	4200	560	1142
1F	4203	560	1142
1F	4206	560	1142
1F	4209	560	1142
1F	420A	560	1142
1F	420D	560	1142
1F	4210	560	1142
1F	4211	560	1142
1F	4214	560	1142
1F	4217	1	1728
1F	421A	1	1728
1F	421B	1	1728
1F	421D	1	1728
1F	421F	1	1728
1F	4220	1	1728
1F	4222	1	1728
1F	4224	1	1728
1F	4227	1	1728
1F	422A	1	1728
1F	422B	1	1728
1F	422D	1	1728
1F	4233	1	1760
1F	4239	1	1762
1F	423B	1	1762
1F	423D	1	1762
1F	423F	1	1762
1F	4242	1	1762
1F	4243	1	1762
1F	4245	1	1762
1F	4248	1	1762
1F	424E	1	1762
1F	4251	1	1762
1F	43F7	1	1119
1F	43FA	1	1119
1F	43FC	1	1119
1F	43FE	1	1119
1F	4401	1	1119
1F	4404	1	1119
1F	4406	1	1119
1F	4408	1	1119
1F	440E	1	1119
1F	4411	1	1119
1F	4414	1	1119
1F	4417	1	1119
1F	441A	1	1119
1F	441B	1	1119
1F	441D	1	1119
1F	444F	1	1119
1F	4452	1	1119
1F	4455	1	1119
1F	4457	1	1119
1F	4459	1	1119
1F	445F	1	1119
1F	4462	1	1119
1F	4465	1	1119
1F	4468	1	1119
1F	446A	1	1119
1F	446B	1	1119
1F	446E	1	1119
1F	4470	1	1119
1F	4471	1	1119
1F	4474	1	1119
1F	4477	1	1119
1F	447A	1	1119
1F	44C0	1	1119
1F	44C1	1	1119
1F	44C4	1	1119
1F	44C7	1	1119
1F	44C8	1	1119
1F	44CB	1	1119
1F	44D1	1	1119
1F	44D4	1	1120
1F	44D5	561	1119
1F	44D8	561	1119
1F	44D9	561	1119
1F	44DA	561	1119
1F	44DD	561	1119
1F	44DE	561	1119
1F	44DF	19	1119
1F	44E1	19	1119
1F	44E4	19	1119
1F	44E5	19	1119
1F	44E7	19	1119
1F	4503	19	1119
1F	4506	19	1119
1F	4509	19	1119
1F	450C	19	1119
1F	450F	19	1119
1F	4510	19	1119
1F	4513	19	1119
1F	4515	19	1119
1F	4518	19	1119
1F	451E	19	1119
1F	4520	19	1119
1F	4523	19	1120
1F	4526	19	1120
1F	4527	19	1120
1F	452A	19	1120
1F	452C	19	1120
1F	452D	9	1172
1F	452E	9	1172
1F	4531	9	1172
1F	4561	560	1142
1F	4564	560	1142
1F	4565	560	1142
22	4EF0	9	324
22	4EF2	9	324
22	4EF4	9	324
22	4EF6	9	324
22	4EF7	9	324
22	4EF9	9	324
22	4EFB	9	324
22	4EFD	9	324
22	4F00	9	324
22	4F02	9	324
22	4F04	9	324
22	4F07	9	324
22	4F0A	9	324
22	4F0D	36846	324
22	4F0E	36846	324
22	4F0F	36846	324
22	4F10	36846	324
22	4F12	2193	324
22	4F13	36846	324
22	4F14	36846	324
22	4F15	36846	324
22	4F16	36846	324
22	4F18	9	326
22	4F19	9	326
22	4F1A	9	326
22	4F1B	9	326
22	4F1C	9	326
22	4F1D	9	326
22	4F1E	9	326
22	4F20	9	326
22	4F23	9	326
22	4F24	8	3660
22	4F26	8	3660
22	4F28	8	3660
22	4F2A	8	3660
22	4F2B	8	3660
22	4F2D	8	3660
22	4F2F	8	3660
22	4F31	8	3660
22	4F34	8	3660
22	4F36	8	3660
22	4F38	8	3660
22	4F3B	8	3660
22	4F3C	8	3660
22	4F3D	8	3660
22	4F3E	8	3660
22	4F3F	8	3660
22	4F40	8	3660
22	4F42	8	3660
22	4F45	8	3660
22	4F46	1	326
22	4F47	1	326
22	4F48	1	326
22	4F4A	1	326
22	4F4B	1	326
22	4F4C	1	326
22	4F4E	1	326
22	4F4F	1	326
22	4F7B	8	3660
22	4F7D	8	3660
22	4F7F	8	3660
22	4F81	8	3660
22	4F82	8	3660
22	4F84	8	3660
22	4F86	8	3660
22	4F87	8	3660
22	4F89	8	3660
22	4F8B	8	3660
22	4F8D	8	3660
22	4F90	8	3660
22	4F92	8	3660
22	4F94	8	3660
22	4F97	8	3660
22	4F9A	32768	3660
22	4F9B	32768	3660
22	4F9C	32768	3660
22	4F9D	32768	3660
22	4F9E	32768	3660
22	4F9F	32768	3660
22	4FA0	32768	3660
22	4FA2	8	3662
22	4FA3	8	3662
22	4FA5	8	3662
22	4FA8	8	3662
22	4FF6	1	324
22	4FF7	1	324
22	4FF8	1	324
22	4FF9	1	324
22	4FFB	1	324
22	4FFE	1	326
22	5001	1	326
22	5002	1	326
22	5017	1	326
22	5019	1	326
22	501A	1	326
22	501B	1	326
22	501C	1	326
22	501D	8	3659
22	501E	8	3659
22	501F	8	3659
22	5020	8	3659
22	5021	8	3659
22	5023	8	3659
22	5026	8	3660
22	5028	8	3660
22	502B	8	3660
22	502D	8	3660
22	5030	8	3662
22	5031	8	3662
22	5032	8	3662
22	5033	8	3662
22	5034	8	3662
22	5035	1	3441
22	5037	1	3441
22	5039	1	3441
22	503C	1	3441
22	503E	1	3441
22	5040	1	3441
22	5043	1	3441
22	5046	1	3441
22	5049	1	3441
22	504C	1668	3441
22	504D	1668	3441
22	504E	1668	3441
22	504F	1668	3441
22	5052	1668	3441
22	5053	1668	3441
22	5054	1668	3441
22	5055	1668	3441
22	5057	1	3442
22	505A	1	3442
22	505D	480	3442
22	505E	480	3442
22	505F	480	3442
22	5060	480	3442
22	5062	12	3442
22	5063	480	3442
22	5064	480	3442
22	5065	480	3442
22	5066	480	3442
22	5068	1	3442
22	506B	1	3442
22	506C	1	3442
22	506D	1	3442
22	506E	1	3442
22	506F	1	3442
22	5070	1	3442
22	5071	1	3442
22	5073	1	3442
22	5076	1	3442
22	5077	1	3442
22	507A	1	3442
22	507C	1	3442
22	507E	1	3442
22	5081	1	3442
22	5083	1	3442
22	5085	1	3442
22	5088	1	3442
22	5089	1	3442
22	508A	1	3442
22	508B	1	3442
22	508C	1	3442
22	508D	1	3442
22	508F	1	3442
22	5092	1	3442
22	50FC	1	3441
22	50FD	1	3441
22	50FE	1	3441
22	50FF	1	3441
22	5100	1	3441
22	5103	1	3442
22	5106	1	3442
22	5107	1	3442
22	5108	1	3442
22	5109	1	3442
22	510A	1	3442
25	4000	6	2491
25	4001	6	2491
25	4002	6	2491
25	4003	6	2491
25	4006	6	2492
25	4007	6	2492
25	4009	6	2492
25	400A	6	2492
25	400C	6	2492
25	400E	6	2492
25	4010	6	2492
25	4012	6	2492
25	4015	6	2492
25	4017	6	2492
25	401A	6	2492
25	401B	6	2492
25	401D	6	2492
25	401F	6	2492
25	4020	6	2492
25	4026	6	2492
25	4027	6	2492
25	4028	6	2492
25	402B	6	2492
25	402C	6	2492
25	403F	6	2492
25	4042	6	2555
25	4043	4134	2555
25	4044	4134	2555
25	404A	4134	2555
25	404D	4134	2556
25	4053	4134	2556
25	4054	4134	2556
25	4057	4134	2556
25	4058	4134	2556
25	405A	4134	2556
25	408A	4134	2556
25	408C	4134	2556
25	408E	4134	2556
25	4090	6	3094
25	4091	6	3094
25	4092	6	3094
25	4094	6	3094
25	4095	6	3094
25	4097	6	3094
25	4099	6	3094
25	409C	6	3094
25	409F	6	3094
25	40A0	6	3094
25	40A2	6	3094
25	40A5	6	3094
25	40A6	6	3094
25	40A9	6	3094
25	40AB	6	3094
25	40AD	6	3094
25	40B0	6	3094
25	40B2	6	3094
25	40B4	6	3094
25	40B7	6	3094
25	40BA	6	3094
25	40BB	6	3094
25	40BD	6	3094
25	40BF	6	3094
25	40C1	6	3094
25	40C5	6	3094
25	40C8	6	3098
25	40CB	6	3098
25	40CE	6	3098
25	40D1	6	3098
25	40D4	6	3098
25	40D7	6	3098
25	40DA	6	3098
25	40DB	6	3098
25	40DC	6	3098
25	40DF	4128	2556
25	40E1	4128	2556
25	40E3	4128	2556
25	40E5	1	17391
25	40E6	1	17391
25	40E7	1	17391
25	40E9	1	17391
25	40EA	1	17391
25	40EC	1	17391
25	40EE	1	17391
25	40F1	1	17391
25	40F4	1	17391
25	40F5	1	17391
25	40F7	1	17391
25	40F8	1	17391
25	40F9	1	17391
25	40FA	1	17391
25	4100	1	17391
25	4103	1	17392
25	4109	1	17407
25	410A	1	17407
25	410C	1	17407
25	410D	4127	2556
25	410F	4127	2556
25	4111	4127	2556
25	4114	4127	2556
25	4116	4127	2556
25	4118	4127	2556
25	411B	4127	2556
25	411E	6	3098
25	411F	6	3098
25	4122	6	3098
25	4125	6	3098
25	4127	6	3098
25	4129	6	3098
25	412F	6	3098
25	4132	6	3098
25	4135	6	3098
25	4138	6	3098
25	413B	6	3098
25	413E	6	3098
25	4140	6	3098
25	4142	6	3098
25	4148	6	3098
25	414B	6	3098
25	414E	6	3098
25	4151	6	3098
25	4153	6	3098
25	4156	6	3098
25	4159	6	3102
25	415A	6	3102
25	415C	1307	3102
25	415D	1307	3102
25	415E	1307	3102
25	4164	1307	3102
25	4167	1307	3102
25	416D	1307	3102
25	416E	1307	3102
25	416F	1307	3102
25	4171	1307	3102
25	4173	1307	3102
25	41C0	1307	3102
25	41C2	1307	3102
25	41C4	1307	3102
25	41E5	1307	3102
25	41E7	1307	3102
25	41E9	1307	3102
25	41EB	3	8619
25	41EC	3	8619
25	41ED	3	8619
25	41EF	3	8619
25	41F0	3	8619
25	41F2	3	8619
25	41F4	3	8619
25	41F7	3	8619
25	41FA	3	8619
25	41FB	3	8619
25	41FD	3	8619
25	41FE	3	8619
25	41FF	3	8619
25	4200	3	8619
25	4202	3	8619
25	4203	3	8619
25	4207	3	8619
25	420A	1307	3102
25	420C	1307	3102
25	420E	1307	3102
25	4211	7	3188
25	4212	7	3188
25	4214	7	3188
25	4217	2	8727
25	4218	2	8727
25	4219	2	8727
25	421F	2	8727
25	4222	2	8727
25	4225	2	8727
25	4228	2	8727
25	422B	2	8727
25	422E	2	8727
25	4231	2	8727
25	4233	2	8727
25	4235	2	8727
25	4237	2	8727
25	4239	2	8727
25	423C	2	8727
25	423F	2	8727
25	4242	2	8727
25	4245	2	8727
25	4248	2	8727
25	424B	2	8727
25	424E	2	8727
25	424F	2	8727
25	4251	2	8727
25	4254	2	8727
25	4255	2	8727
25	4258	2	8727
25	4259	2	8727
25	425B	2	8727
25	425C	2	8727
25	425E	2	8727
25	4260	2	8727
25	4262	2	8727
25	4263	2	8727
25	4266	2	8727
25	4267	2	8727
25	4269	2	8727
25	426B	2	8727
25	426C	2	8727
25	426D	2	8727
25	426E	2	8727
25	4274	2	9367
25	4275	2	9367
25	4277	2	9367
25	4278	2	9367
25	427A	2	9367
25	427C	2	9367
25	427E	2	9367
25	4280	2	9367
25	4283	2	9367
25	4284	2	9367
25	4286	2	9367
25	4288	2	9367
25	4289	2	9367
25	428A	2	9367
25	428B	2	9367
25	428D	2	9367
25	428F	2	9367
25	4291	2	9367
25	4293	2	9367
25	4296	2	9367
25	4299	2	9367
25	429C	2	9367
25	429F	2	9367
25	42A2	2	9367
25	42A5	2	9367
25	42A6	2	9367
25	42A9	2	9367
25	42AF	2	9367
25	42B0	2	9367
25	42B1	2	9367
25	42B2	2	9367
25	42B3	2	9367
25	42B4	2	9367
25	42B7	2	9367
25	42B8	2	9367
25	42B9	2	9367
25	42BB	2	9367
25	42BE	2	9372
25	42BF	2	9372
25	42C0	2	9372
25	42C1	2	9372
25	42C4	2	9372
25	42C5	2	9372
25	42C6	2	9372
25	42C8	2	9372
25	42CB	2	9372
25	42CC	2	9372
25	42CD	2	9372
25	42CE	2	9372
25	42CF	2	9372
25	42D2	1	10714
25	42D3	1	10714
25	42D4	1	10714
25	42D5	1	10714
25	42D6	1	10714
25	42DC	1	10719
25	42DD	1	10719
25	42DE	1	10719
25	42E0	1	10719
25	42E1	1	10719
25	42E3	1	10719
25	42E5	1	10719
25	42E8	1	10719
25	42EB	1	10719
25	42EC	1	10719
25	42EE	1	10719
25	42EF	1	10719
25	42F2	1	10726
25	42F3	1	10726
25	42F4	1	10726
25	42F5	1	10726
25	42F6	1	10726
25	42F9	1	10726
25	42FA	1	10726
25	42FB	1	10726
25	42FD	1	10726
25	42FF	1	10726
25	4302	1	10750
25	4303	1	10750
25	4304	1	10750
25	4306	1	10750
25	4309	1	10750
25	430C	1	10750
25	430D	1	10750
25	430E	1	10750
25	4315	1	10750
25	4318	1	10754
25	4319	1	10754
25	431A	1	10754
25	431B	1	10754
25	431C	1	10754
25	431E	1	10754
25	4320	1	10754
25	433B	1	10754
25	433C	1	10754
25	433F	1	10754
25	4344	1	10754
25	4345	1	10754
25	4348	1	10754
25	434B	1	10754
25	434E	1	10754
25	4351	1	10754
25	4354	1	10754
25	4357	1	10754
25	4358	1	10754
25	435B	1	10754
25	435C	1	10754
25	435F	1	10754
25	4360	1	10754
25	4361	1	10754
25	4363	1	10754
25	436D	1	10754
25	4370	1	10754
25	4371	1	10754
25	446E	5	3188
25	4470	5	3188
25	4473	1	11559
25	4476	1	11559
25	4477	1	11559
25	4490	1	11559
25	4496	1	11559
25	4498	1	11559
25	449A	1	11559
25	449D	1	11559
25	449F	1	11559
25	44A1	1	11559
25	44A4	1	11559
25	44A7	1	11559
25	44A8	1	11559
25	44AA	1	11559
25	4564	1	11559
25	4565	1	11559
25	4566	1	11559
25	4568	1	11559
25	4569	1	11559
25	456B	1	11559
25	456D	1	11559
25	4570	1	11559
25	4573	1	11559
25	4574	1	11559
25	4576	1	11559
25	4577	1	11559
25	4578	1	11559
25	4579	1	11559
25	457A	1	11559
25	4580	1	11559
25	4583	1	11560
25	4589	1	11575
25	458A	1	11575
25	458B	1	11575
25	4591	1	11575
25	465C	4	3188
25	465D	4	3188
25	465E	4	3188
25	4660	4	3188
25	4661	4	3188
25	4663	4	3188
25	4665	4	3188
25	4668	4	3188
25	466B	4	3188
25	466C	4	3188
25	466E	4	3188
25	466F	4	3188
25	4670	4	3188
25	4671	4	3188
25	4672	4	3188
25	4674	4	3188
25	4676	4	3188
25	4679	4	3188
25	467B	4	3188
25	467D	4	3188
25	4680	4	3188
25	4681	4	3188
25	4682	4	3188
25	4684	4	3188
25	4685	4	3188
25	4687	4	3188
25	468A	4	3188
25	468B	4	3188
25	468C	4	3188
25	468D	4	3188
25	468E	4	3188
25	468F	4	3188
25	4690	4	3188
25	4692	4	3188
25	4695	1	6902
25	4696	1	6902
25	4697	1	6902
25	4698	1	6902
25	469E	1	6905
25	46A0	1	6905
25	46A2	1	6905
25	46A4	1	6905
25	46A6	1	6905
25	46A9	1	6905
25	46AC	1	6905
25	46AF	1	6905
25	46B2	1	6905
25	46B5	1	6905
25	46B8	1	6905
25	46BB	1	6905
25	46BC	1	6905
25	46BD	1	6905
25	46BE	1	6905
25	46BF	1	6905
25	46C1	1	6905
25	46C4	1	6905
25	46C7	1	6905
25	46CA	1	6905
25	46D0	1	6905
25	46D1	1	6905
25	46D4	1	6905
25	46D6	1	6905
25	46DB	1	6905
25	46DC	1	6905
25	46DE	1	6905
25	46DF	1	6905
25	46E1	1	6905
25	46E3	1	6905
25	46E5	1	6905
25	46E6	1	6905
25	46E9	1	6905
25	46EA	1	6905
25	46EC	1	6905
25	46EE	1	6905
25	46EF	1	6905
25	46F0	1	6905
25	46F1	1	6905
25	46F7	1	7542
25	46F8	1	7542
25	46FA	1	7542
25	46FB	1	7542
25	46FD	1	7542
25	46FF	1	7542
25	4701	1	7542
25	4703	1	7542
25	4706	1	7542
25	4707	1	7542
25	4709	1	7542
25	470B	1	7542
25	470C	1	7542
25	470D	1	7542
25	470E	1	7542
25	4710	1	7542
25	4712	1	7542
25	4714	1	7542
25	4715	1	7542
25	4718	1	7542
25	4719	1	7542
25	471A	1	7542
25	471C	1	7542
25	471F	1	7542
25	4722	1	7542
25	4725	1	7542
25	4728	1	7542
25	472B	1	7542
25	472E	1	7542
25	4730	1	7542
25	4733	1	7542
25	4736	1	7542
25	473C	1	7542
25	473D	4	3188
25	473E	4	3188
25	473F	4	3188
25	4740	4	3188
25	4741	4	3188
25	4744	4	3188
25	4745	4	3188
25	4746	4	3188
25	4747	4	3188
25	4748	4	3188
25	4749	4	3188
25	474A	4	3188
25	474B	4	3188
25	474C	4	3188
25	4752	4	3188
25	4755	4	3189
25	475B	4	3204
25	475C	4	3204
25	4762	4	4042
25	4763	4	4042
25	4764	4	4042
25	4766	4	4042
25	4767	4	4042
25	4769	4	4042
25	476B	4	4042
25	476D	4	4042
25	476F	4	4042
25	4772	4	4042
25	4774	4	4042
25	4777	4	4042
25	4778	4	4042
25	477A	4	4042
25	477C	4	4042
25	477D	4	4042
25	4783	4	4042
25	4784	4	4042
25	4785	4	4042
25	4786	4	4042
25	4788	4	4042
25	47FD	4	4042
25	47FF	4	4042
25	4801	4	4042
25	4804	5	8619
25	4806	5	8619
25	4808	5	8619
25	480A	5	8619
25	480B	5	8619
25	480D	5	8619
25	480E	13	8619
25	480F	13	8619
25	4811	8	8619
25	4813	8	8619
25	4815	5	8619
25	4818	5	8619
25	4819	5	8619
25	481A	5	8619
25	481B	5	8619
25	481D	5	8619
25	483A	5	8619
25	483C	5	8619
25	483E	2	8619
25	4841	2	8619
25	4844	2	8619
25	4846	2	8619
25	4848	2	8619
25	484E	2	8619
25	4851	2	8619
25	4854	2	8619
25	4857	2	8619
25	4859	3	8653
25	485B	3	8653
25	485D	3	8653
25	4860	3	8653
25	4863	3	8653
25	4865	3	8653
25	4867	3	8653
25	486D	3	8653
25	4870	3	8653
25	4873	3	8653
25	4876	3	8653
25	4878	5	8619
25	4879	5	8619
25	487A	5	8619
25	487B	5	8619
25	487C	5	8619
25	487F	5	8619
25	4882	5	8623
25	4883	5	8623
25	4884	5	8623
25	4885	3	8427
25	4886	3	8427
25	4888	3	8427
25	488A	1	11337
25	488B	1	11337
25	488D	1	11337
25	488F	1	11337
25	4892	1	11337
25	4893	1	11337
25	4895	1	11337
25	4897	1	11337
25	4899	1	11337
25	489B	1	11337
25	489D	1	11337
25	48A5	1	11337
25	48A6	1	11337
25	48A7	1	11337
25	48A9	1	11337
25	48AA	1	11337
25	48AC	1	11337
25	48B4	1	11337
25	48B5	1	11337
25	48B6	3	8427
25	48B7	3	8427
25	48B8	3	8427
25	48BA	3	8427
25	48BB	3	8427
25	48BD	3	8427
25	48BF	3	8427
25	48C2	3	8427
25	48C5	3	8427
25	48C6	3	8427
25	48C8	3	8427
25	48C9	3	8427
25	48CA	3	8427
25	48CB	3	8427
25	48CC	3	8427
25	48CF	3	8428
25	48D2	3	8437
25	48D5	3	8441
25	48D6	3	8441
25	48D7	3	8441
25	48DA	3	8442
25	48DD	3	8442
25	48E0	3	8443
25	48E1	3	8443
25	48E2	3	8443
25	48E3	3	8443
25	48E5	3	8443
25	48E7	3	8443
25	4902	3	8443
25	4903	3	8443
25	4906	3	8443
25	4907	3	4660
25	490A	3	4660
25	490B	3	4660
25	490C	3	4660
25	492F	3	4660
25	4930	3	4660
25	4932	3	4660
25	4936	3	4660
25	4937	3	4660
25	4938	3	4660
25	493A	3	4660
25	493B	3	4660
25	493D	3	4660
25	493F	3	4660
25	4942	3	4660
25	4945	3	4660
25	4946	3	4660
25	4948	3	4660
25	4949	3	4660
25	494A	3	4660
25	494B	3	4660
25	494C	3	4660
25	494F	3	4661
25	4952	3	4670
25	4955	3	4674
25	4956	3	4674
25	4957	3	4674
25	495A	3	4675
25	495D	3	4675
25	4960	3	4676
25	4961	3	4676
25	4962	3	4676
25	4963	3	4676
25	4965	3	4676
25	4967	3	4676
25	4982	3	4676
25	4983	3	4676
25	4986	3	4676
25	4987	7	4676
25	4988	7	4676
25	4989	7	4676
25	498C	7	4676
25	498D	7	4676
25	498F	7	4676
25	4991	7	4676
25	4993	7	4676
25	4995	7	4676
25	4997	7	4676
25	4999	7	4676
25	499B	7	4676
25	499D	5	4676
25	499F	5	4676
25	49D6	7	4676
25	49D9	7	4676
25	49DC	7	4676
25	49DF	7	4676
25	49E2	7	4676
25	49E5	7	4676
25	49E8	7	4676
25	49E9	7	4676
25	49EA	7	4676
25	49EB	3	4660
25	49EC	3	4660
25	49ED	3	4660
25	49EE	3	4660
25	49EF	3	4660
25	49F1	3	4660
25	49F6	3	4660
25	49F7	3	4660
25	49F8	3	4660
25	49FA	3	4660
25	49FB	3	4660
25	49FD	3	4660
25	49FF	3	4660
25	4A01	3	4660
25	4A04	3	4660
25	4A06	3	4660
25	4A08	3	4660
25	4A0B	3	4660
25	4A0E	3	4660
25	4A0F	3	4660
25	4A10	3	4660
25	4A11	3	4660
25	4A12	3	4660
25	4A13	3	4660
25	4A14	3	4660
25	4A2D	1	10726
25	4A2E	1	10726
25	4A30	1	10726
25	4A36	1	10726
25	4A37	1	10726
25	4A39	1	10726
25	4A3C	1	10726
25	4A3D	1	10726
25	4A3E	1	10726
25	4A40	1	10726
25	4A41	1	10726
25	4A43	1	10726
25	4A45	1	10726
25	4A48	1	10726
25	4A4B	1	10726
25	4A4C	1	10726
25	4A4E	1	10726
25	4A4F	1	10726
25	4A50	1	10726
25	4A51	1	10726
25	4A52	1	10726
25	4A55	1	10727
25	4A58	1	10736
25	4A5B	1	10740
25	4A5C	1	10740
25	4A5D	1	10740
25	4A60	1	10749
25	4A63	1	10749
25	4A66	1	10750
25	4A67	1	10750
25	4A90	4206	2507
25	4A92	4206	2507
25	4A94	4206	2507
25	4A97	4206	2507
25	4A99	4206	2507
25	4A9B	4206	2507
25	4A9E	4206	2507
25	4AA0	4206	2507
25	4AA3	4206	2507
25	4AA5	4206	2507
25	4AA6	4206	2507
25	4AA7	4206	2507
25	4AAA	4206	2507
25	4AAC	4206	2507
25	4AAD	4206	2507
25	4AAE	4206	2507
25	4AB1	4206	2507
25	4AB3	4206	2507
25	4AB4	4206	2507
25	4AB5	4206	2507
25	4AB8	4206	2507
25	4ABA	4206	2507
25	4ABB	3018	2507
25	4ABC	3018	2507
25	4ABF	3018	2507
25	4AC1	3018	2507
25	4B0D	6	2492
25	4B0E	6	2492
25	4B0F	6	2492
25	4B15	6	2492
25	4B1B	6	2492
25	4B21	6	2494
25	4B24	6	2494
25	4B25	6	2494
25	4B28	6	2494
25	4B2B	6	2494
25	4B2E	6	2494
25	4B31	6	2494
25	4B33	6	2494
25	4B39	6	2494
25	4B3C	6	2494
25	4B3F	6	2494
25	4B42	6	2494
25	4B45	6	2494
25	4B47	6	2494
25	4B4D	6	2494
25	4B50	6	2495
25	4B53	6	2495
25	4B56	6	2495
25	4B58	6	2495
25	4B5A	6	2495
25	4B5C	6	2495
25	4B62	6	2496
25	4B65	6	2496
25	4B68	6	2496
25	4B6B	6	2496
25	4B6D	6	2496
25	4B6F	6	2496
25	4B71	6	2496
25	4B77	6	2497
25	4B7A	6	2497
25	4B7D	6	2497
25	4B80	6	2497
25	4B82	6	2497
25	4B84	6	2497
25	4B86	6	2497
25	4B8C	6	2498
25	4B8F	6	2498
25	4B92	6	2498
25	4B95	6	2498
25	4B97	6	2498
25	4B99	6	2498
25	4B9B	6	2498
25	4BA1	6	2499
25	4BA4	6	2499
25	4BA7	6	2499
25	4BAA	6	2499
25	4BAC	6	2499
25	4BAE	6	2499
25	4BB0	6	2499
25	4BB6	6	2500
25	4BB9	6	2500
25	4BBC	6	2500
25	4BBF	6	2500
25	4BC2	6	2500
25	4BC4	6	2500
25	4BCA	6	2500
25	4BCD	6	2501
25	4C75	6	2501
25	4C78	6	2501
25	4C7B	6	2501
25	4C7E	6	2501
25	4C80	6	2501
25	4C86	6	2501
25	4C89	6	2502
25	4C8C	6	2502
25	4C8F	6	2502
25	4C92	6	2502
25	4C94	6	2502
25	4C9A	6	2502
25	4C9D	6	2503
25	4C9F	6	2503
25	4CA2	64827	2504
25	4CA4	64827	2504
25	4CA6	64827	2504
25	4CA8	6	2506
25	4CAB	6	2506
25	4CAD	6	2506
25	4CAF	6	2506
25	4CB2	6	2506
25	4CB4	6	2506
25	4CB5	6	2506
25	4CB6	6	2506
25	4CB7	6	2506
25	4CB8	6	2506
25	4CB9	6	2506
25	4CBA	6	2506
25	4CBB	6	2506
25	4CBC	6	2506
25	4CBD	6	2506
25	4CBE	6	2506
25	4CBF	6	2506
25	4CC0	6	2506
25	4CC1	6	2506
25	4CC2	6	2506
25	4CC3	6	2506
25	4CC4	6	2506
25	4CC7	6	2507
25	4CC9	6	2507
25	4CCB	6	2507
25	4CCD	6	2507
25	4CD0	6	2507
25	4CD2	6	2507
25	4CD3	6	2507
25	4CD4	6	2507
25	4CD5	6	2507
25	4CD6	6	2507
25	4CD7	6	2507
25	4CD8	6	2507
25	4CD9	6	2507
25	4CDA	6	2507
25	4CDB	6	2507
25	4CDC	6	2507
25	4CDD	6	2507
25	4CDE	6	2507
25	4CDF	6	2507
25	4CE0	6	2507
25	4CE1	6	2507
25	4CE2	6	2507
25	4CE3	6	2507
25	4CE4	6	2507
25	4CE5	6	2507
25	4CE6	6	2507
25	4CE9	6	2507
25	4CEA	6	2507
25	4CEB	6	2507
25	4CED	6	2507
25	4CEE	6	2507
25	4CF1	6	2507
25	4CF2	6	2507
25	4CF3	6	2507
25	4CF6	6	2507
25	4CF9	6	2507
25	4D03	6	2507
25	4D06	6	2511
25	4D07	6	2511
25	4D0A	6	2511
25	4D0B	6	2511
25	4D0C	6	2511
25	4D0E	6	2511
25	4D0F	6	2511
25	4D12	6	2520
25	4D15	6	2520
25	4D16	6	2520
25	4D17	6	2520
25	4D1A	6	2521
25	4D1D	6	2531
25	4D20	6	2535
25	4D21	6	2535
25	4D22	6	2535
25	4D25	6	2536
25	4D26	6	2536
25	4D27	6	2536
25	4D2A	6	2536
25	4D2B	6	2536
25	4D2C	6	2536
25	4D2D	6	2536
25	4D2F	6	2536
25	4D31	6	2536
25	4D4C	6	2536
25	4D4D	6	2536
25	4D4E	6	2536
25	4D50	6	2536
25	4D53	6	2537
25	4D56	6	2538
25	4D5C	6	2538
25	4D5F	6	2539
25	4D65	6	2555
25	4D66	6	2555
25	4D68	6	2555
25	4D69	6	2555
25	4D6B	6	2555
25	4D6D	6	2555
25	4D6F	6	2555
25	4D71	6	2555
25	4D74	6	2555
25	4D76	6	2555
25	4D79	6	2555
25	4D7A	6	2555
25	4D7C	6	2555
25	4D7E	6	2555
25	4D7F	6	2555
25	4D85	6	2555
25	4D86	6	2555
25	4D88	6	2555
25	4D89	6	2555
25	4D8B	6	2555
25	4D8D	6	2555
25	4D90	6	2555
25	4D93	6	2555
25	4D94	6	2555
25	4D96	6	2555
25	4D97	6	2555
25	4D98	6	2555
25	4D99	6	2536
25	4D9A	6	2536
25	4D9B	6	2536
25	4D9E	6	2536
25	4D9F	6	2536
25	4DA1	6	2536
25	4DA3	6	2536
25	4DA5	6	2536
25	4DA7	6	2536
25	4DA9	6	2536
25	4DAB	6	2536
25	4DAD	6	2536
25	4DAF	5	2536
25	4DB1	5	2536
25	4DE8	6	2536
25	4DEB	6	2536
25	4DEE	6	2536
25	4DF1	6	2536
25	4DF4	6	2536
25	4DF7	6	2536
25	4DFA	6	2536
25	4DFB	6	2536
25	4DFC	6	2536
25	4DFD	13	2520
25	4DFE	13	2520
25	4DFF	13	2520
25	4E00	13	2520
25	4E02	13	2520
25	4E03	13	2520
25	4E05	13	2520
25	4E07	13	2520
25	4E09	13	2520
25	4E0C	13	2520
25	4E0E	13	2520
25	4E10	13	2520
25	4E13	13	2520
25	4E16	13	2520
25	4E17	13	2520
25	4E18	13	2520
25	4E19	13	2520
25	4E1A	13	2520
25	4E1D	13	2520
25	4E1E	13	2520
25	4E21	13	2520
25	4E24	13	2520
25	4E26	13	2520
25	4E29	13	2521
25	4E2A	13	2521
25	4E43	13	2521
25	4E44	13	2521
25	4E47	13	2521
25	4E49	13	2521
25	4E4A	13	2521
25	4E4C	4	2521
25	4E4F	13	2521
25	4E50	13	2521
25	4E52	13	2521
25	4E53	13	2521
25	4E54	13	2521
25	4E56	13	2521
25	4E57	13	2521
25	4E59	13	2521
25	4E5B	13	2521
25	4E5D	13	2521
25	4E60	13	2521
25	4E62	13	2521
25	4E64	13	2521
25	4E67	13	2521
25	4E6A	13	2521
25	4E6B	13	2521
25	4E6C	13	2521
25	4E6D	13	2521
25	4E6E	13	2521
25	4E71	13	2521
25	4E72	13	2521
25	4E75	13	2521
25	4E76	13	2521
25	4E78	13	2521
25	4E7B	13	2524
25	4E7C	13	2524
25	4E7D	13	2524
25	4E80	13	2524
25	4E82	13	2524
25	4E83	13	2524
25	4E85	3	4663
25	4E88	13	2524
25	4E89	13	2524
25	4E8B	13	2524
25	4E8C	13	2524
25	4E8D	13	2524
25	4E8F	13	2524
25	4E90	13	2524
25	4E92	13	2524
25	4E94	13	2524
25	4E96	13	2524
25	4E99	13	2524
25	4E9B	13	2524
25	4E9D	13	2524
25	4EA0	13	2524
25	4EA3	13	2524
25	4EA4	13	2524
25	4EA5	13	2524
25	4EA6	13	2524
25	4EA7	13	2524
25	4EAA	13	2524
25	4EAB	13	2524
25	4EAC	13	2524
25	4EAF	13	2524
25	4EB1	13	2524
25	4EB4	13	2526
25	4EB5	13	2526
25	4EB6	13	2526
25	4EB9	13	2526
25	4EBB	13	2526
25	4EBC	13	2526
25	4EBE	4	5710
25	4EC1	13	2526
25	4EC2	13	2526
25	4EC4	13	2526
25	4EC5	13	2526
25	4EC6	13	2526
25	4EC8	13	2526
25	4EC9	13	2526
25	4ECB	13	2526
25	4ECD	13	2526
25	4ECF	13	2526
25	4ED2	13	2526
25	4ED4	13	2526
25	4ED6	13	2526
25	4ED9	13	2526
25	4EDC	13	2526
25	4EDD	13	2526
25	4EDE	13	2526
25	4EDF	13	2526
25	4EE0	13	2526
25	4EE3	13	2526
25	4EE4	13	2526
25	4EE5	13	2526
25	4EE8	13	2526
25	4EEA	13	2526
25	4EED	13	2529
25	4EEE	13	2529
25	4EEF	13	2529
25	4EF2	13	2529
25	4EF4	13	2529
25	4EF5	13	2529
25	4EF7	2	6752
25	4EFA	13	2529
25	4EFB	13	2529
25	4EFD	13	2529
25	4EFE	13	2529
25	4EFF	13	2529
25	4F01	13	2529
25	4F02	13	2529
25	4F04	13	2529
25	4F06	13	2529
25	4F08	13	2529
25	4F0B	13	2529
25	4F0D	13	2529
25	4F0F	13	2529
25	4F12	13	2529
25	4F15	13	2529
25	4F16	13	2529
25	4F17	13	2529
25	4F18	13	2529
25	4F19	13	2529
25	4F1C	13	2529
25	4F1D	13	2529
25	4F1E	13	2529
25	4F21	13	2529
25	4F23	13	2529
25	4F26	13	2531
25	4F27	13	2531
25	4F40	13	2535
25	4F41	13	2535
25	4F42	13	2535
25	4F43	13	2535
25	4F45	13	2535
25	4F46	13	2535
25	4F48	13	2535
25	4F4B	13	2535
25	4F4C	13	2535
25	4F4D	13	2535
25	4F4E	13	2535
25	4F4F	13	2535
25	4F50	13	2535
25	4F51	13	2535
25	4F52	13	2535
25	4F55	13	2535
25	4F56	13	2535
25	4F59	13	2535
25	4F5B	13	2535
25	4F5D	13	2535
25	4F5F	13	2535
25	4F61	78	2535
25	4F62	78	2535
25	4F64	78	2535
25	4F66	78	2535
25	4F68	78	2535
25	4F69	78	2535
25	4F6A	78	2535
25	4F6B	78	2535
25	4F6D	78	2535
25	4F6F	78	2535
25	4F70	78	2535
25	4F71	78	2535
25	4F72	78	2535
25	4F74	13	2535
25	4F77	13	2535
25	4F7A	13	2535
25	4F7B	13	2535
25	4F7D	13	2535
25	4F7E	48585	2535
25	4F80	48585	2535
25	4F82	48585	2535
25	4F84	13	2536
25	4F85	13	2536
25	4F86	13	2536
25	4F87	13	2536
25	4F88	13	2536
25	4F89	13	2536
25	4F8A	13	2536
25	4F8B	13	2536
25	4F8C	13	2536
25	4F8D	13	2536
25	4F8E	13	2536
25	4F8F	13	2536
25	4F90	13	2536
25	4F91	13	2536
25	4F92	13	2536
25	4F93	13	2536
25	4F94	13	2536
25	4F95	13	2536
25	4F96	13	2536
25	4F97	13	2536
25	4F98	13	2536
25	4F99	13	2536
25	4F9A	13	2536
25	4F9B	13	2536
25	4F9C	13	2536
25	4F9D	13	2536
25	4F9E	13	2536
25	4F9F	13	2536
25	4FA0	13	2536
25	4FA1	13	2536
25	4FA2	13	2536
25	4FA3	13	2536
25	4FA4	13	2536
25	4FA5	13	2536
25	4FA6	13	2536
25	4FA7	13	2536
25	4FA8	13	2536
25	4FA9	13	2536
25	4FAA	13	2536
25	4FAB	13	2536
25	4FAC	13	2536
25	4FAD	13	2536
25	4FAF	13	2536
25	4FB1	13	2536
25	4FB3	13	2536
25	4FB4	13	2536
25	4FB5	13	2536
25	4FB7	13	2536
25	4FB9	13	2536
25	4FBB	13	2536
25	4FBC	13	2536
25	4FBF	13	2536
25	4FC2	13	2536
25	4FC3	13	2536
25	4FC5	13	2536
25	4FC7	13	2536
25	4FC9	13	2536
25	4FCA	13	2536
25	4FCB	13	2536
25	4FCC	13	2536
25	4FCE	13	2536
25	4FD0	13	2536
25	4FD2	13	2536
25	4FD3	13	2536
25	4FD4	13	2536
25	4FD5	13	2536
25	4FD6	13	2536
25	4FD8	13	2536
25	4FDA	13	2536
25	4FDC	13	2536
25	4FDD	13	2536
25	4FDE	13	2536
25	4FDF	13	2536
25	4FE1	13	2536
25	4FE3	13	2536
25	4FE5	13	2536
25	4FE6	13	2536
25	4FE7	13	2536
25	4FE8	13	2536
25	4FE9	13	2536
25	4FEB	13	2536
25	4FED	13	2536
25	4FEF	13	2536
25	4FF0	13	2536
25	4FF1	13	2536
25	4FF2	13	2536
25	4FF4	13	2536
25	4FF6	13	2536
25	4FF8	13	2536
25	4FF9	13	2536
25	4FFA	13	2536
25	4FFB	13	2536
25	4FFC	13	2536
25	4FFE	13	2536
25	5000	13	2536
25	5002	13	2536
25	5003	13	2536
25	5004	13	2536
25	5005	13	2536
25	5007	13	2536
25	5009	13	2536
25	500B	13	2536
25	500C	13	2536
25	500D	13	2536
25	500E	13	2536
25	500F	13	2536
25	5010	13	2536
25	5012	13	2536
25	5014	13	2536
25	5016	13	2536
25	5017	13	2536
25	5018	13	2536
25	5019	13	2536
25	501B	13	2536
25	501D	13	2536
25	501F	13	2536
25	5020	13	2536
25	5021	13	2536
25	5022	13	2536
25	5023	13	2536
25	5025	13	2536
25	5027	13	2536
25	5029	13	2536
25	502A	13	2536
25	502B	13	2536
25	502C	13	2536
25	502E	13	2536
25	5030	13	2536
25	5032	13	2536
25	5033	13	2536
25	5034	13	2536
25	5035	13	2536
25	5036	13	2536
25	5037	13	2536
25	5039	13	2536
25	503B	13	2536
25	503D	13	2536
25	503E	13	2536
25	503F	13	2536
25	5040	13	2536
25	5042	13	2536
25	5044	13	2536
25	5046	13	2536
25	5047	13	2536
25	5048	13	2536
25	5049	13	2536
25	504A	13	2536
25	504C	13	2536
25	504E	13	2536
25	5050	13	2536
25	5051	13	2536
25	5052	13	2536
25	5053	13	2536
25	5055	13	2536
25	5057	13	2536
25	5059	13	2536
25	505A	13	2536
25	505B	13	2536
25	505C	13	2536
25	505D	13	2536
25	505E	13	2536
25	5060	13	2536
25	5062	13	2536
25	5064	13	2536
25	5065	13	2536
25	5066	13	2536
25	5067	13	2536
25	5069	13	2536
25	506B	13	2536
25	506D	13	2536
25	506E	13	2536
25	506F	13	2536
25	5070	13	2536
25	5071	13	2536
25	5073	13	2536
25	5075	13	2536
25	5077	13	2536
25	5078	13	2536
25	5079	13	2536
25	507A	13	2536
25	507C	13	2536
25	507E	13	2536
25	5080	13	2536
25	5081	13	2536
25	5082	13	2536
25	5083	13	2536
25	5084	13	2536
25	5085	13	2536
25	5087	13	2536
25	5089	13	2536
25	508B	13	2536
25	508C	13	2536
25	508D	13	2536
25	508E	13	2536
25	5090	13	2536
25	5092	13	2536
25	5094	13	2536
25	5095	13	2536
25	5096	13	2536
25	5097	13	2536
25	5098	13	2536
25	509A	13	2536
25	509C	13	2536
25	509E	13	2536
25	509F	13	2536
25	50A0	13	2536
25	50A1	13	2536
25	50A3	13	2536
25	50A5	13	2536
25	50A7	13	2536
25	50A8	13	2536
25	50A9	13	2536
25	50C2	6	2507
25	50C3	6	2507
25	50C4	6	2507
25	50C5	6	2507
25	50C7	6	2507
25	50C8	6	2507
25	50CA	6	2507
25	50CD	6	2507
25	50CE	6	2507
25	50CF	6	2507
25	50D0	6	2507
25	50D1	6	2507
25	50D2	6	2507
25	50D3	6	2507
25	50D4	6	2507
25	50D7	6	2507
25	50D8	6	2507
25	50DB	6	2507
25	50DD	6	2507
25	50DF	6	2507
25	50E1	6	2507
25	50E3	36	2507
25	50E4	36	2507
25	50E6	36	2507
25	50E8	36	2507
25	50EA	36	2507
25	50EC	36	2507
25	50ED	36	2507
25	50EE	36	2507
25	50EF	36	2507
25	50F1	36	2507
25	50F3	36	2507
25	50F5	36	2507
25	50F6	36	2507
25	50F7	36	2507
25	50F8	36	2507
25	50FA	6	2507
25	50FD	6	2507
25	5100	6	2507
25	5101	6	2507
25	5103	6	2507
25	5104	6	2507
25	5105	6	2507
25	5106	6	2507
25	5107	6	2507
25	5108	6	2507
25	5109	6	2507
25	510A	6	2507
25	510B	6	2507
25	510C	6	2507
25	510D	6	2507
25	510E	6	2507
25	510F	6	2507
25	5110	6	2507
25	5111	6	2507
25	5112	6	2507
25	5113	6	2507
25	5114	6	2507
25	5115	6	2507
25	5116	6	2507
25	5117	6	2507
25	5118	6	2507
25	5119	6	2507
25	511A	6	2507
25	511B	6	2507
25	511C	6	2507
25	511D	6	2507
25	511E	6	2507
25	511F	6	2507
25	5120	6	2507
25	5121	6	2507
25	5122	6	2507
25	5123	6	2507
25	5124	6	2507
25	5125	6	2507
25	5126	6	2507
25	5127	6	2507
25	5128	6	2507
25	5129	6	2507
25	512A	6	2507
25	512B	6	2507
25	512D	6	2507
25	512F	6	2507
25	5131	6	2507
25	5132	6	2507
25	5133	6	2507
25	5135	6	2507
25	5137	6	2507
25	5139	6	2507
25	513A	6	2507
25	513D	6	2507
25	5140	6	2507
25	5141	6	2507
25	5143	6	2507
25	5145	6	2507
25	5147	6	2507
25	5148	6	2507
25	5149	6	2507
25	514A	6	2507
25	514C	6	2507
25	514E	6	2507
25	5150	6	2507
25	5151	6	2507
25	5152	6	2507
25	5153	6	2507
25	5154	6	2507
25	5156	6	2507
25	5158	6	2507
25	515A	6	2507
25	515B	6	2507
25	515C	6	2507
25	515D	6	2507
25	515F	6	2507
25	5161	6	2507
25	5163	6	2507
25	5164	6	2507
25	5165	6	2507
25	5166	6	2507
25	5167	6	2507
25	5169	6	2507
25	516B	6	2507
25	516D	6	2507
25	516E	6	2507
25	516F	6	2507
25	5170	6	2507
25	5172	6	2507
25	5174	6	2507
25	5176	6	2507
25	5177	6	2507
25	5178	6	2507
25	5179	6	2507
25	517A	6	2507
25	517C	6	2507
25	517E	6	2507
25	5180	6	2507
25	5181	6	2507
25	5182	6	2507
25	5183	6	2507
25	5185	6	2507
25	5187	6	2507
25	5189	6	2507
25	518A	6	2507
25	518B	6	2507
25	518C	6	2507
25	518D	6	2507
25	518E	6	2507
25	5190	6	2507
25	5192	6	2507
25	5194	6	2507
25	5195	6	2507
25	5196	6	2507
25	5197	6	2507
25	5199	6	2507
25	519B	6	2507
25	519D	6	2507
25	519E	6	2507
25	519F	6	2507
25	51A0	6	2507
25	51A1	6	2507
25	51A3	6	2507
25	51A5	6	2507
25	51A7	6	2507
25	51A8	6	2507
25	51A9	6	2507
25	51AA	6	2507
25	51AC	6	2507
25	51AE	6	2507
25	51B0	6	2507
25	51B1	6	2507
25	51B2	6	2507
25	51B3	6	2507
25	51B4	6	2507
25	51B5	6	2507
25	51B7	6	2507
25	51B9	6	2507
25	51BB	6	2507
25	51BC	6	2507
25	51BD	6	2507
25	51BE	6	2507
25	51C0	6	2507
25	51C2	6	2507
25	51C4	6	2507
25	51C5	6	2507
25	51C6	6	2507
25	51C7	6	2507
25	51C8	6	2507
25	51CA	6	2507
25	51CC	6	2507
25	51CE	6	2507
25	51CF	6	2507
25	51D0	6	2507
25	51D1	6	2507
25	51D3	6	2507
25	51D5	6	2507
25	51D7	6	2507
25	51D8	6	2507
25	51D9	6	2507
25	51DA	6	2507
25	51DB	6	2507
25	51DC	6	2507
25	51DE	6	2507
25	51E0	6	2507
25	51E2	6	2507
25	51E3	6	2507
25	51E4	6	2507
25	51E5	6	2507
25	51E7	6	2507
25	51E9	6	2507
25	51EB	6	2507
25	51EC	6	2507
25	51ED	6	2507
25	51EE	6	2507
25	51EF	6	2507
25	51F1	6	2507
25	51F3	6	2507
25	51F5	6	2507
25	51F6	6	2507
25	51F7	6	2507
25	51F8	6	2507
25	51FA	6	2507
25	51FC	6	2507
25	51FE	6	2507
25	51FF	6	2507
25	5200	6	2507
25	5201	6	2507
25	5202	6	2507
25	5203	6	2507
25	5205	6	2507
25	5207	6	2507
25	5209	6	2507
25	520A	6	2507
25	520B	6	2507
25	520C	6	2507
25	520E	6	2507
25	5210	6	2507
25	5212	6	2507
25	5213	6	2507
25	5214	6	2507
25	5215	6	2507
25	5216	6	2507
25	5218	6	2507
25	521A	6	2507
25	521C	6	2507
25	521D	6	2507
25	521E	6	2507
25	521F	6	2507
25	5221	6	2507
25	5223	6	2507
25	5225	6	2507
25	5226	6	2507
25	5227	6	2507
25	5240	65	2520
25	5243	618	2520
25	5245	618	2520
25	5247	618	2520
25	524A	618	2520
25	524C	618	2520
25	524E	618	2520
25	5251	618	2520
25	5252	618	2520
25	5254	618	2520
25	5256	566	2520
25	5257	566	2520
25	525D	566	2520
25	525E	566	2520
25	5260	324	2520
25	5263	324	2520
25	5265	324	2520
25	526B	324	2520
25	526C	324	2520
25	526D	324	2520
25	526E	324	2520
25	526F	324	2520
25	5270	324	2520
25	5271	324	2520
25	5272	324	2520
25	5273	324	2520
25	5274	324	2520
25	5277	324	2520
25	527A	324	2520
25	5280	324	2520
25	5281	324	2520
25	5282	324	2520
25	5283	324	2520
25	5284	324	2520
25	5287	324	2520
25	5288	324	2520
25	5289	324	2520
25	528A	324	2520
25	528D	324	2520
25	5293	324	2520
25	5294	324	2520
25	5295	324	2520
25	5296	324	2520
25	5298	324	2520
25	5299	324	2520
25	529A	324	2520
25	529D	324	2520
25	529E	324	2520
25	529F	324	2520
25	52A2	324	2520
25	52A4	324	2520
25	52A6	311	2520
25	52A8	242	2523
25	52A9	242	2523
25	52AA	242	2523
25	52AB	242	2523
25	52AC	242	2523
25	52AD	242	2523
25	52B0	242	2523
25	52B6	242	2523
25	52B7	242	2523
25	52B8	242	2523
25	52B9	242	2523
25	52BC	242	2523
25	52BF	242	2523
25	52C0	242	2523
25	52C3	242	2523
25	52C5	242	2523
25	52C7	242	2523
25	52CA	65	2521
25	52CB	65	2521
25	52CC	65	2521
25	52CD	65	2521
25	52CF	65	2521
25	52D2	65	2521
25	52D8	65	2521
25	52D9	65	2521
25	52DA	65	2521
25	52DB	423	2521
25	52DE	423	2521
25	52E0	423	2521
25	52E1	358	2521
25	52E2	358	2521
25	52E5	358	2521
25	52E8	358	2521
25	52EA	924	2520
25	52EB	924	2520
25	52EC	924	2520
25	52ED	924	2520
25	52F0	924	2520
25	52F6	924	2520
25	52F7	924	2520
25	52F8	924	2520
25	52F9	924	2520
25	52FB	924	2520
25	52FC	924	2520
25	52FD	924	2520
25	52FE	7	2507
25	52FF	7	2507
25	5300	7	2507
25	5303	7	2507
25	5304	7	2507
25	5306	7	2507
25	530E	7	2507
25	5310	7	2507
25	5318	7	2507
25	531A	7	2507
25	5322	7	2507
25	5324	7	2507
25	5325	7	2507
25	5327	1792	2507
25	5328	1792	2507
25	532A	1792	2507
25	532D	1792	2507
25	532E	1792	2507
25	5330	1792	2507
25	5331	1792	2507
25	5332	1792	2507
25	5334	1792	2507
25	5335	1792	2507
25	5336	1792	2507
25	5338	7	2507
25	533A	7	2507
25	533C	7	2507
25	533E	7	2507
25	5341	7	2507
25	5342	7	2507
25	5344	7	2507
25	5345	7	2507
25	5346	7	2507
25	5348	7	2507
25	5349	7	2507
25	534A	7	2507
25	534B	7	2507
25	534C	31	2507
25	534E	31	2507
25	534F	31	2507
25	5351	31	2507
25	5353	31	2507
25	5355	31	2507
25	5356	31	2507
25	5358	31	2507
25	535B	31	2507
25	535E	31	2507
25	5360	31	2507
25	5363	31	2508
25	5366	31	2508
25	5369	31	2508
25	536B	31	2508
25	536E	31	2509
25	5371	31	2509
25	5374	31	2509
25	5376	31	2509
25	5379	31	2510
25	537C	31	2510
25	537F	31	2510
25	5381	31	2510
25	5384	31	2511
25	5385	31	2511
25	5387	31	2511
25	5389	31	2511
25	538A	124	2507
25	538B	124	2507
25	538D	124	2507
25	538E	124	2507
25	5390	124	2507
25	5391	124	2507
25	5393	124	2507
25	5394	124	2507
25	5396	124	2507
25	5399	434234	2507
25	539A	434234	2507
25	539C	434234	2507
25	539E	124	2507
25	53A0	4674	2507
25	53A1	4674	2507
25	53A2	4674	2507
25	53A4	124	2508
25	53A5	124	2508
25	53A7	124	2508
25	53A9	124	2508
25	53AA	18	2507
25	53AB	18	2507
25	53AC	18	2507
25	53AD	18	2507
25	53AE	18	2507
25	53B0	18	2507
25	53B2	18	2507
25	53B5	18	2507
25	53B6	18	2507
25	53B7	18	2507
25	53B8	18	2507
25	53B9	18	2507
25	53BB	18	2507
25	53BD	18	2507
25	53BF	18	2507
25	53C1	18	2507
25	53C4	18	2507
25	53C7	18	2507
25	53CD	18	2507
25	53CE	18	2507
25	53CF	18	2507
25	54A7	1	11575
25	54A8	1	11575
25	54A9	1	11575
25	54AA	1	11575
25	54AB	1	11575
25	54AD	1	11575
25	54AF	1	11575
25	54B1	1	11575
25	54B3	1	11575
25	54B5	1	11575
25	54B8	1	11575
25	54BA	1	11575
25	54BC	1	11575
25	54BF	1	11575
25	54C2	1	11575
25	54C5	292	11575
25	54C6	292	11575
25	54C7	292	11575
25	54C8	292	11575
25	54C9	292	11575
25	54CA	292	11575
25	54CC	1	11575
25	54CD	1	11575
25	54CE	1	11575
25	54D0	1	11575
25	54D2	1	11575
25	54D5	1	11575
25	54D7	1	11575
25	54D9	1	11575
25	54DC	1	11575
25	54DD	1	11575
25	54DE	1	11575
25	54E0	1	11575
25	54E2	1	11575
25	54E5	1	11575
25	54E6	1	11575
25	54E7	1	11575
25	54E8	1	11575
25	54E9	1	11575
25	54EA	1	11575
25	54EB	1	11575
25	54EC	1	11575
25	54ED	1	11575
25	54F0	1	11575
25	54F1	1	11575
25	54F4	1	11575
25	54F6	64	11575
25	54F7	64	11575
25	54F8	64	11575
25	54F9	64	11575
25	54FA	64	11575
25	54FC	1	11575
25	54FD	1	11575
25	5500	1	11575
25	5501	1	11575
25	5504	1	11575
25	5506	16	11575
25	5507	16	11575
25	5508	16	11575
25	5509	16	11575
25	550A	16	11575
25	550C	1	11575
25	550D	1	11575
25	550F	1	11575
25	5511	1	11575
25	5513	1	11575
25	5515	1	11575
25	5518	1	11575
25	5519	1	11575
25	551C	1	11575
25	551D	1	11575
25	5520	1	11575
25	5521	1	11575
25	5523	1	11575
25	5527	1	11575
25	552D	1	12297
25	552F	1	12297
25	5531	1	12297
25	5532	1	12297
25	5536	1	12297
25	553C	1	13107
25	553E	1	13107
25	5540	1	13107
25	5546	1	15848
25	5548	1	15848
25	554A	1	15848
25	554C	1	15848
25	554E	1	15848
25	554F	1	15848
25	5550	1	15848
25	5551	1	15848
25	5553	1	15848
25	5555	1	15848
25	5557	1	15848
25	555A	1	15848
25	555B	1	15848
25	5581	13	2511
25	5582	13	2511
25	5583	13	2511
25	5584	13	2511
25	5586	13	2511
25	5588	13	2511
25	5589	13	2511
25	558B	13	2511
25	558E	13	2511
25	558F	13	2511
25	5592	13	2511
25	5594	294466	2511
25	5596	294466	2511
25	5598	294466	2511
25	559A	832	2520
25	559B	832	2520
25	559C	832	2520
25	559D	832	2520
25	559E	832	2520
25	55A0	13	2520
25	55A3	13	2520
25	55A6	13	2520
25	55A9	13	2520
25	55AC	13	2520
25	55AF	13	2520
25	55B2	13	2520
25	55B5	13	2520
25	55B8	13	2520
25	55BB	13	2520
25	55BE	13	2520
25	55C1	13	2520
25	55C4	13	2520
25	55C5	13	2520
25	55C6	13	2520
25	55C9	13	2520
25	55CA	13	2520
25	55CC	13	2520
25	55CE	13	2520
25	55D0	13	2520
25	55D2	13	2520
25	55D4	13	2520
25	55D6	13	2520
25	55D8	13	2520
25	55DA	10	2520
25	55DD	10	2520
25	55E0	10	2520
25	55E2	10	2520
25	55E4	10	2520
25	55EA	10	2520
25	55ED	10	2520
25	55F0	10	2520
25	55F3	13	2520
25	55F6	13	2520
25	55F9	13	2520
25	55FB	13	2520
25	55FD	13	2520
25	5603	13	2520
25	5606	13	2520
25	5609	13	2520
25	560C	13	2520
25	560F	13	2520
25	5612	13	2520
25	5614	13	2520
25	5616	13	2520
25	561C	13	2520
25	561F	13	2520
25	5622	13	2520
25	5625	13	2520
25	5628	13	2520
25	562B	13	2520
25	562D	13	2520
25	562F	13	2520
25	5635	13	2520
25	5638	13	2520
25	563B	13	2520
25	563E	13	2520
25	563F	13	2520
25	5640	13	2520
25	5641	19	2520
25	5642	19	2520
25	5643	19	2520
25	5646	19	2520
25	5649	19	2520
25	564C	19	2520
25	564F	19	2520
25	5652	19	2520
25	5655	19	2520
25	5658	19	2520
25	565B	19	2520
25	565E	19	2520
25	5661	19	2520
25	5664	19	2520
25	5667	19	2520
25	5668	19	2520
25	5669	19	2520
25	566C	19	2520
25	566D	19	2520
25	566F	19	2520
25	5672	19	2520
25	5674	19	2520
25	5677	19	2520
25	5679	19	2520
25	567C	19	2520
25	567E	19	2520
25	5681	16	2520
25	5682	16	2520
25	5685	16	2520
25	5688	16	2520
25	568A	16	2520
25	568C	16	2520
25	5692	16	2520
25	5693	16	2520
25	5694	16	2520
25	5696	16	2520
25	5699	16	2520
25	569A	16	2520
25	569C	11	2520
25	569F	11	2520
25	56A2	11	2520
25	56A4	11	2520
25	56A6	11	2520
25	56AC	16	2520
25	56AF	16	2520
25	56B2	16	2520
25	56B5	16	2520
25	56B6	19	2520
25	56B7	19	2520
25	56BA	19	2520
25	56BD	19	2520
25	56BF	19	2520
25	56C1	19	2520
25	56C7	19	2520
25	56C8	19	2520
25	56C9	19	2520
25	56CB	19	2520
25	56CE	19	2520
25	56CF	19	2520
25	56D1	8	2520
25	56D4	8	2520
25	56D7	8	2520
25	56D9	8	2520
25	56DB	8	2520
25	56E1	19	2520
25	56E4	19	2520
25	56E7	19	2520
25	56EA	19	2520
25	56EB	19	2520
25	56EC	19	2520
25	56EF	19	2520
25	56F2	19	2520
25	56F4	19	2520
25	56F6	19	2520
25	56FC	19	2520
25	56FD	19	2520
25	56FE	19	2520
25	5700	19	2520
25	5703	19	2520
25	5704	19	2520
25	5706	5	2520
25	5709	5	2520
25	570C	5	2520
25	570E	5	2520
25	5710	5	2520
25	5716	19	2520
25	5719	19	2520
25	571C	19	2520
25	571F	19	2520
25	5720	19	2520
25	5721	19	2520
25	5724	19	2520
25	5727	19	2520
25	5729	19	2520
25	572B	19	2520
25	5731	19	2520
25	5732	19	2520
25	5733	19	2520
25	5735	19	2520
25	5738	19	2520
25	5739	19	2520
25	573B	2	2520
25	573E	2	2520
25	5741	2	2520
25	5743	2	2520
25	5745	2	2520
25	574B	19	2520
25	574E	19	2520
25	5751	19	2520
25	5754	19	2520
25	5755	19	2520
25	5756	19	2520
25	5758	19	2520
25	575B	14	4675
25	575D	14	4675
25	5760	8	5725
25	5762	8	5725
25	5765	3	6763
25	5766	3	6763
25	5769	3	6763
25	576C	3	6763
25	576E	3	6763
25	5770	3	6763
25	5776	3	6763
25	5777	3	6763
25	5778	3	6763
25	577A	3	6763
25	577D	3	6763
25	577E	3	6763
25	5780	2	6763
25	5783	2	6763
25	5786	2	6763
25	5788	2	6763
25	578A	2	6763
25	5790	3	6763
25	5793	3	6763
25	5796	3	6763
25	5799	3	6763
25	579A	3	6763
25	579D	5	5725
25	579E	5	5725
25	57A1	5	5725
25	57A4	5	5725
25	57A6	5	5725
25	57A8	5	5725
25	57AE	5	5725
25	57AF	5	5725
25	57B0	5	5725
25	57B2	5	5725
25	57B5	5	5725
25	57B6	5	5725
25	57B8	2	5725
25	57BB	2	5725
25	57BE	2	5725
25	57C0	2	5725
25	57C2	2	5725
25	57C8	5	5725
25	57CB	5	5725
25	57CE	5	5725
25	57D1	5	5725
25	57D2	5	5725
25	57D5	6	4675
25	57D6	6	4675
25	57D9	6	4675
25	57DC	6	4675
25	57DE	6	4675
25	57E0	6	4675
25	57E6	6	4675
25	57E7	6	4675
25	57E8	6	4675
25	57EA	6	4675
25	57ED	6	4675
25	57EE	6	4675
25	57F0	2	4675
25	57F3	2	4675
25	57F6	2	4675
25	57F8	2	4675
25	57FA	2	4675
25	5800	6	4675
25	5803	6	4675
25	5806	6	4675
25	5809	6	4675
25	580A	6	4675
25	580D	5	2520
25	580E	5	2520
25	5811	5	2520
25	5814	5	2520
25	5816	5	2520
25	5818	5	2520
25	581E	5	2520
25	581F	5	2520
25	5820	5	2520
25	5822	5	2520
25	5825	5	2520
25	5826	5	2520
25	5828	2	2520
25	582B	2	2520
25	582E	2	2520
25	5830	2	2520
25	5832	2	2520
25	5838	5	2520
25	583B	5	2520
25	583E	5	2520
25	5841	5	2520
25	5842	5	2520
25	5845	19	2520
25	5846	19	2520
25	5847	19	2520
25	5848	92	2520
25	5849	92	2520
25	584A	92	2520
25	584C	92	2520
25	584E	92	2520
25	5850	92	2520
25	5852	92	2520
25	5855	92	2520
25	5857	92	2520
25	5859	92	2520
25	585C	92	2520
25	585F	92	2520
25	5860	92	2520
25	5861	92	2520
25	5862	92	2520
25	5863	92	2520
25	5866	92	2520
25	5867	92	2520
25	5868	92	2520
25	586A	92	2520
25	586C	34	2520
25	586E	34	2520
25	586F	58	4064
25	5870	58	4064
25	5889	7	3094
25	588A	7	3094
25	588B	7	3094
25	588C	7	3094
25	588E	7	3094
25	588F	7	3094
25	5891	7	3094
25	5894	7	3094
25	5895	7	3094
25	5896	7	3094
25	5897	7	3094
25	5898	7	3094
25	5899	7	3094
25	589A	7	3094
25	589D	7	3094
25	589F	7	3094
25	58A1	7	3094
25	58A3	119843	3094
25	58A5	119843	3094
25	58A7	119843	3094
25	58A9	140	3098
25	58AA	140	3098
25	58AB	140	3098
25	58AC	140	3098
25	58AD	140	3098
25	58AF	7	3098
25	58B0	7	3098
25	58B1	7	3098
25	58B4	7	3098
25	58B5	7	3098
25	58B8	7	3098
25	58BA	140	3098
25	58BB	140	3098
25	58BC	140	3098
25	58BD	140	3098
25	58BE	140	3098
25	58C0	7	3098
25	58C1	7	3098
25	58C2	7	3098
25	58C5	7	3098
25	58C6	7	3098
25	58C9	7	3098
25	58CB	7	3098
25	58CD	7	3098
25	58CF	7	3098
25	58D1	140	3098
25	58D2	140	3098
25	58D3	140	3098
25	58D4	140	3098
25	58D5	140	3098
25	58D7	7	3098
25	58D8	7	3098
25	58DB	7	3098
25	58DD	140	3098
25	58DE	140	3098
25	58DF	140	3098
25	58E0	140	3098
25	58E1	140	3098
25	58E3	7	3098
25	58E4	7	3098
25	58E5	7	3098
25	58E6	7	3098
2A	4000	1	3319
2A	4001	1	3319
2A	4003	1	3319
2A	4004	1	3319
2A	4006	1	3319
2A	4008	1	3319
2A	400A	1	3319
2A	400C	1	3319
2A	400F	1	3319
2A	4011	1	3319
2A	4014	1	3319
2A	4015	1	3319
2A	4017	1	3319
2A	4019	1	3319
2A	401A	1	3319
2A	401B	1	3319
2A	4021	1	3319
2A	4022	1	3319
2A	4023	1	3319
2A	4024	1	3319
2A	4027	78	3363
2A	4028	78	3363
2A	402E	78	3363
2A	4031	78	3364
2A	4037	78	3364
2A	4038	78	3364
2A	403A	78	3364
2A	403C	78	3364
2A	403E	1	3441
2A	4041	1	3442
2A	4043	1	3442
2A	4045	1	3442
2A	4046	1	3442
2A	4049	1	3451
2A	404C	1	3451
2A	404D	1	3451
2A	4050	1	3459
2A	4056	1	3463
2A	4058	60	3463
2A	4059	60	3463
2A	405F	60	3463
2A	4062	60	3463
2A	4063	60	3463
2A	4064	60	3463
2A	4066	1	3522
2A	406C	1	3522
2A	406F	1	3523
2A	4075	1	3538
2A	4076	1	3538
2A	4077	1	3538
2A	4078	1	3538
2A	4079	77	3364
2A	407B	77	3364
2A	407D	77	3364
2A	40A8	77	3364
2A	40AA	77	3364
2A	40AC	77	3364
2A	40AF	77	3364
2A	40B1	77	3364
2A	40B3	77	3364
2A	40B6	77	3364
2A	40B8	77	3364
2A	4105	1	3319
2A	4106	1	3319
2A	410C	1	3319
2A	4112	1	3319
2A	4118	1	3321
2A	411B	1	3321
2A	411E	1	3321
2A	4121	1	3321
2A	4123	1	3321
2A	4129	1	3321
2A	412C	1	3321
2A	412F	1	3321
2A	4132	1	3321
2A	4134	1	3321
2A	413A	1	3321
2A	413D	1	3321
2A	4140	1	3321
2A	4142	1	3321
2A	4144	1	3321
2A	4146	1	3321
2A	414C	1	3322
2A	414F	1	3322
2A	4152	1	3322
2A	4154	1	3322
2A	4156	1	3322
2A	4158	1	3322
2A	415E	1	3323
2A	4161	1	3323
2A	4164	1	3323
2A	4166	1	3323
2A	4168	1	3323
2A	416A	1	3323
2A	4170	1	3324
2A	4173	1	3324
2A	4176	1	3324
2A	4179	1	3324
2A	417B	1	3324
2A	4181	1	3324
2A	4183	1	3324
2A	4186	1	3325
2A	4189	1	3333
2A	418B	1	3333
2A	418D	1	3333
2A	418F	1	3333
2A	4192	1	3334
2A	4195	1	3334
2A	4197	1	3334
2A	4199	1	3334
2A	419C	1	3341
2A	419D	1	3341
2A	419E	1	3341
2A	419F	1	3341
2A	41A1	1	3341
2A	41A3	1	3341
2A	41A6	1	3341
2A	41A7	1	3341
2A	41A8	1	3341
2A	41A9	1	3341
2A	41AA	1	3341
2A	41AB	1	3341
2A	41AC	1	3341
2A	41AF	1	3341
2A	41B0	1	3341
2A	41B3	1	3341
2A	41B6	1	3341
2A	41B8	1	3341
2A	41BA	1	3341
2A	41BD	1	3341
2A	41BF	1	3341
2A	41C1	1	3341
2A	41C4	1	3341
2A	41C7	1	3342
2A	41C8	1	3342
2A	41C9	1	3342
2A	41CF	1	3346
2A	41D5	1	3346
2A	41D8	1	3347
2A	41DE	1	3363
2A	41DF	1	3363
2A	41E1	1	3363
2A	41E2	1	3363
2A	41E4	1	3363
2A	41E6	1	3363
2A	41E8	1	3363
2A	41EA	1	3363
2A	41ED	1	3363
2A	41EF	1	3363
2A	41F2	1	3363
2A	41F3	1	3363
2A	41F5	1	3363
2A	41F7	1	3363
2A	41F8	1	3363
2A	41FE	1	3363
2A	41FF	1	3363
2A	4201	1	3363
2A	4202	1	3363
2A	4204	1	3363
2A	4206	1	3363
2A	4209	1	3363
2A	420C	1	3363
2A	420D	1	3363
2A	420F	1	3363
2A	4210	1	3363
2A	4211	1	3363
2A	4213	1	3363
2A	422C	2	3325
2A	422D	2	3325
2A	422F	2	3325
2A	4231	2	3325
2A	4234	2	3325
2A	4236	2	3325
2A	4238	2	3325
2A	423B	2	3325
2A	423C	2	3325
2A	423E	12	3325
2A	423F	12	3325
2A	4240	12	3325
2A	4241	12	3325
2A	4242	12	3325
2A	4243	12	3325
2A	4245	12	3325
2A	4247	12	3325
2A	424A	12	3325
2A	424B	12	3325
2A	424C	12	3325
2A	424D	12	3325
2A	424E	12	3325
2A	424F	12	3325
2A	4250	12	3325
2A	4251	12	3325
2A	4254	12	3325
2A	4255	12	3325
2A	4256	12	3325
2A	4257	42	3325
2A	4258	42	3325
2A	425A	30	3326
2A	425C	30	3326
2A	425E	12	3325
2A	4260	12	3325
2A	4261	12	3325
2A	4263	12	3325
2A	4265	12	3325
2A	426B	12	3326
2A	426C	12	3326
2A	426D	12	3326
2A	426E	12	3326
2A	426F	12	3326
2A	4270	12	3326
2A	4272	2	3333
2A	4273	2	3333
2A	4280	2	3334
2A	4281	2	3334
2A	4283	2	3334
2A	4285	2	3334
2A	4288	2	3334
2A	428A	2	3334
2A	428C	2	3334
2A	428F	2	3334
2A	4290	2	3334
2A	4291	2	3334
2A	4293	2	3334
2A	4295	2	3334
2A	4296	2	3334
2A	4297	2	3334
2A	4298	2	3334
2A	429A	2	3334
2A	429C	2	3334
2A	429F	2	3334
2A	42A0	2	3334
2A	42A1	2	3334
2A	42A2	2	3334
2A	42A3	2	3334
2A	42A4	2	3334
2A	42A5	2	3334
2A	42A6	2	3334
2A	42A9	2	3334
2A	42AA	2	3334
2A	42AB	2	3334
2A	42AC	2	3334
2A	42AD	2	3334
2A	42B3	2	3334
2A	42B5	2	3334
2A	42B6	2	3334
2A	42B8	2	3334
2A	42BA	2	3334
2A	42C0	2	3336
2A	42C1	2	3336
2A	42C3	2	3336
2A	42C4	2	3336
2A	42C6	2	3336
2A	42C8	2	3336
2A	42C9	2	3336
2A	42CA	2	3336
2A	42CC	2	3336
2A	42CE	2	3336
2A	42D1	2	3336
2A	42D2	2	3336
2A	42D3	2	3336
2A	42D4	2	3336
2A	42D5	2	3336
2A	42D6	2	3336
2A	42D7	2	3336
2A	42D8	2	3336
2A	42D9	2	3336
2A	42DC	2	3336
2A	42DD	2	3336
2A	42DE	2	3336
2A	42DF	2	3336
2A	42E0	2	3336
2A	42E6	2	3336
2A	42E8	2	3336
2A	42E9	2	3336
2A	42EB	2	3336
2A	42ED	2	3336
2A	42F3	2	3337
2A	42F4	2	3337
2A	42F6	2	3337
2A	42FC	2	3341
2A	42FD	2	3341
2A	42FE	2	3341
2A	42FF	2	3341
2A	4301	2	3341
2A	4304	2	3341
2A	4305	2	3341
2A	4312	1	3441
2A	4314	1	3441
2A	4316	1	3441
2A	4319	1	3441
2A	431B	1	3441
2A	431D	1	3441
2A	4320	1	3441
2A	4321	1	3441
2A	4323	1	3441
2A	4325	1	3441
2A	4328	1	3441
2A	4329	1	3441
2A	432A	1	3441
2A	432B	1	3441
2A	432C	1	3441
2A	432D	1	3441
2A	4330	1	3441
2A	4331	1	3441
2A	4332	1	3441
2A	4333	1	3441
2A	4334	1	3441
2A	4335	1	3441
2A	4337	1	3441
2A	43A5	1	3441
2A	43A6	1	3441
2A	43A7	1	3441
2A	43A9	1	3441
2A	43AA	1	3441
2A	43AC	1	3441
2A	43AE	1	3441
2A	43B1	1	3441
2A	43B4	1	3441
2A	43B5	1	3441
2A	43B7	1	3441
2A	43B8	1	3441
2A	43B9	1	3441
2A	43BA	1	3441
2A	43BB	1	3441
2A	43BD	1	3441
2A	43BF	1	3441
2A	43C2	1	3441
2A	43C3	1	3441
2A	43C4	1	3441
2A	43C5	1	3441
2A	43C6	1	3441
2A	43C7	1	3441
2A	43C8	1	3441
2A	43CB	1	3441
2A	43CC	1	3441
2A	43CD	1	3441
2A	43CE	1	3441
2A	43CF	1	3441
2A	43D1	1	3441
2A	43D3	1	3441
2A	43D6	1	3441
2A	43D7	1	3441
2A	43D8	1	3441
2A	43D9	1	3441
2A	43DA	1	3441
2A	43DB	1	3441
2A	43DC	1	3441
2A	43DD	1	3441
2A	43DE	1	3441
2A	43E0	1	3441
2A	43E2	1	3441
2A	43E4	1	3441
2A	43E7	16	3441
2A	43E9	16	3441
2A	43EB	16	3441
2A	43EE	16	3441
2A	43EF	16	3441
2A	43F0	16	3441
2A	43F2	16	3441
2A	43F4	16	3441
2A	43F7	16	3441
2A	43F8	16	3441
2A	43F9	16	3441
2A	43FA	16	3441
2A	43FB	16	3441
2A	43FD	1	3441
2A	43FE	1	3441
2A	4400	1	3441
2A	4402	1	3441
2A	4405	1	3441
2A	4407	1	3441
2A	4409	1	3441
2A	440C	1	3441
2A	440D	1	3441
2A	440E	1	3441
2A	4410	1	3441
2A	4412	1	3441
2A	4415	1	3441
2A	4416	1	3441
2A	4417	1	3441
2A	4418	1	3441
2A	4419	1	3441
2A	441A	1	3441
2A	441B	1	3441
2A	441E	1	3441
2A	441F	1	3441
2A	4420	1	3441
2A	4421	1	3441
2A	4422	1	3441
2A	4424	1	3441
2A	4426	1	3441
2A	4429	1	3441
2A	442A	1	3441
2A	442B	1	3441
2A	442C	1	3441
2A	442D	1	3441
2A	442E	1	3441
2A	4431	1	3441
2A	4432	1	3441
2A	4433	1	3441
2A	4434	1	3441
2A	4435	1	3441
2A	4436	1	3441
2A	4437	1	3441
2A	4439	1	3441
2A	443B	1	3441
2A	443D	1	3441
2A	4440	64	3441
2A	4442	64	3441
2A	4444	64	3441
2A	4447	64	3441
2A	4448	64	3441
2A	4449	64	3441
2A	444B	64	3441
2A	444D	64	3441
2A	4450	64	3441
2A	4451	64	3441
2A	4452	64	3441
2A	4453	64	3441
2A	4454	64	3441
2A	4456	1	3441
2A	4457	1	3441
2A	445D	1	3442
2A	445E	1	3442
2A	4483	1	3341
2A	4485	1	3341
2A	4488	5	3341
2A	448A	5	3341
2A	448C	5	3341
2A	448E	5	3341
2A	448F	5	3341
2A	4491	5	3341
2A	4494	4	3341
2A	4496	4	3341
2A	4498	4	3341
2A	4499	4	3341
2A	449F	4	3341
2A	44A0	4	3341
2A	44A2	4	3341
2A	44A5	4	3341
2A	44A7	4	3341
2A	44AD	4	3341
2A	44AE	4	3341
2A	44AF	4	3341
2A	44B0	4	3341
2A	44B1	4	3341
2A	44B2	4	3341
2A	44B3	4	3341
2A	44B4	4	3341
2A	44B5	4	3341
2A	44B6	4	3341
2A	44B9	4	3341
2A	44BC	4	3341
2A	44C2	4	3341
2A	44C3	4	3341
2A	44C4	4	3341
2A	44C5	4	3341
2A	44C6	4	3341
2A	44C9	4	3341
2A	44CA	4	3341
2A	44CB	4	3341
2A	44CC	4	3341
2A	44CF	4	3341
2A	44D5	4	3341
2A	44D6	4	3341
2A	44D7	4	3341
2A	44D8	4	3341
2A	44DA	4	3341
2A	44DB	4	3341
2A	44DC	4	3341
2A	44DF	4	3341
2A	44E0	4	3341
2A	44E1	4	3341
2A	44E4	4	3341
2A	44E6	4	3341
2A	44E8	4	3341
2A	4527	1	3342
2A	4528	1	3342
2A	4529	1	3342
2A	452A	1	3342
2A	452C	1	3342
2A	452F	1	3342
2A	4535	1	3342
2A	4536	1	3342
2A	4537	1	3342
2A	4538	9	3342
2A	453B	9	3342
2A	453D	9	3342
2A	453E	8	3342
2A	453F	8	3342
2A	4542	8	3342
2A	4545	8	3342
2A	4547	4	3341
2A	4548	4	3341
2A	4549	4	3341
2A	454A	4	3341
2A	454D	4	3341
2A	4553	4	3341
2A	4554	4	3341
2A	4555	4	3341
2A	4556	4	3341
2A	4558	4	3341
2A	4559	4	3341
2A	455A	4	3341
2A	455B	8	3342
2A	455C	8	3342
2A	455D	8	3342
2A	455E	8	3342
2A	4560	8	3342
2A	4562	8	3342
2A	4565	8	3342
2A	456B	8	3342
2A	456C	8	3342
2A	456D	8	3342
2A	456E	8	3342
2A	4570	8	3342
2A	4571	8	3342
2A	4572	8	3342
2A	4573	2	3333
2A	4574	2	3333
2A	4575	2	3333
2A	4577	2	3333
2A	4579	2	3333
2A	457B	2	3333
2A	457C	2	3333
2A	457D	2	3333
2A	4580	2	3333
2A	4583	2	3333
2A	4585	2	3333
2A	4587	2	3333
2A	458D	2	3333
2A	458E	2	3333
2A	458F	2	3333
2A	4591	2	3333
2A	4594	2	3333
2A	4595	2	3333
2A	4597	1	3451
2A	459A	1	3451
2A	459D	1	3451
2A	459F	1	3451
2A	45A1	1	3451
2A	45A7	2	3333
2A	45A8	2	3333
2A	45A9	2	3333
2A	45AC	2	3333
2A	45AF	2	3333
2A	45B1	2	3333
2A	45B3	2	3333
2A	45B9	2	3333
2A	45BA	2	3333
2A	45BB	2	3333
2A	45BD	2	3333
2A	45C0	2	3333
2A	45C1	2	3333
2A	45D3	2	3333
2A	45D4	2	3333
2A	45D5	2	3333
2A	45D8	2	3333
2A	45DB	2	3333
2A	45DD	2	3333
2A	45DF	2	3333
2A	45E5	2	3333
2A	45E6	2	3333
2A	45E7	2	3333
2A	45E9	2	3333
2A	45EC	2	3333
2A	45ED	2	3333
2A	45FF	2	3333
2A	4600	2	3333
2A	4601	2	3333
2A	4604	2	3333
2A	4607	2	3333
2A	4609	2	3333
2A	460B	2	3333
2A	4611	2	3333
2A	4612	2	3333
2A	4613	2	3333
2A	4615	2	3333
2A	4618	2	3333
2A	4619	2	3333
2A	462B	2	3333
2A	462C	2	3333
2A	462D	2	3333
2A	4630	2	3333
2A	4633	2	3333
2A	4635	2	3333
2A	4637	2	3333
2A	463D	2	3333
2A	463E	2	3333
2A	463F	2	3333
2A	4641	2	3333
2A	4644	2	3333
2A	4645	2	3333
2A	4657	2	3333
2A	4658	2	3333
2A	4659	2	3333
2A	465C	2	3333
2A	465F	2	3333
2A	4661	2	3333
2A	4663	2	3333
2A	4669	2	3333
2A	466A	2	3333
2A	466B	2	3333
2A	466D	2	3333
2A	4670	2	3333
2A	4671	2	3333
2A	4683	2	3333
2A	4684	2	3333
2A	4685	2	3333
2A	4686	2	3333
2A	4688	2	3333
2A	468B	2	3333
2A	468C	2	3333
2A	46A3	2	3333
2A	46A4	2	3333
2A	46A7	2	3333
2A	46AA	2	3333
2A	46AC	2	3333
2A	46AE	2	3333
2A	46B4	2	3333
2A	46B5	2	3333
2A	46B6	2	3333
2A	46B8	2	3333
2A	46BB	2	3333
2A	46BC	2	3333
2A	46BE	1	3451
2A	46C1	1	3451
2A	46C4	1	3451
2A	46C6	1	3451
2A	46C8	1	3451
2A	46CE	2	3333
2A	46CF	2	3333
2A	47BD	2	3333
2A	47BF	2	3333
2A	47C2	2	3333
2A	47C4	2	3333
2A	47C7	2	3333
2A	47C9	2	3333
2A	47CC	2	3333
2A	47CE	2	3333
2A	47D1	2	3333
2A	47D3	2	3333
2A	47D6	2	3333
2A	47D8	2	3333
2A	47DB	2	3333
2A	47DD	2	3333
2A	47E0	2	3333
2A	47E2	2	3333
2A	47E5	2	3333
2A	47E7	2	3333
2A	47EA	2	3333
2A	47EC	2	3333
2A	47EF	2	3333
2A	47F1	2	3333
2A	47F4	2	3333
2A	47F6	2	3333
2A	47F9	2	3333
2A	47FB	2	3333
2A	47FE	2	3333
2A	4800	2	3333
2A	4803	2	3333
2A	4804	2	3333
2A	4806	2	3333
2A	4808	2	3333
2A	480B	2	3334
2A	480C	15	3333
2A	480D	15	3333
2A	480E	15	3333
2A	4810	15	3333
2A	4812	15	3333
2A	4815	15	3333
2A	4817	15	3333
2A	4819	15	3333
2A	481C	15	3333
2A	481D	15	3333
2A	481E	15	3333
2A	4820	15	3333
2A	4822	15	3333
2A	4825	15	3333
2A	4826	15	3333
2A	4827	15	3333
2A	4828	15	3333
2A	4829	15	3333
2A	482A	15	3333
2A	482D	15	3333
2A	482E	15	3333
2A	482F	15	3333
2A	4831	15	3333
2A	4833	2	3451
2A	4835	2	3451
2A	4836	2	3451
2A	4837	13	3333
2A	4839	13	3333
2A	483A	13	3333
2A	4847	1	3333
2A	4848	1	3333
2A	4849	1	3333
2A	484B	1	3333
2A	4867	1	3333
2A	486A	1	3333
2A	486D	1	3333
2A	486F	1	3333
2A	4871	1	3333
2A	4877	1	3333
2A	4879	1	3333
2A	487C	1	3333
2A	487D	1	3333
2A	488F	1	3333
2A	4891	1	3333
2A	4894	1	3333
2A	4896	1	3333
2A	4899	1	3333
2A	49A5	1	3333
2A	49A7	1	3333
2A	49A9	1	3333
2A	49AA	1	3333
2A	49B0	1	3334
2A	49B6	1	3334
2A	49B9	1	3334
2A	49BA	1	3334
2A	49BC	1	3334
2A	49BE	1	3334
2A	49C0	1	3334
2A	49C1	1	3334
2A	49C3	1	3334
2A	49C4	1	3334
2A	49C5	1	3334
2A	49C6	1	3334
2A	49C7	1	3334
2A	49CA	1	3334
2A	49CC	1	3334
2A	49CE	1	3334
2A	49D0	1	3334
2A	49D2	1	3334
2A	49D5	1	3334
2A	49D8	1	3334
2A	49DE	1	3334
2A	49E1	1	3334
2A	49E3	1	3334
2A	49E5	1	3334
2A	49E7	1	3334
2A	49E9	1	3334
2A	49EC	1	3334
2A	49EF	1	3334
2A	49F5	1	3334
2A	49F8	1	3334
2A	49FA	1	3334
2A	49FC	1	3334
2A	49FE	1	3334
2A	4A00	1	3334
2A	4A03	1	3334
2A	4A06	1	3334
2A	4A0C	1	3334
2A	4A0F	1	3334
2A	4A11	1	3334
2A	4A13	1	3334
2A	4A15	1	3334
2A	4A17	1	3334
2A	4A1A	1	3334
2A	4A1D	1	3334
2A	4A23	1	3334
2A	4A26	1	3334
2A	4A28	1	3334
2A	4A2A	1	3334
2A	4A2C	1	3334
2A	4A2E	1	3334
2A	4A31	1	3334
2A	4A34	1	3334
2A	4A3A	1	3334
2A	4A3B	1	3334
2A	4A3C	1	3334
2B	6482	6	3204
2B	6483	6	3204
2B	6484	6	3204
2B	6486	6	3204
2B	6487	6	3204
2B	6489	6	3204
2B	648B	6	3204
2B	648D	6	3204
2B	648F	6	3204
2B	6492	6	3204
2B	6494	6	3204
2B	6497	6	3204
2B	6498	6	3204
2B	649A	6	3204
2B	649C	6	3204
2B	649D	6	3204
2B	64A3	6	3204
2B	64A4	6	3204
2B	64A7	372	3241
2B	64A8	372	3241
2B	64AE	372	3241
2B	64B1	372	3242
2B	64B7	372	3242
2B	64B8	372	3242
2B	64BA	372	3242
2B	64BC	372	3242
2B	64BF	5	3638
2B	64C0	5	3638
2B	64C1	5	3638
2B	64C3	5	3638
2B	64C4	5	3638
2B	64C6	5	3638
2B	64C8	5	3638
2B	64CB	5	3638
2B	64CE	5	3638
2B	64CF	5	3638
2B	64D1	5	3638
2B	64D2	5	3638
2B	64D3	5	3638
2B	64D4	5	3638
2B	64DA	5	3638
2B	64DD	5	3639
2B	64E3	5	3654
2B	64E4	5	3654
2B	64EA	5	3788
2B	64EC	5	3788
2B	64EF	4	4042
2B	64F0	4	4042
2B	6548	367	3242
2B	654A	367	3242
2B	654C	367	3242
2B	6574	367	3242
2B	6576	367	3242
2B	6578	367	3242
2B	657A	1	3303
2B	657B	1	3303
2B	657C	1	3303
2B	657E	1	3303
2B	657F	1	3303
2B	6581	1	3303
2B	6583	1	3303
2B	6586	1	3303
2B	6589	1	3303
2B	658A	1	3303
2B	658C	1	3303
2B	658D	1	3303
2B	658E	1	3303
2B	658F	1	3303
2B	6595	1	3303
2B	6598	1	3304
2B	659E	1	3319
2B	659F	1	3319
2B	65A5	1	3538
2B	65A8	366	3242
2B	65AB	6	3204
2B	65AC	6	3204
2B	65B2	6	3204
2B	65B8	6	3204
2B	65BE	6	3206
2B	65C4	6	3207
2B	65C7	6	3207
2B	65C9	6	3207
2B	65CB	6	3207
2B	65CD	6	3207
2B	65CF	6	3207
2B	65D2	384	3207
2B	65D3	384	3207
2B	65D4	384	3207
2B	65D5	384	3207
2B	65D7	6	3207
2B	65DA	6	3207
2B	65E0	6	3207
2B	65E3	6	3207
2B	65E6	6	3207
2B	65E9	6	3207
2B	65EC	6	3207
2B	65EE	6	3207
2B	65F4	6	3207
2B	65F7	6	3207
2B	65FA	6	3207
2B	65FD	6	3207
2B	65FF	6	3207
2B	6601	6	3207
2B	6603	6	3207
2B	6609	6	3207
2B	660C	6	3207
2B	660F	6	3207
2B	6612	6	3207
2B	6615	6	3207
2B	6617	6	3207
2B	661D	6	3207
2B	6620	6	3207
2B	6623	6	3207
2B	6626	6	3207
2B	6628	6	3207
2B	662A	6	3207
2B	662C	6	3207
2B	6632	6	3207
2B	6635	6	3207
2B	6638	6	3207
2B	663B	6	3207
2B	663D	6	3207
2B	663F	6	3207
2B	6641	6	3207
2B	6647	6	3207
2B	664A	6	3207
2B	664D	6	3207
2B	6650	6	3207
2B	6653	6	3207
2B	6655	6	3207
2B	665B	6	3207
2B	665E	6	3207
2B	6660	6	3207
2B	6663	6	3207
2B	6666	6	3207
2B	6669	6	3207
2B	666C	6	3207
2B	666E	6	3207
2B	6670	6	3207
2B	6676	6	3207
2B	6679	6	3207
2B	667C	6	3207
2B	667F	6	3207
2B	6682	6	3207
2B	6685	6	3207
2B	6688	6	3207
2B	668A	6	3207
2B	668C	6	3207
2B	6692	6	3207
2B	6695	6	3207
2B	6698	6	3207
2B	669B	6	3207
2B	669C	6	3207
2B	669E	6	3207
2B	66A0	6	3207
2B	66A3	6	3207
2B	66A5	6	3207
2B	66A7	6	3207
2B	66A9	6	3207
2B	66AC	6	3207
2B	66AF	6	3207
2B	66B5	6	3207
2B	66B6	6	3207
2B	66B7	6	3207
2B	66BA	6	3208
2B	66BC	6	3208
2B	66BE	6	3208
2B	66C1	6	3208
2B	66C3	6	3208
2B	66C5	6	3208
2B	66C8	6	3208
2B	66C9	6	3208
2B	66CB	6	3208
2B	66CD	6	3208
2B	66D0	6	3208
2B	66D1	6	3208
2B	66D2	6	3208
2B	66D3	6	3208
2B	66D4	6	3208
2B	66D5	6	3208
2B	66D6	6	3208
2B	66D7	6	3208
2B	66DA	6	3208
2B	66DB	6	3208
2B	66DC	6	3208
2B	66DE	6	3208
2B	66E0	4	3208
2B	66E3	4	3208
2B	66E6	4	3208
2B	66E8	4	3208
2B	66EA	4	3208
2B	66F0	4	3208
2B	66F3	4	3208
2B	66F6	4	3208
2B	66F9	6	3208
2B	66FA	6	3208
2B	66FB	6	3208
2B	66FC	6	3208
2B	66FD	6	3208
2B	66FE	6	3208
2B	6701	6	3208
2B	6702	6	3208
2B	6703	6	3208
2B	6704	6	3208
2B	6706	6	3208
2B	6708	6	3208
2B	670B	6	3208
2B	670D	6	3208
2B	670F	6	3208
2B	6712	6	3208
2B	6713	6	3208
2B	6715	6	3208
2B	6717	6	3208
2B	671A	6	3208
2B	671B	6	3208
2B	671C	6	3208
2B	671D	6	3208
2B	671E	6	3208
2B	671F	6	3208
2B	6720	6	3208
2B	6721	6	3208
2B	6724	6	3208
2B	6725	6	3208
2B	6726	6	3208
2B	6727	6	3208
2B	6728	6	3208
2B	672B	6	3209
2B	672C	6	3209
2B	672D	6	3209
2B	672E	6	3209
2B	6731	6	3209
2B	6733	6	3209
2B	6735	6	3209
2B	6738	6	3211
2B	6739	6	3211
2B	673A	6	3211
2B	673B	6	3211
2B	673E	6	3212
2B	673F	6	3212
2B	6740	6	3212
2B	6741	6	3212
2B	6742	6	3212
2B	6743	6	3212
2B	6745	6	3212
2B	6747	6	3212
2B	674A	6	3212
2B	674C	6	3212
2B	674E	6	3212
2B	6751	6	3212
2B	6752	6	3212
2B	6754	6	3212
2B	6756	6	3212
2B	6759	6	3212
2B	675A	6	3212
2B	675B	6	3212
2B	675C	6	3212
2B	675D	6	3212
2B	675E	6	3212
2B	675F	6	3212
2B	6760	6	3212
2B	6763	6	3212
2B	6764	6	3212
2B	6767	6	3212
2B	6769	6	3212
2B	676B	6	3212
2B	676E	6	3213
2B	676F	6	3213
2B	6770	6	3213
2B	6771	6	3213
2B	6774	6	3214
2B	6775	6	3214
2B	6776	6	3214
2B	6777	6	3214
2B	6778	6	3214
2B	6779	6	3214
2B	677B	6	3214
2B	677D	6	3214
2B	6780	6	3214
2B	6782	6	3214
2B	6784	6	3214
2B	6787	6	3214
2B	6788	6	3214
2B	678A	6	3214
2B	678C	6	3214
2B	678F	6	3214
2B	6790	6	3214
2B	6791	6	3214
2B	6792	6	3214
2B	6793	6	3214
2B	6794	6	3214
2B	6795	6	3214
2B	6796	6	3214
2B	6799	6	3214
2B	679A	6	3214
2B	679D	6	3214
2B	679F	6	3214
2B	67A1	6	3214
2B	67A2	6	3214
2B	67A5	6	3216
2B	67A6	6	3216
2B	67A7	6	3216
2B	67A8	6	3216
2B	67AB	6	3217
2B	67AC	6	3217
2B	67AD	6	3217
2B	67AE	6	3217
2B	67AF	6	3217
2B	67B2	6	3217
2B	67B3	6	3217
2B	67B4	6	3217
2B	67B6	6	3217
2B	67B8	1	4848
2B	67BB	1	4848
2B	67BD	1	4848
2B	67BF	1	4848
2B	67C0	1	4848
2B	67C3	1	4850
2B	67C4	1	4850
2B	67C5	1	4850
2B	67C6	1	4850
2B	67C9	1	4851
2B	67CA	1	4851
2B	67CB	1	4851
2B	67CC	1	4851
2B	67CD	1	4851
2B	67D0	1	4851
2B	67D1	1	4851
2B	67D2	1	4851
2B	67D4	1	4851
2B	67E0	6	3217
2B	67E1	6	3217
2B	67E2	6	3217
2B	67E3	6	3217
2B	67E4	6	3217
2B	67E5	6	3217
2B	67E8	6	3218
2B	67E9	6	3218
2B	67EA	6	3218
2B	67EB	6	3218
2B	67EE	6	3222
2B	67EF	6	3222
2B	67F0	6	3222
2B	67F1	6	3222
2B	67F4	6	3222
2B	67F5	6	3222
2B	67F6	6	3222
2B	67F7	6	3222
2B	67F9	6	3222
2B	67FB	6	3222
2B	67FD	6	3222
2B	67FE	6	3222
2B	6800	6	3222
2B	6803	6	3222
2B	6805	6	3222
2B	6808	53744	3222
2B	680A	53744	3222
2B	680C	53744	3222
2B	680E	120	3224
2B	680F	120	3224
2B	6810	120	3224
2B	6811	120	3224
2B	6812	120	3224
2B	6814	6	3224
2B	6815	6	3224
2B	6816	6	3224
2B	6817	6	3224
2B	681A	6	3224
2B	681B	6	3224
2B	681C	6	3224
2B	681D	6	3224
2B	681E	6	3224
2B	6820	6	3224
2B	6821	6	3224
2B	6823	6	3224
2B	6825	6	3224
2B	6828	6	3224
2B	682B	6	3224
2B	682C	6	3224
2B	682E	6	3224
2B	682F	6	3224
2B	6835	6	3224
2B	6838	6	3225
2B	683E	6	3241
2B	683F	6	3241
2B	6841	6	3241
2B	6842	6	3241
2B	6844	6	3241
2B	6846	6	3241
2B	6848	6	3241
2B	684A	6	3241
2B	684D	6	3241
2B	684F	6	3241
2B	6852	6	3241
2B	6853	6	3241
2B	6855	6	3241
2B	6857	6	3241
2B	6858	6	3241
2B	685E	6	3241
2B	685F	6	3241
2B	6860	6	3241
2B	6862	6	3241
2B	691A	6	3207
2B	691B	6	3207
2B	691D	6	3207
2B	691F	6	3207
2B	6922	6	3207
2B	6924	6	3207
2B	6926	6	3207
2B	6929	6	3207
2B	692A	6	3207
2B	692C	6	3207
2B	692E	6	3207
2B	6931	6	3207
2B	6932	6	3207
2B	6933	6	3207
2B	6934	6	3207
2B	6935	6	3207
2B	6936	6	3207
2B	6937	6	3207
2B	6938	6	3207
2B	6939	6	3207
2B	693A	6	3207
2B	693C	1	3791
2B	693D	1	3791
2B	6942	6	3207
2B	6943	6	3207
2B	6945	6	3207
2B	6947	6	3207
2B	694A	6	3207
2B	694B	6	3207
2B	694C	6	3207
2B	694D	6	3207
2B	694E	6	3207
2B	694F	6	3207
2B	6950	6	3207
2B	6951	6	3207
2B	6954	6	3207
2B	6955	6	3207
2B	6958	6	3207
2B	6959	6	3207
2B	695B	6	3207
2B	695D	6	3207
2B	695F	6	3207
2B	6961	6	3207
2B	6963	36	3207
2B	6964	36	3207
2B	6966	36	3207
2B	6968	36	3207
2B	696A	36	3207
2B	696B	36	3207
2B	696C	36	3207
2B	696D	36	3207
2B	696F	36	3207
2B	6971	36	3207
2B	6972	36	3207
2B	6973	36	3207
2B	6974	36	3207
2B	6976	6	3207
2B	6979	6	3207
2B	697C	6	3207
2B	697D	24324	3207
2B	697F	24324	3207
2B	6981	24324	3207
2B	6983	6	3208
2B	6984	6	3208
2B	6985	6	3208
2B	6986	6	3208
2B	6987	6	3208
2B	6988	6	3208
2B	6989	6	3208
2B	698A	6	3208
2B	698B	6	3208
2B	698C	6	3208
2B	698D	6	3208
2B	698E	6	3208
2B	698F	6	3208
2B	6990	6	3208
2B	6991	6	3208
2B	6992	6	3208
2B	6993	6	3208
2B	6994	6	3208
2B	6995	6	3208
2B	6996	6	3208
2B	6997	6	3208
2B	6998	6	3208
2B	6999	6	3208
2B	699A	6	3208
2B	699B	6	3208
2B	699C	6	3208
2B	699D	6	3208
2B	699E	6	3208
2B	699F	6	3208
2B	69A0	6	3208
2B	69A1	6	3208
2B	69A2	6	3208
2B	69A3	6	3208
2B	69A4	6	3208
2B	69A5	6	3208
2B	69A6	6	3208
2B	69A7	6	3208
2B	69A8	6	3208
2B	69A9	6	3208
2B	69AA	6	3208
2B	69AB	6	3208
2B	69AC	6	3208
2B	69C5	12	3209
2B	69C7	12	3209
2B	69CA	187	3209
2B	69CC	187	3209
2B	69CE	187	3209
2B	69D0	187	3209
2B	69D1	187	3209
2B	69D3	187	3209
2B	69D6	177	3209
2B	69D8	177	3209
2B	69DA	177	3209
2B	69DB	177	3209
2B	69E1	177	3209
2B	69E2	177	3209
2B	69E4	39	3209
2B	69E7	39	3209
2B	69E9	39	3209
2B	69EF	39	3209
2B	69F0	39	3209
2B	69F1	39	3209
2B	69F2	39	3209
2B	69F3	39	3209
2B	69F4	39	3209
2B	69F5	39	3209
2B	69F6	39	3209
2B	69F7	39	3209
2B	69F8	39	3209
2B	69FB	39	3209
2B	69FE	39	3209
2B	6A04	39	3209
2B	6A05	39	3209
2B	6A06	39	3209
2B	6A07	39	3209
2B	6A08	39	3209
2B	6A0B	39	3209
2B	6A0C	39	3209
2B	6A0D	39	3209
2B	6A0E	39	3209
2B	6A11	39	3209
2B	6A17	39	3209
2B	6A18	39	3209
2B	6A19	39	3209
2B	6A1A	39	3209
2B	6A1C	39	3209
2B	6A1D	39	3209
2B	6A1E	39	3209
2B	6A21	39	3209
2B	6A22	39	3209
2B	6A23	39	3209
2B	6A26	39	3209
2B	6A28	39	3209
2B	6A2A	38	3209
2B	6A2C	138	3210
2B	6A2D	138	3210
2B	6A2E	138	3210
2B	6A2F	138	3210
2B	6A30	138	3210
2B	6A31	138	3210
2B	6A34	138	3210
2B	6A3A	138	3210
2B	6A3B	138	3210
2B	6A3C	138	3210
2B	6A3D	138	3210
2B	6A40	138	3210
2B	6A43	138	3210
2B	6A44	138	3210
2B	6A47	138	3210
2B	6A49	138	3210
2B	6A4B	137	3210
2B	6A69	12	3210
2B	6A6A	12	3210
2B	6A6B	12	3210
2B	6A6C	12	3210
2B	6A6E	12	3210
2B	6A71	12	3210
2B	6A77	12	3210
2B	6A78	12	3210
2B	6A79	12	3210
2B	6A7A	36	3210
2B	6A7D	36	3210
2B	6A7F	36	3210
2B	6A80	24	3210
2B	6A81	24	3210
2B	6A84	24	3210
2B	6A87	24	3211
2B	6A89	177	3209
2B	6A8A	177	3209
2B	6A8B	177	3209
2B	6A8C	177	3209
2B	6A8F	177	3209
2B	6A95	177	3209
2B	6A96	177	3209
2B	6A97	177	3209
2B	6A98	177	3209
2B	6A9A	177	3209
2B	6A9B	177	3209
2B	6A9C	177	3209
2B	6A9D	24	3210
2B	6A9E	24	3210
2B	6A9F	24	3210
2B	6AA0	24	3210
2B	6AA2	24	3210
2B	6AA4	24	3210
2B	6AA7	24	3210
2B	6AAD	24	3211
2B	6AAE	24	3211
2B	6AAF	24	3211
2B	6AB0	24	3211
2B	6AB2	24	3211
2B	6AB3	24	3211
2B	6AB4	24	3211
2B	6AB5	1	4848
2B	6AB7	1	4848
2B	6ABA	1	4848
2B	6ABC	1	4848
2B	6ABE	1	4848
2B	6AC0	1	4848
2B	6AC1	1	4848
2B	6AC3	1	4848
2B	6B5A	1	4848
2B	6B5B	1	4848
2B	6B5C	1	4848
2B	6B5D	1	4848
2B	6B5F	1	4848
2B	6B62	1	4848
2B	6B68	1	4848
2B	6B69	1	4848
2B	6B6A	1	4848
2B	6B6B	25	4848
2B	6B6E	25	4848
2B	6B70	25	4848
2B	6B71	24	4848
2B	6B72	24	4848
2B	6B75	24	4848
2B	6B78	24	4848
2B	6B8E	24	4848
2B	6B8F	24	4848
2B	6B90	24	4848
2B	6B91	24	4848
2B	6B93	24	4848
2B	6B95	24	4848
2B	6B98	24	4848
2B	6B9E	24	4848
2B	6B9F	24	4848
2B	6BA0	24	4848
2B	6BA1	24	4848
2B	6BA3	24	4848
2B	6BA4	24	4848
2B	6BA5	24	4848
2B	6BA6	6	3212
2B	6BA8	6	3212
2B	6BAB	21	3212
2B	6BAD	21	3212
2B	6BAF	21	3212
2B	6BB1	21	3212
2B	6BB2	21	3212
2B	6BB4	21	3212
2B	6BB7	15	3212
2B	6BB9	15	3212
2B	6BBB	15	3212
2B	6BBC	15	3212
2B	6BC2	15	3212
2B	6BC3	15	3212
2B	6BC5	15	3212
2B	6BC8	15	3212
2B	6BCA	15	3212
2B	6BD0	15	3212
2B	6BD1	15	3212
2B	6BD2	15	3212
2B	6BD3	15	3212
2B	6BD4	15	3212
2B	6BD5	15	3212
2B	6BD6	15	3212
2B	6BD7	15	3212
2B	6BD8	15	3212
2B	6BD9	15	3212
2B	6BDC	15	3212
2B	6BDF	15	3212
2B	6BE5	15	3212
2B	6BE6	15	3212
2B	6BE7	15	3212
2B	6BE8	15	3212
2B	6BE9	15	3212
2B	6BEC	15	3212
2B	6BED	15	3212
2B	6BEE	15	3212
2B	6BEF	15	3212
2B	6BF2	15	3212
2B	6BF8	15	3212
2B	6BF9	15	3212
2B	6BFA	15	3212
2B	6BFB	15	3212
2B	6BFD	15	3212
2B	6BFE	15	3212
2B	6BFF	15	3212
2B	6C02	15	3212
2B	6C03	15	3212
2B	6C04	15	3212
2B	6C07	15	3212
2B	6C09	15	3212
2B	6C0B	15	3212
2B	6C4B	6	3212
2B	6C4C	6	3212
2B	6C4D	6	3212
2B	6C4E	6	3212
2B	6C50	6	3212
2B	6C53	6	3212
2B	6C59	6	3212
2B	6C5A	6	3212
2B	6C5B	6	3212
2B	6C5C	72	3212
2B	6C5F	72	3212
2B	6C61	72	3212
2B	6C62	66	3212
2B	6C63	66	3212
2B	6C66	66	3212
2B	6C69	66	3213
2B	6C6B	15	3212
2B	6C6C	15	3212
2B	6C6D	15	3212
2B	6C6E	15	3212
2B	6C71	15	3212
2B	6C77	15	3212
2B	6C78	15	3212
2B	6C79	15	3212
2B	6C7A	15	3212
2B	6C7C	15	3212
2B	6C7D	15	3212
2B	6C7E	15	3212
2B	6C7F	66	3212
2B	6C80	66	3212
2B	6C81	66	3212
2B	6C82	66	3212
2B	6C84	66	3212
2B	6C86	66	3212
2B	6C89	66	3212
2B	6C8F	66	3212
2B	6C90	66	3212
2B	6C91	66	3213
2B	6C92	66	3213
2B	6C94	66	3213
2B	6C95	66	3213
2B	6C96	66	3213
2B	6C97	6	3218
2B	6C99	6	3218
2B	6C9A	6	3218
2B	6C9C	6	3218
2B	6C9E	6	3218
2B	6CA0	6	3218
2B	6CA1	6	3218
2B	6CA3	6	3218
2B	6CA6	6	3218
2B	6CA9	6	3218
2B	6CAB	6	3218
2B	6CAE	6	3219
2B	6CB1	6	3219
2B	6CB4	6	3219
2B	6CB6	6	3219
2B	6CB9	6	3220
2B	6CBC	6	3220
2B	6CBF	6	3220
2B	6CC1	6	3220
2B	6CC4	6	3221
2B	6CC7	6	3221
2B	6CCA	6	3221
2B	6CCC	6	3221
2B	6CCF	6	3222
2B	6CD0	6	3222
2B	6CD2	6	3222
2B	6CD4	6	3222
2B	6CD5	24	3218
2B	6CD6	24	3218
2B	6CD8	24	3218
2B	6CD9	24	3218
2B	6CDB	24	3218
2B	6CDC	24	3218
2B	6CDE	24	3218
2B	6CDF	24	3218
2B	6CE1	24	3218
2B	6CE4	103830	3218
2B	6CE5	103830	3218
2B	6CE7	103830	3218
2B	6CE9	24	3218
2B	6CEB	905	3218
2B	6CEC	905	3218
2B	6CED	905	3218
2B	6CEF	24	3219
2B	6CF0	24	3219
2B	6CF2	24	3219
2B	6CF4	24	3219
2B	7B02	5	3654
2B	7B03	5	3654
2B	7B04	5	3654
2B	7B05	5	3654
2B	7B07	5	3654
2B	7B08	5	3654
2B	7B0A	5	3654
2B	7B0C	5	3654
2B	7B0E	5	3654
2B	7B10	5	3654
2B	7B13	5	3654
2B	7B15	5	3654
2B	7B18	5	3654
2B	7B19	5	3654
2B	7B1B	5	3654
2B	7B1D	5	3654
2B	7B1E	5	3654
2B	7B24	5	3654
2B	7B25	5	3654
2B	7B28	5	3709
2B	7B29	5	3709
2B	7B2A	310	3709
2B	7B2B	310	3709
2B	7B31	310	3709
2B	7B34	310	3710
2B	7B3A	310	3710
2B	7B3B	310	3710
2B	7B3D	310	3710
2B	7B3F	310	3710
2B	7B41	4	4026
2B	7B42	4	4026
2B	7B43	4	4026
2B	7B44	4	4026
2B	7B46	4	4026
2B	7B47	4	4026
2B	7B49	4	4026
2B	7B4B	4	4026
2B	7B4E	4	4026
2B	7B51	4	4026
2B	7B52	4	4026
2B	7B54	4	4026
2B	7B55	4	4026
2B	7B56	4	4026
2B	7B5C	4	4026
2B	7B5F	4	4027
2B	7B65	4	4042
2B	7B66	4	4042
2B	7B67	4	4042
2B	7B68	306	3710
2B	7B6A	306	3710
2B	7B6C	306	3710
2B	7B6E	1	3771
2B	7B6F	1	3771
2B	7B70	1	3771
2B	7B71	1	3771
2B	7B73	1	3771
2B	7B74	1	3771
2B	7B76	1	3771
2B	7B78	1	3771
2B	7B7B	1	3771
2B	7B7E	1	3771
2B	7B7F	1	3771
2B	7B81	1	3771
2B	7B82	1	3771
2B	7B83	1	3771
2B	7B89	1	3771
2B	7B8C	1	3772
2B	7B8F	1	3773
2B	7B95	1	3788
2B	7B96	1	3788
2B	7B98	1	3788
2B	7B99	305	3710
2B	7B9B	5	3654
2B	7B9C	5	3654
2B	7BA2	5	3654
2B	7BA8	5	3654
2B	7BAE	5	3656
2B	7BB1	5	3656
2B	7BB4	5	3656
2B	7BB7	5	3656
2B	7BBA	5	3656
2B	7BBC	5	3656
2B	7BC2	5	3656
2B	7BC5	5	3656
2B	7BC8	5	3656
2B	7BCB	5	3656
2B	7BCD	5	3656
2B	7BD3	5	3656
2B	7BD6	5	3656
2B	7BD9	5	3656
2B	7BDB	5	3656
2B	7BDD	5	3656
2B	7BDF	5	3656
2B	7BE5	5	3657
2B	7BE8	5	3657
2B	7BEB	5	3657
2B	7BEE	5	3657
2B	7BF0	5	3657
2B	7BF2	5	3657
2B	7BF4	5	3657
2B	7BFA	5	3658
2B	7BFD	5	3658
2B	7C00	5	3658
2B	7C03	5	3658
2B	7C06	5	3658
2B	7C08	5	3658
2B	7C0E	5	3658
2B	7C10	5	3658
2B	7C13	5	3659
2B	7C16	5	3659
2B	7C19	5	3659
2B	7C1C	5	3659
2B	7C1E	5	3659
2B	7C20	5	3659
2B	7C26	5	3659
2B	7C29	5	3659
2B	7C2C	5	3659
2B	7C2F	5	3659
2B	7C30	5	3659
2B	7C31	5	3659
2B	7C33	5	3659
2B	7C35	5	3659
2B	7C38	5	3659
2B	7C3A	5	3659
2B	7C3C	5	3659
2B	7C3F	5	3659
2B	7C40	5	3659
2B	7C41	5	3659
2B	7C43	5	3659
2B	7C45	5	3659
2B	7C48	5	3659
2B	7C49	5	3659
2B	7C4A	5	3659
2B	7C4B	5	3659
2B	7C4C	5	3659
2B	7C4D	5	3659
2B	7C4E	5	3659
2B	7C4F	5	3659
2B	7C51	5	3659
2B	7C52	5	3659
2B	7C58	5	3662
2B	7C5B	5	3663
2B	7C5C	5	3663
2B	7C5E	5	3663
2B	7C60	5	3663
2B	7C62	5	3663
2B	7C64	5	3663
2B	7C66	5	3663
2B	7C69	5	3663
2B	7C6B	5	3663
2B	7C6D	5	3663
2B	7C70	5	3663
2B	7C71	5	3663
2B	7C72	5	3663
2B	7C74	5	3663
2B	7C76	5	3663
2B	7C79	5	3663
2B	7C7A	5	3663
2B	7C7B	5	3663
2B	7C7C	5	3663
2B	7C7D	5	3663
2B	7C7E	5	3663
2B	7C7F	5	3663
2B	7C80	5	3663
2B	7C83	5	3663
2B	7C84	5	3663
2B	7C87	5	3663
2B	7C89	960	3663
2B	7C8A	960	3663
2B	7C8B	960	3663
2B	7C8C	960	3663
2B	7C8D	960	3663
2B	7C8F	5	3663
2B	7C92	5	3664
2B	7C94	5	3664
2B	7C97	5	3664
2B	7C99	5	3664
2B	7C9B	5	3664
2B	7C9E	5	3664
2B	7CA1	5	3666
2B	7CA4	5	3667
2B	7CA6	5	3667
2B	7CA9	5	3667
2B	7CAB	5	3667
2B	7CAD	5	3667
2B	7CAF	5	3667
2B	7CB1	5	3667
2B	7CB4	5	3669
2B	7CB7	5	3670
2B	7CB9	5	3670
2B	7CBC	5	3670
2B	7CBE	5	3670
2B	7CC0	5	3670
2B	7CC2	5	3670
2B	7CC4	5	3670
2B	7CC7	5	3672
2B	7CCA	5	3673
2B	7CCC	5	3673
2B	7CCF	5	3673
2B	7CD1	5	3673
2B	7CD3	5	3673
2B	7CD5	5	3673
2B	7CD7	5	3673
2B	7CDA	5	3675
2B	7CDD	5	3676
2B	7CDF	5	3676
2B	7CE2	5	3676
2B	7CE4	5	3676
2B	7CE6	5	3676
2B	7CE8	5	3676
2B	7CEA	5	3676
2B	7CED	5	3678
2B	7CF0	5	3679
2B	7CF2	5	3679
2B	7CF5	5	3679
2B	7CF7	5	3679
2B	7CF9	5	3679
2B	7CFB	5	3679
2B	7CFD	5	3679
2B	7D00	5	3681
2B	7D03	5	3682
2B	7D05	5	3682
2B	7D08	5	3682
2B	7D0A	5	3682
2B	7D0C	5	3682
2B	7D0E	5	3682
2B	7D10	5	3682
2B	7D13	5	3684
2B	7D16	5	3685
2B	7D18	5	3685
2B	7D1B	5	3685
2B	7D1D	5	3685
2B	7D1F	5	3685
2B	7D21	5	3685
2B	7D23	5	3685
2B	7D26	5	3687
2B	7D29	5	3688
2B	7D2F	5	3692
2B	7D35	5	3692
2B	7D3B	5	3692
2B	7D3E	5	3693
2B	7D44	5	3709
2B	7D45	5	3709
2B	7D47	5	3709
2B	7D48	5	3709
2B	7D4A	5	3709
2B	7D4C	5	3709
2B	7D4E	5	3709
2B	7D50	5	3709
2B	7D53	5	3709
2B	7D55	5	3709
2B	7D58	5	3709
2B	7D59	5	3709
2B	7D5B	5	3709
2B	7D5D	5	3709
2B	7D5E	5	3709
2B	7D64	5	3709
2B	7D65	5	3709
2B	7D67	5	3709
2B	7D68	5	3709
2B	7D6A	5	3709
2B	7D6C	5	3709
2B	7D6F	5	3709
2B	7D72	5	3709
2B	7D73	5	3709
2B	7D75	5	3709
2B	7D76	5	3709
2B	7D79	5	3709
2B	7D92	5	3688
2B	7D94	5	3688
2B	7D95	5	3688
2B	7D97	5	3688
2B	7D99	5	3688
2B	7D9B	5	3688
2B	7D9C	5	3688
2B	7D9E	5	3688
2B	7DA1	5	3688
2B	7DA4	5	3688
2B	7DA6	5	3688
2B	7DA9	5	3689
2B	7DAC	5	3689
2B	7DAF	5	3689
2B	7DB1	5	3689
2B	7DB4	5	3690
2B	7DB7	5	3690
2B	7DBA	5	3690
2B	7DBC	5	3690
2B	7DBF	5	3691
2B	7DC2	5	3691
2B	7DC5	5	3691
2B	7DC7	5	3691
2B	7DCA	5	3692
2B	7DCB	5	3692
2B	7DCD	5	3692
2B	7DCF	5	3692
2B	7DD0	20	3688
2B	7DD1	20	3688
2B	7DD3	20	3688
2B	7DD4	20	3688
2B	7DD6	20	3688
2B	7DD7	20	3688
2B	7DD9	20	3688
2B	7DDA	20	3688
2B	7DDC	20	3688
2B	7DDF	86375	3688
2B	7DE0	86375	3688
2B	7DE2	86375	3688
2B	7DE4	20	3688
2B	7DE5	20	3688
2B	7DE7	1511	3688
2B	7DE8	1511	3688
2B	7DE9	1511	3688
2B	7DEB	20	3689
2B	7DEC	20	3689
2B	7DEE	20	3689
2B	7DF0	20	3689
2B	7DF1	20	3689
2B	7DF2	40	3664
2B	7DF4	40	3664
2B	7DF7	263	3664
2B	7DF9	263	3664
2B	7DFB	263	3664
2B	7DFD	263	3664
2B	7DFE	263	3664
2B	7E00	263	3664
2B	7E03	242	3664
2B	7E05	242	3664
2B	7E07	233	3664
2B	7E08	233	3664
2B	7E0E	233	3664
2B	7E0F	233	3664
2B	7E11	127	3664
2B	7E14	127	3664
2B	7E15	127	3664
2B	7E17	122	3664
2B	7E18	122	3664
2B	7E19	122	3664
2B	7E1A	122	3664
2B	7E1B	122	3664
2B	7E1C	122	3664
2B	7E1D	122	3664
2B	7E1E	122	3664
2B	7E1F	122	3664
2B	7E20	122	3664
2B	7E23	122	3664
2B	7E26	122	3664
2B	7E2C	122	3664
2B	7E2D	122	3664
2B	7E2E	122	3664
2B	7E2F	122	3664
2B	7E30	122	3664
2B	7E33	122	3664
2B	7E34	122	3664
2B	7E35	122	3664
2B	7E36	122	3664
2B	7E39	122	3664
2B	7E3F	122	3664
2B	7E40	122	3664
2B	7E41	122	3664
2B	7E42	122	3664
2B	7E44	122	3664
2B	7E45	122	3664
2B	7E46	122	3664
2B	7E49	122	3664
2B	7E4A	122	3664
2B	7E4B	122	3664
2B	7E4E	122	3664
2B	7E50	122	3664
2B	7E52	119	3664
2B	7E54	5	3666
2B	7E55	5	3666
2B	7E57	106	3664
2B	7E58	106	3664
2B	7E59	106	3664
2B	7E5A	106	3664
2B	7E5B	106	3664
2B	7E5C	106	3664
2B	7E5F	106	3664
2B	7E65	106	3664
2B	7E66	106	3664
2B	7E67	106	3664
2B	7E68	106	3664
2B	7E6B	106	3665
2B	7E6E	106	3665
2B	7E6F	106	3665
2B	7E72	106	3665
2B	7E74	106	3665
2B	7E76	104	3665
2B	7E79	9	3667
2B	7E7A	9	3667
2B	7E7B	9	3667
2B	7E7C	9	3667
2B	7E7E	9	3667
2B	7E81	9	3667
2B	7E87	9	3667
2B	7E88	9	3667
2B	7E89	9	3667
2B	7E8A	9	3667
2B	7E8D	9	3667
2B	7E8E	9	3667
2B	7E91	9	3667
2B	7E94	40	3666
2B	7E95	40	3666
2B	7E96	40	3666
2B	7E97	40	3666
2B	7E99	40	3666
2B	7E9C	40	3666
2B	7EA2	40	3666
2B	7EA3	40	3666
2B	7EA4	40	3666
2B	7EA5	641	3666
2B	7EA8	641	3666
2B	7EAA	641	3666
2B	7EAB	601	3666
2B	7EAC	601	3666
2B	7EAF	601	3666
2B	7EB2	601	3666
2B	7EB4	228	3664
2B	7EB5	228	3664
2B	7EB6	228	3664
2B	7EB7	228	3664
2B	7EBA	228	3664
2B	7EC0	228	3664
2B	7EC1	228	3664
2B	7EC2	228	3664
2B	7EC3	228	3664
2B	7EC5	228	3664
2B	7EC6	228	3664
2B	7EC7	228	3664
2B	7EC8	610	3666
2B	7EC9	610	3666
2B	7ECA	610	3666
2B	7ECB	610	3666
2B	7ECD	610	3666
2B	7ECF	610	3666
2B	7ED2	610	3666
2B	7ED8	610	3666
2B	7ED9	610	3666
2B	7EDA	610	3666
2B	7EDB	610	3666
2B	7EDD	610	3666
2B	7EDE	610	3666
2B	7EDF	610	3666
2B	7EE0	40	3664
2B	7EE1	40	3664
2B	7EE3	40	3664
2B	7EE5	40	3664
2B	7EE7	40	3664
2B	7EEA	40	3664
2B	7EEB	129	3664
2B	7EED	129	3664
2B	7EEF	129	3664
2B	7EF0	129	3664
2B	7EF2	1170	3667
2B	7EF4	1170	3667
2B	7EF5	1170	3667
2B	7EFB	1170	3667
2B	7EFC	1170	3667
2B	7EFE	583	3667
2B	7EFF	583	3667
2B	7F01	583	3667
2B	7F03	566	3667
2B	7F04	566	3667
2B	7F05	566	3667
2B	7F07	566	3667
2B	7F09	524	3667
2B	7F0A	524	3667
2B	7F0B	524	3667
2B	7F0D	12	4966
2B	7F0F	587	3667
2B	7F10	587	3667
2B	7F12	587	3667
2B	7F14	561	3667
2B	7F15	561	3667
2B	7F17	561	3667
2B	7F19	561	3667
2B	7F1A	561	3667
2B	7F1B	561	3667
2B	7F1D	561	3667
2B	7F1F	561	3667
2B	7F20	561	3667
2B	7F21	561	3667
2B	7F23	9	7689
2B	7F25	40	3664
2B	7F27	40	3664
2B	7F28	40	3664
2B	7F2A	23	3664
2B	7F2C	23	3664
2B	7F2D	186	3664
2B	7F2E	186	3664
2B	7F2F	186	3664
2B	7F31	186	3664
2B	7F33	182	3664
2B	7F35	182	3664
2B	7F37	176	3664
2B	7F38	176	3664
2B	7F3A	176	3664
2B	7F3B	176	3664
2B	7F3D	23	3664
2B	7F3E	40	3664
2B	7F3F	40	3664
2B	7F42	40	3664
2B	7F43	40	3664
2C	4000	1	12297
2C	4001	1	12297
2C	4002	1	12297
2C	4004	1	12297
2C	4005	1	12297
2C	4007	1	12297
2C	4009	1	12297
2C	400B	1	12297
2C	400D	1	12297
2C	4010	1	12297
2C	4012	1	12297
2C	4015	1	12297
2C	4016	1	12297
2C	4018	1	12297
2C	401A	1	12297
2C	401B	1	12297
2C	4021	1	12297
2C	4022	1	12297
2C	4023	1	12297
2C	4026	1	12322
2C	4028	10	12322
2C	4029	10	12322
2C	402C	10	12322
2C	402D	10	12322
2C	402E	10	12322
2C	4030	1	12322
2C	4031	1	12322
2C	4033	1	12322
2C	403B	579	12322
2C	403C	579	12322
2C	403E	579	12322
2C	4042	579	12322
2C	4043	579	12322
2C	4049	579	12322
2C	404C	579	12323
2C	4052	579	12323
2C	4053	579	12323
2C	4056	579	12323
2C	4058	579	12323
2C	405A	579	12323
2C	405C	1	12901
2C	405F	1	13091
2C	4061	1	13091
2C	4063	1	13091
2C	4069	1	13091
2C	406C	1	13092
2C	4072	1	13107
2C	4074	1	13107
2C	4076	1	13107
2C	4078	1	13107
2C	407A	1	13107
2C	407B	1	13107
2C	407C	578	12323
2C	407E	578	12323
2C	4080	578	12323
2C	40C1	578	12323
2C	40C3	578	12323
2C	40C5	578	12323
2C	40C8	578	12323
2C	40CA	578	12323
2C	40CC	578	12323
2C	40CF	578	12323
2C	40D1	578	12323
2C	410F	10	12322
2C	4110	10	12322
2C	4112	10	12322
2C	4118	10	12322
2C	4119	10	12322
2C	411A	10	12322
2C	411C	10	12322
2C	411F	10	12322
2C	4121	10	12322
2C	4123	10	12322
2C	4125	10	12322
2C	4126	10	12322
2C	4128	10	12322
2C	414C	1	12297
2C	414D	1	12297
2C	4153	1	12297
2C	4159	1	12297
2C	415F	1	12299
2C	4165	1	12303
2C	416B	1	12303
2C	416E	1	12303
2C	4171	1	12303
2C	4173	1	12303
2C	4175	1	12303
2C	4177	1	12303
2C	417D	1	12303
2C	4180	1	12303
2C	4183	1	12303
2C	4185	1	12303
2C	4187	1	12303
2C	4189	1	12303
2C	418F	1	12303
2C	4192	1	12303
2C	4195	1	12303
2C	4197	1	12303
2C	4199	1	12303
2C	419B	1	12303
2C	41A1	1	12303
2C	41A4	1	12303
2C	41A7	1	12303
2C	41AA	1	12303
2C	41AC	1	12303
2C	41B2	1	12303
2C	41B5	1	12303
2C	41B8	1	12303
2C	41BB	1	12303
2C	41BD	1	12303
2C	41C3	1	12303
2C	41C6	1	12303
2C	41C9	1	12303
2C	41CC	1	12303
2C	41CE	1	12303
2C	41D4	1	12303
2C	41D7	1	12303
2C	41DA	1	12303
2C	41DC	1	12303
2C	41DE	1	12303
2C	41E4	1	12303
2C	41E7	1	12303
2C	41EA	1	12303
2C	41EC	1	12303
2C	41EE	1	12303
2C	41F4	1	12303
2C	41F7	1	12303
2C	41FA	1	12303
2C	41FD	1	12303
2C	41FF	1	12303
2C	4202	1	12303
2C	4203	1	12303
2C	4206	1	12303
2C	4208	1	12303
2C	420B	1	12303
2C	420C	1	12303
2C	420D	1	12303
2C	420E	1	12303
2C	4258	1	12303
2C	425B	1	12303
2C	425E	1	12303
2C	4264	1	12303
2C	4267	1	12303
2C	426A	1	12303
2C	426D	1	12303
2C	4270	1	12303
2C	4273	1	12304
2C	4276	1	12305
2C	4277	1	12305
2C	4279	1	12305
2C	427A	1	12305
2C	427C	1	12305
2C	427E	1	12305
2C	4281	1	12305
2C	4284	1	12305
2C	4285	1	12305
2C	4287	1	12305
2C	4288	1	12305
2C	4289	1	12305
2C	428A	1	12305
2C	42B4	1	12305
2C	42BA	1	12305
2C	42BD	1	12306
2C	42C3	1	12322
2C	42C4	1	12322
2C	42C6	1	12322
2C	42C7	1	12322
2C	42C9	1	12322
2C	42CB	1	12322
2C	42CD	1	12322
2C	42CF	1	12322
2C	42D2	1	12322
2C	42D4	1	12322
2C	42D7	1	12322
2C	42D8	1	12322
2C	42DA	1	12322
2C	42DC	1	12322
2C	42DD	1	12322
2C	42E3	1	12322
2C	42E6	1	12322
2C	42E7	1	12322
2C	42EA	1	12322
2C	42EB	587	12303
2C	42EC	587	12303
2C	42EE	587	12303
2C	42F0	587	12303
2C	42F2	587	12303
2C	42F4	587	12303
2C	42F5	587	12303
2C	42F6	587	12303
2C	42F8	587	12303
2C	42F9	587	12303
2C	42FF	587	12303
2C	4300	587	12303
2C	4303	587	12303
2C	4304	587	12303
2C	4305	587	12303
2C	4306	587	12303
2C	4309	587	12303
2C	430C	587	12303
2C	430E	592	12303
2C	430F	592	12303
2C	4311	5	12959
2C	4313	5	12959
2C	4315	587	12303
2C	4318	587	12303
2C	431B	587	12303
2C	431C	587	12303
2C	431D	3	12303
2C	431F	3	12303
2C	4322	6	12303
2C	4324	6	12303
2C	4326	6	12303
2C	4328	6	12303
2C	4329	6	12303
2C	432B	6	12303
2C	432E	3	12956
2C	4330	3	12956
2C	4332	3	12956
2C	4333	3	12956
2C	4339	3	12956
2C	433A	3	12956
2C	433C	3	12956
2C	433D	3	12956
2C	433E	3	12956
2C	433F	3	12956
2C	4340	3	12956
2C	4341	3	12956
2C	4342	3	12956
2C	4343	3	12956
2C	4344	3	12956
2C	4345	3	12956
2C	4348	3	12956
2C	434B	3	12956
2C	4351	3	12956
2C	4352	3	12956
2C	4353	3	12956
2C	4354	3	12956
2C	4355	3	12956
2C	4358	3	12956
2C	4359	3	12956
2C	435A	3	12956
2C	435B	3	12956
2C	435E	3	12956
2C	4364	3	12956
2C	4365	3	12956
2C	4366	3	12956
2C	4367	3	12956
2C	4369	3	12956
2C	436A	3	12956
2C	436B	3	12956
2C	436E	3	12956
2C	436F	3	12956
2C	4370	3	12956
2C	4373	3	12956
2C	4375	3	12956
2C	4377	3	12956
2C	4379	3	12956
2C	437B	3	12956
2C	43BD	3	12303
2C	43BE	3	12303
2C	43BF	3	12303
2C	43C0	3	12303
2C	43C6	3	12303
2C	43C7	3	12303
2C	43C8	3	12303
2C	43C9	57	12303
2C	43CC	57	12303
2C	43CE	57	12303
2C	43CF	54	12303
2C	43D0	54	12303
2C	43D3	54	12303
2C	43D6	54	12303
2C	43D8	3	12956
2C	43D9	3	12956
2C	43DA	3	12956
2C	43DB	3	12956
2C	43DE	3	12956
2C	43E4	3	12956
2C	43E5	3	12956
2C	43E6	3	12956
2C	43E7	3	12956
2C	43E9	3	12956
2C	43EA	3	12956
2C	43EB	3	12956
2C	43EC	54	12303
2C	43ED	54	12303
2C	43EE	54	12303
2C	43EF	54	12303
2C	43F1	54	12303
2C	43F3	54	12303
2C	43F6	54	12303
2C	43FC	54	12303
2C	43FD	54	12303
2C	43FE	54	12303
2C	43FF	54	12303
2C	4401	54	12303
2C	4402	54	12303
2C	4403	54	12303
2C	4404	3	12304
2C	4406	3	12304
2C	4407	3	12304
2C	4409	3	12304
2C	440B	3	12304
2C	440D	3	12304
2C	440E	3	12304
2C	4410	3	12304
2C	4413	3	12304
2C	4416	3	12304
2C	4418	3	12304
2C	441B	3	12305
2C	441C	3	12305
2C	441E	3	12305
2C	4420	3	12305
2C	4421	3	12304
2C	4422	3	12304
2C	4424	3	12304
2C	4425	3	12304
2C	4427	3	12304
2C	4428	3	12304
2C	442A	3	12304
2C	442B	3	12304
2C	442D	3	12304
2C	4430	9975	12304
2C	4431	9975	12304
2C	4433	9975	12304
2C	4435	3	12304
2C	4437	114	12304
2C	4438	114	12304
2C	4439	114	12304
2C	443B	3	12305
2C	443C	3	12305
2C	443E	3	12305
2C	4440	3	12305
2C	4441	14	12322
2C	4442	14	12322
2C	4445	14	12322
2C	4447	14	12322
2C	4449	14	12322
2C	444B	14	12322
2C	444D	14	12322
2C	444E	14	12322
2C	4450	14	12322
2C	4451	14	12322
2C	4452	15	12322
2C	4453	15	12322
2C	4455	2	12990
2C	4456	2	12990
2C	4457	2	12990
2C	4458	2	12990
2C	445A	2	12990
2C	445C	1	12993
2C	445D	1	12993
2C	445F	1	12993
2C	4461	1	12993
2C	4467	13	12322
2C	4468	13	12322
2C	4469	1	12990
2C	446B	1	12990
2C	446D	1	12990
2C	446E	1	12990
2C	4475	16	12322
2C	4476	16	12322
2C	4478	16	12322
2C	447A	16	12322
2C	447C	16	12322
2C	447F	16	12322
2C	4480	16	12322
2C	4482	16	12322
2C	4484	16	12322
2C	4485	16	12322
2C	4487	3	12956
2C	4489	3	12956
2C	448A	3	12956
2C	448C	3	12956
2C	448E	1	12990
2C	448F	1	12990
2C	4490	1	12990
2C	4492	1	12990
2C	4494	1	12990
2C	4495	1	12990
2C	4499	16	12322
2C	449B	16	12322
2C	449C	16	12322
2C	449E	14	12322
2C	44A0	14	12322
2C	44A1	18	12322
2C	44A2	18	12322
2C	44A3	18	12322
2C	44A5	18	12322
2C	44A7	4	12959
2C	44A9	4	12959
2C	44AB	4	12959
2C	44AC	4	12959
2C	44AE	4	12959
2C	44AF	4	12959
2C	44B1	14	12322
2C	44B2	16	12322
2C	44B3	16	12322
2C	44B6	16	12322
2C	44B7	16	12322
2C	44B8	2	12936
2C	44BA	2	12936
2C	44BC	2	12936
2C	44BE	2	12936
2C	44C1	2	12936
2C	44C2	2	12936
2C	44C4	2	12936
2C	44DC	2	12936
2C	44DD	2	12936
2C	44DE	2	12936
2C	44DF	2	12936
2C	44E0	2	12936
2C	44E2	2	12936
2C	44E3	2	12936
2C	44E5	2	12936
2C	44E7	2	12936
2C	44EA	2	12936
2C	44ED	2	12936
2C	44EE	2	12936
2C	44F0	2	12936
2C	44F1	2	12936
2C	44F2	2	12936
2C	44F3	2	12936
2C	44F6	2	12936
2C	44F9	2	12936
2C	44FB	2	12936
2C	44FD	2	12936
2C	4503	2	12936
2C	4504	2	12936
2C	4507	2	12936
2C	4509	40	12936
2C	450A	40	12936
2C	450B	40	12936
2C	4511	40	12936
2C	4514	40	12937
2C	451A	40	12937
2C	451B	40	12937
2C	451C	40	12937
2C	451E	40	12937
2C	4520	40	12937
2C	4522	40	12937
2C	4524	40	12937
2C	4526	40	12937
2C	4528	40	12937
2C	452A	40	12937
2C	452B	40	12937
2C	452D	2	12956
2C	4533	2	12956
2C	4536	2	12956
2C	4539	2	12956
2C	453B	2	12956
2C	453D	2	12956
2C	4543	2	12956
2C	4544	2	12956
2C	4545	2	12956
2C	4548	2	12956
2C	454E	2	12956
2C	454F	2	12956
2C	4550	2	12956
2C	4551	2	12956
2C	4552	2	12956
2C	4554	2	12956
2C	4556	2	12956
2C	4559	2	12956
2C	455A	2	12956
2C	459C	2	12956
2C	459D	2	12956
2C	459E	2	12956
2C	459F	2	12956
2C	45A2	2	12956
2C	45A3	2	12956
2C	45A5	2	12956
2C	45A7	2	12956
2C	45A9	2	12956
2C	45AA	2	12956
2C	45AB	2	12956
2C	45AC	2	12956
2C	45AF	2	12956
2C	45B2	36	12956
2C	45B3	36	12956
2C	45B4	36	12956
2C	45B6	36	12956
2C	45B7	36	12956
2C	45B8	36	12956
2C	45BA	34	12956
2C	45BB	34	12956
2C	45BC	34	12956
2C	45BD	34	12956
2C	45BE	34	12956
2C	45BF	34	12956
2C	45C0	34	12956
2C	45C1	34	12956
2C	45C2	34	12956
2C	45C3	34	12956
2C	45C4	34	12956
2C	45C6	2	12956
2C	45C7	2	12956
2C	45C8	2	12956
2C	45C9	2	12956
2C	45CA	2	12956
2C	45CB	2	12956
2C	45CC	2	12956
2C	45CD	2	12956
2C	45CE	2	12956
2C	45D1	2	12956
2C	45D2	2	12956
2C	45D5	2	12956
2C	45D8	2	12956
2C	45DB	2	12956
2C	45DE	2	12958
2C	45E1	2	12959
2C	45E2	2	12959
2C	45E3	2	12959
2C	45E5	2	12959
2C	45EC	2	12959
2C	45EF	2	12959
2C	45F1	2	12959
2C	45F3	2	12959
2C	45F5	2	12959
2C	4600	2	12959
2C	4601	2	12959
2C	4602	2	12959
2C	4605	2	12959
2C	4607	2	12959
2C	4608	2	12959
2C	4611	2	12959
2C	493F	1	12901
2C	4940	1	12901
2C	4941	1	12901
2C	4943	1	12901
2C	4944	1	12901
2C	4946	1	12901
2C	4948	1	12901
2C	494A	1	12901
2C	494B	1	12901
2C	494E	1	12901
2C	494F	1	12901
2C	4951	1	12901
2C	4953	1	12901
2C	4954	1	12901
2C	4956	1	12901
2C	495C	1	12907
2C	495D	1	12907
2C	495F	1	12907
2C	4960	1	12907
2C	4962	1	12907
2C	4964	1	12907
2C	4966	1	12907
2C	4968	1	12907
2C	496B	1	12907
2C	496C	1	12907
2C	496E	1	12907
2C	4970	1	12907
2C	4971	1	12907
2C	4972	3	12907
2C	4973	3	12907
2C	4976	3	12907
2C	4978	3	12907
2C	497E	3	12907
2C	4980	3	12907
2C	4982	3	12907
2C	4988	3	12936
2C	4989	3	12936
2C	498B	3	12936
2C	498D	3	12936
2C	498F	3	12936
2C	4990	3	12936
2C	4992	3	12936
2C	4994	3	12936
2C	4996	3	12936
2C	4997	2	12936
2C	4999	2	12936
2C	499B	2	12936
2C	499E	2	12936
2C	49A0	2	12936
2C	49B8	2	12936
2C	49BB	2	12936
2C	49BD	2	12936
2C	49CB	2	12936
2C	49CE	2	12936
2C	49CF	2	12936
2C	49D2	2	12936
2C	49D3	2	12936
2C	49D6	2	12959
2C	614D	16	3325
2C	614F	16	3325
2C	6152	28	3325
2C	6154	28	3325
2C	6156	28	3325
2C	6159	28	3325
2C	615B	28	3325
2C	615D	28	3325
2C	6160	28	3325
2C	6161	28	3325
2C	6163	28	3325
2C	6165	12	3442
2C	6166	12	3442
2C	616C	12	3442
2C	616D	12	3442
2C	616F	12	3442
2C	6172	12	3442
2C	6174	12	3442
2C	617A	12	3442
2C	617B	12	3442
2C	617C	12	3442
2C	617D	12	3442
2C	617E	12	3442
2C	617F	12	3442
2C	6180	12	3442
2C	6181	12	3442
2C	6182	12	3442
2C	6183	12	3442
2C	6186	12	3442
2C	6189	12	3442
2C	618F	12	3442
2C	6190	12	3442
2C	6191	12	3442
2C	6192	12	3442
2C	6193	12	3442
2C	6196	12	3442
2C	6197	12	3442
2C	6198	12	3442
2C	6199	12	3442
2C	619C	12	3442
2C	61A2	12	3442
2C	61A3	12	3442
2C	61A4	12	3442
2C	61A5	12	3442
2C	61A7	12	3442
2C	61A8	12	3442
2C	61A9	12	3442
2C	61AC	12	3442
2C	61AD	12	3442
2C	61AE	12	3442
2C	61B1	12	3442
2C	61B3	12	3442
2C	61B5	12	3442
2C	61D9	16	3325
2C	61DA	16	3325
2C	61DB	16	3325
2C	61DC	16	3325
2C	61DE	16	3325
2C	61E1	16	3325
2C	61E7	16	3325
2C	61E8	16	3325
2C	61E9	16	3325
2C	61EA	248	3325
2C	61ED	248	3325
2C	61EF	248	3325
2C	61F0	232	3325
2C	61F1	232	3325
2C	61F4	232	3325
2C	61F7	232	3325
2C	61F9	244	3325
2C	61FA	244	3325
2C	61FB	244	3325
2C	61FC	244	3325
2C	61FF	244	3325
2C	6205	244	3325
2C	6206	244	3325
2C	6207	244	3325
2C	6208	244	3325
2C	620A	244	3325
2C	620B	244	3325
2C	620C	244	3325
2C	665F	4	3337
2C	6661	4	3337
2C	6662	4	3337
2C	6664	4	3337
2C	6666	4	3337
2C	6668	4	3337
2C	6669	4	3337
2C	666B	4	3337
2C	666E	4	3337
2C	6671	4	3337
2C	6673	4	3337
2C	6676	4	3338
2C	6679	4	3338
2C	667C	4	3338
2C	667E	4	3338
2C	6681	4	3339
2C	6684	4	3339
2C	6687	4	3339
2C	6689	4	3339
2C	668C	4	3340
2C	668F	4	3340
2C	6692	4	3340
2C	6694	4	3340
2C	6697	4	3341
2C	6698	4	3341
2C	669A	4	3341
2C	669C	4	3341
2C	669D	16	3337
2C	669E	16	3337
2C	66A0	16	3337
2C	66A1	16	3337
2C	66A3	16	3337
2C	66A4	16	3337
2C	66A6	16	3337
2C	66A7	16	3337
2C	66A9	16	3337
2C	66AC	60367	3337
2C	66AD	60367	3337
2C	66AF	60367	3337
2C	66B1	16	3337
2C	66B3	604	3337
2C	66B4	604	3337
2C	66B5	604	3337
2C	66B7	16	3338
2C	66B8	16	3338
2C	66BA	16	3338
2C	66BC	16	3338
2D	403C	1	15829
2D	403E	1	15829
2D	4040	1	15829
2D	4042	1	15829
2D	4044	1	15829
2D	4046	1	15829
2D	4049	1	15829
2D	404B	1	15829
2D	404D	1	15829
2D	4050	1	15829
2D	4053	1	15829
2D	4056	1	15829
2D	4058	192	15829
2D	4059	192	15829
2D	405A	192	15829
2D	405B	192	15829
2D	405C	192	15829
2D	405E	1	15829
2D	4061	1	15829
2D	4064	1	15829
2D	4066	64	15829
2D	4067	64	15829
2D	4068	64	15829
2D	4069	64	15829
2D	406A	64	15829
2D	406C	1	15829
2D	406F	1	15829
2D	4072	1	15829
2D	4074	20	15829
2D	4075	20	15829
2D	4076	20	15829
2D	4077	20	15829
2D	4078	20	15829
2D	407A	1	15829
2D	407D	1	15829
2D	4080	1	15829
2D	4082	16	15829
2D	4083	16	15829
2D	4084	16	15829
2D	4085	16	15829
2D	4086	16	15829
2D	4088	1	15829
2D	408E	1	15832
2D	408F	6	3207
2D	4091	6	3207
2D	4093	6	3207
2D	4095	6	3207
2D	4097	6	3207
2D	4099	6	3207
2D	409C	6	3207
2D	409E	6	3207
2D	40A0	6	3207
2D	40A3	6	3207
2D	40A6	6	3207
2D	40A9	6	3207
2D	40AB	1152	3207
2D	40AC	1152	3207
2D	40AD	1152	3207
2D	40AE	1152	3207
2D	40AF	1152	3207
2D	40B1	6	3207
2D	40B4	6	3207
2D	40B7	6	3207
2D	40B9	384	3207
2D	40BA	384	3207
2D	40BB	384	3207
2D	40BC	384	3207
2D	40BD	384	3207
2D	40BF	6	3207
2D	40C2	6	3207
2D	40C5	6	3207
2D	40C7	120	3207
2D	40C8	120	3207
2D	40C9	120	3207
2D	40CA	120	3207
2D	40CB	120	3207
2D	40CD	6	3207
2D	40D0	6	3207
2D	40D3	6	3207
2D	40D5	96	3207
2D	40D6	96	3207
2D	40D7	96	3207
2D	40D8	96	3207
2D	40D9	96	3207
2D	40DB	6	3207
2D	4133	1	10714
2D	4134	11	10714
2D	4135	11	10714
2D	4137	11	10714
2D	4139	11	10714
2D	413C	11	10714
2D	413E	11	10714
2D	4140	11	10714
2D	4143	11	10714
2D	4144	11	10714
2D	4145	11	10714
2D	4147	11	10714
2D	4149	11	10714
2D	414C	11	10714
2D	414D	11	10714
2D	414E	11	10714
2D	414F	11	10714
2D	4150	11	10714
2D	4151	11	10714
2D	4152	11	10714
2D	4153	11	10714
2D	4156	11	10714
2D	4157	11	10714
2D	4158	11	10714
2D	4159	3311	10714
2D	415A	3311	10714
2D	415B	3311	10714
2D	415C	3311	10714
2D	415D	3311	10714
2D	415E	3311	10714
2D	415F	3311	10714
2D	4161	11	10714
2D	4162	11	10714
2D	4163	11	10714
2D	4164	11	10714
2D	4166	11	10714
2D	4168	1	10715
2D	416B	1	10715
2D	416E	301	10715
2D	416F	301	10715
2D	4170	301	10715
2D	4171	301	10715
2D	4172	301	10715
2D	4173	301	10715
2D	4175	1	10715
2D	4176	1	10715
2D	417C	1	10719
2D	4722	1	13107
2D	4723	1	13107
2D	4725	1	13107
2D	4726	1	13107
2D	4728	1	13107
2D	472A	1	13107
2D	472C	1	13107
2D	472E	1	13107
2D	4731	1	13107
2D	4733	1	13107
2D	4736	1	13107
2D	4737	1	13107
2D	4739	1	13107
2D	473B	1	13107
2D	473C	1	13107
2D	4742	1	13107
2D	4745	1	13151
2D	4748	1	13151
2D	474A	7	13151
2D	474B	7	13151
2D	474E	7	13151
2D	474F	7	13151
2D	4750	7	13151
2D	4752	1	13151
2D	4754	24	13151
2D	4755	24	13151
2D	4758	24	13151
2D	4759	24	13151
2D	475A	24	13151
2D	475C	560	13151
2D	475D	560	13151
2D	4763	560	13151
2D	4766	560	13152
2D	476C	560	13152
2D	476D	560	13152
2D	4770	560	13152
2D	4772	560	13152
2D	4774	560	13152
2D	4777	1	13711
2D	4868	559	13152
2D	486A	559	13152
2D	486C	559	13152
2D	4894	559	13152
2D	4896	559	13152
2D	4898	559	13152
2D	489B	559	13152
2D	489D	559	13152
2D	489F	559	13152
2D	48A2	559	13152
2D	48A4	559	13152
2D	48A6	559	13152
2D	48A9	559	13152
2D	48AB	559	13152
2D	48AD	559	13152
2D	48B0	559	13152
2D	48EE	24	13151
2D	48EF	24	13151
2D	48F1	24	13151
2D	490E	24	13151
2D	490F	24	13151
2D	4910	24	13151
2D	4912	24	13151
2D	4915	24	13151
2D	4917	24	13151
2D	4919	24	13151
2D	491B	24	13151
2D	491C	24	13151
2D	491E	24	13151
2D	497C	7	13151
2D	497E	7	13151
2D	497F	7	13151
2D	4980	7	13151
2D	4981	7	13151
2D	4984	7	13151
2D	4985	7	13151
2D	4986	7	13151
2D	4988	7	13151
2D	499E	1	13107
2D	49A4	1	13107
2D	49AA	1	13107
2D	49AD	1	13109
2D	49B3	1	13110
2D	49B6	1	13110
2D	49B9	1	13110
2D	49BB	1	13110
2D	49BD	1	13110
2D	49BF	1	13110
2D	49C5	1	13110
2D	49C8	1	13110
2D	49CB	1	13110
2D	49CD	1	13110
2D	49CF	1	13110
2D	49D1	1	13110
2D	49D7	1	13110
2D	49DA	1	13110
2D	49DD	1	13110
2D	49DF	1	13110
2D	49E1	1	13110
2D	49E3	1	13110
2D	49E9	1	13110
2D	49EC	1	13110
2D	49EF	1	13110
2D	49F2	1	13110
2D	49F4	1	13110
2D	49FA	1	13110
2D	49FD	1	13110
2D	4A00	1	13110
2D	4A03	1	13110
2D	4A05	1	13110
2D	4A0B	1	13110
2D	4A0E	1	13110
2D	4A11	1	13110
2D	4A14	1	13110
2D	4A16	1	13110
2D	4A1C	1	13110
2D	4A1F	1	13110
2D	4A22	1	13110
2D	4A24	1	13110
2D	4A26	1	13110
2D	4A2C	1	13110
2D	4A2F	1	13110
2D	4A32	1	13110
2D	4A35	1	13110
2D	4A38	1	13110
2D	4A3B	1	13110
2D	4A3D	1	13110
2D	4A3F	1	13110
2D	4A45	1	13110
2D	4A48	1	13110
2D	4A4B	1	13110
2D	4A4E	1	13110
2D	4A50	1	13110
2D	4A53	1	13110
2D	4A54	1	13110
2D	4A56	1	13110
2D	4A59	1	13110
2D	4A5F	1	13110
2D	4A62	1	13114
2D	4A64	1	13114
2D	4A67	1	13114
2D	4A69	1	13114
2D	4A6B	1	13114
2D	4A6E	1	13114
2D	4A71	1	13116
2D	4A73	1	13116
2D	4A76	1	13116
2D	4A78	1	13116
2D	4A7A	1	13116
2D	4A7C	1	13116
2D	4A7E	1	13116
2D	4A81	1	13118
2D	4A83	1	13118
2D	4A86	1	13118
2D	4A88	1	13118
2D	4A8A	1	13118
2D	4A8C	1	13118
2D	4A8E	1	13118
2D	4A91	1	13120
2D	4A93	1	13120
2D	4A96	1	13120
2D	4A98	1	13120
2D	4A9A	1	13120
2D	4A9C	1	13120
2D	4A9E	1	13120
2D	4AA1	1	13122
2D	4AA3	1	13122
2D	4AA6	1	13122
2D	4AA8	1	13122
2D	4AAA	1	13122
2D	4AAC	1	13122
2D	4AAE	1	13122
2D	4AB1	1	13124
2D	4AB3	1	13124
2D	4AB6	1	13124
2D	4AB8	1	13124
2D	4ABA	1	13124
2D	4ABC	1	13124
2D	4ABE	1	13124
2D	4AC1	1	13126
2D	4AC3	1	13126
2D	4AC6	1	13126
2D	4AC8	1	13126
2D	4ACA	1	13126
2D	4ACC	1	13126
2D	4ACE	1	13126
2D	4AD1	1	13128
2D	4AD3	1	13128
2D	4AD6	1	13128
2D	4AD8	1	13128
2D	4ADA	1	13128
2D	4ADC	1	13128
2D	4ADE	1	13128
2D	4AE1	1	13130
2D	4AE4	1	13134
2D	4AE5	1	13134
2D	4AE7	1	13134
2D	4AE8	1	13134
2D	4AEA	1	13134
2D	4AEC	1	13134
2D	4AEF	1	13134
2D	4AF2	1	13134
2D	4AF3	1	13134
2D	4AF5	1	13134
2D	4AF6	1	13134
2D	4AFC	1	13134
2D	4AFF	1	13135
2D	4B05	1	13151
2D	4B06	1	13151
2D	4B08	1	13151
2D	4B09	1	13151
2D	4B0B	1	13151
2D	4B0D	1	13151
2D	4B0F	1	13151
2D	4B11	1	13151
2D	4B14	1	13151
2D	4B16	1	13151
2D	4B19	1	13151
2D	4B1A	1	13151
2D	4B1C	1	13151
2D	4B1E	1	13151
2D	4B1F	1	13151
2D	4B25	1	13151
2D	4B28	1	13151
2D	4B29	1	13151
2D	4B2C	1	13151
2D	4CA5	570	13152
2D	4CA6	570	13152
2D	4CA8	570	13152
2D	4CAA	570	13152
2D	4CAC	570	13152
2D	4CAD	570	13152
2D	4CAE	570	13152
2D	4CB0	570	13152
2D	4CB1	570	13152
2D	4CB7	570	13152
2D	4CB8	570	13152
2D	4CBB	570	13152
2D	4CBC	570	13152
2D	4CBD	570	13152
2D	4CBE	570	13152
2D	4CC1	570	13152
2D	4CC4	570	13152
2D	4CC6	590	13152
2D	4CC7	590	13152
2D	4CC9	20	14372
2D	4CCB	20	14372
2D	4CCD	570	13152
2D	4CD0	570	13152
2D	4CD3	570	13152
2D	4CD4	570	13152
2D	4CD6	570	13152
2D	4CD8	570	13152
2D	4CD9	7	13711
2D	4E06	21	2492
2D	4E08	21	2492
2D	4E0A	21	2492
2D	4E0C	21	2492
2D	4E0F	21	2492
2D	4E12	86016	2492
2D	4E13	86016	2492
2D	4E14	86016	2492
2D	4E15	86016	2492
2D	4E16	86016	2492
2D	4E17	86016	2492
2D	4E19	21	2494
2D	4E1B	21	2494
2D	4E1D	21	2494
2D	4E1F	21	2494
2D	4E22	21	2494
2D	4E25	40320	2494
2D	4E26	40320	2494
2D	4E27	40320	2494
2D	4E28	40320	2494
2D	4E29	40320	2494
2D	4E2A	40320	2494
2D	4E2C	21	2494
2D	4E8C	32	13151
2D	4E8D	32	13151
2D	4E90	32	13151
2D	4E92	32	13151
2D	4E94	32	13151
2D	4E96	32	13151
2D	4E98	32	13151
2D	4E99	32	13151
2D	4E9B	32	13151
2D	4E9C	32	13151
2D	4E9D	41	13151
2D	4E9E	41	13151
2D	4EA0	12	14400
2D	4EA1	12	14400
2D	4EA2	12	14400
2D	4EA3	12	14400
2D	4EA5	12	14400
2D	4EA7	9	14406
2D	4EA8	9	14406
2D	4EAA	9	14406
2D	4EAC	9	14406
2D	4EB2	29	13151
2D	4EB3	29	13151
2D	4EB4	3	14400
2D	4EB6	3	14400
2D	4EB8	3	14400
2D	4EB9	3	14400
2D	4EC0	60	13114
2D	4EC1	60	13114
2D	4EC3	60	13114
2D	4EC5	60	13114
2D	4EC7	60	13114
2D	4ECA	60	13114
2D	4ECB	60	13114
2D	4ECD	60	13114
2D	4ECF	60	13114
2D	4ED0	60	13114
2D	4ED2	25	13116
2D	4ED4	25	13116
2D	4ED5	25	13116
2D	4ED7	25	13116
2D	4ED9	6	14380
2D	4EDA	6	14380
2D	4EDB	6	14380
2D	4EDD	6	14380
2D	4EDF	6	14380
2D	4EE0	6	14380
2D	4EE4	60	13114
2D	4EE6	60	13114
2D	4EE7	60	13114
2D	4EE9	41	13114
2D	4EEB	41	13114
2D	4EEC	77	13114
2D	4EED	77	13114
2D	4EEE	77	13114
2D	4EF0	77	13114
2D	4EF2	36	14366
2D	4EF4	36	14366
2D	4EF6	36	14366
2D	4EF7	36	14366
2D	4EF9	36	14366
2D	4EFA	36	14366
2D	4EFC	41	13114
2D	4EFD	60	13114
2D	4EFE	60	13114
2D	4F01	60	13114
2D	4F02	60	13114
2D	4F03	1	13151
2D	4F04	1	13151
2D	4F06	1	13151
2D	4F09	1	13151
2D	4F0B	1	13151
2D	4F0C	1	13151
2D	4F0E	1	13151
2D	4F10	1	13151
2D	4F11	1	13151
2D	4F2F	12	13114
2D	4F31	12	13114
2D	4F34	22	13114
2D	4F36	22	13114
2D	4F38	22	13114
2D	4F3A	22	13114
2D	4F3B	22	13114
2D	4F3D	22	13114
2D	4F40	10	14366
2D	4F42	10	14366
2D	4F44	10	14366
2D	4F45	10	14366
2D	4F4B	10	14366
2D	4F4C	10	14366
2D	4F4E	10	14366
2D	4F4F	10	14366
2D	4F50	10	14366
2D	4F51	10	14366
2D	4F52	10	14366
2D	4F53	10	14366
2D	4F54	10	14366
2D	4F55	10	14366
2D	4F56	10	14366
2D	4F57	10	14366
2D	4F5A	10	14366
2D	4F5D	10	14366
2D	4F63	10	14366
2D	4F64	10	14366
2D	4F65	10	14366
2D	4F66	10	14366
2D	4F67	10	14366
2D	4F6A	10	14366
2D	4F6B	10	14366
2D	4F6C	10	14366
2D	4F6D	10	14366
2D	4F70	10	14366
2D	4F76	10	14366
2D	4F77	10	14366
2D	4F78	10	14366
2D	4F79	10	14366
2D	4F7B	10	14366
2D	4F7C	10	14366
2D	4F7D	10	14366
2D	4F80	10	14366
2D	4F81	10	14366
2D	4F82	10	14366
2D	4F85	10	14366
2D	4F87	10	14366
2D	4F89	10	14366
2D	4F8B	10	14366
2D	4F8D	10	14366
2D	4FCF	12	13114
2D	4FD0	12	13114
2D	4FD1	12	13114
2D	4FD2	12	13114
2D	4FD8	12	13114
2D	4FD9	12	13114
2D	4FDA	12	13114
2D	4FDB	280	13114
2D	4FDE	280	13114
2D	4FE0	280	13114
2D	4FE1	268	13114
2D	4FE2	268	13114
2D	4FE5	268	13114
2D	4FE8	268	13114
2D	4FEA	10	14366
2D	4FEB	10	14366
2D	4FEC	10	14366
2D	4FED	10	14366
2D	4FF0	10	14366
2D	4FF6	10	14366
2D	4FF7	10	14366
2D	4FF8	10	14366
2D	4FF9	10	14366
2D	4FFB	10	14366
2D	4FFC	10	14366
2D	4FFD	10	14366
2D	4FFE	268	13114
2D	4FFF	268	13114
2D	5000	268	13114
2D	5001	268	13114
2D	5003	268	13114
2D	5005	268	13114
2D	5008	268	13114
2D	500E	268	13114
2D	500F	268	13114
2D	5010	268	13114
2D	5011	268	13114
2D	5013	268	13114
2D	5014	268	13114
2D	5015	268	13114
2D	5016	7	12299
2D	5018	7	12299
2D	5019	7	12299
2D	501B	7	12299
2D	501D	7	12299
2D	501F	7	12299
2D	5020	7	12299
2D	5022	7	12299
2D	5025	7	12299
2D	5028	7	12299
2D	502A	7	12299
2D	502D	7	12300
2D	5030	7	12300
2D	5033	7	12300
2D	5035	7	12300
2D	5038	7	12301
2D	503B	7	12301
2D	503E	7	12301
2D	5040	7	12301
2D	5043	7	12302
2D	5046	7	12302
2D	5049	7	12302
2D	504B	7	12302
2D	504E	7	12303
2D	504F	7	12303
2D	5051	7	12303
2D	5053	7	12303
2D	5054	28	12299
2D	5055	28	12299
2D	5057	28	12299
2D	5058	28	12299
2D	505A	28	12299
2D	505B	28	12299
2D	505D	28	12299
2D	505E	28	12299
2D	5060	28	12299
2D	5063	106247	12299
2D	5064	106247	12299
2D	5066	106247	12299
2D	5068	28	12299
2D	5069	28	12299
2D	506B	28	12299
2D	506C	28	12299
2D	506E	28	12299
2D	5070	28	12299
2D	5072	28	12299
2D	5075	28	12299
2D	5077	28	12299
2D	5078	28	12299
2D	507A	28	12299
2D	507C	28	12299
2D	507D	28	12299
2D	507F	28	12299
2D	5081	1944	12299
2D	5082	1944	12299
2D	5083	1944	12299
2D	5085	28	12300
2D	5086	28	12300
2D	5088	28	12300
2D	508A	28	12300
2D	508B	28	12300
2D	508C	4	14368
2D	508D	4	14368
2D	5090	4	14368
2D	5092	14	14368
2D	5094	14	14368
2D	5096	14	14368
2D	5098	14	14368
2D	5099	14	14368
2D	509A	14	14368
2D	509C	14	14368
2D	509E	14	14368
2D	50A0	14	14368
2D	50A2	10	14368
2D	50A3	10	14368
2D	50A5	4	14368
2D	50A7	4	14368
2D	50A8	4	14368
2D	50AA	4	14368
2D	50AE	4	14368
2D	50B0	4	14368
2D	50B2	4	14368
2D	50B3	4	14368
2D	50B8	4	14346
2D	50B9	4	14346
2D	50BA	4	14346
2D	50BC	4	14346
2D	50BE	4	14346
2D	50C1	4	14346
2D	50C2	4	14346
2D	5102	4	14346
2D	5103	4	14346
2D	5104	4	14346
2D	5106	4	14346
2D	5107	4	14346
2D	5109	4	14346
2D	510B	4	14346
2D	510E	4	14346
2D	5111	4	14346
2D	5112	4	14346
2D	5114	4	14346
2D	5115	4	14346
2D	5116	4	14346
2D	5117	4	14346
2D	5118	4	14346
2D	5119	4	14346
2D	511A	4	14346
2D	511B	4	14346
2D	511E	4	14346
2D	5121	4	14346
2D	5123	4	14346
2D	5125	4	14346
2D	512B	4	14346
2D	512C	4	14346
2D	512F	4	14346
2D	5131	80	14346
2D	5132	80	14346
2D	5133	80	14346
2D	5139	80	14346
2D	513C	80	14347
2D	5142	80	14347
2D	5143	80	14347
2D	5144	80	14347
2D	5146	80	14347
2D	5148	80	14347
2D	514A	80	14347
2D	514C	80	14347
2D	514E	80	14347
2D	5150	80	14347
2D	5152	80	14347
2D	5153	80	14347
2D	5155	4	14366
2D	515B	4	14366
2D	515E	4	14366
2D	5161	4	14366
2D	5163	4	14366
2D	5165	4	14366
2D	516B	4	14366
2D	516C	4	14366
2D	516D	4	14366
2D	516E	4	14366
2D	5171	4	14366
2D	5172	4	14366
2D	5174	4	14366
2D	5176	4	14366
2D	5178	4	14366
2D	5179	4	14366
2D	517A	4	14366
2D	517B	4	14366
2D	517E	4	14366
2D	5181	752	14366
2D	5182	752	14366
2D	5183	752	14366
2D	5185	752	14366
2D	5186	752	14366
2D	5187	752	14366
2D	5189	748	14366
2D	518A	748	14366
2D	518B	748	14366
2D	518C	748	14366
2D	518D	748	14366
2D	518E	748	14366
2D	518F	748	14366
2D	5190	748	14366
2D	5191	748	14366
2D	5192	748	14366
2D	5193	748	14366
2D	5195	4	14366
2D	5196	4	14366
2D	5197	4	14366
2D	5198	4	14366
2D	5199	4	14366
2D	519A	4	14366
2D	519B	4	14366
2D	519C	4	14366
2D	519D	4	14366
2D	51A0	4	14366
2D	51A1	4	14366
2D	51A4	4	14372
2D	51A5	4	14372
2D	51A6	4	14372
2D	51A8	4	14372
2D	51C5	4	14372
2D	51C8	4	14372
2D	51CA	4	14372
2D	51CC	4	14372
2D	51CE	4	14372
2D	51D9	4	14372
2D	51DA	4	14372
2D	51DB	4	14372
2D	51DE	4	14372
2D	51E0	4	14372
2D	51E1	4	14372
2D	51EA	4	14372
2D	51EB	4	14366
2D	51ED	4	14366
2D	51F0	4	14368
2D	51F3	4	14368
2D	51F4	4	14368
2D	51F6	4	14368
2D	51F7	4	14368
2D	520C	4	14368
2D	520F	4	14372
2D	5210	4	14366
2D	5211	4	14366
2D	5212	4	14366
2D	5215	4	14366
2D	5216	4	14366
2D	5217	4	14366
2D	5218	4	14366
2D	5219	4	14366
2D	521F	4	14366
2D	5220	4	14366
2D	5222	4	14366
2D	5224	4	14366
2D	5226	4	14366
2D	5229	4	14368
2D	522A	4	14368
2D	5691	1	13711
2D	5692	1	13711
2D	5693	1	13711
2D	5695	1	13711
2D	5696	1	13711
2D	5698	1	13711
2D	569A	1	13711
2D	569C	1	13711
2D	569D	1	13711
2D	56A0	1	13711
2D	56A1	1	13711
2D	56A3	1	13711
2D	56A5	1	13711
2D	56A6	1	13711
2D	56A8	1	13711
2D	56AA	1	13711
2D	56B0	1	13717
2D	56B1	1	13717
2D	56B3	1	13717
2D	56B4	1	13717
2D	56B6	1	13717
2D	56B8	1	13717
2D	56BA	1	13717
2D	56BC	1	13717
2D	56BF	1	13717
2D	56C0	1	13717
2D	56C2	1	13717
2D	56C4	1	13717
2D	56C5	1	13717
2D	56C6	5	13717
2D	56C7	5	13717
2D	56CA	5	13717
2D	56D0	5	13717
2D	56D2	5	13717
2D	56D4	5	13717
2D	56DA	5	14346
2D	56DB	5	14346
2D	56DD	5	14346
2D	56DF	5	14346
2D	56E1	5	14346
2D	56E2	5	14346
2D	56E4	5	14346
2D	56E6	5	14346
2D	56E8	5	14346
2D	56EA	5	14346
2D	56EC	5	14346
2D	56EF	4	14346
2D	56F1	4	14346
2D	56F4	4	14346
2D	56F7	4	14346
2D	56F9	4	14346
2D	5711	4	14346
2D	5714	4	14346
2D	5716	4	14346
2D	5724	4	14346
2D	5727	4	14346
2D	5728	4	14346
2D	572B	4	14346
2D	572C	4	14346
2D	572D	4	14346
2D	572E	4	14346
2D	5731	4	14372
2D	5732	4	14372
2D	5733	4	14372
2D	5735	4	14372
2D	579A	1	14569
2D	579B	1	14569
2D	579D	1	14569
2D	57A0	1	14569
2D	57A1	1	14569
2D	57A4	1	14569
2D	57A5	1	14569
2D	57A6	1	14569
2D	57A7	1	14569
2D	57A9	1	14569
2D	57AB	1	14569
2D	57AD	1	14569
2D	57C1	1	14569
2D	57C3	1	14569
2D	57C5	1	14569
2D	57C7	1	14569
2D	57C8	1	14569
2D	57CA	1	14569
2D	57CB	1	14569
2D	57CD	1	14569
2D	57CF	1	14569
2D	57D1	1	14569
2D	57D2	1	14569
2D	57D5	1	14569
2D	57D6	1	14569
2D	57D8	1	14569
2D	57DA	1	14569
2D	57DB	1	14569
2D	57E1	1	14573
2D	57E2	1	14573
2D	57E4	1	14573
2D	57E5	1	14573
2D	57E7	1	14573
2D	57E9	1	14573
2D	57EB	1	14573
2D	57ED	1	14573
2D	57F0	1	14573
2D	57F1	1	14573
2D	57F3	1	14573
2D	57F5	1	14573
2D	57F6	1	14573
2D	57F7	1	14573
2D	57F8	1	14573
2D	57FE	1	14573
2D	5800	1	14573
2D	5802	1	14573
2D	5808	1	15199
2D	5809	1	15199
2D	580B	1	15199
2D	582C	1	15199
2D	582D	1	15199
2D	582E	1	15199
2D	582F	1	15199
2D	5830	1	15199
2D	5833	1	15201
2D	5834	1	15201
2D	5835	1	15201
2D	5836	1	15201
2D	5837	1	15201
2D	5838	1	15201
2D	583E	1	15201
2D	583F	1	15201
2D	5840	1	15201
2D	585C	1	15201
2D	585F	1	15201
2D	5860	1	15201
2D	5862	1	15201
2D	5863	1	15201
2D	5865	1	15201
2D	5867	1	15201
2D	5869	1	15201
2D	586A	1	15201
2D	586D	1	15201
2D	586E	1	15201
2D	5870	1	15201
2D	5872	1	15201
2D	5873	1	15201
2D	5874	1	15201
2D	5875	1	15201
2D	587B	1	15829
2D	587C	1	15829
2D	5882	1	15829
2D	5883	1	15829
2D	5884	1	15829
2D	5886	1	15829
2D	5887	1	15829
2D	5889	1	15829
2D	588B	1	15829
2D	588D	1	15829
2D	588F	1	15829
2D	5892	1	15829
2D	5893	1	15829
2D	5895	1	15829
2D	5897	1	15829
2D	5898	1	15829
2D	5899	1	15829
2D	589A	1	15829
2D	589C	1	15829
2D	58A2	1	15832
2D	58A3	1	15832
2D	58A4	1	15832
2D	58A6	1	15832
2D	58A7	1	15832
2D	58A9	1	15832
2D	58AB	1	15832
2D	58AE	1	15832
2D	58B1	1	15832
2D	58B2	1	15832
2D	58B4	1	15832
2D	58B5	1	15832
2D	58B6	1	15832
2D	58BC	1	15832
2D	58C2	1	15848
2D	58C3	1	15848
2D	58C5	1	15848
2D	58C7	1	15848
2D	5A98	1	15199
2D	5A9B	1	15199
2D	5A9E	1	15199
2D	5AA0	1	15199
2D	5AA2	1	15199
2D	5AA4	1	15199
2D	5AAA	1	15200
2D	5AAD	1	15200
2D	5AB0	1	15200
2D	5AB2	1	15200
2D	5AB4	1	15200
2D	5AB6	1	15200
2D	5ABC	1	15201
2D	65B0	1	11575
2D	65B1	1	11575
2D	65B2	1	11575
2D	65B4	1	11575
2D	65B5	1	11575
2D	65B7	1	11575
2D	65B9	1	11575
2D	65BB	1	11575
2D	65BD	1	11575
2D	65C0	1	11575
2D	65C1	1	11575
2D	65C3	1	11575
2D	65C5	1	11575
2D	65C6	1	11575
2D	65C7	1	11575
2D	65C9	1	11575
2D	65CA	1	11575
2D	65CC	1	11575
2D	65CE	1	11575
2D	65D0	1	11575
2D	65D2	1	11575
2D	65D5	1	11575
2D	65D7	1	11575
2D	65DA	1	11575
2D	65DB	1	11575
2D	65DD	1	11575
2D	65DF	1	11575
2D	65E0	1	11575
2D	65E6	1	11575
2D	65E9	1	11576
2D	65EA	1	11576
2D	65EB	1	11576
2D	65EE	1	11593
2D	65F0	64	11593
2D	65F1	64	11593
2D	65F4	64	11593
2D	65F5	64	11593
2D	65F6	64	11593
2D	65F8	1	11594
2D	65F9	1	11594
2D	65FB	1	11594
2D	65FD	1	11594
2D	6600	1	12281
2D	6621	1	12281
2D	6623	1	12281
2D	6625	1	12281
2D	6626	1	12281
2D	6628	1	12281
2D	662A	1	12281
2D	662C	1	12281
2D	662F	1	12281
2D	6630	1	12281
2D	6632	1	12281
2D	666B	1	12281
2D	6671	1	12281
2D	6674	1	12282
2D	667A	1	12297
2D	667B	1	12297
2D	667C	1	12297
2D	667E	1	12297
2D	6681	1	12297
2D	6683	1	12297
2D	6685	1	12297
2D	668B	1	12297
2D	6691	1	12297
2D	6692	1	12297
2D	681C	64	11593
2D	6827	64	11593
2D	6828	64	11593
2D	6829	64	11593
2D	682B	1	11593
2D	682E	1	11593
2D	6830	1	11593
2D	6832	1	11593
2D	6834	1	11593
2D	6835	1	11593
2D	6837	1	11593
2D	6838	64	11593
2D	683B	64	11593
2D	683D	64	11593
2D	683E	17	11593
2D	683F	17	11593
2D	6840	17	11593
2D	6843	17	11593
2D	6845	17	11593
2D	6846	17	11593
2D	68A9	1	11576
2D	68AA	1	11576
2D	68AB	1	11576
2D	68AE	1	11576
2D	68B4	1	11576
2D	68BA	1	11576
2D	68C0	1	11578
2D	68C3	1	11580
2D	68C6	1	11580
2D	68C9	1	11580
2D	68CB	1	11580
2D	68CD	1	11580
2D	68CF	1	11580
2D	68D5	1	11581
2D	68D8	1	11581
2D	68DB	1	11581
2D	68DD	1	11581
2D	68DF	1	11581
2D	68E1	1	11581
2D	68E7	1	11581
2D	68EA	1	11581
2D	68ED	1	11581
2D	68EF	1	11581
2D	68F1	1	11581
2D	68F3	1	11581
2D	68F9	1	11582
2D	68FC	1	11582
2D	68FF	1	11582
2D	6901	1	11582
2D	6903	1	11582
2D	6905	1	11582
2D	690B	1	11583
2D	690E	1	11583
2D	6911	1	11583
2D	6914	1	11583
2D	6916	1	11583
2D	691C	1	11583
2D	691F	1	11583
2D	6922	1	11583
2D	6924	1	11583
2D	6926	1	11583
2D	692C	1	11583
2D	692F	1	11583
2D	6932	1	11583
2D	6934	1	11583
2D	6936	1	11583
2D	693C	1	11583
2D	693E	1	11583
2D	6941	1	11584
2D	6944	1	11584
2D	6947	1	11584
2D	694A	1	11584
2D	694D	1	11584
2D	6950	1	11584
2D	6953	1	11586
2D	6956	1	11586
2D	6959	1	11586
2D	695C	1	11586
2D	695F	1	11588
2D	6962	1	11588
2D	6965	1	11588
2D	6968	1	11588
2D	696B	1	11590
2D	696E	1	11592
2D	696F	1	11592
2D	6970	1	11592
2D	6971	1	11592
2D	6973	1	11592
2D	6979	1	11592
2D	697A	1	11592
2D	697C	1	11592
2D	697D	1	11592
2D	697F	1	11592
2D	6981	1	11592
2D	6983	1	11592
2D	6984	1	11592
2D	6987	1	11592
2D	6988	1	11592
2D	698A	1	11592
2D	698C	1	11592
2D	698D	1	11592
2D	698F	1	11592
2D	6991	1	11592
2D	6997	1	11592
2D	6998	1	11592
2D	699A	1	11592
2D	699B	1	11592
2D	699D	1	11592
2D	699F	1	11592
2D	69A1	1	11592
2D	69A3	1	11592
2D	69A6	1	11592
2D	69A7	1	11592
2D	69A9	1	11592
2D	69AB	1	11592
2D	69AC	1	11592
2D	69AE	1	11592
2D	69B1	1	11592
2D	69B3	1	11592
2D	69B6	1	11592
2D	69B9	1	11592
2D	69BC	1	11592
2D	69BE	1	11592
2D	69C4	1	11592
2D	69C7	1	11592
2D	69CA	1	11592
2D	69CD	1	11592
2D	69CF	1	11592
2D	69D5	1	11592
2D	69DB	1	11592
2D	69DC	1	11592
2D	69DD	1	11592
2D	69DF	1	11592
2D	69E1	1	11592
2D	69E3	1	11592
2D	69E4	1	11592
2D	69E6	1	11592
2D	69E8	1	11592
2D	69EA	1	11592
2D	69EC	1	11592
2D	69EF	1	11593
2D	69F2	1	11593
2D	69F8	1	11593
2D	69F9	1	11593
2D	69FC	1	11593
2D	69FE	1	11593
2D	69FF	1	11593
2D	6A01	1	11593
2D	6A03	1	11593
2D	6A05	1	11593
2D	6A36	1	11593
2D	6A37	1	11593
2D	6A39	1	11593
2D	6A3A	1	11593
2D	6A3C	1	11593
2D	6A3E	1	11593
2D	6A41	1	11593
2D	6A44	1	11593
2D	6A45	1	11593
2D	6A47	1	11593
2D	6A48	1	11593
2D	6A4B	1	11593
2D	6A4C	2	11584
2D	6A4D	2	11584
2D	6A4F	2	11584
2D	6A51	2	11584
2D	6A53	2	11584
2D	6A55	2	11584
2D	6A56	2	11584
2D	6A58	2	11584
2D	6A59	2	11584
2D	6A5A	2	11584
2D	6A5C	2	11584
2D	6A63	2	11584
2D	6A64	2	11584
2D	6A66	2	11584
2D	6A6D	2	11584
2D	6A6E	2	11584
2D	6A6F	2	11584
2D	6A71	2	11584
2D	6A72	2	11584
2D	6A78	2	11584
2D	6A79	2	11584
2D	6A7C	2	11584
2D	6A7D	2	11584
2D	6A7E	2	11584
2D	6A7F	2	11584
2D	6A82	2	11584
2D	6A85	2	11584
2D	6A87	27	11584
2D	6A88	27	11584
2D	6A8A	25	11584
2D	6A8C	25	11584
2D	6A8E	2	11584
2D	6A91	2	11584
2D	6A94	2	11584
2D	6A95	2	11584
2D	6A96	2	11584
2D	6A98	2	11584
2D	6A9B	19	11584
2D	6A9D	19	11584
2D	6A9F	19	11584
2D	6AA1	19	11584
2D	6AA2	19	11584
2D	6AA4	19	11584
2D	6AA7	17	11584
2D	6AA9	17	11584
2D	6AAB	17	11584
2D	6AAC	17	11584
2D	6AB2	17	11584
2D	6AB3	17	11584
2D	6AF6	17	11584
2D	6AF7	17	11584
2D	6AF8	17	11584
2D	6AF9	17	11584
2D	6AFA	17	11584
2D	6AFB	17	11584
2D	6AFE	17	11584
2D	6B04	17	11584
2D	6B05	17	11584
2D	6B06	17	11584
2D	6B07	17	11584
2D	6B0A	17	11584
2D	6B0D	17	11584
2D	6B0E	17	11584
2D	6B11	17	11584
2D	6B13	17	11584
2D	6B15	17	11584
2D	6B17	17	11584
2D	6B19	17	11584
2D	6B36	2	11585
2D	6B37	2	11585
2D	6B38	2	11585
2D	6B39	2	11585
2D	6B3F	2	11585
2D	6B40	2	11585
2D	6B41	2	11585
2D	6B42	27	11585
2D	6B45	27	11585
2D	6B47	27	11585
2D	6B48	25	11585
2D	6B49	25	11585
2D	6B4C	25	11585
2D	6B4F	25	11586
2D	6B51	17	11584
2D	6B52	17	11584
2D	6B53	17	11584
2D	6B54	17	11584
2D	6B57	17	11584
2D	6B5D	17	11584
2D	6B5E	17	11584
2D	6B5F	17	11584
2D	6B60	17	11584
2D	6B62	17	11584
2D	6B63	17	11584
2D	6B64	17	11584
2D	6B65	25	11585
2D	6B66	25	11585
2D	6B67	25	11585
2D	6B68	25	11585
2D	6B6A	25	11585
2D	6B6C	25	11585
2D	6B6F	25	11585
2D	6B75	25	11586
2D	6B76	25	11586
2D	6B77	25	11586
2D	6B78	25	11586
2D	6B7A	25	11586
2D	6B7B	25	11586
2D	6B7C	25	11586
2D	6B7D	1	11586
2D	6B7F	1	11586
2D	6B82	1	11586
2D	6B84	1	11586
2D	6B86	1	11586
2D	6B88	1	11586
2D	6B89	1	11586
2D	6B8B	1	11586
2D	6C1D	1	11586
2D	6C1E	1	11586
2D	6C1F	1	11586
2D	6C20	1	11586
2D	6C26	1	11586
2D	6C27	1	11586
2D	6C28	1	11586
2D	6C29	26	11586
2D	6C2C	26	11586
2D	6C2E	26	11586
2D	6C2F	25	11586
2D	6C30	25	11586
2D	6C33	25	11586
2D	6C36	25	11586
2D	6C4C	25	11586
2D	6C4D	25	11586
2D	6C4E	25	11586
2D	6C4F	25	11586
2D	6C51	25	11586
2D	6C53	25	11586
2D	6C56	25	11586
2D	6C5C	25	11586
2D	6C5D	25	11586
2D	6C5E	25	11586
2D	6C5F	25	11586
2D	6C61	25	11586
2D	6C62	25	11586
2D	6C63	25	11586
2D	6C64	2	11578
2D	6C66	2	11578
2D	6C67	2	11578
2D	6C69	2	11578
2D	6C6B	2	11578
2D	6C6D	2	11578
2D	6C6E	2	11578
2D	6C70	2	11578
2D	6C73	2	11578
2D	6C76	2	11578
2D	6C78	2	11578
2D	6C7B	2	11579
2D	6C7E	2	11579
2D	6C81	2	11579
2D	6C83	2	11579
2D	6C86	2	11580
2D	6C87	2	11580
2D	6C89	2	11580
2D	6C8B	2	11580
2D	6C8C	4	11578
2D	6C8D	4	11578
2D	6C8F	4	11578
2D	6C90	4	11578
2D	6C92	4	11578
2D	6C93	4	11578
2D	6C95	4	11578
2D	6C96	4	11578
2D	6C98	4	11578
2D	6C9B	16573	11578
2D	6C9C	16573	11578
2D	6C9E	16573	11578
2D	6CA0	4	11578
2D	6CA2	152	11578
2D	6CA3	152	11578
2D	6CA4	152	11578
2D	6CA6	4	11579
2D	6CA7	4	11579
2D	6CA9	4	11579
2D	6CAB	4	11579
2D	6CAC	65	11593
2D	6CAD	65	11593
2D	6CB0	65	11593
2D	6CB2	65	11593
2D	6CB4	65	11593
2D	6CB6	65	11593
2D	6CB8	65	11593
2D	6CB9	65	11593
2D	6CBB	65	11593
2D	6CBC	65	11593
2D	6CBD	953	11593
2D	6CBE	953	11593
2D	6CC0	935	11593
2D	6CC1	935	11593
2D	6CC2	935	11593
2D	6CC4	935	11593
2D	6CC6	888	11593
2D	6CC7	888	11593
2D	6CC9	888	11593
2D	6CCB	888	11593
2D	6CD1	18	11593
2D	6CD2	18	11593
2D	6CD3	47	11593
2D	6CD5	47	11593
2D	6CD7	47	11593
2D	6CD8	47	11593
2D	6CDF	65	11593
2D	6CE0	65	11593
2D	6CE2	65	11593
2D	6CE4	65	11593
2D	6CE6	65	11593
2D	6CE9	65	11593
2D	6CEA	65	11593
2D	6CEC	65	11593
2D	6CEE	65	11593
2D	6CEF	65	11593
2D	6D02	65	11593
2D	6D04	65	11593
2D	6D05	65	11593
2D	6D07	65	11593
2D	6D09	65	11593
2D	6D0A	650	11593
2D	6D0B	650	11593
2D	6D0C	650	11593
2D	6D0E	650	11593
2D	6D10	585	11593
2D	6D12	585	11593
2D	6D14	585	11593
2D	6D15	585	11593
2D	6D17	585	11593
2D	6D18	585	11593
2D	6D1A	65	11593
2D	6D1B	65	11593
2D	6D1C	65	11593
2D	6D1F	65	11593
2D	6D20	65	11593
2D	6F01	1	11594
2D	6F02	1	11594
2D	6F05	1	11594
2D	6F07	1	11594
2D	6F0D	1	11594
2D	6F0F	1	11594
2D	6F11	1	11594
2D	6F17	1	12281
2D	6F18	1	12281
2D	6F1A	1	12281
2D	6F1C	1	12281
2D	6F1E	1	12281
2D	6F1F	1	12281
2D	6F21	1	12281
2D	6F23	1	12281
2D	6F25	1	12281
2D	70F4	6	12956
2D	70F5	6	12956
2D	70F6	6	12956
2D	70F7	6	12956
2D	70F8	6	12956
2D	70F9	6	12956
2D	70FB	6	12956
2D	70FD	6	12956
2D	70FF	6	12956
2D	7101	6	12956
2D	7104	6	12956
2D	7106	6	12956
2D	7108	6	12956
2D	7109	6	12956
2D	710C	6	12956
2D	710D	6	12956
2D	7110	6	12956
2D	7113	6	12956
2D	7115	24	12956
2D	7116	24	12956
2D	7117	24	12956
2D	7119	6	12956
2D	711A	6	12956
2D	711B	6	12956
2D	711C	6	12956
2D	711D	6	12956
2D	711E	6	12956
48	403E	31	2507
48	4040	31	2507
48	4041	31	2507
48	4043	31	2507
48	4044	31	2507
48	4046	31	2507
48	4047	31	2507
48	4049	31	2507
48	404A	31	2507
48	404C	539	2507
48	404E	539	2507
48	4051	539	2507
48	4052	539	2507
48	4054	508	2507
48	4055	508	2507
48	4057	508	2507
48	405A	508	2507
48	405B	508	2507
48	405D	508	2507
48	405E	508	2507
48	405F	508	2507
48	4061	508	2507
48	4062	508	2507
48	4064	508	2507
48	4065	508	2507
48	4066	508	2507
48	4067	508	2507
48	4069	508	2507
48	406A	508	2507
48	406C	508	2507
48	406D	508	2507
48	406E	508	2507
48	406F	508	2507
48	4075	508	2507
48	4077	508	2507
48	4078	508	2507
48	407A	508	2507
48	407C	508	2507
48	407D	508	2507
48	407F	508	2507
48	4081	29	2507
48	4083	29	2507
48	4084	29	2507
48	4086	508	2507
48	4088	508	2507
48	408A	508	2507
48	408B	508	2507
48	408D	508	2507
48	408F	26	2507
48	4091	26	2507
48	4092	26	2507
48	4094	508	2507
48	4096	508	2507
48	4097	508	2507
48	4099	508	2507
48	409A	508	2507
48	409C	31	2507
48	409E	31	2507
48	409F	31	2507
48	40A1	31	2507
48	40A2	31	2507
48	40A4	31	2507
48	40A5	31	2507
48	40A7	31	2507
48	40A8	31	2507
48	415A	12	1140
48	415C	12	1140
48	415D	12	1140
48	415F	12	1140
48	4160	12	1140
48	4162	12	1140
48	4163	12	1140
48	4165	12	1140
48	4167	12	1140
48	4168	12	1140
48	416A	12	1140
48	416C	12	1140
48	416D	12	1140
48	416F	12	1140
48	4171	12	1140
48	4172	12	1140
48	4174	12	1140
48	4176	12	1140
48	4177	12	1140
48	4178	12	1140
48	417A	12	1140
48	417C	12	1140
48	417D	12	1140
48	417F	12	1140
48	4180	12	1140
48	4181	12	1140
48	4183	12	1140
48	4184	12	1140
48	4185	12	1140
48	4186	12	1140
48	4188	12	1140
48	418B	12	1140
48	418C	12	1140
48	418D	12	1140
48	418E	12	1140
48	418F	12	1140
48	4191	12	1140
48	4193	12	1140
48	4194	12	1140
48	4196	12	1140
48	4197	12	1140
48	4198	12	1140
48	419A	12	1140
48	419B	12	1140
48	419C	12	1140
48	419D	12	1140
48	419E	12	1140
48	419F	172	1140
48	41A1	172	1140
48	41A4	172	1140
48	41A5	172	1140
48	41A8	160	1140
48	41AA	160	1140
48	41AC	160	1140
48	41AD	160	1140
48	41AF	160	1140
48	41B2	160	1140
48	41B3	160	1140
48	41B5	160	1140
48	41B6	160	1140
48	41B7	160	1140
48	41B8	160	1140
48	41BA	160	1140
48	41BB	160	1140
48	41BD	160	1140
48	41BE	160	1140
48	41C0	160	1140
48	41C1	160	1140
48	41C2	160	1140
48	41C4	160	1140
48	41C5	160	1140
48	41C6	160	1140
48	41C7	160	1140
48	41C9	160	1140
48	41CA	160	1140
48	41CC	160	1140
48	41CD	160	1140
48	41CE	160	1140
48	41CF	160	1140
48	41D5	160	1140
48	41D7	160	1140
48	41D8	160	1140
48	41D9	160	1140
48	41DB	160	1140
48	41DC	160	1140
48	41DD	160	1140
48	41DE	160	1140
48	41E0	160	1140
48	41E1	160	1140
48	41E3	160	1140
48	41E4	160	1140
48	41E6	160	1140
48	41E7	160	1140
48	41E8	160	1140
48	41EA	160	1140
48	4222	12	1140
48	4223	2668	1142
48	4226	2668	1142
48	4227	2668	1142
48	4229	875	1142
48	422A	875	1142
48	422D	875	1142
48	422E	1793	1322
48	4231	1793	1322
48	4232	1793	1322
48	4233	896	1323
48	4235	896	1323
48	4238	896	1323
48	423A	896	1323
48	423C	447	1325
48	423F	447	1325
48	4240	447	1325
48	4242	1	16738
48	4245	1	16738
48	4247	1	16738
48	4249	1	16738
48	424A	1	16738
48	424C	1	16738
48	424F	896	1323
48	4252	896	1323
48	4253	896	1323
48	4256	896	1323
48	4257	896	1323
48	4259	896	1323
48	425A	112	1331
48	425D	112	1331
48	425F	112	1331
48	4261	112	1331
48	4263	112	1331
48	4264	112	1331
48	4266	112	1331
48	4268	112	1331
48	4269	112	1331
48	426A	112	1331
48	426C	112	1331
48	426D	112	1331
48	4270	112	1331
48	4271	112	1331
48	4273	112	1331
48	4274	112	1331
48	4276	112	1331
48	4278	112	1331
48	4279	112	1331
48	427A	112	1331
48	427C	112	1331
48	427D	112	1331
48	427F	112	1331
48	4281	112	1331
48	4282	112	1331
48	4284	112	1331
48	4286	112	1331
48	4288	112	1331
48	428A	112	1331
48	428B	112	1331
48	428C	112	1331
48	428E	112	1331
48	4290	112	1331
48	4292	112	1331
48	4298	112	1332
48	429B	112	1332
48	429C	112	1332
48	429D	112	1332
48	429E	112	1332
48	42A0	112	1332
48	42A1	112	1332
48	42A2	112	1332
48	42A4	112	1332
48	42A5	112	1332
48	42A7	112	1332
48	42A9	112	1332
48	42AB	112	1332
48	42B1	112	1333
48	42B3	112	1333
48	42B4	112	1333
48	42B6	112	1333
48	42B8	112	1333
48	42BA	112	1333
48	42BD	112	1333
48	42BE	112	1333
48	42C0	112	1333
48	42C3	112	1333
48	42C6	112	1333
48	42C7	112	1333
48	42CA	112	1333
48	42CD	112	1333
48	42CE	112	1333
48	42CF	3	1726
48	42D0	3	1726
48	42D3	3	1726
48	42D4	6	1138
48	42D5	6	1138
48	42D8	6	1138
48	42DB	6	1138
48	42DD	6	1138
48	42DF	6	1138
48	42E0	6	1138
48	42E2	6	1138
48	42E4	6	1138
48	42E6	6	1138
48	42E8	6	1138
48	42E9	6	1138
48	42EA	6	1138
48	42EB	6	1138
48	42EC	6	1138
48	42ED	6	1138
48	42EE	6	1138
48	42F0	6	1138
48	42F1	6	1138
48	42F2	6	1138
48	42F5	6	1138
48	42F8	6	1138
48	42F9	6	1138
48	42FA	6	1138
48	42FD	6	1138
48	4300	6	1138
48	4301	6	1138
48	4302	6	1138
48	4303	6	1138
48	4305	6	1138
48	4308	6	1138
48	4309	44	1138
48	430A	44	1138
48	430D	44	1138
48	430E	44	1138
48	4310	38	1138
48	4311	38	1138
48	4314	38	1138
48	4315	38	1138
48	4317	38	1138
48	4318	38	1138
48	431A	6	1138
48	431B	6	1138
48	431D	6	1138
48	431F	6	1138
48	4320	6	1138
48	4322	6	1138
48	4323	6	1138
48	4326	6	1138
48	4328	6	1138
48	432B	6	1138
48	432C	6	1138
48	432D	6	1138
48	4330	6	1138
48	4333	6	1138
48	4334	6	1138
48	4335	6	1138
48	4338	6	1138
48	433B	6	1138
48	433C	6	1138
48	433D	6	1138
48	433F	6	1138
48	4342	6	1138
48	4343	128	1138
48	4344	128	1138
48	4347	128	1138
48	4348	128	1138
48	434A	122	1138
48	434B	122	1138
48	434E	122	1138
48	434F	122	1138
48	4351	122	1138
48	4352	122	1138
48	4354	6	1138
48	4355	6	1138
48	4357	6	1138
48	435A	6	1138
48	435C	6	1138
48	435E	6	1138
48	4360	6	1138
48	4363	6	1138
48	4365	6	1138
48	4368	6	1138
48	436A	6	1138
48	436D	6	1138
48	4370	6	1138
48	4372	6	1138
48	4373	6	1138
48	4375	6	1138
48	4376	6	1138
48	4377	6	1138
48	437A	6	1140
48	437B	6	1140
48	437E	6	1140
48	4381	6	1140
48	4383	6	1140
48	4385	6	1140
48	4387	6	1140
48	4388	6	1140
48	4389	6	1140
48	438C	6	1140
48	438D	6	1140
48	4390	6	1140
48	4391	6	1140
48	4393	6	1140
48	4396	6	1140
48	4398	6	1140
48	439A	6	1140
48	439B	6	1140
48	439D	6	1140
48	439E	6	1140
48	43A0	6	1140
48	43A3	6	1140
48	43A9	6	1140
48	43AB	6	1140
48	43AE	6	1140
48	43AF	6	1140
48	43B2	6	1140
48	43B3	6	1140
48	43B5	6	1140
48	43B8	6	1140
48	43BA	6	1140
48	43BC	6	1140
48	43BD	6	1140
48	43BF	6	1140
48	43C0	6	1140
48	43C2	6	1140
48	43C5	6	1140
48	43CB	6	1140
48	43CD	6	1140
48	43CF	6	1140
48	43D2	6	1140
48	43D3	6	1140
48	43D6	6	1140
48	43D9	6	1140
48	43DC	6	1140
48	43DF	6	1140
48	43E1	6	1140
48	43E3	6	1140
48	43E5	6	1140
48	43EB	6	1141
48	43EE	6	1141
48	43F1	6	1141
48	43F4	6	1141
48	43F6	6	1141
48	43F8	6	1141
48	43FA	6	1141
48	4400	6	1142
48	4402	6	1142
48	4403	6	1142
48	4405	6	1142
48	4407	6	1142
48	4409	6	1142
48	440A	6	1140
48	440B	6	1140
48	440D	6	1140
48	440F	6	1140
48	4411	6	1140
48	4413	6	1140
48	4416	6	1140
48	4419	6	1140
48	441C	6	1140
48	441F	6	1140
48	4422	6	1140
48	4425	6	1140
48	4428	6	1140
48	442B	6	1140
48	442E	6	1140
48	4431	6	1140
48	4434	6	1140
48	4437	6	1140
48	4439	6	1140
48	443C	6	1140
48	443E	6	1140
48	4441	6	1140
48	4443	6	1140
48	4446	6	1140
48	4448	6	1140
48	444B	6	1140
48	444D	6	1140
48	4450	6	1140
48	4452	6	1140
48	4455	6	1140
48	4457	6	1140
48	4459	6	1140
48	445B	6	1140
48	445C	6	1140
48	445E	6	1140
48	445F	6	1140
48	4460	9	1138
48	4462	9	1138
48	4464	9	1138
48	4465	9	1138
48	4467	9	1138
48	4469	9	1138
48	446B	9	1138
48	446D	9	1138
48	446E	9	1138
48	4471	9	1138
48	4474	9	1138
48	4477	9	1138
48	447A	9	1138
48	447D	9	1138
48	4480	9	1138
48	4482	9	1138
48	4484	9	1138
48	4486	9	1138
48	448C	9	1139
48	448F	9	1139
48	4492	9	1139
48	4495	9	1139
48	4497	9	1139
48	4499	9	1139
48	449B	9	1139
48	44A1	9	1140
48	44A3	9	1140
48	44A5	9	1140
48	44A7	5	1762
48	44A8	5	1762
48	44AA	5	1762
48	44AC	5	1762
48	44AE	5	1762
48	44B1	5	1762
48	44B4	5	1762
48	44B5	5	1762
48	44B8	5	1762
48	44B9	5	1762
48	44BC	5	1762
48	44BD	5	1762
48	44C0	5	1762
48	44C3	5	1762
48	44C4	5	1762
48	44C7	5	1762
48	44C8	5	1762
48	44CB	5	1762
48	44CC	5	1762
48	44CE	5	1762
48	44D0	5	1762
48	44D2	5	1762
48	44D3	5	1762
48	44D5	5	1762
48	44D6	9	1140
48	44D8	9	1140
48	44D9	9	1140
48	44DB	9	1140
48	44DD	9	1140
48	44DF	9	1140
48	4616	5	1112
48	4619	5	1112
48	461A	5	1112
48	461C	5	1112
48	461D	5	1112
48	461F	5	1112
48	462A	5	1112
48	462C	5	1112
48	462E	5	1112
48	462F	5	1112
48	4631	5	1112
48	4634	5	1112
48	4636	5	1112
48	4639	5	1112
48	463B	5	1112
48	463D	5	1112
48	4640	5	1112
48	4641	5	1112
48	4642	5	1112
48	4643	5	1112
48	4645	5	1112
48	4648	5	1112
48	464A	5	1112
48	464B	5	1112
48	464D	5	1112
48	4650	5	1112
48	4652	5	1112
48	4653	5	1112
48	4654	5	1112
48	4655	5	1112
48	4658	5	1112
48	4659	5	1112
48	465A	5	1112
48	465B	5	1112
48	4679	4	1120
48	467C	4	1120
48	467E	4	1120
48	4681	4	1120
48	4684	4	1120
48	4686	4	1120
48	4688	4	1120
48	4689	4	1120
48	468B	4	1120
48	468E	4	1120
48	4691	4	1120
48	4693	4	1120
48	4695	4	1120
48	4696	4	1120
48	4697	4	1120
48	469A	4	1120
48	469B	8	1120
48	469C	256	1120
48	469D	256	1120
48	469E	256	1120
48	469F	256	1120
48	46A1	8	1120
48	46A2	8	1120
48	46A4	8	1120
48	46A5	8	1120
48	46A6	8	1120
48	46A7	8	1120
48	46A8	8	1120
48	46AA	8	1120
48	46AB	8	1120
48	46AC	8	1120
48	46AD	8	1120
48	46AF	4	1120
48	46B0	4	1120
48	46B3	4	1120
48	46B4	4	1120
48	46B5	4	1120
48	46B6	4	1120
48	46BC	4	1120
48	46BE	4	1120
48	46BF	4	1120
48	46C1	4	1120
48	46C3	4	1120
48	46C5	4	1120
48	46C6	3	1728
48	46C8	3	1728
48	46CA	3	1728
48	46CB	3	1728
48	46CD	3	1728
48	46CF	3	1728
48	46D1	3	1728
48	46D3	3	1728
48	46D5	3	1728
48	46D8	3	1728
48	46DB	3	1728
48	46DE	3	1728
48	46E1	3	1728
48	46E4	3	1728
48	46E6	3	1728
48	46E9	3	1728
48	46EC	3	1728
48	46EE	3	1728
48	46F4	3	1728
48	46FA	72	1730
48	46FD	72	1731
48	4700	72	1731
48	4706	72	1731
48	4707	72	1731
48	470A	72	1731
48	470D	72	1731
48	4710	72	1731
48	4711	72	1731
48	4713	18	1734
48	4715	18	1734
48	471B	18	1735
48	471C	18	1735
48	471E	3	1760
48	4720	3	1760
48	4721	3	1760
48	4723	3	1760
48	4725	3	1760
48	4727	3	1760
48	4748	680	1140
48	474A	680	1140
48	474B	680	1140
48	474E	680	1140
48	474F	680	1140
48	4752	680	1140
48	4753	680	1140
48	4756	680	1140
48	4757	680	1140
48	475A	680	1140
48	475B	680	1140
48	475E	680	1140
48	475F	680	1140
48	4760	680	1140
48	4763	680	1140
48	4764	680	1140
48	4767	680	1140
48	4768	680	1140
48	476B	680	1140
48	476C	680	1140
48	476F	680	1140
48	4770	680	1140
48	4773	680	1140
48	4774	680	1140
48	4777	7119	1140
48	4778	7119	1140
48	4779	7119	1140
48	477A	7119	1140
48	477B	7119	1140
48	477C	7119	1140
48	477F	7119	1140
48	4780	7119	1140
48	4781	7119	1140
48	4783	2052	1140
48	4785	2048	1140
48	4786	2048	1140
48	4787	2048	1140
48	4788	2048	1140
48	478A	5067	1140
48	478B	5067	1140
48	478C	5067	1140
48	478E	4391	1140
48	478F	4391	1140
48	4790	4391	1140
48	4791	4391	1140
48	4793	680	1140
48	4794	680	1140
48	4795	680	1140
48	4796	680	1140
48	4798	680	1140
48	479A	680	1140
48	479C	680	1140
48	479E	680	1140
48	47A0	680	1140
48	47A2	680	1140
48	47A4	680	1140
48	47A6	680	1140
48	47A8	680	1140
48	47A9	680	1140
48	47AA	680	1140
48	47AB	680	1140
48	47AC	680	1140
48	47AD	680	1140
48	47AE	680	1140
48	47B0	680	1140
48	47B2	680	1140
48	47B3	680	1140
48	47B5	680	1140
48	47B7	680	1140
48	47B9	680	1140
48	47BA	680	1140
48	47BC	680	1140
48	47BE	680	1140
48	47C0	680	1140
48	47C3	680	1140
48	47C4	680	1140
48	47C5	680	1140
48	47C8	680	1140
48	47C9	680	1140
48	47CC	680	1140
48	47CD	680	1140
48	47D0	680	1140
48	47D1	680	1140
48	47D4	680	1140
48	47D6	5440	1140
48	47D7	5440	1140
48	47D8	5440	1140
48	47D9	5440	1140
48	47DA	5440	1140
48	47DB	5440	1140
48	47DD	680	1140
48	47E0	680	1140
48	47E1	680	1140
48	47E4	680	1140
48	47E5	680	1140
48	47E8	680	1140
48	47E9	680	1140
48	47EC	680	1140
48	47EE	5440	1140
48	47EF	5440	1140
48	47F0	5440	1140
48	47F1	5440	1140
48	47F2	5440	1140
48	47F3	5440	1140
48	47F5	680	1140
48	47F6	680	1140
48	47F8	680	1140
48	47FB	680	1140
48	47FD	680	1140
48	47FE	680	1140
48	4800	680	1140
48	4803	680	1140
48	4805	680	1140
48	4807	680	1140
48	4808	680	1140
48	480A	680	1140
48	480C	680	1140
48	480E	680	1140
48	4899	1	326
48	489C	1	326
48	489E	1	326
48	48A1	1	326
48	48A4	1	326
48	48A5	1	326
48	48A7	1	326
48	48AA	1	326
48	48AD	1	326
48	48AE	1	326
48	48AF	1	326
48	48B0	1	326
48	48B1	1	326
48	48B2	1	326
48	48B3	1	326
48	48B4	1	326
48	48B5	1	326
48	48B6	1	326
48	48B7	1	326
48	48BB	6	1112
48	48E1	6	326
48	48E2	6	326
48	48E5	6	326
48	48E8	6	326
48	48EA	6	326
48	48EC	6	326
48	48EE	96	326
48	48EF	96	326
48	48F2	96	326
48	48F3	96	326
48	48F4	96	326
48	48F5	96	326
48	48FE	96	326
48	48FF	96	326
48	4901	6	326
48	4904	6	326
48	4906	6	326
48	4908	336	326
48	4909	336	326
48	490C	336	326
48	490D	336	326
48	490E	336	326
48	490F	336	326
48	4911	6	326
48	4914	6	326
48	4915	6	326
48	4918	336	326
48	4919	336	326
48	491B	6	326
48	491E	6	326
48	491F	6	326
48	495C	5	1112
48	495F	5	1112
48	4961	5	1112
48	4963	5	1112
48	4964	5	1112
48	4966	5	1112
48	4968	5	1112
48	496A	5	1112
48	496D	5	1112
48	496F	5	1112
48	4971	5	1112
48	4974	5	1112
48	4977	5	1112
48	4978	5	1112
48	4979	5	1112
48	497A	5	1112
48	497B	5	1112
48	497C	5	1112
48	497E	5	1112
48	4981	5	1112
48	4983	5	1112
48	4984	5	1112
48	4986	5	1112
48	4989	5	1112
48	498B	5	1112
48	49DB	1	1762
48	49E1	1	1762
48	49E3	1	1762
48	49E5	1	1762
48	49E8	1	1762
48	49EB	1	1762
48	49ED	1	1762
48	49EE	1	1762
48	49F0	1	1762
48	49F2	1	1762
48	49F4	1	1762
48	49F6	1	1762
48	4A36	1	1762
48	4A38	1	1762
48	4A3B	1	1762
48	4A3E	1	1762
48	4A3F	1	1762
48	4A40	1	1762
48	4A42	1	1762
48	4A45	1	1762
48	4A4B	1	1762
48	4A4D	1	1762
48	4A4E	1	1112
48	4A54	1	1112
48	4A56	1	1112
48	4A58	1	1112
48	4A5B	1	1112
48	4A5E	1	1112
48	4A60	1	1112
48	4A61	1	1112
48	4A63	1	1112
48	4A65	1	1112
48	4A74	1	1112
48	4A76	1	1112
48	4A79	1	1112
48	4A7C	1	1112
48	4A7D	1	1112
48	4A7E	1	1112
48	4A80	1	1112
48	4A83	1	1112
48	4A89	1	1112
48	4A8B	1	1112
48	4AAB	1	22
48	4AAD	1	22
48	4AAF	1	22
48	4AB0	1	22
48	4AB2	1	22
48	4AB4	1	22
48	4AB6	1	22
48	4AB9	1	22
48	4ABB	1	22
48	4ABD	1	22
48	4AC0	1	22
48	4AC3	1	22
48	4AC5	1	22
48	4AC6	32	22
48	4AC7	32	22
48	4AC8	32	22
48	4ACA	1	22
48	4ACB	1	22
48	4ACD	1	22
48	4AD0	1	22
48	4AD2	1	22
48	4AD3	1	22
48	4AD5	1	22
48	4AD8	1	22
48	4ADA	1	22
4E	4658	1	22
4E	465A	1	22
4E	465C	1	22
4E	465F	1	22
4E	4661	1	22
4E	4663	1	22
4E	4666	1	22
4E	4669	1	22
4E	466C	1	22
4E	466F	1	22
4E	4672	1	22
4E	4675	1	22
4E	4678	1	22
4E	467B	1	22
4E	467E	1	22
4E	4681	1	22
4E	4683	1	22
4E	4687	1	22
4E	468A	1	22
4E	468B	1	22
4E	468E	1	22
4E	4691	1	22
4E	4694	1	22
4E	4697	1	22
4E	469A	1	22
4E	469B	1	22
4E	469D	1	22
4E	46A0	1	22
4E	46CF	1	326
4E	46D1	1	326
4E	46D3	1	326
4E	46D6	1	326
4E	46D8	1	326
4E	46DA	1	326
4E	46DD	1	326
4E	46E0	1	326
4E	46E3	1	326
4E	46E6	1	326
4E	46E9	1	326
4E	46EC	1	326
4E	46ED	1	326
4E	46EF	1	326
4E	46F2	1	326
4E	46F3	1	326
4E	46F5	1	326
4E	46F8	1	326
4E	46FB	1	326
4E	46FE	1	326
4E	4701	1	327
4E	4704	1	327
4E	4707	1	327
4E	470A	1	327
4E	470D	1	327
4E	470E	1	327
4E	4710	1	327
4E	4713	1	327
4E	4714	1	327
4E	4716	1	327
4E	4719	1	327
4E	471B	1	327
4E	471C	1	327
4E	471E	1	327
4E	4720	1	327
4E	4722	1	327
4E	4725	1	327
4E	4726	1	327
4E	4728	1	327
4E	4729	1	327
4E	472B	1	327
4E	472E	1	327
4E	472F	1	327
4E	4739	6	22
4E	473C	3376	22
4E	473D	3376	22
4E	473E	3376	22
4E	473F	3376	22
4E	4741	3376	22
4E	4742	3376	22
4E	4743	3376	22
4E	4744	3376	22
4E	4745	3376	22
4E	4746	3376	22
4E	4748	6	22
4E	4795	1	22
4E	4797	1	22
4E	4799	1	22
4E	479C	1	22
4E	479E	1	22
4E	47A0	1	22
4E	47A3	1	22
4E	47A6	1	22
4E	47A9	1	22
4E	47AC	1	22
4E	47AF	1	22
4E	47B0	1	22
4E	47B3	1	22
4E	47B4	1	22
4E	47B7	1	22
4E	47B8	1	22
4E	47BB	1	22
4E	47BC	1	22
4E	47BF	1	22
4E	47C2	1	22
4E	47C5	1	22
4E	47C8	1	22
4E	47CB	1	22
4E	47CE	1	22
4E	47D1	1	22
4E	47D4	1	22
4E	47D5	1	22
4E	47D8	1	22
4E	47D9	1	22
4E	47DC	1	22
4E	47DD	1	22
4E	47E0	1	22
4E	47E1	1	22
4E	47E4	1	22
4E	47E5	1	22
4E	47E7	1	22
4E	47EA	1	22
4F	4000	83	26
4F	4002	83	26
4F	4004	83	26
4F	4006	83	26
4F	4008	83	26
4F	400D	83	26
4F	404B	524	29
4F	404C	524	29
4F	404F	524	29
4F	4052	524	29
4F	4053	524	29
4F	4056	524	29
4F	4057	524	29
4F	405A	524	29
4F	405D	524	29
4F	405E	1048	29
4F	405F	1048	29
4F	4061	1048	29
4F	4063	1048	29
4F	4065	524	29
4F	4067	524	29
4F	4069	524	29
4F	406B	524	29
4F	406D	524	29
4F	406F	8384	29
4F	4070	8384	29
4F	4071	8384	29
4F	4072	8384	29
4F	4073	8384	29
4F	4074	8384	29
4F	4075	8384	29
4F	4076	8384	29
4F	4077	8384	29
4F	4078	8384	29
4F	4079	8384	29
4F	407A	8384	29
4F	407B	8384	29
4F	407C	8384	29
4F	407D	8384	29
4F	407E	8384	29
4F	407F	8384	29
4F	4080	8384	29
4F	4082	1048	29
4F	4083	29504	27
4F	4086	29504	27
4F	4087	29504	27
4F	4088	29504	27
4F	4089	29504	27
4F	408A	29504	27
4F	408B	29504	27
4F	408E	26048	27
4F	408F	26048	27
4F	4090	26048	27
4F	4093	24320	27
4F	4094	24320	27
4F	4097	24320	27
4F	4098	24320	27
4F	4099	24320	27
4F	409B	24320	27
4F	409D	24320	27
4F	409E	24320	27
4F	40A0	24320	27
4F	40A2	24320	27
4F	40A3	24320	27
4F	40A4	24320	27
4F	40A5	24320	27
4F	40A7	24320	27
4F	40A9	24320	27
4F	40AA	24320	27
4F	40AB	24320	27
4F	40AD	24320	27
4F	40AE	24320	27
4F	40B0	24320	27
4F	40B1	24320	27
4F	40B2	24320	27
4F	40B4	24320	27
4F	40B7	24320	27
4F	40B8	24320	27
4F	40B9	24320	27
4F	40BB	24320	27
4F	40BD	24320	27
4F	40BE	24320	27
4F	40C0	24320	27
4F	40C2	24320	27
4F	40C3	24320	27
4F	40C4	24320	27
4F	40C5	24320	27
4F	40C7	24320	27
4F	40C9	24320	27
4F	40CA	24320	27
4F	40CB	24320	27
4F	40CD	24320	27
4F	40CE	24320	27
4F	40D0	24320	27
4F	40D1	24320	27
4F	40D2	24320	27
4F	40D4	24320	27
4F	40D5	24320	27
4F	40D7	24320	27
4F	40D8	24320	27
4F	40DA	24320	27
4F	40DD	24320	27
4F	40DF	24320	27
4F	40E0	24320	27
4F	40E2	24320	27
4F	40E4	24320	27
4F	40E6	24320	27
4F	40E7	24320	27
4F	40E9	24320	27
4F	40EC	24320	27
4F	40EE	24320	27
4F	40EF	24320	27
4F	40F0	24320	27
4F	40F2	24320	27
4F	40F4	24320	27
4F	40F5	24320	27
4F	40F6	24320	27
4F	40F8	24320	27
4F	40F9	24320	27
4F	40FB	24320	27
4F	40FC	24320	27
4F	40FE	24320	27
4F	40FF	24320	27
4F	4101	24320	27
4F	4103	24320	27
4F	4105	24320	27
4F	4106	24320	27
4F	4108	24320	27
4F	410B	24320	27
4F	410D	24320	27
4F	410E	24320	27
4F	4110	24320	27
4F	4111	24320	27
4F	4112	24320	27
4F	4113	24320	27
4F	4115	24320	27
4F	4116	24320	27
4F	4118	24320	27
4F	4119	24320	27
4F	411A	24320	27
4F	411C	3456	41
4F	411F	3456	41
4F	4120	3456	41
4F	4121	3456	41
4F	4123	3456	41
4F	4124	3456	41
4F	4126	27776	27
4F	4129	27776	27
4F	412A	27776	27
4F	412C	27776	27
4F	412D	27776	27
4F	412F	27776	27
4F	4130	27776	27
4F	4131	1728	322
4F	4134	1728	322
4F	4135	1728	322
4F	4136	1728	322
4F	4138	1728	322
4F	4139	1728	322
4F	413B	1728	322
4F	413E	1728	322
4F	413F	1728	322
4F	4141	1728	322
4F	4142	1728	322
4F	4144	1728	322
4F	4145	1728	322
4F	4146	72960	27
4F	4147	72960	27
4F	4149	50304	27
4F	414A	50304	27
4F	414B	50304	27
4F	414E	50304	27
4F	414F	50304	27
4F	4150	50304	27
4F	4151	50304	27
4F	4152	50304	27
4F	4153	72960	27
4F	4156	72960	27
4F	4157	72960	27
4F	4158	72960	27
4F	415A	583680	27
4F	415B	583680	27
4F	415D	181736	27
4F	415E	583680	27
4F	4160	583680	27
4F	4162	583680	27
4F	4163	583680	27
4F	4165	72960	27
4F	4166	54	27
4F	4169	54	27
4F	416B	54	27
4F	416D	27	308
4F	416E	27	308
4F	4171	27	308
4F	4172	27	308
4F	4175	27	308
4F	4176	27	308
4F	4179	27	308
4F	417C	27	308
4F	417E	27	27
4F	417F	27	27
4F	4182	27	27
4F	4183	27	27
4F	4186	27	27
4F	4187	27	27
4F	418A	27	27
4F	418B	27	27
4F	418E	54	27
4F	4191	54	27
4F	41C2	54	27
4F	41C5	54	27
4F	41C8	54	27
4F	41CA	3456	27
4F	41CD	3456	27
4F	41CE	3456	27
4F	41D1	3456	27
4F	41D2	3456	27
4F	41D5	3456	27
4F	41D6	3456	27
4F	41D7	3456	27
4F	41DA	3456	27
4F	41DB	3456	27
4F	41DC	3456	27
4F	41DD	3456	27
4F	41DF	54	27
4F	41E0	515	27
4F	41E3	515	27
4F	41E4	515	27
4F	41E5	461	27
4F	41E6	461	27
4F	41E8	461	27
4F	41EA	251	27
4F	41ED	251	27
4F	41EE	251	27
4F	41F0	54	27
4F	41F3	54	27
4F	41F5	54	27
4F	41F7	27	42
4F	41F8	27	42
4F	41FB	27	42
4F	41FE	27	42
4F	4201	27	42
4F	4203	27	27
4F	4206	27	27
4F	4209	27	27
4F	420A	224	27
4F	420D	224	27
4F	420E	224	27
4F	4211	224	27
4F	4213	210	308
4F	4216	210	308
4F	4217	210	308
4F	4219	27	322
4F	421A	27	322
4F	421D	27	322
4F	4220	27	322
4F	4221	27	322
4F	4224	27	322
4F	4226	183	308
4F	4229	183	308
4F	422A	183	308
4F	422D	461	27
4F	4230	461	27
4F	4261	461	27
4F	4264	461	27
4F	4267	461	27
4F	4269	461	27
4F	426A	461	27
4F	426B	461	27
4F	426E	461	27
4F	426F	461	27
4F	4272	461	27
4F	4273	29504	27
4F	4274	29504	27
4F	4275	29504	27
4F	4276	29504	27
4F	4277	29504	27
4F	4278	29504	27
4F	427A	461	27
4F	427B	461	27
4F	427C	461	27
4F	427F	29504	27
4F	4282	29504	27
4F	4283	29504	27
4F	4284	29504	27
4F	4287	29504	27
4F	4288	29504	27
4F	428A	461	28
4F	428C	461	28
4F	428D	461	28
4F	42B4	26	27
4F	42B6	26	27
4F	42B8	26	27
4F	42B9	26	27
4F	42BB	26	27
4F	42BD	26	27
4F	42BF	26	27
4F	42C1	26	27
4F	42C4	26	27
4F	42C7	26	27
4F	42CA	26	27
4F	42CD	26	27
4F	42CF	26	27
4F	42D2	26	27
4F	42D5	26	27
4F	42D7	26	27
4F	42DA	26	27
4F	42DD	26	28
4F	42E0	234	28
4F	42E3	234	29
4F	42E6	234	29
4F	42EC	234	29
4F	42ED	234	29
4F	42F0	234	29
4F	42F3	234	30
4F	42F5	26	43
4F	42F7	26	43
4F	42F8	26	43
4F	42FA	26	43
4F	42FC	26	43
4F	42FE	26	43
4F	42FF	1	331
4F	4301	1	331
4F	4303	1	331
4F	4304	1	331
4F	4306	1	331
4F	4308	1	331
4F	430A	1	331
4F	430C	1	331
4F	430F	1	331
4F	4312	1	331
4F	4315	1	331
4F	4318	1	331
4F	431A	1	331
4F	431D	1	331
4F	4320	1	331
4F	4322	1	331
4F	4325	1	331
4F	4328	1	332
4F	432B	17	332
4F	432E	17	333
4F	4331	17	333
4F	4337	17	333
4F	4338	17	333
4F	433B	17	333
4F	433E	17	334
4F	4340	1	363
4F	4342	1	363
4F	4343	1	363
4F	4345	1	363
4F	4347	1	363
4F	4349	1	363
4F	4370	24	308
4F	4372	24	308
4F	4374	24	308
4F	4375	24	308
4F	4377	24	308
4F	4379	24	308
4F	437B	24	308
4F	437D	24	308
4F	4380	24	308
4F	4383	24	308
4F	4386	24	308
4F	4389	24	308
4F	438B	24	308
4F	438E	24	308
4F	4391	24	308
4F	4393	24	308
4F	4396	24	308
4F	4399	192	309
4F	439C	192	310
4F	439F	192	310
4F	43A5	192	310
4F	43A6	192	310
4F	43A9	192	310
4F	43AC	192	311
4F	43AE	24	323
4F	43B0	24	323
4F	43B1	24	323
4F	43B3	24	323
4F	43B5	24	323
4F	43B7	24	323
4F	45C6	4	6909
4F	45C8	4	6909
4F	45CA	4	6909
4F	45CB	4	6909
4F	45CD	4	6909
4F	45CF	4	6909
4F	45D1	4	6909
4F	45D3	16	6909
4F	45D6	16	6909
4F	45D7	256	6909
4F	45D8	256	6909
4F	45DA	256	6909
4F	45DB	256	6909
4F	45DC	256	6909
4F	45DE	256	6909
4F	45DF	256	6909
4F	45E0	256	6909
4F	45E1	256	6909
4F	45E2	256	6909
4F	45E4	4	6909
4F	45E6	256	6909
4F	45E7	256	6909
4F	45E8	256	6909
4F	45EA	16	6909
4F	45EB	16	6909
4F	45EC	16	6909
4F	45EE	16	6909
4F	45EF	16	6909
4F	45F1	16	6909
4F	45F2	16	6909
4F	45F3	16	6909
4F	45F5	16	6909
4F	45F6	16	6909
4F	45F7	16	6909
4F	45F8	16	6909
4F	45FA	4	6909
4F	45FC	4	6909
4F	45FD	4	6909
4F	45FF	4	6909
4F	4601	4	6909
4F	4603	4	6909
4F	4717	1	8
4F	4718	1	8
4F	4719	1	8
4F	471A	1	8
4F	471C	1	8
4F	471E	1	8
4F	4720	1	8
4F	4722	1	8
4F	4724	1	8
4F	4726	1	8
4F	4728	1	8
4F	472A	1	8
4F	472C	1	8
4F	472E	1	8
4F	4731	1	8
4F	4734	1	8
4F	4735	1	8
4F	4738	1	8
4F	473B	1	8
4F	473E	1	8
4F	473F	1	8
4F	4742	1	8
4F	4744	1	8
4F	4746	1	8
4F	4749	1	8
4F	474C	1	8
4F	474D	1	8
4F	4750	1	10
4F	4752	1	10
4F	4754	6	10
4F	4755	6	10
4F	4757	6	10
4F	475A	6	10
4F	475D	6	10
4F	475E	6	10
4F	4761	6	11
4F	4762	6	11
4F	4763	6	11
4F	4765	1	14
4F	4766	1	14
4F	4768	1	14
4F	476A	1	14
4F	476D	1	14
4F	4770	1	14
4F	4771	1	14
4F	4774	1	15
4F	4776	1	15
4F	4778	1	15
4F	477A	1	15
4F	477C	1	15
4F	477E	1	15
4F	4780	1	16
4F	4783	1	16
4F	4786	1	16
4F	4789	1	16
4F	478A	1	16
4F	478D	1	16
4F	4793	1	16
4F	4796	1	16
4F	4798	1	16
4F	479A	1	16
4F	479B	1	16
4F	479D	1	16
4F	479F	1	16
4F	47A1	1	16
4F	47A2	1	16
4F	47A3	1	17
4F	47A4	1	17
4F	47A5	1	17
4F	47A7	1	17
4F	47A9	1	17
4F	47AC	1	17
4F	47AF	1	17
4F	47B2	1	17
4F	47B5	1	17
4F	47B6	1	17
4F	47B9	1	17
4F	47BC	1	17
4F	47BF	1	17
4F	47C0	1	17
4F	47C3	1	17
4F	47C6	1	17
4F	47C7	1	17
4F	47C8	1	17
4F	47CB	1	17
4F	47CE	1	17
4F	47D1	1	17
4F	47D2	1	17
4F	47D4	1	17
4F	47D6	1	17
4F	47D8	1	17
4F	47D9	1	17
4F	47DA	1	17
4F	47DC	1	17
4F	47DE	6	17
4F	47DF	6	17
4F	47E1	6	17
4F	47E2	6	17
4F	47E5	6	17
4F	47E8	6	17
4F	47EB	6	18
4F	47EE	6	18
4F	47EF	6	18
4F	47F0	6	18
4F	47F2	1	22
4F	47F3	1	22
4F	47F6	1	22
4F	47FC	1	22
55	5BA2	4	11592
55	5BA5	4	11592
55	5BA6	4	11592
55	5BA9	4	11592
55	5BAA	4	11592
55	5BAD	4	11592
55	5BAF	4	11592
55	5BB1	4	11592
55	5BB7	4	11592
55	5BB8	4	11592
55	5BBB	4	11592
55	5BBE	4	11592
55	5BC1	4	11592
55	5BC2	4	11592
55	5BC3	4	11592
55	5BC5	4	11592
55	5BC6	4	11592
55	5BC7	4	11592
55	5BC8	4	11592
55	5BCB	4	11592
55	5BCD	4	11592
55	5BD0	4	11592
55	5BD3	4	11592
55	5BD6	4	11592
55	5BD8	4	11592
55	5BDB	4	11592
55	5BDD	4	11592
55	5BDF	4	11592
55	5BE1	4	11592
55	5BE2	4	11592
55	5BE4	4	11592
55	5BE6	4	11592
55	5BE7	4	11592
55	5BE8	4	11592
55	5BE9	4	11592
55	5BEA	4	11592
55	5BEC	4	11592
55	5BEE	4	11592
55	5BF0	4	11592
55	5BF2	4	11592
55	5BF4	4	11592
55	5BF7	4	11592
55	5BFA	4	11592
55	5BFC	4	11592
55	5BFE	4	11592
55	5C00	4	11592
55	5C06	4	11592
55	5C09	4	11592
55	5C0C	4	11592
55	5C0F	4	11592
55	5C11	4	11592
55	5C17	4	11592
55	5C1A	4	11592
55	5C1D	4	11592
55	5C1E	4	11592
55	5C21	4	11592
55	5C24	4	11592
55	5C27	4	11592
55	5C2A	4	11592
55	5C2C	4	11592
55	5C32	4	11592
55	5C34	4	11592
55	5C36	4	11592
55	5C37	4	11592
55	5C39	4	11592
55	5C3B	4	11592
55	5C3D	4	11592
55	5C3F	4	11592
55	5C42	4	11592
55	5C45	4	11592
55	5C4B	4	11592
55	5C4C	4	11592
55	5C4F	4	11592
55	5C51	4	11592
55	5C52	4	11592
55	5C54	4	11592
55	5C56	4	11592
55	5C58	4	11592
55	5C5A	4	11592
55	5C5D	4	11592
55	5C5F	4	11592
55	5C61	1	11592
55	5C64	1	11592
55	5C67	1	11592
55	5C69	1	11592
55	5C6B	1	11592
55	5C6D	1	11592
55	5C6E	1	11592
55	5C71	4	11592
55	5C73	4	11592
55	5C76	4	11592
55	5C79	4	11592
55	5C7C	4	11592
55	5C7E	4	11592
55	5C80	4	11592
55	5C86	4	11592
55	5C88	4	11592
55	5C8B	4	11592
55	5C8E	4	11592
55	5C8F	10	11594
55	5C90	10	11594
55	5C93	10	11594
55	5C95	10	11594
55	5C98	10	11594
55	5C9B	10	11594
55	5C9D	10	11594
55	5CA3	10	11594
55	5CA4	10	11594
55	5CA7	10	11594
55	5CAA	10	11594
55	5CAC	10	11594
55	5CAF	9	11594
55	5CB2	9	11594
55	5CB4	9	11594
55	5CB6	8	12907
55	5CB8	8	12907
55	5CBA	6	12959
55	5CBC	1	11594
55	5CBF	1	11594
55	5CC2	1	11594
55	5CC3	1	11594
55	5CC5	1	11594
55	5CC8	1	11594
55	5CCB	1	11594
55	5CCC	1	11594
55	5CCD	1	11594
55	5CCF	1	11594
55	5CD0	1	11594
55	5CD1	1	11594
55	5CD2	1	11594
55	5CD5	1	11594
55	5CD8	1	11594
55	5CDB	1	11594
55	5CDD	2	12907
55	5CE0	9	11594
55	5CE3	9	11594
55	5CE6	9	11594
55	5CE7	9	11594
55	5D05	9	11594
55	5D07	9	11594
55	5D0A	9	11594
55	5D0D	9	11594
55	5D10	9	11594
55	5D13	9	11594
55	5D15	9	11594
55	5D36	9	11594
55	5D39	9	11594
55	5D3B	9	11594
55	5D49	1498	11594
55	5D4C	1498	11595
55	5D52	1498	11595
55	5D58	1498	11595
55	5D5B	1498	11595
55	5D5E	1498	11595
55	5D5F	1498	11595
55	5D66	1498	11595
55	5D69	1498	11596
55	5D6C	1498	11596
55	5D6E	1498	11596
55	5D76	1498	11596
55	5D78	1498	11596
55	5D7A	1498	11596
55	5D7C	1489	11596
55	5D7E	1489	11596
55	5D80	1489	11596
55	5D82	1489	11596
55	5D84	1489	11596
55	5D86	1489	11596
55	5D88	1489	11596
55	5D8A	1489	11596
55	5D8C	1489	11596
55	5D8E	1489	11596
55	5D90	1489	11596
55	5D92	1489	11596
55	5D94	1486	11596
55	5D96	1486	11596
55	5D98	1486	11596
55	5D9A	9	12268
55	5DCC	3	12194
55	5DCF	3	12194
55	5DD2	3	12194
55	5DD3	3	12194
55	5DD4	3	12194
55	5DD6	3	12194
55	5DD7	3	12194
55	5DD8	3	12194
55	5DD9	3	12194
55	5DDC	3	12194
55	5DDF	3	12194
55	5DE2	3	12194
55	5DE4	3	12194
55	5DE5	3	12194
55	5DE7	3	12194
55	5DE9	3	12194
55	5DEC	3	12194
55	5DEF	3	12194
55	5DF0	3	12194
55	5DF2	3	12194
55	5E5A	3	12194
55	5E5D	9	12268
55	5E60	9	12268
55	5E61	9	12268
55	5E63	9	12268
55	5E65	9	12268
55	5E67	9	12268
55	5E69	6	12936
55	5E99	3	12268
55	5E9A	3	12268
55	5E9C	3	12268
55	5E9E	3	12268
55	5EA0	3	12268
55	5EA2	3	12268
55	5EA4	3	12268
55	5EB9	3	12268
55	5EBC	3	12268
55	5EBD	3	12268
55	5ED3	3	12268
55	5ED6	3	12268
55	5ED9	3	12268
55	5EDA	3	12268
55	5EDC	3	12268
55	5EDD	3	12268
55	5EE0	3	12281
55	5EE2	3	12281
55	5EE5	3	12281
55	5F09	6	12936
55	5F0C	6	12936
55	5F0E	6	12936
55	5F17	6	12936
55	5F19	6	12936
55	5F23	3	12281
55	5F25	3	12281
55	5F35	13	11594
55	5F38	13	11594
55	5F3B	13	11594
55	5F3C	13	11594
55	5F3D	13	11594
55	5F3E	13	11594
55	5F40	13	11594
55	5F41	13	11594
55	5F42	13	11594
55	5F43	13	11594
55	5F44	13	11594
55	5F45	13	11594
55	5F48	13	11594
55	5F49	13	11594
55	5F4A	13	11594
55	5F4B	13	11594
55	5F4D	13	11594
55	5F4E	13	11594
55	5F4F	13	11594
55	5F50	13	11594
55	5F51	13	11594
55	5F52	13	11594
55	5F55	13	11594
55	5F57	13	11594
55	5F58	13	11594
55	5F59	13	11594
55	5F5A	13	11594
55	5F5D	13	11594
55	5F5E	13	11594
55	5F5F	13	11594
55	5F60	13	11594
55	5F61	13	11594
55	5F62	13	11594
55	5F65	13	11594
55	6149	13	11594
55	614C	13	11594
55	614E	33	11594
55	6150	33	11594
55	6152	20	11594
55	6153	20	11594
55	6155	13	11594
55	6157	13	11594
55	615A	13	11594
55	615B	13	11594
55	615E	13	11594
55	617B	4	11592
55	617D	4	11592
55	6180	4	11592
55	6183	4	11592
55	6190	13	11594
55	6193	13	11594
55	6196	13	11594
55	6199	13	11594
55	619A	13	11594
55	619B	13	11594
55	619C	13	11594
55	619E	13	11594
55	619F	13	11594
55	61A0	13	11594
55	61A1	13	11594
55	61A2	13	11594
55	61A3	13	11594
55	61A6	13	11594
55	61A7	13	11594
55	61A9	13	11594
55	61AB	8	12919
55	61AC	8	12919
55	61AF	8	12919
55	61B2	8	12919
55	61B4	8	12919
55	61B6	8	12919
55	61BC	8	12919
55	61BD	8	12919
55	61BF	5	11594
55	61C0	5	11594
55	61C3	5	11594
55	61C6	5	11594
55	61C8	5	11594
55	61CA	5	11594
55	61D0	5	11594
55	61D1	5	11594
55	61D4	5	11594
55	61D7	5	11594
55	61D8	5	11594
55	61D9	5	11594
55	61DA	5	11594
55	61DC	5	11594
55	61DD	5	11594
55	61DE	5	11594
55	61DF	5	11594
55	61E0	5	11594
55	61E1	5	11594
55	61E4	5	11594
55	61E6	5	11594
55	61E7	5	11594
55	61E8	5	11594
55	61E9	5	11594
55	61EA	5	11594
55	61EC	5	11594
55	61ED	5	11594
55	61EE	5	11594
55	61EF	5	11594
55	61F0	5	11594
55	61F1	5	11594
55	61F2	5	11594
55	61F3	5	11594
55	61F4	5	11594
55	61F5	5	11594
55	61F6	13	11594
55	61F9	13	11594
55	61FB	13	11594
55	61FD	13	11594
55	61FF	13	11594
55	6201	13	11594
55	6202	13	11594
55	6203	13	11594
55	6206	13	11594
55	6208	13	11594
55	620A	13	11594
55	620C	13	11594
55	620D	13	11594
55	620E	13	11594
55	620F	13	11594
55	6212	13	11594
55	6213	13	11594
55	6216	13	11594
55	6219	13	11594
55	621B	13	11594
55	621D	5	11594
55	621F	5	11594
55	6221	5	11594
55	6222	5	11594
55	6224	5	11594
55	6226	5	11594
55	6228	5	11594
55	622A	5	11594
55	622B	5	11594
55	622E	5	11594
55	622F	5	11594
55	6232	5	11594
55	6234	5	11594
55	6235	5	11594
55	6237	5	11594
55	6239	5	11594
55	623B	13	11594
55	623E	13	11594
55	6240	13	11594
55	6242	5	11594
55	6245	5	11594
55	6247	5	11594
55	624F	5	11594
55	6252	5	11594
55	6255	5	11594
55	6257	5	11594
55	6259	5	11594
55	625F	5	11594
55	6271	5	11594
55	6273	5	11594
55	6275	5	11594
55	6276	5	11594
55	6278	5	11594
55	627A	5	11594
55	627C	5	11594
55	627E	5	11594
55	6281	5	11594
55	6283	5	11594
55	6286	5	11594
55	6289	5	11594
55	628B	5	11594
55	628E	5	11594
55	6290	5	11594
55	6291	5	11594
55	6293	5	11594
55	6295	5	11594
55	6297	5	11594
55	6299	8	12919
55	629C	8	12919
55	629F	13	11594
55	6318	2	12907
55	631B	2	12908
55	631D	2	12908
55	631F	2	12908
55	6321	2	12908
55	6322	2	12908
55	6325	2	12908
55	6327	2	12908
55	6328	2	12908
55	632A	2	12908
55	632C	2	12908
55	632F	2	12908
55	6332	2	12908
55	6333	2	12908
55	6335	2	12908
55	6338	2	12908
55	633B	2	12908
55	633E	2	12908
55	6340	2	12908
55	6342	1	13718
55	6348	2	12908
55	634A	2	12908
55	634C	1	12908
55	6352	2	12908
55	6354	2	12908
55	635C	2	12908
55	635E	2	12908
55	6366	22	12908
55	6369	22	12908
55	636B	22	12908
55	6386	22	12908
55	6389	22	12908
55	638B	22	12908
55	638D	11	13718
55	638E	11	13718
55	6391	11	13719
55	6392	11	13719
55	6398	11	13719
55	639A	11	12908
55	639C	11	12908
55	639E	11	12908
55	639F	11	12908
55	63A2	11	12909
55	63A3	11	12909
55	63A9	11	12909
55	63D2	22	12909
55	63D5	22	12909
55	63D6	22	12909
55	63D8	22	12909
55	63D9	22	12909
55	63DA	22	12909
55	63DD	22	12909
55	63DE	22	12909
55	63DF	22	12909
55	63E0	22	12909
55	63E3	2	12919
55	63E6	2	12919
55	63E7	1	11592
55	63EA	1	11592
55	63ED	1	11592
55	63EE	1	11592
55	63F5	1	11592
55	63F8	1	11592
55	63FB	1	11592
55	63FD	1	11592
55	6400	1	11592
55	6402	1	11592
55	6404	1	11592
55	6406	1	11592
55	6407	1	11592
55	640A	1	11592
55	640D	1	11592
55	640E	3	11592
55	6411	3	11592
55	6414	3	11592
55	6415	3	11592
55	6416	3	11592
55	6418	3	11592
55	6419	3	11592
55	641A	3	11592
55	641B	3	11592
55	6427	4	12268
55	642A	4	12268
55	642D	4	12268
55	6430	4	12268
55	6433	4	12268
55	6436	4	12268
55	6439	4	12268
55	643C	4	12268
55	643F	4	12268
55	6445	4	12268
55	6448	4	12268
55	644B	4	12268
55	644C	4	12268
55	6453	4	12268
55	6456	4	12269
55	6458	4	12269
55	645A	4	12269
55	645B	4	12269
55	645D	4	12269
55	645E	4	12269
55	6460	4	12269
55	6462	4	12269
55	6465	4	12269
55	6468	4	12269
55	6469	4	12269
55	646B	4	12269
55	646E	4	12269
55	6470	4	12269
55	6472	1	14557
55	6478	4	12269
55	647A	4	12269
55	647C	1	13079
55	6482	4	12269
55	6484	4	12269
55	6486	1	12269
55	648C	4	12269
55	648E	4	12269
55	6496	39	12269
55	6499	39	12269
55	649B	39	12269
55	64B6	39	12269
55	64B9	39	12269
55	64BB	39	12269
55	64BD	11	14557
55	64BE	11	14557
55	64C1	11	14558
55	64C2	11	14558
55	64C8	11	14558
55	64CA	28	12269
55	64CC	28	12269
55	64CE	11	13079
55	64CF	11	13079
55	64D2	11	13080
55	64D3	11	13080
55	64D9	11	13080
55	64DB	17	12269
55	64DD	17	12269
55	64DF	11	12269
55	64E0	11	12269
55	64E3	11	12270
55	64E4	11	12270
55	64EA	11	12270
55	64EC	6	15191
55	64EE	6	15191
55	64FD	6	15191
55	64FE	6	15191
55	6501	6	15192
55	6502	39	12270
55	6505	39	12270
55	6506	39	12270
55	6508	39	12270
55	6509	39	12270
55	650B	39	12270
55	650E	4	12280
55	6511	4	12281
55	6513	4	12281
55	6515	4	12281
55	6517	4	12281
55	6518	4	12281
55	651B	4	12281
55	6563	1	14573
55	6566	1	14574
55	6568	1	14574
55	656A	1	14574
55	656C	1	14574
55	656D	1	14574
55	6570	1	14574
55	6572	1	14574
55	6573	1	14574
55	6575	1	14574
55	6577	1	14574
55	657A	1	14574
55	657D	1	14574
55	657E	1	14574
55	6580	6	14574
55	6586	6	14574
55	6589	6	14574
55	658C	6	14574
55	658D	6	14574
55	6594	6	14574
55	6597	6	14575
55	6599	6	14575
55	659B	6	14575
55	659D	6	14575
55	659F	1	14576
55	65A0	1	14576
55	65A3	1	14576
55	65A4	6	14575
55	65A6	6	14575
55	65A8	6	14575
55	65AB	1	14580
55	65AE	1	15190
55	65AF	1	15190
55	65B2	1	15198
55	65B5	1	15199
55	65B7	1	15199
55	65B9	1	15199
55	65BB	1	15199
55	65BC	1	15199
55	65BF	1	15199
55	65C2	1	15199
55	65C3	1	15199
55	65C4	1	15199
55	65C9	1	15199
55	65CC	1	15199
55	65CF	1	15199
55	65D0	1	15199
55	65D1	1	15199
55	65D3	1	15199
55	65D4	1	15199
55	65D5	1	15199
55	65D6	1	15199
55	65DA	1	14580
55	65DD	1	14580
55	65E0	1	14580
55	65E2	1	14580
55	65E4	1	14580
55	65EA	1	14580
55	65ED	609	14581
55	65F3	609	14581
55	65F9	609	14581
55	65FC	609	14581
55	65FF	609	14581
55	6600	609	14581
55	6607	609	14581
55	660A	609	14582
55	660C	609	14582
55	660E	609	14582
55	6610	608	14582
55	6612	608	14582
55	6614	608	14582
55	6616	608	14582
55	6618	608	14582
55	661A	608	14582
55	661C	608	14582
55	661E	1	15190
55	6620	1	15190
55	6666	1	15190
55	6667	1	15190
55	666A	1	15190
55	666D	1	15190
55	6670	1	15190
55	6673	1	15190
55	6679	1	15190
55	667A	1	15190
55	667B	1	14580
55	667E	1	14580
55	6681	1	14580
55	6682	1	14580
55	6683	1	14580
55	6685	1	14580
55	6686	1	14580
55	6687	1	14580
55	6688	1	14580
55	668A	1	14580
55	668B	1	14580
55	668E	1	14580
55	6691	1	14580
55	6694	1	14580
55	6695	1	14580
55	6697	1	14580
55	6698	1	14580
55	669B	1	14580
55	669E	1	14580
55	66A0	1	14580
55	66A6	1	14580
55	66A9	1	14580
55	66AC	1	14580
55	66AD	1	14580
55	66AE	1	14580
55	66B0	1	14580
55	66B1	1	14580
55	66B2	1	14580
55	66B3	1	14580
55	66B5	1	14580
55	66B6	1	14580
55	66B9	1	14580
55	66BC	1	14580
55	66BF	1	14581
55	66C6	4	11592
55	66C8	4	11592
55	66CB	4	11592
55	66CE	4	11592
55	66CF	4	11592
55	66D0	4	11592
55	66D1	4	11592
55	66D3	4	11592
55	66D4	4	11592
55	66D5	4	11592
55	66D6	4	11592
55	66D7	4	11592
55	66D8	4	11592
55	6858	1	13713
55	685B	1	13713
55	685E	1	13713
55	685F	1	13713
55	6860	1	13713
55	6861	1	13713
55	6863	1	13713
55	6864	1	13713
55	6865	1	13713
55	6866	1	13713
55	6867	1	13713
55	6868	1	13713
55	6871	1	13713
55	6874	1	13713
55	6877	1	13713
55	6879	1	13713
55	687B	1	13713
55	687D	1	13713
55	6883	1	13714
55	6886	1	13714
55	6889	1	13714
55	688B	1	13714
55	688D	1	13714
55	688F	1	13714
55	6895	1	13715
55	6898	1	13715
55	689B	1	13715
55	689D	1	13715
55	689F	1	13715
55	68A1	1	13715
55	68A7	1	13716
55	6952	1	13716
55	6954	1	13716
55	6955	1	13716
55	6956	1	13716
55	6959	1	13716
55	695C	1	13716
55	695F	1	13716
55	6961	1	13716
55	6967	1	13716
55	696A	1	13717
55	696B	1	12903
55	696E	1	12903
55	6971	1	12903
55	6972	1	12903
55	6973	1	12903
55	6974	1	12903
55	6976	1	12903
55	6977	1	12903
55	6978	1	12903
55	6979	1	12903
55	697A	1	12903
55	697B	1	12903
55	6984	1	12903
55	6987	1	12903
55	698A	1	12903
55	698C	1	12903
55	698E	1	12903
55	6990	1	12903
55	6996	1	12904
55	6999	1	12904
55	699C	1	12904
55	699E	1	12904
55	69A0	1	12904
55	69A2	1	12904
55	69A8	1	12905
55	69AB	1	12905
55	69AE	1	12905
55	69B0	1	12905
55	69B2	1	12905
55	69B4	1	12905
55	69BA	1	12906
55	6A65	1	12906
55	6A67	1	12906
55	6A68	1	12906
55	6A69	1	12906
55	6A6C	1	12906
55	6A6F	1	12906
55	6A72	1	12906
55	6A74	1	12906
55	6A7A	1	12906
55	6A7D	1	12907
55	6A7E	1	11592
55	6A81	1	11592
55	6A84	1	11592
55	6A86	1	11592
55	6A88	1	11592
55	6A8A	1	11592
55	6A90	1	11592
55	6A93	1	11592
55	6A96	1	11592
55	6A98	1	11592
55	6A9A	1	11592
55	6A9C	1	11592
55	6AA2	1	11592
55	6AA5	1	11592
55	6AA8	1	11592
55	6AAA	1	11592
55	6AAC	1	11592
55	6AAE	1	11592
55	6AB4	1	11592
55	6AB7	1	11592
55	6ABA	1	11592
55	6ABD	1	11592
55	6ABF	1	11592
55	6AC5	1	11592
55	6AC8	1	11592
55	6AC9	1	14571
55	6ACC	1	14571
55	6ACF	1	14571
55	6AD1	1	14571
55	6AD3	1	14571
55	6AD5	1	14571
55	6ADB	1	14572
55	6ADE	1	14572
55	6AE1	1	14572
55	6AE4	1	14572
55	6AE6	1	14572
55	6AEC	1	14572
55	6AEF	1	14573
55	6AF0	4	11592
55	6AF2	4	11592
55	6AF4	4	11592
55	6AF5	4	11592
55	6AF7	4	11592
55	6AF9	4	11592
55	6AFB	4	11592
55	6AFD	4	11592
55	6AFF	4	11592
55	6B01	4	11592
55	6B03	4	11592
55	6B05	4	11592
55	6B06	4	11592
55	6B08	4	11592
55	6B0A	4	11592
55	6B0C	4	11592
55	6B0F	4	11592
55	6B12	4	11592
55	6B15	4	11592
55	6B16	4	11592
55	6B21	4	11592
55	6B27	4	11592
55	6B28	4	11592
55	6B2A	4	11592
55	6B2C	4	11592
55	6B2F	4	11592
55	6B32	4	11592
55	6B35	4	11592
55	6B36	4	11592
55	6B41	4	11592
55	6B47	4	11592
55	6B49	4	11592
55	6B4A	4	11592
55	6B4C	4	11592
55	6B4E	4	11592
55	6B50	4	11592
55	6BB2	3	11592
55	6BB5	3	11592
55	6BB8	3	11592
55	6BB9	3	11592
55	6BBA	2	12919
55	6BBD	2	12919
55	6BBE	2	12919
55	6BBF	2	12919
55	6BC2	2	12919
55	6BC5	2	12919
55	6BC7	2	12919
55	6BCD	2	12919
55	6BD0	2	12919
55	6BD3	2	12919
55	6BD6	2	12919
55	6BD7	2	14576
55	6BDA	2	14576
55	6BDD	2	14576
55	6BDE	2	14576
55	6BDF	2	14576
55	6BE0	2	14576
55	6BE2	2	14576
55	6BE3	2	14576
55	6BE4	2	14576
55	6BE5	2	14576
55	6BE6	2	14576
55	6BE7	2	14576
55	6BEA	2	14576
55	6BEC	2	14576
55	6BEE	2	14576
55	6BF1	2	14576
55	6BF4	2	14576
55	6BF5	2	14576
55	6C01	2	14576
55	6C03	2	14576
55	6C09	2	14576
55	6C10	13	11594
55	6C12	13	11594
55	6C15	13	11594
55	6C16	1498	11594
55	6C19	1498	11594
55	6C1A	1498	11594
55	6C1B	12	11594
55	6C1E	12	11594
55	6C1F	12	11594
55	6C20	12	11594
55	6C22	12	11594
55	6C24	12	11594
55	6C26	12	11594
55	6C45	12	11594
55	6C46	12	11594
55	6C47	12	11594
55	6C48	12	11594
55	6C4B	12	11594
55	6C4C	12	11594
55	6C4F	12	11594
55	6C50	12	11594
55	6C53	12	11594
55	6C54	12	11594
55	6C57	12	11594
55	6C58	12	11594
55	6C59	12	11594
55	6C5F	12	11594
55	6C61	12	11594
55	6C63	12	11594
55	6C65	12	11594
55	6C66	12	11594
55	6C68	12	11594
55	6C6A	12	11594
55	6C6C	12	11594
55	6C6E	12	11594
55	6C71	12	11594
55	6C74	12	11594
55	6C77	12	11594
55	6C7A	12	11594
55	6C7C	12	11594
55	6C7D	12	11594
55	6C7F	12	11594
55	6C81	12	11594
55	6C83	12	11594
55	6C89	12	11594
55	6C8B	12	11594
55	6C8D	12	11594
55	6C8E	12	11594
55	6C90	12	11594
55	6C92	12	11594
55	6C94	12	11594
55	6C96	12	11594
55	6C99	12	11594
55	6C9C	12	11594
55	6C9E	12	11594
55	6CA0	12	11594
55	6CA3	12	11594
55	6CA6	12	11594
55	6CA7	12	11594
55	6CB2	12	11594
55	6CB8	12	11595
55	6CBA	12	11595
55	6CBB	12	11595
55	6CBD	12	11595
55	6CBF	12	11595
55	6CC1	12	11595
55	6CC2	12	11595
55	6CC5	12	11595
55	6E94	3	11592
55	6E97	3	11592
55	6E98	3	11592
55	6E99	3	11592
55	6E9B	3	11592
55	6E9C	3	11592
55	6E9D	3	11592
55	6E9E	3	11592
55	6EAA	1	11594
55	6EAD	1	11594
55	6EAE	1	11594
55	6EAF	1	11594
55	6EB1	1	11594
55	6EB2	1	11594
55	6EB3	1	11594
55	6EB4	1	11594
55	6EC0	9	11594
55	6EC3	9	11594
55	6EC4	9	11594
55	6EC5	9	11594
55	6EC7	9	11594
55	6EC8	9	11594
55	6EC9	9	11594
55	6ECA	9	11594
55	6ED6	4	11592
55	6ED9	4	11592
55	6EDA	4	11592
55	6EDB	4	11592
55	6EDD	4	11592
55	6EDE	4	11592
55	6EDF	4	11592
55	6EE0	4	11592
55	6F02	3	12268
55	6F05	3	12268
55	6F06	3	12268
55	6F07	3	12268
55	6F09	3	12268
55	6F0A	3	12268
55	6F0B	3	12268
55	6F0C	3	12268
55	6F2E	2140	11592
55	6F2F	2140	11592
55	6F32	2140	11592
55	6F33	2140	11592
55	6F34	2140	11592
55	6F36	2140	11592
55	6F37	2140	11592
55	6F38	2140	11592
55	6F39	2140	11592
55	6F3A	2140	11592
55	7007	4	11592
55	7008	4	11592
55	700A	3	12901
55	700D	3	12901
55	700E	1	11592
55	7011	1	11592
55	7013	1	11592
55	7015	1	11592
55	7016	1	11592
55	7018	1	11592
55	701A	1	11592
55	701C	1	11592
55	701D	1	11592
55	701F	1	11592
55	7021	1	11592
55	7023	1	11592
55	7026	1	11592
55	7028	1	11592
55	702A	1	11592
55	702D	1	11592
55	702E	1	11592
55	702F	1	11592
55	7031	1	11592
55	7032	1	11592
55	7034	1	11592
55	7037	1	11592
55	7039	1	11592
55	703B	1	11592
55	703C	1	11592
55	703E	1	11592
55	7041	1	11592
55	7043	1	11592
55	7044	1	11592
55	7047	1	11592
55	7048	1	15199
55	704B	1	15199
55	704E	1	15199
55	704F	1	15199
55	7051	1	15199
55	7053	1	15199
55	7054	1	15199
55	7056	1	15199
55	7058	1	15199
55	705A	1	15199
55	705B	1	15199
55	705D	1	15199
55	705F	1	15199
55	7061	1	15199
55	7064	1	15199
55	7066	1	15199
55	7068	1	15199
55	706B	1	15199
55	706C	1	15199
55	706D	1	15199
55	706F	1	15199
55	7070	1	15199
55	7072	1	15199
55	7075	1	15199
55	7077	1	15199
55	7079	1	15199
55	707A	1	15199
55	707C	1	15199
55	707F	1	15199
55	7081	1	15199
63	4000	529	2520
63	4001	529	2520
63	4002	529	2520
63	4003	529	2520
63	4004	529	2520
63	4005	529	2520
63	4007	529	2520
63	4008	529	2520
63	400A	529	2520
63	400C	529	2520
63	400E	529	2520
63	4010	529	2520
63	4012	529	2520
63	4014	529	2520
63	4017	529	2520
63	4018	529	2520
63	4019	529	2520
63	401A	529	2520
63	401B	529	2520
63	401C	529	2520
63	401D	529	2520
63	401E	529	2520
63	401F	529	2520
63	4020	529	2520
63	4021	529	2520
63	4023	529	2520
63	4024	529	2520
63	4026	529	2520
63	4028	529	2520
63	4029	529	2520
63	402A	529	2520
63	402B	529	2520
63	402C	529	2520
63	403D	84	2520
63	403F	84	2520
63	4041	84	2520
63	4043	95	2521
63	4045	95	2521
63	4047	95	2521
63	4049	98	2527
63	404B	98	2527
63	404D	98	2527
63	404F	63	2526
63	4051	63	2526
63	4053	63	2526
63	4055	22	3664
63	4057	22	3664
63	4059	22	3664
63	405B	64	2522
63	405D	64	2522
63	405F	64	2522
63	4061	39	2520
63	4063	39	2520
63	4065	39	2520
63	4067	64	2521
63	4069	64	2521
63	406B	64	2521
63	406D	529	2520
63	406E	529	2520
63	406F	529	2520
63	4070	529	2520
63	4071	529	2520
65	4000	1	17
65	4003	1	22
65	4009	1	22
65	400F	1	22
65	4015	1	22
65	4016	1	22
65	4019	1	22
65	401C	1	22
65	401D	1	22
65	401E	1	22
65	4021	1	22
65	4022	1	22
65	4023	1	22
65	4024	1	22
65	4025	1	22
65	4026	1	22
65	4029	1	22
65	402F	1	324
65	4030	1	324
65	4032	1	324
65	4033	1	324
65	4035	1	324
65	4037	1	324
65	4038	1	324
65	4039	1	324
65	403A	1	324
65	403B	1	324
65	4078	1	324
65	407E	1	324
65	407F	1	324
65	4081	1	324
65	4082	1	324
65	4084	1	324
65	4086	1	324
65	4087	1	324
65	4088	1	324
65	4089	1	324
65	408A	1	324
65	408B	1	324
65	416C	1	324
65	4172	1	326
65	4174	1	326
65	4176	1	326
65	417C	1	326
65	417D	1	326
65	417F	1	326
65	4185	1	327
65	4186	1	327
65	4188	1	327
65	41A7	1	327
65	41A9	1	327
67	6369	1	23
67	636B	1	23
67	636D	1	23
67	6373	1	23
67	6379	1	23
67	637C	1	23
67	637F	1	23
67	6381	1	23
67	6383	1	23
67	6385	1	23
67	638B	1	24
67	638E	1	24
67	6391	1	24
67	6393	1	24
67	6395	1	24
67	6397	1	24
67	639D	1	25
67	63A0	1	25
67	63A3	1	25
67	63A5	1	25
67	63A7	1	25
67	63A9	1	25
67	63AF	1	26
67	63B2	1	26
67	63B5	1	26
67	63B8	1	26
67	63BA	1	26
67	63C0	1	26
67	63C3	1	26
67	63C6	1	26
67	63C9	1	26
67	63CB	1	26
67	63D1	1	26
67	63D4	1	26
67	63D7	1	26
67	63DA	1	26
67	63DC	1	26
67	63E2	1	26
67	63E5	1	26
67	63E8	1	26
67	63EA	1	26
67	63EC	1	26
67	63F2	1	26
67	63F5	1	26
67	63F8	1	26
67	63FB	1	26
67	63FD	1	26
67	6400	1	27
67	6401	1	22
67	6404	1	27
67	640A	1	43
67	640C	1	43
67	640D	1	43
67	640F	1	43
67	6411	1	43
67	6414	1	43
67	6417	1	43
67	6418	1	43
67	641A	1	43
67	641D	1	308
67	6423	1	323
67	6425	1	323
67	6426	1	323
67	6428	1	323
67	642A	1	323
67	642D	1	323
67	642E	1	323
67	6430	1	323
67	6433	1	324
67	6436	1	324
67	6437	1	22
67	6439	1	22
67	643B	1	22
67	6441	1	22
67	6447	1	23
67	644D	1	27
67	644E	1	43
67	644F	1	43
67	6452	265	43
67	6458	265	43
67	645B	265	44
67	645D	265	44
67	645F	265	44
67	6460	265	44
67	6462	265	44
67	6464	265	44
67	6466	265	44
67	6468	265	44
67	646B	265	44
67	646C	265	44
67	646E	265	44
67	646F	265	44
67	6471	265	44
67	6473	265	44
67	6475	265	44
67	6476	265	44
67	6477	265	44
67	6479	186	63
67	647B	186	63
67	647D	60	83
67	6480	60	83
67	6481	60	83
67	6483	3	83
67	6485	3	83
67	6486	3	83
67	6488	3	83
67	648A	3	83
67	648D	3	83
67	6490	3	83
67	6491	3	83
67	6493	3	83
67	6495	3	83
67	6498	3	83
67	649A	79	44
67	649B	79	44
67	649E	265	44
67	64A1	265	44
67	64A2	265	44
67	64A4	265	44
67	64A5	265	44
67	64A7	265	44
67	64A9	265	44
67	64AA	265	44
67	64AB	265	44
67	64AC	265	44
67	64AD	265	44
67	64B4	1	44
67	64B7	1	44
67	64BA	1	44
67	64BC	1	44
67	64BF	1	44
67	64C1	1	44
67	64C4	1	44
67	64C7	126	45
67	64CA	126	45
67	64CC	126	45
67	64CF	126	45
67	64D1	126	45
67	64D4	1	170
67	64D6	1	170
67	64D8	1	170
67	64DB	1	170
67	64DD	1	170
67	64DF	1	170
67	64E2	1	170
67	64E5	1	170
67	64E8	1	170
67	64EA	1	170
67	64ED	1	170
67	64EF	1	170
67	64F2	1	170
67	64F5	138	171
67	64F8	138	171
67	64FA	138	171
67	64FD	138	171
67	64FF	138	171
67	6502	1	308
67	6503	1	308
67	6505	1	308
67	6508	1	308
67	650A	1	308
67	650D	1	308
67	6513	1	308
67	6514	1	308
67	6516	1	308
67	6518	1	308
67	651C	1	308
67	651F	1	308
68	431A	1	308
68	431C	1	308
68	431E	1	308
68	4321	1	308
68	4323	1	308
68	4325	1	308
68	4326	1	308
68	4328	1	308
68	432A	1	308
68	432C	1	308
68	432F	1	308
68	4332	1	308
68	4334	1	308
68	4336	1	308
68	4339	1	308
68	433B	1	308
68	433D	1	308
68	4340	1	308
68	4342	1	308
68	4345	1	308
68	4348	1	308
68	434A	1	308
68	434C	1	308
68	434F	1	308
68	4350	1	308
68	4352	1	308
68	4354	1	308
68	4355	1	308
68	4357	1	308
68	435A	1	308
68	435C	1	308
68	435D	1	308
68	435F	1	308
68	4362	1	308
68	4364	1	308
68	459A	1	308
68	459C	1	308
68	459E	1	308
68	45A1	1	308
68	45A3	1	308
68	45A5	1	308
68	45A6	1	308
68	45A8	1	308
68	45AA	1	308
68	45AC	1	308
68	45AF	1	308
68	45B2	1	308
68	45B5	1	308
68	45B7	190	308
68	45B8	190	308
68	45B9	190	308
68	45BA	190	308
68	45BC	190	308
68	45BD	190	308
68	45BE	190	308
68	45BF	190	308
68	45C1	1	308
68	45C2	1	308
68	45C3	1	308
68	45C4	1	308
68	45C5	1	308
68	45C6	1	308
68	45C8	1	308
68	45C9	1	308
68	45CA	1	308
68	45CC	1	308
68	45CE	1	308
68	45CF	1	308
68	45D1	1	308
68	45D4	1	308
68	45D6	1	308
68	45D7	1	308
68	45D9	1	308
68	45DC	1	308
68	45DE	1	308
68	4870	1	324
68	4873	1	324
68	4874	1	324
68	4876	1	324
68	4877	1	324
68	4879	1	324
68	487B	1	324
68	487C	1	324
68	487D	1	324
68	487E	1	324
68	487F	1	324
68	4880	1	324
68	4883	1	324
68	4885	1	324
68	4887	1	324
68	4888	1	324
68	488A	1	324
68	488C	1	324
68	488E	1	324
68	488F	1	324
68	4891	1	324
68	4893	1	324
68	4895	1	324
68	4898	1	324
68	489A	1	324
68	489C	1	324
68	489F	1	324
68	48A0	1	324
68	48A1	1	324
68	48A3	1	324
68	48A4	1	324
68	48A6	1	324
68	48A9	1	324
68	48AB	1	324
68	48AD	1	324
68	48AE	1	324
68	48B0	1	324
68	48B3	1	324
68	48B5	1	324
68	48B6	1	324
68	48B8	1	324
68	48BA	1	324
68	48BC	1	324
68	48BE	1	324
68	48C0	1	324
68	48C2	1	324
68	48CE	1	324
68	48D0	1	324
68	48DE	1	324
68	48E1	1	324
68	48E4	1	324
68	48E5	1	324
68	48ED	1	324
68	48F0	1	324
68	48F2	1	324
68	4950	1	324
68	4952	1	324
68	4954	1	324
68	4955	1	324
68	4957	1	324
68	4959	1	324
68	495B	1	324
68	495E	1	324
68	4960	1	324
68	4962	1	324
68	4963	1	324
68	4965	1	324
68	4967	1	324
68	4969	1	324
68	496C	1	324
68	496D	1	324
68	4970	1	324
68	4973	1	324
68	4974	1	324
68	4975	1	324
68	4976	1	324
68	4977	1	324
68	4978	1	324
68	497A	1	324
68	497B	1	324
68	497C	1	324
68	497E	1	324
68	497F	1	324
68	4982	1	324
68	4984	1	324
68	4987	1	324
68	4988	1	324
68	498A	1	324
68	498C	1	324
68	49A0	1	324
68	49A2	1	324
68	49A3	1	324
68	49A5	1	324
68	49A8	1	324
68	49AA	1	324
68	49AC	1	324
68	49AD	1	324
68	49AF	1	324
68	49B2	1	324
68	49B4	1	324
68	49B5	1	324
68	49B6	1	324
68	49B8	1	324
68	49BA	1	324
68	49BB	1	324
68	49BD	1	324
68	49BF	1	324
68	49C1	1	324
68	49C4	1	324
68	49C6	1	324
68	49C8	1	324
68	49C9	1	324
68	49CB	1	324
68	49CD	1	324
68	49CF	1	324
68	49D2	1	324
68	49D5	1	324
68	49D8	1	324
68	49DB	1	324
68	49DC	1	324
68	49DD	1	324
68	49DE	1	324
68	49E1	1	324
68	49E4	1	324
68	49E7	1	324
68	49EA	1	324
68	49EC	1	324
68	49ED	1	324
68	49EF	1	324
68	49F2	1	324
68	49F4	1	324
68	49F6	1	324
68	49F7	1	324
68	49F9	1	324
68	49FC	1	324
68	49FE	1	324
68	49FF	2	324
68	4A02	508	324
68	4A03	508	324
68	4A04	508	324
68	4A05	508	324
68	4A07	508	324
68	4A08	508	324
68	4A09	508	324
68	4A0A	508	324
68	4A0B	508	324
68	4A0C	508	324
68	4A0E	2	324
68	4A0F	1	22
68	4A11	1	22
68	4A13	1	22
68	4A14	1	22
68	4A16	1	22
68	4A18	1	22
68	4A1A	1	22
68	4A1D	1	22
68	4A1F	1	22
68	4A21	1	22
68	4A22	1	22
68	4A24	1	22
68	4A26	1	22
68	4A28	1	22
68	4A2B	1	22
68	4A2C	1	22
68	4A2F	1	22
68	4A32	1	22
68	4A35	1	22
68	4A37	1	22
68	4A38	1	22
68	4A3A	1	22
68	4A3D	1	22
68	4A3F	1	22
68	4A41	1	22
68	4A42	1	22
68	4A44	1	22
68	4A47	1	22
68	4A49	1	22
69	40D1	2550	6917
69	40D4	2550	6917
69	40D6	2550	6917
69	40D7	2550	6917
69	414D	2550	6917
69	414E	2550	6917
69	4151	2550	6917
72	4015	4	6905
72	401B	4	6917
72	4021	4	7536
72	4027	4	7542
72	4029	4	7542
72	402A	4	6905
72	402B	4	6905
72	402D	4	6905
72	4030	4	6905
72	4031	4	6905
72	4032	4	6905
72	4033	4	6905
72	4034	4	6905
72	4035	4	6905
72	4037	4	6905
72	4038	4	6905
72	4039	4	6905
72	403A	4	6905
72	403B	4	6905
72	403C	4	6905
72	403E	4	6905
72	4040	4	6905
72	4041	4	6905
72	4043	4	6905
72	4044	4	6905
72	4046	4	6905
72	4048	4	6905
72	404A	4	6905
72	404B	4	6905
72	404C	4	6905
72	404E	4	6905
72	4051	4	6905
72	4057	4	6906
72	405D	4	6907
72	4060	4	6907
72	4063	4	6907
72	4065	4	6907
72	4067	4	6907
72	4069	4	6907
72	406F	4	6908
72	4072	4	6908
72	4075	4	6908
72	4078	4	6908
72	407A	4	6908
72	4080	4	6908
72	4083	4	6908
72	4086	4	6908
72	4089	4	6908
72	408B	4	6908
72	4091	4	6908
72	4094	4	6908
72	4097	4	6908
72	409A	4	6908
72	409C	4	6908
72	40A2	4	6908
72	40A4	4	6908
72	40A6	4	6908
72	40A7	4	6908
72	40A9	4	6908
72	40AB	4	6908
72	40AD	4	6908
72	40AF	4	6908
72	40B2	4	6909
72	40B5	4	6909
72	40BB	4	6909
72	40BC	4	6909
72	40BF	4	6909
72	40C1	4	6909
72	40C2	4	6909
72	40C4	4	6909
72	40C6	4	6909
72	40C8	4	6909
72	40CB	4	6909
72	40CE	4	6909
72	40D0	4	6909
72	40D2	4	6909
72	40D8	4	6909
72	40DB	4	6909
72	40DE	4	6909
72	40E0	4	6909
72	40E3	4	6909
72	40E5	4	6909
72	40E7	4	6909
72	40E9	4	6909
72	40EA	4	6909
72	40EB	4	6909
72	40EC	4	6909
72	40EF	4	6909
72	40F0	4	6909
72	40F2	4	6909
72	40F3	4	6909
72	40F6	4	6909
72	40F9	4	6909
72	40FB	4	6909
72	40FD	4	6909
72	40FF	4	6909
72	4102	4	6909
72	4105	4	6909
72	4106	4	6909
72	4109	4	6909
72	410C	4	6909
72	410F	4	6909
72	4112	4	6909
72	4118	4	6909
72	4119	4	6909
72	411C	4	6909
72	411F	4	6909
72	4122	4	6909
72	4124	4	6909
72	4126	4	6909
72	4128	4	6909
72	412E	4	6909
72	4131	4	6909
72	4134	4	6909
72	4136	4	6909
72	4138	4	6909
72	413A	4	6909
72	4140	4	6910
72	4143	4	6910
72	4146	4	6910
72	4148	4	6910
72	414A	4	6910
72	414C	4	6910
72	4152	4	6911
72	4154	4	6911
72	415A	4	6912
72	415C	4	6912
72	415E	4	6912
72	4160	4	6912
72	4163	4	6912
72	4166	4	6912
72	4169	4	6912
72	416C	4	6912
72	416F	4	6912
72	4172	4	6912
72	4175	4	6912
72	4178	4	6912
72	417B	4	6913
72	417D	4	6913
72	417F	4	6913
72	4181	4	6913
72	4182	4	6913
72	4185	4	6913
72	4187	4	6913
72	4189	4	6913
72	418B	4	6913
72	418D	4	6913
72	4190	4	6913
72	4196	4	6915
72	4198	4	6915
72	419B	4	6916
72	419E	4	6917
72	41A0	4	6917
72	41A2	4	6917
72	41A4	4	6917
72	41A5	4	6917
72	41A8	4	6917
72	41AA	4	6917
72	41AB	4	6917
72	41AD	4	6917
72	41AF	4	6917
72	41B2	4	6917
72	41B5	4	6917
72	41B6	4	6917
72	41B8	4	6917
72	41BB	4	6917
72	41BE	4	6917
72	41C1	4	6917
72	41C4	4	6917
72	41C6	4	6917
72	41C8	4	6917
72	41CE	4	6917
72	41D0	4	6917
72	41D1	4	6917
72	41D3	4	6917
72	41D5	4	6917
72	41D7	4	6917
72	43A7	4	6909
72	43DC	3	8730
72	43DE	3	8730
72	43DF	3	8730
72	43E1	2	8730
72	43E4	2	8730
72	43E7	2	8730
72	43EA	2	8730
72	43EC	1	15204
72	43EF	1	15204
72	43F2	1	15204
72	43F5	1	15204
72	43F7	3	8730
72	43FA	3	8730
72	43FC	3	8730
72	43FF	3	8730
72	4402	3	8730
72	4404	3	8730
72	4412	1	6909
72	4415	1	6909
72	4418	1	6909
72	441B	1	6909
72	441D	1	6909
72	441F	1	6909
72	4422	1	6909
72	4424	7	6909
72	4425	7	6909
72	4426	7	6909
72	4427	7	6909
72	4428	7	6909
72	4429	7	6909
72	442A	7	6909
72	442B	7	6909
72	442C	7	6909
72	442D	7	6909
72	442E	7	6909
72	4431	7	6909
72	4432	7	6909
72	4433	7	6909
72	4435	7	6909
72	4436	7	6909
72	4437	7	6909
72	4438	7	6909
72	4439	7	6909
72	443A	7	6909
72	443B	7	6909
72	443C	7	6909
72	443F	7	6909
72	4440	7	6909
72	4442	7	6909
72	4443	7	6909
72	4444	7	6909
72	4445	7	6909
72	4446	7	6909
72	4449	7	6909
72	444A	7	6909
72	444B	7	6909
72	444C	7	6909
72	444D	7	6909
72	444E	7	6909
72	444F	4	7536
72	4452	4	7536
72	4455	4	7536
72	4457	4	7536
72	445A	4	7536
72	445C	4	7536
72	445E	4	7536
72	445F	4	7536
72	4461	4	7536
72	4463	4	7536
72	4465	4	7536
72	4467	4	7536
72	446A	4	7536
72	446D	4	7536
72	4470	4	7536
72	4473	4	7536
72	4476	4	7536
72	4479	4	7536
72	447C	4	7536
72	447F	4	7536
72	4481	4	7536
72	4487	4	7537
72	448A	4	7537
72	448D	4	7537
72	448F	4	7537
72	4492	4	7537
72	4495	4	7538
72	4497	4	7538
72	4499	4	7538
72	449B	4	7538
72	449C	4	7538
72	449F	4	7538
72	44A5	4	7538
72	44A7	4	7538
72	44AA	4	7539
72	44AC	4	7539
72	44AE	4	7539
72	44B0	4	7539
72	44B2	4	7539
72	44B5	4	7539
72	44BB	4	7541
72	44BE	4	7542
72	44C0	4	7542
72	44C2	4	7542
72	44C4	4	7542
72	44C5	4	7542
72	44C8	4	7542
72	44CB	4	7542
72	44CE	4	7542
72	44D1	4	7542
72	44D2	4	7542
72	44D5	4	7542
72	44D6	4	7542
72	44DC	4	7542
72	44DE	4	7542
72	44DF	4	7542
72	44E1	4	7542
72	44E3	4	7542
72	44E5	4	7542
72	4578	2550	6917
72	457E	2550	6917
72	4584	2550	6917
72	4587	2550	6918
72	458D	2550	6918
72	4593	2550	6918
72	45A0	2546	6918
72	45A3	2546	6918
72	45A5	2546	6918
72	45A7	2546	6918
72	45A9	2546	6918
72	45AC	1928	8739
72	45AE	1928	8739
72	45B0	1928	8739
72	45B2	1928	8739
72	45B4	1928	8739
72	45B6	1927	8739
72	45B9	1	10629
72	45BB	1	10629
72	45BC	1	10629
72	45BE	1	10629
72	45C0	1	10629
72	45C3	1	10629
72	45C6	1	10629
72	45C7	1	10629
72	45C9	1	10629
72	45CB	1	10629
72	45CD	1	10629
72	45CF	1	10629
72	45D0	1	10629
72	45D2	1	10629
72	45D5	1	10629
72	45D8	1	10629
72	45DB	1	10629
72	45EA	4	7536
72	45EC	4	7536
72	45ED	4	7536
72	45EF	4	7536
72	45F1	4	7536
72	45F4	4	7536
72	45F7	4	7536
72	45F8	4	7536
72	45FA	4	7536
72	45FC	4	7536
72	45FD	4	7536
72	45FF	4	7536
72	472B	4	6905
72	472D	4	6905
72	472F	4	6905
72	4731	4	6905
72	4734	4	6905
72	4737	4	6905
72	473A	4	6905
72	473D	4	6906
72	4740	4	6906
72	4743	4	6906
72	4746	4	6906
72	4767	4	7538
72	4769	4	7538
72	476B	4	7538
72	476D	4	7538
72	4770	4	7538
72	4773	4	7538
72	4776	4	7538
72	4779	4	7538
72	477C	4	7538
72	477F	4	7538
72	4782	4	7538
72	47A3	8	6911
72	47A4	8	6911
72	47A6	8	6911
72	47A8	8	6911
72	47AA	8	6911
72	47AB	8	6911
72	47AD	8	6911
72	47AF	8	6911
72	47B1	8	6911
72	47B2	8	6911
72	47B4	8	6911
72	47B5	8	6911
72	47B8	8	6911
72	47BA	8	6911
72	47BC	8	6911
72	47BF	8	6911
72	47C0	8	6911
72	47C3	8	6912
72	47C4	8	6912
72	47C6	8	6912
72	47C8	8	6912
72	47CB	8	6912
72	47CC	8	6912
72	47CF	8	6912
72	47D0	8	6912
72	47D3	8	6912
72	4805	4	6906
72	4808	4	6907
72	480A	4	6907
72	480C	4	6907
72	480D	4	6907
72	480F	4	6907
72	4811	4	6907
72	4812	4	6907
72	4813	4	6907
72	4814	4	6907
72	4815	4	6907
72	4817	4	6907
72	4819	4	6907
72	481B	4	6907
72	481D	4	6907
72	481F	4	6907
72	4820	4	6907
72	4823	4	6907
72	4824	4	6913
72	4826	4	6913
72	4829	12	6913
72	482A	12	6913
72	482C	12	6913
72	482E	8	6913
72	4831	8	6913
72	4832	8	6913
72	4834	8	6913
72	4837	8	6913
72	4839	8	6913
72	483B	8	6913
72	483C	8	6913
72	483E	8	6913
72	4842	8	6913
72	4844	8	6913
72	4848	8	6913
72	484A	8	6913
72	484B	8	6913
72	484D	8	6913
72	484E	8	6913
72	484F	8	6913
72	4850	8	6913
72	4851	8	6913
72	4857	8	6913
72	485A	8	6914
72	485B	8	6914
72	485D	8	6914
72	485E	8	6914
72	4860	8	6914
72	4862	8	6914
72	4863	8	6914
72	4865	8	6914
72	4866	8	6914
72	4867	8	6914
72	4868	8	6914
72	486B	8	6914
72	486D	4	6915
72	486E	4	6915
72	4871	4	6915
72	4872	4	7539
72	4874	4	7539
72	4877	12	7539
72	4878	12	7539
72	487A	12	7539
72	487C	8	7539
72	487F	8	7539
72	4880	8	7539
72	4882	8	7539
72	4885	8	7539
72	4887	8	7539
72	4889	8	7539
72	488A	8	7539
72	488C	8	7539
72	4890	8	7539
72	4892	8	7539
72	4896	8	7539
72	4898	8	7539
72	4899	8	7539
72	489B	8	7539
72	489C	8	7539
72	489D	8	7539
72	489E	8	7539
72	489F	8	7539
72	48A5	8	7539
72	48A8	8	7540
72	48A9	8	7540
72	48AB	8	7540
72	48AC	8	7540
72	48AE	8	7540
72	48B0	8	7540
72	48B1	8	7540
72	48B3	8	7540
72	48B4	8	7540
72	48B5	8	7540
72	48B6	8	7540
72	48B9	8	7540
72	48BB	4	7541
72	48BC	4	7541
72	48BF	4	7541
75	4000	198	170
75	4001	198	170
75	4002	198	170
75	4003	198	170
75	4004	198	170
75	4006	3	170
75	4029	8	44
75	402A	8	44
75	402D	8	44
75	402E	8	44
75	402F	8	44
75	4030	3	44
75	4031	3	44
75	4034	3	44
75	4036	3	44
75	4038	3	44
75	403A	3	44
75	403C	3	44
75	403E	3	44
75	4040	3	44
75	4041	3	44
75	4044	3	44
75	4047	3	44
75	4049	3	44
75	404A	3	44
75	404D	3	44
75	404E	3	44
75	404F	3	44
75	4052	3	44
75	4053	3	44
75	4054	3	44
75	4057	3	44
75	4058	3	44
75	4059	3	44
75	405C	3	44
75	405D	3	44
75	405E	3	44
75	4060	3	44
75	4061	3	44
75	4063	1	44
75	4065	1	44
75	4066	3	44
75	4069	3	44
75	406C	3	44
75	406D	3	44
75	406E	3	44
75	406F	3	44
75	40B4	10	44
75	40B5	10	44
75	40B6	10	44
75	40B9	10	44
75	40BA	10	44
75	40BD	10	44
75	40BE	10	44
75	40C1	10	44
75	40C2	10	44
75	40C3	10	44
75	40C5	10	44
75	40DA	10	44
75	40DB	10	44
75	40DC	2	44
75	40DD	2	44
75	40DF	2	44
75	40E0	2	44
75	40E1	2	44
75	40E4	2	44
75	40E5	2	44
75	40E6	2	44
75	40E7	2	44
75	40E9	2	44
75	40EB	2	44
75	40F9	2	44
75	40FA	2	44
75	40FC	2	44
75	40FE	2	44
75	40FF	2	44
75	4102	2	44
75	4105	2	44
75	4106	2	44
75	4109	2	44
75	410C	2	44
75	410E	2	44
75	4110	2	44
75	4111	2	44
75	4113	2	44
75	4114	2	44
75	4235	1	44
75	4238	1	44
75	4239	1	44
75	423A	1	44
75	423B	1	44
75	423C	1	44
75	423E	1	44
75	4240	1	44
75	4242	1	44
75	4244	1	44
75	4247	1	44
75	424A	1	44
75	424D	1104	44
75	424E	1104	44
75	424F	1104	44
75	4250	1104	44
75	4251	1104	44
75	4252	1104	44
75	4254	1	44
75	4257	1	44
75	4259	1	44
75	425C	1	44
75	425D	1	44
75	425E	1	44
75	4260	1	44
75	4261	1	44
75	4263	1	44
75	4264	1	44
75	4267	1	44
75	4268	1	44
75	4269	1	44
75	426A	1	44
75	426B	1	44
75	426E	1	44
75	426F	1	44
75	4270	1	44
75	4271	1	44
75	4272	1	44
75	4275	1	44
75	4277	1	44
75	427A	1	44
75	427D	1	44
75	427E	1	44
75	4280	1	44
75	4286	1	44
75	4288	1	44
75	428B	1	44
75	4329	1	170
75	432C	1	170
75	432E	1	170
75	4331	1	170
75	4333	1	170
75	4336	1	170
75	4339	1	170
75	433B	1	170
75	433E	1	170
75	433F	1	170
75	4341	1	170
75	4344	1	170
75	4347	1	170
75	4348	1	170
75	4349	1	170
75	434A	1	170
75	434B	1	170
75	434C	1	170
75	434D	1	170
75	434E	1	170
75	434F	1	170
75	4352	1	170
75	4353	1	170
75	4354	1	170
75	4355	1	170
75	4356	1	170
75	4359	1	170
75	435A	1	170
75	435D	1	170
75	4360	1	170
75	4362	1	170
75	4365	1	170
75	4368	1	170
75	436B	1	170
75	436C	1	170
75	436D	1	170
75	4370	1	170
75	4371	1	170
75	4372	1	170
75	4374	1	170
75	4376	1	170
75	437C	1	170
75	437E	1	170
75	437F	1	170
75	4380	1	170
75	4382	1	170
75	4385	1	170
75	4388	1	170
75	438A	1	170
75	438D	1	170
75	4390	2	44
75	4392	2	44
75	4393	2	44
75	4395	2	44
75	4396	2	44
75	4437	2	44
75	443A	2	44
75	443C	2	44
75	44B5	2	44
75	44B6	2	44
75	44B9	2	44
75	44BC	2	44
75	44BD	2	44
75	44C0	2	44
75	44C3	2	44
75	44C6	2	44
75	44C8	2	44
75	563A	1	308
75	563D	1	308
75	563F	1	308
75	5642	1	308
75	5643	1	308
75	5646	1	308
75	5647	1	308
75	5648	1	308
75	564B	1	308
75	564E	1	308
75	5651	1	308
75	5654	1104	308
75	5655	1104	308
75	5656	1104	308
75	5657	1104	308
75	5658	1104	308
75	5659	1104	308
75	565B	1	308
75	5671	258	52
75	5674	258	52
75	5675	258	52
75	5676	258	52
75	5677	258	52
75	5678	258	52
75	567B	258	52
75	567D	258	52
75	567F	258	52
75	5682	258	52
75	5684	258	52
75	5689	258	52
75	568A	258	52
75	568B	258	52
75	568C	258	52
75	568F	258	52
75	5690	258	52
75	5691	258	52
75	5692	258	52
75	5693	3	169
75	5694	3	169
75	5696	3	169
75	5698	3	169
75	5699	3	169
75	569B	3	169
75	569C	3	169
75	569F	3	169
75	56A2	3	169
75	56A5	3	169
75	56A6	3	169
75	56A9	3	169
75	56AA	3	169
75	56AB	3	169
75	56AC	3	169
75	56AD	2	54
75	56AF	2	54
75	56B6	2	54
75	56B9	2	54
75	56BC	2	54
75	56BD	2	54
75	56BE	2	54
75	56C1	2	54
75	56C2	2	54
75	56C3	2	54
75	56C6	2	54
75	56C7	2	54
75	56C8	2	54
75	56CA	2	54
75	56CB	2	54
75	56CD	2	54
75	56CE	2	54
75	56D1	2	54
75	56D2	411	44
75	56D5	411	44
75	56D6	411	44
75	56D9	411	44
75	56DA	411	44
75	56DD	82	44
75	56E0	82	44
75	56E1	82	44
75	56E2	82	44
75	56E3	82	44
75	56E4	82	44
75	56E5	82	44
75	56E6	82	44
75	56E7	82	44
75	56E8	82	44
75	56EA	82	44
75	56ED	14	44
75	56EE	14	44
75	56EF	14	44
75	56F2	14	44
75	56F5	14	44
75	56F6	14	44
75	56F8	14	44
75	56F9	14	44
75	56FB	14	44
75	56FC	14	44
75	56FF	8	44
75	5702	8	44
75	5704	8	44
75	5706	8	44
75	5708	8	44
75	5709	8	44
75	570C	8	44
75	570D	8	44
75	570E	8	44
75	5711	8	44
75	5712	8	44
75	5713	8	44
75	5716	8	44
75	5719	8	44
75	571B	8	44
75	571D	2	44
75	5720	2	44
75	5721	2	44
75	5723	6	51
75	5726	6	51
75	5728	6	51
75	572A	6	51
75	572C	6	51
75	572E	6	51
75	5730	6	51
75	5734	6	51
75	5735	6	51
75	5737	6	51
75	573A	6	51
75	573B	6	51
75	573D	6	51
75	573E	6	51
75	5741	6	51
75	5743	6	51
75	5746	6	51
75	5747	6	51
75	574A	6	51
75	574B	6	51
75	574C	6	51
75	574D	6	51
75	5750	6	51
75	5751	6	51
75	5752	6	51
75	5753	6	51
75	5756	6	51
75	5757	6	51
75	5758	6	51
75	5759	6	51
75	575C	6	51
75	575E	6	51
75	5764	6	51
75	5767	6	51
75	5769	6	51
75	576B	6	51
75	576D	6	51
75	576F	6	51
75	5771	6	51
75	5773	6	51
75	5775	6	51
75	5777	6	51
75	5779	6	51
75	5781	6	51
75	5782	6	51
75	5785	2	44
75	5786	2	44
75	5789	2	44
75	578C	2	44
75	578D	2	44
75	578E	2	44
75	578F	2	44
75	5790	2	44
75	5792	6	44
75	5793	6	44
75	5794	6	44
75	5796	6	44
75	5797	6	44
75	5799	2	44
75	579A	2	44
75	579B	2	44
75	579E	2	44
75	579F	2	44
75	57A0	2	44
75	57F4	329	51
75	57F7	329	51
75	57F8	329	51
75	57FA	258	52
75	57FB	258	52
75	57FD	234	52
75	57FE	234	52
75	5801	24	52
75	5804	71	51
75	5807	71	51
75	5808	71	51
75	5809	71	51
75	580B	65	51
75	580D	65	51
75	580F	6	52
75	5811	71	51
75	5813	71	51
75	5814	71	51
75	5816	59	51
75	5818	59	51
75	581A	59	51
75	581B	59	51
75	581E	59	51
75	581F	59	51
75	5820	59	51
75	584C	12	52
75	584D	12	52
75	584F	12	52
75	5850	12	52
75	5852	6	52
75	5853	6	52
75	5854	6	52
75	5855	6	52
75	5858	6	52
75	585A	18	52
75	585B	18	52
75	585C	18	52
75	585E	6	52
75	5861	6	52
75	5863	6	52
75	5870	6	52
75	5873	6	52
75	5874	6	52
75	5877	6	52
75	5878	6	52
75	587A	24	52
75	587D	24	52
75	587F	24	52
75	5880	24	52
75	5882	6	52
75	5883	6	52
75	5884	6	52
75	5886	6	52
75	5889	6	52
75	588A	6	52
75	588B	6	52
75	588D	2	54
75	588E	2	54
75	5890	210	52
75	5893	210	52
75	5896	210	52
75	5897	210	52
75	5899	4	52
75	589A	4	52
75	589B	4	52
75	589C	4	52
75	589E	24	52
75	58A0	24	52
75	58A1	24	52
75	58A4	24	52
75	58A7	24	52
75	58A8	24	52
75	58AA	24	52
75	58AB	24	52
75	58AD	12	52
75	58B0	12	52
75	58B2	12	52
75	58B3	12	52
75	58B5	12	52
75	58B6	12	52
75	58B7	12	52
75	58C0	12	52
75	58C2	12	52
75	58C3	12	52
75	58C5	6	52
75	58C6	6	52
75	58C7	6	52
75	58C8	411	44
75	58CB	411	44
75	58CD	411	44
75	58CE	234	52
75	58D0	234	52
75	58D1	234	52
75	58D3	234	52
75	58D6	234	52
75	58D7	234	52
75	58D8	234	52
75	58D9	234	52
75	58DA	234	52
75	58DB	234	52
75	58DE	234	52
75	58DF	234	52
75	58E2	234	52
75	58E5	234	52
75	58E8	234	52
75	58E9	234	52
75	58EA	5846	44
75	58ED	5846	44
75	58EF	5846	44
75	58F2	5846	44
75	58F5	5846	44
75	58F8	5846	44
75	58F9	5846	44
75	58FB	5846	44
75	58FD	5529	51
75	58FE	5529	51
75	58FF	5529	51
75	5900	5529	51
75	5901	5529	51
75	5902	5529	51
75	5904	5529	51
75	5906	5529	51
75	5907	5529	51
75	5908	5529	51
75	5933	5846	44
75	5936	5846	44
75	5938	5846	44
75	593B	5764	44
75	593D	5764	44
75	5940	5435	44
75	5943	5435	44
75	5945	5435	44
75	5948	5434	44
75	594B	5434	44
75	594C	5434	44
75	594F	22	51
75	5950	22	51
75	5951	22	51
75	5954	4	51
75	5957	4	51
75	595A	4	51
75	595C	4	51
75	595F	4	51
75	5961	4	51
75	5963	4	51
75	5964	4	51
75	5966	4	51
75	5969	2	169
75	596B	2	169
75	5990	2	169
75	5991	2	169
75	5992	2	169
75	5995	2	169
75	5997	2	169
75	599A	2	169
75	59FC	2	51
75	59FE	2	51
75	5A01	2	51
75	5A04	2	51
75	5A06	2	51
75	5A09	2	51
75	5A0C	2	51
75	5A0F	2	51
75	5A11	2	51
75	5A14	2	51
75	5A36	329	51
75	5A39	329	51
75	5A3A	329	51
75	5A3B	329	51
75	5A3D	258	52
75	5A3F	258	52
75	5A41	24	52
75	5A42	24	52
75	5A44	24	52
75	5A46	18	52
75	5A48	18	52
75	5A4A	317	51
75	5A4C	329	51
75	5A4E	329	51
75	5A51	71	51
75	5A54	71	51
75	5A55	71	51
75	5AC3	6	52
75	5AC5	6	52
75	5AC7	6	52
75	5ACA	6	52
75	5ACB	6	52
75	5ACD	6	52
75	5AD0	6	52
75	5AD2	6	52
75	5B2B	82	44
75	5B2E	82	44
75	5B2F	82	44
75	5B30	82	44
75	5B31	82	44
75	5B32	82	44
75	5B34	82	44
75	5B35	82	44
75	5B36	82	44
75	5B37	82	44
75	5B38	411	44
75	5B3B	411	44
75	5B3D	411	44
75	5B3F	411	44
75	5B41	411	44
75	5B43	411	44
75	5B45	5846	44
75	5B46	6	52
75	5B47	6	52
75	5B4A	6	52
75	5B4D	6	52
75	5B50	6	52
75	5B51	6	52
75	5B52	6	52
75	5B55	6	52
75	5B58	6	52
75	5B5A	6	52
75	5B5C	6	52
75	5B63	6	52
75	5B66	6	52
75	5B68	6	52
75	5B6C	6	52
75	5B6D	6	52
75	5B70	6	52
75	5B71	6	52
75	5B73	6	52
75	5B76	6	52
75	5B79	6	52
75	5B7B	6	52
75	5B7E	6	52
75	5B80	6	52
75	5B83	6	52
75	5B85	6	52
75	5B88	6	52
75	5B8A	6	52
75	5B8C	6	52
75	5B8E	6	52
75	5B90	6	52
75	5B92	6	52
75	5B94	6	52
75	5B96	6	52
75	5B98	4	52
75	5B9A	4	52
75	5B9C	4	52
75	5B9E	4	52
75	5BA1	4	52
75	5BA3	4	52
75	5BA5	4	52
75	5BA7	4	52
75	5BA9	4	52
75	5BAB	4	52
75	5BAE	2	54
75	5BB0	2	54
75	5BB3	2	54
75	5BB5	2	54
75	5BB8	2	54
75	5BBB	2	54
75	5BBD	2	54
75	5BBF	2	54
75	5BC2	2	54
75	5BC3	2	54
75	5BC6	2	54
75	5BF9	2	186
75	5BFC	2	186
75	5BFD	2	186
75	5BFE	2	186
75	5BFF	2	186
75	5C02	2	186
75	5C03	2	186
75	5C04	2	186
75	5C05	2	186
75	5C06	2	186
75	5C09	2	186
75	5C0B	2	186
75	5C0E	2	186
75	5D42	2	52
75	5D45	2	52
75	5D48	2	52
75	5D4A	18	52
75	5D4B	18	52
75	5D4C	18	52
75	5D4D	18	52
75	5D4F	18	52
75	5D50	18	52
75	5D51	18	52
75	5D53	2	52
75	5D54	2	52
75	5D55	2	52
75	5D57	2	52
75	5D5A	2	52
75	5D5C	2	52
75	5D5E	2	52
75	5D60	2	52
75	5D62	2	52
75	5D65	2	52
75	5D67	2	52
75	5D6A	2	52
75	5E31	6	52
75	5F08	2	52
75	5F0B	4	52
75	5F0E	4	52
75	5F10	8	44
75	5F13	8	44
75	5F14	8	44
75	5F17	8	44
75	5F19	8	44
75	5F20	8	44
75	5F22	8	44
75	5F24	8	44
75	5F26	8	44
75	5F27	8	44
75	5F2A	8	44
75	5F2C	8	44
75	5F2E	8	44
75	5F2F	8	44
75	5F32	8	44
75	5F33	8	44
75	5F36	8	44
75	5F37	8	44
75	5F3A	8	44
75	5F3B	8	44
75	5F3E	8	44
75	5F3F	8	44
75	5F42	8	44
75	5F43	8	44
75	5F46	8	44
75	5F47	8	44
75	5F4A	8	44
75	5F4B	8	44
75	5F4E	8	44
75	5F51	8	44
75	5F52	8	44
75	5F53	8	44
75	5F55	8	44
75	5F58	8	44
75	5F59	8	44
75	5F5C	8	44
75	5F5D	8	44
75	5F60	8	44
75	5F62	8	44
75	5F65	8	44
75	5F68	8	44
75	5F6A	8	44
75	5F6B	8	44
75	5F6C	2	170
75	5F6D	2	170
75	5F70	2	170
75	5F71	2	170
75	5F72	2	170
75	5F73	2	170
75	5F75	4	170
75	5F78	4	170
75	5F7A	2	170
75	5F7C	8	170
75	5F7F	8	170
75	5F81	2	170
75	5F82	2	170
75	5F83	2	170
75	5F86	2	170
75	5F87	2	170
75	5F88	2	170
75	5F89	2	170
75	5F8A	2	170
75	5F8B	2	170
75	5F8C	2	170
75	5F8D	2	170
75	5F8E	2	170
75	5F90	2	170
75	5F91	2	170
75	5F92	2	170
75	5F93	2	170
75	5F94	2	170
75	5F95	2	170
75	5F96	12	170
75	5F97	12	170
75	5F98	12	170
75	5F99	12	170
75	5F9A	12	170
75	5F9C	12	170
75	5F9D	12	170
75	5F9E	12	170
75	5F9F	12	170
75	6149	5846	44
75	614C	5846	44
75	614E	5846	44
75	614F	5125	52
75	6152	5125	52
75	6154	5125	52
75	6155	5124	52
75	6156	5124	52
75	6158	5124	52
75	615A	5124	52
75	615C	5124	52
75	615E	5124	52
75	6160	5124	52
75	6162	5124	52
75	6164	5124	52
75	6166	5124	52
75	6168	5124	52
75	616A	5124	52
75	616D	5124	52
75	616F	5124	52
75	6170	5124	52
75	6172	5124	52
75	6174	5124	52
75	6177	5124	52
75	6178	5124	52
75	6179	5124	52
75	617A	5124	52
75	617B	5124	52
75	617C	5124	52
75	617F	5124	52
75	6180	5124	52
75	6181	5124	52
75	61F1	2561	52
75	61F2	2561	52
75	61F4	2560	54
75	61F5	2560	54
75	61F7	2559	54
75	61F8	2559	54
75	61F9	1	52
75	61FC	1	52
75	61FD	1	52
75	61FF	1	52
75	620B	1	54
75	620E	1	54
75	620F	1	54
75	6210	1	54
75	6211	1	54
75	6214	1	54
75	6216	1	54
75	6218	1	54
75	621A	1	54
75	621B	1	54
75	621D	1	54
75	6221	1	54
75	6223	1	54
75	6226	1	54
75	6227	1	54
75	6229	1	54
75	622A	1	54
75	622B	1	54
75	622C	1	54
75	622D	1	54
75	622E	1	54
75	622F	1	54
75	6230	1	54
75	6235	1	54
75	6238	1	54
75	6239	1	54
75	623A	1	54
75	623D	1	54
75	623F	1	54
75	6241	1	54
75	6264	2	52
75	6266	2	52
75	6269	2	52
75	6371	2	178
75	6373	2	178
75	6376	2	178
75	7634	2563	178
75	7635	2563	178
75	7637	2562	186
75	7638	2562	186
75	763A	2561	190
75	763B	2561	190
75	763D	2560	191
75	763E	2560	191
75	7640	2559	191
75	7641	2559	191
75	7642	1	178
75	7645	1	178
75	7648	1	186
75	764B	1	186
75	764C	1	186
75	764E	1	186
75	7650	1	186
75	7655	1	186
75	7658	1	186
75	765A	1	186
75	765B	1	186
75	765D	1	186
75	765E	1	186
75	7661	1	186
75	7663	1	186
75	7666	1	186
75	7669	1	186
75	766A	1	186
75	766B	1	186
75	766C	1	186
75	766F	1	186
75	7670	1	186
75	7671	1	186
75	7672	1	186
75	7675	1	186
75	7676	1	186
75	7677	1	186
75	767A	1	186
75	767D	1	190
75	7680	1	191
7C	7B7C	1	1112
7C	7B82	1	1112
7C	7B83	1	1112
7C	7B84	1	1112
7C	7B85	1	1112
7C	7B8B	1	1762
7C	7B9A	1	1762
7C	7BB7	1	1762
7C	7BBD	1	1762
7C	7BBE	1	1762
7C	7BBF	1	1762
7C	7BC0	3	1762
7C	7BC6	2	2491
7C	7CB0	2	2491
7C	7CB2	2	2491
7C	7CB4	2	2491
7C	7CBA	2	2491
7C	7CBC	2	2491
7C	7CBF	2	2491
7C	7CC1	2	2491
7C	7CC4	2	2491
7C	7CCA	2	15848
7D	7B7C	15410	327
7D	7B7E	15410	327
7D	7B80	15410	327
7D	7B82	15410	327
7D	7B84	15410	327
7D	7B86	15410	327
7D	7B88	15410	327
7D	7B89	15410	327
7D	7B8B	15410	327
7D	7B8D	15410	327
7D	7B8F	15410	327
7D	7B91	15410	327
7D	7B93	15410	327
7D	7B95	15410	327
7D	7B97	15410	327
7D	7B99	15410	327
7D	7B9B	15410	327
7D	7B9C	15410	327
7D	7B9E	15410	327
7D	7B9F	15410	327
7D	7BA1	15410	327
7D	7BA3	15410	327
7D	7BA4	5149	1142
7D	7BA6	5149	1142
7D	7BA7	5149	1142
7D	7BA9	14	1142
7D	7BAA	14	1142
7D	7BAD	5149	1142
7D	7BB0	5149	1142
7D	7BB1	5149	1142
7D	7BB3	2204	1142
7D	7BB6	5149	1142
7D	7BB7	10261	327
7D	7BB8	10261	327
7D	7BB9	10261	327
7D	7BBA	10261	327
7D	7BBD	10261	327
7D	7BBE	10261	327
7D	7BBF	10261	327
7D	7BC0	10261	327
7D	7BC1	15410	327
7D	7BC4	15410	327
7D	7BC6	15410	327
7D	7BC7	15410	327
7D	7BC8	15410	327
7D	7BCA	15410	327
7D	7BCB	15410	327
7D	7BCD	15410	327
7D	7BD0	15410	327
7D	7BD2	15410	327
7D	7BD4	123280	327
7D	7BD7	123280	327
7D	7BD9	123280	327
7D	7BDB	84	460
7D	7BDC	84	460
7D	7BDD	84	460
7D	7BDE	84	460
7D	7BE4	123280	327
7D	7BE5	123280	327
7D	7BE7	123280	327
7D	7BE8	123280	327
7D	7BEA	15410	327
7D	7BEC	15410	327
7D	7BED	15410	327
7D	7BEF	15410	327
7D	7BF0	2	16
7D	7BF1	2	16
7D	7BF3	2	16
7D	7BF5	2	16
7D	7BF7	2	16
7D	7BF9	2	16
7D	7BFC	2	16
7D	7BFE	2	16
7D	7C00	19	16
7D	7C01	19	16
7D	7C04	19	16
7D	7C05	19	16
7D	7C08	19	16
7D	7C0B	19	16
7D	7C0D	152	16
7D	7C0E	152	16
7D	7C0F	152	16
7D	7C11	19	16
7F	4007	653	2521
7F	400A	653	2521
7F	400D	653	2521
7F	400E	653	2521
7F	400F	653	2521
7F	4011	653	2521
7F	4013	653	2521
7F	4015	653	2521
7F	4017	653	2521
7F	401B	653	2521
7F	401D	653	2521
7F	401E	653	2521
7F	4020	653	2521
7F	4021	653	2521
7F	4022	653	2521
7F	4024	653	2521
7F	4027	653	2521
7F	4029	5224	2521
7F	402A	5224	2521
7F	402C	1227	2524
7F	402D	5224	2521
7F	402F	5224	2521
7F	4031	5224	2521
7F	4032	5224	2521
7F	4034	653	2521
7F	4035	653	2521
7F	4036	653	2521
7F	4039	653	2521
7F	403A	653	2521
7F	403B	653	2521
7F	403C	653	2521
7F	403D	653	2521
7F	403F	653	2521
7F	4041	653	2521
7F	405F	529	2520
7F	4065	529	2520
7F	4068	529	2520
7F	406B	529	2520
7F	406E	529	2520
7F	4071	529	2520
7F	4072	529	2520
7F	4073	529	2520
7F	4074	529	2520
7F	4076	529	2520
7F	4078	447	2520
7F	407A	447	2520
7F	407C	82	2523
7F	407E	529	2520
7F	407F	529	2520
7F	4081	529	2520
7F	4087	529	2520
7F	4089	529	2520
7F	408A	529	2520
7F	408C	529	2520
7F	408E	447	2520
7F	4090	447	2520
7F	4092	447	2520
7F	4094	82	2523
7F	4095	82	2523
7F	4097	82	2523
7F	4099	75	2523
7F	409B	75	2523
7F	409D	75	2523
7F	409F	7	6004
7F	40A1	7	6004
7F	40A3	529	2520
7F	40A4	529	2520
7F	40A5	529	2520
7F	40A6	529	2520
7F	40A7	529	2520
7F	40A8	529	2520
7F	40AA	529	2520
7F	40AB	529	2520
7F	40AC	529	2520
7F	40AD	529	2520
7F	40AE	529	2520
7F	40AF	529	2520
7F	40B0	529	2520
7F	40B1	529	2520
7F	40B3	529	2520
7F	40B4	529	2520
7F	40B5	529	2520
7F	40B7	529	2520
7F	40B8	529	2520
7F	40B9	529	2520
7F	40BA	529	2520
7F	40BB	529	2520
7F	40BC	529	2520
7F	40BD	529	2520
7F	40C0	529	2520
7F	40C1	529	2520
7F	40C2	529	2520
7F	40C3	529	2520
7F	40C4	529	2520
7F	40C6	529	2520
7F	40C7	529	2520
7F	40C8	529	2520
7F	40C9	529	2520
7F	40CA	529	2520
7F	40CD	529	2520
7F	40CE	529	2520
7F	40CF	529	2520
7F	40D0	529	2520
7F	40D1	529	2520
7F	40D3	529	2520
7F	40D4	529	2520
7F	40D5	529	2520
7F	40D6	529	2520
7F	40D7	529	2520
7F	40D8	529	2520
7F	40D9	529	2520
7F	40DA	529	2520
7F	40DB	529	2520
7F	40DC	529	2520
7F	40DF	529	2520
7F	40E2	529	2520
7F	40E3	529	2520
7F	40E4	529	2520
7F	40E5	529	2520
7F	40E6	529	2520
7F	40E7	529	2520
7F	40E8	529	2520
7F	40E9	529	2520
7F	40EC	529	2520
7F	40EF	529	2520
7F	40F2	529	2520
7F	40F3	529	2520
7F	40F4	529	2520
7F	40F5	529	2520
7F	40F6	529	2520
7F	40F7	529	2520
7F	40F8	529	2520
7F	41A7	2207	2520
7F	41A8	2207	2520
7F	41A9	2207	2520
7F	41AA	2207	2520
7F	41AB	2207	2520
7F	41AD	2207	2520
7F	41AF	1121	2520
7F	41B1	1121	2520
7F	41C5	1086	2523
7F	41C6	1086	2523
7F	41C7	1086	2523
7F	41C8	1086	2523
7F	41CA	1121	2520
7F	41CB	1121	2520
7F	41CD	2207	2520
7F	41CE	2207	2520
7F	41CF	2207	2520
7F	41D0	1058	2520
7F	41D1	1058	2520
7F	41D2	1058	2520
7F	41D3	1058	2520
7F	41D6	1058	2520
7F	41D8	16928	2520
7F	41DA	16928	2520
7F	41DC	16928	2520
7F	41DE	3703	2520
7F	41DF	16928	2520
7F	41E1	16928	2520
7F	41E3	16928	2520
7F	41E4	16928	2520
7F	41E6	1058	2520
7F	41E7	1058	2520
7F	41E8	1058	2520
7F	41E9	1058	2520
7F	41EA	2883	2520
7F	41EB	2883	2520
7F	41ED	2883	2520
7F	41EF	2883	2520
7F	41F1	2883	2520
7F	41F3	2883	2520
7F	41F4	2883	2520
7F	41F5	2883	2520
7F	41F6	2883	2520
7F	41F8	2883	2520
7F	41FB	2883	2520
7F	41FC	2883	2520
7F	41FD	2883	2520
7F	41FE	2883	2520
7F	41FF	2883	2520
7F	4200	2883	2520
7F	4201	2883	2520
7F	420E	732	3210
7F	4210	732	3210
7F	4211	732	3210
7F	4212	8784	3210
7F	4213	8784	3210
7F	4214	8784	3210
7F	4215	8784	3210
7F	4217	732	3210
7F	4218	1859	2520
7F	4219	1859	2520
7F	421A	292	2522
7F	421C	292	2522
7F	421D	292	2522
7F	421E	3504	2522
7F	4220	3504	2522
7F	4221	3504	2522
7F	4222	3504	2522
7F	4223	3504	2522
7F	4224	3504	2522
7F	4225	3504	2522
7F	4226	3504	2522
7F	4227	3504	2522
7F	4228	3504	2522
7F	422A	292	2522
7F	42C3	2883	2520
7F	42C4	2883	2520
7F	42C5	2883	2520
7F	42C8	2883	2520
7F	42C9	2883	2520
7F	42CA	3255	2520
7F	42CB	3255	2520
7F	42CD	3255	2520
7F	42CF	3255	2520
7F	42D1	3255	2520
7F	42D2	3255	2520
7F	42D4	3255	2520
7F	42D6	3255	2520
7F	42D8	3255	2520
7F	42DA	3255	2520
7F	42DB	3255	2520
7F	42DE	3255	2520
7F	42E1	15336	2520
7F	42E2	15336	2520
7F	42E4	12081	2522
7F	42E5	12081	2522
7F	42E7	3255	2520
7F	42E9	3255	2520
7F	42EA	3255	2520
7F	42EB	3255	2520
7F	42EC	3255	2520
7F	42EE	3255	2520
7F	42F9	3255	2520
7F	42FA	3255	2520
7F	42FC	3255	2520
7F	42FE	3255	2520
7F	4300	3255	2520
7F	4302	3255	2520
7F	4304	3255	2520
7F	4306	3255	2520
7F	4308	3255	2520
7F	430A	3255	2520
7F	430C	3255	2520
7F	430D	3255	2520
7F	430E	3255	2520
7F	430F	3255	2520
7F	4311	3255	2520
7F	4314	3255	2520
7F	4315	3255	2520
7F	4316	3255	2520
7F	4319	3255	2520
7F	431C	3255	2520
7F	431D	3255	2520
7F	431E	3255	2520
7F	4321	3255	2520
7F	4322	3255	2520
7F	4323	3255	2520
7F	4324	3255	2520
7F	4325	3255	2520
7F	4326	3255	2520
7F	4327	3255	2520
7F	4328	3255	2520
7F	432B	3255	2520
7F	432C	3255	2520
7F	432E	3255	2520
7F	432F	3255	2520
7F	4330	13011	2520
7F	4331	13011	2520
7F	4333	9756	2520
7F	4335	9756	2520
7F	4337	9756	2520
7F	4339	3255	2520
7F	433A	3255	2520
7F	433D	3255	2520
7F	433E	3255	2520
7F	433F	3255	2520
7F	4340	3255	2520
7F	4341	3255	2520
7F	4342	3255	2520
7F	4343	3255	2520
7F	4344	3255	2520
7F	4345	3255	2520
7F	4348	3255	2520
7F	4349	3255	2520
7F	434A	3255	2520
7F	434B	3255	2520
7F	434C	3255	2520
7F	434D	3255	2520
7F	434E	3255	2520
7F	434F	3255	2520
7F	4350	3255	2520
7F	4352	3255	2520
7F	4368	3255	2520
7F	4369	3255	2520
7F	436A	3255	2520
7F	436B	3255	2520
7F	436C	3255	2520
7F	436D	3255	2520
7F	4370	3255	2520
7F	4371	3255	2520
7F	4373	3255	2520
7F	4374	3255	2520
7F	4375	13011	2520
7F	4376	13011	2520
7F	4378	9756	2520
7F	437A	9756	2520
7F	437C	9756	2520
7F	437E	3255	2520
7F	437F	3255	2520
7F	4382	3255	2520
7F	4383	3255	2520
7F	4384	3255	2520
7F	4385	3255	2520
7F	4386	3255	2520
7F	4387	3255	2520
7F	4388	3255	2520
7F	4389	3255	2520
7F	438A	3255	2520
7F	438D	3255	2520
7F	438E	3255	2520
7F	438F	3255	2520
7F	4390	3255	2520
7F	4391	3255	2520
7F	4392	3255	2520
7F	4393	3255	2520
7F	4394	3255	2520
7F	4395	3255	2520
7F	4397	3255	2520
7F	43AD	3255	2520
7F	43AE	3255	2520
7F	43AF	3255	2520
7F	43B0	3255	2520
7F	43B1	3255	2520
7F	43B2	3255	2520
7F	43B5	3255	2520
7F	43B6	3255	2520
7F	43B8	3255	2520
7F	43B9	3255	2520
7F	43BA	13011	2520
7F	43BB	13011	2520
7F	43BD	9756	2520
7F	43BF	9756	2520
7F	43C1	9756	2520
7F	43C3	3255	2520
7F	43C4	3255	2520
7F	43C7	3255	2520
7F	43C8	3255	2520
7F	43C9	3255	2520
7F	43CA	3255	2520
7F	43CB	3255	2520
7F	43CC	3255	2520
7F	43CD	3255	2520
7F	43CE	3255	2520
7F	43CF	3255	2520
7F	43D2	3255	2520
7F	43D3	3255	2520
7F	43D4	3255	2520
7F	43D5	3255	2520
7F	43D6	3255	2520
7F	43D7	3255	2520
7F	43D8	3255	2520
7F	43D9	3255	2520
7F	43DA	3255	2520
7F	43DC	3255	2520
7F	43F2	3255	2520
7F	43F3	3255	2520
7F	43F4	3255	2520
7F	43F5	3255	2520
7F	43F6	3255	2520
7F	43F7	3255	2520
7F	43FA	3255	2520
7F	43FB	3255	2520
7F	43FD	3255	2520
7F	43FE	3255	2520
7F	43FF	13011	2520
7F	4400	13011	2520
7F	4402	9756	2520
7F	4404	9756	2520
7F	4406	9756	2520
7F	4408	3255	2520
7F	4409	3255	2520
7F	440C	3255	2520
7F	440D	3255	2520
7F	440E	3255	2520
7F	440F	3255	2520
7F	4410	3255	2520
7F	4411	3255	2520
7F	4412	3255	2520
7F	4413	3255	2520
7F	4414	3255	2520
7F	4417	3255	2520
7F	4418	3255	2520
7F	4419	3255	2520
7F	441A	3255	2520
7F	441B	3255	2520
7F	441C	3255	2520
7F	441D	3255	2520
7F	441E	3255	2520
7F	441F	3255	2520
7F	4421	3255	2520
7F	4437	3255	2520
7F	4438	3255	2520
7F	4439	3255	2520
7F	443A	3255	2520
7F	443B	3255	2520
7F	443C	3255	2520
7F	443F	3255	2520
7F	4440	3255	2520
7F	4442	3255	2520
7F	4443	3255	2520
7F	4444	13011	2520
7F	4445	13011	2520
7F	4447	9756	2520
7F	4449	9756	2520
7F	444B	9756	2520
7F	444D	3255	2520
7F	444E	3255	2520
7F	4451	3255	2520
7F	4452	3255	2520
7F	4453	3255	2520
7F	4454	3255	2520
7F	4455	3255	2520
7F	4456	3255	2520
7F	4457	3255	2520
7F	4458	3255	2520
7F	4459	3255	2520
7F	445C	3255	2520
7F	445D	3255	2520
7F	445E	3255	2520
7F	445F	3255	2520
7F	4460	3255	2520
7F	4461	3255	2520
7F	4462	3255	2520
7F	4463	3255	2520
7F	4464	3255	2520
7F	4466	3255	2520
7F	447C	3255	2520
7F	447D	3255	2520
7F	447E	3255	2520
7F	447F	3255	2520
7F	4480	3255	2520
7F	4481	3255	2520
7F	4484	3255	2520
7F	4485	3255	2520
7F	4487	3255	2520
7F	4488	3255	2520
7F	4489	13011	2520
7F	448A	13011	2520
7F	448C	9756	2520
7F	448E	9756	2520
7F	4490	9756	2520
7F	4492	3255	2520
7F	4493	3255	2520
7F	4496	3255	2520
7F	4497	3255	2520
7F	4498	3255	2520
7F	4499	3255	2520
7F	449A	3255	2520
7F	449B	3255	2520
7F	449C	3255	2520
7F	449D	3255	2520
7F	449E	3255	2520
7F	44A1	3255	2520
7F	44A2	3255	2520
7F	44A3	3255	2520
7F	44A4	3255	2520
7F	44A5	3255	2520
7F	44A6	3255	2520
7F	44A7	3255	2520
7F	44A8	3255	2520
7F	44A9	3255	2520
7F	44AB	3255	2520
7F	44C1	3255	2520
7F	44C2	3255	2520
7F	44C3	3255	2520
7F	44C4	3255	2520
7F	44C5	3255	2520
7F	44C6	3255	2520
7F	44C9	3255	2520
7F	44CA	3255	2520
7F	44CC	3255	2520
7F	44CD	3255	2520
7F	44CE	13011	2520
7F	44CF	13011	2520
7F	44D1	9756	2520
7F	44D3	9756	2520
7F	44D5	9756	2520
7F	44D7	3255	2520
7F	44D8	3255	2520
7F	44DB	3255	2520
7F	44DC	3255	2520
7F	44DD	3255	2520
7F	44DE	3255	2520
7F	44DF	3255	2520
7F	44E0	3255	2520
7F	44E1	3255	2520
7F	44E2	3255	2520
7F	44E3	3255	2520
7F	44E6	3255	2520
7F	44E7	3255	2520
7F	44E8	3255	2520
7F	44E9	3255	2520
7F	44EA	3255	2520
7F	44EB	3255	2520
7F	44EC	3255	2520
7F	44ED	3255	2520
7F	44EE	3255	2520
7F	44F0	3255	2520
7F	4506	3255	2520
7F	4507	3255	2520
7F	4508	3255	2520
7F	4509	3255	2520
7F	450A	3255	2520
7F	450B	3255	2520
7F	450E	3255	2520
7F	450F	3255	2520
7F	4511	3255	2520
7F	4512	3255	2520
7F	4513	13011	2520
7F	4514	13011	2520
7F	4516	9756	2520
7F	4518	9756	2520
7F	451A	9756	2520
7F	451C	3255	2520
7F	451D	3255	2520
7F	4520	3255	2520
7F	4521	3255	2520
7F	4522	3255	2520
7F	4523	3255	2520
7F	4524	3255	2520
7F	4525	3255	2520
7F	4526	3255	2520
7F	4527	3255	2520
7F	4528	3255	2520
7F	452B	3255	2520
7F	452C	3255	2520
7F	452D	3255	2520
7F	452E	3255	2520
7F	452F	3255	2520
7F	4530	3255	2520
7F	4531	3255	2520
7F	4532	3255	2520
7F	4533	3255	2520
7F	4535	3255	2520
7F	4537	1534	2524
7F	4538	1534	2524
7F	453B	1534	2524
7F	453C	1534	2524
7F	453D	1534	2524
7F	453E	1534	2524
7F	4540	1534	2524
7F	454B	3255	2520
7F	454C	3255	2520
7F	454D	3255	2520
7F	454E	3255	2520
7F	454F	3255	2520
7F	4550	3255	2520
7F	4553	3255	2520
7F	4554	3255	2520
7F	4556	3255	2520
7F	4557	3255	2520
7F	4558	13011	2520
7F	4559	13011	2520
7F	455B	9756	2520
7F	455D	9756	2520
7F	455F	9756	2520
7F	4561	3255	2520
7F	4562	3255	2520
7F	4565	3255	2520
7F	4566	3255	2520
7F	4567	3255	2520
7F	4568	3255	2520
7F	4569	3255	2520
7F	456A	3255	2520
7F	456B	3255	2520
7F	456C	3255	2520
7F	456D	3255	2520
7F	4570	3255	2520
7F	4571	3255	2520
7F	4572	3255	2520
7F	4573	3255	2520
7F	4574	3255	2520
7F	4575	3255	2520
7F	4576	3255	2520
7F	4577	3255	2520
7F	4578	3255	2520
7F	457A	3255	2520
7F	4590	3255	2520
7F	4591	3255	2520
7F	4592	3255	2520
7F	4593	3255	2520
7F	4594	3255	2520
7F	4595	3255	2520
7F	4598	3255	2520
7F	4599	3255	2520
7F	459B	3255	2520
7F	459C	3255	2520
7F	459D	13011	2520
7F	459E	13011	2520
7F	45A0	9756	2520
7F	45A2	9756	2520
7F	45A4	9756	2520
7F	45A6	3255	2520
7F	45A7	3255	2520
7F	45AA	3255	2520
7F	45AB	3255	2520
7F	45AC	3255	2520
7F	45AD	3255	2520
7F	45AE	3255	2520
7F	45AF	3255	2520
7F	45B0	3255	2520
7F	45B1	3255	2520
7F	45B2	3255	2520
7F	45B5	3255	2520
7F	45B6	3255	2520
7F	45B7	3255	2520
7F	45B8	3255	2520
7F	45B9	3255	2520
7F	45BA	3255	2520
7F	45BB	3255	2520
7F	45BC	3255	2520
7F	45BD	3255	2520
7F	45BF	3255	2520
7F	45D5	3255	2520
7F	45D6	3255	2520
7F	45D7	3255	2520
7F	45D8	3255	2520
7F	45D9	3255	2520
7F	45DA	3255	2520
7F	45DD	3255	2520
7F	45DE	3255	2520
7F	45E0	3255	2520
7F	45E1	3255	2520
7F	45E2	13011	2520
7F	45E3	13011	2520
7F	45E5	9756	2520
7F	45E7	9756	2520
7F	45E9	9756	2520
7F	45EB	3255	2520
7F	45EC	3255	2520
7F	45EF	3255	2520
7F	45F0	3255	2520
7F	45F1	3255	2520
7F	45F2	3255	2520
7F	45F3	3255	2520
7F	45F4	3255	2520
7F	45F5	3255	2520
7F	45F6	3255	2520
7F	45F7	3255	2520
7F	45FA	3255	2520
7F	45FB	3255	2520
7F	45FC	3255	2520
7F	45FD	3255	2520
7F	45FE	3255	2520
7F	45FF	3255	2520
7F	4600	3255	2520
7F	4601	3255	2520
7F	4602	3255	2520
7F	4604	3255	2520
7F	461A	3255	2520
7F	461B	3255	2520
7F	461C	3255	2520
7F	461D	3255	2520
7F	461E	3255	2520
7F	461F	3255	2520
7F	4622	3255	2520
7F	4623	3255	2520
7F	4625	3255	2520
7F	4626	3255	2520
7F	4627	13011	2520
7F	4628	13011	2520
7F	462A	9756	2520
7F	462C	9756	2520
7F	462E	9756	2520
7F	4630	3255	2520
7F	4631	3255	2520
7F	4634	3255	2520
7F	4635	3255	2520
7F	4636	3255	2520
7F	4637	3255	2520
7F	4638	3255	2520
7F	4639	3255	2520
7F	463A	3255	2520
7F	463B	3255	2520
7F	463C	3255	2520
7F	463F	3255	2520
7F	4640	3255	2520
7F	4641	3255	2520
7F	4642	3255	2520
7F	4643	3255	2520
7F	4644	3255	2520
7F	4645	3255	2520
7F	4646	3255	2520
7F	4647	3255	2520
7F	4649	3255	2520
7F	464B	320	2520
7F	464C	320	2520
7F	464F	320	2520
7F	4650	320	2520
7F	4651	320	2520
7F	4652	320	2520
7F	4654	320	2520
7F	465F	3255	2520
7F	4660	3255	2520
7F	4661	3255	2520
7F	4662	3255	2520
7F	4663	3255	2520
7F	4664	3255	2520
7F	4667	3255	2520
7F	4668	3255	2520
7F	466A	3255	2520
7F	466B	3255	2520
7F	466C	13011	2520
7F	466D	13011	2520
7F	466F	9756	2520
7F	4671	9756	2520
7F	4673	9756	2520
7F	4675	3255	2520
7F	4676	3255	2520
7F	4679	3255	2520
7F	467A	3255	2520
7F	467B	3255	2520
7F	467C	3255	2520
7F	467D	3255	2520
7F	467E	3255	2520
7F	467F	3255	2520
7F	4680	3255	2520
7F	4681	3255	2520
7F	4684	3255	2520
7F	4685	3255	2520
7F	4686	3255	2520
7F	4687	3255	2520
7F	4688	3255	2520
7F	4689	3255	2520
7F	468A	3255	2520
7F	468B	3255	2520
7F	468C	3255	2520
7F	468E	3255	2520
7F	46A4	3255	2520
7F	46A5	3255	2520
7F	46A6	3255	2520
7F	46A7	3255	2520
7F	46A8	3255	2520
7F	46A9	3255	2520
7F	46AC	3255	2520
7F	46AD	3255	2520
7F	46AF	3255	2520
7F	46B0	3255	2520
7F	46B1	13011	2520
7F	46B2	13011	2520
7F	46B4	9756	2520
7F	46B6	9756	2520
7F	46B8	9756	2520
7F	46BA	3255	2520
7F	46BB	3255	2520
7F	46BE	3255	2520
7F	46BF	3255	2520
7F	46C0	3255	2520
7F	46C1	3255	2520
7F	46C2	3255	2520
7F	46C3	3255	2520
7F	46C4	3255	2520
7F	46C5	3255	2520
7F	46C6	3255	2520
7F	46C9	3255	2520
7F	46CA	3255	2520
7F	46CB	3255	2520
7F	46CC	3255	2520
7F	46CD	3255	2520
7F	46CE	3255	2520
7F	46CF	3255	2520
7F	46D0	3255	2520
7F	46D1	3255	2520
7F	46D3	3255	2520
7F	46E9	3255	2520
7F	46EA	3255	2520
7F	46EB	3255	2520
7F	46EC	3255	2520
7F	46ED	3255	2520
7F	46EE	3255	2520
7F	46F1	3255	2520
7F	46F2	3255	2520
7F	46F4	3255	2520
7F	46F5	3255	2520
7F	46F6	13011	2520
7F	46F7	13011	2520
7F	46F9	9756	2520
7F	46FB	9756	2520
7F	46FD	9756	2520
7F	46FF	3255	2520
7F	4700	3255	2520
7F	4703	3255	2520
7F	4704	3255	2520
7F	4705	3255	2520
7F	4706	3255	2520
7F	4707	3255	2520
7F	4708	3255	2520
7F	4709	3255	2520
7F	470A	3255	2520
7F	470B	3255	2520
7F	470E	3255	2520
7F	470F	3255	2520
7F	4710	3255	2520
7F	4711	3255	2520
7F	4712	3255	2520
7F	4713	3255	2520
7F	4714	3255	2520
7F	4715	3255	2520
7F	4716	3255	2520
7F	4718	3255	2520
7F	472E	3255	2520
7F	472F	3255	2520
7F	4730	3255	2520
7F	4731	3255	2520
7F	4732	3255	2520
7F	4733	3255	2520
7F	4736	3255	2520
7F	4737	3255	2520
7F	4739	3255	2520
7F	473A	3255	2520
7F	473B	13011	2520
7F	473C	13011	2520
7F	473E	9756	2520
7F	4740	9756	2520
7F	4742	9756	2520
7F	4744	3255	2520
7F	4745	3255	2520
7F	4748	3255	2520
7F	4749	3255	2520
7F	474A	3255	2520
7F	474B	3255	2520
7F	474C	3255	2520
7F	474D	3255	2520
7F	474E	3255	2520
7F	474F	3255	2520
7F	4750	3255	2520
7F	4753	3255	2520
7F	4754	3255	2520
7F	4755	3255	2520
7F	4756	3255	2520
7F	4757	3255	2520
7F	4758	3255	2520
7F	4759	3255	2520
7F	475A	3255	2520
7F	475B	3255	2520
7F	475D	3255	2520
7F	475F	1401	2522
7F	4760	1401	2522
7F	4763	1401	2522
7F	4764	1401	2522
7F	4765	1401	2522
7F	4766	1401	2522
7F	4768	1401	2522
7F	4773	3255	2520
7F	4774	3255	2520
7F	4775	3255	2520
7F	4776	3255	2520
7F	4777	3255	2520
7F	4778	3255	2520
7F	477B	3255	2520
7F	477C	3255	2520
7F	477E	3255	2520
7F	477F	3255	2520
7F	4780	13011	2520
7F	4781	13011	2520
7F	4783	9756	2520
7F	4785	9756	2520
7F	4787	9756	2520
7F	4789	3255	2520
7F	478A	3255	2520
7F	478D	3255	2520
7F	478E	3255	2520
7F	478F	3255	2520
7F	4790	3255	2520
7F	4791	3255	2520
7F	4792	3255	2520
7F	4793	3255	2520
7F	4794	3255	2520
7F	4795	3255	2520
7F	4798	3255	2520
7F	4799	3255	2520
7F	479A	3255	2520
7F	479B	3255	2520
7F	479C	3255	2520
7F	479D	3255	2520
7F	479E	3255	2520
7F	479F	3255	2520
7F	47A0	3255	2520
7F	47A2	3255	2520
7F	47B8	3255	2520
7F	47B9	3255	2520
7F	47BA	3255	2520
7F	47BB	3255	2520
7F	47BC	3255	2520
7F	47BD	3255	2520
7F	47C0	3255	2520
7F	47C1	3255	2520
7F	47C3	3255	2520
7F	47C4	3255	2520
7F	47C5	13011	2520
7F	47C6	13011	2520
7F	47C8	9756	2520
7F	47CA	9756	2520
7F	47CC	9756	2520
7F	47CE	3255	2520
7F	47CF	3255	2520
7F	47D2	3255	2520
7F	47D3	3255	2520
7F	47D4	3255	2520
7F	47D5	3255	2520
7F	47D6	3255	2520
7F	47D7	3255	2520
7F	47D8	3255	2520
7F	47D9	3255	2520
7F	47DA	3255	2520
7F	47DD	3255	2520
7F	47DE	3255	2520
7F	47DF	3255	2520
7F	47E0	3255	2520
7F	47E1	3255	2520
7F	47E2	3255	2520
7F	47E3	3255	2520
7F	47E4	3255	2520
7F	47E5	3255	2520
7F	47E7	3255	2520
7F	47FD	3255	2520
7F	47FE	3255	2520
7F	47FF	3255	2520
7F	4800	3255	2520
7F	4801	3255	2520
7F	4802	3255	2520
7F	4805	3255	2520
7F	4806	3255	2520
7F	4808	3255	2520
7F	4809	3255	2520
7F	480A	13011	2520
7F	480B	13011	2520
7F	480D	9756	2520
7F	480F	9756	2520
7F	4811	9756	2520
7F	4813	3255	2520
7F	4814	3255	2520
7F	4817	3255	2520
7F	4818	3255	2520
7F	4819	3255	2520
7F	481A	3255	2520
7F	481B	3255	2520
7F	481C	3255	2520
7F	481D	3255	2520
7F	481E	3255	2520
7F	481F	3255	2520
7F	4822	3255	2520
7F	4823	3255	2520
7F	4824	3255	2520
7F	4825	3255	2520
7F	4826	3255	2520
7F	4827	3255	2520
7F	4828	3255	2520
7F	4829	3255	2520
7F	482A	3255	2520
7F	482C	3255	2520
7F	4842	3255	2520
7F	4843	3255	2520
7F	4844	3255	2520
7F	4845	3255	2520
7F	4846	3255	2520
7F	4847	3255	2520
7F	484A	3255	2520
7F	484B	3255	2520
7F	484D	3255	2520
7F	484E	3255	2520
7F	484F	13011	2520
7F	4850	13011	2520
7F	4852	9756	2520
7F	4854	9756	2520
7F	4856	9756	2520
7F	4858	3255	2520
7F	4859	3255	2520
7F	485C	3255	2520
7F	485D	3255	2520
7F	485E	3255	2520
7F	485F	3255	2520
7F	4860	3255	2520
7F	4861	3255	2520
7F	4862	3255	2520
7F	4863	3255	2520
7F	4864	3255	2520
7F	4867	3255	2520
7F	4868	3255	2520
7F	4869	3255	2520
7F	486A	3255	2520
7F	486B	3255	2520
7F	486C	3255	2520
7F	486D	3255	2520
7F	486E	3255	2520
7F	486F	3255	2520
7F	4871	3255	2520
7F	4887	3255	2520
7F	4888	3255	2520
7F	4889	3255	2520
7F	488A	3255	2520
7F	488B	3255	2520
7F	488C	3255	2520
7F	488F	3255	2520
7F	4890	3255	2520
7F	4892	3255	2520
7F	4893	3255	2520
7F	4894	13011	2520
7F	4895	13011	2520
7F	4897	9756	2520
7F	4899	9756	2520
7F	489B	9756	2520
7F	489D	3255	2520
7F	489E	3255	2520
7F	48A1	3255	2520
7F	48A2	3255	2520
7F	48A3	3255	2520
7F	48A4	3255	2520
7F	48A5	3255	2520
7F	48A6	3255	2520
7F	48A7	3255	2520
7F	48A8	3255	2520
7F	48A9	3255	2520
7F	48AC	3255	2520
7F	48AD	3255	2520
7F	48AE	3255	2520
7F	48AF	3255	2520
7F	48B0	3255	2520
7F	48B1	3255	2520
7F	48B2	3255	2520
7F	48B3	3255	2520
7F	48B4	3255	2520
7F	48B6	3255	2520
7F	48CC	3255	2520
7F	48CD	3255	2520
7F	48CE	3255	2520
7F	48CF	3255	2520
7F	48D0	3255	2520
7F	48D1	3255	2520
7F	48D4	3255	2520
7F	48D5	3255	2520
7F	48D7	3255	2520
7F	48D8	3255	2520
7F	48D9	13011	2520
7F	48DA	13011	2520
7F	48DC	9756	2520
7F	48DE	9756	2520
7F	48E0	9756	2520
7F	48E2	3255	2520
7F	48E3	3255	2520
7F	48E6	3255	2520
7F	48E7	3255	2520
7F	48E8	3255	2520
7F	48E9	3255	2520
7F	48EA	3255	2520
7F	48EB	3255	2520
7F	48EC	3255	2520
7F	48ED	3255	2520
7F	48EE	3255	2520
7F	48F1	3255	2520
7F	48F2	3255	2520
7F	48F3	3255	2520
7F	48F4	3255	2520
7F	48F5	3255	2520
7F	48F6	3255	2520
7F	48F7	3255	2520
7F	48F8	3255	2520
7F	48F9	3255	2520
7F	48FB	3255	2520
7F	4911	3255	2520
7F	4912	3255	2520
7F	4913	3255	2520
7F	4914	3255	2520
7F	4915	3255	2520
7F	4916	3255	2520
7F	4919	3255	2520
7F	491A	3255	2520
7F	491C	3255	2520
7F	491D	3255	2520
7F	491E	13011	2520
7F	491F	13011	2520
7F	4921	9756	2520
7F	4923	9756	2520
7F	4925	9756	2520
7F	4927	3255	2520
7F	4928	3255	2520
7F	492B	3255	2520
7F	492C	3255	2520
7F	492D	3255	2520
7F	492E	3255	2520
7F	492F	3255	2520
7F	4930	3255	2520
7F	4931	3255	2520
7F	4932	3255	2520
7F	4933	3255	2520
7F	4936	3255	2520
7F	4937	3255	2520
7F	4938	3255	2520
7F	4939	3255	2520
7F	493A	3255	2520
7F	493B	3255	2520
7F	493C	3255	2520
7F	493D	3255	2520
7F	493E	3255	2520
7F	4940	3255	2520
7F	4956	3255	2520
7F	4957	3255	2520
7F	4958	3255	2520
7F	4959	3255	2520
7F	495A	3255	2520
7F	495B	3255	2520
7F	495E	3255	2520
7F	495F	3255	2520
7F	4961	3255	2520
7F	4962	3255	2520
7F	4963	13011	2520
7F	4964	13011	2520
7F	4966	9756	2520
7F	4968	9756	2520
7F	496A	9756	2520
7F	496C	3255	2520
7F	496D	3255	2520
7F	4970	3255	2520
7F	4971	3255	2520
7F	4972	3255	2520
7F	4973	3255	2520
7F	4974	3255	2520
7F	4975	3255	2520
7F	4976	3255	2520
7F	4977	3255	2520
7F	4978	3255	2520
7F	497B	3255	2520
7F	497C	3255	2520
7F	497D	3255	2520
7F	497E	3255	2520
7F	497F	3255	2520
7F	4980	3255	2520
7F	4981	3255	2520
7F	4982	3255	2520
7F	4983	3255	2520
7F	4985	3255	2520
7F	4987	1534	2524
7F	4988	1534	2524
7F	498B	1534	2524
7F	498C	1534	2524
7F	498D	1534	2524
7F	498E	1534	2524
7F	4990	1534	2524
7F	4992	144	3685
7F	4994	144	3685
7F	4995	144	3685
7F	4997	144	3685
7F	4999	144	3685
7F	499B	3255	2520
7F	4C42	18	11585
7F	4C43	18	11585
7F	4C44	18	11585
7F	4C45	18	11585
7F	4C48	18	11585
7F	4C4B	18	11585
7F	4C4D	576	11585
7F	4C4E	576	11585
7F	4C4F	576	11585
7F	4C50	576	11585
7F	4C51	576	11585
7F	4C53	18	11585
7F	4C54	18	11585
7F	4C55	18	11585
7F	4C56	18	11585
7F	624F	5	8727
7F	6250	5	8727
7F	6251	5	8727
7F	6252	5	8727
7F	6253	5	8727
7F	6255	5	8727
7F	6256	5	8727
7F	6259	5	8727
7F	625C	5	8727
7F	625E	1280	8727
7F	6260	1280	8727
7F	6262	1280	8727
7F	6264	1280	8727
7F	6265	1280	8727
7F	6266	1280	8727
7F	6268	1280	8727
7F	626A	1280	8727
7F	626C	1280	8727
7F	626D	1280	8727
7F	626E	1280	8727
7F	626F	1280	8727
7F	6270	1280	8727
7F	6272	5	8727
7F	6273	5	8727
7F	6275	5	8727
7F	6277	5	8727
7F	6278	5	8727
7F	6279	5	8727
7F	627A	5	8727
7F	627B	5	8727
7F	627C	3	9367
7F	627D	3	9367
7F	627E	3	9367
7F	627F	3	9367
7F	6280	3	9367
7F	6282	3	9367
7F	6283	3	9367
7F	6286	3	9367
7F	6289	3	9367
7F	628B	768	9367
7F	628D	768	9367
7F	628F	768	9367
7F	6291	768	9367
7F	6292	768	9367
7F	6293	768	9367
7F	6295	768	9367
7F	6297	768	9367
7F	6299	768	9367
7F	629A	768	9367
7F	629B	768	9367
7F	629C	768	9367
7F	629D	768	9367
7F	629F	3	9367
7F	62A0	3	9367
7F	62A2	3	9367
7F	62A4	3	9367
7F	62A5	3	9367
7F	62A6	3	9367
7F	62A7	3	9367
7F	62A8	3	9367
7F	70FD	1	13718
7F	70FE	1	13718
7F	7100	1	13718
7F	7102	1	13718
7F	7104	1	13718
7F	7106	1	13718
7F	7109	1	13718
7F	710B	1	13718
7F	7112	1	13718
7F	7114	1	13718
7F	7115	1	13718
7F	7116	11	13719
7F	711C	11	13719
7F	711D	11	13719
7F	7123	11	13719
7F	7124	11	13719
7F	7125	1	14557
7F	7126	1	14557
7F	7128	1	14557
7F	712B	1	14557
7F	712D	1	14557
7F	7136	1	14557
7F	7138	1	14557
7F	7139	1	14557
7F	713A	11	14558
7F	7140	11	14558
7F	7141	11	14558
7F	7147	11	14558
7F	7148	11	14558
7F	7149	1	12908
7F	714A	1	12908
7F	714C	1	12908
7F	714E	1	12908
7F	7150	1	12908
7F	7153	1	12908
7F	7155	1	12908
7F	715F	1	12908
7F	7161	1	12908
7F	7163	1	12908
7F	7164	1	12908
7F	7165	11	12909
7F	7166	11	12909
7F	7167	11	12909
7F	7168	11	12909
7F	716E	11	12909
7F	716F	11	12909
7F	7175	11	12909
7F	7176	11	12909
7F	7177	11	12909
7F	7178	1	13079
7F	7179	1	13079
7F	717B	1	13079
7F	717D	1	13079
7F	717F	1	13079
7F	7182	1	13079
7F	7184	1	13079
7F	718E	1	13079
7F	7190	1	13079
7F	7192	1	13079
7F	7193	1	13079
7F	7194	11	13080
7F	7195	11	13080
7F	7196	11	13080
7F	7197	11	13080
7F	719D	11	13080
7F	719E	11	13080
7F	71A4	11	13080
7F	71A5	11	13080
7F	71A6	11	13080
7F	71D6	1	12269
7F	71D7	1	12269
7F	71D9	1	12269
7F	71DB	1	12269
7F	71DD	1	12269
7F	71E0	1	12269
7F	71E2	1	12269
7F	71EC	1	12269
7F	71EE	1	12269
7F	71F0	1	12269
7F	71F1	1	12269
7F	71F2	11	12270
7F	71F3	11	12270
7F	71F4	11	12270
7F	71F5	11	12270
7F	71FB	11	12270
7F	71FC	11	12270
7F	7202	11	12270
7F	7203	11	12270
7F	7204	11	12270
7F	7271	45	2492
7F	7272	45	2492
7F	7273	45	2492
7F	7274	45	2492
7F	7275	45	2492
7F	7276	45	2492
7F	7277	45	2492
7F	7278	45	2492
7F	7279	45	2492
7F	727B	45	2492
7F	727C	45	2492
7F	727D	45	2492
7F	727F	45	2492
7F	7282	45	2492
7F	7284	45	2492
7F	7287	45	2492
7F	7289	45	2492
7F	728C	45	2492
7F	728E	45	2492
7F	7290	45	2492
7F	7292	45	2492
7F	7294	45	2492
7F	7297	112757	2492
7F	7299	112757	2492
7F	729B	112757	2492
7F	729D	45	2492
7F	729F	45	2492
7F	72A1	45	2492
7F	72A2	45	2492
7F	72A4	45	2492
7F	72A7	45	2492
7F	72A8	45	2492
7F	72AA	45	2492
7F	72AB	45	2492
7F	72AD	45	2492
7F	72AF	45	2492
7F	72B0	46	2538
7F	72B2	46	2538
7F	72B3	46	2538
7F	72B4	46	2538
7F	72B6	46	2538
7F	72B9	46	2538
7F	72BA	46	2538
7F	72BC	46	2538
7F	72BD	46	2538
7F	72BF	46	2538
7F	72C1	46	2538
7F	733A	11	13719
7F	733B	11	13719
7F	733E	11	13719
7F	733F	11	13719
7F	7341	11	13719
7F	7343	11	13719
7F	7344	11	13719
7F	7345	11	13719
7F	7346	11	13719
7F	7347	11	13719
7F	7348	11	13719
7F	7349	11	13719
7F	734B	11	13719
7F	734C	11	13719
7F	734D	11	13719
7F	734E	11	13719
7F	734F	11	13719
7F	7351	11	13719
7F	7353	11	13719
7F	7355	11	13719
7F	7358	11	13719
7F	7359	11	13719
7F	735C	11	13719
7F	735D	11	13719
7F	7360	11	13719
7F	7361	11	13719
7F	7364	11	13719
7F	7367	11	13719
7F	7368	11	13719
7F	736B	11	13719
7F	736E	11	13719
7F	736F	11	13719
7F	7372	11	13719
7F	7373	11	13719
7F	7374	11	13719
7F	7425	11	12909
7F	7426	11	12909
7F	7429	11	12909
7F	742A	11	12909
7F	742C	11	12909
7F	742E	11	12909
7F	742F	11	12909
7F	7430	11	12909
7F	7431	11	12909
7F	7432	11	12909
7F	7433	11	12909
7F	7434	11	12909
7F	7436	11	12909
7F	7437	11	12909
7F	7438	11	12909
7F	7439	11	12909
7F	743A	11	12909
7F	743C	11	12909
7F	743E	11	12909
7F	7440	11	12909
7F	7443	11	12909
7F	7444	11	12909
7F	7447	11	12909
7F	7448	11	12909
7F	744B	11	12909
7F	744C	11	12909
7F	744F	11	12909
7F	7452	11	12909
7F	7453	11	12909
7F	7456	11	12909
7F	7459	11	12909
7F	745A	11	12909
7F	745D	11	12909
7F	7460	11	12909
7F	7461	11	12909
7F	7464	11	12909
7F	7465	11	12909
7F	7466	11	12909
7F	7578	11	14558
7F	7579	11	14558
7F	757C	11	14558
7F	757D	11	14558
7F	757F	11	14558
7F	7581	11	14558
7F	7582	11	14558
7F	7583	11	14558
7F	7584	11	14558
7F	7585	11	14558
7F	7586	11	14558
7F	7587	11	14558
7F	7589	11	14558
7F	758A	11	14558
7F	758B	11	14558
7F	758C	11	14558
7F	758D	11	14558
7F	758F	11	14558
7F	7591	11	14558
7F	7593	11	14558
7F	7596	11	14558
7F	7597	11	14558
7F	759A	11	14558
7F	759B	11	14558
7F	759E	11	14558
7F	759F	11	14558
7F	75A2	11	14558
7F	75A5	11	14558
7F	75A6	11	14558
7F	75A9	11	14558
7F	75AC	11	14558
7F	75AD	11	14558
7F	75B0	11	14558
7F	75B1	11	14558
7F	75B2	11	14558
7F	76C4	22	12270
7F	76C5	22	12270
7F	76C8	22	12270
7F	76C9	22	12270
7F	76CB	22	12270
7F	76CD	22	12270
7F	76CE	22	12270
7F	76CF	22	12270
7F	76D0	22	12270
7F	76D1	22	12270
7F	76D2	22	12270
7F	76D3	22	12270
7F	76D5	22	12270
7F	76D6	22	12270
7F	76D7	22	12270
7F	76D8	22	12270
7F	76D9	22	12270
7F	76DB	22	12270
7F	76DD	22	12270
7F	76DF	22	12270
7F	76E2	22	12270
7F	76E3	22	12270
7F	76E6	22	12270
7F	76E7	22	12270
7F	76EA	22	12270
7F	76EB	22	12270
7F	76EE	22	12270
7F	76F1	22	12270
7F	76F2	22	12270
7F	76F5	22	12270
7F	76F8	22	12270
7F	76F9	22	12270
7F	76FC	22	12270
7F	76FF	22	12270
7F	7700	22	12270
7F	7703	22	12270
7F	7704	22	12270
7F	7705	22	12270
WRAM	C133	2821	1141	C3BA03	0	0
WRAM	CBF1	17973	17	C3BA03	2821	0
WRAM	CBF4	432222	1140	C3C416	26426	0
WRAM	CBF7	5846	44	C3ED01	0	0
WRAM	CBFA	411	44	C3B701	0	0
HRAM	FF80	17972	17	3EC0E0	0	0
HRAM	FF82	17972	17	E0463E	0	0
HRAM	FF84	17972	17	3E283D	0	0
HRAM	FF86	718880	17	3D20FD	0	0
HRAM	FF87	718880	17	20FDC9	0	0
HRAM	FF89	17972	17	C94F00	17141	0
HRAM	FFA8	103262	16	3E0021	56138	0
HRAM	FFAA	103262	16	21B605	103261	0
HRAM	FFAD	103262	16	C3F07B	103260	0
