# bank	addr	count	first_frame	first_bytes	changed	wram_bank
# bank = ROM bank actually mapped (2 hex digits) or WRAM/HRAM/VRAM/SRAM/OTHER; addr = CPU address of an executed instruction start
# first_bytes/changed/wram_bank are present for RAM rows only (3 bytes at addr at first execution; times they differed later; SVBK bank for D000-DFFF)
00	0040	206495	17
00	0048	2364342	548
00	0050	315110	44
00	0058	34808	44
00	0100	32	0
00	0101	32	0
00	0150	184	44
00	0152	184	44
00	0155	184	44
00	0156	184	44
00	0159	184	44
00	015A	184	44
00	015D	184	44
00	015F	50	44
00	0161	50	44
00	0162	50	44
00	0164	50	44
00	0167	50	44
00	0168	50	44
00	0169	50	44
00	016A	50	44
00	016B	184	44
00	016E	184	44
00	0170	184	44
00	0173	184	44
00	0174	184	44
00	0175	184	44
00	0176	184	44
00	0177	184	44
00	017A	184	44
00	017C	184	44
00	017D	184	44
00	017F	184	44
00	0180	184	44
00	0182	184	44
00	0185	184	44
00	0187	184	44
00	018A	184	44
00	018D	184	44
00	0190	184	44
00	0191	184	44
00	0194	184	44
00	0195	184	44
00	0198	184	44
00	0199	184	44
00	019C	184	44
00	019D	184	44
00	019E	184	44
00	019F	184	44
00	01A0	184	44
00	01A1	184	44
00	01A4	184	44
00	01A5	184	44
00	01A8	184	44
00	01AB	184	44
00	01AD	184	44
00	01B0	184	44
00	01B1	184	44
00	01B2	184	44
00	01B3	184	44
00	01B6	184	44
00	01B7	34808	44
00	01B8	34808	44
00	01B9	34808	44
00	01BA	34808	44
00	01BB	34808	44
00	01BE	34808	44
00	01BF	34808	44
00	01C0	34808	44
00	01C1	34808	44
00	01C2	34808	44
00	01C5	34808	44
00	01C7	34808	44
00	01C8	34808	44
00	01CA	34808	44
00	01CB	34808	44
00	01CD	34808	44
00	01D0	34808	44
00	01D2	34808	44
00	01D5	34808	44
00	01D8	34808	44
00	01D9	34808	44
00	01DC	34808	44
00	01DD	34808	44
00	01DE	34808	44
00	01DF	34808	44
00	01E0	34808	44
00	01E1	34808	44
00	01E4	34808	44
00	01E5	34808	44
00	01E8	34808	44
00	01E9	34808	44
00	01EA	34808	44
00	01EB	34808	44
00	01EC	34808	44
00	01ED	315110	44
00	01EE	315110	44
00	01EF	315110	44
00	01F0	315110	44
00	01F1	315110	44
00	01F2	315110	44
00	01F4	315110	44
00	01F6	315110	44
00	01F8	315110	44
00	01FA	315110	44
00	01FD	315110	44
00	01FE	315110	44
00	0200	315110	44
00	0203	315110	44
00	0205	315110	44
00	0207	315110	44
00	0209	315110	44
00	020B	315110	44
00	020D	315110	44
00	0210	315110	44
00	0211	315110	44
00	0212	315110	44
00	0213	315110	44
00	0214	315110	44
00	0217	315110	44
00	0219	315110	44
00	021A	315110	44
00	021C	315110	44
00	021D	315110	44
00	021F	315110	44
00	0222	315110	44
00	0224	315110	44
00	0227	315110	44
00	022A	315110	44
00	022B	315110	44
00	022E	315110	44
00	022F	315110	44
00	0230	315110	44
00	0231	315110	44
00	0232	315110	44
00	0233	315110	44
00	0236	315110	44
00	0237	315110	44
00	023A	315110	44
00	023C	315110	44
00	023E	315110	44
00	0240	315110	44
00	0242	315110	44
00	0243	315110	44
00	0244	315110	44
00	0245	315110	44
00	0246	315110	44
00	0247	39	10435
00	024A	39	10435
00	024C	39	10435
00	024D	39	10435
00	024F	39	10435
00	0250	39	10435
00	0251	39	10435
00	0254	39	10435
00	0255	39	10435
00	0257	39	10435
00	0258	39	10435
00	025A	39	10435
00	025B	39	10435
00	025E	39	10435
00	025F	39	10435
00	0262	39	10435
00	0265	39	10435
00	0266	39	10435
00	0267	39	10435
00	0269	39	10435
00	026A	39	10435
00	026C	39	10435
00	026D	39	10435
00	0270	39	10435
00	0271	39	10435
00	0274	39	10435
00	0277	39	10435
00	0278	32	0
00	0279	32	0
00	027B	32	0
00	027E	32	0
00	027F	32	0
00	0280	32	0
00	0282	32	0
00	0284	32	0
00	0286	32	0
00	0289	32	0
00	028C	32	0
00	028E	32	0
00	0290	32	0
00	0292	32	0
00	0295	32	0
00	0296	32	0
00	0299	32	0
00	029C	32	0
00	029E	32	0
00	02A0	32	0
00	02AE	32	0
00	02B0	32	0
00	02B2	32	0
00	02B5	32	0
00	02B8	32	0
00	02B9	32	0
00	02BC	32	1
00	02BE	32	1
00	02C0	192	1
00	02C1	192	1
00	02C3	192	1
00	02C6	192	1
00	02C9	192	1
00	02CA	192	1
00	02CD	192	2
00	02CE	192	2
00	02CF	192	2
00	02D1	32	5
00	02D2	32	5
00	02D4	32	5
00	02D6	32	5
00	02D9	32	5
00	02DC	32	5
00	02DD	32	5
00	02E0	32	7
00	02E3	32	7
00	02E6	32	7
00	02E7	32	7
00	02EA	32	8
00	02ED	32	8
00	02F0	32	8
00	02F3	32	8
00	02F4	32	8
00	02F7	32	8
00	02FA	32	8
00	02FB	32	8
00	02FD	32	8
00	0300	32	8
00	0302	32	8
00	0303	32	8
00	0305	32	8
00	0307	32	8
00	030A	32	8
00	030B	32	8
00	030D	32	8
00	030F	32	8
00	0311	32	8
00	0314	32	8
00	0317	32	17
00	031A	32	17
00	031B	32	17
00	031C	32	17
00	031E	32	17
00	0321	32	17
00	0322	32	17
00	0324	32	17
00	0327	32	17
00	0328	32	17
00	0331	64	16
00	0333	64	16
00	0335	64	16
00	0338	64	16
00	033A	64	16
00	033D	64	16
00	033F	64	16
00	0341	64	16
00	0344	64	16
00	0346	64	16
00	0349	64	16
00	034A	128	16
00	034C	8192	16
00	034D	8192	16
00	034E	8192	16
00	034F	8192	16
00	0351	128	16
00	0392	1498357	0
00	0393	1498357	0
00	0395	1498357	0
00	0397	1498357	0
00	0399	6111	0
00	039A	1498357	0
00	039D	1498357	0
00	039E	1498357	0
00	03A0	201889	0
00	03A2	201889	0
00	03A5	201889	0
00	03A6	201889	0
00	03A7	201889	0
00	03A8	201889	0
00	03AA	201889	0
00	03AB	201889	0
00	03AD	201889	0
00	03AF	201889	0
00	03B2	201889	0
00	03B3	201889	0
00	03B5	201889	0
00	03B6	201889	0
00	03B7	201889	0
00	03B8	1498357	0
00	03B9	1498357	0
00	03BA	206495	17
00	03BB	206495	17
00	03BE	206495	17
00	03BF	206495	17
00	03C1	206484	17
00	03C4	206495	17
00	03C5	206495	17
00	03C6	206495	17
00	03C7	206495	17
00	03CA	206495	17
00	03CB	206495	17
00	03CD	206495	17
00	03D0	206495	17
00	03D3	206495	17
00	03D5	206495	17
00	03D7	206495	17
00	03D9	205002	17
00	03DA	206495	17
00	03DD	206495	17
00	03DE	206495	17
00	03E0	206495	17
00	03E2	24	10314
00	03E3	24	10314
00	03E4	24	10314
00	03E6	24	10314
00	03E7	24	10314
00	03E9	24	10314
00	0400	206495	17
00	0401	206495	17
00	0404	206495	17
00	0406	206495	17
00	0408	206495	17
00	040A	192357	17
00	040B	206495	17
00	040E	206495	17
00	040F	206495	17
00	0411	206495	17
00	0413	207	104
00	0414	207	104
00	0415	207	104
00	0417	207	104
00	0418	207	104
00	041A	207	104
00	042E	206495	17
00	042F	206495	17
00	0432	206495	17
00	0433	206495	17
00	0435	4701	17
00	0437	4701	17
00	0438	4701	17
00	043A	4701	17
00	043B	4701	17
00	043E	4701	17
00	0440	201794	18
00	0441	201794	18
00	0443	201794	18
00	0446	206495	17
00	0447	206495	17
00	0448	206495	17
00	0449	206495	17
00	044A	206495	17
00	044B	122619	43
00	044C	122619	43
00	044E	122619	43
00	0450	122619	43
00	0452	122619	43
00	0453	1059797	43
00	0454	1059775	44
00	0455	1059775	44
00	0458	1059775	44
00	0459	1059775	44
00	045B	122597	44
00	045C	122597	44
00	045F	122597	44
00	0462	122597	44
00	0463	122597	44
00	0464	14823	712
00	0465	14823	712
00	0467	14823	712
00	0469	14823	712
00	046B	14823	712
00	046C	73387	712
00	046D	73384	713
00	046E	73384	713
00	0471	73384	713
00	0472	73384	713
00	0474	14820	713
00	0475	14820	713
00	0478	14820	713
00	0479	14820	713
00	047A	25186	28
00	047B	25186	28
00	047D	25186	28
00	047F	25186	28
00	0481	696613	28
00	0482	696613	28
00	0483	696610	29
00	0484	696610	29
00	0485	696610	29
00	0488	696610	29
00	0489	696610	29
00	048B	26637	29
00	048D	26637	29
00	048F	26637	29
00	0491	25183	29
00	0492	25183	29
00	0495	25183	29
00	0496	25183	29
00	0497	1454	561
00	0498	1454	561
00	049B	1454	561
00	049E	1454	561
00	04A0	64	16
00	04A2	64	16
00	04A5	64	16
00	04A7	64	16
00	04AA	64	16
00	04AC	64	16
00	04AF	64	16
00	04B1	64	16
00	04B4	64	16
00	04B6	64	16
00	04B9	64	16
00	04BB	64	16
00	04BE	64	16
00	04C0	64	16
00	04C3	64	16
00	04C5	64	16
00	04C8	64	16
00	04CA	64	16
00	04CD	64	16
00	04CF	64	16
00	04D2	64	16
00	04D4	64	16
00	04D7	64	16
00	04D8	17513	0
00	04D9	17513	0
00	04DA	17513	0
00	04DC	586496	8
00	04DD	586496	8
00	04DE	586496	8
00	04E0	15166	8
00	04E1	2347	0
00	04E2	2347	0
00	04E3	2347	0
00	04E5	134	8
00	04E6	6613504	0
00	04E7	6613504	0
00	04E8	6613504	0
00	04EA	25873	0
00	04EB	25873	0
00	04ED	2347	1
00	050C	5030	26
00	050D	5030	26
00	050E	5030	26
00	0510	429486	26
00	0511	429486	26
00	0512	429486	26
00	0513	429486	26
00	0514	429486	26
00	0516	4887	26
00	0517	143	324
00	0518	143	324
00	0519	143	324
00	051B	96	746
00	051C	45824	324
00	051D	45824	324
00	051E	45824	324
00	051F	45824	324
00	0520	45824	324
00	0522	239	324
00	0523	239	324
00	0525	143	324
00	0526	32	780
00	0527	32	780
00	0528	32	780
00	0531	32	780
00	0532	32	780
00	0533	32	780
00	0535	32	780
00	0536	9216	780
00	0537	9216	780
00	0538	9216	780
00	0539	9216	780
00	053A	9216	780
00	053C	64	780
00	053D	64	780
00	053F	32	780
00	0545	50263	27
00	0546	50263	27
00	0547	50263	27
00	0548	50263	27
00	054A	50263	27
00	054B	50263	27
00	054C	50263	27
00	054D	50263	27
00	054E	50263	27
00	054F	50263	27
00	0550	50263	27
00	056A	25978	550
00	056C	25978	550
00	056D	25978	550
00	056E	25978	550
00	0570	25978	550
00	0572	25978	550
00	0573	25978	550
00	0575	25978	550
00	0578	25428	550
00	057A	25428	550
00	057D	25233	550
00	057F	25233	550
00	0582	25141	550
00	0584	25141	550
00	0587	25012	550
00	0589	25012	550
00	058C	129	640
00	058E	129	640
00	0591	92	1300
00	0593	92	1300
00	0596	195	2360
00	0598	195	2360
00	059B	550	560
00	059C	550	560
00	059F	96	8
00	05A2	96	8
00	05A5	960	8
00	05A6	960	8
00	05A7	960	8
00	05A8	960	8
00	05A9	960	8
00	05AB	96	8
00	05B6	1225	28
00	05B8	1225	28
00	05BA	1225	28
00	05BC	1225	28
00	05BD	71	0
00	05BF	71	0
00	05C1	71	0
00	05C2	71	0
00	05C3	71	0
00	05C5	71	0
00	05C7	71	0
00	05C9	39	7742
00	05CB	39	7742
00	05CC	39	7742
00	05CE	39	7742
00	05D0	39	7742
00	05D2	123965	7742
00	05D4	123965	7742
00	05D6	123965	7742
00	05D8	45	7743
00	05DA	45	7743
00	05DC	39	7743
00	05DE	39	7743
00	05E0	39	7743
00	05E2	39	7743
00	05E3	39	7743
00	05E5	39	7743
00	05E6	39	7743
00	05E8	39	7743
00	05E9	39	7743
00	05EC	39	7743
00	05ED	32	0
00	05EF	32	0
00	05F1	32	0
00	05F3	32	0
00	05F5	32	0
00	05F7	32	0
00	05F9	32	0
00	05FB	32	0
00	05FD	32	0
00	05FE	32	0
00	0601	32	0
00	0602	32	0
00	0603	32	0
00	0605	32	0
00	0606	32	0
00	0608	32	0
00	0609	32	0
00	060A	32	0
00	060C	32	0
00	060E	32	0
00	0610	32	0
00	0611	32	0
00	0613	32	0
00	0615	32	0
00	0617	32	0
00	0619	32	0
00	061B	32	0
00	061C	32	0
00	061E	32	0
00	061F	32	0
00	0621	32	0
00	0622	1137284	16
00	0623	1137284	16
00	0624	940165	16
00	0626	940165	16
00	0628	65780	548
00	062A	65780	548
00	062C	65779	548
00	062E	65779	548
00	0630	65779	548
00	0631	1	106472
00	0633	1	106472
00	0636	1	106472
00	0637	874385	16
00	0639	874385	16
00	063C	874385	16
00	063D	407403	26
00	063E	407403	26
00	063F	44754	26
00	0641	44754	26
00	0643	3215	26
00	0645	3215	26
00	0647	3215	26
00	0649	3215	26
00	064B	3215	26
00	0652	41539	754
00	0654	41539	754
00	0657	41539	754
00	0658	383099	43
00	0659	383099	43
00	065A	383099	43
00	065C	383099	43
00	066D	383099	43
00	066F	383099	43
00	0672	383099	43
00	0673	515460	16
00	0675	515460	16
00	0681	515460	16
00	0683	515460	16
00	0684	64	16
00	0686	64	16
00	0688	64	16
00	068A	64	16
00	068C	64	16
00	068E	64	16
00	0690	64	16
00	0691	64	16
00	0693	64	16
00	0695	64	16
00	0697	64	16
00	0699	64	16
00	069B	64	16
00	069D	64	16
00	069F	64	16
00	06A1	64	16
00	06A3	64	16
00	06A5	64	16
00	06A7	64	16
00	06AA	64	16
00	06AB	64	16
00	06AD	64	16
00	06B0	64	16
00	06B2	64	16
00	06B4	64	16
00	06B6	64	16
00	06BC	2442	26
00	06BE	2442	26
00	06BF	2442	26
00	06C1	2442	26
00	06C2	2442	26
00	06C4	2442	26
00	06C5	2442	26
00	06C6	2442	26
00	06C8	2442	26
00	06C9	2442	26
00	06CB	2442	26
00	06CD	2442	26
00	06CF	2442	26
00	06D1	513018	16
00	06D3	513018	16
00	06D4	513018	16
00	06D6	513018	16
00	06D7	513018	16
00	06D9	513018	16
00	06DA	513018	16
00	06DB	513018	16
00	06DD	513018	16
00	06DE	513018	16
00	06E0	513018	16
00	06E1	513018	16
00	06E3	513018	16
00	06EE	515460	16
00	06EF	515460	16
00	06F2	515460	16
00	06F3	515460	16
00	06F4	515460	16
00	06F6	515460	16
00	06F7	515460	16
00	06F9	515460	16
00	06FC	515460	16
00	06FF	515298	16
00	0701	515298	16
00	0702	515298	16
00	0704	515298	16
00	0705	515298	16
00	0707	515298	16
00	0708	515298	16
00	0709	515298	16
00	070C	515298	16
00	070D	515298	16
00	070E	515298	16
00	0710	515298	16
00	0711	515298	16
00	0713	515298	16
00	0749	4655	26
00	074B	4655	26
00	074E	4655	26
00	074F	4655	26
00	0751	4655	26
00	0752	4655	26
00	0754	4655	26
00	0755	4655	26
00	0757	4655	26
00	0758	4655	26
00	075A	4655	26
00	075C	4655	26
00	075D	4655	26
00	075F	4655	26
00	0761	4655	26
00	0763	4655	26
00	0764	4655	26
00	0766	4655	26
00	0768	4655	26
00	076A	6881827	26
00	076C	6881827	26
00	076E	6881827	26
00	0770	4581	27
00	0771	4581	27
00	0773	4655	27
00	0774	4655	27
00	0776	4655	27
00	0777	4655	27
00	0779	4655	27
00	077A	896	7978
00	077C	896	7978
00	077E	896	7978
00	0780	10	7978
00	0782	10	7978
00	0785	10	7978
00	0787	21257	23
00	0789	21257	23
00	078C	21257	23
00	078D	21257	23
00	078F	21257	23
00	0790	21257	23
00	0792	21257	23
00	0793	21257	23
00	0795	21257	23
00	0796	21257	23
00	0798	21257	23
00	079A	21257	23
00	079B	21257	23
00	079D	21257	23
00	079F	21257	23
00	07A1	21257	23
00	07A2	21257	23
00	07A4	21257	23
00	07A6	21257	23
00	07A8	66647264	23
00	07AA	66647264	23
00	07AC	66647263	23
00	07AE	21114	24
00	07AF	21114	24
00	07B1	21256	24
00	07B2	21256	24
00	07B4	21256	24
00	07B5	21256	24
00	07B8	21256	24
00	07BA	21256	24
00	07BB	6897	718
00	07BD	6897	718
00	07BF	6897	718
00	07C1	40	718
00	07C4	40	718
00	07C6	40	718
00	07C9	40	718
00	07CB	219	330
00	07CC	219	330
00	07CE	219	330
00	07D0	219	330
00	07D2	219	330
00	07D3	219	330
00	07D5	219	330
00	07D6	219	330
00	07D8	219	330
00	07D9	219	330
00	07DB	219	330
00	07DC	219	330
00	07DF	219	330
00	07E1	219	330
00	07E3	219	330
00	07E6	219	330
00	07E7	219	330
00	07EA	219	331
00	07EB	219	331
00	07ED	219	331
00	07EF	219	331
00	07F2	219	331
00	07F3	219	331
00	07F6	219	331
00	07F7	219	331
00	07FA	219	331
00	082C	1977	26
00	082D	1977	26
00	082F	1977	26
00	0831	1977	26
00	0833	1977	26
00	0834	1977	26
00	0836	1977	26
00	0837	1977	26
00	0839	1977	26
00	083A	1977	26
00	083C	1977	26
00	083F	1977	26
00	0841	1977	26
00	0843	1977	26
00	0846	1977	26
00	0847	1977	26
00	084A	1977	27
00	084B	1977	27
00	084D	1977	27
00	084F	1977	27
00	0852	1977	27
00	0853	1977	27
00	0856	1977	27
00	0857	1977	27
00	085A	1977	27
00	085B	17	1040
00	085C	17	1040
00	085E	17	1040
00	0860	17	1040
00	0862	17	1040
00	0863	17	1040
00	0865	17	1040
00	0866	17	1040
00	0868	17	1040
00	0869	17	1040
00	086B	17	1040
00	086E	17	1040
00	0870	17	1040
00	0872	17	1040
00	0875	17	1040
00	0876	17	1040
00	0879	17	1041
00	087A	17	1041
00	087C	17	1041
00	087E	17	1041
00	0881	17	1041
00	0882	17	1041
00	0885	17	1041
00	0886	17	1041
00	0887	50	7743
00	0888	50	7743
00	088A	50	7743
00	088C	50	7743
00	088E	50	7743
00	088F	50	7743
00	0891	50	7743
00	0893	50	7743
00	0895	50	7743
00	0896	50	7743
00	0898	50	7743
00	089B	50	7743
00	089D	50	7743
00	089F	50	7743
00	08A2	50	7743
00	08A3	50	7743
00	08A6	50	7743
00	08A7	50	7743
00	08A9	50	7743
00	08AB	50	7743
00	08AE	50	7743
00	08AF	50	7743
00	08B2	50	7743
00	08B3	50	7743
00	08B6	50	7743
00	08B7	2295	26
00	08B9	2295	26
00	08BB	2295	26
00	08BC	2286	26
00	08BE	2286	26
00	08C0	2286	26
00	08C1	6987	723
00	08C3	6987	723
00	08C5	6987	723
00	08C7	33	723
00	08C8	33	723
00	08EA	2547	26
00	08ED	2547	26
00	08EF	2547	26
00	08F2	2547	26
00	08F3	2547	26
00	08F5	2547	26
00	08F6	2547	26
00	08F7	2547	26
00	08FA	2547	26
00	08FB	2547	26
00	08FC	2547	26
00	08FD	2547	26
00	08FF	2547	26
00	0900	2547	26
00	0903	2547	26
00	0904	1415450	26
00	0905	1415450	26
00	0906	1415450	26
00	0907	1415450	26
00	0908	1415450	26
00	090A	75556	26
00	090C	75556	26
00	090D	75556	26
00	090F	75556	26
00	0910	75556	26
00	0912	75556	26
00	0913	75556	26
00	0914	75556	26
00	0916	75556	26
00	0917	75556	26
00	0918	75556	26
00	0919	75556	26
00	091B	6430	26
00	091C	1155	528
00	091F	1155	528
00	0920	1155	528
00	0922	89656	528
00	0923	89656	528
00	0924	89656	528
00	0925	89656	528
00	0926	89656	528
00	0927	89656	528
00	0929	5296	528
00	092B	5296	528
00	092C	5296	528
00	092E	5296	528
00	092F	5296	528
00	0931	5296	528
00	0932	5296	528
00	0933	5296	528
00	0935	5296	528
00	0936	5296	528
00	0937	5296	528
00	0938	5296	528
00	093A	1155	528
00	0956	134671	43
00	0958	134671	43
00	095B	134671	43
00	095E	134671	43
00	095F	134671	43
00	0960	134671	43
00	0961	134671	43
00	0962	134671	43
00	0964	134671	43
00	0966	134671	43
00	0967	134671	43
00	0969	134671	43
00	096B	134671	43
00	096D	134671	43
00	096F	134671	43
00	0972	134671	43
00	0975	134671	43
00	0977	1885394	43
00	0978	1885394	43
00	0979	1885394	43
00	097C	1885394	43
00	097D	1885394	43
00	097E	1885394	43
00	0980	1885394	43
00	0981	1885394	43
00	0982	1885394	43
00	0983	1885394	43
00	0985	1885394	43
00	0987	383099	43
00	0988	383099	43
00	098A	383099	43
00	098D	1885394	43
00	098E	1885394	43
00	098F	1885394	43
00	0992	1885394	43
00	0993	1885394	43
00	0996	1885394	43
00	0997	1885394	43
00	0998	1885394	43
00	0999	1885394	43
00	099B	134671	43
00	099C	134671	43
00	099F	134671	43
00	09A0	134671	43
00	09A2	134671	43
00	09A4	134671	43
00	09A5	134671	43
00	09A8	134671	43
00	09AA	134671	43
00	09AB	134671	43
00	09AD	134671	43
00	09AF	134671	43
00	09B1	134671	43
00	09B2	134671	43
00	09B3	134671	43
00	09B4	134671	43
00	09B5	134671	43
00	09B6	1214	22
00	09B9	1214	23
00	09BA	1214	23
00	09BB	1214	23
00	09BC	1214	23
00	09BE	1214	23
00	09C0	1214	23
00	09C1	1214	23
00	09C3	1214	23
00	09C5	1214	23
00	09C7	1214	23
00	09C9	1214	23
00	09CA	1214	23
00	09CC	1214	23
00	09CE	1214	23
00	09D1	1214	23
00	09D4	1214	23
00	09D6	1214	23
00	09D9	1214	23
00	09DB	1214	23
00	09DC	1214	23
00	09DE	1214	23
00	09E0	1214	23
00	09E2	1214	23
00	09E3	1214	23
00	09E4	1214	23
00	09E5	1214	23
00	09E6	4465	786
00	09E7	4465	786
00	09E8	4465	786
00	09EA	4465	786
00	09EC	4465	786
00	09ED	4465	786
00	09EF	4465	786
00	09F1	4465	786
00	09F3	4465	786
00	09F5	4465	786
00	09F8	4465	786
00	09FA	4465	786
00	09FD	4465	786
00	09FF	4465	786
00	0A00	4465	786
00	0A02	4465	786
00	0A04	4465	786
00	0A06	4465	786
00	0A07	4465	786
00	0A08	4465	786
00	0A09	135885	22
00	0A0A	135885	22
00	0A0B	135885	22
00	0A0C	135885	22
00	0A0E	135885	22
00	0A11	135885	22
00	0A12	21741600	22
00	0A13	21741600	22
00	0A14	21741600	22
00	0A16	135885	23
00	0A17	135885	23
00	0A18	135885	23
00	0A19	135885	23
00	0A1A	639	754
00	0A1B	639	754
00	0A1D	639	754
00	0A1E	639	754
00	0A1F	639	754
00	0A20	639	754
00	0A21	639	754
00	0A22	639	754
00	0A24	639	754
00	0A25	639	754
00	0A26	639	754
00	0A27	639	754
00	0A28	639	754
00	0A29	639	754
00	0A45	546	749
00	0A47	546	749
00	0A49	546	749
00	0A4B	546	749
00	0A4C	546	749
00	0A4E	546	749
00	0A50	546	749
00	0A52	546	749
00	0A54	546	749
00	0A55	546	749
00	0A56	546	749
00	0A57	546	749
00	0A58	546	749
00	0A5A	546	749
00	0A5B	546	749
00	0A5D	546	749
00	0A5E	546	749
00	0A60	546	749
00	0A62	546	749
00	0A64	546	749
00	0A65	7441	26
00	0A66	7441	26
00	0A68	7441	26
00	0A6A	7441	26
00	0A6B	7441	26
00	0A6D	7441	26
00	0A6F	7441	26
00	0A71	7441	26
00	0A73	7441	26
00	0A74	7441	26
00	0A75	7441	26
00	0A76	7441	26
00	0A77	7441	26
00	0A79	7441	26
00	0A7A	7441	26
00	0A7C	7441	26
00	0A7E	7441	26
00	0A80	7441	26
00	0A81	7441	26
00	0A82	9039	26
00	0A84	9039	26
00	0A86	9039	26
00	0A87	9039	26
00	0A89	9039	26
00	0A8A	9039	26
00	0A8B	9039	26
00	0A8D	9039	26
00	0A8F	9039	26
00	0A92	9039	26
00	0A94	9039	26
00	0A96	9039	26
00	0A98	9039	26
00	0A9B	9039	26
00	0A9C	9039	26
00	0A9F	9039	26
00	0AA0	9039	26
00	0AA1	9039	26
00	0AA4	9039	26
00	0AA5	9039	26
00	0AA7	9039	26
00	0AA8	9039	26
00	0AA9	9039	26
00	0AAA	9039	26
00	0AAB	9039	26
00	0AAE	9039	26
00	0AB0	9039	26
00	0AB1	9039	26
00	0AB3	9039	26
00	0AB5	9039	26
00	0AB7	9039	26
00	0AB8	9039	26
00	0AB9	9039	26
00	0ABA	9039	26
00	0ABB	9039	26
00	0ABD	9039	26
00	0ABE	9039	26
00	0ABF	9039	26
00	0AC0	9039	26
00	0AC1	9039	26
00	0AC3	9039	26
00	0AC4	9039	26
00	0AC5	9039	26
00	0AC6	9039	26
00	0AC7	9039	26
00	0AC8	9039	26
00	0AC9	9039	26
00	0ACA	9039	26
00	0ACB	9039	26
00	0ACC	9039	26
00	0ACD	9039	26
00	0ACE	9039	26
00	0ACF	9039	26
00	0AD0	9039	26
00	0AD1	9039	26
00	0AD2	9039	26
00	0AD3	9039	26
00	0AD4	9039	26
00	0AD5	9039	26
00	0AD6	9039	26
00	0AD7	9039	26
00	0AD8	9039	26
00	0AD9	9039	26
00	0ADA	9039	26
00	0ADB	9039	26
00	0ADC	9039	26
00	0ADD	9039	26
00	0ADE	9039	26
00	0ADF	9039	26
00	0AE0	9039	26
00	0AE1	9039	26
00	0AE4	9039	26
00	0AE5	9039	26
00	0AE6	9039	26
00	0AE7	9039	26
00	0AE8	1885394	43
00	0AE9	1885394	43
00	0AEA	1885394	43
00	0AED	1885394	43
00	0AEE	1885394	43
00	0AEF	1885394	43
00	0AF1	1885394	43
00	0AF3	383099	43
00	0AF4	383099	43
00	0AF6	352180	43
00	0AF9	352180	43
00	0AFA	352180	43
00	0AFB	352180	43
00	0AFC	352180	43
00	0AFE	349617	43
00	0AFF	349617	43
00	0B00	349617	43
00	0B02	38948	62
00	0B03	38948	62
00	0B04	38948	62
00	0B05	38948	62
00	0B06	38948	62
00	0B07	38948	62
00	0B08	38948	62
00	0B0A	36249	62
00	0B0B	36249	62
00	0B0C	36249	62
00	0B0D	36249	62
00	0B0E	36249	62
00	0B0F	36249	62
00	0B10	36249	62
00	0B11	36249	62
00	0B13	28478	122
00	0B14	28478	122
00	0B17	28478	122
00	0B18	28478	122
00	0B1A	28478	122
00	0B1C	285	550
00	0B1D	285	550
00	0B1E	285	550
00	0B1F	285	550
00	0B20	285	550
00	0B21	285	550
00	0B23	35964	62
00	0B24	35964	62
00	0B25	35964	62
00	0B26	35964	62
00	0B28	35964	62
00	0B29	35964	62
00	0B2A	35964	62
00	0B2B	35964	62
00	0B2C	35964	62
00	0B2D	35964	62
00	0B2E	35964	62
00	0B2F	35964	62
00	0B32	35964	62
00	0B33	35964	62
00	0B34	35964	62
00	0B35	35964	62
00	0B36	1885394	43
00	0B37	1885394	43
00	0B38	1885394	43
00	0B3B	1885394	43
00	0B3C	1885394	43
00	0B3D	1885394	43
00	0B3E	1885394	43
00	0B3F	1885394	43
00	0B40	1885394	43
00	0B41	1885394	43
00	0B43	1885394	43
00	0B45	383099	43
00	0B48	383099	43
00	0B49	383099	43
00	0B4A	383099	43
00	0B4C	21089	754
00	0B4D	21089	754
00	0B4E	21089	754
00	0B51	21089	754
00	0B52	21089	754
00	0B53	21089	754
00	0B54	21089	754
00	0B56	21089	754
00	0B58	21089	754
00	0B5A	21089	754
00	0B5B	21089	754
00	0B5C	21089	754
00	0B5F	21089	754
00	0B60	21089	754
00	0B61	21089	754
00	0B64	21089	754
00	0B65	21089	754
00	0B66	21089	754
00	0B67	21089	754
00	0B69	21089	754
00	0B6B	21089	754
00	0B6C	21089	754
00	0B6E	21089	754
00	0B71	1885394	43
00	0B72	1885394	43
00	0B73	1885394	43
00	0B74	1885394	43
00	0B75	1885394	43
00	0B78	1885394	43
00	0B79	1885394	43
00	0B7A	1885394	43
00	0B7C	1885394	43
00	0B7D	1885394	43
00	0B7F	1885394	43
00	0B80	1885394	43
00	0B81	1885394	43
00	0B83	1885394	43
00	0B84	1885394	43
00	0B85	1885394	43
00	0B87	1885394	43
00	0B88	1885394	43
00	0B89	1885394	43
00	0B8A	1885394	43
00	0B8B	1885394	43
00	0B8C	1885394	43
00	0B8D	1885394	43
00	0B8F	1885394	43
00	0B91	382212	43
00	0B92	382212	43
00	0B94	382212	43
00	0B95	382212	43
00	0B96	382212	43
00	0B97	382212	43
00	0B98	382212	43
00	0B99	382212	43
00	0B9A	382212	43
00	0B9B	382212	43
00	0B9C	382212	43
00	0B9D	1714929	43
00	0B9E	1714929	43
00	0B9F	1714929	43
00	0BA0	1714929	43
00	0BA1	1714929	43
00	0BA2	1714929	43
00	0BA3	1714929	43
00	0BA4	1714929	43
00	0BA5	1714929	43
00	0BA6	1714929	43
00	0BA7	1714929	43
00	0BA8	1714929	43
00	0BA9	1714929	43
00	0BAA	1714929	43
00	0BAC	1714929	43
00	0BAD	1714929	43
00	0BAF	1714929	43
00	0BB0	1714929	43
00	0BB1	1714929	43
00	0BB2	1714929	43
00	0BB3	1714929	43
00	0BB4	1714929	43
00	0BB5	1714929	43
00	0BB6	1714929	43
00	0BB7	1714929	43
00	0BB8	1714929	43
00	0BBA	376131	43
00	0BBB	1503182	43
00	0BBC	1503182	43
00	0BE8	1981	2938
00	0BEB	1981	2938
00	0BED	31696	2938
00	0BEF	31696	2938
00	0BF1	31696	2938
00	0BF3	4504	2938
00	0BF4	31696	2938
00	0BF6	31696	2938
00	0BF8	31696	2938
00	0BF9	31696	2938
00	0BFB	1981	2938
00	0BFC	2108	527
00	0BFF	2108	527
00	0C01	2108	527
00	0C02	16864	527
00	0C03	16864	527
00	0C05	1460	2862
00	0C06	16864	527
00	0C08	16864	527
00	0C0A	16864	527
00	0C0B	16864	527
00	0C0D	2108	527
00	0D67	156	2422
00	0D68	156	2422
00	0D69	156	2422
00	0D6A	156	2422
00	0D6B	156	2422
00	0D6E	156	2422
00	0D70	2496	2422
00	0D71	2496	2422
00	0D73	2496	2422
00	0D75	2496	2422
00	0D76	2496	2422
00	0D77	2496	2422
00	0D78	2496	2422
00	0D79	2496	2422
00	0D7A	2496	2422
00	0D7B	2496	2422
00	0D7C	2496	2422
00	0D7D	2496	2422
00	0D7E	2496	2422
00	0D7F	2496	2422
00	0D80	2496	2422
00	0D81	2496	2422
00	0D83	2218	2422
00	0D84	2218	2422
00	0D86	278	2422
00	0D87	2496	2422
00	0D88	2496	2422
00	0D89	2496	2422
00	0D8B	156	2422
00	0D8C	156	2422
00	0D8D	156	2422
00	0D8E	156	2422
00	0D8F	156	2422
00	0D90	156	2422
00	0D91	156	2422
00	0DB9	4971	1968
00	0DBB	4971	1968
00	0DBE	4971	1968
00	0DC0	59652	1968
00	0DC1	59652	1968
00	0DC2	59652	1968
00	0DC3	59652	1968
00	0DC4	59652	1968
00	0DC5	59652	1968
00	0DC7	4971	1968
00	0DC8	4971	1968
00	0DCA	4971	1968
00	0DCD	4971	1968
00	0DE2	15229	1967
00	0DE4	15229	1967
00	0DE7	15229	1967
00	0DE8	15229	1967
00	0DE9	15229	1967
00	0DEB	91374	1967
00	0DEC	91374	1967
00	0DED	91374	1967
00	0DEF	91374	1967
00	0DF0	91374	1967
00	0DF1	91374	1967
00	0DF2	91374	1967
00	0DF3	91374	1967
00	0DF5	91374	1967
00	0DF7	91374	1967
00	0DF8	91374	1967
00	0DF9	91374	1967
00	0DFA	91374	1967
00	0DFC	91374	1967
00	0DFE	91374	1967
00	0DFF	91374	1967
00	0E00	91374	1967
00	0E01	91374	1967
00	0E02	91374	1967
00	0E04	15229	1967
00	0E05	15229	1967
00	0E06	15229	1967
00	0E08	91374	1967
00	0E0A	91374	1967
00	0E0B	91374	1967
00	0E0C	91374	1967
00	0E0E	91374	1967
00	0E10	91374	1967
00	0E12	91374	1967
00	0E14	91374	1967
00	0E15	91374	1967
00	0E16	91374	1967
00	0E18	91374	1967
00	0E1A	91374	1967
00	0E1B	91374	1967
00	0E1D	91374	1967
00	0E1E	91374	1967
00	0E1F	91374	1967
00	0E20	91374	1967
00	0E21	91374	1967
00	0E23	91374	1967
00	0E25	91374	1967
00	0E26	91374	1967
00	0E27	91374	1967
00	0E28	91374	1967
00	0E2A	15229	1967
00	0E2C	15229	1967
00	0E2E	15229	1967
00	0E31	15229	1967
00	0E93	22765	713
00	0E94	22765	713
00	0E96	22765	713
00	0E98	22765	713
00	0E9A	11099	713
00	0E9C	11099	713
00	0E9D	11099	713
00	0E9F	11099	713
00	0EA1	11099	713
00	0EA3	11099	713
00	0EA6	11099	713
00	0EA8	11099	713
00	0EA9	11099	713
00	0EAB	11099	713
00	0EAD	11099	713
00	0EAE	11099	713
00	0EB0	11099	713
00	0EB1	11099	713
00	0EB2	11666	713
00	0EB4	11666	713
00	0EB5	11666	713
00	0EB8	11666	713
00	0EBA	11666	713
00	0EBB	11666	713
00	0EBD	11666	713
00	0EBF	11666	713
00	0EC1	11666	713
00	0EC3	11666	713
00	0EC6	11666	713
00	0EC7	11666	713
00	0EC9	10806	713
00	0ECC	11666	713
00	0ECD	11666	713
00	0ECF	11666	713
00	0ED1	11666	713
00	0ED2	11666	713
00	0ED3	1357	2942
00	0ED5	1357	2942
00	0ED6	1357	2942
00	0ED8	21551	2942
00	0EDA	21551	2942
00	0EDD	21551	2942
00	0EDE	21551	2942
00	0EE0	21551	2942
00	0EE2	2556	2945
00	0EE3	2556	2945
00	0EE4	2556	2945
00	0EE6	2556	2945
00	0EE7	2556	2945
00	0EE9	2556	2945
00	0EEB	2556	2945
00	0EEC	2556	2945
00	0EED	2556	2945
00	0EEE	2556	2945
00	0EEF	2556	2945
00	0F30	18995	2942
00	0F31	18995	2942
00	0F33	18995	2942
00	0F35	14933	2942
00	0F37	14933	2942
00	0F49	4062	40269
00	0F4A	18995	2942
00	0F4C	4062	40269
00	0F4D	4062	40269
00	0F50	4062	40269
00	0F51	4062	40269
00	0F53	14933	2942
00	0F54	14933	2942
00	0F55	14933	2942
00	0F56	14933	2942
00	0F59	14933	2942
00	0F5A	18995	2942
00	0F5D	18995	2942
00	0F5F	18995	2942
00	0F60	18995	2942
00	0F62	18995	2942
00	0F63	18995	2942
00	0F65	18995	2942
00	0F68	1199	2945
00	0F69	1199	2945
00	0F6B	1199	2945
00	0F6D	1199	2945
00	0F6F	1199	2945
00	0F71	1199	2945
00	0F73	1199	2945
00	0F74	1199	2945
00	0F75	1199	2945
00	0F76	1199	2945
00	0F78	1199	2945
00	0F79	1199	2945
00	0F7B	1199	2945
00	0F7C	1199	2945
00	0F7E	1199	2945
00	0F7F	1199	2945
00	0F9D	1357	2960
00	0F9E	1357	2960
00	0FA0	1357	2960
00	0FA1	1357	2960
00	1044	14933	2942
00	1045	14933	2942
00	1046	14933	2942
00	1048	14933	2942
00	104A	14933	2942
00	104C	14933	2942
00	104F	14933	2942
00	1052	14933	2942
00	1053	14933	2942
00	1059	14933	2942
00	105B	14933	2942
00	105C	14933	2942
00	105E	14933	2942
00	1060	14933	2942
00	1062	14933	2942
00	1064	14933	2942
00	1066	14933	2942
00	1067	14933	2942
00	1069	14933	2942
00	106A	14933	2942
00	106C	14933	2942
00	106D	14933	2942
00	106F	14933	2942
00	1070	14933	2942
00	1073	14933	2942
00	1079	14933	2942
00	107B	14933	2942
00	107D	14933	2942
00	107F	14933	2942
00	1080	14933	2942
00	1082	14933	2942
00	1084	14933	2942
00	1086	14933	2942
00	1088	14933	2942
00	1089	14933	2942
00	108B	14933	2942
00	108D	14933	2942
00	108F	14933	2942
00	1091	14933	2942
00	1093	14933	2942
00	1094	14933	2942
00	1096	14933	2942
00	1097	14933	2942
00	1099	14933	2942
00	109A	14933	2942
00	109D	14933	2942
00	10A3	14933	2942
00	10A5	14933	2942
00	10A7	14933	2942
00	10A9	14933	2942
00	10AA	14933	2942
00	10AC	14933	2942
00	10AE	14933	2942
00	10B0	14933	2942
00	10B1	4062	40269
00	10B2	4062	40269
00	10B4	4062	40269
00	10B5	4062	40269
00	10B7	4062	40269
00	10B9	4062	40269
00	10BB	4062	40269
00	10BD	4062	40269
00	10C0	4062	40269
00	10C6	4062	40269
00	10C8	4062	40269
00	10C9	4062	40269
00	10CB	4062	40269
00	10CC	4062	40269
00	10CE	4062	40269
00	10CF	4062	40269
00	10D1	4062	40269
00	10D2	4062	40269
00	10D5	4062	40269
00	10DB	4062	40269
00	10DD	4062	40269
00	10DF	4062	40269
00	10E1	4062	40269
00	10E2	4062	40269
00	10E4	4062	40269
00	10E6	4062	40269
00	10E8	4062	40269
00	10E9	13	3880
00	10EC	13	3880
00	10ED	13	3880
00	10EE	13	3880
00	10EF	13	3880
00	10F0	13	3880
00	10F1	13	3880
00	10F2	13	3880
00	10F3	13	3880
00	10F4	13	3880
00	10F5	65	3880
00	10F6	65	3880
00	10F7	65	3880
00	10F8	65	3880
00	10F9	65	3880
00	10FA	65	3880
00	10FC	65	3880
00	10FE	65	3880
00	1100	52	3880
00	1102	52	3880
00	1106	65	3880
00	1107	65	3880
00	1109	13	3880
00	110A	13	3880
00	110B	13	3880
00	110C	13	3880
00	110D	13	3880
00	1117	13	3880
00	1118	13	3880
00	14BF	3319	1954
00	14C0	3319	1954
00	14C1	3319	1954
00	14C2	3319	1954
00	14C3	3319	1954
00	14C5	243	1954
00	14EA	75	1954
00	14EB	75	1954
00	14ED	75	1954
00	14EE	75	1954
00	14EF	75	1954
00	14F0	75	1954
00	14F2	3	1954
00	1509	7	43586
00	150A	7	43586
00	150B	7	43586
00	150C	7	43586
00	150D	7	43586
00	150E	7	43586
00	150F	9	43586
00	1510	9	43586
00	1511	9	43586
00	1512	9	43586
00	1513	9	43586
00	1515	9	43586
00	1516	9	43586
00	1518	7	43586
00	1519	7	43586
00	151A	32	324
00	151B	32	324
00	151C	32	324
00	151E	512	324
00	151F	512	324
00	1521	480	324
00	1522	480	324
00	1523	480	324
00	1525	480	324
00	1526	480	324
00	1527	480	324
00	1528	480	324
00	152A	480	324
00	152B	480	324
00	152C	480	324
00	152E	32	324
00	152F	32	324
00	1530	32	324
00	1531	32	324
00	1532	32	324
00	153D	30	3899
00	153E	30	3899
00	1540	30	3899
00	1542	30	3899
00	1543	30	3899
00	1545	30	3899
00	1547	30	3899
00	1549	30	3899
00	154B	30	3899
00	154D	30	3899
00	154F	30	3899
00	1550	30	3899
00	1552	30	3899
00	1554	30	3899
00	1556	30	3899
00	1559	30	3899
00	155A	30	3899
00	155D	30	3899
00	155E	30	3899
00	155F	30	3899
00	1560	30	3899
00	1562	30	3899
00	1563	30	3899
00	1564	30	3899
00	1565	30	3899
00	1566	30	3899
00	1567	30	3899
00	156A	30	3899
00	156D	30	3899
00	156F	30	3899
00	1570	30	3899
00	1572	30	3899
00	1575	30	3899
00	1577	30	3899
00	1579	30	3899
00	157A	30	3899
00	157C	30	3899
00	157E	30	3899
00	1580	30	3899
00	1583	30	3899
00	1585	30	3899
00	1586	6	3877
00	1587	6	3877
00	158D	6	3877
00	158E	6	3877
00	1590	6	3877
00	1591	6	3877
00	1593	6	3877
00	1595	6	3877
00	1596	6	3877
00	1598	6	3877
00	159A	6	3877
00	159C	6	3877
00	159F	6	3877
00	15A2	6	3877
00	15A5	6	3877
00	15A6	6	3877
00	15A7	6	3877
00	15A8	6	3877
00	15AA	6	3877
00	15AB	6	3877
00	15AC	6	3877
00	15AD	6	3877
00	15AE	6	3877
00	15AF	6	3877
00	15B2	6	3877
00	15B4	6	3877
00	15B5	6	3877
00	15B7	6	3877
00	15BA	6	3877
00	15BC	6	3877
00	1620	100607	326
00	1622	100607	326
00	1624	33955	326
00	1626	33955	326
00	1628	2302	7259
00	162A	2302	7259
00	162C	2302	7259
00	162D	2302	7259
00	162F	2302	7259
00	1631	2302	7259
00	1633	2302	7259
00	1634	2302	7259
00	1636	2302	7259
00	1637	2302	7259
00	1639	2302	7259
00	163B	2302	7259
00	163D	2302	7259
00	163E	31653	326
00	1640	31653	326
00	1642	31653	326
00	1643	31653	326
00	1645	31653	326
00	1647	31653	326
00	164A	31653	326
00	164C	31653	326
00	164E	31653	326
00	1651	31653	326
00	1652	31653	326
00	1655	31653	326
00	1656	31653	326
00	1658	31653	326
00	165B	31653	326
00	165D	31653	326
00	165E	31653	326
00	1660	31653	326
00	1663	31653	326
00	1665	31653	326
00	1668	31653	326
00	1669	66652	546
00	166A	66652	546
00	166C	66652	546
00	166E	66652	546
00	1670	66652	546
00	1671	66652	546
00	1673	66652	546
00	1675	66652	546
00	1678	66652	546
00	1679	66652	546
00	167B	66652	546
00	167C	66652	546
00	167E	66652	546
00	1681	66652	546
00	1683	66652	546
00	16A2	668	601
00	16A5	668	601
00	16A7	668	601
00	16AA	668	601
00	16AB	668	601
00	16AD	668	601
00	16AE	668	601
00	16AF	668	601
00	16B2	668	601
00	16B3	668	601
00	16B4	668	601
00	16B7	668	601
00	16B8	668	601
00	16BB	668	601
00	16BC	668	601
00	16BD	668	601
00	16BF	668	601
00	16C0	668	601
00	16C3	668	601
00	16C4	2301439	548
00	16C5	2301439	548
00	16C7	2301439	548
00	16C9	2301439	548
00	16CB	2285340	548
00	16CC	2285340	548
00	16CD	16099	548
00	16D0	16099	548
00	16D2	16099	548
00	16D3	16099	548
00	16D4	16164	549
00	16D5	16164	549
00	16D6	16164	549
00	16D8	16164	549
00	16D9	16164	549
00	16DC	40138	16589
00	16DD	40138	16589
00	16DF	40138	16589
00	16E1	40138	16589
00	16E3	20460	16589
00	16E5	20460	16589
00	16E7	20460	16589
00	16E9	19678	16602
00	16EA	19678	16602
00	16EC	19678	16602
00	16EE	19678	16602
00	16F0	19678	16602
00	16F2	19678	16602
00	16F3	19678	16602
00	16F6	19678	16602
00	16F8	19678	16602
00	16F9	19678	16602
00	16FB	19678	16602
00	16FD	19678	16602
00	16FE	19678	16602
00	1701	19678	16602
00	1703	19678	16602
00	1705	19678	16602
00	1706	20460	16589
00	1707	20460	16589
00	1708	19678	16602
00	1709	19678	16602
00	170B	19678	16602
00	170D	19678	16602
00	170F	19678	16602
00	1710	19678	16602
00	1711	32	17
00	1713	32	17
00	1715	32	17
00	1716	32	17
00	1718	32	17
00	171A	32	17
00	171C	32	17
00	171F	32	17
00	1722	32	22
00	1724	32	22
00	1725	32	22
00	1727	32	22
00	172A	32	22
00	172C	32	22
00	20A0	32	8
00	20A3	32	8
00	20A6	206188	0
00	20A9	206156	17
00	20AC	5356	83
00	20AF	5356	83
00	20B2	184	550
00	20B5	184	550
00	20C4	32	323
00	20C7	32	323
00	20E8	985	43
00	20EB	985	43
00	20EE	212745	8
00	20F0	212745	8
00	20F3	212745	8
00	20F5	212745	8
00	20F8	568724	8
00	20FA	568724	8
00	20FD	568724	8
00	20FF	1137448	8
00	2101	1137448	8
00	2104	1137448	8
00	2105	1137448	8
00	2107	1137448	8
00	210A	1137448	8
00	210B	212745	8
00	210E	212745	8
00	2111	212745	8
00	2114	212745	8
00	2116	6557	43
00	2119	6557	43
00	211B	6557	43
00	211D	212713	17
00	211F	212713	17
00	2120	212713	17
00	2123	212713	17
00	2124	212713	17
00	2125	32	0
00	2126	32	0
00	2128	32	0
00	2129	206188	0
00	212C	206188	0
00	212E	206188	0
00	2130	32	0
00	2132	32	0
00	2141	212713	17
00	2144	212713	17
00	2146	212713	17
00	2148	212713	17
00	214B	212713	17
00	214D	212713	17
00	214E	212713	17
00	215E	100295	44
00	2161	100295	44
00	2164	100295	44
00	2167	100295	44
00	216A	100295	44
00	216B	100295	44
00	216C	100295	44
00	216F	255684	44
00	2172	255684	44
00	2175	255684	44
00	2178	255684	44
00	217B	255684	44
00	217C	255684	44
00	217D	255684	44
00	217E	255684	44
00	217F	255684	44
00	2180	255684	44
04	4000	32	8
04	4002	32	8
04	4005	32	8
04	4008	32	8
04	4009	32	8
04	400C	32	8
04	400D	32	8
04	4010	32	8
04	4012	32	8
04	4013	2016	8
04	4014	2016	8
04	4015	2016	8
04	4017	32	8
04	4018	32	8
04	401B	32	8
04	401C	32	8
04	401F	32	8
04	4021	32	8
04	4024	32	8
04	4027	32	8
04	402A	32	8
04	402D	32	8
04	402F	32	8
04	4032	32	8
04	4035	32	8
04	4037	32	8
04	403A	32	8
04	403B	32	8
04	403D	32	8
04	4040	32	8
04	4043	256	8
04	4044	256	8
04	4045	256	8
04	4046	256	8
04	4048	32	8
04	4049	32	8
04	404B	32	8
04	404E	32	8
04	4051	128	8
04	4052	128	8
04	4053	128	8
04	4054	128	8
04	4056	32	8
04	4058	32	8
04	405A	32	8
04	405C	32	8
04	405E	32	8
04	4060	32	8
04	4062	32	8
04	4064	32	8
04	4066	32	8
04	4068	32	8
04	406A	32	8
04	406C	32	8
04	406E	32	8
04	4070	32	8
04	4072	32	8
04	4074	32	8
04	4076	32	8
04	4078	32	8
04	407A	32	8
04	407C	32	8
04	407F	32	8
04	4082	206156	17
04	4083	206156	17
04	4084	206156	17
04	4087	206156	17
04	408A	206156	17
04	408C	206156	17
04	408F	206156	17
04	4090	206156	17
04	4091	206156	17
04	4092	206156	17
04	4094	206156	17
04	4095	206156	17
04	4096	206156	17
04	4097	206156	17
04	4099	206156	17
04	409A	206156	17
04	409B	206156	17
04	409D	206156	17
04	40AC	206156	17
04	40AD	206156	17
04	40AE	206156	17
04	40B1	824624	17
04	40B4	824624	17
04	40B7	824624	17
04	40B9	206156	17
04	40BC	824624	17
04	40BF	824624	17
04	40C2	824624	17
04	40C4	206156	17
04	40C7	206156	17
04	40C8	206156	17
04	40CA	206156	17
04	40CB	206156	17
04	40CC	206156	17
04	40CE	206156	17
04	40D0	206156	17
04	40D3	206156	17
04	40D5	206156	17
04	40D8	206156	17
04	40D9	206156	17
04	40DA	206156	17
04	40DB	206156	17
04	40DD	206156	17
04	40DE	206156	17
04	40DF	206156	17
04	40E0	206156	17
04	40E2	206156	17
04	40E3	206156	17
04	40E4	206156	17
04	40E6	206156	17
04	40E8	47629	503
04	40EB	190516	503
04	40EE	190516	503
04	40F1	190516	503
04	40F3	47629	503
04	40F5	160665	17
04	40F6	160665	17
04	40F7	160665	17
04	40FA	642660	17
04	40FD	642660	17
04	4100	642660	17
04	4102	160665	17
04	4105	642660	17
04	4108	642660	17
04	410B	642660	17
04	410D	160665	17
04	4110	160665	17
04	4111	160665	17
04	4113	160665	17
04	4114	160665	17
04	4115	160665	17
04	4117	160665	17
04	4119	206156	17
04	411C	824624	17
04	411F	824624	17
04	4122	824624	17
04	4124	206156	17
04	4127	206156	17
04	4128	206156	17
04	412A	13761	17
04	412C	206156	17
04	412D	206156	17
04	4130	206156	17
04	4132	206156	17
04	4135	206156	17
04	4138	1649248	17
04	4139	1649248	17
04	413B	1649248	17
04	413C	1649248	17
04	413D	1649248	17
04	413F	1649248	17
04	4140	1649248	17
04	4141	1649248	17
04	4143	206156	17
04	4144	206156	17
04	4147	206156	17
04	4148	206156	17
04	4149	206156	17
04	414C	211534	17
04	414F	211534	17
04	4151	211534	17
04	4153	209024	17
04	4156	209024	17
04	4158	209024	17
04	415F	420558	17
04	4162	420558	17
04	4163	420558	17
04	4164	420558	17
04	4165	420558	17
04	4166	420558	17
04	4167	1662852	17
04	416A	1662852	17
04	416B	1662852	17
04	416C	1247636	17
04	416D	1247636	17
04	416F	1247636	17
04	4170	1247636	17
04	4171	1247636	17
04	4173	1247636	17
04	4174	1247636	17
04	4175	1247636	17
04	4176	1247636	17
04	4177	22861	84
04	417A	22861	84
04	417C	22861	84
04	417E	22861	84
04	4180	9279	44
04	4183	9279	44
04	4185	9279	44
04	4187	9279	44
04	4189	13910	84
04	418C	13910	84
04	418E	13910	84
04	4190	13910	84
04	4192	22062	502
04	4195	22062	502
04	4197	22062	502
04	4199	22062	502
04	419B	572977	17
04	419E	572977	17
04	41A0	572977	17
04	41A2	641089	17
04	41A5	641089	17
04	41A6	641089	17
04	41A7	641089	17
04	41A8	641089	17
04	41A9	641089	17
04	41AA	641089	17
04	41AB	641089	17
04	41AC	2291908	17
04	41AF	2291908	17
04	41B0	2291908	17
04	41B1	1718931	17
04	41B2	1718931	17
04	41B4	1718931	17
04	41B5	1718931	17
04	41B6	1718931	17
04	41B8	1718931	17
04	41B9	1718931	17
04	41BA	1718931	17
04	41BB	1718931	17
04	41BD	1718931	17
04	41BE	1718931	17
04	41BF	1718931	17
04	41C0	5356	83
04	41C1	5356	83
04	41C2	5356	83
04	41C5	5356	83
04	41C8	5356	83
04	41CB	5356	83
04	41CD	5356	83
04	4219	5356	83
04	421C	5356	83
04	421E	5356	83
04	4221	5356	83
04	4222	5356	83
04	4225	7404	83
04	4228	7404	83
04	4229	7404	83
04	422C	7404	83
04	422D	7404	83
04	422F	7404	83
04	4231	6086	83
04	4234	6086	83
04	4236	752	83
04	4239	752	83
04	423A	752	83
04	423D	752	83
04	423E	752	83
04	4241	2070	83
04	4244	2070	83
04	4246	2070	83
04	4249	2070	83
04	424C	2070	83
04	424E	22	73645
04	4251	22	73645
04	4253	22	73645
04	4256	70	73645
04	4259	70	73645
04	425A	70	73645
04	425D	70	73645
04	425E	70	73645
04	4260	67	73645
04	4263	67	73645
04	4264	67	73645
04	4267	67	73645
04	4268	67	73645
04	426B	67	73645
04	426C	67	73645
04	426F	67	73645
04	4270	67	73645
04	4272	13	73797
04	4275	13	73797
04	4277	62	73645
04	427A	62	73645
04	427C	62	73645
04	427F	62	73645
04	4282	62	73645
04	4284	5356	83
04	4287	698	43
04	4288	698	43
04	4289	698	43
04	428C	698	43
04	428D	698	43
04	4290	698	43
04	4291	698	43
04	4294	698	43
04	4295	698	43
04	4298	698	43
04	4299	698	43
04	429C	698	43
04	429F	698	43
04	42A2	2600	43
04	42A5	2600	43
04	42A7	1902	501
04	42AA	1902	501
04	42AE	192	43
04	42B1	192	43
04	42B2	192	43
04	42B5	192	43
04	42B6	192	43
04	42B7	192	43
04	42B8	890	43
04	42BB	890	43
04	42BD	698	43
04	42D6	985	43
04	42D9	985	43
04	42DA	985	43
04	42DC	471	4088
04	42DF	471	4088
04	42E0	471	4088
04	42E2	471	4088
04	42E5	471	4088
04	42E7	471	4088
04	42E9	471	4088
04	430A	6054	43
04	430B	6054	43
04	430E	6054	43
04	4310	6054	43
04	4311	6054	43
04	4319	6054	43
04	431B	6054	43
04	431D	6054	43
04	4320	6054	43
04	4321	6054	43
04	4322	6054	43
04	4323	6054	43
04	4324	6054	43
04	4325	6054	43
04	4328	6054	43
04	4329	6054	43
04	432A	6054	43
04	432B	6054	43
04	432C	6054	43
04	432D	6054	43
04	432E	6054	43
04	4331	6054	43
04	4332	6054	43
04	4335	6054	43
04	4336	6054	43
04	4339	6054	43
04	433A	6054	43
04	433D	6054	43
04	433E	6054	43
04	4341	6054	43
04	4342	6054	43
04	4343	6054	43
04	4344	6054	43
04	4347	6054	43
04	4348	6054	43
04	434B	6054	43
04	434C	8699	43
04	434F	8699	43
04	4350	8699	43
04	4353	8699	43
04	4354	8699	43
04	4356	8699	43
04	4357	8699	43
04	4358	8699	43
04	435B	8699	43
04	435C	8699	43
04	435F	8699	43
04	4360	8699	43
04	4363	8699	43
04	4364	8699	43
04	4367	8699	43
04	4368	8699	43
04	436B	8699	43
04	436C	8699	43
04	436F	8699	43
04	4370	8699	43
04	4373	8699	43
04	4374	8699	43
04	4377	8699	43
04	4378	8699	43
04	4379	2659	83
04	437C	2659	83
04	437E	2659	83
04	437F	2659	83
04	4380	2659	83
04	4382	2659	83
04	4383	2659	83
04	4384	2659	83
04	4385	2659	83
04	4386	8699	44
04	4388	8699	44
04	4389	8699	44
04	438A	8699	44
04	438B	8699	44
04	438C	8699	44
04	438D	8699	44
04	438E	8699	44
04	438F	8699	44
04	4390	8699	44
04	4393	8699	44
04	4394	8699	44
04	4397	8699	44
04	4398	8699	44
04	439B	8699	44
04	439C	8699	44
04	439D	8699	44
04	439E	8699	44
04	43A1	8699	44
04	43A2	8699	44
04	43A3	8699	44
04	43A4	8699	44
04	43A5	8699	44
04	43A6	8699	44
04	43A7	8699	44
04	43A8	8699	44
04	43A9	8699	44
04	43AB	8699	44
04	43AC	8699	44
04	43AD	8699	44
04	43AE	8699	44
04	43AF	8699	44
04	43B0	8699	44
04	43B1	8699	44
04	43B2	8699	44
04	43B4	8699	44
04	43B5	8699	44
04	43B7	8699	44
04	43B8	8699	44
04	43B9	8699	44
04	43BA	8699	44
04	43BB	8699	44
04	43BC	8699	44
04	43BE	8699	44
04	43BF	8699	44
04	43C0	8699	44
04	43C1	8699	44
04	43C2	8699	44
04	43C3	8699	44
04	43C4	8699	44
04	43C6	8699	44
04	43C7	8699	44
04	43C8	8699	44
04	43C9	8699	44
04	43CA	8699	44
04	43CB	8699	44
04	43CC	8699	44
04	43CD	8699	44
04	43CE	8699	44
04	43CF	8699	44
04	43D0	8699	44
04	43D1	8699	44
04	43D2	8699	44
04	43D3	8699	44
04	43D4	8699	44
04	43D5	8699	44
04	43D6	8699	44
04	43D7	8699	44
04	43D8	8699	44
04	43DA	8699	44
04	43DB	8699	44
04	4429	32	323
04	442C	32	323
04	4433	32	323
04	4435	32	323
04	4438	32	323
04	443B	128	323
04	443E	128	323
04	443F	128	323
04	4442	128	323
04	4443	128	323
04	4445	128	323
04	4448	128	323
04	444A	32	323
04	453A	206156	17
04	453D	206156	17
04	453E	206156	17
04	453F	204908	17
04	4542	204908	17
04	4543	204908	17
04	455A	190516	503
04	455D	190516	503
04	455E	190516	503
04	4561	190516	503
04	4562	190516	503
04	4563	190516	503
04	4565	190516	503
04	4566	189768	503
04	4569	189768	503
04	456C	1467284	17
04	456F	1467284	17
04	4570	1467284	17
04	4573	1467284	17
04	4574	1467284	17
04	4575	1467284	17
04	4577	1467284	17
04	4578	653673	44
04	457A	653673	44
04	457C	8699	44
04	457D	8699	44
04	4580	8699	44
04	4581	8699	44
04	4582	653673	44
04	4585	653673	44
04	4586	653673	44
04	4587	653673	44
04	4588	653673	44
04	458A	556176	85
04	458B	556176	85
04	458C	556176	85
04	458E	97497	44
04	458F	97497	44
04	4590	97497	44
04	4591	97497	44
04	4592	97497	44
04	4593	97497	44
04	4594	97497	44
04	4597	97497	44
04	4598	97497	44
04	459B	245793	44
04	459E	245793	44
04	459F	245793	44
04	45A2	245793	44
04	45A3	245793	44
04	45A6	245793	44
04	45A7	245793	44
04	45AA	245793	44
04	45AC	245793	44
04	45AE	28980	507
04	45AF	28980	507
04	45B2	28980	507
04	45B3	28980	507
04	45B4	28980	507
04	45B6	216813	44
04	45B7	216813	44
04	45BA	216813	44
04	45BB	216813	44
04	45BD	216813	44
04	45BF	101920	44
04	45C0	245793	44
04	45C2	245793	44
04	45C5	177681	44
04	45C7	177681	44
04	45CA	86356	44
04	45CD	86356	44
04	45CF	86356	44
04	45D0	86356	44
04	45D1	86356	44
04	45D3	86356	44
04	45D4	86356	44
04	45D5	86356	44
04	45D6	86356	44
04	45D7	86356	44
04	45D8	86356	44
04	45D9	86356	44
04	45DA	86356	44
04	45DB	6172	44
04	45DE	6172	44
04	45DF	6172	44
04	45E2	6172	44
04	45E3	6172	44
04	45E4	6172	44
04	45E5	6172	44
04	45E6	647501	84
04	45E9	647501	84
04	45EA	647501	84
04	45EB	647501	84
04	45EC	647501	84
04	45EE	62182	517
04	45EF	62182	517
04	45F2	62182	517
04	45F3	62182	517
04	45F5	62182	517
04	45F7	585319	84
04	45FA	585319	84
04	45FB	585319	84
04	45FC	585319	84
04	45FD	647501	84
04	45FE	647501	84
04	4600	647501	84
04	4602	288387	89
04	4603	647501	84
04	4606	647501	84
04	4609	647501	84
04	460A	647501	84
04	460B	647501	84
04	460C	647501	84
04	460E	95263	502
04	460F	95263	502
04	4612	95263	502
04	4613	95263	502
04	4614	95263	502
04	4615	95263	502
04	4618	95263	502
04	4619	95263	502
04	461A	95263	502
04	461B	95263	502
04	461C	95263	502
04	461D	95263	502
04	461F	95263	502
04	4623	552238	84
04	4626	552238	84
04	4627	552238	84
04	4628	552238	84
04	462A	552238	84
04	462E	95263	502
04	462F	95263	502
04	4631	95263	502
04	4632	95263	502
04	4633	95263	502
04	4635	95263	502
04	4636	95263	502
04	4638	95263	502
04	4639	95263	502
04	463B	95263	502
04	463C	95263	502
04	463E	95263	502
04	463F	95263	502
04	4640	647501	84
04	4641	647501	84
04	4642	647501	84
04	4644	33289	502
04	4647	33289	502
04	4649	33289	502
04	464C	33289	502
04	464D	647501	84
04	464E	647501	84
04	464F	647501	84
04	4650	647501	84
04	4652	9102	502
04	4655	9102	502
04	4657	9102	502
04	465A	9102	502
04	465B	647501	84
04	465D	647501	84
04	4660	647501	84
04	4661	647501	84
04	4664	647501	84
04	4665	647501	84
04	4668	837269	84
04	466A	837269	84
04	466C	64475	502
04	466F	64475	502
04	4670	64475	502
04	4671	64475	502
04	4673	64475	502
04	4675	64475	502
04	4676	64475	502
04	4677	64475	502
04	467A	64475	502
04	467B	64475	502
04	467C	64475	502
04	467D	64475	502
04	467E	64475	502
04	467F	64475	502
04	4680	64475	502
04	4681	64475	502
04	4684	64475	502
04	4685	64475	502
04	4686	64475	502
04	4687	64475	502
04	4688	64475	502
04	4689	64475	502
04	468A	64475	502
04	468B	64475	502
04	468E	64475	502
04	468F	64475	502
04	4690	64475	502
04	4692	64475	502
04	4694	64475	502
04	4695	64475	502
04	4696	64475	502
04	4697	64475	502
04	4698	64475	502
04	4699	64475	502
04	469A	64475	502
04	469D	64475	502
04	469E	64475	502
04	469F	64475	502
04	46A0	64475	502
04	46A1	64475	502
04	46A4	64475	502
04	46A5	64475	502
04	46A8	837269	84
04	46AA	837269	84
04	46BF	837269	84
04	46C1	837269	84
04	46C3	8739	84
04	46C6	8739	84
04	46C7	8739	84
04	46C8	8739	84
04	46C9	8739	84
04	46CA	8739	84
04	46CD	8739	84
04	46CF	8739	84
04	46D1	8739	84
04	46D3	8739	84
04	46D5	8739	84
04	46D7	8739	84
04	46D8	8739	84
04	46D9	8739	84
04	46DA	8739	84
04	46DD	8739	84
04	46DE	8739	84
04	46DF	8739	84
04	46E2	8739	84
04	46E3	8739	84
04	46E6	837269	84
04	46E7	837269	84
04	4756	91325	84
04	4758	91325	84
04	475B	91325	84
04	475D	91325	84
04	475E	91325	84
04	4760	91325	84
04	4762	91325	84
04	4763	91325	84
04	4764	91325	84
04	4765	91325	84
04	4768	91325	84
04	4769	91325	84
04	476C	91325	84
04	476D	91325	84
04	476E	91325	84
04	476F	91325	84
04	4770	91325	84
04	4771	91325	84
04	4772	91325	84
04	4773	91325	84
04	4774	91325	84
04	4777	816	7945
04	477A	816	7945
04	477B	816	7945
04	477E	816	7945
04	477F	816	7945
04	4782	816	7945
04	4783	816	7945
04	4784	816	7945
04	4786	816	7945
04	4789	816	7945
04	478A	816	7945
04	478B	816	7945
04	478C	816	7945
04	478D	816	7945
04	478F	816	7945
04	4790	816	7945
04	4793	816	7945
04	4794	816	7945
04	4795	816	7945
04	4796	816	7945
04	4797	816	7945
04	4798	816	7945
04	4799	816	7945
04	479A	816	7945
04	479B	1192	7945
04	479E	1192	7945
04	479F	1192	7945
04	47A0	1192	7945
04	47A3	1370	709
04	47A6	1370	709
04	47A7	1370	709
04	47AA	1370	709
04	47AB	1370	709
04	47AE	1370	709
04	47AF	1370	709
04	47B0	1370	709
04	47B1	1370	709
04	47B4	708	8038
04	47B5	708	8038
04	47B6	708	8038
04	47B7	708	8038
04	47B8	708	8038
04	47BA	708	8038
04	47BB	708	8038
04	47BE	708	8038
04	47BF	708	8038
04	47C0	708	8038
04	47C1	708	8038
04	47C2	708	8038
04	47E3	6135	44
04	47E6	6135	44
04	47E8	6135	44
04	47EB	6135	44
04	47ED	5343	84
04	47F0	6135	44
04	47F3	6135	44
04	47F4	6135	44
04	47F5	6135	44
04	47F8	6135	44
04	47FB	6135	44
04	47FC	6135	44
04	47FD	6135	44
04	47FE	6135	44
04	47FF	6135	44
04	4800	6135	44
04	4803	6135	44
04	4804	6135	44
04	4806	6135	44
04	480C	6135	44
04	480E	6135	44
04	480F	6135	44
04	4811	6135	44
04	4812	6135	44
04	4813	6135	44
04	4816	6135	44
04	4817	6135	44
04	4818	6135	44
04	483A	8699	44
04	483D	8699	44
04	484E	18952	44
04	4851	18952	44
04	4852	18952	44
04	4854	18952	44
04	4856	18220	44
04	4859	18220	44
04	485C	18220	44
04	485E	18220	44
04	485F	18220	44
04	4862	18220	44
04	4864	18220	44
04	4865	18220	44
04	4866	18220	44
04	4867	18220	44
04	4868	18220	44
04	4869	18220	44
04	486A	18220	44
04	486B	18220	44
04	486C	18220	44
04	486D	18220	44
04	486E	18220	44
04	486F	18220	44
04	4870	18220	44
04	4871	18220	44
04	4872	18220	44
04	4873	18220	44
04	4876	18220	44
04	4878	18220	44
04	487B	18220	44
04	487E	732	502
04	4881	732	502
04	4883	732	502
04	4886	732	502
04	4889	37287	44
04	488A	37287	44
04	488C	37287	44
04	488D	37287	44
04	488E	37287	44
04	488F	37287	44
04	4890	37287	44
04	4891	37287	44
04	4894	37287	44
04	4895	37287	44
04	4896	31169	503
04	4899	31169	503
04	489A	31169	503
04	489D	31169	503
04	489E	31169	503
04	48A1	31169	503
04	48A2	31169	503
04	48A5	31169	503
04	48A6	31169	503
04	48A7	31169	503
04	48A9	31169	503
04	48AA	31169	503
04	48AB	31169	503
04	48AC	31169	503
04	48AD	33524	503
04	48AE	33524	503
04	48B0	33524	503
04	48B2	23030	503
04	48B5	23030	503
04	48B6	23030	503
04	48B7	23030	503
04	48B9	10494	503
04	48BA	10494	503
04	48BB	10494	503
04	48BC	10494	503
04	48BF	10494	503
04	48C0	10494	503
04	48C1	10494	503
04	48C2	10494	503
04	48C3	10494	503
04	48C4	10494	503
04	48C5	10494	503
04	48C6	33524	503
04	48C7	33524	503
04	48C8	33524	503
04	48C9	33524	503
04	48CA	33524	503
04	48CD	33524	503
04	48CF	33524	503
04	48D2	33524	503
04	48D5	2355	503
04	48D8	2355	503
04	48D9	2355	503
04	48DC	2355	503
04	48DD	2355	503
04	48E0	2355	503
04	48E1	2355	503
04	48E4	2355	503
04	48E5	2355	503
04	48E6	2355	503
04	48E7	2355	503
04	48E8	2355	503
04	48E9	2355	503
04	48EA	2355	503
04	48EC	553	502
04	48EF	553	502
04	48F0	553	502
04	48F3	553	502
04	48F4	553	502
04	48F7	553	502
04	48F8	553	502
04	48FB	553	502
04	48FC	553	502
04	48FD	553	502
04	48FF	553	502
04	4905	553	502
04	4925	507	502
04	4928	507	502
04	492A	8699	44
04	492D	8699	44
04	492F	8699	44
04	4932	8699	44
04	4935	8699	44
04	4938	8699	44
04	4939	8699	44
04	493C	8699	44
04	493D	8699	44
04	493E	8699	44
04	4941	8699	44
04	4942	8699	44
04	4943	8699	44
04	4944	8699	44
04	4970	553	502
04	4973	9759	44
04	4976	9759	44
04	4977	9759	44
04	497A	9759	44
04	497B	9759	44
04	497C	9759	44
04	497F	9759	44
04	4980	9759	44
04	4981	9759	44
04	4A2B	68112	44
04	4A2D	68112	44
04	4A2F	68112	44
04	4A30	68112	44
04	4A32	68112	44
04	4A34	68112	44
04	4A35	68112	44
04	4A36	68112	44
04	4A39	68112	44
04	4A3A	68112	44
04	4A3D	68112	44
04	4A3E	68112	44
04	4A3F	68112	44
04	4A42	68112	44
04	4A43	68112	44
04	4A44	68112	44
04	4A46	68112	44
04	4A49	68112	44
04	4A4B	100295	44
04	4A4C	100295	44
04	4A4F	100295	44
04	4A50	168407	44
04	4A52	168407	44
04	4A54	100295	44
04	4A56	100295	44
04	4A58	41072	44
04	4A5A	41072	44
04	4A69	59223	44
04	4A6B	59223	44
04	4A6D	59223	44
04	4A6F	59223	44
04	4A70	59223	44
04	4A71	59223	44
04	4A73	41072	44
04	4A75	41072	44
04	4A77	41072	44
04	4A79	41072	44
04	4A7A	41072	44
04	4A7B	41072	44
04	4A7C	41072	44
04	4A7E	41072	44
04	4A7F	41072	44
04	4A81	68112	44
04	4A82	68112	44
04	4A83	68112	44
04	4A84	68112	44
04	4A87	68112	44
04	4A88	68112	44
04	4A89	68112	44
04	4A8C	68112	44
04	4A8F	68112	44
04	4A92	68112	44
04	4A93	68112	44
04	4A94	68112	44
04	4A95	68112	44
04	4A98	68112	44
04	4A99	68112	44
04	4A9C	68112	44
04	4A9E	68112	44
04	4AA0	19067	502
04	4AA1	19067	502
04	4AA2	19067	502
04	4AA3	19067	502
04	4AA6	19067	502
04	4AA8	19067	502
04	4AAB	19067	502
04	4AAC	19067	502
04	4AAD	19067	502
04	4AAE	19067	502
04	4AAF	19067	502
04	4AB0	19067	502
04	4AB1	19067	502
04	4AB2	19067	502
04	4AB3	19067	502
04	4AB4	19067	502
04	4AB5	19067	502
04	4AB6	19067	502
04	4AB7	19067	502
04	4AB8	19067	502
04	4AB9	19067	502
04	4ABA	19067	502
04	4ABD	19067	502
04	4ABE	68112	44
04	4ABF	68112	44
04	4AC1	68112	44
04	4AC3	32140	44
04	4AC5	32140	44
04	4AC7	22861	84
04	4ACA	22861	84
04	4ACC	9279	44
04	4ACF	9279	44
04	4AD1	35972	84
04	4AD3	35972	84
04	4AD5	13910	84
04	4AD8	13910	84
04	4ADA	22062	502
04	4ADD	68112	44
04	4AE0	68112	44
04	4AE3	68112	44
04	4AE5	68112	44
04	4AE7	15140	84
04	4AE9	68112	44
04	4AEC	68112	44
04	4AED	68112	44
04	4AF0	68112	44
04	4AF1	68112	44
04	4AF4	68112	44
04	4AF5	68112	44
04	4AF8	68112	44
04	4AF9	68112	44
04	4AFA	68112	44
04	4AFD	68112	44
04	4AFE	68112	44
04	4B01	68112	44
04	4B02	68112	44
04	4B05	68112	44
04	4B06	68112	44
04	4B07	68112	44
04	4B08	68112	44
04	4B0A	28113	503
04	4B0C	28113	503
04	4B0E	20316	517
04	4B10	7797	503
04	4B11	7797	503
04	4B12	7797	503
04	4B14	7185	503
04	4B16	6043	503
04	4B17	6043	503
04	4B18	6043	503
04	4B1A	63847	44
04	4B1D	63847	44
04	4B20	63847	44
04	4B21	63847	44
04	4B24	63847	44
04	4B25	63847	44
04	4B28	63847	44
04	4B29	63847	44
04	4B2C	63847	44
04	4B2D	63847	44
04	4B2F	63847	44
04	4B30	63847	44
04	4B33	63847	44
04	4B34	63847	44
04	4B37	63847	44
04	4B38	63847	44
04	4B3B	63847	44
04	4B3C	63847	44
04	4B3D	63847	44
04	4B3E	63847	44
04	4B3F	63847	44
04	4B40	63847	44
04	4B42	63847	44
04	4B43	63847	44
04	4B44	63847	44
04	4B46	63847	44
04	4B47	63847	44
04	4B48	63847	44
04	4B49	63847	44
04	4B4A	63847	44
04	4B4B	63847	44
04	4B4C	63847	44
04	4B4D	63847	44
04	4B4E	63847	44
04	4B4F	63847	44
04	4B50	63847	44
04	4B51	63847	44
04	4B52	63847	44
04	4B53	63847	44
04	4B54	63847	44
04	4B55	63847	44
04	4B56	63847	44
04	4B57	63847	44
04	4B58	63847	44
04	4B59	63847	44
04	4B5A	63847	44
04	4B5B	63847	44
04	4B5C	63847	44
04	4B5D	63847	44
04	4B5E	63847	44
04	4B61	63847	44
04	4B62	68112	44
04	4B63	68112	44
04	4BC9	824624	17
04	4BCC	824624	17
04	4BCD	824624	17
04	4BD0	824624	17
04	4BD1	824624	17
04	4BD3	824624	17
04	4BD4	481268	85
04	4BD5	481268	85
04	4BD6	481268	85
04	4BD8	481268	85
04	4BD9	53018	85
04	4BDB	642660	17
04	4BDE	642660	17
04	4BDF	642660	17
04	4BE2	642660	17
04	4BE3	642660	17
04	4BE5	642660	17
04	4BE6	366124	84
04	4BE7	366124	84
04	4BE8	366124	84
04	4BEA	366124	84
04	4BEB	373380	85
04	4BEC	373380	85
04	4BED	373380	85
04	4BEE	373380	85
04	4BEF	373380	85
04	4BF0	373380	85
04	4BF1	373380	85
04	4BF2	373380	85
04	4BF4	373380	85
04	4BF6	372189	85
04	4BF7	372189	85
04	4BF8	372189	85
04	4BF9	372189	85
04	4BFA	371364	85
04	4BFB	371364	85
04	4BFC	58634	87
04	4BFF	58634	87
04	4C00	58634	87
04	4C01	58634	87
04	4C03	58634	87
04	4C05	58634	87
04	4C07	58634	87
04	4C09	58634	87
04	4C0A	58634	87
04	4C0B	1191	551
04	4C0E	1191	551
04	4C0F	6562	44
04	4C10	6562	44
04	4C11	6562	44
04	4C14	824624	17
04	4C17	824624	17
04	4C18	824624	17
04	4C1B	824624	17
04	4C1C	824624	17
04	4C1D	824624	17
04	4C1F	824624	17
04	4C20	520076	44
04	4C21	520076	44
04	4C22	520076	44
04	4C25	520076	44
04	4C26	520076	44
04	4C27	520076	44
04	4C2A	520076	44
04	4C2B	520076	44
04	4C2C	520076	44
04	4C2F	520076	44
04	4C30	520076	44
04	4C31	520076	44
04	4C33	520076	44
04	4C35	5371	44
04	4C36	5371	44
04	4C38	514705	84
04	4C3B	514705	84
04	4C3D	514705	84
04	4C3F	417700	85
04	4C42	417700	85
04	4C43	417700	85
04	4C46	417700	85
04	4C47	417700	85
04	4C49	27953	513
04	4C4A	417700	85
04	4C4B	417700	85
04	4C4C	417700	85
04	4C4E	417700	85
04	4C50	417285	85
04	4C52	417285	85
04	4C54	417285	85
04	4C57	415	14737
04	4C59	415	14737
04	4C5F	97005	84
04	4C60	97005	84
04	4C62	97005	84
04	4C64	97005	84
04	4C66	63777	84
04	4C67	63777	84
04	4C6A	63777	84
04	4C6B	63777	84
04	4C6E	63777	84
04	4C70	63777	84
04	4C73	63777	84
04	4C76	63777	84
04	4C79	63777	84
04	4C7A	63777	84
04	4C7B	63777	84
04	4C7E	63777	84
04	4C7F	63777	84
04	4C81	63777	84
04	4C82	63777	84
04	4C83	63777	84
04	4C85	63777	84
04	4C8F	33228	87
04	4C92	33228	87
04	4C93	33228	87
04	4C94	33228	87
04	4C97	33228	87
04	4C98	33228	87
04	4C99	33228	87
04	4C9B	33228	87
04	4C9E	33228	87
04	4C9F	33228	87
04	4CA0	33228	87
04	4CA1	33228	87
04	4CA2	33228	87
04	4CA4	33228	87
04	4CA7	71	14736
04	4CA8	71	14736
04	4CA9	71	14736
04	4CAA	71	14736
04	4CAB	71	14736
04	4CD3	63777	84
04	4CD6	63777	84
04	4CD7	63777	84
04	4CD8	63777	84
04	4CDB	63777	84
04	4CDC	63777	84
04	4CDD	63777	84
04	4CDE	63777	84
04	4CE1	63777	84
04	4CE2	63777	84
04	4CE4	63777	84
04	4CE7	63777	84
04	4CE8	63777	84
04	4CEB	63777	84
04	4CEC	63777	84
04	4CED	63777	84
04	4CEE	63777	84
04	4CEF	63777	84
04	4CF0	63777	84
04	4CF2	63777	84
04	4CF4	10510	84
04	4CF7	10510	84
04	4CF9	10510	84
04	4CFA	10510	84
04	4CFB	63777	84
04	4CFC	63777	84
04	4CFD	63777	84
04	4CFE	63777	84
04	4CFF	63777	84
04	4D02	417285	85
04	4D05	417285	85
04	4D07	417285	85
04	4D0A	417285	85
04	4D0D	417285	85
04	4D0E	417285	85
04	4D0F	417285	85
04	4D11	417285	85
04	4D13	231259	85
04	4D14	231259	85
04	4D15	231259	85
04	4D17	182235	85
04	4D18	182235	85
04	4D19	182235	85
04	4D1A	182235	85
04	4D1C	182235	85
04	4D1E	182235	85
04	4D21	182235	85
04	4D22	231259	85
04	4D23	231259	85
04	4D24	231259	85
04	4D25	231259	85
04	4D27	231259	85
04	4D28	231259	85
04	4D2A	21680	513
04	4D2D	21680	513
04	4D2F	21537	513
04	4D30	21537	513
04	4D31	21537	513
04	4D32	21537	513
04	4D34	186026	85
04	4D35	186026	85
04	4D36	186026	85
04	4D37	186026	85
04	4D39	186026	85
04	4D3B	415	14737
04	4D3E	415	14737
04	4D3F	415	14737
04	4D40	415	14737
04	4D42	415	14737
04	4D43	415	14737
04	4D44	415	14737
04	4D46	415	14737
04	4D47	415	14737
04	4D48	415	14737
04	4D49	415	14737
04	4D4B	415	14737
04	4D4D	363	14737
04	4D50	363	14737
04	4D51	363	14737
04	4D54	33352	87
04	4D55	33352	87
04	4D58	33352	87
04	4D59	33352	87
04	4D5C	33352	87
04	4D5D	33352	87
04	4D60	33352	87
04	4D61	33352	87
04	4D62	33352	87
04	4D65	33352	87
04	4D66	33352	87
04	4D67	33352	87
04	4D68	33352	87
04	4D69	33352	87
04	4D6A	33352	87
04	4D6B	33352	87
04	4D6C	33352	87
04	4D6E	33352	87
04	4D6F	33352	87
04	4D70	33352	87
04	4D90	33352	87
04	4D93	33352	87
04	4D94	33352	87
04	4D97	33352	87
04	4D98	33352	87
04	4D99	33352	87
04	4D9A	33352	87
04	4D9D	209942	85
04	4DA0	209942	85
04	4DA2	209942	85
04	4DA4	162051	85
04	4DA7	162051	85
04	4DA9	162051	85
04	4DAC	162051	85
04	4DAE	85385	84
04	4DB1	85385	84
04	4DB3	85385	84
04	4DB6	481353	84
04	4DB9	481353	84
04	4DBB	481353	84
04	4DBD	99718	84
04	4DC0	99718	84
04	4DC3	481353	84
04	4DC5	481353	84
04	4DC7	63777	84
04	4DCA	63777	84
04	4DCD	481353	84
04	4DCF	481353	84
04	4DD0	92740	84
04	4DD3	32190	84
04	4DD6	32190	84
04	4DD7	32190	84
04	4DD8	32190	84
04	4DDB	32190	84
04	4DDC	32190	84
04	4DDE	32190	84
04	4DDF	63777	84
04	4DE0	63777	84
04	4DE3	63777	84
04	4DE4	63777	84
04	4DE5	63777	84
04	4DE8	63777	84
04	4DE9	63777	84
04	4DEC	63777	84
04	4DED	63777	84
04	4DF0	63777	84
04	4DF1	63777	84
04	4DF2	63777	84
04	4DF5	63777	84
04	4DF7	63777	84
04	4DF9	63777	84
04	4DFA	63777	84
04	4DFD	63777	84
04	4DFE	63777	84
04	4DFF	63777	84
04	4E02	63777	84
04	4E03	63777	84
04	4E04	63777	84
04	4E05	63777	84
04	4E08	63777	84
04	4E09	63777	84
04	4E0A	63777	84
04	4E0D	63777	84
04	4E0E	63777	84
04	4E0F	63777	84
04	4E12	63777	84
04	4E14	63777	84
04	4E15	63777	84
04	4E18	63777	84
04	4E19	63777	84
04	4E1C	63777	84
04	4E1D	63777	84
04	4E20	63777	84
04	4E21	63777	84
04	4E22	63777	84
04	4E25	63777	84
04	4E27	63777	84
04	4E29	63777	84
04	4E2A	63777	84
04	4E2D	63777	84
04	4E2E	63777	84
04	4E2F	63777	84
04	4E32	63777	84
04	4E33	63777	84
04	4E34	182598	85
04	4E35	182598	85
04	4E38	182598	85
04	4E3A	182598	85
04	4E3B	182598	85
04	4E3C	36073	520
04	4E3D	36073	520
04	4E3F	36073	520
04	4E41	7898	523
04	4E44	7898	523
04	4E46	7898	523
04	4E49	36073	520
04	4E4A	36073	520
04	4E4B	63777	84
04	4E4E	63777	84
04	4E4F	63777	84
04	4E52	63777	84
04	4E53	63777	84
04	4E56	63777	84
04	4E57	63777	84
04	4E5A	63777	84
04	4E5B	63777	84
04	4E5D	63777	84
04	4E5F	34927	84
04	4E61	21088	502
04	4E62	21088	502
04	4E63	21088	502
04	4E64	21088	502
04	4E65	21088	502
04	4E67	21088	502
04	4E68	21088	502
04	4E69	21088	502
04	4E6A	21088	502
04	4E6C	21088	502
04	4E6D	21088	502
04	4E6E	21088	502
04	4E6F	21088	502
04	4E70	21088	502
04	4E78	21088	502
04	4E7A	21088	502
04	4E7C	21088	502
04	4E7D	28850	84
04	4E7E	28850	84
04	4E7F	28850	84
04	4E80	28850	84
04	4E82	28850	84
04	4E83	28850	84
04	4E84	28850	84
04	4E85	28850	84
04	4E8F	28850	84
04	4E90	28850	84
04	4E91	28850	84
04	4E92	28850	84
04	4E93	28850	84
04	4E94	28850	84
04	4E95	28850	84
04	4E96	28850	84
04	4E97	28850	84
04	4E98	28850	84
04	4E99	28850	84
04	4E9A	28850	84
04	4E9B	13839	84
04	4E9C	13839	84
04	4E9E	13839	84
04	4E9F	13839	84
04	4EA0	13839	84
04	4EA1	13839	84
04	4EA9	13839	84
04	4EAB	13839	84
04	4EAE	13839	84
04	4EAF	13839	84
04	4EB0	7447	84
04	4EB1	7447	84
04	4EB4	7447	84
04	4EB5	7447	84
04	4EB7	7447	84
04	4EB8	7447	84
04	4EB9	7447	84
04	4EBA	7447	84
04	4EBB	7447	84
04	4EBE	7447	84
04	4EBF	7447	84
04	4EC1	7447	84
04	4EC3	119152	84
04	4EC4	119152	84
04	4EC5	119152	84
04	4EC6	119152	84
04	4EC7	119152	84
04	4EC9	7447	84
04	4ECA	99718	84
04	4ECD	99718	84
04	4ECE	99718	84
04	4ED1	99718	84
04	4ED2	99718	84
04	4ED5	99718	84
04	4ED6	99718	84
04	4ED7	99718	84
04	4ED8	99718	84
04	4ED9	99718	84
04	4EDC	99718	84
04	4EDD	99718	84
04	4EE0	99718	84
04	4EE1	99718	84
04	4EE4	99718	84
04	4EE5	99718	84
04	4EE6	99718	84
04	4EE7	99718	84
04	4EE8	99718	84
04	4EEB	99718	84
04	4EED	99718	84
04	4EEF	43022	84
04	4EF1	14004	84
04	4EF2	14004	84
04	4EF4	14004	84
04	4EF5	70700	84
04	4EF6	70700	84
04	4EF7	70700	84
04	4EFA	70700	84
04	4EFB	70700	84
04	4EFE	70700	84
04	4F01	70700	84
04	4F02	70700	84
04	4F03	70700	84
04	4F05	70700	84
04	4F06	70700	84
04	4F09	70700	84
04	4F0A	70700	84
04	4F0B	70700	84
04	4F0C	70700	84
04	4F0D	70700	84
04	4F0E	70700	84
04	4F0F	70700	84
04	4F11	70700	84
04	4F17	70700	84
04	4F18	70700	84
04	4F19	70700	84
04	4F1A	70700	84
04	4F1D	70700	84
04	4F1E	70700	84
04	4F1F	70700	84
04	4F20	70700	84
04	4F22	70700	84
04	4F23	70700	84
04	4F24	70700	84
04	4F25	70700	84
04	4F28	70700	84
04	4F29	70700	84
04	4F2B	70700	84
04	4F2C	70700	84
04	4F2D	29018	502
04	4F2E	29018	502
04	4F2F	29018	502
04	4F30	29018	502
04	4F32	29018	502
04	4F33	29018	502
04	4F34	29018	502
04	4F36	29018	502
04	4F37	29018	502
04	4F38	29018	502
04	4F3A	29018	502
04	4F3C	16893	502
04	4F3E	16893	502
04	4F3F	16893	502
04	4F40	16893	502
04	4F41	16893	502
04	4F43	16893	502
04	4F44	29018	502
04	4F45	29018	502
04	4F47	29018	502
04	4F48	29018	502
04	4F49	29018	502
04	4F4A	29018	502
04	4F4B	29018	502
04	4F4D	29018	502
04	4F4E	29018	502
04	4F4F	63777	84
04	4F52	63777	84
04	4F53	63777	84
04	4F56	63777	84
04	4F57	63777	84
04	4F5A	63777	84
04	4F5B	63777	84
04	4F5E	63777	84
04	4F60	63777	84
04	4F62	43652	84
04	4F64	34927	84
04	4F66	34927	84
04	4F68	21088	502
04	4F6B	21088	502
04	4F6D	20125	84
04	4F70	20125	84
04	4F72	8725	502
04	4F75	8725	502
04	4F77	13839	84
04	4F7A	63777	84
04	4F7C	63777	84
04	4F7E	63777	84
04	4F80	63777	84
04	4F90	63777	84
04	4F92	63777	84
04	4F93	63777	84
04	4F94	63777	84
04	4F95	63777	84
04	4F96	63777	84
04	4F97	92740	84
04	4F9A	92740	84
04	4F9B	92740	84
04	4F9E	92740	84
04	4F9F	92740	84
04	4FA2	92740	84
04	4FA3	92740	84
04	4FA4	92740	84
04	4FA5	92740	84
04	4FA8	92740	84
04	4FA9	92740	84
04	4FAB	92740	84
04	4FAD	55305	84
04	4FAF	28902	502
04	4FB0	28902	502
04	4FB1	28902	502
04	4FB3	28902	502
04	4FB5	28902	502
04	4FB7	28902	502
04	4FB8	37435	84
04	4FB9	37435	84
04	4FBA	37435	84
04	4FBB	37435	84
04	4FBC	37435	84
04	4FBD	37435	84
04	4FBE	37435	84
04	4FBF	37435	84
04	4FC0	26403	84
04	4FC1	26403	84
04	4FC3	26403	84
04	4FC5	26403	84
04	4FC6	26403	84
04	4FC7	26403	84
04	4FC9	26403	84
04	4FCA	26403	84
04	4FCB	13839	84
04	4FCD	13839	84
04	4FCF	13839	84
04	4FD0	13839	84
04	4FD1	13839	84
04	4FD3	13839	84
04	4FD4	103761	44
04	4FD7	103761	44
04	4FD8	103761	44
04	4FDA	103761	44
04	4FDC	81979	44
04	4FDE	81979	44
04	4FDF	81979	44
04	4FE0	81979	44
04	4FE1	81979	44
04	4FE3	81979	44
04	4FE4	81979	44
04	4FE5	21782	84
04	4FE7	21782	84
04	4FE9	21782	84
04	4FEA	70700	84
04	4FEC	70700	84
04	4FEF	70700	84
04	4FF1	70700	84
04	4FF5	70700	84
04	4FF7	70700	84
04	4FF8	70700	84
04	4FF9	70700	84
04	4FFA	70700	84
04	4FFC	70700	84
04	4FFD	70700	84
04	5000	70700	84
04	5001	70700	84
04	5002	70700	84
04	5003	70700	84
04	5004	70700	84
04	5005	70700	84
04	5006	70700	84
04	5007	205622	44
04	5008	205622	44
04	500A	205622	44
04	500B	205622	44
04	500C	205622	44
04	500E	81322	504
04	500F	205622	44
04	5010	205622	44
04	5012	32679	44
04	5013	205622	44
04	5014	205622	44
04	5016	37371	502
04	5017	205622	44
04	5018	205622	44
04	501A	69848	502
04	501B	205622	44
04	501C	205622	44
04	501E	70508	44
04	501F	205622	44
04	5020	205622	44
04	5022	69659	84
04	5023	205622	44
04	5024	205622	44
04	5026	63782	44
04	5027	205622	44
04	5028	205622	44
04	5029	56110	84
04	502A	56110	84
04	502B	200070	84
04	502C	200070	84
04	502E	200070	84
04	5030	200070	84
04	5031	200070	84
04	5032	200070	84
04	5034	200070	84
04	5035	200070	84
04	5037	147756	84
04	5038	200070	84
04	5039	200070	84
04	503B	179833	84
04	503C	200070	84
04	503D	200070	84
04	503F	177192	84
04	5040	200070	84
04	5041	200070	84
04	5042	160885	84
04	5043	160885	84
0E	4000	90	327
0E	4003	90	327
0E	4005	90	327
0E	4007	90	327
0E	400D	90	327
0E	4010	90	327
0E	4011	90	327
0E	4013	32	327
0E	4014	32	327
0E	4017	32	327
0E	4019	58	2471
0E	401B	58	2471
0E	401E	90	327
0E	4021	89	520
0E	4024	89	520
0E	4027	89	520
0E	4028	89	520
0E	402A	89	520
0E	402C	89	520
0E	402D	89	520
0E	402F	89	520
0E	4031	89	520
0E	4033	89	520
0E	4034	89	520
0E	4036	89	520
0E	4038	89	520
0E	403A	89	520
0E	403D	89	520
0E	403F	89	520
0E	4041	89	520
0E	4044	89	520
0E	4045	89	520
0E	4046	89	520
0E	4048	89	520
0E	4049	89	520
0E	404B	89	520
0E	404E	89	520
0E	4050	89	520
0E	4052	89	520
0E	4053	89	520
0E	4055	89	520
0E	4058	89	520
0E	405A	89	520
0E	405D	89	520
0E	405E	89	520
0E	405F	8253	327
0E	4065	8253	327
0E	4068	8253	363
0E	406E	8253	363
0E	4071	8252	364
0E	4074	8252	364
0E	4076	8252	364
0E	4078	89	519
0E	407B	89	520
0E	407E	89	520
0E	407F	89	520
0E	4081	89	520
0E	4082	89	520
0E	4083	8253	327
0E	4086	8253	327
0E	4089	8253	327
0E	408A	8253	327
0E	408B	8253	327
0E	408C	8253	327
0E	408E	8253	327
0E	408F	8253	327
0E	4090	8253	327
0E	4091	8253	327
0E	4092	8253	327
0E	4093	8253	327
0E	40A2	32	327
0E	40A5	32	331
0E	40AB	32	363
0E	40AD	32	363
0E	40AE	32	363
0E	40B0	32	363
0E	40B2	32	363
0E	40B5	32	363
0E	40B8	32	363
0E	40B9	32	363
0E	40BB	32	363
0E	40BC	32	363
0E	40BF	32	363
0E	40C2	32	363
0E	40C5	32	363
0E	40C6	32	363
0E	40C9	32	363
0E	40CA	3756	364
0E	40CD	3756	364
0E	40CE	3756	364
0E	40D1	3756	364
0E	40D2	3756	364
0E	40D3	3756	364
0E	40D4	3756	364
0E	40D7	3756	364
0E	40D8	3756	364
0E	40D9	3756	364
0E	40DB	3756	364
0E	40DC	3756	364
0E	40DD	3756	364
0E	40DF	3754	364
0E	40E0	3754	364
0E	40E1	3754	364
0E	40E4	3754	364
0E	40E5	3754	364
0E	40E8	3754	364
0E	40EA	3754	364
0E	40EC	3754	364
0E	40EE	3733	364
0E	40F0	3733	364
0E	40F2	3724	364
0E	40F4	30	460
0E	40FA	30	475
0E	40FD	30	475
0E	40FF	30	475
0E	4102	30	475
0E	4104	2	123532
0E	4107	2	123532
0E	4108	2	123532
0E	410B	3756	364
0E	410C	2	123533
0E	4112	2	123564
0E	4115	2	123564
0E	4116	2	123564
0E	4119	2	123564
0E	411A	90	476
0E	411D	90	476
0E	411F	90	476
0E	4121	90	476
0E	4122	90	476
0E	4124	90	476
0E	4126	90	476
0E	4128	90	476
0E	4129	90	476
0E	412B	90	476
0E	412D	90	476
0E	412F	90	476
0E	4132	90	476
0E	4134	90	476
0E	4136	90	476
0E	4139	90	476
0E	413A	90	476
0E	413B	90	476
0E	413D	90	476
0E	413E	90	476
0E	4140	90	476
0E	4143	90	476
0E	4145	90	476
0E	4147	90	476
0E	4148	90	476
0E	414A	90	476
0E	414D	90	476
0E	414F	90	476
0E	4150	90	476
0E	4153	90	476
0E	4156	90	485
0E	415C	90	501
0E	415E	90	501
0E	415F	90	501
0E	4161	90	501
0E	4163	90	501
0E	4166	90	501
0E	4169	90	501
0E	416A	90	501
0E	416C	90	501
0E	416D	90	501
0E	4170	90	501
0E	4173	90	501
0E	4176	90	501
0E	4177	90	501
0E	417A	90	501
0E	417B	4284	502
0E	417E	4284	502
0E	417F	4284	502
0E	4181	1255	502
0E	4184	1255	502
0E	4185	1255	502
0E	4188	1255	502
0E	4189	1255	502
0E	418A	1255	502
0E	418B	1255	502
0E	418E	1255	502
0E	418F	1255	502
0E	4190	1255	502
0E	4194	1255	502
0E	4196	1255	502
0E	4197	1255	502
0E	4198	1255	502
0E	419B	1255	502
0E	419C	1255	502
0E	419F	4284	502
0E	41A1	4284	502
0E	41A3	4284	502
0E	41A5	4225	2497
0E	41A7	4225	2497
0E	41A9	4195	2497
0E	41AB	4195	2497
0E	41AD	4167	2497
0E	41AF	4167	2497
0E	41B1	4133	2497
0E	41BA	62	2740
0E	41BB	62	2740
0E	41BE	62	2740
0E	41C1	62	2740
0E	41C3	62	2740
0E	41C4	62	2740
0E	41C6	62	2740
0E	41C8	62	2740
0E	41CB	62	2740
0E	41CE	62	2740
0E	41CF	62	2740
0E	41D1	62	2740
0E	41D4	62	2740
0E	41D6	62	2740
0E	41D9	62	2740
0E	41DC	62	2740
0E	41DF	62	2740
0E	41E1	62	2740
0E	41E4	62	2741
0E	41E6	89	502
0E	41E8	89	502
0E	41E9	89	502
0E	41EB	89	502
0E	41ED	89	502
0E	41F0	89	502
0E	41F3	89	502
0E	41F4	89	502
0E	41F6	89	502
0E	41F9	89	502
0E	41FA	89	502
0E	41FD	4284	502
0E	41FE	89	503
0E	4204	89	518
0E	4206	89	518
0E	4209	89	518
0E	4215	90	476
0E	4218	90	477
0E	421B	90	477
0E	421C	90	477
0E	421E	90	477
0E	421F	90	477
0E	4225	90	477
0E	4228	90	477
0E	422B	90	477
0E	422D	90	477
0E	422F	90	477
0E	4231	90	477
0E	4237	90	478
0E	423A	90	478
0E	423D	90	478
0E	423F	90	478
0E	4241	90	478
0E	4243	90	478
0E	4249	90	479
0E	424C	90	479
0E	424F	90	479
0E	4251	90	479
0E	4253	90	479
0E	4255	90	479
0E	425B	90	480
0E	425E	90	480
0E	4261	90	480
0E	4263	90	480
0E	4265	90	480
0E	4267	90	480
0E	426D	90	481
0E	4270	90	481
0E	4273	90	481
0E	4275	90	481
0E	4277	90	481
0E	4279	90	481
0E	427F	90	482
0E	4282	90	482
0E	4285	90	482
0E	4287	90	482
0E	4289	90	482
0E	428B	90	482
0E	4291	90	483
0E	4294	90	483
0E	4297	90	483
0E	4299	90	483
0E	429B	90	483
0E	429D	90	483
0E	42A3	90	484
0E	42A6	90	484
0E	42A9	90	484
0E	42AC	90	484
0E	42AE	90	484
0E	42B4	90	484
0E	42B7	90	484
0E	42BA	90	484
0E	42BD	90	484
0E	42BF	90	484
0E	42C5	90	484
0E	42C8	90	484
0E	42CB	90	484
0E	42CE	90	484
0E	42D0	90	484
0E	42D6	90	484
0E	42D9	90	484
0E	42DB	90	484
0E	42DE	90	485
0E	42E1	90	485
0E	42E4	90	485
0E	42E6	90	485
0E	42E8	90	485
0E	42EE	90	485
0E	42F1	90	485
0E	42F4	90	485
0E	42F7	90	485
0E	42F9	90	485
0E	42FB	90	485
0E	4301	90	485
0E	4304	90	485
0E	4307	90	485
0E	430A	90	485
0E	4310	90	485
0E	4311	152	484
0E	4314	152	484
0E	4317	152	484
0E	431A	152	484
0E	431D	152	484
0E	431E	152	484
0E	431F	152	484
0E	4320	152	484
0E	4322	152	484
0E	4323	152	484
0E	4324	152	484
0E	4325	152	484
0E	4326	152	484
0E	4327	152	484
0E	4329	152	484
0E	432F	152	484
0E	4334	152	485
0E	4337	152	485
0E	433A	152	485
0E	433B	152	485
0E	433C	152	485
0E	433D	152	485
0E	433F	152	485
0E	4340	152	485
0E	4341	152	485
0E	4342	152	485
0E	4343	152	485
0E	4344	152	485
0E	4347	152	485
0E	434A	152	485
0E	434F	32	327
0E	4352	32	328
0E	4355	32	328
0E	4356	32	328
0E	4358	32	328
0E	4359	32	328
0E	435F	32	328
0E	4362	32	328
0E	4365	32	328
0E	4367	32	328
0E	4369	32	328
0E	436B	32	328
0E	4371	32	329
0E	4374	32	329
0E	4377	32	329
0E	4379	32	329
0E	437B	32	329
0E	437D	32	329
0E	4383	32	330
0E	4386	32	330
0E	4389	32	330
0E	438C	32	330
0E	438E	32	330
0E	4394	32	330
0E	4397	32	330
0E	439A	32	330
0E	439D	32	330
0E	439F	32	330
0E	43A5	32	330
0E	43A7	32	330
0E	43AA	32	331
0E	43B0	32	331
0F	4247	39	10435
0F	4249	39	10435
0F	424C	39	10435
0F	424E	39	10435
0F	424F	39	10435
0F	4250	39	10435
0F	4253	39	10435
0F	4254	39	10435
0F	4255	39	10435
0F	4257	39	10435
0F	425A	39	10435
0F	425B	39	10435
0F	425C	39	10435
0F	425D	39	10435
0F	425E	39	10435
0F	425F	39	10435
0F	4260	39	10435
0F	4263	39	10435
0F	4264	39	10435
0F	4266	39	10435
0F	4268	39	10435
0F	426B	39	10435
0F	426D	12	10435
0F	426E	12	10435
0F	426F	12	10435
0F	4270	12	10435
0F	4273	12	10435
0F	4276	12	10435
0F	4277	12	10435
0F	427A	12	10435
0F	427C	12	10435
0F	427F	12	10435
0F	4280	12	10435
0F	4281	12	10435
0F	4282	12	10435
0F	4283	12	10435
0F	4284	12	10435
0F	4285	12	10435
0F	4286	3589	10435
0F	4287	3589	10435
0F	4288	3589	10435
0F	428A	3589	10435
0F	428B	3589	10435
0F	428E	3589	10435
0F	428F	3589	10435
0F	4291	3577	10435
0F	4292	3577	10435
0F	4294	3577	10435
0F	4296	3589	10435
0F	4297	3589	10435
0F	4299	3589	10435
0F	429B	3471	10435
0F	429C	3471	10435
0F	429F	3483	10435
0F	42A0	3483	10435
0F	42A3	3483	10435
0F	42A4	3483	10435
0F	42A5	3483	10435
0F	42A6	3483	10435
0F	42BF	118	10435
0F	42C0	118	10435
0F	42C2	118	10435
0F	42C3	118	10435
0F	42C6	118	10435
0F	42C7	118	10435
0F	42C8	118	10435
0F	42C9	118	10435
0F	42CB	118	10435
0F	42CC	118	10435
0F	42CD	118	10435
0F	42D0	118	10435
0F	42D1	118	10435
0F	42D3	106	10435
0F	42D4	106	10435
0F	42D6	106	10435
0F	42D8	118	10435
0F	42D9	118	10435
0F	42DB	118	10435
0F	42DD	118	10435
0F	42E0	118	10435
0F	42E1	118	10435
0F	42E3	106	10435
0F	42E6	106	10435
0F	42E7	106	10435
0F	42E9	94	10435
0F	42EB	94	10435
0F	42EE	94	10435
0F	42EF	94	10435
0F	42F2	94	10435
0F	42F3	94	10435
0F	42F4	94	10435
0F	42F5	94	10435
0F	42F7	94	10435
0F	42F8	94	10435
0F	42FA	94	10435
0F	42FC	94	10435
0F	42FE	94	10435
0F	4300	94	10435
0F	4302	12	10435
0F	4303	12	10435
0F	4304	12	10435
0F	430D	12	10435
0F	430E	12	10435
0F	4311	24	10435
0F	4314	24	10435
0F	4315	24	10435
0F	4317	12	10435
0F	4319	12	10435
0F	431C	12	10435
0F	431D	12	10435
0F	4320	12	10435
0F	4321	12	10435
0F	4322	12	10435
0F	4323	12	10435
0F	4325	12	10435
0F	4326	12	10435
0F	4327	12	10435
0F	432A	12	10435
0F	432C	12	10435
0F	432F	12	10435
0F	4331	12	10435
0F	4334	12	10435
0F	4337	9	10435
0F	4338	9	10435
0F	433B	9	10435
0F	433E	9	10435
0F	433F	9	10435
0F	4340	12	10435
0F	4341	12	10435
0F	4342	12	10435
0F	4343	12	10435
0F	4344	12	10435
0F	4345	12	10435
0F	4346	12	10435
0F	4347	12	10435
0F	4348	12	10435
0F	434A	12	10435
0F	434D	12	10435
0F	434F	12	10435
0F	4351	12	10435
0F	4352	12	10435
0F	4354	9	10435
0F	4355	9	10435
0F	4356	9	10435
0F	4358	9	10435
0F	4364	3	10485
0F	4365	3	10485
0F	4368	3	10485
0F	4369	3	10485
0F	436A	3	10485
0F	436B	3	10485
0F	436C	3	10485
0F	436D	3	10485
0F	436E	3	10485
0F	436F	3	10485
0F	4370	3	10485
0F	4371	3	10485
0F	4373	3	10485
0F	4376	3	10486
0F	4378	3	10486
0F	437A	3	10486
0F	437B	3	10486
0F	4385	3	10486
0F	4386	3	10486
0F	4387	3	10486
0F	438A	3	10486
0F	438D	3	10486
0F	438F	3	10486
0F	4392	3	10486
0F	4395	3	10486
0F	4398	3	10486
0F	439B	15	10486
0F	439C	15	10486
0F	439D	15	10486
0F	439F	15	10486
0F	43A0	15	10486
0F	43A1	15	10486
0F	43A2	15	10486
0F	43A3	15	10486
0F	43A5	21	10486
0F	43A6	21	10486
0F	43A7	21	10486
0F	43A9	3	10486
0F	43AA	3	10486
0F	43AB	3	10486
0F	43AD	3	10486
0F	43AE	3	10486
0F	43F7	30	10435
0F	43FA	30	10435
0F	43FB	30	10435
0F	43FD	19	10485
0F	43FF	19	10485
0F	4400	19	10485
0F	4402	19	10485
0F	4404	19	10485
0F	4405	19	10485
0F	4411	11	10435
0F	4413	11	10435
0F	4415	11	10435
0F	4416	30	10435
0F	4417	30	10435
0F	441A	30	10435
0F	441C	30	10435
0F	441F	30	10435
0F	4422	30	10435
0F	4423	30	10435
0F	4424	30	10435
0F	4425	30	10435
0F	4427	30	10435
0F	4428	30	10435
0F	4429	30	10435
0F	442A	30	10435
0F	442B	30	10435
0F	442D	30	10435
0F	442F	6612	10435
0F	4430	6612	10435
0F	4431	6612	10435
0F	4434	6612	10435
0F	4435	6612	10435
0F	4438	6612	10435
0F	443A	6612	10435
0F	443C	182	10435
0F	443D	182	10435
0F	443E	182	10435
0F	4441	182	10435
0F	4443	182	10435
0F	4445	182	10435
0F	4446	182	10435
0F	4448	182	10435
0F	444A	182	10435
0F	444C	182	10435
0F	444E	447	10435
0F	4451	447	10435
0F	4454	447	10435
0F	4455	447	10435
0F	4456	447	10435
0F	4458	447	10435
0F	4459	447	10435
0F	445C	447	10435
0F	445E	447	10435
0F	4460	141	10485
0F	4462	141	10485
0F	4464	141	10485
0F	4466	447	10435
0F	4467	447	10435
0F	4468	447	10435
0F	4469	447	10435
0F	446B	428	10435
0F	446C	428	10435
0F	446E	246	10485
0F	446F	246	10485
0F	4470	246	10485
0F	4472	247	10435
0F	4473	247	10435
0F	4474	247	10435
0F	4476	65	10485
0F	4477	65	10485
0F	4478	65	10485
0F	447A	19	10485
0F	447C	19	10485
0F	447D	19	10485
0F	4485	19	10485
0F	4486	19	10485
0F	4487	19	10485
0F	448A	497	10485
0F	448B	497	10485
0F	448C	497	10485
0F	448E	497	10485
0F	448F	497	10485
0F	4490	497	10485
0F	4493	497	10485
0F	4495	497	10485
0F	4497	19	10485
0F	4498	19	10485
0F	4499	19	10485
0F	449A	19	10485
0F	449D	19	10485
0F	449F	19	10485
0F	44A1	19	10485
0F	44A2	19	10485
0F	44A4	19	10485
0F	44A6	19	10485
0F	44A8	19	10485
0F	44AA	19	10485
0F	44AB	19	10485
0F	44AC	19	10485
0F	44AF	19	10485
0F	44B0	19	10485
0F	44B1	19	10485
0F	44BC	11	10435
0F	44BD	11	10435
0F	44C0	11	10435
0F	44C1	11	10435
0F	44C3	11	10435
0F	44C6	11	10435
0F	44C8	11	10435
0F	44C9	11	10435
0F	44CB	11	10435
0F	44CC	18	10435
0F	44CD	18	10435
0F	44D0	18	10435
0F	44D3	18	10435
0F	44D4	18	10435
0F	4BC0	15	10486
0F	4BC1	15	10486
0F	4BC2	15	10486
0F	4BC3	15	10486
0F	4BC4	15	10486
0F	4BC5	15	10486
0F	4BC6	15	10486
0F	4BC7	15	10486
0F	4BC8	15	10486
0F	4BC9	15	10486
0F	4BCA	15	10486
0F	4BCB	15	10486
0F	4BCE	15	10486
0F	4BD0	15	10486
0F	4BD2	15	10486
0F	4BD3	15	10486
0F	4BD5	13	10486
0F	4BD6	13	10486
0F	4BD9	13	10486
0F	4BDB	13	10486
0F	4BDE	13	10486
0F	4BE1	13	10486
0F	4BE4	13	10486
0F	4BE7	13	10486
0F	4BE8	13	10486
0F	4BE9	13	10486
0F	4BEB	13	10486
0F	4BEC	13	10486
0F	4BED	13	10486
0F	4BF0	13	10486
0F	4BF2	13	10486
0F	4BF5	13	10486
0F	4BF6	13	10486
0F	4BF7	13	10486
0F	4BF8	13	10486
0F	4BFB	13	10486
0F	4BFC	13	10486
0F	4BFF	13	10486
0F	4C00	13	10486
0F	4C03	2	10565
0F	4C05	2	10565
0F	4C09	2	10565
0F	4C0B	2	10565
0F	4C0C	2	10565
0F	4C0F	16	10486
0F	4C12	16	10486
0F	4C13	16	10486
0F	4C16	16	10486
0F	4C17	16	10486
0F	4C1A	16	10486
0F	4C1B	16	10486
0F	4C1C	467	10486
0F	4C1D	467	10486
0F	4C1F	467	10486
0F	4C21	451	10486
0F	4C22	451	10486
0F	4C23	451	10486
0F	4C24	451	10486
0F	4C25	451	10486
0F	4C26	451	10486
0F	4C28	16	10486
0F	4C29	16	10486
0F	4C2A	16	10486
0F	4C2D	16	10486
0F	4C30	467	10486
0F	4C31	467	10486
0F	4C32	467	10486
0F	4C33	467	10486
0F	4C35	16	10486
0F	4C36	16	10486
0F	4C37	16	10486
0F	4C38	16	10486
0F	4C39	16	10486
0F	4C3A	16	10486
0F	4C3B	16	10486
0F	4C3D	16	10486
0F	4C3E	16	10486
0F	4C40	16	10486
0F	4C42	16	10486
0F	4C43	16	10486
0F	4C44	16	10486
0F	4C45	16	10486
0F	4C62	13	10486
0F	4C65	13	10486
0F	4C66	243	10486
0F	4C67	243	10486
0F	4C68	243	10486
0F	4C69	243	10486
0F	4C6A	243	10486
0F	4C6C	230	10486
0F	4C6E	230	10486
0F	4C70	4	10564
0F	4C71	4	10564
0F	4C72	4	10564
0F	4C73	4	10564
0F	4C75	4	10564
0F	4C77	4	10564
0F	4C78	4	10564
0F	4C79	48	10564
0F	4C7A	48	10565
0F	4C7C	48	10565
0F	4C7E	4	10565
0F	4C7F	4	10565
0F	4C81	4	10565
0F	4C83	4	10565
0F	4C84	4	10565
0F	4C87	4	10565
0F	4C88	124	10565
0F	4C89	124	10565
0F	4C8A	124	10565
0F	4C8C	124	10565
0F	4C8E	4	10565
0F	4C8F	4	10565
0F	4C90	4	10565
0F	4C92	4	10565
0F	4C94	4	10565
0F	4C95	4	10565
0F	4C96	4	10565
0F	4C97	4	10565
0F	4C9A	4	10565
0F	4C9B	4	10565
0F	4C9E	4	10565
0F	4C9F	4	10565
0F	4CA0	4	10565
0F	4CA3	4	10565
0F	4CA4	4	10565
0F	4CA5	4	10565
0F	4CA6	4	10565
0F	4CA7	4	10565
0F	4CA8	4	10565
0F	4CA9	4	10565
0F	4CAA	87	10565
0F	4CAB	87	10565
0F	4CAC	87	10565
0F	4CAD	87	10565
0F	4CAE	87	10565
0F	4CAF	87	10565
0F	4CB0	87	10565
0F	4CB2	4	10565
0F	4CB5	4	10565
0F	4CB6	4	10565
0F	4CB9	4	10565
0F	4CBA	4	10565
0F	4CCA	13	10486
0F	4CCB	13	10486
0F	4CCC	13	10486
0F	4CCF	13	10486
0F	4CD2	326	10486
0F	4CD3	326	10486
0F	4CD4	326	10486
0F	4CD5	326	10486
0F	4CD6	326	10486
0F	4CD7	326	10486
0F	4CD9	313	10486
0F	4CDB	13	10486
0F	4CDC	13	10486
0F	5C5E	4	10565
0F	5C5F	4	10565
0F	5C62	4	10565
0F	5C63	4	10565
0F	5C66	4	10565
0F	5C67	4	10565
0F	5C68	4	10565
0F	5C69	4	10565
0F	5C6A	4	10565
0F	5C6B	4	10565
0F	5C6C	4	10565
0F	5C6F	4	10565
0F	5C70	4	10565
0F	5C73	4	10565
0F	5C74	4	10565
0F	5C75	4	10565
0F	5C76	4	10565
0F	5C77	4	10565
0F	5C78	4	10565
0F	5C79	30	10565
0F	5C7C	30	10565
0F	5C7D	30	10565
0F	5C7F	30	10565
0F	5C82	30	10565
0F	5C84	30	10565
0F	5C86	30	10565
0F	5C88	30	10565
0F	5C89	30	10565
0F	5C8C	120	10565
0F	5C8D	120	10565
0F	5C8E	120	10565
0F	5C91	120	10565
0F	5C92	120	10565
0F	5C93	120	10565
0F	5C95	30	10565
0F	5C98	30	10565
0F	5C99	30	10565
0F	5C9C	30	10565
0F	5C9D	30	10565
0F	5C9E	30	10565
0F	5C9F	30	10565
0F	5CA0	30	10565
0F	5CA1	30	10565
0F	5CA2	30	10565
0F	5CA4	30	10565
0F	5CA6	30	10565
0F	5CA8	30	10565
0F	5CB4	30	10565
0F	5CB5	30	10565
0F	5CB8	30	10565
0F	5CB9	30	10565
0F	5CBC	30	10565
0F	5CBD	30	10565
0F	5CBE	30	10565
0F	5CC1	30	10565
0F	5CC2	30	10565
0F	5CC3	30	10565
0F	5CC4	30	10565
0F	5CC5	30	10565
0F	5CC6	30	10565
0F	5CC7	30	10565
0F	5CC8	30	10565
0F	5CC9	30	10565
0F	5CCA	30	10565
0F	5CCB	30	10565
0F	5CCC	30	10565
0F	5CCD	30	10565
0F	5CCE	30	10565
0F	5CCF	30	10565
0F	5CD0	30	10565
0F	5CD1	30	10565
0F	5CD2	30	10565
0F	5CD3	30	10565
0F	5CD4	30	10565
0F	5CD5	30	10565
0F	5CD6	30	10565
0F	5CD8	30	10565
0F	5CDA	30	10565
0F	5CDC	30	10565
0F	5CDD	30	10565
0F	5CDF	30	10565
0F	5CE0	30	10565
0F	5CE1	30	10565
0F	5CE2	30	10565
0F	5CE3	30	10565
0F	5CE5	30	10565
0F	5CE7	30	10565
0F	5CE8	30	10565
0F	5CE9	30	10565
0F	5CEB	30	10565
0F	5CEC	30	10565
0F	5CED	30	10565
0F	5CEE	30	10565
0F	5CEF	30	10565
0F	5CF1	30	10565
0F	5CF2	30	10565
0F	5CF3	30	10565
0F	5CF4	30	10565
0F	5CF5	30	10565
0F	5CF6	30	10565
0F	5CF7	30	10565
0F	5CF8	30	10565
0F	5CF9	30	10565
0F	5CFA	30	10565
0F	5CFB	30	10565
0F	5CFC	30	10565
0F	5CFD	30	10565
0F	5CFE	30	10565
0F	5CFF	30	10565
0F	5D00	30	10565
0F	5D01	30	10565
0F	5D04	30	10565
0F	5D06	30	10565
0F	5D09	4	10565
0F	5D0C	4	10565
0F	5D0E	4	10565
0F	5D11	4	10565
0F	5D12	120	10565
0F	5D14	120	10565
0F	5D16	120	10565
0F	5D18	120	10565
0F	5D1A	120	10565
0F	5D1C	120	10565
0F	5D1E	120	10565
0F	5D20	120	10565
0F	5D22	120	10565
0F	5D24	120	10565
0F	5D26	119	10565
0F	5D28	119	10565
0F	5D2A	119	10565
0F	5D2C	116	10565
0F	5D2E	116	10565
0F	5D30	116	10565
0F	5D32	116	10565
0F	5D34	36	10565
0F	5D36	36	10565
0F	5D38	36	10565
0F	5D3A	36	10565
0F	5D4A	1	10566
0F	5D4C	1	10566
0F	5D4D	3	10565
0F	5D4E	3	10565
0F	5D4F	3	10565
0F	5D52	3	10565
0F	5D53	3	10565
0F	5D56	3	10565
0F	5D57	3	10565
0F	5D58	3	10565
0F	5D59	3	10565
0F	5D5A	3	10565
0F	5D5B	3	10565
0F	5D5C	3	10565
0F	5D5D	3	10565
0F	5D5E	3	10565
0F	5D5F	3	10565
0F	5D60	3	10565
0F	5D61	3	10565
0F	5D62	80	10565
0F	5D64	80	10565
0F	5D65	36	10565
0F	5D67	36	10565
0F	5D68	483	10486
0F	5D69	483	10486
0F	5D6A	483	10486
0F	5D6B	483	10486
0F	5D6E	483	10486
0F	5D6F	483	10486
0F	5D70	483	10486
0F	5D71	483	10486
0F	5D73	16	10486
0F	5D74	16	10486
0F	5D75	16	10486
0F	5D76	1	122106
0F	5D77	1	122106
0F	5D7A	1	122106
0F	5D7D	1	122106
0F	5D7E	1	122106
0F	5D7F	313	10486
0F	5D80	313	10486
0F	5D81	313	10486
0F	5D82	313	10486
0F	5D85	313	10486
0F	5D86	313	10486
0F	5D87	313	10486
0F	5D88	313	10486
0F	5D8A	13	10486
0F	5D8B	13	10486
0F	5D95	28	10435
0F	5D96	28	10435
0F	5D97	28	10435
0F	5D99	28	10435
0F	5D9B	28	10435
0F	5D9C	28	10435
0F	5D9D	28	10435
0F	5D9F	28	10435
1C	4000	32	17
1C	4006	32	327
1C	4007	90	327
1C	400D	89	520
1C	401D	49	520
1C	4023	32	2471
1C	4025	32	2471
1C	4028	40	2838
1C	402E	26	3517
1C	4030	26	3517
1D	4000	87	591
1D	4003	87	592
1D	4004	87	592
1D	4007	87	592
1D	400A	87	592
1D	400D	87	592
1D	4013	87	592
1D	4016	87	593
1D	4018	87	593
1D	401B	87	593
1D	401E	87	593
1D	401F	87	593
1D	4021	36	593
1D	4023	87	593
1D	4026	87	593
1D	4028	87	593
1D	402B	87	593
1D	402D	87	593
1D	402F	87	593
1D	4031	87	593
1D	4032	87	593
1D	4034	87	593
1D	4036	87	593
1D	4038	87	593
1D	403A	87	593
1D	403C	87	593
1D	403E	87	593
1D	4044	87	593
1D	4047	87	593
1D	404A	87	593
1D	404C	87	593
1D	404E	87	593
1D	4050	87	593
1D	4056	87	594
1D	4059	87	594
1D	405C	87	594
1D	405E	87	594
1D	4060	87	594
1D	4062	87	594
1D	4068	87	595
1D	406B	87	595
1D	406E	87	595
1D	4070	87	595
1D	4072	87	595
1D	4074	87	595
1D	407A	87	596
1D	407D	87	596
1D	4080	87	596
1D	4082	87	596
1D	4084	87	596
1D	4086	87	596
1D	408C	87	597
1D	408F	87	597
1D	4092	87	597
1D	4094	87	597
1D	4096	87	597
1D	4098	87	597
1D	409E	87	598
1D	40A1	87	598
1D	40A4	87	598
1D	40A6	87	598
1D	40A8	87	598
1D	40AA	87	598
1D	40B0	87	599
1D	40B3	87	599
1D	40B6	87	599
1D	40B9	87	599
1D	40BB	87	599
1D	40C1	87	599
1D	40C4	87	599
1D	40C7	87	599
1D	40CA	87	599
1D	40CC	87	599
1D	40D2	87	599
1D	40D5	87	599
1D	40D8	87	599
1D	40DA	87	599
1D	40DC	87	599
1D	40E2	87	599
1D	40E5	87	599
1D	40E8	87	599
1D	40EB	87	599
1D	40EE	87	599
1D	40F1	87	599
1D	40F4	87	599
1D	40F6	87	599
1D	40FC	87	599
1D	40FE	87	599
1D	4101	87	599
1D	4104	87	599
1D	4107	87	599
1D	410D	87	599
1D	4110	87	600
1D	4112	87	600
1D	4114	87	600
1D	4115	87	600
1D	4117	87	600
1D	4119	87	600
1D	411B	87	600
1D	411D	87	600
1D	411E	87	600
1D	4121	87	600
1D	4124	87	600
1D	4127	87	600
1D	412A	87	600
1D	412D	87	600
1D	412F	87	600
1D	4131	87	600
1D	4133	87	600
1D	4139	87	601
1D	413B	87	601
1D	413C	87	601
1D	413E	87	601
1D	4140	87	601
1D	4142	87	601
1D	4144	87	601
1D	4147	87	601
1D	414A	87	601
1D	414C	87	601
1D	414F	87	601
1D	4152	87	601
1D	4154	87	601
1D	4157	87	602
1D	415D	87	602
1D	4163	86	618
1D	4166	86	618
1D	4167	86	618
1D	4169	86	618
1D	416C	86	618
1D	416D	86	618
1D	4170	86	618
1D	4172	86	618
1D	4178	86	623
1D	417A	86	623
1D	417B	86	623
1D	417D	86	623
1D	417F	86	623
1D	4182	86	623
1D	4185	86	623
1D	4186	86	623
1D	4188	1977	623
1D	418E	1977	623
1D	4191	1976	623
1D	4197	1976	623
1D	419D	1976	623
1D	41AA	1861	623
1D	41B0	1861	623
1D	41B2	1861	623
1D	41B4	1861	623
1D	41B7	1861	630
1D	41BA	1861	630
1D	41BD	60	680
1D	41BF	60	680
1D	41C0	60	680
1D	41C2	60	680
1D	41C4	60	680
1D	41C7	60	680
1D	41CA	60	680
1D	41CB	60	680
1D	41CD	60	680
1D	41D3	60	709
1D	41D9	60	711
1D	41DC	60	711
1D	41DD	60	711
1D	41DF	60	711
1D	41E2	60	711
1D	41E8	60	711
1D	41EB	60	711
1D	41EC	25	2360
1D	41EE	25	2360
1D	41EF	25	2360
1D	41F1	25	2360
1D	41F3	25	2360
1D	41F6	25	2360
1D	41F9	25	2360
1D	41FA	25	2360
1D	41FC	25	2360
1D	4202	25	2389
1D	4208	25	2391
1D	420A	25	2391
1D	420C	25	2391
1D	420F	25	2391
1D	4215	25	2391
1D	4216	25	2391
1D	4217	30	640
1D	421A	9	37774
1D	421C	9	37774
1D	421F	9	37774
1D	4222	9	37774
1D	4223	9	37774
1D	4225	9	37774
1D	4226	9	37774
1D	4228	9	37774
1D	4229	42	623
1D	422B	42	623
1D	422D	23	1140
1D	422F	23	1140
1D	4231	10	1140
1D	4232	19	623
1D	4235	19	623
1D	4238	19	623
1D	4239	19	623
1D	423B	12	623
1D	423D	19	623
1D	4240	19	623
1D	4243	19	623
1D	4246	19	623
1D	424C	19	623
1D	424E	19	623
1D	4251	19	624
1D	4254	19	625
1D	4256	13	32980
1D	4259	13	32980
1D	425C	13	32980
1D	425D	13	32980
1D	425F	13	32980
1D	4261	1	73220
1D	4263	13	32980
1D	4266	13	32980
1D	4269	13	32980
1D	426C	13	32980
1D	4272	13	32980
1D	4274	13	32980
1D	4277	13	32981
1D	427A	32	625
1D	427C	32	625
1D	427D	32	625
1D	427F	32	625
1D	4281	32	625
1D	4284	32	625
1D	4287	32	625
1D	4288	32	625
1D	428A	32	625
1D	428D	32	625
1D	428E	32	625
1D	4290	32	625
1D	4293	32	625
1D	4294	32	625
1D	4297	32	625
1D	4299	32	625
1D	429F	32	630
1D	42A0	12	32981
1D	42A2	12	32981
1D	42A5	12	32981
1D	42A8	12	32981
1D	42A9	12	32981
1D	42AB	12	32981
1D	42AC	12	32981
1D	42AE	12	32981
1D	42AF	119	601
1D	42B2	119	601
1D	42B3	119	601
1D	42B5	119	601
1D	42B8	119	601
1D	42BA	119	601
1D	42BB	119	601
1D	42BD	119	601
1D	42BF	119	601
1D	42C0	119	601
1D	42C1	119	601
1D	42C4	119	601
1D	42C5	119	601
1D	42C7	119	601
1D	42C8	119	601
1D	42C9	119	601
1D	42CA	119	601
1D	42CC	119	601
1D	42CD	119	601
1D	42D0	119	601
1D	42D1	119	601
1D	42D2	119	601
1D	42D3	119	601
1D	42D4	119	601
1D	42D5	119	601
1D	42D6	119	601
1D	42D9	119	601
1D	42DA	119	601
1D	42DB	119	601
1D	42DC	119	601
1D	42DD	119	601
1D	42DF	119	601
1D	42E0	119	601
1D	42E1	119	601
1D	42E4	119	601
1D	42E5	119	601
1D	42E6	119	601
1D	42E7	119	601
1D	42E9	119	601
1D	42EA	119	601
1D	42EC	119	601
1D	42ED	119	601
1D	42F0	119	601
1D	42F1	119	601
1D	42F3	119	601
1D	42F6	119	601
1D	42F8	119	601
1D	42FA	119	601
1D	42FD	119	601
1D	42FE	91	601
1D	4300	91	601
1D	4303	91	601
1D	4306	91	601
1D	4307	91	601
1D	4309	91	601
1D	430A	91	601
1D	430C	91	601
1D	4325	119	601
1D	4328	119	601
1D	4329	119	601
1D	432B	119	601
1D	432E	119	601
1D	4330	119	601
1D	4331	119	601
1D	4333	119	601
1D	4335	119	601
1D	4336	119	601
1D	4337	119	601
1D	433A	119	601
1D	433B	119	601
1D	433D	119	601
1D	433E	119	601
1D	433F	119	601
1D	4340	119	601
1D	4342	119	601
1D	4343	119	601
1D	4346	119	601
1D	4347	119	601
1D	4348	119	601
1D	4349	119	601
1D	434A	119	601
1D	434B	119	601
1D	434C	119	601
1D	434F	119	601
1D	4350	119	601
1D	4351	119	601
1D	4352	119	601
1D	4353	119	601
1D	4355	119	601
1D	4356	119	601
1D	4357	119	601
1D	435A	119	601
1D	435B	119	601
1D	435C	119	601
1D	435D	119	601
1D	435F	119	601
1D	4360	119	601
1D	4362	119	601
1D	4363	119	601
1D	4366	119	601
1D	4367	119	601
1D	4369	119	601
1D	436C	119	601
1D	436E	119	601
1D	4370	119	601
1D	4373	119	601
1D	4374	22	32980
1D	4376	22	32980
1D	4379	22	32980
1D	437C	22	32980
1D	437D	22	32980
1D	437F	22	32980
1D	4380	22	32980
1D	4382	22	32980
1D	439B	1893	624
1D	439E	1893	624
1D	439F	1893	624
1D	43A0	113	624
1D	43A2	113	624
1D	43A5	113	624
1D	43A7	113	624
1D	43AA	113	624
1D	43AC	25	659
1D	43AE	25	659
1D	43B1	25	659
1D	43B3	25	659
1D	43B6	25	659
1D	43B9	25	659
1D	43BC	25	659
1D	43BF	25	659
1D	43C1	25	659
1D	43C7	25	659
1D	43CD	25	659
1D	43CF	25	659
1D	43D2	25	660
1D	43D3	88	624
1D	43D5	88	624
1D	43D8	88	624
1D	43DA	88	624
1D	43DD	88	624
1D	43E0	88	624
1D	43E3	88	624
1D	43E6	88	624
1D	43E8	88	624
1D	43EE	88	624
1D	43F4	88	624
1D	43F6	88	624
1D	43F9	88	625
1F	4000	94	520
1F	4003	94	520
1F	4004	94	520
1F	4007	94	520
1F	400A	94	520
1F	400D	94	520
1F	4013	94	520
1F	4015	94	520
1F	4018	94	520
1F	401B	94	520
1F	401C	94	520
1F	401E	49	520
1F	4020	94	520
1F	4023	94	520
1F	4025	94	520
1F	4028	94	520
1F	402B	94	520
1F	402D	94	520
1F	4030	94	520
1F	4032	94	520
1F	4035	94	520
1F	4037	94	520
1F	4039	94	520
1F	403B	94	520
1F	403C	94	520
1F	403E	94	520
1F	4040	94	520
1F	4042	94	520
1F	4044	94	520
1F	4046	94	520
1F	4048	94	520
1F	404E	94	520
1F	4051	94	520
1F	4054	94	520
1F	4056	94	520
1F	4058	94	520
1F	405A	94	520
1F	4060	94	521
1F	4063	94	521
1F	4066	94	521
1F	4068	94	521
1F	406A	94	521
1F	406C	94	521
1F	4072	94	522
1F	4075	94	522
1F	4078	94	522
1F	407A	94	522
1F	407C	94	522
1F	407E	94	522
1F	4084	94	523
1F	4087	94	523
1F	408A	94	523
1F	408C	94	523
1F	408E	94	523
1F	4090	94	523
1F	4096	94	524
1F	4099	94	524
1F	409C	94	524
1F	409E	94	524
1F	40A0	94	524
1F	40A2	94	524
1F	40A8	94	525
1F	40AB	94	525
1F	40AE	94	525
1F	40B0	94	525
1F	40B2	94	525
1F	40B4	94	525
1F	40BA	94	526
1F	40BD	94	526
1F	40C0	94	526
1F	40C2	94	526
1F	40C4	94	526
1F	40C6	94	526
1F	40CC	94	527
1F	40CF	94	527
1F	40D2	94	527
1F	40D5	94	527
1F	40D7	94	527
1F	40DD	94	527
1F	40E0	94	527
1F	40E3	94	527
1F	40E6	94	527
1F	40E8	94	527
1F	40EE	94	527
1F	40F1	94	527
1F	40F4	94	527
1F	40F6	94	527
1F	40F8	94	527
1F	40FE	94	527
1F	4101	94	527
1F	4104	94	527
1F	4107	94	527
1F	4109	94	527
1F	410F	94	527
1F	4112	94	527
1F	4115	94	527
1F	4117	94	527
1F	4119	94	527
1F	411F	94	527
1F	4122	94	527
1F	4125	94	527
1F	4128	94	527
1F	412B	94	527
1F	412E	94	527
1F	4130	94	527
1F	4132	94	527
1F	4138	94	527
1F	413B	94	527
1F	413E	94	527
1F	4141	94	527
1F	4142	94	527
1F	4145	94	527
1F	4148	94	527
1F	414B	94	527
1F	414E	94	527
1F	4151	94	527
1F	4154	94	527
1F	4157	94	528
1F	4159	94	528
1F	415C	94	528
1F	415F	94	528
1F	4162	94	528
1F	4168	94	528
1F	416A	94	528
1F	416C	94	528
1F	416D	94	528
1F	416F	94	528
1F	4171	94	528
1F	4173	94	528
1F	4175	94	528
1F	4176	94	528
1F	4179	94	528
1F	417C	94	528
1F	417F	94	528
1F	4182	94	528
1F	4185	94	528
1F	4187	94	528
1F	4189	94	528
1F	418B	94	528
1F	4191	94	529
1F	4193	94	529
1F	4194	94	529
1F	4196	94	529
1F	4198	94	529
1F	419A	94	529
1F	419C	94	529
1F	419F	94	530
1F	41A5	94	530
1F	41A7	94	530
1F	41A9	94	530
1F	41AB	94	530
1F	41B1	94	546
1F	41B4	94	546
1F	41B5	94	546
1F	41B6	94	546
1F	41B9	94	546
1F	41BB	94	546
1F	41C1	94	550
1F	41C3	94	550
1F	41C4	94	550
1F	41C6	94	550
1F	41C8	94	550
1F	41CB	94	550
1F	41CE	94	550
1F	41CF	94	550
1F	41D1	2975	550
1F	41D7	2975	550
1F	41DA	2975	550
1F	41E0	2975	550
1F	41E6	2975	550
1F	41F3	2849	550
1F	41F9	2849	550
1F	41FC	2849	550
1F	41FE	2849	550
1F	4200	2849	550
1F	4203	2849	550
1F	4206	2849	550
1F	4209	2849	550
1F	420A	2849	550
1F	420D	2402	550
1F	4210	2402	550
1F	4211	2402	550
1F	4214	2399	550
1F	4217	62	560
1F	421A	62	560
1F	421B	62	560
1F	421D	62	560
1F	421F	62	560
1F	4220	62	560
1F	4222	62	560
1F	4224	62	560
1F	4227	62	560
1F	422A	62	560
1F	422B	62	560
1F	422D	62	560
1F	4233	62	589
1F	4239	62	591
1F	423B	62	591
1F	423D	62	591
1F	423F	62	591
1F	4242	62	591
1F	4243	62	591
1F	4245	62	591
1F	4248	62	591
1F	424E	62	591
1F	4251	62	591
1F	4252	3	28824
1F	4254	3	28824
1F	4257	3	28824
1F	425A	32	2440
1F	425C	32	2440
1F	425D	32	2440
1F	425F	32	2440
1F	4261	32	2440
1F	4264	32	2440
1F	4267	32	2440
1F	4268	32	2440
1F	426A	32	2440
1F	4270	32	2469
1F	4276	32	2471
1F	4278	32	2471
1F	427A	32	2471
1F	427C	32	2471
1F	427E	32	2471
1F	4280	32	2471
1F	4283	32	2471
1F	4289	32	2471
1F	428A	32	2471
1F	428B	11	14768
1F	428E	21	6200
1F	4291	77	2421
1F	4292	77	2421
1F	4295	77	2421
1F	4296	77	2421
1F	4297	71	2421
1F	4299	71	2421
1F	429B	53	14148
1F	429D	53	14148
1F	429F	31	14148
1F	42A1	31	14148
1F	42A4	8	15728
1F	42A7	8	15728
1F	42A9	8	15728
1F	42AA	5	15768
1F	42AD	5	15768
1F	42AF	5	15768
1F	42B0	5	15768
1F	42B2	5	15768
1F	42B4	5	15768
1F	42B7	5	15768
1F	42BA	5	15768
1F	42BB	5	15768
1F	42BD	5	15768
1F	42C0	5	15769
1F	42C2	5	15769
1F	42C5	18	2421
1F	42C8	18	2421
1F	42CA	18	2421
1F	42CB	17	2421
1F	42CE	17	2421
1F	42D0	17	2421
1F	42D1	17	2421
1F	42D3	17	2421
1F	42D5	17	2421
1F	42D8	17	2421
1F	42DB	17	2421
1F	42DC	17	2421
1F	42DE	17	2421
1F	42E1	17	2422
1F	42E3	17	2422
1F	42E5	22	14788
1F	42E8	22	14788
1F	42EA	22	14788
1F	42EB	4	14788
1F	42ED	4	14788
1F	42EE	4	14788
1F	42F0	4	14788
1F	42F2	4	14788
1F	42F5	4	14788
1F	42F8	4	14788
1F	42F9	4	14788
1F	42FB	4	14788
1F	42FE	4	14788
1F	42FF	4	14788
1F	4300	4	14788
1F	4301	4	14788
1F	4304	4	14789
1F	4305	4	14789
1F	4307	23	14148
1F	430A	23	14148
1F	430C	23	14148
1F	430D	20	14148
1F	4310	20	14148
1F	4312	20	14148
1F	4313	20	14148
1F	4315	20	14148
1F	4317	20	14148
1F	431A	20	14148
1F	431D	20	14148
1F	431E	20	14148
1F	4320	20	14148
1F	4323	20	14149
1F	4325	46	2422
1F	4328	46	2422
1F	432B	46	2422
1F	432C	46	2422
1F	432E	46	2422
1F	432F	46	2422
1F	4330	46	2422
1F	4331	46	2422
1F	4333	46	2422
1F	4334	46	2422
1F	4335	46	2422
1F	4338	46	2422
1F	4339	46	2422
1F	433C	46	2422
1F	433F	46	2422
1F	4341	46	2422
1F	4344	46	2422
1F	434A	46	2425
1F	4351	46	2421
1F	4354	46	2421
1F	4357	46	2421
1F	435A	46	2421
1F	435C	46	2421
1F	4362	46	2421
1F	4364	46	2421
1F	4367	46	2422
1F	436A	46	2422
1F	436D	46	2422
1F	436F	46	2422
1F	4371	46	2422
1F	4377	46	2422
1F	437A	46	2422
1F	437D	46	2422
1F	4380	46	2422
1F	4381	46	2422
1F	4384	46	2422
1F	4387	46	2422
1F	438A	46	2422
1F	438D	46	2422
1F	438E	46	2422
1F	4390	46	2422
1F	4392	20	14169
1F	4395	11	14169
1F	4396	26	2422
1F	4399	26	2422
1F	439C	26	2422
1F	439E	26	2422
1F	43A0	26	2422
1F	43A6	26	2422
1F	43A9	26	2422
1F	43AC	26	2422
1F	43AF	26	2422
1F	43B0	26	2422
1F	43B3	26	2422
1F	43B6	26	2422
1F	43B9	26	2422
1F	43BA	9	15769
1F	43BD	9	15769
1F	43C0	9	15769
1F	43C2	9	15769
1F	43C4	9	15769
1F	43CA	9	15769
1F	43CD	9	15769
1F	43D0	9	15769
1F	43D3	9	15769
1F	43D6	9	15769
1F	43D9	9	15769
1F	43DB	9	15769
1F	43DD	9	15769
1F	43E3	9	15769
1F	43E6	9	15769
1F	43E9	9	15769
1F	43EC	9	15769
1F	43ED	9	15769
1F	43F0	9	15769
1F	43F3	9	15769
1F	43F6	9	15769
1F	43F7	137	527
1F	43FA	137	527
1F	43FC	137	527
1F	43FE	111	527
1F	4401	111	527
1F	4404	111	527
1F	4406	111	527
1F	4408	111	527
1F	440E	111	527
1F	4411	111	527
1F	4414	111	527
1F	4417	137	527
1F	441A	137	527
1F	441B	137	527
1F	441D	137	527
1F	441F	54	2433
1F	4422	26	14162
1F	4425	26	14162
1F	4428	26	14162
1F	442A	26	14162
1F	442C	26	14162
1F	4432	26	14162
1F	4435	26	14162
1F	4438	26	14162
1F	443B	26	14162
1F	443D	26	14162
1F	443E	26	14162
1F	4441	26	14162
1F	4443	26	14162
1F	4444	26	14162
1F	4447	26	14162
1F	444A	26	14162
1F	444D	26	14162
1F	444F	83	527
1F	4452	83	527
1F	4455	83	527
1F	4457	83	527
1F	4459	83	527
1F	445F	83	527
1F	4462	83	527
1F	4465	83	527
1F	4468	83	527
1F	446A	83	527
1F	446B	83	527
1F	446E	83	527
1F	4470	83	527
1F	4471	83	527
1F	4474	83	527
1F	4477	83	527
1F	447A	83	527
1F	447C	28	2433
1F	447F	28	2433
1F	4482	28	2433
1F	4484	28	2433
1F	4486	28	2433
1F	448C	28	2433
1F	448F	28	2433
1F	4492	28	2433
1F	4495	28	2433
1F	4498	28	2433
1F	449B	28	2433
1F	449D	28	2433
1F	449F	28	2433
1F	44A5	28	2433
1F	44A8	28	2433
1F	44AB	28	2433
1F	44AE	28	2433
1F	44B0	28	2433
1F	44B1	28	2433
1F	44B4	28	2433
1F	44B6	28	2433
1F	44B7	28	2433
1F	44BA	28	2433
1F	44BD	28	2433
1F	44C0	137	527
1F	44C1	137	527
1F	44C4	137	527
1F	44C7	137	527
1F	44C8	137	527
1F	44CB	137	527
1F	44D1	137	527
1F	44D4	137	528
1F	44D5	2986	527
1F	44D8	2986	527
1F	44D9	2986	527
1F	44DA	2539	527
1F	44DD	2539	527
1F	44DE	2539	527
1F	44DF	171	527
1F	44E1	171	527
1F	44E4	171	527
1F	44E5	171	527
1F	44E7	171	527
1F	44E9	66	2433
1F	44EC	32	14162
1F	44EF	32	14162
1F	44F2	32	14162
1F	44F5	32	14162
1F	44F7	32	14162
1F	44FD	32	14162
1F	44FF	32	14162
1F	4502	32	14163
1F	4503	105	527
1F	4506	105	527
1F	4509	105	527
1F	450C	105	527
1F	450F	105	527
1F	4510	105	527
1F	4513	105	527
1F	4515	105	527
1F	4518	105	527
1F	451E	105	527
1F	4520	105	527
1F	4523	105	528
1F	4526	105	528
1F	4527	105	528
1F	452A	105	528
1F	452C	105	528
1F	452D	19	6219
1F	452E	19	6219
1F	4531	19	6219
1F	4532	34	2433
1F	4535	34	2433
1F	4538	34	2433
1F	453B	34	2433
1F	453E	34	2433
1F	453F	34	2433
1F	4542	34	2433
1F	4544	34	2433
1F	4547	34	2433
1F	454D	34	2433
1F	454F	34	2433
1F	4552	34	2434
1F	4555	34	2434
1F	4556	34	2434
1F	4559	34	2434
1F	455B	34	2434
1F	4561	2849	550
1F	4564	2849	550
1F	4565	2849	550
1F	4566	444	2426
1F	4567	444	2426
1F	456A	444	2426
1F	456C	43	2433
1F	456F	43	2434
1F	4572	43	2434
1F	4573	43	2434
1F	4574	43	2434
1F	4577	43	2434
1F	4579	43	2434
1F	457F	43	2439
1F	4582	43	2439
1F	4585	43	2439
1F	4586	43	2439
1F	4589	43	2439
1F	458C	43	2439
1F	458D	43	2439
1F	458F	401	2426
1F	4592	401	2426
1F	4593	401	2426
1F	4596	401	2426
1F	4597	401	2426
1F	459A	401	2426
1F	459B	401	2426
1F	459E	401	2426
1F	459F	401	2426
1F	45A0	401	2426
1F	45A1	401	2426
1F	45A4	401	2426
1F	45A5	401	2426
1F	45A8	401	2426
1F	45A9	401	2426
1F	45AC	401	2426
1F	45AD	401	2426
1F	45B0	401	2426
1F	45B1	401	2426
1F	45B4	401	2426
1F	45B5	401	2426
1F	45B8	401	2426
1F	45B9	401	2426
1F	45BA	401	2426
1F	45BB	401	2426
1F	45BE	401	2426
1F	45BF	401	2426
1F	45C2	401	2426
1F	45C3	444	2426
1F	45C6	444	2426
1F	45C9	444	2426
1F	45CA	46	2422
1F	45CB	46	2422
1F	45CE	46	2422
1F	45D1	46	2422
1F	45D2	46	2422
1F	45D5	46	2422
1F	45D6	46	2422
1F	45D7	46	2422
1F	45D9	14	14789
1F	45DB	14	14789
1F	45DC	14	14789
1F	45DD	14	14789
1F	45DF	14	14789
1F	45E2	46	2422
1F	45E5	46	2422
1F	45E6	46	2422
1F	45E9	46	2422
1F	45EA	46	2422
1F	45EB	46	2422
1F	45ED	11	14169
1F	45EF	11	14169
1F	45F0	11	14169
1F	45F1	11	14169
1F	45F4	11	14169
1F	45F6	11	14169
1F	45F9	46	2422
1F	45FA	46	2422
1F	45FB	46	2422
1F	45FD	46	2422
1F	45FF	46	2422
1F	4601	46	2422
1F	4605	46	2422
1F	4606	46	2422
1F	4609	46	2422
1F	460A	46	2422
1F	4610	46	2422
1F	4611	46	2422
1F	4614	46	2422
1F	4615	46	2422
1F	4616	46	2422
1F	4618	46	2422
1F	4619	46	2422
1F	461B	46	2422
1F	461E	46	2422
1F	4621	46	2422
1F	4623	46	2422
1F	4624	46	2422
1F	4627	46	2422
1F	4629	14	14789
1F	462B	14	14789
1F	462C	14	14789
1F	462F	14	14789
1F	4632	14	14789
1F	4634	14	14789
1F	4637	46	2422
1F	4638	46	2422
1F	4639	46	2422
1F	463A	46	2422
1F	4640	46	2422
1F	4641	46	2422
1F	4644	46	2422
1F	4645	46	2422
1F	4647	46	2422
1F	4648	46	2422
1F	464A	46	2422
1F	464D	46	2422
1F	4650	46	2422
1F	4652	46	2422
1F	4653	46	2422
1F	4656	46	2422
1F	4658	11	14169
1F	465A	11	14169
1F	465B	11	14169
1F	465E	11	14169
1F	4661	11	14169
1F	4663	11	14169
1F	4666	46	2422
22	4EF0	37	324
22	4EF2	37	324
22	4EF4	37	324
22	4EF6	37	324
22	4EF7	37	324
22	4EF9	37	324
22	4EFB	37	324
22	4EFD	37	324
22	4F00	37	324
22	4F02	37	324
22	4F04	37	324
22	4F07	37	324
22	4F0A	37	324
22	4F0D	151478	324
22	4F0E	151478	324
22	4F0F	151478	324
22	4F10	151478	324
22	4F12	8443	324
22	4F13	151478	324
22	4F14	151478	324
22	4F15	151478	324
22	4F16	151478	324
22	4F18	37	326
22	4F19	37	326
22	4F1A	37	326
22	4F1B	37	326
22	4F1C	37	326
22	4F1D	37	326
22	4F1E	37	326
22	4F20	37	326
22	4F23	37	326
22	4F24	5	1955
22	4F26	5	1955
22	4F28	5	1955
22	4F2A	5	1955
22	4F2B	5	1955
22	4F2D	5	1955
22	4F2F	5	1955
22	4F31	5	1955
22	4F34	5	1955
22	4F36	5	1955
22	4F38	5	1955
22	4F3B	5	1955
22	4F3C	5	1955
22	4F3D	5	1955
22	4F3E	5	1955
22	4F3F	5	1955
22	4F40	5	1955
22	4F42	5	1955
22	4F45	5	1955
22	4F46	32	326
22	4F47	32	326
22	4F48	32	326
22	4F4A	32	326
22	4F4B	32	326
22	4F4C	32	326
22	4F4E	32	326
22	4F4F	32	326
22	4F7B	5	1955
22	4F7D	5	1955
22	4F7F	5	1955
22	4F81	5	1955
22	4F82	5	1955
22	4F84	5	1955
22	4F86	5	1955
22	4F87	5	1955
22	4F89	5	1955
22	4F8B	5	1955
22	4F8D	5	1955
22	4F90	5	1955
22	4F92	5	1955
22	4F94	5	1955
22	4F97	5	1955
22	4F9A	20480	1955
22	4F9B	20480	1955
22	4F9C	20480	1955
22	4F9D	20480	1955
22	4F9E	20480	1955
22	4F9F	20480	1955
22	4FA0	20480	1955
22	4FA2	5	1957
22	4FA3	5	1957
22	4FA5	5	1957
22	4FA8	5	1957
22	4FF6	32	324
22	4FF7	32	324
22	4FF8	32	324
22	4FF9	32	324
22	4FFB	32	324
22	4FFE	32	326
22	5001	32	326
22	5002	32	326
22	5017	32	326
22	5019	32	326
22	501A	32	326
22	501B	32	326
22	501C	32	326
22	501D	5	1954
22	501E	5	1954
22	501F	5	1954
22	5020	5	1954
22	5021	5	1954
22	5023	5	1954
22	5026	5	1955
22	5028	5	1955
22	502B	5	1955
22	502D	5	1955
22	5030	5	1957
22	5031	5	1957
22	5032	5	1957
22	5033	5	1957
22	5034	5	1957
22	5035	11	170248
22	5037	11	170248
22	5039	11	170248
22	503C	11	170248
22	503E	11	170248
22	5040	11	170248
22	5043	11	170248
22	5046	11	170248
22	5049	11	170248
22	504C	18348	170248
22	504D	18348	170248
22	504E	18348	170248
22	504F	18348	170248
22	5052	18348	170248
22	5053	18348	170248
22	5054	18348	170248
22	5055	18348	170248
22	5057	11	170248
22	505A	11	170248
22	505D	5280	170248
22	505E	5280	170248
22	505F	5280	170248
22	5060	5280	170248
22	5062	132	170248
22	5063	5280	170248
22	5064	5280	170248
22	5065	5280	170248
22	5066	5280	170248
22	5068	11	170248
22	506B	11	170248
22	506C	11	170248
22	506D	11	170248
22	506E	11	170248
22	506F	11	170248
22	5070	11	170248
22	5071	11	170248
22	5073	11	170248
22	5076	11	170248
22	5077	11	170248
22	507A	11	170248
22	507C	11	170248
22	507E	11	170248
22	5081	11	170248
22	5083	11	170248
22	5085	11	170248
22	5088	11	170248
22	5089	11	170248
22	508A	11	170248
22	508B	11	170248
22	508C	11	170248
22	508D	11	170248
22	508F	11	170248
22	5092	11	170248
22	50FC	11	170248
22	50FD	11	170248
22	50FE	11	170248
22	50FF	11	170248
22	5100	11	170248
22	5103	11	170248
22	5106	11	170248
22	5107	11	170248
22	5108	11	170248
22	5109	11	170248
22	510A	11	170248
23	4000	16	711
23	4003	16	712
23	4004	16	712
23	4006	16	712
23	4007	16	712
23	4009	16	712
23	400B	16	712
23	400D	16	712
23	400F	16	712
23	4012	16	712
23	4014	16	712
23	4017	16	712
23	4018	16	712
23	401A	16	712
23	401C	16	712
23	401D	16	712
23	4023	16	712
23	4026	16	713
23	4028	16	713
23	402B	16	746
23	402E	16	746
23	402F	16	746
23	4031	16	746
23	4032	16	746
23	4034	16	746
23	4036	16	746
23	4038	16	746
23	4039	16	746
23	403C	16	746
23	403D	16	746
23	403F	16	746
23	4041	16	746
23	4042	16	746
23	4043	16	746
23	4044	16	746
23	404A	16	786
23	404B	16	786
23	404D	16	786
23	404E	16	786
23	4050	16	786
23	4052	16	786
23	4054	16	786
23	4056	16	786
23	4059	16	786
23	405A	16	786
23	405C	16	786
23	405E	16	786
23	405F	16	786
23	4061	16	786
23	4062	16	786
23	4064	3	9522
23	406A	3	9522
23	406D	3	9523
23	4073	3	9538
23	4075	3	9538
23	4076	860	786
23	4077	860	786
23	407D	860	786
23	4080	860	787
23	4086	860	787
23	4087	860	787
23	4089	860	787
23	408B	860	787
23	408D	16	9736
23	408E	16	9736
23	408F	16	9736
23	4091	16	9736
23	4092	16	9736
23	4094	16	9736
23	4096	16	9736
23	4099	16	9736
23	409C	16	9736
23	409D	16	9736
23	409F	16	9736
23	40A0	16	9736
23	40A1	16	9736
23	40A2	16	9736
23	40A4	3	23452
23	40A7	2	23532
23	40A9	2	23532
23	40AB	13	9736
23	40AE	10	25151
23	40B0	12	23532
23	40B1	12	23532
23	40B2	12	23532
23	40B4	12	23532
23	40B5	12	23532
23	40B7	12	23532
23	40B9	12	23532
23	40BB	12	23532
23	40BD	12	23532
23	40C0	12	23532
23	40C2	12	23532
23	40C5	12	23532
23	40C6	12	23532
23	40C8	12	23532
23	40CA	12	23532
23	40CB	12	23532
23	40D1	12	23532
23	40D2	12	23532
23	40D4	12	23532
23	40D5	12	23532
23	40D7	12	23532
23	40D9	12	23532
23	40DC	12	23532
23	40DF	12	23532
23	40E0	12	23532
23	40E2	12	23532
23	40E3	12	23532
23	40E6	11	23567
23	40E7	11	23567
23	40EA	844	787
23	40EC	844	787
23	40EE	844	787
23	40F0	8	880
23	40F1	8	880
23	40F2	8	880
23	40F4	8	880
23	40F5	8	880
23	40F7	8	880
23	40F9	8	880
23	40FC	8	880
23	40FF	8	880
23	4100	8	880
23	4102	8	880
23	4103	8	880
23	4104	8	880
23	410A	8	880
23	410D	8	881
23	4113	8	896
23	4115	8	896
23	4116	836	787
23	4118	836	787
23	411A	836	787
23	411C	8	1820
23	411D	8	1820
23	411E	8	1820
23	411F	8	1820
23	4121	8	1820
23	4122	8	1820
23	4124	8	1820
23	4126	8	1820
23	4129	8	1820
23	412C	8	1820
23	412D	8	1820
23	412F	8	1820
23	4130	8	1820
23	4131	8	1820
23	4132	8	1820
23	4133	8	1820
23	4134	8	1820
23	4136	8	1820
23	4137	8	1820
23	413A	836	787
23	413C	836	787
23	413E	836	787
23	4140	9	1040
23	4141	9	1040
23	4142	9	1040
23	4143	9	1040
23	4145	9	1040
23	4146	9	1040
23	4148	9	1040
23	414A	9	1040
23	414D	9	1040
23	4150	9	1040
23	4151	9	1040
23	4153	9	1040
23	4154	9	1040
23	4155	9	1040
23	4156	9	1040
23	4157	9	1040
23	4158	9	1040
23	415A	9	1040
23	415B	9	1040
23	415E	836	787
23	4161	17	1040
23	4162	17	1040
23	4164	17	1040
23	4166	6	1060
23	4167	6	1060
23	416A	6	1060
23	416D	6	1060
23	4170	6	1060
23	4172	6	1060
23	4178	6	1060
23	417A	6	1060
23	417D	6	1061
23	4180	6	1061
23	4183	6	1061
23	4185	6	1061
23	4187	6	1061
23	418D	6	1061
23	4190	6	1061
23	4193	6	1061
23	4196	6	1061
23	419C	6	1061
23	419F	6	1065
23	41A0	6	1065
23	41A1	11	1040
23	41A2	11	1040
23	41A5	11	1040
23	41A8	11	1040
23	41AB	11	1040
23	41AD	11	1040
23	41B3	11	1040
23	41B5	11	1040
23	41B8	11	1041
23	41BB	11	1041
23	41BE	11	1041
23	41C0	11	1041
23	41C2	11	1041
23	41C8	11	1041
23	41CB	11	1041
23	41CE	11	1041
23	41D1	11	1041
23	41D7	11	1041
23	41DA	11	1045
23	41DB	11	1045
23	41DC	28	713
23	41DD	28	713
23	41E3	28	713
23	41E9	28	713
23	41EF	28	715
23	41F2	28	715
23	41F5	28	715
23	41F8	28	715
23	41FB	28	715
23	41FD	28	715
23	4203	28	715
23	4206	28	716
23	4209	28	716
23	420C	28	716
23	420F	28	716
23	4211	28	716
23	4217	28	716
23	421A	28	717
23	421D	28	717
23	4220	28	717
23	4222	28	717
23	4224	28	717
23	4226	28	717
23	422C	28	717
23	422F	28	718
23	4232	28	718
23	4235	28	718
23	4237	28	718
23	4239	28	718
23	423B	28	718
23	4241	28	719
23	4244	28	720
23	4247	28	720
23	424A	28	720
23	424C	28	720
23	424E	28	720
23	4250	28	720
23	4256	28	720
23	4259	28	721
23	425C	28	721
23	425F	28	721
23	4261	28	721
23	4263	28	721
23	4265	28	721
23	426B	28	721
23	426E	28	722
23	4271	28	722
23	4274	28	722
23	4277	28	722
23	4279	28	722
23	427F	28	722
23	4282	27	723
23	4284	27	723
23	4287	27	724
23	428A	27	724
23	428C	27	724
23	428E	27	724
23	4290	27	724
23	4293	27	724
23	4296	103680	724
23	4297	103680	724
23	4298	103680	724
23	4299	103680	724
23	429A	103680	724
23	429B	103680	724
23	429D	27	725
23	429E	27	725
23	429F	27	725
23	42A0	27	725
23	42A2	27	725
23	42A4	25	725
23	42A7	25	729
23	42AA	25	729
23	42AD	25	729
23	42AF	25	729
23	42B1	25	729
23	42B7	25	729
23	42BA	25	729
23	42BD	25	729
23	42C0	25	729
23	42C2	2	23545
23	42C5	2	23548
23	42C8	2	23548
23	42CB	2	23548
23	42CE	2	23548
23	42D0	2	23548
23	42D6	2	23548
23	42D8	2	23548
23	42DB	2	23549
23	42DE	2	23549
23	42E1	2	23549
23	42E3	2	23549
23	42E5	2	23549
23	42EB	2	23549
23	42EE	2	23549
23	42F1	2	23549
23	42F4	27	729
23	42F7	27	729
23	42FD	27	729
23	4300	27	730
23	4306	27	746
23	4307	27	746
23	4309	27	746
23	430A	27	746
23	430C	27	746
23	430E	27	746
23	4310	27	746
23	4312	27	746
23	4315	27	746
23	4317	27	746
23	431A	27	746
23	431B	27	746
23	431D	27	746
23	431F	27	746
23	4320	27	746
23	4326	27	746
23	4327	27	746
23	4328	27	746
23	432A	27	746
23	432B	27	746
23	432D	27	746
23	432F	27	746
23	4332	27	746
23	4335	27	746
23	4336	27	746
23	4338	27	746
23	4339	27	746
23	433A	27	746
23	433B	27	746
23	433C	13	1041
23	433F	13	1041
23	4341	13	1041
23	4343	13	1041
23	4345	13	1041
23	4347	13	1041
23	434A	13	1041
23	434D	13	1041
23	4353	13	1043
23	4356	13	1045
23	43C4	31	725
23	43C7	31	725
23	43C9	31	725
23	43CB	31	725
23	43CD	31	725
23	43CF	31	725
23	43D2	31	725
23	43D5	31	725
23	43DB	31	727
23	43DE	31	729
23	4471	3	23468
23	4472	3	23468
23	4474	3	23468
23	4475	3	23468
23	4477	3	23468
23	4479	3	23468
23	447B	3	23468
23	447D	3	23468
23	4480	3	23468
23	4482	3	23468
23	4485	3	23468
23	4486	3	23468
23	4488	3	23468
23	448A	3	23468
23	448B	3	23468
23	4491	3	23468
23	4497	3	23468
23	449D	3	23468
23	44A3	3	23470
23	44A6	3	23470
23	44A9	3	23470
23	44AC	3	23470
23	44AF	3	23470
23	44B1	3	23470
23	44B7	3	23470
23	44BA	3	23471
23	44BD	3	23471
23	44C0	3	23471
23	44C3	3	23471
23	44C5	3	23471
23	44CB	3	23471
23	44CE	3	23472
23	44D1	3	23472
23	44D4	3	23472
23	44D6	3	23472
23	44D8	3	23472
23	44DA	3	23472
23	44E0	3	23473
23	44E3	3	23473
23	44E6	3	23473
23	44E9	3	23473
23	44EB	3	23473
23	44ED	3	23473
23	44EF	3	23473
23	44F5	3	23474
23	44F8	3	23474
23	44FB	3	23474
23	44FE	3	23474
23	4500	3	23474
23	4502	3	23474
23	4504	3	23474
23	450A	3	23475
23	450D	3	23475
23	4510	3	23475
23	4513	3	23475
23	4516	3	23475
23	4518	3	23475
23	451E	3	23475
23	4521	3	23476
23	4523	3	23476
23	4526	3	23477
23	4529	3	23478
23	452B	3	23478
23	452D	3	23478
23	452F	3	23478
23	4532	3	23478
23	4535	11520	23478
23	4536	11520	23478
23	4537	11520	23478
23	4538	11520	23478
23	4539	11520	23478
23	453A	11520	23478
23	453C	3	23479
23	453F	3	23479
23	4542	3	23479
23	4544	3	23479
23	4546	3	23479
23	454C	3	23479
23	454F	3	23479
23	4552	3	23479
23	4555	3	23479
23	4558	3	23479
23	455A	3	23479
23	455C	3	23479
23	455E	3	23479
23	4560	3	23479
23	4563	3	23479
23	4566	3	23479
23	456C	3	23479
23	456F	3	23480
23	4572	3	23480
23	4574	3	23480
23	4576	3	23480
23	4578	3	23480
23	457A	3	23480
23	457D	3	23480
23	4580	3	23480
23	4586	3	23480
23	4589	3	23481
23	458C	3	23481
23	458E	3	23481
23	4590	3	23481
23	4592	3	23481
23	4594	3	23481
23	4597	3	23481
23	459A	3	23481
23	45A0	3	23481
23	45A3	3	23482
23	45A6	3	23482
23	45A8	3	23482
23	45AA	3	23482
23	45AC	3	23482
23	45AE	3	23482
23	45B1	3	23482
23	45B4	3	23482
23	45BA	3	23482
23	45BD	3	23483
23	45C0	3	23485
23	45C3	3	23485
23	45C4	3	23485
23	45C5	3	23485
23	45C7	3	23485
23	45C8	3	23485
23	45CA	3	23485
23	45CC	3	23485
23	45CF	3	23485
23	45D2	3	23485
23	45D3	3	23485
23	45D5	3	23485
23	45D6	3	23485
23	45D7	3	23485
23	45DD	3	23485
23	45E0	3	23486
23	45E6	3	23502
23	45E7	3	23502
23	45E9	3	23502
23	45EA	3	23502
23	45EC	3	23502
23	45EE	3	23502
23	45F0	3	23502
23	45F2	3	23502
23	45F5	3	23502
23	45F7	3	23502
23	45FA	3	23502
23	45FB	3	23502
23	45FD	3	23502
23	45FF	3	23502
23	4600	3	23502
23	4606	3	23502
23	4608	60	23502
23	4609	60	23502
23	460F	60	23502
23	4612	60	23503
23	4618	60	23503
23	4619	60	23503
23	461B	60	23503
23	461D	60	23503
23	461F	3	23516
23	4620	3	23516
23	4621	3	23516
23	4623	3	23516
23	4624	3	23516
23	4626	3	23516
23	4628	3	23516
23	462B	3	23516
23	462E	3	23516
23	462F	3	23516
23	4631	3	23516
23	4632	3	23516
23	4633	3	23516
23	4634	3	23516
23	4636	1	25644
23	463C	1	25644
23	463F	1	25645
23	4645	1	25660
23	4646	1	25660
23	4647	2	23516
23	464D	2	23516
23	4650	2	23517
23	4656	2	23532
23	4658	2	23532
23	4659	57	23503
23	465B	57	23503
23	465D	57	23503
23	4685	57	23503
23	4687	57	23503
23	4689	57	23503
23	468B	1	25628
23	468C	1	25628
23	468D	1	25628
23	468F	1	25628
23	4690	1	25628
23	4692	1	25628
23	4694	1	25628
23	4697	1	25628
23	469A	1	25628
23	469B	1	25628
23	469D	1	25628
23	469E	1	25628
23	469F	1	25628
23	46A0	1	25628
23	46A1	1	25628
23	46A3	1	25628
23	46A4	1	25628
23	46A7	57	23503
23	46A9	57	23503
23	46AB	57	23503
23	46C9	57	23503
23	46CD	1	25628
23	46CE	1	25628
23	46D0	1	25628
23	46D2	1	25628
23	46D3	1	25628
23	46D6	1	25628
23	46D9	1	25628
23	46DB	1	25628
23	46DD	1	25628
23	46E3	1	25628
23	46E6	1	25628
23	46E9	1	25628
23	46EC	1	25628
23	46ED	1	25628
23	478E	47	727
23	4790	47	727
23	4791	47	727
23	4793	47	727
23	4795	47	727
23	4797	47	727
23	4798	47	727
23	479A	47	727
23	479D	47	727
23	47A0	47	727
23	47A2	47	727
23	47A8	47	728
23	47AB	47	728
23	47AE	47	728
23	47B0	47	728
23	47B6	47	729
23	47B7	47	729
23	47B9	47	729
23	47BB	47	729
23	4A06	3	23452
23	4A08	3	23452
23	4A0B	3	23452
23	4A0C	3	23452
23	4A0F	3	23452
23	4A15	3	23452
23	4A18	3	23453
23	4A1E	3	23468
23	4A21	3	23532
23	4A22	3	23532
23	4A24	2	23532
23	4A25	2	23532
23	4A26	1	25660
23	4A28	1	25660
23	4A2A	1	25660
23	4A2C	1	25660
23	4A2F	1	25660
23	4A32	1	25660
23	4A34	7	25660
23	4A35	7	25660
23	4A36	7	25660
23	4A37	7	25660
23	4A38	7	25660
23	4A3A	1	25660
23	4A3C	1	25660
23	4A3F	1	25660
23	4B51	13	9736
23	4B52	13	9736
23	4B55	13	9736
23	4B56	13	9736
23	4B59	13	9736
23	4B5F	13	9736
23	4B62	13	9737
23	4B68	13	9752
23	4B6A	13	9752
23	4B6C	13	9752
23	4B6E	13	9752
23	4B71	13	9752
23	4B74	13	9752
23	4B76	91	9752
23	4B77	91	9752
23	4B78	91	9752
23	4B79	91	9752
23	4B7A	91	9752
23	4B7C	13	9752
23	4B7E	13	9752
23	4B81	13	9752
23	4B87	12	9898
23	4B88	12	9898
23	4B89	5	9898
23	4B8B	5	9898
23	4B8D	5	9898
23	4B8F	5	9898
23	4B92	5	9898
23	4B93	5	9898
23	4B94	5	9898
23	4B96	5	9898
23	4B97	5	9898
23	4B98	5	9898
23	4B99	5	9898
23	4B9A	5	9898
23	4B9B	5	9898
23	4B9C	5	9898
23	4B9D	5	9898
23	4B9E	5	9898
23	4B9F	5	9898
23	4BA0	5	9898
23	4BA1	5	9898
23	4BA2	5	9898
23	4BA3	5	9898
23	4BA4	5	9898
23	4BA5	5	9898
23	4BAB	5	9898
23	4BAD	5	9898
23	4BAF	5	9898
23	4BB5	5	10354
23	4BB7	5	10354
23	4BB9	5	10354
23	4BBB	5	10354
23	4BBD	3	10354
23	4BBF	3	10354
23	4BC1	1	119659
23	4BC4	1	119659
23	4BC6	1	119659
23	4BC9	1	119659
23	4BCB	1	119659
23	4BCE	1	119659
23	4BD0	1	119659
23	4BD3	1	119659
23	4BD5	1	119659
23	4BD8	1	119659
23	4BDA	1	119659
23	4BDD	1	119659
23	4BDF	1	119659
23	4BE2	1	119659
23	4C01	3	25150
23	4C07	3	25150
23	4C08	3	25150
23	4C0A	3	25150
23	4C0B	3	25150
23	4C0C	3	25150
23	4C0E	3	25150
23	4C10	3	25150
23	4C13	3	25150
23	4C16	3	25150
23	4C1C	3	25151
23	4C1D	2	10354
23	4C23	2	10678
23	4C25	2	10678
23	4C28	2	10678
23	4C2A	2	10678
23	4C2D	2	10678
23	4C2F	2	10678
23	4C31	2	10678
23	4C33	2	10678
23	4C39	2	10984
23	4C3A	2	10984
23	4C3B	2	10984
23	4C3D	2	10984
23	4C3F	2	10984
23	4C41	2	10984
23	4C43	2	10984
23	4C44	2	10984
23	4C5D	2	10984
23	4C63	2	10984
23	4C65	2	10984
23	4C6B	2	10984
23	4C6D	2	10984
23	4C70	2	10984
23	4C73	2	10984
23	4C79	2	11027
23	4C7B	2	11027
23	4C7E	2	11027
23	4C84	2	11072
23	4C85	2	11072
23	4C86	2	11072
23	4C8C	2	11087
23	5FA2	7	10536
23	6699	7	10536
24	4018	3	169885
24	401A	3	169885
24	401C	3	169885
24	4022	3	169885
24	4023	3	169885
24	4025	3	169885
24	4026	3	169885
24	4028	3	169885
24	402A	3	169885
24	402C	3	169885
24	402E	3	169885
24	4031	3	169885
24	4033	3	169885
24	4036	3	169885
24	4037	3	169885
24	4039	3	169885
24	403B	3	169885
24	403C	3	169885
24	4042	3	169885
24	4044	3	169885
24	4046	3	169885
24	4048	3	169885
24	404B	3	169885
24	404D	3	169885
24	404F	3	169885
24	4050	3	169885
24	4053	3	169885
24	4055	3	169885
24	4057	3	169885
24	4059	3	169885
24	405C	3	169885
24	405D	3	169885
24	405F	3	169885
24	4061	3	169885
24	4063	3	169885
24	4064	3	169885
24	4067	3	169885
24	406A	3	169885
24	406D	3	169952
24	406E	3	169952
24	406F	3	169952
24	4071	3	169952
24	4072	3	169952
24	4074	3	169952
24	4076	3	169952
24	4079	3	169952
24	407C	3	169952
24	407D	3	169952
24	407F	3	169952
24	4080	3	169952
24	4081	3	169952
24	4083	919	169952
24	4084	919	169952
24	408A	919	169952
24	408D	919	169952
24	408F	919	169952
24	41D7	919	169952
24	41DA	919	169953
24	41E0	919	169953
24	41E1	919	169953
24	41E3	919	169953
24	41E5	919	169953
24	41E7	15	169960
24	41E8	15	169960
24	41E9	15	169960
24	41EB	15	169960
24	41EC	15	169960
24	41EE	15	169960
24	41F0	15	169960
24	41F3	15	169960
24	41F6	15	169960
24	41F7	15	169960
24	41F9	15	169960
24	41FA	15	169960
24	41FB	15	169960
24	41FC	15	169960
24	41FF	15	169960
24	4202	15	169961
24	4203	15	169961
24	4206	14	170392
24	4207	14	170392
24	4219	14	170392
24	421A	14	170392
24	421B	14	170392
24	421D	14	170392
24	421F	14	170392
24	4222	14	170393
24	4224	14	170393
24	4226	14	170393
24	4229	14	170398
24	422A	918	169953
24	422C	918	169953
24	422E	918	169953
24	4230	2	173164
24	4231	2	173164
24	4232	2	173164
24	4234	2	173164
24	4235	2	173164
24	4237	2	173164
24	4239	2	173164
24	423C	2	173164
24	423F	2	173164
24	4240	2	173164
24	4242	2	173164
24	4243	2	173164
24	4244	2	173164
24	424A	2	173164
24	424D	2	173165
24	424F	2	173165
24	4252	2	173165
24	4255	2	173165
24	4256	916	169953
24	4258	916	169953
24	425A	916	169953
24	425D	2	170500
24	425E	2	170500
24	425F	2	170500
24	4261	2	170500
24	4262	2	170500
24	4264	2	170500
24	4266	2	170500
24	4269	2	170500
24	426C	2	170500
24	426D	2	170500
24	426F	2	170500
24	4270	2	170500
24	4271	2	170500
24	4272	2	170500
24	4273	2	170500
24	4275	2	170500
24	4276	2	170500
24	4278	2	170500
24	427A	2	170500
24	427B	2	170500
24	427E	2	170510
24	4281	916	169953
24	4283	916	169953
24	4285	916	169953
24	4288	1	170680
24	4289	1	170680
24	428A	1	170680
24	428C	1	170680
24	428D	1	170680
24	428F	1	170680
24	4291	1	170680
24	4294	1	170680
24	4297	1	170680
24	4298	1	170680
24	429A	1	170680
24	429B	1	170680
24	429C	1	170680
24	429D	1	170680
24	429E	1	170680
24	42A0	1	170680
24	42A1	1	170680
24	42A3	1	170680
24	42A5	1	170680
24	42A6	1	170680
24	42A9	1	170691
24	42AC	916	169953
24	42F0	3	169885
24	42F1	3	169885
24	42F3	3	169885
24	42F5	3	169885
24	42F7	3	169885
24	42FA	3	169885
24	42FD	12288	169885
24	42FE	12288	169885
24	42FF	12288	169885
24	4300	12288	169885
24	4301	12288	169885
24	4302	12288	169885
24	4304	3	169886
24	4306	3	169886
24	4308	3	169886
24	430A	3	169886
24	430D	3	169886
24	4310	5760	169886
24	4311	5760	169886
24	4312	5760	169886
24	4313	5760	169886
24	4314	5760	169886
24	4315	5760	169886
24	4317	3	169887
24	431D	3	169887
24	4320	3	169887
24	4323	3	169887
24	4326	3	169887
24	4328	3	169887
24	432A	3	169887
24	432C	3	169887
24	4332	3	169888
24	4335	3	169888
24	4338	3	169888
24	433B	3	169888
24	433D	3	169888
24	433F	3	169888
24	4341	3	169888
24	4347	3	169889
24	434A	3	169889
24	434D	3	169889
24	4350	3	169889
24	4352	3	169889
24	4354	3	169889
24	4356	3	169889
24	435C	3	169890
24	435F	3	169890
24	4362	3	169890
24	4365	3	169890
24	4367	3	169890
24	4369	3	169890
24	436B	3	169890
24	4371	3	169891
24	4374	3	169891
24	4377	3	169891
24	437A	3	169891
24	437D	3	169891
24	437F	3	169891
24	4385	3	169891
24	4388	3	169892
24	438B	3	169892
24	438E	3	169892
24	4391	3	169892
24	4393	3	169892
24	4399	3	169892
24	439C	3	169893
24	439F	3	169893
24	43A2	3	169893
24	43A5	3	169893
24	43A7	3	169893
24	43AD	3	169893
24	43B0	3	169894
24	43B2	3	169894
24	43B4	3	169894
24	43B6	3	169894
24	43B9	3	169894
24	43BA	3	169894
24	43BC	3	169894
24	43D2	3	169894
24	43D4	3	169894
24	43D7	3	169895
24	43DA	3	169896
24	43DD	3	169916
24	43E0	3	169916
24	43E1	3	169916
24	43E2	3	169916
24	43E4	3	169916
24	43E7	3	169927
24	43EA	3	169927
24	43EC	3	169927
24	43EF	3	169927
24	43F2	3	169928
24	43F4	3	169928
24	43F6	3	169928
24	43F9	3	169933
24	43FC	3	169934
24	4402	3	169934
24	4405	3	169935
24	440B	3	169951
24	440C	3	169951
24	440E	3	169951
24	440F	3	169951
24	4411	3	169951
24	4413	3	169951
24	4415	3	169951
24	4417	3	169951
24	441A	3	169951
24	441C	3	169951
24	441F	3	169951
24	4420	3	169951
24	4422	3	169951
24	4424	3	169951
24	4425	3	169951
24	442B	3	169951
24	442D	3	169951
24	442F	3	169951
24	4430	3	169951
24	4432	3	169951
24	4434	3	169951
24	4436	3	169951
24	4438	3	169951
24	443B	3	169952
24	443E	3	169952
24	4444	3	169952
24	4445	3	169952
24	4448	3	169952
24	444A	3	169952
24	444B	3	169952
24	444D	3	169952
24	444F	3	169952
24	4451	3	169952
24	4452	3	169952
24	4453	6	169927
24	4454	6	169927
24	4457	6	169927
24	445A	6	169927
24	445B	6	169927
24	445C	6	169927
24	445D	6	169927
24	445F	6	169927
24	4461	6	169927
24	4463	6	169927
24	4464	6	169927
24	4466	6	169927
24	4468	6	169927
24	446B	6	169927
24	446D	6	169927
24	446F	6	169927
24	4472	6	169927
24	4473	6	169927
24	4476	6	169927
24	4479	6	169927
24	447B	6	169927
24	447D	6	169927
24	4483	6	169927
24	4486	6	169927
24	4489	6	169927
24	448B	6	169927
24	448D	6	169927
24	4493	6	169927
24	4496	6	169927
24	4499	6	169927
24	449B	6	169927
24	449D	6	169927
24	44A3	6	169927
24	44A6	6	169927
24	44A9	6	169927
24	44AB	6	169927
24	44AD	6	169927
24	44B3	6	169927
24	44B6	6	169927
24	44B9	6	169927
24	44BB	6	169927
24	44BD	6	169927
24	44C3	6	169927
24	44C6	6	169927
24	44C9	6	169927
24	44CB	6	169927
24	44CD	6	169927
24	44D3	6	169927
24	44D6	6	169927
24	44D7	6	169927
24	44D8	6	169927
24	44D9	6	169927
24	44DA	6	169927
24	44DB	6	169927
24	44DD	6	169927
24	44EF	6	169927
24	44F2	6	169927
24	44F3	6	169927
24	44F4	6	169927
24	44F5	6	169927
24	44F6	6	169927
24	44F7	6	169927
24	44F9	6	169927
24	450B	6	169927
24	450E	6	169927
24	450F	6	169927
24	4510	6	169927
24	4511	6	169927
24	4512	6	169927
24	4513	6	169927
24	4515	6	169927
24	4527	6	169927
24	452A	6	169927
24	452B	6	169927
24	452C	6	169927
24	452D	6	169927
24	452E	6	169927
24	452F	6	169927
24	4531	6	169927
24	4543	6	169927
24	4546	6	169927
24	4547	6	169927
24	4548	6	169927
24	4549	6	169927
24	454A	6	169927
24	454B	6	169927
24	454D	6	169927
24	455F	6	169927
24	4562	6	169927
24	4563	6	169927
24	4564	6	169927
24	4565	6	169927
24	4566	6	169927
24	4567	6	169927
24	4569	6	169927
24	457B	6	169927
24	457D	6	169927
24	4580	6	169927
24	4582	6	169927
24	4585	6	169927
24	4587	6	169927
24	458A	6	169927
24	458C	6	169927
24	458F	6	169927
24	4591	6	169927
24	4594	6	169927
24	4596	6	169927
24	4599	6	169927
24	459B	6	169927
24	459E	6	169927
24	45A1	6	169927
24	45A4	6	169927
24	45A7	6	169927
24	45AA	6	169927
24	45AD	6	169927
24	45AE	6	169927
24	45AF	6	169927
24	45B1	6	169927
24	45B4	6	169927
24	45B5	6	169927
24	45B6	6	169927
24	45B7	6	169927
24	45B8	6	169927
24	45BA	6	169927
24	45BC	6	169927
24	45BE	6	169927
24	45BF	6	169927
24	45C1	6	169927
24	45C3	6	169927
24	45C6	6	169927
24	45C8	6	169927
24	45CA	6	169927
24	45CD	6	169927
24	45CE	6	169927
24	45CF	6	169927
24	45D0	6	169927
24	45D2	4	169927
24	45D5	4	169927
24	45D6	4	169927
24	45D7	4	169927
24	45D8	4	169927
24	45D9	4	169927
24	45DA	4	169927
24	45DC	4	169927
24	45FB	4	169927
24	45FE	4	169927
24	4601	4	169927
24	4603	4	169927
24	4605	4	169927
24	460B	4	169927
24	460D	4	169927
24	4610	4	169927
24	4612	4	169927
24	4615	4	169927
24	4618	2	170510
24	4619	2	170510
24	461A	2	170510
24	4662	2	170510
24	4663	2	170510
24	4664	2	170510
24	46AC	2	170510
24	46AD	2	170510
24	46AE	2	170510
24	46F6	2	170510
24	46F7	2	170510
24	46F8	2	170510
24	4740	2	170510
24	4741	2	170510
24	4742	2	170510
24	4744	2	170510
24	4747	2	170510
24	4748	2	170510
24	4749	2	170510
24	474A	2	170510
24	474B	2	170510
24	474C	2	170510
24	474E	2	170510
24	476D	2	170510
24	4770	2	170510
24	4773	2	170510
24	4775	2	170510
24	4777	2	170510
24	477D	2	170510
24	477F	2	170510
24	4782	2	170510
24	4784	2	170510
24	4787	2	170510
24	478A	6	169927
24	478B	6	169927
24	478C	6	169927
24	478E	6	169927
24	4791	6	169927
24	4792	6	169927
24	4793	6	169927
24	4794	15	169960
24	4795	15	169960
24	4796	15	169960
24	4798	15	169960
24	479A	15	169960
24	479D	15	169960
24	479F	15	169960
24	47A1	15	169960
24	47A4	15	169960
24	47A5	15	169960
24	47A6	15	169960
24	47A8	15	169960
24	47AA	15	169960
24	47AD	15	169960
24	47AE	15	169960
24	47AF	15	169960
24	47B0	15	169960
24	47B1	15	169960
24	47B2	15	169960
24	47B3	15	169960
24	47B5	15	169960
24	47B7	15	169960
24	47B9	15	169960
24	47BB	15	169960
24	47BC	15	169960
24	47BD	15	169960
24	47BF	15	169960
24	47C2	15	169960
24	47C3	15	169960
24	47C5	15	169960
24	47C7	15	169960
24	47C9	15	169960
24	47CC	15	169960
24	47CD	15	169960
24	47CF	15	169960
24	47D3	15	169960
24	47D4	15	169960
24	47D5	15	169960
24	47D6	15	169960
24	47D7	15	169960
24	47FB	38	169915
24	47FC	38	169915
24	47FD	38	169915
24	47FE	38	169915
24	4800	38	169915
24	4802	133352	169915
24	4804	133352	169915
24	4806	133352	169915
24	4808	38	169916
24	480A	38	169916
24	480B	38	169916
24	480D	38	169916
24	480F	38	169916
24	4812	38	169916
24	4813	38	169916
24	4814	38	169916
24	4817	38	169916
24	4818	38	169916
24	4819	38	169916
24	481B	38	169916
24	481C	38	169916
24	481E	38	169916
24	4820	38	169916
24	4823	38	169916
24	4824	38	169916
24	4825	38	169916
24	4828	38	169916
24	4829	38	169916
24	482A	38	169916
24	482C	38	169916
24	482D	38	169916
24	482F	38	169916
24	4831	38	169916
24	4834	38	169916
24	4835	38	169916
24	4836	38	169916
24	4839	38	169916
24	483A	38	169916
24	483B	38	169916
24	483C	38	169916
24	483D	38	169916
24	483E	6	169916
24	483F	6	169916
24	4841	6	169916
24	4843	6	169916
24	4846	6	169916
24	4848	6	169916
24	484A	6	169916
24	484D	6	169916
24	484E	6	169916
24	484F	6	169916
24	4850	6	169916
24	4851	6	169916
24	4852	6	169916
24	4854	6	169916
24	4856	6	169916
24	4859	6	169916
24	485A	6	169916
24	485B	6	169916
24	485C	6	169916
24	485D	6	169916
24	485E	6	169916
24	485F	6	169916
24	4860	6	169916
24	4863	6	169916
24	4864	6	169916
24	4865	6	169916
24	4866	11	169916
24	4867	11	169916
24	4869	5	170680
24	486B	5	170680
24	486D	6	169916
24	486F	6	169916
24	4870	6	169916
24	4872	6	169916
24	4874	6	169916
24	4877	6	169917
24	4878	6	169917
24	4879	6	169917
24	487A	6	169917
24	487C	6	169917
24	487E	6	169917
24	4881	6	169917
24	4882	6	169917
24	4883	6	169917
24	4884	6	169917
24	4885	6	169917
24	4886	6	169917
24	4887	6	169917
24	4888	6	169917
24	4889	6	169917
24	488C	6	169917
24	488D	6	169917
24	488E	6	169917
24	488F	16	169917
24	4890	16	169917
24	4892	10	170501
24	4894	10	170501
24	4896	6	169917
24	4898	6	169917
24	4899	6	169917
24	489B	6	169917
24	489D	6	169917
24	48A0	6	169919
24	48A1	6	169919
24	48A2	6	169919
24	48A3	6	169919
24	48A5	6	169919
24	48A7	6	169919
24	48AA	6	169919
24	48AD	6	169919
24	48B0	6	169921
24	48B3	6	169926
24	48B4	6	169926
24	48B5	6	169926
24	48B6	6	169926
24	48B8	6	169926
24	48BB	6	169926
24	48BC	6	169926
24	48BD	6	169926
24	48BE	6	169926
24	48C0	6	169926
24	48C2	6	169926
24	48C5	6	169927
24	48C6	6	169927
24	48C7	3	169896
24	48C8	3	169896
24	48C9	3	169896
24	48CB	3	169896
24	48CD	3	169896
24	48D0	3	169896
24	48D2	3	169896
24	48D4	3	169896
24	48D7	3	169896
24	48D8	3	169896
24	48D9	3	169896
24	48DB	18	169896
24	48DC	18	169896
24	48DD	18	169896
24	48DE	18	169896
24	48DF	18	169896
24	48E0	18	169896
24	48E2	18	169896
24	48E4	18	169896
24	48E7	18	169896
24	48E8	18	169896
24	48E9	18	169896
24	48EA	18	169896
24	48EB	18	169896
24	48EC	18	169896
24	48ED	18	169896
24	48EE	18	169896
24	48F1	18	169896
24	48F2	18	169896
24	48F3	18	169896
24	48F4	63	169896
24	48F5	63	169896
24	48F7	45	169897
24	48F9	45	169897
24	48FB	18	169896
24	48FD	18	169896
24	48FE	18	169896
24	4900	18	169896
24	4902	18	169896
24	4905	18	169897
24	4906	18	169897
24	4907	18	169897
24	4908	18	169897
24	4909	18	169897
24	490A	18	169897
24	490C	3	169907
24	490F	3	169907
24	4910	3	169907
24	4911	3	169907
24	4912	3	169907
24	4913	3	169907
24	4914	3	169907
24	4915	3	169907
24	4918	3	169907
24	491A	3	169907
24	491C	3	169907
24	491F	3	169908
24	4920	3	169908
24	4921	3	169908
24	4922	3	169908
24	4924	3	169908
24	4926	3	169908
24	4928	3	169908
24	492A	3	169908
24	492C	3	169908
24	492F	3	169908
24	4932	3	169908
24	4935	3	169910
24	4938	3	169915
24	4939	3	169915
24	493A	3	169915
24	493B	3	169915
24	493D	3	169915
24	4940	3	169915
24	4941	3	169915
24	4942	3	169915
24	4943	3	169915
24	4945	3	169915
24	4947	3	169915
24	494A	3	169916
24	494B	3	169916
24	494C	42	169896
24	494E	42	169896
24	4951	42	169896
24	4953	42	169896
24	4955	42	169896
24	4957	42	169896
24	4958	42	169896
24	495A	42	169896
24	49CC	42	169896
24	49CD	42	169896
24	49CE	42	169896
24	49CF	42	169896
24	49D1	42	169896
24	49D4	42	169896
24	49DA	42	169896
24	49DB	42	169896
24	49DC	42	169896
24	49DD	882	169896
24	49E0	882	169896
24	49E2	882	169896
24	49E3	840	169896
24	49E4	840	169896
24	49E7	840	169896
24	49EA	840	169896
24	49EC	840	169896
24	49ED	840	169896
24	49EE	840	169896
24	49EF	840	169896
24	49F2	840	169896
24	49F8	840	169896
24	49F9	840	169896
24	49FA	840	169896
24	49FB	840	169896
24	49FD	840	169896
24	49FE	840	169896
24	49FF	840	169896
24	4A00	59	169910
24	4A02	59	169910
24	4A04	59	169910
24	4A06	59	169910
24	4A07	59	169910
24	4A09	59	169910
24	4A0C	59	169910
24	4A0F	59	169910
24	4A11	59	169910
24	4A14	59	169912
24	4A17	59	169912
24	4A19	59	169912
24	4A1B	59	169912
24	4A1D	59	169912
24	4A20	59	169912
24	4A23	59	169912
24	4A25	59	169912
24	4A28	59	169913
24	4A2B	59	169913
24	4A2D	59	169913
24	4A2F	59	169913
24	4A31	59	169913
24	4A34	59	169913
24	4A37	59	169913
24	4A39	59	169913
24	4A3C	59	169914
24	4A3F	59	169914
24	4A41	59	169914
24	4A43	59	169914
24	4A45	59	169914
24	4A48	59	169914
24	4A4B	59	169914
24	4A4D	59	169914
24	4A50	59	169915
24	4A53	59	169915
24	4A54	236	169910
24	4A55	236	169910
24	4A57	236	169910
24	4A58	236	169910
24	4A5A	236	169910
24	4A5B	236	169910
24	4A5D	236	169910
24	4A5E	236	169910
24	4A60	236	169910
24	4A63	667875	169910
24	4A64	667875	169910
24	4A66	667875	169910
24	4A68	236	169911
24	4A69	236	169911
24	4A6B	466201	169911
24	4A6C	466201	169911
24	4A6D	466201	169911
24	4A6F	236	169912
24	4A70	236	169912
24	4A72	236	169912
24	4A74	236	169912
24	4A75	236	169912
24	4A77	236	169912
24	4A78	236	169912
24	4A79	50	169928
24	4A7A	50	169928
24	4A7B	50	169928
24	4A7C	50	169928
24	4A7D	50	169928
24	4A7E	50	169928
24	4A7F	50	169928
24	4A81	50	169928
24	4A83	50	169928
24	4A86	50	169928
24	4A87	50	169928
24	4A88	50	169928
24	4A89	50	169928
24	4A8A	50	169928
24	4A8B	50	169928
24	4A8D	50	169928
24	4A8F	50	169928
24	4A91	50	169928
24	4A93	50	169928
24	4A96	50	169928
24	4A99	50	169928
24	4A9F	50	169928
24	4AA0	50	169928
24	4AA1	50	169928
24	4AA4	50	169928
24	4AA5	50	169928
24	4AA7	50	169928
24	4AA9	50	169928
24	4AAB	50	169928
24	4AAD	50	169928
24	4AB0	50	169928
24	4AB3	50	169928
24	4AB9	50	169928
24	4ABA	50	169928
24	4ABB	50	169928
24	4ABE	50	169928
24	4ABF	50	169928
24	4AC1	50	169928
24	4AC3	50	169928
24	4AC5	50	169928
24	4AC7	50	169928
24	4ACA	50	169928
24	4ACD	50	169928
24	4AD3	50	169928
24	4AD4	50	169928
24	4AD5	50	169928
24	4AD8	50	169928
24	4AD9	50	169928
24	4ADB	50	169928
24	4ADD	50	169928
24	4ADF	50	169928
24	4AE1	50	169928
24	4AE4	50	169928
24	4AE7	50	169928
24	4AED	50	169928
24	4AEE	50	169928
24	4AEF	50	169928
24	4AF2	50	169928
24	4AF3	50	169928
24	4AF5	50	169928
24	4AF7	50	169928
24	4AF9	50	169928
24	4AFB	50	169928
24	4AFE	50	169928
24	4B01	50	169928
24	4B07	50	169928
24	4B08	50	169928
24	4B0B	50	169933
24	4B0C	50	169933
24	4B0D	50	169933
24	4B0E	50	169933
24	4B0F	50	169933
24	4BCD	15	169961
24	4BD0	15	169966
24	4BD3	15	169966
24	4BD5	3141	169966
24	4BD6	3141	169966
24	4BDC	3141	169966
24	4BDF	3141	169966
24	4BE1	3141	169966
24	4D39	3141	169966
24	4D3C	3140	169967
24	4D42	3140	169967
24	4D43	3140	169967
24	4D45	3140	169967
24	4D48	3140	169967
24	4D4A	3140	169967
24	4D4C	3140	169967
24	4D4E	27	169996
24	4D4F	27	169996
24	4D51	27	169996
24	4D53	4	171292
24	4D56	4	171292
24	4D5C	4	171292
24	4D5E	23	169996
24	4D60	23	169996
24	4D62	7	170248
24	4D65	7	170248
24	4D6B	11	170248
24	4D6C	11	170248
24	4D6F	11	170248
24	4D70	11	170248
24	4D73	11	170248
24	4D74	11	170248
24	4D75	11	170248
24	4D77	11	170248
24	4D78	11	170248
24	4D7A	11	170248
24	4D7C	11	170248
24	4D7F	11	170248
24	4D82	11	170248
24	4D83	11	170248
24	4D85	11	170248
24	4D86	11	170248
24	4D87	11	170248
24	4D97	16	169996
24	4D9A	16	169996
24	4D9B	16	169996
24	4D9E	16	169996
24	4D9F	16	169996
24	4DA0	16	169996
24	4DA2	16	169996
24	4DA3	16	169996
24	4DA5	16	169996
24	4DA7	16	169996
24	4DAA	16	169996
24	4DAD	16	169996
24	4DAE	16	169996
24	4DB0	16	169996
24	4DB1	16	169996
24	4DB2	16	169996
24	4DB4	16	169996
24	4DBA	3113	169967
24	4DBC	3113	169967
24	4DBE	3113	169967
24	4DC0	14	170392
24	4DC1	14	170392
24	4DC2	14	170392
24	4DC4	14	170392
24	4DC5	14	170392
24	4DC7	14	170392
24	4DC9	14	170392
24	4DCC	14	170392
24	4DCF	14	170392
24	4DD0	14	170392
24	4DD2	14	170392
24	4DD3	14	170392
24	4DD4	14	170392
24	4DD7	14	170392
24	4DD8	14	170392
24	4DDE	14	170392
24	4DDF	14	170392
24	4DE0	14	170392
24	4DE1	3099	169967
24	4DE3	3099	169967
24	4DE5	3099	169967
24	4DE7	11	170140
24	4DE8	11	170140
24	4DE9	11	170140
24	4DEA	11	170140
24	4DEC	11	170140
24	4DED	11	170140
24	4DEF	11	170140
24	4DF1	11	170140
24	4DF4	11	170140
24	4DF7	11	170140
24	4DF8	11	170140
24	4DFA	11	170140
24	4DFB	11	170140
24	4DFC	11	170140
24	4DFD	11	170140
24	4DFE	11	170140
24	4DFF	11	170140
24	4E01	11	170140
24	4E02	11	170140
24	4E04	6	170140
24	4E06	11	170140
24	4E07	11	170140
24	4E0A	11	170141
24	4E0B	11	170141
24	4E0C	11	170141
24	4E0E	11	170141
24	4E11	11	170146
24	4E12	3099	169967
24	4E14	3099	169967
24	4E16	3099	169967
24	4E18	7	171184
24	4E19	7	171184
24	4E1A	7	171184
24	4E1B	7	171184
24	4E1D	7	171184
24	4E1E	7	171184
24	4E20	7	171184
24	4E22	7	171184
24	4E25	7	171184
24	4E28	7	171184
24	4E29	7	171184
24	4E2B	7	171184
24	4E2C	7	171184
24	4E2D	7	171184
24	4E2E	7	171184
24	4E2F	7	171184
24	4E30	7	171184
24	4E32	7	171184
24	4E33	7	171184
24	4E35	2	172372
24	4E37	7	171184
24	4E38	7	171184
24	4E3B	7	171185
24	4E3C	7	171185
24	4E3D	7	171185
24	4E3F	7	171185
24	4E42	7	171190
24	4E43	3099	169967
24	4E46	15	169961
24	4E47	15	169961
24	4E49	15	169961
24	4E4B	15	169961
24	4E4D	15	169961
24	4E50	15	169961
24	4E53	15	169961
24	4E55	15	169961
24	4E57	15	169961
24	4E5D	15	169961
24	4E5F	15	169961
24	4E62	15	169961
24	4E64	15	169961
24	4E67	15	169961
24	4E68	15	169961
24	4E69	15	169961
24	4E6A	15	169961
24	4E6C	15	169961
24	4E6F	15	169966
24	4E70	15	169966
24	4E71	14	170392
24	4E73	14	170392
24	4E75	14	170392
24	4E77	14	170392
24	4E78	14	170392
24	4E7A	14	170392
24	4E7D	14	170392
24	4E83	14	170392
24	4E84	14	170392
24	4E85	18	170140
24	4E86	18	170140
24	4E88	18	170140
24	4E8A	18	170140
24	4E8C	18	170140
24	4E8E	18	170140
24	4E8F	18	170140
24	4E91	4	172264
24	4E94	4	172264
24	4E97	4	172264
24	4E99	4	172264
24	4E9B	4	172264
24	4EA1	4	172264
24	4EA3	4	172264
24	4EA6	4	172264
24	4EA8	4	172264
24	4EAB	4	172264
24	4EAC	4	172264
24	4EAD	14	170140
24	4EAF	14	170140
24	4EB0	14	170140
24	4EB2	6	170356
24	4EB5	6	170356
24	4EB8	6	170356
24	4EBA	6	170356
24	4EBC	6	170356
24	4EC2	6	170356
24	4EC4	6	170356
24	4EC7	6	170356
24	4EC9	6	170356
24	4ECC	6	170356
24	4ECD	6	170356
24	4ECE	8	170140
24	4ED0	8	170140
24	4ED1	8	170140
24	4ED3	8	170140
24	4ED6	8	170140
24	4ED9	8	170140
24	4EDB	8	170140
24	4EDD	8	170140
24	4EE3	8	170140
24	4EE5	8	170140
24	4EE8	8	170140
24	4EEA	8	170140
24	4EED	8	170140
24	4EEE	8	170140
24	4EF1	18	170140
24	4EF2	18	170140
24	4EF4	18	170140
24	4EF5	18	170140
24	4EF8	18	170140
24	4EF9	18	170140
24	4EFF	18	170140
24	4F02	18	170141
24	4F03	18	170141
24	4F14	4	171292
24	4F16	4	171292
24	4F18	4	171292
24	4F1A	4	171292
24	4F1D	4	171292
24	4F1E	4	171292
24	4F20	4	171292
24	5164	16	169996
24	5165	16	169996
24	5167	16	169996
24	5169	16	169996
24	516B	16	169996
24	516E	16	169996
24	516F	16	169996
24	5171	16	169996
24	5173	16	169996
24	5174	16	169996
24	5176	16	169996
24	5178	16	169996
24	517B	16	169996
24	517D	16	169996
24	517F	16	169996
24	5182	16	169996
24	5183	16	169996
24	5185	16	169996
24	5187	16	169996
24	5188	16	169996
24	518A	16	169996
24	518D	16	169996
24	518E	16	169996
24	518F	16	169996
24	5190	16	169996
24	5191	16	169996
24	5192	16	169996
24	5195	16	169996
24	5196	16	169996
24	5197	16	169996
24	5198	16	169996
24	5199	16	169996
24	519A	16	169996
24	519B	16	169996
24	519C	16	169996
24	519D	16	169996
24	519E	16	169996
24	51A0	16	169996
24	51A3	16	169996
24	51A4	16	169996
24	51A5	16	169996
24	51A7	16	169996
24	51CB	7	170248
24	51CC	7	170248
24	51CE	7	170248
24	51D0	7	170248
24	51D3	7	170248
24	51D5	7	170248
24	51D7	7	170248
24	51DA	7	170248
24	51DB	7	170248
24	51DC	7	170248
24	51DE	7	170248
24	51E0	7	170248
24	51E3	7	170248
24	51E4	7	170248
24	51E5	7	170248
24	51E6	7	170248
24	51E7	7	170248
24	51E8	7	170248
24	51E9	7	170248
24	51EA	7	170248
24	51EB	7	170248
24	51EC	7	170248
24	51EE	7	170248
24	51F1	7	170248
24	51F2	7	170248
24	51F4	7	170248
24	53FD	15	169966
25	4A90	42	7259
25	4A92	42	7259
25	4A94	42	7259
25	4A97	42	7259
25	4A99	42	7259
25	4A9B	42	7259
25	4A9E	42	7259
25	4AA0	42	7259
25	4AA3	42	7259
25	4AA5	42	7259
25	4AA6	42	7259
25	4AA7	42	7259
25	4AAA	42	7259
25	4AAC	42	7259
25	4AAD	42	7259
25	4AAE	42	7259
25	4AB1	42	7259
25	4AB3	42	7259
25	4AB4	42	7259
25	4AB5	42	7259
25	4AB8	42	7259
25	4ABA	42	7259
25	538A	122	727
25	538B	122	727
25	538D	122	727
25	538E	122	727
25	5390	122	727
25	5391	122	727
25	5393	122	727
25	5394	122	727
25	5396	122	727
25	5399	411849	727
25	539A	411849	727
25	539C	411849	727
25	539E	122	727
25	53A0	4571	727
25	53A1	4571	727
25	53A2	4571	727
25	53A4	122	728
25	53A5	122	728
25	53A7	122	728
25	53A9	122	728
26	5343	55	10382
26	58DC	55	10382
26	58DD	55	10382
26	58DE	55	10382
26	58DF	55	10382
26	58E0	55	10382
26	58E3	55	10382
26	58E4	55	10382
26	58E6	55	10382
26	58E8	55	10382
26	58E9	55	10382
26	58EB	55	10382
26	58ED	55	10382
26	58EF	55	10382
26	58F2	55	10382
26	58F3	55	10382
26	58F5	55	10382
26	58F7	55	10382
26	58F9	55	10382
26	58FC	55	10382
26	58FD	55	10382
26	58FF	53	10384
26	5900	53	10384
26	5902	53	10384
26	5904	53	10384
26	5905	53	10384
26	5906	53	10384
26	5907	53	10384
26	5908	53	10384
26	5909	2	10382
26	590A	2	10382
26	590D	2	10382
26	5910	2	10382
26	5913	2	10382
26	5915	2	10382
26	5917	2	10382
26	5919	2	10382
26	591F	2	10383
26	5922	2	10383
26	5924	2	10383
26	5968	2	10383
26	596B	2	10383
26	596C	2	10383
26	596E	2	10383
26	5971	2	10383
26	5977	2	10383
26	5979	2	10383
26	597B	2	10383
26	597D	2	10383
26	597E	2	10383
26	5980	2	10383
26	5983	2	10383
26	5984	2	10383
26	5986	2	10383
26	5989	2	10383
26	598C	2	10383
26	598D	2	10383
26	598F	2	10383
26	5992	2	10383
26	5998	2	10383
26	599A	2	10383
26	599C	2	10383
26	599E	2	10383
26	599F	2	10383
26	59A1	2	10383
26	59A4	2	10383
26	59A5	2	10383
26	59A7	2	10383
26	59AA	2	10383
26	59AB	2	10383
26	59AD	2	10383
26	59B0	2	10384
26	59B1	2	10384
26	59B2	2	10384
26	59B3	2	10384
26	59B4	2	10384
26	59B5	2	10384
27	4000	31	7259
27	4002	31	7259
27	4005	31	7259
27	4006	31	7259
27	4009	31	7259
27	400B	31	7259
27	400D	31	7259
27	400F	31	7259
27	4012	31	7259
27	4015	31	7259
27	4017	217	7259
27	4018	217	7259
27	4019	217	7259
27	401A	217	7259
27	401B	217	7259
27	401D	31	7259
27	4023	31	7259
27	4025	31	7259
27	4026	31	7259
27	4029	31	7259
27	402A	31	7259
27	402D	31	7259
27	402F	31	7259
27	4032	31	7259
27	4038	26	7478
27	4039	26	7478
27	403A	11	7742
27	4040	11	7742
27	4042	11	7742
27	4044	11	7742
27	4046	11	7742
27	4049	11	7742
27	404A	11	7742
27	404B	11	7742
27	404D	11	7742
27	404E	11	7742
27	404F	11	7742
27	4050	11	7742
27	4051	11	7742
27	4052	11	7742
27	4053	11	7742
27	4054	11	7742
27	4055	11	7742
27	4056	11	7742
27	4057	11	7742
27	4058	11	7742
27	405A	11	7742
27	405B	11	7742
27	405C	11	7742
27	405D	11	7742
27	405E	11	7742
27	405F	11	7742
27	4065	11	7742
27	4067	11	7742
27	4069	11	7742
27	406F	11	8539
27	4071	11	8539
27	4073	11	8539
27	4075	11	8539
27	40BB	11	8539
27	40C1	11	8539
27	40C2	11	8539
27	40C4	11	8539
27	40C5	11	8539
27	40C6	11	8539
27	40C8	11	8539
27	40CA	11	8539
27	40CD	11	8539
27	40D0	11	8539
27	40D6	11	8540
27	41BC	53	7259
27	41BE	53	7259
27	41C0	53	7259
27	41C3	53	7259
27	41C5	53	7259
27	41C7	53	7259
27	41CA	53	7259
27	41CD	53	7259
27	41CE	53	7259
27	41D0	53	7259
27	41DB	53	7259
27	41DC	53	7259
27	41DE	53	7259
27	41E1	53	7259
27	41E2	53	7259
27	41E3	16	7742
27	41E5	16	7742
27	41E6	16	7742
27	41E7	16	7742
27	41E9	16	7742
27	41EB	11	7742
27	41EC	11	7742
27	41EF	11	7742
27	41F1	5	9898
27	41F3	5	9898
27	41FC	5	9898
27	41FE	5	9898
27	4201	16	7742
27	4202	16	7742
27	4205	16	7761
27	4206	16	7761
27	4208	16	7761
27	4209	16	7761
27	420B	16	7761
27	420D	16	7761
27	4210	16	7761
27	4213	16	7761
27	4214	16	7761
27	4216	16	7761
27	4217	16	7761
27	4219	16	7761
27	421B	16	7761
27	421D	16	7761
27	421F	16	7761
27	4222	16	7761
27	4225	144	7761
27	4226	144	7761
27	4227	144	7761
27	4228	144	7761
27	4229	144	7761
27	422B	16	7761
27	422E	16	7761
27	4231	16	7761
27	4233	16	7761
27	4235	16	7761
27	423B	16	7761
27	423E	16	7761
27	4241	16	7761
27	4244	16	7761
27	4247	16	7761
27	424A	16	7761
27	424C	16	7761
27	424E	16	7761
27	4254	16	7761
27	4257	16	7761
27	425A	16	7761
27	425D	16	7761
27	4260	16	7761
27	4262	16	7761
27	4264	11	7761
27	4267	11	7761
27	4268	11	7761
27	427C	11	7761
27	427F	11	7761
27	4282	11	7761
27	4284	11	7761
27	4286	11	7761
27	428C	11	7761
27	428F	11	7761
27	4292	11	7761
27	4295	11	7761
27	4297	5	9917
27	4299	5	9917
27	42B6	5	9917
27	42B9	5	9917
27	42BC	5	9917
27	42BE	5	9917
27	42C0	5	9917
27	42C6	5	9917
27	42C9	5	9917
27	42CC	5	9917
27	42CF	16	7761
27	42D5	16	7761
27	42DB	16	7761
27	42E1	16	7761
27	42E2	16	7761
27	42E5	16	7761
27	42E8	16	7761
27	42E9	16	7761
27	42EA	16	7761
27	42ED	16	7761
27	42EE	16	7761
27	42EF	16	7761
27	42F0	16	7761
27	42F1	16	7761
27	42F3	16	7761
27	42F6	16	7761
27	42F7	16	7761
27	42FA	16	7761
27	42FD	16	7761
27	4303	16	7761
27	4305	1555	7761
27	4307	1555	7761
27	4309	1555	7761
27	430B	1555	7761
27	430C	1555	7761
27	430F	1555	7761
27	4310	1555	7761
27	4313	1555	7761
27	4316	1555	7761
27	4317	1555	7761
27	431A	1555	7761
27	431B	1555	7761
27	4321	1555	7761
27	4322	1555	7761
27	4325	1555	7762
27	432B	1555	7762
27	432C	1555	7762
27	432E	1555	7762
27	4330	1555	7762
27	4332	8	22684
27	4334	1555	7762
27	4337	1555	7762
27	433A	1554	7762
27	433D	1554	7762
27	433F	1554	7762
27	4341	1101	7864
27	4342	1101	7864
27	4344	1101	7864
27	4347	1088	7864
27	4348	1088	7864
27	4349	1088	7864
27	434F	1088	7864
27	4350	1088	7864
27	4353	1088	7865
27	4355	1088	7865
27	4356	1088	7865
27	4358	1088	7865
27	435A	1088	7865
27	435B	1088	7865
27	435D	1088	7865
27	435F	1088	7865
27	4362	1088	7865
27	4363	1088	7865
27	4365	1088	7865
27	436B	1088	7865
27	436C	1088	7865
27	436E	1088	7865
27	4370	1088	7865
27	4372	7	7976
27	4374	1088	7865
27	4377	1088	7865
27	437A	1088	7865
27	437B	1088	7865
27	4381	1088	7865
27	4382	1088	7865
27	4384	1088	7865
27	4386	2	10225
27	4388	2	10225
27	4393	2	10225
27	4394	2	10225
27	4396	2	10225
27	4398	2	10225
27	439B	2	10225
27	43A1	2	10225
27	43A2	2	10225
27	43A3	2	10225
27	43A9	2	10225
27	43AC	2	10225
27	43B2	2	10225
27	43B3	68	10225
27	43B4	68	10225
27	43B6	68	10225
27	43B9	68	10225
27	43BA	68	10225
27	43BB	68	10225
27	43C1	68	10225
27	43C2	68	10225
27	43C5	68	10226
27	43C7	68	10226
27	43C8	68	10226
27	43CA	68	10226
27	43CC	68	10226
27	43CD	68	10226
27	43CF	68	10226
27	43D1	68	10226
27	43D4	68	10226
27	43D5	68	10226
27	43D7	68	10226
27	43DD	68	10226
27	43DE	68	10226
27	43E0	68	10226
27	43E2	68	10226
27	43E6	68	10226
27	43E7	68	10226
27	43ED	68	10226
27	43EE	68	10226
27	43F0	68	10226
27	43F2	2	10259
27	43F4	2	10259
27	43FF	2	10259
27	4401	2	10259
27	4404	2	10259
27	4405	2	10259
27	4406	2	10259
27	4408	2	10259
27	4409	2	10259
27	440B	2	10259
27	440D	2	10259
27	4410	2	10259
27	4413	2	10259
27	4414	2	10259
27	4416	2	10259
27	4417	2	10259
27	4418	2	10259
27	441B	2	10259
27	441E	2	10259
27	4421	2	10259
27	4423	2	10259
27	4429	2	10259
27	442B	2	10259
27	4431	2	10260
27	4434	2	10260
27	4437	2	10260
27	4439	2	10260
27	443B	2	10260
27	4441	2	10260
27	4444	2	10260
27	4447	2	10260
27	444A	2	10260
27	444C	60	10260
27	444D	60	10260
27	444E	60	10260
27	4454	60	10260
27	4455	60	10260
27	4458	60	10260
27	445A	60	10260
27	445B	60	10260
27	445D	60	10260
27	445F	60	10260
27	4460	60	10260
27	4462	60	10260
27	4464	60	10260
27	4467	60	10260
27	4468	60	10260
27	446A	60	10260
27	446B	60	10260
27	446C	60	10260
27	446E	2	10289
27	4471	2	10289
27	4474	2	10289
27	4477	2	10289
27	4478	2	10289
27	4479	2	10289
27	447B	2	10289
27	447C	2	10289
27	447E	2	10289
27	4480	2	10289
27	4483	2	10289
27	4486	2	10289
27	4487	2	10289
27	4489	2	10289
27	448A	2	10289
27	448B	96	10289
27	448E	96	10289
27	4491	96	10289
27	4493	96	10289
27	4495	96	10289
27	4497	96	10289
27	4498	96	10289
27	449B	96	10289
27	449C	96	10289
27	449D	96	10289
27	44A0	96	10289
27	44A3	96	10289
27	44A4	96	10289
27	44A5	96	10289
27	44A8	96	10289
27	44A9	96	10289
27	44AF	96	10289
27	44B0	96	10289
27	44B3	96	10290
27	44B5	96	10290
27	44B6	96	10290
27	44B8	96	10290
27	44BA	96	10290
27	44BB	96	10290
27	44BD	96	10290
27	44BF	96	10290
27	44C2	96	10290
27	44C3	96	10290
27	44C5	96	10290
27	44CB	96	10290
27	44CC	96	10290
27	44CF	96	10290
27	44D1	96	10290
27	44D3	2	10338
27	44D9	2	10354
27	44DB	2	10354
27	44DD	2	10354
27	44DF	2	10354
27	44E0	2	10354
27	44E1	13	7976
27	44E4	13	7977
27	44E7	13	7977
27	44EA	13	7977
27	44ED	13	7977
27	44EF	13	7977
27	44F5	13	7977
27	44F7	13	7977
27	44FD	13	7979
27	44FE	13	7979
27	44FF	13	7979
27	4501	13	7979
27	4502	13	7979
27	4504	13	7979
27	4506	13	7979
27	4509	13	7979
27	450C	13	7979
27	450D	13	7979
27	450F	13	7979
27	4510	13	7979
27	4511	13	7979
27	4514	13	7979
27	4517	13	7979
27	4519	13	7979
27	451B	13	7979
27	4521	13	7979
27	4524	13	7979
27	4527	13	7979
27	452A	13	7979
27	452C	780	7979
27	452D	780	7979
27	452E	780	7979
27	4534	780	7979
27	4535	780	7979
27	4538	780	7979
27	4539	780	7979
27	453A	780	7979
27	453C	13	8038
27	4542	13	8038
27	4548	13	8038
27	454B	13	8038
27	454E	13	8038
27	4551	13	8038
27	4554	13	8038
27	4557	13	8038
27	4559	13	8038
27	455B	13	8038
27	4561	13	8038
27	4564	13	8038
27	4567	13	8038
27	456A	13	8038
27	456D	13	8038
27	456F	13	8038
27	4571	11	8038
27	4574	11	8038
27	4575	11	8038
27	4589	11	8038
27	458C	11	8038
27	458F	11	8038
27	4591	11	8038
27	4593	11	8038
27	4599	11	8038
27	459C	11	8038
27	459F	11	8038
27	45A2	11	8038
27	45A4	2	24650
27	45A6	2	24650
27	45C3	2	24650
27	45C6	2	24650
27	45C9	2	24650
27	45CB	2	24650
27	45CD	2	24650
27	45D3	2	24650
27	45D6	2	24650
27	45D9	2	24650
27	45DC	696	8038
27	45DD	696	8038
27	45DE	696	8038
27	45E4	696	8038
27	45E5	696	8038
27	45E8	696	8039
27	45EA	696	8039
27	45EB	696	8039
27	45ED	696	8039
27	45EF	696	8039
27	45F0	696	8039
27	45F2	696	8039
27	45F4	696	8039
27	45F7	696	8039
27	45F8	696	8039
27	45FA	696	8039
27	4600	696	8039
27	4601	696	8039
27	4607	696	8039
27	4609	696	8039
27	460B	13	8268
27	460C	13	8268
27	460D	13	8268
27	460F	13	8268
27	4610	13	8268
27	4612	13	8268
27	4614	13	8268
27	4617	13	8268
27	461A	13	8268
27	461B	13	8268
27	461D	13	8268
27	461E	13	8268
27	461F	13	8268
27	4622	13	8268
27	4625	13	8268
27	4628	13	8268
27	462B	13	8268
27	462E	13	8268
27	4631	13	8268
27	4633	13	8268
27	4639	13	8268
27	463B	13	8268
27	4641	1755	8269
27	4643	1755	8269
27	4645	1755	8269
27	4647	1755	8269
27	4648	1755	8269
27	464B	1755	8269
27	464C	1755	8269
27	464F	1755	8269
27	4652	1755	8269
27	4653	1755	8269
27	4656	1755	8269
27	4657	1755	8269
27	465D	1755	8269
27	465E	1755	8269
27	4661	1755	8270
27	4663	1755	8270
27	4664	1755	8270
27	4666	1755	8270
27	4668	1755	8270
27	4669	1755	8270
27	466B	1755	8270
27	466D	1755	8270
27	4670	1755	8270
27	4671	1755	8270
27	4673	1755	8270
27	4679	1755	8270
27	467A	1755	8270
27	467D	1755	8270
27	467F	1755	8270
27	4681	13	8404
27	4687	13	8419
27	4689	13	8419
27	468B	13	8419
27	468D	13	8419
27	468F	13	8419
27	4691	13	8419
27	4693	1560	8419
27	4694	1560	8419
27	4697	1560	8420
27	4698	1560	8420
27	4699	1560	8420
27	469B	13	8539
27	469D	13	8539
27	469F	13	8539
27	46E5	1	119562
27	46E8	1	119562
27	46EB	1	119562
27	46EE	1	119562
27	46F1	1	119562
27	46F4	1	119562
27	46F7	1	119562
27	46F9	1	119562
27	46FB	1	119562
27	46FD	1	119562
27	46FE	1	119562
27	4700	1	119562
27	4702	1	119562
27	4705	1	119563
27	470B	1	119578
27	4711	1	119578
27	4714	1	119578
27	471A	1	119578
27	4720	1	119578
27	4722	1	119578
27	4724	1	119578
27	472A	1	119578
27	4730	1	119578
27	4732	1	119578
27	4734	1	119578
27	4736	1	119578
27	4738	1	119578
27	473A	1	119578
27	473C	1	119578
27	473E	1	119578
27	4744	1	119659
27	4746	1	119659
27	4747	2739	7762
27	474A	2739	7762
27	474C	2739	7762
27	474E	2738	7762
27	474F	2738	7762
27	4750	2738	7762
27	4751	1	119561
27	4752	1	119561
27	4753	1	119561
27	4754	1	119561
27	4756	1	119561
27	4758	1	119561
27	475B	1	119562
27	4761	1	119562
27	4762	1	119562
27	4763	1	119562
27	4764	1	119562
27	4766	1	119562
27	4767	1	119562
27	4768	2	10678
27	476A	2	10678
27	476B	2	10678
27	476C	2	10678
27	476E	2	10678
27	4776	2	10678
27	4778	2	10678
27	4781	2	10678
27	4783	2	10678
27	4786	2	10678
27	4787	2	10678
27	478A	2	10698
27	478B	2	10698
27	478D	2	10698
27	478E	2	10698
27	4790	2	10698
27	4792	2	10698
27	4795	2	10698
27	4798	2	10698
27	4799	2	10698
27	479B	2	10698
27	479C	2	10698
27	479F	2	10698
27	47A2	2	10698
27	47A5	2	10698
27	47A7	2	10698
27	47AD	2	10698
27	47AF	2	10698
27	47B5	2	10700
27	47B8	2	10700
27	47BB	2	10700
27	47BD	2	10700
27	47BF	2	10700
27	47C5	2	10700
27	47C8	2	10700
27	47CB	2	10700
27	47CE	2	10700
27	47D1	2	10700
27	47D4	2	10700
27	47D6	2	10700
27	47D8	2	10700
27	47DE	2	10700
27	47E1	2	10700
27	47E4	2	10700
27	47E7	2	10700
27	47EA	2	10700
27	47EC	2	10700
27	4831	2	10700
27	4833	2	10700
27	4850	2	10700
27	4853	2	10700
27	4856	2	10700
27	4858	2	10700
27	485A	2	10700
27	4860	2	10700
27	4863	2	10700
27	4866	2	10700
27	4869	2	10700
27	486F	2	10700
27	4872	2	10700
27	4878	2	10700
27	487A	2	10700
27	487C	2	10700
27	487E	2	10700
27	4880	2	10700
27	4881	2	10700
27	4884	2	10700
27	4885	2	10700
27	4888	2	10700
27	488B	2	10700
27	488C	2	10700
27	488F	2	10700
27	4890	2	10700
27	4896	2	10700
27	4897	2	10700
27	489A	2	10700
27	489B	2	10700
27	489E	2	10700
27	48A0	2	10700
27	48A2	2	10700
27	48A5	296	10700
27	48A6	296	10700
27	48A7	296	10700
27	48A8	296	10700
27	48AE	296	10700
27	48AF	296	10700
27	48B2	296	10701
27	48B4	296	10701
27	48B5	296	10701
27	48B7	296	10701
27	48B9	296	10701
27	48BA	296	10701
27	48BC	296	10701
27	48BE	296	10701
27	48C1	296	10701
27	48C2	296	10701
27	48C4	296	10701
27	48CA	296	10701
27	48CB	296	10701
27	48CC	296	10701
27	48CD	296	10701
27	48CE	296	10701
27	48CF	296	10701
27	48D0	296	10701
27	48D6	296	10701
27	48D7	296	10701
27	48D9	296	10701
27	48DB	2	10848
27	48DE	2	10848
27	48E0	2	10848
27	48E2	2	10848
27	48E4	2	10848
27	48EA	2	10848
27	48F0	2	10848
27	48F6	2	10848
27	48F7	2	10848
27	48F8	2	10848
27	48F9	2	10848
27	48FF	2	10848
27	4900	2	10848
27	4903	2	10849
27	4905	2	10849
27	4906	2	10849
27	4908	2	10849
27	490A	2	10849
27	490B	2	10849
27	490D	2	10849
27	490F	2	10849
27	4912	2	10849
27	4913	2	10849
27	4915	2	10849
27	491B	2	10849
27	4921	2	10849
27	4922	2	10849
27	4923	2	10849
27	4925	2	10849
27	4928	2	10849
27	4929	2	10849
27	492A	2	10849
27	492C	2	10849
27	492D	2	10849
27	492F	2	10849
27	4931	2	10849
27	4934	2	10849
27	4937	2	10849
27	4938	2	10849
27	493A	2	10849
27	493B	2	10849
27	493C	2	10849
27	493F	2	10849
27	4942	2	10849
27	4945	2	10849
27	4948	2	10849
27	494B	2	10849
27	494E	2	10849
27	4950	2	10849
27	4956	2	10849
27	4958	2	10849
27	495E	238	10850
27	4960	238	10850
27	4962	238	10850
27	4964	238	10850
27	4965	238	10850
27	4968	238	10850
27	4969	238	10850
27	496C	238	10850
27	496F	238	10850
27	4970	238	10850
27	4973	238	10850
27	4974	238	10850
27	497A	238	10850
27	497B	238	10850
27	497E	238	10851
27	4980	238	10851
27	4981	238	10851
27	4983	238	10851
27	4985	238	10851
27	4986	238	10851
27	4988	238	10851
27	498A	238	10851
27	498D	238	10851
27	498E	238	10851
27	4990	238	10851
27	4996	238	10851
27	4997	238	10851
27	499A	238	10851
27	499C	238	10851
27	499E	2	10969
27	49A4	2	10984
27	49A6	2	10984
27	49A8	2	10984
27	49AA	2	10984
27	49AC	2	10984
27	49AE	2	10984
27	49AF	2	10984
27	4B95	18	7742
27	4B96	18	7742
27	4B97	18	7742
27	4B9D	18	7742
27	4BA3	18	7742
27	4BA9	18	7743
27	4BAA	18	7743
27	4BAB	18	7743
27	4BAC	18	7743
27	4BAD	18	7743
27	4BB0	18	7743
27	4BB3	18	7743
27	4BB6	18	7743
27	4BB8	18	7743
27	4BBE	18	7743
27	4BC1	18	7743
27	4BC4	18	7743
27	4BC7	18	7743
27	4BC9	18	7743
27	4BCF	18	7743
27	4BD2	18	7743
27	4BD5	18	7743
27	4BD7	18	7743
27	4BD9	18	7743
27	4BDB	18	7743
27	4BE1	18	7743
27	4BE4	18	7743
27	4BE7	18	7743
27	4BE9	18	7743
27	4BEB	18	7743
27	4BED	18	7743
27	4BF3	18	7743
27	4BF6	18	7743
27	4BF9	18	7743
27	4BFB	18	7743
27	4BFD	18	7743
27	4BFF	18	7743
27	4C05	18	7743
27	4C08	18	7743
27	4C0B	18	7743
27	4C0D	18	7743
27	4C0F	18	7743
27	4C11	18	7743
27	4C17	18	7743
27	4C1A	18	7743
27	4C1D	18	7743
27	4C1F	18	7743
27	4C21	18	7743
27	4C23	18	7743
27	4C29	18	7743
27	4C2C	18	7743
27	4C2F	18	7743
27	4C31	18	7743
27	4C33	18	7743
27	4C35	18	7743
27	4C3B	18	7743
27	4C3E	18	7743
27	4C41	18	7743
27	4C43	18	7743
27	4C45	18	7743
27	4C47	18	7743
27	4C4D	18	7743
27	4C50	18	7743
27	4C53	18	7743
27	4C55	18	7743
27	4C57	18	7743
27	4C59	18	7743
27	4C5F	18	7743
27	4C62	18	7743
27	4C65	18	7743
27	4C67	18	7743
27	4C69	18	7743
27	4C6B	18	7743
27	4C71	18	7743
27	4C74	18	7743
27	4C77	18	7743
27	4C7A	18	7743
27	4C7C	18	7743
27	4C82	18	7743
27	4C85	18	7743
27	4C88	18	7743
27	4C8B	18	7743
27	4C8D	18	7743
27	4C93	18	7743
27	4C95	18	7743
27	4C98	18	7743
27	4C99	18	7743
27	4C9A	18	7743
27	4C9C	16	7743
27	4C9F	16	7743
27	4CA2	16	7743
27	4CA5	16	7743
27	4CA7	16	7743
27	4CAD	16	7743
27	4CAF	2	10679
27	4CB2	2	10679
27	4CB5	2	10679
27	4CB8	2	10679
27	4CBA	2	10679
27	4CC0	18	7743
27	4CC2	18	7743
27	4CC8	18	7743
27	4CCB	18	7743
27	4CCE	18	7743
27	4CD0	18	7743
27	4CD2	18	7743
27	4CD8	18	7743
27	4CDB	18	7743
27	4CDE	18	7743
27	4CE1	18	7743
27	4CE4	18	7743
27	4CE7	18	7743
27	4CE9	18	7743
27	4CEB	18	7743
27	4CF1	18	7743
27	4CF4	18	7743
27	4CF7	18	7743
27	4CFA	18	7743
27	4CFB	18	7743
27	4D01	18	7744
27	4D02	18	7744
27	4D03	18	7744
27	4D31	18	7744
27	4D33	18	7744
27	4D35	18	7744
27	4D3B	18	7744
27	4D3D	18	7744
27	4D3F	18	7744
27	4D41	18	7744
27	4D44	18	7745
27	4D4A	18	7761
27	4D4D	18	7761
28	4000	18	36899
28	4006	18	36899
28	4009	906	36940
28	400A	906	36940
28	4010	906	36940
28	4013	906	36941
28	4019	906	36941
28	401A	906	36941
28	401C	906	36941
28	401E	906	36941
28	4020	18	36948
28	4022	18	36948
28	4023	18	36948
28	4025	18	36948
28	4027	18	36948
28	402A	18	36948
28	402D	18	36948
28	402E	18	36948
28	4030	29233	36948
28	4032	29233	36948
28	4034	29233	36948
28	4036	1332	36948
28	4038	1332	36948
28	403A	18	36948
28	4040	18	36948
28	4043	18	36949
28	4049	18	36964
28	404B	18	36964
28	404C	888	36941
28	404E	18	36899
28	4054	18	36899
28	405A	18	36899
28	405D	18	36899
28	4060	18	36899
28	4063	18	36899
28	4065	18	36899
28	406B	18	36899
28	406E	18	36899
28	4071	18	36899
28	4074	18	36899
28	4076	18	36899
28	407C	18	36899
28	407F	18	36899
28	4082	18	36899
28	4084	18	36899
28	4086	18	36899
28	4088	18	36899
28	408E	18	36900
28	4091	18	36900
28	4094	18	36900
28	4096	18	36900
28	4098	18	36900
28	409A	18	36900
28	40A0	18	36900
28	40A3	18	36900
28	40A6	18	36900
28	40A9	18	36900
28	40AB	18	36900
28	40B1	18	36900
28	40B3	18	36900
28	40B6	18	36901
28	40B9	18	36901
28	40BC	18	36901
28	40BE	18	36901
28	40C0	18	36901
28	40C6	18	36901
28	40C9	18	36901
28	40CC	18	36901
28	40CF	18	36901
28	40D1	18	36901
28	40D7	18	36901
28	40D9	18	36901
28	40DB	18	36901
28	40DE	18	36901
28	40E4	18	36903
28	40E6	18	36903
28	40EC	18	36903
28	40EE	18	36903
28	40F0	18	36903
28	40F2	18	36903
28	40F4	18	36903
28	40FA	18	36905
28	40FC	18	36905
28	4102	18	36905
28	4104	18	36905
28	4106	18	36905
28	4108	18	36905
28	410A	18	36905
28	4110	18	36908
28	4112	18	36908
28	4118	18	36908
28	411A	18	36908
28	411C	18	36908
28	411E	18	36908
28	4120	18	36908
28	4126	18	36910
28	4128	18	36910
28	412E	18	36910
28	4130	18	36910
28	4132	18	36910
28	4134	18	36910
28	4136	18	36910
28	413C	18	36912
28	413E	18	36912
28	4144	18	36912
28	4146	18	36912
28	4148	18	36912
28	414A	18	36912
28	414C	18	36912
28	4152	18	36914
28	4154	18	36914
28	415A	18	36914
28	415C	18	36914
28	415E	18	36914
28	4160	18	36914
28	4162	18	36914
28	4168	18	36917
28	416A	18	36917
28	4170	18	36917
28	4172	18	36917
28	4174	18	36917
28	4176	18	36917
28	4178	18	36917
28	417E	18	36919
28	4184	18	36923
28	418A	18	36923
28	418D	18	36924
28	4193	18	36940
28	4194	18	36940
28	4196	18	36940
28	4197	18	36940
28	4199	18	36940
28	419B	18	36940
28	419D	18	36940
28	419F	18	36940
28	41A2	18	36940
28	41A4	18	36940
28	41A7	18	36940
28	41A8	18	36940
28	41AA	18	36940
28	41AC	18	36940
28	41AD	18	36940
28	41B3	18	36940
28	41B4	18	36940
28	41B5	18	36940
28	41B7	18	36940
28	41B8	18	36940
28	41BA	18	36940
28	41BC	18	36940
28	41BF	18	36940
28	41C2	18	36940
28	41C3	18	36940
28	41C5	18	36940
28	41C6	18	36940
28	41C7	18	36940
28	41CA	18	36940
28	41CB	144	36901
28	41CD	144	36901
28	41D0	216	36901
28	41D2	216	36901
28	41D4	216	36901
28	41D6	216	36901
28	41D7	216	36901
28	41D9	216	36901
28	41DC	72	36901
28	41DE	72	36901
28	41E0	72	36901
28	41E1	72	36901
28	41E7	72	36901
28	41E8	72	36901
28	41EA	72	36901
28	41EB	72	36901
28	41EC	72	36901
28	41ED	72	36901
28	41EE	72	36901
28	41EF	72	36901
28	41F0	72	36901
28	41F1	72	36901
28	41F2	72	36901
28	41F3	72	36901
28	41F6	72	36901
28	41F9	72	36901
28	41FF	72	36901
28	4200	72	36901
28	4201	72	36901
28	4202	72	36901
28	4203	72	36901
28	4206	72	36901
28	4207	72	36901
28	4208	72	36901
28	4209	72	36901
28	420C	72	36901
28	4212	72	36901
28	4213	72	36901
28	4214	72	36901
28	4215	72	36901
28	4217	72	36901
28	4218	72	36901
28	4219	72	36901
28	421C	72	36901
28	421D	72	36901
28	421E	72	36901
28	4221	72	36901
28	4223	72	36901
28	4225	72	36901
28	4227	72	36901
28	4229	72	36901
28	426B	144	36901
28	426C	144	36901
28	426D	144	36901
28	426E	144	36901
28	4270	144	36901
28	4273	144	36901
28	4279	144	36902
28	427A	144	36902
28	427B	144	36902
28	427C	3456	36902
28	427F	3456	36902
28	4281	3456	36902
28	4282	3312	36902
28	4283	3312	36902
28	4286	3312	36902
28	4289	3312	36902
28	428B	72	36901
28	428C	72	36901
28	428D	72	36901
28	428E	72	36901
28	4291	72	36901
28	4297	72	36901
28	4298	72	36901
28	4299	72	36901
28	429A	72	36901
28	429C	72	36901
28	429D	72	36901
28	429E	72	36901
28	429F	3312	36902
28	42A0	3312	36902
28	42A1	3312	36902
28	42A2	3312	36902
28	42A4	3312	36902
28	42A6	3312	36902
28	42A9	3312	36902
28	42AF	3312	36902
28	42B0	3312	36902
28	42B1	3312	36902
28	42B2	3312	36902
28	42B4	3312	36902
28	42B5	3312	36902
28	42B6	3312	36902
29	44F6	2	11027
29	44F7	2	11027
29	44F9	2	11027
29	44FA	2	11027
29	44FC	2	11027
29	44FE	2	11027
29	4500	2	11027
29	4502	2	11027
29	4505	2	11027
29	4507	2	11027
29	450A	2	11027
29	450B	2	11027
29	450D	2	11027
29	450F	2	11027
29	4510	2	11027
29	4516	2	11027
29	4519	14	11051
29	451A	14	11051
29	451B	14	11051
29	4521	14	11051
29	4524	14	11052
29	452A	14	11052
29	452B	14	11052
29	452C	14	11052
29	452E	14	11052
29	4530	14	11052
29	4532	2	11056
29	4533	2	11056
29	4534	2	11056
29	4536	2	11056
29	4537	2	11056
29	4539	2	11056
29	453B	2	11056
29	453E	2	11056
29	4541	2	11056
29	4542	2	11056
29	4544	2	11056
29	4545	2	11056
29	4546	2	11056
29	4549	2	11056
29	454B	2	11056
29	45E2	2	11056
29	45E8	2	11056
29	45EB	2	11057
29	45F1	2	11072
29	45F3	2	11072
29	45F5	2	11072
29	45F7	2	11072
29	45FA	2	11072
29	45FB	2	11072
29	45FD	2	11072
29	45FF	2	11072
29	4601	2	11072
29	4605	2	11072
29	4607	2	11072
29	4608	2	11027
29	460E	2	11027
29	4614	2	11027
29	461A	2	11029
29	4620	2	11033
29	4626	2	11033
29	4627	2	11033
29	4629	2	11033
29	462B	2	11033
29	462D	2	11033
29	462F	2	11033
29	4631	2	11033
29	4633	2	11033
29	4636	2	11033
29	4639	2	11033
29	463C	2	11033
29	463E	2	11033
29	4644	2	11033
29	4647	2	11033
29	464A	2	11033
29	464C	2	11033
29	464E	2	11033
29	4650	2	11033
29	4656	2	11033
29	4659	2	11033
29	465C	2	11033
29	465E	2	11033
29	4660	2	11033
29	4662	2	11033
29	4668	2	11033
29	466B	2	11033
29	466E	2	11033
29	4670	2	11033
29	4672	2	11033
29	4674	2	11033
29	467A	2	11033
29	467D	2	11033
29	4680	2	11033
29	4682	2	11033
29	4684	2	11033
29	4686	2	11033
29	468C	2	11033
29	468F	2	11033
29	4691	2	11033
29	46CD	2	11033
29	46D0	2	11033
29	46D3	2	11033
29	46D6	2	11033
29	46D8	2	11033
29	46DE	2	11033
29	46E0	2	11033
29	46E3	2	11033
29	46E9	2	11033
29	46EC	2	11033
29	46EE	2	11033
29	46F5	2	11033
29	46F7	2	11033
29	46FE	2	11033
29	4701	2	11034
29	4702	2	11034
29	4703	2	11034
29	4705	2	11034
29	4706	2	11034
29	4708	2	11034
29	470A	2	11034
29	470D	2	11034
29	4710	2	11034
29	4711	2	11034
29	4713	2	11034
29	4714	2	11034
29	4715	2	11034
29	471B	2	11034
29	471E	2	11035
29	4724	2	11051
29	4725	2	11051
29	4727	2	11051
29	4728	2	11051
29	472A	2	11051
29	472C	2	11051
29	472E	2	11051
29	4730	2	11051
29	4733	2	11051
29	4735	2	11051
29	4738	2	11051
29	4739	2	11051
29	473B	2	11051
29	473D	2	11051
29	473E	2	11051
29	4744	2	11051
29	4D21	2	11033
29	4D22	2	11033
29	4D23	2	11033
29	4D24	2	11033
29	4D25	2	11033
29	4D27	2	11033
29	4D29	2	11033
29	4D2B	2	11033
29	4D2E	2	11033
29	4D2F	2	11033
29	4D30	2	11033
29	4D31	2	11033
29	4D32	2	11033
29	4D33	2	11033
29	4D34	2	11033
29	4D35	2	11033
29	4D36	2	11033
29	4D39	2	11033
29	4D3B	2	11033
29	4D3D	2	11033
29	4D3F	2	11033
29	4D42	2	11033
29	4D45	2	11033
29	4D48	2	11033
29	4D4E	2	11033
29	4D50	2	11033
29	4D52	2	11033
29	4D54	2	11033
29	4D57	2	11033
29	4D5A	2	11033
29	4D5D	2	11033
29	4D63	2	11033
29	4D65	2	11033
29	4D67	2	11033
29	4D69	2	11033
29	4D6C	2	11033
29	4D6F	2	11033
29	4D72	2	11033
29	4D78	2	11033
29	4D7B	2	11034
29	4D7C	2	11034
29	4D7D	2	11034
29	4D7E	2	11034
29	4D7F	2	11034
29	4FF7	2	11033
29	4FF9	2	11033
29	4FFA	2	11033
29	4FFC	2	11033
29	4FFE	2	11033
29	5000	2	11033
29	5001	2	11033
29	5003	2	11033
29	5006	2	11033
29	5009	2	11033
29	500B	2	11033
29	5011	2	11034
29	5012	2	11034
29	5014	2	11034
29	5016	2	11034
2A	5495	3	1952
2A	5498	3	1952
2A	549B	3	1953
2A	549C	3	1953
2A	549E	3	1953
2A	549F	3	1953
2A	54A1	3	1953
2A	54A3	3	1953
2A	54A5	3	1953
2A	54A7	3	1953
2A	54AA	3	1953
2A	54AC	3	1953
2A	54AF	3	1953
2A	54B0	3	1953
2A	54B2	3	1953
2A	54B4	3	1953
2A	54B5	3	1953
2A	54BB	3	1953
2A	54BE	3	1954
2A	54BF	3	1954
2A	54C1	3	1954
2A	54C4	3	1954
2A	54CA	3	1954
2A	54D0	3	1957
2A	54D1	3	1957
2A	54D4	3	1990
2A	54D6	3	1990
2A	54D8	3	1990
2A	54DA	3	1990
2A	54DD	3	1990
2A	54DE	3	1990
2A	54E0	3	1990
2A	54E2	3	1990
2A	54E5	3	1990
2A	54E8	3	1990
2A	54EB	3	1990
2A	54EE	3	1990
2A	54F1	3	1990
2A	54F4	3	1990
2A	54F7	3	1990
2A	54FA	3	1990
2A	54FD	203	1990
2A	54FE	203	1990
2A	5500	203	1990
2A	5504	203	1990
2A	5505	203	1990
2A	550B	203	1990
2A	550E	203	1991
2A	5514	203	1991
2A	5515	203	1991
2A	5518	203	1991
2A	551A	203	1991
2A	551C	203	1991
2A	551E	203	1991
2A	5520	203	1991
2A	5523	203	1991
2A	5525	203	1991
2A	5527	203	1991
2A	552A	2	11276
2A	552B	2	11276
2A	552C	2	11276
2A	552F	2	11276
2A	5532	2	11276
2A	5535	2	11276
2A	5536	2	11276
2A	5537	2	11276
2A	553A	1	12085
2A	553B	1	12085
2A	553C	1	12085
2A	553F	1	12085
2A	5542	1	12085
2A	5545	1	12085
2A	5546	1	12085
2A	5547	1	12085
2A	5549	1	12085
2A	55AD	1	12085
2A	55AF	1	12085
2A	55B1	1	12085
2A	55B3	1	12085
2A	563D	1	12085
2A	563F	1	12085
2A	5641	1	12085
2A	5643	1	12085
2A	5646	1	12085
2A	5647	1	12085
2A	5649	1	12085
2A	569E	1	12085
2A	569F	1	12085
2A	56A0	1	12085
2A	56A3	1	12085
2A	56A6	1	12085
2A	56A9	1	12085
2A	56AA	1	12085
2A	56AB	1	12085
2A	56AC	1	12085
2A	56AF	1	12085
2A	56B0	1	12085
2A	56B1	1	12085
2A	56B2	1	12085
2A	56B5	1	12085
2A	56B8	1	12085
2A	56BB	1	12085
2A	56BC	1	12085
2A	56BD	1	12085
2A	56BE	1	12085
2A	56C1	1	12088
2A	56C4	1	12088
2A	56C5	1	12088
2A	56C8	1	12088
2A	56EC	201	1991
2A	56EE	201	1991
2A	56F0	201	1991
2A	56F2	2	2060
2A	56F3	2	2060
2A	56F4	2	2060
2A	56F6	2	2060
2A	56F7	2	2060
2A	56F9	2	2060
2A	56FB	2	2060
2A	56FE	2	2060
2A	5701	2	2060
2A	5702	2	2060
2A	5704	2	2060
2A	5705	2	2060
2A	5706	2	2060
2A	570C	2	2060
2A	570F	2	2061
2A	5715	2	2076
2A	5716	2	2076
2A	5718	2	2076
2A	571B	2	2076
2A	571D	2	2076
2A	571F	2	2076
2A	5725	2	2076
2A	572B	2	2076
2A	572E	2	2077
2A	5730	2	2077
2A	5731	199	1991
2A	5733	199	1991
2A	5735	199	1991
2A	5738	199	1991
2A	573A	199	1991
2A	573C	199	1991
2A	573F	199	1991
2A	5741	199	1991
2A	576B	3	2040
2A	576C	3	2040
2A	576D	3	2040
2A	576F	3	2040
2A	5770	3	2040
2A	5772	3	2040
2A	5774	3	2040
2A	5777	3	2040
2A	577A	3	2040
2A	577B	3	2040
2A	577D	3	2040
2A	577E	3	2040
2A	577F	27	1990
2A	578A	27	1990
2A	578B	27	1990
2A	578C	27	1990
2A	578E	3	1990
2A	5791	3	1990
2A	5793	3	1990
2A	5795	3	1990
2A	5797	3	1990
2A	5798	3	1990
2A	579A	3	1990
2A	579B	27	1990
2A	579E	27	1990
2A	57A0	27	1990
2A	57A1	9	1990
2A	57A3	9	1990
2A	57AD	9	1990
2A	57AE	9	1990
2A	57AF	9	1990
2A	57B2	9	1990
2A	57B4	9	1990
2A	57B5	9	1990
2A	57BD	3	1957
2A	57C3	3	1957
2A	57C9	3	1957
2A	57CF	3	1959
2A	57D2	3	1959
2A	57D5	3	1959
2A	57D7	3	1959
2A	57D9	3	1959
2A	57DB	3	1959
2A	57E1	3	1960
2A	57E4	3	1960
2A	57E7	3	1960
2A	57EA	3	1960
2A	57EC	3	1960
2A	57EE	3	1960
2A	57F0	3	1960
2A	57F6	3	1961
2A	57F9	3	1961
2A	57FC	3	1961
2A	57FF	3	1961
2A	5801	3	1961
2A	5803	3	1961
2A	5805	3	1961
2A	580B	3	1962
2A	580E	3	1962
2A	5811	3	1962
2A	5814	3	1962
2A	5816	3	1962
2A	5818	3	1962
2A	581A	3	1962
2A	5820	3	1963
2A	5823	3	1963
2A	5826	3	1963
2A	5829	3	1963
2A	582C	3	1963
2A	582E	3	1963
2A	5834	3	1963
2A	5837	3	1964
2A	583A	3	1964
2A	583D	3	1964
2A	5840	3	1964
2A	5842	3	1964
2A	5848	3	1964
2A	584B	3	1965
2A	584E	3	1965
2A	5851	3	1965
2A	5854	3	1965
2A	5856	3	1965
2A	585C	3	1965
2A	585F	3	1966
2A	5862	3	1966
2A	5865	3	1966
2A	5867	3	1966
2A	5869	3	1966
2A	586F	3	1966
2A	5872	3	1966
2A	5875	3	1966
2A	5877	3	1966
2A	5879	3	1966
2A	587F	3	1966
2A	5882	3	1966
2A	5885	3	1966
2A	5887	3	1966
2A	5889	3	1966
2A	588F	3	1966
2A	5892	3	1966
2A	5895	3	1966
2A	5898	3	1966
2A	589B	3	1966
2A	589E	3	1966
2A	58A0	3	1966
2A	58A2	3	1966
2A	58A8	3	1966
2A	58AB	3	1966
2A	58AE	3	1966
2A	58B1	3	1966
2A	58B3	3	1966
2A	58B6	3	1967
2A	58B9	3	1967
2A	58BC	3	1967
2A	58BF	3	1973
2A	58C2	3	1973
2A	58C8	3	1973
2A	58CB	3	1974
2A	58D1	3	1990
2A	58D2	3	1990
2A	58D4	3	1990
2A	58D5	3	1990
2A	58D7	3	1990
2A	58D9	3	1990
2A	58DB	3	1990
2A	58DD	3	1990
2A	58E0	3	1990
2A	58E2	3	1990
2A	58E5	3	1990
2A	58E6	3	1990
2A	58E8	3	1990
2A	58EA	3	1990
2A	58EB	3	1990
2A	58F1	3	1990
2A	58F2	3	1990
2A	58F4	3	1990
2A	58F5	3	1990
2A	58F7	3	1990
2A	58F9	3	1990
2A	58FC	3	1990
2A	58FF	3	1990
2A	5900	3	1990
2A	5902	3	1990
2A	5903	3	1990
2A	5906	3	1990
2A	5907	3	1990
2A	590A	3	1990
2A	590B	247	1967
2A	590C	247	1967
2A	590E	247	1967
2A	5910	247	1967
2A	5912	247	1967
2A	5914	247	1967
2A	5915	247	1967
2A	5916	247	1967
2A	5918	247	1967
2A	5919	247	1967
2A	591F	247	1967
2A	5920	247	1967
2A	5923	247	1967
2A	5924	247	1967
2A	5925	247	1967
2A	5926	247	1967
2A	5929	247	1967
2A	592C	247	1967
2A	592E	1244	1967
2A	592F	1244	1967
2A	5931	997	1990
2A	5933	997	1990
2A	5935	247	1967
2A	5938	247	1967
2A	593B	247	1967
2A	593C	247	1967
2A	593F	247	1967
2A	5941	247	1967
2A	5943	36	11321
2A	5945	36	11321
2A	5948	247	1967
2A	5949	247	1967
2A	594A	247	1967
2A	594B	8	1967
2A	594D	8	1967
2A	5950	8	1968
2A	5951	8	1968
2A	5952	8	1967
2A	5954	8	1967
2A	5957	46	1967
2A	5959	46	1967
2A	595B	46	1967
2A	595D	46	1967
2A	595E	46	1967
2A	5960	46	1967
2A	5963	39	1967
2A	5965	39	1967
2A	5967	39	1967
2A	5968	39	1967
2A	596E	39	1967
2A	596F	39	1967
2A	5971	39	1967
2A	5972	39	1967
2A	5973	39	1967
2A	5974	39	1967
2A	5975	39	1967
2A	5976	39	1967
2A	5977	39	1967
2A	5978	39	1967
2A	5979	39	1967
2A	597A	39	1967
2A	597D	39	1967
2A	5980	39	1967
2A	5986	39	1967
2A	5987	39	1967
2A	5988	39	1967
2A	5989	39	1967
2A	598A	39	1967
2A	598D	39	1967
2A	598E	39	1967
2A	598F	39	1967
2A	5990	39	1967
2A	5993	39	1967
2A	5999	39	1967
2A	599A	39	1967
2A	599B	39	1967
2A	599C	39	1967
2A	599E	39	1967
2A	599F	39	1967
2A	59A0	39	1967
2A	59A3	39	1967
2A	59A4	39	1967
2A	59A5	39	1967
2A	59A8	39	1967
2A	59AA	39	1967
2A	59AC	38	1967
2A	59AE	38	1967
2A	59B0	38	1967
2A	59F4	8	1967
2A	59F5	8	1967
2A	59F6	8	1967
2A	59F7	8	1967
2A	59FD	8	1967
2A	59FE	8	1967
2A	59FF	8	1967
2A	5A00	58	1967
2A	5A03	58	1967
2A	5A05	58	1967
2A	5A06	50	1967
2A	5A07	50	1967
2A	5A0A	50	1967
2A	5A0D	50	1967
2A	5A0F	39	1967
2A	5A10	39	1967
2A	5A11	39	1967
2A	5A12	39	1967
2A	5A15	39	1967
2A	5A1B	39	1967
2A	5A1C	39	1967
2A	5A1D	39	1967
2A	5A1E	39	1967
2A	5A20	39	1967
2A	5A21	39	1967
2A	5A22	39	1967
2A	5A23	50	1967
2A	5A24	50	1967
2A	5A25	50	1967
2A	5A26	50	1967
2A	5A28	50	1967
2A	5A2A	50	1967
2A	5A2D	50	1967
2A	5A33	50	1967
2A	5A34	50	1967
2A	5A35	50	1967
2A	5A36	50	1967
2A	5A38	50	1967
2A	5A39	50	1967
2A	5A3A	50	1967
2A	5A3B	3	1968
2A	5A3D	3	1968
2A	5A40	27	1968
2A	5A42	27	1968
2A	5A44	27	1968
2A	5A46	27	1968
2A	5A47	27	1968
2A	5A49	27	1968
2A	5A4C	27	1968
2A	5A4E	27	1968
2A	5A50	27	1968
2A	5A51	27	1968
2A	5A57	27	1968
2A	5A58	27	1968
2A	5A9B	27	1968
2A	5A9C	27	1968
2A	5A9D	27	1968
2A	5A9E	27	1968
2A	5A9F	27	1968
2A	5AA0	27	1968
2A	5AA3	27	1968
2A	5AA9	27	1968
2A	5AAA	27	1968
2A	5AAB	27	1968
2A	5AAC	27	1968
2A	5AAF	27	1968
2A	5AB2	27	1968
2A	5AB3	27	1968
2A	5AB6	27	1968
2A	5AB8	27	1968
2A	5ABA	27	1968
2A	5ABC	27	1968
2A	5ABE	24	1968
2A	5ADB	3	1969
2A	5ADC	3	1969
2A	5ADD	3	1969
2A	5ADE	3	1969
2A	5AE0	3	1969
2A	5AE3	3	1969
2A	5AE9	3	1969
2A	5AEA	3	1969
2A	5AEB	3	1969
2A	5AEC	6	1969
2A	5AEF	6	1969
2A	5AF1	6	1969
2A	5AF2	3	1969
2A	5AF3	3	1969
2A	5AF6	3	1969
2A	5AF9	3	1969
2A	5AFB	27	1968
2A	5AFC	27	1968
2A	5AFD	27	1968
2A	5AFE	27	1968
2A	5B01	27	1968
2A	5B07	27	1968
2A	5B08	27	1968
2A	5B09	27	1968
2A	5B0A	27	1968
2A	5B0C	27	1968
2A	5B0D	27	1968
2A	5B0E	27	1968
2A	5B0F	3	1969
2A	5B10	3	1969
2A	5B11	3	1969
2A	5B12	3	1969
2A	5B14	3	1969
2A	5B16	3	1969
2A	5B19	3	1969
2A	5B1F	3	1969
2A	5B20	3	1969
2A	5B21	3	1969
2A	5B22	3	1969
2A	5B24	3	1969
2A	5B25	3	1969
2A	5B26	3	1969
2A	5B27	3	1969
2A	5B29	3	1969
2A	5B2C	45	1969
2A	5B2E	45	1969
2A	5B30	45	1969
2A	5B32	45	1969
2A	5B33	45	1969
2A	5B35	45	1969
2A	5B38	45	1969
2A	5B3A	45	1969
2A	5B3C	45	1969
2A	5B3D	45	1969
2A	5B43	45	1969
2A	5B44	45	1969
2A	5B87	45	1969
2A	5B88	45	1969
2A	5B89	45	1969
2A	5B8A	45	1969
2A	5B8B	45	1969
2A	5B8C	45	1969
2A	5B8F	45	1969
2A	5B95	45	1969
2A	5B96	45	1969
2A	5B97	45	1969
2A	5B98	45	1969
2A	5B9B	45	1969
2A	5B9E	45	1969
2A	5B9F	45	1969
2A	5BA2	45	1969
2A	5BA4	45	1969
2A	5BA6	45	1969
2A	5BA8	45	1969
2A	5BAA	42	1969
2A	5BC7	3	1971
2A	5BC8	3	1971
2A	5BC9	3	1971
2A	5BCA	3	1971
2A	5BCC	3	1971
2A	5BCF	3	1971
2A	5BD5	3	1971
2A	5BD6	3	1971
2A	5BD7	3	1971
2A	5BD8	6	1971
2A	5BDB	6	1971
2A	5BDD	6	1971
2A	5BDE	3	1971
2A	5BDF	3	1971
2A	5BE2	3	1971
2A	5BE5	3	1971
2A	5BE7	45	1969
2A	5BE8	45	1969
2A	5BE9	45	1969
2A	5BEA	45	1969
2A	5BED	45	1969
2A	5BF3	45	1969
2A	5BF4	45	1969
2A	5BF5	45	1969
2A	5BF6	45	1969
2A	5BF8	45	1969
2A	5BF9	45	1969
2A	5BFA	45	1969
2A	5BFB	3	1971
2A	5BFC	3	1971
2A	5BFD	3	1971
2A	5BFE	3	1971
2A	5C00	3	1971
2A	5C02	3	1971
2A	5C05	3	1971
2A	5C0B	3	1971
2A	5C0C	3	1971
2A	5C0D	3	1971
2A	5C0E	3	1971
2A	5C10	3	1971
2A	5C11	3	1971
2A	5C12	3	1971
2A	5C13	8	1971
2A	5C15	8	1971
2A	5C16	8	1971
2A	5C18	8	1971
2A	5C1A	8	1971
2A	5C1C	8	1971
2A	5C1D	8	1971
2A	5C1F	8	1971
2A	5C22	8	1971
2A	5C25	8	1971
2A	5C27	8	1971
2A	5C2A	8	1972
2A	5C2D	8	1972
2A	5C30	8	1972
2A	5C32	8	1972
2A	5C35	8	1973
2A	5C36	8	1973
2A	5C38	8	1973
2A	5C3A	8	1973
2A	5C3B	16	1971
2A	5C3C	16	1971
2A	5C3E	16	1971
2A	5C3F	16	1971
2A	5C41	16	1971
2A	5C42	16	1971
2A	5C44	16	1971
2A	5C45	16	1971
2A	5C47	16	1971
2A	5C4A	50739	1971
2A	5C4B	50739	1971
2A	5C4D	50739	1971
2A	5C4F	16	1971
2A	5C51	604	1971
2A	5C52	604	1971
2A	5C53	604	1971
2A	5C55	16	1972
2A	5C56	16	1972
2A	5C58	16	1972
2A	5C5A	16	1972
2A	5C5B	40	1990
2A	5C5C	40	1990
2A	5C5F	40	1990
2A	5C61	40	1990
2A	5C63	40	1990
2A	5C65	40	1990
2A	5C67	40	1990
2A	5C68	40	1990
2A	5C6A	40	1990
2A	5C6B	40	1990
2A	5C6C	130	1990
2A	5C6D	130	1990
2A	5C6F	113	1990
2A	5C70	113	1990
2A	5C71	113	1990
2A	5C72	113	1990
2A	5C74	113	1990
2A	5C76	90	1990
2A	5C77	90	1990
2A	5C79	90	1990
2A	5C7B	90	1990
2A	5C81	17	1990
2A	5C82	17	1990
2A	5C83	23	1990
2A	5C85	23	1990
2A	5C87	23	1990
2A	5C88	23	1990
2A	5C8F	45	1990
2A	5C90	45	1990
2A	5C92	45	1990
2A	5C94	45	1990
2A	5C96	45	1990
2A	5C99	45	1990
2A	5C9A	45	1990
2A	5C9C	45	1990
2A	5C9E	45	1990
2A	5C9F	45	1990
2A	5CA1	30	11341
2A	5CA3	30	11341
2A	5CA4	30	11341
2A	5CA6	30	11341
2A	5CA8	25	11341
2A	5CA9	25	11341
2A	5CAA	25	11341
2A	5CAC	25	11341
2A	5CAE	25	11341
2A	5CAF	25	11341
2A	5CB3	45	1990
2A	5CB5	45	1990
2A	5CB6	45	1990
2A	5CB8	40	1990
2A	5CBA	40	1990
2A	5CBB	187	1990
2A	5CBC	187	1990
2A	5CBD	187	1990
2A	5CBF	187	1990
2A	5CC1	148	1990
2A	5CC3	148	1990
2A	5CC5	148	1990
2A	5CC6	148	1990
2A	5CC8	148	1990
2A	5CC9	148	1990
2A	5CCB	40	1990
2A	5CCC	45	1990
2A	5CCD	45	1990
2A	5CD0	45	1990
2A	5CD1	45	1990
2A	5CD2	26	11321
2A	5CD4	26	11321
2A	5CD6	26	11321
2A	5CD8	26	11321
2A	5CDB	26	11321
2A	5CDC	26	11321
2A	5CDE	26	11321
2A	5CE0	21	11761
2A	5CE1	21	11761
2A	5CE2	21	11761
2A	5CE4	21	11761
2A	5CE5	21	11761
2A	5CE7	21	11761
2A	5CE9	21	11761
2A	5CEC	21	11761
2A	5CEF	21	11761
2A	5CF0	21	11761
2A	5CF2	21	11761
2A	5CF3	21	11761
2A	5CF4	21	11761
2A	5CF5	5	11321
2A	5CF6	5	11321
2A	5CF7	5	11321
2A	5CF8	5	11321
2A	5CF9	5	11321
2A	5CFB	5	11321
2A	5CFC	5	11321
2A	5CFE	5	11321
2A	5D00	5	11321
2A	5D03	5	11321
2A	5D06	5	11321
2A	5D07	5	11321
2A	5D09	5	11321
2A	5D0A	5	11321
2A	5D0B	5	11321
2A	5D0C	5	11321
2A	5D0F	5	11321
2A	5D12	5	11321
2A	5D14	5	11321
2A	5D16	5	11321
2A	5D1C	5	11321
2A	5D1D	5	11321
2A	5D20	5	11321
2A	5D22	100	11321
2A	5D23	100	11321
2A	5D24	100	11321
2A	5D2A	100	11321
2A	5D2D	100	11322
2A	5D33	100	11322
2A	5D34	100	11322
2A	5D35	100	11322
2A	5D37	100	11322
2A	5D39	100	11322
2A	5D3B	100	11322
2A	5D3C	100	11322
2A	5D3E	5	11341
2A	5D44	5	11341
2A	5D47	5	11341
2A	5D4A	5	11341
2A	5D4C	5	11341
2A	5D4E	5	11341
2A	5D54	5	11341
2A	5D55	5	11341
2A	5D56	5	11341
2A	5D59	5	11341
2A	5D5F	5	11341
2A	5D60	5	11341
2A	5D61	5	11341
2A	5D62	5	11341
2A	5D63	5	11341
2A	5D65	5	11341
2A	5D67	5	11341
2A	5D6A	5	11341
2A	5D6B	5	11341
2A	5DAD	5	11341
2A	5DAE	5	11341
2A	5DAF	5	11341
2A	5DB0	5	11341
2A	5DB3	5	11341
2A	5DB4	5	11341
2A	5DB6	5	11341
2A	5DB8	5	11341
2A	5DBA	5	11341
2A	5DBB	5	11341
2A	5DBC	5	11341
2A	5DBD	5	11341
2A	5DC0	5	11341
2A	5DC3	25	11341
2A	5DC4	25	11341
2A	5DC5	25	11341
2A	5DC7	25	11341
2A	5DC8	25	11341
2A	5DC9	25	11341
2A	5DCB	20	11341
2A	5DCC	20	11341
2A	5DCD	20	11341
2A	5DCE	20	11341
2A	5DCF	20	11341
2A	5DD0	20	11341
2A	5DD1	20	11341
2A	5DD2	20	11341
2A	5DD3	20	11341
2A	5DD4	20	11341
2A	5DD5	20	11341
2A	5DD7	5	11341
2A	5DD8	5	11341
2A	5DD9	5	11341
2A	5DDA	5	11341
2A	5DDB	5	11341
2A	5DDC	5	11341
2A	5DDD	5	11341
2A	5DDE	5	11341
2A	5DDF	5	11341
2A	5DE2	5	11341
2A	5DE3	5	11341
2A	5DE6	5	11341
2A	5DE9	5	11341
2A	5DEC	5	11341
2A	5DEF	5	11342
2A	5DF2	5	11344
2A	5DF3	5	11344
2A	5DF4	5	11344
2A	5DF6	5	11344
2A	5DFD	5	11344
2A	5E00	5	11344
2A	5E02	5	11344
2A	5E04	5	11344
2A	5E06	5	11344
2A	5E11	5	11344
2A	5E12	5	11344
2A	5E13	5	11344
2A	5E16	5	11344
2A	5E18	5	11344
2A	5E19	5	11344
2A	5E22	5	11344
2A	6148	2	11276
2A	6149	2	11276
2A	614A	2	11276
2A	614C	2	11276
2A	614D	2	11276
2A	614F	2	11276
2A	6151	2	11276
2A	6153	2	11276
2A	6154	2	11276
2A	6157	2	11276
2A	6158	2	11276
2A	615A	2	11276
2A	615C	2	11276
2A	615D	2	11276
2A	615F	2	11276
2A	6165	2	11282
2A	6166	2	11282
2A	6168	2	11282
2A	6169	2	11282
2A	616B	2	11282
2A	616D	2	11282
2A	616F	2	11282
2A	6171	2	11282
2A	6174	2	11282
2A	6175	2	11282
2A	6177	2	11282
2A	6179	2	11282
2A	617A	2	11282
2A	617B	28	11282
2A	617C	28	11282
2A	617F	28	11282
2A	6181	28	11282
2A	6187	28	11282
2A	618A	28	11282
2A	618B	28	11282
2A	618D	28	11282
2A	6193	27	11321
2A	6194	27	11321
2A	6196	27	11321
2A	6198	27	11321
2A	619A	27	11321
2A	619C	1	12069
2A	619D	1	12069
2A	619E	1	12069
2A	619F	1	12069
2A	61A1	1	12069
2A	61A3	1	12069
2A	61A5	1	12069
2A	61A8	1	12069
2A	61A9	1	12069
2A	61AB	1	12069
2A	61AD	1	12069
2A	61AF	1	12069
2A	61B0	1	12069
2A	61B2	1	12069
2A	61B4	1	12069
2A	61B7	1	12069
2A	61BA	1	12069
2A	61BB	1	12069
2A	61BD	1	12069
2A	61C0	1	12072
2A	61C6	1	12085
2A	61C7	1	12085
2A	61C8	1	12085
2A	61C9	1	12085
2A	61CA	26	11321
2A	61CC	26	11321
2A	61CE	26	11321
2A	61D0	26	11321
2A	61D1	26	11321
2A	61D3	26	11321
2A	61D5	26	11321
2A	61D7	26	11321
2A	61D8	26	11321
2A	61DA	26	11321
2A	61DC	26	11321
2A	61DF	26	11321
2A	61E1	26	11321
2A	61FA	26	11321
2A	61FD	26	11321
2A	61FF	26	11321
2A	620E	26	11321
2A	6211	26	11321
2A	6212	26	11321
2A	6215	26	11321
2A	6216	26	11321
2A	6219	26	11344
2A	6257	3	1967
2A	6258	3	1967
2A	625A	3	1967
2A	625C	3	1967
2A	625E	3	1967
2A	6260	3	1967
2A	6262	3	1967
2A	6265	3	1967
2A	6267	3	1967
2A	6269	3	1967
2A	626C	3	1967
2A	626E	3	1967
2A	6271	3	1967
2A	6274	48	1967
2A	6275	48	1967
2A	6276	48	1967
2A	6277	48	1967
2A	6278	48	1967
2A	627A	3	1967
2A	627C	3	1967
2A	627F	3	1967
2A	6282	192	1967
2A	6283	192	1967
2A	6284	192	1967
2A	6285	192	1967
2A	6286	192	1967
2A	6288	3	1967
2A	6289	3	1967
2A	628A	3	1967
2A	628C	3	1967
2A	628E	3	1967
2A	6290	3	1967
2A	6293	3	1967
2A	6296	3	1967
2A	6299	3	1967
2A	629C	3	1968
2A	629E	3	1968
2A	62A0	3	1968
2A	62A2	3	1968
2A	62A5	3	1968
2A	62A8	3	1968
2A	62AB	3	1968
2A	62AE	3	1969
2A	62B0	3	1969
2A	62B2	3	1969
2A	62B4	3	1969
2A	62B7	3	1969
2A	62BA	3	1969
2A	62BD	3	1969
2A	62C0	3	1971
2A	62C3	3	1973
2A	62C4	3	1973
2A	62C5	2	12069
2A	62C6	2	12069
2A	62C8	2	12069
2A	62CA	2	12069
2A	62CC	2	12069
2A	62CE	2	12069
2A	62D0	2	12069
2A	62D3	2	12069
2A	62D5	2	12069
2A	62D7	2	12069
2A	62DA	2	12069
2A	62DC	2	12069
2A	62DF	2	12069
2A	62E2	32	12069
2A	62E3	32	12069
2A	62E4	32	12069
2A	62E5	32	12069
2A	62E6	32	12069
2A	62E8	2	12069
2A	62EA	2	12069
2A	62ED	2	12069
2A	62F0	128	12069
2A	62F1	128	12069
2A	62F2	128	12069
2A	62F3	128	12069
2A	62F4	128	12069
2A	62F6	2	12069
2A	62F7	2	12069
2A	62FD	2	12072
2B	4000	28	36836
2B	4003	28	36837
2B	4004	28	36837
2B	4006	28	36837
2B	4007	28	36837
2B	4009	28	36837
2B	400B	28	36837
2B	400D	28	36837
2B	400F	28	36837
2B	4012	28	36837
2B	4014	28	36837
2B	4017	28	36837
2B	4018	28	36837
2B	401A	28	36837
2B	401C	28	36837
2B	401D	28	36837
2B	4023	28	36837
2B	4026	28	36838
2B	4027	28	36838
2B	402A	28	36876
2B	402B	418	36876
2B	402C	418	36876
2B	4032	418	36876
2B	4035	418	36877
2B	403B	418	36877
2B	403C	418	36877
2B	403F	418	36877
2B	4041	418	36877
2B	4043	418	36877
2B	4046	18	36884
2B	4047	18	36884
2B	4049	18	36884
2B	404B	18	36884
2B	404C	18	36884
2B	404D	18	36884
2B	404F	18	36884
2B	4050	18	36884
2B	4052	18	36884
2B	4054	18	36884
2B	4057	18	36884
2B	405A	18	36884
2B	405B	18	36884
2B	405D	18	36884
2B	405E	18	36884
2B	405F	26128	36884
2B	4061	26128	36884
2B	4063	26128	36884
2B	4065	378	36884
2B	4067	378	36884
2B	4069	18	36884
2B	406F	18	36884
2B	4075	18	36899
2B	407B	18	36964
2B	407D	18	36964
2B	4194	400	36877
2B	4196	400	36877
2B	4198	400	36877
2B	419A	10	37732
2B	419B	10	37732
2B	419C	10	37732
2B	419E	10	37732
2B	419F	10	37732
2B	41A1	10	37732
2B	41A3	10	37732
2B	41A6	10	37732
2B	41A9	10	37732
2B	41AA	10	37732
2B	41AC	10	37732
2B	41AD	10	37732
2B	41AE	10	37732
2B	41B4	10	37732
2B	41BA	10	37747
2B	41BC	10	37747
2B	41BD	390	36877
2B	41BF	390	36877
2B	41C1	390	36877
2B	41E3	390	36877
2B	41E5	390	36877
2B	41E7	390	36877
2B	4209	390	36877
2B	420C	28	36838
2B	420D	28	36838
2B	4213	28	36838
2B	4219	28	36838
2B	421F	28	36840
2B	4225	28	36840
2B	4228	28	36840
2B	422B	28	36840
2B	422E	28	36840
2B	4230	28	36840
2B	4236	28	36840
2B	4239	28	36840
2B	423C	28	36840
2B	423E	28	36840
2B	4240	28	36840
2B	4242	28	36840
2B	4248	28	36841
2B	424B	28	36841
2B	424E	28	36841
2B	4251	28	36841
2B	4253	28	36841
2B	4259	28	36841
2B	425C	28	36841
2B	425F	28	36841
2B	4261	28	36841
2B	4263	28	36841
2B	4265	28	36841
2B	426B	28	36842
2B	426E	28	36842
2B	4271	28	36842
2B	4274	28	36842
2B	4276	28	36842
2B	427C	28	36842
2B	427E	28	36842
2B	4281	28	36843
2B	4284	28	36843
2B	4287	28	36843
2B	4289	28	36843
2B	428B	28	36843
2B	4291	28	36843
2B	4294	28	36843
2B	4297	28	36843
2B	429A	28	36843
2B	429D	28	36843
2B	42A0	28	36843
2B	42A2	28	36843
2B	42A4	28	36843
2B	42AA	28	36843
2B	42AD	28	36843
2B	42B0	28	36843
2B	42B3	28	36843
2B	42B6	28	36843
2B	42B9	28	36843
2B	42BB	28	36843
2B	42BD	28	36843
2B	42C3	28	36843
2B	42C6	28	36843
2B	42C9	28	36843
2B	42CC	28	36843
2B	42CF	28	36843
2B	42D2	28	36843
2B	42D4	28	36843
2B	42D6	28	36843
2B	42DC	28	36843
2B	42DF	28	36843
2B	42E2	28	36843
2B	42E5	28	36843
2B	42E7	28	36843
2B	42E9	28	36843
2B	42EB	28	36843
2B	42EE	28	36843
2B	42EF	28	36843
2B	42F1	28	36843
2B	42F3	28	36843
2B	42F6	28	36843
2B	42F9	28	36843
2B	42FB	28	36843
2B	42FD	28	36843
2B	4303	28	36843
2B	4306	28	36843
2B	4309	28	36843
2B	430C	28	36843
2B	430D	28	36843
2B	430E	28	36843
2B	4311	28	36844
2B	4314	28	36844
2B	4316	28	36844
2B	4318	28	36844
2B	431B	28	36844
2B	431E	28	36846
2B	4321	28	36846
2B	4323	28	36846
2B	4325	28	36846
2B	4328	28	36846
2B	432B	28	36847
2B	432E	28	36847
2B	4330	28	36847
2B	4332	28	36847
2B	4335	28	36847
2B	4338	28	36850
2B	433B	28	36850
2B	433D	28	36850
2B	433F	28	36850
2B	4342	28	36850
2B	4345	28	36852
2B	4348	28	36852
2B	434A	28	36852
2B	434C	28	36852
2B	434F	28	36852
2B	4352	28	36854
2B	4355	28	36858
2B	435B	28	36858
2B	435E	28	36859
2B	4364	28	36859
2B	4367	28	36860
2B	436D	28	36876
2B	436E	28	36876
2B	4370	28	36876
2B	4371	28	36876
2B	4373	28	36876
2B	4375	28	36876
2B	4377	28	36876
2B	4379	28	36876
2B	437C	28	36876
2B	437E	28	36876
2B	4381	28	36876
2B	4382	28	36876
2B	4384	28	36876
2B	4386	28	36876
2B	4387	28	36876
2B	438D	28	36876
2B	438E	28	36876
2B	438F	28	36876
2B	4391	28	36876
2B	4392	28	36876
2B	4394	28	36876
2B	4396	28	36876
2B	4399	28	36876
2B	439C	28	36876
2B	439D	28	36876
2B	439F	28	36876
2B	43A0	28	36876
2B	43A1	28	36876
2B	43A4	28	36876
2B	43A5	418	36877
2B	43A6	418	36877
2B	43A7	418	36877
2B	43A9	418	36877
2B	43AB	418	36877
2B	43AE	418	36877
2B	43B1	418	36877
2B	43B4	418	36877
2B	43B7	418	36877
2B	43BA	418	36877
2B	43BC	418	36877
2B	43BE	418	36877
2B	43C4	418	36877
2B	43C7	418	36877
2B	43CA	418	36877
2B	43CD	418	36877
2B	43CE	418	36877
2B	4421	84	36844
2B	4423	84	36844
2B	4426	616	36844
2B	4428	616	36844
2B	442A	616	36844
2B	442C	616	36844
2B	442D	616	36844
2B	442F	616	36844
2B	4432	532	36844
2B	4434	532	36844
2B	4436	532	36844
2B	4437	532	36844
2B	443D	532	36844
2B	443E	532	36844
2B	4440	56	36844
2B	4441	56	36844
2B	4442	56	36844
2B	4443	56	36844
2B	4444	56	36844
2B	4445	56	36844
2B	4446	56	36844
2B	4447	56	36844
2B	4448	56	36844
2B	4449	56	36844
2B	444C	56	36844
2B	444F	56	36844
2B	4455	56	36844
2B	4456	56	36844
2B	4457	56	36844
2B	4458	56	36844
2B	4459	56	36844
2B	445C	56	36844
2B	445D	56	36844
2B	445E	56	36844
2B	445F	56	36844
2B	4462	56	36844
2B	4468	56	36844
2B	4469	56	36844
2B	446A	56	36844
2B	446B	56	36844
2B	446D	56	36844
2B	446E	56	36844
2B	446F	56	36844
2B	4472	56	36844
2B	4473	56	36844
2B	4474	56	36844
2B	4477	56	36844
2B	4479	56	36844
2B	447B	56	36844
2B	447D	56	36844
2B	447F	56	36844
2B	4481	476	36847
2B	4482	476	36847
2B	4483	476	36847
2B	4484	476	36847
2B	4485	476	36847
2B	4486	476	36847
2B	4489	476	36847
2B	448F	476	36847
2B	4490	476	36847
2B	4491	476	36847
2B	4492	476	36847
2B	4495	476	36847
2B	4498	476	36847
2B	4499	476	36847
2B	449C	476	36847
2B	449E	476	36847
2B	44A0	476	36847
2B	44A2	476	36847
2B	44A4	476	36847
2B	44C1	84	36844
2B	44C2	84	36844
2B	44C3	84	36844
2B	44C4	84	36844
2B	44C6	84	36844
2B	44C9	84	36844
2B	44CF	84	36844
2B	44D0	84	36844
2B	44D1	84	36844
2B	44D2	1260	36844
2B	44D5	1260	36844
2B	44D7	1260	36844
2B	44D8	1176	36844
2B	44D9	1176	36844
2B	44DC	1176	36844
2B	44DF	1176	36844
2B	44E1	532	36844
2B	44E2	532	36844
2B	44E3	532	36844
2B	44E4	532	36844
2B	44E7	532	36844
2B	44ED	532	36844
2B	44EE	532	36844
2B	44EF	532	36844
2B	44F0	532	36844
2B	44F2	532	36844
2B	44F3	532	36844
2B	44F4	532	36844
2B	44F5	1176	36844
2B	44F6	1176	36844
2B	44F7	1176	36844
2B	44F8	1176	36844
2B	44FA	1176	36844
2B	44FC	1176	36844
2B	44FF	1176	36844
2B	4505	1176	36844
2B	4506	1176	36844
2B	4507	1176	36844
2B	4508	1176	36844
2B	450A	1176	36844
2B	450B	1176	36844
2B	450C	1176	36844
2B	450D	28	36850
2B	450F	28	36850
2B	4512	28	36850
2B	4514	28	36850
2B	4516	28	36850
2B	4518	28	36850
2B	4519	28	36850
2B	451B	28	36850
2B	45AD	28	36850
2B	45AE	28	36850
2B	45AF	28	36850
2B	45B0	28	36850
2B	45B2	28	36850
2B	45B5	28	36850
2B	45BB	28	36850
2B	45BC	28	36850
2B	45BD	28	36850
2B	45BE	728	36850
2B	45C1	728	36850
2B	45C3	728	36850
2B	45C4	700	36850
2B	45C5	700	36850
2B	45C8	700	36850
2B	45CB	700	36850
2B	45E1	700	36850
2B	45E2	700	36850
2B	45E3	700	36850
2B	45E4	700	36850
2B	45E6	700	36850
2B	45E8	700	36850
2B	45EB	700	36850
2B	45F1	700	36850
2B	45F2	700	36850
2B	45F3	700	36850
2B	45F4	700	36850
2B	45F6	700	36850
2B	45F7	700	36850
2B	45F8	700	36850
2B	45F9	28	36846
2B	45FB	28	36846
2B	45FE	112	36846
2B	4600	112	36846
2B	4602	112	36846
2B	4604	112	36846
2B	4605	112	36846
2B	4607	112	36846
2B	460A	84	36846
2B	460C	84	36846
2B	460E	84	36846
2B	460F	84	36846
2B	4615	84	36846
2B	4616	84	36846
2B	4618	84	36846
2B	4619	84	36846
2B	461A	84	36846
2B	461B	84	36846
2B	461C	84	36846
2B	461D	84	36846
2B	461E	84	36846
2B	461F	84	36846
2B	4620	84	36846
2B	4621	84	36846
2B	4624	84	36846
2B	4627	84	36846
2B	462D	84	36846
2B	462E	84	36846
2B	462F	84	36846
2B	4630	84	36846
2B	4631	84	36846
2B	4634	84	36846
2B	4635	84	36846
2B	4636	84	36846
2B	4637	84	36846
2B	463A	84	36846
2B	4640	84	36846
2B	4641	84	36846
2B	4642	84	36846
2B	4643	84	36846
2B	4645	84	36846
2B	4646	84	36846
2B	4647	84	36846
2B	464A	84	36846
2B	464B	84	36846
2B	464C	84	36846
2B	464F	84	36846
2B	4651	84	36846
2B	4653	84	36846
2B	4655	84	36846
2B	4657	84	36846
2B	4699	28	36846
2B	469A	28	36846
2B	469B	28	36846
2B	469C	28	36846
2B	469E	28	36846
2B	46A1	28	36846
2B	46A7	28	36846
2B	46A8	28	36846
2B	46A9	28	36846
2B	46AA	336	36846
2B	46AD	336	36846
2B	46AF	336	36846
2B	46B0	308	36846
2B	46B1	308	36846
2B	46B4	308	36846
2B	46B7	308	36846
2B	46B9	84	36846
2B	46BA	84	36846
2B	46BB	84	36846
2B	46BC	84	36846
2B	46BF	84	36846
2B	46C5	84	36846
2B	46C6	84	36846
2B	46C7	84	36846
2B	46C8	84	36846
2B	46CA	84	36846
2B	46CB	84	36846
2B	46CC	84	36846
2B	46CD	308	36846
2B	46CE	308	36846
2B	46CF	308	36846
2B	46D0	308	36846
2B	46D2	308	36846
2B	46D4	308	36846
2B	46D7	308	36846
2B	46DD	308	36846
2B	46DE	308	36846
2B	46DF	308	36846
2B	46E0	308	36846
2B	46E2	308	36846
2B	46E3	308	36846
2B	46E4	308	36846
2B	46E5	28	36854
2B	46E7	28	36854
2B	46E8	28	36854
2B	46EA	28	36854
2B	46EC	28	36854
2B	46EE	28	36854
2B	46EF	28	36854
2B	46F1	28	36854
2B	46F4	28	36854
2B	46F7	28	36854
2B	46F9	28	36854
2B	46FC	28	36855
2B	46FF	28	36855
2B	4702	28	36855
2B	4704	28	36855
2B	4707	28	36856
2B	470A	28	36856
2B	470D	28	36856
2B	470F	28	36856
2B	4712	28	36857
2B	4715	28	36857
2B	4718	28	36857
2B	471A	28	36857
2B	471D	28	36858
2B	471E	28	36858
2B	4720	28	36858
2B	4722	28	36858
2B	4723	112	36854
2B	4724	112	36854
2B	4726	112	36854
2B	4727	112	36854
2B	4729	112	36854
2B	472A	112	36854
2B	472C	112	36854
2B	472D	112	36854
2B	472F	112	36854
2B	4732	444764	36854
2B	4733	444764	36854
2B	4735	444764	36854
2B	4737	112	36854
2B	4739	4223	36854
2B	473A	4223	36854
2B	473B	4223	36854
2B	473D	112	36855
2B	473E	112	36855
2B	4740	112	36855
2B	4742	112	36855
2B	478B	28	36843
2B	478C	28	36843
2B	478D	28	36843
2B	478E	28	36843
2B	478F	28	36843
2B	4791	28	36843
2B	4793	28	36843
2B	4796	28	36843
2B	4797	28	36843
2B	4798	28	36843
2B	4799	28	36843
2B	479A	28	36843
2B	479C	28	36843
2B	479E	28	36843
2B	47A0	28	36843
2B	47A2	28	36843
2B	47A5	28	36843
2B	47A8	28	36843
2B	47AE	28	36843
2B	47B0	28	36843
2B	47B1	28	36843
2B	47B3	28	36843
2B	47B5	28	36843
2B	47B7	28	36843
2B	47B8	28	36843
2B	47BA	28	36843
2B	47BD	28	36843
2B	47C0	28	36843
2B	47C2	28	36843
2B	47C8	28	36844
2B	47C9	28	36844
2B	47CB	28	36844
2B	47CD	28	36844
2B	47CE	28	36844
2B	47CF	28	36844
2D	408F	28	36840
2D	4091	28	36840
2D	4093	28	36840
2D	4095	28	36840
2D	4097	28	36840
2D	4099	28	36840
2D	409C	28	36840
2D	409E	28	36840
2D	40A0	28	36840
2D	40A3	28	36840
2D	40A6	28	36840
2D	40A9	28	36840
2D	40AB	5376	36840
2D	40AC	5376	36840
2D	40AD	5376	36840
2D	40AE	5376	36840
2D	40AF	5376	36840
2D	40B1	28	36840
2D	40B4	28	36840
2D	40B7	28	36840
2D	40B9	1792	36840
2D	40BA	1792	36840
2D	40BB	1792	36840
2D	40BC	1792	36840
2D	40BD	1792	36840
2D	40BF	28	36840
2D	40C2	28	36840
2D	40C5	28	36840
2D	40C7	560	36840
2D	40C8	560	36840
2D	40C9	560	36840
2D	40CA	560	36840
2D	40CB	560	36840
2D	40CD	28	36840
2D	40D0	28	36840
2D	40D3	28	36840
2D	40D5	448	36840
2D	40D6	448	36840
2D	40D7	448	36840
2D	40D8	448	36840
2D	40D9	448	36840
2D	40DB	28	36840
2D	4E06	66	713
2D	4E08	66	713
2D	4E0A	66	713
2D	4E0C	66	713
2D	4E0F	66	713
2D	4E12	270336	713
2D	4E13	270336	713
2D	4E14	270336	713
2D	4E15	270336	713
2D	4E16	270336	713
2D	4E17	270336	713
2D	4E19	66	714
2D	4E1B	66	714
2D	4E1D	66	714
2D	4E1F	66	714
2D	4E22	66	714
2D	4E25	126720	714
2D	4E26	126720	714
2D	4E27	126720	714
2D	4E28	126720	714
2D	4E29	126720	714
2D	4E2A	126720	714
2D	4E2C	66	715
2D	4EC0	144	36901
2D	4EC1	144	36901
2D	4EC3	144	36901
2D	4EC5	144	36901
2D	4EC7	144	36901
2D	4ECA	144	36901
2D	4ECB	144	36901
2D	4ECD	144	36901
2D	4ECF	144	36901
2D	4ED0	144	36901
2D	4ED2	630	36903
2D	4ED4	630	36903
2D	4ED5	630	36903
2D	4ED7	630	36903
2D	4ED9	504	36903
2D	4EDA	504	36903
2D	4EDB	504	36903
2D	4EDD	504	36903
2D	4EDF	504	36903
2D	4EE0	504	36903
2D	4EE4	144	36901
2D	4EE6	144	36901
2D	4EE7	144	36901
2D	4EE9	18	36901
2D	4EEB	18	36901
2D	4EEC	90	36901
2D	4EED	90	36901
2D	4EEE	90	36901
2D	4EF0	90	36901
2D	4EF2	72	36901
2D	4EF4	72	36901
2D	4EF6	72	36901
2D	4EF7	72	36901
2D	4EF9	72	36901
2D	4EFA	72	36901
2D	4EFC	18	36901
2D	4EFD	144	36901
2D	4EFE	144	36901
2D	4F01	144	36901
2D	4F02	144	36901
2D	5016	22	10356
2D	5018	22	10356
2D	5019	22	10356
2D	501B	22	10356
2D	501D	22	10356
2D	501F	22	10356
2D	5020	22	10356
2D	5022	22	10356
2D	5025	22	10356
2D	5028	22	10356
2D	502A	22	10356
2D	502D	22	10357
2D	5030	22	10357
2D	5033	22	10357
2D	5035	22	10357
2D	5038	22	10358
2D	503B	22	10358
2D	503E	22	10358
2D	5040	22	10358
2D	5043	22	10359
2D	5046	22	10359
2D	5049	22	10359
2D	504B	22	10359
2D	504E	22	10360
2D	504F	22	10360
2D	5051	22	10360
2D	5053	22	10360
2D	5054	88	10356
2D	5055	88	10356
2D	5057	88	10356
2D	5058	88	10356
2D	505A	88	10356
2D	505B	88	10356
2D	505D	88	10356
2D	505E	88	10356
2D	5060	88	10356
2D	5063	340895	10356
2D	5064	340895	10356
2D	5066	340895	10356
2D	5068	88	10356
2D	5069	88	10356
2D	506B	88	10356
2D	506C	88	10356
2D	506E	88	10356
2D	5070	88	10356
2D	5072	88	10356
2D	5075	88	10356
2D	5077	88	10356
2D	5078	88	10356
2D	507A	88	10356
2D	507C	88	10356
2D	507D	88	10356
2D	507F	88	10356
2D	5081	5960	10356
2D	5082	5960	10356
2D	5083	5960	10356
2D	5085	88	10357
2D	5086	88	10357
2D	5088	88	10357
2D	508A	88	10357
2D	508B	88	10357
2D	70F4	5	11341
2D	70F5	5	11341
2D	70F6	5	11341
2D	70F7	5	11341
2D	70F8	5	11341
2D	70F9	5	11341
2D	70FB	5	11341
2D	70FD	5	11341
2D	70FF	5	11341
2D	7101	5	11341
2D	7104	5	11341
2D	7106	5	11341
2D	7108	5	11341
2D	7109	5	11341
2D	710C	5	11341
2D	710D	5	11341
2D	7110	5	11341
2D	7113	5	11341
2D	7115	20	11341
2D	7116	20	11341
2D	7117	20	11341
2D	7119	5	11341
2D	711A	5	11341
2D	711B	5	11341
2D	711C	5	11341
2D	711D	5	11341
2D	711E	5	11341
2E	4000	2	10354
2E	4001	2	10354
2E	4003	2	10354
2E	4004	2	10354
2E	4006	2	10354
2E	4008	2	10354
2E	400A	2	10354
2E	400C	2	10354
2E	400F	2	10354
2E	4011	2	10354
2E	4014	2	10354
2E	4015	2	10354
2E	4017	2	10354
2E	4019	2	10354
2E	401A	2	10354
2E	4020	2	10354
2E	4023	2	10379
2E	4025	2	10379
2E	4027	2	10379
2E	4029	2	10379
2E	402C	2	10379
2E	402E	2	10379
2E	402F	2	10379
2E	4030	2	10379
2E	4031	2	10379
2E	4032	2	10379
2E	4033	2	10379
2E	4034	2	10379
2E	4035	2	10379
2E	4036	2	10379
2E	4037	2	10379
2E	4038	2	10379
2E	4039	2	10379
2E	403A	2	10379
2E	403B	2	10379
2E	403C	2	10379
2E	403D	2	10379
2E	403E	2	10379
2E	403F	2	10379
2E	4042	2	10381
2E	4045	2	10381
2E	4048	2	10381
2E	404A	2	10381
2E	404C	2	10381
2E	4052	2	10381
2E	4055	2	10381
2E	4058	2	10381
2E	405B	2	10381
2E	4061	2	10381
2E	4067	55	10381
2E	4068	55	10381
2E	406E	55	10381
2E	406F	55	10381
2E	4072	55	10381
2E	4078	55	10381
2E	407B	55	10382
2E	407D	55	10382
2E	407F	55	10382
2E	4082	55	10382
2E	4088	55	10384
2E	408A	55	10384
2E	408C	2	10410
2E	408E	2	10410
2E	4099	2	10410
2E	409A	2	10410
2E	409B	2	10410
2E	409C	2	10410
2E	409F	2	10410
2E	40A2	2	10410
2E	40A4	2	10410
2E	40A6	2	10410
2E	40A8	2	10410
2E	40AE	2	10410
2E	40AF	2	10410
2E	40B0	2	10410
2E	40B1	2	10410
2E	40B2	2	10410
2E	40B3	2	10410
2E	40B4	2	10410
2E	40B5	2	10410
2E	40B6	2	10410
2E	40B9	2	10410
2E	40BC	2	10410
2E	40BF	9	10410
2E	40C0	9	10410
2E	40C1	9	10410
2E	40C2	9	10410
2E	40C5	9	10410
2E	40C7	9	10410
2E	40C9	9	10410
2E	40CC	9	10410
2E	40CE	9	10410
2E	40D0	9	10410
2E	40D3	9	10410
2E	40D4	9	10410
2E	40D7	9	10410
2E	40D8	9	10410
2E	4107	9	10410
2E	4108	9	10410
2E	4109	9	10410
2E	410B	9	10410
2E	410E	9	10410
2E	410F	9	10410
2E	4110	9	10410
2E	4111	9	10410
2E	4112	9	10410
2E	4113	9	10410
2E	4115	9	10410
2E	411B	9	10410
2E	411C	9	10410
2E	4122	9	10410
2E	4123	9	10410
2E	4124	9	10410
2E	4125	225	10410
2E	4126	225	10410
2E	4127	225	10410
2E	4128	225	10410
2E	4129	225	10410
2E	412F	225	10410
2E	4130	225	10410
2E	4133	225	10411
2E	4136	225	10411
2E	413C	225	10411
2E	413D	225	10411
2E	413E	225	10411
2E	413F	225	10411
2E	4141	225	10411
2E	4143	225	10411
2E	4149	225	10411
2E	414A	225	10411
2E	414B	225	10411
2E	414C	225	10411
2E	414D	225	10411
2E	4153	225	10411
2E	4155	225	10411
2E	4157	216	10411
2E	4158	216	10411
2E	4159	216	10411
2E	415A	216	10411
2E	415C	9	10435
2E	415E	9	10435
2E	416D	9	10435
2E	416E	9	10435
2E	416F	9	10435
2E	4170	9	10435
2E	4171	9	10435
2E	4173	9	10435
2E	4176	9	10435
2E	4177	9	10435
2E	4178	9	10435
2E	4179	9	10435
2E	417A	9	10435
2E	417D	2	10536
2E	417E	2	10536
2E	417F	2	10536
2E	4181	2	10536
2E	4183	2	10536
2E	4185	2	10536
2E	4188	2	10536
2E	4189	2	10536
2E	418A	2	10536
2E	418B	2	10536
2E	418C	2	10536
2E	418D	2	10536
2E	418E	2	10536
2E	418F	2	10536
2E	4190	2	10536
2E	4192	2	10536
2E	4194	2	10536
2E	4196	2	10536
2E	4199	2	10536
2E	419A	2	10536
2E	419B	2	10536
2E	419C	2	10536
2E	419D	2	10536
2E	419E	2	10536
2E	419F	2	10536
2E	41A0	2	10536
2E	41A1	2	10536
2E	41A2	2	10536
2E	41A4	2	10536
2E	41A6	2	10536
2E	41A8	2	10536
2E	41AB	2	10536
2E	41AC	2	10536
2E	41AD	2	10536
2E	41AE	2	10536
2E	41AF	2	10536
2E	41B1	2	10536
2E	41B3	2	10536
2E	41B5	2	10536
2E	41B8	2	10536
2E	41B9	2	10536
2E	41BB	2	10536
2E	41BC	2	10536
2E	41BD	2	10536
2E	41BF	2	10536
2E	41C0	2	10536
2E	41C1	2	10536
2E	41C3	2	10536
2E	41C5	2	10536
2E	41C7	2	10536
2E	41CA	2	10536
2E	41CB	2	10536
2E	41CC	2	10536
2E	41CD	2	10536
2E	41CE	2	10536
2E	41CF	2	10536
2E	41D0	2	10536
2E	41D2	2	10536
2E	41D4	2	10536
2E	41D6	2	10536
2E	41D9	2	10536
2E	41DA	2	10536
2E	41DB	2	10536
2E	41DC	2	10536
2E	41DD	2	10536
2E	41DE	2	10536
2E	41DF	2	10536
2E	41E0	2	10536
2E	41E1	2	10536
2E	41E2	2	10536
2E	4292	2	10536
2E	4295	2	10536
2E	4298	4	10536
2E	4299	4	10536
2E	429A	4	10536
2E	429B	4	10536
2E	429C	4	10536
2E	429D	4	10536
2E	429E	4	10536
2E	42A0	4	10536
2E	42A6	4	10536
2E	42A7	4	10536
2E	42A8	4	10536
2E	42A9	4	10536
2E	42AB	4	10536
2E	42AC	4	10536
2E	42AD	4	10536
2E	42AF	4	10536
2E	42B0	4	10536
2E	42B1	4	10536
2E	42B3	4	10536
2E	42B5	4	10536
2E	42B7	4	10536
2E	42BA	4	10536
2E	42BB	4	10536
2E	42BC	4	10536
2E	42BD	4	10536
2E	42BE	4	10536
2E	42BF	4	10536
2E	42C1	4	10536
2E	42C7	4	10536
2E	42C8	4	10536
2E	42CE	4	10536
2E	42CF	4	10536
2E	42D2	4	10537
2E	42D8	4	10537
2E	42DB	4	10537
2E	42DC	4	10537
2E	42DD	4	10537
2E	42DE	4	10537
2E	42DF	4	10537
2E	42E0	4	10537
2E	42E1	4	10537
2E	42E2	4	10537
2E	42E3	4	10537
2E	42E5	4	10537
2E	42E7	4	10537
2E	42E9	4	10537
2E	42EC	4	10537
2E	42ED	4	10537
2E	42EF	4	10537
2E	42F0	4	10537
2E	42F1	4	10537
2E	42F2	4	10537
2E	42F4	4	10537
2E	42F5	4	10537
2E	42F6	4	10537
2E	42F7	4	10537
2E	42F9	4	10537
2E	42FC	4	10538
2E	42FD	4	10538
2E	42FE	4	10538
2E	4304	4	10538
2E	4305	4	10538
2E	4307	4	10538
2E	430D	91	10538
2E	430E	91	10538
2E	430F	91	10538
2E	4310	91	10538
2E	4311	91	10538
2E	4317	91	10538
2E	4318	91	10538
2E	431B	91	10538
2E	4321	91	10538
2E	4324	91	10538
2E	4325	91	10538
2E	4326	91	10538
2E	4327	91	10538
2E	4329	91	10538
2E	432B	91	10538
2E	432D	1	10660
2E	432E	1	10660
2E	432F	1	10660
2E	4332	90	10538
2E	4333	90	10538
2E	4339	90	10538
2E	433B	90	10538
2E	433D	3	10566
2E	433F	3	10566
2E	434C	3	10566
2E	434D	3	10566
2E	434E	3	10566
2E	434F	3	10566
2E	4350	3	10566
2E	4351	3	10566
2E	4352	3	10566
2E	4353	3	10566
2E	4354	3	10566
2E	4355	3	10566
2E	4356	3	10566
2E	4357	3	10566
2E	4358	3	10566
2E	435B	3	10566
2E	435E	3	10566
2E	4361	3	10566
2E	4362	3	10566
2E	4368	3	10566
2E	4369	3	10566
2E	436C	3	10566
2E	436D	3	10566
2E	436E	3	10566
2E	436F	3	10566
2E	4370	3	10566
2E	4371	3	10566
2E	4372	3	10566
2E	4374	3	10566
2E	4376	3	10566
2E	4378	3	10566
2E	437B	3	10566
2E	437C	3	10566
2E	437D	3	10566
2E	437E	3	10566
2E	437F	3	10566
2E	4380	3	10566
2E	4381	3	10566
2E	4382	3	10566
2E	4383	3	10566
2E	4384	3	10566
2E	4385	3	10566
2E	4386	3	10566
2E	4388	3	10566
2E	438A	1	122107
2E	438C	1	122107
2E	43AF	3	10566
2E	43B0	3	10566
2E	43B1	3	10566
2E	43B2	3	10566
2E	43B3	3	10566
2E	43B4	3	10566
2E	43B5	3	10566
2E	43B7	3	10566
2E	43B9	3	10566
2E	43BB	3	10566
2E	43BE	3	10566
2E	43BF	3	10566
2E	43C0	3	10566
2E	43C1	3	10566
2E	43C2	3	10566
2E	43C3	3	10566
2E	43C4	3	10566
2E	43C5	3	10566
2E	43C6	3	10566
2E	43C7	3	10566
2E	43C8	3	10566
2E	43C9	3	10566
2E	43CA	3	10566
2E	43CB	3	10566
2E	43CE	3	10580
2E	43CF	3	10580
2E	43D0	3	10580
2E	43D3	3	10581
2E	43D6	3	10587
2E	43D7	3	10587
2E	43D8	3	10587
2E	43DA	3	10587
2E	43DC	3	10587
2E	43DE	3	10587
2E	43E1	3	10587
2E	43E2	3	10587
2E	43E4	3	10587
2E	43E5	3	10587
2E	43E6	3	10587
2E	43E7	3	10587
2E	43E9	3	10587
2E	43EA	3	10587
2E	43EB	3	10587
2E	43EC	3	10587
2E	43EE	3	10587
2E	43F1	3	10588
2E	43F2	3	10588
2E	43F3	3	10588
2E	43F4	3	10588
2E	43F5	3	10588
2E	43F6	3	10588
2E	43F7	3	10588
2E	43F8	3	10588
2E	43FA	3	10588
2E	4400	3	10588
2E	4401	3	10588
2E	4402	3	10588
2E	4404	3	10588
2E	4405	3	10588
2E	4406	3	10588
2E	4408	3	10588
2E	4409	3	10588
2E	440A	3	10588
2E	440C	3	10588
2E	440E	3	10588
2E	4410	3	10588
2E	4413	3	10588
2E	4414	3	10588
2E	4415	3	10588
2E	4416	3	10588
2E	4417	3	10588
2E	4418	3	10588
2E	441A	3	10588
2E	4420	3	10588
2E	4421	3	10588
2E	4427	3	10588
2E	4428	3	10588
2E	442B	3	10588
2E	4431	3	10588
2E	4434	3	10588
2E	4435	3	10588
2E	4436	3	10588
2E	4437	3	10588
2E	4438	3	10588
2E	443B	3	10588
2E	443E	3	10588
2E	4440	3	10588
2E	4442	3	10588
2E	4448	3	10588
2E	444B	3	10588
2E	444E	3	10588
2E	4451	3	10588
2E	4453	3	10588
2E	4456	3	10590
2E	4458	81	10590
2E	4459	81	10590
2E	445A	81	10590
2E	4460	81	10590
2E	4461	81	10590
2E	4464	81	10590
2E	4466	81	10590
2E	447A	81	10590
2E	447D	81	10590
2E	447E	81	10590
2E	4481	81	10590
2E	4483	81	10590
2E	4485	81	10590
2E	4488	81	10590
2E	448A	81	10590
2E	448C	81	10590
2E	448F	81	10590
2E	4490	81	10590
2E	4493	81	10590
2E	4494	81	10590
2E	44C3	81	10590
2E	44C4	81	10590
2E	44C5	81	10590
2E	44C7	81	10590
2E	44CA	81	10590
2E	44CD	81	10590
2E	44D3	81	10590
2E	44D4	81	10590
2E	44D6	81	10590
2E	44D8	81	10590
2E	44DA	2	122028
2E	44DB	2	122028
2E	44DC	2	122028
2E	44DE	2	122028
2E	44DF	2	122028
2E	44E1	2	122028
2E	44E3	2	122028
2E	44E6	2	122028
2E	44E9	2	122028
2E	44EA	2	122028
2E	44EC	2	122028
2E	44ED	2	122028
2E	44EE	2	122028
2E	44EF	2	122028
2E	44F0	2	122028
2E	44F2	2	122028
2E	44F4	1	122028
2E	44F6	81	10590
2E	44F8	81	10590
2E	44FA	81	10590
2E	4518	81	10590
2E	451A	81	10590
2E	451C	81	10590
2E	451F	9	10616
2E	4520	9	10616
2E	4522	9	10616
2E	4524	4	10616
2E	4525	4	10616
2E	4528	4	10616
2E	452B	4	10616
2E	452D	4	10616
2E	452F	4	10616
2E	4535	4	10616
2E	4538	4	10616
2E	453B	4	10616
2E	453E	4	10616
2E	4540	4	10616
2E	4543	4	10618
2E	4544	9	10618
2E	4545	9	10618
2E	4547	9	10618
2E	4549	3	122044
2E	454A	3	122044
2E	454D	3	122044
2E	4550	3	122044
2E	4552	3	122044
2E	4554	3	122044
2E	455A	3	122044
2E	455D	3	122044
2E	4560	3	122044
2E	4563	3	122044
2E	4565	3	122044
2E	4568	3	122046
2E	4569	9	10618
2E	456A	9	10618
2E	456C	9	10618
2E	456E	2	122028
2E	456F	2	122028
2E	4572	2	122028
2E	4575	2	122028
2E	4577	2	122028
2E	4579	2	122028
2E	457F	2	122028
2E	4582	2	122028
2E	4585	2	122028
2E	4588	2	122028
2E	458A	2	122028
2E	458D	2	122030
2E	458E	9	10618
2E	4590	9	10618
2E	4592	9	10618
2E	4595	3	10618
2E	4596	3	10618
2E	4597	3	10618
2E	4599	3	10618
2E	459A	3	10618
2E	459C	3	10618
2E	459E	3	10618
2E	45A1	3	10618
2E	45A4	3	10618
2E	45A5	3	10618
2E	45A7	3	10618
2E	45A8	3	10618
2E	45A9	3	10618
2E	45AA	3	10618
2E	45AB	3	10618
2E	45AC	3	10618
2E	45AE	3	10618
2E	45B1	1	122061
2E	45B3	1	122061
2E	467A	2	10618
2E	467B	2	10618
2E	467C	2	10618
2E	467F	2	10618
2E	4682	2	10618
2E	4685	2	10618
2E	4686	2	10618
2E	4687	2	10618
2E	4688	2	10618
2E	4689	2	10618
2E	468C	2	10623
2E	468F	2	10623
2E	4692	2	10623
2E	4695	2	10623
2E	4697	2	10623
2E	469D	2	10623
2E	469E	2	10623
2E	46A0	2	10623
2E	46A3	2	10624
2E	46A4	2	10624
2E	46A7	2	10624
2E	46AA	2	10624
2E	46AC	2	10624
2E	46AE	2	10624
2E	46B4	2	10624
2E	46B7	2	10624
2E	46BA	2	10624
2E	46BD	2	10624
2E	46C0	2	10625
2E	46C1	2	10625
2E	46C2	2	10625
2E	46C3	2	10625
2E	46C5	2	10625
2E	46C7	2	10625
2E	46C9	2	10625
2E	46CC	2	10625
2E	46CD	2	10625
2E	46CE	2	10625
2E	46CF	2	10625
2E	46D0	2	10625
2E	46D1	2	10625
2E	46D2	2	10625
2E	46D3	2	10625
2E	46D5	2	10625
2E	46D7	2	10625
2E	46D9	2	10625
2E	46DC	2	10625
2E	46DD	2	10625
2E	46DE	2	10625
2E	46DF	2	10625
2E	46E0	2	10625
2E	46E1	2	10625
2E	46E2	2	10625
2E	46E3	2	10625
2E	46E4	2	10625
2E	46E5	2	10625
2E	46E6	2	10625
2E	46E7	2	10625
2E	46E8	2	10625
2E	46E9	2	10625
2E	46EA	2	10625
2E	46EB	2	10625
2E	46F1	2	10625
2E	46F2	2	10625
2E	46F8	29	10626
2E	46FB	29	10626
2E	46FC	29	10626
2E	4702	29	10626
2E	4703	29	10626
2E	4709	29	10626
2E	470C	29	10626
2E	470E	29	10626
2E	4710	29	10626
2E	4712	1	122156
2E	4713	1	122156
2E	4714	1	122156
2E	4717	28	10626
2E	4718	28	10626
2E	471E	28	10626
2E	4720	28	10626
2E	4722	1	10646
2E	4724	1	10646
2E	4731	1	10646
2E	4732	1	10646
2E	4733	1	10646
2E	4736	1	122061
2E	4737	1	122061
2E	4738	1	122061
2E	473B	1	122061
2E	473E	1	122061
2E	4741	1	122061
2E	4742	1	122061
2E	4743	1	122061
2E	4744	1	122061
2E	4745	1	122061
2E	4748	1	122068
2E	474B	1	122068
2E	474E	1	122068
2E	4751	1	122068
2E	4753	1	122068
2E	4759	1	122068
2E	475A	1	122068
2E	475C	1	122068
2E	475F	1	122069
2E	4760	1	122069
2E	4763	1	122069
2E	4766	1	122069
2E	4768	1	122069
2E	476A	1	122069
2E	4770	1	122069
2E	4773	1	122069
2E	4776	1	122069
2E	4779	1	122069
2E	477C	1	122070
2E	477D	1	122070
2E	477E	2	10646
2E	477F	2	10646
2E	4781	2	10646
2E	4783	2	10646
2E	4785	2	10646
2E	4788	2	10646
2E	4789	2	10646
2E	478A	2	10646
2E	478B	2	10646
2E	478C	2	10646
2E	478D	2	10646
2E	478E	2	10646
2E	478F	2	10646
2E	4790	2	10646
2E	4791	2	10646
2E	4792	2	10646
2E	4793	2	10646
2E	4794	2	10646
2E	4795	2	10646
2E	4797	2	10646
2E	4799	2	10646
2E	479B	2	10646
2E	479E	2	10646
2E	479F	2	10646
2E	47A1	2	10646
2E	4887	2	10646
2E	4A47	2	10660
2E	4A49	2	10660
2E	4A4C	2	10662
2E	4A4E	2	10662
2E	4A50	2	10662
2E	4A51	2	10662
2E	4A54	2	10662
2E	4A55	2	10662
2E	4A56	2	10662
2E	4A58	2	10662
2E	4A5A	2	10662
2E	4A5C	2	10662
2E	4A5E	2	10662
2E	4A61	2	10662
2E	4A63	2	10662
2E	4A64	2	10662
2E	4A65	2	10662
2E	4A66	2	10662
2E	4A67	2	10662
2E	4A68	2	10662
2E	4A69	2	10662
2E	4A6A	2	10662
2E	4A6B	2	10662
2E	4A6C	2	10662
2E	4A6D	2	10662
2E	4A6E	2	10662
2E	4A74	2	10662
2E	4A7A	2	10678
2E	4A7C	2	10678
2E	4B2E	2	10354
2E	4B34	2	10354
2E	4B3A	2	10354
2E	4B40	2	10356
2E	4B46	2	10360
2E	4B4C	2	10361
2E	4B4D	2	10361
2E	4B4F	2	10361
2E	4B51	2	10361
2E	4B53	2	10361
2E	4B56	2	10361
2E	4B59	2	10361
2E	4B5C	2	10361
2E	4B5E	2	10361
2E	4B64	2	10361
2E	4B67	2	10361
2E	4B6A	2	10361
2E	4B6D	2	10361
2E	4B6F	2	10361
2E	4B75	2	10361
2E	4B78	2	10361
2E	4B7B	2	10361
2E	4B7D	2	10361
2E	4B7F	2	10361
2E	4B81	2	10361
2E	4B87	2	10361
2E	4B8A	2	10361
2E	4B8D	2	10361
2E	4B8F	2	10361
2E	4B91	2	10361
2E	4B93	2	10361
2E	4B99	2	10361
2E	4B9C	2	10361
2E	4B9F	2	10361
2E	4BA1	2	10361
2E	4BA3	2	10361
2E	4BA5	2	10361
2E	4BAB	2	10361
2E	4BAE	2	10361
2E	4BB1	2	10361
2E	4BB3	2	10361
2E	4BB5	2	10361
2E	4BB7	2	10361
2E	4BBD	2	10361
2E	4BC0	2	10361
2E	4BC3	2	10361
2E	4BC5	2	10361
2E	4BC7	2	10361
2E	4BC9	2	10361
2E	4BCF	2	10361
2E	4BD2	2	10361
2E	4BD5	2	10361
2E	4BD7	2	10361
2E	4BD9	2	10361
2E	4BDB	2	10361
2E	4BE1	2	10361
2E	4BE4	2	10361
2E	4BE7	2	10361
2E	4BEA	2	10361
2E	4BEC	2	10361
2E	4BF2	2	10361
2E	4BF4	2	10361
2E	4BF7	2	10361
2E	4BFA	2	10361
2E	4BFD	2	10361
2E	4C00	2	10361
2E	4C02	2	10361
2E	4C08	2	10361
2E	4C0A	2	10361
2E	4C0D	2	10361
2E	4C13	2	10361
2E	4C16	2	10362
2E	4C17	2	10362
2E	4C19	2	10362
2E	4C1A	2	10362
2E	4C1C	2	10362
2E	4C1E	2	10362
2E	4C21	2	10362
2E	4C24	2	10362
2E	4C25	2	10362
2E	4C27	2	10362
2E	4C28	2	10362
2E	4C2E	2	10362
2E	4C31	2	10362
2E	4C37	2	10379
2E	4C38	2	10379
2E	4C3A	2	10379
2E	4C3B	2	10379
2E	4C3D	2	10379
2E	4C3F	2	10379
2E	4C41	2	10379
2E	4C43	2	10379
2E	4C46	2	10379
2E	4C48	2	10379
2E	4C4B	2	10379
2E	4C4C	2	10379
2E	4C4E	2	10379
2E	4C50	2	10379
2E	4C51	2	10379
2E	4C57	2	10379
2E	4DBF	3	10566
2E	4DC0	3	10566
2E	4DC1	3	10566
2E	4DC2	3	10566
2E	4DC3	3	10566
2E	4DC4	3	10566
2E	4DC5	3	10566
2E	4DC8	3	10576
2E	4DC9	3	10576
2E	4DCA	3	10576
2E	4DCB	3	10576
2E	4DCD	3	10576
2E	4DCE	3	10576
2E	4DCF	3	10576
2E	4DD1	2	10576
2E	4DD3	2	10576
2E	4DD5	2	10576
2E	4DD7	2	10576
2E	4DDA	2	10576
2E	4DDD	4096	10576
2E	4DDE	4096	10576
2E	4DDF	4096	10576
2E	4DE0	4096	10576
2E	4DE1	4096	10576
2E	4DE2	4096	10576
2E	4DE4	2	10576
2E	4DE7	2	10578
2E	4DEA	2	10578
2E	4DED	2	10578
2E	4DF0	2	10578
2E	4DF2	2	10578
2E	4DF8	2	10578
2E	4DFB	2	10579
2E	4DFC	2	10579
2E	4DFE	2	10579
2E	4E01	2	10580
2E	4E02	2	10580
2E	4E05	2	10580
2E	4E06	2	10580
2E	4E07	2	10580
2E	4E08	1	122112
2E	4E0A	1	122112
2E	4E0C	1	122112
2E	4E0E	1	122112
2E	4E11	1	122112
2E	4E14	2048	122112
2E	4E15	2048	122112
2E	4E16	2048	122112
2E	4E17	2048	122112
2E	4E18	2048	122112
2E	4E19	2048	122112
2E	4E1B	1	122112
2E	4E1E	1	122114
2E	4E21	1	122114
2E	4E24	1	122114
2E	4E27	1	122114
2E	4E29	1	122114
2E	4E2F	1	122114
2E	4E32	1	122115
2E	4E33	1	122115
2E	4E35	1	122115
2E	4E38	1	122116
2E	4E39	1	122116
2E	4E3C	1	122116
2E	4E3D	1	122116
2E	4E3E	1	122116
2E	4EB1	3	10580
2E	4EBD	3	10581
2E	4EBF	3	10581
2E	4EC1	3	10581
2E	4EC3	3	10581
2E	4EC5	3	10581
2E	4EC8	3	10581
2E	4ECB	3	10581
2E	4ECE	3	10581
2E	4ED4	3	10582
2E	4ED6	3	10582
2E	4ED8	3	10582
2E	4EDA	3	10582
2E	4EDC	3	10582
2E	4EDF	3	10582
2E	4EE2	3	10582
2E	4EE5	3	10582
2E	4EEB	3	10583
2E	4EED	3	10583
2E	4EEF	3	10583
2E	4EF1	3	10583
2E	4EF3	3	10583
2E	4EF6	3	10583
2E	4EF9	3	10583
2E	4EFC	3	10583
2E	4F02	3	10585
2E	4F05	3	10587
2E	4F06	9	10581
2E	4F09	74	10581
2E	4F0B	74	10581
2E	4F0D	74	10581
2E	4F0F	74	10581
2E	4F10	74	10581
2E	4F12	74	10581
2E	4F14	65	10581
2E	4F15	65	10581
2E	4F1B	65	10581
2E	4F1C	65	10581
2E	4F1E	45	10581
2E	4F21	45	10581
2E	4F23	45	10581
2E	4F29	45	10581
2E	4F2A	45	10581
2E	4F2B	45	10581
2E	4F2C	45	10581
2E	4F2D	45	10581
2E	4F2E	45	10581
2E	4F2F	45	10581
2E	4F30	45	10581
2E	4F31	45	10581
2E	4F32	45	10581
2E	4F35	45	10581
2E	4F38	45	10581
2E	4F3E	45	10581
2E	4F3F	45	10581
2E	4F40	45	10581
2E	4F41	45	10581
2E	4F42	45	10581
2E	4F45	45	10581
2E	4F46	45	10581
2E	4F47	45	10581
2E	4F48	45	10581
2E	4F4B	45	10581
2E	4F51	45	10581
2E	4F52	45	10581
2E	4F53	45	10581
2E	4F54	45	10581
2E	4F56	45	10581
2E	4F57	45	10581
2E	4F58	45	10581
2E	4F5B	45	10581
2E	4F5C	45	10581
2E	4F5D	45	10581
2E	4F60	45	10581
2E	4F62	45	10581
2E	4F64	45	10581
2E	4F66	20	10584
2E	4F67	20	10584
2E	4F68	20	10584
2E	4F69	20	10584
2E	4F6A	20	10584
2E	4F6B	20	10584
2E	4F6E	20	10584
2E	4F74	20	10584
2E	4F75	20	10584
2E	4F76	20	10584
2E	4F77	20	10584
2E	4F7A	20	10584
2E	4F7D	20	10584
2E	4F7E	20	10584
2E	4F81	20	10584
2E	4F83	20	10584
2E	4F85	20	10584
2E	4F88	9	10582
2E	4F89	9	10582
2E	4F8A	9	10582
2E	4F8B	9	10582
2E	4F8D	9	10582
2E	4F90	9	10582
2E	4F96	9	10582
2E	4F97	9	10582
2E	4F98	9	10582
2E	4F99	9	10582
2E	4FA9	65	10581
2E	4FAA	65	10581
2E	4FAB	65	10581
2E	4FAC	65	10581
2E	4FAF	65	10581
2E	4FB5	65	10581
2E	4FB6	65	10581
2E	4FB7	65	10581
2E	4FB8	65	10581
2E	4FBA	65	10581
2E	4FBB	65	10581
2E	4FBC	65	10581
2E	4FBD	6	10576
2E	4FBF	6	10576
2E	4FC0	6	10576
2E	4FC2	6	10576
2E	4FC4	6	10576
2E	4FC6	6	10576
2E	4FC7	6	10576
2E	4FC9	6	10576
2E	4FCC	6	10576
2E	4FCF	6	10576
2E	4FD1	6	10576
2E	4FD4	6	10577
2E	4FD7	6	10577
2E	4FDA	6	10577
2E	4FDC	6	10577
2E	4FDF	6	10578
2E	4FE0	6	10578
2E	4FE2	6	10578
2E	4FE4	6	10578
2E	4FE5	12	10576
2E	4FE6	12	10576
2E	4FE8	12	10576
2E	4FE9	12	10576
2E	4FEB	12	10576
2E	4FEC	12	10576
2E	4FEE	12	10576
2E	4FEF	12	10576
2E	4FF1	12	10576
2E	4FF4	37446	10576
2E	4FF5	37446	10576
2E	4FF7	37446	10576
2E	4FF9	12	10576
2E	4FFB	4744	10576
2E	4FFC	4744	10576
2E	4FFD	4744	10576
2E	4FFF	12	10577
2E	5000	12	10577
2E	5002	12	10577
2E	5004	12	10577
2E	5005	3	10580
2E	5006	3	10580
2E	5008	3	10580
2E	500A	3	10580
2E	500C	3	10580
2E	500F	3	10580
2E	5012	3	10580
2E	5014	3	10580
2E	5016	3	10580
2E	5018	3	10580
2E	501A	18	10580
2E	501B	18	10580
2E	501D	18	10580
2E	501F	18	10580
2E	5021	18	10580
2E	5022	18	10580
2E	5023	18	10580
2E	5025	18	10580
2E	5027	18	10580
2E	5029	18	10580
2E	502A	18	10580
2E	502C	18	10580
2E	502E	18	10580
2E	5030	18	10580
2E	5031	18	10580
2E	5032	18	10580
2E	5033	18	10580
2E	5034	18	10580
2E	5036	18	10580
2E	5038	18	10580
2E	503A	18	10580
2E	503B	18	10580
2E	503C	18	10580
2E	503E	18	10580
2E	5040	18	10580
2E	5041	18	10580
2E	5043	18	10580
2E	5045	18	10580
2E	5047	18	10580
2E	5048	18	10580
2E	5049	18	10580
2E	504A	18	10580
2E	504B	18	10580
2E	504D	3	10580
2E	5050	3	10580
2E	5053	3	10580
2E	5054	3	10580
2E	5056	3	10580
2E	5057	11086	10580
2E	5059	11086	10580
2E	505B	11086	10580
2E	505D	3	10581
2E	505E	3	10581
2E	505F	3	10581
2E	5060	3	10581
2E	5061	3	10581
2E	5062	3	10581
2E	5063	3	10581
2E	5064	3	10581
2E	5065	3	10581
2E	5066	3	10581
2E	5067	3	10581
2E	5068	3	10581
2E	5069	3	10581
2E	506A	3	10581
2E	506B	3	10581
2E	506C	3	10581
2E	506D	3	10581
2E	506E	3	10581
2E	506F	3	10581
2E	5070	3	10581
2E	5071	3	10581
2E	5072	3	10581
2E	5073	3	10581
2E	5074	3	10581
2E	5075	3	10581
2E	5076	3	10581
2E	5077	3	10581
2E	5078	3	10581
2E	5079	3	10581
2E	507A	3	10581
2E	507B	3	10581
2E	507C	3	10581
2E	507D	3	10581
2E	507E	3	10581
2E	507F	3	10581
2E	5080	3	10581
2E	5081	3	10581
2E	5082	3	10581
2E	5083	3	10581
2E	5084	3	10581
2E	5085	3	10581
2E	5086	3	10581
2E	5088	3	10581
2E	508A	3	10581
2E	508C	3	10581
2E	508D	3	10581
2E	508E	3	10581
2E	5090	3	10581
2E	5092	3	10581
2E	5094	3	10581
2E	5095	3	10581
2E	5098	3	10581
2E	509B	3	10581
2E	509C	3	10581
2E	509E	3	10581
2E	50A0	3	10581
2E	50A2	3	10581
2E	50A3	3	10581
2E	50A4	3	10581
2E	50A5	3	10581
2E	50A7	3	10581
2E	50A9	3	10581
2E	50AB	3	10581
2E	50AC	3	10581
2E	50AD	3	10581
2E	50AE	3	10581
2E	50AF	3	10581
2E	50B1	3	10581
2E	50B3	3	10581
2E	50B5	3	10581
2E	50B6	3	10581
2E	50B7	3	10581
2E	50B8	3	10581
2E	50BA	3	10581
2E	50BC	3	10581
2E	50BE	3	10581
2E	50BF	3	10581
2E	50C0	3	10581
2E	50C1	3	10581
2E	50C2	3	10581
2E	50C4	3	10581
2E	50C6	3	10581
2E	50C8	3	10581
2E	50C9	3	10581
2E	50CA	3	10581
2E	50CB	3	10581
2E	50CD	3	10581
2E	50CF	3	10581
2E	50D1	3	10581
2E	50D2	3	10581
2E	50D3	3	10581
2E	50D4	3	10581
2E	50D5	3	10581
2E	50D7	3	10581
2E	50D9	3	10581
2E	50DB	3	10581
2E	50DC	3	10581
2E	50DD	3	10581
2E	50DE	3	10581
2E	50E0	3	10581
2E	50E2	3	10581
2E	50E4	3	10581
2E	50E5	3	10581
2E	50E6	3	10581
2E	50E7	3	10581
2E	50E8	3	10581
2E	50E9	3	10581
2E	50EB	3	10581
2E	50ED	3	10581
2E	50EF	3	10581
2E	50F0	3	10581
2E	50F1	3	10581
2E	50F2	3	10581
2E	50F4	3	10581
2E	50F6	3	10581
2E	50F8	3	10581
2E	50F9	3	10581
2E	50FA	3	10581
2E	50FB	3	10581
2E	50FC	3	10581
2E	50FE	3	10581
2E	5100	3	10581
2E	5102	3	10581
2E	5103	3	10581
2E	5104	3	10581
2E	5105	3	10581
2E	5107	3	10581
2E	5109	3	10581
2E	510B	3	10581
2E	510C	3	10581
2E	510D	3	10581
2E	510E	3	10581
2E	510F	3	10581
2E	5110	3	10581
2E	5112	3	10581
2E	5114	3	10581
2E	5116	3	10581
2E	5117	3	10581
2E	5118	3	10581
2E	5119	3	10581
2E	511B	3	10581
2E	511D	3	10581
2E	511F	3	10581
2E	5120	3	10581
2E	5121	3	10581
2E	5122	3	10581
2E	5123	3	10581
2E	5125	3	10581
2E	5127	3	10581
2E	5129	3	10581
2E	512A	3	10581
2E	512B	3	10581
2E	512C	3	10581
2E	512E	3	10581
2E	5130	3	10581
2E	5132	3	10581
2E	5133	3	10581
2E	5134	3	10581
2E	5135	3	10581
2E	5136	3	10581
2E	5137	3	10581
2E	5139	3	10581
2E	513B	3	10581
2E	513D	3	10581
2E	513E	3	10581
2E	513F	3	10581
2E	5140	3	10581
2E	5142	3	10581
2E	5144	3	10581
2E	5146	3	10581
2E	5147	3	10581
2E	5148	3	10581
2E	5149	3	10581
2E	514A	3	10581
2E	514C	3	10581
2E	514E	3	10581
2E	5150	3	10581
2E	5151	3	10581
2E	5152	3	10581
2E	5153	3	10581
2E	5155	3	10581
2E	5157	3	10581
2E	5159	3	10581
2E	515A	3	10581
2E	515B	3	10581
2E	515C	3	10581
2E	515D	3	10581
2E	515E	3	10581
2E	5160	3	10581
2E	5162	3	10581
2E	5164	3	10581
2E	5165	3	10581
2E	5166	3	10581
2E	5167	3	10581
2E	5169	3	10581
2E	516B	3	10581
2E	516D	3	10581
2E	516E	3	10581
2E	516F	3	10581
2E	5170	3	10581
2E	5171	3	10581
2E	5173	3	10581
2E	5175	3	10581
2E	5177	3	10581
2E	5178	3	10581
2E	5179	3	10581
2E	517A	3	10581
2E	517C	3	10581
2E	517E	3	10581
2E	5180	3	10581
2E	5181	3	10581
2E	5182	3	10581
2E	5183	3	10581
2E	5184	7	10537
2E	5185	7	10537
2E	5186	7	10537
2E	5188	7	10537
2E	518A	7	10537
2E	518C	7	10537
2E	518F	7	10537
2E	5195	7	10537
2E	5196	7	10537
2E	5197	7	10537
2E	51FD	7	10537
2E	51FE	7	10537
2E	51FF	7	10537
2E	5202	7	10537
2E	5208	7	10537
2E	5209	7	10537
2E	520A	7	10537
2E	525A	7	10537
2E	525B	7	10537
2E	525C	7	10537
2E	525F	7	10537
2E	5265	7	10537
2E	5266	7	10537
2E	5267	7	10537
2E	52A0	7	10537
2E	52A1	7	10537
2E	52A2	7	10537
2E	52A5	7	10537
2E	52AB	7	10537
2E	52AC	7	10537
2E	52AD	7	10537
2E	52CF	7	10537
2E	52D0	7	10537
2E	52D2	7	10537
2E	52D5	7	10537
2E	52D7	7	10537
2E	52DA	7	10537
2E	52DC	7	10537
2E	52DE	7	10537
2E	52E0	7	10537
2E	52E2	7	10537
2E	52E3	7	10537
2E	52E4	7	10537
2E	52E6	7	10537
2E	52E8	7	10537
2E	52EA	7	10537
2E	52EC	7	10537
2E	52EE	7	10537
2E	52F0	7	10537
2E	52F2	7	10537
2E	52F5	7	10537
2E	5315	7	10537
2E	5316	7	10537
2E	5318	7	10537
2E	5319	7	10537
2E	531B	7	10537
2E	531C	7	10537
2E	531E	7	10537
2E	531F	7	10537
2E	5321	7	10537
2E	5322	7	10537
2E	5323	7	10537
2E	5326	7	10537
2E	5327	7	10537
2E	5329	7	10537
2E	532A	7	10537
2E	532C	7	10537
2E	532D	7	10537
2E	532F	7	10537
2E	5330	7	10537
2E	5332	7	10537
2E	5333	7	10537
2E	5334	7	10537
2E	5336	7	10537
2E	5339	7	10538
2E	533A	7	10538
2E	533B	7	10538
2E	533C	6	10566
2E	533D	6	10566
2E	533E	6	10566
2E	533F	6	10566
2E	5341	6	10566
2E	5342	6	10566
2E	5344	6	10566
2E	5346	6	10566
2E	5348	6	10566
2E	534B	6	10566
2E	534E	24576	10566
2E	534F	24576	10566
2E	5350	24576	10566
2E	5351	24576	10566
2E	5352	24576	10566
2E	5353	24576	10566
2E	5355	6	10568
2E	5356	6	10568
2E	5358	6	10568
2E	535B	6	10568
2E	535E	6	10568
2E	5360	6	10568
2E	5366	6	10569
2E	5369	6	10569
2E	536C	6	10569
2E	536E	6	10569
2E	5374	6	10570
2E	5377	6	10570
2E	537A	6	10570
2E	537C	6	10570
2E	5382	6	10576
2E	5383	6	10576
2E	5385	6	10576
2E	5387	6	10576
2E	5388	6	10576
2E	5389	6	10576
2E	538A	6	10576
2E	538B	3	10379
2E	538C	3	10379
2E	538D	3	10379
2E	538F	3	10379
2E	5391	3	10379
2E	5393	3	10379
2E	5396	3	10379
2E	5399	3	10379
2E	539C	3	10379
2E	53A2	3	10380
2E	53A5	3	10381
2E	53A6	3	10381
2E	53A7	3	10381
2E	5429	2	10624
2E	542A	2	10624
2E	542B	2	10624
2E	542D	2	10624
2E	542F	2	10624
2E	5431	2	10624
2E	5434	2	10624
2E	5437	2	10624
2E	543A	2	10624
2E	5440	2	10624
2E	5443	2	10625
2E	5444	2	10625
2E	5445	2	10625
2E	5478	5	10380
2E	547A	5	10380
2E	547B	5	10380
2E	547D	5	10380
2E	547F	5	10380
2E	5481	5	10380
2E	5482	5	10380
2E	5484	5	10380
2E	5487	5	10380
2E	548A	5	10380
2E	548C	5	10380
2E	5492	5	10381
2E	5493	5	10381
2E	5495	5	10381
2E	5497	5	10381
2E	5498	14	10588
2E	5499	14	10588
2E	549A	14	10588
2E	549B	14	10588
2E	549C	14	10588
2E	549E	14	10588
2E	54A0	14	10588
2E	54A3	14	10588
2E	54A4	14	10588
2E	54A5	14	10588
2E	54A6	14	10588
2E	54A7	14	10588
2E	54A9	14	10588
2E	54AB	14	10588
2E	54AD	14	10588
2E	54AF	14	10588
2E	54B2	14	10588
2E	54B5	14	10588
2E	54BB	14	10589
2E	54BD	14	10589
2E	54BE	14	10589
2E	54C0	14	10589
2E	54C2	14	10589
2E	54C4	14	10589
2E	54C5	14	10589
2E	54C7	14	10589
2E	54CA	14	10589
2E	54CD	14	10589
2E	54CF	14	10589
2E	54D0	14	10589
2E	54D2	14	10589
2E	54D3	14	10589
2E	54D5	14	10589
2E	54D6	14	10589
2E	54D8	14	10589
2E	54D9	14	10589
2E	54DB	14	10589
2E	54DE	35781	10589
2E	54DF	35781	10589
2E	54E1	35781	10589
2E	54E3	14	10589
2E	54E4	14	10589
2E	54E6	978	10589
2E	54E7	978	10589
2E	54E8	978	10589
2E	54EA	14	10590
2E	54EB	14	10590
2E	54ED	14	10590
2E	54EF	14	10590
2E	54F0	14	10590
2E	54F1	14	10590
2E	54F3	14	10590
2E	54F5	14	10590
2E	54F6	14	10590
2E	54F7	14	10590
2E	55FA	520	10361
2E	55FB	520	10361
2E	55FC	520	10361
2E	55FD	520	10361
2E	55FE	520	10361
2E	55FF	520	10361
2E	5601	520	10361
2E	5603	520	10361
2E	5605	520	10361
2E	5607	520	10361
2E	560A	520	10361
2E	560B	520	10361
2E	560D	520	10361
2E	560F	520	10361
2E	5611	520	10361
2E	5614	520	10361
2E	5615	520	10361
2E	5617	507	10384
2E	5618	507	10384
2E	5619	507	10384
2E	561A	507	10384
2E	561B	507	10384
2E	561C	3	10578
2E	561D	3	10578
2E	561E	3	10578
2E	561F	3	10578
2E	5620	3	10578
2E	5621	3	10578
2E	5623	3	10578
2E	5625	3	10578
2E	5627	3	10578
2E	5629	3	10578
2E	562C	3	10578
2E	562D	3	10578
2E	562F	3	10578
2E	5631	3	10578
2E	5633	3	10578
2E	5636	16	10361
2E	5637	16	10361
2E	563A	16	10361
2E	563D	16	10361
2E	563F	16	10361
2E	5683	16	10361
2E	5686	16	10361
2E	5687	16	10361
2E	5689	16	10361
2E	568C	16	10361
2E	5692	16	10361
2E	5694	16	10361
2E	5696	16	10361
2E	5698	16	10361
2E	5699	16	10361
2E	569B	16	10361
2E	569E	16	10361
2E	569F	16	10361
2E	56A1	16	10361
2E	56A4	16	10361
2E	56A7	16	10361
2E	56A8	16	10361
2E	56AA	16	10361
2E	56AD	16	10361
2E	56B3	16	10361
2E	56B5	16	10361
2E	56B7	16	10361
2E	56B9	16	10361
2E	56BA	16	10361
2E	56BC	16	10361
2E	56BF	16	10361
2E	56C0	16	10361
2E	56C2	16	10361
2E	56C5	16	10361
2E	56C6	16	10361
2E	56C8	16	10361
2E	56CB	16	10362
2E	56CC	16	10362
2E	56CD	16	10362
2E	56CE	16	10362
2E	56CF	16	10362
2E	56D0	16	10362
48	4000	170	2422
48	4001	170	2422
48	4002	170	2422
48	4003	170	2422
48	4005	170	2422
48	4007	850	2422
48	4009	850	2422
48	400B	680	2422
48	400D	680	2422
48	400F	680	2422
48	4010	680	2422
48	4012	170	2422
48	4013	850	2422
48	4014	850	2422
48	4015	850	2422
48	4016	850	2422
48	4017	850	2422
48	4019	1700	2422
48	401B	1700	2422
48	401C	1700	2422
48	401E	850	2422
48	401F	850	2422
48	4020	850	2422
48	4022	139	2422
48	4023	139	2422
48	4024	139	2422
48	4026	139	2422
48	4027	139	2422
48	4028	139	2422
48	4029	139	2422
48	402B	138	2422
48	402D	138	2422
48	402E	138	2422
48	4030	139	2422
48	4031	139	2422
48	4032	139	2422
48	4033	850	2422
48	4034	850	2422
48	4035	850	2422
48	4037	850	2422
48	4039	170	2422
48	403A	170	2422
48	403B	170	2422
48	403C	170	2422
48	403D	170	2422
48	403E	477	725
48	4040	477	725
48	4041	477	725
48	4043	477	725
48	4044	477	725
48	4046	477	725
48	4047	477	725
48	4049	477	725
48	404A	477	725
48	404C	6371	725
48	404E	6371	725
48	4051	6371	725
48	4052	6371	725
48	4054	5894	725
48	4055	5894	725
48	4057	5894	725
48	405A	5894	725
48	405B	5894	725
48	405D	5894	725
48	405E	5894	725
48	405F	5894	725
48	4061	5894	725
48	4062	5894	725
48	4064	5894	725
48	4065	5894	725
48	4066	5894	725
48	4067	5894	725
48	4069	5894	725
48	406A	5894	725
48	406C	5894	725
48	406D	5894	725
48	406E	5894	725
48	406F	5894	725
48	4075	5894	725
48	4077	5894	725
48	4078	5894	725
48	407A	5894	725
48	407C	5894	725
48	407D	5894	725
48	407F	5894	725
48	4081	411	725
48	4083	411	725
48	4084	411	725
48	4086	5894	725
48	4088	5894	725
48	408A	5894	725
48	408B	5894	725
48	408D	5894	725
48	408F	234	725
48	4091	234	725
48	4092	234	725
48	4094	5894	725
48	4096	5894	725
48	4097	5894	725
48	4099	5894	725
48	409A	5894	725
48	409C	477	727
48	409E	477	727
48	409F	477	727
48	40A1	477	727
48	40A2	477	727
48	40A4	477	727
48	40A5	477	727
48	40A7	477	727
48	40A8	477	727
48	40A9	344	7263
48	40AC	344	7263
48	40AE	344	7263
48	40B1	344	7263
48	40B2	344	7263
48	40B5	344	7263
48	40B6	344	7263
48	40B9	344	7263
48	40BA	344	7263
48	40BD	344	7263
48	40BE	344	7263
48	40C1	344	7263
48	40C4	551	7263
48	40C5	551	7263
48	40C7	551	7263
48	40C8	551	7263
48	40CA	551	7263
48	40CB	551	7263
48	40CC	551	7263
48	40CE	551	7263
48	40CF	551	7263
48	40D0	551	7263
48	40D1	551	7263
48	40D2	551	7263
48	40D3	4396	7263
48	40D6	4396	7263
48	40D9	4396	7263
48	40DA	4396	7263
48	40DC	4052	7263
48	40DE	4052	7263
48	40E0	3938	7263
48	40E1	3938	7263
48	40E4	3938	7263
48	40E7	3938	7263
48	40E8	3938	7263
48	40EA	3938	7263
48	40EB	3938	7263
48	40EC	3938	7263
48	40ED	3938	7263
48	40F0	3938	7263
48	40F1	3938	7263
48	40F3	3938	7263
48	40F4	3938	7263
48	40F7	3938	7263
48	40F9	3938	7263
48	40FA	3938	7263
48	40FB	3938	7263
48	40FC	3938	7263
48	40FE	3938	7263
48	40FF	3938	7263
48	4100	3938	7263
48	4102	3938	7263
48	4103	3938	7263
48	4104	3938	7263
48	4105	3938	7263
48	4106	3938	7263
48	4107	3938	7263
48	4108	3938	7263
48	4109	3938	7263
48	410A	3938	7263
48	410B	3938	7263
48	410E	3938	7263
48	410F	3938	7263
48	4111	3938	7263
48	4112	3938	7263
48	4113	3938	7263
48	4114	3938	7263
48	411A	3938	7263
48	411C	3938	7263
48	411D	3938	7263
48	411E	3938	7263
48	4120	3938	7263
48	4121	3938	7263
48	4122	3938	7263
48	4123	3938	7263
48	4125	3938	7263
48	4126	3938	7263
48	4129	3938	7263
48	412A	3938	7263
48	412D	3938	7263
48	412E	3938	7263
48	412F	3938	7263
48	4132	3938	7263
48	4134	93	7263
48	4137	93	7263
48	413A	93	7263
48	413B	93	7263
48	413E	93	7263
48	413F	93	7263
48	4141	114	7263
48	4142	114	7263
48	4145	114	7263
48	4146	114	7263
48	4149	114	7263
48	414A	114	7263
48	414B	114	7263
48	414C	114	7263
48	414F	114	7263
48	4152	114	7263
48	4153	114	7263
48	4154	114	7263
48	4155	114	7263
48	4156	114	7263
48	4159	344	7264
48	415A	750	548
48	415C	750	548
48	415D	750	548
48	415F	750	548
48	4160	750	548
48	4162	750	548
48	4163	750	548
48	4165	750	548
48	4167	750	548
48	4168	750	548
48	416A	750	548
48	416C	750	548
48	416D	750	548
48	416F	750	548
48	4171	750	548
48	4172	750	548
48	4174	750	548
48	4176	750	548
48	4177	750	548
48	4178	750	548
48	417A	750	548
48	417C	750	548
48	417D	750	548
48	417F	750	548
48	4180	750	548
48	4181	750	548
48	4183	750	548
48	4184	750	548
48	4185	750	548
48	4186	750	548
48	4188	750	548
48	418B	750	548
48	418C	750	548
48	418D	750	548
48	418E	750	548
48	418F	750	548
48	4191	750	548
48	4193	750	548
48	4194	750	548
48	4196	750	548
48	4197	750	548
48	4198	750	548
48	419A	750	548
48	419B	750	548
48	419C	750	548
48	419D	750	548
48	419E	750	548
48	419F	11907	548
48	41A1	11907	548
48	41A4	11907	548
48	41A5	11907	548
48	41A8	11157	548
48	41AA	11157	548
48	41AC	11157	548
48	41AD	11157	548
48	41AF	11157	548
48	41B2	11157	548
48	41B3	11157	548
48	41B5	11157	548
48	41B6	11157	548
48	41B7	11157	548
48	41B8	11157	548
48	41BA	11157	548
48	41BB	11157	548
48	41BD	11157	548
48	41BE	11157	548
48	41C0	11157	548
48	41C1	11157	548
48	41C2	11157	548
48	41C4	11157	548
48	41C5	11157	548
48	41C6	11157	548
48	41C7	11157	548
48	41C9	11157	548
48	41CA	11157	548
48	41CC	11157	548
48	41CD	11157	548
48	41CE	11157	548
48	41CF	11157	548
48	41D5	11157	548
48	41D7	11157	548
48	41D8	11157	548
48	41D9	11157	548
48	41DB	11157	548
48	41DC	11157	548
48	41DD	11157	548
48	41DE	11157	548
48	41E0	11157	548
48	41E1	11157	548
48	41E3	11157	548
48	41E4	11157	548
48	41E6	11157	548
48	41E7	11157	548
48	41E8	11157	548
48	41EA	11157	548
48	4222	750	548
48	4223	13723	550
48	4226	13723	550
48	4227	13723	550
48	4229	13710	550
48	422A	13710	550
48	422D	13710	550
48	422E	13	48275
48	4231	13	48275
48	4232	13	48275
48	4233	6	48277
48	4235	6	48277
48	4238	6	48277
48	423A	6	48277
48	423C	3	48279
48	423F	3	48279
48	4240	3	48279
48	424F	6	48277
48	4252	6	48277
48	4253	6	48277
48	4256	6	48277
48	4257	6	48277
48	4259	6	48277
48	425A	1	48286
48	425D	1	48286
48	425F	1	48286
48	4261	1	48286
48	4263	1	48286
48	4264	1	48286
48	4266	1	48286
48	4268	1	48286
48	4269	1	48286
48	426A	1	48286
48	426C	1	48286
48	426D	1	48286
48	4270	1	48286
48	4271	1	48286
48	4273	1	48286
48	4274	1	48286
48	4276	1	48286
48	4278	1	48286
48	4279	1	48286
48	427A	1	48286
48	427C	1	48286
48	427D	1	48286
48	427F	1	48286
48	4281	1	48286
48	4282	1	48286
48	4284	1	48286
48	4286	1	48286
48	4288	1	48286
48	428A	1	48286
48	428B	1	48286
48	428C	1	48286
48	428E	1	48286
48	4290	1	48286
48	4292	1	48286
48	4298	1	48287
48	429B	1	48287
48	429C	1	48287
48	429D	1	48287
48	429E	1	48287
48	42A0	1	48287
48	42A1	1	48287
48	42A2	1	48287
48	42A4	1	48287
48	42A5	1	48287
48	42A7	1	48287
48	42A9	1	48287
48	42AB	1	48287
48	42B1	1	48288
48	42B3	1	48288
48	42B4	1	48288
48	42B6	1	48288
48	42B8	1	48288
48	42BA	1	48288
48	42BD	1	48288
48	42BE	1	48288
48	42C0	1	48288
48	42C3	1	48288
48	42C6	1	48288
48	42C7	1	48288
48	42CA	1	48288
48	42CD	1	48288
48	42CE	1	48288
48	42D4	375	546
48	42D5	375	546
48	42D8	375	546
48	42DB	375	546
48	42DD	375	546
48	42DF	375	546
48	42E0	375	546
48	42E2	375	546
48	42E4	375	546
48	42E6	375	546
48	42E8	375	546
48	42E9	375	546
48	42EA	375	546
48	42EB	375	546
48	42EC	375	546
48	42ED	375	546
48	42EE	375	546
48	42F0	375	546
48	42F1	375	546
48	42F2	375	546
48	42F5	375	546
48	42F8	375	546
48	42F9	375	546
48	42FA	375	546
48	42FD	375	546
48	4300	375	546
48	4301	375	546
48	4302	375	546
48	4303	375	546
48	4305	375	546
48	4308	375	546
48	4309	2514	546
48	430A	2514	546
48	430D	2514	546
48	430E	2514	546
48	4310	2139	546
48	4311	2139	546
48	4314	2139	546
48	4315	2139	546
48	4317	2139	546
48	4318	2139	546
48	431A	375	546
48	431B	375	546
48	431D	375	546
48	431F	375	546
48	4320	375	546
48	4322	375	546
48	4323	375	546
48	4326	375	546
48	4328	375	546
48	432B	375	546
48	432C	375	546
48	432D	375	546
48	4330	375	546
48	4333	375	546
48	4334	375	546
48	4335	375	546
48	4338	375	546
48	433B	375	546
48	433C	375	546
48	433D	375	546
48	433F	375	546
48	4342	375	546
48	4343	9393	546
48	4344	9393	546
48	4347	9393	546
48	4348	9393	546
48	434A	9018	546
48	434B	9018	546
48	434E	9018	546
48	434F	9018	546
48	4351	9018	546
48	4352	9018	546
48	4354	375	546
48	4355	375	546
48	4357	375	546
48	435A	375	546
48	435C	375	546
48	435E	375	546
48	4360	375	546
48	4363	375	546
48	4365	375	546
48	4368	375	546
48	436A	375	546
48	436D	375	546
48	4370	375	546
48	4372	375	546
48	4373	375	546
48	4375	375	546
48	4376	375	546
48	4377	375	546
48	437A	375	548
48	437B	375	548
48	437E	375	548
48	4381	375	548
48	4383	375	548
48	4385	375	548
48	4387	375	548
48	4388	375	548
48	4389	375	548
48	438C	375	548
48	438D	375	548
48	4390	375	548
48	4391	375	548
48	4393	375	548
48	4396	375	548
48	4398	375	548
48	439A	375	548
48	439B	375	548
48	439D	375	548
48	439E	375	548
48	43A0	375	548
48	43A3	375	548
48	43A9	375	548
48	43AB	375	548
48	43AE	375	548
48	43AF	375	548
48	43B2	375	548
48	43B3	375	548
48	43B5	375	548
48	43B8	375	548
48	43BA	375	548
48	43BC	375	548
48	43BD	375	548
48	43BF	375	548
48	43C0	375	548
48	43C2	375	548
48	43C5	375	548
48	43CB	375	548
48	43CD	375	548
48	43CF	375	548
48	43D2	375	548
48	43D3	375	548
48	43D6	375	548
48	43D9	375	548
48	43DC	375	548
48	43DF	375	548
48	43E1	375	548
48	43E3	375	548
48	43E5	375	548
48	43EB	375	549
48	43EE	375	549
48	43F1	375	549
48	43F4	375	549
48	43F6	375	549
48	43F8	375	549
48	43FA	375	549
48	4400	375	550
48	4402	375	550
48	4403	375	550
48	4405	375	550
48	4407	375	550
48	4409	375	550
48	440A	375	548
48	440B	375	548
48	440D	375	548
48	440F	375	548
48	4411	375	548
48	4413	375	548
48	4416	375	548
48	4419	375	548
48	441C	375	548
48	441F	375	548
48	4422	375	548
48	4425	375	548
48	4428	375	548
48	442B	375	548
48	442E	375	548
48	4431	375	548
48	4434	375	548
48	4437	375	548
48	4439	375	548
48	443C	375	548
48	443E	375	548
48	4441	375	548
48	4443	375	548
48	4446	375	548
48	4448	375	548
48	444B	375	548
48	444D	375	548
48	4450	375	548
48	4452	375	548
48	4455	375	548
48	4457	375	548
48	4459	375	548
48	445B	375	548
48	445C	375	548
48	445E	375	548
48	445F	375	548
48	4460	677	546
48	4462	677	546
48	4464	677	546
48	4465	677	546
48	4467	677	546
48	4469	677	546
48	446B	677	546
48	446D	677	546
48	446E	677	546
48	4471	677	546
48	4474	677	546
48	4477	677	546
48	447A	677	546
48	447D	677	546
48	4480	677	546
48	4482	677	546
48	4484	677	546
48	4486	677	546
48	448C	677	547
48	448F	677	547
48	4492	677	547
48	4495	677	547
48	4497	677	547
48	4499	677	547
48	449B	677	547
48	44A1	677	548
48	44A3	677	548
48	44A5	677	548
48	44A7	374	591
48	44A8	374	591
48	44AA	374	591
48	44AC	374	591
48	44AE	374	591
48	44B1	374	591
48	44B4	374	591
48	44B5	374	591
48	44B8	374	591
48	44B9	374	591
48	44BC	374	591
48	44BD	374	591
48	44C0	374	591
48	44C3	374	591
48	44C4	374	591
48	44C7	374	591
48	44C8	374	591
48	44CB	374	591
48	44CC	374	591
48	44CE	374	591
48	44D0	374	591
48	44D2	374	591
48	44D3	374	591
48	44D5	374	591
48	44D6	677	548
48	44D8	677	548
48	44D9	677	548
48	44DB	677	548
48	44DD	677	548
48	44DF	677	548
48	44E0	63	14272
48	44E2	63	14272
48	44E4	63	14272
48	44E6	63	14272
48	44E7	63	14272
48	44E9	63	14272
48	44EB	63	14272
48	44ED	63	14272
48	44EF	63	14272
48	44F2	63	14272
48	44F5	63	14272
48	44F8	63	14272
48	44FB	63	14272
48	44FE	63	14272
48	4501	63	14272
48	4504	63	14272
48	4507	63	14272
48	4509	63	14272
48	450C	63	14272
48	450F	63	14272
48	4511	63	14272
48	4514	63	14272
48	451A	63	14273
48	451D	562	14273
48	4520	562	14274
48	4523	562	14274
48	4529	562	14274
48	452A	562	14274
48	452D	562	14274
48	4533	561	14275
48	4534	561	14275
48	4536	62	14288
48	4538	62	14288
48	4539	62	14288
48	453B	62	14288
48	453D	62	14288
48	453F	62	14288
48	4540	8	27134
48	4542	8	27134
48	4544	8	27134
48	4546	8	27134
48	4547	8	27134
48	4549	8	27134
48	454B	8	27134
48	454D	8	27134
48	454F	8	27134
48	4552	8	27134
48	4555	8	27134
48	4558	8	27134
48	455B	8	27134
48	455E	8	27134
48	4561	8	27134
48	4564	8	27134
48	4567	8	27134
48	4569	8	27134
48	456C	8	27134
48	456F	8	27134
48	4571	8	27134
48	4574	8	27134
48	457A	64	27134
48	457D	64	27135
48	4580	64	27135
48	4586	64	27135
48	4587	64	27135
48	458A	64	27135
48	4590	64	27135
48	4591	64	27135
48	4593	8	27142
48	4595	8	27142
48	4596	8	27142
48	4598	8	27142
48	459A	8	27142
48	459C	8	27142
48	459D	71	14272
48	45A0	71	14272
48	45A2	71	14272
48	45A4	8	27134
48	45A5	8	27134
48	45A8	8	27134
48	45A9	8	27134
48	45AC	8	27134
48	45AD	8	27134
48	45B0	8	27134
48	45B3	8	27134
48	45B5	63	14272
48	45B6	63	14272
48	45B9	63	14272
48	45BA	63	14272
48	45BD	63	14272
48	45BE	63	14272
48	45C1	63	14272
48	45C2	63	14272
48	45C5	71	14272
48	45C8	71	14272
48	45CB	71	14272
48	45CD	71	14272
48	45CF	71	14272
48	45D1	71	14272
48	45D3	4544	14272
48	45D4	4544	14272
48	45D6	4544	14272
48	45D9	4544	14272
48	45DA	4544	14272
48	45DB	4544	14272
48	45DD	4260	14272
48	45DE	4260	14272
48	45DF	4260	14272
48	45E0	4260	14272
48	45E1	4260	14272
48	45E2	4260	14272
48	45E3	4260	14272
48	45E4	4260	14272
48	45E5	4260	14272
48	45E7	1065	14272
48	45E8	1065	14272
48	45EA	1065	14272
48	45ED	1065	14272
48	45EF	1065	14272
48	45F0	4260	14272
48	45F1	4260	14272
48	45F3	71	14272
48	45F4	284	14272
48	45F7	284	14272
48	45F8	284	14272
48	45FB	284	14272
48	45FC	284	14272
48	45FF	284	14272
48	4600	284	14272
48	4601	284	14272
48	4604	284	14272
48	4605	284	14272
48	4606	284	14272
48	4607	284	14272
48	4609	71	14272
48	460A	71	14272
48	460C	71	14272
48	460F	71	14272
48	4611	71	14272
48	4612	284	14272
48	4613	284	14272
48	4616	525	520
48	4619	525	520
48	461A	525	520
48	461C	525	520
48	461D	525	520
48	461F	525	520
48	4621	134	7742
48	4623	134	7742
48	4625	121	7742
48	4627	121	7742
48	462A	391	520
48	462C	391	520
48	462E	391	520
48	462F	391	520
48	4631	391	520
48	4634	391	520
48	4636	391	520
48	4639	391	520
48	463B	391	520
48	463D	391	520
48	4640	391	520
48	4641	391	520
48	4642	391	520
48	4643	391	520
48	4645	391	520
48	4648	391	520
48	464A	391	520
48	464B	391	520
48	464D	391	520
48	4650	391	520
48	4652	391	520
48	4653	391	520
48	4654	391	520
48	4655	391	520
48	4658	391	520
48	4659	391	520
48	465A	391	520
48	465B	391	520
48	465C	13	106148
48	465D	13	106148
48	465E	13	106148
48	465F	121	7742
48	4661	121	7742
48	4663	121	7742
48	4664	121	7742
48	4666	121	7742
48	4669	121	7742
48	466B	121	7742
48	466D	121	7742
48	466E	121	7742
48	466F	121	7742
48	4671	121	7742
48	4672	121	7742
48	4674	121	7742
48	4676	121	7742
48	4678	121	7742
48	4679	1088	528
48	467C	1088	528
48	467E	1088	528
48	4681	1088	528
48	4684	1088	528
48	4686	1088	528
48	4688	1088	528
48	4689	1088	528
48	468B	1088	528
48	468E	1088	528
48	4691	1088	528
48	4693	1088	528
48	4695	1088	528
48	4696	1088	528
48	4697	1088	528
48	469A	1088	528
48	469B	4910	528
48	469C	85056	528
48	469D	85056	528
48	469E	85056	528
48	469F	85056	528
48	46A1	4910	528
48	46A2	4910	528
48	46A4	4910	528
48	46A5	4910	528
48	46A6	4910	528
48	46A7	4910	528
48	46A8	4910	528
48	46AA	4910	528
48	46AB	4910	528
48	46AC	4910	528
48	46AD	4910	528
48	46AF	1088	528
48	46B0	1088	528
48	46B3	1088	528
48	46B4	1088	528
48	46B5	1088	528
48	46B6	1088	528
48	46BC	1088	528
48	46BE	1088	528
48	46BF	1088	528
48	46C1	1088	528
48	46C3	1088	528
48	46C5	1088	528
48	46C6	256	560
48	46C8	256	560
48	46CA	256	560
48	46CB	256	560
48	46CD	256	560
48	46CF	256	560
48	46D1	256	560
48	46D3	256	560
48	46D5	256	560
48	46D8	256	560
48	46DB	256	560
48	46DE	256	560
48	46E1	256	560
48	46E4	256	560
48	46E6	256	560
48	46E9	256	560
48	46EC	256	560
48	46EE	256	560
48	46F4	256	560
48	46FA	6144	561
48	46FD	6144	562
48	4700	6144	562
48	4706	6144	562
48	4707	6144	562
48	470A	6144	562
48	470D	6144	562
48	4710	6144	562
48	4711	6144	562
48	4713	1536	565
48	4715	1536	565
48	471B	1536	566
48	471C	1536	566
48	471E	256	589
48	4720	256	589
48	4721	256	589
48	4723	256	589
48	4725	256	589
48	4727	256	589
48	4728	39	7266
48	4729	39	7266
48	472B	39	7266
48	472C	39	7266
48	472E	39	7266
48	4734	39	7266
48	4735	39	7266
48	4737	39	7266
48	473D	39	7266
48	473E	39	7266
48	4740	39	7266
48	4742	39	7266
48	4743	39	7266
48	4748	27321	548
48	474A	27321	548
48	474B	27321	548
48	474E	27321	548
48	474F	27321	548
48	4752	27321	548
48	4753	27321	548
48	4756	27321	548
48	4757	27321	548
48	475A	27321	548
48	475B	27321	548
48	475E	27321	548
48	475F	27321	548
48	4760	27321	548
48	4763	27321	548
48	4764	27321	548
48	4767	27321	548
48	4768	27321	548
48	476B	27321	548
48	476C	27321	548
48	476F	27321	548
48	4770	27321	548
48	4773	27321	548
48	4774	27321	548
48	4777	178900	548
48	4778	178900	548
48	4779	178900	548
48	477A	178900	548
48	477B	178900	548
48	477C	178900	548
48	477F	178900	548
48	4780	178900	548
48	4781	178900	548
48	4783	60829	548
48	4785	60040	548
48	4786	60040	548
48	4787	60040	548
48	4788	60040	548
48	478A	118071	548
48	478B	118071	548
48	478C	118071	548
48	478E	91539	548
48	478F	91539	548
48	4790	91539	548
48	4791	91539	548
48	4793	27321	548
48	4794	27321	548
48	4795	27321	548
48	4796	27321	548
48	4798	27321	548
48	479A	27321	548
48	479C	27321	548
48	479E	27321	548
48	47A0	27321	548
48	47A2	27321	548
48	47A4	27321	548
48	47A6	27321	548
48	47A8	27321	548
48	47A9	27321	548
48	47AA	27321	548
48	47AB	27321	548
48	47AC	27321	548
48	47AD	27321	548
48	47AE	27321	548
48	47B0	27321	548
48	47B2	27321	548
48	47B3	27321	548
48	47B5	27321	548
48	47B7	27321	548
48	47B9	27321	548
48	47BA	27321	548
48	47BC	27321	548
48	47BE	27321	548
48	47C0	27321	548
48	47C3	27321	548
48	47C4	27321	548
48	47C5	27321	548
48	47C8	27321	548
48	47C9	27321	548
48	47CC	27321	548
48	47CD	27321	548
48	47D0	27321	548
48	47D1	27321	548
48	47D4	27321	548
48	47D6	218568	548
48	47D7	218568	548
48	47D8	218568	548
48	47D9	218568	548
48	47DA	218568	548
48	47DB	218568	548
48	47DD	27321	548
48	47E0	27321	548
48	47E1	27321	548
48	47E4	27321	548
48	47E5	27321	548
48	47E8	27321	548
48	47E9	27321	548
48	47EC	27321	548
48	47EE	218568	548
48	47EF	218568	548
48	47F0	218568	548
48	47F1	218568	548
48	47F2	218568	548
48	47F3	218568	548
48	47F5	27321	548
48	47F6	27321	548
48	47F8	27321	548
48	47FB	27321	548
48	47FD	27321	548
48	47FE	27321	548
48	4800	27321	548
48	4803	27321	548
48	4805	27321	548
48	4807	27321	548
48	4808	27321	548
48	480A	27321	548
48	480C	27321	548
48	480E	27321	548
48	4899	32	326
48	489C	32	326
48	489E	32	326
48	48A1	32	326
48	48A4	32	326
48	48A5	32	326
48	48A7	32	326
48	48AA	32	326
48	48AD	32	326
48	48AE	32	326
48	48AF	32	326
48	48B0	32	326
48	48B1	32	326
48	48B2	32	326
48	48B3	32	326
48	48B4	32	326
48	48B5	32	326
48	48B6	32	326
48	48B7	32	326
48	48BB	389	520
48	48E1	423	326
48	48E2	423	326
48	48E5	423	326
48	48E8	423	326
48	48EA	423	326
48	48EC	423	326
48	48EE	6768	326
48	48EF	6768	326
48	48F2	6768	326
48	48F3	6768	326
48	48F4	6768	326
48	48F5	6768	326
48	48FE	6768	326
48	48FF	6768	326
48	4901	423	326
48	4904	423	326
48	4906	423	326
48	4908	23688	326
48	4909	23688	326
48	490C	23688	326
48	490D	23688	326
48	490E	23688	326
48	490F	23688	326
48	4911	461	326
48	4914	461	326
48	4915	461	326
48	4918	23688	326
48	4919	23688	326
48	491B	423	326
48	491E	423	326
48	491F	423	326
48	495C	391	520
48	495F	391	520
48	4961	391	520
48	4963	391	520
48	4964	391	520
48	4966	391	520
48	4968	391	520
48	496A	391	520
48	496D	391	520
48	496F	391	520
48	4971	391	520
48	4974	391	520
48	4977	391	520
48	4978	391	520
48	4979	391	520
48	497A	391	520
48	497B	391	520
48	497C	391	520
48	497E	391	520
48	4981	391	520
48	4983	391	520
48	4984	391	520
48	4986	391	520
48	4989	391	520
48	498B	391	520
48	498C	15	14240
48	4992	15	14240
48	4994	15	14240
48	4996	15	14240
48	4999	15	14240
48	499C	15	14240
48	499E	15	14240
48	499F	15	14240
48	49A1	15	14240
48	49A3	8	137393
48	49A5	8	137393
48	49A7	4	139184
48	49A9	7	14240
48	49AB	7	14240
48	49B1	6	14407
48	49B2	6	14407
48	49B3	6	14407
48	49B4	1	104515
48	49B6	4	137393
48	49B8	4	137393
48	49BE	4	137579
48	49BF	4	137579
48	49C0	4	137579
48	49C1	1	139028
48	49C3	6	104515
48	49C5	6	104515
48	49C8	6	104515
48	49CB	6	104515
48	49CC	6	104515
48	49CD	6	104515
48	49CF	6	104515
48	49D2	6	104515
48	49D8	6	104515
48	49DA	6	104515
48	49DB	36	591
48	49E1	36	591
48	49E3	36	591
48	49E5	36	591
48	49E8	36	591
48	49EB	36	591
48	49ED	36	591
48	49EE	36	591
48	49F0	36	591
48	49F2	36	591
48	49F4	36	591
48	49F6	36	591
48	4A36	36	591
48	4A38	36	591
48	4A3B	36	591
48	4A3E	36	591
48	4A3F	36	591
48	4A40	36	591
48	4A42	36	591
48	4A45	36	591
48	4A4B	36	591
48	4A4D	36	591
48	4A4E	49	520
48	4A54	49	520
48	4A56	49	520
48	4A58	49	520
48	4A5B	49	520
48	4A5E	49	520
48	4A60	49	520
48	4A61	49	520
48	4A63	49	520
48	4A65	49	520
48	4A74	49	520
48	4A76	49	520
48	4A79	49	520
48	4A7C	49	520
48	4A7D	49	520
48	4A7E	49	520
48	4A80	49	520
48	4A83	49	520
48	4A89	49	520
48	4A8B	49	520
48	4AAB	32	22
48	4AAD	32	22
48	4AAF	32	22
48	4AB0	32	22
48	4AB2	32	22
48	4AB4	32	22
48	4AB6	32	22
48	4AB9	32	22
48	4ABB	32	22
48	4ABD	32	22
48	4AC0	32	22
48	4AC3	32	22
48	4AC5	32	22
48	4AC6	1024	22
48	4AC7	1024	22
48	4AC8	1024	22
48	4ACA	32	22
48	4ACB	32	22
48	4ACD	32	22
48	4AD0	32	22
48	4AD2	32	22
48	4AD3	32	22
48	4AD5	32	22
48	4AD8	32	22
48	4ADA	32	22
4C	4000	13	3880
4C	4003	13	3880
4C	4009	13	3880
4C	400B	13	3880
4C	400D	13	3880
4C	404D	1	106837
4C	404E	1	106837
4C	4050	1	106837
4C	4053	1	106837
4C	4056	1	106837
4C	4059	1	106837
4C	405C	1	106837
4C	405F	1	106837
4C	4062	1	106837
4C	4065	1	106837
4C	406B	1	106837
4C	406D	1	106837
4C	40D3	1	106837
4C	40D6	1	106837
4C	40D8	1	106837
4C	40E4	1	106837
4C	40EA	1	106854
4C	40ED	1	106854
4C	40EF	1	106854
4C	40F2	1	106854
4C	40F5	1	106854
4C	40F8	1	106854
4C	40FE	1	106996
4C	4104	1	106996
4C	410A	1	106996
4C	410D	1	106996
4C	410F	1	106996
4C	4123	1	106996
4C	4126	1	106996
4C	412C	1	106996
4C	412E	1	106996
4C	4131	1	106996
4C	4138	1	141197
4C	413E	197	141197
4C	4144	197	141197
4C	4145	197	141197
4C	4147	196	141197
4C	4149	196	141197
4C	414C	196	141197
4C	414E	196	141197
4C	4154	196	141198
4C	4157	106	141393
4C	4159	106	141393
4C	415F	106	141394
4C	4160	106	141394
4C	4162	1	141516
4C	4164	1	141516
4C	4167	1	141516
4C	4168	1	141516
4C	416B	1	141516
4C	416C	1	141516
4C	416E	1	141516
4C	4171	1	141516
4C	4177	1	141516
4C	4179	1	141516
4C	417C	1	141516
4C	4251	9	4237
4C	4254	9	4237
4C	4256	9	4237
4C	4259	9	4237
4C	425B	9	4237
4C	425E	9	4237
4C	425F	9	4237
4C	4262	9	4237
4C	4263	9	4237
4C	4265	9	4237
4C	4268	9	4237
4C	426E	9	4237
4C	4270	9	4237
4C	4273	9	4237
4C	4291	13	3880
4C	4294	13	3880
4C	4297	13	3880
4C	429A	13	3880
4C	429C	13	3880
4C	429E	13	3880
4C	42A0	13	3880
4C	42A3	13	3880
4C	42A6	13	3880
4C	42A7	13	3880
4C	42B5	13	3880
4C	42B8	13	3880
4C	42BA	13	3880
4C	42E1	13	3880
4C	42E7	13	3896
4C	42ED	13	3896
4C	42F0	13	3896
4C	42F7	4	104662
4C	42F9	4	104662
4C	42FC	4	104662
4C	4302	3	106148
4C	4303	3	106148
4C	4304	3	106148
4C	4307	2	106148
4C	4312	9	3896
4C	4314	9	3896
4C	4316	9	3896
4C	4319	9	3896
4C	431B	9	3896
4C	431D	9	3896
4C	4320	9	3896
4C	4326	8	4237
4C	4327	8	4237
4C	4330	2	106148
4C	4332	2	106148
4C	4338	2	106148
4C	433A	2	106148
4C	4340	2	106178
4C	4341	2	106178
4C	4344	2	106178
4C	4347	2	106178
4C	4348	2	106178
4C	4349	2	106178
4C	434C	2	106178
4C	434D	2	106178
4C	434E	2	106178
4C	434F	2	106178
4C	4350	2	106178
4C	4352	2	106178
4C	4355	2	106178
4C	4356	2	106178
4C	4359	2	106178
4C	435F	414	106178
4C	4365	414	106178
4C	4366	414	106178
4C	4368	413	106178
4C	436A	413	106178
4C	436D	413	106178
4C	436F	413	106178
4C	4375	413	106179
4C	4377	413	106179
4C	437A	412	106179
4C	437D	1	106444
4C	437F	1	106444
4C	4381	1	106444
4C	4384	1	106444
4C	4386	1	106444
4C	4388	1	106444
4C	438B	1	106444
4C	438E	1	106444
4C	438F	1	106444
4C	4390	1	106444
4C	439B	1	106444
4C	439E	1	106444
4C	43A4	29	106444
4C	43AA	29	106444
4C	43AB	29	106444
4C	43AD	28	106444
4C	43AF	28	106444
4C	43B2	28	106444
4C	43B4	28	106444
4C	43BA	28	106445
4C	43BC	28	106445
4C	43BF	28	106445
4C	43C2	1	106472
4C	43C4	1	106472
4C	43C7	1	106472
4C	43CA	1	106472
4C	43CD	1	106472
4C	43D0	1	106472
4C	43D2	1	106472
4C	43D4	1	106472
4C	43D6	1	106472
4C	43D9	1	106472
4C	43DC	1	106472
4C	43DF	1	106472
4C	43E2	1	106472
4C	43E5	1	106472
4C	43E8	1	106472
4C	43EB	1	106472
4C	43EE	1	106472
4C	43F1	1	106472
4C	43F4	1	106472
4C	43F5	1	106472
4C	43F8	1	106472
4C	43F9	1	106472
4C	4467	1	106472
4C	446A	1	106472
4C	446C	1	106472
4C	446E	1	106472
4C	4471	1	106472
4C	4474	1	106472
4C	4477	1	106472
4C	4479	1	106472
4C	447C	1	106472
4C	447D	1	106472
4C	4480	1	106473
4C	4483	1	106473
4C	4486	1	106473
4C	4488	1	106473
4C	448B	1	106473
4C	448E	1	106473
4C	448F	1	106473
4C	4490	1	106473
4C	4491	1	106473
4C	4492	1	106473
4C	4495	1	106473
4C	4498	1	106473
4C	4499	1	106473
4C	449C	1	106473
4C	449D	1	106473
4C	44A0	1	106473
4C	44A3	1	106473
4C	44A5	1	106473
4C	44A8	1	106473
4C	44AA	1	106473
4C	44AD	1	106473
4C	44B3	1	106473
4C	44B5	1	106473
4C	44B7	1	106473
4C	44BA	366	106473
4C	44C0	366	106473
4C	44C1	366	106473
4C	44C3	366	106473
4C	44C5	366	106473
4C	44C8	365	106473
4C	44CA	365	106473
4C	44D0	365	106473
4C	44D2	365	106473
4C	44D5	365	106473
4C	44D8	365	106473
4C	44D9	365	106473
4C	44DC	365	106473
4C	44DD	365	106473
4C	44DF	365	106473
4C	44E0	365	106473
4C	44E4	365	106473
4C	44E5	365	106473
4C	44E8	365	106473
4C	44E9	365	106473
4C	44EC	365	106473
4C	44EE	365	106473
4C	44F0	365	106473
4C	44F3	365	106473
4C	44F5	365	106473
4C	44F7	365	106473
4C	44FA	365	106473
4C	44FB	365	106473
4C	44FE	365	106473
4C	44FF	365	106473
4C	452E	365	106473
4C	452F	365	106473
4C	4530	365	106473
4C	4531	365	106473
4C	4534	365	106473
4C	46A6	1	106473
4C	46A9	1	106473
4C	46AC	55	106473
4C	46AD	55	106473
4C	46AF	55	106473
4C	46B1	55	106473
4C	46B2	55	106473
4C	46B4	1	106473
4C	46B5	1	106473
4C	46B6	1	106473
4C	46B7	1	106473
4C	46B8	3	106148
4C	46BA	3	106148
4C	46BD	3	106148
4C	46C4	3	106148
4C	46C6	3	106148
4C	46CC	3	106148
4C	46D6	1337	106148
4C	46D8	1337	106148
4C	46DB	1337	106148
4C	46E2	1337	106148
4C	46E4	1337	106148
4C	46EA	1337	106178
4C	47C4	1	106996
4C	47C6	1	106996
4C	47CC	1	106996
4C	47CE	1	106996
4C	47D4	1	107027
4C	47DA	121	107027
4C	47E0	121	107027
4C	47E1	121	107027
4C	47E3	120	107027
4C	47E5	120	107027
4C	47E7	120	107027
4C	47E9	120	107027
4C	47EF	120	107028
4C	4811	106	107147
4C	4813	106	107147
4C	4819	106	107149
4C	481A	106	107149
4C	481C	1	107271
4C	481F	1	107271
4C	4821	1	107271
4C	482A	1	107271
4C	482C	1	107271
4C	4832	1	107271
4C	4834	1	107271
4C	4837	1	107271
4C	4838	1	107271
4C	483B	1	107271
4C	483C	1	107271
4C	483F	1	107271
4C	4B54	13	3880
4C	4B56	13	3880
4C	4B58	13	3880
4C	4B5B	13	3880
4C	4B5D	13	3880
4C	4B5F	13	3880
4C	4B62	13	3880
4C	4B65	13	3880
4C	4B68	13	3880
4C	4B69	13	3880
4C	4B6C	13	3880
4C	4B6F	13	3880
4C	4B72	13	3880
4C	4B73	13	3880
4C	4B75	13	3880
4C	4B78	13	3880
4C	4B7B	13	3880
4C	4C4E	13	3877
4C	4C51	13	3877
4C	4C53	13	3877
4C	4C55	13	3877
4C	4C58	13	3877
4C	4C5A	13	3877
4C	4C5C	13	3877
4C	4C5F	13	3877
4C	4C60	13	3877
4C	4C63	13	3877
4C	4C66	13	3877
4C	4C68	13	3877
4C	4C6A	13	3877
4C	4C6D	13	3877
4C	4C70	13	3877
4C	4C73	13	3877
4C	4C74	13	3877
4C	4C77	13	3878
4C	4C7A	13	3878
4C	4C7C	13	3878
4C	4C7E	13	3878
4C	4C81	13	3878
4C	4C84	13	3878
4C	4C87	13	3878
4C	4C88	13	3878
4C	4C8B	13	3880
4C	4C8C	13	3880
4C	4C8E	13	3880
4C	4C91	13	3880
4C	4C94	13	3880
4C	4DB2	2	106837
4C	4DB4	2	106837
4C	4DB6	2	106837
4C	4DB8	2	106837
4C	4DBA	2	106837
4C	4DBC	2	106837
4C	4DC7	2	106837
4C	4DC9	2	106837
4C	4DCB	2	106837
4C	4DCC	2	106837
4C	4DCE	2	106837
4C	4DD0	2	106837
4C	4DD1	2	106837
4C	4DD2	2	106837
4E	4658	32	22
4E	465A	32	22
4E	465C	32	22
4E	465F	32	22
4E	4661	32	22
4E	4663	32	22
4E	4666	32	22
4E	4669	32	22
4E	466C	32	22
4E	466F	32	22
4E	4672	32	22
4E	4675	32	22
4E	4678	32	22
4E	467B	32	22
4E	467E	32	22
4E	4681	32	22
4E	4683	32	22
4E	4687	32	22
4E	468A	32	22
4E	468B	32	22
4E	468E	32	22
4E	4691	32	22
4E	4694	32	22
4E	4697	32	22
4E	469A	32	22
4E	469B	32	22
4E	469D	32	22
4E	46A0	32	22
4E	46A3	16	3875
4E	46A5	16	3875
4E	46A7	16	3875
4E	46AA	16	3875
4E	46AC	16	3875
4E	46AE	16	3875
4E	46B1	16	3875
4E	46B4	16	3875
4E	46B6	16	3875
4E	46BA	16	3875
4E	46BD	16	3875
4E	46C0	16	3875
4E	46C1	16	3875
4E	46C3	16	3875
4E	46C6	16	3875
4E	46CC	16	3875
4E	46CF	58	326
4E	46D1	58	326
4E	46D3	58	326
4E	46D6	58	326
4E	46D8	58	326
4E	46DA	58	326
4E	46DD	58	326
4E	46E0	58	326
4E	46E3	58	326
4E	46E6	58	326
4E	46E9	58	326
4E	46EC	58	326
4E	46ED	58	326
4E	46EF	58	326
4E	46F2	58	326
4E	46F3	58	326
4E	46F5	58	326
4E	46F8	58	326
4E	46FB	58	326
4E	46FE	58	326
4E	4701	58	327
4E	4704	58	327
4E	4707	58	327
4E	470A	58	327
4E	470D	58	327
4E	470E	58	327
4E	4710	58	327
4E	4713	58	327
4E	4714	58	327
4E	4716	58	327
4E	4719	58	327
4E	471B	58	327
4E	471C	58	327
4E	471E	58	327
4E	4720	58	327
4E	4722	58	327
4E	4725	58	327
4E	4726	58	327
4E	4728	58	327
4E	4729	58	327
4E	472B	58	327
4E	472E	58	327
4E	472F	58	327
4E	4739	324	22
4E	473C	182304	22
4E	473D	182304	22
4E	473E	182304	22
4E	473F	182304	22
4E	4741	182304	22
4E	4742	182304	22
4E	4743	182304	22
4E	4744	182304	22
4E	4745	182304	22
4E	4746	182304	22
4E	4748	324	22
4E	4795	50	22
4E	4797	50	22
4E	4799	50	22
4E	479C	50	22
4E	479E	50	22
4E	47A0	50	22
4E	47A3	50	22
4E	47A6	50	22
4E	47A9	50	22
4E	47AC	50	22
4E	47AF	50	22
4E	47B0	50	22
4E	47B3	50	22
4E	47B4	50	22
4E	47B7	50	22
4E	47B8	50	22
4E	47BB	50	22
4E	47BC	50	22
4E	47BF	50	22
4E	47C2	50	22
4E	47C5	50	22
4E	47C8	50	22
4E	47CB	50	22
4E	47CE	50	22
4E	47D1	50	22
4E	47D4	50	22
4E	47D5	50	22
4E	47D8	50	22
4E	47D9	50	22
4E	47DC	50	22
4E	47DD	50	22
4E	47E0	50	22
4E	47E1	50	22
4E	47E4	50	22
4E	47E5	50	22
4E	47E7	50	22
4E	47EA	50	22
4E	4866	1	106996
4E	4868	1	106996
4E	486A	1	106996
4E	486D	1	106996
4E	486F	1	106996
4E	4871	1	106996
4E	4874	1	106996
4E	4877	1	106996
4E	4879	1	106996
4E	487B	1	106996
4E	487D	1	106996
4E	4886	1	106996
4E	4887	1	106996
4E	4889	1	106996
4E	488C	1	106996
4E	488D	9	3877
4E	488E	9	3877
4E	4891	9	3877
4E	4892	9	3877
4E	4895	9	3877
4E	4896	9	3877
4E	4899	9	3877
4E	489B	9	3877
4E	489E	9	3877
4E	48A0	9	3877
4E	48A3	9	3877
4E	48A5	9	3877
4E	48A8	9	3877
4E	48AA	9	3877
4E	48AC	9	3877
4E	48AF	9	3877
4E	48B1	9	3877
4E	48B3	9	3877
4E	48B6	9	3877
4E	48B9	9	3877
4E	48BC	9	3877
4E	48C2	9	3877
4E	48C3	9	3877
4E	48C5	9	3877
4E	48C8	9	3877
4E	48CB	4	104644
4E	48CD	4	104644
4E	48D0	4	104644
4E	48D3	4	104644
4E	48D9	4	104644
4E	48DA	4	104644
4E	48DB	4	104644
4E	48DE	4	104644
4E	48DF	4	104644
4E	48E2	4	104644
4E	48E5	4	104644
4E	48E7	4	104644
4E	48EA	4	104644
4E	48EC	4	104644
4E	48EF	4	104644
4E	48F5	4	104644
4E	48F8	4	104644
4E	48FB	4	104644
4E	4901	4	104644
4E	4962	13	3877
4E	4968	13	3880
4E	496E	13	3880
4E	496F	13	3880
4E	4972	13	3880
4E	4975	13	3880
4E	4978	13	3880
4E	497A	13	3880
4E	497D	13	3880
4E	4980	13	3880
4E	4983	13	3880
4E	4989	11	4237
4E	498A	11	4237
4E	498D	11	4237
4E	4990	11	4237
4E	4FF6	1	106996
4E	4FFC	1	107271
4E	4FFF	1	107271
4E	5001	1	107271
4E	5003	1	107271
4E	5009	11	4237
4E	500F	11	4237
4E	5010	11	4237
4E	5013	11	4237
4E	5015	11	4237
4E	5017	11	4237
4E	5018	1	106996
4E	501B	1	106996
4E	501D	1	106996
4F	4000	2442	26
4F	4002	2442	26
4F	4004	2442	26
4F	4006	2442	26
4F	4008	2442	26
4F	400D	2442	26
4F	400E	55	14265
4F	400F	55	14265
4F	4012	55	14265
4F	4015	55	14265
4F	4016	55	14265
4F	4019	55	14265
4F	401A	55	14265
4F	401D	55	14265
4F	4020	55	14265
4F	4021	110	14265
4F	4023	110	14265
4F	4025	1760	14265
4F	4026	1760	14265
4F	4028	1760	14265
4F	4029	1760	14265
4F	402B	1760	14265
4F	402C	1760	14265
4F	402D	1760	14265
4F	402F	1760	14265
4F	4030	1760	14265
4F	4032	1760	14265
4F	4033	1760	14265
4F	4034	1760	14265
4F	4036	55	14265
4F	4037	55	14265
4F	4039	1760	14265
4F	403A	1760	14265
4F	403C	1760	14265
4F	403D	1760	14265
4F	403F	1760	14265
4F	4040	1760	14265
4F	4041	1760	14265
4F	4043	1760	14265
4F	4044	1760	14265
4F	4046	1760	14265
4F	4047	1760	14265
4F	4048	1760	14265
4F	404A	55	14265
4F	404B	24447	29
4F	404C	24447	29
4F	404F	24447	29
4F	4052	24447	29
4F	4053	24447	29
4F	4056	24447	29
4F	4057	24447	29
4F	405A	24447	29
4F	405D	24447	29
4F	405E	48894	29
4F	405F	48894	29
4F	4061	48894	29
4F	4063	48894	29
4F	4065	24447	29
4F	4067	24447	29
4F	4069	24447	29
4F	406B	24447	29
4F	406D	24447	29
4F	406F	391152	29
4F	4070	391152	29
4F	4071	391152	29
4F	4072	391152	29
4F	4073	391152	29
4F	4074	391152	29
4F	4075	391152	29
4F	4076	391152	29
4F	4077	391152	29
4F	4078	391152	29
4F	4079	391152	29
4F	407A	391152	29
4F	407B	391152	29
4F	407C	391152	29
4F	407D	391152	29
4F	407E	391152	29
4F	407F	391152	29
4F	4080	391152	29
4F	4082	48894	29
4F	4083	1258133	27
4F	4086	1258133	27
4F	4087	1258133	27
4F	4088	1258133	27
4F	4089	1258133	27
4F	408A	1258133	27
4F	408B	1258133	27
4F	408E	1106837	27
4F	408F	1106837	27
4F	4090	1106837	27
4F	4093	1032917	27
4F	4094	1032917	27
4F	4097	1032917	27
4F	4098	1032917	27
4F	4099	1032917	27
4F	409B	1032917	27
4F	409D	1032917	27
4F	409E	1032917	27
4F	40A0	1032917	27
4F	40A2	1032917	27
4F	40A3	1032917	27
4F	40A4	1032917	27
4F	40A5	1032917	27
4F	40A7	1032917	27
4F	40A9	1032917	27
4F	40AA	1032917	27
4F	40AB	1032917	27
4F	40AD	1032917	27
4F	40AE	1032917	27
4F	40B0	1032916	27
4F	40B1	1032916	27
4F	40B2	1032916	27
4F	40B4	1032916	27
4F	40B7	1032916	27
4F	40B8	1032916	27
4F	40B9	1032916	27
4F	40BB	1032916	27
4F	40BD	1032916	27
4F	40BE	1032916	27
4F	40C0	1032916	27
4F	40C2	1032916	27
4F	40C3	1032916	27
4F	40C4	1032916	27
4F	40C5	1032916	27
4F	40C7	1032916	27
4F	40C9	1032916	27
4F	40CA	1032916	27
4F	40CB	1032916	27
4F	40CD	1032916	27
4F	40CE	1032916	27
4F	40D0	1032916	27
4F	40D1	1032916	27
4F	40D2	1032916	27
4F	40D4	1032915	27
4F	40D5	1032915	27
4F	40D7	1032915	27
4F	40D8	1032915	27
4F	40DA	1032915	27
4F	40DD	1032915	27
4F	40DF	1032915	27
4F	40E0	1032915	27
4F	40E2	1032915	27
4F	40E4	1032915	27
4F	40E6	1032915	27
4F	40E7	1032915	27
4F	40E9	1032915	27
4F	40EC	1032915	27
4F	40EE	1032915	27
4F	40EF	1032915	27
4F	40F0	1032915	27
4F	40F2	1032915	27
4F	40F4	1032915	27
4F	40F5	1032915	27
4F	40F6	1032915	27
4F	40F8	1032915	27
4F	40F9	1032915	27
4F	40FB	1032915	27
4F	40FC	1032915	27
4F	40FE	1032915	27
4F	40FF	1032915	27
4F	4101	1032915	27
4F	4103	1032915	27
4F	4105	1032915	27
4F	4106	1032915	27
4F	4108	1032915	27
4F	410B	1032915	27
4F	410D	1032915	27
4F	410E	1032915	27
4F	4110	1032915	27
4F	4111	1032915	27
4F	4112	1032915	27
4F	4113	1032915	27
4F	4115	1032915	27
4F	4116	1032915	27
4F	4118	1032915	27
4F	4119	1032915	27
4F	411A	1032915	27
4F	411C	151296	41
4F	411F	151296	41
4F	4120	151296	41
4F	4121	151296	41
4F	4123	151296	41
4F	4124	151296	41
4F	4126	1184211	27
4F	4129	1184211	27
4F	412A	1184211	27
4F	412C	1184211	27
4F	412D	1184211	27
4F	412F	1184211	27
4F	4130	1184211	27
4F	4131	73920	322
4F	4134	73920	322
4F	4135	73920	322
4F	4136	73920	322
4F	4138	73920	322
4F	4139	73920	322
4F	413B	73920	322
4F	413E	73920	322
4F	413F	73920	322
4F	4141	73920	322
4F	4142	73920	322
4F	4144	73920	322
4F	4145	73920	322
4F	4146	3098745	27
4F	4147	3098745	27
4F	4149	1650260	27
4F	414A	1650260	27
4F	414B	1650260	27
4F	414E	1650260	27
4F	414F	1650260	27
4F	4150	1650260	27
4F	4151	1650260	27
4F	4152	1650260	27
4F	4153	3098745	27
4F	4156	3098745	27
4F	4157	3098745	27
4F	4158	3098745	27
4F	415A	24789960	27
4F	415B	24789960	27
4F	415D	6311122	27
4F	415E	24789960	27
4F	4160	24789960	27
4F	4162	24789960	27
4F	4163	24789960	27
4F	4165	3098745	27
4F	4166	2274	27
4F	4169	2274	27
4F	416B	2274	27
4F	416D	1151	308
4F	416E	1151	308
4F	4171	1151	308
4F	4172	1151	308
4F	4175	1151	308
4F	4176	1151	308
4F	4179	1151	308
4F	417C	1151	308
4F	417E	1123	27
4F	417F	1123	27
4F	4182	1123	27
4F	4183	1123	27
4F	4186	1123	27
4F	4187	1123	27
4F	418A	1123	27
4F	418B	1123	27
4F	418E	2274	27
4F	4191	2274	27
4F	41C2	2274	27
4F	41C5	2274	27
4F	41C8	2274	27
4F	41CA	145536	27
4F	41CD	145536	27
4F	41CE	145536	27
4F	41D1	145536	27
4F	41D2	145536	27
4F	41D5	145536	27
4F	41D6	145536	27
4F	41D7	145536	27
4F	41DA	145536	27
4F	41DB	145536	27
4F	41DC	145536	27
4F	41DD	145536	27
4F	41DF	2274	27
4F	41E0	22030	27
4F	41E3	22030	27
4F	41E4	22030	27
4F	41E5	19691	27
4F	41E6	19691	27
4F	41E8	19691	27
4F	41EA	10915	27
4F	41ED	10915	27
4F	41EE	10915	27
4F	41F0	2368	27
4F	41F3	2368	27
4F	41F5	2368	27
4F	41F7	1182	42
4F	41F8	1182	42
4F	41FB	1182	42
4F	41FE	1182	42
4F	4201	1182	42
4F	4203	1186	27
4F	4206	1186	27
4F	4209	1186	27
4F	420A	9733	27
4F	420D	9733	27
4F	420E	9733	27
4F	4211	9733	27
4F	4213	8776	308
4F	4216	8776	308
4F	4217	8776	308
4F	4219	1159	322
4F	421A	1159	322
4F	421D	1159	322
4F	4220	1159	322
4F	4221	1159	322
4F	4224	1159	322
4F	4226	7617	308
4F	4229	7617	308
4F	422A	7617	308
4F	422D	19691	27
4F	4230	19691	27
4F	4257	64	27134
4F	425A	64	27134
4F	425D	64	27134
4F	425F	64	27134
4F	4261	19627	27
4F	4264	19627	27
4F	4267	19627	27
4F	4269	19691	27
4F	426A	19691	27
4F	426B	19691	27
4F	426E	19691	27
4F	426F	19691	27
4F	4272	19691	27
4F	4273	1258176	27
4F	4274	1258176	27
4F	4275	1258176	27
4F	4276	1258176	27
4F	4277	1258176	27
4F	4278	1258176	27
4F	427A	19691	27
4F	427B	19691	27
4F	427C	19691	27
4F	427F	1258133	27
4F	4282	1258131	27
4F	4283	1258131	27
4F	4284	1258131	27
4F	4287	1258130	27
4F	4288	1258130	27
4F	428A	19688	28
4F	428C	19688	28
4F	428D	19688	28
4F	42B4	1091	27
4F	42B6	1091	27
4F	42B8	1091	27
4F	42B9	1091	27
4F	42BB	1091	27
4F	42BD	1091	27
4F	42BF	1091	27
4F	42C1	1091	27
4F	42C4	1091	27
4F	42C7	1091	27
4F	42CA	1091	27
4F	42CD	1091	27
4F	42CF	1091	27
4F	42D2	1091	27
4F	42D5	1091	27
4F	42D7	1091	27
4F	42DA	1091	27
4F	42DD	1091	28
4F	42E0	9806	28
4F	42E3	9805	29
4F	42E6	9805	29
4F	42EC	9805	29
4F	42ED	9805	29
4F	42F0	9805	29
4F	42F3	9803	30
4F	42F5	1088	43
4F	42F7	1088	43
4F	42F8	1088	43
4F	42FA	1088	43
4F	42FC	1088	43
4F	42FE	1088	43
4F	42FF	32	331
4F	4301	32	331
4F	4303	32	331
4F	4304	32	331
4F	4306	32	331
4F	4308	32	331
4F	430A	32	331
4F	430C	32	331
4F	430F	32	331
4F	4312	32	331
4F	4315	32	331
4F	4318	32	331
4F	431A	32	331
4F	431D	32	331
4F	4320	32	331
4F	4322	32	331
4F	4325	32	331
4F	4328	32	332
4F	432B	544	332
4F	432E	544	333
4F	4331	544	333
4F	4337	544	333
4F	4338	544	333
4F	433B	544	333
4F	433E	544	334
4F	4340	32	363
4F	4342	32	363
4F	4343	32	363
4F	4345	32	363
4F	4347	32	363
4F	4349	32	363
4F	4370	893	308
4F	4372	893	308
4F	4374	893	308
4F	4375	893	308
4F	4377	893	308
4F	4379	893	308
4F	437B	893	308
4F	437D	893	308
4F	4380	893	308
4F	4383	893	308
4F	4386	893	308
4F	4389	893	308
4F	438B	893	308
4F	438E	893	308
4F	4391	893	308
4F	4393	893	308
4F	4396	893	308
4F	4399	7144	309
4F	439C	7142	310
4F	439F	7142	310
4F	43A5	7142	310
4F	43A6	7142	310
4F	43A9	7142	310
4F	43AC	7142	311
4F	43AE	891	323
4F	43B0	891	323
4F	43B1	891	323
4F	43B3	891	323
4F	43B5	891	323
4F	43B7	891	323
4F	43B8	2	123533
4F	43BA	2	123533
4F	43BC	2	123533
4F	43BD	2	123533
4F	43BF	2	123533
4F	43C1	2	123533
4F	43C3	2	123533
4F	43C5	2	123533
4F	43C8	2	123533
4F	43CB	2	123533
4F	43CE	2	123533
4F	43D1	2	123533
4F	43D3	2	123533
4F	43D6	2	123533
4F	43D9	2	123533
4F	43DB	2	123533
4F	43DE	2	123533
4F	43E1	32	123534
4F	43E4	32	123535
4F	43E7	32	123535
4F	43ED	32	123535
4F	43EE	32	123535
4F	43F1	32	123535
4F	43F4	32	123536
4F	43F6	2	123564
4F	43F8	2	123564
4F	43F9	2	123564
4F	43FB	2	123564
4F	43FD	2	123564
4F	43FF	2	123564
4F	4572	1568	2960
4F	4573	1568	2960
4F	4575	1568	2960
4F	4576	1568	2960
4F	4578	3588	2960
4F	4579	3588	2960
4F	457B	3588	2960
4F	457D	1568	2960
4F	457F	1568	2960
4F	4580	1568	2960
4F	4582	1568	2960
4F	4583	4944	2960
4F	4586	4944	2960
4F	4587	4944	2960
4F	4588	4944	2960
4F	4589	4944	2960
4F	458A	4944	2960
4F	458C	4944	2960
4F	458E	4944	2960
4F	4590	723	2969
4F	4592	723	2969
4F	4594	723	2969
4F	4595	4944	2960
4F	4596	4944	2960
4F	4597	4944	2960
4F	4598	4944	2960
4F	4599	4944	2960
4F	459A	4944	2960
4F	459B	4944	2960
4F	459C	4944	2960
4F	459E	4944	2960
4F	45A0	4944	2960
4F	45A1	4944	2960
4F	45A2	4944	2960
4F	45A3	4944	2960
4F	45A4	4944	2960
4F	45A5	4944	2960
4F	45A6	4944	2960
4F	45A8	4944	2960
4F	45A9	4944	2960
4F	45AA	4944	2960
4F	45AC	4944	2960
4F	45AE	4944	2960
4F	45AF	4944	2960
4F	45B1	4944	2960
4F	45B4	4944	2961
4F	45B5	4944	2961
4F	45B6	4944	2961
4F	45B7	4944	2961
4F	45B9	4944	2961
4F	45BA	4944	2961
4F	45BB	4944	2961
4F	45BC	4944	2961
4F	45BD	4944	2961
4F	45BE	4944	2961
4F	45BF	4944	2961
4F	45C0	4944	2961
4F	45C1	4944	2961
4F	45C2	4944	2961
4F	45C3	4944	2961
4F	45C5	1568	2967
4F	45C6	615	749
4F	45C8	615	749
4F	45CA	615	749
4F	45CB	615	749
4F	45CD	615	749
4F	45CF	615	749
4F	45D1	615	749
4F	45D3	3070	749
4F	45D6	3070	749
4F	45D7	51924	749
4F	45D8	51924	749
4F	45DA	51924	749
4F	45DB	51924	749
4F	45DC	51924	749
4F	45DE	51924	749
4F	45DF	51924	749
4F	45E0	51924	749
4F	45E1	51924	749
4F	45E2	51924	749
4F	45E4	16	749
4F	45E6	51924	749
4F	45E7	51924	749
4F	45E8	51924	749
4F	45EA	3070	749
4F	45EB	3070	749
4F	45EC	3070	749
4F	45EE	3070	749
4F	45EF	3070	749
4F	45F1	3070	749
4F	45F2	3070	749
4F	45F3	3070	749
4F	45F5	3070	749
4F	45F6	3070	749
4F	45F7	3070	749
4F	45F8	3070	749
4F	45FA	615	749
4F	45FC	615	749
4F	45FD	615	749
4F	45FF	615	749
4F	4601	615	749
4F	4603	615	749
4F	4604	1357	2942
4F	4606	1357	2942
4F	4608	1357	2942
4F	4609	1357	2942
4F	460B	4944	2942
4F	460C	4944	2942
4F	460D	4944	2942
4F	460E	4944	2942
4F	4610	4944	2942
4F	4612	4944	2942
4F	4614	723	2942
4F	4616	723	2942
4F	4618	723	2942
4F	4619	4944	2942
4F	461A	4944	2942
4F	461B	4944	2942
4F	461C	4944	2942
4F	461D	4944	2942
4F	461E	4944	2942
4F	461F	4944	2942
4F	4620	4944	2942
4F	4622	4944	2942
4F	4624	4944	2942
4F	4625	4944	2942
4F	4626	4944	2942
4F	4627	4944	2942
4F	4628	4944	2942
4F	4629	4944	2942
4F	462A	4944	2942
4F	462C	4944	2942
4F	462D	4944	2942
4F	462E	4944	2942
4F	4630	4944	2942
4F	4632	4944	2942
4F	4635	62208	2942
4F	4636	62208	2942
4F	4637	62208	2942
4F	4638	62208	2942
4F	4639	62208	2942
4F	463A	62208	2942
4F	463B	62208	2942
4F	463C	62208	2942
4F	463D	62208	2942
4F	463E	62208	2942
4F	463F	62208	2942
4F	4640	62208	2942
4F	4641	62208	2942
4F	4642	62208	2942
4F	4643	62208	2942
4F	4644	62208	2942
4F	4645	62208	2942
4F	4646	62208	2942
4F	4647	62208	2942
4F	4648	62208	2942
4F	4649	62208	2942
4F	464A	62208	2942
4F	464B	62208	2942
4F	464C	62208	2942
4F	464D	62208	2942
4F	464E	62208	2942
4F	464F	62208	2942
4F	4650	62208	2942
4F	4651	62208	2942
4F	4652	62208	2942
4F	4653	62208	2942
4F	4654	62208	2942
4F	4655	62208	2942
4F	4656	62208	2942
4F	4658	4944	2942
4F	4659	4944	2942
4F	465A	4944	2942
4F	465B	4944	2942
4F	465C	4944	2942
4F	465E	1357	2942
4F	4660	1357	2942
4F	4661	1357	2942
4F	4663	1357	2942
4F	4665	1357	2942
4F	4667	1357	2942
4F	4668	15	14239
4F	466E	15	14240
4F	466F	15	14240
4F	4677	15	14240
4F	467D	14	14407
4F	467E	14	14407
4F	467F	14	14407
4F	4680	11	104515
4F	4686	11	104516
4F	4687	11	104516
4F	468F	11	104516
4F	4695	11	104643
4F	46A4	4	107571
4F	46A5	4	104643
4F	46AB	4	104644
4F	46AE	4	104644
4F	46B1	4	104644
4F	46B7	3	107491
4F	46BA	3	169884
4F	46C0	3	169885
4F	46C3	3	169885
4F	46C6	3	169885
4F	46C8	3	169885
4F	46CA	3	169885
4F	46CC	3	169885
4F	46CD	3	169885
4F	46D0	3	169885
4F	46D3	3	169885
4F	46D9	2	173165
4F	46DA	2	173165
4F	46DB	2	173165
4F	46DC	2	173165
4F	46E2	2	173180
4F	46E8	2	173180
4F	46EE	2	173180
4F	46EF	2	173180
4F	46F0	2	173180
4F	46F1	2	173180
4F	46F2	2	173180
4F	46F3	2	173180
4F	46F4	2	173180
4F	46F5	2	173180
4F	4717	32	8
4F	4718	32	8
4F	4719	32	8
4F	471A	32	8
4F	471C	32	8
4F	471E	32	8
4F	4720	32	8
4F	4722	32	8
4F	4724	32	8
4F	4726	32	8
4F	4728	32	8
4F	472A	32	8
4F	472C	32	8
4F	472E	32	8
4F	4731	32	8
4F	4734	32	8
4F	4735	32	8
4F	4738	32	8
4F	473B	32	8
4F	473E	32	8
4F	473F	32	8
4F	4742	32	8
4F	4744	32	8
4F	4746	32	8
4F	4749	32	8
4F	474C	32	8
4F	474D	32	8
4F	4750	32	10
4F	4752	32	10
4F	4754	192	10
4F	4755	192	10
4F	4757	192	10
4F	475A	192	10
4F	475D	192	10
4F	475E	192	10
4F	4761	192	11
4F	4762	192	11
4F	4763	192	11
4F	4765	32	14
4F	4766	32	14
4F	4768	32	14
4F	476A	32	14
4F	476D	32	14
4F	4770	32	14
4F	4771	32	14
4F	4774	32	15
4F	4776	32	15
4F	4778	32	15
4F	477A	32	15
4F	477C	32	15
4F	477E	32	15
4F	4780	32	16
4F	4783	32	16
4F	4786	32	16
4F	4789	32	16
4F	478A	32	16
4F	478D	32	16
4F	4793	32	16
4F	4796	32	16
4F	4798	32	16
4F	479A	32	16
4F	479B	32	16
4F	479D	32	16
4F	479F	32	16
4F	47A1	32	16
4F	47A2	32	16
4F	47A3	32	17
4F	47A4	32	17
4F	47A5	32	17
4F	47A7	32	17
4F	47A9	32	17
4F	47AC	32	17
4F	47AF	32	17
4F	47B2	32	17
4F	47B5	32	17
4F	47B6	32	17
4F	47B9	32	17
4F	47BC	32	17
4F	47BF	32	17
4F	47C0	32	17
4F	47C3	32	17
4F	47C6	32	17
4F	47C7	32	17
4F	47C8	32	17
4F	47CB	32	17
4F	47CE	32	17
4F	47D1	32	17
4F	47D2	32	17
4F	47D4	32	17
4F	47D6	32	17
4F	47D8	32	17
4F	47D9	32	17
4F	47DA	32	17
4F	47DC	32	17
4F	47DE	192	17
4F	47DF	192	17
4F	47E1	192	17
4F	47E2	192	17
4F	47E5	192	17
4F	47E8	192	17
4F	47EB	192	18
4F	47EE	192	18
4F	47EF	192	18
4F	47F0	192	18
4F	47F2	32	22
4F	47F3	32	22
4F	47F6	32	22
4F	47FC	32	22
51	4000	1	107271
51	4003	1	107491
51	4006	1	107491
51	4008	1	107491
51	400B	1	107491
51	400D	1	107491
51	4010	1	107491
51	4012	1	107491
51	4015	1	107491
51	4016	1	107491
51	4019	1	107491
51	401C	1	107491
51	401F	1	107491
51	4022	1	107491
51	4024	1	107491
51	4026	1	107491
51	4029	1	107491
51	402B	1	107491
51	402D	1	107491
51	4030	1	107491
51	4033	1	107491
51	4036	1	107491
51	4037	1	107491
51	403A	1	107491
51	403B	1	107491
51	403E	1	107491
51	403F	1	107491
51	4042	1	107491
51	4043	1	107491
51	4044	1	107491
51	4046	1	107491
51	4049	1	107491
51	404A	17	8539
51	404D	17	8540
51	404F	17	8540
51	4051	17	8540
51	4053	17	8540
51	4054	17	8540
51	4056	17	8540
51	4058	17	8540
51	405A	17	8540
51	405C	17	8540
51	405E	17	8540
51	4060	17	8540
51	4066	17	8540
51	4069	17	8540
51	406C	17	8540
51	406D	17	8540
51	4070	3	10985
51	4073	3	10985
51	4075	3	10985
51	4077	3	10985
51	407A	3	10985
51	407D	3	10985
51	407F	3	10985
51	4081	3	10985
51	4083	3	10985
51	4089	3	10986
51	408C	3	10986
51	408F	3	10986
51	4091	3	10986
51	4093	3	10986
51	4095	3	10986
51	409B	3	10987
51	409E	3	10987
51	40A1	3	10987
51	40A4	3	10987
51	40A6	3	10987
51	40AC	3	10987
51	40AF	3	10987
51	40B2	3	10987
51	40B5	3	10987
51	40B7	3	10987
51	40BD	3	10987
51	4105	3	10987
51	4108	3	10987
51	4109	3	10987
51	410B	3	10987
51	410D	3	10987
51	4110	3	10987
51	4117	3	10987
51	4119	3	10987
51	411C	3	10987
51	411E	3	10987
51	4120	3	10987
51	4123	3	10987
51	4128	3	10987
51	4129	3	10987
51	412B	3	10987
51	412E	3	10987
51	4131	3	10987
51	4134	3	10987
51	4137	3	10987
51	4138	3	10987
51	413B	3	10987
51	413E	3	10987
51	4140	3	10987
51	4142	3	10987
51	4145	3	10987
51	414A	3	10987
51	414C	3	10987
51	414D	3	10987
51	414F	3	10987
51	4150	3	10987
51	4152	3	10987
51	4155	3	10987
51	4158	3	10987
51	4159	3	10987
51	415C	3	10987
51	415E	3	10987
51	4161	3	10988
51	4167	3	10988
51	416D	3	11004
51	4170	3	11004
51	4172	3	11004
51	4174	3	11004
51	4176	3	11004
51	4177	3	11004
51	4179	3	11004
51	417B	3	11004
51	417E	3	11004
51	4181	3	11004
51	4182	3	11004
51	4184	3	11004
51	4196	3	11004
51	4197	3	11004
51	4199	202	11004
51	419F	202	11004
51	41A2	202	11005
51	41A8	202	11005
51	41AE	202	11005
51	41BB	3	11012
51	41BE	1	107396
51	41C7	3	11012
51	41CD	3	11027
51	41D3	17	8540
51	41D5	17	8540
51	41D7	17	8540
51	41D8	9	10987
51	41D9	9	10987
51	41DA	9	10987
51	41DC	9	10987
51	41DE	9	10987
51	41DF	9	10987
51	41E1	9	10987
51	41E3	9	10987
51	41E4	9	10987
51	41F3	9	10987
51	41F4	9	10987
51	41F5	9	10987
51	41F6	9	10987
51	41F7	9	10987
51	41F8	9	10987
51	41F9	9	10987
51	41FA	9	10987
51	41FB	9	10987
51	41FC	9	10987
51	41FD	9	10987
51	41FE	6	10987
51	41FF	6	10987
51	4200	6	10987
51	4201	6	10987
51	4202	6	10987
51	4203	6	10987
51	4205	6	10987
51	4206	6	10987
51	4208	6	10987
51	420A	6	10987
51	420B	6	10987
51	420C	6	10987
51	420D	6	10987
51	420E	6	10987
51	4211	6	10987
51	4212	6	10987
51	4214	6	10987
51	4215	6	10987
51	4218	6	10987
51	4219	6	10987
51	421A	6	10987
51	421B	6	10987
51	421E	6	10987
51	421F	6	10987
51	4221	6	10987
51	4222	6	10987
51	4223	6	10987
51	4224	6	10987
51	4239	33	8539
51	423A	33	8539
51	423D	33	8539
51	423E	33	8539
51	423F	33	8539
51	4240	33	8539
51	4241	33	8539
51	4242	33	8539
51	4243	33	8539
51	4244	33	8539
51	4245	32	3875
51	4246	32	3875
51	4249	32	3875
51	424C	32	3875
51	424F	32	3875
51	4252	32	3875
51	4255	32	3875
51	4258	32	3875
51	425B	32	3875
51	425E	32	3875
51	425F	1	107491
51	4262	1	107491
51	4265	1	107491
51	4266	1	107491
51	4268	1	107491
51	426A	1	107491
51	426F	1	107491
51	4270	1	107491
51	4271	1	107491
51	4274	1	107491
51	4275	1	107491
51	4277	1	107491
51	4279	1	107491
51	427E	1	107491
51	427F	1	107491
51	4280	1	107491
51	4283	1	107491
51	4284	1	107491
51	4286	1	107491
51	4288	1	107491
51	428A	1	107491
51	4292	1	107491
51	4294	1	107491
51	4295	1	107491
51	4297	1	107491
51	4299	1	107491
54	4000	17	10381
54	4002	17	10381
54	4005	17	10381
54	4008	17	10381
54	4009	17	10381
54	400A	17	10381
54	400B	17	10381
54	400C	17	10381
54	400D	17	10381
54	4010	17	10381
54	4011	2	119562
54	4013	2	119562
54	4019	2	119562
54	401A	2	119562
54	401D	2	119562
54	401E	2	119562
54	4021	2	119562
54	4022	2	119562
54	4025	2	119562
54	4026	2	119562
54	4028	2	119562
54	402A	2	119562
54	402B	2	119562
54	402C	2	119562
54	402E	2	119562
54	402F	2	119562
54	4031	2	119562
54	4032	1	119562
54	4034	1	119562
54	4035	1	119562
54	4037	1	119562
54	4038	1	119562
54	4039	1	119562
54	403C	1	119562
54	403D	18	7761
54	403F	18	7761
54	4042	18	7761
54	4044	18	7761
54	4047	18	7761
54	4048	18	7761
54	404B	18	7761
54	404E	18	7761
54	404F	18	7761
54	4050	18	7761
54	4051	18	7761
54	4054	18	7761
54	4056	18	7761
54	405C	18	7761
54	405D	1599	7865
54	4060	1599	7865
54	4062	1599	7865
54	4064	1599	7865
54	4066	1599	7865
54	4068	1581	7865
54	406A	1581	7865
54	4071	18	7909
54	4074	18	7909
54	4075	18	7909
54	4076	18	7909
54	4077	18	7909
54	4079	9	10225
54	407A	9	10225
54	407C	6	10226
54	407D	6	10226
54	407F	3	10259
54	4080	3	10259
54	4086	9	7909
54	4089	9	7909
54	408B	9	7909
54	4091	9	7909
54	4093	9	7909
54	4094	3	10225
54	4097	3	10225
54	4099	3	10225
54	409F	3	10225
54	40A2	3	10225
54	40A4	3	10225
54	40A5	3	10225
54	40A7	3	10225
54	40B7	3	10226
54	40BA	3	10226
54	40BB	3	10226
54	4102	3	10226
54	4103	3	10226
54	4106	3	10226
54	410C	3	10226
54	410F	3	10226
54	4115	3	10226
54	4118	3	10226
54	411E	3	10226
54	4121	3	10226
54	4127	3	10226
54	4129	3	10226
54	412C	3	10226
54	4132	3	10226
54	4134	3	10226
54	4135	3	10259
54	4138	3	10259
54	4139	3	10259
54	413A	3	10259
54	4141	3	10225
54	4142	3	10225
54	4145	3	10225
54	4147	3	10225
54	414A	3	10225
54	414D	3	10225
54	4153	3	10225
54	4156	3	10225
54	4158	3	10225
54	4176	3	10225
54	4178	3	10225
54	417B	3	10225
54	417D	3	10225
54	4180	3	10225
54	4183	3	10225
54	4185	3	10225
54	418B	3	10225
54	418C	4	10700
54	418E	4	10700
54	4191	4	10700
54	4193	4	10700
54	4196	4	10700
54	4197	4	10700
54	419A	4	10700
54	419C	4	10700
54	41A2	4	10700
54	41A3	418	10701
54	41A6	418	10701
54	41A8	418	10701
54	41AA	417	10701
54	41AC	417	10701
54	41AE	414	10701
54	41B0	414	10701
54	41B1	1	119578
54	41B4	1	119578
54	41B6	1	119578
54	41B7	3	10848
54	41B9	3	10848
54	41BF	3	10848
54	41C2	3	10848
54	41C3	3	10848
54	41C4	3	10848
54	423C	17	8038
54	423E	17	8038
54	4241	17	8038
54	4243	17	8038
54	4246	17	8038
54	4247	17	8038
54	424A	17	8038
54	424D	17	8038
54	424F	17	8038
54	4251	4	8038
54	4253	4	8038
54	4259	4	8038
54	425A	13	9049
54	425D	13	9049
54	425F	13	9049
54	4261	13	9049
54	4262	13	9049
54	4265	13	9049
54	4266	896	8039
54	4269	896	8039
54	426B	896	8039
54	426D	896	8039
54	426F	896	8039
54	4271	879	8039
54	4273	879	8039
54	427A	17	8268
54	427C	17	8268
54	4282	17	8268
54	4285	17	8268
54	4286	17	8268
54	4287	17	8268
54	4288	1	106473
54	4289	1	106473
54	428C	1	106473
54	428D	1	106473
54	4290	1	106473
54	4291	1	106473
54	4294	1	106473
54	4295	1	106473
54	4298	1	106473
54	4299	1	106473
54	429C	1	106473
54	429D	1	106473
54	42A0	1	106473
54	42A2	1	106473
54	42A5	1	106473
54	42A7	1	106473
54	42AA	1	106473
54	42AB	1	106473
54	42AE	1	106473
54	42B1	1	106473
54	42B2	1	106473
54	42B3	1	106473
54	42B6	1	106473
54	42B7	1	106473
54	42BA	1	106473
54	42BB	1	106473
54	42BC	1	106473
54	42BD	1	106473
54	42BE	1	106473
54	42BF	1	106473
54	42C0	1	106473
54	42C1	1	106473
54	42C2	1	106473
54	42C3	1	106473
54	42C4	1	106473
54	42C5	1	106473
54	42C8	1	106473
54	42CE	1	106473
54	42D1	1	106473
54	42D7	1	106473
54	42D8	1	106473
54	42DB	1	106473
54	42DD	1	106473
54	42E3	1	106473
54	42E4	1	106473
54	42E6	55	106473
54	42E7	55	106473
54	42E8	55	106473
54	42EA	54	106473
54	42EC	54	106473
54	42EE	5	106473
54	42EF	5	106473
54	42F1	1	106473
54	42F2	1	106473
54	42F4	1	106473
54	4357	366	106473
54	435A	366	106473
54	435C	366	106473
54	435E	365	106473
54	4360	365	106473
54	4363	365	106473
54	4365	365	106473
54	4368	365	106473
54	436A	365	106473
54	436B	1	106837
54	436D	1	106837
54	4373	1	106837
54	4375	1	106837
54	4385	1	106837
54	4388	1	106837
54	4389	1	106837
54	438C	1	106837
54	438D	1	106837
54	4390	1	106837
54	4392	1	106837
54	44AC	398	10382
54	44AF	398	10382
54	44B0	398	10382
54	44B2	398	10382
54	44B5	398	10382
54	44B6	398	10382
54	44B9	398	10382
54	44BA	398	10382
54	44BC	398	10382
54	44BD	398	10382
54	44C1	398	10382
54	44C2	398	10382
54	485C	2	10381
54	485F	2	10381
54	4861	2	10381
54	4864	2	10381
54	4866	2	10381
54	4869	2	10381
54	486A	2	10381
54	486D	2	10381
54	4870	2	10381
54	4873	2	10381
54	4879	2	10381
54	487C	2	10381
54	4882	2	10381
54	4885	2	10381
54	4887	2	10381
54	4889	2	10381
54	488C	2	10381
54	488E	2	10381
54	4894	2	10381
54	489B	55	10382
54	489E	55	10382
54	48A4	55	10384
54	48A7	55	10384
54	48A9	55	10384
54	48AB	55	10384
54	48AD	55	10384
54	48AF	51	10384
54	48B1	51	10384
54	48B8	4	10404
54	48BB	4	10404
54	48BC	4	10404
54	48BD	4	10404
54	48BE	4	10404
54	48C0	2	10410
54	48C1	2	10410
54	48F9	2	10404
54	48FB	2	10404
54	48FE	2	10404
54	4904	2	10404
54	4906	2	10404
54	4907	2	10410
54	490A	2	10410
54	490B	2	10410
54	490C	2	10410
54	490F	2	10410
54	4910	2	10410
54	4911	2	10410
54	4912	2	10410
54	4913	2	10410
54	4914	13	10410
54	4915	13	10410
54	4916	13	10410
54	4919	13	10410
54	491A	13	10410
54	491B	13	10410
54	491C	13	10410
54	491F	13	10410
54	4920	13	10410
54	4923	13	10410
54	4924	13	10410
54	4927	13	10410
54	4929	13	10410
54	492C	13	10410
54	492D	13	10410
54	4930	13	10410
54	4933	6656	10410
54	4934	6656	10410
54	4935	6656	10410
54	4936	6656	10410
54	4937	6656	10410
54	4938	6656	10410
54	493A	13	10410
54	493B	13	10410
54	493D	13	10410
54	4940	13	10410
54	4941	13	10410
54	4944	13	10410
54	4947	13	10410
54	4949	13	10410
54	494C	13	10410
54	494E	13	10410
54	4950	13	10410
54	4953	13	10410
54	4955	13	10410
54	4957	13	10410
54	495A	13	10410
54	495D	13	10410
54	4960	13	10410
54	4962	13	10410
54	4968	13	10410
54	4969	315	10411
54	496C	315	10411
54	496F	315	10411
54	4971	315	10411
54	4973	315	10411
54	4975	315	10411
54	4977	315	10411
54	4979	315	10411
54	497B	303	10411
54	497D	303	10411
54	4995	12	10435
54	4997	12	10435
54	4999	12	10435
54	499A	12	10435
54	499C	12	10435
54	499E	12	10435
54	49A0	12	10435
54	49A2	12	10435
54	49A5	12	10435
54	49A6	12	10435
54	4A12	12	10435
54	4A15	12	10435
54	4A17	12	10435
54	4A1A	9	10435
54	4A1B	9	10435
54	4A1C	9	10435
54	4A1F	7	10435
54	4A21	7	10435
54	4A24	3	10564
54	4A25	3	10564
54	4A28	3	10564
54	4A2B	3	10564
54	4A2D	3	10564
54	4A2E	750	10564
54	4A2F	750	10564
54	4A30	750	10564
54	4A32	3	10564
54	4A35	3	10564
54	4A38	3	10564
54	4A3B	3	10564
54	4A41	3	10564
54	4A44	3	10564
54	4A47	3	10564
54	4A4A	3	10564
54	4A50	3	10564
54	4A52	3	10564
54	4A54	3	10564
54	4A56	3	10564
54	4A58	3	10564
54	4A5B	3	10564
54	4A61	3	10565
54	4A62	3	10565
54	4A64	3	10565
54	4A67	3	10565
54	4A68	3	10565
54	4A69	3	10565
54	4A6A	3	10565
54	4A6D	3	10565
54	4A70	3	10565
54	4A73	3	10565
54	4A79	3	10565
54	4A7C	3	10565
54	4A7F	3	10565
54	4A82	3	10565
54	4A84	3	10565
54	4A87	3	10565
54	4A8A	3	10565
54	4A8C	3	10565
54	4A8F	3	10565
54	4A91	3	10565
54	4A93	3	10565
54	4A95	3	10565
54	4A97	3	10565
54	4A9A	3	10565
54	4AA0	3	10565
54	4AA1	3	10565
54	4AA3	1	122106
54	4AA4	1	122106
54	4AA5	1	122106
54	4AA8	1	122106
54	4AA9	1	122106
54	4AAA	1	122106
54	4AAB	1	122106
54	4AAD	1	122106
54	4AB0	1	122106
54	4AB3	1	122106
54	4AB6	1	122106
54	4AB9	15	122106
54	4ABA	15	122106
54	4ABB	15	122106
54	4ABC	15	122106
54	4ABE	14	122106
54	4ABF	14	122106
54	4AC0	14	122106
54	4AE6	3	10565
54	4AE9	3	10565
54	4AEC	3	10565
54	4AF2	3	10565
54	4AF4	3	10565
54	4AF7	3	10565
54	4AF9	3	10565
54	4AFB	3	10565
54	4AFD	3	10565
54	4AFF	3	10565
54	4B02	3	10565
54	4B08	3	10565
54	4B09	3	10565
54	4B0B	3	10565
54	4B0E	3	10565
54	4B11	3	10565
54	4B14	3	10565
54	4B17	3	10565
54	4B1D	3	10565
54	4B1F	3	10565
54	4B22	3	10565
54	4B24	3	10565
54	4B26	3	10565
54	4B28	3	10565
54	4B2A	3	10565
54	4B2D	3	10565
54	4B33	3	10566
54	4B34	3	10566
54	4B36	3	10566
54	4B39	3	10566
54	4B3A	3	10566
54	4B3B	3	10566
54	4B3C	3	10566
54	4B3F	3	10566
54	4B41	3	10566
54	4B42	78	10566
54	4B43	78	10566
54	4B44	78	10566
54	4B46	3	10566
54	4B49	3	10566
54	4B4C	3	10566
54	4B4F	3	10566
54	4B55	3	10566
54	4B58	3	10566
54	4B5B	3	10566
54	4B5D	57	10566
54	4B5E	57	10566
54	4B5F	57	10566
54	4B60	57	10566
54	4B62	3	10566
54	4B63	3	10566
54	4B65	3	10566
54	4B6F	3	10566
54	4B71	3	10566
54	4B73	3	10566
54	4B75	3	10566
54	4B78	3	10566
54	4B7B	3	10566
54	4B7E	3	10566
54	4B84	3	10566
54	4B87	3	10566
54	4B8A	3	10566
54	4B90	3	10566
54	4B93	3	10566
54	4B96	3	10566
54	4B9C	3	10566
54	4B9E	3	10566
54	4BA0	3	10566
54	4BA2	3	10566
54	4BA5	3	10566
54	4BA8	3	10566
54	4BA9	3	10566
54	4BAA	3	10566
54	4BAF	3	10566
54	4BB5	3	10566
54	4BB7	3	10566
54	4BBA	3	10566
54	4BBB	3	10566
54	4BBE	3	10566
54	4BC1	3	10566
54	4BC2	3	10566
54	4BC4	2	10566
54	4BC6	12	10435
54	4BC9	12	10435
54	4BCA	12	10435
54	4BCB	12	10435
54	4BCE	12	10435
54	4BD0	12	10435
54	4BD3	12	10435
54	4BD5	12	10435
54	4BD6	12	10435
54	4BD8	12	10435
54	4BDA	12	10435
54	4BDC	12	10435
54	4BDD	12	10435
54	4BDF	12	10435
54	4BE2	12	10435
54	4BE5	12	10435
54	4BE6	12	10435
54	4BE7	12	10435
54	4BE8	3	10486
54	4BEA	3	10486
54	4BEC	3	10486
54	4BEF	3	10486
54	4BF2	3	10486
54	4BF5	3	10486
54	4BFB	3	10486
54	4BFD	3	10486
54	4C00	3	10486
54	4C02	3	10486
54	4C04	3	10486
54	4C06	3	10486
54	4C08	3	10486
54	4C0B	3	10486
54	4C11	3	10486
54	4C12	3	10486
54	4C15	3	10486
54	4C17	3	10486
54	4C1A	3	10486
54	4C1D	18	10486
54	4C1E	18	10486
54	4C1F	18	10486
54	4C21	15	10486
54	4C22	15	10486
54	4C23	15	10486
54	4C24	15	10486
54	4C47	4	10565
54	4C49	78	10565
54	4C4A	78	10565
54	4C4B	78	10565
54	4C4C	78	10565
54	4C4D	75	10565
54	4C4F	75	10565
54	4C65	75	10565
54	4C66	75	10565
54	4C6A	75	10565
54	4C6B	75	10565
54	4C6D	75	10565
54	4C6F	3	10565
54	4C70	3	10565
54	4C72	3	10565
54	4C88	3	10565
54	4C89	3	10565
54	4C8D	72	10565
54	4C8F	72	10565
54	4C91	1	122106
54	4C92	1	122106
54	4C93	1	122106
54	4C94	1	122106
54	4C95	1	122106
54	4C98	1	122106
54	4C99	1	122106
54	4C9A	1	122106
54	4CA3	1	122106
54	4CA6	1	122106
54	4CAC	1	122106
54	4FD2	3	10565
54	4FD3	3	10565
54	4FD6	3	10565
54	4FD7	3	10565
54	4FDA	3	10565
54	4FDB	3	10565
54	4FDE	3	10565
54	4FDF	3	10565
54	4FE2	3	10565
54	4FE5	3	10565
54	4FE8	66	10565
54	4FE9	66	10565
54	4FEA	66	10565
54	4FEC	66	10565
54	4FEE	66	10565
54	4FF0	66	10565
54	4FF2	64	10565
54	4FF3	64	10565
54	4FF5	1	121988
54	4FF8	1	121988
54	4FF9	1	121988
54	4FFC	1	121988
54	4FFD	1	121988
54	5000	1	121988
54	5002	1	121988
54	5005	1	121988
54	5008	1	121988
54	500B	1	121988
54	500C	1	121988
54	500E	1	121988
54	500F	1	121988
54	5010	1	121988
54	5011	1	121988
54	5014	1	121988
54	5016	1	121988
54	5019	1	121988
54	504F	2	10565
54	5050	2	10565
54	5051	2	10565
54	5052	2	10565
54	5053	2	10565
54	5054	2	10565
54	5057	2	10565
54	5058	2	10565
54	505B	2	10565
54	505C	2	10565
54	505F	2	10565
54	5061	2	10565
54	5064	2	10565
54	5065	2	10565
54	5066	2	10565
54	5069	24	10565
54	506A	24	10565
54	506B	24	10565
54	506D	24	10565
54	506F	2	10565
54	5070	2	10565
54	5071	2	10565
54	5072	2	10565
54	5073	2	10565
54	5076	2	10565
54	5077	2	10565
54	507A	2	10565
54	507B	2	10565
54	507C	2	10565
54	507E	2	10565
54	5081	3	10565
54	5084	3	10565
54	5085	3	10565
54	5086	3	10565
54	5087	3	10565
54	5088	3	10565
54	508B	3	10565
54	508C	3	10565
54	508D	3	10565
54	508E	3	10565
54	508F	3	10565
54	5090	3	10565
54	5092	40	10565
54	5093	40	10565
54	5095	39	10565
54	5096	39	10565
54	5097	39	10565
54	5099	2	10565
54	509A	2	10565
54	509B	2	10565
54	509C	2	10565
54	509E	2	10565
54	50A2	3	10565
54	50A3	3	10565
54	50A5	19	10565
54	50A6	19	10565
54	50A7	19	10565
54	50A8	18	10565
54	50AA	18	10565
54	50AC	11	10565
54	50AE	11	10565
54	50C0	7	121988
54	50C1	18	10565
54	50C3	7	121988
54	50C4	7	121988
54	50C5	7	121988
54	50C7	7	121988
54	50C8	7	121988
54	50CA	1	121988
54	50CB	1	121988
54	50CC	1	121988
54	50CD	1	121988
54	50CF	1	121988
54	50D1	1	121988
54	50D2	1	121988
54	50D4	1	121988
54	50D5	7	121988
54	50D6	7	121988
54	50D7	7	121988
54	50D8	7	121988
54	50D9	7	121988
54	50DA	7	121988
54	50DB	7	121988
54	50DC	7	121988
54	50DD	49	121988
54	50DE	49	121988
54	50DF	49	121988
54	50E0	49	121988
54	50E1	49	121988
54	50E3	7	121988
54	50E4	7	121988
54	50E5	7	121988
54	50E6	7	121988
54	50E7	7	121988
54	50E8	7	121988
54	50E9	7	121988
54	50EF	7	121988
54	50F0	7	121988
54	50F1	7	121988
54	50F2	7	121988
54	50F3	7	121988
54	50F4	7	121988
54	50F5	7	121988
54	50F6	18	10565
54	50F7	18	10565
54	50F8	18	10565
54	50F9	18	10565
54	50FB	2	121988
54	50FC	106	10565
54	50FD	106	10565
54	50FE	106	10565
54	50FF	106	10565
54	5100	106	10565
54	5101	101	10565
54	5102	101	10565
54	5104	1	121988
54	5105	1	121988
54	5106	1	121988
54	5107	1	121988
54	5108	1	121988
54	5109	1	121988
54	510C	1	121988
54	510F	1	121988
54	5115	1	121988
54	5117	1	121988
54	511A	1	121988
54	511D	12	10435
54	511E	12	10435
54	5121	12	10435
54	5124	12	10435
54	5127	12	10435
54	512A	12	10435
54	5130	12	10435
54	5133	12	10435
54	5134	12	10435
54	5137	12	10435
54	5138	12	10435
54	513B	12	10435
54	513D	12	10435
54	513F	12	10435
54	5141	12	10435
54	5143	12	10435
54	5146	12	10435
54	514C	12	10435
54	514E	12	10435
54	514F	12	10435
54	5150	12	10435
54	5151	12	10435
54	5154	12	10435
54	5156	12	10435
54	5158	12	10435
54	515A	12	10435
54	515C	12	10435
54	515F	12	10435
54	5165	12	10435
54	5167	12	10435
54	5168	3	10565
54	516B	3	10565
54	516C	3	10565
54	516D	3	10565
54	516E	3	10565
54	5171	3	10565
54	5174	3	10565
54	5175	18	10565
54	5176	18	10565
54	5177	18	10565
54	5179	3	10565
54	517C	3	10565
54	517F	3	10565
54	5182	3	10565
54	5184	3	10565
54	5185	3	10565
54	5187	3	10565
54	5188	3	10565
54	518A	3	10565
54	518C	3	10565
54	518D	3	10565
54	518E	3	10565
54	5190	3	10565
54	5191	3	10565
54	5194	3	10565
54	5197	3	10565
54	5198	3	10565
54	519A	3	10565
54	519B	3	10565
54	519C	3	10565
54	519E	3	10565
54	519F	3	10565
54	51A0	3	10565
54	51A2	3	10565
54	51A3	3	10565
54	51A4	3	10565
54	51A6	3	10565
54	51A9	3	10565
54	51AA	3	10565
54	51AB	3	10565
54	51AC	3	10565
54	51AE	3	10565
54	51AF	3	10565
54	51B5	3	10565
54	51B6	3	10565
54	51B7	3	10565
54	51BC	3	10565
54	51BD	3	10565
54	51BE	3	10565
54	51C0	3	10565
54	51C2	3	10565
54	51C5	3	10565
54	51C6	3	10565
54	51C7	3	10565
54	51CA	3	10565
54	51CB	3	10565
54	51CE	3	10565
54	51D1	3	10565
54	51D3	3	10565
54	51D4	3	10565
54	51D6	3	10565
54	51D8	3	10565
54	51D9	3	10565
54	51E1	3	10565
54	51E2	3	10565
54	51E4	3	10565
54	51E6	3	10565
54	51E7	3	10565
54	51E8	3	10565
54	51EA	3	10565
54	51EB	3	10565
54	51EE	3	10565
54	51EF	3	10565
54	51F1	3	10565
54	51F3	3	10565
54	51F4	3	10565
54	51F5	3	10565
54	51F7	3	10565
54	51F8	3	10565
54	51FB	3	10565
54	51FE	3	10565
54	51FF	3	10565
54	5201	3	10565
54	5203	3	10565
54	5204	3	10565
54	5205	3	10565
54	5207	3	10565
54	5208	3	10565
54	520B	3	10565
54	520E	3	10565
54	520F	3	10565
54	5211	3	10565
54	5213	3	10565
54	5214	3	10565
54	5215	3	10565
54	5217	3	10565
54	5218	3	10565
54	521B	3	10565
54	521E	3	10565
54	521F	36	10565
54	5220	36	10565
54	5222	36	10565
54	5224	21	10565
54	5226	21	10565
54	5228	12	10565
54	5229	12	10565
54	522A	12	10565
54	522B	12	10565
54	522D	12	10565
54	522F	6	10565
54	5230	6	10565
54	5231	6	10565
54	5232	6	10565
54	5234	24	10565
54	5235	24	10565
54	5236	24	10565
54	5238	24	10565
54	523A	18	10565
54	523C	18	10565
54	523E	6	10565
54	523F	6	10565
54	5240	3	10565
54	5241	3	10565
54	5242	3	10565
54	5243	3	10565
54	5246	3	10565
54	5247	3	10565
54	5249	3	10565
54	524E	3	10565
54	5251	3	10565
54	5252	3	10565
54	5254	3	10565
54	5256	3	10565
54	5257	3	10565
54	5258	3	10565
54	525A	3	10565
54	525B	3	10565
54	525E	3	10565
54	525F	3	10565
54	5260	3	10565
54	5262	3	10565
54	5264	3	10565
54	5265	3	10565
54	5266	3	10565
54	5268	3	10565
54	5269	3	10565
54	526C	3	10565
54	526D	3	10565
54	5270	3	10565
54	5272	3	10565
54	5275	3	10565
54	5278	3	10565
54	5279	3	10565
54	527A	3	10565
54	527B	3	10565
54	527E	3	10565
54	5281	3	10565
54	5282	3	10565
54	5283	3	10565
54	5284	3	10565
54	5287	3	10565
54	528A	3	10565
54	528C	3	10565
54	528D	3	10565
54	528E	3	10565
54	5291	3	10565
54	5293	3	10565
54	5386	2	10625
54	5387	2	10625
54	5389	2	10625
54	538F	2	10626
54	5397	2	10626
54	5398	2	10626
54	539B	2	10626
54	539C	2	10626
54	539D	2	10626
54	53A0	2	10626
54	53A1	2	10626
54	53A4	2	10626
54	53A6	2	10626
54	53A9	2	10626
54	53AB	2	10626
54	53AE	2	10626
54	53AF	2	10626
54	53B2	2	10626
54	53B4	2	10626
54	53BA	2	10626
54	53BB	28	10626
54	53BC	28	10626
54	53BE	28	10626
54	53C4	28	10626
54	53CC	28	10626
54	53CF	28	10626
54	53D2	28	10626
54	53D4	28	10626
54	53D6	28	10626
54	53D8	28	10626
54	53DA	27	10626
54	53DC	27	10626
54	53E3	1	10646
54	53E6	1	10646
54	53E7	1	10646
54	53E8	1	10646
55	5BA2	176	4064
55	5BA5	176	4064
55	5BA6	176	4064
55	5BA9	176	4064
55	5BAA	176	4064
55	5BAD	176	4064
55	5BAF	176	4064
55	5BB1	176	4064
55	5BB7	176	4064
55	5BB8	176	4064
55	5BBB	176	4064
55	5BBE	176	4064
55	5BC1	176	4064
55	5BC2	176	4064
55	5BC3	176	4064
55	5BC5	176	4064
55	5BC6	176	4064
55	5BC7	176	4064
55	5BC8	176	4064
55	5BCB	176	4064
55	5BCD	176	4064
55	5BD0	176	4064
55	5BD3	176	4064
55	5BD6	176	4064
55	5BD8	176	4064
55	5BDB	176	4064
55	5BDD	176	4064
55	5BDF	176	4064
55	5BE1	176	4064
55	5BE2	176	4064
55	5BE4	176	4064
55	5BE6	176	4064
55	5BE7	176	4064
55	5BE8	176	4064
55	5BE9	176	4064
55	5BEA	176	4064
55	5BEC	176	4064
55	5BEE	176	4064
55	5BF0	176	4064
55	5BF2	176	4064
55	5BF4	176	4064
55	5BF7	176	4064
55	5BFA	176	4064
55	5BFC	176	4064
55	5BFE	176	4064
55	5C00	176	4064
55	5C06	176	4065
55	5C09	176	4065
55	5C0C	176	4065
55	5C0F	176	4065
55	5C11	176	4065
55	5C17	176	4065
55	5C1A	176	4065
55	5C1D	176	4065
55	5C1E	176	4065
55	5C21	45	11277
55	5C24	45	11277
55	5C27	45	11277
55	5C2A	45	11277
55	5C2C	45	11277
55	5C32	45	11277
55	5C34	45	11277
55	5C36	45	11277
55	5C37	45	11277
55	5C39	45	11277
55	5C3B	45	11277
55	5C3D	45	11277
55	5C3F	45	11277
55	5C42	45	11278
55	5C45	45	11278
55	5C4B	45	11278
55	5C4C	45	11278
55	5C4F	45	11278
55	5C51	45	11278
55	5C52	45	11278
55	5C54	45	11278
55	5C56	45	11278
55	5C58	45	11278
55	5C5A	176	4065
55	5C5D	176	4065
55	5C5F	176	4065
55	5C61	131	4065
55	5C64	131	4067
55	5C67	131	4068
55	5C69	131	4068
55	5C6B	131	4068
55	5C6D	131	4068
55	5C6E	131	4068
55	5C71	176	4068
55	5C73	176	4068
55	5C76	176	4072
55	5C79	176	4072
55	5C7C	176	4072
55	5C7E	176	4072
55	5C80	176	4072
55	5C86	176	4072
55	5C88	176	4072
55	5C8B	176	4072
55	5C8E	176	4072
55	5C8F	1754	4088
55	5C90	1754	4088
55	5C93	1754	4088
55	5C95	1754	4088
55	5C98	1754	4088
55	5C9B	1754	4088
55	5C9D	1754	4088
55	5C9F	428	16597
55	5CA0	428	16597
55	5CA3	1754	4088
55	5CA4	1754	4088
55	5CA7	1754	4088
55	5CAA	1754	4088
55	5CAC	1754	4088
55	5CAF	1754	4088
55	5CB2	1754	4088
55	5CB4	1754	4088
55	5CB6	1624	11282
55	5CB8	1624	11282
55	5CBA	1579	11344
55	5CBC	130	4088
55	5CBF	130	4088
55	5CC2	130	4088
55	5CC3	130	4088
55	5CDD	45	11282
55	5CE0	1754	4088
55	5CE3	1754	4088
55	5CE6	1754	4088
55	5CE7	1754	4088
55	5CE9	1726	4088
55	5CEC	1726	4088
55	5CED	1726	4088
55	5CEF	55	22592
55	5CF2	55	22592
55	5CF5	55	22592
55	5CF6	55	22592
55	5CF7	55	22592
55	5CF9	55	22592
55	5CFA	55	22592
55	5CFB	55	22592
55	5CFC	55	22592
55	5CFF	55	22592
55	5D02	55	22592
55	5D05	1754	4088
55	5D07	1754	4088
55	5D0A	1754	4088
55	5D0D	1754	4088
55	5D10	1754	4088
55	5D13	1754	4088
55	5D15	1754	4088
55	5D17	28	11294
55	5D1A	28	11294
55	5D1B	28	11294
55	5D36	1754	4088
55	5D39	1754	4088
55	5D3B	1754	4088
55	5D3D	428	16611
55	5D40	428	16611
55	5D43	428	16611
55	5D44	428	16611
55	5D46	340	16611
55	5D49	66050	4088
55	5D4C	66050	4089
55	5D52	66050	4089
55	5D58	66050	4089
55	5D5B	66050	4089
55	5D5E	66050	4089
55	5D5F	66050	4089
55	5D61	64575	4089
55	5D64	64558	4090
55	5D66	1475	11295
55	5D69	66032	4090
55	5D6C	66032	4090
55	5D6E	66032	4090
55	5D70	17923	16612
55	5D76	66032	4090
55	5D78	66032	4090
55	5D7A	66032	4090
55	5D7C	64617	4090
55	5D7E	64617	4090
55	5D80	64187	4090
55	5D82	64187	4090
55	5D84	63728	4090
55	5D86	63728	4090
55	5D88	63243	4090
55	5D8A	63243	4090
55	5D8C	62896	4090
55	5D8E	62896	4090
55	5D90	62480	4090
55	5D92	62480	4090
55	5D94	62220	4090
55	5D96	62220	4090
55	5D98	62082	4090
55	5D9A	1415	11321
55	5D9D	430	4101
55	5DA0	347	11365
55	5DA2	347	11365
55	5DA5	347	11365
55	5DA8	347	11365
55	5DAB	416	11453
55	5DAD	416	11453
55	5DB0	416	11453
55	5DB3	416	11453
55	5DB6	459	11497
55	5DB8	459	11497
55	5DBB	459	11497
55	5DBE	459	11497
55	5DC1	485	12025
55	5DC3	485	12025
55	5DC6	485	12025
55	5DC9	485	12025
55	5DCC	260	11849
55	5DCF	260	11849
55	5DD2	260	11849
55	5DD3	260	11849
55	5DD4	260	11849
55	5DD6	260	11849
55	5DD7	260	11849
55	5DD8	260	11849
55	5DD9	260	11849
55	5DDC	260	11849
55	5DDF	260	11849
55	5DE2	260	11849
55	5DE4	260	11849
55	5DE5	260	11849
55	5DE7	260	11849
55	5DE9	260	11849
55	5DEC	260	11849
55	5DEF	260	11849
55	5DF0	260	11849
55	5DF2	260	11849
55	5E02	138	16669
55	5E05	138	16669
55	5E07	138	16669
55	5E09	109	52865
55	5E0B	109	52865
55	5E0D	109	52865
55	5E10	109	52865
55	5E13	109	52865
55	5E14	109	52865
55	5E42	29	16669
55	5E45	29	16669
55	5E46	29	16669
55	5E48	25	16669
55	5E4B	4	183693
55	5E4C	4	183693
55	5E4F	4	183708
55	5E51	4	183708
55	5E54	4	183708
55	5E5A	1967	11365
55	5E5D	1415	11321
55	5E60	1415	11321
55	5E61	1415	11321
55	5E63	1415	11321
55	5E65	1415	11321
55	5E67	1415	11321
55	5E69	1048	11321
55	5E99	367	12069
55	5E9A	367	12069
55	5E9C	367	12069
55	5E9E	367	12069
55	5EA0	367	12069
55	5EA2	367	12069
55	5EA4	367	12069
55	5EA6	28	16789
55	5EA8	28	16789
55	5EB9	339	12069
55	5EBC	339	12069
55	5EBD	339	12069
55	5EC0	113	16649
55	5EC2	113	16649
55	5EC3	113	16649
55	5EC5	113	16649
55	5EC7	113	16649
55	5ECA	113	16649
55	5ECD	113	16649
55	5ECE	113	16649
55	5ED0	113	16649
55	5ED3	226	12069
55	5ED6	226	12069
55	5ED9	226	12069
55	5EDA	226	12069
55	5EDC	14	17749
55	5EDD	14	17749
55	5EE0	14	17764
55	5EE2	14	17764
55	5EE5	14	17764
55	5EE7	28	16789
55	5EEA	28	16789
55	5EEC	28	16789
55	5EF5	28	16789
55	5EF8	28	16789
55	5EFB	28	16789
55	5EFC	28	16789
55	5EFE	6	16789
55	5EFF	6	16789
55	5F02	6	16804
55	5F04	6	16804
55	5F07	6	16804
55	5F09	1048	11321
55	5F0C	1048	11321
55	5F0E	1048	11321
55	5F17	1048	11321
55	5F19	1048	11321
55	5F1A	430	4101
55	5F1C	430	4101
55	5F20	28	16804
55	5F22	28	16804
55	5F23	226	12069
55	5F25	226	12069
55	5F26	4	183708
55	5F28	4	183708
55	5F35	3776	4088
55	5F38	3776	4088
55	5F3B	3776	4088
55	5F3C	3776	4088
55	5F3D	3776	4088
55	5F3E	3776	4088
55	5F40	3776	4088
55	5F41	3776	4088
55	5F42	3776	4088
55	5F43	3776	4088
55	5F44	3776	4088
55	5F45	3776	4088
55	5F48	3776	4088
55	5F49	3776	4088
55	5F4A	3776	4088
55	5F4B	3776	4088
55	5F4D	3776	4088
55	5F4E	3776	4088
55	5F4F	3776	4088
55	5F50	3776	4088
55	5F51	3776	4088
55	5F52	3776	4088
55	5F55	3776	4088
55	5F57	3776	4088
55	5F58	3776	4088
55	5F59	3776	4088
55	5F5A	3776	4088
55	5F5D	3776	4088
55	5F5E	3776	4088
55	5F5F	3776	4088
55	5F60	3776	4088
55	5F61	3776	4088
55	5F62	3776	4088
55	5F65	3776	4088
55	5F66	1707	11365
55	5F67	1707	11365
55	5F69	1707	11365
55	5F6A	1707	11365
55	5F6C	1707	11365
55	5F6E	1707	11365
55	5F71	1707	11365
55	5F74	1707	11365
55	5F75	1707	11365
55	5F77	1707	11365
55	5F78	1707	11365
55	5F7B	1707	11365
55	5F7C	1707	11365
55	5F7F	1707	11365
55	5F81	1707	11365
55	5F82	1707	11365
55	5F84	1707	11365
55	5F86	1707	11365
55	5F89	1707	11365
55	5F8A	1707	11365
55	5F8B	1707	11365
55	5F8E	1707	11365
55	5F91	1707	11365
55	5F92	1707	11365
55	5F93	1707	11365
55	5F94	1707	11365
55	5F96	1707	11365
55	5F97	1707	11365
55	5F98	1707	11365
55	5F99	1707	11365
55	5F9A	1707	11365
55	5F9B	1707	11365
55	5F9C	1707	11365
55	5F9E	1707	11365
55	5F9F	1707	11365
55	5FA0	1707	11365
55	5FA1	1707	11365
55	5FA2	1707	11365
55	5FA4	1707	11365
55	5FA5	1707	11365
55	5FA6	1707	11365
55	5FA9	1707	11365
55	5FAA	1707	11365
55	5FAD	1707	11365
55	5FAE	1707	11365
55	5FAF	1707	11365
55	5FB0	1707	11365
55	5FB1	1707	11365
55	5FB2	1707	11365
55	5FB3	1707	11365
55	5FB5	1707	11365
55	5FB6	1707	11365
55	5FB7	1707	11365
55	5FBA	1707	11365
55	5FBB	1707	11365
55	5FBC	1707	11365
55	5FBE	1707	11365
55	5FBF	1707	11365
55	5FC1	1707	11365
55	5FC3	1707	11365
55	5FC4	1707	11365
55	5FC5	1707	11365
55	5FC6	1707	11365
55	5FC7	1707	11365
55	5FD0	347	11365
55	5FD3	347	11365
55	5FD5	347	11365
55	5FD8	106	21917
55	5FDB	106	21917
55	5FDD	106	21917
55	5FDF	12	63657
55	5FE2	12	63657
55	5FE5	12	63657
55	5FE8	12	63657
55	5FEB	12	63657
55	5FEC	12	63657
55	5FEF	12	63657
55	5FF2	12	63657
55	5FF4	416	11453
55	5FF7	416	11453
55	5FF9	416	11453
55	5FFB	88	21917
55	5FFD	459	11497
55	6000	459	11497
55	6002	459	11497
55	6004	204	11893
55	6007	204	11893
55	6009	204	11893
55	600B	55	20269
55	600E	55	20269
55	6011	55	20269
55	6014	55	20269
55	6017	55	20269
55	6018	55	20269
55	601B	55	20269
55	601E	55	20269
55	6020	485	12025
55	6023	485	12025
55	6025	485	12025
55	6027	108	17669
55	6029	67	20269
55	602C	67	20269
55	602E	1640	11365
55	6031	1640	11365
55	6034	1640	11365
55	6037	1640	11365
55	603A	1640	11365
55	603D	1707	11365
55	6040	1707	11365
55	6041	67	20269
55	6044	67	20269
55	6046	67	20269
55	6048	67	20269
55	604A	67	20269
55	604C	67	20269
55	6068	1707	11365
55	606B	1707	11365
55	606D	1707	11365
55	606F	1331	11365
55	6071	1331	11365
55	6074	1331	11365
55	6077	1331	11365
55	607A	1331	11365
55	607B	1331	11365
55	607D	1331	11365
55	607E	1331	11365
55	6080	1331	11365
55	6082	1331	11365
55	6083	1331	11365
55	6084	1331	11365
55	6085	1331	11365
55	6086	1331	11365
55	608F	273	11365
55	6092	273	11365
55	6094	273	11365
55	6097	273	11365
55	609A	273	11365
55	609C	273	11365
55	609F	273	11365
55	60A0	318	11453
55	60A3	318	11453
55	60A5	318	11453
55	60A8	318	11453
55	60AB	318	11453
55	60AD	318	11453
55	60B0	318	11453
55	60B1	363	11497
55	60B4	363	11497
55	60B6	363	11497
55	60B9	363	11497
55	60BC	363	11497
55	60BE	363	11497
55	60C1	363	11497
55	60C2	377	12025
55	60C5	377	12025
55	60C7	377	12025
55	60CA	377	12025
55	60CD	377	12025
55	60CF	377	12025
55	60D2	377	12025
55	60D3	113	12025
55	60D6	113	12025
55	60D9	113	12025
55	60DA	43	60093
55	60DD	43	60093
55	60E0	43	60093
55	60E1	376	11893
55	60E4	376	11893
55	60E5	376	11893
55	60E7	376	11893
55	60E8	376	11893
55	60EA	376	11893
55	60EC	376	11893
55	60ED	376	11893
55	60EE	376	11893
55	60EF	376	11893
55	60F0	376	11893
55	60F9	74	16689
55	60FC	74	16689
55	60FE	74	16689
55	6101	74	16689
55	6104	74	16689
55	6106	74	16689
55	6109	74	16689
55	610A	98	21917
55	610D	98	21917
55	610F	98	21917
55	6112	98	21917
55	6115	98	21917
55	6117	98	21917
55	611A	98	21917
55	611B	96	11893
55	611E	96	11893
55	6120	96	11893
55	6123	96	11893
55	6126	96	11893
55	6128	96	11893
55	612B	96	11893
55	612C	108	17669
55	612F	108	17669
55	6131	108	17669
55	6134	108	17669
55	6137	108	17669
55	6139	108	17669
55	613C	108	17669
55	613D	172	16689
55	613F	172	16689
55	6142	172	16689
55	6143	204	11893
55	6145	204	11893
55	6148	204	11893
55	6149	5416	4088
55	614C	5416	4088
55	614E	15852	4088
55	6150	15852	4088
55	6152	10436	11497
55	6153	10436	11497
55	6155	5416	4088
55	6157	5416	4088
55	615A	5416	4088
55	615B	5416	4088
55	615E	5416	4088
55	615F	67	20269
55	6161	138	20269
55	6163	138	20269
55	6165	71	34901
55	6166	71	34901
55	6168	67	20269
55	616A	67	20269
55	616B	67	20269
55	616C	67	20269
55	616D	67	20269
55	616E	67	20269
55	6170	67	20269
55	6171	67	20269
55	6174	67	20269
55	6177	67	20269
55	6178	67	20269
55	6179	67	20269
55	617A	67	20269
55	617B	176	4072
55	617D	176	4072
55	6180	176	4072
55	6183	176	4072
55	6190	3776	4088
55	6193	3776	4088
55	6196	3776	4088
55	6199	3776	4088
55	619A	3776	4088
55	619B	3776	4088
55	619C	3776	4088
55	619E	3776	4088
55	619F	3776	4088
55	61A0	3776	4088
55	61A1	3776	4088
55	61A2	3776	4088
55	61A3	3776	4088
55	61A6	3776	4088
55	61A7	3776	4088
55	61A9	3776	4088
55	61AB	2932	4088
55	61AC	2932	4088
55	61AF	2932	4088
55	61B2	2932	4088
55	61B4	2932	4088
55	61B6	2932	4088
55	61BC	2932	4088
55	61BD	2932	4088
55	61BF	844	11849
55	61C0	844	11849
55	61C3	844	11849
55	61C6	844	11849
55	61C8	844	11849
55	61CA	844	11849
55	61D0	844	11849
55	61D1	844	11849
55	61D4	844	11849
55	61D7	844	11849
55	61D8	844	11849
55	61D9	844	11849
55	61DA	844	11849
55	61DC	844	11849
55	61DD	844	11849
55	61DE	844	11849
55	61DF	844	11849
55	61E0	844	11849
55	61E1	844	11849
55	61E4	844	11849
55	61E6	844	11849
55	61E7	844	11849
55	61E8	844	11849
55	61E9	844	11849
55	61EA	844	11849
55	61EC	844	11849
55	61ED	844	11849
55	61EE	844	11849
55	61EF	844	11849
55	61F0	844	11849
55	61F1	844	11849
55	61F2	844	11849
55	61F3	844	11849
55	61F4	844	11849
55	61F5	844	11849
55	61F6	3776	4088
55	61F9	3776	4088
55	61FB	3776	4088
55	61FD	3776	4088
55	61FF	3776	4088
55	6201	3776	4088
55	6202	3776	4088
55	6203	3776	4088
55	6206	3776	4088
55	6208	3776	4088
55	620A	3776	4088
55	620C	3776	4088
55	620D	3776	4088
55	620E	3776	4088
55	620F	3776	4088
55	6212	3776	4088
55	6213	3776	4088
55	6216	3776	4088
55	6219	3776	4088
55	621B	3776	4088
55	621D	844	11849
55	621F	844	11849
55	6221	844	11849
55	6222	844	11849
55	6224	844	11849
55	6226	844	11849
55	6228	844	11849
55	622A	844	11849
55	622B	844	11849
55	622E	844	11849
55	622F	844	11849
55	6232	844	11849
55	6234	844	11849
55	6235	844	11849
55	6237	844	11849
55	6239	844	11849
55	623B	3776	4088
55	623E	3776	4088
55	6240	3776	4088
55	6242	844	11849
55	6245	844	11849
55	6247	844	11849
55	6249	83	16689
55	624B	83	16689
55	624F	761	11849
55	6252	761	11849
55	6255	761	11849
55	6257	761	11849
55	6259	761	11849
55	625F	761	11849
55	6261	83	16689
55	6264	83	16689
55	6267	83	16689
55	6269	83	16689
55	626B	83	16689
55	6271	844	11849
55	6273	844	11849
55	6275	844	11849
55	6276	844	11849
55	6278	844	11849
55	627A	844	11849
55	627C	844	11849
55	627E	844	11849
55	6281	844	11849
55	6283	844	11849
55	6286	844	11849
55	6289	844	11849
55	628B	844	11849
55	628E	844	11849
55	6290	844	11849
55	6291	844	11849
55	6293	844	11849
55	6295	844	11849
55	6297	844	11849
55	6299	2932	4088
55	629C	2932	4088
55	629F	3776	4088
55	6318	45	11282
55	631B	45	11283
55	631D	45	11283
55	631F	45	11283
55	6321	45	11283
55	6322	45	11283
55	6325	45	11283
55	6327	45	11283
55	6328	45	11283
55	632A	45	11283
55	632C	45	11283
55	632F	45	11283
55	6332	45	11283
55	6333	45	11283
55	6335	45	11283
55	6338	45	11283
55	633B	45	11283
55	633E	45	11283
55	6340	45	11283
55	6348	45	11283
55	634A	45	11283
55	6352	45	11283
55	6354	45	11283
55	635C	45	11283
55	635E	45	11283
55	6360	2	11283
55	6366	581	11283
55	6369	581	11283
55	636B	581	11283
55	636D	559	16598
55	6373	559	16598
55	6376	559	16598
55	6379	559	16598
55	637A	559	16598
55	637C	559	16598
55	637F	559	16599
55	6384	559	16599
55	6386	22	11283
55	6389	22	11283
55	638B	22	11283
55	639A	22	11283
55	639C	22	11283
55	63AB	22	11283
55	63AD	22	11283
55	63BC	22	11283
55	63BE	22	11283
55	63C0	22	11283
55	63C1	22	11283
55	63C4	22	11284
55	63C5	22	11284
55	63CB	22	11284
55	63D2	581	11284
55	63D5	581	11284
55	63D6	581	11284
55	63D8	581	11284
55	63D9	581	11284
55	63DA	581	11284
55	63DD	581	11284
55	63DE	581	11284
55	63DF	581	11284
55	63E0	581	11284
55	63E3	45	11294
55	63E6	45	11294
55	63E7	131	4065
55	63EA	131	4065
55	63ED	131	4065
55	63EE	131	4065
55	63F0	131	4065
55	63F3	131	4066
55	63F8	131	4066
55	63FB	131	4066
55	63FD	131	4066
55	6400	131	4067
55	6402	131	4067
55	6404	131	4067
55	6406	131	4067
55	6407	131	4067
55	640A	131	4067
55	640D	131	4067
55	640E	176	4066
55	6411	176	4066
55	6414	176	4066
55	6415	176	4066
55	6416	176	4066
55	6418	176	4066
55	6419	176	4066
55	641A	176	4066
55	641B	176	4066
55	6427	38	12072
55	642A	38	12072
55	642D	38	12072
55	6430	38	12072
55	6433	38	12072
55	6436	38	12072
55	6439	38	12072
55	643C	38	12072
55	643F	38	12072
55	6445	38	12073
55	6448	38	12073
55	644B	38	12073
55	644C	38	12073
55	644E	37	16789
55	6451	37	16790
55	6453	1	12073
55	6456	38	12073
55	6458	38	12073
55	645A	38	12073
55	645B	38	12073
55	645D	38	12073
55	645E	38	12073
55	6460	38	12073
55	6462	38	12073
55	6465	38	12073
55	6468	38	12073
55	6469	38	12073
55	646B	38	12073
55	646E	38	12073
55	6470	38	12073
55	6478	38	12073
55	647A	38	12073
55	6482	38	12073
55	6484	38	12073
55	648C	38	12073
55	648E	38	12073
55	6490	1	12073
55	6496	492	12073
55	6499	492	12073
55	649B	492	12073
55	649D	481	16790
55	64A3	481	16790
55	64A6	481	16790
55	64A9	481	16790
55	64AA	481	16790
55	64AC	481	16790
55	64AF	481	16791
55	64B4	481	16791
55	64B6	11	12073
55	64B9	11	12073
55	64BB	11	12073
55	64CA	11	12073
55	64CC	11	12073
55	64DB	11	12073
55	64DD	11	12073
55	64EC	11	12073
55	64EE	11	12073
55	64F0	11	12073
55	64F1	11	12073
55	64F4	11	12074
55	64F5	11	12074
55	64FB	11	12074
55	6502	492	12074
55	6505	492	12074
55	6506	492	12074
55	6508	492	12074
55	6509	492	12074
55	650B	492	12074
55	650E	38	12084
55	6511	38	12085
55	6513	38	12085
55	6515	38	12085
55	6517	38	12085
55	6518	38	12085
55	651B	38	12085
55	651C	186	4055
55	651F	186	4055
55	6522	186	4055
55	6525	186	4055
55	6528	186	4055
55	652B	186	4055
55	652E	186	4055
55	6531	186	4055
55	6534	186	4055
55	653A	186	4055
55	653D	186	4055
55	6540	186	4055
55	6541	186	4055
55	6543	186	4055
55	6546	186	4056
55	654B	186	4056
55	654E	186	4057
55	6550	186	4057
55	6552	186	4057
55	6554	186	4057
55	6555	186	4057
55	6558	186	4057
55	6559	14	12072
55	655A	14	12072
55	655D	14	12085
55	655F	14	12085
55	6562	14	12085
55	66C6	176	4068
55	66C8	176	4068
55	66CB	176	4068
55	66CE	176	4068
55	66CF	176	4068
55	66D0	176	4068
55	66D1	176	4068
55	66D3	176	4068
55	66D4	176	4068
55	66D5	176	4068
55	66D6	176	4068
55	66D7	176	4068
55	66D8	176	4068
55	6755	131	4068
55	6758	131	4068
55	675B	131	4068
55	675D	131	4068
55	675F	131	4068
55	6761	131	4068
55	6767	131	4069
55	676A	131	4069
55	676D	131	4069
55	676F	131	4069
55	6771	131	4069
55	6773	131	4069
55	6779	131	4070
55	677C	131	4070
55	677F	131	4070
55	6782	131	4070
55	6784	131	4070
55	678A	131	4070
55	678D	131	4070
55	6790	131	4070
55	6793	131	4070
55	6795	131	4070
55	679B	131	4070
55	679E	131	4072
55	679F	43	16590
55	67A2	43	16590
55	67A5	43	16590
55	67A7	43	16590
55	67A9	43	16590
55	67AB	43	16590
55	67B1	43	16591
55	67B4	43	16591
55	67B7	43	16591
55	67B9	43	16591
55	67BB	43	16591
55	67BD	43	16591
55	67C3	43	16592
55	67C6	43	16592
55	67C9	43	16592
55	67CB	43	16592
55	67CD	43	16592
55	67CF	43	16592
55	67D5	43	16593
55	67D8	43	16593
55	67DB	43	16593
55	67DE	43	16593
55	67E0	43	16593
55	67E6	43	16593
55	67E9	43	16593
55	67EC	43	16593
55	67EF	43	16593
55	67F1	43	16593
55	67F7	43	16593
55	67F9	43	16593
55	67FB	43	16593
55	67FC	43	16593
55	67FE	43	16593
55	6800	43	16593
55	6802	43	16593
55	6804	43	16593
55	6807	43	16594
55	680A	43	16594
55	6810	43	16594
55	6811	43	16594
55	6814	43	16594
55	6816	43	16594
55	6817	43	16594
55	6819	43	16594
55	681B	43	16594
55	681D	43	16594
55	681F	43	16594
55	6821	43	16594
55	6822	43	16594
55	6824	43	16594
55	6826	43	16594
55	6828	43	16594
55	682A	43	16594
55	682D	43	16595
55	6830	43	16595
55	6836	43	16595
55	6837	43	16595
55	683A	43	16595
55	683C	43	16595
55	683D	43	16595
55	683F	43	16595
55	6841	43	16595
55	6843	43	16595
55	6846	43	16595
55	6849	43	16595
55	684C	43	16595
55	684E	43	16595
55	6854	43	16595
55	6857	43	16597
55	696B	2	11278
55	696E	2	11278
55	6971	2	11278
55	6972	2	11278
55	6973	2	11278
55	6974	2	11278
55	6976	2	11278
55	6977	2	11278
55	6978	2	11278
55	6979	2	11278
55	697A	2	11278
55	697B	2	11278
55	6984	2	11278
55	6987	2	11278
55	698A	2	11278
55	698C	2	11278
55	698E	2	11278
55	6990	2	11278
55	6996	2	11279
55	6999	2	11279
55	699C	2	11279
55	699E	2	11279
55	69A0	2	11279
55	69A2	2	11279
55	69A8	2	11280
55	69AB	2	11280
55	69AE	2	11280
55	69B0	2	11280
55	69B2	2	11280
55	69B4	2	11280
55	69BA	2	11281
55	6A65	2	11281
55	6A67	2	11281
55	6A68	2	11281
55	6A69	2	11281
55	6A6C	2	11281
55	6A6F	2	11281
55	6A72	2	11281
55	6A74	2	11281
55	6A7A	2	11281
55	6A7D	2	11282
55	6AF0	2	11281
55	6AF2	2	11281
55	6AF4	2	11281
55	6AF5	2	11281
55	6AF7	2	11281
55	6AF9	2	11281
55	6AFB	2	11281
55	6AFD	2	11281
55	6AFF	2	11281
55	6B01	2	11281
55	6B03	2	11281
55	6B05	2	11281
55	6B06	2	11281
55	6B08	2	11281
55	6B0A	2	11281
55	6B0C	2	11281
55	6B0F	2	11281
55	6B12	2	11281
55	6B15	2	11281
55	6B16	2	11281
55	6B21	2	11281
55	6B27	2	11282
55	6B28	2	11282
55	6B2A	2	11282
55	6B2C	2	11282
55	6B2F	2	11282
55	6B32	2	11282
55	6B35	2	11282
55	6B36	2	11282
55	6B41	2	11282
55	6B47	2	11282
55	6B49	2	11282
55	6B4A	2	11282
55	6B4C	2	11282
55	6B4E	2	11282
55	6B50	2	11282
55	6B51	174	4070
55	6B53	174	4070
55	6B55	174	4070
55	6B56	174	4070
55	6B58	174	4070
55	6B5A	174	4070
55	6B5C	174	4070
55	6B5E	174	4070
55	6B60	174	4070
55	6B62	174	4070
55	6B64	174	4070
55	6B66	174	4070
55	6B67	174	4070
55	6B69	174	4070
55	6B6B	174	4070
55	6B6D	174	4070
55	6B70	174	4070
55	6B73	174	4070
55	6B76	174	4070
55	6B77	174	4070
55	6B79	174	4070
55	6B7A	174	4070
55	6B80	174	4071
55	6B88	174	4071
55	6B89	174	4071
55	6B8B	174	4071
55	6B8D	174	4071
55	6B90	174	4071
55	6B93	174	4071
55	6B96	174	4071
55	6B97	174	4071
55	6B99	174	4071
55	6B9A	174	4071
55	6BA0	174	4072
55	6BA8	174	4072
55	6BAA	174	4072
55	6BAB	174	4072
55	6BAD	174	4072
55	6BAF	174	4072
55	6BB1	174	4072
55	6BB2	176	4067
55	6BB5	176	4067
55	6BB8	176	4067
55	6BB9	176	4067
55	6BBA	2	11294
55	6BBD	2	11294
55	6BBE	2	11294
55	6BBF	2	11294
55	6BC2	2	11294
55	6BC5	2	11294
55	6BC7	2	11294
55	6BCD	2	11294
55	6BD0	2	11294
55	6BD3	2	11294
55	6BD6	2	11294
55	6C10	3776	4088
55	6C12	3776	4088
55	6C15	3776	4088
55	6C16	66050	4088
55	6C19	66050	4088
55	6C1A	66050	4088
55	6C1B	3721	4088
55	6C1E	3721	4088
55	6C1F	3721	4088
55	6C20	3721	4088
55	6C22	824	11294
55	6C24	824	11294
55	6C26	824	11294
55	6C28	2897	4088
55	6C29	2897	4088
55	6C2A	2897	4088
55	6C2D	2897	4088
55	6C45	824	11294
55	6C46	824	11294
55	6C47	824	11294
55	6C48	3721	4088
55	6C4B	3721	4088
55	6C4C	3721	4088
55	6C4F	3721	4088
55	6C50	3721	4088
55	6C53	3721	4088
55	6C54	3721	4088
55	6C57	3721	4088
55	6C58	3721	4088
55	6C59	3721	4088
55	6C5F	3721	4088
55	6C61	3721	4088
55	6C63	3721	4088
55	6C65	3721	4088
55	6C66	3721	4088
55	6C68	3721	4088
55	6C6A	3721	4088
55	6C6C	3721	4088
55	6C6E	3721	4088
55	6C71	3721	4088
55	6C74	3721	4088
55	6C77	3721	4088
55	6C7A	3721	4088
55	6C7C	3721	4088
55	6C7D	3721	4088
55	6C7F	3721	4088
55	6C81	3721	4088
55	6C83	3721	4088
55	6C89	3721	4088
55	6C8B	3721	4088
55	6C8D	3721	4088
55	6C8E	3721	4088
55	6C90	3721	4088
55	6C92	3721	4088
55	6C94	3721	4088
55	6C96	3721	4088
55	6C99	3721	4088
55	6C9C	3721	4088
55	6C9E	3721	4088
55	6CA0	3721	4088
55	6CA3	3721	4088
55	6CA6	3721	4088
55	6CA7	3721	4088
55	6CA9	3684	4088
55	6CAA	3684	4088
55	6CB0	3684	4089
55	6CB2	37	11294
55	6CB8	3721	4089
55	6CBA	3721	4089
55	6CBB	3721	4089
55	6CBD	3721	4089
55	6CBF	3721	4089
55	6CC1	3721	4089
55	6CC2	3721	4089
55	6CC5	3721	4089
55	6CC6	3102	4088
55	6CC8	3102	4088
55	6CCA	3102	4088
55	6CCB	3102	4088
55	6CCC	3102	4088
55	6CCF	3102	4088
55	6CD0	3102	4088
55	6CD1	3102	4088
55	6CD2	3102	4088
55	6CD3	3102	4088
55	6E94	285	4067
55	6E97	285	4067
55	6E98	285	4067
55	6E99	285	4067
55	6E9B	285	4067
55	6E9C	285	4067
55	6E9D	285	4067
55	6E9E	285	4067
55	6EAA	130	4088
55	6EAD	130	4088
55	6EAE	130	4088
55	6EAF	130	4088
55	6EB1	130	4088
55	6EB2	130	4088
55	6EB3	130	4088
55	6EB4	130	4088
55	6EC0	1754	4088
55	6EC3	1754	4088
55	6EC4	1754	4088
55	6EC5	1754	4088
55	6EC7	1754	4088
55	6EC8	1754	4088
55	6EC9	1754	4088
55	6ECA	1754	4088
55	6ED6	176	4065
55	6ED9	176	4065
55	6EDA	176	4065
55	6EDB	176	4065
55	6EDD	176	4065
55	6EDE	176	4065
55	6EDF	176	4065
55	6EE0	176	4065
55	6F02	226	12069
55	6F05	226	12069
55	6F06	226	12069
55	6F07	226	12069
55	6F09	226	12069
55	6F0A	226	12069
55	6F0B	226	12069
55	6F0C	226	12069
55	6F18	28	16789
55	6F1B	28	16789
55	6F1C	28	16789
55	6F1D	28	16789
55	6F1F	28	16789
55	6F20	28	16789
55	6F21	28	16789
55	6F22	28	16789
55	6F2E	71518	4055
55	6F2F	71518	4055
55	6F32	71518	4055
55	6F33	71518	4055
55	6F34	71518	4055
55	6F36	71518	4055
55	6F37	71518	4055
55	6F38	71518	4055
55	6F39	71518	4055
55	6F3A	71518	4055
55	6FCD	1265	4072
55	6FD0	1265	4072
55	6FD3	1265	4072
55	6FD5	1265	4072
55	6FD7	1265	4072
55	6FDD	1265	4072
55	6FE0	1265	4072
55	6FE3	1265	4072
55	6FE4	1265	4072
55	6FE5	1265	4072
55	6FE6	1265	4072
55	6FE8	1265	4072
55	6FE9	1265	4072
55	6FEA	1265	4072
55	6FEB	1265	4072
55	6FEC	1265	4072
55	6FED	1265	4072
55	6FF0	1265	4072
55	6FF3	1265	4072
55	7000	619	16611
55	7003	619	16611
55	7006	619	16611
55	7007	176	4064
55	7008	176	4064
55	700E	176	4064
55	7011	176	4064
55	7013	176	4064
55	7015	176	4064
55	7016	176	4064
55	7018	176	4064
55	701A	176	4064
55	701C	176	4064
55	701D	176	4064
55	701F	176	4064
55	7021	176	4064
55	7023	176	4064
55	7026	176	4064
55	7028	176	4064
55	702A	176	4064
55	702D	176	4064
55	702E	176	4064
55	702F	176	4064
55	7031	176	4064
55	7032	176	4064
55	7034	176	4064
55	7037	176	4064
55	7039	176	4064
55	703B	176	4064
55	703C	176	4064
55	703E	176	4064
55	7041	176	4064
55	7043	176	4064
55	7044	176	4064
55	7047	176	4064
57	4000	49	7259
57	4001	49	7259
57	4002	49	7259
57	4003	49	7259
57	4006	49	7259
57	4009	49	7259
57	400C	49	7259
57	4012	49	7259
57	4013	49	7259
57	4014	49	7259
57	4015	49	7259
57	4018	49	7259
57	4019	49	7259
57	401C	49	7259
57	401D	49	7259
57	4020	49	7259
57	4021	49	7259
57	4022	49	7259
57	4023	49	7259
57	4026	49	7259
57	4029	99	7259
57	402B	99	7259
57	402D	99	7259
57	402F	99	7259
57	4031	99	7259
57	4032	99	7259
57	4034	99	7259
57	4036	99	7259
57	4038	99	7259
57	403A	99	7259
57	403C	99	7259
57	403E	99	7259
57	4044	168	7259
57	4046	168	7259
57	4049	168	7259
57	404C	167	7284
57	404F	167	7284
57	4051	167	7284
57	4052	167	7284
57	4054	167	7284
57	4056	167	7284
57	4059	167	7284
57	405C	167	7284
57	405D	167	7284
57	405F	6447	7284
57	4062	6440	7285
57	4063	6440	7285
57	4065	6280	7285
57	4068	160	7448
57	406B	160	7463
57	4071	160	7463
57	4074	160	7463
57	4075	160	7463
57	4077	137	7639
57	4079	137	7639
57	407B	119	7639
57	407D	119	7639
57	407F	12	16223
57	4082	107	7639
57	4085	107	7639
57	4087	107	7639
57	408A	38	7639
57	408D	23	7463
57	4093	23	7478
57	4095	23	7478
57	4096	18	7727
57	409C	18	7742
57	409F	18	7742
57	40A0	18	7742
57	40A3	18	7742
57	40A4	18	7742
57	40A7	18	7742
57	40A8	18	7742
57	40A9	18	7742
57	40AA	18	7742
57	40AB	18	7742
57	40AE	18	7742
57	40B1	18	7742
57	40B2	18	7742
57	40B5	18	7742
57	40B6	18	7742
57	40B7	18	7742
57	40BA	18	7742
57	40BB	18	7742
57	40BC	18	7742
57	40BF	18	7742
57	40C2	18	7742
57	40C3	116	7742
57	40C4	116	7742
57	40C5	116	7742
57	40C6	116	7742
57	40C9	116	7742
57	40CF	116	7742
57	40D0	116	7742
57	40D2	18	7742
57	40D4	18	7742
57	40D7	18	7742
57	40DD	18	7742
57	40DF	18	7742
57	40E0	6447	7284
57	40E3	6447	7284
57	40E5	6447	7284
57	40E8	6019	7284
57	40EE	6019	7284
57	40F1	6018	7285
57	40F7	6018	7285
57	40FD	6018	7285
57	40FF	6018	7285
57	4100	6018	7285
57	4101	296	7316
57	4102	296	7316
57	4105	296	7316
57	4107	296	7316
57	4109	296	7316
57	410C	296	7316
57	410E	296	7316
57	4111	257	7316
57	4114	135	7670
57	4116	135	7670
57	4119	21	7670
57	411B	21	7670
57	411E	10	7670
57	4121	8	7670
57	4123	8	7670
57	4126	1	16108
57	41CA	161	7316
57	41CC	161	7316
57	41CE	138	7316
57	41D0	138	7316
57	41D2	120	7316
57	41D4	120	7316
57	41D6	120	7316
57	41D8	78	7316
57	41DA	78	7316
57	41DC	59	7316
57	41DD	59	7316
57	41DE	42	7624
57	41E0	42	7624
57	41E3	42	7624
57	41E6	42	7624
57	41E8	42	7624
57	41EA	38	7624
57	41EC	38	7624
57	41EF	38	7624
57	41F2	38	7624
57	41F4	38	7624
57	41F5	38	7624
57	41F7	5	7624
57	41F9	38	7624
57	41FA	38	7624
57	41FD	38	7624
57	41FE	19	7448
57	4200	19	7448
57	4203	23	7448
57	4204	23	7448
57	4207	23	7448
57	4209	23	7448
57	420A	41	16268
57	420D	41	16268
57	420F	41	16268
57	4212	41	16268
57	4215	41	16268
57	4217	41	16268
57	4219	25	16268
57	421C	41	16268
57	421F	41	16268
57	4225	41	16268
57	4227	41	16268
57	4228	41	16268
57	422A	41	16268
57	422C	41	16268
57	422F	41	16268
57	4232	41	16268
57	4233	41	16268
57	4235	41	16268
57	4236	41	16268
57	4237	114	16168
57	4239	114	16168
57	423B	114	16168
57	423D	74	16168
57	423F	74	16168
57	4241	62	16168
57	4242	62	16168
57	4243	40	16588
57	4245	40	16588
57	4248	40	16588
57	424A	40	16588
57	424D	40	16588
57	424E	12	16208
57	4250	12	16208
57	4253	12	16208
57	4256	12	16208
57	4257	12	16208
57	425A	12	16208
57	425B	12	16208
57	425E	12	16208
57	4261	12	16208
57	4263	12	16208
57	4267	12	16208
57	426A	12	16208
57	426B	428	16597
57	4271	428	16597
57	4274	428	16597
57	427A	422	16749
57	427C	422	16749
57	427E	120	16804
57	4280	120	16804
57	4283	116	16804
57	4285	116	16804
57	4288	102	16804
57	428A	102	16804
57	428D	102	16804
57	428F	102	16804
57	4292	6	16804
57	4294	6	16804
57	4299	302	16749
57	429C	302	16749
57	429E	302	16749
57	42A0	198	16749
57	42A2	198	16749
57	42A3	198	16749
57	42A5	198	16749
57	42A7	198	16749
57	42AA	198	16749
57	42AD	198	16749
57	42AE	198	16749
57	42B0	198	16749
57	42B3	198	16749
57	42B6	198	16749
57	42B8	198	16749
57	42BA	198	16749
57	42C0	198	16749
57	42C3	198	16749
57	42C6	198	16749
57	42C8	198	16749
57	42CB	198	16749
57	42CE	198	16749
57	42D1	198	16751
57	42D3	198	16751
57	42D6	198	16751
57	42D9	198	16751
57	42DA	198	16751
57	42DD	198	16751
57	42E0	198	16751
57	42E1	198	16751
57	42E2	198	16751
57	42E3	198	16751
57	42E5	198	16751
57	42E6	198	16751
57	42E7	198	16751
57	42E8	198	16751
57	42EE	198	16751
57	42F1	198	16751
57	42F4	198	16751
57	42F5	198	16751
57	42F6	198	16751
57	42F7	198	16751
57	42F8	198	16751
57	42FA	198	16751
57	42FB	198	16751
57	42FC	198	16751
57	42FD	198	16751
57	42FE	198	16751
57	42FF	198	16751
57	4301	198	16751
57	4304	198	16751
57	4305	198	16751
57	4308	198	16751
57	430B	198	16752
57	430C	198	16752
57	430D	104	21741
57	430F	104	21741
57	4310	104	21741
57	4312	104	21741
57	4314	104	21741
57	4317	104	21741
57	431A	104	21741
57	431B	104	21741
57	431D	104	21741
57	431E	104	21741
57	431F	13	17185
57	4321	13	17185
57	4324	13	17185
57	4325	4	183708
57	4328	4	183708
57	4329	4	183708
57	432A	4	183708
57	432C	4	183708
57	432D	4	183708
57	432F	4	183708
57	4332	4	183708
57	4333	14	17764
57	4335	14	17764
57	4338	14	17764
57	4339	6	16804
57	433B	6	16804
57	433E	6	16804
57	433F	96	16869
57	4342	96	16869
57	4343	96	16869
57	4345	83	16869
57	4347	83	16869
57	4348	83	16869
57	434A	83	16869
57	434C	83	16869
57	434F	83	16869
57	4352	83	16869
57	4353	83	16869
57	4355	83	16869
57	4358	83	16871
57	435B	83	16871
57	435C	83	16871
57	435F	83	16871
57	4362	83	16871
57	4365	83	16871
57	4367	83	16871
57	4369	83	16871
57	436F	83	16871
57	4372	83	16871
57	4375	83	16871
57	4377	83	16871
57	437A	83	16871
57	437D	83	16871
57	4380	83	16871
57	4383	83	16871
57	4384	83	16871
57	4385	83	16871
57	4386	83	16871
57	4387	83	16871
57	4389	83	16871
57	438A	83	16871
57	438C	83	16871
57	438D	83	16871
57	438E	13	17169
57	4391	13	17171
57	4392	13	17171
57	4395	13	17171
57	4398	13	17171
57	439B	13	17171
57	439D	13	17171
57	439F	13	17171
57	43A5	13	17171
57	43A8	13	17171
57	43AB	13	17171
57	43AD	13	17171
57	43B0	13	17171
57	43B3	13	17171
57	43B9	13	17185
57	43BC	11	183736
57	43BE	11	183736
57	43C0	10	183736
57	43C2	10	183736
57	43C4	8	183736
57	43C6	8	183736
57	43C8	8	183736
57	43CA	7	183736
57	43CC	7	183736
57	43CE	4	183736
57	43CF	4	183736
57	43D0	1	206489
57	43D2	1	206489
57	43D5	1	206489
57	43D8	1	206489
57	43DA	1	206489
57	43DC	1	206489
57	43DE	1	206489
57	43E1	1	206489
57	43E2	3	183956
57	43E4	3	183956
57	43E7	3	183956
57	43E9	3	183956
57	43EC	3	183956
57	43EE	3	183956
57	43F1	3	183956
57	43F3	3	183956
57	43F4	3	183824
57	43F7	3	183824
57	43F9	3	183824
57	43FC	3	183824
57	43FF	3	183824
57	4401	3	183824
57	4403	2	183824
57	4406	3	183824
57	4409	3	183824
57	440F	3	183824
57	4411	3	183824
57	4412	3	183824
57	4414	3	183824
57	4416	3	183824
57	4419	3	183824
57	441C	3	183824
57	441D	3	183824
57	441F	3	183824
57	4420	3	183824
57	4421	2	206536
57	4423	2	206536
57	4425	2	206536
57	4427	1	206536
57	4429	1	206536
57	442B	1	206536
57	442C	1	206536
57	442D	1	206544
57	442F	1	206544
57	4432	1	206544
57	4434	1	206544
57	4437	1	206544
57	4443	7	7670
57	4445	7	7670
57	4447	7	7670
57	4449	4	7670
57	444B	4	7670
57	444D	4	7670
57	444F	4	7670
57	4451	3	7670
57	4452	3	7670
57	4453	3	7712
57	4455	3	7712
57	4458	3	7712
57	445A	3	7712
57	445D	3	7712
57	447B	1	16088
57	447D	1	16088
57	4480	1	16088
57	4481	1	16108
57	4483	1	16108
57	4485	1	16108
57	4487	1	16108
57	4489	1	16108
57	448B	1	16108
57	448D	1	16108
57	4495	1	16108
57	4497	1	16108
57	449A	1	16108
57	449D	1	16108
57	449F	1	16108
57	44A1	1	16108
57	44A3	1	16108
57	44A6	1	16108
57	44E4	167	7284
57	44E7	167	7284
57	44E9	167	7284
57	44EB	167	7284
57	44EE	167	7284
57	44F0	167	7284
57	44F3	145	7284
57	44F6	106	7667
57	44F8	106	7667
57	44FB	53	7667
57	44FE	10	7667
57	4500	10	7667
57	4503	6	7667
57	4506	5	7667
57	4508	5	7667
57	450B	1	16101
57	4511	22	9777
57	4512	39	7284
57	4513	53	16152
57	4516	53	16154
57	4517	43	16588
57	4519	43	16588
57	451C	43	16588
57	451D	43	16588
57	451F	43	16588
57	4521	43	16588
57	4523	43	16588
57	4525	43	16588
57	4528	43	16588
57	452B	43	16588
57	452E	43	16588
57	4531	43	16588
57	4534	43	16588
57	4537	43	16588
57	4539	43	16588
57	453C	43	16588
57	453E	43	16588
57	4541	43	16588
57	4543	43	16588
57	4546	43	16588
57	4548	43	16588
57	454A	43	16588
57	454C	43	16588
57	454D	43	16588
57	454F	43	16588
57	4550	43	16588
57	4553	43	16588
57	4556	43	16588
57	4558	43	16588
57	455B	43	16588
57	455D	43	16588
57	455F	43	16588
57	4565	43	16597
57	4566	4	183724
57	4569	4	183724
57	456C	4	183724
57	456E	4	183724
57	4570	4	183724
57	4576	4	183724
57	4579	4	183724
57	457C	4	183724
57	457F	4	183724
57	4581	4	183724
57	4582	4	183724
57	4584	4	183724
57	4586	4	183724
57	4589	4	183724
57	458C	4	183724
57	458D	4	183724
57	458F	4	183724
57	4590	1	206531
57	4593	1	206531
57	4596	1	206531
57	4599	1	206532
57	459A	4	7667
57	459C	4	7667
57	459F	4	7667
57	45A2	4	7667
57	45A5	4	7667
57	45A6	4	7667
57	45A9	4	7667
57	45AC	16	7667
57	45AE	16	7667
57	45B1	16	7667
57	45B3	16	7667
57	45B4	16	7667
57	45B5	16	7667
57	45B6	16	7667
57	45B8	4	7667
57	45BB	4	7669
57	45BC	1	16101
57	45BF	1	16101
57	45C2	1	16101
57	45C4	1	16101
57	45C6	1	16101
57	45CC	1	16101
57	45CF	1	16101
57	45D2	1	16101
57	45D5	1	16101
57	45D7	1	16101
57	45D8	1	16101
57	45DA	1	16101
57	45DC	1	16101
57	45DF	1	16101
57	45E2	1	16101
57	45E3	1	16101
57	45E5	1	16101
57	45E6	160	7448
57	45E9	160	7448
57	45EC	160	7448
57	45ED	160	7448
57	45F0	160	7448
57	45F3	160	7448
57	45F4	160	7448
57	45F6	160	7448
57	45F8	160	7448
57	45FB	160	7448
57	45FD	160	7448
57	4600	138	7448
57	4603	99	7712
57	4605	99	7712
57	4608	47	7712
57	460B	10	7712
57	460D	10	7712
57	4610	6	7712
57	4613	5	7712
57	4615	5	7712
57	4618	1	16108
57	4668	22	9780
57	466B	22	9780
57	466C	22	9780
57	466E	21	9780
57	4674	21	9795
57	4677	21	9795
57	467A	21	9795
57	467D	21	9795
57	467E	1	25260
57	4684	1	25275
57	4687	1	25275
57	468A	1	25275
57	468D	1	25275
57	468E	39	7448
57	4691	39	7448
57	4692	39	7448
57	4694	31	7448
57	469A	31	7463
57	469D	31	7463
57	46A0	31	7463
57	46A3	31	7463
57	46A4	8	16308
57	46AA	8	16323
57	46AD	8	16323
57	46B0	8	16323
57	46B3	8	16323
57	46B4	52	16208
57	46B7	52	16208
57	46B9	52	16208
57	46BB	12	16208
57	46BE	12	16208
57	46C1	12	16208
57	46C4	12	16208
57	46C7	12	16208
57	46CA	12	16208
57	46CC	12	16208
57	46CF	12	16208
57	46D2	12	16208
57	46D5	12	16208
57	46D8	12	16208
57	46DE	12	16223
57	46DF	40	16588
57	46E0	37	16804
57	46E6	37	16806
57	46E7	37	16806
57	46E9	37	16806
57	46EB	37	16806
57	46ED	37	16806
57	46F0	37	16806
57	46F3	37	16806
57	46F4	37	16806
57	46F7	37	16806
57	46F8	37	16806
57	46FB	37	16806
57	46FC	37	16806
57	46FE	37	16806
57	4700	37	16806
57	4702	37	16806
57	4703	37	16806
57	4705	37	16806
57	4707	37	16806
57	4708	37	16806
57	470B	37	16806
57	470D	37	16806
57	470E	18	17766
57	4711	18	17766
57	4714	18	17766
57	4717	18	17766
57	471A	18	17766
57	471D	18	17766
57	471F	18	17766
57	4722	18	17766
57	4725	18	17766
57	4728	18	17766
57	472B	18	17766
57	472E	18	17766
57	4730	18	17766
57	4731	14	17766
57	4737	14	17781
57	4738	4	183956
57	473B	4	183956
57	473E	4	183956
57	4741	4	183956
57	4744	4	183956
57	4745	4	183956
57	4747	1	206489
57	474D	1	206504
57	474E	3	183956
57	474F	1	206544
57	4752	1	206544
57	4754	1	206544
57	4756	1	206544
57	475C	1	206559
57	4771	4	7712
57	4774	4	7712
57	4776	4	7712
57	4777	3	7712
57	477D	3	7727
57	477E	1	16108
57	4781	1	16108
57	4784	1	16108
57	4787	1	16108
57	478A	1	16108
57	478C	1	16108
57	478E	1	16108
57	478F	1	16108
57	4792	1	16108
57	4793	1	16108
57	4795	1	16108
57	4798	1	16108
57	479E	1	16108
57	47A4	1	16123
57	47A6	168	7259
57	47A9	168	7259
57	47AB	168	7259
57	47AD	168	7259
57	47B0	168	7259
57	47B2	168	7259
57	47B5	146	7259
57	47B8	107	7639
57	47BA	107	7639
57	47BD	54	7639
57	47C0	11	7639
57	47C2	11	7639
57	47C5	7	7639
57	47C8	6	7639
57	47CA	6	7639
57	47CD	1	16088
57	47D1	61	7259
57	47D4	61	7259
57	47D7	61	7259
57	47D9	61	7259
57	47DB	61	7259
57	47DD	61	7259
57	47E3	61	7260
57	47E6	61	7260
57	47E9	61	7260
57	47EB	61	7260
57	47ED	61	7260
57	47EF	61	7260
57	47F5	61	7261
57	47F8	61	7261
57	47FB	61	7261
57	47FE	61	7261
57	4800	61	7261
57	4806	61	7261
57	4809	61	7261
57	480C	61	7261
57	480F	61	7261
57	4811	61	7261
57	4817	61	7261
57	481A	61	7261
57	481D	61	7261
57	481F	61	7261
57	4821	61	7261
57	4827	61	7261
57	482A	61	7261
57	482D	61	7261
57	4830	61	7261
57	4832	61	7261
57	4835	61	7261
57	4838	61	7261
57	483B	61	7261
57	4841	61	7261
57	4843	61	7261
57	4846	61	7261
57	4849	61	7261
57	484C	61	7261
57	4852	61	7261
57	4854	61	7261
57	4856	61	7261
57	4857	61	7261
57	4859	61	7261
57	485B	61	7261
57	485D	61	7261
57	485F	61	7261
57	4860	61	7261
57	4863	61	7261
57	4866	61	7261
57	4869	61	7261
57	486C	61	7261
57	486F	61	7261
57	4871	61	7261
57	4873	61	7261
57	4875	61	7261
57	487B	61	7262
57	487E	61	7262
57	4881	61	7262
57	4883	61	7262
57	4885	61	7262
57	4887	61	7262
57	488D	61	7263
57	488F	61	7263
57	4890	61	7263
57	4892	61	7263
57	4894	61	7263
57	4896	61	7263
57	4898	61	7263
57	489A	61	7263
57	489B	61	7263
57	489D	61	7263
57	489F	61	7263
57	48A1	61	7263
57	48A3	61	7263
57	48A4	61	7263
57	48A7	61	7263
57	48AA	61	7263
57	48AD	61	7263
57	48B0	61	7263
57	48B3	61	7263
57	48B6	61	7263
57	48B8	61	7263
57	48BA	61	7263
57	48BC	61	7263
57	48C2	61	7264
57	48C5	61	7264
57	48C8	61	7264
57	48CA	61	7264
57	48CC	61	7264
57	48CE	61	7264
57	48D4	61	7265
57	48D7	61	7265
57	48DA	61	7265
57	48DC	61	7265
57	48DE	61	7265
57	48E0	61	7265
57	48E6	61	7266
57	48E8	61	7266
57	48E9	61	7266
57	48EB	61	7266
57	48ED	61	7266
57	48EF	61	7266
57	48F2	61	7266
57	48F4	61	7266
57	48F6	22	9759
57	48F8	22	9759
57	48FB	22	9759
57	48FD	22	9759
57	4900	22	9759
57	4903	22	9759
57	4906	22	9759
57	4909	22	9759
57	490B	22	9759
57	4911	22	9759
57	4914	39	7266
57	4916	39	7266
57	4918	39	7266
57	491A	39	7266
57	491D	39	7266
57	491E	39	7266
57	4921	39	7266
57	4922	39	7266
57	4925	39	7266
57	4928	39	7266
57	4929	39	7266
57	492C	39	7266
57	4932	39	7266
57	4933	39	7266
57	4935	39	7266
57	4936	39	7266
57	4938	39	7266
57	493B	39	7266
57	493C	39	7266
57	493F	39	7266
57	4940	39	7266
57	4942	39	7266
57	4944	39	7266
57	4945	39	7266
57	4947	39	7266
57	494A	39	7266
57	494B	39	7266
57	494E	39	7266
57	4951	96	16123
57	4954	96	16123
57	4956	96	16123
57	4959	56	16123
57	495B	56	16123
57	495E	37	16123
57	4961	37	16123
57	4964	37	16123
57	4966	37	16123
57	4968	37	16123
57	496A	37	16123
57	4970	37	16124
57	4973	37	16124
57	4976	37	16124
57	4978	37	16124
57	497A	37	16124
57	497C	37	16124
57	4982	37	16125
57	4985	37	16125
57	4988	37	16125
57	498A	37	16125
57	498C	37	16125
57	498E	37	16125
57	4994	37	16126
57	4997	37	16126
57	499A	37	16126
57	499C	37	16126
57	499E	37	16126
57	49A0	37	16126
57	49A6	37	16127
57	49A9	37	16128
57	49AC	37	16128
57	49AF	37	16128
57	49B2	37	16128
57	49B4	37	16128
57	49BA	37	16128
57	49BD	37	16130
57	49C0	37	16130
57	49C3	37	16130
57	49C6	37	16130
57	49C8	37	16130
57	49CE	37	16130
57	49D0	37	16130
57	49D2	37	16130
57	49D3	37	16130
57	49D5	37	16130
57	49D7	37	16130
57	49D9	37	16130
57	49DB	37	16130
57	49DC	37	16130
57	49DF	37	16130
57	49E2	37	16130
57	49E5	37	16130
57	49E8	37	16130
57	49EB	37	16130
57	49ED	37	16130
57	49EF	37	16130
57	49F1	37	16130
57	49F7	37	16131
57	49FA	37	16131
57	49FD	37	16131
57	49FF	37	16131
57	4A01	37	16131
57	4A03	37	16131
57	4A09	37	16132
57	4A0B	37	16132
57	4A0C	37	16132
57	4A0E	37	16132
57	4A10	37	16132
57	4A12	37	16132
57	4A14	37	16132
57	4A16	37	16132
57	4A17	37	16132
57	4A19	37	16132
57	4A1B	37	16132
57	4A1D	37	16132
57	4A1F	37	16132
57	4A20	37	16132
57	4A23	37	16132
57	4A26	37	16132
57	4A29	37	16132
57	4A2C	37	16132
57	4A2F	37	16132
57	4A32	37	16132
57	4A34	37	16132
57	4A36	37	16132
57	4A38	37	16132
57	4A3E	37	16132
57	4A41	37	16132
57	4A44	37	16132
57	4A46	37	16132
57	4A48	37	16132
57	4A4A	37	16132
57	4A50	37	16133
57	4A53	37	16133
57	4A56	37	16133
57	4A58	37	16133
57	4A5A	37	16133
57	4A5C	37	16133
57	4A62	37	16134
57	4A64	37	16134
57	4A65	37	16134
57	4A67	37	16134
57	4A69	37	16134
57	4A6B	37	16134
57	4A6D	37	16134
57	4A70	37	16134
57	4A72	37	16134
57	4A75	37	16134
57	4A77	37	16134
57	4A7A	37	16134
57	4A7D	37	16134
57	4A80	37	16134
57	4A83	37	16134
57	4A85	37	16134
57	4A87	37	16134
57	4A8D	37	16134
57	4A90	37	16134
57	4A93	37	16134
57	4A95	37	16134
57	4A97	37	16134
57	4A9D	37	16134
57	4AA0	37	16134
57	4AA3	59	16588
57	4AA6	59	16588
57	4AA9	59	16588
57	4AAB	59	16588
57	4AAD	59	16588
57	4AB3	59	16588
57	4AB6	59	16588
57	4AB9	59	16588
57	4ABB	59	16588
57	4ABD	59	16588
57	4AC3	59	16588
57	4AC6	59	16588
57	4AC7	4	183710
57	4ACA	4	183710
57	4ACC	4	183710
57	4BF3	4	183710
57	4BF6	4	183710
57	4BF9	4	183710
57	4BFC	4	183710
57	4BFE	4	183710
57	4C04	4	183710
57	4C07	4	183710
57	4C0A	4	183710
57	4C0D	4	183710
57	4C0F	4	183710
57	4C15	4	183710
57	4C18	4	183710
57	4C1A	4	183710
57	4C1C	4	183710
57	4C1F	4	183711
57	4C22	4	183711
57	4C28	4	183711
57	4C29	4	183711
57	4C2C	4	183711
57	4C2E	4	183711
57	4C31	4	183711
57	4C34	4	183711
57	4C37	4	183711
57	4C3D	4	183711
57	4C3F	4	183711
57	4C41	4	183711
57	4C42	4	183711
57	4C44	4	183711
57	4C46	4	183711
57	4C48	4	183711
57	4C4A	4	183711
57	4C4B	4	183711
57	4C4E	4	183711
57	4C51	4	183711
57	4C54	4	183711
57	4C57	4	183711
57	4C5A	4	183711
57	4C5C	4	183711
57	4C5E	4	183711
57	4C60	4	183711
57	4C66	4	183712
57	4C69	4	183712
57	4C6C	4	183712
57	4C6E	4	183712
57	4C70	4	183712
57	4C72	4	183712
57	4C78	4	183713
57	4C7A	4	183713
57	4C7B	4	183713
57	4C7D	4	183713
57	4C7F	4	183713
57	4C81	4	183713
57	4C83	4	183713
57	4C85	4	183713
57	4C86	4	183713
57	4C88	4	183713
57	4C8A	4	183713
57	4C8C	4	183713
57	4C8E	4	183713
57	4C8F	4	183713
57	4C92	4	183713
57	4C95	4	183713
57	4C98	4	183713
57	4C9B	4	183713
57	4C9E	4	183713
57	4CA1	4	183713
57	4CA3	4	183713
57	4CA5	4	183713
57	4CA7	4	183713
57	4CAD	4	183714
57	4CB0	4	183714
57	4CB3	4	183714
57	4CB5	4	183714
57	4CB7	4	183714
57	4CB9	4	183714
57	4CBF	4	183715
57	4CC2	4	183715
57	4CC5	4	183715
57	4CC7	4	183715
57	4CC9	4	183715
57	4CCB	4	183715
57	4CD1	4	183716
57	4CD3	4	183716
57	4CD4	4	183716
57	4CD6	4	183716
57	4CD8	4	183716
57	4CDA	4	183716
57	4CDD	4	183716
57	4CE0	4	183716
57	4CE2	4	183716
57	4CE4	4	183716
57	4CE7	4	183717
57	4CEA	4	183717
57	4CED	4	183717
57	4CEF	4	183717
57	4CF1	4	183717
57	4CF4	4	183718
57	4CF7	4	183718
57	4CFA	4	183718
57	4CFC	4	183718
57	4CFE	4	183718
57	4D01	4	183719
57	4D04	4	183719
57	4D07	4	183719
57	4D09	4	183719
57	4D0B	4	183719
57	4D0D	4	183719
57	4D13	4	183720
57	4D16	4	183720
57	4D19	4	183720
57	4D1B	4	183720
57	4D1D	4	183720
57	4D1F	4	183720
57	4D25	4	183721
57	4D40	1	206504
57	4D43	1	206504
57	4D46	1	206504
57	4D48	1	206504
57	4D4A	1	206504
57	4D4C	1	206504
57	4D52	1	206505
57	4D55	1	206505
57	4D58	1	206505
57	4D5A	1	206505
57	4D5C	1	206505
57	4D5E	1	206505
57	4D64	1	206506
57	4D67	1	206506
57	4D6A	1	206506
57	4D6D	1	206506
57	4D6F	1	206506
57	4D75	1	206506
57	4D78	1	206508
57	4D7B	1	206508
57	4D7E	1	206508
57	4D81	1	206508
57	4D83	1	206508
57	4D89	1	206508
57	4D8B	1	206508
57	4D8E	1	206508
57	4D91	1	206508
57	4D94	1	206508
57	4D9A	1	206508
57	4D9C	1	206508
57	4D9E	1	206508
57	4D9F	1	206508
57	4DA1	1	206508
57	4DA3	1	206508
57	4DA5	1	206508
57	4DA7	1	206508
57	4DA8	1	206508
57	4DAB	1	206508
57	4DAE	1	206508
57	4DB1	1	206508
57	4DB4	1	206508
57	4DB7	1	206508
57	4DB9	1	206508
57	4DBB	1	206508
57	4DBD	1	206508
57	4DC3	1	206509
57	4DC6	1	206509
57	4DC9	1	206509
57	4DCB	1	206509
57	4DCD	1	206509
57	4DCF	1	206509
57	4DD5	1	206510
57	4DD7	1	206510
57	4DD8	1	206510
57	4DDA	1	206510
57	4DDC	1	206510
57	4DDE	1	206510
57	4DE0	1	206510
57	4DE2	1	206510
57	4DE3	1	206510
57	4DE5	1	206510
57	4DE7	1	206510
57	4DE9	1	206510
57	4DEB	1	206510
57	4DEC	1	206510
57	4DEF	1	206510
57	4DF2	1	206510
57	4DF5	1	206510
57	4DF8	1	206510
57	4DFB	1	206510
57	4DFE	1	206510
57	4E00	1	206510
57	4E02	1	206510
57	4E04	1	206510
57	4E0A	1	206511
57	4E0D	1	206511
57	4E10	1	206511
57	4E12	1	206511
57	4E14	1	206511
57	4E16	1	206511
57	4E1C	1	206512
57	4E1F	1	206512
57	4E22	1	206512
57	4E24	1	206512
57	4E26	1	206512
57	4E28	1	206512
57	4E2E	1	206513
57	4E30	1	206513
57	4E31	1	206513
57	4E33	1	206513
57	4E35	1	206513
57	4E37	1	206513
57	4E39	1	206513
57	4E3C	1	206513
57	4E3E	1	206513
57	4E41	1	206513
57	4E43	1	206513
57	4E46	1	206513
57	4E49	1	206513
57	4E4C	5	7639
57	4E4F	5	7639
57	4E52	5	7639
57	4E54	5	7639
57	4E56	5	7639
57	4E58	5	7639
57	4E5E	5	7640
57	4E61	5	7640
57	4E64	5	7640
57	4E66	5	7640
57	4E68	5	7640
57	4E6A	5	7640
57	4E70	5	7641
57	4E73	5	7641
57	4E76	5	7641
57	4E78	5	7641
57	4E7A	5	7641
57	4E7C	5	7641
57	4E82	5	7642
57	4E85	5	7642
57	4E88	5	7642
57	4E8B	5	7642
57	4E8D	5	7642
57	4E93	5	7642
57	4E96	5	7644
57	4E99	5	7644
57	4E9C	5	7644
57	4E9F	5	7644
57	4EA1	5	7644
57	4EA7	5	7644
57	4EA9	5	7644
57	4EAB	5	7644
57	4EAC	5	7644
57	4EAE	5	7644
57	4EB0	5	7644
57	4EB2	5	7644
57	4EB4	5	7644
57	4EB5	5	7644
57	4EB8	5	7644
57	4EBB	5	7644
57	4EBE	5	7644
57	4EC1	5	7644
57	4EC4	5	7644
57	4EC6	5	7644
57	4EC8	5	7644
57	4ECA	5	7644
57	4ED0	5	7645
57	4ED3	5	7645
57	4ED6	5	7645
57	4ED8	5	7645
57	4EDA	5	7645
57	4EDC	5	7645
57	4EE2	5	7646
57	4EE4	5	7646
57	4EE5	5	7646
57	4EE7	5	7646
57	4EE9	5	7646
57	4EEB	5	7646
57	4EED	5	7646
57	4EEF	5	7646
57	4EF0	5	7646
57	4EF2	5	7646
57	4EF4	5	7646
57	4EF6	5	7646
57	4EF8	5	7646
57	4EF9	5	7646
57	4EFC	5	7646
57	4EFF	5	7646
57	4F02	5	7646
57	4F05	5	7646
57	4F08	5	7646
57	4F0B	5	7646
57	4F0D	5	7646
57	4F0F	5	7646
57	4F11	5	7646
57	4F17	5	7647
57	4F1A	5	7647
57	4F1D	5	7647
57	4F1F	5	7647
57	4F21	5	7647
57	4F23	5	7647
57	4F29	4	7648
57	4F2C	4	7648
57	4F2F	4	7648
57	4F31	4	7648
57	4F33	4	7648
57	4F35	4	7648
57	4F3B	4	7649
57	4F3D	4	7649
57	4F3E	4	7649
57	4F40	4	7649
57	4F42	4	7649
57	4F44	4	7649
57	4F46	4	7649
57	4F49	4	7649
57	4F4B	4	7649
57	4F4E	4	7649
57	4F50	4	7649
57	4F53	4	7649
57	4F56	4	7649
57	4F59	1	16088
57	4F5C	1	16088
57	4F5F	1	16088
57	4F62	1	16088
57	4F64	1	16088
57	4F6A	1	16088
57	4F6D	1	16088
57	4F70	1	16088
57	4F73	1	16088
57	4F75	1	16088
57	4F7B	1	16088
57	4F7D	1	16088
57	4F80	1	16088
57	4F83	1	16088
57	4F86	1	16088
57	4F8C	1	16088
57	4F8E	1	16088
57	4F90	1	16088
57	4F91	1	16088
57	4F93	1	16088
57	4F95	1	16088
57	4F97	1	16088
57	4F99	1	16088
57	4F9A	1	16088
57	4F9D	1	16088
57	4FA0	1	16088
57	4FA3	1	16088
57	4FA6	1	16088
57	4FA9	1	16088
57	4FAB	1	16088
57	4FAD	1	16088
57	4FAF	1	16088
57	4FB5	1	16089
57	4FB8	1	16089
57	4FBB	1	16089
57	4FBD	1	16089
57	4FBF	1	16089
57	4FC1	1	16089
57	4FC7	1	16090
57	4FC9	1	16090
57	4FCA	1	16090
57	4FCC	1	16090
57	4FCE	1	16090
57	4FD0	1	16090
57	4FD2	1	16090
57	4FD4	1	16090
57	4FD5	1	16090
57	4FD7	1	16090
57	4FD9	1	16090
57	4FDB	1	16090
57	4FDD	1	16090
57	4FDE	1	16090
57	4FE1	1	16090
57	4FE4	1	16090
57	4FE7	1	16090
57	4FEA	1	16090
57	4FED	1	16090
57	4FF0	1	16090
57	4FF2	1	16090
57	4FF4	1	16090
57	4FF6	1	16090
57	4FFC	1	16091
57	4FFF	1	16091
57	5002	1	16091
57	5004	1	16091
57	5006	1	16091
57	5008	1	16091
57	500E	1	16092
57	5011	1	16092
57	5014	1	16092
57	5016	1	16092
57	5018	1	16092
57	501A	1	16092
57	5020	1	16093
57	5022	1	16093
57	5023	1	16093
57	5025	1	16093
57	5027	1	16093
57	5029	1	16093
57	502C	1	16093
57	502F	1	16093
57	5031	1	16093
57	5033	1	16093
57	5036	1	16094
57	5039	1	16094
57	503C	1	16094
57	503E	1	16094
57	5040	1	16094
57	5043	1	16095
57	5046	1	16095
57	5049	1	16095
57	504B	1	16095
57	504D	1	16095
57	5050	1	16096
57	5053	1	16096
57	5056	1	16096
57	5058	1	16096
57	505A	1	16096
57	505C	1	16096
57	5062	1	16097
57	5065	1	16097
57	5068	1	16097
57	506A	1	16097
57	506C	1	16097
57	506E	1	16097
57	5074	1	16098
57	5077	103	7266
57	507A	103	7266
57	507D	103	7266
57	507F	103	7266
57	5081	103	7266
57	5083	103	7266
57	5089	103	7267
57	508C	103	7267
57	508F	103	7267
57	5092	103	7267
57	5094	103	7267
57	509A	103	7267
57	509C	103	7267
57	509F	103	7268
57	50A2	103	7268
57	50A4	103	7268
57	50A6	100	7268
57	50AC	100	7268
57	50B2	100	7284
57	50B3	17	16136
57	50B6	17	16136
57	50B8	17	16136
57	50BA	5	16136
57	50BD	5	16136
57	50BE	5	16136
57	50C0	5	16136
57	50C3	5	16136
57	50C6	5	16136
57	50C8	5	16136
57	50CA	4	16136
57	50CD	4	16136
57	50CF	4	16136
57	50D0	1	16136
57	50D3	1	16136
57	50D5	1	16136
57	50D8	5	16098
57	50DB	5	16098
57	50DE	5	16098
57	50E0	5	16098
57	50E2	5	16098
57	50E4	5	16098
57	50EA	5	16099
57	50ED	5	16099
57	50F0	5	16099
57	50F3	5	16099
57	50F5	5	16099
57	50FB	5	16099
57	50FE	5	16101
57	5101	5	16101
57	5103	5	16101
57	510B	5	16101
57	510E	5	16101
57	510F	543	7642
57	5112	543	7642
57	5114	543	7642
57	5116	543	7642
57	5119	543	7642
57	511B	543	7642
57	511E	543	7642
57	5121	543	7642
57	5123	543	7642
57	5126	456	7642
57	5129	15	7642
57	512B	15	7642
57	512E	11	7642
57	5131	10	7642
57	5133	10	7642
57	5136	1	16099
57	513B	528	16128
57	513E	528	16128
57	5141	528	16128
57	5144	528	16128
57	5146	528	16128
57	514C	528	16128
57	514E	528	16128
57	5151	528	16128
57	5154	528	16128
57	5157	528	16128
57	515D	528	16128
57	5160	4	183722
57	5163	4	183722
57	5166	4	183722
57	5169	4	183722
57	516B	4	183722
57	5171	4	183722
57	5174	1	206506
57	5177	1	206506
57	517A	1	206506
57	517D	1	206506
57	517F	1	206506
57	5185	1	206506
57	5187	9	7642
57	518A	9	7642
57	518D	9	7642
57	5190	9	7642
57	5192	9	7642
57	5198	9	7642
57	519A	9	7642
57	519D	9	7642
57	51A0	9	7642
57	51A3	9	7642
57	51A9	9	7642
57	51AB	1	16099
57	51AE	1	16099
57	51B1	1	16099
57	51B4	1	16099
57	51B6	1	16099
57	51BC	11	7642
57	51BF	11	7642
57	51C0	11	7642
57	51C2	6	7667
57	51C3	6	7667
57	51C4	6	7667
57	51C7	6	7667
57	51C9	27	7667
57	51CA	27	7667
57	51CB	27	7667
57	51CD	6	7667
57	51CE	6	7667
57	51D1	6	7667
57	51D2	27	7667
57	51D3	27	7667
57	51D4	27	7667
57	51D6	6	7667
57	51D7	6	7667
57	51DA	6	7667
57	51DC	27	7667
57	51DD	27	7667
57	51DE	27	7667
57	51E0	6	7667
57	51E1	6	7667
57	51E4	27	7667
57	51E5	27	7667
57	51E6	27	7667
57	51E8	11	7642
57	51EB	11	7642
57	51EE	11	7642
57	51F0	11	7642
57	51F2	11	7642
57	51F4	11	7642
57	51FA	11	7643
57	51FD	11	7643
57	5200	11	7643
57	5202	11	7643
57	5204	11	7643
57	5206	11	7643
57	520C	11	7644
57	520D	532	16128
57	5210	532	16128
57	5212	532	16128
57	5214	490	16128
57	5215	490	16128
57	5218	490	16128
57	5219	490	16128
57	521A	490	16128
57	521B	490	16128
57	521D	490	16128
57	521E	490	16128
57	521F	490	16128
57	5221	490	16128
57	5222	490	16128
57	5223	490	16128
57	5224	490	16128
57	5226	2549	16128
57	5227	2549	16128
57	5228	2549	16128
57	522A	490	16128
57	522B	490	16128
57	522C	490	16128
57	522D	490	16128
57	522F	490	16128
57	5230	490	16128
57	5231	490	16128
57	5232	490	16128
57	5234	490	16128
57	5235	490	16128
57	5237	2549	16128
57	5238	2549	16128
57	5239	2549	16128
57	523B	490	16128
57	523C	490	16128
57	523D	490	16128
57	523F	490	16128
57	5240	490	16128
57	5241	490	16128
57	5242	490	16128
57	5244	2549	16128
57	5245	2549	16128
57	5246	2549	16128
57	5248	490	16128
57	5249	490	16128
57	524A	490	16128
57	524C	490	16128
57	524D	490	16128
57	524E	490	16128
57	524F	490	16128
57	5251	490	16128
57	5252	490	16128
57	5254	2549	16128
57	5255	2549	16128
57	5256	2549	16128
57	5258	532	16128
57	525B	532	16128
57	525E	532	16128
57	5260	532	16128
57	5262	532	16128
57	5264	532	16128
57	526A	532	16129
57	526D	532	16129
57	5270	532	16129
57	5272	532	16129
57	5274	532	16129
57	5276	532	16129
57	527C	532	16130
57	527D	537	16134
57	527F	537	16134
57	5281	537	16134
57	5282	537	16134
57	5284	537	16134
57	5286	537	16134
57	5288	537	16134
57	528A	537	16134
57	528D	537	16134
57	5290	537	16134
57	5292	537	16134
57	5293	537	16134
57	5295	537	16134
57	5297	537	16134
57	5299	437	16749
57	529B	437	16749
57	529C	437	16749
57	529D	537	16134
57	52A0	537	16134
57	52A1	537	16134
57	52A2	537	16134
57	52A3	537	16134
57	52A5	537	16134
57	52A6	537	16134
57	52AC	537	16134
57	52AF	537	16134
57	52B2	537	16134
57	52B4	537	16134
57	52B5	537	16134
57	52B7	537	16134
57	52B9	537	16134
57	52BB	437	16749
57	52BD	437	16749
57	52BE	437	16749
57	52BF	537	16134
57	52C2	537	16134
57	52C3	537	16134
57	52C4	537	16134
57	52C5	537	16134
57	52C7	537	16134
57	52C8	537	16134
57	52CE	537	16134
57	52D0	537	16134
57	52D1	537	16134
57	52D3	537	16134
57	52D5	537	16134
57	52D7	537	16134
57	52D8	5999	16752
57	52DA	5999	16752
57	52DC	5999	16752
57	52DD	5999	16752
57	52DF	5999	16752
57	52E1	5999	16752
57	52E3	5999	16752
57	52E5	5999	16752
57	52E8	5999	16752
57	52E9	5999	16752
57	52EA	5999	16752
57	52EC	5999	16752
57	52EE	5999	16752
57	52EF	5999	16752
57	52F1	147	16771
57	52F4	147	16771
57	52F7	147	16771
57	52F9	147	16771
57	52FB	147	16771
57	5301	147	16771
57	5304	147	16771
57	5307	147	16771
57	5309	147	16771
57	530C	147	16771
57	530F	147	16771
57	5311	147	16771
57	5314	5999	16752
57	5316	5999	16752
57	5317	5999	16752
57	5319	5999	16752
57	531B	5999	16752
57	531D	5999	16752
57	531E	14451	16597
57	5320	14451	16597
57	5322	14451	16597
57	5323	14451	16597
57	5325	14451	16597
57	5327	14451	16597
57	5329	14451	16597
57	532B	14451	16597
57	532E	14451	16597
57	5330	14451	16597
57	5333	14451	16597
57	5336	14451	16597
57	5338	14451	16597
57	5339	14451	16597
57	533B	14451	16597
57	533D	14451	16597
57	533F	14451	16597
57	5340	5	16101
57	5343	5	16101
57	5344	5	16101
57	5345	5	16101
57	5347	5	16101
57	5349	5	16101
57	534B	5	16101
57	534D	5	16101
57	534F	5	16101
57	5351	5	16101
57	5354	5	16101
57	5355	5	16136
57	5358	5	16136
57	5359	5	16136
57	535A	5	16136
57	535C	5	16136
57	535E	5	16136
57	5360	5	16136
57	5362	5	16136
57	5364	5	16136
57	5365	5	16136
57	5368	5	16136
57	5369	432	16597
57	536B	432	16597
57	536D	432	16597
57	5370	432	16597
57	5372	432	16597
57	5373	276	17712
57	5374	276	17712
57	5377	1681	17712
57	5378	1681	17712
57	537A	1681	17712
57	537C	1681	17712
57	537E	1681	17712
57	5380	1589	17712
57	5381	1589	17712
57	5383	184	21616
57	5384	92	17712
57	5387	92	17712
57	538A	92	17712
57	538B	523	17712
57	538C	523	17712
57	538E	523	17712
57	5390	11	72600
57	5392	11	72600
57	5394	512	17712
57	5395	512	17712
57	5397	81	17712
57	539A	81	17712
57	539D	81	17712
57	539E	81	17712
57	539F	81	17712
57	53A1	81	17712
57	53A3	81	17712
57	53A5	81	17712
57	53AD	92	17712
57	53B0	92	17712
57	53B2	92	17712
57	53B4	20	22592
57	53B6	92	17712
57	53B8	92	17712
57	53B9	17923	16612
57	53BC	17923	16612
57	53BD	17923	16612
57	53BE	144	16772
57	53C1	144	16774
57	53C2	144	16774
57	53C5	144	16774
57	53C6	15	16093
57	53C7	15	16093
57	53C9	15	16093
57	53CA	15	16093
57	53CC	15	16093
57	53CD	15	16093
57	53CF	15	16093
57	53D0	15	16093
57	53D2	15	16093
57	53D4	15	16093
57	53D6	15	16093
57	53D8	15	16093
57	53DA	15	16093
57	53DC	15	16093
57	53DD	15	16093
57	53DF	15	16093
57	53E1	15	16093
57	53E3	59022	16093
57	53E5	59022	16093
57	53E7	59022	16093
57	53E9	15	16094
57	53EA	15	16094
57	53EC	15	16094
57	53ED	15	16094
57	53EF	15	16094
57	53F0	15	16094
57	53F1	15	16094
57	53F3	15	16094
57	53F5	15	16094
57	53F6	15	16094
57	53F8	15	16094
57	53F9	15	16094
57	53FB	15	16094
57	53FC	15	16094
57	53FE	15	16094
57	5400	15	16094
57	5402	15	16094
57	5404	15	16094
57	5406	15	16094
57	5408	15	16094
57	5409	15	16094
57	540A	15	16094
57	540C	15	16094
57	540D	15	16094
57	5410	15	16094
57	541C	1	206531
57	541D	1	206531
57	541F	1	206531
57	5421	1	206531
57	5422	1	206531
57	5423	1	206531
57	5426	1	206531
57	5427	7	206531
57	5428	7	206531
57	542A	7	206531
57	542B	7	206531
57	542C	7	206531
57	542E	7	206531
57	5434	7	206531
57	5435	7	206531
57	5437	1	206532
57	5438	1	206532
57	543A	1	206532
57	543D	1	206532
57	5443	1	206532
57	5444	235	16127
57	5447	235	16127
57	544A	235	16127
57	544D	235	16127
57	544F	235	16127
57	5451	235	16127
57	5453	235	16127
57	5459	235	16127
57	545C	235	16127
57	545F	235	16127
57	5461	235	16127
57	5463	235	16127
57	5465	235	16127
57	546B	235	16128
57	546C	122	7448
57	546D	122	7448
57	5470	122	7448
57	5472	122	7448
57	5474	122	7448
57	5477	122	7448
57	5479	122	7448
57	547C	100	7448
57	547F	61	7712
57	5481	61	7712
57	5484	9	7712
57	5487	9	7712
57	5489	9	7712
57	548C	5	7712
57	548F	4	7712
57	5491	4	7712
57	5494	1	16108
57	54E4	22	9780
57	54E5	22	9780
57	54E6	22	9780
57	54E8	15	9780
57	54EA	15	9780
57	54EB	15	9780
57	54ED	15	9780
57	54EF	15	9780
57	54F2	15	9780
57	54F5	15	9780
57	54F6	15	9780
57	54F8	15	9780
57	54F9	7	25436
57	54FB	7	25436
57	54FC	7	25436
57	54FE	7	25436
57	5500	7	25436
57	5503	7	25436
57	5506	7	25436
57	5507	7	25436
57	5509	7	25436
57	550A	39	7448
57	550B	39	7448
57	550C	39	7448
57	550E	27	7624
57	5510	27	7624
57	5511	27	7624
57	5513	27	7624
57	5515	27	7624
57	5518	27	7624
57	551B	27	7624
57	551C	27	7624
57	551E	27	7624
57	551F	12	7448
57	5521	12	7448
57	5522	12	7448
57	5524	12	7448
57	5526	12	7448
57	5529	12	7448
57	552C	12	7448
57	552D	12	7448
57	552F	12	7448
57	5530	52	16208
57	5531	52	16208
57	5532	52	16208
57	5534	40	16588
57	5536	40	16588
57	5537	40	16588
57	5539	40	16588
57	553B	40	16588
57	553E	40	16588
57	5541	40	16588
57	5542	40	16588
57	5544	40	16588
57	5545	12	16208
57	5547	12	16208
57	5548	12	16208
57	554A	12	16208
57	554C	12	16208
57	554F	12	16208
57	5552	12	16208
57	5553	12	16208
57	5555	12	16208
57	557C	4	183956
57	557D	4	183956
57	557E	4	183956
57	5580	1	206489
57	5583	1	206489
57	5585	1	206489
57	5587	1	206489
57	5589	1	206489
57	558A	1	206489
57	558C	1	206489
57	558E	1	206489
57	5591	1	206489
57	5594	1	206489
57	5595	1	206489
57	5597	1	206489
57	55A9	3	183956
57	55AB	3	183956
57	55AC	3	183956
57	55AE	3	183956
57	55B0	3	183956
57	55B3	3	183956
57	55B6	3	183956
57	55B7	3	183956
57	55B9	3	183956
57	55BA	1	206544
57	55BB	1	206544
57	55BC	1	206544
57	55BE	1	206544
57	55C0	1	206544
57	55C1	1	206544
57	55C3	1	206544
57	55C5	1	206544
57	55C8	1	206544
57	55CB	1	206544
57	55CC	1	206544
57	55CE	1	206544
57	55E0	3	7712
57	55E1	3	7712
57	55E2	3	7712
57	55E4	3	7712
57	55E6	3	7712
57	55E7	3	7712
57	55E9	3	7712
57	55EB	3	7712
57	55EE	3	7712
57	55F1	3	7712
57	55F2	3	7712
57	55F4	3	7712
57	5606	1	16108
57	5607	1	16108
57	5608	1	16108
57	560A	1	16108
57	560C	1	16108
57	561F	1	16108
57	5621	1	16108
57	5622	1	16108
57	5624	1	16108
57	5626	1	16108
57	5629	1	16108
57	562C	1	16108
57	562D	1	16108
57	562F	1	16108
5C	5150	4	43886
5C	5151	4	43886
5C	5152	4	43886
5C	5153	4	43886
5C	5156	4	43886
5C	5159	4	43886
5C	515C	4	43886
5C	5162	4	43886
5C	5163	4	43886
5C	5164	4	43886
5C	5167	4	43886
5C	5168	4	43886
5C	516B	4	43886
5C	516C	4	43886
5C	516F	4	43886
5C	5171	4	43886
5C	5173	4	43886
5C	5175	4	43886
5C	5176	4	43886
5C	5178	4	43886
5C	517A	4	43886
5C	517C	4	43886
5C	517E	4	43886
5C	5180	4	43886
5C	5182	4	43886
5C	5188	4	43886
5C	518B	4	43886
5C	518E	4	43886
5C	5190	4	43886
5C	5192	4	43886
5C	5194	4	43886
5C	519A	4	43887
5C	519D	4	43887
5C	51A0	4	43887
5C	51A2	4	43887
5C	51A4	4	43887
5C	51A6	4	43887
5C	51AC	4	43888
5C	51AF	4	43888
5C	51B2	4	43888
5C	51B4	4	43888
5C	51B6	4	43888
5C	51B8	4	43888
5C	51BE	4	43889
5C	51C1	4	43889
5C	51C4	4	43889
5C	51C6	4	43889
5C	51C8	4	43889
5C	51CA	4	43889
5C	51D0	4	43890
5C	51D3	4	43890
5C	51D6	4	43890
5C	51D9	4	43890
5C	51DB	4	43890
5C	51E1	4	43890
5C	51E4	4	43890
5C	51E7	4	43890
5C	51EA	4	43890
5C	51EC	4	43890
5C	51F2	4	43890
5C	51F5	4	43910
5C	51F8	4	43911
5C	51FA	4	43911
5C	51FD	4	43912
5C	5203	4	43912
5C	5209	4	43928
5C	520B	4	43928
5C	520C	4	43928
5C	520E	4	43928
5C	5210	4	43928
5C	5213	4	43928
5C	5216	4	43928
5C	5217	4	43928
5C	5219	178	43928
5C	521F	178	43928
5C	5222	178	43929
5C	5228	178	43929
5C	522E	178	43929
5C	523B	173	43929
5C	523E	173	43929
5C	523F	173	43929
5C	5242	173	43929
5C	5244	173	43929
5C	5246	173	43929
5C	5249	173	43929
5C	524C	4	43988
5C	524E	4	43988
5C	524F	4	43988
5C	5251	4	43988
5C	5253	4	43988
5C	5256	4	43988
5C	5259	4	43988
5C	525A	4	43988
5C	525C	4	43988
5C	5262	4	44003
5C	5263	4	44003
5C	5264	1	119628
5C	5266	10	43929
5C	5267	4	43890
5C	526A	4	43890
5C	526D	4	43890
5C	5270	4	43890
5C	5276	4	43890
5C	5279	4	43890
5C	527A	4	43890
5C	527D	56	43890
5C	527E	56	43890
5C	5280	56	43890
5C	5283	56	43890
5C	5284	56	43890
5C	5286	52	43890
5C	5287	52	43890
5C	5288	52	43890
5C	5289	52	43890
5C	528B	4	43890
5C	528C	4	43890
5C	528D	4	43890
5C	528F	2	106858
5C	5292	2	106858
5C	5294	2	106858
5C	5296	1	119582
5C	5297	1	119582
5C	529A	1	119582
5C	529D	1	119582
5C	52A0	1	119582
5C	52A2	1	119582
5C	52A8	1	119582
5C	52A9	1	119582
5C	52AB	1	106858
5C	52AC	1	106858
5C	52AF	1	106858
5C	52B2	1	106858
5C	52B5	1	106858
5C	52B7	1	106858
5C	52BD	1	106858
5C	52C0	1	106858
5C	52C3	1	106858
5C	52C5	1	106858
5C	52C7	1	106858
5C	52CD	1	106858
5C	52D0	1	106858
5C	52D3	1	106858
5C	52D6	1	106858
5C	52D9	1	106858
5C	52DC	1	106858
5C	52DF	1	106858
5C	52E1	1	106858
5C	52E7	1	106858
5C	52E8	1	106858
5C	52EA	1	106858
5C	52ED	1	106858
5C	52EF	2	43890
5C	52F0	2	43890
5C	52F3	2	43890
5C	52F6	2	43890
5C	52F9	2	43890
5C	52FB	2	43890
5C	5301	2	43890
5C	5302	4	43890
5C	5303	4	43890
5C	5304	4	43890
5C	5305	4	43890
5C	5308	4	43890
5C	5309	4	43890
5C	530C	4	43890
5C	530D	6	43890
5C	530E	6	43890
5C	5310	6	43890
5C	5313	6	43890
5C	5314	6	43890
5C	5316	6	43890
5C	5317	6	43890
5C	5318	6	43890
5C	531A	2	43890
5C	531B	2	43890
5C	531C	2	43890
5C	531E	4	43890
5C	531F	4	43890
5C	5320	4	43890
5C	5323	4	43890
5C	5324	4	43890
5C	5325	4	43890
5C	5326	4	43890
5C	5327	4	43890
5C	5329	4	43890
5C	532A	4	43890
5C	532B	4	43890
5C	532C	4	43890
5C	532D	4	43890
5C	532F	4	43890
5C	5331	4	43890
5C	5333	4	43890
5C	5335	4	43890
5C	5337	4	43890
5C	5339	4	43890
5C	533B	4	43890
5C	533D	4	43890
5C	533E	4	43890
5C	5340	4	43890
5C	5342	4	43890
5C	5344	4	43890
5C	5346	4	43890
5C	5348	4	43890
5C	5349	4	43890
5C	534B	4	43890
5C	534D	4	43890
5C	534F	4	43890
5C	5351	4	43890
5C	5353	4	43890
5C	5355	4	43890
5C	5357	4	43890
5C	5359	4	43890
5C	535B	4	43890
5C	535D	4	43890
5C	535F	4	43890
5C	5361	4	43890
5C	5364	4	43898
5C	5367	4	43898
5C	536A	4	43898
5C	536D	4	43898
5C	5373	4	43905
5C	5376	4	43905
5C	5379	4	43905
5C	537C	4	43905
5C	5382	4	43910
5C	5385	4	43910
5C	5388	4	43910
5C	538B	4	43910
5C	5391	4	43910
5C	5394	4	43910
5C	5397	4	43910
5C	539A	4	43910
5C	53A0	4	43910
5C	53B3	4	43910
5C	53B5	4	43910
5C	53B7	4	43910
5C	53B8	4	43910
5C	53BA	4	43910
5C	53BC	4	43910
5C	53BE	4	43910
5C	53C0	4	43910
5C	53C3	4	43910
5C	53C4	4	43910
5C	53C6	4	43910
5C	53C8	4	43910
5C	53CB	4	43910
5C	53CE	4	43910
5C	53CF	4	43910
5C	53D0	4	43910
5C	53D2	4	43910
5C	53D5	4	43910
5C	53D8	4	43910
5C	53DA	4	43910
5C	53DC	2	43910
5C	53DD	2	43910
5C	53E0	2	43910
5C	53E1	4	43910
5C	53E2	4	43910
5C	53E4	4	43910
5C	53E5	4	43910
5C	53E7	4	43910
5C	53E8	4	43910
5C	53E9	4	43910
5C	53EA	4	43910
5C	53EC	4	43910
5C	53ED	4	43910
5C	53EF	4	43910
5C	53F0	4	43910
5C	53F3	4	43910
5C	53F4	4	43910
5C	53F6	4	43910
5C	53F8	4	43910
5C	53FB	4	43910
5C	53FC	4	43910
5C	53FF	4	43910
5C	5401	4	43910
5C	5407	4	43910
5C	5408	4	43910
5C	5409	4	43910
5C	540B	4	43910
5C	540E	4	43910
5C	540F	4	43910
5C	5412	4	43910
5C	5413	4	43910
5C	5415	4	43910
5C	5417	4	43910
5C	541A	4	43910
5C	541B	4	43910
5C	541C	4	43910
5C	541E	4	43910
5C	5421	4	43910
5C	5423	4	43910
5C	5424	4	43910
5C	5426	4	43910
5C	5428	4	43910
5C	542A	4	43910
5C	542D	4	43910
5C	5430	4	43910
5C	5433	4	43910
5C	5435	4	43910
5C	543B	4	43910
5C	543D	4	43910
5C	5440	4	43911
5C	5441	20	43910
5C	5442	20	43910
5C	5443	20	43910
5C	5446	20	43910
5C	5447	20	43910
5C	5448	20	43910
5C	5449	20	43910
5C	544B	20	43910
5C	544C	20	43910
5C	544D	20	43910
5C	544E	20	43910
5C	544F	20	43910
5C	5451	20	43910
5C	5452	20	43910
5C	5453	20	43910
5C	5454	20	43910
5C	5456	20	43910
5C	5457	20	43910
5C	5458	20	43910
5C	5459	20	43910
5C	545A	20	43910
5C	546F	70	106910
5C	5472	70	106910
5C	5474	70	106910
5C	54A5	70	106910
5C	54A6	70	106910
5C	54A9	70	106910
5C	54AB	70	106910
5C	54AD	70	106910
5C	54B0	70	106910
5C	54B2	70	106910
5C	54B4	70	106910
5C	54B7	70	106910
5C	54B8	70	106910
5C	54BB	70	106910
5C	54BC	70	106910
5C	54EB	70	106910
5C	54EC	70	106910
5C	54ED	70	106910
5C	54EE	70	106910
5C	5504	2	43910
5C	5506	2	43910
5C	5509	2	43910
5C	550A	2	43910
5C	550B	2	43910
5C	550C	2	43910
5C	550F	2	43910
5C	5510	2	43910
5C	5512	2	43910
5C	5513	2	43910
5C	5514	2	43910
5C	5515	2	43910
63	4000	15229	1967
63	4001	15229	1967
63	4002	15229	1967
63	4003	15229	1967
63	4004	15229	1967
63	4005	15229	1967
63	4007	15229	1967
63	4008	15229	1967
63	400A	15229	1967
63	400C	15229	1967
63	400E	15229	1967
63	4010	15229	1967
63	4012	15229	1967
63	4014	15229	1967
63	4017	15229	1967
63	4018	15229	1967
63	4019	15229	1967
63	401A	15229	1967
63	401B	15229	1967
63	401C	15229	1967
63	401D	15229	1967
63	401E	15229	1967
63	401F	15229	1967
63	4020	15229	1967
63	4021	15229	1967
63	4023	15229	1967
63	4024	15229	1967
63	4026	15229	1967
63	4028	15229	1967
63	4029	15229	1967
63	402A	15229	1967
63	402B	15229	1967
63	402C	15229	1967
63	403D	2916	1967
63	403F	2916	1967
63	4041	2916	1967
63	4043	1267	2948
63	4045	1267	2948
63	4047	1267	2948
63	4049	2069	2945
63	404B	2069	2945
63	404D	2069	2945
63	404F	1696	2943
63	4051	1696	2943
63	4053	1696	2943
63	4055	2034	2944
63	4057	2034	2944
63	4059	2034	2944
63	405B	1913	2944
63	405D	1913	2944
63	405F	1913	2944
63	4061	1425	2950
63	4063	1425	2950
63	4065	1425	2950
63	4067	1909	2942
63	4069	1909	2942
63	406B	1909	2942
63	406D	15229	1967
63	406E	15229	1967
63	406F	15229	1967
63	4070	15229	1967
63	4071	15229	1967
65	4000	32	17
65	4003	32	22
65	4009	32	22
65	400F	32	22
65	4015	32	22
65	4016	32	22
65	4019	32	22
65	401C	32	22
65	401D	32	22
65	401E	32	22
65	4021	32	22
65	4022	32	22
65	4023	32	22
65	4024	32	22
65	4025	32	22
65	4026	32	22
65	4029	32	22
65	402F	32	324
65	4030	32	324
65	4032	32	324
65	4033	32	324
65	4035	32	324
65	4037	32	324
65	4038	32	324
65	4039	32	324
65	403A	32	324
65	403B	32	324
65	4078	32	324
65	407E	32	324
65	407F	32	324
65	4081	32	324
65	4082	32	324
65	4084	32	324
65	4086	32	324
65	4087	32	324
65	4088	32	324
65	4089	32	324
65	408A	32	324
65	408B	32	324
65	416C	32	324
65	4172	32	326
65	4174	32	326
65	4176	32	326
65	417C	32	326
65	417D	32	326
65	417F	32	326
65	4185	32	327
65	4186	32	327
65	4188	32	327
65	41A7	32	327
65	41A9	32	327
65	473F	5	43586
65	4741	5	43586
65	4743	5	43586
65	4744	5	43586
65	4746	5	43586
65	4748	5	43586
65	474A	5	43586
65	474C	5	43586
65	474F	5	43586
65	4752	5	43586
65	4755	5	43586
65	4756	5	43586
65	4758	5	43586
65	4759	5	43586
65	475B	5	43586
65	475D	5	43586
65	475F	5	43586
65	4760	5	43586
65	47C8	2	43886
65	47CA	2	43886
65	47CC	2	43886
65	47CD	2	43886
65	47CF	2	43886
65	47D1	2	43886
65	47D3	2	43886
65	47D5	2	43886
65	47D8	2	43886
65	47DB	2	43886
65	47DE	2	43886
65	47DF	2	43886
65	47E1	2	43886
65	47E2	2	43886
65	47E4	2	43886
65	47E6	2	43886
65	47E8	2	43886
65	47E9	2	43886
65	487C	207	2937
65	487F	207	2937
65	4881	207	2937
65	4883	207	2937
65	4889	207	2937
65	488C	207	2938
65	488E	207	2938
65	4890	207	2938
65	4892	207	2938
65	4893	207	2938
65	4895	207	2938
65	4897	207	2938
65	4899	207	2938
65	489B	207	2938
65	489D	207	2938
65	489F	207	2938
65	48A5	207	2938
65	48A8	207	2938
65	48AB	207	2938
65	48AD	207	2938
65	48AE	207	2938
65	48B1	207	2938
65	48B4	207	2938
65	48B7	207	2938
65	48B8	207	2938
65	48B9	207	2938
65	48BC	207	2938
65	48BD	207	2938
65	48C0	207	2938
65	48C1	207	2938
65	48C2	207	2938
65	48C5	207	2938
65	48C8	207	2938
65	48CB	207	2938
65	48CD	207	2938
65	48CF	207	2938
65	48D1	207	2938
65	48D7	207	2939
65	48DA	207	2939
65	48DD	207	2939
65	48E0	207	2939
65	48E2	207	2939
65	48E8	207	2939
65	48EB	207	2939
65	48EC	207	2939
65	48EF	207	2939
65	48F0	207	2939
65	48F1	207	2939
65	48F3	207	2939
65	48F5	207	2939
65	48F8	207	2939
65	48FB	207	2939
65	48FE	207	2939
65	4900	207	2939
65	4906	207	2939
65	4919	207	2939
65	491B	207	2939
65	491E	207	2940
65	4921	207	2942
65	4924	207	2942
65	4927	207	2972
65	4929	207	2972
65	492C	207	2973
65	4932	206	2989
65	4935	206	2989
65	4938	206	2989
65	493A	206	2989
65	493C	6833	2989
65	493F	6833	2990
65	4945	6833	2990
65	494B	6833	2990
65	4958	6557	2990
65	495B	148	3860
65	495D	148	3860
65	495E	148	3860
65	4960	148	3860
65	4962	148	3860
65	4965	148	3860
65	4968	148	3860
65	4969	148	3860
65	496B	148	3860
65	4971	148	3875
65	4973	148	3875
65	4974	60	3020
65	4977	60	3020
65	4979	60	3020
65	497B	2	85588
65	497D	2	85588
65	497F	2	85588
65	4981	58	3020
65	4983	58	3020
65	4984	58	3020
65	4986	58	3020
65	4988	58	3020
65	498B	58	3020
65	498E	58	3020
65	498F	58	3020
65	4991	58	3020
65	4997	58	3035
65	4998	58	3035
65	4999	31	3400
65	499B	37	3240
65	49A2	207	2942
65	49A5	207	2942
65	49A8	207	2942
65	49AB	207	2942
65	49B1	207	2942
65	49B4	207	2942
65	49B5	207	2942
65	49B8	207	2942
65	49B9	207	2942
65	49BC	207	2942
65	49BD	207	2942
65	49BE	207	2942
65	49BF	207	2942
65	49C0	207	2942
65	49C1	207	2942
65	49C2	207	2942
65	49C4	207	2942
65	49C6	207	2942
65	49C8	207	2942
65	49CA	207	2942
65	49CC	207	2942
65	49CE	207	2942
65	49D0	207	2942
65	49D2	207	2942
65	49D4	207	2942
65	49D6	207	2942
65	49D8	207	2942
65	49DA	207	2942
65	49DC	207	2942
65	49DE	207	2942
65	49E0	207	2942
65	49E2	207	2942
65	49E4	207	2942
65	49E6	207	2942
65	49E8	207	2942
65	49EA	207	2942
65	49EC	207	2942
65	49EE	207	2942
65	49F0	207	2942
65	49F2	207	2942
65	49F4	207	2942
65	49F6	207	2942
65	49F7	207	2942
65	49FA	207	2960
65	49FD	207	2960
65	4A00	207	2960
65	4A03	207	2960
65	4A09	207	2967
65	4A0C	207	2967
65	4A0F	207	2967
65	4A12	207	2967
65	4A18	207	2972
65	4A1B	207	2972
65	4A1E	207	2972
65	4A21	207	2972
65	4A27	207	2972
65	4A2A	207	2972
65	4A2D	207	2972
65	4A30	207	2972
65	4A36	207	2972
65	4A37	207	2940
65	4A3A	207	2940
65	4A3B	207	2940
65	4A3E	207	2940
65	4A3F	207	2940
65	4A40	207	2940
65	4A41	207	2940
65	4A44	207	2940
65	4A45	207	2940
65	4A46	207	2940
65	4A47	207	2940
65	4A49	207	2940
65	4A4A	207	2940
65	4A4B	207	2940
65	4A4C	207	2940
65	4A4D	207	2940
65	4A4E	207	2940
65	4A4F	207	2940
65	4A50	207	2940
65	4A51	207	2940
65	4A52	207	2940
65	4A53	207	2940
65	4A54	207	2940
65	4A57	207	2940
65	4A59	207	2940
65	4A5B	207	2940
65	4A61	207	2941
65	4A62	207	2941
65	4A63	207	2941
65	4A64	207	2941
65	4A67	207	2941
65	4A68	207	2941
65	4A69	207	2941
65	4A6A	207	2941
65	4A6C	207	2941
65	4A6D	207	2941
65	4A6E	207	2941
65	4A6F	207	2941
65	4A70	207	2941
65	4A71	207	2941
65	4A74	207	2941
65	4A76	207	2941
65	4A78	207	2941
65	4A7A	207	2941
65	4A80	207	2942
65	4AD7	207	2942
65	4ADA	207	2942
65	4ADB	207	2942
65	4ADE	207	2942
65	4ADF	207	2942
65	4AE0	207	2942
65	4AE2	207	2942
65	4AEB	207	2942
65	4AEC	207	2942
65	4AEF	207	2942
65	4AF0	207	2942
65	4AF1	207	2942
65	4AF2	207	2942
65	4AF3	207	2942
65	4AF4	32	3162
65	4AF5	32	3162
65	4AF6	32	3162
65	4AF9	32	3162
65	4AFC	32	3162
65	4AFD	32	3162
65	4AFE	32	3162
65	4AFF	32	3162
65	4B01	32	3162
65	4B02	32	3162
65	4B03	32	3162
65	4B04	32	3162
65	4B05	32	3162
65	4B06	32	3162
65	4B07	32	3162
65	4B08	32	3162
65	4B09	32	3162
65	4B0A	32	3162
65	4B0C	32	3162
65	4B0D	32	3162
65	4B0E	32	3162
65	4B0F	32	3162
65	4B10	32	3162
65	4B11	32	3162
65	4B14	32	3162
65	4B17	32	3162
65	4B19	32	3162
65	4B1F	32	3162
65	4B20	32	3162
65	4B21	32	3162
65	4B22	32	3162
65	4B25	32	3162
65	4B28	32	3162
65	4B29	32	3162
65	4B2A	32	3162
65	4B2B	32	3162
65	4B2D	32	3162
65	4B2E	32	3162
65	4B2F	32	3162
65	4B30	32	3162
65	4B31	32	3162
65	4B32	32	3162
65	4B33	32	3162
65	4B34	32	3162
65	4B35	32	3162
65	4B36	32	3162
65	4B38	32	3162
65	4B39	32	3162
65	4B3A	32	3162
65	4B3B	32	3162
65	4B3C	32	3162
65	4B3D	32	3162
65	4B40	32	3162
65	4B43	32	3162
65	4B45	32	3162
65	4B4B	32	3162
65	4B4D	32	3162
65	4B4E	32	3162
65	4B51	32	3162
65	4B54	32	3162
65	4B55	32	3162
65	4B56	32	3162
65	4B57	32	3162
65	4B59	32	3162
65	4B5A	32	3162
65	4B5B	32	3162
65	4B5C	32	3162
65	4B5D	32	3162
65	4B5E	32	3162
65	4B5F	32	3162
65	4B60	32	3162
65	4B61	32	3162
65	4B62	32	3162
65	4B64	32	3162
65	4B65	32	3162
65	4B66	32	3162
65	4B67	32	3162
65	4B68	32	3162
65	4B69	32	3162
65	4B6C	32	3162
65	4B6F	32	3162
65	4B71	32	3162
65	4B77	32	3162
65	4BA8	206	2989
65	4BAB	206	2989
65	4BAE	206	2989
65	4BAF	206	2989
65	4BB0	206	2989
65	4BB2	206	2989
65	4BB3	206	2989
65	4BB4	206	2989
65	4BB5	206	2989
65	4BB7	206	2989
65	4BB8	206	2989
65	4BBA	206	2989
65	4BBB	206	2989
65	4BBD	206	2989
65	4BBF	206	2989
65	4BC2	206	2989
65	4BC3	206	2989
65	4BC5	206	2989
67	58CD	27	2937
67	58D3	56	2937
67	58D5	56	2937
67	58DB	56	3035
67	58DC	56	3035
67	58DD	99	13783
67	58DF	99	13783
67	58E5	98	13863
67	58E6	98	13863
67	58E8	89	40003
67	58EB	89	40003
67	58F1	89	40003
67	58F3	89	40003
67	58F9	79	40946
67	58FA	79	40946
67	58FC	21	41286
67	58FF	21	41286
67	5902	21	41286
67	5908	26	41286
67	590B	26	41286
67	5911	26	41286
67	5913	26	41286
67	5919	25	41786
67	591A	25	41786
67	591C	5	43586
67	591F	5	43586
67	5922	5	43586
67	5928	5	43586
67	592E	5	43586
67	592F	5	43586
67	593E	5	43586
67	5941	5	43586
67	5944	5	43586
67	594A	5	43586
67	594D	5	43586
67	5953	5	43586
67	5955	5	43586
67	595B	5	43886
67	595C	5	43886
67	595E	2	43886
67	5961	2	43886
67	5964	2	43886
67	596A	2	43886
67	5970	2	43886
67	5971	2	43886
67	5973	2	43886
67	5975	2	43886
67	5978	2	43886
67	597E	2	44003
67	60BA	7	3797
67	60BB	7	3797
67	60BE	7	3797
67	60C0	7	3797
67	60C6	7	3875
67	60C7	7	3875
67	60C8	6	3875
67	60CB	6	4237
67	60CC	6	4237
67	60CE	6	4237
67	60D0	6	4237
67	60F9	6	4237
67	60FC	6	4237
67	60FD	6	4237
67	60FF	4	4237
67	6101	4	4237
67	6107	4	4295
67	611C	19	3896
67	611F	19	3896
67	6121	19	3896
67	6127	19	4057
67	6128	19	4057
67	612A	16	4057
67	612C	16	4057
67	612E	11	4057
67	6131	11	4057
67	6137	11	4057
67	6138	11	4057
67	613E	10	4118
67	613F	10	4118
67	616F	8	4237
67	6170	8	4237
67	6171	6	3875
67	6177	6	3875
67	6179	6	3875
67	617B	6	3875
67	617E	6	3875
67	6180	6	3875
67	6182	6	3875
67	6185	6	3875
67	6187	6	3875
67	6189	6	3875
67	618B	6	3875
67	618C	6	3875
67	618F	6	3875
67	6192	6	3875
67	6195	6	3877
67	6198	6	3877
67	619B	6	3877
67	619E	6	3877
67	61A1	6	3877
67	61A7	6	3877
67	61A9	6	3877
67	61AF	6	3877
67	61B2	6	3877
67	61B4	6	3877
67	61B5	6	3877
67	61B7	6	3877
67	61BA	6	3877
67	61C0	6	4237
67	61C3	6	4237
67	61C5	6	4237
67	61CF	6	4237
67	61D1	6	4237
67	626F	2	189537
67	6271	2	189537
67	6274	3	189537
67	6276	3	189537
67	627C	3	189623
67	627D	3	189623
67	627E	3	189623
67	6284	2	189713
67	6285	2	189713
67	6287	2	189713
67	6289	2	189713
67	62B2	2	189713
67	62B5	2	189713
67	62B6	2	189713
67	62B8	1	190373
67	62BA	1	190373
67	62C0	1	190459
67	62D5	3	189623
67	62DB	3	189623
67	62DD	3	189623
67	62DF	3	189623
67	62E2	3	189623
67	62E4	3	189623
67	62E6	3	189623
67	62E9	3	189623
67	62EB	3	189623
67	62ED	3	189623
67	62EF	3	189623
67	62F0	3	189623
67	62F3	3	189623
67	62F6	3	189623
67	62F9	3	189625
67	62FC	3	189625
67	62FF	3	189625
67	6302	3	189625
67	6304	3	189625
67	630A	3	189625
67	630D	3	189625
67	630F	3	189625
67	6310	3	189625
67	6312	3	189625
67	6315	3	189625
67	631B	2	189713
67	631E	2	189713
67	6320	2	189713
67	632A	2	189713
67	632C	2	189713
67	6369	32	23
67	636B	32	23
67	636D	32	23
67	6373	32	23
67	6379	32	23
67	637C	32	23
67	637F	32	23
67	6381	32	23
67	6383	32	23
67	6385	32	23
67	638B	32	24
67	638E	32	24
67	6391	32	24
67	6393	32	24
67	6395	32	24
67	6397	32	24
67	639D	32	25
67	63A0	32	25
67	63A3	32	25
67	63A5	32	25
67	63A7	32	25
67	63A9	32	25
67	63AF	32	26
67	63B2	32	26
67	63B5	32	26
67	63B8	32	26
67	63BA	32	26
67	63C0	32	26
67	63C3	32	26
67	63C6	32	26
67	63C9	32	26
67	63CB	32	26
67	63D1	32	26
67	63D4	32	26
67	63D7	32	26
67	63DA	32	26
67	63DC	32	26
67	63E2	32	26
67	63E5	32	26
67	63E8	32	26
67	63EA	32	26
67	63EC	32	26
67	63F2	32	26
67	63F5	32	26
67	63F8	32	26
67	63FB	32	26
67	63FD	32	26
67	6400	32	27
67	6401	32	22
67	6404	32	27
67	640A	32	43
67	640C	32	43
67	640D	32	43
67	640F	32	43
67	6411	32	43
67	6414	32	43
67	6417	32	43
67	6418	32	43
67	641A	32	43
67	641D	32	308
67	6423	32	323
67	6425	32	323
67	6426	32	323
67	6428	32	323
67	642A	32	323
67	642D	32	323
67	642E	32	323
67	6430	32	323
67	6433	32	324
67	6436	32	324
67	6437	32	22
67	6439	32	22
67	643B	32	22
67	6441	32	22
67	6447	32	23
67	644D	32	27
67	644E	32	43
67	644F	32	43
67	6452	8480	43
67	6458	8480	43
67	645B	8480	44
67	645D	8480	44
67	645F	8480	44
67	6460	8480	44
67	6462	8480	44
67	6464	8480	44
67	6466	8480	44
67	6468	8480	44
67	646B	8480	44
67	646C	8480	44
67	646E	8480	44
67	646F	8480	44
67	6471	8480	44
67	6473	8480	44
67	6475	8480	44
67	6476	8480	44
67	6477	8480	44
67	6479	5952	63
67	647B	5952	63
67	647D	1920	83
67	6480	1920	83
67	6481	1920	83
67	6483	96	83
67	6485	96	83
67	6486	96	83
67	6488	96	83
67	648A	96	83
67	648D	96	83
67	6490	96	83
67	6491	96	83
67	6493	96	83
67	6495	96	83
67	6498	96	83
67	649A	2528	44
67	649B	2528	44
67	649E	8480	44
67	64A1	8480	44
67	64A2	8480	44
67	64A4	8480	44
67	64A5	8480	44
67	64A7	8480	44
67	64A9	8480	44
67	64AA	8480	44
67	64AB	8480	44
67	64AC	8480	44
67	64AD	8480	44
67	64B4	32	44
67	64B7	32	44
67	64BA	32	44
67	64BC	32	44
67	64BF	32	44
67	64C1	32	44
67	64C4	32	44
67	64C7	4032	45
67	64CA	4032	45
67	64CC	4032	45
67	64CF	4032	45
67	64D1	4032	45
67	64D4	32	170
67	64D6	32	170
67	64D8	32	170
67	64DB	32	170
67	64DD	32	170
67	64DF	32	170
67	64E2	32	170
67	64E5	32	170
67	64E8	32	170
67	64EA	32	170
67	64ED	32	170
67	64EF	32	170
67	64F2	32	170
67	64F5	4416	171
67	64F8	4416	171
67	64FA	4416	171
67	64FD	4416	171
67	64FF	4416	171
67	6502	32	308
67	6503	32	308
67	6505	32	308
67	6508	32	308
67	650A	32	308
67	650D	32	308
67	6513	32	308
67	6514	32	308
67	6516	32	308
67	6518	32	308
67	651C	32	308
67	651F	32	308
67	6731	131	4057
67	6733	131	4057
67	6735	131	4057
67	6736	131	4057
67	6738	131	4057
67	673A	131	4057
67	673C	131	4057
67	673E	131	4057
67	673F	131	4057
67	6740	131	4057
67	6741	131	4057
67	6742	131	4057
67	6743	131	4057
67	6744	131	4057
67	6745	131	4057
67	6747	131	4057
67	6748	131	4057
67	674A	131	4057
67	674C	131	4057
67	674E	131	4057
67	674F	720	40269
67	6751	720	40269
67	6753	720	40269
67	6754	720	40269
67	6756	720	40269
67	6758	720	40269
67	675A	720	40269
67	675C	720	40269
67	675D	720	40269
67	675E	720	40269
67	675F	720	40269
67	6761	594	40269
67	6762	594	40269
67	6763	594	40269
67	6764	594	40269
67	6765	594	40269
67	6766	594	40269
67	6767	594	40269
67	6768	594	40269
67	6769	594	40269
67	676A	594	40269
67	676C	594	40269
67	676D	594	40269
67	676E	594	40269
67	676F	594	40269
67	6771	594	40269
67	6772	594	40269
67	6773	594	40269
67	6774	594	40269
67	6776	594	40269
67	6777	594	40269
67	6778	594	40269
67	6779	594	40269
67	677A	594	40269
67	677B	594	40269
67	677C	594	40269
67	677D	594	40269
67	677F	594	40269
67	6780	594	40269
67	6781	594	40269
67	6782	594	40269
67	6784	594	40269
67	6785	594	40269
67	6787	594	40269
67	6789	594	40269
67	678B	594	40269
67	678C	594	40269
67	678D	126	41729
67	678F	126	41729
67	6790	126	41729
67	6792	126	41729
67	6794	126	41729
67	6796	126	41729
67	6798	126	41729
67	6799	334	4101
67	679B	334	4101
67	679D	334	4101
67	679E	334	4101
67	67A0	334	4101
67	67A2	334	4101
67	67A4	334	4101
67	67A6	334	4101
67	67A7	334	4101
67	67A8	334	4101
67	67A9	334	4101
67	67AA	334	4101
67	67AB	334	4101
67	67AD	265	40669
67	67AE	265	40669
67	67AF	265	40669
67	67B0	265	40669
67	67B2	265	40669
67	67B3	265	40669
67	67B4	265	40669
67	67B5	265	40669
67	67B6	265	40669
67	67B7	265	40669
67	67B8	265	40669
67	67B9	265	40669
67	67BA	265	40669
67	67BC	265	40669
67	67BD	265	40669
67	67BE	265	40669
67	67BF	265	40669
67	67C0	265	40669
67	67C1	265	40669
67	67C2	265	40669
67	67C3	265	40669
67	67C5	265	40669
67	67C6	265	40669
67	67C8	265	40669
67	67CA	265	40669
67	67CC	265	40669
67	67CD	265	40669
67	67CE	69	4101
67	67D0	69	4101
67	67D1	69	4101
67	67D3	69	4101
67	67D5	69	4101
67	67D7	69	4101
67	67D8	69	4101
67	67DA	69	4101
67	6807	1116	4072
67	6809	1116	4072
67	680B	1116	4072
67	680C	1116	4072
67	680E	1116	4072
67	6810	1116	4072
67	6812	1116	4072
67	6814	1116	4072
67	6816	1116	4072
67	6817	1116	4072
67	6818	1116	4072
67	6819	1116	4072
67	681B	1116	4072
67	681C	1116	4072
67	681D	1116	4072
67	681F	1116	4072
67	6820	1116	4072
67	6822	1116	4072
67	6824	1116	4072
67	6826	1116	4072
67	6827	1116	4072
67	6828	1116	4057
67	682A	1116	4057
67	682C	1116	4057
67	682D	1116	4057
67	682F	1116	4057
67	6831	1116	4057
67	6833	1116	4057
67	6835	1116	4057
67	6836	1116	4057
67	6837	1116	4057
67	6839	1116	4057
67	683A	1116	4057
67	683C	1116	4057
67	683E	1116	4057
67	6840	1116	4057
67	6841	1116	4057
67	6842	1505	4072
67	6844	1505	4072
67	6846	1505	4072
67	6847	1505	4072
67	6849	1505	4072
67	684B	1505	4072
67	684D	1505	4072
67	684F	1505	4072
67	6850	1505	4072
67	6851	1505	4072
67	6852	1505	4072
67	6853	1505	4072
67	6854	1505	4072
67	6856	1505	4072
67	6857	1505	4072
67	6859	1505	4072
67	685B	1505	4072
67	685D	1505	4072
67	685E	1505	4072
68	4010	16	7761
68	4011	16	7761
68	4014	16	7761
68	4017	16	7761
68	4018	16	7761
68	4019	16	7761
68	401C	16	7761
68	401D	16	7761
68	401E	16	7761
68	401F	16	7761
68	4020	16	7761
68	4021	33	41286
68	4023	33	41286
68	4025	33	41286
68	4026	33	41286
68	4028	33	41286
68	402A	33	41286
68	402C	33	41286
68	402E	33	41286
68	4031	33	41286
68	4033	33	41286
68	4034	33	41286
68	4036	33	41286
68	4038	33	41286
68	403A	33	41286
68	403B	131	4057
68	403D	131	4057
68	403F	131	4057
68	4040	131	4057
68	4042	131	4057
68	4044	131	4057
68	4046	131	4057
68	4048	131	4057
68	4049	131	4057
68	404A	131	4057
68	404C	131	4057
68	404D	131	4057
68	404F	131	4057
68	4051	131	4057
68	4053	131	4057
68	40D8	1116	4072
68	40DE	1116	4072
68	40DF	1116	4072
68	40E2	1116	4072
68	40E5	1116	4072
68	40E6	1116	4072
68	40E7	1116	4072
68	40E8	1116	4072
68	40E9	1116	4072
68	40EA	1116	4072
68	40ED	1116	4072
68	40F0	1116	4072
68	4127	131	4057
68	4129	131	4057
68	412B	131	4057
68	412C	131	4057
68	412E	131	4057
68	4130	131	4057
68	4132	131	4057
68	4134	131	4057
68	4135	131	4057
68	4136	131	4057
68	4137	131	4057
68	4138	131	4057
68	4148	131	4057
68	414A	131	4057
68	414B	131	4057
68	414D	131	4057
68	414F	131	4057
68	4151	131	4057
68	417F	119	4101
68	4181	119	4101
68	4183	119	4101
68	4184	119	4101
68	4186	119	4101
68	4188	119	4101
68	418A	119	4101
68	418C	119	4101
68	418D	119	4101
68	418E	119	4101
68	418F	119	4101
68	4192	119	4101
68	4194	119	4101
68	4195	119	4101
68	4197	119	4101
68	4199	119	4101
68	419B	119	4101
68	41E9	3	1954
68	41EC	3	1954
68	41ED	3	1954
68	41F0	3	1954
68	41F1	3	1954
68	41F4	3	1954
68	41F6	3	1954
68	41F8	3	1954
68	41F9	3	1954
68	41FB	3	1954
68	41FD	3	1954
68	41FF	3	1954
68	4202	3	1954
68	4204	3	1954
68	4206	3	1954
68	4209	3	1954
68	420C	3	1954
68	420F	3	1954
68	4212	3	1954
68	4215	3	1954
68	4216	3	1954
68	4219	3	1954
68	421A	3	1954
68	421D	3	1954
68	4220	3	1954
68	4223	3	1954
68	4226	3	1954
68	4227	3	1954
68	422A	3	1954
68	422B	3	1954
68	422E	3	1954
68	4230	3	1954
68	4231	3	1954
68	4233	3	1954
68	4236	3	1954
68	4238	3	1954
68	4239	3	1954
68	423B	3	1954
68	423D	3	1954
68	423F	3	1954
68	4246	3	1954
68	4248	3	1954
68	424B	3	1954
68	4282	27	2937
68	431A	32	308
68	431C	32	308
68	431E	32	308
68	4321	32	308
68	4323	32	308
68	4325	32	308
68	4326	32	308
68	4328	32	308
68	432A	32	308
68	432C	32	308
68	432F	32	308
68	4332	32	308
68	4334	32	308
68	4336	32	308
68	4339	32	308
68	433B	32	308
68	433D	32	308
68	4340	32	308
68	4342	32	308
68	4345	32	308
68	4348	32	308
68	434A	32	308
68	434C	32	308
68	434F	32	308
68	4350	32	308
68	4352	32	308
68	4354	32	308
68	4355	32	308
68	4357	32	308
68	435A	32	308
68	435C	32	308
68	435D	32	308
68	435F	32	308
68	4362	32	308
68	4364	32	308
68	4469	3	10226
68	446A	3	10226
68	446B	3	10226
68	446C	3	10226
68	446D	3	10226
68	44D0	6	10225
68	44D2	6	10225
68	44D4	6	10225
68	44D5	6	10225
68	44D7	6	10225
68	44D9	6	10225
68	44DB	6	10225
68	44DE	6	10225
68	44E0	6	10225
68	44E2	6	10225
68	44E5	6	10225
68	44E8	6	10225
68	44EA	6	10225
68	44EB	6	10225
68	44ED	6	10225
68	44EE	6	10225
68	44F0	6	10225
68	44F3	6	10225
68	44F5	6	10225
68	44F6	6	10225
68	44F8	6	10225
68	44FC	80	2838
68	44FE	80	2838
68	4500	80	2838
68	4501	80	2838
68	4503	80	2838
68	4505	80	2838
68	4507	80	2838
68	4508	80	2838
68	450A	80	2838
68	450C	80	2838
68	450E	80	2838
68	4511	80	2838
68	4513	80	2838
68	4515	80	2838
68	4518	80	2838
68	451B	80	2838
68	451D	80	2838
68	451E	80	2838
68	4520	80	2838
68	4521	80	2838
68	4523	80	2838
68	4526	80	2838
68	4528	80	2838
68	452A	80	2838
68	452B	80	2838
68	452D	80	2838
68	4530	80	2838
68	4532	80	2838
68	4533	80	2838
68	4534	80	2838
68	4539	80	2838
68	453A	80	2838
68	459A	32	308
68	459C	32	308
68	459E	32	308
68	45A1	32	308
68	45A3	32	308
68	45A5	32	308
68	45A6	32	308
68	45A8	32	308
68	45AA	32	308
68	45AC	32	308
68	45AF	32	308
68	45B2	32	308
68	45B5	32	308
68	45B7	6080	308
68	45B8	6080	308
68	45B9	6080	308
68	45BA	6080	308
68	45BC	6080	308
68	45BD	6080	308
68	45BE	6080	308
68	45BF	6080	308
68	45C1	32	308
68	45C2	32	308
68	45C3	32	308
68	45C4	32	308
68	45C5	32	308
68	45C6	32	308
68	45C8	32	308
68	45C9	32	308
68	45CA	32	308
68	45CC	32	308
68	45CE	32	308
68	45CF	32	308
68	45D1	32	308
68	45D4	32	308
68	45D6	32	308
68	45D7	32	308
68	45D9	32	308
68	45DC	32	308
68	45DE	32	308
68	4870	32	324
68	4873	32	324
68	4874	32	324
68	4876	32	324
68	4877	32	324
68	4879	32	324
68	487B	32	324
68	487C	32	324
68	487D	32	324
68	487E	32	324
68	487F	32	324
68	4880	32	324
68	4883	32	324
68	4885	32	324
68	4887	32	324
68	4888	32	324
68	488A	32	324
68	488C	32	324
68	488E	32	324
68	488F	32	324
68	4891	32	324
68	4893	32	324
68	4895	32	324
68	4898	32	324
68	489A	32	324
68	489C	32	324
68	489F	32	324
68	48A0	32	324
68	48A1	32	324
68	48A3	32	324
68	48A4	32	324
68	48A6	32	324
68	48A9	32	324
68	48AB	32	324
68	48AD	32	324
68	48AE	32	324
68	48B0	32	324
68	48B3	32	324
68	48B5	32	324
68	48B6	32	324
68	48B8	32	324
68	48BA	32	324
68	48BC	32	324
68	48BE	32	324
68	48C0	32	324
68	48C2	32	324
68	48CE	32	324
68	48D0	32	324
68	48DE	32	324
68	48E1	32	324
68	48E4	32	324
68	48E5	32	324
68	48ED	32	324
68	48F0	32	324
68	48F2	32	324
68	4950	32	324
68	4952	32	324
68	4954	32	324
68	4955	32	324
68	4957	32	324
68	4959	32	324
68	495B	32	324
68	495E	32	324
68	4960	32	324
68	4962	32	324
68	4963	32	324
68	4965	32	324
68	4967	32	324
68	4969	32	324
68	496C	32	324
68	496D	32	324
68	4970	32	324
68	4973	32	324
68	4974	32	324
68	4975	32	324
68	4976	32	324
68	4977	32	324
68	4978	32	324
68	497A	32	324
68	497B	32	324
68	497C	32	324
68	497E	32	324
68	497F	32	324
68	4982	32	324
68	4984	32	324
68	4987	32	324
68	4988	32	324
68	498A	32	324
68	498C	32	324
68	49A0	32	324
68	49A2	32	324
68	49A3	32	324
68	49A5	32	324
68	49A8	32	324
68	49AA	32	324
68	49AC	32	324
68	49AD	32	324
68	49AF	32	324
68	49B2	32	324
68	49B4	32	324
68	49B5	32	324
68	49B6	32	324
68	49B8	32	324
68	49BA	32	324
68	49BB	32	324
68	49BD	32	324
68	49BF	32	324
68	49C1	32	324
68	49C4	32	324
68	49C6	32	324
68	49C8	32	324
68	49C9	32	324
68	49CB	32	324
68	49CD	32	324
68	49CF	32	324
68	49D2	32	324
68	49D5	32	324
68	49D8	32	324
68	49DB	32	324
68	49DC	32	324
68	49DD	32	324
68	49DE	32	324
68	49E1	32	324
68	49E4	32	324
68	49E7	32	324
68	49EA	32	324
68	49EC	32	324
68	49ED	32	324
68	49EF	32	324
68	49F2	32	324
68	49F4	32	324
68	49F6	32	324
68	49F7	32	324
68	49F9	32	324
68	49FC	32	324
68	49FE	32	324
68	49FF	64	324
68	4A02	16256	324
68	4A03	16256	324
68	4A04	16256	324
68	4A05	16256	324
68	4A07	16256	324
68	4A08	16256	324
68	4A09	16256	324
68	4A0A	16256	324
68	4A0B	16256	324
68	4A0C	16256	324
68	4A0E	64	324
68	4A0F	32	22
68	4A11	32	22
68	4A13	32	22
68	4A14	32	22
68	4A16	32	22
68	4A18	32	22
68	4A1A	32	22
68	4A1D	32	22
68	4A1F	32	22
68	4A21	32	22
68	4A22	32	22
68	4A24	32	22
68	4A26	32	22
68	4A28	32	22
68	4A2B	32	22
68	4A2C	32	22
68	4A2F	32	22
68	4A32	32	22
68	4A35	32	22
68	4A37	32	22
68	4A38	32	22
68	4A3A	32	22
68	4A3D	32	22
68	4A3F	32	22
68	4A41	32	22
68	4A42	32	22
68	4A44	32	22
68	4A47	32	22
68	4A49	32	22
68	4F8C	2	106854
68	4F8F	2	106854
68	4F90	2	106854
68	4F93	2	106854
68	4F94	2	106854
68	4F97	2	106854
68	4F9D	2	106996
68	4F9E	74	2838
68	4F9F	74	2838
68	4FA2	74	2838
68	4FA5	74	2838
68	4FA7	74	2838
68	4FAA	74	2838
68	4FAB	74	2838
68	4FAE	74	2838
68	4FB1	74	2838
68	4FB2	74	2838
68	4FB3	74	2838
68	4FB6	74	2838
68	4FB7	74	2838
68	4FB8	74	2838
68	4FB9	74	2838
68	4FBA	74	2838
68	4FC0	74	2838
68	4FC2	74	2838
68	4FC4	74	2838
68	4FC6	74	2838
68	4FD6	74	2838
68	4FDC	74	2838
68	4FDF	74	2838
68	4FE0	74	2838
68	4FE3	74	2838
68	4FE5	74	2838
68	4FE8	74	2838
68	4FEA	74	2838
68	4FED	74	2838
68	4FF0	73	2937
68	4FF3	73	2937
68	4FF6	73	2937
68	4FF7	73	2937
68	4FF9	73	2937
68	4FFB	73	2937
68	4FFC	73	2937
68	4FFE	73	2937
68	5000	73	2937
68	5002	73	2937
68	5003	73	2937
68	5005	73	2937
68	5007	73	2937
68	5009	73	2937
68	500C	73	2937
68	500E	73	2937
68	5010	73	2937
68	5013	73	2937
68	5014	73	2937
68	5015	73	2937
68	5017	73	2937
68	5018	73	2937
68	501A	73	2937
68	501D	73	2937
68	501F	73	2937
68	5021	73	2937
68	5022	73	2937
68	5024	73	2937
68	5027	73	2937
68	5029	73	2937
68	502C	73	2937
68	502D	73	2937
68	502E	47	2937
68	5031	47	2937
68	5032	47	2937
68	5033	1904	2838
68	5039	1904	2838
68	503C	1903	2844
68	5042	1903	2844
68	5045	1903	2845
68	5048	1903	2845
68	504A	1903	2845
68	504C	73	2937
68	504D	1904	2838
68	5050	1904	2838
68	5053	1904	2838
68	5054	1904	2838
68	5055	1904	2838
68	5056	1904	2838
68	5058	1904	2838
68	5059	1904	2838
68	505A	1904	2838
68	505B	1904	2838
68	505C	1904	2838
68	505D	1904	2838
68	5066	74	2838
68	5068	74	2838
68	506A	74	2838
68	5070	74	2838
68	5076	74	2838
68	5077	74	2838
68	507A	74	2838
68	507D	74	2838
68	507F	74	2838
68	5081	74	2838
68	5082	74	2838
68	5084	74	2838
68	5086	74	2838
68	5088	74	2838
68	5089	74	2838
68	508B	74	2838
68	508D	74	2838
68	508F	74	2838
68	5092	74	2838
68	5094	74	2838
68	5096	74	2838
68	5099	74	2838
68	509A	74	2838
68	509B	74	2838
68	509D	74	2838
68	509E	74	2838
68	50A0	74	2838
68	50A3	74	2838
68	50A5	74	2838
68	50A7	74	2838
68	50A8	74	2838
68	50AA	74	2838
68	50AD	74	2838
68	50AF	74	2838
68	50B0	74	2838
68	50B3	74	2838
68	50B6	74	2838
68	50B9	74	2838
68	50BB	74	2838
68	50BD	74	2838
68	50BF	74	2838
68	50C5	74	2839
68	50C8	74	2839
68	50CB	74	2839
68	50CD	74	2839
68	50CF	74	2839
68	50D1	74	2839
68	50D7	74	2840
68	50DA	74	2840
68	50DD	74	2840
68	50DF	74	2840
68	50E1	74	2840
68	50E3	74	2840
68	50E9	74	2841
68	50EC	74	2841
68	50EF	74	2841
68	50F1	74	2841
68	50F3	74	2841
68	50F5	74	2841
68	50FB	74	2842
68	50FE	74	2842
68	5101	74	2842
68	5103	74	2842
68	5105	74	2842
68	5107	74	2842
68	510D	74	2843
68	5110	74	2843
68	5113	74	2843
68	5116	74	2843
68	5118	74	2843
68	511E	74	2843
68	5121	74	2843
68	5124	74	2843
68	5127	74	2843
68	5129	74	2843
68	512F	74	2843
68	5132	74	2843
68	5134	74	2843
68	5137	74	2844
68	513A	74	2844
68	513D	74	2844
68	513F	74	2844
68	5141	74	2844
68	5147	74	2844
68	514A	74	2844
68	5150	74	2844
68	5152	74	2844
68	5155	74	2844
68	5156	74	2845
68	515C	74	2861
68	515E	74	2861
68	515F	74	2861
68	5161	74	2861
68	5163	74	2861
68	5166	74	2861
68	5169	74	2861
68	516A	74	2861
68	516C	74	2861
68	516E	74	2861
68	5171	74	2861
68	5172	1682	2862
68	5174	1682	2862
68	5176	1682	2862
68	5178	1634	2862
68	517A	1634	2862
68	517C	1608	2862
68	517E	1608	2862
68	5180	1587	2862
68	5182	1587	2862
68	5184	1579	2864
68	5187	48	2920
68	5189	48	2920
68	518A	48	2920
68	518C	48	2920
68	518E	48	2920
68	5191	48	2920
68	5194	48	2920
68	5195	48	2920
68	5197	48	2920
68	5199	48	2920
68	519C	48	2920
68	519E	26	3500
68	51A0	26	3500
68	51A1	26	3500
68	51A3	26	3500
68	51A5	26	3500
68	51A8	26	3500
68	51AB	26	3500
68	51AC	26	3500
68	51AE	26	3500
68	51B0	26	3500
68	51B3	26	3500
68	51B5	26	3500
68	51B8	26	3500
68	51BA	21	2900
68	51BD	21	2900
68	51BE	21	2900
68	51C0	11	3100
68	51C3	11	3100
68	51C5	11	3100
68	51C6	11	3100
68	51C8	11	3100
68	51C9	21	2900
68	51CA	21	2900
68	51CD	21	2900
68	51CF	8	2862
68	51D2	8	2862
68	51D4	8	2862
68	51D5	8	2862
68	51D8	8	2862
68	51D9	8	2862
68	51DB	1	5440
68	51DD	8	2862
68	51DE	8	2862
68	51E1	29	2862
68	51E3	29	2862
68	51E4	29	2862
68	51E6	29	2862
68	51E8	29	2862
68	51EB	29	2862
68	51EE	29	2862
68	51EF	29	2862
68	51F1	29	2862
68	51F4	29	2862
68	51F6	29	2862
68	51F9	29	2863
68	51FC	1682	2863
68	51FD	74	2921
68	5203	73	2936
68	5205	73	2936
68	5208	73	2936
68	5209	103	2844
68	520C	103	2844
68	520E	103	2844
68	5210	103	2844
68	5212	103	2844
68	5214	103	2844
68	5215	103	2844
68	5218	103	2844
68	5219	103	2844
68	521B	103	2844
68	521C	103	2844
68	521E	103	2844
68	5223	103	2844
68	5226	103	2844
68	5228	103	2844
68	522B	103	2844
68	522C	103	2843
68	522F	103	2843
68	5230	103	2843
68	5232	103	2843
68	5235	103	2843
68	5238	103	2843
68	523B	103	2843
68	523D	103	2843
68	5243	103	2843
68	5256	103	2843
68	5259	103	2843
68	525C	103	2843
68	525F	103	2843
68	5262	103	2843
68	5263	103	2843
68	5265	103	2843
68	5268	103	2843
68	526D	103	2843
68	526E	103	2843
68	526F	103	2843
68	5270	103	2843
68	5273	103	2843
68	5276	103	2843
68	5279	103	2843
68	527A	103	2843
68	527B	103	2843
68	527C	103	2843
68	527E	103	2843
68	527F	103	2843
68	5280	103	2843
68	5281	103	2843
68	5282	103	2843
68	5283	103	2843
68	5285	103	2843
68	528B	103	2843
68	5D00	131	4057
68	5D03	131	4057
68	5D06	131	4072
68	5D0C	130	4088
68	5D0E	130	4088
68	5D0F	130	4088
68	5D11	130	4088
68	5D13	130	4088
68	5D16	130	4088
68	5D19	130	4088
68	5D1A	130	4088
68	5D1C	130	4088
68	5D1F	119	4101
68	5D25	119	4116
68	5D2B	119	4118
68	5D2E	119	4118
68	5D9C	131	4057
68	5D9E	131	4057
68	5DA0	131	4057
68	5DA6	131	4057
68	5DAC	131	4057
68	5DAD	131	4057
68	5DB0	131	4057
68	5DB3	131	4057
68	5DB5	131	4057
68	5DBB	131	4057
68	5DBE	131	4057
68	5DC1	131	4057
68	5DC4	131	4057
68	5DC7	131	4057
68	5DCA	131	4057
68	5DCB	131	4057
68	5DCD	131	4057
68	5DD0	131	4057
68	5DD3	131	4057
68	5DD5	131	4057
68	5DD7	131	4057
68	5DD9	131	4057
68	5DDF	131	4058
68	5DE2	131	4058
68	5DE5	131	4058
68	5DE7	131	4058
68	5DE9	131	4058
68	5DEB	131	4058
68	5DF1	131	4059
68	5DF4	131	4059
68	5DF7	131	4059
68	5DF9	131	4059
68	5DFB	131	4059
68	5DFD	131	4059
68	5E03	131	4060
68	5E06	131	4060
68	5E09	131	4060
68	5E0B	131	4060
68	5E0D	131	4060
68	5E0F	131	4060
68	5E15	131	4061
68	5E18	131	4061
68	5E1B	131	4061
68	5E1E	131	4061
68	5E20	131	4061
68	5E26	131	4061
68	5E29	131	4061
68	5E2C	131	4061
68	5E2D	131	4061
68	5E2E	131	4061
68	5E2F	131	4061
68	5E31	131	4061
68	5E32	131	4061
68	5E33	131	4061
68	5E34	131	4061
68	5E35	131	4061
68	5E36	131	4061
68	5E39	131	4061
68	5E3C	131	4061
68	5E3E	131	4061
68	5E44	131	4061
68	5E46	131	4061
68	5E49	131	4061
68	5E4C	131	4061
68	5E4F	131	4063
68	5E52	131	4063
68	5E54	131	4063
68	5E57	131	4064
68	5E59	131	4064
68	5E5B	131	4064
68	5E61	131	4072
68	5E64	131	4072
68	5E67	131	4072
68	5E69	131	4072
68	5E6B	131	4072
68	5E71	131	4072
68	5E73	131	4072
68	5E75	131	4072
68	5E78	131	4072
68	5E7E	131	4072
68	5E81	131	4072
68	5E82	131	4072
68	5E85	131	4072
68	5E8B	131	4072
68	5E91	131	4072
68	5EAE	1116	4057
68	5EB1	1116	4057
68	5EB7	1116	4057
68	5EB8	1116	4057
68	5EBA	938	4057
68	5EBC	938	4057
68	5EBF	938	4057
68	5EC0	178	41692
68	5EC3	178	41692
68	5EC6	178	41692
68	5EC7	1298	4088
68	5ECD	1298	4088
68	5ED0	1298	4088
68	5ED1	1298	4088
68	5ED7	1287	4101
68	5ED9	1287	4101
68	5EDB	567	4101
68	5EDD	567	4101
68	5EDF	233	40069
68	5EE1	233	40069
68	5EE4	22	40929
68	5EE6	22	40929
68	5EEC	720	40269
68	5EEF	720	40269
68	5EF2	720	40269
68	5EF3	720	40269
68	5EF9	720	40269
68	5EFA	720	40269
68	5EFC	594	40269
68	5EFE	594	40269
68	5EFF	594	40269
68	5F01	594	40269
68	5F03	594	40269
68	5F06	594	40269
68	5F09	594	40269
68	5F0A	594	40269
68	5F0C	594	40269
68	5F0E	126	41729
68	5F10	126	41729
68	5F11	126	41729
68	5F13	126	41729
68	5F15	126	41729
68	5F18	126	41729
68	5F1B	126	41729
68	5F1C	126	41729
68	5F1E	720	40269
68	5F21	720	40269
68	5F22	720	40269
68	5F24	157	40709
68	5F2A	157	40709
68	5F2D	563	40269
68	5F33	563	40269
68	5F36	334	4101
68	5F39	334	4101
68	5F3F	334	4101
68	5F40	334	4101
68	5F42	265	40669
68	5F44	265	40669
68	5F45	265	40669
68	5F47	265	40669
68	5F49	265	40669
68	5F4C	265	40669
68	5F4F	265	40669
68	5F50	265	40669
68	5F52	265	40669
68	5F55	265	40669
68	5F56	265	40669
68	5F58	34	43449
68	5F5E	34	43449
68	5F60	231	40669
68	5F66	231	40669
68	5F68	211	40069
68	5F6B	211	40069
68	5F6C	211	40069
68	5F6E	183	40069
68	5F70	183	40069
68	5F71	183	40069
68	5F73	183	40069
68	5F75	183	40069
68	5F78	183	40069
68	5F7B	183	40069
68	5F7C	183	40069
68	5F7E	183	40069
68	5F80	28	41269
68	5F82	28	41269
68	5F83	28	41269
68	5F85	28	41269
68	5F87	28	41269
68	5F8A	28	41269
68	5F8D	28	41269
68	5F8E	28	41269
68	5F90	28	41269
68	5F93	28	41269
68	5F96	28	41269
68	5F9C	28	41269
68	5F9E	28	41269
68	5FA1	28	41269
68	5FA2	91	4101
68	5FA4	91	4101
68	5FA5	91	4101
68	5FA7	91	4101
68	5FA9	91	4101
68	5FAC	91	4101
68	5FAF	91	4101
68	5FB0	91	4101
68	5FB2	91	4101
68	5FB5	91	4101
68	5FB8	91	4101
68	5FBE	91	4101
68	5FBF	91	4101
68	5FC2	91	4101
68	5FC3	985	40269
68	5FC5	985	40269
68	5FC7	985	40269
68	5FCA	985	40269
68	5FD0	985	40269
68	5FD2	985	40269
68	5FD5	985	40269
68	5FD8	985	40269
68	5FDB	985	40271
68	5FDE	1168	40069
68	5FE1	1505	4072
68	5FE4	1505	4072
68	5FEA	1505	4072
68	5FEC	1505	4072
68	5FEF	812	40329
68	5FF1	812	40329
68	5FF3	812	40329
68	5FF4	812	40329
68	5FF6	812	40329
68	5FF8	812	40329
68	5FFA	812	40329
68	5FFC	812	40329
68	5FFD	812	40329
68	5FFF	812	40329
68	6001	812	40329
68	6004	6248	40329
68	6005	6248	40329
68	6006	6248	40329
68	6008	5436	40329
68	600A	5436	40329
68	600C	5436	40329
68	600E	5436	40329
68	6010	4219	40329
68	6012	4219	40329
68	6014	4219	40329
68	6016	4219	40329
68	6018	31	80545
68	601A	31	80545
68	601C	31	80545
68	601E	31	80545
68	6022	1217	40709
68	6024	1217	40709
68	6026	1217	40709
68	6028	4219	40329
68	602A	4219	40329
68	602C	4219	40329
68	602E	812	40329
68	6031	812	40329
68	6032	812	40329
68	6033	812	40329
68	6035	337	40709
68	6036	337	40709
68	6037	337	40709
68	6039	254	40709
68	603B	254	40709
68	603C	254	40709
68	603E	254	40709
68	6040	254	40709
68	6042	254	40709
68	6044	254	40709
68	6045	558	40329
68	6047	558	40329
68	6048	558	40329
68	604A	558	40329
68	604C	558	40329
68	604E	1251	4072
68	604F	1251	4072
68	6050	131	4063
68	6053	131	4063
68	6056	131	4063
68	6059	131	4063
68	605F	131	4063
68	6060	1116	4061
68	6061	1116	4061
68	6062	1116	4061
68	6065	1116	4061
68	6068	1116	4061
68	606B	1116	4061
68	6071	1116	4061
68	6073	1116	4061
68	6075	1116	4061
68	6077	1116	4061
68	6079	1116	4061
68	607B	1116	4061
68	607D	1116	4061
68	607F	1116	4061
68	6081	1116	4061
68	6083	1116	4061
68	6085	1116	4061
68	6087	1116	4061
68	6089	1116	4061
68	608B	1116	4061
68	608D	1116	4061
68	608F	1116	4061
68	6091	1116	4061
68	6093	1116	4061
68	6095	1116	4061
68	6097	1116	4061
68	6099	1116	4061
68	609B	1116	4061
68	609D	1116	4061
68	609F	1116	4061
68	60A1	1116	4061
68	60A3	1116	4061
68	60A5	1116	4061
68	60A6	1116	4061
68	60A7	1116	4061
68	60AA	1116	4061
68	60AB	1116	4061
68	60AE	1116	4061
68	60B1	1116	4061
68	60B4	1116	4061
68	60BA	1116	4063
68	6E1A	19	3896
68	6E1D	19	3896
68	6E20	19	3908
68	6E26	19	3924
68	6E29	19	4040
68	6E2F	19	4055
68	6E35	19	4057
68	6E38	19	4057
68	6E39	19	3896
68	6E3B	19	3896
68	6E3D	19	3896
68	6E43	19	3896
68	6E49	19	3896
68	6E4A	19	3896
68	6E4D	19	3896
68	6E4F	19	3896
68	6E52	19	3896
68	6E55	19	3896
68	6E58	19	3896
68	6E5A	19	3896
68	6E5C	19	3896
68	6E5E	19	3896
68	6E64	19	3897
68	6E67	19	3897
68	6E6A	19	3897
68	6E6C	19	3897
68	6E6E	19	3897
68	6E70	19	3897
68	6E76	19	3898
68	6E79	19	3898
68	6E7C	19	3898
68	6E7E	19	3898
68	6E80	19	3898
68	6E82	19	3898
68	6E88	19	3899
68	6E8B	19	3899
68	6E8E	19	3899
68	6E91	19	3899
68	6E93	19	3899
68	6E99	19	3899
68	6E9C	19	3899
68	6E9F	19	3899
68	6EA2	19	3899
68	6EA4	19	3899
68	6EAA	19	3899
68	6EAD	19	3899
68	6EAE	19	3899
68	6EB0	19	3899
68	6EB3	19	3899
68	6EB6	19	3899
68	6EB9	19	3899
68	6EBB	19	3899
68	6EC1	19	3899
68	6ED4	19	3899
68	6ED7	19	3901
68	6EDA	19	3907
68	6EDD	19	3907
68	6EDF	19	3907
68	6EE2	19	3908
68	6EE5	19	3908
68	6EE8	19	3908
68	6EEA	19	3908
68	6EEC	19	3908
68	6EF2	19	3908
68	6EF5	19	3908
68	6EF6	758	3924
68	6EFC	758	3924
68	6EFF	758	3925
68	6F05	758	3925
68	6F07	758	3925
68	6F09	758	3925
68	6F0B	742	3925
68	6F0D	742	3925
68	6F0F	739	3925
68	6F11	739	3925
68	6F13	731	3925
68	6F15	731	3925
68	6F17	729	3925
68	6F19	16	4040
68	6F1B	16	4040
68	6F1C	16	4040
68	6F1E	16	4040
68	6F20	16	4040
68	6F23	16	4040
68	6F26	16	4040
68	6F27	16	4040
68	6F29	16	4040
68	6F2C	16	4040
68	6F2D	16	4040
68	6F2F	11	4040
68	6F31	11	4040
68	6F34	11	4040
68	6F35	5	4220
68	6F37	5	4220
68	6F3A	5	4220
68	6F3C	5	4220
68	6F3F	5	4220
68	6F40	3	151768
68	6F43	3	151768
68	6F44	3	151768
68	6F46	3	151768
68	6F48	3	151768
68	6F49	3	151768
68	6F4B	3	151768
68	6F4D	3	151768
68	6F50	3	151768
68	6F53	3	151768
68	6F54	3	151768
68	6F56	3	151768
68	6F57	3	151768
68	6F5A	3	151768
68	6F5D	3	151768
68	6F5E	10	3940
68	6F60	10	3940
68	6F61	10	3940
68	6F63	10	3940
68	6F65	10	3940
68	6F68	10	3940
68	6F6B	10	3940
68	6F6C	10	3940
68	6F6E	10	3940
68	6F71	10	3940
68	6F73	10	3940
68	6F74	10	3940
68	6F77	10	3940
68	6F7A	10	3940
68	6F7C	10	3940
68	6F7F	29	3908
68	6F82	29	3908
68	6F83	29	3908
68	6F86	29	3908
68	6F87	29	3908
68	6F88	29	3908
68	6F89	29	3908
68	6F8B	29	3908
68	6F8C	29	3908
68	6F8D	29	3908
68	6F8E	29	3908
68	6F8F	29	3908
68	6F90	29	3908
68	6F93	29	3908
68	6F96	29	3908
68	6F9B	19	3907
68	6F9E	19	3907
68	6FA1	19	3907
68	6FA4	19	3907
68	6FAA	19	3907
68	6FAB	19	3899
68	6FAE	19	3899
68	6FB1	19	3899
68	6FB4	19	3899
68	6FBA	19	3899
68	6FBC	19	3899
68	6FBE	19	3899
68	6FC0	19	3899
68	6FC2	19	3899
68	6FC4	19	3899
68	6FC6	19	3899
68	6FC8	19	3899
68	6FCA	19	3899
68	6FCC	19	3899
68	6FCE	19	3899
68	6FD0	19	3899
68	6FD2	19	3899
68	6FD4	19	3899
68	6FD6	19	3899
68	6FD8	19	3899
68	6FDA	19	3899
68	6FDC	19	3899
68	6FDE	19	3899
68	6FE0	19	3899
68	6FE2	19	3899
68	6FE4	19	3899
68	6FE6	19	3899
68	6FE8	19	3899
68	6FEA	19	3899
68	6FEC	19	3899
68	6FEE	19	3899
68	6FF1	19	3899
68	6FF4	19	3899
68	6FF5	19	3899
68	6FF6	19	3899
68	6FF8	19	3899
68	6FF9	19	3899
68	6FFA	19	3899
68	6FFB	19	3899
68	7001	19	3899
68	7004	19	3901
68	7009	19	3901
68	700C	19	3901
68	700F	19	3901
68	7012	19	3901
68	7018	19	3907
68	73DD	1	106837
68	73E3	1	106852
68	73E9	1	106852
68	73EC	1	106853
68	73EF	1	106853
68	73F0	1	106853
68	73F2	1	106853
68	73F3	1	106853
68	73F6	1	106854
68	73F8	1	106854
68	73FA	1	106854
68	73FC	1	106854
68	73FD	1	106854
68	7400	1	106854
68	7401	9	3877
68	7404	9	3877
68	7951	18	3157
68	7953	18	3157
68	7959	18	3275
68	795A	18	3275
68	795C	14	5155
68	795E	14	5155
68	7964	14	5217
68	7965	14	5217
68	7967	9	85171
68	7968	9	85171
68	796B	9	85294
68	796C	9	85294
68	796E	5	85294
68	7970	5	85294
68	7972	2	85294
68	7974	2	85294
68	7977	2	85390
68	7978	2	85390
68	797A	2	85390
68	797C	2	85390
68	798F	8	3275
68	7990	5	85390
68	7992	5	85390
68	7998	5	85627
68	799A	11	85171
68	799D	11	85171
68	79A0	11	85188
68	79A6	11	85204
68	79A9	11	85277
68	79AA	11	85277
68	79B0	11	85292
68	79B6	11	85294
68	79B7	11	85294
68	79B8	11	85171
68	79BA	11	85171
68	79BC	11	85171
68	79C2	11	85171
68	79C8	11	85171
68	79CA	11	85171
68	79CD	11	85171
68	79D0	11	85171
68	79D1	11	85171
68	79D3	9	85171
68	79D6	9	85171
68	79D9	9	85171
68	79DB	9	85171
68	79DD	9	85171
68	79DF	9	85171
68	79E5	9	85172
68	79E8	9	85172
68	79EB	9	85172
68	79ED	9	85172
68	79EF	9	85172
68	79F1	9	85172
68	79F7	9	85173
68	79FA	9	85173
68	79FD	9	85173
68	7A00	9	85173
68	7A02	9	85173
68	7A08	9	85173
68	7A0A	2	85294
68	7A0D	2	85294
68	7A10	2	85294
68	7A12	2	85294
68	7A14	2	85294
68	7A16	2	85294
68	7A1C	2	85295
68	7A1F	2	85295
68	7A22	2	85295
68	7A24	2	85295
68	7A26	2	85295
68	7A28	2	85295
68	7A2E	2	85296
68	7A31	2	85296
68	7A34	2	85296
68	7A37	2	85296
68	7A39	2	85296
68	7A3F	11	85173
68	7A42	11	85173
68	7A45	11	85173
68	7A47	11	85173
68	7A49	11	85173
68	7A4B	11	85173
68	7A51	11	85174
68	7A54	11	85174
68	7A57	11	85174
68	7A5A	11	85174
68	7A5C	11	85174
68	7A62	11	85174
68	7A65	11	85174
68	7A68	11	85174
68	7A6B	11	85174
68	7A6D	11	85174
68	7A73	11	85174
68	7A76	11	85187
68	7A78	11	85187
68	7A7B	11	85188
68	7A7E	11	85188
68	7A81	11	85188
68	7A83	11	85188
68	7A85	11	85188
68	7A8B	11	85188
68	7A8E	11	85188
68	7A8F	415	85204
68	7A95	415	85204
68	7A9B	415	85204
68	7A9E	415	85205
68	7AA0	415	85205
68	7AA2	415	85205
68	7AA4	408	85205
68	7AA6	408	85205
68	7AA8	404	85205
68	7AAA	404	85205
68	7AAC	399	85205
68	7AAE	399	85205
68	7AB0	397	85206
68	7AB2	7	85277
68	7AB4	7	85277
68	7AB5	7	85277
68	7AB7	7	85277
68	7AB9	7	85277
68	7ABC	7	85277
68	7ABF	7	85277
68	7AC0	7	85277
68	7AC2	7	85277
68	7AC5	7	85277
68	7AC6	7	85277
68	7AC8	2	85277
68	7ACA	2	85277
68	7ACB	5	85373
68	7ACD	5	85373
68	7ACE	4	108037
68	7AD0	4	108037
68	7AD1	4	108037
68	7AD3	4	108037
68	7AD5	4	108037
68	7AD8	4	108037
68	7ADB	4	108037
68	7ADC	4	108037
68	7ADE	4	108037
68	7ADF	4	108037
68	7AE0	7	85205
68	7AE2	7	85205
68	7AE3	7	85205
68	7AE5	7	85205
68	7AE7	7	85205
68	7AEA	7	85205
68	7AED	7	85205
68	7AEE	7	85205
68	7AF0	7	85205
68	7AF3	7	85205
68	7AF5	7	85205
68	7AF6	7	85205
68	7AF9	7	85205
68	7AFC	7	85205
68	7AFE	7	85205
68	7B01	18	85188
68	7B04	18	85188
68	7B05	18	85188
68	7B08	18	85188
68	7B09	18	85188
68	7B0A	18	85188
68	7B0B	18	85188
68	7B0D	18	85188
68	7B0E	18	85188
68	7B0F	18	85188
68	7B10	18	85188
68	7B11	18	85188
68	7B12	18	85188
68	7B15	18	85188
68	7B18	18	85188
68	7B1D	11	85174
68	7B20	11	85174
68	7B23	11	85174
68	7B26	11	85174
68	7B2C	11	85174
68	7B2E	11	85174
68	7B30	11	85174
68	7B32	11	85174
68	7B34	11	85174
68	7B36	11	85174
68	7B38	11	85174
68	7B3A	11	85174
68	7B3C	11	85174
68	7B3E	11	85174
68	7B40	11	85174
68	7B42	11	85174
68	7B44	11	85174
68	7B46	11	85174
68	7B48	11	85174
68	7B4A	11	85174
68	7B4C	11	85174
68	7B4E	11	85174
68	7B50	11	85174
68	7B52	11	85174
68	7B54	11	85174
68	7B56	11	85174
68	7B58	11	85174
68	7B5A	11	85174
68	7B5C	11	85174
68	7B5E	11	85174
68	7B60	11	85174
68	7B63	11	85174
68	7B64	11	85174
68	7B66	9	85174
68	7B68	9	85174
68	7B6E	9	85174
68	7B70	2	85297
68	7B72	2	85297
68	7B78	11	85174
68	7B7B	11	85181
68	7B7E	11	85181
68	7B81	11	85181
68	7B84	11	85181
68	7B8A	11	85187
68	7B8D	11	85187
68	7B90	11	85187
68	7B93	11	85187
68	7B99	11	85187
69	40D1	575	758
69	40D4	575	758
69	40D6	575	758
69	40D7	575	758
69	414D	575	758
69	414E	575	758
69	4151	575	758
6C	4000	52	14620
6C	4001	52	14620
6C	4002	52	14620
6C	4005	52	14620
6C	4008	52	14620
6C	400B	52	14620
6C	400C	52	14620
6C	400D	52	14620
6C	400F	52	14620
6C	4011	52	14620
6C	4013	52	14620
6C	4014	52	14620
6C	4017	52	14620
6C	4018	52	14620
6C	401A	52	14620
6C	401D	66	14620
6C	401F	66	14620
6C	4022	66	14620
6C	4024	66	14620
6C	4026	66	14620
6C	4028	66	14620
6C	4029	66	14620
6C	402B	66	14620
6C	402D	66	14620
6C	402F	66	14620
6C	4031	66	14620
6C	4033	66	14620
6C	4035	66	14620
6C	403B	66	14620
6C	403E	66	14620
6C	4041	66	14620
6C	4043	66	14620
6C	4045	66	14620
6C	4047	66	14620
6C	404D	66	14621
6C	4050	66	14621
6C	4053	66	14621
6C	4055	66	14621
6C	4057	66	14621
6C	4059	66	14621
6C	405F	66	14622
6C	4062	66	14622
6C	4065	66	14622
6C	4067	66	14622
6C	4069	66	14622
6C	406B	66	14622
6C	4071	66	14623
6C	4074	66	14623
6C	4077	66	14623
6C	4079	66	14623
6C	407B	66	14623
6C	407D	66	14623
6C	4083	66	14624
6C	4086	66	14624
6C	4089	66	14624
6C	408B	66	14624
6C	408D	66	14624
6C	408F	66	14624
6C	4095	66	14625
6C	4098	66	14625
6C	409B	66	14625
6C	409D	66	14625
6C	409F	66	14625
6C	40A1	66	14625
6C	40A7	66	14626
6C	40AA	66	14626
6C	40AD	66	14626
6C	40B0	66	14626
6C	40B2	66	14626
6C	40B8	66	14626
6C	40BB	66	14626
6C	40BD	66	14626
6C	40BF	34	14626
6C	40C1	34	14626
6C	40C3	27	14626
6C	40C6	27	14626
6C	40C9	27	14626
6C	40CC	27	14626
6C	40CE	27	14626
6C	40D4	27	14626
6C	40D6	27	14626
6C	40D9	27	14626
6C	40DC	27	14627
6C	40DE	27	14627
6C	40E1	27	14627
6C	40E4	27	14628
6C	40E6	32	48781
6C	40E9	32	48781
6C	40EC	32	48781
6C	40EF	32	48781
6C	40F1	32	48781
6C	40F7	32	48781
6C	40F9	32	48781
6C	40FC	32	48781
6C	40FF	32	48782
6C	4101	7	202325
6C	4104	7	202325
6C	4107	7	202325
6C	410A	7	202325
6C	410C	7	202325
6C	4112	7	202325
6C	4114	7	202325
6C	4117	7	202325
6C	411A	66	14628
6C	411C	66	14628
6C	411F	66	14628
6C	4122	66	14628
6C	4125	66	14628
6C	4127	66	14628
6C	4129	66	14628
6C	412F	66	14628
6C	4132	66	14628
6C	4135	66	14628
6C	4138	66	14628
6C	413B	66	14628
6C	413E	66	14628
6C	4141	66	14628
6C	4143	66	14628
6C	4149	66	14628
6C	414C	66	14629
6C	414E	66	14629
6C	4151	66	14629
6C	4154	66	14629
6C	4157	66	14629
6C	415D	66	14629
6C	415F	66	14629
6C	4161	66	14629
6C	4162	66	14629
6C	4164	66	14629
6C	4166	66	14629
6C	4168	66	14629
6C	416A	66	14629
6C	416B	66	14629
6C	416E	66	14629
6C	4171	66	14629
6C	4174	66	14629
6C	4177	66	14629
6C	417A	66	14629
6C	417C	66	14629
6C	417E	66	14629
6C	4180	66	14629
6C	4186	66	14630
6C	4188	66	14630
6C	4189	66	14630
6C	418B	66	14630
6C	418D	66	14630
6C	418F	66	14630
6C	4191	66	14630
6C	4194	66	14631
6C	419A	66	14631
6C	41A0	66	14647
6C	41A3	66	14651
6C	41A5	66	14651
6C	41A6	66	14651
6C	41A8	66	14651
6C	41AA	66	14651
6C	41AD	66	14651
6C	41B0	66	14651
6C	41B1	66	14651
6C	41B3	2382	14651
6C	41B9	2382	14651
6C	41BC	2382	14651
6C	41C2	2382	14651
6C	41C8	2382	14651
6C	41D5	2300	14651
6C	41DB	2300	14651
6C	41DD	2300	14651
6C	41DF	2300	14651
6C	41E2	2300	14657
6C	41E5	52	28897
6C	41E8	52	28897
6C	41EB	52	28897
6C	41EC	52	28897
6C	41EF	52	28897
6C	41F1	52	28897
6C	41F2	52	28897
6C	41F4	52	28897
6C	41F6	52	28897
6C	41F9	52	28897
6C	41FC	52	28897
6C	41FD	52	28897
6C	41FF	52	28897
6C	4205	52	28927
6C	420B	52	28929
6C	420E	52	28929
6C	4210	52	28929
6C	4212	25	28929
6C	4214	25	28929
6C	4216	19	28929
6C	4219	19	28929
6C	421B	19	28929
6C	421D	12	28929
6C	421F	12	28929
6C	4221	11	28929
6C	4222	7	48775
6C	4224	7	48775
6C	4227	7	48775
6C	4228	7	48775
6C	422B	7	48775
6C	422E	1	202319
6C	4230	1	202319
6C	4233	1	202319
6C	4235	1	202319
6C	4238	1	202319
6C	423B	27	48907
6C	423E	27	48907
6C	4240	27	48907
6C	4241	6	202423
6C	4244	6	202423
6C	4246	6	202423
6C	425A	14	14688
6C	425C	14	14688
6C	425D	14	14688
6C	425F	14	14688
6C	4261	14	14688
6C	4264	14	14688
6C	4267	14	14688
6C	4268	14	14688
6C	426A	14	14688
6C	4270	14	14717
6C	4276	14	14719
6C	4279	14	14719
6C	427B	14	14719
6C	427D	9	14719
6C	427F	9	14719
6C	4281	8	14719
6C	4282	8	14719
6C	4283	5	88187
6C	4285	5	88187
6C	4288	5	88187
6C	4289	5	88187
6C	428C	5	88187
6C	428F	1	203408
6C	4291	1	203408
6C	4294	1	203408
6C	4296	1	203408
6C	4299	1	203408
6C	429C	16	32127
6C	429F	73	14651
6C	42A1	73	14651
6C	42A3	58	31560
6C	42A5	58	31560
6C	42A7	35	31560
6C	42A8	15	14651
6C	42AB	15	14651
6C	42AE	15	14651
6C	42AF	15	14651
6C	42B1	6	14651
6C	42B4	6	14651
6C	42B6	6	14651
6C	42B8	2	14651
6C	42BA	2	14651
6C	42BC	4	50328
6C	42BE	15	14651
6C	42C1	15	14651
6C	42C3	15	14651
6C	42C4	15	14651
6C	42C6	15	14651
6C	42C8	15	14651
6C	42CB	15	14651
6C	42CE	15	14651
6C	42CF	15	14651
6C	42D1	15	14651
6C	42D4	15	14652
6C	42D7	15	14653
6C	42DA	15	14657
6C	42DB	23	48700
6C	42DE	23	48700
6C	42E0	23	48700
6C	42E2	10	48700
6C	42E5	10	48700
6C	42E8	10	48700
6C	42E9	10	48700
6C	42EB	10	48700
6C	42ED	1	126868
6C	42EF	1	126868
6C	42F1	13	48832
6C	42F4	13	48832
6C	42F7	13	48832
6C	42F8	13	48832
6C	42FA	13	48832
6C	42FC	5	50284
6C	42FE	23	48700
6C	4301	23	48700
6C	4303	23	48700
6C	4304	23	48700
6C	4306	23	48700
6C	4308	23	48700
6C	430B	23	48700
6C	430E	23	48700
6C	430F	23	48700
6C	4311	23	48700
6C	4314	23	48701
6C	4317	23	48702
6C	431A	23	48706
6C	431B	131	14626
6C	431E	131	14626
6C	4320	131	14626
6C	4323	81	14626
6C	4325	81	14626
6C	4328	70	14626
6C	432B	70	14626
6C	432D	70	14626
6C	4330	32	14626
6C	4332	32	14626
6C	4335	32	14626
6C	4338	32	14626
6C	4339	32	14626
6C	433B	32	14626
6C	433E	32	14626
6C	4341	32	14626
6C	4342	32	14626
6C	436C	70	14626
6C	436F	70	14626
6C	4371	70	14626
6C	4373	28	14627
6C	4375	28	14627
6C	4378	28	14627
6C	437B	28	14627
6C	437C	28	14627
6C	437E	28	14627
6C	4381	28	14627
6C	4384	28	14627
6C	4385	28	14627
6C	4387	18	14627
6C	438A	18	14627
6C	438B	18	14627
6C	438E	18	14627
6C	438F	18	14627
6C	4392	18	14627
6C	4395	18	14627
6C	4398	18	14627
6C	439B	18	14627
6C	439D	18	14627
6C	43A3	18	14627
6C	43A5	18	14627
6C	43A8	18	14628
6C	43AE	18	14628
6C	43AF	52	14626
6C	43B2	52	14626
6C	43B3	52	14626
6C	43B4	52	14626
6C	43B6	52	14626
6C	43B8	52	14626
6C	43BA	52	14626
6C	43BB	52	14626
6C	43BC	52	14626
6C	43BF	52	14626
6C	43C0	52	14626
6C	43C2	52	14626
6C	43C3	52	14626
6C	43C4	52	14626
6C	43C5	52	14626
6C	43C7	52	14626
6C	43C8	52	14626
6C	43CB	52	14626
6C	43CC	52	14626
6C	43CD	52	14626
6C	43CE	52	14626
6C	43CF	52	14626
6C	43D0	52	14626
6C	43D1	52	14626
6C	43D4	52	14626
6C	43D5	52	14626
6C	43D6	52	14626
6C	43D7	52	14626
6C	43D8	52	14626
6C	43DA	52	14626
6C	43DB	52	14626
6C	43DC	52	14626
6C	43DF	52	14626
6C	43E0	52	14626
6C	43E1	52	14626
6C	43E2	52	14626
6C	43E4	52	14626
6C	43E5	52	14626
6C	43E6	52	14626
6C	43E7	52	14626
6C	43EA	52	14626
6C	43EB	52	14626
6C	43EC	52	14626
6C	43EF	52	14626
6C	43F0	52	14626
6C	43F3	52	14626
6C	43F4	52	14626
6C	43F5	52	14626
6C	43F7	52	14626
6C	43F9	52	14626
6C	43FF	52	14626
6C	4401	52	14626
6C	4404	52	14627
6C	440A	52	14627
6C	440B	50	48781
6C	440E	50	48781
6C	4410	50	48781
6C	4413	40	48781
6C	4415	40	48781
6C	4418	40	48781
6C	441B	40	48781
6C	441C	40	48781
6C	4446	50	48781
6C	4449	50	48781
6C	444A	50	48781
6C	444B	50	48781
6C	444D	50	48781
6C	4450	50	48781
6C	4451	50	48781
6C	4453	50	48781
6C	4454	50	48781
6C	4455	50	48781
6C	4456	50	48781
6C	4458	50	48781
6C	4459	50	48781
6C	445C	50	48781
6C	445D	50	48781
6C	445E	50	48781
6C	445F	50	48781
6C	4460	50	48781
6C	4461	50	48781
6C	4462	50	48781
6C	4465	50	48781
6C	4466	50	48781
6C	4467	50	48781
6C	4468	50	48781
6C	4469	50	48781
6C	446B	50	48781
6C	446C	50	48781
6C	446D	50	48781
6C	4470	50	48781
6C	4471	50	48781
6C	4472	50	48781
6C	4473	50	48781
6C	4475	50	48781
6C	4476	50	48781
6C	4478	50	48781
6C	4479	50	48781
6C	447C	50	48781
6C	447D	50	48781
6C	447F	50	48781
6C	4482	50	48781
6C	4484	50	48781
6C	4486	50	48781
6C	448C	50	48781
6C	448E	50	48781
6C	4491	50	48782
6C	4497	50	48782
6C	4498	11	202325
6C	449B	11	202325
6C	449D	11	202325
6C	44A0	9	202325
6C	44A2	9	202325
6C	44A5	9	202325
6C	44A8	9	202325
6C	44A9	9	202325
6C	44D3	11	202325
6C	44D6	11	202325
6C	44D7	11	202325
6C	44D8	11	202325
6C	44DA	11	202325
6C	44DD	11	202325
6C	44DE	11	202325
6C	44E0	11	202325
6C	44E1	11	202325
6C	44E2	11	202325
6C	44E3	11	202325
6C	44E5	11	202325
6C	44E6	11	202325
6C	44E9	11	202325
6C	44EA	11	202325
6C	44EB	11	202325
6C	44EC	11	202325
6C	44ED	11	202325
6C	44EE	11	202325
6C	44EF	11	202325
6C	44F2	11	202325
6C	44F3	11	202325
6C	44F4	11	202325
6C	44F5	11	202325
6C	44F6	11	202325
6C	44F8	11	202325
6C	44F9	11	202325
6C	44FA	11	202325
6C	44FD	11	202325
6C	44FE	11	202325
6C	44FF	11	202325
6C	4500	11	202325
6C	4502	11	202325
6C	4503	11	202325
6C	4505	11	202325
6C	4506	11	202325
6C	4509	11	202325
6C	450A	11	202325
6C	450C	11	202325
6C	450F	11	202325
6C	4511	11	202325
6C	4513	11	202325
6C	4519	11	202325
6C	451B	11	202325
6C	451E	11	202326
6C	4524	11	202326
6C	453D	104	14628
6C	4540	104	14628
6C	4542	104	14628
6C	4545	54	14628
6C	4547	54	14628
6C	454A	43	14628
6C	454D	43	14628
6C	454F	43	14628
6C	4552	13	48701
6C	4554	13	48701
6C	4557	13	48701
6C	455A	13	48701
6C	455B	13	48701
6C	455D	13	48701
6C	4560	13	48701
6C	4563	13	48701
6C	4564	13	48701
6C	458E	43	14628
6C	4591	43	14628
6C	4593	43	14628
6C	4595	3	128129
6C	4597	3	128129
6C	459A	3	128129
6C	459D	3	128129
6C	459E	3	128129
6C	45A0	3	128129
6C	45A3	3	128129
6C	45A6	3	128129
6C	45A7	3	128129
6C	45D1	43	14628
6C	45D4	43	14628
6C	45D5	43	14628
6C	45D6	43	14628
6C	45D8	43	14628
6C	45DA	43	14628
6C	45DC	43	14628
6C	45DD	43	14628
6C	45DE	43	14628
6C	45E1	43	14628
6C	45E2	43	14628
6C	45E4	43	14628
6C	45E5	43	14628
6C	45E6	43	14628
6C	45E7	43	14628
6C	45E9	43	14628
6C	45EA	43	14628
6C	45ED	43	14628
6C	45EE	43	14628
6C	45EF	43	14628
6C	45F0	43	14628
6C	45F1	43	14628
6C	45F2	43	14628
6C	45F3	43	14628
6C	45F6	43	14628
6C	45F7	43	14628
6C	45F8	43	14628
6C	45F9	43	14628
6C	45FA	43	14628
6C	45FC	43	14628
6C	45FD	43	14628
6C	45FE	43	14628
6C	4601	43	14628
6C	4602	43	14628
6C	4603	43	14628
6C	4604	43	14628
6C	4606	43	14628
6C	4607	43	14628
6C	4608	43	14628
6C	4609	43	14628
6C	460C	43	14628
6C	460D	43	14628
6C	460E	43	14628
6C	4611	43	14628
6C	4612	43	14628
6C	4615	43	14628
6C	4616	43	14628
6C	4617	43	14628
6C	4619	43	14628
6C	461B	43	14628
6C	4621	43	14628
6C	4623	43	14628
6C	4626	43	14629
6C	462C	43	14629
6C	462D	50	48782
6C	4630	50	48782
6C	4632	50	48782
6C	4635	26	48833
6C	4637	26	48833
6C	463A	26	48833
6C	463D	26	48833
6C	463E	26	48833
6C	4668	50	48782
6C	466B	50	48782
6C	466C	50	48782
6C	466D	50	48782
6C	466F	50	48782
6C	4672	50	48782
6C	4673	50	48782
6C	4675	50	48782
6C	4676	50	48782
6C	4677	50	48782
6C	4678	50	48782
6C	467A	50	48782
6C	467B	50	48782
6C	467E	50	48782
6C	467F	50	48782
6C	4680	50	48782
6C	4681	50	48782
6C	4682	50	48782
6C	4683	50	48782
6C	4684	50	48782
6C	4687	50	48782
6C	4688	50	48782
6C	4689	50	48782
6C	468A	50	48782
6C	468B	50	48782
6C	468D	50	48782
6C	468E	50	48782
6C	468F	50	48782
6C	4692	50	48782
6C	4693	50	48782
6C	4694	50	48782
6C	4695	50	48782
6C	4697	50	48782
6C	4698	50	48782
6C	469A	50	48782
6C	469B	50	48782
6C	469E	50	48782
6C	469F	50	48782
6C	46A1	50	48782
6C	46A4	50	48782
6C	46A6	50	48782
6C	46A8	50	48782
6C	46AE	50	48782
6C	46B0	50	48782
6C	46B3	50	48783
6C	46B9	50	48783
6C	46BA	11	202326
6C	46BD	11	202326
6C	46BF	11	202326
6C	46C2	5	202385
6C	46C4	5	202385
6C	46C7	5	202385
6C	46CA	5	202385
6C	46CB	5	202385
6C	46F5	11	202326
6C	46F8	11	202326
6C	46F9	11	202326
6C	46FA	11	202326
6C	46FC	11	202326
6C	46FF	11	202326
6C	4700	11	202326
6C	4702	11	202326
6C	4703	11	202326
6C	4704	11	202326
6C	4705	11	202326
6C	4707	11	202326
6C	4708	11	202326
6C	470B	11	202326
6C	470C	11	202326
6C	470D	11	202326
6C	470E	11	202326
6C	470F	11	202326
6C	4710	11	202326
6C	4711	11	202326
6C	4714	11	202326
6C	4715	11	202326
6C	4716	11	202326
6C	4717	11	202326
6C	4718	11	202326
6C	471A	11	202326
6C	471B	11	202326
6C	471C	11	202326
6C	471F	11	202326
6C	4720	11	202326
6C	4721	11	202326
6C	4722	11	202326
6C	4724	11	202326
6C	4725	11	202326
6C	4727	11	202326
6C	4728	11	202326
6C	472B	11	202326
6C	472C	11	202326
6C	472E	11	202326
6C	4731	11	202326
6C	4733	11	202326
6C	4735	11	202326
6C	473B	11	202326
6C	473D	11	202326
6C	4740	11	202327
6C	4746	11	202327
6C	4763	104	14647
6C	4766	104	14647
6C	4768	104	14647
6C	476A	104	14647
6C	476C	54	14647
6C	476E	54	14647
6C	4770	43	14647
6C	4772	50	48801
6C	4774	50	48801
6C	4776	11	202345
6C	4778	104	14647
6C	477B	104	14647
6C	477C	104	14647
6C	477F	104	14647
6C	4780	104	14647
6C	4783	104	14647
6C	4784	104	14647
6C	4789	104	14647
6C	478C	104	14647
6C	478D	104	14647
6C	478E	104	14647
6C	478F	104	14647
6C	4791	104	14647
6C	4797	104	14651
6C	4798	156	14647
6C	4799	156	14647
6C	479C	156	14647
6C	479E	156	14647
6C	47A1	79	14647
6C	47A3	79	14647
6C	47A6	62	14647
6C	47A7	62	14647
6C	47A9	62	14647
6C	47AC	20	48702
6C	47AE	20	48702
6C	47B1	20	48702
6C	47B4	20	48702
6C	47B5	20	48702
6C	47B7	20	48702
6C	47BA	20	48702
6C	47BD	20	48702
6C	47BE	20	48702
6C	47C3	42	14647
6C	47C4	42	14647
6C	47C6	42	14647
6C	47C8	4	128130
6C	47CA	4	128130
6C	47CD	4	128130
6C	47D0	4	128130
6C	47D1	4	128130
6C	47D3	4	128130
6C	47D6	4	128130
6C	47D9	4	128130
6C	47DA	4	128130
6C	47DF	77	48801
6C	47E0	77	48801
6C	47E2	77	48801
6C	47E5	43	48834
6C	47E7	43	48834
6C	47EA	43	48834
6C	47ED	43	48834
6C	47EE	43	48834
6C	47F3	17	202345
6C	47F4	17	202345
6C	47F6	17	202345
6C	47F9	8	202386
6C	47FB	8	202386
6C	47FE	8	202386
6C	4801	8	202386
6C	4802	8	202386
6C	4807	156	14647
6C	4808	156	14647
6C	5987	11	14620
6C	5989	52	14620
6C	598F	52	14719
6C	5990	52	14719
6C	5991	44	28929
6C	5993	44	28929
6C	5995	44	28929
6C	5996	44	28929
6C	5998	44	28929
6C	599B	44	28929
6C	59A1	44	28929
6C	59A2	44	28929
6C	59A5	41	31527
6C	59A6	41	31527
6C	59B2	55	14240
6C	59B3	55	14240
6C	59B4	55	14240
6C	59B7	55	14240
6C	59BA	55	14240
6C	59BD	55	14240
6C	59C3	55	14240
6C	59C4	55	14240
6C	59C6	55	14240
6C	59C9	55	14240
6C	59CF	55	14240
6C	59D1	55	14240
6C	59D4	55	14240
6C	59D7	55	14240
6C	59D9	55	14240
6C	59DC	55	14240
6C	59DF	55	14240
6C	59E1	55	14240
6C	59E3	55	14240
6C	59E5	55	14240
6C	59E7	55	14240
6C	59E9	55	14240
6C	59EB	55	14240
6C	59ED	55	14240
6C	59F3	55	14240
6C	59F6	55	14240
6C	59F9	55	14240
6C	59FB	55	14240
6C	59FD	55	14240
6C	59FF	55	14240
6C	5A05	55	14241
6C	5A08	55	14241
6C	5A0B	55	14241
6C	5A0D	55	14241
6C	5A0F	55	14241
6C	5A11	55	14241
6C	5A17	55	14242
6C	5A1A	55	14242
6C	5A1D	55	14242
6C	5A1F	55	14242
6C	5A21	55	14242
6C	5A23	55	14242
6C	5A29	55	14243
6C	5A2C	55	14243
6C	5A2F	55	14243
6C	5A32	55	14243
6C	5A34	55	14243
6C	5A3A	55	14243
6C	5A3D	55	14243
6C	5A40	55	14243
6C	5A43	55	14243
6C	5A45	55	14243
6C	5A4B	55	14243
6C	5A4E	55	14243
6C	5A51	55	14243
6C	5A54	55	14243
6C	5A56	55	14243
6C	5A5C	55	14243
6C	5A5E	55	14243
6C	5A61	55	14243
6C	5A64	55	14243
6C	5A67	55	14243
6C	5A6D	55	14243
6C	5A6F	55	14243
6C	5A72	55	14243
6C	5A75	55	14243
6C	5A78	55	14243
6C	5A7E	55	14243
6C	5A80	55	14243
6C	5A83	55	14243
6C	5A86	55	14243
6C	5A89	55	14243
6C	5A8F	55	14243
6C	5A91	55	14243
6C	5A93	55	14243
6C	5A94	55	14243
6C	5A96	55	14243
6C	5A98	55	14243
6C	5A9A	55	14243
6C	5A9C	55	14243
6C	5A9D	55	14243
6C	5A9F	55	14243
6C	5AA1	55	14243
6C	5AA3	55	14243
6C	5AA6	55	14243
6C	5AA9	55	14243
6C	5AAC	55	14243
6C	5AAF	55	14243
6C	5AB1	55	14243
6C	5AB2	55	14243
6C	5AB4	55	14243
6C	5AB6	55	14243
6C	5AB8	55	14243
6C	5ABB	55	14243
6C	5ABE	55	14243
6C	5AC0	55	14243
6C	5AC2	55	14243
6C	5AC4	55	14243
6C	5ACA	55	14244
6C	5ACD	55	14244
6C	5AD0	55	14244
6C	5AD2	55	14244
6C	5AD4	55	14244
6C	5AD6	55	14244
6C	5ADC	55	14245
6C	5ADF	55	14245
6C	5AE2	55	14245
6C	5AE4	55	14245
6C	5AE6	55	14245
6C	5AE8	55	14245
6C	5AEE	55	14246
6C	5AF1	55	14246
6C	5AF4	55	14246
6C	5AF6	55	14246
6C	5AF8	55	14246
6C	5AFA	55	14246
6C	5B00	55	14247
6C	5B02	55	14247
6C	5B05	55	14248
6C	5B0B	55	14248
6C	5B11	55	14264
6C	5B13	55	14264
6C	5B15	55	14264
6C	5B16	55	14264
6C	5B18	55	14264
6C	5B1A	55	14264
6C	5B1C	55	14264
6C	5B1E	55	14264
6C	5B21	55	14265
6C	5B24	55	14265
6C	5B2A	55	14265
6C	5B2B	55	14265
6C	5B2E	55	14265
6C	5B30	55	14265
6C	5B31	55	14265
6C	5B33	55	14265
6C	5B35	55	14265
6C	5B37	55	14265
6C	5B39	55	14265
6C	5B3A	55	14265
6C	5B3C	55	14265
6C	5B3E	55	14265
6C	5B41	55	14265
6C	5B44	55	14265
6C	5B45	55	14265
6C	5B47	132	14265
6C	5B4A	132	14265
6C	5B4B	132	14265
6C	5B4E	132	14265
6C	5B4F	515	14265
6C	5B50	515	14265
6C	5B53	515	14265
6C	5B55	515	14265
6C	5B57	476	14265
6C	5B5A	476	14265
6C	5B5C	476	14265
6C	5B5F	476	14265
6C	5B62	383	14265
6C	5B64	383	14265
6C	5B66	381	14265
6C	5B68	381	14265
6C	5B6A	381	14265
6C	5B6C	269	14265
6C	5B6E	269	14265
6C	5B71	214	14265
6C	5B73	214	14265
6C	5B75	212	14265
6C	5B77	212	14265
6C	5B7E	39	14392
6C	5B81	57	14265
6C	5B82	57	14265
6C	5B83	57	14265
6C	5B84	57	14265
6C	5B85	57	14265
6C	5B86	57	14265
6C	5B8F	112	14392
6C	5B90	112	14392
6C	5B91	112	14392
6C	5B92	112	14392
6C	5B93	112	14392
6C	5B96	112	14392
6C	5B98	112	14392
6C	5B9A	92	14392
6C	5B9B	92	14392
6C	5B9D	55	14265
6C	5B9E	55	14265
6C	5B9F	55	14265
6C	5BA0	55	14265
6C	5BA1	55	14265
6C	5BA2	55	14265
6C	5BA3	55	14265
6C	5BA4	55	14265
6C	5BA7	55	14265
6C	5BA8	55	14265
6C	5BAB	55	14265
6C	5BAC	55	14265
6C	5BAF	2	104500
6C	5BB0	2	104500
6C	5BB2	2	104500
6C	5BB3	2	104500
6C	5BB5	2	104500
6C	5BB6	2	104500
6C	5BB7	2	104500
6C	5BB8	2	104500
6C	5BBB	2	104500
6C	5BBC	2	104500
6C	5BBE	2	104500
6C	5BC4	2	104500
6C	5BC5	2	104500
6C	5BC7	212	14265
6C	5BC8	212	14265
6C	5BCA	212	14265
6C	5BCB	212	14265
6C	5BCD	212	14265
6C	5BCE	212	14265
6C	5BD1	212	14265
6C	5BD2	212	14265
6C	5BD4	212	14265
6C	5BD7	212	14265
6C	5BD8	212	14265
6C	5BD9	212	14265
6C	5BDA	212	14265
6C	5BDB	212	14265
6C	5BDD	55	14265
6C	5C06	157	14265
6C	5C07	157	14265
6C	5C08	157	14265
6C	5C0B	39	14392
6C	5C0E	39	14392
6C	5C10	39	14392
6C	5C12	2	104500
6C	5C18	2	104515
6C	5C1A	2	104515
6C	5C1B	37	14392
6C	5C1D	37	14392
6C	5C1E	37	14392
6C	5C20	37	14392
6C	5C22	37	14392
6C	5C25	37	14392
6C	5C28	37	14392
6C	5C29	37	14392
6C	5C2B	37	14392
6C	5C31	36	14407
6C	5C33	36	14407
6C	5C36	93	14265
6C	5C38	93	14265
6C	5C3B	93	14265
6C	5C3E	93	14265
6C	5C40	93	14265
6C	5C43	93	14265
6C	5C44	93	14265
6C	5C47	93	14265
6C	5C4A	93	14265
6C	5C4D	93	14265
6C	5C4E	93	14265
6C	5C50	18	27454
6C	5C51	18	27454
6C	5C53	18	27454
6C	5C54	18	27454
6C	5C56	18	27454
6C	5C58	18	27454
6C	5C5B	18	27454
6C	5C5E	18	27454
6C	5C5F	18	27454
6C	5C61	18	27454
6C	5C62	18	27454
6C	5C63	18	27454
6C	5C66	93	14265
6C	5C68	93	14265
6C	5C6A	93	14265
6C	5C6B	93	14265
6C	5C6D	93	14265
6C	5C6E	93	14265
6C	5C70	93	14265
6C	5C73	93	14265
6C	5C75	93	14265
6C	5C78	93	14265
6C	5C7A	93	14265
6C	5C7C	93	14265
6C	5C7E	93	14265
6C	5C7F	93	14265
6C	5C82	93	14265
6C	5C85	93	14265
6C	5C88	93	14265
6C	5C8B	93	14265
6C	5C8E	93	14265
6C	5C90	93	14265
6C	5C92	93	14265
6C	5C94	93	14265
6C	5C9A	93	14266
6C	5C9D	93	14266
6C	5CA0	93	14266
6C	5CA2	93	14266
6C	5CA4	93	14266
6C	5CA6	93	14266
6C	5CAC	93	14267
6C	5CAD	93	14267
6C	5CAF	93	14267
6C	5CB0	93	14267
6C	5CB2	93	14267
6C	5CB4	93	14267
6C	5CB6	93	14267
6C	5CB7	93	14267
6C	5CB8	93	14267
6C	5CB9	93	14267
6C	5CBA	93	14267
6C	5CBD	92	14288
6C	5CBE	92	14288
6C	5CC1	92	14288
6C	5CC2	92	14288
6C	5CC5	10353	14288
6C	5CCB	10353	14288
6C	5CCE	10351	14289
6C	5CD1	10351	14289
6C	5CD2	10351	14289
6C	5CD4	9077	14289
6C	5CD7	9077	14291
6C	5CD8	9077	14291
6C	5CDB	9000	14291
6C	5CDE	9000	14291
6C	5CE0	9000	14291
6C	5CE2	786	14349
6C	5CE4	786	14349
6C	5CE6	786	14349
6C	5CE8	179	14354
6C	5CE9	179	14354
6C	5CEC	179	14354
6C	5CEE	10274	14291
6C	5CF4	10274	14291
6C	5CFA	10274	14291
6C	5D07	9956	14291
6C	5D09	201	14348
6C	5D0B	201	14348
6C	5D0E	201	14348
6C	5D11	201	14348
6C	5D12	201	14348
6C	5D14	20	27132
6C	5D17	20	27132
6C	5D1A	20	27132
6C	5D1C	20	27132
6C	5D1E	20	27132
6C	5D24	20	27132
6C	5D27	20	27132
6C	5D2A	20	27132
6C	5D2D	20	27132
6C	5D30	104	14388
6C	5D32	104	14388
6C	5D35	104	14388
6C	5D38	104	14388
6C	5D39	104	14388
6C	5D3B	55	14392
6C	5D3E	55	14392
6C	5D41	55	14392
6C	5D43	55	14392
6C	5D45	55	14392
6C	5D4B	55	14392
6C	5D4E	55	14392
6C	5D51	55	14392
6C	5D54	55	14392
6C	5D57	49	14388
6C	5D5A	15	47864
6C	5D5C	15	47864
6C	5D5D	15	47864
6C	5D5F	15	47864
6C	5D61	15	47864
6C	5D64	15	47864
6C	5D67	15	47864
6C	5D68	15	47864
6C	5D6A	15	47864
6C	5D6B	15	47864
6C	5D6D	15	47864
6C	5D70	15	47864
6C	5D73	15	47864
6C	5D74	15	47864
6C	5D76	15	47864
6C	5D78	13	47864
6C	5D7B	13	47864
6C	5D7E	13	47864
6C	5D81	13	47864
6C	5D84	13	47864
6C	5D8A	13	47879
6C	5D8C	13	47879
6C	5D8D	2	104500
6C	5D90	2	104500
6C	5D93	2	104500
6C	5D96	2	104500
6C	5D99	2	104500
6C	5D9C	47	14328
6C	5D9F	77	14390
6C	5DA0	77	14390
6C	5DA3	77	14390
6C	5DA6	77	14390
6C	5DA8	77	14390
6C	5DAA	28	27129
6C	5DAD	28	27129
6C	5DB0	28	27129
6C	5DB2	28	27129
6C	5DB4	28	27129
6C	5DBA	28	27129
6C	5DBD	28	27129
6C	5DC0	28	27129
6C	5DC3	28	27129
6C	5DC6	49	14390
6C	5DC8	49	14390
6C	5DCA	49	14390
6C	5DCB	49	14390
6C	5DCD	49	14390
6C	5DCF	49	14390
6C	5DD1	49	14390
6C	5DD3	49	14390
6C	5DD6	49	14390
6C	5DD9	49	14390
6C	5DDB	49	14390
6C	5DDD	49	14390
6C	5DDF	49	14390
6C	5DE5	49	14391
6C	5DE8	49	14391
6C	5DEB	49	14391
6C	5DED	49	14391
6C	5DEF	49	14391
6C	5DF1	49	14391
6C	5DF7	49	14392
6C	5DF9	49	14392
6C	5DFA	49	14392
6C	5DFC	49	14392
6C	5DFE	49	14392
6C	5E00	49	14392
6C	5E03	75	14392
6C	5E06	75	14392
6C	5E08	75	14392
6C	5E0A	20	27132
6C	5E0C	20	27132
6C	5E0D	20	27132
6C	5E0F	20	27132
6C	5E11	20	27132
6C	5E14	20	27132
6C	5E17	20	27132
6C	5E18	20	27132
6C	5E1A	20	27132
6C	5E1D	55	14392
6C	5E1F	55	14392
6C	5E22	55	14392
6C	5E25	70	14289
6C	5E27	70	14289
6C	5E29	70	14289
6C	5E2A	70	14289
6C	5E2C	70	14289
6C	5E2E	70	14289
6C	5E30	70	14289
6C	5E32	70	14289
6C	5E33	70	14289
6C	5E34	70	14289
6C	5E37	70	14289
6C	5E3A	70	14289
6C	5E3D	70	14289
6C	5E3E	70	14289
6C	5E41	70	14289
6C	5E44	70	14289
6C	5E46	70	14289
6C	5E48	70	14289
6C	5E4A	70	14289
6C	5E50	70	14289
6C	5E51	70	14289
6C	5E54	70	14289
6C	5E57	70	14289
6C	5E59	70	14289
6C	5E5B	70	14289
6C	5E5D	70	14289
6C	5E63	70	14290
6C	5E64	70	14290
6C	5E66	70	14290
6C	5E67	70	14290
6C	5E69	70	14290
6C	5E6B	70	14290
6C	5E6D	70	14290
6C	5E6E	93	14267
6C	5E6F	93	14267
6C	5E72	93	14267
6C	5E73	93	14267
6C	5E74	63	14267
6C	5E75	63	14267
6C	5E76	63	14267
6C	5E79	63	14267
6C	5E7A	63	14267
6C	5E7D	63	14267
6C	5E7E	63	14267
6C	5E7F	63	14267
6C	5E81	8	27134
6C	5E82	8	27134
6C	5E84	8	27134
6C	5E8A	8	27142
6C	5E8B	63	14267
6C	5E8C	63	14267
6C	5E8F	63	14267
6C	5E90	63	14267
6C	5E91	63	14267
6C	5E93	63	14267
6C	5E95	63	14267
6C	5E96	63	14267
6C	5E99	63	14267
6C	5E9A	63	14267
6C	5E9B	63	14267
6C	5E9C	63	14267
6C	5E9E	63	14267
6C	5E9F	63	14267
6C	5EA0	63	14267
6C	5EA2	63	14267
6C	5EA4	63	14267
6C	5EA5	63	14267
6C	5EA7	63	14267
6C	5EA9	63	14267
6C	5EAB	63	14267
6C	5EAD	63	14267
6C	5EAE	63	14267
6C	5EB1	63	14267
6C	5EB4	63	14267
6C	5EB7	63	14267
6C	5EBA	63	14267
6C	5EBD	63	14267
6C	5EBF	63	14267
6C	5EC1	63	14267
6C	5EC3	63	14267
6C	5EC9	63	14268
6C	5ECC	63	14268
6C	5ECF	63	14268
6C	5ED1	63	14268
6C	5ED3	63	14268
6C	5ED5	63	14268
6C	5EDB	63	14269
6C	5EDD	63	14269
6C	5EDE	63	14269
6C	5EE0	63	14269
6C	5EE2	63	14269
6C	5EE4	63	14269
6C	5EE5	63	14269
6C	5EE6	63	14269
6C	5EE9	63	14269
6C	5EEA	63	14269
6C	5EEB	63	14269
6C	5EEC	63	14269
6C	5EED	63	14269
6C	5EEE	63	14269
6C	5EEF	63	14269
6C	5EF1	63	14269
6C	5EF3	63	14269
6C	5EF4	63	14269
6C	5EF6	63	14269
6C	5EF8	63	14269
6C	5EFA	63	14269
6C	5EFC	63	14269
6C	5EFF	63	14269
6C	5F02	63	14269
6C	5F05	63	14269
6C	5F0B	63	14269
6C	5F0D	63	14269
6C	5F0E	63	14269
6C	5F10	63	14269
6C	5F12	63	14269
6C	5F14	63	14269
6C	5F17	63	14269
6C	5F1A	63	14269
6C	5F1D	63	14269
6C	5F1E	63	14269
6C	5F24	63	14269
6C	5F26	63	14269
6C	5F29	63	14270
6C	5F2A	63	14270
6C	5F2B	63	14270
6C	5F2C	63	14270
6C	5F2D	63	14270
6C	5F2F	63	14270
6C	5F31	63	14270
6C	5F33	235691	14270
6C	5F35	235691	14270
6C	5F37	235691	14270
6C	5F39	63	14270
6C	5F3C	63	14270
6C	5F3E	63	14270
6C	5F40	63	14270
6C	5F43	63	14270
6C	5F49	63	14271
6C	5F4C	63	14271
6C	5F4D	63	14271
6C	5F50	63	14271
6C	5F52	63	14271
6C	5F54	63	14271
6C	5F57	63	14271
6C	5F5D	63	14272
6C	5F5F	63	14272
6C	5F65	62	14288
6C	5F68	62	14288
6C	5F69	62	14288
6C	5F6C	62	14288
6C	5F6D	62	14288
6C	6009	9077	14289
6C	600C	9077	14289
6C	600D	9077	14289
6C	6010	9077	14289
6C	6012	9077	14289
6C	6013	1740	14289
6C	6016	1740	14289
6C	6017	1740	14289
6C	601A	1740	14289
6C	601B	2891	14289
6C	601C	2891	14289
6C	601D	2891	14289
6C	601F	2891	14289
6C	6022	280	14289
6C	6024	280	14289
6C	6026	280	14289
6C	6028	280	14289
6C	602A	203	14289
6C	602C	88	14289
6C	602E	88	14289
6C	6030	88	14289
6C	6032	18	29069
6C	6034	18	29069
6C	603A	77	14390
6C	603B	77	14390
6C	603E	77	14390
6C	603F	77	14390
6C	6042	77	14390
6C	6044	77	14390
6C	6045	115	14390
6C	6046	115	14390
6C	6049	115	14390
6C	604C	115	14390
6C	604E	115	14390
6C	6051	115	14390
6C	6054	115	14390
6C	6055	115	14390
6C	6056	115	14390
6C	6059	115	14390
6C	6075	70	14289
6C	6078	70	14290
6C	607A	18	29069
6C	607D	18	29069
6C	607E	18	29069
6C	6080	9	29069
6C	6083	9	29069
6C	6084	9	29069
6C	6085	9	29069
6C	6086	9	29069
6C	6089	9	29069
6C	608C	9	29679
6C	608D	9	29679
6C	60AF	2611	14290
6C	60B0	2611	14290
6C	60B2	2611	14290
6C	60B4	2086	14297
6C	60B5	2086	14297
6C	60B8	2086	14297
6C	60BA	2086	14297
6C	60BB	2086	14297
6C	60BC	2086	14297
6C	60BD	2086	14297
6C	60BE	2086	14297
6C	60C0	2086	14297
6C	60C1	2086	14297
6C	60C2	2086	14297
6C	60C3	2086	14297
6C	60C4	2086	14297
6C	60C6	525	14290
6C	60C7	525	14290
6C	60C8	525	14290
6C	60C9	2611	14290
6C	60CC	2611	14290
6C	60CD	2611	14290
6C	60D0	2611	14290
6C	60D2	2611	14290
6C	60EB	2611	14290
6C	60EC	2611	14290
6C	60EF	2611	14290
6C	60F0	2611	14290
6C	60F2	2611	14290
6C	60F3	2611	14290
6C	60F5	2611	14290
6C	60F6	2611	14290
6C	60F7	2611	14290
6C	60F9	2611	14290
6C	60FA	2611	14290
6C	60FB	2611	14290
6C	60FC	2611	14290
6C	60FE	2611	14290
6C	60FF	2611	14290
6C	6100	2611	14290
6C	6102	2611	14290
6C	6104	2611	14290
6C	6105	2611	14290
6C	6107	2611	14290
6C	6109	2611	14290
6C	610B	2611	14290
6C	610D	2611	14290
6C	6110	2611	14290
6C	6111	2611	14290
6C	6114	2611	14290
6C	6115	2611	14290
6C	6116	2611	14290
6C	6119	2611	14290
6C	611A	2611	14290
6C	611B	2611	14290
6C	611C	2611	14290
6C	6122	2611	14290
6C	6124	2611	14290
6C	6126	2611	14290
6C	6127	2611	14290
6C	6129	2611	14290
6C	612B	2611	14290
6C	612D	2611	14290
6C	612E	2611	14290
6C	612F	2611	14290
6C	6130	2611	14290
6C	6131	2611	14290
6C	6133	2611	14290
6C	6135	2611	14290
6C	6136	2611	14290
6C	6138	2611	14290
6C	613A	2611	14290
6C	613C	2611	14290
6C	613E	2611	14290
6C	6158	2611	14290
6C	615B	2611	14290
6C	615D	2611	14290
6C	615F	1654	14290
6C	6161	1654	14290
6C	6162	1654	14290
6C	6163	1654	14290
6C	6165	1654	14290
6C	6167	1654	14290
6C	6168	1654	14290
6C	616E	1654	14291
6C	6170	1654	14291
6C	6171	1654	14291
6C	6173	1654	14291
6C	6175	1654	14291
6C	6177	1654	14291
6C	617A	1654	14291
6C	617C	1654	14291
6C	617F	1654	14291
6C	6181	273	14354
6C	6183	1654	14291
6C	6186	1654	14291
6C	6189	1654	14291
6C	618A	1654	14291
6C	618D	1654	14291
6C	618E	1663	14291
6C	618F	1663	14291
6C	6192	1663	14291
6C	6193	1663	14291
6C	6196	1663	14291
6C	6197	1663	14291
6C	6198	957	14390
6C	619A	957	14390
6C	619B	957	14390
6C	619D	957	14390
6C	619F	957	14390
6C	61A1	957	14390
6C	61A4	957	14390
6C	61A5	957	14390
6C	61A8	957	14390
6C	61A9	957	14390
70	4000	3	106148
70	4003	3	106148
70	4004	3	106148
70	4007	3	106148
70	400A	3	106148
70	400D	3	106148
70	4010	3	106148
70	4011	3	106148
70	4013	1	106996
70	4016	1	106996
70	4018	1	106996
70	401D	1	106996
70	401F	3	106148
70	4022	3	106148
70	4023	1337	106148
70	4026	1337	106148
70	4028	1337	106148
70	402B	1337	106148
70	4031	1337	106148
70	4034	1337	106177
70	4037	1337	106178
70	403A	1337	106178
70	403B	1337	106178
70	403D	227	107027
70	4040	227	107027
70	4041	227	107027
70	4043	223	107031
70	4046	223	107031
70	4048	223	107031
70	406A	4	107027
70	406D	4	107027
70	406F	4	107027
70	4071	1	107030
70	4074	1	107030
70	4077	1	107030
70	4078	1	107030
70	407B	1337	106178
70	407E	1337	106178
70	407F	1337	106177
70	4082	1337	106177
70	4085	1337	106178
70	4088	1337	106178
70	4089	1337	106178
70	408B	1337	106178
70	408E	1337	106178
70	408F	1337	106148
70	4092	1337	106148
70	4095	1337	106148
70	4096	1337	106148
70	4097	1337	106148
70	4098	1337	106148
70	409A	1337	106148
70	409B	1337	106148
70	409C	1337	106148
70	409D	1337	106148
70	409E	1337	106148
70	409F	1337	106148
70	40A2	1337	106148
70	40A3	1337	106148
70	40A4	1337	106148
70	40A5	1337	106148
70	40A7	1337	106148
70	40A8	1337	106148
70	40A9	1337	106148
70	40AA	1337	106148
70	40AB	1337	106148
70	40AC	1337	106148
70	40E3	2	106148
70	40E6	2	106160
70	40E7	2	106160
70	40EA	2	106161
70	40ED	2	106161
70	40EF	2	106161
70	40F2	2	106161
70	40F3	2	106161
70	40F6	2	106161
70	40F8	2	106161
70	40FB	2	106161
70	40FE	2	106161
70	4104	2	106161
70	410A	2	106177
70	410C	2	106177
70	410D	2	106177
70	410F	2	106177
70	4111	2	106177
70	4114	2	106177
70	4117	2	106177
70	4118	2	106177
70	411A	2	106177
70	411B	2	106178
70	411D	2	106178
70	4120	2	106178
70	4121	144	106179
70	4124	144	106179
70	4125	144	106179
70	4128	144	106179
70	412A	144	106179
70	412C	2	106250
70	412E	2	106250
70	4131	144	106179
70	4134	144	106179
70	4135	660	106251
70	4138	660	106251
70	413A	660	106251
70	413C	660	106251
70	413E	660	106251
70	4140	660	106251
70	4142	659	106251
70	417E	1	141196
70	4180	1	141196
70	4181	1	141196
70	4183	1	141196
70	4185	1	141196
70	4188	1	141196
70	418B	1	141196
70	418C	1	141196
70	418E	1	141196
70	4190	1	141196
70	4193	1	141196
70	4196	1	141196
70	4199	1	141196
70	419B	1	141196
70	419D	1	141196
70	41A3	1	141196
70	41A6	1	141196
70	41A9	1	141196
70	41AC	1	141196
70	41AE	1	141196
70	41B1	1	141197
70	41B3	1	141197
70	41B6	1	141197
70	41B8	1	141197
70	41BB	660	106251
70	41BE	660	106251
70	4202	1	141498
70	4208	1	141513
70	420B	1	141515
70	420D	1	141515
70	4210	1	141515
70	4211	1	141515
70	4214	1	141515
70	4215	20	141197
70	4218	20	141197
70	4219	20	141197
70	421C	20	141197
70	421D	20	141197
70	421F	1	141216
70	4222	1	141216
70	4225	1	141216
70	4227	1	141216
70	422A	1	141216
70	422C	1	141216
70	422F	1	141216
70	4231	20	141197
70	4234	20	141197
70	4235	177	141217
70	4238	177	141217
70	4239	177	141217
70	423B	1	141393
70	423D	1	141393
70	4241	1	141393
70	4243	1	141393
70	4244	1	141393
70	4246	1	141393
70	4248	1	141393
70	424B	1	141393
70	424E	1	141393
70	424F	1	141393
70	4251	1	141393
70	4253	1	141393
70	4256	1	141393
70	4258	177	141217
70	425B	177	141217
70	425C	104	141394
70	425F	104	141394
70	4260	104	141394
70	4263	104	141394
70	4265	104	141394
70	4267	1	141497
70	4269	1	141497
70	426C	1	141497
70	426E	104	141394
70	4271	104	141394
70	4274	104	141394
70	4275	3	106161
70	4276	3	106161
70	4279	3	106161
70	427C	3	106161
70	427D	660	106251
70	4280	660	106251
70	4281	660	106251
70	4284	660	106251
70	4285	505	107028
70	4288	505	107028
70	4289	505	107028
70	428C	505	107028
70	4418	1	106996
70	441B	1	107009
70	441D	1	107009
70	4420	1	107010
70	4423	1	107010
70	4425	1	107010
70	4428	1	107010
70	442A	1	107010
70	442D	1	107010
70	442F	1	107010
70	4432	1	107010
70	4435	1	107010
70	443B	1	107010
70	4441	1	107026
70	4443	1	107026
70	4444	1	107026
70	4446	1	107026
70	4448	1	107026
70	444B	1	107026
70	444E	1	107026
70	444F	1	107026
70	4451	1	107026
70	4452	1	107027
70	4454	1	107027
70	4457	1	107027
70	4458	120	107028
70	445B	120	107028
70	445C	120	107028
70	445E	1	107147
70	4460	1	107147
70	4464	1	107147
70	4466	1	107147
70	4467	1	107147
70	4469	1	107147
70	446B	1	107147
70	446E	1	107147
70	4471	1	107147
70	4472	1	107147
70	4474	1	107147
70	4476	1	107147
70	4479	1	107147
70	447B	1	107147
70	447E	1	107148
70	4480	120	107028
70	4483	120	107028
70	4484	104	107149
70	4487	104	107149
70	4488	104	107149
70	448B	104	107149
70	448D	104	107149
70	448F	1	107252
70	4491	1	107252
70	4494	1	107252
70	4496	104	107149
70	4499	104	107149
70	449C	104	107149
70	449D	1	107253
70	44A3	1	107268
70	44A6	1	107270
70	44A8	1	107270
70	44AB	1	107270
70	44AC	1	107270
70	44AF	1	107270
70	44B0	3	106148
70	44B6	3	106148
70	44B9	3	106148
70	44BA	3	106148
70	44BB	3	106148
70	44BC	3	106148
70	44BF	3	106148
70	44C0	3	106148
70	44C2	3	106148
70	44C3	3	106148
70	44C5	3	106148
70	44C7	3	106148
70	44C8	3	106148
70	44C9	3	106148
70	44CA	3	106148
70	44CB	3	106148
70	44CD	3	106148
70	44CE	3	106148
70	44D0	3	106148
70	44D2	3	106148
70	44D4	3	106148
70	44D6	3	106148
70	44D9	3	106148
70	44DC	3	106148
70	44DE	3	106148
70	44E0	3	106148
70	44E2	3	106148
70	44E8	3	106149
70	44EB	3	106149
70	44EE	3	106149
70	44F0	3	106149
70	44F2	3	106149
70	44F4	3	106149
70	44FA	3	106150
70	44FD	3	106150
70	4500	3	106150
70	4502	3	106150
70	4504	3	106150
70	4506	3	106150
70	450C	3	106151
70	450F	3	106151
70	4512	3	106151
70	4514	3	106151
70	4516	3	106151
70	4518	3	106151
70	451E	3	106152
70	4521	3	106152
70	4524	3	106152
70	4526	3	106152
70	4528	3	106152
70	452A	3	106152
70	4530	3	106153
70	4533	3	106153
70	4536	3	106153
70	4538	3	106153
70	453A	3	106153
70	453C	3	106153
70	4542	3	106154
70	4545	3	106154
70	4548	3	106154
70	454A	3	106154
70	454C	3	106154
70	454E	3	106154
70	4554	3	106155
70	4557	3	106155
70	455A	3	106155
70	455C	3	106155
70	455E	3	106155
70	4560	3	106155
70	4566	3	106156
70	4569	3	106156
70	456C	3	106156
70	456E	3	106156
70	4570	3	106156
70	4572	3	106156
70	4578	3	106157
70	457B	3	106157
70	457E	3	106157
70	4581	3	106157
70	4583	3	106157
70	4589	3	106157
70	458C	3	106157
70	458F	3	106157
70	4592	3	106157
70	4594	3	106157
70	459A	3	106157
70	459D	3	106157
70	45A0	3	106157
70	45A3	3	106157
70	45A5	3	106157
70	45AB	3	106157
70	45AE	3	106159
70	45B1	3	106159
70	45B4	3	106159
70	45B6	3	106159
70	45B8	3	106159
70	45BE	3	106159
70	45C1	3	106159
70	45C4	3	106159
70	45C7	3	106159
70	45CA	3	106159
70	45CD	3	106159
70	45CF	3	106159
70	45D1	3	106159
70	45D7	3	106159
70	45DA	3	106159
70	45DD	3	106159
70	45E0	3	106159
70	45E3	3	106159
70	45E4	3	106159
70	45E6	1	107008
70	45E9	1	107008
70	45EA	1	107008
70	45EC	3	106159
70	45EF	3	106159
70	45F2	3	106159
70	45F4	3	106159
70	45F6	3	106159
70	45FC	3	106159
70	45FF	3	106159
70	4602	3	106159
70	4605	3	106159
70	4608	3	106160
70	460A	3	106160
70	460C	3	106160
70	460E	3	106160
70	460F	3	106160
70	4612	3	106160
70	4613	2	107268
70	4619	2	107268
70	461C	2	107269
70	461F	2	107269
70	4620	2	107269
70	4622	2	107269
70	4623	2	107269
70	4626	2	107270
70	4628	2	107270
70	462A	2	107270
70	462C	2	107270
70	462D	2	107270
70	4630	2	107270
70	4631	2	107270
70	4634	2	107270
70	4637	2	107270
70	4638	3	106157
70	463A	3	106157
70	463C	3	106157
70	463D	3	106157
70	463F	3	106157
70	4641	3	106157
70	4643	3	106157
70	4645	3	106157
70	4648	3	106157
70	4649	3	106157
70	464B	3	106157
70	464D	3	106157
70	4650	3	106157
70	4651	3	106157
70	4654	3	106158
70	4655	3	106158
70	4657	3	106158
70	4659	3	106158
70	465C	3	106158
70	465D	3	106158
70	4660	3	106159
70	4661	3	106159
70	4663	3	106159
70	4664	3	106159
70	4666	3	106159
70	4668	3	106159
70	466A	3	106159
70	466B	5	106160
70	466D	5	106160
70	466F	5	106160
70	4670	5	106160
70	4672	5	106160
70	4674	5	106160
70	4676	5	106160
70	4678	5	106160
70	467A	5	106160
70	467C	5	106160
70	467E	5	106160
70	4680	5	106160
70	4681	5	106160
70	4683	5	106160
70	4684	5	106160
70	4686	5	106160
70	4688	5	106160
70	468B	5	106160
70	468C	5	106160
70	468F	5	106161
70	4690	5	106161
70	4692	5	106161
70	4694	5	106161
70	4697	5	106161
70	4698	5	106161
70	469B	5	106161
70	469C	5	106161
70	469E	5	106161
70	469F	5	106161
70	46A1	5	106161
70	46A3	5	106161
70	46A5	5	106161
70	477F	375	106161
70	4782	375	106161
70	4783	375	106161
70	4785	165	106161
70	4787	165	106161
70	478A	165	106161
70	478B	165	106161
70	478E	165	106161
70	4791	165	106161
70	4793	165	106161
70	4796	165	106161
70	4798	165	106161
70	4799	165	106161
70	479C	165	106161
70	479F	165	106161
70	47A0	210	107010
70	47A2	210	107010
70	47A5	210	107010
70	47A6	210	107010
70	47A9	210	107010
70	47AC	210	107010
70	47AE	210	107010
70	47B1	210	107010
70	47B3	210	107010
70	47B4	210	107010
70	47B7	210	107010
70	47BA	210	107010
70	47BB	4	106161
70	47BE	4	106161
70	47BF	4	106161
70	47C1	2	106161
70	47C4	2	106161
70	47C7	2	106161
70	47C9	2	106161
70	47CB	2	106161
70	47D1	2	106161
70	47D4	2	106161
70	47D7	2	106161
70	47D9	2	106161
70	47DB	2	106161
70	47E1	2	106161
70	47E2	2	107010
70	47E5	2	107010
70	47E8	2	107010
70	47EA	2	107010
70	47EC	2	107010
70	47F2	2	107010
70	47F5	2	107010
70	47F8	2	107010
70	47FA	2	107010
70	47FC	2	107010
70	4802	2	107010
70	4803	5	106160
70	4806	5	106160
70	4807	5	106160
70	4808	5	106160
70	4809	5	106160
70	480B	5	106160
70	480C	5	106160
70	480D	5	106160
70	480E	5	106160
70	480F	5	106160
70	4810	5	106160
70	4813	5	106160
70	4816	5	106160
70	4818	5	106160
70	481E	5	106160
70	4821	5	106161
72	4015	16	746
72	401B	16	758
72	4021	16	780
72	4027	16	786
72	4029	16	786
72	402A	16	746
72	402B	16	746
72	402D	16	746
72	4030	16	746
72	4031	16	746
72	4032	16	746
72	4033	16	746
72	4034	16	746
72	4035	16	746
72	4037	16	746
72	4038	16	746
72	4039	16	746
72	403A	16	746
72	403B	16	746
72	403C	16	746
72	403E	16	746
72	4040	16	746
72	4041	16	746
72	4043	16	746
72	4044	16	746
72	4046	16	746
72	4048	16	746
72	404A	16	746
72	404B	16	746
72	404C	16	746
72	404E	16	746
72	41D8	16	746
72	41DE	16	746
72	41E4	16	747
72	41E7	16	747
72	41EA	16	747
72	41EC	16	747
72	41EE	16	747
72	41F0	16	747
72	41F6	16	748
72	41F9	16	748
72	41FC	16	748
72	41FF	16	748
72	4201	16	748
72	4207	16	748
72	420A	16	748
72	420D	16	748
72	4210	16	748
72	4212	16	748
72	4218	16	748
72	421B	16	748
72	421E	16	748
72	4221	16	748
72	4223	16	748
72	4229	16	748
72	422B	16	748
72	422D	16	748
72	422E	16	748
72	4230	16	748
72	4232	16	748
72	4234	16	748
72	4236	16	748
72	4239	16	749
72	423C	16	749
72	4242	16	749
72	4243	16	749
72	4246	16	749
72	4248	16	749
72	4249	16	749
72	424B	16	749
72	424D	16	749
72	424F	16	749
72	4252	16	749
72	4255	16	749
72	4257	16	749
72	4259	16	749
72	425F	16	749
72	4262	16	749
72	4265	16	749
72	4267	16	749
72	426A	16	749
72	426C	16	749
72	426E	16	749
72	4270	16	749
72	4271	16	749
72	4272	16	749
72	4273	16	749
72	4276	16	749
72	4277	16	749
72	4279	16	749
72	427A	16	749
72	427D	16	749
72	4280	16	749
72	4283	16	749
72	4286	16	749
72	4287	16	749
72	428A	16	749
72	428D	16	749
72	4290	16	749
72	4293	16	749
72	4299	16	749
72	429C	16	749
72	429F	16	749
72	42A2	16	749
72	42A8	16	749
72	42A9	16	749
72	42AC	16	749
72	42AF	16	749
72	42B2	16	749
72	42B4	16	749
72	42B6	16	749
72	42B8	16	749
72	42BE	16	749
72	42C1	16	749
72	42C4	16	749
72	42C6	16	749
72	42C8	16	749
72	42CA	16	749
72	42D0	16	750
72	42D1	16	750
72	42D4	16	750
72	42D7	16	750
72	42D9	16	750
72	42DB	16	750
72	42DD	16	750
72	42E3	16	751
72	42E5	16	751
72	42E7	16	751
72	42E9	16	751
72	42EC	16	751
72	42EF	16	751
72	42F0	16	751
72	42F3	16	751
72	42F6	16	751
72	42F7	16	751
72	42FA	16	751
72	42FD	16	751
72	42FF	16	751
72	4301	16	751
72	4303	16	751
72	4309	16	751
72	430C	16	751
72	430F	16	751
72	4311	16	751
72	4313	16	751
72	4315	16	751
72	431B	16	752
72	431D	16	752
72	4323	16	753
72	4325	16	753
72	4327	16	753
72	4329	16	753
72	432C	16	753
72	432F	16	753
72	4332	16	753
72	4335	16	753
72	4338	16	753
72	433B	16	753
72	433E	16	753
72	4341	16	753
72	4344	16	754
72	4346	16	754
72	4348	16	754
72	434A	16	754
72	434B	16	754
72	434E	16	754
72	4350	16	754
72	4352	16	754
72	4354	16	754
72	4356	16	754
72	4359	16	754
72	435F	16	756
72	4361	16	756
72	4364	16	757
72	4367	16	758
72	4369	16	758
72	436B	16	758
72	436D	16	758
72	436E	16	758
72	4371	16	758
72	4373	16	758
72	4374	16	758
72	4376	16	758
72	4378	16	758
72	437B	16	758
72	437E	16	758
72	437F	16	758
72	4381	16	758
72	4384	16	758
72	4387	16	758
72	438A	16	758
72	438D	16	758
72	438F	16	758
72	4391	16	758
72	4397	16	758
72	4399	16	758
72	439A	16	758
72	439C	16	758
72	439E	16	758
72	43A0	16	758
72	43A7	16	749
72	4407	16	749
72	440A	16	749
72	440D	16	749
72	4410	16	749
72	441B	16	749
72	441D	16	749
72	441F	16	749
72	4422	16	749
72	4424	16	749
72	4425	16	749
72	4426	16	749
72	4427	16	749
72	4428	16	749
72	4429	16	749
72	442A	16	749
72	442B	16	749
72	442C	16	749
72	442D	16	749
72	442E	16	749
72	4431	16	749
72	4432	16	749
72	4433	16	749
72	4435	16	749
72	4436	16	749
72	4437	16	749
72	4438	16	749
72	4439	16	749
72	443A	16	749
72	443B	16	749
72	443C	16	749
72	443F	16	749
72	4440	16	749
72	4442	16	749
72	4443	16	749
72	4444	16	749
72	4445	16	749
72	4446	16	749
72	4449	16	749
72	444A	16	749
72	444B	16	749
72	444C	16	749
72	444D	16	749
72	444E	16	749
72	444F	16	780
72	4452	16	780
72	4455	16	780
72	4457	16	780
72	44E6	16	780
72	44E8	16	780
72	44EA	16	780
72	44EB	16	780
72	44ED	16	780
72	44EF	16	780
72	44F1	16	780
72	44F3	16	780
72	44F6	16	780
72	44F9	16	780
72	44FC	16	780
72	44FF	16	780
72	4502	16	780
72	4505	16	780
72	4508	16	780
72	450B	16	780
72	450D	16	780
72	4513	16	781
72	4516	16	781
72	4519	16	781
72	451B	16	781
72	451E	16	781
72	4521	16	782
72	4523	16	782
72	4525	16	782
72	4527	16	782
72	4528	16	782
72	452B	16	782
72	4531	16	782
72	4533	16	782
72	4536	16	783
72	4538	16	783
72	453A	16	783
72	453C	16	783
72	453E	16	783
72	4541	16	783
72	4547	16	785
72	454A	16	786
72	454C	16	786
72	454E	16	786
72	4550	16	786
72	4551	16	786
72	4554	16	786
72	4557	16	786
72	455A	16	786
72	455D	16	786
72	455E	16	786
72	4561	16	786
72	4562	16	786
72	4568	16	786
72	456A	16	786
72	456B	16	786
72	456D	16	786
72	456F	16	786
72	4571	16	786
72	4578	575	758
72	457E	575	758
72	4584	575	758
72	4587	575	759
72	458D	575	759
72	4593	575	759
72	45A0	549	759
72	45A3	549	759
72	45A5	549	759
72	45A7	549	759
72	45A9	549	759
72	45EA	13	780
72	45EC	13	780
72	45ED	13	780
72	45EF	13	780
72	45F1	13	780
72	45F4	13	780
72	45F7	13	780
72	45F8	13	780
72	45FA	13	780
72	45FC	13	780
72	45FD	13	780
72	45FF	13	780
72	4600	7	1300
72	4603	3	1260
72	4606	3	9516
72	4608	3	9516
72	4609	3	9516
72	460B	3	9516
72	460D	3	9516
72	4610	3	9516
72	4613	3	9516
72	4614	3	9516
72	4616	3	9516
72	4617	3	9516
72	4619	3	9516
72	4749	16	746
72	474B	16	746
72	474D	16	746
72	474F	16	746
72	4752	16	746
72	4755	16	746
72	4758	16	746
72	475B	16	746
72	475E	16	746
72	4761	16	746
72	4764	16	746
72	4785	16	782
72	4787	16	782
72	4789	16	782
72	478B	16	782
72	478E	16	782
72	4791	16	782
72	4794	16	782
72	4797	16	782
72	479A	16	782
72	479D	16	782
72	47A0	16	782
72	47D4	32	752
72	47D5	32	752
72	47D7	32	752
72	47D9	32	752
72	47DB	32	752
72	47DC	32	752
72	47DE	32	752
72	47E0	32	752
72	47E2	32	752
72	47E3	32	752
72	47E5	32	752
72	47E6	32	752
72	47E9	32	752
72	47EB	32	752
72	47ED	32	752
72	47F0	32	752
72	47F1	32	752
72	47F4	32	753
72	47F5	32	753
72	47F7	32	753
72	47F9	32	753
72	47FC	32	753
72	47FD	32	753
72	4800	32	753
72	4801	32	753
72	4804	32	753
72	4805	16	746
72	4808	16	747
72	480A	16	747
72	480C	16	747
72	480D	16	747
72	480F	16	747
72	4811	16	747
72	4812	16	747
72	4813	16	747
72	4814	16	747
72	4815	16	747
72	4817	16	747
72	4819	16	747
72	481B	16	747
72	481D	16	747
72	481F	16	747
72	4820	16	747
72	4823	16	747
72	4824	16	754
72	4826	16	754
72	4829	48	754
72	482A	48	754
72	482C	48	754
72	482E	32	754
72	4831	32	754
72	4832	32	754
72	4834	32	754
72	4837	32	754
72	4839	32	754
72	483B	32	754
72	483C	32	754
72	483E	32	754
72	4842	32	754
72	4844	32	754
72	4848	32	754
72	484A	32	754
72	484B	32	754
72	484D	32	754
72	484E	32	754
72	484F	32	754
72	4850	32	754
72	4851	32	754
72	4857	32	754
72	485A	32	755
72	485B	32	755
72	485D	32	755
72	485E	32	755
72	4860	32	755
72	4862	32	755
72	4863	32	755
72	4865	32	755
72	4866	32	755
72	4867	32	755
72	4868	32	755
72	486B	32	755
72	486D	16	756
72	486E	16	756
72	4871	16	756
72	4872	16	783
72	4874	16	783
72	4877	48	783
72	4878	48	783
72	487A	48	783
72	487C	32	783
72	487F	32	783
72	4880	32	783
72	4882	32	783
72	4885	32	783
72	4887	32	783
72	4889	32	783
72	488A	32	783
72	488C	32	783
72	4890	32	783
72	4892	32	783
72	4896	32	783
72	4898	32	783
72	4899	32	783
72	489B	32	783
72	489C	32	783
72	489D	32	783
72	489E	32	783
72	489F	32	783
72	48A5	32	783
72	48A8	32	784
72	48A9	32	784
72	48AB	32	784
72	48AC	32	784
72	48AE	32	784
72	48B0	32	784
72	48B1	32	784
72	48B3	32	784
72	48B4	32	784
72	48B5	32	784
72	48B6	32	784
72	48B9	32	784
72	48BB	16	785
72	48BC	16	785
72	48BF	16	785
73	5F17	11	104516
73	5F19	11	104516
73	5F1B	11	104516
73	5F1D	11	104516
73	5F1E	11	104516
73	5F20	11	104516
73	5F22	11	104516
73	5F24	11	104516
73	5F26	11	104516
73	5F28	11	104516
73	5F2A	11	104516
73	5F30	11	104516
73	5F33	11	104517
73	5F34	11	104517
73	5F37	11	104517
73	5F3A	11	104517
73	5F3D	11	104517
73	5F3F	11	104517
73	5F42	11	104517
73	5F45	11	104517
73	5F46	11	104517
73	5F48	6	104517
73	5F4A	11	104517
73	5F4D	11	104517
73	5F4F	11	104517
73	5F52	11	104517
73	5F55	11	104517
73	5F58	11	104517
73	5F5A	11	104517
73	5F5C	11	104517
73	5F5E	11	104517
73	5F64	11	104518
73	5F67	11	104518
73	5F6A	11	104518
73	5F6C	11	104518
73	5F6E	11	104518
73	5F70	11	104518
73	5F76	11	104519
73	5F79	11	104519
73	5F7C	11	104519
73	5F7E	11	104519
73	5F80	11	104519
73	5F82	11	104519
73	5F88	11	104520
73	5F8B	11	104520
73	5F8E	11	104520
73	5F90	11	104520
73	5F92	11	104520
73	5F94	11	104520
73	5F9A	11	104521
73	5F9D	11	104521
73	5FA0	11	104521
73	5FA2	11	104521
73	5FA4	11	104521
73	5FA6	11	104521
73	5FAC	11	104522
73	5FAF	11	104522
73	5FB2	11	104522
73	5FB5	11	104522
73	5FB7	11	104522
73	5FBD	11	104522
73	5FC0	11	104522
73	5FC3	11	104522
73	5FC6	11	104522
73	5FC8	11	104522
73	5FCE	11	104522
73	5FD1	11	104524
73	5FD4	11	104524
73	5FD7	11	104524
73	5FD9	11	104524
73	5FDB	11	104524
73	5FE1	11	104524
73	5FE4	11	104524
73	5FE7	11	104524
73	5FEA	11	104524
73	5FED	11	104524
73	5FF0	11	104524
73	5FF2	11	104524
73	5FF4	11	104524
73	5FFA	11	104524
73	5FFD	11	104524
73	6000	11	104524
73	6003	11	104524
73	6006	11	104524
73	6009	11	104524
73	600C	11	104524
73	600E	11	104524
73	6014	11	104524
73	6016	11	104524
73	6019	11	104524
73	601C	11	104524
73	601F	11	104524
73	6025	11	104524
73	6028	11	104525
73	602A	11	104525
73	602C	11	104525
73	602D	11	104525
73	602F	11	104525
73	6031	11	104525
73	6033	11	104525
73	6035	11	104525
73	6036	11	104525
73	6039	11	104525
73	603C	11	104525
73	603F	11	104525
73	6042	11	104525
73	6045	11	104525
73	6047	11	104525
73	6049	11	104525
73	604B	11	104525
73	6051	11	104526
73	6053	11	104526
73	6054	11	104526
73	6056	11	104526
73	6058	11	104526
73	605A	11	104526
73	605C	11	104526
73	605F	11	104527
73	6065	11	104527
73	606B	11	104543
73	606E	11	104548
73	6070	11	104548
73	6071	11	104548
73	6073	11	104548
73	6075	11	104548
73	6078	11	104548
73	607B	11	104548
73	607C	11	104548
73	607E	583	104548
73	6084	583	104548
73	6087	583	104548
73	608D	583	104548
73	6093	583	104548
73	60A0	569	104548
73	60A3	569	104548
73	60A4	569	104548
73	60D7	569	104548
73	60DD	569	104548
73	60DF	569	104548
73	60E1	569	104548
73	60E4	569	104548
73	60E7	569	104548
73	6114	7	104612
73	6116	7	104612
73	6117	7	104612
73	6119	7	104612
73	611B	7	104612
73	611E	7	104612
73	6121	7	104612
73	6122	7	104612
73	6124	7	104612
73	612A	7	104641
73	6130	7	104643
73	6133	7	104643
73	6134	7	104643
73	6136	7	104643
73	6139	7	104643
73	613F	7	104643
73	6142	7	104643
73	614F	4	107540
73	6151	4	107540
73	6152	4	107540
73	6154	4	107540
73	6156	4	107540
73	6159	4	107540
73	615C	4	107540
73	615D	4	107540
73	615F	4	107540
73	6165	4	107569
73	616B	4	107571
73	616D	4	107571
73	616F	4	107571
73	6172	4	107571
73	6178	4	107571
73	6179	4	107571
73	617A	1	139236
73	617D	2	107524
73	6180	13	104548
73	6181	13	104548
73	6184	13	104548
73	6185	13	104548
73	6186	13	104548
73	6188	13	104548
73	618A	11	104564
73	618C	11	104564
73	618E	8	104564
73	6190	8	104564
73	6192	8	104548
73	6193	3	104580
73	6196	3	104580
73	6197	3	104580
73	6199	3	104580
73	619A	3	104580
73	619D	3	104580
73	61A0	3	104581
73	61A3	3	104585
73	61A5	3	104585
73	61A6	3	104585
73	61A8	3	104585
73	61AA	3	104585
73	61AD	3	104585
73	61B0	3	104585
73	61B1	3	104585
73	61B3	3	104585
73	61B4	2	139432
73	61B7	2	139432
73	61B8	2	139432
73	61BA	2	139432
73	61BB	2	139432
73	61BE	2	139432
73	61C1	2	139433
73	61C4	2	139437
73	61C6	2	139437
73	61C7	2	139437
73	61C9	2	139437
73	61CB	2	139437
73	61CE	2	139437
73	61D1	2	139437
73	61D2	2	139437
73	61D4	2	139437
73	61D5	16	104522
73	61D8	16	104522
73	61D9	16	104522
73	61DB	11	104522
73	61DD	11	104522
73	61E0	11	104522
73	61E2	11	104522
73	61E5	11	104522
73	61E8	11	104522
73	61EB	11	104522
73	61EE	11	104522
73	61F0	11	104522
73	61F6	11	104522
73	61F8	11	104522
73	61FB	11	104522
73	61FD	11	104522
73	6200	11	104522
73	6203	11	104522
73	6206	11	104522
73	6209	11	104522
73	620B	11	104522
73	6211	11	104522
73	6217	11	104522
73	621A	11	104523
73	621C	11	104523
73	621F	11	104524
73	6220	5	104580
73	6222	5	104580
73	6225	5	104580
73	6227	5	104580
73	622A	5	104580
73	622D	5	104580
73	6230	5	104580
73	6233	5	104580
73	6235	5	104580
73	623B	5	104580
73	623D	5	104580
73	6240	5	104580
73	6242	5	104580
73	6245	5	104580
73	6248	5	104580
73	624B	5	104580
73	624E	5	104580
73	6250	5	104580
73	6256	5	104580
73	625C	5	104580
73	625F	5	104580
73	6261	5	104580
73	6264	5	104581
73	6265	585	104522
73	6268	585	104522
73	6269	585	104522
73	626A	28	104522
73	626C	28	104522
73	626F	28	104522
73	6272	28	104522
73	6275	28	104522
73	6276	28	104522
73	6278	27	104572
73	6279	27	104572
73	627A	27	104572
73	627C	28	104522
73	627E	28	104522
73	627F	28	104522
73	6282	28	104522
73	6283	28	104522
73	6285	28	104522
73	6288	28	104522
73	628B	28	104522
73	628E	28	104522
73	6290	28	104522
73	6296	28	104522
73	6298	28	104522
73	629B	28	104523
73	629E	28	104523
73	629F	28	104523
73	62A2	28	104523
73	62A4	28	104523
73	62A5	1	169768
73	62A6	1	169768
73	62A9	1	169768
73	62AA	16	104543
73	62AD	16	104543
73	62AF	21	104543
73	62B0	21	104543
73	62B2	21	104543
73	62B4	16	104543
73	62B5	16	104543
73	62B7	16	104543
73	62BA	16	104543
73	62BB	16	104543
73	62BD	16	104543
73	62C0	16	104543
73	62C1	16	104543
73	62C3	16	104543
73	62C6	16	104543
73	62C9	16	104543
73	62CB	16	104543
73	62D1	16	104548
73	62D2	5	104581
73	62D5	5	104581
73	62D6	5	104581
74	5969	13	3880
74	596A	65	3880
74	596B	65	3880
74	596C	65	3880
74	596E	65	3880
74	5970	65	3880
74	5972	13	3880
74	5973	13	3880
74	5974	13	3880
74	5976	13	3880
74	5977	13	3880
74	5979	13	3880
74	597C	13	3880
75	4000	15707	170
75	4001	15707	170
75	4002	15707	170
75	4003	15707	170
75	4004	15707	170
75	4006	315	170
75	4007	281	10226
75	4008	281	10226
75	4009	281	10226
75	400A	281	10226
75	400B	257	10226
75	400C	257	10226
75	400D	257	10226
75	400F	31	7935
75	4010	31	7935
75	4012	31	7935
75	4013	31	7935
75	4014	333	7935
75	4015	333	7935
75	4016	333	7935
75	4017	333	7935
75	4019	305	7935
75	401A	305	7935
75	401B	305	7935
75	401C	305	7935
75	401E	3	10225
75	401F	3	10225
75	4020	31	7935
75	4021	31	7935
75	4022	31	7935
75	4023	31	7935
75	4024	31	7935
75	4025	31	7935
75	4027	31	7935
75	4028	31	7935
75	4029	458	44
75	402A	458	44
75	402D	458	44
75	402E	458	44
75	402F	458	44
75	4030	184	44
75	4031	184	44
75	4034	184	44
75	4036	184	44
75	4038	181	44
75	403A	181	44
75	403C	172	44
75	403E	172	44
75	4040	169	44
75	4041	169	44
75	4044	169	44
75	4047	184	44
75	4049	184	44
75	404A	184	44
75	404D	184	44
75	404E	184	44
75	404F	184	44
75	4052	184	44
75	4053	184	44
75	4054	184	44
75	4057	184	44
75	4058	184	44
75	4059	184	44
75	405C	184	44
75	405D	184	44
75	405E	184	44
75	4060	184	44
75	4061	184	44
75	4063	50	44
75	4065	50	44
75	4066	184	44
75	4069	184	44
75	406C	184	44
75	406D	184	44
75	406E	184	44
75	406F	184	44
75	40B4	587	44
75	40B5	587	44
75	40B6	587	44
75	40B9	587	44
75	40BA	587	44
75	40BD	587	44
75	40BE	587	44
75	40C1	587	44
75	40C2	587	44
75	40C3	587	44
75	40C5	587	44
75	40DA	587	44
75	40DB	587	44
75	40DC	94	44
75	40DD	94	44
75	40DF	94	44
75	40E0	94	44
75	40E1	94	44
75	40E4	94	44
75	40E5	94	44
75	40E6	94	44
75	40E7	94	44
75	40E9	94	44
75	40EB	94	44
75	40F9	94	44
75	40FA	94	44
75	40FC	94	44
75	40FE	94	44
75	40FF	94	44
75	4102	94	44
75	4105	94	44
75	4106	94	44
75	4109	94	44
75	410C	94	44
75	410E	94	44
75	4110	94	44
75	4111	94	44
75	4113	94	44
75	4114	94	44
75	4115	3	106837
75	4118	3	106837
75	411A	3	106837
75	4120	3	106837
75	4122	3	106837
75	4125	3	106837
75	4126	3	106837
75	4128	3	106837
75	412A	3	106837
75	412C	3	106837
75	412E	3	106837
75	4130	3	106837
75	4132	3	106837
75	4134	3	106837
75	4136	3	106837
75	4138	3	106837
75	413A	2	119562
75	413C	2	119562
75	413F	2	119562
75	4141	2	119562
75	4144	2	119562
75	4146	2	119562
75	4148	2	119562
75	414A	2	119562
75	414C	2	119562
75	414E	2	119562
75	4150	2	119562
75	4152	2	119562
75	4154	1	119578
75	4156	1	119578
75	4158	3	106837
75	415B	3	106837
75	415C	3	106837
75	416A	1	119562
75	416B	1	119562
75	416E	1	119562
75	416F	1	119562
75	4172	1	119562
75	4173	1	119562
75	4176	1	119562
75	4179	1	119562
75	417B	1	119562
75	417D	1	119562
75	4180	1	119562
75	4181	1	119562
75	4182	1	119562
75	4183	1	119562
75	4184	1	119562
75	4187	1	119562
75	4189	1	119562
75	418A	1	119562
75	41A4	1	106837
75	41A6	1	106837
75	41A9	1	106837
75	41AB	1	106837
75	41AE	1	106837
75	41B0	1	106837
75	41B2	1	106837
75	41B4	1	106837
75	41B5	1	106837
75	41B8	1	106837
75	41BB	1	106837
75	41BD	1	106837
75	41C0	1	106837
75	41C2	1	106837
75	41C5	1	106837
75	41C6	1	106837
75	41C8	1	106837
75	41CA	1	106837
75	41CC	1	106837
75	41CE	1	106837
75	41D0	1	106837
75	41D2	1	106837
75	41D4	1	106837
75	4225	4	10849
75	4227	4	10849
75	422A	4	10849
75	422D	4	10849
75	422F	4	10849
75	4235	50	44
75	4238	50	44
75	4239	50	44
75	423A	50	44
75	423B	50	44
75	423C	50	44
75	423E	50	44
75	4240	50	44
75	4242	50	44
75	4244	50	44
75	4247	50	44
75	424A	50	44
75	424D	55200	44
75	424E	55200	44
75	424F	55200	44
75	4250	55200	44
75	4251	55200	44
75	4252	55200	44
75	4254	50	44
75	4257	50	44
75	4259	50	44
75	425C	50	44
75	425D	50	44
75	425E	50	44
75	4260	50	44
75	4261	50	44
75	4263	50	44
75	4264	50	44
75	4267	50	44
75	4268	50	44
75	4269	50	44
75	426A	50	44
75	426B	50	44
75	426E	50	44
75	426F	50	44
75	4270	50	44
75	4271	50	44
75	4272	50	44
75	4275	50	44
75	4277	50	44
75	427A	50	44
75	427D	50	44
75	427E	50	44
75	4280	50	44
75	4286	50	44
75	4288	50	44
75	428B	50	44
75	4329	32	170
75	432C	32	170
75	432E	32	170
75	4331	32	170
75	4333	32	170
75	4336	32	170
75	4339	32	170
75	433B	32	170
75	433E	32	170
75	433F	32	170
75	4341	32	170
75	4344	32	170
75	4347	32	170
75	4348	32	170
75	4349	32	170
75	434A	32	170
75	434B	32	170
75	434C	32	170
75	434D	32	170
75	434E	32	170
75	434F	32	170
75	4352	32	170
75	4353	32	170
75	4354	32	170
75	4355	32	170
75	4356	32	170
75	4359	32	170
75	435A	32	170
75	435D	32	170
75	4360	32	170
75	4362	32	170
75	4365	32	170
75	4368	32	170
75	436B	32	170
75	436C	32	170
75	436D	32	170
75	4370	32	170
75	4371	32	170
75	4372	32	170
75	4374	32	170
75	4376	32	170
75	437C	32	170
75	437E	32	170
75	437F	32	170
75	4380	32	170
75	4382	32	170
75	4385	32	170
75	4388	32	170
75	438A	32	170
75	438D	32	170
75	4390	94	44
75	4392	94	44
75	4393	94	44
75	4395	94	44
75	4396	94	44
75	4397	13	10226
75	4399	134	10226
75	439A	134	10226
75	439C	134	10226
75	439D	134	10226
75	439E	134	10226
75	43A0	13	10226
75	43A1	13	10226
75	43A2	13	10226
75	43A4	13	10226
75	43A6	13	10226
75	43B1	3	10226
75	43B4	3	10226
75	43B6	3	10226
75	43B9	3	10226
75	43BC	3	10226
75	43BE	3	10226
75	43C1	3	10226
75	43C2	3	10226
75	43C4	3	10226
75	43C7	3	10226
75	43C9	3	10226
75	43CB	3	10226
75	43CE	3	10226
75	43D0	3	10226
75	43D2	3	10226
75	43D5	3	10226
75	43DB	3	10226
75	43DC	3	10226
75	43DE	3	10226
75	43E1	3	10226
75	43E4	3	10226
75	43E7	3	10226
75	43E8	3	10226
75	43EB	3	10226
75	43EE	3	10226
75	43F0	3	10226
75	43F1	3	10226
75	43F3	3	10226
75	43F4	3	10226
75	43F7	3	10226
75	43F8	3	10226
75	43F9	3	10226
75	43FC	3	10226
75	43FE	3	10226
75	4401	3	10226
75	4404	3	10226
75	4407	3	10226
75	4408	3	10226
75	4409	3	10226
75	440A	3	10226
75	440D	3	10226
75	4410	3	10226
75	4411	3	10226
75	4414	3	10226
75	4417	3	10226
75	4418	3	10226
75	4419	3	10226
75	441C	3	10226
75	441E	3	10226
75	4421	3	10226
75	4422	3	10226
75	4423	3	10226
75	4424	3	10226
75	4425	3	10226
75	4426	3	10226
75	4429	3	10226
75	442A	3	10226
75	442C	3	10226
75	442F	3	10226
75	4432	3	10226
75	4434	3	10226
75	4437	116	44
75	443A	116	44
75	443C	116	44
75	448A	3	10226
75	448D	3	10226
75	4490	3	10226
75	4492	3	10226
75	4495	3	10226
75	4496	3	10226
75	4497	3	10226
75	4498	3	10226
75	449B	3	10226
75	449D	3	10226
75	44A3	3	10226
75	44A6	3	10226
75	44A7	3	10226
75	44A8	3	10226
75	44AB	3	10226
75	44AD	3	10226
75	44B0	3	10226
75	44B1	3	10226
75	44B4	3	10226
75	44B5	94	44
75	44B6	94	44
75	44B9	94	44
75	44BC	94	44
75	44BD	94	44
75	44C0	94	44
75	44C3	94	44
75	44C6	94	44
75	44C8	94	44
75	44CB	4	10700
75	44CE	4	10700
75	44D0	4	10700
75	44D3	4	10700
75	44D6	4	10700
75	44D8	4	10700
75	44DA	2	107027
75	44DC	2	107027
75	44DE	2	107027
75	44E0	2	107027
75	44E3	1	107027
75	44E6	1	107027
75	44E8	1	107027
75	44EA	1	107027
75	44EC	1	107027
75	44EF	1	107027
75	44F1	1	107027
75	44F4	1	107027
75	44F7	1	107027
75	44FA	1	107027
75	44FC	1	107027
75	44FF	1	107027
75	4501	1	107027
75	4504	1	107027
75	4507	1	107027
75	4509	1	107027
75	450B	1	107027
75	452B	2	10700
75	452E	2	10700
75	452F	2	10700
75	4532	2	10700
75	4535	2	10700
75	4538	2	10700
75	453A	2	10700
75	453D	2	10700
75	4540	2	10700
75	4541	2	10700
75	4542	2	10700
75	4544	2	10700
75	4547	2	10700
75	454A	2	10700
75	454D	2	10700
75	454F	2	10700
75	4552	2	10700
75	4554	2	10700
75	4555	2	10700
75	4556	2	10700
75	4559	2	10700
75	455A	2	10700
75	455B	2	10700
75	455E	2	10700
75	4561	2	10700
75	4564	2	10700
75	4565	2	10700
75	4568	2	10700
75	456A	2	10700
75	456D	2	10700
75	4570	2	10700
75	4572	2	10700
75	4575	2	10700
75	4577	2	10700
75	457A	2	10700
75	457D	3	10225
75	457F	3	10225
75	4582	3	10225
75	4583	3	10225
75	4587	9	7909
75	4589	9	7909
75	458C	9	7909
75	458D	9	7909
75	4590	9	7909
75	4591	3	10225
75	4593	3	10225
75	4596	3	10225
75	4597	3	10225
75	459B	15	7909
75	459E	15	7909
75	45A0	15	7909
75	45A2	15	7909
75	45A5	15	7909
75	45A7	15	7909
75	45A9	15	7909
75	45AC	15	7909
75	45AD	15	7909
75	45AE	9	7909
75	45AF	9	7909
75	45B2	9	7909
75	45B3	9	7909
75	45B5	9	7909
75	45B6	9	7909
75	45B9	9	7909
75	45BA	9	7909
75	45BD	9	7909
75	45BE	9	7909
75	45C1	9	7909
75	45C4	9	7909
75	45C5	9	7909
75	45C8	9	7909
75	45CB	9	7909
75	45CD	9	7909
75	45CE	9	7909
75	45D0	9	7909
75	45D1	9	7909
75	45D4	9	7909
75	45D7	9	7909
75	45DA	9	7909
75	45DB	9	7909
75	461A	3	10381
75	461C	3	10381
75	461F	3	10381
75	4620	3	10381
75	4622	3	10381
75	4623	3	10381
75	4625	1	106473
75	4626	1	106473
75	4631	2	10381
75	4633	2	10381
75	4636	3	10381
75	4637	3	10381
75	4638	3	10381
75	463B	3	10381
75	463E	3	10381
75	4640	3	10381
75	4641	3	10381
75	4643	3	10381
75	4644	3	10381
75	4645	3	10381
75	4648	3	10381
75	464B	3	10381
75	464E	3	10381
75	4651	3	10381
75	4654	3	10381
75	4656	3	10381
75	4659	3	10381
75	465C	3	10381
75	465F	3	10381
75	4661	3	10381
75	4664	3	10381
75	4665	3	10381
75	4666	3	10381
75	4667	3	10381
75	4668	3	10381
75	4669	3	10381
75	466C	3	10381
75	466F	3	10381
75	4670	3	10381
75	4671	3	10381
75	4672	3	10381
75	4673	3	10381
75	4676	3	10381
75	4679	3	10381
75	467B	3	10381
75	467D	1	106473
75	4680	1	106473
75	4681	1	106473
75	46B1	3	10381
75	46B4	3	10381
75	46B6	3	10381
75	46B9	3	10381
75	46BB	3	10381
75	46BE	3	10381
75	46C0	3	10381
75	46C3	3	10381
75	46C6	1	106473
75	46C8	1	106473
75	46CB	1	106473
75	46CC	1	106473
75	46CD	1	106473
75	46CE	1	106473
75	46D1	1	106473
75	46D2	1	106473
75	46D5	25	106473
75	46D6	25	106473
75	46D7	25	106473
75	46D9	25	106473
75	46DB	24	106473
75	46DC	24	106473
75	46DD	24	106473
75	46DF	1	106473
75	46E0	1	106473
75	46E1	1	106473
75	46E2	1	106473
75	46E3	1	106473
75	46E6	1	106473
75	46E7	1	106473
75	46EA	1	106473
75	46ED	1	106473
75	46EF	1	106473
75	46F1	1	106473
75	490A	2	10381
75	490D	2	10381
75	490F	2	10381
75	4912	2	10381
75	4915	2	10381
75	4917	2	10381
75	491A	2	10381
75	491D	2	10381
75	491E	2	10381
75	4921	2	10381
75	4922	2	10381
75	4925	2	10381
75	4926	2	10381
75	4928	2	10381
75	492B	2	10381
75	492D	2	10381
75	492F	2	10381
75	4932	2	10381
75	4938	2	10381
75	493B	2	10381
75	493E	2	10381
75	4940	2	10381
75	4943	2	10381
75	4944	2	10381
75	4945	2	10381
75	4948	2	10381
75	494B	2	10381
75	494C	2	10381
75	494D	2	10381
75	494F	18	10381
75	4950	18	10381
75	4951	18	10381
75	4952	18	10381
75	4954	18	10381
75	4956	18	10381
75	4958	2	10381
75	4959	2	10381
75	495B	2	10381
75	495C	2	10381
75	495F	2	10381
75	4960	2	10381
75	4963	2	10381
75	4966	34	10381
75	4967	34	10381
75	4968	34	10381
75	496A	2	10381
75	496D	2	10381
75	496E	2	10381
75	4971	2	10381
75	4974	2	10381
75	4977	2	10381
75	4979	2	10381
75	497C	2	10381
75	497F	2	10381
75	4980	2	10381
75	4983	2	10381
75	4986	2	10381
75	4989	2	10381
75	498B	2	10381
75	498E	2	10381
75	4991	2	10381
75	4994	2	10381
75	4996	2	10381
75	4999	2	10381
75	499C	2	10381
75	499F	2	10381
75	49A1	2	10381
75	49A4	2	10381
75	49A6	2	10381
75	49A9	2	10404
75	49AC	2	10404
75	49AE	2	10404
75	49B1	2	10404
75	49B4	2	10404
75	49B6	2	10404
75	49B9	2	10404
75	49BA	2	10404
75	49BD	2	10404
75	49BE	2	10404
75	49C1	2	10404
75	49C2	2	10404
75	49C5	2	10404
75	49C8	2	10404
75	49CB	2	10404
75	49CE	2	10404
75	49D0	2	10404
75	49D3	2	10404
75	49D5	2	10404
75	49D6	2	10404
75	49D7	2	10404
75	49DA	2	10404
75	49DB	2	10404
75	49DC	2	10404
75	49DF	2	10404
75	49E2	2	10404
75	49E5	2	10404
75	49E6	2	10404
75	49E9	2	10404
75	49EB	2	10404
75	49EE	2	10404
75	49F1	2	10404
75	49F3	2	10404
75	49F6	2	10404
75	49F8	2	10404
75	49FB	2	10404
75	4C41	2	10626
75	4C44	2	10626
75	4C46	2	10626
75	4C49	2	10626
75	4C4C	2	10626
75	4C4E	2	10626
75	4C51	2	10626
75	4C52	2	10626
75	4C53	2	10626
75	4C56	2	10626
75	4C57	2	10626
75	4C5A	2	10626
75	4C5B	2	10626
75	4C5E	2	10626
75	4C61	2	10626
75	4C64	2	10626
75	4C67	2	10626
75	4C69	2	10626
75	4C6C	2	10626
75	4C6E	2	10626
75	4C6F	2	10626
75	4C70	2	10626
75	4C73	2	10626
75	4C74	2	10626
75	4C75	2	10626
75	4C78	2	10626
75	4C7B	2	10626
75	4C7E	2	10626
75	4C81	2	10626
75	4C84	2	10626
75	4C85	2	10626
75	4C86	2	10626
75	4C87	2	10626
75	4C8A	2	10626
75	4C8B	2	10626
75	4C8E	2	10626
75	4C90	2	10626
75	4C93	2	10626
75	4C96	2	10626
75	4C98	2	10626
75	4C9B	2	10626
75	4C9D	2	10626
75	4CA0	2	10626
75	4CA3	13	10410
75	4CA6	13	10410
75	4CA8	13	10410
75	4CB5	13	10410
75	4CB7	13	10410
75	4CBA	13	10410
75	4CBD	13	10410
75	4CBF	13	10410
75	4CC2	13	10410
75	4CC3	13	10410
75	4CC4	13	10410
75	4CC7	13	10410
75	4CC8	13	10410
75	4CCB	13	10410
75	4CCC	13	10410
75	4CCF	13	10410
75	4CD2	13	10410
75	4CD3	13	10410
75	4CD4	13	10410
75	4CD5	13	10410
75	4CD6	13	10410
75	4CD7	13	10410
75	4CD8	13	10410
75	4CD9	13	10410
75	4CDA	13	10410
75	4CDD	13	10410
75	4CDE	13	10410
75	4CDF	13	10410
75	4CE0	13	10410
75	4CE1	13	10410
75	4CE2	13	10410
75	4CE3	13	10410
75	4CE4	13	10410
75	4CE5	13	10410
75	4CE8	13	10410
75	4CEA	13	10410
75	4CEB	13	10410
75	4CED	13	10410
75	4CEE	13	10410
75	4CF0	13	10410
75	4CF1	13	10410
75	4CF2	13	10410
75	4CF3	13	10410
75	4CF4	13	10410
75	4CF5	13	10410
75	4CF6	13	10410
75	4CF7	13	10410
75	4CFA	13	10410
75	4CFD	13	10410
75	4D00	13	10410
75	4D02	13	10410
75	4D05	13	10410
75	4D07	13	10410
75	4D08	13	10410
75	4D09	13	10410
75	4D0C	13	10410
75	4D0D	13	10410
75	4D0E	13	10410
75	4D11	13	10410
75	4D14	13	10410
75	4D17	13	10410
75	4D1A	13	10410
75	4D1D	13	10410
75	4D1E	13	10410
75	4D1F	13	10410
75	4D20	13	10410
75	4D23	13	10410
75	4D24	13	10410
75	4D27	13	10410
75	4D29	13	10410
75	4D2C	13	10410
75	4D2F	13	10410
75	4D31	13	10410
75	4D34	13	10410
75	4D36	13	10410
75	4D39	13	10410
75	4D3C	15	10410
75	4D3D	15	10410
75	4D3E	15	10410
75	4D40	15	10410
75	4D42	15	10410
75	4D43	15	10410
75	4D45	15	10410
75	4D57	15	10410
75	4D59	15	10410
75	4D5A	15	10410
75	4D5B	15	10410
75	4D5C	15	10410
75	4D5E	15	10410
75	4D60	15	10410
75	4D61	15	10410
75	4D63	15	10410
75	4D75	15	10410
75	4D77	15	10410
75	4D78	15	10410
75	4D79	15	10410
75	4D7A	15	10410
75	4D7C	15	10410
75	4D7E	15	10410
75	4D7F	15	10410
75	4D81	15	10410
75	4D83	15	10410
75	4D84	15	10410
75	4D86	15	10410
75	4D91	15	10410
75	4D93	15	10410
75	4D94	15	10410
75	4D95	15	10410
75	4D96	15	10410
75	4D98	15	10410
75	4D99	15	10410
75	4D9B	15	10410
75	4DA2	15	10410
75	4DA3	15	10410
75	4DA5	15	10410
75	4DA6	15	10410
75	4DA7	15	10410
75	4DA8	15	10410
75	4DAA	15	10410
75	4DAB	15	10410
75	4DAC	15	10410
75	4DAD	15	10410
75	4DAE	15	10410
75	4DAF	15	10410
75	4DB1	75	10410
75	4DB2	75	10410
75	4DB4	75	10410
75	4DB6	60	10410
75	4DB7	60	10410
75	4DB8	60	10410
75	4DBC	15	10410
75	4DBE	15	10410
75	4DBF	15	10410
75	4DC1	15	10410
75	4DC2	15	10410
75	4DC3	15	10410
75	4DC6	15	10410
75	4DC7	15	10410
75	4DC8	15	10410
75	4DCB	15	10410
75	4DCC	15	10410
75	4DCE	56	10410
75	4DCF	56	10410
75	4DD0	56	10410
75	4DD2	56	10410
75	4DD4	15	10410
75	4DD5	15	10410
75	4DD8	15	10410
75	4DD9	15	10410
75	4DE2	1	106473
75	4DE5	1	106473
75	4DE7	1	106473
75	4DEA	1	106473
75	4E05	1	106473
75	4E07	1	106473
75	4E0A	1	106473
75	4E0D	1	106473
75	4E0F	1	106473
75	4E12	1	106473
75	4E15	1	106473
75	4E16	1	106473
75	4E19	1	106473
75	4E1A	1	106473
75	4E1D	1	106473
75	4E1E	1	106473
75	4E21	1	106473
75	4E22	1	106473
75	4E25	1	106473
75	4E28	1	106473
75	4E2B	1	106473
75	4E2E	1	106473
75	4E2F	1	106473
75	4E32	1	106473
75	4E33	1	106473
75	4E36	1	106473
75	4E37	1	106473
75	4E38	1	106473
75	4E39	1	106473
75	4E3C	1	106473
75	4E3D	1	106473
75	4E40	1	106473
75	4E41	1	106473
75	4E42	1	106473
75	4E43	1	106473
75	4E44	1	106473
75	4E45	1	106473
75	4E47	1	106473
75	4E48	1	106473
75	4E4F	1	106473
75	4E50	1	106473
75	4E51	1	106473
75	4E52	1	106473
75	4E53	1	106473
75	4E55	1	106473
75	4E58	7	106473
75	4E59	7	106473
75	4E5A	7	106473
75	4E5B	7	106473
75	4E5D	7	106473
75	4E5E	7	106473
75	4E5F	7	106473
75	4E61	1	106473
75	4E62	1	106473
75	4E64	1	106473
75	4E66	1	106473
75	4E69	26	106473
75	4E6A	26	106473
75	4E6B	26	106473
75	4E6C	26	106473
75	4E6E	25	106473
75	4E6F	25	106473
75	4E70	25	106473
75	4E75	1	106473
75	4E76	1	106473
75	4E77	1	106473
75	4E79	1	106473
75	4E7B	1	106473
75	4E7E	26	106473
75	4E7F	26	106473
75	4E80	26	106473
75	4E81	26	106473
75	4E83	25	106473
75	4E84	25	106473
75	4E85	25	106473
75	4E8B	1	106473
75	4E8C	1	106473
75	4E8D	1	106473
75	4E8F	1	106473
75	4E91	1	106473
75	4E94	26	106473
75	4E95	26	106473
75	4E96	26	106473
75	4E97	26	106473
75	4E99	25	106473
75	4E9A	25	106473
75	4E9B	25	106473
75	4EA7	1	106473
75	4EA8	1	106473
75	4EAA	1	106473
75	4EAC	1	106473
75	4EAF	26	106473
75	4EB0	26	106473
75	4EB1	26	106473
75	4EB2	26	106473
75	4EB4	25	106473
75	4EB5	25	106473
75	4EB6	25	106473
75	4ED0	1	106473
75	4ED1	1	106473
75	4ED4	1	106473
75	4ED7	1	106473
75	4ED8	1	106473
75	4EDB	1	106473
75	4EDC	1	106473
75	4EDE	1	106473
75	4EE8	1	106473
75	4EEB	1	106473
75	4EEC	1	106473
75	4EED	1	106473
75	4EEE	1	106473
75	4EEF	1	106473
75	4EF0	1	106473
75	4EF1	1	106473
75	4EF2	1	106473
75	4EF3	1	106473
75	4EF4	1	106473
75	4EF7	1	106473
75	4EF8	1	106473
75	4EFB	1	106473
75	4EFE	1	106473
75	4EFF	1	106473
75	4F00	1	106473
75	4F01	1	106473
75	4F02	1	106473
75	4F03	1	106473
75	4F04	1	106473
75	4F05	1	106473
75	4F06	1	106473
75	4F07	1	106473
75	4F08	1	106473
75	4F09	1	106473
75	4F0C	1	106473
75	4F0F	1	106473
75	4F10	1	106473
75	4F11	1	106473
75	4F12	1	106473
75	4F13	1	106473
75	4F17	1	106473
75	4F1A	1	106473
75	4F1B	1	106473
75	4F1C	1	106473
75	4F1D	1	106473
75	4F20	1	106473
75	4F21	1	106473
75	4F22	1	106473
75	4F23	1	106473
75	4F24	1	106473
75	4F25	1	106473
75	4F26	1	106473
75	4F28	1	106473
75	4F2A	1	106473
75	51DC	1	106473
75	51DD	1	106473
75	51E0	1	106473
75	51E1	1	106473
75	51E2	1	106473
75	51E3	1	106473
75	51E4	1	106473
75	51E5	1	106473
75	51E6	1	106473
75	51E7	1	106473
75	51E9	1	106473
75	51EC	1	106473
75	51ED	25	106473
75	51EE	25	106473
75	51F0	25	106473
75	51F2	1	106473
75	51F3	1	106473
75	51F6	24	106473
75	51F7	24	106473
75	51F8	24	106473
75	51F9	24	106473
75	51FB	1	106473
75	51FE	1	106473
75	51FF	1	106473
75	5200	1	106473
75	5201	1	106473
75	5202	1	106473
75	559F	4	8038
75	55A2	4	8038
75	55A3	4	8038
75	55A5	4	8038
75	55A8	4	8038
75	55AA	4	8038
75	55AD	4	8038
75	55B0	4	8038
75	55B2	4	8038
75	55B4	3	8038
75	55B6	3	8038
75	55B8	1	141197
75	55BB	1	141197
75	55BD	1	141197
75	55E6	1	141197
75	55E8	1	141197
75	55E9	1	141197
75	55EB	1	141197
75	55EC	1	141197
75	55ED	3	8038
75	55EE	3	8038
75	55EF	3	8038
75	55F1	3	8038
75	5607	3	8038
75	560A	3	8038
75	560C	3	8038
75	560E	3	8038
75	5611	3	8038
75	5612	3	8038
75	5615	3	8038
75	563A	53	308
75	563D	53	308
75	563F	53	308
75	5642	50	308
75	5643	50	308
75	5646	50	308
75	5647	50	308
75	5648	50	308
75	564B	50	308
75	564E	50	308
75	5651	50	308
75	5654	55200	308
75	5655	55200	308
75	5656	55200	308
75	5657	55200	308
75	5658	55200	308
75	5659	55200	308
75	565B	50	308
75	5671	16532	52
75	5674	16532	52
75	5675	16532	52
75	5676	16532	52
75	5677	16532	52
75	5678	16532	52
75	567B	16532	52
75	567D	16532	52
75	567F	16532	52
75	5682	16532	52
75	5684	16532	52
75	5686	66	10323
75	5689	16532	52
75	568A	16532	52
75	568B	16532	52
75	568C	16532	52
75	568F	16532	52
75	5690	16532	52
75	5691	16532	52
75	5692	16532	52
75	5693	144	169
75	5694	144	169
75	5696	144	169
75	5698	144	169
75	5699	144	169
75	569B	144	169
75	569C	144	169
75	569F	144	169
75	56A2	144	169
75	56A5	144	169
75	56A6	144	169
75	56A9	144	169
75	56AA	144	169
75	56AB	144	169
75	56AC	144	169
75	56AD	92	54
75	56AF	92	54
75	56B6	92	54
75	56B9	92	54
75	56BC	92	54
75	56BD	92	54
75	56BE	92	54
75	56C1	92	54
75	56C2	92	54
75	56C3	92	54
75	56C6	92	54
75	56C7	92	54
75	56C8	92	54
75	56CA	92	54
75	56CB	92	54
75	56CD	92	54
75	56CE	92	54
75	56D1	92	54
75	56D2	34808	44
75	56D5	34808	44
75	56D6	34808	44
75	56D9	34808	44
75	56DA	34808	44
75	56DD	5052	44
75	56E0	5052	44
75	56E1	5052	44
75	56E2	5052	44
75	56E3	5052	44
75	56E4	5052	44
75	56E5	5052	44
75	56E6	5052	44
75	56E7	5052	44
75	56E8	5052	44
75	56EA	5052	44
75	56ED	812	44
75	56EE	812	44
75	56EF	812	44
75	56F2	812	44
75	56F5	812	44
75	56F6	812	44
75	56F8	812	44
75	56F9	812	44
75	56FB	812	44
75	56FC	812	44
75	56FF	453	44
75	5702	453	44
75	5704	453	44
75	5706	453	44
75	5708	453	44
75	5709	453	44
75	570C	453	44
75	570D	453	44
75	570E	453	44
75	5711	453	44
75	5712	453	44
75	5713	453	44
75	5716	453	44
75	5719	453	44
75	571B	453	44
75	571D	94	44
75	5720	94	44
75	5721	94	44
75	5723	359	51
75	5726	359	51
75	5728	359	51
75	572A	359	51
75	572C	359	51
75	572E	359	51
75	5730	359	51
75	5734	359	51
75	5735	359	51
75	5737	358	51
75	573A	358	51
75	573B	358	51
75	573D	358	51
75	573E	358	51
75	5741	358	51
75	5743	358	51
75	5746	358	51
75	5747	358	51
75	574A	358	51
75	574B	358	51
75	574C	358	51
75	574D	358	51
75	5750	358	51
75	5751	358	51
75	5752	358	51
75	5753	358	51
75	5756	358	51
75	5757	358	51
75	5758	358	51
75	5759	358	51
75	575C	358	51
75	575E	358	51
75	5760	6	10322
75	5762	6	10322
75	5764	352	51
75	5767	352	51
75	5769	352	51
75	576B	352	51
75	576D	352	51
75	576F	349	51
75	5771	349	51
75	5773	347	51
75	5775	347	51
75	5777	344	51
75	5779	344	51
75	577F	8	10253
75	5781	358	51
75	5782	358	51
75	5785	94	44
75	5786	94	44
75	5789	94	44
75	578C	94	44
75	578D	94	44
75	578E	94	44
75	578F	94	44
75	5790	94	44
75	5792	282	44
75	5793	282	44
75	5794	282	44
75	5796	282	44
75	5797	282	44
75	5799	94	44
75	579A	94	44
75	579B	94	44
75	579E	94	44
75	579F	94	44
75	57A0	94	44
75	57A7	1	119560
75	57A8	1	119560
75	57A9	1	119560
75	57AA	1	119560
75	57F4	29756	51
75	57F7	29756	51
75	57F8	29756	51
75	57FA	16532	52
75	57FB	16532	52
75	57FD	15100	52
75	57FE	15100	52
75	5801	1432	52
75	5804	13224	51
75	5807	13224	51
75	5808	13224	51
75	5809	13224	51
75	580B	12866	51
75	580D	12866	51
75	580F	358	52
75	5811	13224	51
75	5813	13224	51
75	5814	13224	51
75	5816	12508	51
75	5818	12508	51
75	581A	12508	51
75	581B	12508	51
75	581E	12508	51
75	581F	12508	51
75	5820	12508	51
75	584C	716	52
75	584D	716	52
75	584F	716	52
75	5850	716	52
75	5852	358	52
75	5853	358	52
75	5854	358	52
75	5855	358	52
75	5858	358	52
75	585A	1074	52
75	585B	1074	52
75	585C	1074	52
75	585E	358	52
75	5861	358	52
75	5863	358	52
75	5870	358	52
75	5873	358	52
75	5874	358	52
75	5877	358	52
75	5878	358	52
75	587A	1432	52
75	587D	1432	52
75	587F	1432	52
75	5880	1432	52
75	5882	358	52
75	5883	358	52
75	5884	358	52
75	5886	358	52
75	5889	358	52
75	588A	358	52
75	588B	358	52
75	588D	101	54
75	588E	101	54
75	5890	13668	52
75	5893	13668	52
75	5896	13668	52
75	5897	13668	52
75	5899	257	52
75	589A	257	52
75	589B	257	52
75	589C	257	52
75	589E	1432	52
75	58A0	1432	52
75	58A1	1432	52
75	58A4	1432	52
75	58A7	1432	52
75	58A8	1432	52
75	58AA	1432	52
75	58AB	1432	52
75	58AD	716	52
75	58B0	716	52
75	58B2	716	52
75	58B3	716	52
75	58B5	716	52
75	58B6	716	52
75	58B7	716	52
75	58C0	716	52
75	58C2	716	52
75	58C3	716	52
75	58C5	358	52
75	58C6	358	52
75	58C7	358	52
75	58C8	34808	44
75	58CB	34808	44
75	58CD	34808	44
75	58CE	15100	52
75	58D0	15100	52
75	58D1	15100	52
75	58D3	15100	52
75	58D6	15100	52
75	58D7	15100	52
75	58D8	15100	52
75	58D9	15100	52
75	58DA	15100	52
75	58DB	15100	52
75	58DE	15100	52
75	58DF	15100	52
75	58E2	15100	52
75	58E5	15100	52
75	58E8	15100	52
75	58E9	15100	52
75	58EA	315110	44
75	58ED	315110	44
75	58EF	315110	44
75	58F2	315110	44
75	58F5	315110	44
75	58F8	315110	44
75	58F9	315110	44
75	58FB	315110	44
75	58FD	300214	51
75	58FE	300214	51
75	58FF	300214	51
75	5900	300214	51
75	5901	300214	51
75	5902	300214	51
75	5904	300214	51
75	5906	300214	51
75	5907	300214	51
75	5908	300214	51
75	590A	38	119560
75	590D	38	119560
75	590F	38	119560
75	5910	38	119560
75	5913	1	119560
75	5914	1	119560
75	5916	1	119560
75	5919	1	119560
75	591A	1	119560
75	591D	1	119560
75	5920	1	119560
75	5922	1	119560
75	5925	1	119560
75	5926	1	119560
75	5928	1	119560
75	592A	1	119560
75	592B	1	119560
75	592D	1	119560
75	5930	1	119560
75	5933	315072	44
75	5936	315072	44
75	5938	315072	44
75	593B	310020	44
75	593D	310020	44
75	5940	280264	44
75	5943	280264	44
75	5945	280264	44
75	5948	280220	44
75	594B	280220	44
75	594C	280220	44
75	594F	1125	51
75	5950	1125	51
75	5951	1125	51
75	5954	193	51
75	5957	193	51
75	595A	193	51
75	595C	193	51
75	595F	193	51
75	5961	193	51
75	5963	193	51
75	5964	193	51
75	5966	193	51
75	5969	99	169
75	596B	99	169
75	596D	7	10321
75	596F	7	10321
75	5971	7	10321
75	5974	7	10321
75	5976	7	10321
75	5978	6	10321
75	597A	6	10321
75	5983	6	10321
75	5986	6	10321
75	5990	92	169
75	5991	92	169
75	5992	92	169
75	5995	92	169
75	5997	92	169
75	599A	92	169
75	599D	1	141392
75	599E	1	141392
75	599F	1	141392
75	59A2	1	141392
75	59A5	1	141392
75	59FC	94	51
75	59FE	94	51
75	5A01	94	51
75	5A04	94	51
75	5A06	94	51
75	5A09	94	51
75	5A0C	94	51
75	5A0F	94	51
75	5A11	94	51
75	5A14	94	51
75	5A36	29756	51
75	5A39	29756	51
75	5A3A	29756	51
75	5A3B	29756	51
75	5A3D	16532	52
75	5A3F	16532	52
75	5A41	1432	52
75	5A42	1432	52
75	5A44	1432	52
75	5A46	1074	52
75	5A48	1074	52
75	5A4A	29040	51
75	5A4C	29756	51
75	5A4E	29756	51
75	5A51	13224	51
75	5A54	13224	51
75	5A55	13224	51
75	5A57	32	106485
75	5A58	32	106485
75	5A59	32	106485
75	5A5B	6	106529
75	5A5C	6	106529
75	5A5D	6	106529
75	5A5F	6	106529
75	5A62	6	106529
75	5A63	6	106529
75	5A64	6	106529
75	5A65	6	106529
75	5A68	6	106529
75	5A69	6	106529
75	5A6A	6	106529
75	5A6B	6	106529
75	5AC3	358	52
75	5AC5	358	52
75	5AC7	358	52
75	5ACA	358	52
75	5ACB	358	52
75	5ACD	358	52
75	5AD0	358	52
75	5AD2	358	52
75	5B2B	5052	44
75	5B2E	5052	44
75	5B2F	5052	44
75	5B30	5052	44
75	5B31	5052	44
75	5B32	5052	44
75	5B34	5052	44
75	5B35	5052	44
75	5B36	5052	44
75	5B37	5052	44
75	5B38	34808	44
75	5B3B	34808	44
75	5B3D	34808	44
75	5B3F	34808	44
75	5B41	34808	44
75	5B43	34808	44
75	5B45	315110	44
75	5B46	358	52
75	5B47	358	52
75	5B4A	358	52
75	5B4D	358	52
75	5B50	358	52
75	5B51	358	52
75	5B52	358	52
75	5B55	358	52
75	5B58	358	52
75	5B5A	358	52
75	5B5C	358	52
75	5B5E	6	10323
75	5B61	6	10323
75	5B63	352	52
75	5B66	358	52
75	5B68	358	52
75	5B6C	358	52
75	5B6D	358	52
75	5B70	358	52
75	5B71	358	52
75	5B73	358	52
75	5B76	357	52
75	5B79	357	52
75	5B7B	357	52
75	5B7E	357	52
75	5B80	357	52
75	5B83	300	52
75	5B85	300	52
75	5B88	298	52
75	5B8A	298	52
75	5B8C	296	52
75	5B8E	296	52
75	5B90	294	52
75	5B92	294	52
75	5B94	291	52
75	5B96	291	52
75	5B98	203	52
75	5B9A	203	52
75	5B9C	203	52
75	5B9E	203	52
75	5BA1	194	52
75	5BA3	194	52
75	5BA5	191	52
75	5BA7	191	52
75	5BA9	188	52
75	5BAB	188	52
75	5BAE	95	54
75	5BB0	95	54
75	5BB3	95	54
75	5BB5	95	54
75	5BB8	92	54
75	5BBB	92	54
75	5BBD	92	54
75	5BBF	92	54
75	5BC2	92	54
75	5BC3	92	54
75	5BC6	92	54
75	5BC7	4	10389
75	5BCA	4	10389
75	5BCD	4	10389
75	5BCF	4	10389
75	5BD2	4	10389
75	5BD3	3	10708
75	5BD5	3	10708
75	5BD8	3	10708
75	5BD9	3	10258
75	5BDB	3	10258
75	5BDE	3	10258
75	5BE1	3	10258
75	5BE4	3	10258
75	5BE6	3	10258
75	5BE9	3	10710
75	5BEB	3	10710
75	5BEE	3	10710
75	5BF1	3	10710
75	5BF3	3	10710
75	5BF6	3	10710
75	5BF8	3	10710
75	5BF9	88	186
75	5BFC	88	186
75	5BFD	88	186
75	5BFE	88	186
75	5BFF	88	186
75	5C02	88	186
75	5C03	88	186
75	5C04	88	186
75	5C05	88	186
75	5C06	88	186
75	5C09	88	186
75	5C0B	88	186
75	5C0E	88	186
75	5C20	57	10392
75	5C23	57	10392
75	5C25	57	10392
75	5C28	57	10392
75	5C2B	57	10392
75	5C2C	57	10392
75	5C2F	57	10392
75	5C30	57	10392
75	5C33	57	10392
75	5C36	57	10392
75	5C37	57	10392
75	5C38	57	10392
75	5C39	57	10392
75	5C3C	57	10392
75	5C3D	57	10392
75	5C40	34	10392
75	5C41	34	10392
75	5C44	34	10392
75	5C46	34	10392
75	5CCB	34	10392
75	5CCC	34	10392
75	5CCD	34	10392
75	5CCF	25	10392
75	5CD0	25	10392
75	5CD1	25	10392
75	5CD3	13	10428
75	5CD5	13	10428
75	5CD8	13	10428
75	5CDA	13	10428
75	5CDD	13	10428
75	5CDE	13	10428
75	5CDF	13	10428
75	5CE0	13	10428
75	5CE1	13	10428
75	5CE3	21	10392
75	5CE4	21	10392
75	5CE5	21	10392
75	5CE6	21	10392
75	5CE7	21	10392
75	5CE9	21	10392
75	5CEA	34	10392
75	5CEB	34	10392
75	5CEC	34	10392
75	5CED	34	10392
75	5CF0	34	10392
75	5CF1	34	10392
75	5CF4	34	10392
75	5CF5	34	10392
75	5CF8	34	10392
75	5CF9	34	10392
75	5CFA	34	10392
75	5CFC	34	10392
75	5CFD	34	10392
75	5D00	34	10392
75	5D03	34	10392
75	5D04	34	10392
75	5D05	34	10392
75	5D06	34	10392
75	5D09	34	10392
75	5D0A	34	10392
75	5D0B	34	10392
75	5D0C	34	10392
75	5D0D	34	10392
75	5D0F	9	10434
75	5D10	57	10392
75	5D13	57	10392
75	5D15	57	10392
75	5D25	57	10392
75	5D28	57	10392
75	5D2B	57	10392
75	5D2C	2	10386
75	5D2F	2	10386
75	5D30	2	10386
75	5D33	2	10386
75	5D34	2	10386
75	5D37	2	10386
75	5D39	2	10386
75	5D3C	2	10386
75	5D3E	2	10386
75	5D41	2	10386
75	5D42	93	52
75	5D45	93	52
75	5D48	93	52
75	5D4A	837	52
75	5D4B	837	52
75	5D4C	837	52
75	5D4D	837	52
75	5D4F	837	52
75	5D50	837	52
75	5D51	837	52
75	5D53	93	52
75	5D54	93	52
75	5D55	93	52
75	5D57	93	52
75	5D5A	93	52
75	5D5C	93	52
75	5D5E	93	52
75	5D60	93	52
75	5D62	93	52
75	5D65	93	52
75	5D67	93	52
75	5D6A	93	52
75	5D6E	3	10254
75	5D70	3	10254
75	5D73	3	10254
75	5D76	3	10254
75	5D78	3	10254
75	5D79	9	10252
75	5D7C	9	10252
75	5D7E	9	10252
75	5D80	6	10323
75	5D83	6	10323
75	5D86	6	10323
75	5D89	6	10323
75	5D8A	6	10323
75	5D8D	6	10323
75	5D90	6	10323
75	5D92	6	10323
75	5D93	6	10323
75	5D95	6	10323
75	5D97	6	10323
75	5D98	6	10323
75	5DC9	3	10252
75	5DCC	3	10252
75	5DCD	3	10252
75	5DCE	3	10252
75	5DCF	3	10252
75	5DD2	3	10252
75	5DD3	3	10252
75	5DD6	3	10252
75	5DD9	3	10252
75	5DDA	3	10252
75	5DDB	3	10252
75	5DDE	3	10252
75	5DE1	3	10252
75	5DE2	9	10252
75	5DE4	9	10252
75	5DE6	9	10252
75	5DE7	9	10252
75	5DE8	6	10323
75	5DEA	6	10323
75	5DF3	6	10323
75	5DF5	6	10323
75	5DF8	6	10323
75	5DFA	6	10323
75	5DFC	6	10323
75	5DFF	6	10323
75	5E04	6	10323
75	5E06	6	10323
75	5E07	5	10323
75	5E09	5	10323
75	5E0A	5	10323
75	5E0C	5	10323
75	5E0D	5	10323
75	5E0E	5	10323
75	5E10	5	10323
75	5E11	5	10323
75	5E13	5	10323
75	5E16	5	10323
75	5E18	5	10323
75	5E1E	9	10252
75	5E1F	9	10252
75	5E21	9	10252
75	5E22	9	10252
75	5E23	9	10252
75	5E24	9	10252
75	5E25	9	10252
75	5E26	9	10252
75	5E29	9	10252
75	5E2B	9	10252
75	5E2C	9	10252
75	5E2F	9	10252
75	5E30	9	10252
75	5E31	358	52
75	5E34	1	106836
75	5E37	1	106836
75	5E39	1	106836
75	5E3C	1	106836
75	5E3F	1	106836
75	5E41	1	106836
75	5E43	1	106836
75	5E45	1	106836
75	5E47	1	106836
75	5E49	1	106836
75	5E4C	1	106836
75	5E4F	1	106836
75	5E51	1	106836
75	5E54	1	106836
75	5E56	1	106836
75	5E5D	1	106836
75	5E60	1	106836
75	5E61	1	106836
75	5E64	1	106836
75	5E66	1	106836
75	5E68	1	106836
75	5E6A	1	106836
75	5E6C	1	106836
75	5E6E	1	106836
75	5E70	1	106836
75	5E72	1	106836
75	5E74	1	106836
75	5E76	1	106836
75	5E78	1	106836
75	5E7A	1	106836
75	5E7C	1	106836
75	5E7E	1	106836
75	5E80	1	106836
75	5E82	1	106836
75	5E84	1	106836
75	5E86	1	106836
75	5E88	1	106836
75	5E8A	1	106836
75	5E8D	1	106836
75	5E90	1	106836
75	5EF2	1	106836
75	5EF4	1	106836
75	5F08	100	52
75	5F0B	236	52
75	5F0E	236	52
75	5F10	453	44
75	5F13	453	44
75	5F14	453	44
75	5F17	453	44
75	5F19	453	44
75	5F20	453	44
75	5F22	453	44
75	5F24	453	44
75	5F26	453	44
75	5F27	453	44
75	5F2A	453	44
75	5F2C	453	44
75	5F2E	453	44
75	5F2F	453	44
75	5F32	453	44
75	5F33	453	44
75	5F36	453	44
75	5F37	453	44
75	5F3A	453	44
75	5F3B	453	44
75	5F3E	453	44
75	5F3F	453	44
75	5F42	453	44
75	5F43	453	44
75	5F46	453	44
75	5F47	453	44
75	5F4A	453	44
75	5F4B	453	44
75	5F4E	453	44
75	5F51	453	44
75	5F52	453	44
75	5F53	453	44
75	5F55	453	44
75	5F58	453	44
75	5F59	453	44
75	5F5C	453	44
75	5F5D	453	44
75	5F60	453	44
75	5F62	453	44
75	5F65	453	44
75	5F68	453	44
75	5F6A	453	44
75	5F6B	453	44
75	5F6C	104	170
75	5F6D	104	170
75	5F70	104	170
75	5F71	104	170
75	5F72	104	170
75	5F73	104	170
75	5F75	538	170
75	5F78	538	170
75	5F7A	104	170
75	5F7C	416	170
75	5F7F	416	170
75	5F81	104	170
75	5F82	104	170
75	5F83	104	170
75	5F86	104	170
75	5F87	104	170
75	5F88	104	170
75	5F89	104	170
75	5F8A	104	170
75	5F8B	104	170
75	5F8C	104	170
75	5F8D	104	170
75	5F8E	104	170
75	5F90	104	170
75	5F91	104	170
75	5F92	104	170
75	5F93	104	170
75	5F94	104	170
75	5F95	104	170
75	5F96	954	170
75	5F97	954	170
75	5F98	954	170
75	5F99	954	170
75	5F9A	954	170
75	5F9C	954	170
75	5F9D	954	170
75	5F9E	954	170
75	5F9F	954	170
75	5FA0	6	10321
75	5FA3	6	10321
75	5FA5	6	10321
75	5FA6	6	10321
75	5FA9	6	10321
75	5FAB	6	10321
75	5FAD	6	10321
75	5FAF	6	10321
75	5FB1	6	10321
75	5FB3	6	10321
75	5FD6	6	10321
75	5FD8	6	10321
75	5FDB	6	10321
75	5FDC	6	10321
75	5FDE	6	10321
75	5FE0	6	10321
75	5FE2	6	10321
75	5FE3	6	10321
75	5FE6	6	10321
75	5FE9	6	10321
75	5FEC	6	10321
75	5FEF	6	10321
75	5FF1	6	10321
75	6149	315110	44
75	614C	315110	44
75	614E	315110	44
75	614F	265742	52
75	6152	265742	52
75	6154	265742	52
75	6155	251285	52
75	6156	251285	52
75	6158	251285	52
75	615A	251285	52
75	615C	251285	52
75	615E	251268	52
75	6160	251268	52
75	6162	251268	52
75	6164	251268	52
75	6166	233932	52
75	6168	233932	52
75	616A	233949	52
75	616D	233949	52
75	616F	233949	52
75	6170	251272	52
75	6172	251272	52
75	6174	251272	52
75	6177	251272	52
75	6178	251272	52
75	6179	251272	52
75	617A	251272	52
75	617B	251272	52
75	617C	251272	52
75	617F	251272	52
75	6180	251272	52
75	6181	251272	52
75	6191	17	10386
75	6192	17	10386
75	6195	17	10386
75	6197	17	10386
75	6199	13	106836
75	619C	13	106836
75	619E	13	106836
75	61F1	125489	52
75	61F2	125489	52
75	61F4	125440	54
75	61F5	125440	54
75	61F7	125391	54
75	61F8	125391	54
75	61F9	49	52
75	61FC	49	52
75	61FD	49	52
75	61FF	49	52
75	620B	49	54
75	620E	49	54
75	620F	49	54
75	6210	49	54
75	6211	49	54
75	6214	49	54
75	6216	49	54
75	6218	49	54
75	621A	49	54
75	621B	49	54
75	621D	49	54
75	6221	49	54
75	6223	49	54
75	6226	49	54
75	6227	49	54
75	6229	49	54
75	622A	49	54
75	622B	49	54
75	622C	49	54
75	622D	49	54
75	622E	49	54
75	622F	49	54
75	6230	49	54
75	6235	49	54
75	6238	49	54
75	6239	49	54
75	623A	49	54
75	623D	49	54
75	623F	49	54
75	6241	49	54
75	6264	92	52
75	6266	92	52
75	6269	92	52
75	626C	18	10236
75	626D	18	10236
75	626F	15	10243
75	6270	15	10243
75	6272	12	10250
75	6273	12	10250
75	6275	9	10252
75	6276	9	10252
75	6279	6	10254
75	627A	6	10254
75	627D	3	10258
75	627E	3	10258
75	6287	3	10236
75	628A	3	10236
75	628D	3	10243
75	6290	3	10243
75	6292	3	10243
75	6293	3	10243
75	6295	3	10243
75	6296	3	10243
75	6299	3	10243
75	629C	3	10250
75	629F	3	10250
75	62A0	3	10250
75	62A2	3	10250
75	62A4	3	10250
75	62A5	3	10250
75	62A7	3	10250
75	62A9	3	10250
75	62AB	3	10250
75	62AE	570	10250
75	62AF	570	10250
75	62B0	570	10250
75	62B1	570	10250
75	62B3	570	10250
75	62B4	570	10250
75	62B5	570	10250
75	62B6	570	10250
75	62B8	3	10250
75	62B9	3	10250
75	62BA	3	10250
75	62BC	3	10250
75	62BD	3	10250
75	62BE	3	10250
75	62C0	3	10250
75	62C3	3	10250
75	62C4	3	10250
75	62CB	3	10250
75	62CE	3	10250
75	62D1	3	10250
75	62D3	3	10250
75	62D6	3	10250
75	62D9	3	10250
75	62DB	3	10250
75	62DE	3	10250
75	62E1	3	10250
75	62E2	3	10250
75	62E4	3	10250
75	62E5	3	10250
75	62E7	3	10250
75	62EA	3	10250
75	62EB	3	10250
75	62EC	3	10250
75	62ED	3	10250
75	62F0	3	10250
75	62F2	3	10250
75	62F5	3	10250
75	62F6	3	10250
75	62F9	3	10250
75	630F	3	10252
75	6312	3	10252
75	6314	3	10252
75	6316	3	10252
75	6318	3	10252
75	632C	3	10254
75	632D	3	10254
75	6330	3	10254
75	6332	3	10254
75	6333	3	10254
75	6336	3	10254
75	6338	3	10254
75	633B	3	10258
75	633D	3	10258
75	6340	3	10258
75	6343	3	10258
75	6345	3	10258
75	6347	3	10258
75	6351	3	10252
75	6354	3	10252
75	6356	3	10252
75	6357	3	10252
75	6359	3	10252
75	635C	3	10252
75	635D	3	10252
75	6360	3	10250
75	6363	3	10250
75	6365	3	10250
75	6366	3	10250
75	6368	3	10250
75	6369	3	10250
75	636B	3	10250
75	636E	3	10250
75	6371	88	178
75	6373	88	178
75	6376	88	178
75	63E7	7692	10702
75	63E8	7692	10702
75	63EA	7688	10706
75	63EB	7688	10706
75	63ED	7686	10708
75	63EE	7686	10708
75	63F0	7683	10710
75	63F1	7683	10710
75	63F3	7680	10712
75	63F4	7680	10712
75	63F6	7677	10712
75	63F7	7677	10712
75	63F8	4	10702
75	63FB	4	10702
75	63FD	4	10702
75	63FF	4	10702
75	6402	4	10702
75	6404	2	10702
75	6407	2	10702
75	6408	2	10702
75	640B	2	10702
75	640E	2	10705
75	6410	2	10706
75	6411	2	10706
75	6414	2	10706
75	6416	2	10706
75	6419	2	10706
75	641C	3	10708
75	641E	3	10708
75	6421	3	10708
75	6424	3	10710
75	6427	3	10712
75	642A	3	10712
75	642C	3	10712
75	642F	3	10712
75	6430	3	10712
75	6432	3	10712
75	6433	3	10712
75	6436	2	10705
75	6438	2	10705
75	643B	2	10705
75	643E	2	10705
75	6441	2	10705
75	6443	2	10705
75	6446	2	10705
75	6449	2	10705
75	644A	2	10705
75	644B	2	10705
75	644C	2	10705
75	644F	2	10705
75	6451	2	10705
75	6454	2	10705
75	6457	4	10386
75	6458	4	10386
75	645A	2	10389
75	645B	2	10389
75	645E	2	10386
75	6460	2	10386
75	6463	2	10386
75	6466	2	10386
75	6469	2	10386
75	646A	2	10386
75	646C	2	10386
75	6491	2	10386
75	6493	2	10386
75	6496	2	10386
75	6499	2	10386
75	649C	2	10389
75	649F	2	10389
75	64A1	2	10389
75	64D4	2	10389
75	64D5	2	10389
75	64D8	2	10389
75	64DB	2	10389
75	64DC	2	10389
75	64DF	2	10389
75	64E0	2	10389
75	64E3	2	10389
75	64E4	2	10389
75	6654	2	10389
75	6657	2	10389
75	6659	2	10389
75	665A	2	10389
75	665B	2	10389
75	665E	2	10389
75	6661	2	10389
75	6664	2	10389
75	6667	2	10389
75	666A	2	10389
75	666B	2	10389
75	666C	2	10389
75	666E	2	10389
75	6671	2	10389
75	6674	2	10389
75	6677	2	10389
75	6678	2	10389
75	667B	2	10389
75	667C	2	10389
75	667D	2	10389
75	667F	2	10389
75	6680	2	10389
75	6681	2	10389
75	6684	2	10389
75	6687	2	10389
75	6688	2	10389
75	668B	2	10389
75	668C	2	10389
75	668D	2	10389
75	668F	2	10389
75	6690	2	10389
75	6691	2	10389
75	6694	2	10389
75	6697	2	10389
75	669A	2	10389
75	669C	2	10389
75	669F	2	10389
75	673A	8	10389
75	673C	8	10389
75	673F	12	10389
75	6740	12	10389
75	6743	12	10389
75	6744	12	10389
75	6745	12	10389
75	6747	12	10389
75	6748	12	10389
75	674A	12	10389
75	674B	12	10389
75	674D	12	10389
75	674E	12	10389
75	674F	12	10389
75	67DB	34	10389
75	67DE	34	10389
75	67E0	34	10389
75	67F7	22	10392
75	67FA	22	10392
75	67FD	35	10392
75	67FE	35	10392
75	6800	35	10392
75	6801	35	10392
75	6802	35	10392
75	6804	35	10392
75	6805	25	10392
75	6807	25	10392
75	6808	25	10392
75	6809	22	10428
75	680C	22	10428
75	680F	22	10428
75	6810	22	10428
75	6812	22	10428
75	6813	13	10434
75	6814	13	10434
75	6816	13	10434
75	6817	13	10434
75	6818	13	10434
75	681A	13	10434
75	681B	13	10434
75	681D	44	10392
75	681E	44	10392
75	681F	44	10392
75	6822	44	10392
75	6823	44	10392
75	6824	44	10392
75	6826	34	10392
75	6827	34	10392
75	6829	34	10392
75	6840	34	10392
75	6843	44	10392
75	6844	44	10392
75	6845	44	10392
75	6846	34	10392
75	6848	34	10392
75	6849	34	10392
75	684B	34	10392
75	684E	34	10392
75	684F	34	10392
75	6851	34	10392
75	6854	34	10392
75	68E9	19	10403
75	68EC	19	10403
75	68EE	19	10403
75	68F0	19	10403
75	6974	4	10381
75	6976	4	10381
75	6977	4	10381
75	6978	4	10381
75	6979	4	10381
75	697B	4	10381
75	697C	4	10381
75	697D	4	10381
75	697E	4	10381
75	69B2	10	10392
75	69B3	10	10392
75	69B5	8	10395
75	69B6	8	10395
75	69B8	4	10400
75	69B9	4	10400
75	69C0	2	10392
75	69C3	2	10392
75	69C5	2	10392
75	69C8	2	10392
75	69CA	2	10392
75	69CC	2	10392
75	69CF	2	10392
75	69D2	2	10392
75	69D4	2	10392
75	69D5	2	10392
75	69D7	2	10392
75	69D9	2	10392
75	69DC	2	10392
75	69DF	4	10395
75	69E0	4	10395
75	69E3	4	10395
75	69E5	2	10397
75	69E8	2	10397
75	69EA	2	10397
75	69EC	2	10397
75	69EF	2	10397
75	69F2	2	10397
75	69F4	2	10397
75	69F5	2	10397
75	69F7	2	10397
75	69FA	2	10397
75	69FD	4	10400
75	6A00	4	10400
75	6A02	2	10403
75	6A05	2	10403
75	6A07	2	10403
75	6A09	2	10403
75	6A0B	2	10403
75	6A0E	2	10403
75	6A11	2	10403
75	6A13	2	10403
75	6A14	4	10395
75	6A17	4	10395
75	6A19	4	10395
75	6A1B	4	10395
75	6A1E	4	10395
75	6A1F	4	10395
75	6A22	4	10395
75	6A6C	4	10406
75	6A6D	4	10406
75	6A70	4	10406
75	6A73	4	10406
75	6A75	2	10409
75	6A78	2	10409
75	6A79	2	10409
75	6A7B	2	10409
75	6A7D	6	10409
75	6A7E	6	10409
75	6A80	6	10409
75	6A82	2	10409
75	6A85	2	10409
75	6A88	2	10409
75	6A89	2	10409
75	6A8C	2	10409
75	6A8D	2	10409
75	6A8E	2	10409
75	6A8F	2	10409
75	6A90	2	10409
75	6A91	2	10409
75	6A92	2	10409
75	6A95	2	10409
75	6A98	2	10409
75	6A99	2	10409
75	6A9A	2	10409
75	6A9B	2	10409
75	6A9C	2	10409
75	6A9D	2	10409
75	6A9E	2	10409
75	6A9F	2	10409
75	6AA0	2	10409
75	6AA1	2	10409
75	6AA2	2	10409
75	6AA3	2	10409
75	6AA5	2	10409
75	6AA8	2	10409
75	6AAB	2	10406
75	6AAE	2	10406
75	6AB0	2	10406
75	6AB2	2	10406
75	6AB5	2	10406
75	6AB6	2	10406
75	6AB9	2	10406
75	6AC2	4	10409
75	6AC5	4	10409
75	6AC6	4	10409
75	6AC9	4	10409
75	6ACA	4	10409
75	6ACD	4	10409
75	6ACE	4	10409
75	6AD1	4	10409
75	6AD4	14	10409
75	6AD5	14	10409
75	6AD7	14	10409
75	6AD9	12	10409
75	6ADB	12	10409
75	6ADD	10	10409
75	6ADF	10	10409
75	6AE0	10	10409
75	6AE2	10	10409
75	6AE4	10	10409
75	6AE6	10	10409
75	6AE7	10	10409
75	6AEA	10	10409
75	6AEB	10	10409
75	6AEE	10	10409
75	6AEF	10	10409
75	6AF2	10	10409
75	6AF4	10	10409
75	6AF6	10	10409
75	6AF8	10	10409
75	6AFA	10	10409
75	6AFC	10	10409
75	6AFE	10	10409
75	6B01	10	10409
75	6B02	10	10409
75	6B03	10	10409
75	6B06	10	10409
75	6B07	10	10409
75	6B08	10	10409
75	6B0B	10	10409
75	6B0C	10	10409
75	6B0D	10	10409
75	6B0E	10	10409
75	6B0F	10	10409
75	6B10	10	10409
75	6B12	10	10409
75	6B13	10	10409
75	6B14	10	10409
75	6B16	10	10409
75	6B17	10	10409
75	6B18	10	10409
75	6B1A	4	10409
75	6B1B	4	10409
75	6B1E	4	10409
75	6B1F	4	10409
75	6B22	4	10409
75	6B23	4	10409
75	6B26	4	10409
75	6BD1	512	10628
75	6BD2	512	10628
75	6BD4	508	10628
75	6BD5	4	10642
75	6BD8	4	10642
75	6BDA	2	10645
75	6BDD	2	10645
75	6BDE	2	10645
75	6BE0	2	10645
75	6BE2	2	10645
75	6BE4	2	10645
75	6BE7	2	10645
75	6BEA	2	10642
75	6BED	2	10642
75	6BEF	2	10642
75	6BF2	2	10642
75	6BF5	2	10642
75	6BF6	2	10642
75	6BF9	2	10642
75	6C02	35	10412
75	6C03	35	10412
75	6C05	9	10434
75	6C06	9	10434
75	6C0D	26	10412
75	6C10	26	10412
75	6C12	26	10412
75	6C19	26	10412
75	6C1C	26	10412
75	6C1E	26	10412
75	6C21	13	10428
75	6C24	13	10428
75	6C25	13	10428
75	6C28	13	10428
75	6C29	13	10428
75	6C2B	13	10428
75	6C2E	13	10428
75	6C30	197	10428
75	6C31	197	10428
75	6C32	197	10428
75	6C34	197	10428
75	6C36	13	10428
75	6C37	13	10428
75	6C3A	13	10428
75	6C3B	13	10428
75	6C3C	13	10428
75	6C3D	13	10428
75	6C3E	13	10428
75	6C3F	13	10428
75	6C42	13	10428
75	6C43	13	10428
75	6C44	13	10428
75	6C45	13	10428
75	6C46	13	10428
75	6C47	13	10428
75	6C49	13	10428
75	6C4A	13	10428
75	6C6C	13	10428
75	6C6F	13	10428
75	6C72	13	10428
75	6C73	13	10428
75	6C76	13	10428
75	6C77	13	10428
75	6C78	13	10428
75	6C79	13	10428
75	6C7A	13	10428
75	6C7B	13	10428
75	6C7D	13	10428
75	6C7E	13	10428
75	6CB5	13	10428
75	6CB8	13	10428
75	6CB9	13	10428
75	6CBC	13	10428
75	6CBD	13	10428
75	6CC0	13	10428
75	6CC1	13	10428
75	6CC2	13	10428
75	6CC5	13	10428
75	6CC8	13	10428
75	6CC9	13	10428
75	6CCA	13	10428
75	6CCD	13	10428
75	6CCE	13	10428
75	6CD0	13	10428
75	6CD1	13	10428
75	6CD2	13	10428
75	6CD3	13	10428
75	6CD6	13	10428
75	6CD9	13	10428
75	6CDA	13	10428
75	6CDD	13	10428
75	6CE0	13	10428
75	6CE2	13	10428
75	6CE5	13	10428
75	6CE8	13	10428
75	6CE9	13	10428
75	6CEA	13	10428
75	6CEB	13	10428
75	6CEC	13	10428
75	6CEF	13	10428
75	6CF1	22	10428
75	6CF4	22	10428
75	6CF6	22	10428
75	6D00	22	10428
75	6D03	22	10428
75	6D05	22	10412
75	6D08	22	10412
75	6D0A	22	10412
75	6D0D	22	10412
75	6D10	22	10412
75	6D11	22	10412
75	6D14	22	10412
75	6D17	13	10434
75	6D19	13	10434
75	6D1C	13	10434
75	6D1F	13	10434
75	6D22	13	10434
75	6D23	13	10434
75	6D26	13	10434
75	6D27	13	10434
75	6D28	13	10434
75	6D2B	13	10434
75	6D2C	13	10434
75	6D2D	13	10434
75	6D2E	13	10434
75	6D31	13	10434
75	6D33	13	10434
75	74DB	18156	7920
75	74DC	18156	7920
75	74DE	18147	7926
75	74DF	18147	7926
75	74E1	18138	7933
75	74E2	18138	7933
75	74E4	18130	7935
75	74E5	18130	7935
75	74E7	18122	7935
75	74E8	18122	7935
75	74E9	9	7920
75	74EC	9	7920
75	74EF	9	7926
75	74F2	9	7926
75	74F4	9	7926
75	74F5	9	7926
75	74F7	9	7926
75	74F8	9	7926
75	74FB	9	7926
75	74FE	8	7933
75	7501	8	7935
75	7504	8	7935
75	7505	8	7935
75	7507	8	7935
75	7509	8	7935
75	750A	8	7935
75	750C	8	7935
75	750E	8	7935
75	7510	8	7935
75	7513	1520	7935
75	7514	1520	7935
75	7515	1520	7935
75	7516	1520	7935
75	7518	1520	7935
75	7519	1520	7935
75	751A	1520	7935
75	751B	1520	7935
75	751D	8	7935
75	751E	8	7935
75	751F	8	7935
75	7521	8	7935
75	7522	8	7935
75	7523	8	7935
75	7525	8	7935
75	7528	8	7935
75	7529	8	7935
75	752C	8	7935
75	752D	8	7935
75	7530	8	7935
75	7531	8	7935
75	7534	8	7935
75	7536	8	7935
75	7538	8	7935
75	753A	8	7935
75	7540	8	7935
75	7542	8	7935
75	7545	8	7935
75	7554	14	7935
75	7555	14	7935
75	7556	14	7935
75	7557	14	7935
75	7558	14	7935
75	7559	14	7935
75	755A	14	7935
75	755D	14	7935
75	755E	14	7935
75	755F	8	7935
75	7561	8	7935
75	7564	8	7935
75	7566	8	7935
75	7569	8	7935
75	756C	8	7935
75	756D	8	7935
75	756E	8	7935
75	756F	3	10225
75	7571	3	10225
75	7574	3	10225
75	7576	3	10225
75	7579	3	10225
75	757C	3	10225
75	757E	3	10225
75	7581	3	10225
75	7584	3	10225
75	7587	3	10225
75	7589	3	10225
75	758C	3	10225
75	758F	3	10225
75	7590	3	10225
75	7593	3	10225
75	7596	3	10225
75	7598	3	10225
75	759B	3	10225
75	759E	3	10225
75	759F	3	10225
75	75A2	3	10225
75	75A5	3	10225
75	75A7	3	10225
75	75AA	3	10225
75	75AD	9	10225
75	75AF	15	10225
75	75B0	15	10225
75	75B2	15	10225
75	75B4	15	10225
75	75B6	15	10225
75	75B8	9	10225
75	75BA	9	10225
75	75BC	9	10225
75	75BF	9	10225
75	75C1	9	10225
75	75C4	9	10225
75	75C5	9	10225
75	75C6	9	10225
75	75C7	9	10225
75	75C9	9	10225
75	75CB	9	10225
75	75CD	6	10225
75	75CF	6	10225
75	75D1	6	10225
75	75D4	6	10225
75	75D6	6	10225
75	75D9	6	10225
75	75DA	6	10225
75	75DB	6	10225
75	75DC	6	10225
75	75DE	9	10225
75	75DF	9	10225
75	75E0	9	10225
75	75E1	9	10225
75	75E2	3	10225
75	75E4	3	10225
75	7634	82016	178
75	7635	82016	178
75	7637	81984	186
75	7638	81984	186
75	763A	81952	190
75	763B	81952	190
75	763D	81920	191
75	763E	81920	191
75	7640	81888	191
75	7641	81888	191
75	7642	32	178
75	7645	32	178
75	7648	32	186
75	764B	32	186
75	764C	32	186
75	764E	32	186
75	7650	32	186
75	7655	32	186
75	7658	32	186
75	765A	32	186
75	765B	32	186
75	765D	32	186
75	765E	32	186
75	7661	32	186
75	7663	32	186
75	7666	32	186
75	7669	32	186
75	766A	32	186
75	766B	32	186
75	766C	32	186
75	766F	32	186
75	7670	32	186
75	7671	32	186
75	7672	32	186
75	7675	32	186
75	7676	32	186
75	7677	32	186
75	767A	32	186
75	767D	32	190
75	7680	32	191
75	7EEF	17336	8038
75	7EF0	17336	8038
75	7EF2	17336	8038
75	7EF3	17336	8038
75	7EF5	17332	8038
75	7EF6	17332	8038
75	7F11	4	8038
75	7F12	4	8038
75	7F15	4	8038
75	7F18	4	8038
75	7F1A	4	8038
75	7F1D	4	8038
75	7F1E	4	8038
75	7F1F	4	8038
75	7F20	4	8038
75	7F23	4	8038
75	7F24	4	8038
75	7F27	4	8038
75	7F2A	4	8038
75	7F2B	4	8038
75	7F2C	4	8038
75	7F2D	4	8038
75	7F2E	4	8038
75	7F2F	4	8038
75	7F30	4	8038
75	7F31	4	8038
75	7F32	4	8038
75	7F33	4	8038
75	7F36	4	8038
75	7F37	4	8038
75	7F38	4	8038
75	7F39	4	8038
75	7F3A	4	8038
75	7F3B	4	8038
75	7F3E	4	8038
75	7F41	4	8038
75	7F42	4	8038
75	7F43	4	8038
75	7F44	4	8038
75	7F45	4	8038
7C	7B7C	49	520
7C	7B82	49	520
7C	7B83	49	520
7C	7B84	49	520
7C	7B85	94	520
7C	7B8B	94	591
7C	7B99	32	2471
7C	7B9A	36	591
7C	7BA0	25	2391
7C	7BA3	15	14239
7C	7BA9	12	14407
7C	7BAC	11	14620
7C	7BAE	11	14620
7C	7BB4	8	14719
7C	7BB7	36	591
7C	7BBD	36	591
7C	7BBE	36	591
7C	7BBF	36	591
7C	7BC0	87	591
7C	7BC6	85	711
7C	7BDA	31	7259
7C	7BDC	31	7259
7C	7BDE	31	7259
7C	7BE4	31	7259
7C	7BEA	31	7259
7C	7BEB	31	7259
7C	7C6A	31	7259
7C	7C70	26	7478
7C	7C7C	10	36836
7C	7C7E	10	36836
7C	7C80	10	36836
7C	7C86	10	36836
7C	7C88	10	36836
7C	7C8A	10	36836
7C	7C8D	10	36836
7C	7C8F	10	36836
7C	7C91	10	36836
7C	7C94	10	36836
7C	7C97	10	36836
7C	7C98	10	36836
7C	7C9A	10	36836
7C	7CA5	10	36836
7C	7CA7	10	36836
7C	7CAD	10	37747
7C	7CE2	3	1952
7C	7CE4	3	1952
7C	7CE6	3	1952
7C	7CEC	3	1952
7C	7CED	3	1952
7C	7CF3	2	2077
7C	7CF6	16	711
7C	7CF8	16	711
7C	7CFA	16	711
7C	7D00	16	711
7C	7D06	16	711
7C	7D08	16	711
7C	7D0A	16	711
7C	7D15	16	711
7C	7D1B	13	896
7C	7D1E	25	2391
7C	7D1F	40	2838
7C	7D21	40	2838
7C	7D23	40	2838
7C	7D24	40	2838
7C	7D26	40	2838
7C	7D28	40	2838
7C	7D2A	40	2838
7C	7D2D	40	2838
7C	7D2F	40	2838
7C	7D31	40	2838
7C	7D32	40	2838
7C	7D34	40	2838
7C	7D36	40	2838
7C	7D38	40	2838
7C	7D3B	40	2838
7C	7D3C	40	2838
7C	7D3F	40	2838
7C	7D41	40	2838
7C	7D42	40	2838
7C	7D44	40	2838
7C	7D47	40	2838
7C	7D49	40	2838
7C	7D4B	40	2838
7C	7D4C	40	2838
7C	7D4E	40	2838
7C	7D51	40	2838
7C	7D53	40	2838
7C	7D54	40	2838
7C	7D57	74	2838
7C	7D5D	73	2937
7C	7D6F	26	3517
7C	7D70	27	2937
7C	7D76	15	3035
7C	7D79	5	3797
7C	7D7F	5	4295
7C	7D82	2	189537
7C	7D88	1	190459
7C	7DFF	13	3157
7C	7E05	13	3275
7D	7B7C	123723	327
7D	7B7E	123723	327
7D	7B80	123723	327
7D	7B82	123723	327
7D	7B84	123723	327
7D	7B86	123723	327
7D	7B88	123723	327
7D	7B89	123723	327
7D	7B8B	123723	327
7D	7B8D	123723	327
7D	7B8F	123723	327
7D	7B91	123723	327
7D	7B93	123723	327
7D	7B95	123723	327
7D	7B97	123723	327
7D	7B99	123723	327
7D	7B9B	123723	327
7D	7B9C	123723	327
7D	7B9E	123723	327
7D	7B9F	123723	327
7D	7BA1	123723	327
7D	7BA3	123723	327
7D	7BA4	31996	550
7D	7BA6	31996	550
7D	7BA7	31996	550
7D	7BA9	5654	550
7D	7BAA	5654	550
7D	7BAD	31996	550
7D	7BB0	31996	550
7D	7BB1	31996	550
7D	7BB3	31996	550
7D	7BB6	31996	550
7D	7BB7	91723	327
7D	7BB8	91723	327
7D	7BB9	91723	327
7D	7BBA	91723	327
7D	7BBD	91723	327
7D	7BBE	91723	327
7D	7BBF	91723	327
7D	7BC0	91723	327
7D	7BC1	123723	327
7D	7BC4	123723	327
7D	7BC6	123723	327
7D	7BC7	123723	327
7D	7BC8	123723	327
7D	7BCA	123723	327
7D	7BCB	123723	327
7D	7BCD	123723	327
7D	7BD0	123723	327
7D	7BD2	123723	327
7D	7BD4	989784	327
7D	7BD7	989784	327
7D	7BD9	989784	327
7D	7BDB	20543	460
7D	7BDC	20543	460
7D	7BDD	20543	460
7D	7BDE	20543	460
7D	7BE4	989784	327
7D	7BE5	989784	327
7D	7BE7	989784	327
7D	7BE8	989784	327
7D	7BEA	123723	327
7D	7BEC	123723	327
7D	7BED	123723	327
7D	7BEF	123723	327
7D	7BF0	64	16
7D	7BF1	64	16
7D	7BF3	64	16
7D	7BF5	64	16
7D	7BF7	64	16
7D	7BF9	64	16
7D	7BFC	64	16
7D	7BFE	64	16
7D	7C00	931	16
7D	7C01	931	16
7D	7C04	931	16
7D	7C05	931	16
7D	7C08	931	16
7D	7C0B	931	16
7D	7C0D	7448	16
7D	7C0E	7448	16
7D	7C0F	7448	16
7D	7C11	931	16
7E	7B7C	28	10565
7E	7B7D	28	10565
7E	7B7F	28	10565
7E	7B84	28	10565
7E	7B86	28	10565
7E	7B88	16	10565
7E	7B8A	16	10565
7E	7B8B	16	10565
7E	7B8C	16	10565
7E	7B8E	16	10565
7E	7B8F	16	10565
7E	7B91	12	10566
7E	7B92	12	10566
7E	7B94	12	10566
7E	7B96	4	122105
7E	7B97	12	10566
7E	7B98	12	10566
7E	7B9A	12	10566
7E	7B9B	12	10566
7E	7B9D	12	10566
7E	7B9E	12	10566
7E	7BA0	12	10566
7E	7BA1	12	10566
7E	7BA2	28	10565
7E	7D62	6	10565
7E	7D63	6	10565
7E	7D66	6	10565
7E	7D67	6	10565
7E	7D69	6	10565
7E	7D6A	6	10565
7E	7D6C	6	10565
7E	7D6D	6	10565
7E	7D6E	6	10565
7E	7D71	6	10565
7E	7D73	6	10565
7E	7D75	151	10565
7E	7D78	151	10565
7E	7D79	151	10565
7E	7D7A	151	10565
7E	7D7D	145	10565
7E	7D7F	145	10565
7E	7D80	145	10565
7E	7D82	145	10565
7E	7D83	145	10565
7E	7D85	145	10565
7E	7D86	145	10565
7E	7D88	145	10565
7E	7D8A	145	10565
7E	7D8B	145	10565
7E	7D8C	145	10565
7E	7D8D	145	10565
7E	7D8E	145	10565
7E	7D99	92	10565
7E	7D9A	92	10565
7E	7D9C	92	10565
7E	7D9E	92	10565
7E	7DA0	87	10565
7E	7DA1	87	10565
7E	7DA2	87	10565
7E	7DA3	87	10565
7E	7DA4	87	10565
7E	7DA5	87	10565
7E	7DA8	87	10565
7E	7DAA	10	10565
7E	7DAC	10	10565
7E	7DAE	10	10565
7E	7DB0	33	10565
7E	7DB1	33	10565
7E	7DB3	33	10565
7E	7DB5	33	10565
7E	7DB7	28	10565
7E	7DB8	28	10565
7E	7DB9	28	10565
7E	7DBA	28	10565
7E	7DBB	28	10565
7E	7DBD	28	10565
7E	7DBE	28	10565
7E	7DC1	28	10565
7E	7DC2	28	10565
7E	7DC4	28	10565
7E	7DC5	28	10565
7E	7DC7	28	10565
7E	7DC8	28	10565
7E	7DC9	28	10565
7E	7DCB	28	10565
7E	7DCC	28	10565
7E	7DCD	28	10565
7E	7DCE	28	10565
7E	7DCF	28	10565
7E	7DD0	28	10565
7E	7DD3	28	10565
7E	7DD5	28	10565
7E	7DD6	28	10565
7E	7DD7	28	10565
7E	7DD8	28	10565
7E	7DD9	28	10565
7E	7DDA	28	10565
7E	7DDD	28	10565
7E	7DE5	10	10565
7E	7DE6	10	10565
7E	7DE8	10	10565
7E	7DEA	10	10565
7E	7DEC	5	10565
7E	7DEE	5	10565
7E	7DF7	5	10565
7E	7DF9	5	10565
7E	7DFB	5	10565
7E	7DFE	5	10565
7E	7E00	5	10565
7E	7E02	5	10565
7E	7E05	5	10565
7E	7E06	5	10565
7E	7E08	5	10565
7E	7E0A	5	10565
7E	7E0C	5	10565
7E	7E0E	5	10565
7E	7E17	5	10565
7E	7E19	5	10565
7E	7E1B	5	10565
7E	7E1E	5	10565
7E	7E1F	5	10565
7E	7E21	5	10565
7E	7E23	5	10565
7E	7E25	5	10565
7E	7E27	5	10565
7E	7E30	5	10565
7E	7E32	5	10565
7E	7E34	5	10565
7E	7E37	6	10565
7E	7E3A	6	10565
7E	7E3B	6	10565
7E	7E3D	6	10565
7E	7E3F	6	10565
7E	7E40	6	10565
7E	7E42	6	10565
7E	7E43	6	10565
7E	7E44	6	10565
7E	7E45	6	10565
7E	7E46	6	10565
7E	7E47	6	10565
7E	7E48	6	10565
7E	7E49	6	10565
7E	7E4A	6	10565
7E	7E4B	6	10565
7F	4007	4971	1968
7F	400A	4971	1968
7F	400D	4971	1968
7F	400E	4971	1968
7F	400F	4971	1968
7F	4011	4971	1968
7F	4013	4971	1968
7F	4015	4971	1968
7F	4017	4971	1968
7F	401B	4971	1968
7F	401D	4971	1968
7F	401E	4971	1968
7F	4020	4971	1968
7F	4021	4971	1968
7F	4022	4971	1968
7F	4024	4971	1968
7F	4027	4971	1968
7F	4029	39768	1968
7F	402A	39768	1968
7F	402C	12552	1968
7F	402D	39768	1968
7F	402F	39768	1968
7F	4031	39768	1968
7F	4032	39768	1968
7F	4034	4971	1968
7F	4035	4971	1968
7F	4036	4971	1968
7F	4039	4971	1968
7F	403A	4971	1968
7F	403B	4971	1968
7F	403C	4971	1968
7F	403D	4971	1968
7F	403F	4971	1968
7F	4041	4971	1968
7F	405F	15229	1967
7F	4065	15229	1967
7F	4068	15229	1967
7F	406B	15229	1967
7F	406E	15229	1967
7F	4071	15229	1967
7F	4072	15229	1967
7F	4073	15229	1967
7F	4074	15229	1967
7F	4076	15229	1967
7F	4078	8015	1967
7F	407A	8015	1967
7F	407C	7214	2942
7F	407E	15229	1967
7F	407F	15229	1967
7F	4081	15229	1967
7F	4087	15229	1967
7F	4089	15229	1967
7F	408A	15229	1967
7F	408C	15229	1967
7F	408E	8015	1967
7F	4090	8015	1967
7F	4092	8015	1967
7F	4094	7214	2942
7F	4095	7214	2942
7F	4097	7214	2942
7F	4099	5318	2942
7F	409B	5318	2942
7F	409D	5318	2942
7F	409F	1896	2942
7F	40A1	1896	2942
7F	40A3	15229	1967
7F	40A4	15229	1967
7F	40A5	15229	1967
7F	40A6	15229	1967
7F	40A7	15229	1967
7F	40A8	15229	1967
7F	40AA	15229	1967
7F	40AB	15229	1967
7F	40AC	15229	1967
7F	40AD	15229	1967
7F	40AE	15229	1967
7F	40AF	15229	1967
7F	40B0	15229	1967
7F	40B1	15229	1967
7F	40B3	15229	1967
7F	40B4	15229	1967
7F	40B5	15229	1967
7F	40B7	15229	1967
7F	40B8	15229	1967
7F	40B9	15229	1967
7F	40BA	15229	1967
7F	40BB	15229	1967
7F	40BC	15229	1967
7F	40BD	15229	1967
7F	40C0	15229	1967
7F	40C1	15229	1967
7F	40C2	15229	1967
7F	40C3	15229	1967
7F	40C4	15229	1967
7F	40C6	15229	1967
7F	40C7	15229	1967
7F	40C8	15229	1967
7F	40C9	15229	1967
7F	40CA	15229	1967
7F	40CD	15229	1967
7F	40CE	15229	1967
7F	40CF	15229	1967
7F	40D0	15229	1967
7F	40D1	15229	1967
7F	40D3	15229	1967
7F	40D4	15229	1967
7F	40D5	15229	1967
7F	40D6	15229	1967
7F	40D7	15229	1967
7F	40D8	15229	1967
7F	40D9	15229	1967
7F	40DA	15229	1967
7F	40DB	15229	1967
7F	40DC	15229	1967
7F	40DF	15229	1967
7F	40E2	15229	1967
7F	40E3	15229	1967
7F	40E4	15229	1967
7F	40E5	15229	1967
7F	40E6	15229	1967
7F	40E7	15229	1967
7F	40E8	15229	1967
7F	40E9	15229	1967
7F	40EC	15229	1967
7F	40EF	15229	1967
7F	40F2	15229	1967
7F	40F3	15229	1967
7F	40F4	15229	1967
7F	40F5	15229	1967
7F	40F6	15229	1967
7F	40F7	15229	1967
7F	40F8	15229	1967
7F	41A7	864	1967
7F	41A8	864	1967
7F	41A9	864	1967
7F	41AA	864	1967
7F	41AB	864	1967
7F	41AD	864	1967
7F	41AF	296	1967
7F	41B1	296	1967
7F	41C5	568	1968
7F	41C6	568	1968
7F	41C7	568	1968
7F	41C8	568	1968
7F	41CA	296	1967
7F	41CB	296	1967
7F	41CD	864	1967
7F	41CE	864	1967
7F	41CF	864	1967
7F	41D0	30458	1967
7F	41D1	30458	1967
7F	41D2	30458	1967
7F	41D3	30458	1967
7F	41D6	30458	1967
7F	41D8	487328	1967
7F	41DA	487328	1967
7F	41DC	487328	1967
7F	41DE	106603	1967
7F	41DF	487328	1967
7F	41E1	487328	1967
7F	41E3	487328	1967
7F	41E4	487328	1967
7F	41E6	30458	1967
7F	41E7	30458	1967
7F	41E8	30458	1967
7F	41E9	30458	1967
7F	41EA	41430	1967
7F	41EB	41430	1967
7F	41ED	41430	1967
7F	41EF	41430	1967
7F	41F1	41430	1967
7F	41F3	41430	1967
7F	41F4	41430	1967
7F	41F5	41430	1967
7F	41F6	41430	1967
7F	41F8	41430	1967
7F	41FB	41430	1967
7F	41FC	41430	1967
7F	41FD	41430	1967
7F	41FE	41430	1967
7F	41FF	41430	1967
7F	4200	41430	1967
7F	4201	41430	1967
7F	420E	5502	1969
7F	4210	5502	1969
7F	4211	5502	1969
7F	4212	66024	1969
7F	4213	66024	1969
7F	4214	66024	1969
7F	4215	66024	1969
7F	4217	5502	1969
7F	4218	1820	1967
7F	4219	1820	1967
7F	421A	180	169907
7F	421C	180	169907
7F	421D	180	169907
7F	421E	2160	169907
7F	4220	2160	169907
7F	4221	2160	169907
7F	4222	2160	169907
7F	4223	2160	169907
7F	4224	2160	169907
7F	4225	2160	169907
7F	4226	2160	169907
7F	4227	2160	169907
7F	4228	2160	169907
7F	422A	180	169907
7F	4275	33928	2942
7F	4277	33928	2942
7F	4278	407136	2942
7F	427A	407136	2942
7F	427B	407136	2942
7F	427C	407136	2942
7F	427D	407136	2942
7F	427E	407136	2942
7F	427F	407136	2942
7F	4280	407136	2942
7F	4281	407136	2942
7F	4283	33928	2942
7F	42C3	41430	1967
7F	42C4	41430	1967
7F	42C5	41430	1967
7F	42C8	41430	1967
7F	42C9	41430	1967
7F	42CA	41480	1967
7F	42CB	41480	1967
7F	42CD	41480	1967
7F	42CF	41480	1967
7F	42D1	41480	1967
7F	42D2	41480	1967
7F	42D4	41480	1967
7F	42D6	41480	1967
7F	42D8	41480	1967
7F	42DA	41480	1967
7F	42DB	41480	1967
7F	42DE	41480	1967
7F	42E1	288070	1967
7F	42E2	288070	1967
7F	42E4	246590	1968
7F	42E5	246590	1968
7F	42E7	41480	1967
7F	42E9	41480	1967
7F	42EA	41480	1967
7F	42EB	41480	1967
7F	42EC	41480	1967
7F	42EE	41480	1967
7F	42F0	2308	2960
7F	42F2	2308	2960
7F	42F3	2308	2960
7F	42F5	2308	2960
7F	42F7	2308	2960
7F	42F9	41480	1967
7F	42FA	41480	1967
7F	42FC	41480	1967
7F	42FE	41480	1967
7F	4300	41480	1967
7F	4302	41480	1967
7F	4304	41480	1967
7F	4306	41480	1967
7F	4308	41480	1967
7F	430A	41480	1967
7F	430C	41480	1967
7F	430D	41480	1967
7F	430E	41480	1967
7F	430F	41480	1967
7F	4311	41480	1967
7F	4314	41480	1967
7F	4315	41480	1967
7F	4316	41480	1967
7F	4319	41480	1967
7F	431C	41480	1967
7F	431D	41480	1967
7F	431E	41480	1967
7F	4321	41480	1967
7F	4322	41480	1967
7F	4323	41480	1967
7F	4324	41480	1967
7F	4325	41480	1967
7F	4326	41480	1967
7F	4327	41480	1967
7F	4328	41480	1967
7F	432B	41480	1967
7F	432C	41480	1967
7F	432E	41480	1967
7F	432F	41480	1967
7F	4330	164960	1967
7F	4331	164960	1967
7F	4333	123480	1967
7F	4335	123480	1967
7F	4337	123480	1967
7F	4339	41480	1967
7F	433A	41480	1967
7F	433D	41480	1967
7F	433E	41480	1967
7F	433F	41480	1967
7F	4340	41480	1967
7F	4341	41480	1967
7F	4342	41480	1967
7F	4343	41480	1967
7F	4344	41480	1967
7F	4345	41480	1967
7F	4348	41480	1967
7F	4349	41480	1967
7F	434A	41480	1967
7F	434B	41480	1967
7F	434C	41480	1967
7F	434D	41480	1967
7F	434E	41480	1967
7F	434F	41480	1967
7F	4350	41480	1967
7F	4352	41480	1967
7F	4368	41480	1967
7F	4369	41480	1967
7F	436A	41480	1967
7F	436B	41480	1967
7F	436C	41480	1967
7F	436D	41480	1967
7F	4370	41480	1967
7F	4371	41480	1967
7F	4373	41480	1967
7F	4374	41480	1967
7F	4375	164960	1967
7F	4376	164960	1967
7F	4378	123480	1967
7F	437A	123480	1967
7F	437C	123480	1967
7F	437E	41480	1967
7F	437F	41480	1967
7F	4382	41480	1967
7F	4383	41480	1967
7F	4384	41480	1967
7F	4385	41480	1967
7F	4386	41480	1967
7F	4387	41480	1967
7F	4388	41480	1967
7F	4389	41480	1967
7F	438A	41480	1967
7F	438D	41480	1967
7F	438E	41480	1967
7F	438F	41480	1967
7F	4390	41480	1967
7F	4391	41480	1967
7F	4392	41480	1967
7F	4393	41480	1967
7F	4394	41480	1967
7F	4395	41480	1967
7F	4397	41480	1967
7F	43AD	41480	1967
7F	43AE	41480	1967
7F	43AF	41480	1967
7F	43B0	41480	1967
7F	43B1	41480	1967
7F	43B2	41480	1967
7F	43B5	41480	1967
7F	43B6	41480	1967
7F	43B8	41480	1967
7F	43B9	41480	1967
7F	43BA	164960	1967
7F	43BB	164960	1967
7F	43BD	123480	1967
7F	43BF	123480	1967
7F	43C1	123480	1967
7F	43C3	41480	1967
7F	43C4	41480	1967
7F	43C7	41480	1967
7F	43C8	41480	1967
7F	43C9	41480	1967
7F	43CA	41480	1967
7F	43CB	41480	1967
7F	43CC	41480	1967
7F	43CD	41480	1967
7F	43CE	41480	1967
7F	43CF	41480	1967
7F	43D2	41480	1967
7F	43D3	41480	1967
7F	43D4	41480	1967
7F	43D5	41480	1967
7F	43D6	41480	1967
7F	43D7	41480	1967
7F	43D8	41480	1967
7F	43D9	41480	1967
7F	43DA	41480	1967
7F	43DC	41480	1967
7F	43F2	41480	1967
7F	43F3	41480	1967
7F	43F4	41480	1967
7F	43F5	41480	1967
7F	43F6	41480	1967
7F	43F7	41480	1967
7F	43FA	41480	1967
7F	43FB	41480	1967
7F	43FD	41480	1967
7F	43FE	41480	1967
7F	43FF	164960	1967
7F	4400	164960	1967
7F	4402	123480	1967
7F	4404	123480	1967
7F	4406	123480	1967
7F	4408	41480	1967
7F	4409	41480	1967
7F	440C	41480	1967
7F	440D	41480	1967
7F	440E	41480	1967
7F	440F	41480	1967
7F	4410	41480	1967
7F	4411	41480	1967
7F	4412	41480	1967
7F	4413	41480	1967
7F	4414	41480	1967
7F	4417	41480	1967
7F	4418	41480	1967
7F	4419	41480	1967
7F	441A	41480	1967
7F	441B	41480	1967
7F	441C	41480	1967
7F	441D	41480	1967
7F	441E	41480	1967
7F	441F	41480	1967
7F	4421	41480	1967
7F	4437	41480	1967
7F	4438	41480	1967
7F	4439	41480	1967
7F	443A	41480	1967
7F	443B	41480	1967
7F	443C	41480	1967
7F	443F	41480	1967
7F	4440	41480	1967
7F	4442	41480	1967
7F	4443	41480	1967
7F	4444	164960	1967
7F	4445	164960	1967
7F	4447	123480	1967
7F	4449	123480	1967
7F	444B	123480	1967
7F	444D	41480	1967
7F	444E	41480	1967
7F	4451	41480	1967
7F	4452	41480	1967
7F	4453	41480	1967
7F	4454	41480	1967
7F	4455	41480	1967
7F	4456	41480	1967
7F	4457	41480	1967
7F	4458	41480	1967
7F	4459	41480	1967
7F	445C	41480	1967
7F	445D	41480	1967
7F	445E	41480	1967
7F	445F	41480	1967
7F	4460	41480	1967
7F	4461	41480	1967
7F	4462	41480	1967
7F	4463	41480	1967
7F	4464	41480	1967
7F	4466	41480	1967
7F	447C	41480	1967
7F	447D	41480	1967
7F	447E	41480	1967
7F	447F	41480	1967
7F	4480	41480	1967
7F	4481	41480	1967
7F	4484	41480	1967
7F	4485	41480	1967
7F	4487	41480	1967
7F	4488	41480	1967
7F	4489	164960	1967
7F	448A	164960	1967
7F	448C	123480	1967
7F	448E	123480	1967
7F	4490	123480	1967
7F	4492	41480	1967
7F	4493	41480	1967
7F	4496	41480	1967
7F	4497	41480	1967
7F	4498	41480	1967
7F	4499	41480	1967
7F	449A	41480	1967
7F	449B	41480	1967
7F	449C	41480	1967
7F	449D	41480	1967
7F	449E	41480	1967
7F	44A1	41480	1967
7F	44A2	41480	1967
7F	44A3	41480	1967
7F	44A4	41480	1967
7F	44A5	41480	1967
7F	44A6	41480	1967
7F	44A7	41480	1967
7F	44A8	41480	1967
7F	44A9	41480	1967
7F	44AB	41480	1967
7F	44AD	4062	40269
7F	44AE	4062	40269
7F	44B1	4062	40269
7F	44B2	4062	40269
7F	44B3	4062	40269
7F	44B4	4062	40269
7F	44B6	4062	40269
7F	44C1	41480	1967
7F	44C2	41480	1967
7F	44C3	41480	1967
7F	44C4	41480	1967
7F	44C5	41480	1967
7F	44C6	41480	1967
7F	44C9	41480	1967
7F	44CA	41480	1967
7F	44CC	41480	1967
7F	44CD	41480	1967
7F	44CE	164960	1967
7F	44CF	164960	1967
7F	44D1	123480	1967
7F	44D3	123480	1967
7F	44D5	123480	1967
7F	44D7	41480	1967
7F	44D8	41480	1967
7F	44DB	41480	1967
7F	44DC	41480	1967
7F	44DD	41480	1967
7F	44DE	41480	1967
7F	44DF	41480	1967
7F	44E0	41480	1967
7F	44E1	41480	1967
7F	44E2	41480	1967
7F	44E3	41480	1967
7F	44E6	41480	1967
7F	44E7	41480	1967
7F	44E8	41480	1967
7F	44E9	41480	1967
7F	44EA	41480	1967
7F	44EB	41480	1967
7F	44EC	41480	1967
7F	44ED	41480	1967
7F	44EE	41480	1967
7F	44F0	41480	1967
7F	4506	41480	1967
7F	4507	41480	1967
7F	4508	41480	1967
7F	4509	41480	1967
7F	450A	41480	1967
7F	450B	41480	1967
7F	450E	41480	1967
7F	450F	41480	1967
7F	4511	41480	1967
7F	4512	41480	1967
7F	4513	164960	1967
7F	4514	164960	1967
7F	4516	123480	1967
7F	4518	123480	1967
7F	451A	123480	1967
7F	451C	41480	1967
7F	451D	41480	1967
7F	4520	41480	1967
7F	4521	41480	1967
7F	4522	41480	1967
7F	4523	41480	1967
7F	4524	41480	1967
7F	4525	41480	1967
7F	4526	41480	1967
7F	4527	41480	1967
7F	4528	41480	1967
7F	452B	41480	1967
7F	452C	41480	1967
7F	452D	41480	1967
7F	452E	41480	1967
7F	452F	41480	1967
7F	4530	41480	1967
7F	4531	41480	1967
7F	4532	41480	1967
7F	4533	41480	1967
7F	4535	41480	1967
7F	4537	16612	1969
7F	4538	16612	1969
7F	453B	16612	1969
7F	453C	16612	1969
7F	453D	16612	1969
7F	453E	16612	1969
7F	4540	16612	1969
7F	454B	41480	1967
7F	454C	41480	1967
7F	454D	41480	1967
7F	454E	41480	1967
7F	454F	41480	1967
7F	4550	41480	1967
7F	4553	41480	1967
7F	4554	41480	1967
7F	4556	41480	1967
7F	4557	41480	1967
7F	4558	164960	1967
7F	4559	164960	1967
7F	455B	123480	1967
7F	455D	123480	1967
7F	455F	123480	1967
7F	4561	41480	1967
7F	4562	41480	1967
7F	4565	41480	1967
7F	4566	41480	1967
7F	4567	41480	1967
7F	4568	41480	1967
7F	4569	41480	1967
7F	456A	41480	1967
7F	456B	41480	1967
7F	456C	41480	1967
7F	456D	41480	1967
7F	4570	41480	1967
7F	4571	41480	1967
7F	4572	41480	1967
7F	4573	41480	1967
7F	4574	41480	1967
7F	4575	41480	1967
7F	4576	41480	1967
7F	4577	41480	1967
7F	4578	41480	1967
7F	457A	41480	1967
7F	4590	41480	1967
7F	4591	41480	1967
7F	4592	41480	1967
7F	4593	41480	1967
7F	4594	41480	1967
7F	4595	41480	1967
7F	4598	41480	1967
7F	4599	41480	1967
7F	459B	41480	1967
7F	459C	41480	1967
7F	459D	164960	1967
7F	459E	164960	1967
7F	45A0	123480	1967
7F	45A2	123480	1967
7F	45A4	123480	1967
7F	45A6	41480	1967
7F	45A7	41480	1967
7F	45AA	41480	1967
7F	45AB	41480	1967
7F	45AC	41480	1967
7F	45AD	41480	1967
7F	45AE	41480	1967
7F	45AF	41480	1967
7F	45B0	41480	1967
7F	45B1	41480	1967
7F	45B2	41480	1967
7F	45B5	41480	1967
7F	45B6	41480	1967
7F	45B7	41480	1967
7F	45B8	41480	1967
7F	45B9	41480	1967
7F	45BA	41480	1967
7F	45BB	41480	1967
7F	45BC	41480	1967
7F	45BD	41480	1967
7F	45BF	41480	1967
7F	45D5	41480	1967
7F	45D6	41480	1967
7F	45D7	41480	1967
7F	45D8	41480	1967
7F	45D9	41480	1967
7F	45DA	41480	1967
7F	45DD	41480	1967
7F	45DE	41480	1967
7F	45E0	41480	1967
7F	45E1	41480	1967
7F	45E2	164960	1967
7F	45E3	164960	1967
7F	45E5	123480	1967
7F	45E7	123480	1967
7F	45E9	123480	1967
7F	45EB	41480	1967
7F	45EC	41480	1967
7F	45EF	41480	1967
7F	45F0	41480	1967
7F	45F1	41480	1967
7F	45F2	41480	1967
7F	45F3	41480	1967
7F	45F4	41480	1967
7F	45F5	41480	1967
7F	45F6	41480	1967
7F	45F7	41480	1967
7F	45FA	41480	1967
7F	45FB	41480	1967
7F	45FC	41480	1967
7F	45FD	41480	1967
7F	45FE	41480	1967
7F	45FF	41480	1967
7F	4600	41480	1967
7F	4601	41480	1967
7F	4602	41480	1967
7F	4604	41480	1967
7F	461A	41480	1967
7F	461B	41480	1967
7F	461C	41480	1967
7F	461D	41480	1967
7F	461E	41480	1967
7F	461F	41480	1967
7F	4622	41480	1967
7F	4623	41480	1967
7F	4625	41480	1967
7F	4626	41480	1967
7F	4627	164960	1967
7F	4628	164960	1967
7F	462A	123480	1967
7F	462C	123480	1967
7F	462E	123480	1967
7F	4630	41480	1967
7F	4631	41480	1967
7F	4634	41480	1967
7F	4635	41480	1967
7F	4636	41480	1967
7F	4637	41480	1967
7F	4638	41480	1967
7F	4639	41480	1967
7F	463A	41480	1967
7F	463B	41480	1967
7F	463C	41480	1967
7F	463F	41480	1967
7F	4640	41480	1967
7F	4641	41480	1967
7F	4642	41480	1967
7F	4643	41480	1967
7F	4644	41480	1967
7F	4645	41480	1967
7F	4646	41480	1967
7F	4647	41480	1967
7F	4649	41480	1967
7F	464B	766	10581
7F	464C	766	10581
7F	464F	766	10581
7F	4650	766	10581
7F	4651	766	10581
7F	4652	766	10581
7F	4654	766	10581
7F	465F	41480	1967
7F	4660	41480	1967
7F	4661	41480	1967
7F	4662	41480	1967
7F	4663	41480	1967
7F	4664	41480	1967
7F	4667	41480	1967
7F	4668	41480	1967
7F	466A	41480	1967
7F	466B	41480	1967
7F	466C	164960	1967
7F	466D	164960	1967
7F	466F	123480	1967
7F	4671	123480	1967
7F	4673	123480	1967
7F	4675	41480	1967
7F	4676	41480	1967
7F	4679	41480	1967
7F	467A	41480	1967
7F	467B	41480	1967
7F	467C	41480	1967
7F	467D	41480	1967
7F	467E	41480	1967
7F	467F	41480	1967
7F	4680	41480	1967
7F	4681	41480	1967
7F	4684	41480	1967
7F	4685	41480	1967
7F	4686	41480	1967
7F	4687	41480	1967
7F	4688	41480	1967
7F	4689	41480	1967
7F	468A	41480	1967
7F	468B	41480	1967
7F	468C	41480	1967
7F	468E	41480	1967
7F	46A4	41480	1967
7F	46A5	41480	1967
7F	46A6	41480	1967
7F	46A7	41480	1967
7F	46A8	41480	1967
7F	46A9	41480	1967
7F	46AC	41480	1967
7F	46AD	41480	1967
7F	46AF	41480	1967
7F	46B0	41480	1967
7F	46B1	164960	1967
7F	46B2	164960	1967
7F	46B4	123480	1967
7F	46B6	123480	1967
7F	46B8	123480	1967
7F	46BA	41480	1967
7F	46BB	41480	1967
7F	46BE	41480	1967
7F	46BF	41480	1967
7F	46C0	41480	1967
7F	46C1	41480	1967
7F	46C2	41480	1967
7F	46C3	41480	1967
7F	46C4	41480	1967
7F	46C5	41480	1967
7F	46C6	41480	1967
7F	46C9	41480	1967
7F	46CA	41480	1967
7F	46CB	41480	1967
7F	46CC	41480	1967
7F	46CD	41480	1967
7F	46CE	41480	1967
7F	46CF	41480	1967
7F	46D0	41480	1967
7F	46D1	41480	1967
7F	46D3	41480	1967
7F	46E9	41480	1967
7F	46EA	41480	1967
7F	46EB	41480	1967
7F	46EC	41480	1967
7F	46ED	41480	1967
7F	46EE	41480	1967
7F	46F1	41480	1967
7F	46F2	41480	1967
7F	46F4	41480	1967
7F	46F5	41480	1967
7F	46F6	164960	1967
7F	46F7	164960	1967
7F	46F9	123480	1967
7F	46FB	123480	1967
7F	46FD	123480	1967
7F	46FF	41480	1967
7F	4700	41480	1967
7F	4703	41480	1967
7F	4704	41480	1967
7F	4705	41480	1967
7F	4706	41480	1967
7F	4707	41480	1967
7F	4708	41480	1967
7F	4709	41480	1967
7F	470A	41480	1967
7F	470B	41480	1967
7F	470E	41480	1967
7F	470F	41480	1967
7F	4710	41480	1967
7F	4711	41480	1967
7F	4712	41480	1967
7F	4713	41480	1967
7F	4714	41480	1967
7F	4715	41480	1967
7F	4716	41480	1967
7F	4718	41480	1967
7F	472E	41480	1967
7F	472F	41480	1967
7F	4730	41480	1967
7F	4731	41480	1967
7F	4732	41480	1967
7F	4733	41480	1967
7F	4736	41480	1967
7F	4737	41480	1967
7F	4739	41480	1967
7F	473A	41480	1967
7F	473B	164960	1967
7F	473C	164960	1967
7F	473E	123480	1967
7F	4740	123480	1967
7F	4742	123480	1967
7F	4744	41480	1967
7F	4745	41480	1967
7F	4748	41480	1967
7F	4749	41480	1967
7F	474A	41480	1967
7F	474B	41480	1967
7F	474C	41480	1967
7F	474D	41480	1967
7F	474E	41480	1967
7F	474F	41480	1967
7F	4750	41480	1967
7F	4753	41480	1967
7F	4754	41480	1967
7F	4755	41480	1967
7F	4756	41480	1967
7F	4757	41480	1967
7F	4758	41480	1967
7F	4759	41480	1967
7F	475A	41480	1967
7F	475B	41480	1967
7F	475D	41480	1967
7F	475F	20040	1967
7F	4760	20040	1967
7F	4763	20040	1967
7F	4764	20040	1967
7F	4765	20040	1967
7F	4766	20040	1967
7F	4768	20040	1967
7F	4773	41480	1967
7F	4774	41480	1967
7F	4775	41480	1967
7F	4776	41480	1967
7F	4777	41480	1967
7F	4778	41480	1967
7F	477B	41480	1967
7F	477C	41480	1967
7F	477E	41480	1967
7F	477F	41480	1967
7F	4780	164960	1967
7F	4781	164960	1967
7F	4783	123480	1967
7F	4785	123480	1967
7F	4787	123480	1967
7F	4789	41480	1967
7F	478A	41480	1967
7F	478D	41480	1967
7F	478E	41480	1967
7F	478F	41480	1967
7F	4790	41480	1967
7F	4791	41480	1967
7F	4792	41480	1967
7F	4793	41480	1967
7F	4794	41480	1967
7F	4795	41480	1967
7F	4798	41480	1967
7F	4799	41480	1967
7F	479A	41480	1967
7F	479B	41480	1967
7F	479C	41480	1967
7F	479D	41480	1967
7F	479E	41480	1967
7F	479F	41480	1967
7F	47A0	41480	1967
7F	47A2	41480	1967
7F	47B8	41480	1967
7F	47B9	41480	1967
7F	47BA	41480	1967
7F	47BB	41480	1967
7F	47BC	41480	1967
7F	47BD	41480	1967
7F	47C0	41480	1967
7F	47C1	41480	1967
7F	47C3	41480	1967
7F	47C4	41480	1967
7F	47C5	164960	1967
7F	47C6	164960	1967
7F	47C8	123480	1967
7F	47CA	123480	1967
7F	47CC	123480	1967
7F	47CE	41480	1967
7F	47CF	41480	1967
7F	47D2	41480	1967
7F	47D3	41480	1967
7F	47D4	41480	1967
7F	47D5	41480	1967
7F	47D6	41480	1967
7F	47D7	41480	1967
7F	47D8	41480	1967
7F	47D9	41480	1967
7F	47DA	41480	1967
7F	47DD	41480	1967
7F	47DE	41480	1967
7F	47DF	41480	1967
7F	47E0	41480	1967
7F	47E1	41480	1967
7F	47E2	41480	1967
7F	47E3	41480	1967
7F	47E4	41480	1967
7F	47E5	41480	1967
7F	47E7	41480	1967
7F	47FD	41480	1967
7F	47FE	41480	1967
7F	47FF	41480	1967
7F	4800	41480	1967
7F	4801	41480	1967
7F	4802	41480	1967
7F	4805	41480	1967
7F	4806	41480	1967
7F	4808	41480	1967
7F	4809	41480	1967
7F	480A	164960	1967
7F	480B	164960	1967
7F	480D	123480	1967
7F	480F	123480	1967
7F	4811	123480	1967
7F	4813	41480	1967
7F	4814	41480	1967
7F	4817	41480	1967
7F	4818	41480	1967
7F	4819	41480	1967
7F	481A	41480	1967
7F	481B	41480	1967
7F	481C	41480	1967
7F	481D	41480	1967
7F	481E	41480	1967
7F	481F	41480	1967
7F	4822	41480	1967
7F	4823	41480	1967
7F	4824	41480	1967
7F	4825	41480	1967
7F	4826	41480	1967
7F	4827	41480	1967
7F	4828	41480	1967
7F	4829	41480	1967
7F	482A	41480	1967
7F	482C	41480	1967
7F	4842	41480	1967
7F	4843	41480	1967
7F	4844	41480	1967
7F	4845	41480	1967
7F	4846	41480	1967
7F	4847	41480	1967
7F	484A	41480	1967
7F	484B	41480	1967
7F	484D	41480	1967
7F	484E	41480	1967
7F	484F	164960	1967
7F	4850	164960	1967
7F	4852	123480	1967
7F	4854	123480	1967
7F	4856	123480	1967
7F	4858	41480	1967
7F	4859	41480	1967
7F	485C	41480	1967
7F	485D	41480	1967
7F	485E	41480	1967
7F	485F	41480	1967
7F	4860	41480	1967
7F	4861	41480	1967
7F	4862	41480	1967
7F	4863	41480	1967
7F	4864	41480	1967
7F	4867	41480	1967
7F	4868	41480	1967
7F	4869	41480	1967
7F	486A	41480	1967
7F	486B	41480	1967
7F	486C	41480	1967
7F	486D	41480	1967
7F	486E	41480	1967
7F	486F	41480	1967
7F	4871	41480	1967
7F	4887	41480	1967
7F	4888	41480	1967
7F	4889	41480	1967
7F	488A	41480	1967
7F	488B	41480	1967
7F	488C	41480	1967
7F	488F	41480	1967
7F	4890	41480	1967
7F	4892	41480	1967
7F	4893	41480	1967
7F	4894	164960	1967
7F	4895	164960	1967
7F	4897	123480	1967
7F	4899	123480	1967
7F	489B	123480	1967
7F	489D	41480	1967
7F	489E	41480	1967
7F	48A1	41480	1967
7F	48A2	41480	1967
7F	48A3	41480	1967
7F	48A4	41480	1967
7F	48A5	41480	1967
7F	48A6	41480	1967
7F	48A7	41480	1967
7F	48A8	41480	1967
7F	48A9	41480	1967
7F	48AC	41480	1967
7F	48AD	41480	1967
7F	48AE	41480	1967
7F	48AF	41480	1967
7F	48B0	41480	1967
7F	48B1	41480	1967
7F	48B2	41480	1967
7F	48B3	41480	1967
7F	48B4	41480	1967
7F	48B6	41480	1967
7F	48CC	41480	1967
7F	48CD	41480	1967
7F	48CE	41480	1967
7F	48CF	41480	1967
7F	48D0	41480	1967
7F	48D1	41480	1967
7F	48D4	41480	1967
7F	48D5	41480	1967
7F	48D7	41480	1967
7F	48D8	41480	1967
7F	48D9	164960	1967
7F	48DA	164960	1967
7F	48DC	123480	1967
7F	48DE	123480	1967
7F	48E0	123480	1967
7F	48E2	41480	1967
7F	48E3	41480	1967
7F	48E6	41480	1967
7F	48E7	41480	1967
7F	48E8	41480	1967
7F	48E9	41480	1967
7F	48EA	41480	1967
7F	48EB	41480	1967
7F	48EC	41480	1967
7F	48ED	41480	1967
7F	48EE	41480	1967
7F	48F1	41480	1967
7F	48F2	41480	1967
7F	48F3	41480	1967
7F	48F4	41480	1967
7F	48F5	41480	1967
7F	48F6	41480	1967
7F	48F7	41480	1967
7F	48F8	41480	1967
7F	48F9	41480	1967
7F	48FB	41480	1967
7F	48FD	4062	40269
7F	48FE	4062	40269
7F	4901	4062	40269
7F	4902	4062	40269
7F	4903	4062	40269
7F	4904	4062	40269
7F	4906	4062	40269
7F	4911	41480	1967
7F	4912	41480	1967
7F	4913	41480	1967
7F	4914	41480	1967
7F	4915	41480	1967
7F	4916	41480	1967
7F	4919	41480	1967
7F	491A	41480	1967
7F	491C	41480	1967
7F	491D	41480	1967
7F	491E	164960	1967
7F	491F	164960	1967
7F	4921	123480	1967
7F	4923	123480	1967
7F	4925	123480	1967
7F	4927	41480	1967
7F	4928	41480	1967
7F	492B	41480	1967
7F	492C	41480	1967
7F	492D	41480	1967
7F	492E	41480	1967
7F	492F	41480	1967
7F	4930	41480	1967
7F	4931	41480	1967
7F	4932	41480	1967
7F	4933	41480	1967
7F	4936	41480	1967
7F	4937	41480	1967
7F	4938	41480	1967
7F	4939	41480	1967
7F	493A	41480	1967
7F	493B	41480	1967
7F	493C	41480	1967
7F	493D	41480	1967
7F	493E	41480	1967
7F	4940	41480	1967
7F	4956	41480	1967
7F	4957	41480	1967
7F	4958	41480	1967
7F	4959	41480	1967
7F	495A	41480	1967
7F	495B	41480	1967
7F	495E	41480	1967
7F	495F	41480	1967
7F	4961	41480	1967
7F	4962	41480	1967
7F	4963	164960	1967
7F	4964	164960	1967
7F	4966	123480	1967
7F	4968	123480	1967
7F	496A	123480	1967
7F	496C	41480	1967
7F	496D	41480	1967
7F	4970	41480	1967
7F	4971	41480	1967
7F	4972	41480	1967
7F	4973	41480	1967
7F	4974	41480	1967
7F	4975	41480	1967
7F	4976	41480	1967
7F	4977	41480	1967
7F	4978	41480	1967
7F	497B	41480	1967
7F	497C	41480	1967
7F	497D	41480	1967
7F	497E	41480	1967
7F	497F	41480	1967
7F	4980	41480	1967
7F	4981	41480	1967
7F	4982	41480	1967
7F	4983	41480	1967
7F	4985	41480	1967
7F	4987	16612	1969
7F	4988	16612	1969
7F	498B	16612	1969
7F	498C	16612	1969
7F	498D	16612	1969
7F	498E	16612	1969
7F	4990	16612	1969
7F	4992	4944	2957
7F	4994	4944	2957
7F	4995	4944	2957
7F	4997	4944	2957
7F	4999	4944	2957
7F	499B	41480	1967
7F	4C42	8	1967
7F	4C43	8	1967
7F	4C44	8	1967
7F	4C45	8	1967
7F	4C48	8	1967
7F	4C4B	8	1967
7F	4C4D	256	1967
7F	4C4E	256	1967
7F	4C4F	256	1967
7F	4C50	256	1967
7F	4C51	256	1967
7F	4C53	8	1967
7F	4C54	8	1967
7F	4C55	8	1967
7F	4C56	8	1967
7F	61FC	16	7761
7F	61FD	16	7761
7F	61FE	16	7761
7F	61FF	53	7761
7F	6200	53	7761
7F	6201	53	7761
7F	6204	53	7761
7F	6207	53	7761
7F	620A	53	7761
7F	620B	53	7761
7F	7205	2	11283
7F	7206	2	11283
7F	7208	2	11283
7F	720A	2	11283
7F	720B	2	11283
7F	720C	22	11284
7F	720D	22	11284
7F	7213	22	11284
7F	7214	22	11284
7F	721A	22	11284
7F	721B	22	11284
7F	721C	22	11284
7F	721D	1	12073
7F	721E	1	12073
7F	7220	1	12073
7F	7222	1	12073
7F	7223	1	12073
7F	7224	11	12074
7F	7225	11	12074
7F	722B	11	12074
7F	722C	11	12074
7F	7232	11	12074
7F	7233	11	12074
7F	7234	11	12074
7F	7271	173	712
7F	7272	173	712
7F	7273	173	712
7F	7274	173	712
7F	7275	173	712
7F	7276	173	712
7F	7277	173	712
7F	7278	173	712
7F	7279	173	712
7F	727B	173	712
7F	727C	173	712
7F	727D	173	712
7F	727F	173	712
7F	7282	173	712
7F	7284	173	712
7F	7287	173	712
7F	7289	173	712
7F	728C	173	712
7F	728E	173	712
7F	7290	173	712
7F	7292	173	712
7F	7294	173	712
7F	7297	444862	712
7F	7299	444862	712
7F	729B	444862	712
7F	729D	173	712
7F	729F	173	712
7F	72A1	173	712
7F	72A2	173	712
7F	72A4	173	712
7F	72A7	173	712
7F	72A8	173	712
7F	72AA	173	712
7F	72AB	173	712
7F	72AD	173	712
7F	72AF	173	712
7F	72B0	170	729
7F	72B2	170	729
7F	72B3	170	729
7F	72B4	170	729
7F	72B6	170	729
7F	72B9	170	729
7F	72BA	170	729
7F	72BC	170	729
7F	72BD	170	729
7F	72BF	170	729
7F	72C1	170	729
7F	72C2	25	10380
7F	72C3	25	10380
7F	72C5	25	10380
7F	72C6	25	10380
7F	72C8	25	10380
7F	72C9	25	10380
7F	72CB	25	10380
7F	72CC	25	10380
7F	72CE	25	10380
7F	72D1	66419	10380
7F	72D2	66419	10380
7F	72D4	66419	10380
7F	72D6	25	10380
7F	72D8	53336	10380
7F	72D9	53336	10380
7F	72DA	53336	10380
7F	72DC	25	10381
7F	72DD	25	10381
7F	72DF	25	10381
7F	72E1	25	10381
7F	7425	22	11284
7F	7426	22	11284
7F	7429	22	11284
7F	742A	22	11284
7F	742C	22	11284
7F	742E	22	11284
7F	742F	22	11284
7F	7430	22	11284
7F	7431	22	11284
7F	7432	22	11284
7F	7433	22	11284
7F	7434	22	11284
7F	7436	22	11284
7F	7437	22	11284
7F	7438	22	11284
7F	7439	22	11284
7F	743A	22	11284
7F	743C	22	11284
7F	743E	22	11284
7F	7440	22	11284
7F	7443	22	11284
7F	7444	22	11284
7F	7447	22	11284
7F	7448	22	11284
7F	744B	22	11284
7F	744C	22	11284
7F	744F	22	11284
7F	7452	22	11284
7F	7453	22	11284
7F	7456	22	11284
7F	7459	22	11284
7F	745A	22	11284
7F	745D	22	11284
7F	7460	22	11284
7F	7461	22	11284
7F	7464	22	11284
7F	7465	22	11284
7F	7466	22	11284
7F	76C4	11	12074
7F	76C5	11	12074
7F	76C8	11	12074
7F	76C9	11	12074
7F	76CB	11	12074
7F	76CD	11	12074
7F	76CE	11	12074
7F	76CF	11	12074
7F	76D0	11	12074
7F	76D1	11	12074
7F	76D2	11	12074
7F	76D3	11	12074
7F	76D5	11	12074
7F	76D6	11	12074
7F	76D7	11	12074
7F	76D8	11	12074
7F	76D9	11	12074
7F	76DB	11	12074
7F	76DD	11	12074
7F	76DF	11	12074
7F	76E2	11	12074
7F	76E3	11	12074
7F	76E6	11	12074
7F	76E7	11	12074
7F	76EA	11	12074
7F	76EB	11	12074
7F	76EE	11	12074
7F	76F1	11	12074
7F	76F2	11	12074
7F	76F5	11	12074
7F	76F8	11	12074
7F	76F9	11	12074
7F	76FC	11	12074
7F	76FF	11	12074
7F	7700	11	12074
7F	7703	11	12074
7F	7704	11	12074
7F	7705	11	12074
WRAM	C133	16164	549	C3BA03	0	0
WRAM	CBF1	206495	17	C3BA03	16164	0
WRAM	CBF4	2364342	548	C3C416	62903	0
WRAM	CBF7	315110	44	C3ED01	0	0
WRAM	CBFA	34808	44	C3B701	0	0
HRAM	FF80	206484	17	3EC0E0	0	0
HRAM	FF82	206484	17	E0463E	0	0
HRAM	FF84	206484	17	3E283D	0	0
HRAM	FF86	8259360	17	3D20FD	0	0
HRAM	FF87	8259360	17	20FDC9	0	0
HRAM	FF89	206484	17	C94F00	167633	0
HRAM	FFA8	1030758	16	3E0021	606265	0
HRAM	FFAA	1030758	16	21B605	1030726	0
HRAM	FFAD	1030758	16	C3F07B	1030694	0
