# bank	addr	count	first_frame	first_bytes	changed	wram_bank
# bank = ROM bank actually mapped (2 hex digits) or WRAM/HRAM/VRAM/SRAM/OTHER; addr = CPU address of an executed instruction start
# first_bytes/changed/wram_bank are present for RAM rows only (3 bytes at addr at first execution; times they differed later; SVBK bank for D000-DFFF)
00	0040	7039	17
00	0048	64902	6177
00	0050	23388	44
00	0058	1648	44
00	0100	2	0
00	0101	2	0
00	0150	12	44
00	0152	12	44
00	0155	12	44
00	0156	12	44
00	0159	12	44
00	015A	12	44
00	015D	12	44
00	015F	4	44
00	0161	4	44
00	0162	4	44
00	0164	4	44
00	0167	4	44
00	0168	4	44
00	0169	4	44
00	016A	4	44
00	016B	12	44
00	016E	12	44
00	0170	12	44
00	0173	12	44
00	0174	12	44
00	0175	12	44
00	0176	12	44
00	0177	12	44
00	017A	12	44
00	017C	12	44
00	017D	12	44
00	017F	12	44
00	0180	12	44
00	0182	12	44
00	0185	12	44
00	0187	12	44
00	018A	12	44
00	018D	12	44
00	0190	12	44
00	0191	12	44
00	0194	12	44
00	0195	12	44
00	0198	12	44
00	0199	12	44
00	019C	12	44
00	019D	12	44
00	019E	12	44
00	019F	12	44
00	01A0	12	44
00	01A1	12	44
00	01A4	12	44
00	01A5	12	44
00	01A8	12	44
00	01AB	12	44
00	01AD	12	44
00	01B0	12	44
00	01B1	12	44
00	01B2	12	44
00	01B3	12	44
00	01B6	12	44
00	01B7	1648	44
00	01B8	1648	44
00	01B9	1648	44
00	01BA	1648	44
00	01BB	1648	44
00	01BE	1648	44
00	01BF	1648	44
00	01C0	1648	44
00	01C1	1648	44
00	01C2	1648	44
00	01C5	1648	44
00	01C7	1648	44
00	01C8	1648	44
00	01CA	1648	44
00	01CB	1648	44
00	01CD	1648	44
00	01D0	1648	44
00	01D2	1648	44
00	01D5	1648	44
00	01D8	1648	44
00	01D9	1648	44
00	01DC	1648	44
00	01DD	1648	44
00	01DE	1648	44
00	01DF	1648	44
00	01E0	1648	44
00	01E1	1648	44
00	01E4	1648	44
00	01E5	1648	44
00	01E8	1648	44
00	01E9	1648	44
00	01EA	1648	44
00	01EB	1648	44
00	01EC	1648	44
00	01ED	23388	44
00	01EE	23388	44
00	01EF	23388	44
00	01F0	23388	44
00	01F1	23388	44
00	01F2	23388	44
00	01F4	23388	44
00	01F6	23388	44
00	01F8	23388	44
00	01FA	23388	44
00	01FD	23388	44
00	01FE	23388	44
00	0200	23388	44
00	0203	23388	44
00	0205	23388	44
00	0207	23388	44
00	0209	23388	44
00	020B	23388	44
00	020D	23388	44
00	0210	23388	44
00	0211	23388	44
00	0212	23388	44
00	0213	23388	44
00	0214	23388	44
00	0217	23388	44
00	0219	23388	44
00	021A	23388	44
00	021C	23388	44
00	021D	23388	44
00	021F	23388	44
00	0222	23388	44
00	0224	23388	44
00	0227	23388	44
00	022A	23388	44
00	022B	23388	44
00	022E	23388	44
00	022F	23388	44
00	0230	23388	44
00	0231	23388	44
00	0232	23388	44
00	0233	23388	44
00	0236	23388	44
00	0237	23388	44
00	023A	23388	44
00	023C	23388	44
00	023E	23388	44
00	0240	23388	44
00	0242	23388	44
00	0243	23388	44
00	0244	23388	44
00	0245	23388	44
00	0246	23388	44
00	0278	2	0
00	0279	2	0
00	027B	2	0
00	027E	2	0
00	027F	2	0
00	0280	2	0
00	0282	2	0
00	0284	2	0
00	0286	2	0
00	0289	2	0
00	028C	2	0
00	028E	2	0
00	0290	2	0
00	0292	2	0
00	0295	2	0
00	0296	2	0
00	0299	2	0
00	029C	2	0
00	029E	2	0
00	02A0	2	0
00	02AE	2	0
00	02B0	2	0
00	02B2	2	0
00	02B5	2	0
00	02B8	2	0
00	02B9	2	0
00	02BC	2	1
00	02BE	2	1
00	02C0	12	1
00	02C1	12	1
00	02C3	12	1
00	02C6	12	1
00	02C9	12	1
00	02CA	12	1
00	02CD	12	2
00	02CE	12	2
00	02CF	12	2
00	02D1	2	5
00	02D2	2	5
00	02D4	2	5
00	02D6	2	5
00	02D9	2	5
00	02DC	2	5
00	02DD	2	5
00	02E0	2	7
00	02E3	2	7
00	02E6	2	7
00	02E7	2	7
00	02EA	2	8
00	02ED	2	8
00	02F0	2	8
00	02F3	2	8
00	02F4	2	8
00	02F7	2	8
00	02FA	2	8
00	02FB	2	8
00	02FD	2	8
00	0300	2	8
00	0302	2	8
00	0303	2	8
00	0305	2	8
00	0307	2	8
00	030A	2	8
00	030B	2	8
00	030D	2	8
00	030F	2	8
00	0311	2	8
00	0314	2	8
00	0317	2	17
00	031A	2	17
00	031B	2	17
00	031C	2	17
00	031E	2	17
00	0321	2	17
00	0322	2	17
00	0324	2	17
00	0327	2	17
00	0328	2	17
00	0331	4	16
00	0333	4	16
00	0335	4	16
00	0338	4	16
00	033A	4	16
00	033D	4	16
00	033F	4	16
00	0341	4	16
00	0344	4	16
00	0346	4	16
00	0349	4	16
00	034A	8	16
00	034C	512	16
00	034D	512	16
00	034E	512	16
00	034F	512	16
00	0351	8	16
00	0392	39005	0
00	0393	39005	0
00	0395	39005	0
00	0397	39005	0
00	0399	10	0
00	039A	39005	0
00	039D	39005	0
00	039E	39005	0
00	03A0	7039	0
00	03A2	7039	0
00	03A5	7039	0
00	03A6	7039	0
00	03A7	7039	0
00	03A8	7039	0
00	03AA	7039	0
00	03AB	7039	0
00	03AD	7039	0
00	03AF	7039	0
00	03B2	7039	0
00	03B3	7039	0
00	03B5	7039	0
00	03B6	7039	0
00	03B7	7039	0
00	03B8	39005	0
00	03B9	39005	0
00	03BA	7039	17
00	03BB	7039	17
00	03BE	7039	17
00	03BF	7039	17
00	03C1	7039	17
00	03C4	7039	17
00	03C5	7039	17
00	03C6	7039	17
00	03C7	7039	17
00	03CA	7039	17
00	03CB	7039	17
00	03CD	7039	17
00	03D0	7039	17
00	03D3	7039	17
00	03D5	7039	17
00	03D7	7039	17
00	03D9	7039	17
00	03DA	7039	17
00	03DD	7039	17
00	03DE	7039	17
00	03E0	7039	17
00	0400	7039	17
00	0401	7039	17
00	0404	7039	17
00	0406	7039	17
00	0408	7039	17
00	040A	5993	17
00	040B	7039	17
00	040E	7039	17
00	040F	7039	17
00	0411	7039	17
00	0413	17	104
00	0414	17	104
00	0415	17	104
00	0417	17	104
00	0418	17	104
00	041A	17	104
00	042E	7039	17
00	042F	7039	17
00	0432	7039	17
00	0433	7039	17
00	0435	6	17
00	0437	6	17
00	0438	6	17
00	043A	6	17
00	043B	6	17
00	043E	6	17
00	0440	7033	18
00	0441	7033	18
00	0443	7033	18
00	0446	7039	17
00	0447	7039	17
00	0448	7039	17
00	0449	7039	17
00	044A	7039	17
00	044B	5660	43
00	044C	5660	43
00	044E	5660	43
00	0450	5660	43
00	0452	5660	43
00	0453	61336	43
00	0454	61334	44
00	0455	61334	44
00	0458	61334	44
00	0459	61334	44
00	045B	5658	44
00	045C	5658	44
00	045F	5658	44
00	0462	5658	44
00	0463	5658	44
00	047A	536	28
00	047B	536	28
00	047D	536	28
00	047F	536	28
00	0481	5877	28
00	0482	5877	28
00	0483	5877	29
00	0484	5877	29
00	0485	5877	29
00	0488	5877	29
00	0489	5877	29
00	048B	546	29
00	048D	546	29
00	048F	546	29
00	0491	536	29
00	0492	536	29
00	0495	536	29
00	0496	536	29
00	0497	10	6577
00	0498	10	6577
00	049B	10	6577
00	049E	10	6577
00	04A0	4	16
00	04A2	4	16
00	04A5	4	16
00	04A7	4	16
00	04AA	4	16
00	04AC	4	16
00	04AF	4	16
00	04B1	4	16
00	04B4	4	16
00	04B6	4	16
00	04B9	4	16
00	04BB	4	16
00	04BE	4	16
00	04C0	4	16
00	04C3	4	16
00	04C5	4	16
00	04C8	4	16
00	04CA	4	16
00	04CD	4	16
00	04CF	4	16
00	04D2	4	16
00	04D4	4	16
00	04D7	4	16
00	04D8	181	0
00	04D9	181	0
00	04DA	181	0
00	04DC	9549	8
00	04DD	9549	8
00	04DE	9549	8
00	04E0	109	8
00	04E1	72	0
00	04E2	72	0
00	04E3	72	0
00	04E5	8	8
00	04E6	267142	0
00	04E7	267142	0
00	04E8	267142	0
00	04EA	1046	0
00	04EB	1046	0
00	04ED	72	1
00	050C	115	26
00	050D	115	26
00	050E	115	26
00	0510	9928	26
00	0511	9928	26
00	0512	9928	26
00	0513	9928	26
00	0514	9928	26
00	0516	112	26
00	0517	3	324
00	0518	3	324
00	0519	3	324
00	051C	768	324
00	051D	768	324
00	051E	768	324
00	051F	768	324
00	0520	768	324
00	0522	3	324
00	0523	3	324
00	0525	3	324
00	0545	2130	27
00	0546	2130	27
00	0547	2130	27
00	0548	2130	27
00	054A	2130	27
00	054B	2130	27
00	054C	2130	27
00	054D	2130	27
00	054E	2130	27
00	054F	2130	27
00	0550	2130	27
00	056A	1578	1094
00	056C	1578	1094
00	056D	1578	1094
00	056E	1578	1094
00	0570	1578	1094
00	0572	1578	1094
00	0573	1578	1094
00	0575	1578	1094
00	0578	1575	1094
00	057A	1575	1094
00	057D	1574	1094
00	057F	1574	1094
00	0582	1573	1094
00	0584	1573	1094
00	0587	1573	1094
00	0589	1573	1094
00	0591	1	6134
00	0593	1	6134
00	0596	1	1637
00	0598	1	1637
00	059B	3	4402
00	059C	3	4402
00	059F	6	8
00	05A2	6	8
00	05A5	60	8
00	05A6	60	8
00	05A7	60	8
00	05A8	60	8
00	05A9	60	8
00	05AB	6	8
00	05B6	30	28
00	05B8	30	28
00	05BA	30	28
00	05BC	30	28
00	05BD	2	0
00	05BF	2	0
00	05C1	2	0
00	05C2	2	0
00	05C3	2	0
00	05C5	2	0
00	05C7	2	0
00	05ED	2	0
00	05EF	2	0
00	05F1	2	0
00	05F3	2	0
00	05F5	2	0
00	05F7	2	0
00	05F9	2	0
00	05FB	2	0
00	05FD	2	0
00	05FE	2	0
00	0601	2	0
00	0602	2	0
00	0603	2	0
00	0605	2	0
00	0606	2	0
00	0608	2	0
00	0609	2	0
00	060A	2	0
00	060C	2	0
00	060E	2	0
00	0610	2	0
00	0611	2	0
00	0613	2	0
00	0615	2	0
00	0617	2	0
00	0619	2	0
00	061B	2	0
00	061C	2	0
00	061E	2	0
00	061F	2	0
00	0621	2	0
00	0622	29290	16
00	0623	29290	16
00	0624	23429	16
00	0626	23429	16
00	0628	654	1064
00	062A	654	1064
00	062C	654	1064
00	062E	654	1064
00	0630	654	1064
00	0637	22775	16
00	0639	22775	16
00	063C	22775	16
00	063D	6347	26
00	063E	6347	26
00	063F	69	26
00	0641	69	26
00	0643	69	26
00	0645	69	26
00	0647	69	26
00	0649	69	26
00	064B	69	26
00	0658	6278	43
00	0659	6278	43
00	065A	6278	43
00	065C	6278	43
00	066D	6278	43
00	066F	6278	43
00	0672	6278	43
00	0673	14056	16
00	0675	14056	16
00	0681	14056	16
00	0683	14056	16
00	0684	4	16
00	0686	4	16
00	0688	4	16
00	068A	4	16
00	068C	4	16
00	068E	4	16
00	0690	4	16
00	0691	4	16
00	0693	4	16
00	0695	4	16
00	0697	4	16
00	0699	4	16
00	069B	4	16
00	069D	4	16
00	069F	4	16
00	06A1	4	16
00	06A3	4	16
00	06A5	4	16
00	06A7	4	16
00	06AA	4	16
00	06AB	4	16
00	06AD	4	16
00	06B0	4	16
00	06B2	4	16
00	06B4	4	16
00	06B6	4	16
00	06BC	54	26
00	06BE	54	26
00	06BF	54	26
00	06C1	54	26
00	06C2	54	26
00	06C4	54	26
00	06C5	54	26
00	06C6	54	26
00	06C8	54	26
00	06C9	54	26
00	06CB	54	26
00	06CD	54	26
00	06CF	54	26
00	06D1	14002	16
00	06D3	14002	16
00	06D4	14002	16
00	06D6	14002	16
00	06D7	14002	16
00	06D9	14002	16
00	06DA	14002	16
00	06DB	14002	16
00	06DD	14002	16
00	06DE	14002	16
00	06E0	14002	16
00	06E1	14002	16
00	06E3	14002	16
00	06EE	14056	16
00	06EF	14056	16
00	06F2	14056	16
00	06F3	14056	16
00	06F4	14056	16
00	06F6	14056	16
00	06F7	14056	16
00	06F9	14056	16
00	06FC	14056	16
00	06FF	14049	16
00	0701	14049	16
00	0702	14049	16
00	0704	14049	16
00	0705	14049	16
00	0707	14049	16
00	0708	14049	16
00	0709	14049	16
00	070C	14049	16
00	070D	14049	16
00	070E	14049	16
00	0710	14049	16
00	0711	14049	16
00	0713	14049	16
00	0749	104	26
00	074B	104	26
00	074E	104	26
00	074F	104	26
00	0751	104	26
00	0752	104	26
00	0754	104	26
00	0755	104	26
00	0757	104	26
00	0758	104	26
00	075A	104	26
00	075C	104	26
00	075D	104	26
00	075F	104	26
00	0761	104	26
00	0763	104	26
00	0764	104	26
00	0766	104	26
00	0768	104	26
00	076A	156263	26
00	076C	156263	26
00	076E	156263	26
00	0770	104	27
00	0771	104	27
00	0773	104	27
00	0774	104	27
00	0776	104	27
00	0777	104	27
00	0779	104	27
00	0787	339	23
00	0789	339	23
00	078C	339	23
00	078D	339	23
00	078F	339	23
00	0790	339	23
00	0792	339	23
00	0793	339	23
00	0795	339	23
00	0796	339	23
00	0798	339	23
00	079A	339	23
00	079B	339	23
00	079D	339	23
00	079F	339	23
00	07A1	339	23
00	07A2	339	23
00	07A4	339	23
00	07A6	339	23
00	07A8	1196046	23
00	07AA	1196046	23
00	07AC	1196046	23
00	07AE	339	24
00	07AF	339	24
00	07B1	339	24
00	07B2	339	24
00	07B4	339	24
00	07B5	339	24
00	07B8	339	24
00	07BA	339	24
00	07CB	6	330
00	07CC	6	330
00	07CE	6	330
00	07D0	6	330
00	07D2	6	330
00	07D3	6	330
00	07D5	6	330
00	07D6	6	330
00	07D8	6	330
00	07D9	6	330
00	07DB	6	330
00	07DC	6	330
00	07DF	6	330
00	07E1	6	330
00	07E3	6	330
00	07E6	6	330
00	07E7	6	330
00	07EA	6	331
00	07EB	6	331
00	07ED	6	331
00	07EF	6	331
00	07F2	6	331
00	07F3	6	331
00	07F6	6	331
00	07F7	6	331
00	07FA	6	331
00	082C	46	26
00	082D	46	26
00	082F	46	26
00	0831	46	26
00	0833	46	26
00	0834	46	26
00	0836	46	26
00	0837	46	26
00	0839	46	26
00	083A	46	26
00	083C	46	26
00	083F	46	26
00	0841	46	26
00	0843	46	26
00	0846	46	26
00	0847	46	26
00	084A	46	27
00	084B	46	27
00	084D	46	27
00	084F	46	27
00	0852	46	27
00	0853	46	27
00	0856	46	27
00	0857	46	27
00	085A	46	27
00	08B7	52	26
00	08B9	52	26
00	08BB	52	26
00	08BC	52	26
00	08BE	52	26
00	08C0	52	26
00	08EA	66	26
00	08ED	66	26
00	08EF	66	26
00	08F2	66	26
00	08F3	66	26
00	08F5	66	26
00	08F6	66	26
00	08F7	66	26
00	08FA	66	26
00	08FB	66	26
00	08FC	66	26
00	08FD	66	26
00	08FF	66	26
00	0900	66	26
00	0903	66	26
00	0904	26466	26
00	0905	26466	26
00	0906	26466	26
00	0907	26466	26
00	0908	26466	26
00	090A	1498	26
00	090C	1498	26
00	090D	1498	26
00	090F	1498	26
00	0910	1498	26
00	0912	1498	26
00	0913	1498	26
00	0914	1498	26
00	0916	1498	26
00	0917	1498	26
00	0918	1498	26
00	0919	1498	26
00	091B	138	26
00	091C	10	5727
00	091F	10	5727
00	0920	10	5727
00	0922	656	5727
00	0923	656	5727
00	0924	656	5727
00	0925	656	5727
00	0926	656	5727
00	0927	656	5727
00	0929	44	5727
00	092B	44	5727
00	092C	44	5727
00	092E	44	5727
00	092F	44	5727
00	0931	44	5727
00	0932	44	5727
00	0933	44	5727
00	0935	44	5727
00	0936	44	5727
00	0937	44	5727
00	0938	44	5727
00	093A	10	5727
00	0956	5115	43
00	0958	5115	43
00	095B	5115	43
00	095E	5115	43
00	095F	5115	43
00	0960	5115	43
00	0961	5115	43
00	0962	5115	43
00	0964	5115	43
00	0966	5115	43
00	0967	5115	43
00	0969	5115	43
00	096B	5115	43
00	096D	5115	43
00	096F	5115	43
00	0972	5115	43
00	0975	5115	43
00	0977	71610	43
00	0978	71610	43
00	0979	71610	43
00	097C	71610	43
00	097D	71610	43
00	097E	71610	43
00	0980	71610	43
00	0981	71610	43
00	0982	71610	43
00	0983	71610	43
00	0985	71610	43
00	0987	6278	43
00	0988	6278	43
00	098A	6278	43
00	098D	71610	43
00	098E	71610	43
00	098F	71610	43
00	0992	71610	43
00	0993	71610	43
00	0996	71610	43
00	0997	71610	43
00	0998	71610	43
00	0999	71610	43
00	099B	5115	43
00	099C	5115	43
00	099F	5115	43
00	09A0	5115	43
00	09A2	5115	43
00	09A4	5115	43
00	09A5	5115	43
00	09A8	5115	43
00	09AA	5115	43
00	09AB	5115	43
00	09AD	5115	43
00	09AF	5115	43
00	09B1	5115	43
00	09B2	5115	43
00	09B3	5115	43
00	09B4	5115	43
00	09B5	5115	43
00	09B6	30	22
00	09B9	30	23
00	09BA	30	23
00	09BB	30	23
00	09BC	30	23
00	09BE	30	23
00	09C0	30	23
00	09C1	30	23
00	09C3	30	23
00	09C5	30	23
00	09C7	30	23
00	09C9	30	23
00	09CA	30	23
00	09CC	30	23
00	09CE	30	23
00	09D1	30	23
00	09D4	30	23
00	09D6	30	23
00	09D9	30	23
00	09DB	30	23
00	09DC	30	23
00	09DE	30	23
00	09E0	30	23
00	09E2	30	23
00	09E3	30	23
00	09E4	30	23
00	09E5	30	23
00	09E6	32	3154
00	09E7	32	3154
00	09E8	32	3154
00	09EA	32	3154
00	09EC	32	3154
00	09ED	32	3154
00	09EF	32	3154
00	09F1	32	3154
00	09F3	32	3154
00	09F5	32	3154
00	09F8	32	3154
00	09FA	32	3154
00	09FD	32	3154
00	09FF	32	3154
00	0A00	32	3154
00	0A02	32	3154
00	0A04	32	3154
00	0A06	32	3154
00	0A07	32	3154
00	0A08	32	3154
00	0A09	5145	22
00	0A0A	5145	22
00	0A0B	5145	22
00	0A0C	5145	22
00	0A0E	5145	22
00	0A11	5145	22
00	0A12	823200	22
00	0A13	823200	22
00	0A14	823200	22
00	0A16	5145	23
00	0A17	5145	23
00	0A18	5145	23
00	0A19	5145	23
00	0A65	44	26
00	0A66	44	26
00	0A68	44	26
00	0A6A	44	26
00	0A6B	44	26
00	0A6D	44	26
00	0A6F	44	26
00	0A71	44	26
00	0A73	44	26
00	0A74	44	26
00	0A75	44	26
00	0A76	44	26
00	0A77	44	26
00	0A79	44	26
00	0A7A	44	26
00	0A7C	44	26
00	0A7E	44	26
00	0A80	44	26
00	0A81	44	26
00	0A82	34	26
00	0A84	34	26
00	0A86	34	26
00	0A87	34	26
00	0A89	34	26
00	0A8A	34	26
00	0A8B	34	26
00	0A8D	34	26
00	0A8F	34	26
00	0A92	34	26
00	0A94	34	26
00	0A96	34	26
00	0A98	34	26
00	0A9B	34	26
00	0A9C	34	26
00	0A9F	34	26
00	0AA0	34	26
00	0AA1	34	26
00	0AA4	34	26
00	0AA5	34	26
00	0AA7	34	26
00	0AA8	34	26
00	0AA9	34	26
00	0AAA	34	26
00	0AAB	34	26
00	0AAE	34	26
00	0AB0	34	26
00	0AB1	34	26
00	0AB3	34	26
00	0AB5	34	26
00	0AB7	34	26
00	0AB8	34	26
00	0AB9	34	26
00	0ABA	34	26
00	0ABB	34	26
00	0ABD	34	26
00	0ABE	34	26
00	0ABF	34	26
00	0AC0	34	26
00	0AC1	34	26
00	0AC3	34	26
00	0AC4	34	26
00	0AC5	34	26
00	0AC6	34	26
00	0AC7	34	26
00	0AC8	34	26
00	0AC9	34	26
00	0ACA	34	26
00	0ACB	34	26
00	0ACC	34	26
00	0ACD	34	26
00	0ACE	34	26
00	0ACF	34	26
00	0AD0	34	26
00	0AD1	34	26
00	0AD2	34	26
00	0AD3	34	26
00	0AD4	34	26
00	0AD5	34	26
00	0AD6	34	26
00	0AD7	34	26
00	0AD8	34	26
00	0AD9	34	26
00	0ADA	34	26
00	0ADB	34	26
00	0ADC	34	26
00	0ADD	34	26
00	0ADE	34	26
00	0ADF	34	26
00	0AE0	34	26
00	0AE1	34	26
00	0AE4	34	26
00	0AE5	34	26
00	0AE6	34	26
00	0AE7	34	26
00	0AE8	71610	43
00	0AE9	71610	43
00	0AEA	71610	43
00	0AED	71610	43
00	0AEE	71610	43
00	0AEF	71610	43
00	0AF1	71610	43
00	0AF3	6278	43
00	0AF4	6278	43
00	0AF6	6011	43
00	0AF9	6011	43
00	0AFA	6011	43
00	0AFB	6011	43
00	0AFC	6011	43
00	0AFE	5530	43
00	0AFF	5530	43
00	0B00	5530	43
00	0B02	1152	62
00	0B03	1152	62
00	0B04	1152	62
00	0B05	1152	62
00	0B06	1152	62
00	0B07	1152	62
00	0B08	1152	62
00	0B0A	668	62
00	0B0B	668	62
00	0B0C	668	62
00	0B0D	668	62
00	0B0E	668	62
00	0B0F	668	62
00	0B10	668	62
00	0B11	668	62
00	0B13	324	122
00	0B14	324	122
00	0B17	324	122
00	0B18	324	122
00	0B1A	324	122
00	0B1C	1	6179
00	0B1D	1	6179
00	0B1E	1	6179
00	0B1F	1	6179
00	0B20	1	6179
00	0B21	1	6179
00	0B23	667	62
00	0B24	667	62
00	0B25	667	62
00	0B26	667	62
00	0B28	667	62
00	0B29	667	62
00	0B2A	667	62
00	0B2B	667	62
00	0B2C	667	62
00	0B2D	667	62
00	0B2E	667	62
00	0B2F	667	62
00	0B32	667	62
00	0B33	667	62
00	0B34	667	62
00	0B35	667	62
00	0B36	71610	43
00	0B37	71610	43
00	0B38	71610	43
00	0B3B	71610	43
00	0B3C	71610	43
00	0B3D	71610	43
00	0B3E	71610	43
00	0B3F	71610	43
00	0B40	71610	43
00	0B41	71610	43
00	0B43	71610	43
00	0B45	6278	43
00	0B48	6278	43
00	0B49	6278	43
00	0B4A	6278	43
00	0B71	71610	43
00	0B72	71610	43
00	0B73	71610	43
00	0B74	71610	43
00	0B75	71610	43
00	0B78	71610	43
00	0B79	71610	43
00	0B7A	71610	43
00	0B7C	71610	43
00	0B7D	71610	43
00	0B7F	71610	43
00	0B80	71610	43
00	0B81	71610	43
00	0B83	71610	43
00	0B84	71610	43
00	0B85	71610	43
00	0B87	71610	43
00	0B88	71610	43
00	0B89	71610	43
00	0B8A	71610	43
00	0B8B	71610	43
00	0B8C	71610	43
00	0B8D	71610	43
00	0B8F	71610	43
00	0B91	6278	43
00	0B92	6278	43
00	0B94	6278	43
00	0B95	6278	43
00	0B96	6278	43
00	0B97	6278	43
00	0B98	6278	43
00	0B99	6278	43
00	0B9A	6278	43
00	0B9B	6278	43
00	0B9C	6278	43
00	0B9D	47982	43
00	0B9E	47982	43
00	0B9F	47982	43
00	0BA0	47982	43
00	0BA1	47982	43
00	0BA2	47982	43
00	0BA3	47982	43
00	0BA4	47982	43
00	0BA5	47982	43
00	0BA6	47982	43
00	0BA7	47982	43
00	0BA8	47982	43
00	0BA9	47982	43
00	0BAA	47982	43
00	0BAC	47982	43
00	0BAD	47982	43
00	0BAF	47982	43
00	0BB0	47982	43
00	0BB1	47982	43
00	0BB2	47982	43
00	0BB3	47982	43
00	0BB4	47982	43
00	0BB5	47982	43
00	0BB6	47982	43
00	0BB7	47982	43
00	0BB8	47982	43
00	0BBA	6038	43
00	0BBB	65332	43
00	0BBC	65332	43
00	0BE8	2	1042
00	0BEB	2	1042
00	0BED	32	1042
00	0BEF	32	1042
00	0BF1	32	1042
00	0BF3	4	1042
00	0BF4	32	1042
00	0BF6	32	1042
00	0BF8	32	1042
00	0BF9	32	1042
00	0BFB	2	1042
00	0BFC	21	780
00	0BFF	21	780
00	0C01	21	780
00	0C02	168	780
00	0C03	168	780
00	0C05	10	836
00	0C06	168	780
00	0C08	168	780
00	0C0A	168	780
00	0C0B	168	780
00	0C0D	21	780
00	0D67	2	6453
00	0D68	2	6453
00	0D69	2	6453
00	0D6A	2	6453
00	0D6B	2	6453
00	0D6E	2	6453
00	0D70	32	6453
00	0D71	32	6453
00	0D73	32	6453
00	0D75	32	6453
00	0D76	32	6453
00	0D77	32	6453
00	0D78	32	6453
00	0D79	32	6453
00	0D7A	32	6453
00	0D7B	32	6453
00	0D7C	32	6453
00	0D7D	32	6453
00	0D7E	32	6453
00	0D7F	32	6453
00	0D80	32	6453
00	0D81	32	6453
00	0D83	24	6453
00	0D84	24	6453
00	0D86	8	6453
00	0D87	32	6453
00	0D88	32	6453
00	0D89	32	6453
00	0D8B	2	6453
00	0D8C	2	6453
00	0D8D	2	6453
00	0D8E	2	6453
00	0D8F	2	6453
00	0D90	2	6453
00	0D91	2	6453
00	0DB9	104	3161
00	0DBB	104	3161
00	0DBE	104	3161
00	0DC0	1248	3161
00	0DC1	1248	3161
00	0DC2	1248	3161
00	0DC3	1248	3161
00	0DC4	1248	3161
00	0DC5	1248	3161
00	0DC7	104	3161
00	0DC8	104	3161
00	0DCA	104	3161
00	0DCD	104	3161
00	0DE2	163	1046
00	0DE4	163	1046
00	0DE7	163	1046
00	0DE8	163	1046
00	0DE9	163	1046
00	0DEB	978	1046
00	0DEC	978	1046
00	0DED	978	1046
00	0DEF	978	1046
00	0DF0	978	1046
00	0DF1	978	1046
00	0DF2	978	1046
00	0DF3	978	1046
00	0DF5	978	1046
00	0DF7	978	1046
00	0DF8	978	1046
00	0DF9	978	1046
00	0DFA	978	1046
00	0DFC	978	1046
00	0DFE	978	1046
00	0DFF	978	1046
00	0E00	978	1046
00	0E01	978	1046
00	0E02	978	1046
00	0E04	163	1046
00	0E05	163	1046
00	0E06	163	1046
00	0E08	978	1046
00	0E0A	978	1046
00	0E0B	978	1046
00	0E0C	978	1046
00	0E0E	978	1046
00	0E10	978	1046
00	0E12	978	1046
00	0E14	978	1046
00	0E15	978	1046
00	0E16	978	1046
00	0E18	978	1046
00	0E1A	978	1046
00	0E1B	978	1046
00	0E1D	978	1046
00	0E1E	978	1046
00	0E1F	978	1046
00	0E20	978	1046
00	0E21	978	1046
00	0E23	978	1046
00	0E25	978	1046
00	0E26	978	1046
00	0E27	978	1046
00	0E28	978	1046
00	0E2A	163	1046
00	0E2C	163	1046
00	0E2E	163	1046
00	0E31	163	1046
00	0ED3	19	1046
00	0ED5	19	1046
00	0ED6	19	1046
00	0ED8	299	1046
00	0EDA	299	1046
00	0EDD	299	1046
00	0EDE	299	1046
00	0EE0	299	1046
00	0EE2	32	1049
00	0EE3	32	1049
00	0EE4	32	1049
00	0EE6	32	1049
00	0EE7	32	1049
00	0EE9	32	1049
00	0EEB	32	1049
00	0EEC	32	1049
00	0EED	32	1049
00	0EEE	32	1049
00	0EEF	32	1049
00	0F30	267	1046
00	0F31	267	1046
00	0F33	267	1046
00	0F35	163	1046
00	0F37	163	1046
00	0F49	104	3161
00	0F4A	267	1046
00	0F4C	104	3161
00	0F4D	104	3161
00	0F50	104	3161
00	0F51	104	3161
00	0F53	163	1046
00	0F54	163	1046
00	0F55	163	1046
00	0F56	163	1046
00	0F59	163	1046
00	0F5A	267	1046
00	0F5D	267	1046
00	0F5F	267	1046
00	0F60	267	1046
00	0F62	267	1046
00	0F63	267	1046
00	0F65	267	1046
00	0F68	13	1049
00	0F69	13	1049
00	0F6B	13	1049
00	0F6D	13	1049
00	0F6F	13	1049
00	0F71	13	1049
00	0F73	13	1049
00	0F74	13	1049
00	0F75	13	1049
00	0F76	13	1049
00	0F78	13	1049
00	0F79	13	1049
00	0F7B	13	1049
00	0F7C	13	1049
00	0F7E	13	1049
00	0F7F	13	1049
00	0F9D	19	1064
00	0F9E	19	1064
00	0FA0	19	1064
00	0FA1	19	1064
00	1044	163	1046
00	1045	163	1046
00	1046	163	1046
00	1048	163	1046
00	104A	163	1046
00	104C	163	1046
00	104F	163	1046
00	1052	163	1046
00	1053	163	1046
00	1059	163	1046
00	105B	163	1046
00	105C	163	1046
00	105E	163	1046
00	1060	163	1046
00	1062	163	1046
00	1064	163	1046
00	1066	163	1046
00	1067	163	1046
00	1069	163	1046
00	106A	163	1046
00	106C	163	1046
00	106D	163	1046
00	106F	163	1046
00	1070	163	1046
00	1073	163	1046
00	1079	163	1046
00	107B	163	1046
00	107D	163	1046
00	107F	163	1046
00	1080	163	1046
00	1082	163	1046
00	1084	163	1046
00	1086	163	1046
00	1088	163	1046
00	1089	163	1046
00	108B	163	1046
00	108D	163	1046
00	108F	163	1046
00	1091	163	1046
00	1093	163	1046
00	1094	163	1046
00	1096	163	1046
00	1097	163	1046
00	1099	163	1046
00	109A	163	1046
00	109D	163	1046
00	10A3	163	1046
00	10A5	163	1046
00	10A7	163	1046
00	10A9	163	1046
00	10AA	163	1046
00	10AC	163	1046
00	10AE	163	1046
00	10B0	163	1046
00	10B1	104	3161
00	10B2	104	3161
00	10B4	104	3161
00	10B5	104	3161
00	10B7	104	3161
00	10B9	104	3161
00	10BB	104	3161
00	10BD	104	3161
00	10C0	104	3161
00	10C6	104	3161
00	10C8	104	3161
00	10C9	104	3161
00	10CB	104	3161
00	10CC	104	3161
00	10CE	104	3161
00	10CF	104	3161
00	10D1	104	3161
00	10D2	104	3161
00	10D5	104	3161
00	10DB	104	3161
00	10DD	104	3161
00	10DF	104	3161
00	10E1	104	3161
00	10E2	104	3161
00	10E4	104	3161
00	10E6	104	3161
00	10E8	104	3161
00	14BF	250	3039
00	14C0	250	3039
00	14C1	250	3039
00	14C2	250	3039
00	14C3	250	3039
00	14C5	11	3039
00	14C6	64	3039
00	14C7	64	3039
00	14C8	64	3039
00	14C9	60	3039
00	14CA	60	3039
00	14CB	60	3039
00	14CC	60	3039
00	14CD	60	3039
00	14CE	60	3039
00	14D1	8	3039
00	14D2	8	3039
00	14D3	8	3039
00	14D5	8	3039
00	14D6	8	3039
00	14D7	8	3039
00	14D8	8	3039
00	14D9	8	3039
00	14DA	8	3039
00	14DC	4	3039
00	14EA	16	3039
00	14EB	16	3039
00	14ED	16	3039
00	14EE	16	3039
00	14EF	16	3039
00	14F0	16	3039
00	14F2	6	3039
00	151A	2	324
00	151B	2	324
00	151C	2	324
00	151E	32	324
00	151F	32	324
00	1521	30	324
00	1522	30	324
00	1523	30	324
00	1525	30	324
00	1526	30	324
00	1527	30	324
00	1528	30	324
00	152A	30	324
00	152B	30	324
00	152C	30	324
00	152E	2	324
00	152F	2	324
00	1530	2	324
00	1531	2	324
00	1532	2	324
00	153D	5	3044
00	153E	5	3044
00	1540	5	3044
00	1542	5	3044
00	1543	5	3044
00	1545	5	3044
00	1547	5	3044
00	1549	5	3044
00	154B	5	3044
00	154D	5	3044
00	154F	5	3044
00	1550	5	3044
00	1552	5	3044
00	1554	5	3044
00	1556	5	3044
00	1559	5	3044
00	155A	5	3044
00	155D	5	3044
00	155E	5	3044
00	155F	5	3044
00	1560	5	3044
00	1562	5	3044
00	1563	5	3044
00	1564	5	3044
00	1565	5	3044
00	1566	5	3044
00	1567	5	3044
00	156A	5	3044
00	156D	5	3044
00	156F	5	3044
00	1570	5	3044
00	1572	5	3044
00	1575	5	3044
00	1577	5	3044
00	1579	5	3044
00	157A	5	3044
00	157C	5	3044
00	157E	5	3044
00	1580	5	3044
00	1583	5	3044
00	1585	5	3044
00	1620	984	326
00	1622	984	326
00	1624	595	326
00	1626	595	326
00	163E	595	326
00	1640	595	326
00	1642	595	326
00	1643	595	326
00	1645	595	326
00	1647	595	326
00	164A	595	326
00	164C	595	326
00	164E	595	326
00	1651	595	326
00	1652	595	326
00	1655	595	326
00	1656	595	326
00	1658	595	326
00	165B	595	326
00	165D	595	326
00	165E	595	326
00	1660	595	326
00	1663	595	326
00	1665	595	326
00	1668	595	326
00	1669	389	5773
00	166A	389	5773
00	166C	389	5773
00	166E	389	5773
00	1670	389	5773
00	1671	389	5773
00	1673	389	5773
00	1675	389	5773
00	1678	389	5773
00	1679	389	5773
00	167B	389	5773
00	167C	389	5773
00	167E	389	5773
00	1681	389	5773
00	1683	389	5773
00	16A2	3	6613
00	16A5	3	6613
00	16A7	3	6613
00	16AA	3	6613
00	16AB	3	6613
00	16AD	3	6613
00	16AE	3	6613
00	16AF	3	6613
00	16B2	3	6613
00	16B3	3	6613
00	16B4	3	6613
00	16B7	3	6613
00	16B8	3	6613
00	16BB	3	6613
00	16BC	3	6613
00	16BD	3	6613
00	16BF	3	6613
00	16C0	3	6613
00	16C3	3	6613
00	16C4	64902	6177
00	16C5	64902	6177
00	16C7	64902	6177
00	16C9	64902	6177
00	16CB	64450	6177
00	16CC	64450	6177
00	16CD	452	6177
00	16D0	452	6177
00	16D2	452	6177
00	16D3	452	6177
00	16D4	452	6178
00	16D5	452	6178
00	16D6	452	6178
00	16D8	452	6178
00	16D9	452	6178
00	1711	2	17
00	1713	2	17
00	1715	2	17
00	1716	2	17
00	1718	2	17
00	171A	2	17
00	171C	2	17
00	171F	2	17
00	1722	2	22
00	1724	2	22
00	1725	2	22
00	1727	2	22
00	172A	2	22
00	172C	2	22
00	20A0	2	8
00	20A3	2	8
00	20A6	7039	0
00	20A9	7037	17
00	20AC	37	83
00	20AF	37	83
00	20B2	1	6179
00	20B5	1	6179
00	20C4	2	323
00	20C7	2	323
00	20E8	23	43
00	20EB	23	43
00	20EE	7102	8
00	20F0	7102	8
00	20F3	7102	8
00	20F5	7102	8
00	20F8	14023	8
00	20FA	14023	8
00	20FD	14023	8
00	20FF	28046	8
00	2101	28046	8
00	2104	28046	8
00	2105	28046	8
00	2107	28046	8
00	210A	28046	8
00	210B	7102	8
00	210E	7102	8
00	2111	7102	8
00	2114	7102	8
00	2116	63	43
00	2119	63	43
00	211B	63	43
00	211D	7100	17
00	211F	7100	17
00	2120	7100	17
00	2123	7100	17
00	2124	7100	17
00	2125	2	0
00	2126	2	0
00	2128	2	0
00	2129	7039	0
00	212C	7039	0
00	212E	7039	0
00	2130	2	0
00	2132	2	0
00	2141	7100	17
00	2144	7100	17
00	2146	7100	17
00	2148	7100	17
00	214B	7100	17
00	214D	7100	17
00	214E	7100	17
00	215E	2210	44
00	2161	2210	44
00	2164	2210	44
00	2167	2210	44
00	216A	2210	44
00	216B	2210	44
00	216C	2210	44
00	216F	4711	44
00	2172	4711	44
00	2175	4711	44
00	2178	4711	44
00	217B	4711	44
00	217C	4711	44
00	217D	4711	44
00	217E	4711	44
00	217F	4711	44
00	2180	4711	44
04	4000	2	8
04	4002	2	8
04	4005	2	8
04	4008	2	8
04	4009	2	8
04	400C	2	8
04	400D	2	8
04	4010	2	8
04	4012	2	8
04	4013	126	8
04	4014	126	8
04	4015	126	8
04	4017	2	8
04	4018	2	8
04	401B	2	8
04	401C	2	8
04	401F	2	8
04	4021	2	8
04	4024	2	8
04	4027	2	8
04	402A	2	8
04	402D	2	8
04	402F	2	8
04	4032	2	8
04	4035	2	8
04	4037	2	8
04	403A	2	8
04	403B	2	8
04	403D	2	8
04	4040	2	8
04	4043	16	8
04	4044	16	8
04	4045	16	8
04	4046	16	8
04	4048	2	8
04	4049	2	8
04	404B	2	8
04	404E	2	8
04	4051	8	8
04	4052	8	8
04	4053	8	8
04	4054	8	8
04	4056	2	8
04	4058	2	8
04	405A	2	8
04	405C	2	8
04	405E	2	8
04	4060	2	8
04	4062	2	8
04	4064	2	8
04	4066	2	8
04	4068	2	8
04	406A	2	8
04	406C	2	8
04	406E	2	8
04	4070	2	8
04	4072	2	8
04	4074	2	8
04	4076	2	8
04	4078	2	8
04	407A	2	8
04	407C	2	8
04	407F	2	8
04	4082	7037	17
04	4083	7037	17
04	4084	7037	17
04	4087	7037	17
04	408A	7037	17
04	408C	7037	17
04	408F	7037	17
04	4090	7037	17
04	4091	7037	17
04	4092	7037	17
04	4094	7037	17
04	4095	7037	17
04	4096	7037	17
04	4097	7037	17
04	4099	7037	17
04	409A	7037	17
04	409B	7037	17
04	409D	7037	17
04	40AC	7037	17
04	40AD	7037	17
04	40AE	7037	17
04	40B1	28148	17
04	40B4	28148	17
04	40B7	28148	17
04	40B9	7037	17
04	40BC	28148	17
04	40BF	28148	17
04	40C2	28148	17
04	40C4	7037	17
04	40C7	7037	17
04	40C8	7037	17
04	40CA	7037	17
04	40CB	7037	17
04	40CC	7037	17
04	40CE	7037	17
04	40D0	7037	17
04	40D3	7037	17
04	40D5	7037	17
04	40D8	7037	17
04	40D9	7037	17
04	40DA	7037	17
04	40DB	7037	17
04	40DD	7037	17
04	40DE	7037	17
04	40DF	7037	17
04	40E0	7037	17
04	40E2	7037	17
04	40E3	7037	17
04	40E4	7037	17
04	40E6	7037	17
04	40E8	1347	503
04	40EB	5388	503
04	40EE	5388	503
04	40F1	5388	503
04	40F3	1347	503
04	40F5	5721	17
04	40F6	5721	17
04	40F7	5721	17
04	40FA	22884	17
04	40FD	22884	17
04	4100	22884	17
04	4102	5721	17
04	4105	22884	17
04	4108	22884	17
04	410B	22884	17
04	410D	5721	17
04	4110	5721	17
04	4111	5721	17
04	4113	5721	17
04	4114	5721	17
04	4115	5721	17
04	4117	5721	17
04	4119	7037	17
04	411C	28148	17
04	411F	28148	17
04	4122	28148	17
04	4124	7037	17
04	4127	7037	17
04	4128	7037	17
04	412A	470	17
04	412C	7037	17
04	412D	7037	17
04	4130	7037	17
04	4132	7037	17
04	4135	7037	17
04	4138	56296	17
04	4139	56296	17
04	413B	56296	17
04	413C	56296	17
04	413D	56296	17
04	413F	56296	17
04	4140	56296	17
04	4141	56296	17
04	4143	7037	17
04	4144	7037	17
04	4147	7037	17
04	4148	7037	17
04	4149	7037	17
04	414C	7074	17
04	414F	7074	17
04	4151	7074	17
04	4153	7090	17
04	4156	7090	17
04	4158	7090	17
04	415F	14164	17
04	4162	14164	17
04	4163	14164	17
04	4164	14164	17
04	4165	14164	17
04	4166	14164	17
04	4167	56520	17
04	416A	56520	17
04	416B	56520	17
04	416C	42393	17
04	416D	42393	17
04	416F	42393	17
04	4170	42393	17
04	4171	42393	17
04	4173	42393	17
04	4174	42393	17
04	4175	42393	17
04	4176	42393	17
04	4177	509	84
04	417A	509	84
04	417C	509	84
04	417E	509	84
04	4180	229	44
04	4183	229	44
04	4185	229	44
04	4187	229	44
04	4189	312	84
04	418C	312	84
04	418E	312	84
04	4190	312	84
04	4192	501	502
04	4195	501	502
04	4197	501	502
04	4199	501	502
04	419B	19795	17
04	419E	19795	17
04	41A0	19795	17
04	41A2	21346	17
04	41A5	21346	17
04	41A6	21346	17
04	41A7	21346	17
04	41A8	21346	17
04	41A9	21346	17
04	41AA	21346	17
04	41AB	21346	17
04	41AC	79180	17
04	41AF	79180	17
04	41B0	79180	17
04	41B1	59385	17
04	41B2	59385	17
04	41B4	59385	17
04	41B5	59385	17
04	41B6	59385	17
04	41B8	59385	17
04	41B9	59385	17
04	41BA	59385	17
04	41BB	59385	17
04	41BD	59385	17
04	41BE	59385	17
04	41BF	59385	17
04	41C0	37	83
04	41C1	37	83
04	41C2	37	83
04	41C5	37	83
04	41C8	37	83
04	41CB	37	83
04	41CD	37	83
04	4219	37	83
04	421C	37	83
04	421E	37	83
04	4221	37	83
04	4222	37	83
04	4225	49	83
04	4228	49	83
04	4229	49	83
04	422C	49	83
04	422D	49	83
04	422F	49	83
04	4231	49	83
04	4234	49	83
04	4236	12	83
04	4239	12	83
04	423A	12	83
04	423D	12	83
04	423E	12	83
04	4241	12	83
04	4244	12	83
04	4246	12	83
04	4249	12	83
04	424C	12	83
04	4284	37	83
04	4287	20	43
04	4288	20	43
04	4289	20	43
04	428C	20	43
04	428D	20	43
04	4290	20	43
04	4291	20	43
04	4294	20	43
04	4295	20	43
04	4298	20	43
04	4299	20	43
04	429C	20	43
04	429F	20	43
04	42A2	62	43
04	42A5	62	43
04	42A7	42	501
04	42AA	42	501
04	42AE	18	43
04	42B1	18	43
04	42B2	18	43
04	42B5	18	43
04	42B6	18	43
04	42B7	18	43
04	42B8	38	43
04	42BB	38	43
04	42BD	20	43
04	42D6	23	43
04	42D9	23	43
04	42DA	23	43
04	42DC	4	3252
04	42DF	4	3252
04	42E0	4	3252
04	42E2	4	3252
04	42E5	4	3252
04	42E7	4	3252
04	42E9	4	3252
04	430A	57	43
04	430B	57	43
04	430E	57	43
04	4310	57	43
04	4311	57	43
04	4319	57	43
04	431B	57	43
04	431D	57	43
04	4320	57	43
04	4321	57	43
04	4322	57	43
04	4323	57	43
04	4324	57	43
04	4325	57	43
04	4328	57	43
04	4329	57	43
04	432A	57	43
04	432B	57	43
04	432C	57	43
04	432D	57	43
04	432E	57	43
04	4331	57	43
04	4332	57	43
04	4335	57	43
04	4336	57	43
04	4339	57	43
04	433A	57	43
04	433D	57	43
04	433E	57	43
04	4341	57	43
04	4342	57	43
04	4343	57	43
04	4344	57	43
04	4347	57	43
04	4348	57	43
04	434B	57	43
04	434C	111	43
04	434F	111	43
04	4350	111	43
04	4353	111	43
04	4354	111	43
04	4356	111	43
04	4357	111	43
04	4358	111	43
04	435B	111	43
04	435C	111	43
04	435F	111	43
04	4360	111	43
04	4363	111	43
04	4364	111	43
04	4367	111	43
04	4368	111	43
04	436B	111	43
04	436C	111	43
04	436F	111	43
04	4370	111	43
04	4373	111	43
04	4374	111	43
04	4377	111	43
04	4378	111	43
04	4379	54	83
04	437C	54	83
04	437E	54	83
04	437F	54	83
04	4380	54	83
04	4382	54	83
04	4383	54	83
04	4384	54	83
04	4385	54	83
04	4386	111	44
04	4388	111	44
04	4389	111	44
04	438A	111	44
04	438B	111	44
04	438C	111	44
04	438D	111	44
04	438E	111	44
04	438F	111	44
04	4390	111	44
04	4393	111	44
04	4394	111	44
04	4397	111	44
04	4398	111	44
04	439B	111	44
04	439C	111	44
04	439D	111	44
04	439E	111	44
04	43A1	111	44
04	43A2	111	44
04	43A3	111	44
04	43A4	111	44
04	43A5	111	44
04	43A6	111	44
04	43A7	111	44
04	43A8	111	44
04	43A9	111	44
04	43AB	111	44
04	43AC	111	44
04	43AD	111	44
04	43AE	111	44
04	43AF	111	44
04	43B0	111	44
04	43B1	111	44
04	43B2	111	44
04	43B4	111	44
04	43B5	111	44
04	43B7	111	44
04	43B8	111	44
04	43B9	111	44
04	43BA	111	44
04	43BB	111	44
04	43BC	111	44
04	43BE	111	44
04	43BF	111	44
04	43C0	111	44
04	43C1	111	44
04	43C2	111	44
04	43C3	111	44
04	43C4	111	44
04	43C6	111	44
04	43C7	111	44
04	43C8	111	44
04	43C9	111	44
04	43CA	111	44
04	43CB	111	44
04	43CC	111	44
04	43CD	111	44
04	43CE	111	44
04	43CF	111	44
04	43D0	111	44
04	43D1	111	44
04	43D2	111	44
04	43D3	111	44
04	43D4	111	44
04	43D5	111	44
04	43D6	111	44
04	43D7	111	44
04	43D8	111	44
04	43DA	111	44
04	43DB	111	44
04	4429	2	323
04	442C	2	323
04	4433	2	323
04	4435	2	323
04	4438	2	323
04	443B	8	323
04	443E	8	323
04	443F	8	323
04	4442	8	323
04	4443	8	323
04	4445	8	323
04	4448	8	323
04	444A	2	323
04	453A	7037	17
04	453D	7037	17
04	453E	7037	17
04	453F	6959	17
04	4542	6959	17
04	4543	6959	17
04	455A	5388	503
04	455D	5388	503
04	455E	5388	503
04	4561	5388	503
04	4562	5388	503
04	4563	5388	503
04	4565	5388	503
04	4566	5184	503
04	4569	5184	503
04	456C	51032	17
04	456F	51032	17
04	4570	51032	17
04	4573	51032	17
04	4574	51032	17
04	4575	51032	17
04	4577	51032	17
04	4578	15983	44
04	457A	15983	44
04	457C	111	44
04	457D	111	44
04	4580	111	44
04	4581	111	44
04	4582	15983	44
04	4585	15983	44
04	4586	15983	44
04	4587	15983	44
04	4588	15983	44
04	458A	14079	85
04	458B	14079	85
04	458C	14079	85
04	458E	1904	44
04	458F	1904	44
04	4590	1904	44
04	4591	1904	44
04	4592	1904	44
04	4593	1904	44
04	4594	1904	44
04	4597	1904	44
04	4598	1904	44
04	459B	4581	44
04	459E	4581	44
04	459F	4581	44
04	45A2	4581	44
04	45A3	4581	44
04	45A6	4581	44
04	45A7	4581	44
04	45AA	4581	44
04	45AC	4581	44
04	45AE	505	510
04	45AF	505	510
04	45B2	505	510
04	45B3	505	510
04	45B4	505	510
04	45B6	4076	44
04	45B7	4076	44
04	45BA	4076	44
04	45BB	4076	44
04	45BD	4076	44
04	45BF	1953	44
04	45C0	4581	44
04	45C2	4581	44
04	45C5	3030	44
04	45C7	3030	44
04	45CA	1193	44
04	45CD	1193	44
04	45CF	1193	44
04	45D0	1193	44
04	45D1	1193	44
04	45D3	1193	44
04	45D4	1193	44
04	45D5	1193	44
04	45D6	1193	44
04	45D7	1193	44
04	45D8	1193	44
04	45D9	1193	44
04	45DA	1193	44
04	45DB	67	44
04	45DE	67	44
04	45DF	67	44
04	45E2	67	44
04	45E3	67	44
04	45E4	67	44
04	45E5	67	44
04	45E6	15916	84
04	45E9	15916	84
04	45EA	15916	84
04	45EB	15916	84
04	45EC	15916	84
04	45EE	2332	517
04	45EF	2332	517
04	45F2	2332	517
04	45F3	2332	517
04	45F5	2332	517
04	45F7	13584	84
04	45FA	13584	84
04	45FB	13584	84
04	45FC	13584	84
04	45FD	15916	84
04	45FE	15916	84
04	4600	15916	84
04	4602	6804	89
04	4603	15916	84
04	4606	15916	84
04	4609	15916	84
04	460A	15916	84
04	460B	15916	84
04	460C	15916	84
04	460E	3379	502
04	460F	3379	502
04	4612	3379	502
04	4613	3379	502
04	4614	3379	502
04	4615	3379	502
04	4618	3379	502
04	4619	3379	502
04	461A	3379	502
04	461B	3379	502
04	461C	3379	502
04	461D	3379	502
04	461F	3379	502
04	4623	12537	84
04	4626	12537	84
04	4627	12537	84
04	4628	12537	84
04	462A	12537	84
04	462E	3379	502
04	462F	3379	502
04	4631	3379	502
04	4632	3379	502
04	4633	3379	502
04	4635	3379	502
04	4636	3379	502
04	4638	3379	502
04	4639	3379	502
04	463B	3379	502
04	463C	3379	502
04	463E	3379	502
04	463F	3379	502
04	4640	15916	84
04	4641	15916	84
04	4642	15916	84
04	4644	1048	502
04	4647	1048	502
04	4649	1048	502
04	464C	1048	502
04	464D	15916	84
04	464E	15916	84
04	464F	15916	84
04	4650	15916	84
04	4652	297	502
04	4655	297	502
04	4657	297	502
04	465A	297	502
04	465B	15916	84
04	465D	15916	84
04	4660	15916	84
04	4661	15916	84
04	4664	15916	84
04	4665	15916	84
04	4668	21100	84
04	466A	21100	84
04	466C	1444	502
04	466F	1444	502
04	4670	1444	502
04	4671	1444	502
04	4673	1444	502
04	4675	1444	502
04	4676	1444	502
04	4677	1444	502
04	467A	1444	502
04	467B	1444	502
04	467C	1444	502
04	467D	1444	502
04	467E	1444	502
04	467F	1444	502
04	4680	1444	502
04	4681	1444	502
04	4684	1444	502
04	4685	1444	502
04	4686	1444	502
04	4687	1444	502
04	4688	1444	502
04	4689	1444	502
04	468A	1444	502
04	468B	1444	502
04	468E	1444	502
04	468F	1444	502
04	4690	1444	502
04	4692	1444	502
04	4694	1444	502
04	4695	1444	502
04	4696	1444	502
04	4697	1444	502
04	4698	1444	502
04	4699	1444	502
04	469A	1444	502
04	469D	1444	502
04	469E	1444	502
04	469F	1444	502
04	46A0	1444	502
04	46A1	1444	502
04	46A4	1444	502
04	46A5	1444	502
04	46A8	21100	84
04	46AA	21100	84
04	46BF	21100	84
04	46C1	21100	84
04	46C3	109	84
04	46C6	109	84
04	46C7	109	84
04	46C8	109	84
04	46C9	109	84
04	46CA	109	84
04	46CD	109	84
04	46CF	109	84
04	46D1	109	84
04	46D3	109	84
04	46D5	109	84
04	46D7	109	84
04	46D8	109	84
04	46D9	109	84
04	46DA	109	84
04	46DD	109	84
04	46DE	109	84
04	46DF	109	84
04	46E2	109	84
04	46E3	109	84
04	46E6	21100	84
04	46E7	21100	84
04	4756	1837	84
04	4758	1837	84
04	475B	1837	84
04	475D	1837	84
04	475E	1837	84
04	4760	1837	84
04	4762	1837	84
04	4763	1837	84
04	4764	1837	84
04	4765	1837	84
04	4768	1837	84
04	4769	1837	84
04	476C	1837	84
04	476D	1837	84
04	476E	1837	84
04	476F	1837	84
04	4770	1837	84
04	4771	1837	84
04	4772	1837	84
04	4773	1837	84
04	4774	1837	84
04	4777	15	1049
04	477A	15	1049
04	477B	15	1049
04	477E	15	1049
04	477F	15	1049
04	4782	15	1049
04	4783	15	1049
04	4784	15	1049
04	4786	15	1049
04	4789	15	1049
04	478A	15	1049
04	478B	15	1049
04	478C	15	1049
04	478D	15	1049
04	478F	15	1049
04	4790	15	1049
04	4793	15	1049
04	4794	15	1049
04	4795	15	1049
04	4796	15	1049
04	4797	15	1049
04	4798	15	1049
04	4799	15	1049
04	479A	15	1049
04	479B	19	1049
04	479E	19	1049
04	479F	19	1049
04	47A0	19	1049
04	47A3	31	924
04	47A6	31	924
04	47A7	31	924
04	47AA	31	924
04	47AB	31	924
04	47AE	31	924
04	47AF	31	924
04	47B0	31	924
04	47B1	31	924
04	47B4	7	2571
04	47B5	7	2571
04	47B6	7	2571
04	47B7	7	2571
04	47B8	7	2571
04	47BA	7	2571
04	47BB	7	2571
04	47BE	7	2571
04	47BF	7	2571
04	47C0	7	2571
04	47C1	7	2571
04	47C2	7	2571
04	47E3	58	44
04	47E6	58	44
04	47E8	58	44
04	47EB	58	44
04	47ED	37	84
04	47F0	58	44
04	47F3	58	44
04	47F4	58	44
04	47F5	58	44
04	47F8	58	44
04	47FB	58	44
04	47FC	58	44
04	47FD	58	44
04	47FE	58	44
04	47FF	58	44
04	4800	58	44
04	4803	58	44
04	4804	58	44
04	4806	58	44
04	480C	58	44
04	480E	58	44
04	480F	58	44
04	4811	58	44
04	4812	58	44
04	4813	58	44
04	4816	58	44
04	4817	58	44
04	4818	58	44
04	483A	111	44
04	483D	111	44
04	484E	335	44
04	4851	335	44
04	4852	335	44
04	4854	335	44
04	4856	320	44
04	4859	320	44
04	485C	320	44
04	485E	320	44
04	485F	320	44
04	4862	320	44
04	4864	320	44
04	4865	320	44
04	4866	320	44
04	4867	320	44
04	4868	320	44
04	4869	320	44
04	486A	320	44
04	486B	320	44
04	486C	320	44
04	486D	320	44
04	486E	320	44
04	486F	320	44
04	4870	320	44
04	4871	320	44
04	4872	320	44
04	4873	320	44
04	4876	320	44
04	4878	320	44
04	487B	320	44
04	487E	15	502
04	4881	15	502
04	4883	15	502
04	4886	15	502
04	4889	821	44
04	488A	821	44
04	488C	821	44
04	488D	821	44
04	488E	821	44
04	488F	821	44
04	4890	821	44
04	4891	821	44
04	4894	821	44
04	4895	821	44
04	4896	396	532
04	4899	396	532
04	489A	396	532
04	489D	396	532
04	489E	396	532
04	48A1	396	532
04	48A2	396	532
04	48A5	396	532
04	48A6	396	532
04	48A7	396	532
04	48A9	396	532
04	48AA	396	532
04	48AB	396	532
04	48AC	396	532
04	48AD	417	532
04	48AE	417	532
04	48B0	417	532
04	48B2	294	533
04	48B5	294	533
04	48B6	294	533
04	48B7	294	533
04	48B9	123	532
04	48BA	123	532
04	48BB	123	532
04	48BC	123	532
04	48BF	123	532
04	48C0	123	532
04	48C1	123	532
04	48C2	123	532
04	48C3	123	532
04	48C4	123	532
04	48C5	123	532
04	48C6	417	532
04	48C7	417	532
04	48C8	417	532
04	48C9	417	532
04	48CA	417	532
04	48CD	417	532
04	48CF	417	532
04	48D2	417	532
04	48D5	21	758
04	48D8	21	758
04	48D9	21	758
04	48DC	21	758
04	48DD	21	758
04	48E0	21	758
04	48E1	21	758
04	48E4	21	758
04	48E5	21	758
04	48E6	21	758
04	48E7	21	758
04	48E8	21	758
04	48E9	21	758
04	48EA	21	758
04	48EC	15	502
04	48EF	15	502
04	48F0	15	502
04	48F3	15	502
04	48F4	15	502
04	48F7	15	502
04	48F8	15	502
04	48FB	15	502
04	48FC	15	502
04	48FD	15	502
04	48FF	15	502
04	4905	15	502
04	4925	14	502
04	4928	14	502
04	492A	111	44
04	492D	111	44
04	492F	111	44
04	4932	111	44
04	4935	111	44
04	4938	111	44
04	4939	111	44
04	493C	111	44
04	493D	111	44
04	493E	111	44
04	4941	111	44
04	4942	111	44
04	4943	111	44
04	4944	111	44
04	4970	15	502
04	4973	140	44
04	4976	140	44
04	4977	140	44
04	497A	140	44
04	497B	140	44
04	497C	140	44
04	497F	140	44
04	4980	140	44
04	4981	140	44
04	4A2B	1551	44
04	4A2D	1551	44
04	4A2F	1551	44
04	4A30	1551	44
04	4A32	1551	44
04	4A34	1551	44
04	4A35	1551	44
04	4A36	1551	44
04	4A39	1551	44
04	4A3A	1551	44
04	4A3D	1551	44
04	4A3E	1551	44
04	4A3F	1551	44
04	4A42	1551	44
04	4A43	1551	44
04	4A44	1551	44
04	4A46	1551	44
04	4A49	1551	44
04	4A4B	2210	44
04	4A4C	2210	44
04	4A4F	2210	44
04	4A50	3761	44
04	4A52	3761	44
04	4A54	2210	44
04	4A56	2210	44
04	4A58	937	44
04	4A5A	937	44
04	4A69	1273	44
04	4A6B	1273	44
04	4A6D	1273	44
04	4A6F	1273	44
04	4A70	1273	44
04	4A71	1273	44
04	4A73	937	44
04	4A75	937	44
04	4A77	937	44
04	4A79	937	44
04	4A7A	937	44
04	4A7B	937	44
04	4A7C	937	44
04	4A7E	937	44
04	4A7F	937	44
04	4A81	1551	44
04	4A82	1551	44
04	4A83	1551	44
04	4A84	1551	44
04	4A87	1551	44
04	4A88	1551	44
04	4A89	1551	44
04	4A8C	1551	44
04	4A8F	1551	44
04	4A92	1551	44
04	4A93	1551	44
04	4A94	1551	44
04	4A95	1551	44
04	4A98	1551	44
04	4A99	1551	44
04	4A9C	1551	44
04	4A9E	1551	44
04	4AA0	501	502
04	4AA1	501	502
04	4AA2	501	502
04	4AA3	501	502
04	4AA6	501	502
04	4AA8	501	502
04	4AAB	501	502
04	4AAC	501	502
04	4AAD	501	502
04	4AAE	501	502
04	4AAF	501	502
04	4AB0	501	502
04	4AB1	501	502
04	4AB2	501	502
04	4AB3	501	502
04	4AB4	501	502
04	4AB5	501	502
04	4AB6	501	502
04	4AB7	501	502
04	4AB8	501	502
04	4AB9	501	502
04	4ABA	501	502
04	4ABD	501	502
04	4ABE	1551	44
04	4ABF	1551	44
04	4AC1	1551	44
04	4AC3	738	44
04	4AC5	738	44
04	4AC7	509	84
04	4ACA	509	84
04	4ACC	229	44
04	4ACF	229	44
04	4AD1	813	84
04	4AD3	813	84
04	4AD5	312	84
04	4AD8	312	84
04	4ADA	501	502
04	4ADD	1551	44
04	4AE0	1551	44
04	4AE3	1551	44
04	4AE5	1551	44
04	4AE7	109	84
04	4AE9	1551	44
04	4AEC	1551	44
04	4AED	1551	44
04	4AF0	1551	44
04	4AF1	1551	44
04	4AF4	1551	44
04	4AF5	1551	44
04	4AF8	1551	44
04	4AF9	1551	44
04	4AFA	1551	44
04	4AFD	1551	44
04	4AFE	1551	44
04	4B01	1551	44
04	4B02	1551	44
04	4B05	1551	44
04	4B06	1551	44
04	4B07	1551	44
04	4B08	1551	44
04	4B0A	485	517
04	4B0C	485	517
04	4B0E	452	517
04	4B10	33	555
04	4B11	33	555
04	4B12	33	555
04	4B14	33	555
04	4B16	33	555
04	4B17	33	555
04	4B18	33	555
04	4B1A	1539	44
04	4B1D	1539	44
04	4B20	1539	44
04	4B21	1539	44
04	4B24	1539	44
04	4B25	1539	44
04	4B28	1539	44
04	4B29	1539	44
04	4B2C	1539	44
04	4B2D	1539	44
04	4B2F	1539	44
04	4B30	1539	44
04	4B33	1539	44
04	4B34	1539	44
04	4B37	1539	44
04	4B38	1539	44
04	4B3B	1539	44
04	4B3C	1539	44
04	4B3D	1539	44
04	4B3E	1539	44
04	4B3F	1539	44
04	4B40	1539	44
04	4B42	1539	44
04	4B43	1539	44
04	4B44	1539	44
04	4B46	1539	44
04	4B47	1539	44
04	4B48	1539	44
04	4B49	1539	44
04	4B4A	1539	44
04	4B4B	1539	44
04	4B4C	1539	44
04	4B4D	1539	44
04	4B4E	1539	44
04	4B4F	1539	44
04	4B50	1539	44
04	4B51	1539	44
04	4B52	1539	44
04	4B53	1539	44
04	4B54	1539	44
04	4B55	1539	44
04	4B56	1539	44
04	4B57	1539	44
04	4B58	1539	44
04	4B59	1539	44
04	4B5A	1539	44
04	4B5B	1539	44
04	4B5C	1539	44
04	4B5D	1539	44
04	4B5E	1539	44
04	4B61	1539	44
04	4B62	1551	44
04	4B63	1551	44
04	4BC9	28148	17
04	4BCC	28148	17
04	4BCD	28148	17
04	4BD0	28148	17
04	4BD1	28148	17
04	4BD3	28148	17
04	4BD4	13575	85
04	4BD5	13575	85
04	4BD6	13575	85
04	4BD8	13575	85
04	4BD9	380	85
04	4BDB	22884	17
04	4BDE	22884	17
04	4BDF	22884	17
04	4BE2	22884	17
04	4BE3	22884	17
04	4BE5	22884	17
04	4BE6	10243	84
04	4BE7	10243	84
04	4BE8	10243	84
04	4BEA	10243	84
04	4BEB	10227	85
04	4BEC	10227	85
04	4BED	10227	85
04	4BEE	10227	85
04	4BEF	10227	85
04	4BF0	10227	85
04	4BF1	10227	85
04	4BF2	10227	85
04	4BF4	10227	85
04	4BF6	10211	85
04	4BF7	10211	85
04	4BF8	10211	85
04	4BF9	10211	85
04	4BFA	10205	85
04	4BFB	10205	85
04	4BFC	1485	87
04	4BFF	1485	87
04	4C00	1485	87
04	4C01	1485	87
04	4C03	1485	87
04	4C05	1485	87
04	4C07	1485	87
04	4C09	1485	87
04	4C0A	1485	87
04	4C0B	16	1676
04	4C0E	16	1676
04	4C0F	88	44
04	4C10	88	44
04	4C11	88	44
04	4C14	28148	17
04	4C17	28148	17
04	4C18	28148	17
04	4C1B	28148	17
04	4C1C	28148	17
04	4C1D	28148	17
04	4C1F	28148	17
04	4C20	14625	44
04	4C21	14625	44
04	4C22	14625	44
04	4C25	14625	44
04	4C26	14625	44
04	4C27	14625	44
04	4C2A	14625	44
04	4C2B	14625	44
04	4C2C	14625	44
04	4C2F	14625	44
04	4C30	14625	44
04	4C31	14625	44
04	4C33	14625	44
04	4C35	72	44
04	4C36	72	44
04	4C38	14553	84
04	4C3B	14553	84
04	4C3D	14553	84
04	4C3F	12045	85
04	4C42	12045	85
04	4C43	12045	85
04	4C46	12045	85
04	4C47	12045	85
04	4C49	832	513
04	4C4A	12045	85
04	4C4B	12045	85
04	4C4C	12045	85
04	4C4E	12045	85
04	4C50	12045	85
04	4C52	12045	85
04	4C54	12045	85
04	4C5F	2508	84
04	4C60	2508	84
04	4C62	2508	84
04	4C64	2508	84
04	4C66	1533	84
04	4C67	1533	84
04	4C6A	1533	84
04	4C6B	1533	84
04	4C6E	1533	84
04	4C70	1533	84
04	4C73	1533	84
04	4C76	1533	84
04	4C79	1533	84
04	4C7A	1533	84
04	4C7B	1533	84
04	4C7E	1533	84
04	4C7F	1533	84
04	4C81	1533	84
04	4C82	1533	84
04	4C83	1533	84
04	4C85	1533	84
04	4C8F	975	87
04	4C92	975	87
04	4C93	975	87
04	4C94	975	87
04	4C97	975	87
04	4C98	975	87
04	4C99	975	87
04	4C9B	975	87
04	4C9E	975	87
04	4C9F	975	87
04	4CA0	975	87
04	4CA1	975	87
04	4CA2	975	87
04	4CA4	975	87
04	4CD3	1533	84
04	4CD6	1533	84
04	4CD7	1533	84
04	4CD8	1533	84
04	4CDB	1533	84
04	4CDC	1533	84
04	4CDD	1533	84
04	4CDE	1533	84
04	4CE1	1533	84
04	4CE2	1533	84
04	4CE4	1533	84
04	4CE7	1533	84
04	4CE8	1533	84
04	4CEB	1533	84
04	4CEC	1533	84
04	4CED	1533	84
04	4CEE	1533	84
04	4CEF	1533	84
04	4CF0	1533	84
04	4CF2	1533	84
04	4CF4	196	84
04	4CF7	196	84
04	4CF9	196	84
04	4CFA	196	84
04	4CFB	1533	84
04	4CFC	1533	84
04	4CFD	1533	84
04	4CFE	1533	84
04	4CFF	1533	84
04	4D02	12045	85
04	4D05	12045	85
04	4D07	12045	85
04	4D0A	12045	85
04	4D0D	12045	85
04	4D0E	12045	85
04	4D0F	12045	85
04	4D11	12045	85
04	4D13	6600	85
04	4D14	6600	85
04	4D15	6600	85
04	4D17	5301	85
04	4D18	5301	85
04	4D19	5301	85
04	4D1A	5301	85
04	4D1C	5301	85
04	4D1E	5301	85
04	4D21	5301	85
04	4D22	6600	85
04	4D23	6600	85
04	4D24	6600	85
04	4D25	6600	85
04	4D27	6600	85
04	4D28	6600	85
04	4D2A	844	507
04	4D2D	844	507
04	4D2F	844	507
04	4D30	844	507
04	4D31	844	507
04	4D32	844	507
04	4D34	5445	85
04	4D35	5445	85
04	4D36	5445	85
04	4D37	5445	85
04	4D39	5445	85
04	4D54	975	87
04	4D55	975	87
04	4D58	975	87
04	4D59	975	87
04	4D5C	975	87
04	4D5D	975	87
04	4D60	975	87
04	4D61	975	87
04	4D62	975	87
04	4D65	975	87
04	4D66	975	87
04	4D67	975	87
04	4D68	975	87
04	4D69	975	87
04	4D6A	975	87
04	4D6B	975	87
04	4D6C	975	87
04	4D6E	975	87
04	4D6F	975	87
04	4D70	975	87
04	4D90	975	87
04	4D93	975	87
04	4D94	975	87
04	4D97	975	87
04	4D98	975	87
04	4D99	975	87
04	4D9A	975	87
04	4D9D	5756	85
04	4DA0	5756	85
04	4DA2	5756	85
04	4DA4	4467	85
04	4DA7	4467	85
04	4DA9	4467	85
04	4DAC	4467	85
04	4DAE	2377	84
04	4DB1	2377	84
04	4DB3	2377	84
04	4DB6	13578	84
04	4DB9	13578	84
04	4DBB	13578	84
04	4DBD	2227	84
04	4DC0	2227	84
04	4DC3	13578	84
04	4DC5	13578	84
04	4DC7	1533	84
04	4DCA	1533	84
04	4DCD	13578	84
04	4DCF	13578	84
04	4DD0	2556	84
04	4DD3	1040	84
04	4DD6	1040	84
04	4DD7	1040	84
04	4DD8	1040	84
04	4DDB	1040	84
04	4DDC	1040	84
04	4DDE	1040	84
04	4DDF	1533	84
04	4DE0	1533	84
04	4DE3	1533	84
04	4DE4	1533	84
04	4DE5	1533	84
04	4DE8	1533	84
04	4DE9	1533	84
04	4DEC	1533	84
04	4DED	1533	84
04	4DF0	1533	84
04	4DF1	1533	84
04	4DF2	1533	84
04	4DF5	1533	84
04	4DF7	1533	84
04	4DF9	1533	84
04	4DFA	1533	84
04	4DFD	1533	84
04	4DFE	1533	84
04	4DFF	1533	84
04	4E02	1533	84
04	4E03	1533	84
04	4E04	1533	84
04	4E05	1533	84
04	4E08	1533	84
04	4E09	1533	84
04	4E0A	1533	84
04	4E0D	1533	84
04	4E0E	1533	84
04	4E0F	1533	84
04	4E12	1533	84
04	4E14	1533	84
04	4E15	1533	84
04	4E18	1533	84
04	4E19	1533	84
04	4E1C	1533	84
04	4E1D	1533	84
04	4E20	1533	84
04	4E21	1533	84
04	4E22	1533	84
04	4E25	1533	84
04	4E27	1533	84
04	4E29	1533	84
04	4E2A	1533	84
04	4E2D	1533	84
04	4E2E	1533	84
04	4E2F	1533	84
04	4E32	1533	84
04	4E33	1533	84
04	4E34	5301	85
04	4E35	5301	85
04	4E38	5301	85
04	4E3A	5301	85
04	4E3B	5301	85
04	4E3C	932	520
04	4E3D	932	520
04	4E3F	932	520
04	4E41	229	523
04	4E44	229	523
04	4E46	229	523
04	4E49	932	520
04	4E4A	932	520
04	4E4B	1533	84
04	4E4E	1533	84
04	4E4F	1533	84
04	4E52	1533	84
04	4E53	1533	84
04	4E56	1533	84
04	4E57	1533	84
04	4E5A	1533	84
04	4E5B	1533	84
04	4E5D	1533	84
04	4E5F	813	84
04	4E61	501	502
04	4E62	501	502
04	4E63	501	502
04	4E64	501	502
04	4E65	501	502
04	4E67	501	502
04	4E68	501	502
04	4E69	501	502
04	4E6A	501	502
04	4E6C	501	502
04	4E6D	501	502
04	4E6E	501	502
04	4E6F	501	502
04	4E70	501	502
04	4E78	501	502
04	4E7A	501	502
04	4E7C	501	502
04	4E7D	720	84
04	4E7E	720	84
04	4E7F	720	84
04	4E80	720	84
04	4E82	720	84
04	4E83	720	84
04	4E84	720	84
04	4E85	720	84
04	4E8F	720	84
04	4E90	720	84
04	4E91	720	84
04	4E92	720	84
04	4E93	720	84
04	4E94	720	84
04	4E95	720	84
04	4E96	720	84
04	4E97	720	84
04	4E98	720	84
04	4E99	720	84
04	4E9A	720	84
04	4E9B	312	84
04	4E9C	312	84
04	4E9E	312	84
04	4E9F	312	84
04	4EA0	312	84
04	4EA1	312	84
04	4EA9	312	84
04	4EAB	312	84
04	4EAE	312	84
04	4EAF	312	84
04	4EB0	126	84
04	4EB1	126	84
04	4EB4	126	84
04	4EB5	126	84
04	4EB7	126	84
04	4EB8	126	84
04	4EB9	126	84
04	4EBA	126	84
04	4EBB	126	84
04	4EBE	126	84
04	4EBF	126	84
04	4EC1	126	84
04	4EC3	2016	84
04	4EC4	2016	84
04	4EC5	2016	84
04	4EC6	2016	84
04	4EC7	2016	84
04	4EC9	126	84
04	4ECA	2227	84
04	4ECD	2227	84
04	4ECE	2227	84
04	4ED1	2227	84
04	4ED2	2227	84
04	4ED5	2227	84
04	4ED6	2227	84
04	4ED7	2227	84
04	4ED8	2227	84
04	4ED9	2227	84
04	4EDC	2227	84
04	4EDD	2227	84
04	4EE0	2227	84
04	4EE1	2227	84
04	4EE4	2227	84
04	4EE5	2227	84
04	4EE6	2227	84
04	4EE7	2227	84
04	4EE8	2227	84
04	4EEB	2227	84
04	4EED	2227	84
04	4EEF	959	84
04	4EF1	372	84
04	4EF2	372	84
04	4EF4	372	84
04	4EF5	1640	84
04	4EF6	1640	84
04	4EF7	1640	84
04	4EFA	1640	84
04	4EFB	1640	84
04	4EFE	1640	84
04	4F01	1640	84
04	4F02	1640	84
04	4F03	1640	84
04	4F05	1640	84
04	4F06	1640	84
04	4F09	1640	84
04	4F0A	1640	84
04	4F0B	1640	84
04	4F0C	1640	84
04	4F0D	1640	84
04	4F0E	1640	84
04	4F0F	1640	84
04	4F11	1640	84
04	4F17	1640	84
04	4F18	1640	84
04	4F19	1640	84
04	4F1A	1640	84
04	4F1D	1640	84
04	4F1E	1640	84
04	4F1F	1640	84
04	4F20	1640	84
04	4F22	1640	84
04	4F23	1640	84
04	4F24	1640	84
04	4F25	1640	84
04	4F28	1640	84
04	4F29	1640	84
04	4F2B	1640	84
04	4F2C	1640	84
04	4F2D	587	502
04	4F2E	587	502
04	4F2F	587	502
04	4F30	587	502
04	4F32	587	502
04	4F33	587	502
04	4F34	587	502
04	4F36	587	502
04	4F37	587	502
04	4F38	587	502
04	4F3A	587	502
04	4F3C	323	502
04	4F3E	323	502
04	4F3F	323	502
04	4F40	323	502
04	4F41	323	502
04	4F43	323	502
04	4F44	587	502
04	4F45	587	502
04	4F47	587	502
04	4F48	587	502
04	4F49	587	502
04	4F4A	587	502
04	4F4B	587	502
04	4F4D	587	502
04	4F4E	587	502
04	4F4F	1533	84
04	4F52	1533	84
04	4F53	1533	84
04	4F56	1533	84
04	4F57	1533	84
04	4F5A	1533	84
04	4F5B	1533	84
04	4F5E	1533	84
04	4F60	1533	84
04	4F62	1036	84
04	4F64	813	84
04	4F66	813	84
04	4F68	501	502
04	4F6B	501	502
04	4F6D	497	84
04	4F70	497	84
04	4F72	223	502
04	4F75	223	502
04	4F77	312	84
04	4F7A	1533	84
04	4F7C	1533	84
04	4F7E	1533	84
04	4F80	1533	84
04	4F90	1533	84
04	4F92	1533	84
04	4F93	1533	84
04	4F94	1533	84
04	4F95	1533	84
04	4F96	1533	84
04	4F97	2556	84
04	4F9A	2556	84
04	4F9B	2556	84
04	4F9E	2556	84
04	4F9F	2556	84
04	4FA2	2556	84
04	4FA3	2556	84
04	4FA4	2556	84
04	4FA5	2556	84
04	4FA8	2556	84
04	4FA9	2556	84
04	4FAB	2556	84
04	4FAD	1443	84
04	4FAF	776	502
04	4FB0	776	502
04	4FB1	776	502
04	4FB3	776	502
04	4FB5	776	502
04	4FB7	776	502
04	4FB8	1113	84
04	4FB9	1113	84
04	4FBA	1113	84
04	4FBB	1113	84
04	4FBC	1113	84
04	4FBD	1113	84
04	4FBE	1113	84
04	4FBF	1113	84
04	4FC0	667	84
04	4FC1	667	84
04	4FC3	667	84
04	4FC5	667	84
04	4FC6	667	84
04	4FC7	667	84
04	4FC9	667	84
04	4FCA	667	84
04	4FCB	312	84
04	4FCD	312	84
04	4FCF	312	84
04	4FD0	312	84
04	4FD1	312	84
04	4FD3	312	84
04	4FD4	2602	44
04	4FD7	2602	44
04	4FD8	2602	44
04	4FDA	2602	44
04	4FDC	2139	44
04	4FDE	2139	44
04	4FDF	2139	44
04	4FE0	2139	44
04	4FE1	2139	44
04	4FE3	2139	44
04	4FE4	2139	44
04	4FE5	463	84
04	4FE7	463	84
04	4FE9	463	84
04	4FEA	1640	84
04	4FEC	1640	84
04	4FEF	1640	84
04	4FF1	1640	84
04	4FF5	1640	84
04	4FF7	1640	84
04	4FF8	1640	84
04	4FF9	1640	84
04	4FFA	1640	84
04	4FFC	1640	84
04	4FFD	1640	84
04	5000	1640	84
04	5001	1640	84
04	5002	1640	84
04	5003	1640	84
04	5004	1640	84
04	5005	1640	84
04	5006	1640	84
04	5007	5494	44
04	5008	5494	44
04	500A	5494	44
04	500B	5494	44
04	500C	5494	44
04	500E	2899	504
04	500F	5494	44
04	5010	5494	44
04	5012	743	44
04	5013	5494	44
04	5014	5494	44
04	5016	812	502
04	5017	5494	44
04	5018	5494	44
04	501A	1699	502
04	501B	5494	44
04	501C	5494	44
04	501E	1443	44
04	501F	5494	44
04	5020	5494	44
04	5022	1505	84
04	5023	5494	44
04	5024	5494	44
04	5026	1405	44
04	5027	5494	44
04	5028	5494	44
04	5029	1422	84
04	502A	1422	84
04	502B	4708	84
04	502C	4708	84
04	502E	4708	84
04	5030	4708	84
04	5031	4708	84
04	5032	4708	84
04	5034	4708	84
04	5035	4708	84
04	5037	3422	84
04	5038	4708	84
04	5039	4708	84
04	503B	4299	84
04	503C	4708	84
04	503D	4708	84
04	503F	4199	84
04	5040	4708	84
04	5041	4708	84
04	5042	3756	84
04	5043	3756	84
0E	4000	3	327
0E	4003	3	327
0E	4005	3	327
0E	4007	3	327
0E	400D	3	327
0E	4010	3	327
0E	4011	3	327
0E	4013	2	327
0E	4014	2	327
0E	4017	2	327
0E	4019	1	1814
0E	401B	1	1814
0E	401E	3	327
0E	4021	3	775
0E	4024	3	775
0E	4027	3	775
0E	4028	3	775
0E	402A	3	775
0E	402C	3	775
0E	402D	3	775
0E	402F	3	775
0E	4031	3	775
0E	4033	3	775
0E	4034	3	775
0E	4036	3	775
0E	4038	3	775
0E	403A	3	775
0E	403D	3	775
0E	403F	3	775
0E	4041	3	775
0E	4044	3	775
0E	4045	3	775
0E	4046	3	775
0E	4048	3	775
0E	4049	3	775
0E	404B	3	775
0E	404E	3	775
0E	4050	3	775
0E	4052	3	775
0E	4053	3	775
0E	4055	3	775
0E	4058	3	775
0E	405A	3	775
0E	405D	3	775
0E	405E	3	775
0E	405F	1139	327
0E	4065	1139	327
0E	4068	1139	363
0E	406E	1139	363
0E	4071	1139	364
0E	4074	1139	364
0E	4076	1139	364
0E	4078	3	774
0E	407B	3	775
0E	407E	3	775
0E	407F	3	775
0E	4081	3	775
0E	4082	3	775
0E	4083	1139	327
0E	4086	1139	327
0E	4089	1139	327
0E	408A	1139	327
0E	408B	1139	327
0E	408C	1139	327
0E	408E	1139	327
0E	408F	1139	327
0E	4090	1139	327
0E	4091	1139	327
0E	4092	1139	327
0E	4093	1139	327
0E	40A2	2	327
0E	40A5	2	331
0E	40AB	2	363
0E	40AD	2	363
0E	40AE	2	363
0E	40B0	2	363
0E	40B2	2	363
0E	40B5	2	363
0E	40B8	2	363
0E	40B9	2	363
0E	40BB	2	363
0E	40BC	2	363
0E	40BF	2	363
0E	40C2	2	363
0E	40C5	2	363
0E	40C6	2	363
0E	40C9	2	363
0E	40CA	258	364
0E	40CD	258	364
0E	40CE	258	364
0E	40D1	258	364
0E	40D2	258	364
0E	40D3	258	364
0E	40D4	258	364
0E	40D7	258	364
0E	40D8	258	364
0E	40D9	258	364
0E	40DB	258	364
0E	40DC	258	364
0E	40DD	258	364
0E	40DF	258	364
0E	40E0	258	364
0E	40E1	258	364
0E	40E4	258	364
0E	40E5	258	364
0E	40E8	258	364
0E	40EA	258	364
0E	40EC	258	364
0E	40EE	256	364
0E	40F0	256	364
0E	40F2	256	364
0E	40F4	2	460
0E	40FA	2	475
0E	40FD	2	475
0E	40FF	2	475
0E	4102	2	475
0E	410B	258	364
0E	411A	3	476
0E	411D	3	476
0E	411F	3	476
0E	4121	3	476
0E	4122	3	476
0E	4124	3	476
0E	4126	3	476
0E	4128	3	476
0E	4129	3	476
0E	412B	3	476
0E	412D	3	476
0E	412F	3	476
0E	4132	3	476
0E	4134	3	476
0E	4136	3	476
0E	4139	3	476
0E	413A	3	476
0E	413B	3	476
0E	413D	3	476
0E	413E	3	476
0E	4140	3	476
0E	4143	3	476
0E	4145	3	476
0E	4147	3	476
0E	4148	3	476
0E	414A	3	476
0E	414D	3	476
0E	414F	3	476
0E	4150	3	476
0E	4153	3	476
0E	4156	3	485
0E	415C	3	501
0E	415E	3	501
0E	415F	3	501
0E	4161	3	501
0E	4163	3	501
0E	4166	3	501
0E	4169	3	501
0E	416A	3	501
0E	416C	3	501
0E	416D	3	501
0E	4170	3	501
0E	4173	3	501
0E	4176	3	501
0E	4177	3	501
0E	417A	3	501
0E	417B	873	502
0E	417E	873	502
0E	417F	873	502
0E	4181	557	502
0E	4184	557	502
0E	4185	557	502
0E	4188	557	502
0E	4189	557	502
0E	418A	557	502
0E	418B	557	502
0E	418E	557	502
0E	418F	557	502
0E	4190	557	502
0E	4194	557	502
0E	4196	557	502
0E	4197	557	502
0E	4198	557	502
0E	419B	557	502
0E	419C	557	502
0E	419F	873	502
0E	41A1	873	502
0E	41A3	873	502
0E	41A5	870	502
0E	41A7	870	502
0E	41A9	870	502
0E	41AB	870	502
0E	41AD	869	502
0E	41AF	869	502
0E	41B1	869	502
0E	41BA	1	554
0E	41BB	1	554
0E	41BE	1	554
0E	41C1	1	554
0E	41C3	1	554
0E	41C4	1	554
0E	41C6	1	554
0E	41C8	1	554
0E	41CB	1	554
0E	41CE	1	554
0E	41CF	1	554
0E	41D1	1	554
0E	41D4	1	554
0E	41D6	1	554
0E	41D9	1	554
0E	41DC	1	554
0E	41DF	1	554
0E	41E1	1	554
0E	41E4	1	555
0E	41E6	3	757
0E	41E8	3	757
0E	41E9	3	757
0E	41EB	3	757
0E	41ED	3	757
0E	41F0	3	757
0E	41F3	3	757
0E	41F4	3	757
0E	41F6	3	757
0E	41F9	3	757
0E	41FA	3	757
0E	41FD	873	502
0E	41FE	3	758
0E	4204	3	773
0E	4206	3	773
0E	4209	3	773
0E	4215	3	476
0E	4218	3	477
0E	421B	3	477
0E	421C	3	477
0E	421E	3	477
0E	421F	3	477
0E	4225	3	477
0E	4228	3	477
0E	422B	3	477
0E	422D	3	477
0E	422F	3	477
0E	4231	3	477
0E	4237	3	478
0E	423A	3	478
0E	423D	3	478
0E	423F	3	478
0E	4241	3	478
0E	4243	3	478
0E	4249	3	479
0E	424C	3	479
0E	424F	3	479
0E	4251	3	479
0E	4253	3	479
0E	4255	3	479
0E	425B	3	480
0E	425E	3	480
0E	4261	3	480
0E	4263	3	480
0E	4265	3	480
0E	4267	3	480
0E	426D	3	481
0E	4270	3	481
0E	4273	3	481
0E	4275	3	481
0E	4277	3	481
0E	4279	3	481
0E	427F	3	482
0E	4282	3	482
0E	4285	3	482
0E	4287	3	482
0E	4289	3	482
0E	428B	3	482
0E	4291	3	483
0E	4294	3	483
0E	4297	3	483
0E	4299	3	483
0E	429B	3	483
0E	429D	3	483
0E	42A3	3	484
0E	42A6	3	484
0E	42A9	3	484
0E	42AC	3	484
0E	42AE	3	484
0E	42B4	3	484
0E	42B7	3	484
0E	42BA	3	484
0E	42BD	3	484
0E	42BF	3	484
0E	42C5	3	484
0E	42C8	3	484
0E	42CB	3	484
0E	42CE	3	484
0E	42D0	3	484
0E	42D6	3	484
0E	42D9	3	484
0E	42DB	3	484
0E	42DE	3	485
0E	42E1	3	485
0E	42E4	3	485
0E	42E6	3	485
0E	42E8	3	485
0E	42EE	3	485
0E	42F1	3	485
0E	42F4	3	485
0E	42F7	3	485
0E	42F9	3	485
0E	42FB	3	485
0E	4301	3	485
0E	4304	3	485
0E	4307	3	485
0E	430A	3	485
0E	4310	3	485
0E	4311	4	484
0E	4314	4	484
0E	4317	4	484
0E	431A	4	484
0E	431D	4	484
0E	431E	4	484
0E	431F	4	484
0E	4320	4	484
0E	4322	4	484
0E	4323	4	484
0E	4324	4	484
0E	4325	4	484
0E	4326	4	484
0E	4327	4	484
0E	4329	4	484
0E	432F	4	484
0E	4334	4	485
0E	4337	4	485
0E	433A	4	485
0E	433B	4	485
0E	433C	4	485
0E	433D	4	485
0E	433F	4	485
0E	4340	4	485
0E	4341	4	485
0E	4342	4	485
0E	4343	4	485
0E	4344	4	485
0E	4347	4	485
0E	434A	4	485
0E	434F	2	327
0E	4352	2	328
0E	4355	2	328
0E	4356	2	328
0E	4358	2	328
0E	4359	2	328
0E	435F	2	328
0E	4362	2	328
0E	4365	2	328
0E	4367	2	328
0E	4369	2	328
0E	436B	2	328
0E	4371	2	329
0E	4374	2	329
0E	4377	2	329
0E	4379	2	329
0E	437B	2	329
0E	437D	2	329
0E	4383	2	330
0E	4386	2	330
0E	4389	2	330
0E	438C	2	330
0E	438E	2	330
0E	4394	2	330
0E	4397	2	330
0E	439A	2	330
0E	439D	2	330
0E	439F	2	330
0E	43A5	2	330
0E	43A7	2	330
0E	43AA	2	331
0E	43B0	2	331
1C	4000	2	17
1C	4006	2	327
1C	4007	3	327
1C	400D	3	775
1C	401D	1	5724
1C	4028	2	775
1C	402E	1	1814
1C	4030	1	1814
1F	4000	1	6149
1F	4003	1	6149
1F	4004	1	6149
1F	4007	1	6149
1F	400A	1	6149
1F	400D	1	6149
1F	4013	1	6149
1F	4015	1	6149
1F	4018	1	6149
1F	401B	1	6149
1F	401C	1	6149
1F	401E	1	6149
1F	4020	1	6149
1F	4023	1	6149
1F	4025	1	6149
1F	4028	1	6149
1F	402B	1	6149
1F	402D	1	6149
1F	4030	1	6149
1F	4032	1	6149
1F	4035	1	6149
1F	4037	1	6149
1F	4039	1	6149
1F	403B	1	6149
1F	403C	1	6149
1F	403E	1	6149
1F	4040	1	6149
1F	4042	1	6149
1F	4044	1	6149
1F	4046	1	6149
1F	4048	1	6149
1F	404E	1	6149
1F	4051	1	6149
1F	4054	1	6149
1F	4056	1	6149
1F	4058	1	6149
1F	405A	1	6149
1F	4060	1	6150
1F	4063	1	6150
1F	4066	1	6150
1F	4068	1	6150
1F	406A	1	6150
1F	406C	1	6150
1F	4072	1	6151
1F	4075	1	6151
1F	4078	1	6151
1F	407A	1	6151
1F	407C	1	6151
1F	407E	1	6151
1F	4084	1	6152
1F	4087	1	6152
1F	408A	1	6152
1F	408C	1	6152
1F	408E	1	6152
1F	4090	1	6152
1F	4096	1	6153
1F	4099	1	6153
1F	409C	1	6153
1F	409E	1	6153
1F	40A0	1	6153
1F	40A2	1	6153
1F	40A8	1	6154
1F	40AB	1	6154
1F	40AE	1	6154
1F	40B0	1	6154
1F	40B2	1	6154
1F	40B4	1	6154
1F	40BA	1	6155
1F	40BD	1	6155
1F	40C0	1	6155
1F	40C2	1	6155
1F	40C4	1	6155
1F	40C6	1	6155
1F	40CC	1	6156
1F	40CF	1	6156
1F	40D2	1	6156
1F	40D5	1	6156
1F	40D7	1	6156
1F	40DD	1	6156
1F	40E0	1	6156
1F	40E3	1	6156
1F	40E6	1	6156
1F	40E8	1	6156
1F	40EE	1	6156
1F	40F1	1	6156
1F	40F4	1	6156
1F	40F6	1	6156
1F	40F8	1	6156
1F	40FE	1	6156
1F	4101	1	6156
1F	4104	1	6156
1F	4107	1	6156
1F	4109	1	6156
1F	410F	1	6156
1F	4112	1	6156
1F	4115	1	6156
1F	4117	1	6156
1F	4119	1	6156
1F	411F	1	6156
1F	4122	1	6156
1F	4125	1	6156
1F	4128	1	6156
1F	412B	1	6156
1F	412E	1	6156
1F	4130	1	6156
1F	4132	1	6156
1F	4138	1	6156
1F	413B	1	6156
1F	413E	1	6156
1F	4141	1	6156
1F	4142	1	6156
1F	4145	1	6156
1F	4148	1	6156
1F	414B	1	6156
1F	414E	1	6156
1F	4151	1	6156
1F	4154	1	6156
1F	4157	1	6157
1F	4159	1	6157
1F	415C	1	6157
1F	415F	1	6157
1F	4162	1	6157
1F	4168	1	6157
1F	416A	1	6157
1F	416C	1	6157
1F	416D	1	6157
1F	416F	1	6157
1F	4171	1	6157
1F	4173	1	6157
1F	4175	1	6157
1F	4176	1	6157
1F	4179	1	6157
1F	417C	1	6157
1F	417F	1	6157
1F	4182	1	6157
1F	4185	1	6157
1F	4187	1	6157
1F	4189	1	6157
1F	418B	1	6157
1F	4191	1	6158
1F	4193	1	6158
1F	4194	1	6158
1F	4196	1	6158
1F	4198	1	6158
1F	419A	1	6158
1F	419C	1	6158
1F	419F	1	6159
1F	41A5	1	6159
1F	41A7	1	6159
1F	41A9	1	6159
1F	41AB	1	6159
1F	41B1	1	6175
1F	41B4	1	6175
1F	41B5	1	6175
1F	41B6	1	6175
1F	41B9	1	6175
1F	41BB	1	6175
1F	41C1	1	6179
1F	41C3	1	6179
1F	41C4	1	6179
1F	41C6	1	6179
1F	41C8	1	6179
1F	41CB	1	6179
1F	41CE	1	6179
1F	41CF	1	6179
1F	41D1	384	6179
1F	41D7	384	6179
1F	41DA	384	6179
1F	41E0	384	6179
1F	41E6	384	6179
1F	41F3	383	6179
1F	41F9	383	6179
1F	41FC	383	6179
1F	41FE	383	6179
1F	4200	383	6179
1F	4203	383	6179
1F	4206	383	6179
1F	4209	383	6179
1F	420A	383	6179
1F	420D	372	6179
1F	4210	372	6179
1F	4211	372	6179
1F	4214	372	6179
1F	4217	1	6576
1F	421A	1	6576
1F	421B	1	6576
1F	421D	1	6576
1F	421F	1	6576
1F	4220	1	6576
1F	4222	1	6576
1F	4224	1	6576
1F	4227	1	6576
1F	422A	1	6576
1F	422B	1	6576
1F	422D	1	6576
1F	4233	1	6605
1F	4239	1	6607
1F	423B	1	6607
1F	423D	1	6607
1F	423F	1	6607
1F	4242	1	6607
1F	4243	1	6607
1F	4245	1	6607
1F	4248	1	6607
1F	424E	1	6607
1F	4251	1	6607
1F	4291	3	6249
1F	4292	3	6249
1F	4295	3	6249
1F	4296	3	6249
1F	4297	3	6249
1F	4299	3	6249
1F	429B	3	6249
1F	429D	3	6249
1F	429F	1	6452
1F	42A1	1	6452
1F	42E5	2	6249
1F	42E8	2	6249
1F	42EA	2	6249
1F	4307	1	6452
1F	430A	1	6452
1F	430C	1	6452
1F	430D	1	6452
1F	4310	1	6452
1F	4312	1	6452
1F	4313	1	6452
1F	4315	1	6452
1F	4317	1	6452
1F	431A	1	6452
1F	431D	1	6452
1F	431E	1	6452
1F	4320	1	6452
1F	4323	1	6453
1F	4325	1	6453
1F	4328	1	6453
1F	432B	1	6453
1F	432C	1	6453
1F	432E	1	6453
1F	432F	1	6453
1F	4330	1	6453
1F	4331	1	6453
1F	4333	1	6453
1F	4334	1	6453
1F	4335	1	6453
1F	4338	1	6453
1F	4339	1	6453
1F	433C	1	6453
1F	433F	1	6453
1F	4341	1	6453
1F	4344	1	6453
1F	434A	1	6455
1F	4351	1	6452
1F	4354	1	6452
1F	4357	1	6452
1F	435A	1	6452
1F	435C	1	6452
1F	4362	1	6452
1F	4364	1	6452
1F	4367	1	6453
1F	436A	1	6453
1F	436D	1	6453
1F	436F	1	6453
1F	4371	1	6453
1F	4377	1	6453
1F	437A	1	6453
1F	437D	1	6453
1F	4380	1	6453
1F	4381	1	6453
1F	4384	1	6453
1F	4387	1	6453
1F	438A	1	6453
1F	438D	1	6453
1F	438E	1	6453
1F	4390	1	6453
1F	4396	1	6453
1F	4399	1	6453
1F	439C	1	6453
1F	439E	1	6453
1F	43A0	1	6453
1F	43A6	1	6453
1F	43A9	1	6453
1F	43AC	1	6453
1F	43AF	1	6453
1F	43B0	1	6453
1F	43B3	1	6453
1F	43B6	1	6453
1F	43B9	1	6453
1F	43F7	2	6156
1F	43FA	2	6156
1F	43FC	2	6156
1F	43FE	1	6156
1F	4401	1	6156
1F	4404	1	6156
1F	4406	1	6156
1F	4408	1	6156
1F	440E	1	6156
1F	4411	1	6156
1F	4414	1	6156
1F	4417	2	6156
1F	441A	2	6156
1F	441B	2	6156
1F	441D	2	6156
1F	441F	1	6468
1F	4422	1	6468
1F	4425	1	6468
1F	4428	1	6468
1F	442A	1	6468
1F	442C	1	6468
1F	4432	1	6468
1F	4435	1	6468
1F	4438	1	6468
1F	443B	1	6468
1F	443D	1	6468
1F	443E	1	6468
1F	4441	1	6468
1F	4443	1	6468
1F	4444	1	6468
1F	4447	1	6468
1F	444A	1	6468
1F	444D	1	6468
1F	444F	1	6156
1F	4452	1	6156
1F	4455	1	6156
1F	4457	1	6156
1F	4459	1	6156
1F	445F	1	6156
1F	4462	1	6156
1F	4465	1	6156
1F	4468	1	6156
1F	446A	1	6156
1F	446B	1	6156
1F	446E	1	6156
1F	4470	1	6156
1F	4471	1	6156
1F	4474	1	6156
1F	4477	1	6156
1F	447A	1	6156
1F	44C0	2	6156
1F	44C1	2	6156
1F	44C4	2	6156
1F	44C7	2	6156
1F	44C8	2	6156
1F	44CB	2	6156
1F	44D1	2	6156
1F	44D4	2	6157
1F	44D5	385	6156
1F	44D8	385	6156
1F	44D9	385	6156
1F	44DA	374	6156
1F	44DD	374	6156
1F	44DE	374	6156
1F	44DF	13	6156
1F	44E1	13	6156
1F	44E4	13	6156
1F	44E5	13	6156
1F	44E7	13	6156
1F	44E9	4	6468
1F	44EC	4	6468
1F	44EF	4	6468
1F	44F2	4	6468
1F	44F5	4	6468
1F	44F7	4	6468
1F	44FD	4	6468
1F	44FF	4	6468
1F	4502	4	6469
1F	4503	9	6156
1F	4506	9	6156
1F	4509	9	6156
1F	450C	9	6156
1F	450F	9	6156
1F	4510	9	6156
1F	4513	9	6156
1F	4515	9	6156
1F	4518	9	6156
1F	451E	9	6156
1F	4520	9	6156
1F	4523	9	6157
1F	4526	9	6157
1F	4527	9	6157
1F	452A	9	6157
1F	452C	9	6157
1F	452D	4	6209
1F	452E	4	6209
1F	4531	4	6209
1F	4561	383	6179
1F	4564	383	6179
1F	4565	383	6179
1F	4566	11	6458
1F	4567	11	6458
1F	456A	11	6458
1F	456C	1	6468
1F	456F	1	6469
1F	4572	1	6469
1F	4573	1	6469
1F	4574	1	6469
1F	4577	1	6469
1F	4579	1	6469
1F	457F	1	6473
1F	4582	1	6473
1F	4585	1	6473
1F	4586	1	6473
1F	4589	1	6473
1F	458C	1	6473
1F	458D	1	6473
1F	458F	10	6458
1F	4592	10	6458
1F	4593	10	6458
1F	4596	10	6458
1F	4597	10	6458
1F	459A	10	6458
1F	459B	10	6458
1F	459E	10	6458
1F	459F	10	6458
1F	45A0	10	6458
1F	45A1	10	6458
1F	45A4	10	6458
1F	45A5	10	6458
1F	45A8	10	6458
1F	45A9	10	6458
1F	45AC	10	6458
1F	45AD	10	6458
1F	45B0	10	6458
1F	45B1	10	6458
1F	45B4	10	6458
1F	45B5	10	6458
1F	45B8	10	6458
1F	45B9	10	6458
1F	45BA	10	6458
1F	45BB	10	6458
1F	45BE	10	6458
1F	45BF	10	6458
1F	45C2	10	6458
1F	45C3	11	6458
1F	45C6	11	6458
1F	45C9	11	6458
1F	45CA	1	6453
1F	45CB	1	6453
1F	45CE	1	6453
1F	45D1	1	6453
1F	45D2	1	6453
1F	45D5	1	6453
1F	45D6	1	6453
1F	45D7	1	6453
1F	45E2	1	6453
1F	45E5	1	6453
1F	45E6	1	6453
1F	45E9	1	6453
1F	45EA	1	6453
1F	45EB	1	6453
1F	45F9	1	6453
1F	45FA	1	6453
1F	45FB	1	6453
1F	45FD	1	6453
1F	45FF	1	6453
1F	4601	1	6453
1F	4605	1	6453
1F	4606	1	6453
1F	4609	1	6453
1F	460A	1	6453
1F	4610	1	6453
1F	4611	1	6453
1F	4614	1	6453
1F	4615	1	6453
1F	4616	1	6453
1F	4618	1	6453
1F	4619	1	6453
1F	461B	1	6453
1F	461E	1	6453
1F	4621	1	6453
1F	4623	1	6453
1F	4624	1	6453
1F	4627	1	6453
1F	4637	1	6453
1F	4638	1	6453
1F	4639	1	6453
1F	463A	1	6453
1F	4640	1	6453
1F	4641	1	6453
1F	4644	1	6453
1F	4645	1	6453
1F	4647	1	6453
1F	4648	1	6453
1F	464A	1	6453
1F	464D	1	6453
1F	4650	1	6453
1F	4652	1	6453
1F	4653	1	6453
1F	4656	1	6453
1F	4666	1	6453
22	4EF0	2	324
22	4EF2	2	324
22	4EF4	2	324
22	4EF6	2	324
22	4EF7	2	324
22	4EF9	2	324
22	4EFB	2	324
22	4EFD	2	324
22	4F00	2	324
22	4F02	2	324
22	4F04	2	324
22	4F07	2	324
22	4F0A	2	324
22	4F0D	8188	324
22	4F0E	8188	324
22	4F0F	8188	324
22	4F10	8188	324
22	4F13	8188	324
22	4F14	8188	324
22	4F15	8188	324
22	4F16	8188	324
22	4F18	2	326
22	4F19	2	326
22	4F1A	2	326
22	4F1B	2	326
22	4F1C	2	326
22	4F1D	2	326
22	4F1E	2	326
22	4F20	2	326
22	4F23	2	326
22	4F46	2	326
22	4F47	2	326
22	4F48	2	326
22	4F4A	2	326
22	4F4B	2	326
22	4F4C	2	326
22	4F4E	2	326
22	4F4F	2	326
22	4FF6	2	324
22	4FF7	2	324
22	4FF8	2	324
22	4FF9	2	324
22	4FFB	2	324
22	4FFE	2	326
22	5001	2	326
22	5002	2	326
22	5017	2	326
22	5019	2	326
22	501A	2	326
22	501B	2	326
22	501C	2	326
48	4000	2	6453
48	4001	2	6453
48	4002	2	6453
48	4003	2	6453
48	4005	2	6453
48	4007	10	6453
48	4009	10	6453
48	400B	8	6453
48	400D	8	6453
48	400F	8	6453
48	4010	8	6453
48	4012	2	6453
48	4013	10	6453
48	4014	10	6453
48	4015	10	6453
48	4016	10	6453
48	4017	10	6453
48	4019	20	6453
48	401B	20	6453
48	401C	20	6453
48	401E	10	6453
48	401F	10	6453
48	4020	10	6453
48	4022	4	6453
48	4023	4	6453
48	4024	4	6453
48	4026	4	6453
48	4027	4	6453
48	4028	4	6453
48	4029	4	6453
48	402B	3	6453
48	402D	3	6453
48	402E	3	6453
48	4030	4	6453
48	4031	4	6453
48	4032	4	6453
48	4033	10	6453
48	4034	10	6453
48	4035	10	6453
48	4037	10	6453
48	4039	2	6453
48	403A	2	6453
48	403B	2	6453
48	403C	2	6453
48	403D	2	6453
48	403E	2	5773
48	4040	2	5773
48	4041	2	5773
48	4043	2	5773
48	4044	2	5773
48	4046	2	5773
48	4047	2	5773
48	4049	2	5773
48	404A	2	5773
48	404C	22	5773
48	404E	22	5773
48	4051	22	5773
48	4052	22	5773
48	4054	20	5773
48	4055	20	5773
48	4057	20	5773
48	405A	20	5773
48	405B	20	5773
48	405D	20	5773
48	405E	20	5773
48	405F	20	5773
48	4061	20	5773
48	4062	20	5773
48	4064	20	5773
48	4065	20	5773
48	4066	20	5773
48	4067	20	5773
48	4069	20	5773
48	406A	20	5773
48	406C	20	5773
48	406D	20	5773
48	406E	20	5773
48	406F	20	5773
48	4075	20	5773
48	4077	20	5773
48	4078	20	5773
48	407A	20	5773
48	407C	20	5773
48	407D	20	5773
48	407F	20	5773
48	4081	2	5773
48	4083	2	5773
48	4084	2	5773
48	4086	20	5773
48	4088	20	5773
48	408A	20	5773
48	408B	20	5773
48	408D	20	5773
48	4094	20	5773
48	4096	20	5773
48	4097	20	5773
48	4099	20	5773
48	409A	20	5773
48	409C	2	5773
48	409E	2	5773
48	409F	2	5773
48	40A1	2	5773
48	40A2	2	5773
48	40A4	2	5773
48	40A5	2	5773
48	40A7	2	5773
48	40A8	2	5773
48	415A	6	6177
48	415C	6	6177
48	415D	6	6177
48	415F	6	6177
48	4160	6	6177
48	4162	6	6177
48	4163	6	6177
48	4165	6	6177
48	4167	6	6177
48	4168	6	6177
48	416A	6	6177
48	416C	6	6177
48	416D	6	6177
48	416F	6	6177
48	4171	6	6177
48	4172	6	6177
48	4174	6	6177
48	4176	6	6177
48	4177	6	6177
48	4178	6	6177
48	417A	6	6177
48	417C	6	6177
48	417D	6	6177
48	417F	6	6177
48	4180	6	6177
48	4181	6	6177
48	4183	6	6177
48	4184	6	6177
48	4185	6	6177
48	4186	6	6177
48	4188	6	6177
48	418B	6	6177
48	418C	6	6177
48	418D	6	6177
48	418E	6	6177
48	418F	6	6177
48	4191	6	6177
48	4193	6	6177
48	4194	6	6177
48	4196	6	6177
48	4197	6	6177
48	4198	6	6177
48	419A	6	6177
48	419B	6	6177
48	419C	6	6177
48	419D	6	6177
48	419E	6	6177
48	419F	86	6177
48	41A1	86	6177
48	41A4	86	6177
48	41A5	86	6177
48	41A8	80	6177
48	41AA	80	6177
48	41AC	80	6177
48	41AD	80	6177
48	41AF	80	6177
48	41B2	80	6177
48	41B3	80	6177
48	41B5	80	6177
48	41B6	80	6177
48	41B7	80	6177
48	41B8	80	6177
48	41BA	80	6177
48	41BB	80	6177
48	41BD	80	6177
48	41BE	80	6177
48	41C0	80	6177
48	41C1	80	6177
48	41C2	80	6177
48	41C4	80	6177
48	41C5	80	6177
48	41C6	80	6177
48	41C7	80	6177
48	41C9	80	6177
48	41CA	80	6177
48	41CC	80	6177
48	41CD	80	6177
48	41CE	80	6177
48	41CF	80	6177
48	41D5	80	6177
48	41D7	80	6177
48	41D8	80	6177
48	41D9	80	6177
48	41DB	80	6177
48	41DC	80	6177
48	41DD	80	6177
48	41DE	80	6177
48	41E0	80	6177
48	41E1	80	6177
48	41E3	80	6177
48	41E4	80	6177
48	41E6	80	6177
48	41E7	80	6177
48	41E8	80	6177
48	41EA	80	6177
48	4222	6	6177
48	4223	438	6179
48	4226	438	6179
48	4227	438	6179
48	4229	338	6179
48	422A	338	6179
48	422D	338	6179
48	422E	100	6359
48	4231	100	6359
48	4232	100	6359
48	4233	50	6360
48	4235	50	6360
48	4238	50	6360
48	423A	50	6360
48	423C	25	6362
48	423F	25	6362
48	4240	25	6362
48	424F	50	6360
48	4252	50	6360
48	4253	50	6360
48	4256	50	6360
48	4257	50	6360
48	4259	50	6360
48	425A	6	6368
48	425D	6	6368
48	425F	6	6368
48	4261	6	6368
48	4263	6	6368
48	4264	6	6368
48	4266	6	6368
48	4268	6	6368
48	4269	6	6368
48	426A	6	6368
48	426C	6	6368
48	426D	6	6368
48	4270	6	6368
48	4271	6	6368
48	4273	6	6368
48	4274	6	6368
48	4276	6	6368
48	4278	6	6368
48	4279	6	6368
48	427A	6	6368
48	427C	6	6368
48	427D	6	6368
48	427F	6	6368
48	4281	6	6368
48	4282	6	6368
48	4284	6	6368
48	4286	6	6368
48	4288	6	6368
48	428A	6	6368
48	428B	6	6368
48	428C	6	6368
48	428E	6	6368
48	4290	6	6368
48	4292	6	6368
48	4298	6	6369
48	429B	6	6369
48	429C	6	6369
48	429D	6	6369
48	429E	6	6369
48	42A0	6	6369
48	42A1	6	6369
48	42A2	6	6369
48	42A4	6	6369
48	42A5	6	6369
48	42A7	6	6369
48	42A9	6	6369
48	42AB	6	6369
48	42B1	6	6370
48	42B3	6	6370
48	42B4	6	6370
48	42B6	6	6370
48	42B8	6	6370
48	42BA	6	6370
48	42BD	6	6370
48	42BE	6	6370
48	42C0	6	6370
48	42C3	6	6370
48	42C6	6	6370
48	42C7	6	6370
48	42CA	6	6370
48	42CD	6	6370
48	42CE	6	6370
48	42D4	3	6175
48	42D5	3	6175
48	42D8	3	6175
48	42DB	3	6175
48	42DD	3	6175
48	42DF	3	6175
48	42E0	3	6175
48	42E2	3	6175
48	42E4	3	6175
48	42E6	3	6175
48	42E8	3	6175
48	42E9	3	6175
48	42EA	3	6175
48	42EB	3	6175
48	42EC	3	6175
48	42ED	3	6175
48	42EE	3	6175
48	42F0	3	6175
48	42F1	3	6175
48	42F2	3	6175
48	42F5	3	6175
48	42F8	3	6175
48	42F9	3	6175
48	42FA	3	6175
48	42FD	3	6175
48	4300	3	6175
48	4301	3	6175
48	4302	3	6175
48	4303	3	6175
48	4305	3	6175
48	4308	3	6175
48	4309	18	6175
48	430A	18	6175
48	430D	18	6175
48	430E	18	6175
48	4310	15	6175
48	4311	15	6175
48	4314	15	6175
48	4315	15	6175
48	4317	15	6175
48	4318	15	6175
48	431A	3	6175
48	431B	3	6175
48	431D	3	6175
48	431F	3	6175
48	4320	3	6175
48	4322	3	6175
48	4323	3	6175
48	4326	3	6175
48	4328	3	6175
48	432B	3	6175
48	432C	3	6175
48	432D	3	6175
48	4330	3	6175
48	4333	3	6175
48	4334	3	6175
48	4335	3	6175
48	4338	3	6175
48	433B	3	6175
48	433C	3	6175
48	433D	3	6175
48	433F	3	6175
48	4342	3	6175
48	4343	68	6175
48	4344	68	6175
48	4347	68	6175
48	4348	68	6175
48	434A	65	6175
48	434B	65	6175
48	434E	65	6175
48	434F	65	6175
48	4351	65	6175
48	4352	65	6175
48	4354	3	6175
48	4355	3	6175
48	4357	3	6175
48	435A	3	6175
48	435C	3	6175
48	435E	3	6175
48	4360	3	6175
48	4363	3	6175
48	4365	3	6175
48	4368	3	6175
48	436A	3	6175
48	436D	3	6175
48	4370	3	6175
48	4372	3	6175
48	4373	3	6175
48	4375	3	6175
48	4376	3	6175
48	4377	3	6175
48	437A	3	6177
48	437B	3	6177
48	437E	3	6177
48	4381	3	6177
48	4383	3	6177
48	4385	3	6177
48	4387	3	6177
48	4388	3	6177
48	4389	3	6177
48	438C	3	6177
48	438D	3	6177
48	4390	3	6177
48	4391	3	6177
48	4393	3	6177
48	4396	3	6177
48	4398	3	6177
48	439A	3	6177
48	439B	3	6177
48	439D	3	6177
48	439E	3	6177
48	43A0	3	6177
48	43A3	3	6177
48	43A9	3	6177
48	43AB	3	6177
48	43AE	3	6177
48	43AF	3	6177
48	43B2	3	6177
48	43B3	3	6177
48	43B5	3	6177
48	43B8	3	6177
48	43BA	3	6177
48	43BC	3	6177
48	43BD	3	6177
48	43BF	3	6177
48	43C0	3	6177
48	43C2	3	6177
48	43C5	3	6177
48	43CB	3	6177
48	43CD	3	6177
48	43CF	3	6177
48	43D2	3	6177
48	43D3	3	6177
48	43D6	3	6177
48	43D9	3	6177
48	43DC	3	6177
48	43DF	3	6177
48	43E1	3	6177
48	43E3	3	6177
48	43E5	3	6177
48	43EB	3	6178
48	43EE	3	6178
48	43F1	3	6178
48	43F4	3	6178
48	43F6	3	6178
48	43F8	3	6178
48	43FA	3	6178
48	4400	3	6179
48	4402	3	6179
48	4403	3	6179
48	4405	3	6179
48	4407	3	6179
48	4409	3	6179
48	440A	3	6177
48	440B	3	6177
48	440D	3	6177
48	440F	3	6177
48	4411	3	6177
48	4413	3	6177
48	4416	3	6177
48	4419	3	6177
48	441C	3	6177
48	441F	3	6177
48	4422	3	6177
48	4425	3	6177
48	4428	3	6177
48	442B	3	6177
48	442E	3	6177
48	4431	3	6177
48	4434	3	6177
48	4437	3	6177
48	4439	3	6177
48	443C	3	6177
48	443E	3	6177
48	4441	3	6177
48	4443	3	6177
48	4446	3	6177
48	4448	3	6177
48	444B	3	6177
48	444D	3	6177
48	4450	3	6177
48	4452	3	6177
48	4455	3	6177
48	4457	3	6177
48	4459	3	6177
48	445B	3	6177
48	445C	3	6177
48	445E	3	6177
48	445F	3	6177
48	4460	6	6175
48	4462	6	6175
48	4464	6	6175
48	4465	6	6175
48	4467	6	6175
48	4469	6	6175
48	446B	6	6175
48	446D	6	6175
48	446E	6	6175
48	4471	6	6175
48	4474	6	6175
48	4477	6	6175
48	447A	6	6175
48	447D	6	6175
48	4480	6	6175
48	4482	6	6175
48	4484	6	6175
48	4486	6	6175
48	448C	6	6176
48	448F	6	6176
48	4492	6	6176
48	4495	6	6176
48	4497	6	6176
48	4499	6	6176
48	449B	6	6176
48	44A1	6	6177
48	44A3	6	6177
48	44A5	6	6177
48	44A7	3	6455
48	44A8	3	6455
48	44AA	3	6455
48	44AC	3	6455
48	44AE	3	6455
48	44B1	3	6455
48	44B4	3	6455
48	44B5	3	6455
48	44B8	3	6455
48	44B9	3	6455
48	44BC	3	6455
48	44BD	3	6455
48	44C0	3	6455
48	44C3	3	6455
48	44C4	3	6455
48	44C7	3	6455
48	44C8	3	6455
48	44CB	3	6455
48	44CC	3	6455
48	44CE	3	6455
48	44D0	3	6455
48	44D2	3	6455
48	44D3	3	6455
48	44D5	3	6455
48	44D6	6	6177
48	44D8	6	6177
48	44D9	6	6177
48	44DB	6	6177
48	44DD	6	6177
48	44DF	6	6177
48	44E0	2	5756
48	44E2	2	5756
48	44E4	2	5756
48	44E6	2	5756
48	44E7	2	5756
48	44E9	2	5756
48	44EB	2	5756
48	44ED	2	5756
48	44EF	2	5756
48	44F2	2	5756
48	44F5	2	5756
48	44F8	2	5756
48	44FB	2	5756
48	44FE	2	5756
48	4501	2	5756
48	4504	2	5756
48	4507	2	5756
48	4509	2	5756
48	450C	2	5756
48	450F	2	5756
48	4511	2	5756
48	4514	2	5756
48	451A	2	5757
48	451D	18	5757
48	4520	18	5758
48	4523	18	5758
48	4529	18	5758
48	452A	18	5758
48	452D	18	5758
48	4533	18	5759
48	4534	18	5759
48	4536	2	5772
48	4538	2	5772
48	4539	2	5772
48	453B	2	5772
48	453D	2	5772
48	453F	2	5772
48	459D	2	5756
48	45A0	2	5756
48	45A2	2	5756
48	45B5	2	5756
48	45B6	2	5756
48	45B9	2	5756
48	45BA	2	5756
48	45BD	2	5756
48	45BE	2	5756
48	45C1	2	5756
48	45C2	2	5756
48	45C5	2	5756
48	45C8	2	5756
48	45CB	2	5756
48	45CD	2	5756
48	45CF	2	5756
48	45D1	2	5756
48	45D3	128	5756
48	45D4	128	5756
48	45D6	128	5756
48	45D9	128	5756
48	45DA	128	5756
48	45DB	128	5756
48	45DD	120	5756
48	45DE	120	5756
48	45DF	120	5756
48	45E0	120	5756
48	45E1	120	5756
48	45E2	120	5756
48	45E3	120	5756
48	45E4	120	5756
48	45E5	120	5756
48	45E7	30	5756
48	45E8	30	5756
48	45EA	30	5756
48	45ED	30	5756
48	45EF	30	5756
48	45F0	120	5756
48	45F1	120	5756
48	45F3	2	5756
48	45F4	8	5756
48	45F7	8	5756
48	45F8	8	5756
48	45FB	8	5756
48	45FC	8	5756
48	45FF	8	5756
48	4600	8	5756
48	4601	8	5756
48	4604	8	5756
48	4605	8	5756
48	4606	8	5756
48	4607	8	5756
48	4609	2	5756
48	460A	2	5756
48	460C	2	5756
48	460F	2	5756
48	4611	2	5756
48	4612	8	5756
48	4613	8	5756
48	4616	6	5724
48	4619	6	5724
48	461A	6	5724
48	461C	6	5724
48	461D	6	5724
48	461F	6	5724
48	462A	6	5724
48	462C	6	5724
48	462E	6	5724
48	462F	6	5724
48	4631	6	5724
48	4634	6	5724
48	4636	6	5724
48	4639	6	5724
48	463B	6	5724
48	463D	6	5724
48	4640	6	5724
48	4641	6	5724
48	4642	6	5724
48	4643	6	5724
48	4645	6	5724
48	4648	6	5724
48	464A	6	5724
48	464B	6	5724
48	464D	6	5724
48	4650	6	5724
48	4652	6	5724
48	4653	6	5724
48	4654	6	5724
48	4655	6	5724
48	4658	6	5724
48	4659	6	5724
48	465A	6	5724
48	465B	6	5724
48	4679	8	5727
48	467C	8	5727
48	467E	8	5727
48	4681	8	5727
48	4684	8	5727
48	4686	8	5727
48	4688	8	5727
48	4689	8	5727
48	468B	8	5727
48	468E	8	5727
48	4691	8	5727
48	4693	8	5727
48	4695	8	5727
48	4696	8	5727
48	4697	8	5727
48	469A	8	5727
48	469B	32	5727
48	469C	512	5727
48	469D	512	5727
48	469E	512	5727
48	469F	512	5727
48	46A1	32	5727
48	46A2	32	5727
48	46A4	32	5727
48	46A5	32	5727
48	46A6	32	5727
48	46A7	32	5727
48	46A8	32	5727
48	46AA	32	5727
48	46AB	32	5727
48	46AC	32	5727
48	46AD	32	5727
48	46AF	8	5727
48	46B0	8	5727
48	46B3	8	5727
48	46B4	8	5727
48	46B5	8	5727
48	46B6	8	5727
48	46BC	8	5727
48	46BE	8	5727
48	46BF	8	5727
48	46C1	8	5727
48	46C3	8	5727
48	46C5	8	5727
48	46C6	2	6576
48	46C8	2	6576
48	46CA	2	6576
48	46CB	2	6576
48	46CD	2	6576
48	46CF	2	6576
48	46D1	2	6576
48	46D3	2	6576
48	46D5	2	6576
48	46D8	2	6576
48	46DB	2	6576
48	46DE	2	6576
48	46E1	2	6576
48	46E4	2	6576
48	46E6	2	6576
48	46E9	2	6576
48	46EC	2	6576
48	46EE	2	6576
48	46F4	2	6576
48	46FA	48	6577
48	46FD	48	6578
48	4700	48	6578
48	4706	48	6578
48	4707	48	6578
48	470A	48	6578
48	470D	48	6578
48	4710	48	6578
48	4711	48	6578
48	4713	12	6581
48	4715	12	6581
48	471B	12	6582
48	471C	12	6582
48	471E	2	6605
48	4720	2	6605
48	4721	2	6605
48	4723	2	6605
48	4725	2	6605
48	4727	2	6605
48	4748	182	5773
48	474A	182	5773
48	474B	182	5773
48	474E	182	5773
48	474F	182	5773
48	4752	182	5773
48	4753	182	5773
48	4756	182	5773
48	4757	182	5773
48	475A	182	5773
48	475B	182	5773
48	475E	182	5773
48	475F	182	5773
48	4760	182	5773
48	4763	182	5773
48	4764	182	5773
48	4767	182	5773
48	4768	182	5773
48	476B	182	5773
48	476C	182	5773
48	476F	182	5773
48	4770	182	5773
48	4773	182	5773
48	4774	182	5773
48	4777	1054	5773
48	4778	1054	5773
48	4779	1054	5773
48	477A	1054	5773
48	477B	1054	5773
48	477C	1054	5773
48	477F	1054	5773
48	4780	1054	5773
48	4781	1054	5773
48	4783	320	5773
48	4785	320	5773
48	4786	320	5773
48	4787	320	5773
48	4788	320	5773
48	478A	734	5773
48	478B	734	5773
48	478C	734	5773
48	478E	552	5773
48	478F	552	5773
48	4790	552	5773
48	4791	552	5773
48	4793	182	5773
48	4794	182	5773
48	4795	182	5773
48	4796	182	5773
48	4798	182	5773
48	479A	182	5773
48	479C	182	5773
48	479E	182	5773
48	47A0	182	5773
48	47A2	182	5773
48	47A4	182	5773
48	47A6	182	5773
48	47A8	182	5773
48	47A9	182	5773
48	47AA	182	5773
48	47AB	182	5773
48	47AC	182	5773
48	47AD	182	5773
48	47AE	182	5773
48	47B0	182	5773
48	47B2	182	5773
48	47B3	182	5773
48	47B5	182	5773
48	47B7	182	5773
48	47B9	182	5773
48	47BA	182	5773
48	47BC	182	5773
48	47BE	182	5773
48	47C0	182	5773
48	47C3	182	5773
48	47C4	182	5773
48	47C5	182	5773
48	47C8	182	5773
48	47C9	182	5773
48	47CC	182	5773
48	47CD	182	5773
48	47D0	182	5773
48	47D1	182	5773
48	47D4	182	5773
48	47D6	1456	5773
48	47D7	1456	5773
48	47D8	1456	5773
48	47D9	1456	5773
48	47DA	1456	5773
48	47DB	1456	5773
48	47DD	182	5773
48	47E0	182	5773
48	47E1	182	5773
48	47E4	182	5773
48	47E5	182	5773
48	47E8	182	5773
48	47E9	182	5773
48	47EC	182	5773
48	47EE	1456	5773
48	47EF	1456	5773
48	47F0	1456	5773
48	47F1	1456	5773
48	47F2	1456	5773
48	47F3	1456	5773
48	47F5	182	5773
48	47F6	182	5773
48	47F8	182	5773
48	47FB	182	5773
48	47FD	182	5773
48	47FE	182	5773
48	4800	182	5773
48	4803	182	5773
48	4805	182	5773
48	4807	182	5773
48	4808	182	5773
48	480A	182	5773
48	480C	182	5773
48	480E	182	5773
48	4899	2	326
48	489C	2	326
48	489E	2	326
48	48A1	2	326
48	48A4	2	326
48	48A5	2	326
48	48A7	2	326
48	48AA	2	326
48	48AD	2	326
48	48AE	2	326
48	48AF	2	326
48	48B0	2	326
48	48B1	2	326
48	48B2	2	326
48	48B3	2	326
48	48B4	2	326
48	48B5	2	326
48	48B6	2	326
48	48B7	2	326
48	48BB	4	5724
48	48E1	8	326
48	48E2	8	326
48	48E5	8	326
48	48E8	8	326
48	48EA	8	326
48	48EC	8	326
48	48EE	128	326
48	48EF	128	326
48	48F2	128	326
48	48F3	128	326
48	48F4	128	326
48	48F5	128	326
48	48FE	128	326
48	48FF	128	326
48	4901	8	326
48	4904	8	326
48	4906	8	326
48	4908	448	326
48	4909	448	326
48	490C	448	326
48	490D	448	326
48	490E	448	326
48	490F	448	326
48	4911	8	326
48	4914	8	326
48	4915	8	326
48	4918	448	326
48	4919	448	326
48	491B	8	326
48	491E	8	326
48	491F	8	326
48	495C	6	5724
48	495F	6	5724
48	4961	6	5724
48	4963	6	5724
48	4964	6	5724
48	4966	6	5724
48	4968	6	5724
48	496A	6	5724
48	496D	6	5724
48	496F	6	5724
48	4971	6	5724
48	4974	6	5724
48	4977	6	5724
48	4978	6	5724
48	4979	6	5724
48	497A	6	5724
48	497B	6	5724
48	497C	6	5724
48	497E	6	5724
48	4981	6	5724
48	4983	6	5724
48	4984	6	5724
48	4986	6	5724
48	4989	6	5724
48	498B	6	5724
48	4A4E	1	5724
48	4A54	1	5724
48	4A56	1	5724
48	4A58	1	5724
48	4A5B	1	5724
48	4A5E	1	5724
48	4A60	1	5724
48	4A61	1	5724
48	4A63	1	5724
48	4A67	1	5724
48	4A69	1	5724
48	4A6F	1	6149
48	4A70	1	6149
48	4A71	1	6149
48	4A72	1	6149
48	4A74	1	6149
48	4A76	1	6149
48	4A79	1	6149
48	4A7C	1	6149
48	4A7D	1	6149
48	4A7E	1	6149
48	4A80	1	6149
48	4A83	1	6149
48	4A89	1	6149
48	4A8B	1	6149
48	4AAB	2	22
48	4AAD	2	22
48	4AAF	2	22
48	4AB0	2	22
48	4AB2	2	22
48	4AB4	2	22
48	4AB6	2	22
48	4AB9	2	22
48	4ABB	2	22
48	4ABD	2	22
48	4AC0	2	22
48	4AC3	2	22
48	4AC5	2	22
48	4AC6	64	22
48	4AC7	64	22
48	4AC8	64	22
48	4ACA	2	22
48	4ACB	2	22
48	4ACD	2	22
48	4AD0	2	22
48	4AD2	2	22
48	4AD3	2	22
48	4AD5	2	22
48	4AD8	2	22
48	4ADA	2	22
4E	4658	2	22
4E	465A	2	22
4E	465C	2	22
4E	465F	2	22
4E	4661	2	22
4E	4663	2	22
4E	4666	2	22
4E	4669	2	22
4E	466C	2	22
4E	466F	2	22
4E	4672	2	22
4E	4675	2	22
4E	4678	2	22
4E	467B	2	22
4E	467E	2	22
4E	4681	2	22
4E	4683	2	22
4E	4687	2	22
4E	468A	2	22
4E	468B	2	22
4E	468E	2	22
4E	4691	2	22
4E	4694	2	22
4E	4697	2	22
4E	469A	2	22
4E	469B	2	22
4E	469D	2	22
4E	46A0	2	22
4E	46CF	2	326
4E	46D1	2	326
4E	46D3	2	326
4E	46D6	2	326
4E	46D8	2	326
4E	46DA	2	326
4E	46DD	2	326
4E	46E0	2	326
4E	46E3	2	326
4E	46E6	2	326
4E	46E9	2	326
4E	46EC	2	326
4E	46ED	2	326
4E	46EF	2	326
4E	46F2	2	326
4E	46F3	2	326
4E	46F5	2	326
4E	46F8	2	326
4E	46FB	2	326
4E	46FE	2	326
4E	4701	2	327
4E	4704	2	327
4E	4707	2	327
4E	470A	2	327
4E	470D	2	327
4E	470E	2	327
4E	4710	2	327
4E	4713	2	327
4E	4714	2	327
4E	4716	2	327
4E	4719	2	327
4E	471B	2	327
4E	471C	2	327
4E	471E	2	327
4E	4720	2	327
4E	4722	2	327
4E	4725	2	327
4E	4726	2	327
4E	4728	2	327
4E	4729	2	327
4E	472B	2	327
4E	472E	2	327
4E	472F	2	327
4E	4739	12	22
4E	473C	6752	22
4E	473D	6752	22
4E	473E	6752	22
4E	473F	6752	22
4E	4741	6752	22
4E	4742	6752	22
4E	4743	6752	22
4E	4744	6752	22
4E	4745	6752	22
4E	4746	6752	22
4E	4748	12	22
4E	4795	2	22
4E	4797	2	22
4E	4799	2	22
4E	479C	2	22
4E	479E	2	22
4E	47A0	2	22
4E	47A3	2	22
4E	47A6	2	22
4E	47A9	2	22
4E	47AC	2	22
4E	47AF	2	22
4E	47B0	2	22
4E	47B3	2	22
4E	47B4	2	22
4E	47B7	2	22
4E	47B8	2	22
4E	47BB	2	22
4E	47BC	2	22
4E	47BF	2	22
4E	47C2	2	22
4E	47C5	2	22
4E	47C8	2	22
4E	47CB	2	22
4E	47CE	2	22
4E	47D1	2	22
4E	47D4	2	22
4E	47D5	2	22
4E	47D8	2	22
4E	47D9	2	22
4E	47DC	2	22
4E	47DD	2	22
4E	47E0	2	22
4E	47E1	2	22
4E	47E4	2	22
4E	47E5	2	22
4E	47E7	2	22
4E	47EA	2	22
4F	4000	54	26
4F	4002	54	26
4F	4004	54	26
4F	4006	54	26
4F	4008	54	26
4F	400D	54	26
4F	400E	2	5749
4F	400F	2	5749
4F	4012	2	5749
4F	4015	2	5749
4F	4016	2	5749
4F	4019	2	5749
4F	401A	2	5749
4F	401D	2	5749
4F	4020	2	5749
4F	4021	4	5749
4F	4023	4	5749
4F	4025	64	5749
4F	4026	64	5749
4F	4028	64	5749
4F	4029	64	5749
4F	402B	64	5749
4F	402C	64	5749
4F	402D	64	5749
4F	402F	64	5749
4F	4030	64	5749
4F	4032	64	5749
4F	4033	64	5749
4F	4034	64	5749
4F	4036	2	5749
4F	4037	2	5749
4F	4039	64	5749
4F	403A	64	5749
4F	403C	64	5749
4F	403D	64	5749
4F	403F	64	5749
4F	4040	64	5749
4F	4041	64	5749
4F	4043	64	5749
4F	4044	64	5749
4F	4046	64	5749
4F	4047	64	5749
4F	4048	64	5749
4F	404A	2	5749
4F	404B	526	29
4F	404C	526	29
4F	404F	526	29
4F	4052	526	29
4F	4053	526	29
4F	4056	526	29
4F	4057	526	29
4F	405A	526	29
4F	405D	526	29
4F	405E	1052	29
4F	405F	1052	29
4F	4061	1052	29
4F	4063	1052	29
4F	4065	526	29
4F	4067	526	29
4F	4069	526	29
4F	406B	526	29
4F	406D	526	29
4F	406F	8416	29
4F	4070	8416	29
4F	4071	8416	29
4F	4072	8416	29
4F	4073	8416	29
4F	4074	8416	29
4F	4075	8416	29
4F	4076	8416	29
4F	4077	8416	29
4F	4078	8416	29
4F	4079	8416	29
4F	407A	8416	29
4F	407B	8416	29
4F	407C	8416	29
4F	407D	8416	29
4F	407E	8416	29
4F	407F	8416	29
4F	4080	8416	29
4F	4082	1052	29
4F	4083	31360	27
4F	4086	31360	27
4F	4087	31360	27
4F	4088	31360	27
4F	4089	31360	27
4F	408A	31360	27
4F	408B	31360	27
4F	408E	27520	27
4F	408F	27520	27
4F	4090	27520	27
4F	4093	25856	27
4F	4094	25856	27
4F	4097	25856	27
4F	4098	25856	27
4F	4099	25856	27
4F	409B	25856	27
4F	409D	25856	27
4F	409E	25856	27
4F	40A0	25856	27
4F	40A2	25856	27
4F	40A3	25856	27
4F	40A4	25856	27
4F	40A5	25856	27
4F	40A7	25856	27
4F	40A9	25856	27
4F	40AA	25856	27
4F	40AB	25856	27
4F	40AD	25856	27
4F	40AE	25856	27
4F	40B0	25856	27
4F	40B1	25856	27
4F	40B2	25856	27
4F	40B4	25856	27
4F	40B7	25856	27
4F	40B8	25856	27
4F	40B9	25856	27
4F	40BB	25856	27
4F	40BD	25856	27
4F	40BE	25856	27
4F	40C0	25856	27
4F	40C2	25856	27
4F	40C3	25856	27
4F	40C4	25856	27
4F	40C5	25856	27
4F	40C7	25856	27
4F	40C9	25856	27
4F	40CA	25856	27
4F	40CB	25856	27
4F	40CD	25856	27
4F	40CE	25856	27
4F	40D0	25856	27
4F	40D1	25856	27
4F	40D2	25856	27
4F	40D4	25856	27
4F	40D5	25856	27
4F	40D7	25856	27
4F	40D8	25856	27
4F	40DA	25856	27
4F	40DD	25856	27
4F	40DF	25856	27
4F	40E0	25856	27
4F	40E2	25856	27
4F	40E4	25856	27
4F	40E6	25856	27
4F	40E7	25856	27
4F	40E9	25856	27
4F	40EC	25856	27
4F	40EE	25856	27
4F	40EF	25856	27
4F	40F0	25856	27
4F	40F2	25856	27
4F	40F4	25856	27
4F	40F5	25856	27
4F	40F6	25856	27
4F	40F8	25856	27
4F	40F9	25856	27
4F	40FB	25856	27
4F	40FC	25856	27
4F	40FE	25856	27
4F	40FF	25856	27
4F	4101	25856	27
4F	4103	25856	27
4F	4105	25856	27
4F	4106	25856	27
4F	4108	25856	27
4F	410B	25856	27
4F	410D	25856	27
4F	410E	25856	27
4F	4110	25856	27
4F	4111	25856	27
4F	4112	25856	27
4F	4113	25856	27
4F	4115	25856	27
4F	4116	25856	27
4F	4118	25856	27
4F	4119	25856	27
4F	411A	25856	27
4F	411C	3840	41
4F	411F	3840	41
4F	4120	3840	41
4F	4121	3840	41
4F	4123	3840	41
4F	4124	3840	41
4F	4126	29696	27
4F	4129	29696	27
4F	412A	29696	27
4F	412C	29696	27
4F	412D	29696	27
4F	412F	29696	27
4F	4130	29696	27
4F	4131	1664	322
4F	4134	1664	322
4F	4135	1664	322
4F	4136	1664	322
4F	4138	1664	322
4F	4139	1664	322
4F	413B	1664	322
4F	413E	1664	322
4F	413F	1664	322
4F	4141	1664	322
4F	4142	1664	322
4F	4144	1664	322
4F	4145	1664	322
4F	4146	77568	27
4F	4147	77568	27
4F	4149	39914	27
4F	414A	39914	27
4F	414B	39914	27
4F	414E	39914	27
4F	414F	39914	27
4F	4150	39914	27
4F	4151	39914	27
4F	4152	39914	27
4F	4153	77568	27
4F	4156	77568	27
4F	4157	77568	27
4F	4158	77568	27
4F	415A	620544	27
4F	415B	620544	27
4F	415D	160915	27
4F	415E	620544	27
4F	4160	620544	27
4F	4162	620544	27
4F	4163	620544	27
4F	4165	77568	27
4F	4166	54	27
4F	4169	54	27
4F	416B	54	27
4F	416D	26	308
4F	416E	26	308
4F	4171	26	308
4F	4172	26	308
4F	4175	26	308
4F	4176	26	308
4F	4179	26	308
4F	417C	26	308
4F	417E	28	27
4F	417F	28	27
4F	4182	28	27
4F	4183	28	27
4F	4186	28	27
4F	4187	28	27
4F	418A	28	27
4F	418B	28	27
4F	418E	54	27
4F	4191	54	27
4F	41C2	54	27
4F	41C5	54	27
4F	41C8	54	27
4F	41CA	3456	27
4F	41CD	3456	27
4F	41CE	3456	27
4F	41D1	3456	27
4F	41D2	3456	27
4F	41D5	3456	27
4F	41D6	3456	27
4F	41D7	3456	27
4F	41DA	3456	27
4F	41DB	3456	27
4F	41DC	3456	27
4F	41DD	3456	27
4F	41DF	54	27
4F	41E0	546	27
4F	41E3	546	27
4F	41E4	546	27
4F	41E5	490	27
4F	41E6	490	27
4F	41E8	490	27
4F	41EA	286	27
4F	41ED	286	27
4F	41EE	286	27
4F	41F0	60	27
4F	41F3	60	27
4F	41F5	60	27
4F	41F7	30	42
4F	41F8	30	42
4F	41FB	30	42
4F	41FE	30	42
4F	4201	30	42
4F	4203	30	27
4F	4206	30	27
4F	4209	30	27
4F	420A	256	27
4F	420D	256	27
4F	420E	256	27
4F	4211	256	27
4F	4213	204	308
4F	4216	204	308
4F	4217	204	308
4F	4219	26	322
4F	421A	26	322
4F	421D	26	322
4F	4220	26	322
4F	4221	26	322
4F	4224	26	322
4F	4226	178	308
4F	4229	178	308
4F	422A	178	308
4F	422D	490	27
4F	4230	490	27
4F	4261	490	27
4F	4264	490	27
4F	4267	490	27
4F	4269	490	27
4F	426A	490	27
4F	426B	490	27
4F	426E	490	27
4F	426F	490	27
4F	4272	490	27
4F	4273	31360	27
4F	4274	31360	27
4F	4275	31360	27
4F	4276	31360	27
4F	4277	31360	27
4F	4278	31360	27
4F	427A	490	27
4F	427B	490	27
4F	427C	490	27
4F	427F	31360	27
4F	4282	31360	27
4F	4283	31360	27
4F	4284	31360	27
4F	4287	31360	27
4F	4288	31360	27
4F	428A	490	28
4F	428C	490	28
4F	428D	490	28
4F	42B4	26	27
4F	42B6	26	27
4F	42B8	26	27
4F	42B9	26	27
4F	42BB	26	27
4F	42BD	26	27
4F	42BF	26	27
4F	42C1	26	27
4F	42C4	26	27
4F	42C7	26	27
4F	42CA	26	27
4F	42CD	26	27
4F	42CF	26	27
4F	42D2	26	27
4F	42D5	26	27
4F	42D7	26	27
4F	42DA	26	27
4F	42DD	26	28
4F	42E0	234	28
4F	42E3	234	29
4F	42E6	234	29
4F	42EC	234	29
4F	42ED	234	29
4F	42F0	234	29
4F	42F3	234	30
4F	42F5	26	43
4F	42F7	26	43
4F	42F8	26	43
4F	42FA	26	43
4F	42FC	26	43
4F	42FE	26	43
4F	42FF	2	331
4F	4301	2	331
4F	4303	2	331
4F	4304	2	331
4F	4306	2	331
4F	4308	2	331
4F	430A	2	331
4F	430C	2	331
4F	430F	2	331
4F	4312	2	331
4F	4315	2	331
4F	4318	2	331
4F	431A	2	331
4F	431D	2	331
4F	4320	2	331
4F	4322	2	331
4F	4325	2	331
4F	4328	2	332
4F	432B	34	332
4F	432E	34	333
4F	4331	34	333
4F	4337	34	333
4F	4338	34	333
4F	433B	34	333
4F	433E	34	334
4F	4340	2	363
4F	4342	2	363
4F	4343	2	363
4F	4345	2	363
4F	4347	2	363
4F	4349	2	363
4F	4370	24	308
4F	4372	24	308
4F	4374	24	308
4F	4375	24	308
4F	4377	24	308
4F	4379	24	308
4F	437B	24	308
4F	437D	24	308
4F	4380	24	308
4F	4383	24	308
4F	4386	24	308
4F	4389	24	308
4F	438B	24	308
4F	438E	24	308
4F	4391	24	308
4F	4393	24	308
4F	4396	24	308
4F	4399	192	309
4F	439C	192	310
4F	439F	192	310
4F	43A5	192	310
4F	43A6	192	310
4F	43A9	192	310
4F	43AC	192	311
4F	43AE	24	323
4F	43B0	24	323
4F	43B1	24	323
4F	43B3	24	323
4F	43B5	24	323
4F	43B7	24	323
4F	4572	21	1064
4F	4573	21	1064
4F	4575	21	1064
4F	4576	21	1064
4F	4578	63	1064
4F	4579	63	1064
4F	457B	63	1064
4F	457D	21	1064
4F	457F	21	1064
4F	4580	21	1064
4F	4582	21	1064
4F	4583	78	1064
4F	4586	78	1064
4F	4587	78	1064
4F	4588	78	1064
4F	4589	78	1064
4F	458A	78	1064
4F	458C	78	1064
4F	458E	78	1064
4F	4590	27	1073
4F	4592	27	1073
4F	4594	27	1073
4F	4595	78	1064
4F	4596	78	1064
4F	4597	78	1064
4F	4598	78	1064
4F	4599	78	1064
4F	459A	78	1064
4F	459B	78	1064
4F	459C	78	1064
4F	459E	78	1064
4F	45A0	78	1064
4F	45A1	78	1064
4F	45A2	78	1064
4F	45A3	78	1064
4F	45A4	78	1064
4F	45A5	78	1064
4F	45A6	78	1064
4F	45A8	78	1064
4F	45A9	78	1064
4F	45AA	78	1064
4F	45AC	78	1064
4F	45AE	78	1064
4F	45AF	78	1064
4F	45B1	78	1064
4F	45B4	78	1065
4F	45B5	78	1065
4F	45B6	78	1065
4F	45B7	78	1065
4F	45B9	78	1065
4F	45BA	78	1065
4F	45BB	78	1065
4F	45BC	78	1065
4F	45BD	78	1065
4F	45BE	78	1065
4F	45BF	78	1065
4F	45C0	78	1065
4F	45C1	78	1065
4F	45C2	78	1065
4F	45C3	78	1065
4F	45C5	21	1071
4F	45C6	21	1076
4F	45C8	21	1076
4F	45CA	21	1076
4F	45CB	21	1076
4F	45CD	21	1076
4F	45CF	21	1076
4F	45D1	21	1076
4F	45D3	78	1076
4F	45D6	78	1076
4F	45D7	1260	1076
4F	45D8	1260	1076
4F	45DA	1260	1076
4F	45DB	1260	1076
4F	45DC	1260	1076
4F	45DE	1260	1076
4F	45DF	1260	1076
4F	45E0	1260	1076
4F	45E1	1260	1076
4F	45E2	1260	1076
4F	45E6	1260	1076
4F	45E7	1260	1076
4F	45E8	1260	1076
4F	45EA	78	1076
4F	45EB	78	1076
4F	45EC	78	1076
4F	45EE	78	1076
4F	45EF	78	1076
4F	45F1	78	1076
4F	45F2	78	1076
4F	45F3	78	1076
4F	45F5	78	1076
4F	45F6	78	1076
4F	45F7	78	1076
4F	45F8	78	1076
4F	45FA	21	1076
4F	45FC	21	1076
4F	45FD	21	1076
4F	45FF	21	1076
4F	4601	21	1076
4F	4603	21	1076
4F	4604	19	1046
4F	4606	19	1046
4F	4608	19	1046
4F	4609	19	1046
4F	460B	78	1046
4F	460C	78	1046
4F	460D	78	1046
4F	460E	78	1046
4F	4610	78	1046
4F	4612	78	1046
4F	4614	27	1046
4F	4616	27	1046
4F	4618	27	1046
4F	4619	78	1046
4F	461A	78	1046
4F	461B	78	1046
4F	461C	78	1046
4F	461D	78	1046
4F	461E	78	1046
4F	461F	78	1046
4F	4620	78	1046
4F	4622	78	1046
4F	4624	78	1046
4F	4625	78	1046
4F	4626	78	1046
4F	4627	78	1046
4F	4628	78	1046
4F	4629	78	1046
4F	462A	78	1046
4F	462C	78	1046
4F	462D	78	1046
4F	462E	78	1046
4F	4630	78	1046
4F	4632	78	1046
4F	4635	1288	1046
4F	4636	1288	1046
4F	4637	1288	1046
4F	4638	1288	1046
4F	4639	1288	1046
4F	463A	1288	1046
4F	463B	1288	1046
4F	463C	1288	1046
4F	463D	1288	1046
4F	463E	1288	1046
4F	463F	1288	1046
4F	4640	1288	1046
4F	4641	1288	1046
4F	4642	1288	1046
4F	4643	1288	1046
4F	4644	1288	1046
4F	4645	1288	1046
4F	4646	1288	1046
4F	4647	1288	1046
4F	4648	1288	1046
4F	4649	1288	1046
4F	464A	1288	1046
4F	464B	1288	1046
4F	464C	1288	1046
4F	464D	1288	1046
4F	464E	1288	1046
4F	464F	1288	1046
4F	4650	1288	1046
4F	4651	1288	1046
4F	4652	1288	1046
4F	4653	1288	1046
4F	4654	1288	1046
4F	4655	1288	1046
4F	4656	1288	1046
4F	4658	78	1046
4F	4659	78	1046
4F	465A	78	1046
4F	465B	78	1046
4F	465C	78	1046
4F	465E	19	1046
4F	4660	19	1046
4F	4661	19	1046
4F	4663	19	1046
4F	4665	19	1046
4F	4667	19	1046
4F	4717	2	8
4F	4718	2	8
4F	4719	2	8
4F	471A	2	8
4F	471C	2	8
4F	471E	2	8
4F	4720	2	8
4F	4722	2	8
4F	4724	2	8
4F	4726	2	8
4F	4728	2	8
4F	472A	2	8
4F	472C	2	8
4F	472E	2	8
4F	4731	2	8
4F	4734	2	8
4F	4735	2	8
4F	4738	2	8
4F	473B	2	8
4F	473E	2	8
4F	473F	2	8
4F	4742	2	8
4F	4744	2	8
4F	4746	2	8
4F	4749	2	8
4F	474C	2	8
4F	474D	2	8
4F	4750	2	10
4F	4752	2	10
4F	4754	12	10
4F	4755	12	10
4F	4757	12	10
4F	475A	12	10
4F	475D	12	10
4F	475E	12	10
4F	4761	12	11
4F	4762	12	11
4F	4763	12	11
4F	4765	2	14
4F	4766	2	14
4F	4768	2	14
4F	476A	2	14
4F	476D	2	14
4F	4770	2	14
4F	4771	2	14
4F	4774	2	15
4F	4776	2	15
4F	4778	2	15
4F	477A	2	15
4F	477C	2	15
4F	477E	2	15
4F	4780	2	16
4F	4783	2	16
4F	4786	2	16
4F	4789	2	16
4F	478A	2	16
4F	478D	2	16
4F	4793	2	16
4F	4796	2	16
4F	4798	2	16
4F	479A	2	16
4F	479B	2	16
4F	479D	2	16
4F	479F	2	16
4F	47A1	2	16
4F	47A2	2	16
4F	47A3	2	17
4F	47A4	2	17
4F	47A5	2	17
4F	47A7	2	17
4F	47A9	2	17
4F	47AC	2	17
4F	47AF	2	17
4F	47B2	2	17
4F	47B5	2	17
4F	47B6	2	17
4F	47B9	2	17
4F	47BC	2	17
4F	47BF	2	17
4F	47C0	2	17
4F	47C3	2	17
4F	47C6	2	17
4F	47C7	2	17
4F	47C8	2	17
4F	47CB	2	17
4F	47CE	2	17
4F	47D1	2	17
4F	47D2	2	17
4F	47D4	2	17
4F	47D6	2	17
4F	47D8	2	17
4F	47D9	2	17
4F	47DA	2	17
4F	47DC	2	17
4F	47DE	12	17
4F	47DF	12	17
4F	47E1	12	17
4F	47E2	12	17
4F	47E5	12	17
4F	47E8	12	17
4F	47EB	12	18
4F	47EE	12	18
4F	47EF	12	18
4F	47F0	12	18
4F	47F2	2	22
4F	47F3	2	22
4F	47F6	2	22
4F	47FC	2	22
55	651C	8	3154
55	651F	8	3154
55	6522	8	3154
55	6525	8	3154
55	6528	8	3154
55	652B	8	3154
55	652E	8	3154
55	6531	8	3154
55	6534	8	3154
55	653A	8	3154
55	653D	8	3154
55	6540	8	3154
55	6541	8	3154
55	6543	8	3154
55	6546	8	3155
55	654B	8	3155
55	654E	8	3156
55	6550	8	3156
55	6552	8	3156
55	6554	8	3156
55	6555	8	3156
55	6558	8	3156
55	6F2E	8	3154
55	6F2F	8	3154
55	6F32	8	3154
55	6F33	8	3154
55	6F34	8	3154
55	6F36	8	3154
55	6F37	8	3154
55	6F38	8	3154
55	6F39	8	3154
55	6F3A	8	3154
63	4000	163	1046
63	4001	163	1046
63	4002	163	1046
63	4003	163	1046
63	4004	163	1046
63	4005	163	1046
63	4007	163	1046
63	4008	163	1046
63	400A	163	1046
63	400C	163	1046
63	400E	163	1046
63	4010	163	1046
63	4012	163	1046
63	4014	163	1046
63	4017	163	1046
63	4018	163	1046
63	4019	163	1046
63	401A	163	1046
63	401B	163	1046
63	401C	163	1046
63	401D	163	1046
63	401E	163	1046
63	401F	163	1046
63	4020	163	1046
63	4021	163	1046
63	4023	163	1046
63	4024	163	1046
63	4026	163	1046
63	4028	163	1046
63	4029	163	1046
63	402A	163	1046
63	402B	163	1046
63	402C	163	1046
63	403D	14	1054
63	403F	14	1054
63	4041	14	1054
63	4043	22	1047
63	4045	22	1047
63	4047	22	1047
63	4049	23	1046
63	404B	23	1046
63	404D	23	1046
63	404F	23	1046
63	4051	23	1046
63	4053	23	1046
63	4055	24	1050
63	4057	24	1050
63	4059	24	1050
63	405B	24	1055
63	405D	24	1055
63	405F	24	1055
63	4061	20	1047
63	4063	20	1047
63	4065	20	1047
63	4067	13	1046
63	4069	13	1046
63	406B	13	1046
63	406D	163	1046
63	406E	163	1046
63	406F	163	1046
63	4070	163	1046
63	4071	163	1046
65	4000	2	17
65	4003	2	22
65	4009	2	22
65	400F	2	22
65	4015	2	22
65	4016	2	22
65	4019	2	22
65	401C	2	22
65	401D	2	22
65	401E	2	22
65	4021	2	22
65	4022	2	22
65	4023	2	22
65	4024	2	22
65	4025	2	22
65	4026	2	22
65	4029	2	22
65	402F	2	324
65	4030	2	324
65	4032	2	324
65	4033	2	324
65	4035	2	324
65	4037	2	324
65	4038	2	324
65	4039	2	324
65	403A	2	324
65	403B	2	324
65	4078	2	324
65	407E	2	324
65	407F	2	324
65	4081	2	324
65	4082	2	324
65	4084	2	324
65	4086	2	324
65	4087	2	324
65	4088	2	324
65	4089	2	324
65	408A	2	324
65	408B	2	324
65	416C	2	324
65	4172	2	326
65	4174	2	326
65	4176	2	326
65	417C	2	326
65	417D	2	326
65	417F	2	326
65	4185	2	327
65	4186	2	327
65	4188	2	327
65	41A7	2	327
65	41A9	2	327
65	487C	2	1041
65	487F	2	1041
65	4881	2	1041
65	4883	2	1041
65	4889	2	1041
65	488C	2	1042
65	488E	2	1042
65	4890	2	1042
65	4892	2	1042
65	4893	2	1042
65	4895	2	1042
65	4897	2	1042
65	4899	2	1042
65	489B	2	1042
65	489D	2	1042
65	489F	2	1042
65	48A5	2	1042
65	48A8	2	1042
65	48AB	2	1042
65	48AD	2	1042
65	48AE	2	1042
65	48B1	2	1042
65	48B4	2	1042
65	48B7	2	1042
65	48B8	2	1042
65	48B9	2	1042
65	48BC	2	1042
65	48BD	2	1042
65	48C0	2	1042
65	48C1	2	1042
65	48C2	2	1042
65	48C5	2	1042
65	48C8	2	1042
65	48CB	2	1042
65	48CD	2	1042
65	48CF	2	1042
65	48D1	2	1042
65	48D7	2	1043
65	48DA	2	1043
65	48DD	2	1043
65	48E0	2	1043
65	48E2	2	1043
65	48E8	2	1043
65	48EB	2	1043
65	48EC	2	1043
65	48EF	2	1043
65	48F0	2	1043
65	48F1	2	1043
65	48F3	2	1043
65	48F5	2	1043
65	48F8	2	1043
65	48FB	2	1043
65	48FE	2	1043
65	4900	2	1043
65	4906	2	1043
65	4919	2	1043
65	491B	2	1043
65	491E	2	1044
65	4921	2	1046
65	4924	2	1046
65	4927	2	1076
65	4929	2	1076
65	492C	2	1077
65	4932	2	1093
65	4935	2	1093
65	4938	2	1093
65	493A	2	1093
65	493C	558	1093
65	493F	558	1094
65	4945	558	1094
65	494B	558	1094
65	4958	556	1094
65	495B	1	4402
65	495D	1	4402
65	495E	1	4402
65	4960	1	4402
65	4962	1	4402
65	4965	1	4402
65	4968	1	4402
65	4969	1	4402
65	496B	1	4402
65	4971	1	4417
65	4973	1	4417
65	4974	1	1637
65	4977	1	1637
65	4979	1	1637
65	4981	1	1637
65	4983	1	1637
65	4984	1	1637
65	4986	1	1637
65	4988	1	1637
65	498B	1	1637
65	498E	1	1637
65	498F	1	1637
65	4991	1	1637
65	4997	1	1652
65	4998	1	1652
65	49A2	2	1046
65	49A5	2	1046
65	49A8	2	1046
65	49AB	2	1046
65	49B1	2	1046
65	49B4	2	1046
65	49B5	2	1046
65	49B8	2	1046
65	49B9	2	1046
65	49BC	2	1046
65	49BD	2	1046
65	49BE	2	1046
65	49BF	2	1046
65	49C0	2	1046
65	49C1	2	1046
65	49C2	2	1046
65	49C4	2	1046
65	49C6	2	1046
65	49C8	2	1046
65	49CA	2	1046
65	49CC	2	1046
65	49CE	2	1046
65	49D0	2	1046
65	49D2	2	1046
65	49D4	2	1046
65	49D6	2	1046
65	49D8	2	1046
65	49DA	2	1046
65	49DC	2	1046
65	49DE	2	1046
65	49E0	2	1046
65	49E2	2	1046
65	49E4	2	1046
65	49E6	2	1046
65	49E8	2	1046
65	49EA	2	1046
65	49EC	2	1046
65	49EE	2	1046
65	49F0	2	1046
65	49F2	2	1046
65	49F4	2	1046
65	49F6	2	1046
65	49F7	2	1046
65	49FA	2	1064
65	49FD	2	1064
65	4A00	2	1064
65	4A03	2	1064
65	4A09	2	1071
65	4A0C	2	1071
65	4A0F	2	1071
65	4A12	2	1071
65	4A18	2	1076
65	4A1B	2	1076
65	4A1E	2	1076
65	4A21	2	1076
65	4A27	2	1076
65	4A2A	2	1076
65	4A2D	2	1076
65	4A30	2	1076
65	4A36	2	1076
65	4A37	2	1044
65	4A3A	2	1044
65	4A3B	2	1044
65	4A3E	2	1044
65	4A3F	2	1044
65	4A40	2	1044
65	4A41	2	1044
65	4A44	2	1044
65	4A45	2	1044
65	4A46	2	1044
65	4A47	2	1044
65	4A49	2	1044
65	4A4A	2	1044
65	4A4B	2	1044
65	4A4C	2	1044
65	4A4D	2	1044
65	4A4E	2	1044
65	4A4F	2	1044
65	4A50	2	1044
65	4A51	2	1044
65	4A52	2	1044
65	4A53	2	1044
65	4A54	2	1044
65	4A57	2	1044
65	4A59	2	1044
65	4A5B	2	1044
65	4A61	2	1045
65	4A62	2	1045
65	4A63	2	1045
65	4A64	2	1045
65	4A67	2	1045
65	4A68	2	1045
65	4A69	2	1045
65	4A6A	2	1045
65	4A6C	2	1045
65	4A6D	2	1045
65	4A6E	2	1045
65	4A6F	2	1045
65	4A70	2	1045
65	4A71	2	1045
65	4A74	2	1045
65	4A76	2	1045
65	4A78	2	1045
65	4A7A	2	1045
65	4A80	2	1046
65	4AD7	2	1046
65	4ADA	2	1046
65	4ADB	2	1046
65	4ADE	2	1046
65	4ADF	2	1046
65	4AE0	2	1046
65	4AE2	2	1046
65	4AEB	2	1046
65	4AEC	2	1046
65	4AEF	2	1046
65	4AF0	2	1046
65	4AF1	2	1046
65	4AF2	2	1046
65	4AF3	2	1046
65	4AF4	1	1046
65	4AF5	1	1046
65	4AF6	1	1046
65	4AF9	1	1046
65	4AFC	1	1046
65	4AFD	1	1046
65	4AFE	1	1046
65	4AFF	1	1046
65	4B01	1	1046
65	4B02	1	1046
65	4B03	1	1046
65	4B04	1	1046
65	4B05	1	1046
65	4B06	1	1046
65	4B07	1	1046
65	4B08	1	1046
65	4B09	1	1046
65	4B0A	1	1046
65	4B0C	1	1046
65	4B0D	1	1046
65	4B0E	1	1046
65	4B0F	1	1046
65	4B10	1	1046
65	4B11	1	1046
65	4B14	1	1046
65	4B17	1	1046
65	4B19	1	1046
65	4B1F	1	1046
65	4B20	1	1046
65	4B21	1	1046
65	4B22	1	1046
65	4B25	1	1046
65	4B28	1	1046
65	4B29	1	1046
65	4B2A	1	1046
65	4B2B	1	1046
65	4B2D	1	1046
65	4B2E	1	1046
65	4B2F	1	1046
65	4B30	1	1046
65	4B31	1	1046
65	4B32	1	1046
65	4B33	1	1046
65	4B34	1	1046
65	4B35	1	1046
65	4B36	1	1046
65	4B38	1	1046
65	4B39	1	1046
65	4B3A	1	1046
65	4B3B	1	1046
65	4B3C	1	1046
65	4B3D	1	1046
65	4B40	1	1046
65	4B43	1	1046
65	4B45	1	1046
65	4B4B	1	1046
65	4B4D	1	1046
65	4B4E	1	1046
65	4B51	1	1046
65	4B54	1	1046
65	4B55	1	1046
65	4B56	1	1046
65	4B57	1	1046
65	4B59	1	1046
65	4B5A	1	1046
65	4B5B	1	1046
65	4B5C	1	1046
65	4B5D	1	1046
65	4B5E	1	1046
65	4B5F	1	1046
65	4B60	1	1046
65	4B61	1	1046
65	4B62	1	1046
65	4B64	1	1046
65	4B65	1	1046
65	4B66	1	1046
65	4B67	1	1046
65	4B68	1	1046
65	4B69	1	1046
65	4B6C	1	1046
65	4B6F	1	1046
65	4B71	1	1046
65	4B77	1	1046
65	4BA8	2	1093
65	4BAB	2	1093
65	4BAE	2	1093
65	4BAF	2	1093
65	4BB0	2	1093
65	4BB2	2	1093
65	4BB3	2	1093
65	4BB4	2	1093
65	4BB5	2	1093
65	4BB7	2	1093
65	4BB8	2	1093
65	4BBA	2	1093
65	4BBB	2	1093
65	4BBD	2	1093
65	4BBF	2	1093
65	4BC2	2	1093
65	4BC3	2	1093
65	4BC5	2	1093
67	4000	2	2739
67	4003	2	2739
67	4006	2	2739
67	4009	2	2739
67	400A	2	2739
67	400D	2	2739
67	4013	2	2739
67	4019	2	2739
67	401F	2	3039
67	4020	2	3039
67	4023	2	3039
67	4029	2	3039
67	402B	2	3039
67	4031	1	3156
67	4032	1	3156
67	4035	1	3156
67	4037	1	3156
67	4041	1	3156
67	4044	1	3156
67	4086	2	3156
67	4089	2	3156
67	408A	2	3156
67	4090	2	3220
67	4091	2	3220
67	4093	2	3220
67	4094	2	3220
67	4097	2	3220
67	409A	3	3220
67	409C	3	3220
67	40A2	3	3393
67	40A3	3	3393
67	40A5	2	3611
67	40A7	2	3611
67	40B0	2	3611
67	40B6	2	3611
67	40B9	2	3611
67	40BF	2	3825
67	40C0	2	3825
67	40C2	1	4351
67	40C4	1	4351
67	40CE	1	3825
67	40D1	1	3825
67	414D	1	4351
67	414F	1	4351
67	4155	1	4417
67	4156	2	2739
67	4157	2	2739
67	415A	2	2739
67	415B	2	2739
67	415D	2	2739
67	415F	2	2739
67	4160	2	2739
67	4162	2	2739
67	4164	2	2739
67	4166	2	2739
67	4167	2	2739
67	4169	2	2739
67	416B	2	2739
67	416D	2	2739
67	4170	2	2739
67	4172	2	2739
67	4174	2	2739
67	4177	2	2739
67	4178	2	2739
67	4179	2	2739
67	417B	2	2739
67	417C	2	2739
67	417E	2	2739
67	4181	2	2739
67	4183	2	2739
67	4185	2	2739
67	4186	2	2739
67	4188	2	2739
67	418B	2	2739
67	418D	2	2739
67	418E	3	2739
67	418F	3	2739
67	4192	3	2739
67	4193	3	2739
67	4195	3	2739
67	4197	3	2739
67	4198	3	2739
67	419A	3	2739
67	419C	3	2739
67	419E	3	2739
67	419F	3	2739
67	41A1	3	2739
67	41A3	3	2739
67	41A5	3	2739
67	41A8	3	2739
67	41AA	3	2739
67	41AC	3	2739
67	41AF	3	2739
67	41B0	3	2739
67	41B1	3	2739
67	41B3	3	2739
67	41B4	3	2739
67	41B6	3	2739
67	41B9	3	2739
67	41BB	3	2739
67	41BD	3	2739
67	41BE	3	2739
67	41C0	3	2739
67	41C3	3	2739
67	41C5	3	2739
67	41C6	4	2739
67	41C7	4	2739
67	41CA	4	2739
67	41CB	4	2739
67	41CD	4	2739
67	41CF	4	2739
67	41D0	4	2739
67	41D2	4	2739
67	41D4	4	2739
67	41D6	4	2739
67	41D7	4	2739
67	41D9	4	2739
67	41DB	4	2739
67	41DD	4	2739
67	41E0	4	2739
67	41E2	4	2739
67	41E4	4	2739
67	41E7	4	2739
67	41E8	4	2739
67	41E9	4	2739
67	41EB	4	2739
67	41EC	4	2739
67	41EE	4	2739
67	41F1	4	2739
67	41F3	4	2739
67	41F5	4	2739
67	41F6	4	2739
67	41F8	4	2739
67	41FB	4	2739
67	41FD	4	2739
67	41FE	3	3156
67	4200	3	3156
67	4202	3	3156
67	4203	3	3156
67	4205	3	3156
67	4207	3	3156
67	4209	3	3156
67	420B	3	3156
67	420C	3	3156
67	420F	3	3156
67	4212	3	3156
67	4215	3	3156
67	4218	3	3156
67	4219	3	3156
67	421B	3	3156
67	421D	3	3156
67	421E	3	3156
67	4221	3	3156
67	4223	3	3156
67	4224	3	3156
67	4226	3	3156
67	4228	3	3156
67	422A	3	3156
67	4631	5	3039
67	4634	5	3039
67	4637	5	3054
67	463D	5	3070
67	463F	5	3070
67	4640	5	3070
67	4642	5	3070
67	4644	5	3070
67	4647	5	3070
67	464A	5	3070
67	464B	5	3070
67	464D	5	3070
67	4650	4	3139
67	4656	4	3154
67	465C	4	3156
67	465E	4	3156
67	4660	4	3156
67	4663	4	3156
67	4665	4	3156
67	4667	4	3156
67	466A	4	3156
67	466D	4	3156
67	466E	4	3156
67	4670	1	3156
67	4673	1	3156
67	4676	1	3156
67	4678	3	3393
67	467B	3	3393
67	467E	4	3156
67	467F	4	3156
67	4681	4	3156
67	4684	4	3156
67	4687	4	3156
67	4688	5	3039
67	468A	5	3039
67	468C	5	3039
67	4692	5	3039
67	4698	5	3039
67	4699	5	3039
67	469C	5	3039
67	469E	5	3039
67	46A0	5	3039
67	46A3	5	3039
67	46A5	5	3039
67	46A7	5	3039
67	46AA	5	3039
67	46AD	5	3039
67	46AE	5	3039
67	46B0	2	3039
67	46B3	2	3039
67	46B5	3	3220
67	46B8	5	3039
67	46B9	5	3039
67	46BA	5	3039
67	46BC	5	3039
67	46BF	5	3039
67	46C0	5	3039
67	46C3	5	3039
67	46C6	5	3039
67	46C7	5	3039
67	46C9	2	3039
67	46CC	2	3039
67	46CF	2	3039
67	46D1	2	3039
67	46D3	2	3039
67	46D5	2	3039
67	46DB	2	3040
67	46DE	2	3040
67	46E1	2	3040
67	46E3	2	3040
67	46E5	2	3040
67	46E7	2	3040
67	46ED	2	3041
67	46F0	2	3041
67	46F3	2	3041
67	46F5	2	3041
67	46F7	2	3041
67	46F9	2	3041
67	46FF	2	3042
67	4702	2	3042
67	4705	2	3042
67	4707	2	3042
67	4709	2	3042
67	470B	2	3042
67	4711	2	3043
67	4714	2	3043
67	4717	2	3043
67	471A	2	3043
67	471C	2	3043
67	4722	2	3043
67	4724	3	3220
67	4727	3	3220
67	472A	3	3220
67	472C	3	3220
67	472E	3	3220
67	4730	3	3220
67	4736	3	3221
67	4739	3	3221
67	473C	3	3221
67	473E	3	3221
67	4740	3	3221
67	4742	3	3221
67	4748	3	3222
67	474B	3	3222
67	474E	3	3222
67	4750	3	3222
67	4752	3	3222
67	4754	3	3222
67	475A	3	3223
67	475D	3	3223
67	4760	3	3223
67	4762	3	3223
67	4764	3	3223
67	4766	3	3223
67	476C	3	3224
67	476F	3	3224
67	4772	3	3224
67	4775	3	3224
67	4777	3	3224
67	477D	5	3043
67	4780	5	3043
67	4783	5	3043
67	4785	5	3043
67	4787	5	3043
67	4789	5	3043
67	478F	5	3044
67	4792	5	3044
67	4795	5	3044
67	4798	5	3044
67	479A	5	3044
67	47A0	5	3044
67	47A3	5	3044
67	47A6	5	3044
67	47A9	5	3044
67	47AB	5	3044
67	47B1	5	3044
67	47B4	5	3044
67	47B7	5	3047
67	47BA	5	3053
67	47BD	5	3053
67	47BF	5	3053
67	47C2	5	3054
67	47C5	5	3054
67	47C8	5	3054
67	47CA	5	3054
67	47CC	5	3054
67	47D2	5	3054
67	47D5	5	3054
67	47DB	5	3054
67	47DC	349	3070
67	47E2	349	3070
67	47E5	348	3071
67	47EB	348	3071
67	47ED	348	3071
67	47EF	348	3071
67	47F1	345	3071
67	47F3	345	3071
67	47F5	344	3071
67	47F7	344	3071
67	47F9	344	3071
67	47FB	344	3071
67	47FD	344	3071
67	47FF	3	3139
67	4801	3	3139
67	4802	3	3139
67	4804	3	3139
67	4806	3	3139
67	4809	3	3139
67	480C	3	3139
67	480D	3	3139
67	480F	3	3139
67	4812	3	3139
67	4813	3	3139
67	4816	3	3139
67	4817	1	3376
67	4819	1	3376
67	481A	1	3376
67	481C	1	3376
67	481E	1	3376
67	4821	1	3376
67	4824	1	3376
67	4825	1	3376
67	4827	1	3376
67	4828	1	3376
67	482B	1	3376
67	4855	5	3054
67	4858	5	3054
67	4859	5	3054
67	485C	5	3054
67	485D	5	3054
67	485E	5	3054
67	485F	5	3054
67	4861	5	3054
67	4862	5	3054
67	4863	5	3054
67	4864	5	3054
67	4865	5	3054
67	4866	5	3054
67	4869	5	3054
67	486C	5	3054
67	4871	5	3053
67	4874	5	3053
67	4877	5	3053
67	487A	5	3053
67	4880	5	3053
67	4881	5	3044
67	4884	5	3044
67	4887	5	3044
67	488A	5	3044
67	4890	5	3044
67	4892	5	3044
67	4894	5	3044
67	4896	5	3044
67	4898	5	3044
67	489A	5	3044
67	489C	5	3044
67	489E	5	3044
67	48A0	5	3044
67	48A2	5	3044
67	48A4	5	3044
67	48A6	5	3044
67	48A8	5	3044
67	48AA	5	3044
67	48AC	5	3044
67	48AE	5	3044
67	48B0	5	3044
67	48B2	5	3044
67	48B4	5	3044
67	48B6	5	3044
67	48B8	5	3044
67	48BA	5	3044
67	48BC	5	3044
67	48BE	5	3044
67	48C0	5	3044
67	48C2	5	3044
67	48C4	5	3044
67	48C7	5	3044
67	48C8	5	3044
67	48CA	2	3044
67	48CC	2	3044
67	48D2	2	3044
67	48D4	3	3225
67	48D6	3	3225
67	48DC	5	3044
67	48DF	5	3047
67	48E0	5	3047
67	48E3	5	3047
67	48E6	5	3047
67	48E9	5	3047
67	48EF	5	3053
67	48F0	5	3044
67	48F3	5	3044
67	48F4	5	3044
67	48F7	5	3044
67	48F8	5	3044
67	48FA	2	3044
67	48FB	2	3044
67	48FD	3	3225
67	48FF	5	3044
67	4900	5	3044
67	4903	5	3044
67	4906	5	3044
67	4909	5	3044
67	490A	5	3044
67	490B	5	3044
67	490C	5	3044
67	490E	5	3044
67	490F	5	3044
67	4910	5	3044
67	4911	5	3044
67	4912	5	3044
67	4913	5	3044
67	4915	5	3044
67	491B	5	3044
67	4C73	2	3156
67	4C76	2	3156
67	4C79	2	3171
67	4C7F	2	3187
67	4C82	2	3203
67	4C88	2	3218
67	4C8E	2	3220
67	4C91	2	3220
67	4C94	2	3220
67	4C95	2	3220
67	4C97	2	3220
67	4C99	2	3220
67	4C9A	2	3220
67	4C9C	2	3220
67	4C9E	2	3220
67	4CA0	2	3220
67	4CA1	2	3220
67	4CA3	2	3220
67	4CA5	2	3220
67	4CA7	2	3220
67	4CAA	2	3220
67	4CAC	2	3220
67	4CAE	2	3220
67	4CB1	2	3220
67	4CB2	2	3220
67	4CB3	2	3220
67	4CB5	2	3220
67	4CB6	2	3220
67	4CB8	2	3220
67	4CBB	2	3220
67	4CBD	2	3220
67	4CBF	2	3220
67	4CC0	2	3220
67	4CC2	2	3220
67	4CC5	2	3220
67	4CC7	2	3220
67	4CCA	2	3220
67	4CCB	2	3156
67	4CCD	2	3156
67	4CCF	2	3156
67	4CD5	2	3156
67	4CDB	2	3156
67	4CDC	2	3156
67	4CDF	2	3156
67	4CE2	2	3156
67	4CE4	2	3156
67	4CE6	2	3156
67	4CE7	2	3156
67	4CE9	2	3156
67	4CEB	2	3156
67	4CED	2	3156
67	4CEE	2	3156
67	4CF0	2	3156
67	4CF2	2	3156
67	4CF4	2	3156
67	4CF7	2	3156
67	4CF9	2	3156
67	4CFB	2	3156
67	4CFE	2	3156
67	4CFF	2	3156
67	4D00	2	3156
67	4D02	2	3156
67	4D03	2	3156
67	4D05	2	3156
67	4D08	2	3156
67	4D0A	2	3156
67	4D0C	2	3156
67	4D0D	2	3156
67	4D0F	2	3156
67	4D12	2	3156
67	4D14	2	3156
67	4D15	2	3156
67	4D18	2	3156
67	4D1B	2	3156
67	4D1C	2	3156
67	4D68	2	3156
67	4D6B	2	3156
67	4D6E	2	3156
67	4D70	2	3156
67	4D72	2	3156
67	4D74	2	3156
67	4D7A	2	3157
67	4D7D	2	3157
67	4D80	2	3157
67	4D82	2	3157
67	4D84	2	3157
67	4D86	2	3157
67	4D8C	2	3158
67	4D8F	2	3158
67	4D92	2	3158
67	4D94	2	3158
67	4D96	2	3158
67	4D98	2	3158
67	4D9E	2	3159
67	4DA1	2	3159
67	4DA4	2	3159
67	4DA6	2	3159
67	4DA8	2	3159
67	4DAA	2	3159
67	4DB0	2	3160
67	4DB3	2	3160
67	4DB6	2	3160
67	4DB8	2	3160
67	4DBA	2	3160
67	4DBC	2	3160
67	4DC2	2	3161
67	4DC5	2	3161
67	4DC8	2	3161
67	4DCB	2	3161
67	4DCD	2	3161
67	4DD3	2	3161
67	4DD6	2	3161
67	4DD9	2	3161
67	4DDC	2	3161
67	4DDE	2	3161
67	4DE4	2	3161
67	4DE7	2	3161
67	4DEA	2	3161
67	4DED	2	3161
67	4DEF	2	3161
67	4DF5	2	3161
67	4DF8	2	3161
67	4DFB	2	3164
67	4DFE	2	3170
67	4E01	2	3170
67	4E03	2	3170
67	4E06	2	3171
67	4E09	2	3171
67	4E0C	2	3171
67	4E0E	2	3171
67	4E10	2	3171
67	4E16	2	3171
67	4E19	2	3171
67	4E1F	2	3171
67	4E20	92	3187
67	4E26	92	3187
67	4E29	92	3188
67	4E2F	92	3188
67	4E31	92	3188
67	4E33	92	3188
67	4E35	90	3188
67	4E37	90	3188
67	4E39	90	3188
67	4E3B	90	3188
67	4E3D	90	3188
67	4E3F	90	3188
67	4E42	90	3188
67	4E44	2	3203
67	4E47	2	3203
67	4E48	2	3203
67	4E69	2	3203
67	4E6B	2	3203
67	4E6C	2	3203
67	4E6E	2	3203
67	4E70	2	3203
67	4E73	2	3203
67	4E76	2	3203
67	4E77	2	3203
67	4E79	2	3203
67	4E7C	2	3203
67	4E7D	2	3203
67	4E80	2	3203
67	4F50	2	3171
67	4F53	2	3171
67	4F54	2	3171
67	4F57	2	3171
67	4F58	2	3171
67	4F59	2	3171
67	4F5A	2	3171
67	4F5C	2	3171
67	4F5D	2	3171
67	4F5E	2	3171
67	4F5F	2	3171
67	4F60	2	3171
67	4F61	2	3171
67	4F64	2	3171
67	4F67	2	3171
67	4F6E	2	3170
67	4F71	2	3170
67	4F74	2	3170
67	4F77	2	3170
67	4F7D	2	3170
67	4F80	2	3170
67	4F83	2	3170
67	4F86	2	3170
67	4F8C	2	3170
67	4F8F	2	3170
67	4F92	2	3170
67	4F95	2	3170
67	4F9B	2	3170
67	4F9C	2	3161
67	4F9F	2	3161
67	4FA2	2	3161
67	4FA5	2	3161
67	4FAB	2	3161
67	4FAD	2	3161
67	4FAF	2	3161
67	4FB1	2	3161
67	4FB3	2	3161
67	4FB5	2	3161
67	4FB7	2	3161
67	4FB9	2	3161
67	4FBB	2	3161
67	4FBD	2	3161
67	4FBF	2	3161
67	4FC1	2	3161
67	4FC3	2	3161
67	4FC5	2	3161
67	4FC7	2	3161
67	4FC9	2	3161
67	4FCB	2	3161
67	4FCD	2	3161
67	4FCF	2	3161
67	4FD1	2	3161
67	4FD3	2	3161
67	4FD5	2	3161
67	4FD7	2	3161
67	4FD9	2	3161
67	4FDB	2	3161
67	4FDD	2	3161
67	4FDF	2	3161
67	4FE2	2	3161
67	4FE5	2	3161
67	4FE6	2	3161
67	4FE7	2	3161
67	4FE8	2	3161
67	4FEA	2	3161
67	4FEB	2	3161
67	4FEC	2	3161
67	4FED	2	3161
67	4FEE	2	3161
67	4FEF	2	3161
67	4FF1	2	3161
67	4FF4	2	3161
67	4FF7	2	3161
67	4FFA	2	3161
67	4FFD	2	3161
67	5003	2	3161
67	5005	2	3161
67	5007	2	3161
67	5009	2	3161
67	500B	2	3161
67	500D	2	3161
67	500F	2	3161
67	5011	2	3161
67	5013	2	3161
67	5015	2	3161
67	5017	2	3161
67	5019	2	3161
67	501B	2	3161
67	501D	2	3161
67	501F	2	3161
67	5021	2	3161
67	5023	2	3161
67	5025	2	3161
67	5027	2	3161
67	5029	2	3161
67	502B	2	3161
67	502D	2	3161
67	502F	2	3161
67	5031	2	3161
67	5033	2	3161
67	5035	2	3161
67	5037	2	3161
67	503A	2	3161
67	503D	2	3161
67	503E	2	3161
67	503F	2	3161
67	5040	2	3161
67	5042	2	3161
67	5043	2	3161
67	5044	2	3161
67	5045	2	3161
67	5046	2	3161
67	5047	2	3161
67	5049	2	3161
67	504C	2	3162
67	504F	2	3162
67	5052	2	3162
67	5055	2	3162
67	505B	2	3162
67	505D	2	3162
67	505F	2	3162
67	5061	2	3162
67	5063	2	3162
67	5065	2	3162
67	5067	2	3162
67	5069	2	3162
67	506B	2	3162
67	506D	2	3162
67	506F	2	3162
67	5071	2	3162
67	5073	2	3162
67	5075	2	3162
67	5077	2	3162
67	5079	2	3162
67	507B	2	3162
67	507D	2	3162
67	507F	2	3162
67	5081	2	3162
67	5083	2	3162
67	5085	2	3162
67	5087	2	3162
67	5089	2	3162
67	508B	2	3162
67	508D	2	3162
67	508F	2	3162
67	5092	2	3162
67	5095	2	3162
67	5096	2	3162
67	5097	2	3162
67	5098	2	3162
67	509A	2	3162
67	509B	2	3162
67	509C	2	3162
67	509D	2	3162
67	509E	2	3162
67	509F	2	3162
67	50A1	2	3162
67	50A4	2	3164
67	50B7	2	3164
67	50BA	2	3164
67	50BD	2	3164
67	50C0	2	3164
67	50C6	2	3166
67	50C9	2	3166
67	50CC	2	3166
67	50CF	2	3166
67	50D5	2	3168
67	50D8	2	3168
67	50DB	2	3168
67	50DE	2	3168
67	50E4	2	3170
67	50E5	2	3161
67	50E8	2	3161
67	50EB	2	3161
67	50EE	2	3161
67	50F1	2	3161
67	50F2	2	3161
67	50F3	2	3161
67	50F4	2	3161
67	50F6	2	3161
67	50F7	2	3161
67	50F8	2	3161
67	50F9	2	3161
67	50FA	2	3161
67	50FB	2	3161
67	50FD	2	3161
67	5103	2	3161
67	510A	2	3611
67	510D	2	3611
67	5110	2	3625
67	5116	2	3641
67	5119	2	3808
67	511F	2	3823
67	5125	2	3825
67	5128	2	3825
67	5129	2	3611
67	512B	2	3611
67	512D	2	3611
67	5133	2	3611
67	5139	2	3611
67	513A	2	3611
67	513D	2	3611
67	513F	2	3611
67	5142	2	3611
67	5145	2	3611
67	5148	2	3611
67	514A	2	3611
67	514C	2	3611
67	514E	2	3611
67	5154	2	3612
67	5157	2	3612
67	515A	2	3612
67	515C	2	3612
67	515E	2	3612
67	5160	2	3612
67	5166	2	3613
67	5169	2	3613
67	516C	2	3613
67	516E	2	3613
67	5170	2	3613
67	5172	2	3613
67	5178	2	3614
67	517B	2	3614
67	517E	2	3614
67	5180	2	3614
67	5182	2	3614
67	5184	2	3614
67	518A	2	3615
67	518D	2	3615
67	5190	2	3615
67	5193	2	3615
67	5195	2	3615
67	519B	2	3615
67	519E	2	3615
67	51A1	2	3615
67	51A4	2	3615
67	51A6	2	3615
67	51AC	2	3615
67	51AF	2	3615
67	51B2	2	3615
67	51B5	2	3615
67	51B7	2	3615
67	51BD	2	3615
67	51C0	2	3615
67	51C3	2	3618
67	51C6	2	3624
67	51C9	2	3624
67	51CB	2	3624
67	51CE	2	3625
67	51D1	2	3625
67	51D4	2	3625
67	51D6	2	3625
67	51D8	2	3625
67	51DE	2	3625
67	51E1	2	3625
67	51E2	507	3641
67	51E8	507	3641
67	51EB	507	3642
67	51F1	507	3642
67	51F3	507	3642
67	51F5	507	3642
67	51F7	506	3642
67	51F9	506	3642
67	51FB	505	3642
67	51FD	505	3642
67	51FF	504	3642
67	5201	504	3642
67	5203	504	3642
67	5205	1	4334
67	5207	1	4334
67	5208	1	4334
67	520A	1	4334
67	520C	1	4334
67	520F	1	4334
67	5212	1	4334
67	5213	1	4334
67	5215	1	4334
67	5218	1	4334
67	5219	1	4334
67	5221	1	4334
67	5223	1	4334
67	5226	1	4334
67	5227	1	3808
67	5229	1	3808
67	522A	1	3808
67	522C	1	3808
67	522E	1	3808
67	5231	1	3808
67	5234	1	3808
67	5235	1	3808
67	5237	1	3808
67	5238	1	3808
67	523B	1	3808
67	523C	1	4240
67	523E	1	4240
67	523F	1	4240
67	5241	1	4240
67	5243	1	4240
67	5246	1	4240
67	5249	1	4240
67	524A	1	4240
67	524C	1	4240
67	524F	1	4240
67	5251	1	4240
67	5252	1	4240
67	5255	1	4240
67	5258	1	4240
67	525A	1	4240
67	525D	3	3625
67	5260	3	3625
67	5261	3	3625
67	5264	3	3625
67	5265	3	3625
67	5266	3	3625
67	5267	3	3625
67	5269	3	3625
67	526A	3	3625
67	526B	3	3625
67	526C	3	3625
67	526D	3	3625
67	526E	3	3625
67	5271	3	3625
67	5274	3	3625
67	5279	2	3624
67	527C	2	3624
67	527F	2	3624
67	5282	2	3624
67	5288	2	3624
67	528B	2	3624
67	528E	2	3624
67	5291	2	3624
67	5297	2	3624
67	529A	2	3624
67	529D	2	3624
67	52A0	2	3624
67	52A6	2	3624
67	52A7	2	3615
67	52AA	2	3615
67	52AD	2	3615
67	52B0	2	3615
67	52B6	2	3615
67	52B8	2	3615
67	52BA	2	3615
67	52BC	2	3615
67	52BE	2	3615
67	52C0	2	3615
67	52C2	2	3615
67	52C4	2	3615
67	52C6	2	3615
67	52C8	2	3615
67	52CA	2	3615
67	52CC	2	3615
67	52CE	2	3615
67	52D0	2	3615
67	52D2	2	3615
67	52D4	2	3615
67	52D6	2	3615
67	52D8	2	3615
67	52DA	2	3615
67	52DC	2	3615
67	52DE	2	3615
67	52E0	2	3615
67	52E2	2	3615
67	52E4	2	3615
67	52E6	2	3615
67	52E8	2	3615
67	52EA	2	3615
67	52EC	2	3615
67	52EF	2	3615
67	52F2	2	3615
67	52F5	2	3615
67	52F8	2	3615
67	52FB	2	3615
67	5301	2	3616
67	5303	2	3616
67	5305	2	3616
67	5307	2	3616
67	5309	2	3616
67	530B	2	3616
67	530D	2	3616
67	530F	2	3616
67	5311	2	3616
67	5313	2	3616
67	5315	2	3616
67	5317	2	3616
67	5319	2	3616
67	531B	2	3616
67	531D	2	3616
67	531F	2	3616
67	5321	2	3616
67	5323	2	3616
67	5325	2	3616
67	5327	2	3616
67	5329	2	3616
67	532B	2	3616
67	532D	2	3616
67	532F	2	3616
67	5331	2	3616
67	5333	2	3616
67	5335	2	3616
67	5337	2	3616
67	533A	2	3616
67	533D	2	3616
67	5340	2	3616
67	5343	2	3616
67	5346	2	3616
67	534C	2	3616
67	534E	2	3616
67	5350	2	3616
67	5352	2	3616
67	5354	2	3616
67	5356	2	3616
67	5358	2	3616
67	535A	2	3616
67	535C	2	3616
67	535E	2	3616
67	5360	2	3616
67	5362	2	3616
67	5364	2	3616
67	5366	2	3616
67	5368	2	3616
67	536A	2	3616
67	536C	2	3616
67	536E	2	3616
67	5370	2	3616
67	5372	2	3616
67	5374	2	3616
67	5376	2	3616
67	5378	2	3616
67	537A	2	3616
67	537C	2	3616
67	537E	2	3616
67	5380	2	3616
67	5382	2	3616
67	5385	2	3616
67	5388	2	3618
67	5389	2	3618
67	538C	2	3618
67	538F	2	3618
67	5392	2	3618
67	5398	2	3620
67	539B	2	3620
67	539E	2	3620
67	53A1	2	3620
67	53A7	2	3622
67	53AA	2	3622
67	53AD	2	3622
67	53B0	2	3622
67	53B6	2	3624
67	53B7	2	3615
67	53BA	2	3615
67	53BD	2	3615
67	53BE	2	3615
67	53BF	2	3615
67	53C0	2	3615
67	53C2	2	3615
67	53C3	2	3615
67	53C4	2	3615
67	53C5	2	3615
67	53C6	2	3615
67	53C7	2	3615
67	53CA	2	3615
67	53CD	2	3615
67	53CF	2	3615
67	53D5	2	3615
67	53DC	2	2739
67	53DF	2	2743
67	53E5	2	2759
67	53E7	2	2759
67	53E8	2	2759
67	53EA	2	2759
67	53EC	2	2759
67	53EF	2	2759
67	53F2	2	2759
67	53F3	2	2759
67	53F5	2	2759
67	53F8	2	3024
67	53FE	2	3039
67	5401	2	3039
67	5402	2	2739
67	5403	2	2739
67	5406	2	2739
67	5409	2	2739
67	540F	2	2743
67	5410	528	2759
67	5416	528	2759
67	5419	528	2760
67	541B	528	2760
67	541D	528	2760
67	541E	528	2760
67	5420	528	2760
67	5422	528	2760
67	5424	528	2760
67	5426	528	2760
67	5429	528	2760
67	542A	528	2760
67	542C	528	2760
67	542D	528	2760
67	542F	528	2760
67	5431	528	2760
67	5433	528	2760
67	5434	528	2760
67	5435	528	2760
67	5437	370	2779
67	5439	370	2779
67	543B	120	2800
67	543E	120	2800
67	543F	120	2800
67	5441	6	2800
67	5443	6	2800
67	5444	6	2800
67	5446	6	2800
67	5448	6	2800
67	544B	6	2800
67	544E	6	2800
67	544F	6	2800
67	5451	6	2800
67	5453	6	2800
67	5456	6	2800
67	5458	158	2760
67	5459	158	2760
67	545C	528	2760
67	545F	528	2760
67	5460	528	2760
67	5462	528	2760
67	5463	528	2760
67	5465	528	2760
67	5467	528	2760
67	5468	528	2760
67	5469	528	2760
67	546A	528	2760
67	546B	528	2760
67	5472	2	2760
67	5475	2	2760
67	5478	2	2760
67	547A	2	2760
67	547D	2	2760
67	547F	2	2760
67	5482	2	2760
67	5484	250	2761
67	5487	250	2761
67	5489	250	2761
67	548C	250	2761
67	548E	250	2761
67	5491	2	2886
67	5493	2	2886
67	5495	2	2886
67	5498	2	2886
67	549A	2	2886
67	549C	2	2886
67	549D	2	2886
67	549F	2	2886
67	54A1	2	2886
67	54A3	2	2886
67	54A6	2	2886
67	54A9	2	2886
67	54AC	2	2886
67	54AE	2	2886
67	54B1	2	2886
67	54B3	2	2886
67	54B6	2	2886
67	54B9	276	2887
67	54BC	276	2887
67	54BE	276	2887
67	54C1	276	2887
67	54C3	276	2887
67	54C6	2	3024
67	54C8	2	3024
67	54C9	2	3024
67	54CB	2	3024
67	54CE	2	3024
67	54D0	2	3024
67	54D1	2	3024
67	54D3	2	3024
67	54D6	2	3024
67	54D8	2	3024
67	54DB	2	3024
67	54E1	2	3024
67	54E2	2	3024
67	54E4	2	3024
67	54EA	2	3024
67	54EB	2	3024
67	5503	2	3024
67	5505	2	3024
67	5508	2	3024
67	6369	4	23
67	636B	4	23
67	636D	4	23
67	6373	4	23
67	6379	4	23
67	637C	4	23
67	637F	4	23
67	6381	4	23
67	6383	4	23
67	6385	4	23
67	638B	4	24
67	638E	4	24
67	6391	4	24
67	6393	4	24
67	6395	4	24
67	6397	4	24
67	639D	4	25
67	63A0	4	25
67	63A3	4	25
67	63A5	4	25
67	63A7	4	25
67	63A9	4	25
67	63AF	4	26
67	63B2	4	26
67	63B5	4	26
67	63B8	4	26
67	63BA	4	26
67	63C0	4	26
67	63C3	4	26
67	63C6	4	26
67	63C9	4	26
67	63CB	4	26
67	63D1	4	26
67	63D4	4	26
67	63D7	4	26
67	63DA	4	26
67	63DC	4	26
67	63E2	4	26
67	63E5	4	26
67	63E8	4	26
67	63EA	4	26
67	63EC	4	26
67	63F2	4	26
67	63F5	4	26
67	63F8	4	26
67	63FB	4	26
67	63FD	4	26
67	6400	4	27
67	6401	2	22
67	6404	2	27
67	640A	2	43
67	640C	2	43
67	640D	2	43
67	640F	2	43
67	6411	2	43
67	6414	2	43
67	6417	2	43
67	6418	2	43
67	641A	2	43
67	641D	2	308
67	6423	2	323
67	6425	2	323
67	6426	2	323
67	6428	2	323
67	642A	2	323
67	642D	2	323
67	642E	2	323
67	6430	2	323
67	6433	2	324
67	6436	2	324
67	6437	2	22
67	6439	2	22
67	643B	2	22
67	6441	2	22
67	6447	2	23
67	644D	2	27
67	644E	2	43
67	644F	2	43
67	6452	530	43
67	6458	530	43
67	645B	530	44
67	645D	530	44
67	645F	530	44
67	6460	530	44
67	6462	530	44
67	6464	530	44
67	6466	530	44
67	6468	530	44
67	646B	530	44
67	646C	530	44
67	646E	530	44
67	646F	530	44
67	6471	530	44
67	6473	530	44
67	6475	530	44
67	6476	530	44
67	6477	530	44
67	6479	372	63
67	647B	372	63
67	647D	120	83
67	6480	120	83
67	6481	120	83
67	6483	6	83
67	6485	6	83
67	6486	6	83
67	6488	6	83
67	648A	6	83
67	648D	6	83
67	6490	6	83
67	6491	6	83
67	6493	6	83
67	6495	6	83
67	6498	6	83
67	649A	158	44
67	649B	158	44
67	649E	530	44
67	64A1	530	44
67	64A2	530	44
67	64A4	530	44
67	64A5	530	44
67	64A7	530	44
67	64A9	530	44
67	64AA	530	44
67	64AB	530	44
67	64AC	530	44
67	64AD	530	44
67	64B4	2	44
67	64B7	2	44
67	64BA	2	44
67	64BC	2	44
67	64BF	2	44
67	64C1	2	44
67	64C4	2	44
67	64C7	252	45
67	64CA	252	45
67	64CC	252	45
67	64CF	252	45
67	64D1	252	45
67	64D4	2	170
67	64D6	2	170
67	64D8	2	170
67	64DB	2	170
67	64DD	2	170
67	64DF	2	170
67	64E2	2	170
67	64E5	2	170
67	64E8	2	170
67	64EA	2	170
67	64ED	2	170
67	64EF	2	170
67	64F2	2	170
67	64F5	276	171
67	64F8	276	171
67	64FA	276	171
67	64FD	276	171
67	64FF	276	171
67	6502	2	308
67	6503	2	308
67	6505	2	308
67	6508	2	308
67	650A	2	308
67	650D	2	308
67	6513	2	308
67	6514	2	308
67	6516	2	308
67	6518	2	308
67	651C	2	308
67	651F	2	308
68	4054	8	3039
68	4056	16	3039
68	4057	16	3039
68	4059	16	3039
68	405B	16	3039
68	405C	16	3039
68	405D	16	3039
68	405F	16	3039
68	4061	16	3039
68	4063	16	3039
68	4065	12	3039
68	4066	12	3039
68	4069	12	3039
68	406A	12	3039
68	406B	12	3039
68	406D	12	3039
68	406E	12	3039
68	406F	12	3039
68	4070	12	3039
68	4071	12	3039
68	4072	12	3039
68	4073	12	3039
68	4074	12	3039
68	4076	12	3039
68	4078	12	3039
68	407A	8	3039
68	407B	8	3039
68	407E	8	3039
68	407F	8	3039
68	4080	8	3039
68	4082	8	3039
68	4083	8	3039
68	4084	8	3039
68	4085	8	3039
68	4086	8	3039
68	4087	8	3039
68	4088	8	3039
68	4089	8	3039
68	408B	8	3039
68	408C	8	3039
68	408D	8	3039
68	4106	2	2739
68	4108	2	2739
68	410A	2	2739
68	410B	2	2739
68	410D	2	2739
68	410F	2	2739
68	4111	2	2739
68	4113	2	2739
68	4114	2	2739
68	4117	2	2739
68	411A	2	2739
68	411D	2	2739
68	411F	2	2739
68	4120	2	2739
68	4122	2	2739
68	4124	2	2739
68	4126	2	2739
68	4252	2	2739
68	4254	2	2739
68	4256	2	2739
68	4259	2	2739
68	425B	2	2739
68	425D	2	2739
68	425E	2	2739
68	4260	2	2739
68	4262	2	2739
68	4264	2	2739
68	4267	2	2739
68	4268	2	2739
68	426B	2	2739
68	426E	2	2739
68	4271	2	2739
68	4273	2	2739
68	4274	2	2739
68	4276	2	2739
68	4279	2	2739
68	427B	2	2739
68	427C	2	2739
68	427E	2	2739
68	4281	2	2739
68	431A	4	308
68	431C	4	308
68	431E	4	308
68	4321	4	308
68	4323	4	308
68	4325	4	308
68	4326	4	308
68	4328	4	308
68	432A	4	308
68	432C	4	308
68	432F	4	308
68	4332	4	308
68	4334	4	308
68	4336	4	308
68	4339	4	308
68	433B	4	308
68	433D	4	308
68	4340	4	308
68	4342	4	308
68	4345	4	308
68	4348	4	308
68	434A	4	308
68	434C	4	308
68	434F	4	308
68	4350	4	308
68	4352	4	308
68	4354	4	308
68	4355	4	308
68	4357	4	308
68	435A	4	308
68	435C	4	308
68	435D	4	308
68	435F	4	308
68	4362	4	308
68	4364	4	308
68	44FC	4	775
68	44FE	4	775
68	4500	4	775
68	4501	4	775
68	4503	4	775
68	4505	4	775
68	4507	4	775
68	4508	4	775
68	450A	4	775
68	450C	4	775
68	450E	4	775
68	4511	4	775
68	4513	4	775
68	4515	4	775
68	4518	4	775
68	451B	4	775
68	451D	4	775
68	451E	4	775
68	4520	4	775
68	4521	4	775
68	4523	4	775
68	4526	4	775
68	4528	4	775
68	452A	4	775
68	452B	4	775
68	452D	4	775
68	4530	4	775
68	4532	4	775
68	4533	4	775
68	4534	4	775
68	4536	3	1652
68	4538	3	1652
68	4539	4	775
68	453A	4	775
68	453B	1	1652
68	453C	1	1652
68	453E	1	1652
68	4540	1	1652
68	4543	1	1652
68	4545	1	1652
68	4547	1	1652
68	4548	1	1652
68	454A	1	1652
68	454C	1	1652
68	454E	1	1652
68	4551	1	1652
68	4552	1	1652
68	4554	1	1652
68	4557	1	1652
68	4559	1	1652
68	455A	1	1652
68	455C	1	1652
68	455F	1	1652
68	4561	1	1652
68	4562	1	1652
68	4564	1	1652
68	4567	1	1652
68	459A	6	308
68	459C	6	308
68	459E	6	308
68	45A1	6	308
68	45A3	6	308
68	45A5	6	308
68	45A6	6	308
68	45A8	6	308
68	45AA	6	308
68	45AC	6	308
68	45AF	6	308
68	45B2	6	308
68	45B5	6	308
68	45B7	1140	308
68	45B8	1140	308
68	45B9	1140	308
68	45BA	1140	308
68	45BC	1140	308
68	45BD	1140	308
68	45BE	1140	308
68	45BF	1140	308
68	45C1	6	308
68	45C2	6	308
68	45C3	6	308
68	45C4	6	308
68	45C5	6	308
68	45C6	6	308
68	45C8	6	308
68	45C9	6	308
68	45CA	6	308
68	45CC	6	308
68	45CE	6	308
68	45CF	6	308
68	45D1	6	308
68	45D4	6	308
68	45D6	6	308
68	45D7	6	308
68	45D9	6	308
68	45DC	6	308
68	45DE	6	308
68	4608	2	3039
68	460A	2	3039
68	460C	2	3039
68	460D	2	3039
68	460F	2	3039
68	4611	2	3039
68	4613	2	3039
68	4615	2	3039
68	4617	2	3039
68	4619	2	3039
68	461C	2	3039
68	461E	2	3039
68	4620	2	3039
68	4621	2	3039
68	4623	2	3039
68	4625	2	3039
68	4627	2	3039
68	462A	2	3039
68	462D	2	3039
68	4630	2	3039
68	4633	2	3039
68	4636	2	3039
68	4639	2	3039
68	463C	2	3039
68	463F	2	3039
68	4642	2	3039
68	4645	2	3039
68	4648	2	3039
68	464B	2	3039
68	464E	2	3039
68	4651	2	3039
68	4654	2	3039
68	4657	2	3039
68	465A	2	3039
68	465D	2	3039
68	4660	2	3039
68	4663	2	3039
68	4666	2	3039
68	4669	2	3039
68	466C	2	3039
68	466F	2	3039
68	4672	2	3039
68	4675	2	3039
68	4678	2	3039
68	467B	2	3039
68	467D	2	3039
68	467E	2	3039
68	4680	2	3039
68	4683	2	3039
68	4685	2	3039
68	4687	2	3039
68	4689	2	3039
68	468A	2	3039
68	468C	2	3039
68	468E	2	3039
68	4690	2	3039
68	4693	2	3039
68	4696	2	3039
68	4699	2	3039
68	469C	2	3039
68	469F	2	3039
68	46A2	2	3039
68	46A5	2	3039
68	46A8	2	3039
68	46AB	2	3039
68	46AE	2	3039
68	46B0	2	3039
68	46B1	2	3039
68	46B3	2	3039
68	46B6	2	3039
68	46B8	2	3039
68	46B9	2	3039
68	46BB	2	3039
68	46BE	2	3039
68	46C0	2	3039
68	46C1	2	3039
68	46C3	2	3039
68	46C5	2	3039
68	46C7	2	3039
68	46C8	2	3611
68	46CA	2	3611
68	46CC	2	3611
68	46CD	2	3611
68	46CF	2	3611
68	46D1	2	3611
68	46D3	2	3611
68	46D5	2	3611
68	46D8	2	3611
68	46DB	2	3611
68	46DC	2	3611
68	46DD	2	3611
68	46DE	2	3611
68	46E0	2	3611
68	46E1	2	3611
68	46E2	2	3611
68	46E3	2	3611
68	46E4	2	3611
68	46E5	2	3611
68	46E8	2	3611
68	46E9	2	3611
68	46EC	2	3611
68	46F2	2	3611
68	46F5	2	3611
68	46F8	2	3611
68	46F9	2	3611
68	46FA	2	3611
68	46FB	2	3611
68	46FD	2	3611
68	46FE	2	3611
68	46FF	2	3611
68	4700	2	3611
68	4701	2	3611
68	4702	2	3611
68	4705	2	3611
68	470B	2	3611
68	470E	2	3611
68	4711	2	3611
68	4712	2	3611
68	4713	2	3611
68	4714	2	3611
68	4716	2	3611
68	4717	2	3611
68	4718	2	3611
68	4719	2	3611
68	471A	2	3611
68	471B	2	3611
68	471E	2	3611
68	471F	2	3611
68	4722	2	3611
68	4725	2	3611
68	472B	2	3611
68	472D	2	3611
68	472E	2	3611
68	4730	2	3611
68	4732	2	3611
68	4734	2	3611
68	4870	2	324
68	4873	2	324
68	4874	2	324
68	4876	2	324
68	4877	2	324
68	4879	2	324
68	487B	2	324
68	487C	2	324
68	487D	2	324
68	487E	2	324
68	487F	2	324
68	4880	2	324
68	4883	2	324
68	4885	2	324
68	4887	2	324
68	4888	2	324
68	488A	2	324
68	488C	2	324
68	488E	2	324
68	488F	2	324
68	4891	2	324
68	4893	2	324
68	4895	2	324
68	4898	2	324
68	489A	2	324
68	489C	2	324
68	489F	2	324
68	48A0	2	324
68	48A1	2	324
68	48A3	2	324
68	48A4	2	324
68	48A6	2	324
68	48A9	2	324
68	48AB	2	324
68	48AD	2	324
68	48AE	2	324
68	48B0	2	324
68	48B3	2	324
68	48B5	2	324
68	48B6	2	324
68	48B8	2	324
68	48BA	2	324
68	48BC	2	324
68	48BE	2	324
68	48C0	2	324
68	48C2	2	324
68	48CE	2	324
68	48D0	2	324
68	48DE	2	324
68	48E1	2	324
68	48E4	2	324
68	48E5	2	324
68	48ED	2	324
68	48F0	2	324
68	48F2	2	324
68	4950	2	324
68	4952	2	324
68	4954	2	324
68	4955	2	324
68	4957	2	324
68	4959	2	324
68	495B	2	324
68	495E	2	324
68	4960	2	324
68	4962	2	324
68	4963	2	324
68	4965	2	324
68	4967	2	324
68	4969	2	324
68	496C	2	324
68	496D	2	324
68	4970	2	324
68	4973	2	324
68	4974	2	324
68	4975	2	324
68	4976	2	324
68	4977	2	324
68	4978	2	324
68	497A	2	324
68	497B	2	324
68	497C	2	324
68	497E	2	324
68	497F	2	324
68	4982	2	324
68	4984	2	324
68	4987	2	324
68	4988	2	324
68	498A	2	324
68	498C	2	324
68	49A0	2	324
68	49A2	2	324
68	49A3	2	324
68	49A5	2	324
68	49A8	2	324
68	49AA	2	324
68	49AC	2	324
68	49AD	2	324
68	49AF	2	324
68	49B2	2	324
68	49B4	2	324
68	49B5	2	324
68	49B6	3	324
68	49B8	3	324
68	49BA	3	324
68	49BB	3	324
68	49BD	3	324
68	49BF	3	324
68	49C1	3	324
68	49C4	3	324
68	49C6	3	324
68	49C8	3	324
68	49C9	3	324
68	49CB	3	324
68	49CD	3	324
68	49CF	3	324
68	49D2	3	324
68	49D5	3	324
68	49D8	3	324
68	49DB	3	324
68	49DC	3	324
68	49DD	3	324
68	49DE	3	324
68	49E1	3	324
68	49E4	3	324
68	49E7	3	324
68	49EA	3	324
68	49EC	3	324
68	49ED	3	324
68	49EF	3	324
68	49F2	3	324
68	49F4	3	324
68	49F6	3	324
68	49F7	3	324
68	49F9	3	324
68	49FC	3	324
68	49FE	3	324
68	49FF	5	324
68	4A02	1270	324
68	4A03	1270	324
68	4A04	1270	324
68	4A05	1270	324
68	4A07	1270	324
68	4A08	1270	324
68	4A09	1270	324
68	4A0A	1270	324
68	4A0B	1270	324
68	4A0C	1270	324
68	4A0E	5	324
68	4A0F	2	22
68	4A11	2	22
68	4A13	2	22
68	4A14	2	22
68	4A16	2	22
68	4A18	2	22
68	4A1A	2	22
68	4A1D	2	22
68	4A1F	2	22
68	4A21	2	22
68	4A22	2	22
68	4A24	2	22
68	4A26	2	22
68	4A28	2	22
68	4A2B	2	22
68	4A2C	2	22
68	4A2F	2	22
68	4A32	2	22
68	4A35	2	22
68	4A37	2	22
68	4A38	2	22
68	4A3A	2	22
68	4A3D	2	22
68	4A3F	2	22
68	4A41	2	22
68	4A42	2	22
68	4A44	2	22
68	4A47	2	22
68	4A49	2	22
68	4F9E	4	775
68	4F9F	4	775
68	4FA2	4	775
68	4FA5	4	775
68	4FA7	4	775
68	4FAA	4	775
68	4FAB	4	775
68	4FAE	4	775
68	4FB1	4	775
68	4FB2	4	775
68	4FB3	4	775
68	4FB6	4	775
68	4FB7	4	775
68	4FB8	4	775
68	4FB9	4	775
68	4FBA	4	775
68	4FC0	4	775
68	4FC2	4	775
68	4FC4	4	775
68	4FC6	4	775
68	4FC8	1	1652
68	4FCA	1	1652
68	4FD0	1	1652
68	4FD6	4	775
68	4FDC	4	775
68	4FDF	4	775
68	4FE0	4	775
68	4FE3	4	775
68	4FE5	4	775
68	4FE8	4	775
68	4FEA	4	775
68	4FED	4	775
68	4FF0	4	1041
68	4FF3	4	1041
68	4FF6	4	1041
68	4FF7	4	1041
68	4FF9	4	1041
68	4FFB	4	1041
68	4FFC	4	1041
68	4FFE	4	1041
68	5000	4	1041
68	5002	4	1041
68	5003	4	1041
68	5005	4	1041
68	5007	4	1041
68	5009	4	1041
68	500C	4	1041
68	500E	4	1041
68	5010	4	1041
68	5013	4	1041
68	5014	4	1041
68	5015	4	1041
68	5017	4	1041
68	5018	4	1041
68	501A	4	1041
68	501D	4	1041
68	501F	4	1041
68	5021	4	1041
68	5022	4	1041
68	5024	4	1041
68	5027	4	1041
68	5029	4	1041
68	502C	4	1041
68	502D	4	1041
68	502E	3	1041
68	5031	3	1041
68	5032	3	1041
68	5033	914	775
68	5039	914	775
68	503C	914	781
68	5042	914	781
68	5045	914	782
68	5048	914	782
68	504A	914	782
68	504C	4	1041
68	504D	914	775
68	5050	914	775
68	5053	914	775
68	5054	914	775
68	5055	914	775
68	5056	914	775
68	5058	914	775
68	5059	914	775
68	505A	914	775
68	505B	914	775
68	505C	914	775
68	505D	914	775
68	5066	4	775
68	5068	4	775
68	506A	4	775
68	5070	4	775
68	5076	4	775
68	5077	4	775
68	507A	4	775
68	507D	4	775
68	507F	4	775
68	5081	4	775
68	5082	4	775
68	5084	4	775
68	5086	4	775
68	5088	4	775
68	5089	4	775
68	508B	4	775
68	508D	4	775
68	508F	4	775
68	5092	4	775
68	5094	4	775
68	5096	4	775
68	5099	4	775
68	509A	4	775
68	509B	4	775
68	509D	4	775
68	509E	4	775
68	50A0	4	775
68	50A3	4	775
68	50A5	4	775
68	50A7	4	775
68	50A8	4	775
68	50AA	4	775
68	50AD	4	775
68	50AF	4	775
68	50B0	4	775
68	50B3	4	775
68	50B6	4	775
68	50B9	4	775
68	50BB	4	775
68	50BD	4	775
68	50BF	4	775
68	50C5	4	776
68	50C8	4	776
68	50CB	4	776
68	50CD	4	776
68	50CF	4	776
68	50D1	4	776
68	50D7	4	777
68	50DA	4	777
68	50DD	4	777
68	50DF	4	777
68	50E1	4	777
68	50E3	4	777
68	50E9	4	778
68	50EC	4	778
68	50EF	4	778
68	50F1	4	778
68	50F3	4	778
68	50F5	4	778
68	50FB	4	779
68	50FE	4	779
68	5101	4	779
68	5103	4	779
68	5105	4	779
68	5107	4	779
68	510D	4	780
68	5110	4	780
68	5113	4	780
68	5116	4	780
68	5118	4	780
68	511E	4	780
68	5121	4	780
68	5124	4	780
68	5127	4	780
68	5129	4	780
68	512F	4	780
68	5132	4	780
68	5134	4	780
68	5137	4	781
68	513A	4	781
68	513D	4	781
68	513F	4	781
68	5141	4	781
68	5147	4	781
68	514A	4	781
68	5150	4	781
68	5152	4	781
68	5155	4	781
68	5156	4	782
68	515C	4	798
68	515E	4	798
68	515F	4	798
68	5161	4	798
68	5163	4	798
68	5166	4	798
68	5169	4	798
68	516A	4	798
68	516C	4	798
68	516E	4	798
68	5171	4	798
68	5172	902	799
68	5174	902	799
68	5176	902	799
68	5178	899	799
68	517A	899	799
68	517C	898	799
68	517E	898	799
68	5180	896	799
68	5182	896	799
68	5184	896	799
68	5187	3	1024
68	5189	3	1024
68	518A	3	1024
68	518C	3	1024
68	518E	3	1024
68	5191	3	1024
68	5194	3	1024
68	5195	3	1024
68	5197	3	1024
68	5199	3	1024
68	519C	3	1024
68	519E	1	1797
68	51A0	1	1797
68	51A1	1	1797
68	51A3	1	1797
68	51A5	1	1797
68	51A8	1	1797
68	51AB	1	1797
68	51AC	1	1797
68	51AE	1	1797
68	51B0	1	1797
68	51B3	1	1797
68	51B5	1	1797
68	51B8	1	1797
68	51BA	2	836
68	51BD	2	836
68	51BE	2	836
68	51C0	2	836
68	51C3	2	836
68	51C5	2	836
68	51C6	2	836
68	51C8	2	836
68	51C9	2	836
68	51CA	2	836
68	51CD	2	836
68	51E1	2	836
68	51E3	2	836
68	51E4	2	836
68	51E6	2	836
68	51E8	2	836
68	51EB	2	836
68	51EE	2	836
68	51EF	2	836
68	51F1	2	836
68	51F4	2	836
68	51F6	2	836
68	51F9	2	837
68	51FC	902	799
68	51FD	4	1025
68	5203	4	1040
68	5205	4	1040
68	5208	4	1040
68	5209	6	781
68	520C	6	781
68	520E	6	781
68	5210	6	781
68	5212	6	781
68	5214	6	781
68	5215	6	781
68	5218	6	781
68	5219	6	781
68	521B	2	781
68	521C	2	781
68	521E	2	781
68	5220	4	1658
68	5221	4	1658
68	5223	6	781
68	5226	6	781
68	5228	6	781
68	522B	6	781
68	522C	6	780
68	522F	6	780
68	5230	6	780
68	5232	2	780
68	5235	2	780
68	5238	2	780
68	523B	2	780
68	523D	2	780
68	5243	2	780
68	5245	4	1657
68	5248	4	1657
68	524B	4	1657
68	524E	4	1657
68	5250	4	1657
68	5256	6	780
68	5259	6	780
68	525C	6	780
68	525F	6	780
68	5262	6	780
68	5263	6	780
68	5265	2	780
68	5268	2	780
68	526A	4	1657
68	526D	6	780
68	526E	6	780
68	526F	6	780
68	5270	6	780
68	5273	6	780
68	5276	6	780
68	5279	6	780
68	527A	6	780
68	527B	6	780
68	527C	6	780
68	527E	6	780
68	527F	6	780
68	5280	6	780
68	5281	6	780
68	5282	6	780
68	5283	6	780
68	5285	6	780
68	528B	6	780
68	7951	1	1041
68	7953	1	1041
68	7959	1	1652
68	795A	1	1652
68	798F	1	1652
6C	4000	1	6607
6C	4001	1	6607
6C	4002	1	6607
6C	4005	1	6607
6C	4008	1	6607
6C	400B	1	6607
6C	400C	1	6607
6C	400D	1	6607
6C	400F	1	6607
6C	4011	1	6607
6C	4013	1	6607
6C	4014	1	6607
6C	4017	1	6607
6C	4018	1	6607
6C	401A	1	6607
6C	401D	1	6607
6C	401F	1	6607
6C	4022	1	6607
6C	4024	1	6607
6C	4026	1	6607
6C	4028	1	6607
6C	4029	1	6607
6C	402B	1	6607
6C	402D	1	6607
6C	402F	1	6607
6C	4031	1	6607
6C	4033	1	6607
6C	4035	1	6607
6C	403B	1	6607
6C	403E	1	6607
6C	4041	1	6607
6C	4043	1	6607
6C	4045	1	6607
6C	4047	1	6607
6C	404D	1	6608
6C	4050	1	6608
6C	4053	1	6608
6C	4055	1	6608
6C	4057	1	6608
6C	4059	1	6608
6C	405F	1	6609
6C	4062	1	6609
6C	4065	1	6609
6C	4067	1	6609
6C	4069	1	6609
6C	406B	1	6609
6C	4071	1	6610
6C	4074	1	6610
6C	4077	1	6610
6C	4079	1	6610
6C	407B	1	6610
6C	407D	1	6610
6C	4083	1	6611
6C	4086	1	6611
6C	4089	1	6611
6C	408B	1	6611
6C	408D	1	6611
6C	408F	1	6611
6C	4095	1	6612
6C	4098	1	6612
6C	409B	1	6612
6C	409D	1	6612
6C	409F	1	6612
6C	40A1	1	6612
6C	40A7	1	6613
6C	40AA	1	6613
6C	40AD	1	6613
6C	40B0	1	6613
6C	40B2	1	6613
6C	40B8	1	6613
6C	40BB	1	6613
6C	40BD	1	6613
6C	40BF	1	6613
6C	40C1	1	6613
6C	40C3	1	6613
6C	40C6	1	6613
6C	40C9	1	6613
6C	40CC	1	6613
6C	40CE	1	6613
6C	40D4	1	6613
6C	40D6	1	6613
6C	40D9	1	6613
6C	40DC	1	6614
6C	40DE	1	6614
6C	40E1	1	6614
6C	40E4	1	6615
6C	411A	1	6615
6C	411C	1	6615
6C	411F	1	6615
6C	4122	1	6615
6C	4125	1	6615
6C	4127	1	6615
6C	4129	1	6615
6C	412F	1	6615
6C	4132	1	6615
6C	4135	1	6615
6C	4138	1	6615
6C	413B	1	6615
6C	413E	1	6615
6C	4141	1	6615
6C	4143	1	6615
6C	4149	1	6615
6C	414C	1	6616
6C	414E	1	6616
6C	4151	1	6616
6C	4154	1	6616
6C	4157	1	6616
6C	415D	1	6616
6C	415F	1	6616
6C	4161	1	6616
6C	4162	1	6616
6C	4164	1	6616
6C	4166	1	6616
6C	4168	1	6616
6C	416A	1	6616
6C	416B	1	6616
6C	416E	1	6616
6C	4171	1	6616
6C	4174	1	6616
6C	4177	1	6616
6C	417A	1	6616
6C	417C	1	6616
6C	417E	1	6616
6C	4180	1	6616
6C	4186	1	6617
6C	4188	1	6617
6C	4189	1	6617
6C	418B	1	6617
6C	418D	1	6617
6C	418F	1	6617
6C	4191	1	6617
6C	4194	1	6618
6C	419A	1	6618
6C	41A0	1	6634
6C	41A3	1	6637
6C	41A5	1	6637
6C	41A6	1	6637
6C	41A8	1	6637
6C	41AA	1	6637
6C	41AD	1	6637
6C	41B0	1	6637
6C	41B1	1	6637
6C	41B3	8	6637
6C	41B9	8	6637
6C	41BC	8	6637
6C	41C2	8	6637
6C	41C8	8	6637
6C	41D5	7	6637
6C	41DB	7	6637
6C	41DD	7	6637
6C	41DF	7	6637
6C	41E2	7	6637
6C	41E5	1	6644
6C	41E8	1	6644
6C	41EB	1	6644
6C	41EC	1	6644
6C	41EF	1	6644
6C	41F1	1	6644
6C	41F2	1	6644
6C	41F4	1	6644
6C	41F6	1	6644
6C	41F9	1	6644
6C	41FC	1	6644
6C	41FD	1	6644
6C	41FF	1	6644
6C	4205	1	6673
6C	420B	1	6675
6C	420E	1	6675
6C	4210	1	6675
6C	4212	1	6675
6C	4214	1	6675
6C	4216	1	6675
6C	4219	1	6675
6C	421B	1	6675
6C	421D	1	6675
6C	421F	1	6675
6C	4221	1	6675
6C	431B	2	6613
6C	431E	2	6613
6C	4320	2	6613
6C	4323	2	6613
6C	4325	2	6613
6C	4328	2	6613
6C	432B	2	6613
6C	432D	2	6613
6C	4330	1	6613
6C	4332	1	6613
6C	4335	1	6613
6C	4338	1	6613
6C	4339	1	6613
6C	433B	1	6613
6C	433E	1	6613
6C	4341	1	6613
6C	4342	1	6613
6C	4344	1	6613
6C	4347	1	6613
6C	4348	1	6613
6C	434B	1	6613
6C	434C	1	6613
6C	434F	1	6613
6C	4352	1	6613
6C	4355	1	6613
6C	4358	1	6613
6C	435A	1	6613
6C	4360	1	6613
6C	4362	1	6613
6C	4365	1	6614
6C	436B	1	6614
6C	436C	1	6614
6C	436F	1	6614
6C	4371	1	6614
6C	4373	1	6614
6C	4375	1	6614
6C	4378	1	6614
6C	437B	1	6614
6C	437C	1	6614
6C	437E	1	6614
6C	4381	1	6614
6C	4384	1	6614
6C	4385	1	6614
6C	4387	1	6614
6C	438A	1	6614
6C	438B	1	6614
6C	438E	1	6614
6C	438F	1	6614
6C	4392	1	6614
6C	4395	1	6614
6C	4398	1	6614
6C	439B	1	6614
6C	439D	1	6614
6C	43A3	1	6614
6C	43A5	1	6614
6C	43A8	1	6615
6C	43AE	1	6615
6C	453D	1	6615
6C	4540	1	6615
6C	4542	1	6615
6C	4545	1	6615
6C	4547	1	6615
6C	454A	1	6615
6C	454D	1	6615
6C	454F	1	6615
6C	458E	1	6615
6C	4591	1	6615
6C	4593	1	6615
6C	45D1	1	6615
6C	45D4	1	6615
6C	45D5	1	6615
6C	45D6	1	6615
6C	45D8	1	6615
6C	45DA	1	6615
6C	45DC	1	6615
6C	45DD	1	6615
6C	45DE	1	6615
6C	45E1	1	6615
6C	45E2	1	6615
6C	45E4	1	6615
6C	45E5	1	6615
6C	45E6	1	6615
6C	45E7	1	6615
6C	45E9	1	6615
6C	45EA	1	6615
6C	45ED	1	6615
6C	45EE	1	6615
6C	45EF	1	6615
6C	45F0	1	6615
6C	45F1	1	6615
6C	45F2	1	6615
6C	45F3	1	6615
6C	45F6	1	6615
6C	45F7	1	6615
6C	45F8	1	6615
6C	45F9	1	6615
6C	45FA	1	6615
6C	45FC	1	6615
6C	45FD	1	6615
6C	45FE	1	6615
6C	4601	1	6615
6C	4602	1	6615
6C	4603	1	6615
6C	4604	1	6615
6C	4606	1	6615
6C	4607	1	6615
6C	4608	1	6615
6C	4609	1	6615
6C	460C	1	6615
6C	460D	1	6615
6C	460E	1	6615
6C	4611	1	6615
6C	4612	1	6615
6C	4615	1	6615
6C	4616	1	6615
6C	4617	1	6615
6C	4619	1	6615
6C	461B	1	6615
6C	4621	1	6615
6C	4623	1	6615
6C	4626	1	6616
6C	462C	1	6616
6C	4763	1	6634
6C	4766	1	6634
6C	4768	1	6634
6C	476A	1	6634
6C	476C	1	6634
6C	476E	1	6634
6C	4770	1	6634
6C	4778	1	6634
6C	477B	1	6634
6C	477C	1	6634
6C	477F	1	6634
6C	4780	1	6634
6C	4783	1	6634
6C	4784	1	6634
6C	4789	1	6634
6C	478C	1	6634
6C	478D	1	6634
6C	478E	1	6634
6C	478F	1	6634
6C	4791	1	6634
6C	4797	1	6637
6C	4798	2	6634
6C	4799	2	6634
6C	479C	2	6634
6C	479E	2	6634
6C	47A1	2	6634
6C	47A3	2	6634
6C	47A6	2	6634
6C	47A7	2	6634
6C	47A9	2	6634
6C	47C3	2	6634
6C	47C4	2	6634
6C	47C6	2	6634
6C	4807	2	6634
6C	4808	2	6634
6C	5987	1	6607
6C	5989	1	6607
6C	598F	1	6675
6C	5990	1	6675
6C	5991	1	6675
6C	5993	1	6675
6C	5995	1	6675
6C	5996	1	6675
6C	5998	1	6675
6C	599B	1	6675
6C	59A1	1	6675
6C	59A2	1	6675
6C	59B2	2	5724
6C	59B3	2	5724
6C	59B4	2	5724
6C	59B7	2	5724
6C	59BA	2	5724
6C	59BD	2	5724
6C	59C3	2	5724
6C	59C4	2	5724
6C	59C6	2	5724
6C	59C9	2	5724
6C	59CF	2	5724
6C	59D1	2	5724
6C	59D4	2	5724
6C	59D7	2	5724
6C	59D9	2	5724
6C	59DC	2	5724
6C	59DF	2	5724
6C	59E1	2	5724
6C	59E3	2	5724
6C	59E5	2	5724
6C	59E7	2	5724
6C	59E9	2	5724
6C	59EB	2	5724
6C	59ED	2	5724
6C	59F3	2	5724
6C	59F6	2	5724
6C	59F9	2	5724
6C	59FB	2	5724
6C	59FD	2	5724
6C	59FF	2	5724
6C	5A05	2	5725
6C	5A08	2	5725
6C	5A0B	2	5725
6C	5A0D	2	5725
6C	5A0F	2	5725
6C	5A11	2	5725
6C	5A17	2	5726
6C	5A1A	2	5726
6C	5A1D	2	5726
6C	5A1F	2	5726
6C	5A21	2	5726
6C	5A23	2	5726
6C	5A29	2	5727
6C	5A2C	2	5727
6C	5A2F	2	5727
6C	5A32	2	5727
6C	5A34	2	5727
6C	5A3A	2	5727
6C	5A3D	2	5727
6C	5A40	2	5727
6C	5A43	2	5727
6C	5A45	2	5727
6C	5A4B	2	5727
6C	5A4E	2	5727
6C	5A51	2	5727
6C	5A54	2	5727
6C	5A56	2	5727
6C	5A5C	2	5727
6C	5A5E	2	5727
6C	5A61	2	5727
6C	5A64	2	5727
6C	5A67	2	5727
6C	5A6D	2	5727
6C	5A6F	2	5727
6C	5A72	2	5727
6C	5A75	2	5727
6C	5A78	2	5727
6C	5A7E	2	5727
6C	5A80	2	5727
6C	5A83	2	5727
6C	5A86	2	5727
6C	5A89	2	5727
6C	5A8F	2	5727
6C	5A91	2	5727
6C	5A93	2	5727
6C	5A94	2	5727
6C	5A96	2	5727
6C	5A98	2	5727
6C	5A9A	2	5727
6C	5A9C	2	5727
6C	5A9D	2	5727
6C	5A9F	2	5727
6C	5AA1	2	5727
6C	5AA3	2	5727
6C	5AA6	2	5727
6C	5AA9	2	5727
6C	5AAC	2	5727
6C	5AAF	2	5727
6C	5AB1	2	5727
6C	5AB2	2	5727
6C	5AB4	2	5727
6C	5AB6	2	5727
6C	5AB8	2	5727
6C	5ABB	2	5727
6C	5ABE	2	5727
6C	5AC0	2	5727
6C	5AC2	2	5727
6C	5AC4	2	5727
6C	5ACA	2	5728
6C	5ACD	2	5728
6C	5AD0	2	5728
6C	5AD2	2	5728
6C	5AD4	2	5728
6C	5AD6	2	5728
6C	5ADC	2	5729
6C	5ADF	2	5729
6C	5AE2	2	5729
6C	5AE4	2	5729
6C	5AE6	2	5729
6C	5AE8	2	5729
6C	5AEE	2	5730
6C	5AF1	2	5730
6C	5AF4	2	5730
6C	5AF6	2	5730
6C	5AF8	2	5730
6C	5AFA	2	5730
6C	5B00	2	5731
6C	5B02	2	5731
6C	5B05	2	5732
6C	5B0B	2	5732
6C	5B11	2	5748
6C	5B13	2	5748
6C	5B15	2	5748
6C	5B16	2	5748
6C	5B18	2	5748
6C	5B1A	2	5748
6C	5B1C	2	5748
6C	5B1E	2	5748
6C	5B21	2	5749
6C	5B24	2	5749
6C	5B2A	2	5749
6C	5B2B	2	5749
6C	5B2E	2	5749
6C	5B30	2	5749
6C	5B31	2	5749
6C	5B33	2	5749
6C	5B35	2	5749
6C	5B37	2	5749
6C	5B39	2	5749
6C	5B3A	2	5749
6C	5B3C	2	5749
6C	5B3E	2	5749
6C	5B41	2	5749
6C	5B44	2	5749
6C	5B45	2	5749
6C	5B47	3	5749
6C	5B4A	3	5749
6C	5B4B	3	5749
6C	5B4E	3	5749
6C	5B4F	14	5749
6C	5B50	14	5749
6C	5B53	14	5749
6C	5B55	14	5749
6C	5B57	13	5749
6C	5B5A	13	5749
6C	5B5C	13	5749
6C	5B5F	13	5749
6C	5B62	11	5749
6C	5B64	11	5749
6C	5B66	10	5749
6C	5B68	10	5749
6C	5B6A	10	5749
6C	5B6C	10	5749
6C	5B6E	10	5749
6C	5B71	8	5749
6C	5B73	8	5749
6C	5B75	7	5749
6C	5B77	7	5749
6C	5B7E	1	6134
6C	5B81	3	5749
6C	5B82	3	5749
6C	5B83	3	5749
6C	5B84	3	5749
6C	5B85	3	5749
6C	5B86	3	5749
6C	5B9D	2	5749
6C	5B9E	2	5749
6C	5B9F	2	5749
6C	5BA0	2	5749
6C	5BA1	2	5749
6C	5BA2	2	5749
6C	5BA3	2	5749
6C	5BA4	2	5749
6C	5BA7	2	5749
6C	5BA8	2	5749
6C	5BAB	2	5749
6C	5BAC	2	5749
6C	5BAF	1	6134
6C	5BB0	1	6134
6C	5BB2	1	6134
6C	5BB3	1	6134
6C	5BB5	1	6134
6C	5BB6	1	6134
6C	5BB7	1	6134
6C	5BB8	1	6134
6C	5BBB	1	6134
6C	5BBC	1	6134
6C	5BBE	1	6134
6C	5BC4	1	6134
6C	5BC5	1	6134
6C	5BC7	7	5749
6C	5BC8	7	5749
6C	5BCA	7	5749
6C	5BCB	7	5749
6C	5BCD	7	5749
6C	5BCE	7	5749
6C	5BD1	7	5749
6C	5BD2	7	5749
6C	5BD4	7	5749
6C	5BD7	7	5749
6C	5BD8	7	5749
6C	5BD9	7	5749
6C	5BDA	7	5749
6C	5BDB	7	5749
6C	5BDD	2	5749
6C	5C06	5	5749
6C	5C07	5	5749
6C	5C08	5	5749
6C	5C0B	1	6134
6C	5C0E	1	6134
6C	5C10	1	6134
6C	5C12	1	6134
6C	5C18	1	6149
6C	5C1A	1	6149
6C	5C36	2	5749
6C	5C38	2	5749
6C	5C3B	2	5749
6C	5C3E	2	5749
6C	5C40	2	5749
6C	5C43	2	5749
6C	5C44	2	5749
6C	5C47	2	5749
6C	5C4A	2	5749
6C	5C4D	2	5749
6C	5C4E	2	5749
6C	5C66	2	5749
6C	5C68	2	5749
6C	5C6A	2	5749
6C	5C6B	2	5749
6C	5C6D	2	5749
6C	5C6E	2	5749
6C	5C70	2	5749
6C	5C73	2	5749
6C	5C75	2	5749
6C	5C78	2	5749
6C	5C7A	2	5749
6C	5C7C	2	5749
6C	5C7E	2	5749
6C	5C7F	2	5749
6C	5C82	2	5749
6C	5C85	2	5749
6C	5C88	2	5749
6C	5C8B	2	5749
6C	5C8E	2	5749
6C	5C90	2	5749
6C	5C92	2	5749
6C	5C94	2	5749
6C	5C9A	2	5750
6C	5C9D	2	5750
6C	5CA0	2	5750
6C	5CA2	2	5750
6C	5CA4	2	5750
6C	5CA6	2	5750
6C	5CAC	2	5751
6C	5CAD	2	5751
6C	5CAF	2	5751
6C	5CB0	2	5751
6C	5CB2	2	5751
6C	5CB4	2	5751
6C	5CB6	2	5751
6C	5CB7	2	5751
6C	5CB8	2	5751
6C	5CB9	2	5751
6C	5CBA	2	5751
6C	5CBD	2	5772
6C	5CBE	2	5772
6C	5CC1	2	5772
6C	5CC2	2	5772
6C	5CC5	631	5772
6C	5CCB	631	5772
6C	5CCE	630	5773
6C	5CD1	630	5773
6C	5CD2	630	5773
6C	5CD4	614	5773
6C	5CD7	614	5775
6C	5CD8	614	5775
6C	5CDB	612	5775
6C	5CDE	612	5775
6C	5CE0	612	5775
6C	5CEE	628	5775
6C	5CF4	628	5775
6C	5CFA	628	5775
6C	5D07	627	5775
6C	5D5A	1	6134
6C	5D5C	1	6134
6C	5D5D	1	6134
6C	5D5F	1	6134
6C	5D61	1	6134
6C	5D64	1	6134
6C	5D67	1	6134
6C	5D68	1	6134
6C	5D6A	1	6134
6C	5D6B	1	6134
6C	5D6D	1	6134
6C	5D70	1	6134
6C	5D73	1	6134
6C	5D74	1	6134
6C	5D76	1	6134
6C	5D8D	1	6134
6C	5D90	1	6134
6C	5D93	1	6134
6C	5D96	1	6134
6C	5D99	1	6134
6C	5D9F	2	6121
6C	5DA0	2	6121
6C	5DA3	2	6121
6C	5DA6	2	6121
6C	5DA8	2	6121
6C	5DAA	2	6121
6C	5DAD	2	6121
6C	5DB0	2	6121
6C	5DB2	2	6121
6C	5DB4	2	6121
6C	5DBA	2	6121
6C	5DBD	2	6121
6C	5DC0	2	6121
6C	5DC3	2	6121
6C	5E25	2	5773
6C	5E27	2	5773
6C	5E29	2	5773
6C	5E2A	2	5773
6C	5E2C	2	5773
6C	5E2E	2	5773
6C	5E30	2	5773
6C	5E32	2	5773
6C	5E33	2	5773
6C	5E34	2	5773
6C	5E37	2	5773
6C	5E3A	2	5773
6C	5E3D	2	5773
6C	5E3E	2	5773
6C	5E41	2	5773
6C	5E44	2	5773
6C	5E46	2	5773
6C	5E48	2	5773
6C	5E4A	2	5773
6C	5E50	2	5773
6C	5E51	2	5773
6C	5E54	2	5773
6C	5E57	2	5773
6C	5E59	2	5773
6C	5E5B	2	5773
6C	5E5D	2	5773
6C	5E63	2	5774
6C	5E64	2	5774
6C	5E66	2	5774
6C	5E67	2	5774
6C	5E69	2	5774
6C	5E6B	2	5774
6C	5E6D	2	5774
6C	5E6E	2	5751
6C	5E6F	2	5751
6C	5E72	2	5751
6C	5E73	2	5751
6C	5E74	2	5751
6C	5E75	2	5751
6C	5E76	2	5751
6C	5E79	2	5751
6C	5E7A	2	5751
6C	5E7D	2	5751
6C	5E7E	2	5751
6C	5E7F	2	5751
6C	5E8B	2	5751
6C	5E8C	2	5751
6C	5E8F	2	5751
6C	5E90	2	5751
6C	5E91	2	5751
6C	5E93	2	5751
6C	5E95	2	5751
6C	5E96	2	5751
6C	5E99	2	5751
6C	5E9A	2	5751
6C	5E9B	2	5751
6C	5E9C	2	5751
6C	5E9E	2	5751
6C	5E9F	2	5751
6C	5EA0	2	5751
6C	5EA2	2	5751
6C	5EA4	2	5751
6C	5EA5	2	5751
6C	5EA7	2	5751
6C	5EA9	2	5751
6C	5EAB	2	5751
6C	5EAD	2	5751
6C	5EAE	2	5751
6C	5EB1	2	5751
6C	5EB4	2	5751
6C	5EB7	2	5751
6C	5EBA	2	5751
6C	5EBD	2	5751
6C	5EBF	2	5751
6C	5EC1	2	5751
6C	5EC3	2	5751
6C	5EC9	2	5752
6C	5ECC	2	5752
6C	5ECF	2	5752
6C	5ED1	2	5752
6C	5ED3	2	5752
6C	5ED5	2	5752
6C	5EDB	2	5753
6C	5EDD	2	5753
6C	5EDE	2	5753
6C	5EE0	2	5753
6C	5EE2	2	5753
6C	5EE4	2	5753
6C	5EE5	2	5753
6C	5EE6	2	5753
6C	5EE9	2	5753
6C	5EEA	2	5753
6C	5EEB	2	5753
6C	5EEC	2	5753
6C	5EED	2	5753
6C	5EEE	2	5753
6C	5EEF	2	5753
6C	5EF1	2	5753
6C	5EF3	2	5753
6C	5EF4	2	5753
6C	5EF6	2	5753
6C	5EF8	2	5753
6C	5EFA	2	5753
6C	5EFC	2	5753
6C	5EFF	2	5753
6C	5F02	2	5753
6C	5F05	2	5753
6C	5F0B	2	5753
6C	5F0D	2	5753
6C	5F0E	2	5753
6C	5F10	2	5753
6C	5F12	2	5753
6C	5F14	2	5753
6C	5F17	2	5753
6C	5F1A	2	5753
6C	5F1D	2	5753
6C	5F1E	2	5753
6C	5F24	2	5753
6C	5F26	2	5753
6C	5F29	2	5754
6C	5F2A	2	5754
6C	5F2B	2	5754
6C	5F2C	2	5754
6C	5F2D	2	5754
6C	5F2F	2	5754
6C	5F31	2	5754
6C	5F33	7450	5754
6C	5F35	7450	5754
6C	5F37	7450	5754
6C	5F39	2	5754
6C	5F3C	2	5754
6C	5F3E	2	5754
6C	5F40	2	5754
6C	5F43	2	5754
6C	5F49	2	5755
6C	5F4C	2	5755
6C	5F4D	2	5755
6C	5F50	2	5755
6C	5F52	2	5755
6C	5F54	2	5755
6C	5F57	2	5755
6C	5F5D	2	5756
6C	5F5F	2	5756
6C	5F65	2	5772
6C	5F68	2	5772
6C	5F69	2	5772
6C	5F6C	2	5772
6C	5F6D	2	5772
6C	6009	614	5773
6C	600C	614	5773
6C	600D	614	5773
6C	6010	614	5773
6C	6012	614	5773
6C	6013	86	5773
6C	6016	86	5773
6C	6017	86	5773
6C	601A	86	5773
6C	601B	92	5773
6C	601C	92	5773
6C	601D	92	5773
6C	601F	92	5773
6C	6022	10	5773
6C	6024	10	5773
6C	6026	10	5773
6C	6028	10	5773
6C	602A	8	5773
6C	602C	4	5773
6C	602E	4	5773
6C	6030	4	5773
6C	6032	2	5879
6C	6034	2	5879
6C	603A	2	6121
6C	603B	2	6121
6C	603E	2	6121
6C	603F	2	6121
6C	6042	2	6121
6C	6044	2	6121
6C	6045	4	5939
6C	6046	4	5939
6C	6049	4	5939
6C	604C	4	5939
6C	604E	4	5939
6C	6051	4	5939
6C	6054	4	5939
6C	6055	4	5939
6C	6056	4	5939
6C	6059	4	5939
6C	6075	2	5773
6C	6078	2	5774
6C	607A	2	5879
6C	607D	2	5879
6C	607E	2	5879
6C	6080	2	5879
6C	6083	2	5879
6C	6084	2	5879
6C	6085	2	5879
6C	6086	2	5879
6C	6089	2	5879
6C	60AF	82	5774
6C	60B0	82	5774
6C	60B2	82	5774
6C	60B4	48	5795
6C	60B5	48	5795
6C	60B8	48	5795
6C	60BA	48	5795
6C	60BB	48	5795
6C	60BC	48	5795
6C	60BD	48	5795
6C	60BE	48	5795
6C	60C0	48	5795
6C	60C1	48	5795
6C	60C2	48	5795
6C	60C3	48	5795
6C	60C4	48	5795
6C	60C6	34	5774
6C	60C7	34	5774
6C	60C8	34	5774
6C	60C9	82	5774
6C	60CC	82	5774
6C	60CD	82	5774
6C	60D0	82	5774
6C	60D2	82	5774
6C	60EB	82	5774
6C	60EC	82	5774
6C	60EF	82	5774
6C	60F0	82	5774
6C	60F2	82	5774
6C	60F3	82	5774
6C	60F5	82	5774
6C	60F6	82	5774
6C	60F7	82	5774
6C	60F9	82	5774
6C	60FA	82	5774
6C	60FB	82	5774
6C	60FC	82	5774
6C	60FE	82	5774
6C	60FF	82	5774
6C	6100	82	5774
6C	6102	82	5774
6C	6104	82	5774
6C	6105	82	5774
6C	6107	82	5774
6C	6109	82	5774
6C	610B	82	5774
6C	610D	82	5774
6C	6110	82	5774
6C	6111	82	5774
6C	6114	82	5774
6C	6115	82	5774
6C	6116	82	5774
6C	6119	82	5774
6C	611A	82	5774
6C	611B	82	5774
6C	611C	82	5774
6C	6122	82	5774
6C	6124	82	5774
6C	6126	82	5774
6C	6127	82	5774
6C	6129	82	5774
6C	612B	82	5774
6C	612D	82	5774
6C	612E	82	5774
6C	612F	82	5774
6C	6130	82	5774
6C	6131	82	5774
6C	6133	82	5774
6C	6135	82	5774
6C	6136	82	5774
6C	6138	82	5774
6C	613A	82	5774
6C	613C	82	5774
6C	613E	82	5774
6C	6158	82	5774
6C	615B	82	5774
6C	615D	82	5774
6C	615F	82	5774
6C	6161	82	5774
6C	6162	82	5774
6C	6163	82	5774
6C	6165	82	5774
6C	6167	82	5774
6C	6168	82	5774
6C	616E	82	5775
6C	6170	82	5775
6C	6171	82	5775
6C	6173	82	5775
6C	6175	82	5775
6C	6177	82	5775
6C	617A	82	5775
6C	617C	82	5775
6C	617F	82	5775
6C	6183	82	5775
6C	6186	82	5775
6C	6189	82	5775
6C	618A	82	5775
6C	618D	82	5775
6C	618E	84	5775
6C	618F	84	5775
6C	6192	84	5775
6C	6193	84	5775
6C	6196	84	5775
6C	6197	84	5775
75	4000	792	170
75	4001	792	170
75	4002	792	170
75	4003	792	170
75	4004	792	170
75	4006	12	170
75	4029	32	44
75	402A	32	44
75	402D	32	44
75	402E	32	44
75	402F	32	44
75	4030	12	44
75	4031	12	44
75	4034	12	44
75	4036	12	44
75	4038	12	44
75	403A	12	44
75	403C	12	44
75	403E	12	44
75	4040	12	44
75	4041	12	44
75	4044	12	44
75	4047	12	44
75	4049	12	44
75	404A	12	44
75	404D	12	44
75	404E	12	44
75	404F	12	44
75	4052	12	44
75	4053	12	44
75	4054	12	44
75	4057	12	44
75	4058	12	44
75	4059	12	44
75	405C	12	44
75	405D	12	44
75	405E	12	44
75	4060	12	44
75	4061	12	44
75	4063	4	44
75	4065	4	44
75	4066	12	44
75	4069	12	44
75	406C	12	44
75	406D	12	44
75	406E	12	44
75	406F	12	44
75	40B4	40	44
75	40B5	40	44
75	40B6	40	44
75	40B9	40	44
75	40BA	40	44
75	40BD	40	44
75	40BE	40	44
75	40C1	40	44
75	40C2	40	44
75	40C3	40	44
75	40C5	40	44
75	40DA	40	44
75	40DB	40	44
75	40DC	8	44
75	40DD	8	44
75	40DF	8	44
75	40E0	8	44
75	40E1	8	44
75	40E4	8	44
75	40E5	8	44
75	40E6	8	44
75	40E7	8	44
75	40E9	8	44
75	40EB	8	44
75	40F9	8	44
75	40FA	8	44
75	40FC	8	44
75	40FE	8	44
75	40FF	8	44
75	4102	8	44
75	4105	8	44
75	4106	8	44
75	4109	8	44
75	410C	8	44
75	410E	8	44
75	4110	8	44
75	4111	8	44
75	4113	8	44
75	4114	8	44
75	4235	4	44
75	4238	4	44
75	4239	4	44
75	423A	4	44
75	423B	4	44
75	423C	4	44
75	423E	4	44
75	4240	4	44
75	4242	4	44
75	4244	4	44
75	4247	4	44
75	424A	4	44
75	424D	4416	44
75	424E	4416	44
75	424F	4416	44
75	4250	4416	44
75	4251	4416	44
75	4252	4416	44
75	4254	4	44
75	4257	4	44
75	4259	4	44
75	425C	4	44
75	425D	4	44
75	425E	4	44
75	4260	4	44
75	4261	4	44
75	4263	4	44
75	4264	4	44
75	4267	4	44
75	4268	4	44
75	4269	4	44
75	426A	4	44
75	426B	4	44
75	426E	4	44
75	426F	4	44
75	4270	4	44
75	4271	4	44
75	4272	4	44
75	4275	4	44
75	4277	4	44
75	427A	4	44
75	427D	4	44
75	427E	4	44
75	4280	4	44
75	4286	4	44
75	4288	4	44
75	428B	4	44
75	4329	4	170
75	432C	4	170
75	432E	4	170
75	4331	4	170
75	4333	4	170
75	4336	4	170
75	4339	4	170
75	433B	4	170
75	433E	4	170
75	433F	4	170
75	4341	4	170
75	4344	4	170
75	4347	4	170
75	4348	4	170
75	4349	4	170
75	434A	4	170
75	434B	4	170
75	434C	4	170
75	434D	4	170
75	434E	4	170
75	434F	4	170
75	4352	4	170
75	4353	4	170
75	4354	4	170
75	4355	4	170
75	4356	4	170
75	4359	4	170
75	435A	4	170
75	435D	4	170
75	4360	4	170
75	4362	4	170
75	4365	4	170
75	4368	4	170
75	436B	4	170
75	436C	4	170
75	436D	4	170
75	4370	4	170
75	4371	4	170
75	4372	4	170
75	4374	4	170
75	4376	4	170
75	437C	4	170
75	437E	4	170
75	437F	4	170
75	4380	4	170
75	4382	4	170
75	4385	4	170
75	4388	4	170
75	438A	4	170
75	438D	4	170
75	4390	8	44
75	4392	8	44
75	4393	8	44
75	4395	8	44
75	4396	8	44
75	4437	8	44
75	443A	8	44
75	443C	8	44
75	44B5	8	44
75	44B6	8	44
75	44B9	8	44
75	44BC	8	44
75	44BD	8	44
75	44C0	8	44
75	44C3	8	44
75	44C6	8	44
75	44C8	8	44
75	563A	4	308
75	563D	4	308
75	563F	4	308
75	5642	4	308
75	5643	4	308
75	5646	4	308
75	5647	4	308
75	5648	4	308
75	564B	4	308
75	564E	4	308
75	5651	4	308
75	5654	4416	308
75	5655	4416	308
75	5656	4416	308
75	5657	4416	308
75	5658	4416	308
75	5659	4416	308
75	565B	4	308
75	5671	1032	52
75	5674	1032	52
75	5675	1032	52
75	5676	1032	52
75	5677	1032	52
75	5678	1032	52
75	567B	1032	52
75	567D	1032	52
75	567F	1032	52
75	5682	1032	52
75	5684	1032	52
75	5689	1032	52
75	568A	1032	52
75	568B	1032	52
75	568C	1032	52
75	568F	1032	52
75	5690	1032	52
75	5691	1032	52
75	5692	1032	52
75	5693	12	169
75	5694	12	169
75	5696	12	169
75	5698	12	169
75	5699	12	169
75	569B	12	169
75	569C	12	169
75	569F	12	169
75	56A2	12	169
75	56A5	12	169
75	56A6	12	169
75	56A9	12	169
75	56AA	12	169
75	56AB	12	169
75	56AC	12	169
75	56AD	8	54
75	56AF	8	54
75	56B6	8	54
75	56B9	8	54
75	56BC	8	54
75	56BD	8	54
75	56BE	8	54
75	56C1	8	54
75	56C2	8	54
75	56C3	8	54
75	56C6	8	54
75	56C7	8	54
75	56C8	8	54
75	56CA	8	54
75	56CB	8	54
75	56CD	8	54
75	56CE	8	54
75	56D1	8	54
75	56D2	1648	44
75	56D5	1648	44
75	56D6	1648	44
75	56D9	1648	44
75	56DA	1648	44
75	56DD	328	44
75	56E0	328	44
75	56E1	328	44
75	56E2	328	44
75	56E3	328	44
75	56E4	328	44
75	56E5	328	44
75	56E6	328	44
75	56E7	328	44
75	56E8	328	44
75	56EA	328	44
75	56ED	56	44
75	56EE	56	44
75	56EF	56	44
75	56F2	56	44
75	56F5	56	44
75	56F6	56	44
75	56F8	56	44
75	56F9	56	44
75	56FB	56	44
75	56FC	56	44
75	56FF	32	44
75	5702	32	44
75	5704	32	44
75	5706	32	44
75	5708	32	44
75	5709	32	44
75	570C	32	44
75	570D	32	44
75	570E	32	44
75	5711	32	44
75	5712	32	44
75	5713	32	44
75	5716	32	44
75	5719	32	44
75	571B	32	44
75	571D	8	44
75	5720	8	44
75	5721	8	44
75	5723	24	51
75	5726	24	51
75	5728	24	51
75	572A	24	51
75	572C	24	51
75	572E	24	51
75	5730	24	51
75	5734	24	51
75	5735	24	51
75	5737	24	51
75	573A	24	51
75	573B	24	51
75	573D	24	51
75	573E	24	51
75	5741	24	51
75	5743	24	51
75	5746	24	51
75	5747	24	51
75	574A	24	51
75	574B	24	51
75	574C	24	51
75	574D	24	51
75	5750	24	51
75	5751	24	51
75	5752	24	51
75	5753	24	51
75	5756	24	51
75	5757	24	51
75	5758	24	51
75	5759	24	51
75	575C	24	51
75	575E	24	51
75	5764	24	51
75	5767	24	51
75	5769	24	51
75	576B	24	51
75	576D	24	51
75	576F	24	51
75	5771	24	51
75	5773	24	51
75	5775	24	51
75	5777	24	51
75	5779	24	51
75	5781	24	51
75	5782	24	51
75	5785	8	44
75	5786	8	44
75	5789	8	44
75	578C	8	44
75	578D	8	44
75	578E	8	44
75	578F	8	44
75	5790	8	44
75	5792	24	44
75	5793	24	44
75	5794	24	44
75	5796	24	44
75	5797	24	44
75	5799	8	44
75	579A	8	44
75	579B	8	44
75	579E	8	44
75	579F	8	44
75	57A0	8	44
75	57F4	1320	51
75	57F7	1320	51
75	57F8	1320	51
75	57FA	1032	52
75	57FB	1032	52
75	57FD	936	52
75	57FE	936	52
75	5801	96	52
75	5804	288	51
75	5807	288	51
75	5808	288	51
75	5809	288	51
75	580B	264	51
75	580D	264	51
75	580F	24	52
75	5811	288	51
75	5813	288	51
75	5814	288	51
75	5816	240	51
75	5818	240	51
75	581A	240	51
75	581B	240	51
75	581E	240	51
75	581F	240	51
75	5820	240	51
75	584C	48	52
75	584D	48	52
75	584F	48	52
75	5850	48	52
75	5852	24	52
75	5853	24	52
75	5854	24	52
75	5855	24	52
75	5858	24	52
75	585A	72	52
75	585B	72	52
75	585C	72	52
75	585E	24	52
75	5861	24	52
75	5863	24	52
75	5870	24	52
75	5873	24	52
75	5874	24	52
75	5877	24	52
75	5878	24	52
75	587A	96	52
75	587D	96	52
75	587F	96	52
75	5880	96	52
75	5882	24	52
75	5883	24	52
75	5884	24	52
75	5886	24	52
75	5889	24	52
75	588A	24	52
75	588B	24	52
75	588D	8	54
75	588E	8	54
75	5890	840	52
75	5893	840	52
75	5896	840	52
75	5897	840	52
75	5899	16	52
75	589A	16	52
75	589B	16	52
75	589C	16	52
75	589E	96	52
75	58A0	96	52
75	58A1	96	52
75	58A4	96	52
75	58A7	96	52
75	58A8	96	52
75	58AA	96	52
75	58AB	96	52
75	58AD	48	52
75	58B0	48	52
75	58B2	48	52
75	58B3	48	52
75	58B5	48	52
75	58B6	48	52
75	58B7	48	52
75	58C0	48	52
75	58C2	48	52
75	58C3	48	52
75	58C5	24	52
75	58C6	24	52
75	58C7	24	52
75	58C8	1648	44
75	58CB	1648	44
75	58CD	1648	44
75	58CE	936	52
75	58D0	936	52
75	58D1	936	52
75	58D3	936	52
75	58D6	936	52
75	58D7	936	52
75	58D8	936	52
75	58D9	936	52
75	58DA	936	52
75	58DB	936	52
75	58DE	936	52
75	58DF	936	52
75	58E2	936	52
75	58E5	936	52
75	58E8	936	52
75	58E9	936	52
75	58EA	23388	44
75	58ED	23388	44
75	58EF	23388	44
75	58F2	23388	44
75	58F5	23388	44
75	58F8	23388	44
75	58F9	23388	44
75	58FB	23388	44
75	58FD	22120	51
75	58FE	22120	51
75	58FF	22120	51
75	5900	22120	51
75	5901	22120	51
75	5902	22120	51
75	5904	22120	51
75	5906	22120	51
75	5907	22120	51
75	5908	22120	51
75	5933	23388	44
75	5936	23388	44
75	5938	23388	44
75	593B	23060	44
75	593D	23060	44
75	5940	21740	44
75	5943	21740	44
75	5945	21740	44
75	5948	21736	44
75	594B	21736	44
75	594C	21736	44
75	594F	88	51
75	5950	88	51
75	5951	88	51
75	5954	16	51
75	5957	16	51
75	595A	16	51
75	595C	16	51
75	595F	16	51
75	5961	16	51
75	5963	16	51
75	5964	16	51
75	5966	16	51
75	5969	8	169
75	596B	8	169
75	5990	8	169
75	5991	8	169
75	5992	8	169
75	5995	8	169
75	5997	8	169
75	599A	8	169
75	59FC	8	51
75	59FE	8	51
75	5A01	8	51
75	5A04	8	51
75	5A06	8	51
75	5A09	8	51
75	5A0C	8	51
75	5A0F	8	51
75	5A11	8	51
75	5A14	8	51
75	5A36	1320	51
75	5A39	1320	51
75	5A3A	1320	51
75	5A3B	1320	51
75	5A3D	1032	52
75	5A3F	1032	52
75	5A41	96	52
75	5A42	96	52
75	5A44	96	52
75	5A46	72	52
75	5A48	72	52
75	5A4A	1272	51
75	5A4C	1320	51
75	5A4E	1320	51
75	5A51	288	51
75	5A54	288	51
75	5A55	288	51
75	5AC3	24	52
75	5AC5	24	52
75	5AC7	24	52
75	5ACA	24	52
75	5ACB	24	52
75	5ACD	24	52
75	5AD0	24	52
75	5AD2	24	52
75	5B2B	328	44
75	5B2E	328	44
75	5B2F	328	44
75	5B30	328	44
75	5B31	328	44
75	5B32	328	44
75	5B34	328	44
75	5B35	328	44
75	5B36	328	44
75	5B37	328	44
75	5B38	1648	44
75	5B3B	1648	44
75	5B3D	1648	44
75	5B3F	1648	44
75	5B41	1648	44
75	5B43	1648	44
75	5B45	23388	44
75	5B46	24	52
75	5B47	24	52
75	5B4A	24	52
75	5B4D	24	52
75	5B50	24	52
75	5B51	24	52
75	5B52	24	52
75	5B55	24	52
75	5B58	24	52
75	5B5A	24	52
75	5B5C	24	52
75	5B63	24	52
75	5B66	24	52
75	5B68	24	52
75	5B6C	24	52
75	5B6D	24	52
75	5B70	24	52
75	5B71	24	52
75	5B73	24	52
75	5B76	24	52
75	5B79	24	52
75	5B7B	24	52
75	5B7E	24	52
75	5B80	24	52
75	5B83	24	52
75	5B85	24	52
75	5B88	24	52
75	5B8A	24	52
75	5B8C	24	52
75	5B8E	24	52
75	5B90	24	52
75	5B92	24	52
75	5B94	24	52
75	5B96	24	52
75	5B98	16	52
75	5B9A	16	52
75	5B9C	16	52
75	5B9E	16	52
75	5BA1	16	52
75	5BA3	16	52
75	5BA5	16	52
75	5BA7	16	52
75	5BA9	16	52
75	5BAB	16	52
75	5BAE	8	54
75	5BB0	8	54
75	5BB3	8	54
75	5BB5	8	54
75	5BB8	8	54
75	5BBB	8	54
75	5BBD	8	54
75	5BBF	8	54
75	5BC2	8	54
75	5BC3	8	54
75	5BC6	8	54
75	5BF9	8	186
75	5BFC	8	186
75	5BFD	8	186
75	5BFE	8	186
75	5BFF	8	186
75	5C02	8	186
75	5C03	8	186
75	5C04	8	186
75	5C05	8	186
75	5C06	8	186
75	5C09	8	186
75	5C0B	8	186
75	5C0E	8	186
75	5D42	8	52
75	5D45	8	52
75	5D48	8	52
75	5D4A	72	52
75	5D4B	72	52
75	5D4C	72	52
75	5D4D	72	52
75	5D4F	72	52
75	5D50	72	52
75	5D51	72	52
75	5D53	8	52
75	5D54	8	52
75	5D55	8	52
75	5D57	8	52
75	5D5A	8	52
75	5D5C	8	52
75	5D5E	8	52
75	5D60	8	52
75	5D62	8	52
75	5D65	8	52
75	5D67	8	52
75	5D6A	8	52
75	5E31	24	52
75	5F08	8	52
75	5F0B	16	52
75	5F0E	16	52
75	5F10	32	44
75	5F13	32	44
75	5F14	32	44
75	5F17	32	44
75	5F19	32	44
75	5F20	32	44
75	5F22	32	44
75	5F24	32	44
75	5F26	32	44
75	5F27	32	44
75	5F2A	32	44
75	5F2C	32	44
75	5F2E	32	44
75	5F2F	32	44
75	5F32	32	44
75	5F33	32	44
75	5F36	32	44
75	5F37	32	44
75	5F3A	32	44
75	5F3B	32	44
75	5F3E	32	44
75	5F3F	32	44
75	5F42	32	44
75	5F43	32	44
75	5F46	32	44
75	5F47	32	44
75	5F4A	32	44
75	5F4B	32	44
75	5F4E	32	44
75	5F51	32	44
75	5F52	32	44
75	5F53	32	44
75	5F55	32	44
75	5F58	32	44
75	5F59	32	44
75	5F5C	32	44
75	5F5D	32	44
75	5F60	32	44
75	5F62	32	44
75	5F65	32	44
75	5F68	32	44
75	5F6A	32	44
75	5F6B	32	44
75	5F6C	8	170
75	5F6D	8	170
75	5F70	8	170
75	5F71	8	170
75	5F72	8	170
75	5F73	8	170
75	5F75	16	170
75	5F78	16	170
75	5F7A	8	170
75	5F7C	32	170
75	5F7F	32	170
75	5F81	8	170
75	5F82	8	170
75	5F83	8	170
75	5F86	8	170
75	5F87	8	170
75	5F88	8	170
75	5F89	8	170
75	5F8A	8	170
75	5F8B	8	170
75	5F8C	8	170
75	5F8D	8	170
75	5F8E	8	170
75	5F90	8	170
75	5F91	8	170
75	5F92	8	170
75	5F93	8	170
75	5F94	8	170
75	5F95	8	170
75	5F96	48	170
75	5F97	48	170
75	5F98	48	170
75	5F99	48	170
75	5F9A	48	170
75	5F9C	48	170
75	5F9D	48	170
75	5F9E	48	170
75	5F9F	48	170
75	6149	23388	44
75	614C	23388	44
75	614E	23388	44
75	614F	20500	52
75	6152	20500	52
75	6154	20500	52
75	6155	20496	52
75	6156	20496	52
75	6158	20496	52
75	615A	20496	52
75	615C	20496	52
75	615E	20496	52
75	6160	20496	52
75	6162	20496	52
75	6164	20496	52
75	6166	20496	52
75	6168	20496	52
75	616A	20496	52
75	616D	20496	52
75	616F	20496	52
75	6170	20496	52
75	6172	20496	52
75	6174	20496	52
75	6177	20496	52
75	6178	20496	52
75	6179	20496	52
75	617A	20496	52
75	617B	20496	52
75	617C	20496	52
75	617F	20496	52
75	6180	20496	52
75	6181	20496	52
75	61F1	10244	52
75	61F2	10244	52
75	61F4	10240	54
75	61F5	10240	54
75	61F7	10236	54
75	61F8	10236	54
75	61F9	4	52
75	61FC	4	52
75	61FD	4	52
75	61FF	4	52
75	620B	4	54
75	620E	4	54
75	620F	4	54
75	6210	4	54
75	6211	4	54
75	6214	4	54
75	6216	4	54
75	6218	4	54
75	621A	4	54
75	621B	4	54
75	621D	4	54
75	6221	4	54
75	6223	4	54
75	6226	4	54
75	6227	4	54
75	6229	4	54
75	622A	4	54
75	622B	4	54
75	622C	4	54
75	622D	4	54
75	622E	4	54
75	622F	4	54
75	6230	4	54
75	6235	4	54
75	6238	4	54
75	6239	4	54
75	623A	4	54
75	623D	4	54
75	623F	4	54
75	6241	4	54
75	6264	8	52
75	6266	8	52
75	6269	8	52
75	6371	8	178
75	6373	8	178
75	6376	8	178
75	7634	10252	178
75	7635	10252	178
75	7637	10248	186
75	7638	10248	186
75	763A	10244	190
75	763B	10244	190
75	763D	10240	191
75	763E	10240	191
75	7640	10236	191
75	7641	10236	191
75	7642	4	178
75	7645	4	178
75	7648	4	186
75	764B	4	186
75	764C	4	186
75	764E	4	186
75	7650	4	186
75	7655	4	186
75	7658	4	186
75	765A	4	186
75	765B	4	186
75	765D	4	186
75	765E	4	186
75	7661	4	186
75	7663	4	186
75	7666	4	186
75	7669	4	186
75	766A	4	186
75	766B	4	186
75	766C	4	186
75	766F	4	186
75	7670	4	186
75	7671	4	186
75	7672	4	186
75	7675	4	186
75	7676	4	186
75	7677	4	186
75	767A	4	186
75	767D	4	190
75	7680	4	191
7C	7B7C	1	5724
7C	7B82	1	6149
7C	7B83	1	6149
7C	7B84	1	6149
7C	7B85	1	6149
7C	7B8B	1	6607
7C	7BAC	1	6607
7C	7BAE	1	6607
7C	7D1F	2	775
7C	7D21	2	775
7C	7D23	2	775
7C	7D24	2	775
7C	7D26	2	775
7C	7D28	2	775
7C	7D2A	2	775
7C	7D2D	2	775
7C	7D2F	2	775
7C	7D31	2	775
7C	7D32	2	775
7C	7D34	2	775
7C	7D36	2	775
7C	7D38	2	775
7C	7D3B	2	775
7C	7D3C	2	775
7C	7D3F	2	775
7C	7D41	2	775
7C	7D42	2	775
7C	7D44	2	775
7C	7D47	2	775
7C	7D49	2	775
7C	7D4B	2	775
7C	7D4C	2	775
7C	7D4E	2	775
7C	7D51	2	775
7C	7D53	2	775
7C	7D54	2	775
7C	7D57	4	775
7C	7D5D	4	1041
7C	7D6F	1	1814
7C	7DFF	1	1041
7C	7E05	1	1652
7C	7E08	2	2739
7C	7E0E	1	4417
7D	7B7C	4582	327
7D	7B7E	4582	327
7D	7B80	4582	327
7D	7B82	4582	327
7D	7B84	4582	327
7D	7B86	4582	327
7D	7B88	4582	327
7D	7B89	4582	327
7D	7B8B	4582	327
7D	7B8D	4582	327
7D	7B8F	4582	327
7D	7B91	4582	327
7D	7B93	4582	327
7D	7B95	4582	327
7D	7B97	4582	327
7D	7B99	4582	327
7D	7B9B	4582	327
7D	7B9C	4582	327
7D	7B9E	4582	327
7D	7B9F	4582	327
7D	7BA1	4582	327
7D	7BA3	4582	327
7D	7BA4	1578	1094
7D	7BA6	1578	1094
7D	7BA7	1578	1094
7D	7BA9	46	1094
7D	7BAA	46	1094
7D	7BAD	1578	1094
7D	7BB0	1578	1094
7D	7BB1	1578	1094
7D	7BB3	1562	1094
7D	7BB6	1578	1094
7D	7BB7	3004	327
7D	7BB8	3004	327
7D	7BB9	3004	327
7D	7BBA	3004	327
7D	7BBD	3004	327
7D	7BBE	3004	327
7D	7BBF	3004	327
7D	7BC0	3004	327
7D	7BC1	4582	327
7D	7BC4	4582	327
7D	7BC6	4582	327
7D	7BC7	4582	327
7D	7BC8	4582	327
7D	7BCA	4582	327
7D	7BCB	4582	327
7D	7BCD	4582	327
7D	7BD0	4582	327
7D	7BD2	4582	327
7D	7BD4	36656	327
7D	7BD7	36656	327
7D	7BD9	36656	327
7D	7BDB	165	460
7D	7BDC	165	460
7D	7BDD	165	460
7D	7BDE	165	460
7D	7BE4	36656	327
7D	7BE5	36656	327
7D	7BE7	36656	327
7D	7BE8	36656	327
7D	7BEA	4582	327
7D	7BEC	4582	327
7D	7BED	4582	327
7D	7BEF	4582	327
7D	7BF0	4	16
7D	7BF1	4	16
7D	7BF3	4	16
7D	7BF5	4	16
7D	7BF7	4	16
7D	7BF9	4	16
7D	7BFC	4	16
7D	7BFE	4	16
7D	7C00	28	16
7D	7C01	28	16
7D	7C04	28	16
7D	7C05	28	16
7D	7C08	28	16
7D	7C0B	28	16
7D	7C0D	224	16
7D	7C0E	224	16
7D	7C0F	224	16
7D	7C11	28	16
7F	4007	104	3161
7F	400A	104	3161
7F	400D	104	3161
7F	400E	104	3161
7F	400F	104	3161
7F	4011	104	3161
7F	4013	104	3161
7F	4015	104	3161
7F	4017	104	3161
7F	401B	104	3161
7F	401D	104	3161
7F	401E	104	3161
7F	4020	104	3161
7F	4021	104	3161
7F	4022	104	3161
7F	4024	104	3161
7F	4027	104	3161
7F	4029	832	3161
7F	402A	832	3161
7F	402C	316	3161
7F	402D	832	3161
7F	402F	832	3161
7F	4031	832	3161
7F	4032	832	3161
7F	4034	104	3161
7F	4035	104	3161
7F	4036	104	3161
7F	4039	104	3161
7F	403A	104	3161
7F	403B	104	3161
7F	403C	104	3161
7F	403D	104	3161
7F	403F	104	3161
7F	4041	104	3161
7F	405F	163	1046
7F	4065	163	1046
7F	4068	163	1046
7F	406B	163	1046
7F	406E	163	1046
7F	4071	163	1046
7F	4072	163	1046
7F	4073	163	1046
7F	4074	163	1046
7F	4076	163	1046
7F	4078	94	1048
7F	407A	94	1048
7F	407C	69	1046
7F	407E	163	1046
7F	407F	163	1046
7F	4081	163	1046
7F	4087	163	1046
7F	4089	163	1046
7F	408A	163	1046
7F	408C	163	1046
7F	408E	94	1048
7F	4090	94	1048
7F	4092	94	1048
7F	4094	69	1046
7F	4095	69	1046
7F	4097	69	1046
7F	4099	49	1046
7F	409B	49	1046
7F	409D	49	1046
7F	409F	20	1046
7F	40A1	20	1046
7F	40A3	163	1046
7F	40A4	163	1046
7F	40A5	163	1046
7F	40A6	163	1046
7F	40A7	163	1046
7F	40A8	163	1046
7F	40AA	163	1046
7F	40AB	163	1046
7F	40AC	163	1046
7F	40AD	163	1046
7F	40AE	163	1046
7F	40AF	163	1046
7F	40B0	163	1046
7F	40B1	163	1046
7F	40B3	163	1046
7F	40B4	163	1046
7F	40B5	163	1046
7F	40B7	163	1046
7F	40B8	163	1046
7F	40B9	163	1046
7F	40BA	163	1046
7F	40BB	163	1046
7F	40BC	163	1046
7F	40BD	163	1046
7F	40C0	163	1046
7F	40C1	163	1046
7F	40C2	163	1046
7F	40C3	163	1046
7F	40C4	163	1046
7F	40C6	163	1046
7F	40C7	163	1046
7F	40C8	163	1046
7F	40C9	163	1046
7F	40CA	163	1046
7F	40CD	163	1046
7F	40CE	163	1046
7F	40CF	163	1046
7F	40D0	163	1046
7F	40D1	163	1046
7F	40D3	163	1046
7F	40D4	163	1046
7F	40D5	163	1046
7F	40D6	163	1046
7F	40D7	163	1046
7F	40D8	163	1046
7F	40D9	163	1046
7F	40DA	163	1046
7F	40DB	163	1046
7F	40DC	163	1046
7F	40DF	163	1046
7F	40E2	163	1046
7F	40E3	163	1046
7F	40E4	163	1046
7F	40E5	163	1046
7F	40E6	163	1046
7F	40E7	163	1046
7F	40E8	163	1046
7F	40E9	163	1046
7F	40EC	163	1046
7F	40EF	163	1046
7F	40F2	163	1046
7F	40F3	163	1046
7F	40F4	163	1046
7F	40F5	163	1046
7F	40F6	163	1046
7F	40F7	163	1046
7F	40F8	163	1046
7F	41D0	326	1046
7F	41D1	326	1046
7F	41D2	326	1046
7F	41D3	326	1046
7F	41D6	326	1046
7F	41D8	5216	1046
7F	41DA	5216	1046
7F	41DC	5216	1046
7F	41DE	1141	1046
7F	41DF	5216	1046
7F	41E1	5216	1046
7F	41E3	5216	1046
7F	41E4	5216	1046
7F	41E6	326	1046
7F	41E7	326	1046
7F	41E8	326	1046
7F	41E9	326	1046
7F	41EA	430	1046
7F	41EB	430	1046
7F	41ED	430	1046
7F	41EF	430	1046
7F	41F1	430	1046
7F	41F3	430	1046
7F	41F4	430	1046
7F	41F5	430	1046
7F	41F6	430	1046
7F	41F8	430	1046
7F	41FB	430	1046
7F	41FC	430	1046
7F	41FD	430	1046
7F	41FE	430	1046
7F	41FF	430	1046
7F	4200	430	1046
7F	4201	430	1046
7F	4275	430	1046
7F	4277	430	1046
7F	4278	5160	1046
7F	427A	5160	1046
7F	427B	5160	1046
7F	427C	5160	1046
7F	427D	5160	1046
7F	427E	5160	1046
7F	427F	5160	1046
7F	4280	5160	1046
7F	4281	5160	1046
7F	4283	430	1046
7F	42C3	430	1046
7F	42C4	430	1046
7F	42C5	430	1046
7F	42C8	430	1046
7F	42C9	430	1046
7F	42CA	430	1046
7F	42CB	430	1046
7F	42CD	430	1046
7F	42CF	430	1046
7F	42D1	430	1046
7F	42D2	430	1046
7F	42D4	430	1046
7F	42D6	430	1046
7F	42D8	430	1046
7F	42DA	430	1046
7F	42DB	430	1046
7F	42DE	430	1046
7F	42E1	3996	1046
7F	42E2	3996	1046
7F	42E4	3566	1046
7F	42E5	3566	1046
7F	42E7	430	1046
7F	42E9	430	1046
7F	42EA	430	1046
7F	42EB	430	1046
7F	42EC	430	1046
7F	42EE	430	1046
7F	42F0	32	3162
7F	42F2	32	3162
7F	42F3	32	3162
7F	42F5	32	3162
7F	42F7	32	3162
7F	42F9	430	1046
7F	42FA	430	1046
7F	42FC	430	1046
7F	42FE	430	1046
7F	4300	430	1046
7F	4302	430	1046
7F	4304	430	1046
7F	4306	430	1046
7F	4308	430	1046
7F	430A	430	1046
7F	430C	430	1046
7F	430D	430	1046
7F	430E	430	1046
7F	430F	430	1046
7F	4311	430	1046
7F	4314	430	1046
7F	4315	430	1046
7F	4316	430	1046
7F	4319	430	1046
7F	431C	430	1046
7F	431D	430	1046
7F	431E	430	1046
7F	4321	430	1046
7F	4322	430	1046
7F	4323	430	1046
7F	4324	430	1046
7F	4325	430	1046
7F	4326	430	1046
7F	4327	430	1046
7F	4328	430	1046
7F	432B	430	1046
7F	432C	430	1046
7F	432E	430	1046
7F	432F	430	1046
7F	4330	1696	1046
7F	4331	1696	1046
7F	4333	1266	1046
7F	4335	1266	1046
7F	4337	1266	1046
7F	4339	430	1046
7F	433A	430	1046
7F	433D	430	1046
7F	433E	430	1046
7F	433F	430	1046
7F	4340	430	1046
7F	4341	430	1046
7F	4342	430	1046
7F	4343	430	1046
7F	4344	430	1046
7F	4345	430	1046
7F	4348	430	1046
7F	4349	430	1046
7F	434A	430	1046
7F	434B	430	1046
7F	434C	430	1046
7F	434D	430	1046
7F	434E	430	1046
7F	434F	430	1046
7F	4350	430	1046
7F	4352	430	1046
7F	4368	430	1046
7F	4369	430	1046
7F	436A	430	1046
7F	436B	430	1046
7F	436C	430	1046
7F	436D	430	1046
7F	4370	430	1046
7F	4371	430	1046
7F	4373	430	1046
7F	4374	430	1046
7F	4375	1696	1046
7F	4376	1696	1046
7F	4378	1266	1046
7F	437A	1266	1046
7F	437C	1266	1046
7F	437E	430	1046
7F	437F	430	1046
7F	4382	430	1046
7F	4383	430	1046
7F	4384	430	1046
7F	4385	430	1046
7F	4386	430	1046
7F	4387	430	1046
7F	4388	430	1046
7F	4389	430	1046
7F	438A	430	1046
7F	438D	430	1046
7F	438E	430	1046
7F	438F	430	1046
7F	4390	430	1046
7F	4391	430	1046
7F	4392	430	1046
7F	4393	430	1046
7F	4394	430	1046
7F	4395	430	1046
7F	4397	430	1046
7F	43AD	430	1046
7F	43AE	430	1046
7F	43AF	430	1046
7F	43B0	430	1046
7F	43B1	430	1046
7F	43B2	430	1046
7F	43B5	430	1046
7F	43B6	430	1046
7F	43B8	430	1046
7F	43B9	430	1046
7F	43BA	1696	1046
7F	43BB	1696	1046
7F	43BD	1266	1046
7F	43BF	1266	1046
7F	43C1	1266	1046
7F	43C3	430	1046
7F	43C4	430	1046
7F	43C7	430	1046
7F	43C8	430	1046
7F	43C9	430	1046
7F	43CA	430	1046
7F	43CB	430	1046
7F	43CC	430	1046
7F	43CD	430	1046
7F	43CE	430	1046
7F	43CF	430	1046
7F	43D2	430	1046
7F	43D3	430	1046
7F	43D4	430	1046
7F	43D5	430	1046
7F	43D6	430	1046
7F	43D7	430	1046
7F	43D8	430	1046
7F	43D9	430	1046
7F	43DA	430	1046
7F	43DC	430	1046
7F	43F2	430	1046
7F	43F3	430	1046
7F	43F4	430	1046
7F	43F5	430	1046
7F	43F6	430	1046
7F	43F7	430	1046
7F	43FA	430	1046
7F	43FB	430	1046
7F	43FD	430	1046
7F	43FE	430	1046
7F	43FF	1696	1046
7F	4400	1696	1046
7F	4402	1266	1046
7F	4404	1266	1046
7F	4406	1266	1046
7F	4408	430	1046
7F	4409	430	1046
7F	440C	430	1046
7F	440D	430	1046
7F	440E	430	1046
7F	440F	430	1046
7F	4410	430	1046
7F	4411	430	1046
7F	4412	430	1046
7F	4413	430	1046
7F	4414	430	1046
7F	4417	430	1046
7F	4418	430	1046
7F	4419	430	1046
7F	441A	430	1046
7F	441B	430	1046
7F	441C	430	1046
7F	441D	430	1046
7F	441E	430	1046
7F	441F	430	1046
7F	4421	430	1046
7F	4437	430	1046
7F	4438	430	1046
7F	4439	430	1046
7F	443A	430	1046
7F	443B	430	1046
7F	443C	430	1046
7F	443F	430	1046
7F	4440	430	1046
7F	4442	430	1046
7F	4443	430	1046
7F	4444	1696	1046
7F	4445	1696	1046
7F	4447	1266	1046
7F	4449	1266	1046
7F	444B	1266	1046
7F	444D	430	1046
7F	444E	430	1046
7F	4451	430	1046
7F	4452	430	1046
7F	4453	430	1046
7F	4454	430	1046
7F	4455	430	1046
7F	4456	430	1046
7F	4457	430	1046
7F	4458	430	1046
7F	4459	430	1046
7F	445C	430	1046
7F	445D	430	1046
7F	445E	430	1046
7F	445F	430	1046
7F	4460	430	1046
7F	4461	430	1046
7F	4462	430	1046
7F	4463	430	1046
7F	4464	430	1046
7F	4466	430	1046
7F	447C	430	1046
7F	447D	430	1046
7F	447E	430	1046
7F	447F	430	1046
7F	4480	430	1046
7F	4481	430	1046
7F	4484	430	1046
7F	4485	430	1046
7F	4487	430	1046
7F	4488	430	1046
7F	4489	1696	1046
7F	448A	1696	1046
7F	448C	1266	1046
7F	448E	1266	1046
7F	4490	1266	1046
7F	4492	430	1046
7F	4493	430	1046
7F	4496	430	1046
7F	4497	430	1046
7F	4498	430	1046
7F	4499	430	1046
7F	449A	430	1046
7F	449B	430	1046
7F	449C	430	1046
7F	449D	430	1046
7F	449E	430	1046
7F	44A1	430	1046
7F	44A2	430	1046
7F	44A3	430	1046
7F	44A4	430	1046
7F	44A5	430	1046
7F	44A6	430	1046
7F	44A7	430	1046
7F	44A8	430	1046
7F	44A9	430	1046
7F	44AB	430	1046
7F	44C1	430	1046
7F	44C2	430	1046
7F	44C3	430	1046
7F	44C4	430	1046
7F	44C5	430	1046
7F	44C6	430	1046
7F	44C9	430	1046
7F	44CA	430	1046
7F	44CC	430	1046
7F	44CD	430	1046
7F	44CE	1696	1046
7F	44CF	1696	1046
7F	44D1	1266	1046
7F	44D3	1266	1046
7F	44D5	1266	1046
7F	44D7	430	1046
7F	44D8	430	1046
7F	44DB	430	1046
7F	44DC	430	1046
7F	44DD	430	1046
7F	44DE	430	1046
7F	44DF	430	1046
7F	44E0	430	1046
7F	44E1	430	1046
7F	44E2	430	1046
7F	44E3	430	1046
7F	44E6	430	1046
7F	44E7	430	1046
7F	44E8	430	1046
7F	44E9	430	1046
7F	44EA	430	1046
7F	44EB	430	1046
7F	44EC	430	1046
7F	44ED	430	1046
7F	44EE	430	1046
7F	44F0	430	1046
7F	4506	430	1046
7F	4507	430	1046
7F	4508	430	1046
7F	4509	430	1046
7F	450A	430	1046
7F	450B	430	1046
7F	450E	430	1046
7F	450F	430	1046
7F	4511	430	1046
7F	4512	430	1046
7F	4513	1696	1046
7F	4514	1696	1046
7F	4516	1266	1046
7F	4518	1266	1046
7F	451A	1266	1046
7F	451C	430	1046
7F	451D	430	1046
7F	4520	430	1046
7F	4521	430	1046
7F	4522	430	1046
7F	4523	430	1046
7F	4524	430	1046
7F	4525	430	1046
7F	4526	430	1046
7F	4527	430	1046
7F	4528	430	1046
7F	452B	430	1046
7F	452C	430	1046
7F	452D	430	1046
7F	452E	430	1046
7F	452F	430	1046
7F	4530	430	1046
7F	4531	430	1046
7F	4532	430	1046
7F	4533	430	1046
7F	4535	430	1046
7F	4537	112	1049
7F	4538	112	1049
7F	453B	112	1049
7F	453C	112	1049
7F	453D	112	1049
7F	453E	112	1049
7F	4540	112	1049
7F	454B	430	1046
7F	454C	430	1046
7F	454D	430	1046
7F	454E	430	1046
7F	454F	430	1046
7F	4550	430	1046
7F	4553	430	1046
7F	4554	430	1046
7F	4556	430	1046
7F	4557	430	1046
7F	4558	1696	1046
7F	4559	1696	1046
7F	455B	1266	1046
7F	455D	1266	1046
7F	455F	1266	1046
7F	4561	430	1046
7F	4562	430	1046
7F	4565	430	1046
7F	4566	430	1046
7F	4567	430	1046
7F	4568	430	1046
7F	4569	430	1046
7F	456A	430	1046
7F	456B	430	1046
7F	456C	430	1046
7F	456D	430	1046
7F	4570	430	1046
7F	4571	430	1046
7F	4572	430	1046
7F	4573	430	1046
7F	4574	430	1046
7F	4575	430	1046
7F	4576	430	1046
7F	4577	430	1046
7F	4578	430	1046
7F	457A	430	1046
7F	4590	430	1046
7F	4591	430	1046
7F	4592	430	1046
7F	4593	430	1046
7F	4594	430	1046
7F	4595	430	1046
7F	4598	430	1046
7F	4599	430	1046
7F	459B	430	1046
7F	459C	430	1046
7F	459D	1696	1046
7F	459E	1696	1046
7F	45A0	1266	1046
7F	45A2	1266	1046
7F	45A4	1266	1046
7F	45A6	430	1046
7F	45A7	430	1046
7F	45AA	430	1046
7F	45AB	430	1046
7F	45AC	430	1046
7F	45AD	430	1046
7F	45AE	430	1046
7F	45AF	430	1046
7F	45B0	430	1046
7F	45B1	430	1046
7F	45B2	430	1046
7F	45B5	430	1046
7F	45B6	430	1046
7F	45B7	430	1046
7F	45B8	430	1046
7F	45B9	430	1046
7F	45BA	430	1046
7F	45BB	430	1046
7F	45BC	430	1046
7F	45BD	430	1046
7F	45BF	430	1046
7F	45C1	52	3161
7F	45C2	52	3161
7F	45C5	52	3161
7F	45C6	52	3161
7F	45C7	52	3161
7F	45C8	52	3161
7F	45CA	52	3161
7F	45CC	10	3162
7F	45CE	10	3162
7F	45CF	10	3162
7F	45D1	10	3162
7F	45D3	10	3162
7F	45D5	430	1046
7F	45D6	430	1046
7F	45D7	430	1046
7F	45D8	430	1046
7F	45D9	430	1046
7F	45DA	430	1046
7F	45DD	430	1046
7F	45DE	430	1046
7F	45E0	430	1046
7F	45E1	430	1046
7F	45E2	1696	1046
7F	45E3	1696	1046
7F	45E5	1266	1046
7F	45E7	1266	1046
7F	45E9	1266	1046
7F	45EB	430	1046
7F	45EC	430	1046
7F	45EF	430	1046
7F	45F0	430	1046
7F	45F1	430	1046
7F	45F2	430	1046
7F	45F3	430	1046
7F	45F4	430	1046
7F	45F5	430	1046
7F	45F6	430	1046
7F	45F7	430	1046
7F	45FA	430	1046
7F	45FB	430	1046
7F	45FC	430	1046
7F	45FD	430	1046
7F	45FE	430	1046
7F	45FF	430	1046
7F	4600	430	1046
7F	4601	430	1046
7F	4602	430	1046
7F	4604	430	1046
7F	461A	430	1046
7F	461B	430	1046
7F	461C	430	1046
7F	461D	430	1046
7F	461E	430	1046
7F	461F	430	1046
7F	4622	430	1046
7F	4623	430	1046
7F	4625	430	1046
7F	4626	430	1046
7F	4627	1696	1046
7F	4628	1696	1046
7F	462A	1266	1046
7F	462C	1266	1046
7F	462E	1266	1046
7F	4630	430	1046
7F	4631	430	1046
7F	4634	430	1046
7F	4635	430	1046
7F	4636	430	1046
7F	4637	430	1046
7F	4638	430	1046
7F	4639	430	1046
7F	463A	430	1046
7F	463B	430	1046
7F	463C	430	1046
7F	463F	430	1046
7F	4640	430	1046
7F	4641	430	1046
7F	4642	430	1046
7F	4643	430	1046
7F	4644	430	1046
7F	4645	430	1046
7F	4646	430	1046
7F	4647	430	1046
7F	4649	430	1046
7F	464B	52	3615
7F	464C	52	3615
7F	464F	52	3615
7F	4650	52	3615
7F	4651	52	3615
7F	4652	52	3615
7F	4654	52	3615
7F	465F	430	1046
7F	4660	430	1046
7F	4661	430	1046
7F	4662	430	1046
7F	4663	430	1046
7F	4664	430	1046
7F	4667	430	1046
7F	4668	430	1046
7F	466A	430	1046
7F	466B	430	1046
7F	466C	1696	1046
7F	466D	1696	1046
7F	466F	1266	1046
7F	4671	1266	1046
7F	4673	1266	1046
7F	4675	430	1046
7F	4676	430	1046
7F	4679	430	1046
7F	467A	430	1046
7F	467B	430	1046
7F	467C	430	1046
7F	467D	430	1046
7F	467E	430	1046
7F	467F	430	1046
7F	4680	430	1046
7F	4681	430	1046
7F	4684	430	1046
7F	4685	430	1046
7F	4686	430	1046
7F	4687	430	1046
7F	4688	430	1046
7F	4689	430	1046
7F	468A	430	1046
7F	468B	430	1046
7F	468C	430	1046
7F	468E	430	1046
7F	46A4	430	1046
7F	46A5	430	1046
7F	46A6	430	1046
7F	46A7	430	1046
7F	46A8	430	1046
7F	46A9	430	1046
7F	46AC	430	1046
7F	46AD	430	1046
7F	46AF	430	1046
7F	46B0	430	1046
7F	46B1	1696	1046
7F	46B2	1696	1046
7F	46B4	1266	1046
7F	46B6	1266	1046
7F	46B8	1266	1046
7F	46BA	430	1046
7F	46BB	430	1046
7F	46BE	430	1046
7F	46BF	430	1046
7F	46C0	430	1046
7F	46C1	430	1046
7F	46C2	430	1046
7F	46C3	430	1046
7F	46C4	430	1046
7F	46C5	430	1046
7F	46C6	430	1046
7F	46C9	430	1046
7F	46CA	430	1046
7F	46CB	430	1046
7F	46CC	430	1046
7F	46CD	430	1046
7F	46CE	430	1046
7F	46CF	430	1046
7F	46D0	430	1046
7F	46D1	430	1046
7F	46D3	430	1046
7F	46E9	430	1046
7F	46EA	430	1046
7F	46EB	430	1046
7F	46EC	430	1046
7F	46ED	430	1046
7F	46EE	430	1046
7F	46F1	430	1046
7F	46F2	430	1046
7F	46F4	430	1046
7F	46F5	430	1046
7F	46F6	1696	1046
7F	46F7	1696	1046
7F	46F9	1266	1046
7F	46FB	1266	1046
7F	46FD	1266	1046
7F	46FF	430	1046
7F	4700	430	1046
7F	4703	430	1046
7F	4704	430	1046
7F	4705	430	1046
7F	4706	430	1046
7F	4707	430	1046
7F	4708	430	1046
7F	4709	430	1046
7F	470A	430	1046
7F	470B	430	1046
7F	470E	430	1046
7F	470F	430	1046
7F	4710	430	1046
7F	4711	430	1046
7F	4712	430	1046
7F	4713	430	1046
7F	4714	430	1046
7F	4715	430	1046
7F	4716	430	1046
7F	4718	430	1046
7F	472E	430	1046
7F	472F	430	1046
7F	4730	430	1046
7F	4731	430	1046
7F	4732	430	1046
7F	4733	430	1046
7F	4736	430	1046
7F	4737	430	1046
7F	4739	430	1046
7F	473A	430	1046
7F	473B	1696	1046
7F	473C	1696	1046
7F	473E	1266	1046
7F	4740	1266	1046
7F	4742	1266	1046
7F	4744	430	1046
7F	4745	430	1046
7F	4748	430	1046
7F	4749	430	1046
7F	474A	430	1046
7F	474B	430	1046
7F	474C	430	1046
7F	474D	430	1046
7F	474E	430	1046
7F	474F	430	1046
7F	4750	430	1046
7F	4753	430	1046
7F	4754	430	1046
7F	4755	430	1046
7F	4756	430	1046
7F	4757	430	1046
7F	4758	430	1046
7F	4759	430	1046
7F	475A	430	1046
7F	475B	430	1046
7F	475D	430	1046
7F	475F	214	1046
7F	4760	214	1046
7F	4763	214	1046
7F	4764	214	1046
7F	4765	214	1046
7F	4766	214	1046
7F	4768	214	1046
7F	4773	430	1046
7F	4774	430	1046
7F	4775	430	1046
7F	4776	430	1046
7F	4777	430	1046
7F	4778	430	1046
7F	477B	430	1046
7F	477C	430	1046
7F	477E	430	1046
7F	477F	430	1046
7F	4780	1696	1046
7F	4781	1696	1046
7F	4783	1266	1046
7F	4785	1266	1046
7F	4787	1266	1046
7F	4789	430	1046
7F	478A	430	1046
7F	478D	430	1046
7F	478E	430	1046
7F	478F	430	1046
7F	4790	430	1046
7F	4791	430	1046
7F	4792	430	1046
7F	4793	430	1046
7F	4794	430	1046
7F	4795	430	1046
7F	4798	430	1046
7F	4799	430	1046
7F	479A	430	1046
7F	479B	430	1046
7F	479C	430	1046
7F	479D	430	1046
7F	479E	430	1046
7F	479F	430	1046
7F	47A0	430	1046
7F	47A2	430	1046
7F	47B8	430	1046
7F	47B9	430	1046
7F	47BA	430	1046
7F	47BB	430	1046
7F	47BC	430	1046
7F	47BD	430	1046
7F	47C0	430	1046
7F	47C1	430	1046
7F	47C3	430	1046
7F	47C4	430	1046
7F	47C5	1696	1046
7F	47C6	1696	1046
7F	47C8	1266	1046
7F	47CA	1266	1046
7F	47CC	1266	1046
7F	47CE	430	1046
7F	47CF	430	1046
7F	47D2	430	1046
7F	47D3	430	1046
7F	47D4	430	1046
7F	47D5	430	1046
7F	47D6	430	1046
7F	47D7	430	1046
7F	47D8	430	1046
7F	47D9	430	1046
7F	47DA	430	1046
7F	47DD	430	1046
7F	47DE	430	1046
7F	47DF	430	1046
7F	47E0	430	1046
7F	47E1	430	1046
7F	47E2	430	1046
7F	47E3	430	1046
7F	47E4	430	1046
7F	47E5	430	1046
7F	47E7	430	1046
7F	47FD	430	1046
7F	47FE	430	1046
7F	47FF	430	1046
7F	4800	430	1046
7F	4801	430	1046
7F	4802	430	1046
7F	4805	430	1046
7F	4806	430	1046
7F	4808	430	1046
7F	4809	430	1046
7F	480A	1696	1046
7F	480B	1696	1046
7F	480D	1266	1046
7F	480F	1266	1046
7F	4811	1266	1046
7F	4813	430	1046
7F	4814	430	1046
7F	4817	430	1046
7F	4818	430	1046
7F	4819	430	1046
7F	481A	430	1046
7F	481B	430	1046
7F	481C	430	1046
7F	481D	430	1046
7F	481E	430	1046
7F	481F	430	1046
7F	4822	430	1046
7F	4823	430	1046
7F	4824	430	1046
7F	4825	430	1046
7F	4826	430	1046
7F	4827	430	1046
7F	4828	430	1046
7F	4829	430	1046
7F	482A	430	1046
7F	482C	430	1046
7F	4842	430	1046
7F	4843	430	1046
7F	4844	430	1046
7F	4845	430	1046
7F	4846	430	1046
7F	4847	430	1046
7F	484A	430	1046
7F	484B	430	1046
7F	484D	430	1046
7F	484E	430	1046
7F	484F	1696	1046
7F	4850	1696	1046
7F	4852	1266	1046
7F	4854	1266	1046
7F	4856	1266	1046
7F	4858	430	1046
7F	4859	430	1046
7F	485C	430	1046
7F	485D	430	1046
7F	485E	430	1046
7F	485F	430	1046
7F	4860	430	1046
7F	4861	430	1046
7F	4862	430	1046
7F	4863	430	1046
7F	4864	430	1046
7F	4867	430	1046
7F	4868	430	1046
7F	4869	430	1046
7F	486A	430	1046
7F	486B	430	1046
7F	486C	430	1046
7F	486D	430	1046
7F	486E	430	1046
7F	486F	430	1046
7F	4871	430	1046
7F	4887	430	1046
7F	4888	430	1046
7F	4889	430	1046
7F	488A	430	1046
7F	488B	430	1046
7F	488C	430	1046
7F	488F	430	1046
7F	4890	430	1046
7F	4892	430	1046
7F	4893	430	1046
7F	4894	1696	1046
7F	4895	1696	1046
7F	4897	1266	1046
7F	4899	1266	1046
7F	489B	1266	1046
7F	489D	430	1046
7F	489E	430	1046
7F	48A1	430	1046
7F	48A2	430	1046
7F	48A3	430	1046
7F	48A4	430	1046
7F	48A5	430	1046
7F	48A6	430	1046
7F	48A7	430	1046
7F	48A8	430	1046
7F	48A9	430	1046
7F	48AC	430	1046
7F	48AD	430	1046
7F	48AE	430	1046
7F	48AF	430	1046
7F	48B0	430	1046
7F	48B1	430	1046
7F	48B2	430	1046
7F	48B3	430	1046
7F	48B4	430	1046
7F	48B6	430	1046
7F	48CC	430	1046
7F	48CD	430	1046
7F	48CE	430	1046
7F	48CF	430	1046
7F	48D0	430	1046
7F	48D1	430	1046
7F	48D4	430	1046
7F	48D5	430	1046
7F	48D7	430	1046
7F	48D8	430	1046
7F	48D9	1696	1046
7F	48DA	1696	1046
7F	48DC	1266	1046
7F	48DE	1266	1046
7F	48E0	1266	1046
7F	48E2	430	1046
7F	48E3	430	1046
7F	48E6	430	1046
7F	48E7	430	1046
7F	48E8	430	1046
7F	48E9	430	1046
7F	48EA	430	1046
7F	48EB	430	1046
7F	48EC	430	1046
7F	48ED	430	1046
7F	48EE	430	1046
7F	48F1	430	1046
7F	48F2	430	1046
7F	48F3	430	1046
7F	48F4	430	1046
7F	48F5	430	1046
7F	48F6	430	1046
7F	48F7	430	1046
7F	48F8	430	1046
7F	48F9	430	1046
7F	48FB	430	1046
7F	4911	430	1046
7F	4912	430	1046
7F	4913	430	1046
7F	4914	430	1046
7F	4915	430	1046
7F	4916	430	1046
7F	4919	430	1046
7F	491A	430	1046
7F	491C	430	1046
7F	491D	430	1046
7F	491E	1696	1046
7F	491F	1696	1046
7F	4921	1266	1046
7F	4923	1266	1046
7F	4925	1266	1046
7F	4927	430	1046
7F	4928	430	1046
7F	492B	430	1046
7F	492C	430	1046
7F	492D	430	1046
7F	492E	430	1046
7F	492F	430	1046
7F	4930	430	1046
7F	4931	430	1046
7F	4932	430	1046
7F	4933	430	1046
7F	4936	430	1046
7F	4937	430	1046
7F	4938	430	1046
7F	4939	430	1046
7F	493A	430	1046
7F	493B	430	1046
7F	493C	430	1046
7F	493D	430	1046
7F	493E	430	1046
7F	4940	430	1046
7F	4956	430	1046
7F	4957	430	1046
7F	4958	430	1046
7F	4959	430	1046
7F	495A	430	1046
7F	495B	430	1046
7F	495E	430	1046
7F	495F	430	1046
7F	4961	430	1046
7F	4962	430	1046
7F	4963	1696	1046
7F	4964	1696	1046
7F	4966	1266	1046
7F	4968	1266	1046
7F	496A	1266	1046
7F	496C	430	1046
7F	496D	430	1046
7F	4970	430	1046
7F	4971	430	1046
7F	4972	430	1046
7F	4973	430	1046
7F	4974	430	1046
7F	4975	430	1046
7F	4976	430	1046
7F	4977	430	1046
7F	4978	430	1046
7F	497B	430	1046
7F	497C	430	1046
7F	497D	430	1046
7F	497E	430	1046
7F	497F	430	1046
7F	4980	430	1046
7F	4981	430	1046
7F	4982	430	1046
7F	4983	430	1046
7F	4985	430	1046
7F	4987	112	1049
7F	4988	112	1049
7F	498B	112	1049
7F	498C	112	1049
7F	498D	112	1049
7F	498E	112	1049
7F	4990	112	1049
7F	4992	60	1061
7F	4994	60	1061
7F	4995	60	1061
7F	4997	60	1061
7F	4999	60	1061
7F	499B	430	1046
WRAM	C133	452	6178	C3BA03	0	0
WRAM	CBF1	7039	17	C3BA03	452	0
WRAM	CBF4	64902	6177	C3C416	0	0
WRAM	CBF7	23388	44	C3ED01	0	0
WRAM	CBFA	1648	44	C3B701	0	0
HRAM	FF80	7039	17	3EC0E0	0	0
HRAM	FF82	7039	17	E0463E	0	0
HRAM	FF84	7039	17	3E283D	0	0
HRAM	FF86	281560	17	3D20FD	0	0
HRAM	FF87	281560	17	20FDC9	0	0
HRAM	FF89	7039	17	C94F00	6083	0
HRAM	FFA8	28105	16	3E0021	18313	0
HRAM	FFAA	28105	16	21B605	28103	0
HRAM	FFAD	28105	16	C3F07B	28101	0
