# bank	addr	count	first_frame	first_bytes	changed	wram_bank
# bank = ROM bank actually mapped (2 hex digits) or WRAM/HRAM/VRAM/SRAM/OTHER; addr = CPU address of an executed instruction start
# first_bytes/changed/wram_bank are present for RAM rows only (3 bytes at addr at first execution; times they differed later; SVBK bank for D000-DFFF)
00	0040	22221	17
00	0048	152360	1140
00	0050	353662	44
00	0058	331825	44
00	0100	1	0
00	0101	1	0
00	0150	15	44
00	0152	15	44
00	0155	15	44
00	0156	15	44
00	0159	15	44
00	015A	15	44
00	015D	15	44
00	015F	2	44
00	0161	2	44
00	0162	2	44
00	0164	2	44
00	0167	2	44
00	0168	2	44
00	0169	2	44
00	016A	2	44
00	016B	15	44
00	016E	15	44
00	0170	15	44
00	0173	15	44
00	0174	15	44
00	0175	15	44
00	0176	15	44
00	0177	15	44
00	017A	15	44
00	017C	15	44
00	017D	15	44
00	017F	15	44
00	0180	15	44
00	0182	15	44
00	0185	15	44
00	0187	15	44
00	018A	15	44
00	018D	15	44
00	0190	15	44
00	0191	15	44
00	0194	15	44
00	0195	15	44
00	0198	15	44
00	0199	15	44
00	019C	15	44
00	019D	15	44
00	019E	15	44
00	019F	15	44
00	01A0	15	44
00	01A1	15	44
00	01A4	15	44
00	01A5	15	44
00	01A8	15	44
00	01AB	15	44
00	01AD	15	44
00	01B0	15	44
00	01B1	15	44
00	01B2	15	44
00	01B3	15	44
00	01B6	15	44
00	01B7	331825	44
00	01B8	331825	44
00	01B9	331825	44
00	01BA	331825	44
00	01BB	331825	44
00	01BE	331825	44
00	01BF	331825	44
00	01C0	331825	44
00	01C1	331825	44
00	01C2	331825	44
00	01C5	331825	44
00	01C7	331825	44
00	01C8	331825	44
00	01CA	331825	44
00	01CB	331825	44
00	01CD	331825	44
00	01D0	331825	44
00	01D2	331825	44
00	01D5	331825	44
00	01D8	331825	44
00	01D9	331825	44
00	01DC	331825	44
00	01DD	331825	44
00	01DE	331825	44
00	01DF	331825	44
00	01E0	331825	44
00	01E1	331825	44
00	01E4	331825	44
00	01E5	331825	44
00	01E8	331825	44
00	01E9	331825	44
00	01EA	331825	44
00	01EB	331825	44
00	01EC	331825	44
00	01ED	353662	44
00	01EE	353662	44
00	01EF	353662	44
00	01F0	353662	44
00	01F1	353662	44
00	01F2	353662	44
00	01F4	353662	44
00	01F6	353662	44
00	01F8	353662	44
00	01FA	353662	44
00	01FD	353662	44
00	01FE	353662	44
00	0200	353662	44
00	0203	353662	44
00	0205	353662	44
00	0207	353662	44
00	0209	353662	44
00	020B	353662	44
00	020D	353662	44
00	0210	353662	44
00	0211	353662	44
00	0212	353662	44
00	0213	353662	44
00	0214	353662	44
00	0217	353662	44
00	0219	353662	44
00	021A	353662	44
00	021C	353662	44
00	021D	353662	44
00	021F	353662	44
00	0222	353662	44
00	0224	353662	44
00	0227	353662	44
00	022A	353662	44
00	022B	353662	44
00	022E	353662	44
00	022F	353662	44
00	0230	353662	44
00	0231	353662	44
00	0232	353662	44
00	0233	353662	44
00	0236	353662	44
00	0237	353662	44
00	023A	353662	44
00	023C	353662	44
00	023E	353662	44
00	0240	353662	44
00	0242	353662	44
00	0243	353662	44
00	0244	353662	44
00	0245	353662	44
00	0246	353662	44
00	0278	1	0
00	0279	1	0
00	027B	1	0
00	027E	1	0
00	027F	1	0
00	0280	1	0
00	0282	1	0
00	0284	1	0
00	0286	1	0
00	0289	1	0
00	028C	1	0
00	028E	1	0
00	0290	1	0
00	0292	1	0
00	0295	1	0
00	0296	1	0
00	0299	1	0
00	029C	1	0
00	029E	1	0
00	02A0	1	0
00	02AE	1	0
00	02B0	1	0
00	02B2	1	0
00	02B5	1	0
00	02B8	1	0
00	02B9	1	0
00	02BC	1	1
00	02BE	1	1
00	02C0	6	1
00	02C1	6	1
00	02C3	6	1
00	02C6	6	1
00	02C9	6	1
00	02CA	6	1
00	02CD	6	2
00	02CE	6	2
00	02CF	6	2
00	02D1	1	5
00	02D2	1	5
00	02D4	1	5
00	02D6	1	5
00	02D9	1	5
00	02DC	1	5
00	02DD	1	5
00	02E0	1	7
00	02E3	1	7
00	02E6	1	7
00	02E7	1	7
00	02EA	1	8
00	02ED	1	8
00	02F0	1	8
00	02F3	1	8
00	02F4	1	8
00	02F7	1	8
00	02FA	1	8
00	02FB	1	8
00	02FD	1	8
00	0300	1	8
00	0302	1	8
00	0303	1	8
00	0305	1	8
00	0307	1	8
00	030A	1	8
00	030B	1	8
00	030D	1	8
00	030F	1	8
00	0311	1	8
00	0314	1	8
00	0317	1	17
00	031A	1	17
00	031B	1	17
00	031C	1	17
00	031E	1	17
00	0321	1	17
00	0322	1	17
00	0324	1	17
00	0327	1	17
00	0328	1	17
00	0331	2	16
00	0333	2	16
00	0335	2	16
00	0338	2	16
00	033A	2	16
00	033D	2	16
00	033F	2	16
00	0341	2	16
00	0344	2	16
00	0346	2	16
00	0349	2	16
00	034A	4	16
00	034C	256	16
00	034D	256	16
00	034E	256	16
00	034F	256	16
00	0351	4	16
00	0392	36002	0
00	0393	36002	0
00	0395	36002	0
00	0397	36002	0
00	0399	104	0
00	039A	36002	0
00	039D	36002	0
00	039E	36002	0
00	03A0	21640	0
00	03A2	21640	0
00	03A5	21640	0
00	03A6	21640	0
00	03A7	21640	0
00	03A8	21640	0
00	03AA	21640	0
00	03AB	21640	0
00	03AD	21640	0
00	03AF	21640	0
00	03B2	21640	0
00	03B3	21640	0
00	03B5	21640	0
00	03B6	21640	0
00	03B7	21640	0
00	03B8	36002	0
00	03B9	36002	0
00	03BA	22221	17
00	03BB	22221	17
00	03BE	22221	17
00	03BF	22221	17
00	03C1	22221	17
00	03C4	22221	17
00	03C5	22221	17
00	03C6	22221	17
00	03C7	22221	17
00	03CA	22221	17
00	03CB	22221	17
00	03CD	22221	17
00	03D0	22221	17
00	03D3	22221	17
00	03D5	22221	17
00	03D7	22221	17
00	03D9	3760	17
00	03DA	22221	17
00	03DD	22221	17
00	03DE	22221	17
00	03E0	22221	17
00	03E2	307	3248
00	03E3	307	3248
00	03E4	307	3248
00	03E6	307	3248
00	03E7	307	3248
00	03E9	307	3248
00	03EB	5	6823
00	03EC	5	6823
00	03ED	5	6823
00	03EF	5	6823
00	03F0	5	6823
00	03F2	5	6823
00	0400	22221	17
00	0401	22221	17
00	0404	22221	17
00	0406	22221	17
00	0408	22221	17
00	040A	3422	17
00	040B	22221	17
00	040E	22221	17
00	040F	22221	17
00	0411	22221	17
00	0413	311	104
00	0414	311	104
00	0415	311	104
00	0417	311	104
00	0418	311	104
00	041A	311	104
00	041C	5	7068
00	041D	5	7068
00	041E	5	7068
00	0421	5	7068
00	0422	5	7068
00	0424	5	7068
00	0425	5	7068
00	0426	5	7068
00	0428	1	21590
00	042B	1	21590
00	042C	1	21590
00	042D	1	21590
00	042E	22221	17
00	042F	22221	17
00	0432	22221	17
00	0433	22221	17
00	0435	584	17
00	0437	584	17
00	0438	584	17
00	043A	584	17
00	043B	584	17
00	043E	584	17
00	0440	21637	18
00	0441	21637	18
00	0443	21637	18
00	0446	22221	17
00	0447	22221	17
00	0448	22221	17
00	0449	22221	17
00	044A	22221	17
00	044B	2906	43
00	044C	2906	43
00	044E	2906	43
00	0450	2906	43
00	0452	2906	43
00	0453	91323	43
00	0454	91322	44
00	0455	91322	44
00	0458	91322	44
00	0459	91322	44
00	045B	2905	44
00	045C	2905	44
00	045F	2905	44
00	0462	2905	44
00	0463	2905	44
00	0464	18740	2833
00	0465	18740	2833
00	0467	18740	2833
00	0469	18740	2833
00	046B	18740	2833
00	046C	312255	2833
00	046D	312255	2834
00	046E	312255	2834
00	0471	312255	2834
00	0472	312255	2834
00	0474	18740	2834
00	0475	18740	2834
00	0478	18740	2834
00	0479	18740	2834
00	047A	244	28
00	047B	244	28
00	047D	244	28
00	047F	244	28
00	0481	6128	28
00	0482	6128	28
00	0483	6128	29
00	0484	6128	29
00	0485	6128	29
00	0488	6128	29
00	0489	6128	29
00	048B	296	29
00	048D	296	29
00	048F	296	29
00	0491	244	29
00	0492	244	29
00	0495	244	29
00	0496	244	29
00	0497	52	1730
00	0498	52	1730
00	049B	52	1730
00	049E	52	1730
00	04A0	2	16
00	04A2	2	16
00	04A5	2	16
00	04A7	2	16
00	04AA	2	16
00	04AC	2	16
00	04AF	2	16
00	04B1	2	16
00	04B4	2	16
00	04B6	2	16
00	04B9	2	16
00	04BB	2	16
00	04BE	2	16
00	04C0	2	16
00	04C3	2	16
00	04C5	2	16
00	04C8	2	16
00	04CA	2	16
00	04CD	2	16
00	04CF	2	16
00	04D2	2	16
00	04D4	2	16
00	04D7	2	16
00	04D8	85	0
00	04D9	85	0
00	04DA	85	0
00	04DC	4690	8
00	04DD	4690	8
00	04DE	4690	8
00	04E0	49	8
00	04E1	36	0
00	04E2	36	0
00	04E3	36	0
00	04E5	2	8
00	04E6	137952	0
00	04E7	137952	0
00	04E8	137952	0
00	04EA	539	0
00	04EB	539	0
00	04ED	36	1
00	050C	51	26
00	050D	51	26
00	050E	51	26
00	0510	4736	26
00	0511	4736	26
00	0512	4736	26
00	0513	4736	26
00	0514	4736	26
00	0516	50	26
00	0517	1	324
00	0518	1	324
00	0519	1	324
00	051C	256	324
00	051D	256	324
00	051E	256	324
00	051F	256	324
00	0520	256	324
00	0522	1	324
00	0523	1	324
00	0525	1	324
00	0545	1436	27
00	0546	1436	27
00	0547	1436	27
00	0548	1436	27
00	054A	1436	27
00	054B	1436	27
00	054C	1436	27
00	054D	1436	27
00	054E	1436	27
00	054F	1436	27
00	0550	1436	27
00	056A	1201	1142
00	056C	1201	1142
00	056D	1201	1142
00	056E	1201	1142
00	0570	1201	1142
00	0572	1201	1142
00	0573	1201	1142
00	0575	1201	1142
00	0578	1198	1142
00	057A	1198	1142
00	057D	1198	1142
00	057F	1198	1142
00	0582	1198	1142
00	0584	1198	1142
00	0587	1198	1142
00	0589	1198	1142
00	059B	3	1728
00	059C	3	1728
00	059F	3	8
00	05A2	3	8
00	05A5	30	8
00	05A6	30	8
00	05A7	30	8
00	05A8	30	8
00	05A9	30	8
00	05AB	3	8
00	05B6	16	28
00	05B8	16	28
00	05BA	16	28
00	05BC	16	28
00	05BD	5	0
00	05BF	5	0
00	05C1	5	0
00	05C2	5	0
00	05C3	5	0
00	05C5	5	0
00	05C7	5	0
00	05C9	4	2831
00	05CB	4	2831
00	05CC	4	2831
00	05CE	4	2831
00	05D0	4	2831
00	05D2	11516	2831
00	05D4	11516	2831
00	05D6	11516	2831
00	05D8	4	2832
00	05DA	4	2832
00	05DC	4	2832
00	05DE	4	2832
00	05E0	4	2832
00	05E2	4	2832
00	05E3	4	2832
00	05E5	4	2832
00	05E6	4	2832
00	05E8	4	2832
00	05E9	4	2832
00	05EC	4	2832
00	05ED	1	0
00	05EF	1	0
00	05F1	1	0
00	05F3	1	0
00	05F5	1	0
00	05F7	1	0
00	05F9	1	0
00	05FB	1	0
00	05FD	1	0
00	05FE	1	0
00	0601	1	0
00	0602	1	0
00	0603	1	0
00	0605	1	0
00	0606	1	0
00	0608	1	0
00	0609	1	0
00	060A	1	0
00	060C	1	0
00	060E	1	0
00	0610	1	0
00	0611	1	0
00	0613	1	0
00	0615	1	0
00	0617	1	0
00	0619	1	0
00	061B	1	0
00	061C	1	0
00	061E	1	0
00	061F	1	0
00	0621	1	0
00	0622	133967	16
00	0623	133967	16
00	0624	110317	16
00	0626	110317	16
00	0628	405	1140
00	062A	405	1140
00	062C	405	1140
00	062E	405	1140
00	0630	405	1140
00	0637	109912	16
00	0639	109912	16
00	063C	109912	16
00	063D	80717	26
00	063E	80717	26
00	063F	50	26
00	0641	50	26
00	0643	50	26
00	0645	50	26
00	0647	50	26
00	0649	50	26
00	064B	50	26
00	0658	80667	43
00	0659	80667	43
00	065A	80667	43
00	065C	80667	43
00	066D	80667	43
00	066F	80667	43
00	0672	80667	43
00	0673	66149	16
00	0675	66149	16
00	0681	66149	16
00	0683	66149	16
00	0684	2	16
00	0686	2	16
00	0688	2	16
00	068A	2	16
00	068C	2	16
00	068E	2	16
00	0690	2	16
00	0691	2	16
00	0693	2	16
00	0695	2	16
00	0697	2	16
00	0699	2	16
00	069B	2	16
00	069D	2	16
00	069F	2	16
00	06A1	2	16
00	06A3	2	16
00	06A5	2	16
00	06A7	2	16
00	06AA	2	16
00	06AB	2	16
00	06AD	2	16
00	06B0	2	16
00	06B2	2	16
00	06B4	2	16
00	06B6	2	16
00	06BC	26	26
00	06BE	26	26
00	06BF	26	26
00	06C1	26	26
00	06C2	26	26
00	06C4	26	26
00	06C5	26	26
00	06C6	26	26
00	06C8	26	26
00	06C9	26	26
00	06CB	26	26
00	06CD	26	26
00	06CF	26	26
00	06D1	66123	16
00	06D3	66123	16
00	06D4	66123	16
00	06D6	66123	16
00	06D7	66123	16
00	06D9	66123	16
00	06DA	66123	16
00	06DB	66123	16
00	06DD	66123	16
00	06DE	66123	16
00	06E0	66123	16
00	06E1	66123	16
00	06E3	66123	16
00	06EE	66149	16
00	06EF	66149	16
00	06F2	66149	16
00	06F3	66149	16
00	06F4	66149	16
00	06F6	66149	16
00	06F7	66149	16
00	06F9	66149	16
00	06FC	66149	16
00	06FF	66144	16
00	0701	66144	16
00	0702	66144	16
00	0704	66144	16
00	0705	66144	16
00	0707	66144	16
00	0708	66144	16
00	0709	66144	16
00	070C	66144	16
00	070D	66144	16
00	070E	66144	16
00	0710	66144	16
00	0711	66144	16
00	0713	66144	16
00	0749	700	26
00	074B	700	26
00	074E	700	26
00	074F	700	26
00	0751	700	26
00	0752	700	26
00	0754	700	26
00	0755	700	26
00	0757	700	26
00	0758	700	26
00	075A	700	26
00	075C	700	26
00	075D	700	26
00	075F	700	26
00	0761	700	26
00	0763	700	26
00	0764	700	26
00	0766	700	26
00	0768	700	26
00	076A	1169098	26
00	076C	1169098	26
00	076E	1169098	26
00	0770	692	27
00	0771	692	27
00	0773	700	27
00	0774	700	27
00	0776	700	27
00	0777	700	27
00	0779	700	27
00	077A	209	3193
00	077C	209	3193
00	077E	209	3193
00	0780	2	3193
00	0782	2	3193
00	0785	2	3193
00	0787	470	23
00	0789	470	23
00	078C	470	23
00	078D	470	23
00	078F	470	23
00	0790	470	23
00	0792	470	23
00	0793	470	23
00	0795	470	23
00	0796	470	23
00	0798	470	23
00	079A	470	23
00	079B	470	23
00	079D	470	23
00	079F	470	23
00	07A1	470	23
00	07A2	470	23
00	07A4	470	23
00	07A6	470	23
00	07A8	459102	23
00	07AA	459102	23
00	07AC	459102	23
00	07AE	445	24
00	07AF	445	24
00	07B1	470	24
00	07B2	470	24
00	07B4	470	24
00	07B5	470	24
00	07B8	470	24
00	07BA	470	24
00	07BB	162	21643
00	07BD	162	21643
00	07BF	162	21643
00	07C1	1	21643
00	07C4	1	21643
00	07C6	1	21643
00	07C9	1	21643
00	07CB	3	330
00	07CC	3	330
00	07CE	3	330
00	07D0	3	330
00	07D2	3	330
00	07D3	3	330
00	07D5	3	330
00	07D6	3	330
00	07D8	3	330
00	07D9	3	330
00	07DB	3	330
00	07DC	3	330
00	07DF	3	330
00	07E1	3	330
00	07E3	3	330
00	07E6	3	330
00	07E7	3	330
00	07EA	3	331
00	07EB	3	331
00	07ED	3	331
00	07EF	3	331
00	07F2	3	331
00	07F3	3	331
00	07F6	3	331
00	07F7	3	331
00	07FA	3	331
00	082C	342	26
00	082D	342	26
00	082F	342	26
00	0831	342	26
00	0833	342	26
00	0834	342	26
00	0836	342	26
00	0837	342	26
00	0839	342	26
00	083A	342	26
00	083C	342	26
00	083F	342	26
00	0841	342	26
00	0843	342	26
00	0846	342	26
00	0847	342	26
00	084A	342	27
00	084B	342	27
00	084D	342	27
00	084F	342	27
00	0852	342	27
00	0853	342	27
00	0856	342	27
00	0857	342	27
00	085A	342	27
00	0887	5	2832
00	0888	5	2832
00	088A	5	2832
00	088C	5	2832
00	088E	5	2832
00	088F	5	2832
00	0891	5	2832
00	0893	5	2832
00	0895	5	2832
00	0896	5	2832
00	0898	5	2832
00	089B	5	2832
00	089D	5	2832
00	089F	5	2832
00	08A2	5	2832
00	08A3	5	2832
00	08A6	5	2832
00	08A7	5	2832
00	08A9	5	2832
00	08AB	5	2832
00	08AE	5	2832
00	08AF	5	2832
00	08B2	5	2832
00	08B3	5	2832
00	08B6	5	2832
00	08B7	350	26
00	08B9	350	26
00	08BB	350	26
00	08BC	345	26
00	08BE	345	26
00	08C0	345	26
00	08EA	39	26
00	08ED	39	26
00	08EF	39	26
00	08F2	39	26
00	08F3	39	26
00	08F5	39	26
00	08F6	39	26
00	08F7	39	26
00	08FA	39	26
00	08FB	39	26
00	08FC	39	26
00	08FD	39	26
00	08FF	39	26
00	0900	39	26
00	0903	39	26
00	0904	16710	26
00	0905	16710	26
00	0906	16710	26
00	0907	16710	26
00	0908	16710	26
00	090A	1022	26
00	090C	1022	26
00	090D	1022	26
00	090F	1022	26
00	0910	1022	26
00	0912	1022	26
00	0913	1022	26
00	0914	1022	26
00	0916	1022	26
00	0917	1022	26
00	0918	1022	26
00	0919	1022	26
00	091B	100	26
00	091C	7	1120
00	091F	7	1120
00	0920	7	1120
00	0922	432	1120
00	0923	432	1120
00	0924	432	1120
00	0925	432	1120
00	0926	432	1120
00	0927	432	1120
00	0929	24	1120
00	092B	24	1120
00	092C	24	1120
00	092E	24	1120
00	092F	24	1120
00	0931	24	1120
00	0932	24	1120
00	0933	24	1120
00	0935	24	1120
00	0936	24	1120
00	0937	24	1120
00	0938	24	1120
00	093A	7	1120
00	0956	21660	43
00	0958	21660	43
00	095B	21660	43
00	095E	21660	43
00	095F	21660	43
00	0960	21660	43
00	0961	21660	43
00	0962	21660	43
00	0964	21660	43
00	0966	21660	43
00	0967	21660	43
00	0969	21660	43
00	096B	21660	43
00	096D	21660	43
00	096F	21660	43
00	0972	21660	43
00	0975	21660	43
00	0977	303240	43
00	0978	303240	43
00	0979	303240	43
00	097C	303240	43
00	097D	303240	43
00	097E	303240	43
00	0980	303240	43
00	0981	303240	43
00	0982	303240	43
00	0983	303240	43
00	0985	303240	43
00	0987	80667	43
00	0988	80667	43
00	098A	80667	43
00	098D	303240	43
00	098E	303240	43
00	098F	303240	43
00	0992	303240	43
00	0993	303240	43
00	0996	303240	43
00	0997	303240	43
00	0998	303240	43
00	0999	303240	43
00	099B	21660	43
00	099C	21660	43
00	099F	21660	43
00	09A0	21660	43
00	09A2	21660	43
00	09A4	21660	43
00	09A5	21660	43
00	09A8	21660	43
00	09AA	21660	43
00	09AB	21660	43
00	09AD	21660	43
00	09AF	21660	43
00	09B1	21660	43
00	09B2	21660	43
00	09B3	21660	43
00	09B4	21660	43
00	09B5	21660	43
00	09B6	13	22
00	09B9	13	23
00	09BA	13	23
00	09BB	13	23
00	09BC	13	23
00	09BE	13	23
00	09C0	13	23
00	09C1	13	23
00	09C3	13	23
00	09C5	13	23
00	09C7	13	23
00	09C9	13	23
00	09CA	13	23
00	09CC	13	23
00	09CE	13	23
00	09D1	13	23
00	09D4	13	23
00	09D6	13	23
00	09D9	13	23
00	09DB	13	23
00	09DC	13	23
00	09DE	13	23
00	09E0	13	23
00	09E2	13	23
00	09E3	13	23
00	09E4	13	23
00	09E5	13	23
00	0A09	21673	22
00	0A0A	21673	22
00	0A0B	21673	22
00	0A0C	21673	22
00	0A0E	21673	22
00	0A11	21673	22
00	0A12	3467680	22
00	0A13	3467680	22
00	0A14	3467680	22
00	0A16	21673	23
00	0A17	21673	23
00	0A18	21673	23
00	0A19	21673	23
00	0A65	32	26
00	0A66	32	26
00	0A68	32	26
00	0A6A	32	26
00	0A6B	32	26
00	0A6D	32	26
00	0A6F	32	26
00	0A71	32	26
00	0A73	32	26
00	0A74	32	26
00	0A75	32	26
00	0A76	32	26
00	0A77	32	26
00	0A79	32	26
00	0A7A	32	26
00	0A7C	32	26
00	0A7E	32	26
00	0A80	32	26
00	0A81	32	26
00	0A82	29	26
00	0A84	29	26
00	0A86	29	26
00	0A87	29	26
00	0A89	29	26
00	0A8A	29	26
00	0A8B	29	26
00	0A8D	29	26
00	0A8F	29	26
00	0A92	29	26
00	0A94	29	26
00	0A96	29	26
00	0A98	29	26
00	0A9B	29	26
00	0A9C	29	26
00	0A9F	29	26
00	0AA0	29	26
00	0AA1	29	26
00	0AA4	29	26
00	0AA5	29	26
00	0AA7	29	26
00	0AA8	29	26
00	0AA9	29	26
00	0AAA	29	26
00	0AAB	29	26
00	0AAE	29	26
00	0AB0	29	26
00	0AB1	29	26
00	0AB3	29	26
00	0AB5	29	26
00	0AB7	29	26
00	0AB8	29	26
00	0AB9	29	26
00	0ABA	29	26
00	0ABB	29	26
00	0ABD	29	26
00	0ABE	29	26
00	0ABF	29	26
00	0AC0	29	26
00	0AC1	29	26
00	0AC3	29	26
00	0AC4	29	26
00	0AC5	29	26
00	0AC6	29	26
00	0AC7	29	26
00	0AC8	29	26
00	0AC9	29	26
00	0ACA	29	26
00	0ACB	29	26
00	0ACC	29	26
00	0ACD	29	26
00	0ACE	29	26
00	0ACF	29	26
00	0AD0	29	26
00	0AD1	29	26
00	0AD2	29	26
00	0AD3	29	26
00	0AD4	29	26
00	0AD5	29	26
00	0AD6	29	26
00	0AD7	29	26
00	0AD8	29	26
00	0AD9	29	26
00	0ADA	29	26
00	0ADB	29	26
00	0ADC	29	26
00	0ADD	29	26
00	0ADE	29	26
00	0ADF	29	26
00	0AE0	29	26
00	0AE1	29	26
00	0AE4	29	26
00	0AE5	29	26
00	0AE6	29	26
00	0AE7	29	26
00	0AE8	303240	43
00	0AE9	303240	43
00	0AEA	303240	43
00	0AED	303240	43
00	0AEE	303240	43
00	0AEF	303240	43
00	0AF1	303240	43
00	0AF3	80667	43
00	0AF4	80667	43
00	0AF6	80108	43
00	0AF9	80108	43
00	0AFA	80108	43
00	0AFB	80108	43
00	0AFC	80108	43
00	0AFE	79565	43
00	0AFF	79565	43
00	0B00	79565	43
00	0B02	9032	62
00	0B03	9032	62
00	0B04	9032	62
00	0B05	9032	62
00	0B06	9032	62
00	0B07	9032	62
00	0B08	9032	62
00	0B0A	8488	62
00	0B0B	8488	62
00	0B0C	8488	62
00	0B0D	8488	62
00	0B0E	8488	62
00	0B0F	8488	62
00	0B10	8488	62
00	0B11	8488	62
00	0B13	5572	122
00	0B14	5572	122
00	0B17	5572	122
00	0B18	5572	122
00	0B1A	5572	122
00	0B1C	1	1142
00	0B1D	1	1142
00	0B1E	1	1142
00	0B1F	1	1142
00	0B20	1	1142
00	0B21	1	1142
00	0B23	8487	62
00	0B24	8487	62
00	0B25	8487	62
00	0B26	8487	62
00	0B28	8487	62
00	0B29	8487	62
00	0B2A	8487	62
00	0B2B	8487	62
00	0B2C	8487	62
00	0B2D	8487	62
00	0B2E	8487	62
00	0B2F	8487	62
00	0B32	8487	62
00	0B33	8487	62
00	0B34	8487	62
00	0B35	8487	62
00	0B36	303240	43
00	0B37	303240	43
00	0B38	303240	43
00	0B3B	303240	43
00	0B3C	303240	43
00	0B3D	303240	43
00	0B3E	303240	43
00	0B3F	303240	43
00	0B40	303240	43
00	0B41	303240	43
00	0B43	303240	43
00	0B45	80667	43
00	0B48	80667	43
00	0B49	80667	43
00	0B4A	80667	43
00	0B71	303240	43
00	0B72	303240	43
00	0B73	303240	43
00	0B74	303240	43
00	0B75	303240	43
00	0B78	303240	43
00	0B79	303240	43
00	0B7A	303240	43
00	0B7C	303240	43
00	0B7D	303240	43
00	0B7F	303240	43
00	0B80	303240	43
00	0B81	303240	43
00	0B83	303240	43
00	0B84	303240	43
00	0B85	303240	43
00	0B87	303240	43
00	0B88	303240	43
00	0B89	303240	43
00	0B8A	303240	43
00	0B8B	303240	43
00	0B8C	303240	43
00	0B8D	303240	43
00	0B8F	303240	43
00	0B91	80667	43
00	0B92	80667	43
00	0B94	80667	43
00	0B95	80667	43
00	0B96	80667	43
00	0B97	80667	43
00	0B98	80667	43
00	0B99	80667	43
00	0B9A	80667	43
00	0B9B	80667	43
00	0B9C	80667	43
00	0B9D	295344	43
00	0B9E	295344	43
00	0B9F	295344	43
00	0BA0	295344	43
00	0BA1	295344	43
00	0BA2	295344	43
00	0BA3	295344	43
00	0BA4	295344	43
00	0BA5	295344	43
00	0BA6	295344	43
00	0BA7	295344	43
00	0BA8	295344	43
00	0BA9	295344	43
00	0BAA	295344	43
00	0BAC	295344	43
00	0BAD	295344	43
00	0BAF	295344	43
00	0BB0	295344	43
00	0BB1	295344	43
00	0BB2	295344	43
00	0BB3	295344	43
00	0BB4	295344	43
00	0BB5	295344	43
00	0BB6	295344	43
00	0BB7	295344	43
00	0BB8	295344	43
00	0BBA	71160	43
00	0BBB	222573	43
00	0BBC	222573	43
00	0BFC	23	1119
00	0BFF	23	1119
00	0C01	23	1119
00	0C02	184	1119
00	0C03	184	1119
00	0C05	9	1171
00	0C06	184	1119
00	0C08	184	1119
00	0C0A	184	1119
00	0C0B	184	1119
00	0C0D	23	1119
00	0D67	608	3296
00	0D68	608	3296
00	0D69	608	3296
00	0D6A	608	3296
00	0D6B	608	3296
00	0D6E	608	3296
00	0D70	9728	3296
00	0D71	9728	3296
00	0D73	9728	3296
00	0D75	9728	3296
00	0D76	9728	3296
00	0D77	9728	3296
00	0D78	9728	3296
00	0D79	9728	3296
00	0D7A	9728	3296
00	0D7B	9728	3296
00	0D7C	9728	3296
00	0D7D	9728	3296
00	0D7E	9728	3296
00	0D7F	9728	3296
00	0D80	9728	3296
00	0D81	9728	3296
00	0D83	9378	3296
00	0D84	9378	3296
00	0D86	350	3800
00	0D87	9728	3296
00	0D88	9728	3296
00	0D89	9728	3296
00	0D8B	608	3296
00	0D8C	608	3296
00	0D8D	608	3296
00	0D8E	608	3296
00	0D8F	608	3296
00	0D90	608	3296
00	0D91	608	3296
00	0DE2	48	21646
00	0DE4	48	21646
00	0DE7	48	21646
00	0DE8	48	21646
00	0DE9	48	21646
00	0DEB	288	21646
00	0DEC	288	21646
00	0DED	288	21646
00	0DEF	288	21646
00	0DF0	288	21646
00	0DF1	288	21646
00	0DF2	288	21646
00	0DF3	288	21646
00	0DF5	288	21646
00	0DF7	288	21646
00	0DF8	288	21646
00	0DF9	288	21646
00	0DFA	288	21646
00	0DFC	288	21646
00	0DFE	288	21646
00	0DFF	288	21646
00	0E00	288	21646
00	0E01	288	21646
00	0E02	288	21646
00	0E04	48	21646
00	0E05	48	21646
00	0E06	48	21646
00	0E08	288	21646
00	0E0A	288	21646
00	0E0B	288	21646
00	0E0C	288	21646
00	0E0E	288	21646
00	0E10	288	21646
00	0E12	288	21646
00	0E14	288	21646
00	0E15	288	21646
00	0E16	288	21646
00	0E18	288	21646
00	0E1A	288	21646
00	0E1B	288	21646
00	0E1D	288	21646
00	0E1E	288	21646
00	0E1F	288	21646
00	0E20	288	21646
00	0E21	288	21646
00	0E23	288	21646
00	0E25	288	21646
00	0E26	288	21646
00	0E27	288	21646
00	0E28	288	21646
00	0E2A	48	21646
00	0E2C	48	21646
00	0E2E	48	21646
00	0E31	48	21646
00	0E93	19141	3295
00	0E94	19141	3295
00	0E96	19141	3295
00	0E98	19141	3295
00	0E9A	829	3295
00	0E9C	829	3295
00	0E9D	829	3295
00	0E9F	829	3295
00	0EA1	829	3295
00	0EA3	829	3295
00	0EA6	829	3295
00	0EA8	829	3295
00	0EA9	829	3295
00	0EAB	829	3295
00	0EAD	829	3295
00	0EAE	829	3295
00	0EB0	829	3295
00	0EB1	829	3295
00	0EB2	18312	3295
00	0EB4	18312	3295
00	0EB5	18312	3295
00	0EB8	18312	3295
00	0EBA	18312	3295
00	0EBB	18312	3295
00	0EBD	18312	3295
00	0EBF	18312	3295
00	0EC1	18312	3295
00	0EC3	18312	3295
00	0EC6	18312	3295
00	0EC7	18312	3295
00	0EC9	18312	3295
00	0ECC	18312	3295
00	0ECD	18312	3295
00	0ECF	18312	3295
00	0ED1	18312	3295
00	0ED2	18312	3295
00	0ED3	1	21645
00	0ED5	1	21645
00	0ED6	1	21645
00	0ED8	52	21645
00	0EDA	52	21645
00	0EDD	52	21645
00	0EDE	52	21645
00	0EE0	52	21645
00	0EE2	4	21649
00	0EE3	4	21649
00	0EE4	4	21649
00	0EE6	4	21649
00	0EE7	4	21649
00	0EE9	4	21649
00	0EEB	4	21649
00	0EEC	4	21649
00	0EED	4	21649
00	0EEE	4	21649
00	0EEF	4	21649
00	0F30	48	21645
00	0F31	48	21645
00	0F33	48	21645
00	0F35	48	21645
00	0F37	48	21645
00	0F4A	48	21645
00	0F53	48	21645
00	0F54	48	21645
00	0F55	48	21645
00	0F56	48	21645
00	0F59	48	21646
00	0F5A	48	21646
00	0F5D	48	21646
00	0F5F	48	21646
00	0F60	48	21646
00	0F62	48	21646
00	0F63	48	21646
00	0F65	48	21646
00	0F68	3	21649
00	0F69	3	21649
00	0F6B	3	21649
00	0F6D	3	21649
00	0F6F	3	21649
00	0F71	3	21649
00	0F73	3	21649
00	0F74	3	21649
00	0F75	3	21649
00	0F76	3	21649
00	0F78	3	21649
00	0F79	3	21649
00	0F7B	3	21649
00	0F7C	3	21649
00	0F7E	3	21649
00	0F7F	3	21649
00	0F9D	1	21660
00	0F9E	1	21660
00	0FA0	1	21660
00	0FA1	1	21660
00	1044	48	21645
00	1045	48	21645
00	1046	48	21645
00	1048	48	21645
00	104A	48	21645
00	104C	48	21645
00	104F	48	21645
00	1052	48	21645
00	1053	48	21645
00	1059	48	21646
00	105B	48	21646
00	105C	48	21646
00	105E	48	21646
00	1060	48	21646
00	1062	48	21646
00	1064	48	21646
00	1066	48	21646
00	1067	48	21646
00	1069	48	21646
00	106A	48	21646
00	106C	48	21646
00	106D	48	21646
00	106F	48	21646
00	1070	48	21646
00	1073	48	21646
00	1079	48	21646
00	107B	48	21646
00	107D	48	21646
00	107F	48	21646
00	1080	48	21646
00	1082	48	21646
00	1084	48	21646
00	1086	48	21646
00	1088	48	21646
00	1089	48	21646
00	108B	48	21646
00	108D	48	21646
00	108F	48	21646
00	1091	48	21646
00	1093	48	21646
00	1094	48	21646
00	1096	48	21646
00	1097	48	21646
00	1099	48	21646
00	109A	48	21646
00	109D	48	21646
00	10A3	48	21646
00	10A5	48	21646
00	10A7	48	21646
00	10A9	48	21646
00	10AA	48	21646
00	10AC	48	21646
00	10AE	48	21646
00	10B0	48	21646
00	14BF	57	3159
00	14C0	57	3159
00	14C1	57	3159
00	14C2	57	3159
00	14C3	57	3159
00	14C5	6	3159
00	151A	1	324
00	151B	1	324
00	151C	1	324
00	151E	16	324
00	151F	16	324
00	1521	15	324
00	1522	15	324
00	1523	15	324
00	1525	15	324
00	1526	15	324
00	1527	15	324
00	1528	15	324
00	152A	15	324
00	152B	15	324
00	152C	15	324
00	152E	1	324
00	152F	1	324
00	1530	1	324
00	1531	1	324
00	1532	1	324
00	1620	928	326
00	1622	928	326
00	1624	380	326
00	1626	380	326
00	1628	5	2096
00	162A	5	2096
00	162C	5	2096
00	162D	5	2096
00	162F	5	2096
00	1631	5	2096
00	1633	5	2096
00	1634	5	2096
00	1636	5	2096
00	1637	5	2096
00	1639	5	2096
00	163B	5	2096
00	163D	5	2096
00	163E	375	326
00	1640	375	326
00	1642	375	326
00	1643	375	326
00	1645	375	326
00	1647	375	326
00	164A	375	326
00	164C	375	326
00	164E	375	326
00	1651	375	326
00	1652	375	326
00	1655	375	326
00	1656	375	326
00	1658	375	326
00	165B	375	326
00	165D	375	326
00	165E	375	326
00	1660	375	326
00	1663	375	326
00	1665	375	326
00	1668	375	326
00	1669	548	1138
00	166A	548	1138
00	166C	548	1138
00	166E	548	1138
00	1670	548	1138
00	1671	548	1138
00	1673	548	1138
00	1675	548	1138
00	1678	548	1138
00	1679	548	1138
00	167B	548	1138
00	167C	548	1138
00	167E	548	1138
00	1681	548	1138
00	1683	548	1138
00	16A2	11	1772
00	16A5	11	1772
00	16A7	11	1772
00	16AA	11	1772
00	16AB	11	1772
00	16AD	11	1772
00	16AE	11	1772
00	16AF	11	1772
00	16B2	11	1772
00	16B3	11	1772
00	16B4	11	1772
00	16B7	11	1772
00	16B8	11	1772
00	16BB	11	1772
00	16BC	11	1772
00	16BD	11	1772
00	16BF	11	1772
00	16C0	11	1772
00	16C3	11	1772
00	16C4	133219	1140
00	16C5	133219	1140
00	16C7	133219	1140
00	16C9	133219	1140
00	16CB	132293	1140
00	16CC	132293	1140
00	16CD	926	1140
00	16D0	926	1140
00	16D2	926	1140
00	16D3	926	1140
00	16D4	926	1141
00	16D5	926	1141
00	16D6	926	1141
00	16D8	926	1141
00	16D9	926	1141
00	1711	1	17
00	1713	1	17
00	1715	1	17
00	1716	1	17
00	1718	1	17
00	171A	1	17
00	171C	1	17
00	171F	1	17
00	1722	1	22
00	1724	1	22
00	1725	1	22
00	1727	1	22
00	172A	1	22
00	172C	1	22
00	20A0	1	8
00	20A3	1	8
00	20A6	22218	0
00	20A9	22217	17
00	20AC	12	83
00	20AF	12	83
00	20B2	3	1142
00	20B5	3	1142
00	20C4	1	323
00	20C7	1	323
00	20E8	9	43
00	20EB	9	43
00	20EE	22243	8
00	20F0	22243	8
00	20F3	22243	8
00	20F5	22243	8
00	20F8	45078	8
00	20FA	45078	8
00	20FD	45078	8
00	20FF	90156	8
00	2101	90156	8
00	2104	90156	8
00	2105	90156	8
00	2107	90156	8
00	210A	90156	8
00	210B	22243	8
00	210E	22243	8
00	2111	22243	8
00	2114	22243	8
00	2116	25	43
00	2119	25	43
00	211B	25	43
00	211D	22242	17
00	211F	22242	17
00	2120	22242	17
00	2123	22242	17
00	2124	22242	17
00	2125	1	0
00	2126	1	0
00	2128	1	0
00	2129	22218	0
00	212C	22218	0
00	212E	22218	0
00	2130	1	0
00	2132	1	0
00	2141	22242	17
00	2144	22242	17
00	2146	22242	17
00	2148	22242	17
00	214B	22242	17
00	214D	22242	17
00	214E	22242	17
00	215E	7992	44
00	2161	7992	44
00	2164	7992	44
00	2167	7992	44
00	216A	7992	44
00	216B	7992	44
00	216C	7992	44
00	216F	14843	44
00	2172	14843	44
00	2175	14843	44
00	2178	14843	44
00	217B	14843	44
00	217C	14843	44
00	217D	14843	44
00	217E	14843	44
00	217F	14843	44
00	2180	14843	44
04	4000	1	8
04	4002	1	8
04	4005	1	8
04	4008	1	8
04	4009	1	8
04	400C	1	8
04	400D	1	8
04	4010	1	8
04	4012	1	8
04	4013	63	8
04	4014	63	8
04	4015	63	8
04	4017	1	8
04	4018	1	8
04	401B	1	8
04	401C	1	8
04	401F	1	8
04	4021	1	8
04	4024	1	8
04	4027	1	8
04	402A	1	8
04	402D	1	8
04	402F	1	8
04	4032	1	8
04	4035	1	8
04	4037	1	8
04	403A	1	8
04	403B	1	8
04	403D	1	8
04	4040	1	8
04	4043	8	8
04	4044	8	8
04	4045	8	8
04	4046	8	8
04	4048	1	8
04	4049	1	8
04	404B	1	8
04	404E	1	8
04	4051	4	8
04	4052	4	8
04	4053	4	8
04	4054	4	8
04	4056	1	8
04	4058	1	8
04	405A	1	8
04	405C	1	8
04	405E	1	8
04	4060	1	8
04	4062	1	8
04	4064	1	8
04	4066	1	8
04	4068	1	8
04	406A	1	8
04	406C	1	8
04	406E	1	8
04	4070	1	8
04	4072	1	8
04	4074	1	8
04	4076	1	8
04	4078	1	8
04	407A	1	8
04	407C	1	8
04	407F	1	8
04	4082	22217	17
04	4083	22217	17
04	4084	22217	17
04	4087	22217	17
04	408A	22217	17
04	408C	22217	17
04	408F	22217	17
04	4090	22217	17
04	4091	22217	17
04	4092	22217	17
04	4094	22217	17
04	4095	22217	17
04	4096	22217	17
04	4097	22217	17
04	4099	22217	17
04	409A	22217	17
04	409B	22217	17
04	409D	22217	17
04	40AC	22217	17
04	40AD	22217	17
04	40AE	22217	17
04	40B1	88868	17
04	40B4	88868	17
04	40B7	88868	17
04	40B9	22217	17
04	40BC	88868	17
04	40BF	88868	17
04	40C2	88868	17
04	40C4	22217	17
04	40C7	22217	17
04	40C8	22217	17
04	40CA	22217	17
04	40CB	22217	17
04	40CC	22217	17
04	40CE	22217	17
04	40D0	22217	17
04	40D3	22217	17
04	40D5	22217	17
04	40D8	22217	17
04	40D9	22217	17
04	40DA	22217	17
04	40DB	22217	17
04	40DD	22217	17
04	40DE	22217	17
04	40DF	22217	17
04	40E0	22217	17
04	40E2	22217	17
04	40E3	22217	17
04	40E4	22217	17
04	40E6	22217	17
04	40E8	1026	503
04	40EB	4104	503
04	40EE	4104	503
04	40F1	4104	503
04	40F3	1026	503
04	40F5	21320	17
04	40F6	21320	17
04	40F7	21320	17
04	40FA	85280	17
04	40FD	85280	17
04	4100	85280	17
04	4102	21320	17
04	4105	85280	17
04	4108	85280	17
04	410B	85280	17
04	410D	21320	17
04	4110	21320	17
04	4111	21320	17
04	4113	21320	17
04	4114	21320	17
04	4115	21320	17
04	4117	21320	17
04	4119	22217	17
04	411C	88868	17
04	411F	88868	17
04	4122	88868	17
04	4124	22217	17
04	4127	22217	17
04	4128	22217	17
04	412A	1482	17
04	412C	22217	17
04	412D	22217	17
04	4130	22217	17
04	4132	22217	17
04	4135	22217	17
04	4138	177736	17
04	4139	177736	17
04	413B	177736	17
04	413C	177736	17
04	413D	177736	17
04	413F	177736	17
04	4140	177736	17
04	4141	177736	17
04	4143	22217	17
04	4144	22217	17
04	4147	22217	17
04	4148	22217	17
04	4149	22217	17
04	414C	22229	17
04	414F	22229	17
04	4151	22229	17
04	4153	22358	17
04	4156	22358	17
04	4158	22358	17
04	415F	44587	17
04	4162	44587	17
04	4163	44587	17
04	4164	44587	17
04	4165	44587	17
04	4166	44587	17
04	4167	178305	17
04	416A	178305	17
04	416B	178305	17
04	416C	133730	17
04	416D	133730	17
04	416F	133730	17
04	4170	133730	17
04	4171	133730	17
04	4173	133730	17
04	4174	133730	17
04	4175	133730	17
04	4176	133730	17
04	4177	1619	84
04	417A	1619	84
04	417C	1619	84
04	417E	1619	84
04	4180	1215	44
04	4183	1215	44
04	4185	1215	44
04	4187	1215	44
04	4189	1127	84
04	418C	1127	84
04	418E	1127	84
04	4190	1127	84
04	4192	1878	502
04	4195	1878	502
04	4197	1878	502
04	4199	1878	502
04	419B	65754	17
04	419E	65754	17
04	41A0	65754	17
04	41A2	71593	17
04	41A5	71593	17
04	41A6	71593	17
04	41A7	71593	17
04	41A8	71593	17
04	41A9	71593	17
04	41AA	71593	17
04	41AB	71593	17
04	41AC	263016	17
04	41AF	263016	17
04	41B0	263016	17
04	41B1	197262	17
04	41B2	197262	17
04	41B4	197262	17
04	41B5	197262	17
04	41B6	197262	17
04	41B8	197262	17
04	41B9	197262	17
04	41BA	197262	17
04	41BB	197262	17
04	41BD	197262	17
04	41BE	197262	17
04	41BF	197262	17
04	41C0	12	83
04	41C1	12	83
04	41C2	12	83
04	41C5	12	83
04	41C8	12	83
04	41CB	12	83
04	41CD	12	83
04	4219	12	83
04	421C	12	83
04	421E	12	83
04	4221	12	83
04	4222	12	83
04	4225	17	83
04	4228	17	83
04	4229	17	83
04	422C	17	83
04	422D	17	83
04	422F	17	83
04	4231	17	83
04	4234	17	83
04	4236	5	83
04	4239	5	83
04	423A	5	83
04	423D	5	83
04	423E	5	83
04	4241	5	83
04	4244	5	83
04	4246	5	83
04	4249	5	83
04	424C	5	83
04	4284	12	83
04	4287	11	43
04	4288	11	43
04	4289	11	43
04	428C	11	43
04	428D	11	43
04	4290	11	43
04	4291	11	43
04	4294	11	43
04	4295	11	43
04	4298	11	43
04	4299	11	43
04	429C	11	43
04	429F	11	43
04	42A2	38	43
04	42A5	38	43
04	42A7	27	501
04	42AA	27	501
04	42AE	6	43
04	42B1	6	43
04	42B2	6	43
04	42B5	6	43
04	42B6	6	43
04	42B7	6	43
04	42B8	17	43
04	42BB	17	43
04	42BD	11	43
04	42D6	9	43
04	42D9	9	43
04	42DA	9	43
04	42DC	1	2741
04	42DF	1	2741
04	42E0	1	2741
04	42E2	1	2741
04	42E5	1	2741
04	42E7	1	2741
04	42E9	1	2741
04	430A	23	43
04	430B	23	43
04	430E	23	43
04	4310	23	43
04	4311	23	43
04	4319	23	43
04	431B	23	43
04	431D	23	43
04	4320	23	43
04	4321	23	43
04	4322	23	43
04	4323	23	43
04	4324	23	43
04	4325	23	43
04	4328	23	43
04	4329	23	43
04	432A	23	43
04	432B	23	43
04	432C	23	43
04	432D	23	43
04	432E	23	43
04	4331	23	43
04	4332	23	43
04	4335	23	43
04	4336	23	43
04	4339	23	43
04	433A	23	43
04	433D	23	43
04	433E	23	43
04	4341	23	43
04	4342	23	43
04	4343	23	43
04	4344	23	43
04	4347	23	43
04	4348	23	43
04	434B	23	43
04	434C	55	43
04	434F	55	43
04	4350	55	43
04	4353	55	43
04	4354	55	43
04	4356	55	43
04	4357	55	43
04	4358	55	43
04	435B	55	43
04	435C	55	43
04	435F	55	43
04	4360	55	43
04	4363	55	43
04	4364	55	43
04	4367	55	43
04	4368	55	43
04	436B	55	43
04	436C	55	43
04	436F	55	43
04	4370	55	43
04	4373	55	43
04	4374	55	43
04	4377	55	43
04	4378	55	43
04	4379	32	83
04	437C	32	83
04	437E	32	83
04	437F	32	83
04	4380	32	83
04	4382	32	83
04	4383	32	83
04	4384	32	83
04	4385	32	83
04	4386	55	44
04	4388	55	44
04	4389	55	44
04	438A	55	44
04	438B	55	44
04	438C	55	44
04	438D	55	44
04	438E	55	44
04	438F	55	44
04	4390	55	44
04	4393	55	44
04	4394	55	44
04	4397	55	44
04	4398	55	44
04	439B	55	44
04	439C	55	44
04	439D	55	44
04	439E	55	44
04	43A1	55	44
04	43A2	55	44
04	43A3	55	44
04	43A4	55	44
04	43A5	55	44
04	43A6	55	44
04	43A7	55	44
04	43A8	55	44
04	43A9	55	44
04	43AB	55	44
04	43AC	55	44
04	43AD	55	44
04	43AE	55	44
04	43AF	55	44
04	43B0	55	44
04	43B1	55	44
04	43B2	55	44
04	43B4	55	44
04	43B5	55	44
04	43B7	55	44
04	43B8	55	44
04	43B9	55	44
04	43BA	55	44
04	43BB	55	44
04	43BC	55	44
04	43BE	55	44
04	43BF	55	44
04	43C0	55	44
04	43C1	55	44
04	43C2	55	44
04	43C3	55	44
04	43C4	55	44
04	43C6	55	44
04	43C7	55	44
04	43C8	55	44
04	43C9	55	44
04	43CA	55	44
04	43CB	55	44
04	43CC	55	44
04	43CD	55	44
04	43CE	55	44
04	43CF	55	44
04	43D0	55	44
04	43D1	55	44
04	43D2	55	44
04	43D3	55	44
04	43D4	55	44
04	43D5	55	44
04	43D6	55	44
04	43D7	55	44
04	43D8	55	44
04	43DA	55	44
04	43DB	55	44
04	4429	1	323
04	442C	1	323
04	4433	1	323
04	4435	1	323
04	4438	1	323
04	443B	4	323
04	443E	4	323
04	443F	4	323
04	4442	4	323
04	4443	4	323
04	4445	4	323
04	4448	4	323
04	444A	1	323
04	453A	22217	17
04	453D	22217	17
04	453E	22217	17
04	453F	22178	17
04	4542	22178	17
04	4543	22178	17
04	455A	4104	503
04	455D	4104	503
04	455E	4104	503
04	4561	4104	503
04	4562	4104	503
04	4563	4104	503
04	4565	4104	503
04	4566	3816	503
04	4569	3816	503
04	456C	174148	17
04	456F	174148	17
04	4570	174148	17
04	4573	174148	17
04	4574	174148	17
04	4575	174148	17
04	4577	174148	17
04	4578	81389	44
04	457A	81389	44
04	457C	55	44
04	457D	55	44
04	4580	55	44
04	4581	55	44
04	4582	81389	44
04	4585	81389	44
04	4586	81389	44
04	4587	81389	44
04	4588	81389	44
04	458A	74875	85
04	458B	74875	85
04	458C	74875	85
04	458E	6514	44
04	458F	6514	44
04	4590	6514	44
04	4591	6514	44
04	4592	6514	44
04	4593	6514	44
04	4594	6514	44
04	4597	6514	44
04	4598	6514	44
04	459B	14583	44
04	459E	14583	44
04	459F	14583	44
04	45A2	14583	44
04	45A3	14583	44
04	45A6	14583	44
04	45A7	14583	44
04	45AA	14583	44
04	45AC	14583	44
04	45AE	1085	510
04	45AF	1085	510
04	45B2	1085	510
04	45B3	1085	510
04	45B4	1085	510
04	45B6	13498	44
04	45B7	13498	44
04	45BA	13498	44
04	45BB	13498	44
04	45BD	13498	44
04	45BF	6625	44
04	45C0	14583	44
04	45C2	14583	44
04	45C5	8744	44
04	45C7	8744	44
04	45CA	2261	44
04	45CD	2261	44
04	45CF	2261	44
04	45D0	2261	44
04	45D1	2261	44
04	45D3	2261	44
04	45D4	2261	44
04	45D5	2261	44
04	45D6	2261	44
04	45D7	2261	44
04	45D8	2261	44
04	45D9	2261	44
04	45DA	2261	44
04	45DB	31	44
04	45DE	31	44
04	45DF	31	44
04	45E2	31	44
04	45E3	31	44
04	45E4	31	44
04	45E5	31	44
04	45E6	81358	84
04	45E9	81358	84
04	45EA	81358	84
04	45EB	81358	84
04	45EC	81358	84
04	45EE	340	517
04	45EF	340	517
04	45F2	340	517
04	45F3	340	517
04	45F5	340	517
04	45F7	81018	84
04	45FA	81018	84
04	45FB	81018	84
04	45FC	81018	84
04	45FD	81358	84
04	45FE	81358	84
04	4600	81358	84
04	4602	40489	89
04	4603	81358	84
04	4606	81358	84
04	4609	81358	84
04	460A	81358	84
04	460B	81358	84
04	460C	81358	84
04	460E	570	502
04	460F	570	502
04	4612	570	502
04	4613	570	502
04	4614	570	502
04	4615	570	502
04	4618	570	502
04	4619	570	502
04	461A	570	502
04	461B	570	502
04	461C	570	502
04	461D	570	502
04	461F	570	502
04	4623	80788	84
04	4626	80788	84
04	4627	80788	84
04	4628	80788	84
04	462A	80788	84
04	462E	570	502
04	462F	570	502
04	4631	570	502
04	4632	570	502
04	4633	570	502
04	4635	570	502
04	4636	570	502
04	4638	570	502
04	4639	570	502
04	463B	570	502
04	463C	570	502
04	463E	570	502
04	463F	570	502
04	4640	81358	84
04	4641	81358	84
04	4642	81358	84
04	4644	232	502
04	4647	232	502
04	4649	232	502
04	464C	232	502
04	464D	81358	84
04	464E	81358	84
04	464F	81358	84
04	4650	81358	84
04	4652	51	502
04	4655	51	502
04	4657	51	502
04	465A	51	502
04	465B	81358	84
04	465D	81358	84
04	4660	81358	84
04	4661	81358	84
04	4664	81358	84
04	4665	81358	84
04	4668	85174	84
04	466A	85174	84
04	466C	1092	502
04	466F	1092	502
04	4670	1092	502
04	4671	1092	502
04	4673	1092	502
04	4675	1092	502
04	4676	1092	502
04	4677	1092	502
04	467A	1092	502
04	467B	1092	502
04	467C	1092	502
04	467D	1092	502
04	467E	1092	502
04	467F	1092	502
04	4680	1092	502
04	4681	1092	502
04	4684	1092	502
04	4685	1092	502
04	4686	1092	502
04	4687	1092	502
04	4688	1092	502
04	4689	1092	502
04	468A	1092	502
04	468B	1092	502
04	468E	1092	502
04	468F	1092	502
04	4690	1092	502
04	4692	1092	502
04	4694	1092	502
04	4695	1092	502
04	4696	1092	502
04	4697	1092	502
04	4698	1092	502
04	4699	1092	502
04	469A	1092	502
04	469D	1092	502
04	469E	1092	502
04	469F	1092	502
04	46A0	1092	502
04	46A1	1092	502
04	46A4	1092	502
04	46A5	1092	502
04	46A8	85174	84
04	46AA	85174	84
04	46BF	85174	84
04	46C1	85174	84
04	46C3	57	84
04	46C6	57	84
04	46C7	57	84
04	46C8	57	84
04	46C9	57	84
04	46CA	57	84
04	46CD	57	84
04	46CF	57	84
04	46D1	57	84
04	46D3	57	84
04	46D5	57	84
04	46D7	57	84
04	46D8	57	84
04	46D9	57	84
04	46DA	57	84
04	46DD	57	84
04	46DE	57	84
04	46DF	57	84
04	46E2	57	84
04	46E3	57	84
04	46E6	85174	84
04	46E7	85174	84
04	4756	6483	84
04	4758	6483	84
04	475B	6483	84
04	475D	6483	84
04	475E	6483	84
04	4760	6483	84
04	4762	6483	84
04	4763	6483	84
04	4764	6483	84
04	4765	6483	84
04	4768	6483	84
04	4769	6483	84
04	476C	6483	84
04	476D	6483	84
04	476E	6483	84
04	476F	6483	84
04	4770	6483	84
04	4771	6483	84
04	4772	6483	84
04	4773	6483	84
04	4774	6483	84
04	4777	21	1503
04	477A	21	1503
04	477B	21	1503
04	477E	21	1503
04	477F	21	1503
04	4782	21	1503
04	4783	21	1503
04	4784	21	1503
04	4786	21	1503
04	4789	21	1503
04	478A	21	1503
04	478B	21	1503
04	478C	21	1503
04	478D	21	1503
04	478F	21	1503
04	4790	21	1503
04	4793	21	1503
04	4794	21	1503
04	4795	21	1503
04	4796	21	1503
04	4797	21	1503
04	4798	21	1503
04	4799	21	1503
04	479A	21	1503
04	479B	205	1503
04	479E	205	1503
04	479F	205	1503
04	47A0	205	1503
04	47A3	30	1323
04	47A6	30	1323
04	47A7	30	1323
04	47AA	30	1323
04	47AB	30	1323
04	47AE	30	1323
04	47AF	30	1323
04	47B0	30	1323
04	47B1	30	1323
04	47B4	16	1593
04	47B5	16	1593
04	47B6	16	1593
04	47B7	16	1593
04	47B8	16	1593
04	47BA	16	1593
04	47BB	16	1593
04	47BE	16	1593
04	47BF	16	1593
04	47C0	16	1593
04	47C1	16	1593
04	47C2	16	1593
04	47E3	69	44
04	47E6	69	44
04	47E8	69	44
04	47EB	69	44
04	47ED	12	84
04	47F0	69	44
04	47F3	69	44
04	47F4	69	44
04	47F5	69	44
04	47F8	69	44
04	47FB	69	44
04	47FC	69	44
04	47FD	69	44
04	47FE	69	44
04	47FF	69	44
04	4800	69	44
04	4803	69	44
04	4804	69	44
04	4806	69	44
04	480C	69	44
04	480E	69	44
04	480F	69	44
04	4811	69	44
04	4812	69	44
04	4813	69	44
04	4816	69	44
04	4817	69	44
04	4818	69	44
04	483A	55	44
04	483D	55	44
04	484E	947	44
04	4851	947	44
04	4852	947	44
04	4854	947	44
04	4856	892	44
04	4859	892	44
04	485C	892	44
04	485E	892	44
04	485F	892	44
04	4862	892	44
04	4864	892	44
04	4865	892	44
04	4866	892	44
04	4867	892	44
04	4868	892	44
04	4869	892	44
04	486A	892	44
04	486B	892	44
04	486C	892	44
04	486D	892	44
04	486E	892	44
04	486F	892	44
04	4870	892	44
04	4871	892	44
04	4872	892	44
04	4873	892	44
04	4876	892	44
04	4878	892	44
04	487B	892	44
04	487E	55	502
04	4881	55	502
04	4883	55	502
04	4886	55	502
04	4889	2770	44
04	488A	2770	44
04	488C	2770	44
04	488D	2770	44
04	488E	2770	44
04	488F	2770	44
04	4890	2770	44
04	4891	2770	44
04	4894	2770	44
04	4895	2770	44
04	4896	856	532
04	4899	856	532
04	489A	856	532
04	489D	856	532
04	489E	856	532
04	48A1	856	532
04	48A2	856	532
04	48A5	856	532
04	48A6	856	532
04	48A7	856	532
04	48A9	856	532
04	48AA	856	532
04	48AB	856	532
04	48AC	856	532
04	48AD	863	532
04	48AE	863	532
04	48B0	863	532
04	48B2	438	533
04	48B5	438	533
04	48B6	438	533
04	48B7	438	533
04	48B9	425	532
04	48BA	425	532
04	48BB	425	532
04	48BC	425	532
04	48BF	425	532
04	48C0	425	532
04	48C1	425	532
04	48C2	425	532
04	48C3	425	532
04	48C4	425	532
04	48C5	425	532
04	48C6	863	532
04	48C7	863	532
04	48C8	863	532
04	48C9	863	532
04	48CA	863	532
04	48CD	863	532
04	48CF	863	532
04	48D2	863	532
04	48D5	7	1095
04	48D8	7	1095
04	48D9	7	1095
04	48DC	7	1095
04	48DD	7	1095
04	48E0	7	1095
04	48E1	7	1095
04	48E4	7	1095
04	48E5	7	1095
04	48E6	7	1095
04	48E7	7	1095
04	48E8	7	1095
04	48E9	7	1095
04	48EA	7	1095
04	48EC	2	502
04	48EF	2	502
04	48F0	2	502
04	48F3	2	502
04	48F4	2	502
04	48F7	2	502
04	48F8	2	502
04	48FB	2	502
04	48FC	2	502
04	48FD	2	502
04	48FF	2	502
04	4905	2	502
04	4925	2	502
04	4928	2	502
04	492A	55	44
04	492D	55	44
04	492F	55	44
04	4932	55	44
04	4935	55	44
04	4938	55	44
04	4939	55	44
04	493C	55	44
04	493D	55	44
04	493E	55	44
04	4941	55	44
04	4942	55	44
04	4943	55	44
04	4944	55	44
04	4970	2	502
04	4973	59	44
04	4976	59	44
04	4977	59	44
04	497A	59	44
04	497B	59	44
04	497C	59	44
04	497F	59	44
04	4980	59	44
04	4981	59	44
04	4A2B	5839	44
04	4A2D	5839	44
04	4A2F	5839	44
04	4A30	5839	44
04	4A32	5839	44
04	4A34	5839	44
04	4A35	5839	44
04	4A36	5839	44
04	4A39	5839	44
04	4A3A	5839	44
04	4A3D	5839	44
04	4A3E	5839	44
04	4A3F	5839	44
04	4A42	5839	44
04	4A43	5839	44
04	4A44	5839	44
04	4A46	5839	44
04	4A49	5839	44
04	4A4B	7992	44
04	4A4C	7992	44
04	4A4F	7992	44
04	4A50	13831	44
04	4A52	13831	44
04	4A54	7992	44
04	4A56	7992	44
04	4A58	3227	44
04	4A5A	3227	44
04	4A69	4765	44
04	4A6B	4765	44
04	4A6D	4765	44
04	4A6F	4765	44
04	4A70	4765	44
04	4A71	4765	44
04	4A73	3227	44
04	4A75	3227	44
04	4A77	3227	44
04	4A79	3227	44
04	4A7A	3227	44
04	4A7B	3227	44
04	4A7C	3227	44
04	4A7E	3227	44
04	4A7F	3227	44
04	4A81	5839	44
04	4A82	5839	44
04	4A83	5839	44
04	4A84	5839	44
04	4A87	5839	44
04	4A88	5839	44
04	4A89	5839	44
04	4A8C	5839	44
04	4A8F	5839	44
04	4A92	5839	44
04	4A93	5839	44
04	4A94	5839	44
04	4A95	5839	44
04	4A98	5839	44
04	4A99	5839	44
04	4A9C	5839	44
04	4A9E	5839	44
04	4AA0	1878	502
04	4AA1	1878	502
04	4AA2	1878	502
04	4AA3	1878	502
04	4AA6	1878	502
04	4AA8	1878	502
04	4AAB	1878	502
04	4AAC	1878	502
04	4AAD	1878	502
04	4AAE	1878	502
04	4AAF	1878	502
04	4AB0	1878	502
04	4AB1	1878	502
04	4AB2	1878	502
04	4AB3	1878	502
04	4AB4	1878	502
04	4AB5	1878	502
04	4AB6	1878	502
04	4AB7	1878	502
04	4AB8	1878	502
04	4AB9	1878	502
04	4ABA	1878	502
04	4ABD	1878	502
04	4ABE	5839	44
04	4ABF	5839	44
04	4AC1	5839	44
04	4AC3	2834	44
04	4AC5	2834	44
04	4AC7	1619	84
04	4ACA	1619	84
04	4ACC	1215	44
04	4ACF	1215	44
04	4AD1	3005	84
04	4AD3	3005	84
04	4AD5	1127	84
04	4AD8	1127	84
04	4ADA	1878	502
04	4ADD	5839	44
04	4AE0	5839	44
04	4AE3	5839	44
04	4AE5	5839	44
04	4AE7	96	84
04	4AE9	5839	44
04	4AEC	5839	44
04	4AED	5839	44
04	4AF0	5839	44
04	4AF1	5839	44
04	4AF4	5839	44
04	4AF5	5839	44
04	4AF8	5839	44
04	4AF9	5839	44
04	4AFA	5839	44
04	4AFD	5839	44
04	4AFE	5839	44
04	4B01	5839	44
04	4B02	5839	44
04	4B05	5839	44
04	4B06	5839	44
04	4B07	5839	44
04	4B08	5839	44
04	4B0A	1280	517
04	4B0C	1280	517
04	4B0E	1246	517
04	4B10	34	1729
04	4B11	34	1729
04	4B12	34	1729
04	4B14	34	1729
04	4B16	34	1729
04	4B17	34	1729
04	4B18	34	1729
04	4B1A	5811	44
04	4B1D	5811	44
04	4B20	5811	44
04	4B21	5811	44
04	4B24	5811	44
04	4B25	5811	44
04	4B28	5811	44
04	4B29	5811	44
04	4B2C	5811	44
04	4B2D	5811	44
04	4B2F	5811	44
04	4B30	5811	44
04	4B33	5811	44
04	4B34	5811	44
04	4B37	5811	44
04	4B38	5811	44
04	4B3B	5811	44
04	4B3C	5811	44
04	4B3D	5811	44
04	4B3E	5811	44
04	4B3F	5811	44
04	4B40	5811	44
04	4B42	5811	44
04	4B43	5811	44
04	4B44	5811	44
04	4B46	5811	44
04	4B47	5811	44
04	4B48	5811	44
04	4B49	5811	44
04	4B4A	5811	44
04	4B4B	5811	44
04	4B4C	5811	44
04	4B4D	5811	44
04	4B4E	5811	44
04	4B4F	5811	44
04	4B50	5811	44
04	4B51	5811	44
04	4B52	5811	44
04	4B53	5811	44
04	4B54	5811	44
04	4B55	5811	44
04	4B56	5811	44
04	4B57	5811	44
04	4B58	5811	44
04	4B59	5811	44
04	4B5A	5811	44
04	4B5B	5811	44
04	4B5C	5811	44
04	4B5D	5811	44
04	4B5E	5811	44
04	4B61	5811	44
04	4B62	5839	44
04	4B63	5839	44
04	4BC9	88868	17
04	4BCC	88868	17
04	4BCD	88868	17
04	4BD0	88868	17
04	4BD1	88868	17
04	4BD3	88868	17
04	4BD4	38072	85
04	4BD5	38072	85
04	4BD6	38072	85
04	4BD8	38072	85
04	4BD9	288	85
04	4BDB	85280	17
04	4BDE	85280	17
04	4BDF	85280	17
04	4BE2	85280	17
04	4BE3	85280	17
04	4BE5	85280	17
04	4BE6	36694	84
04	4BE7	36694	84
04	4BE8	36694	84
04	4BEA	36694	84
04	4BEB	36656	85
04	4BEC	36656	85
04	4BED	36656	85
04	4BEE	36656	85
04	4BEF	36656	85
04	4BF0	36656	85
04	4BF1	36656	85
04	4BF2	36656	85
04	4BF4	36656	85
04	4BF6	36641	85
04	4BF7	36641	85
04	4BF8	36641	85
04	4BF9	36641	85
04	4BFA	36608	85
04	4BFB	36608	85
04	4BFC	5785	87
04	4BFF	5785	87
04	4C00	5785	87
04	4C01	5785	87
04	4C03	5785	87
04	4C05	5785	87
04	4C07	5785	87
04	4C09	5785	87
04	4C0A	5785	87
04	4C0B	15	1795
04	4C0E	15	1795
04	4C0F	46	44
04	4C10	46	44
04	4C11	46	44
04	4C14	88868	17
04	4C17	88868	17
04	4C18	88868	17
04	4C1B	88868	17
04	4C1C	88868	17
04	4C1D	88868	17
04	4C1F	88868	17
04	4C20	42616	44
04	4C21	42616	44
04	4C22	42616	44
04	4C25	42616	44
04	4C26	42616	44
04	4C27	42616	44
04	4C2A	42616	44
04	4C2B	42616	44
04	4C2C	42616	44
04	4C2F	42616	44
04	4C30	42616	44
04	4C31	42616	44
04	4C33	42616	44
04	4C35	31	44
04	4C36	31	44
04	4C38	42585	84
04	4C3B	42585	84
04	4C3D	42585	84
04	4C3F	32266	85
04	4C42	32266	85
04	4C43	32266	85
04	4C46	32266	85
04	4C47	32266	85
04	4C49	2152	513
04	4C4A	32266	85
04	4C4B	32266	85
04	4C4C	32266	85
04	4C4E	32266	85
04	4C50	32266	85
04	4C52	32266	85
04	4C54	32266	85
04	4C5F	10319	84
04	4C60	10319	84
04	4C62	10319	84
04	4C64	10319	84
04	4C66	5809	84
04	4C67	5809	84
04	4C6A	5809	84
04	4C6B	5809	84
04	4C6E	5809	84
04	4C70	5809	84
04	4C73	5809	84
04	4C76	5809	84
04	4C79	5809	84
04	4C7A	5809	84
04	4C7B	5809	84
04	4C7E	5809	84
04	4C7F	5809	84
04	4C81	5809	84
04	4C82	5809	84
04	4C83	5809	84
04	4C85	5809	84
04	4C8F	4510	87
04	4C92	4510	87
04	4C93	4510	87
04	4C94	4510	87
04	4C97	4510	87
04	4C98	4510	87
04	4C99	4510	87
04	4C9B	4510	87
04	4C9E	4510	87
04	4C9F	4510	87
04	4CA0	4510	87
04	4CA1	4510	87
04	4CA2	4510	87
04	4CA4	4510	87
04	4CD3	5809	84
04	4CD6	5809	84
04	4CD7	5809	84
04	4CD8	5809	84
04	4CDB	5809	84
04	4CDC	5809	84
04	4CDD	5809	84
04	4CDE	5809	84
04	4CE1	5809	84
04	4CE2	5809	84
04	4CE4	5809	84
04	4CE7	5809	84
04	4CE8	5809	84
04	4CEB	5809	84
04	4CEC	5809	84
04	4CED	5809	84
04	4CEE	5809	84
04	4CEF	5809	84
04	4CF0	5809	84
04	4CF2	5809	84
04	4CF4	1069	84
04	4CF7	1069	84
04	4CF9	1069	84
04	4CFA	1069	84
04	4CFB	5809	84
04	4CFC	5809	84
04	4CFD	5809	84
04	4CFE	5809	84
04	4CFF	5809	84
04	4D02	32266	85
04	4D05	32266	85
04	4D07	32266	85
04	4D0A	32266	85
04	4D0D	32266	85
04	4D0E	32266	85
04	4D0F	32266	85
04	4D11	32266	85
04	4D13	18346	85
04	4D14	18346	85
04	4D15	18346	85
04	4D17	17869	85
04	4D18	17869	85
04	4D19	17869	85
04	4D1A	17869	85
04	4D1C	17869	85
04	4D1E	17869	85
04	4D21	17869	85
04	4D22	18346	85
04	4D23	18346	85
04	4D24	18346	85
04	4D25	18346	85
04	4D27	18346	85
04	4D28	18346	85
04	4D2A	2075	507
04	4D2D	2075	507
04	4D2F	2072	507
04	4D30	2072	507
04	4D31	2072	507
04	4D32	2072	507
04	4D34	13920	85
04	4D35	13920	85
04	4D36	13920	85
04	4D37	13920	85
04	4D39	13920	85
04	4D54	4513	87
04	4D55	4513	87
04	4D58	4513	87
04	4D59	4513	87
04	4D5C	4513	87
04	4D5D	4513	87
04	4D60	4513	87
04	4D61	4513	87
04	4D62	4513	87
04	4D65	4513	87
04	4D66	4513	87
04	4D67	4513	87
04	4D68	4513	87
04	4D69	4513	87
04	4D6A	4513	87
04	4D6B	4513	87
04	4D6C	4513	87
04	4D6E	4513	87
04	4D6F	4513	87
04	4D70	4513	87
04	4D90	4513	87
04	4D93	4513	87
04	4D94	4513	87
04	4D97	4513	87
04	4D98	4513	87
04	4D99	4513	87
04	4D9A	4513	87
04	4D9D	16271	85
04	4DA0	16271	85
04	4DA2	16271	85
04	4DA4	15835	85
04	4DA7	15835	85
04	4DA9	15835	85
04	4DAC	15835	85
04	4DAE	7881	84
04	4DB1	7881	84
04	4DB3	7881	84
04	4DB6	38072	84
04	4DB9	38072	84
04	4DBB	38072	84
04	4DBD	6328	84
04	4DC0	6328	84
04	4DC3	38072	84
04	4DC5	38072	84
04	4DC7	5809	84
04	4DCA	5809	84
04	4DCD	38072	84
04	4DCF	38072	84
04	4DD0	7974	84
04	4DD3	3144	84
04	4DD6	3144	84
04	4DD7	3144	84
04	4DD8	3144	84
04	4DDB	3144	84
04	4DDC	3144	84
04	4DDE	3144	84
04	4DDF	5809	84
04	4DE0	5809	84
04	4DE3	5809	84
04	4DE4	5809	84
04	4DE5	5809	84
04	4DE8	5809	84
04	4DE9	5809	84
04	4DEC	5809	84
04	4DED	5809	84
04	4DF0	5809	84
04	4DF1	5809	84
04	4DF2	5809	84
04	4DF5	5809	84
04	4DF7	5809	84
04	4DF9	5809	84
04	4DFA	5809	84
04	4DFD	5809	84
04	4DFE	5809	84
04	4DFF	5809	84
04	4E02	5809	84
04	4E03	5809	84
04	4E04	5809	84
04	4E05	5809	84
04	4E08	5809	84
04	4E09	5809	84
04	4E0A	5809	84
04	4E0D	5809	84
04	4E0E	5809	84
04	4E0F	5809	84
04	4E12	5809	84
04	4E14	5809	84
04	4E15	5809	84
04	4E18	5809	84
04	4E19	5809	84
04	4E1C	5809	84
04	4E1D	5809	84
04	4E20	5809	84
04	4E21	5809	84
04	4E22	5809	84
04	4E25	5809	84
04	4E27	5809	84
04	4E29	5809	84
04	4E2A	5809	84
04	4E2D	5809	84
04	4E2E	5809	84
04	4E2F	5809	84
04	4E32	5809	84
04	4E33	5809	84
04	4E34	17869	85
04	4E35	17869	85
04	4E38	17869	85
04	4E3A	17869	85
04	4E3B	17869	85
04	4E3C	426	520
04	4E3D	426	520
04	4E3F	426	520
04	4E41	110	523
04	4E44	110	523
04	4E46	110	523
04	4E49	426	520
04	4E4A	426	520
04	4E4B	5809	84
04	4E4E	5809	84
04	4E4F	5809	84
04	4E52	5809	84
04	4E53	5809	84
04	4E56	5809	84
04	4E57	5809	84
04	4E5A	5809	84
04	4E5B	5809	84
04	4E5D	5809	84
04	4E5F	3004	84
04	4E61	1878	502
04	4E62	1878	502
04	4E63	1878	502
04	4E64	1878	502
04	4E65	1878	502
04	4E67	1878	502
04	4E68	1878	502
04	4E69	1878	502
04	4E6A	1878	502
04	4E6C	1878	502
04	4E6D	1878	502
04	4E6E	1878	502
04	4E6F	1878	502
04	4E70	1878	502
04	4E78	1878	502
04	4E7A	1878	502
04	4E7C	1878	502
04	4E7D	2805	84
04	4E7E	2805	84
04	4E7F	2805	84
04	4E80	2805	84
04	4E82	2805	84
04	4E83	2805	84
04	4E84	2805	84
04	4E85	2805	84
04	4E8F	2805	84
04	4E90	2805	84
04	4E91	2805	84
04	4E92	2805	84
04	4E93	2805	84
04	4E94	2805	84
04	4E95	2805	84
04	4E96	2805	84
04	4E97	2805	84
04	4E98	2805	84
04	4E99	2805	84
04	4E9A	2805	84
04	4E9B	1126	84
04	4E9C	1126	84
04	4E9E	1126	84
04	4E9F	1126	84
04	4EA0	1126	84
04	4EA1	1126	84
04	4EA9	1126	84
04	4EAB	1126	84
04	4EAE	1126	84
04	4EAF	1126	84
04	4EB0	151	84
04	4EB1	151	84
04	4EB4	151	84
04	4EB5	151	84
04	4EB7	151	84
04	4EB8	151	84
04	4EB9	151	84
04	4EBA	151	84
04	4EBB	151	84
04	4EBE	151	84
04	4EBF	151	84
04	4EC1	151	84
04	4EC3	2416	84
04	4EC4	2416	84
04	4EC5	2416	84
04	4EC6	2416	84
04	4EC7	2416	84
04	4EC9	151	84
04	4ECA	6328	84
04	4ECD	6328	84
04	4ECE	6328	84
04	4ED1	6328	84
04	4ED2	6328	84
04	4ED5	6328	84
04	4ED6	6328	84
04	4ED7	6328	84
04	4ED8	6328	84
04	4ED9	6328	84
04	4EDC	6328	84
04	4EDD	6328	84
04	4EE0	6328	84
04	4EE1	6328	84
04	4EE4	6328	84
04	4EE5	6328	84
04	4EE6	6328	84
04	4EE7	6328	84
04	4EE8	6328	84
04	4EEB	6328	84
04	4EED	6328	84
04	4EEF	3434	84
04	4EF1	1155	84
04	4EF2	1155	84
04	4EF4	1155	84
04	4EF5	4049	84
04	4EF6	4049	84
04	4EF7	4049	84
04	4EFA	4049	84
04	4EFB	4049	84
04	4EFE	4049	84
04	4F01	4049	84
04	4F02	4049	84
04	4F03	4049	84
04	4F05	4049	84
04	4F06	4049	84
04	4F09	4049	84
04	4F0A	4049	84
04	4F0B	4049	84
04	4F0C	4049	84
04	4F0D	4049	84
04	4F0E	4049	84
04	4F0F	4049	84
04	4F11	4049	84
04	4F17	4049	84
04	4F18	4049	84
04	4F19	4049	84
04	4F1A	4049	84
04	4F1D	4049	84
04	4F1E	4049	84
04	4F1F	4049	84
04	4F20	4049	84
04	4F22	4049	84
04	4F23	4049	84
04	4F24	4049	84
04	4F25	4049	84
04	4F28	4049	84
04	4F29	4049	84
04	4F2B	4049	84
04	4F2C	4049	84
04	4F2D	2279	502
04	4F2E	2279	502
04	4F2F	2279	502
04	4F30	2279	502
04	4F32	2279	502
04	4F33	2279	502
04	4F34	2279	502
04	4F36	2279	502
04	4F37	2279	502
04	4F38	2279	502
04	4F3A	2279	502
04	4F3C	1322	502
04	4F3E	1322	502
04	4F3F	1322	502
04	4F40	1322	502
04	4F41	1322	502
04	4F43	1322	502
04	4F44	2279	502
04	4F45	2279	502
04	4F47	2279	502
04	4F48	2279	502
04	4F49	2279	502
04	4F4A	2279	502
04	4F4B	2279	502
04	4F4D	2279	502
04	4F4E	2279	502
04	4F4F	5809	84
04	4F52	5809	84
04	4F53	5809	84
04	4F56	5809	84
04	4F57	5809	84
04	4F5A	5809	84
04	4F5B	5809	84
04	4F5E	5809	84
04	4F60	5809	84
04	4F62	4210	84
04	4F64	3004	84
04	4F66	3004	84
04	4F68	1878	502
04	4F6B	1878	502
04	4F6D	1599	84
04	4F70	1599	84
04	4F72	1206	502
04	4F75	1206	502
04	4F77	1126	84
04	4F7A	5809	84
04	4F7C	5809	84
04	4F7E	5809	84
04	4F80	5809	84
04	4F90	5809	84
04	4F92	5809	84
04	4F93	5809	84
04	4F94	5809	84
04	4F95	5809	84
04	4F96	5809	84
04	4F97	7974	84
04	4F9A	7974	84
04	4F9B	7974	84
04	4F9E	7974	84
04	4F9F	7974	84
04	4FA2	7974	84
04	4FA3	7974	84
04	4FA4	7974	84
04	4FA5	7974	84
04	4FA8	7974	84
04	4FA9	7974	84
04	4FAB	7974	84
04	4FAD	3662	84
04	4FAF	2392	502
04	4FB0	2392	502
04	4FB1	2392	502
04	4FB3	2392	502
04	4FB5	2392	502
04	4FB7	2392	502
04	4FB8	4312	84
04	4FB9	4312	84
04	4FBA	4312	84
04	4FBB	4312	84
04	4FBC	4312	84
04	4FBD	4312	84
04	4FBE	4312	84
04	4FBF	4312	84
04	4FC0	1270	84
04	4FC1	1270	84
04	4FC3	1270	84
04	4FC5	1270	84
04	4FC6	1270	84
04	4FC7	1270	84
04	4FC9	1270	84
04	4FCA	1270	84
04	4FCB	1126	84
04	4FCD	1126	84
04	4FCF	1126	84
04	4FD0	1126	84
04	4FD1	1126	84
04	4FD3	1126	84
04	4FD4	10370	44
04	4FD7	10370	44
04	4FD8	10370	44
04	4FDA	10370	44
04	4FDC	8408	44
04	4FDE	8408	44
04	4FDF	8408	44
04	4FE0	8408	44
04	4FE1	8408	44
04	4FE3	8408	44
04	4FE4	8408	44
04	4FE5	1962	84
04	4FE7	1962	84
04	4FE9	1962	84
04	4FEA	4049	84
04	4FEC	4049	84
04	4FEF	4049	84
04	4FF1	4049	84
04	4FF5	4049	84
04	4FF7	4049	84
04	4FF8	4049	84
04	4FF9	4049	84
04	4FFA	4049	84
04	4FFC	4049	84
04	4FFD	4049	84
04	5000	4049	84
04	5001	4049	84
04	5002	4049	84
04	5003	4049	84
04	5004	4049	84
04	5005	4049	84
04	5006	4049	84
04	5007	5551	44
04	5008	5551	44
04	500A	5551	44
04	500B	5551	44
04	500C	5551	44
04	500E	466	504
04	500F	5551	44
04	5010	5551	44
04	5012	627	44
04	5013	5551	44
04	5014	5551	44
04	5016	869	502
04	5017	5551	44
04	5018	5551	44
04	501A	2621	502
04	501B	5551	44
04	501C	5551	44
04	501E	2018	44
04	501F	5551	44
04	5020	5551	44
04	5022	3029	84
04	5023	5551	44
04	5024	5551	44
04	5026	2260	44
04	5027	5551	44
04	5028	5551	44
04	5029	1855	84
04	502A	1855	84
04	502B	17484	84
04	502C	17484	84
04	502E	17484	84
04	5030	17484	84
04	5031	17484	84
04	5032	17484	84
04	5034	17484	84
04	5035	17484	84
04	5037	12774	84
04	5038	17484	84
04	5039	17484	84
04	503B	16017	84
04	503C	17484	84
04	503D	17484	84
04	503F	14614	84
04	5040	17484	84
04	5041	17484	84
04	5042	13806	84
04	5043	13806	84
0E	4000	1	327
0E	4003	1	327
0E	4005	1	327
0E	4007	1	327
0E	400D	1	327
0E	4010	1	327
0E	4011	1	327
0E	4013	1	327
0E	4014	1	327
0E	4017	1	327
0E	401E	1	327
0E	4021	1	1112
0E	4024	1	1112
0E	4027	1	1112
0E	4028	1	1112
0E	402A	1	1112
0E	402C	1	1112
0E	402D	1	1112
0E	402F	1	1112
0E	4031	1	1112
0E	4033	1	1112
0E	4034	1	1112
0E	4036	1	1112
0E	4038	1	1112
0E	403A	1	1112
0E	403D	1	1112
0E	403F	1	1112
0E	4041	1	1112
0E	4044	1	1112
0E	4045	1	1112
0E	4046	1	1112
0E	4048	1	1112
0E	4049	1	1112
0E	404B	1	1112
0E	404E	1	1112
0E	4050	1	1112
0E	4052	1	1112
0E	4053	1	1112
0E	4055	1	1112
0E	4058	1	1112
0E	405A	1	1112
0E	405D	1	1112
0E	405E	1	1112
0E	405F	693	327
0E	4065	693	327
0E	4068	693	363
0E	406E	693	363
0E	4071	693	364
0E	4074	693	364
0E	4076	693	364
0E	4078	1	1111
0E	407B	1	1112
0E	407E	1	1112
0E	407F	1	1112
0E	4081	1	1112
0E	4082	1	1112
0E	4083	693	327
0E	4086	693	327
0E	4089	693	327
0E	408A	693	327
0E	408B	693	327
0E	408C	693	327
0E	408E	693	327
0E	408F	693	327
0E	4090	693	327
0E	4091	693	327
0E	4092	693	327
0E	4093	693	327
0E	40A2	1	327
0E	40A5	1	331
0E	40AB	1	363
0E	40AD	1	363
0E	40AE	1	363
0E	40B0	1	363
0E	40B2	1	363
0E	40B5	1	363
0E	40B8	1	363
0E	40B9	1	363
0E	40BB	1	363
0E	40BC	1	363
0E	40BF	1	363
0E	40C2	1	363
0E	40C5	1	363
0E	40C6	1	363
0E	40C9	1	363
0E	40CA	97	364
0E	40CD	97	364
0E	40CE	97	364
0E	40D1	97	364
0E	40D2	97	364
0E	40D3	97	364
0E	40D4	97	364
0E	40D7	97	364
0E	40D8	97	364
0E	40D9	97	364
0E	40DB	97	364
0E	40DC	97	364
0E	40DD	97	364
0E	40DF	97	364
0E	40E0	97	364
0E	40E1	97	364
0E	40E4	97	364
0E	40E5	97	364
0E	40E8	97	364
0E	40EA	97	364
0E	40EC	97	364
0E	40EE	96	364
0E	40F0	96	364
0E	40F2	96	364
0E	40F4	1	460
0E	40FA	1	475
0E	40FD	1	475
0E	40FF	1	475
0E	4102	1	475
0E	410B	97	364
0E	411A	1	476
0E	411D	1	476
0E	411F	1	476
0E	4121	1	476
0E	4122	1	476
0E	4124	1	476
0E	4126	1	476
0E	4128	1	476
0E	4129	1	476
0E	412B	1	476
0E	412D	1	476
0E	412F	1	476
0E	4132	1	476
0E	4134	1	476
0E	4136	1	476
0E	4139	1	476
0E	413A	1	476
0E	413B	1	476
0E	413D	1	476
0E	413E	1	476
0E	4140	1	476
0E	4143	1	476
0E	4145	1	476
0E	4147	1	476
0E	4148	1	476
0E	414A	1	476
0E	414D	1	476
0E	414F	1	476
0E	4150	1	476
0E	4153	1	476
0E	4156	1	485
0E	415C	1	501
0E	415E	1	501
0E	415F	1	501
0E	4161	1	501
0E	4163	1	501
0E	4166	1	501
0E	4169	1	501
0E	416A	1	501
0E	416C	1	501
0E	416D	1	501
0E	4170	1	501
0E	4173	1	501
0E	4176	1	501
0E	4177	1	501
0E	417A	1	501
0E	417B	593	502
0E	417E	593	502
0E	417F	593	502
0E	4181	593	502
0E	4184	593	502
0E	4185	593	502
0E	4188	593	502
0E	4189	593	502
0E	418A	593	502
0E	418B	593	502
0E	418E	593	502
0E	418F	593	502
0E	4190	593	502
0E	4194	593	502
0E	4196	593	502
0E	4197	593	502
0E	4198	593	502
0E	419B	593	502
0E	419C	593	502
0E	419F	593	502
0E	41A1	593	502
0E	41A3	593	502
0E	41A5	592	502
0E	41A7	592	502
0E	41A9	592	502
0E	41AB	592	502
0E	41AD	592	502
0E	41AF	592	502
0E	41B1	592	502
0E	41E6	1	1094
0E	41E8	1	1094
0E	41E9	1	1094
0E	41EB	1	1094
0E	41ED	1	1094
0E	41F0	1	1094
0E	41F3	1	1094
0E	41F4	1	1094
0E	41F6	1	1094
0E	41F9	1	1094
0E	41FA	1	1094
0E	41FD	593	502
0E	41FE	1	1095
0E	4204	1	1110
0E	4206	1	1110
0E	4209	1	1110
0E	4215	1	476
0E	4218	1	477
0E	421B	1	477
0E	421C	1	477
0E	421E	1	477
0E	421F	1	477
0E	4225	1	477
0E	4228	1	477
0E	422B	1	477
0E	422D	1	477
0E	422F	1	477
0E	4231	1	477
0E	4237	1	478
0E	423A	1	478
0E	423D	1	478
0E	423F	1	478
0E	4241	1	478
0E	4243	1	478
0E	4249	1	479
0E	424C	1	479
0E	424F	1	479
0E	4251	1	479
0E	4253	1	479
0E	4255	1	479
0E	425B	1	480
0E	425E	1	480
0E	4261	1	480
0E	4263	1	480
0E	4265	1	480
0E	4267	1	480
0E	426D	1	481
0E	4270	1	481
0E	4273	1	481
0E	4275	1	481
0E	4277	1	481
0E	4279	1	481
0E	427F	1	482
0E	4282	1	482
0E	4285	1	482
0E	4287	1	482
0E	4289	1	482
0E	428B	1	482
0E	4291	1	483
0E	4294	1	483
0E	4297	1	483
0E	4299	1	483
0E	429B	1	483
0E	429D	1	483
0E	42A3	1	484
0E	42A6	1	484
0E	42A9	1	484
0E	42AC	1	484
0E	42AE	1	484
0E	42B4	1	484
0E	42B7	1	484
0E	42BA	1	484
0E	42BD	1	484
0E	42BF	1	484
0E	42C5	1	484
0E	42C8	1	484
0E	42CB	1	484
0E	42CE	1	484
0E	42D0	1	484
0E	42D6	1	484
0E	42D9	1	484
0E	42DB	1	484
0E	42DE	1	485
0E	42E1	1	485
0E	42E4	1	485
0E	42E6	1	485
0E	42E8	1	485
0E	42EE	1	485
0E	42F1	1	485
0E	42F4	1	485
0E	42F7	1	485
0E	42F9	1	485
0E	42FB	1	485
0E	4301	1	485
0E	4304	1	485
0E	4307	1	485
0E	430A	1	485
0E	4310	1	485
0E	4311	1	484
0E	4314	1	484
0E	4317	1	484
0E	431A	1	484
0E	431D	1	484
0E	431E	1	484
0E	431F	1	484
0E	4320	1	484
0E	4322	1	484
0E	4323	1	484
0E	4324	1	484
0E	4325	1	484
0E	4326	1	484
0E	4327	1	484
0E	4329	1	484
0E	432F	1	484
0E	4334	1	485
0E	4337	1	485
0E	433A	1	485
0E	433B	1	485
0E	433C	1	485
0E	433D	1	485
0E	433F	1	485
0E	4340	1	485
0E	4341	1	485
0E	4342	1	485
0E	4343	1	485
0E	4344	1	485
0E	4347	1	485
0E	434A	1	485
0E	434F	1	327
0E	4352	1	328
0E	4355	1	328
0E	4356	1	328
0E	4358	1	328
0E	4359	1	328
0E	435F	1	328
0E	4362	1	328
0E	4365	1	328
0E	4367	1	328
0E	4369	1	328
0E	436B	1	328
0E	4371	1	329
0E	4374	1	329
0E	4377	1	329
0E	4379	1	329
0E	437B	1	329
0E	437D	1	329
0E	4383	1	330
0E	4386	1	330
0E	4389	1	330
0E	438C	1	330
0E	438E	1	330
0E	4394	1	330
0E	4397	1	330
0E	439A	1	330
0E	439D	1	330
0E	439F	1	330
0E	43A5	1	330
0E	43A7	1	330
0E	43AA	1	331
0E	43B0	1	331
1C	4000	1	17
1C	4006	1	327
1C	4007	1	327
1C	400D	1	1112
1C	401D	1	1112
1D	4000	1	1762
1D	4003	1	1763
1D	4004	1	1763
1D	4007	1	1763
1D	400A	1	1763
1D	400D	1	1763
1D	4013	1	1763
1D	4016	1	1764
1D	4018	1	1764
1D	401B	1	1764
1D	401E	1	1764
1D	401F	1	1764
1D	4021	1	1764
1D	4023	1	1764
1D	4026	1	1764
1D	4028	1	1764
1D	402B	1	1764
1D	402D	1	1764
1D	402F	1	1764
1D	4031	1	1764
1D	4032	1	1764
1D	4034	1	1764
1D	4036	1	1764
1D	4038	1	1764
1D	403A	1	1764
1D	403C	1	1764
1D	403E	1	1764
1D	4044	1	1764
1D	4047	1	1764
1D	404A	1	1764
1D	404C	1	1764
1D	404E	1	1764
1D	4050	1	1764
1D	4056	1	1765
1D	4059	1	1765
1D	405C	1	1765
1D	405E	1	1765
1D	4060	1	1765
1D	4062	1	1765
1D	4068	1	1766
1D	406B	1	1766
1D	406E	1	1766
1D	4070	1	1766
1D	4072	1	1766
1D	4074	1	1766
1D	407A	1	1767
1D	407D	1	1767
1D	4080	1	1767
1D	4082	1	1767
1D	4084	1	1767
1D	4086	1	1767
1D	408C	1	1768
1D	408F	1	1768
1D	4092	1	1768
1D	4094	1	1768
1D	4096	1	1768
1D	4098	1	1768
1D	409E	1	1769
1D	40A1	1	1769
1D	40A4	1	1769
1D	40A6	1	1769
1D	40A8	1	1769
1D	40AA	1	1769
1D	40B0	1	1770
1D	40B3	1	1770
1D	40B6	1	1770
1D	40B9	1	1770
1D	40BB	1	1770
1D	40C1	1	1770
1D	40C4	1	1770
1D	40C7	1	1770
1D	40CA	1	1770
1D	40CC	1	1770
1D	40D2	1	1770
1D	40D5	1	1770
1D	40D8	1	1770
1D	40DA	1	1770
1D	40DC	1	1770
1D	40E2	1	1770
1D	40E5	1	1770
1D	40E8	1	1770
1D	40EB	1	1770
1D	40EE	1	1770
1D	40F1	1	1770
1D	40F4	1	1770
1D	40F6	1	1770
1D	40FC	1	1770
1D	40FE	1	1770
1D	4101	1	1770
1D	4104	1	1770
1D	4107	1	1770
1D	410D	1	1770
1D	4110	1	1771
1D	4112	1	1771
1D	4114	1	1771
1D	4115	1	1771
1D	4117	1	1771
1D	4119	1	1771
1D	411B	1	1771
1D	411D	1	1771
1D	411E	1	1771
1D	4121	1	1771
1D	4124	1	1771
1D	4127	1	1771
1D	412A	1	1771
1D	412D	1	1771
1D	412F	1	1771
1D	4131	1	1771
1D	4133	1	1771
1D	4139	1	1772
1D	413B	1	1772
1D	413C	1	1772
1D	413E	1	1772
1D	4140	1	1772
1D	4142	1	1772
1D	4144	1	1772
1D	4147	1	1772
1D	414A	1	1772
1D	414C	1	1772
1D	414F	1	1772
1D	4152	1	1772
1D	4154	1	1772
1D	4157	1	1773
1D	415D	1	1773
1D	4163	1	1789
1D	4166	1	1789
1D	4167	1	1789
1D	4169	1	1789
1D	416C	1	1789
1D	416D	1	1789
1D	4170	1	1789
1D	4172	1	1789
1D	4178	1	1794
1D	417A	1	1794
1D	417B	1	1794
1D	417D	1	1794
1D	417F	1	1794
1D	4182	1	1794
1D	4185	1	1794
1D	4186	1	1794
1D	4188	263	1794
1D	418E	263	1794
1D	4191	263	1794
1D	4197	263	1794
1D	419D	263	1794
1D	41AA	262	1794
1D	41B0	262	1794
1D	41B2	262	1794
1D	41B4	262	1794
1D	41B7	262	1794
1D	41BA	262	1795
1D	41BD	1	2062
1D	41BF	1	2062
1D	41C0	1	2062
1D	41C2	1	2062
1D	41C4	1	2062
1D	41C7	1	2062
1D	41CA	1	2062
1D	41CB	1	2062
1D	41CD	1	2062
1D	41D3	1	2094
1D	41D9	1	2096
1D	41DC	1	2096
1D	41DD	1	2096
1D	41DF	1	2096
1D	41E2	1	2096
1D	41E8	1	2096
1D	41EB	1	2096
1D	42AF	1	1772
1D	42B2	1	1772
1D	42B3	1	1772
1D	42B5	1	1772
1D	42B8	1	1772
1D	42BA	1	1772
1D	42BB	1	1772
1D	42BD	1	1772
1D	42BF	1	1772
1D	42C0	1	1772
1D	42C1	1	1772
1D	42C4	1	1772
1D	42C5	1	1772
1D	42C7	1	1772
1D	42C8	1	1772
1D	42C9	1	1772
1D	42CA	1	1772
1D	42CC	1	1772
1D	42CD	1	1772
1D	42D0	1	1772
1D	42D1	1	1772
1D	42D2	1	1772
1D	42D3	1	1772
1D	42D4	1	1772
1D	42D5	1	1772
1D	42D6	1	1772
1D	42D9	1	1772
1D	42DA	1	1772
1D	42DB	1	1772
1D	42DC	1	1772
1D	42DD	1	1772
1D	42DF	1	1772
1D	42E0	1	1772
1D	42E1	1	1772
1D	42E4	1	1772
1D	42E5	1	1772
1D	42E6	1	1772
1D	42E7	1	1772
1D	42E9	1	1772
1D	42EA	1	1772
1D	42EC	1	1772
1D	42ED	1	1772
1D	42F0	1	1772
1D	42F1	1	1772
1D	42F3	1	1772
1D	42F6	1	1772
1D	42F8	1	1772
1D	42FA	1	1772
1D	42FD	1	1772
1D	42FE	1	1772
1D	4300	1	1772
1D	4303	1	1772
1D	4306	1	1772
1D	4307	1	1772
1D	4309	1	1772
1D	4325	1	1772
1D	4328	1	1772
1D	4329	1	1772
1D	432B	1	1772
1D	432E	1	1772
1D	4330	1	1772
1D	4331	1	1772
1D	4333	1	1772
1D	4335	1	1772
1D	4336	1	1772
1D	4337	1	1772
1D	433A	1	1772
1D	433B	1	1772
1D	433D	1	1772
1D	433E	1	1772
1D	433F	1	1772
1D	4340	1	1772
1D	4342	1	1772
1D	4343	1	1772
1D	4346	1	1772
1D	4347	1	1772
1D	4348	1	1772
1D	4349	1	1772
1D	434A	1	1772
1D	434B	1	1772
1D	434C	1	1772
1D	434F	1	1772
1D	4350	1	1772
1D	4351	1	1772
1D	4352	1	1772
1D	4353	1	1772
1D	4355	1	1772
1D	4356	1	1772
1D	4357	1	1772
1D	435A	1	1772
1D	435B	1	1772
1D	435C	1	1772
1D	435D	1	1772
1D	435F	1	1772
1D	4360	1	1772
1D	4362	1	1772
1D	4363	1	1772
1D	4366	1	1772
1D	4367	1	1772
1D	4369	1	1772
1D	436C	1	1772
1D	436E	1	1772
1D	4370	1	1772
1D	4373	1	1772
1D	439B	262	1794
1D	439E	262	1794
1D	439F	262	1794
1D	43A0	9	1794
1D	43A2	9	1794
1D	43A5	9	1794
1D	43A7	9	1794
1D	43AA	9	1794
1D	43AC	4	1824
1D	43AE	4	1824
1D	43B1	4	1824
1D	43B3	4	1824
1D	43B6	4	1824
1D	43B9	4	1824
1D	43BC	4	1824
1D	43BF	4	1824
1D	43C1	4	1824
1D	43C7	4	1824
1D	43CD	4	1824
1D	43CF	4	1824
1D	43D2	4	1825
1D	43D3	5	1794
1D	43D5	5	1794
1D	43D8	5	1794
1D	43DA	5	1794
1D	43DD	5	1794
1D	43E0	5	1794
1D	43E3	5	1794
1D	43E6	5	1794
1D	43E8	5	1794
1D	43EE	5	1794
1D	43F4	5	1794
1D	43F6	5	1794
1D	43F9	5	1795
1F	4000	1	1112
1F	4003	1	1112
1F	4004	1	1112
1F	4007	1	1112
1F	400A	1	1112
1F	400D	1	1112
1F	4013	1	1112
1F	4015	1	1112
1F	4018	1	1112
1F	401B	1	1112
1F	401C	1	1112
1F	401E	1	1112
1F	4020	1	1112
1F	4023	1	1112
1F	4025	1	1112
1F	4028	1	1112
1F	402B	1	1112
1F	402D	1	1112
1F	4030	1	1112
1F	4032	1	1112
1F	4035	1	1112
1F	4037	1	1112
1F	4039	1	1112
1F	403B	1	1112
1F	403C	1	1112
1F	403E	1	1112
1F	4040	1	1112
1F	4042	1	1112
1F	4044	1	1112
1F	4046	1	1112
1F	4048	1	1112
1F	404E	1	1112
1F	4051	1	1112
1F	4054	1	1112
1F	4056	1	1112
1F	4058	1	1112
1F	405A	1	1112
1F	4060	1	1113
1F	4063	1	1113
1F	4066	1	1113
1F	4068	1	1113
1F	406A	1	1113
1F	406C	1	1113
1F	4072	1	1114
1F	4075	1	1114
1F	4078	1	1114
1F	407A	1	1114
1F	407C	1	1114
1F	407E	1	1114
1F	4084	1	1115
1F	4087	1	1115
1F	408A	1	1115
1F	408C	1	1115
1F	408E	1	1115
1F	4090	1	1115
1F	4096	1	1116
1F	4099	1	1116
1F	409C	1	1116
1F	409E	1	1116
1F	40A0	1	1116
1F	40A2	1	1116
1F	40A8	1	1117
1F	40AB	1	1117
1F	40AE	1	1117
1F	40B0	1	1117
1F	40B2	1	1117
1F	40B4	1	1117
1F	40BA	1	1118
1F	40BD	1	1118
1F	40C0	1	1118
1F	40C2	1	1118
1F	40C4	1	1118
1F	40C6	1	1118
1F	40CC	1	1119
1F	40CF	1	1119
1F	40D2	1	1119
1F	40D5	1	1119
1F	40D7	1	1119
1F	40DD	1	1119
1F	40E0	1	1119
1F	40E3	1	1119
1F	40E6	1	1119
1F	40E8	1	1119
1F	40EE	1	1119
1F	40F1	1	1119
1F	40F4	1	1119
1F	40F6	1	1119
1F	40F8	1	1119
1F	40FE	1	1119
1F	4101	1	1119
1F	4104	1	1119
1F	4107	1	1119
1F	4109	1	1119
1F	410F	1	1119
1F	4112	1	1119
1F	4115	1	1119
1F	4117	1	1119
1F	4119	1	1119
1F	411F	1	1119
1F	4122	1	1119
1F	4125	1	1119
1F	4128	1	1119
1F	412B	1	1119
1F	412E	1	1119
1F	4130	1	1119
1F	4132	1	1119
1F	4138	1	1119
1F	413B	1	1119
1F	413E	1	1119
1F	4141	1	1119
1F	4142	1	1119
1F	4145	1	1119
1F	4148	1	1119
1F	414B	1	1119
1F	414E	1	1119
1F	4151	1	1119
1F	4154	1	1119
1F	4157	1	1120
1F	4159	1	1120
1F	415C	1	1120
1F	415F	1	1120
1F	4162	1	1120
1F	4168	1	1120
1F	416A	1	1120
1F	416C	1	1120
1F	416D	1	1120
1F	416F	1	1120
1F	4171	1	1120
1F	4173	1	1120
1F	4175	1	1120
1F	4176	1	1120
1F	4179	1	1120
1F	417C	1	1120
1F	417F	1	1120
1F	4182	1	1120
1F	4185	1	1120
1F	4187	1	1120
1F	4189	1	1120
1F	418B	1	1120
1F	4191	1	1121
1F	4193	1	1121
1F	4194	1	1121
1F	4196	1	1121
1F	4198	1	1121
1F	419A	1	1121
1F	419C	1	1121
1F	419F	1	1122
1F	41A5	1	1122
1F	41A7	1	1122
1F	41A9	1	1122
1F	41AB	1	1122
1F	41B1	1	1138
1F	41B4	1	1138
1F	41B5	1	1138
1F	41B6	1	1138
1F	41B9	1	1138
1F	41BB	1	1138
1F	41C1	1	1142
1F	41C3	1	1142
1F	41C4	1	1142
1F	41C6	1	1142
1F	41C8	1	1142
1F	41CB	1	1142
1F	41CE	1	1142
1F	41CF	1	1142
1F	41D1	561	1142
1F	41D7	561	1142
1F	41DA	561	1142
1F	41E0	561	1142
1F	41E6	561	1142
1F	41F3	560	1142
1F	41F9	560	1142
1F	41FC	560	1142
1F	41FE	560	1142
1F	4200	560	1142
1F	4203	560	1142
1F	4206	560	1142
1F	4209	560	1142
1F	420A	560	1142
1F	420D	560	1142
1F	4210	560	1142
1F	4211	560	1142
1F	4214	560	1142
1F	4217	1	1728
1F	421A	1	1728
1F	421B	1	1728
1F	421D	1	1728
1F	421F	1	1728
1F	4220	1	1728
1F	4222	1	1728
1F	4224	1	1728
1F	4227	1	1728
1F	422A	1	1728
1F	422B	1	1728
1F	422D	1	1728
1F	4233	1	1760
1F	4239	1	1762
1F	423B	1	1762
1F	423D	1	1762
1F	423F	1	1762
1F	4242	1	1762
1F	4243	1	1762
1F	4245	1	1762
1F	4248	1	1762
1F	424E	1	1762
1F	4251	1	1762
1F	43F7	1	1119
1F	43FA	1	1119
1F	43FC	1	1119
1F	43FE	1	1119
1F	4401	1	1119
1F	4404	1	1119
1F	4406	1	1119
1F	4408	1	1119
1F	440E	1	1119
1F	4411	1	1119
1F	4414	1	1119
1F	4417	1	1119
1F	441A	1	1119
1F	441B	1	1119
1F	441D	1	1119
1F	444F	1	1119
1F	4452	1	1119
1F	4455	1	1119
1F	4457	1	1119
1F	4459	1	1119
1F	445F	1	1119
1F	4462	1	1119
1F	4465	1	1119
1F	4468	1	1119
1F	446A	1	1119
1F	446B	1	1119
1F	446E	1	1119
1F	4470	1	1119
1F	4471	1	1119
1F	4474	1	1119
1F	4477	1	1119
1F	447A	1	1119
1F	44C0	1	1119
1F	44C1	1	1119
1F	44C4	1	1119
1F	44C7	1	1119
1F	44C8	1	1119
1F	44CB	1	1119
1F	44D1	1	1119
1F	44D4	1	1120
1F	44D5	561	1119
1F	44D8	561	1119
1F	44D9	561	1119
1F	44DA	561	1119
1F	44DD	561	1119
1F	44DE	561	1119
1F	44DF	19	1119
1F	44E1	19	1119
1F	44E4	19	1119
1F	44E5	19	1119
1F	44E7	19	1119
1F	4503	19	1119
1F	4506	19	1119
1F	4509	19	1119
1F	450C	19	1119
1F	450F	19	1119
1F	4510	19	1119
1F	4513	19	1119
1F	4515	19	1119
1F	4518	19	1119
1F	451E	19	1119
1F	4520	19	1119
1F	4523	19	1120
1F	4526	19	1120
1F	4527	19	1120
1F	452A	19	1120
1F	452C	19	1120
1F	452D	9	1172
1F	452E	9	1172
1F	4531	9	1172
1F	4561	560	1142
1F	4564	560	1142
1F	4565	560	1142
22	4EF0	1	324
22	4EF2	1	324
22	4EF4	1	324
22	4EF6	1	324
22	4EF7	1	324
22	4EF9	1	324
22	4EFB	1	324
22	4EFD	1	324
22	4F00	1	324
22	4F02	1	324
22	4F04	1	324
22	4F07	1	324
22	4F0A	1	324
22	4F0D	4094	324
22	4F0E	4094	324
22	4F0F	4094	324
22	4F10	4094	324
22	4F12	9	325
22	4F13	4094	324
22	4F14	4094	324
22	4F15	4094	324
22	4F16	4094	324
22	4F18	1	326
22	4F19	1	326
22	4F1A	1	326
22	4F1B	1	326
22	4F1C	1	326
22	4F1D	1	326
22	4F1E	1	326
22	4F20	1	326
22	4F23	1	326
22	4F46	1	326
22	4F47	1	326
22	4F48	1	326
22	4F4A	1	326
22	4F4B	1	326
22	4F4C	1	326
22	4F4E	1	326
22	4F4F	1	326
22	4FF6	1	324
22	4FF7	1	324
22	4FF8	1	324
22	4FF9	1	324
22	4FFB	1	324
22	4FFE	1	326
22	5001	1	326
22	5002	1	326
22	5017	1	326
22	5019	1	326
22	501A	1	326
22	501B	1	326
22	501C	1	326
25	4A90	3	2096
25	4A92	3	2096
25	4A94	3	2096
25	4A97	3	2096
25	4A99	3	2096
25	4A9B	3	2096
25	4A9E	3	2096
25	4AA0	3	2096
25	4AA3	3	2096
25	4AA5	3	2096
26	4000	1	3286
26	4002	1	3286
26	4004	1	3286
26	4006	1	3286
26	4009	1	3286
26	400A	1	3286
26	400B	1	3286
26	400C	1	3286
26	400F	1	3286
26	4010	1	3286
26	4012	1	3286
26	4013	1	3286
26	4015	1	3286
26	4017	1	3286
26	4019	1	3286
26	401B	1	3286
26	401E	1	3286
26	4020	1	3286
26	4023	1	3286
26	4024	1	3286
26	4026	1	3286
26	4028	1	3286
26	4029	1	3286
26	402F	1	3286
26	4032	1	3314
26	4038	1	3314
26	4039	1	3314
26	4043	1	3314
26	4045	1	3314
26	4048	1	3316
26	404B	1	3316
26	404E	1	3316
26	4050	1	3316
26	4052	1	3316
26	4058	1	3316
26	405B	1	3316
26	405E	1	3316
26	4061	1	3316
26	4064	1	3316
26	4067	1	3316
26	4069	1	3316
26	406B	1	3316
26	4071	1	3316
26	4074	1	3316
26	4077	1	3316
26	407A	1	3316
26	4080	1	3316
26	4081	1	3316
26	4083	1	3316
26	4086	1	3316
26	4089	1	3316
26	408B	1	3316
26	408D	1	3316
26	4093	1	3316
26	40A5	1	3316
26	40A8	1	3316
26	40AB	1	3316
26	40AE	1	3316
26	40B0	95	3316
26	40B2	95	3316
26	40B4	95	3316
26	40B6	95	3316
26	40B7	95	3316
26	40BA	95	3316
26	40BB	95	3316
26	40BE	95	3316
26	40C1	95	3316
26	40C2	95	3316
26	40C5	95	3316
26	40C6	95	3316
26	40CC	95	3316
26	40CD	95	3316
26	40D0	95	3316
26	40D3	95	3316
26	40D9	95	3316
26	40DA	95	3316
26	40DC	95	3316
26	40DE	95	3316
26	40E8	95	3316
26	40EB	95	3316
26	40ED	95	3316
26	40EF	94	3316
26	40F1	94	3316
26	40F3	1	3410
26	40F4	1	3410
26	40F7	1	3410
26	40FA	1	3410
26	40FC	1	3410
26	40FE	1	3410
26	4104	1	3410
26	4107	1	3410
26	410A	1	3410
26	410D	1	3410
26	410E	1	3410
26	4114	1	3410
26	4115	1	3410
26	4118	1	3411
26	411B	1	3411
26	4121	1	3411
26	4122	1	3411
26	4128	1	3411
26	4129	1	3411
26	44F5	1	3411
26	44F8	1	3413
26	44FB	1	3413
26	44FE	1	3413
26	4500	1	3413
26	4502	1	3413
26	4508	1	3413
26	450B	1	3413
26	450E	1	3413
26	4511	1	3413
26	4517	1	3413
26	4518	1	3413
26	4536	1	3413
26	4539	1	3413
26	453C	1	3413
26	453E	1	3413
26	4540	1	3413
26	4546	1	3413
26	4549	1	3413
26	454C	1	3413
26	454F	1	3413
26	4552	1	3413
26	4555	1	3413
26	4557	1	3413
26	4559	1	3413
26	455F	1	3413
26	4562	1	3413
26	4565	1	3413
26	4568	1	3413
26	456B	1	3415
26	4571	1	3415
26	4577	28	3415
26	4578	28	3415
26	457E	28	3415
26	457F	28	3415
26	4582	28	3415
26	4585	28	3415
26	458B	28	3415
26	458D	28	3415
26	458F	28	3415
26	4592	28	3415
26	4598	28	3415
26	459A	28	3415
26	459C	1	3442
26	459E	1	3442
26	45AE	1	3442
26	45AF	1	3442
26	45B0	1	3442
26	45B1	1	3442
26	45B2	1	3442
26	45B3	1	3442
26	45B6	1	3442
26	45B9	1	3442
26	45BC	1	3442
26	45BD	1	3442
26	45BE	1	3442
26	45C1	1	3442
26	45C2	1	3442
26	45C3	1	3442
26	45C4	1	3442
26	45C8	1	3442
26	45C9	1	3442
26	45CA	1	3442
26	45CB	1	3442
26	45CD	1	3442
26	45D3	1	3442
26	45D5	1	3442
26	45DB	1	3442
26	45DC	1	3442
26	45DD	1	3442
26	45DE	18034	3442
26	45DF	18034	3442
26	45E0	18034	3442
26	45E1	18034	3442
26	45E2	18034	3442
26	45E8	18034	3442
26	45E9	18034	3442
26	45EC	18034	3443
26	45EF	18034	3443
26	45F5	18034	3443
26	45F6	18034	3443
26	45F7	18034	3443
26	45F8	18034	3443
26	45FA	18034	3443
26	45FC	18034	3443
26	4602	18034	3443
26	4603	18034	3443
26	4604	18034	3443
26	4605	18034	3443
26	4607	18034	3443
26	460D	18034	3443
26	460F	18034	3443
26	4611	18033	3443
26	4612	18033	3443
26	4613	18033	3443
26	4614	18033	3443
26	4616	1	21624
26	4618	1	21624
26	461A	1	21624
26	461B	1	21624
26	461C	1	21624
26	461D	1	21624
26	4620	1	21784
26	4621	1	21784
26	4623	1	21784
26	4F7B	1	3442
26	4F7C	1	3442
26	4F7D	1	3442
26	4F7E	1	3442
26	4F7F	1	3442
26	4F80	1	3442
26	4F83	1	3442
26	4F85	1	3442
26	4F87	1	3442
26	4F8A	1	3442
26	4F8C	1	3442
26	4F8E	1	3442
26	4F91	1	3442
26	4F92	1	3442
26	4F95	1	3442
26	4F96	1	3442
26	4FC5	1	3442
26	4FC6	1	3442
26	4FC7	1	3442
26	4FC9	1	3442
26	5026	1	3442
26	5027	1	3442
26	5028	1	3442
26	5029	1	3442
26	502A	1	3442
26	502B	1	3442
26	5067	1	21624
26	506A	1	21624
26	506D	1	21624
26	5070	1	21624
26	5073	1	21624
26	5076	1	21624
26	5079	1	21624
26	507A	1	21624
26	507B	1	21624
26	507D	1	21624
26	507F	1	21624
26	5081	1	21624
26	5084	1	21624
26	5086	1	21624
26	5087	1	21624
26	5088	1	21624
26	5089	1	21624
26	508B	1	21624
26	508D	1	21624
26	5093	1	21624
26	5096	1	21625
26	509C	1	21640
26	509E	1	21640
26	50A0	1	21640
26	50A2	1	21640
26	50A8	1	21784
26	50AA	1	21784
26	50AB	1	21784
26	5168	1	3286
26	5169	1	3286
26	516A	1	3286
26	5170	1	3286
26	5176	1	3286
26	517C	1	3288
26	5182	1	3289
26	5183	1	3289
26	5185	1	3289
26	5187	1	3289
26	5189	1	3289
26	518B	1	3289
26	518D	1	3289
26	518F	1	3289
26	5191	1	3289
26	5192	1	3289
26	5193	1	3289
26	5194	1	3289
26	5196	1	3289
26	5198	1	3289
26	519B	1	3289
26	519E	6144	3289
26	51A0	6144	3289
26	51A1	6144	3289
26	51A2	6144	3289
26	51A3	6144	3289
26	51A4	6144	3289
26	51A6	1	3291
26	51A8	1	3291
26	51AA	1	3291
26	51AD	1	3291
26	51B0	6144	3291
26	51B2	6144	3291
26	51B3	6144	3291
26	51B4	6144	3291
26	51B5	6144	3291
26	51B6	6144	3291
26	51B8	1	3293
26	51BA	1	3293
26	51BC	1	3293
26	51BE	1	3293
26	51C1	1	3293
26	51C4	3840	3293
26	51C6	3840	3293
26	51C7	3840	3293
26	51C8	3840	3293
26	51C9	3840	3293
26	51CA	3840	3293
26	51CC	1	3295
26	51CF	1	3295
26	51D2	1	3295
26	51D5	1	3295
26	51D7	1	3295
26	51DD	1	3295
26	51E0	1	3295
26	51E3	1	3295
26	51E6	1	3295
26	51E8	1	3295
26	51EE	1	3295
26	51F1	1	3295
26	51F4	1	3295
26	51F6	1	3295
26	51F8	1	3295
26	51FA	1	3295
26	5200	1	3295
26	5203	1	3295
26	5206	1	3295
26	5208	1	3295
26	520A	1	3295
26	520C	1	3295
26	5212	1	3295
26	5215	1	3295
26	5218	1	3295
26	521A	1	3295
26	521C	1	3295
26	521E	1	3295
26	5224	1	3295
26	5227	1	3295
26	522A	1	3295
26	522C	1	3295
26	522E	1	3295
26	5230	1	3295
26	5236	1	3295
26	5239	1	3295
26	523C	1	3295
26	523E	1	3295
26	5240	1	3295
26	5242	1	3295
26	5248	1	3295
26	524B	1	3295
26	524E	1	3295
26	5250	1	3295
26	5252	1	3295
26	5254	1	3295
26	525A	1	3295
26	525D	1	3295
26	5260	1	3295
26	5262	1	3295
26	5264	1	3295
26	5266	1	3295
26	526C	1	3295
26	526F	1	3295
26	5272	1	3295
26	5274	1	3295
26	5276	1	3295
26	5278	1	3295
26	527E	1	3295
26	5281	1	3295
26	5284	1	3295
26	5287	1	3295
26	5289	1	3295
26	528F	1	3295
26	5292	1	3295
26	5295	1	3295
26	5298	1	3295
26	529A	1	3295
26	52A0	1	3295
26	52A1	1	3295
26	52A3	1	3295
26	52A6	1	3295
26	52A7	1	3295
26	52A8	1	3295
26	52D8	1	3295
26	52D9	1	3295
26	52DB	1	3295
26	52DE	1	3295
26	52E0	1	3295
26	52E1	64	3295
26	52E2	64	3295
26	52E3	64	3295
26	52E4	64	3295
26	52E6	1	3295
26	52EC	1	3295
26	52EF	1	3297
26	52F1	1	3297
26	52F3	1	3297
26	52F5	1	3297
26	52F8	1	3297
26	52FB	1	3297
26	52FE	1	3297
26	52FF	1	3297
26	5301	1	3297
26	5302	1	3297
26	5304	1	3297
26	5306	1	3297
26	5309	1	3297
26	530C	1	3297
26	530D	1	3297
26	530F	1	3297
26	5310	1	3297
26	5316	1	3297
26	5319	1	3297
26	531F	1	3314
26	5320	1	3314
26	5322	1	3314
26	5323	1	3314
26	5325	1	3314
26	5327	1	3314
26	5329	1	3314
26	532B	1	3314
26	532E	1	3314
26	5330	1	3314
26	5333	1	3314
26	5334	1	3314
26	5336	1	3314
26	5338	1	3314
26	5339	1	3314
26	533F	1	3314
26	5342	1	3314
26	5343	18187	3295
26	56DB	2	3314
26	56DC	2	3314
26	56DE	2	3314
26	56E0	2	3314
26	56E2	2	3314
26	56E5	2	3314
26	56E8	2	3314
26	56EB	2	3314
26	56F1	2	3315
26	56F4	2	3316
26	56F5	2	3316
26	5873	1	3411
26	5874	1	3411
26	5876	1	3411
26	5878	1	3411
26	587A	1	3411
26	587D	1	3411
26	5880	1	3411
26	5883	1	3411
26	5889	1	3412
26	588C	1	3413
26	588D	1	3413
26	58B7	3	3315
26	58B9	3	3315
26	58BA	3	3315
26	58BC	3	3315
26	58BE	3	3315
26	58C0	3	3315
26	58C1	3	3315
26	58C3	3	3315
26	58C6	3	3315
26	58C9	3	3315
26	58CB	3	3315
26	58CE	3	3315
26	58D1	3	3315
26	58D3	3	3315
26	58D6	3	3316
26	58D7	3	3316
26	58D9	3	3316
26	58DB	3	3316
26	58DC	18187	3295
26	58DD	18187	3295
26	58DE	18187	3295
26	58DF	18187	3295
26	58E0	18187	3295
26	58E3	18187	3295
26	58E4	18187	3295
26	58E6	18187	3295
26	58E8	18187	3295
26	58E9	18187	3295
26	58EB	18187	3295
26	58ED	18187	3295
26	58EF	18187	3295
26	58F2	18187	3295
26	58F3	18187	3295
26	58F5	18187	3295
26	58F7	18187	3295
26	58F9	18187	3295
26	58FC	18187	3295
26	58FD	18187	3295
26	58FF	17883	3316
26	5900	17883	3316
26	5902	17883	3316
26	5904	17883	3316
26	5905	17883	3316
26	5906	17883	3316
26	5907	17883	3316
26	5908	17883	3316
26	5909	304	3295
26	590A	304	3295
26	590D	304	3295
26	5910	304	3295
26	5913	304	3295
26	5915	304	3295
26	5917	304	3295
26	5919	304	3295
26	591F	304	3296
26	5922	304	3296
26	5924	304	3296
26	5968	304	3296
26	596B	304	3296
26	596C	304	3296
26	596E	304	3296
26	5971	304	3296
26	5977	304	3296
26	5979	304	3296
26	597B	304	3296
26	597D	304	3296
26	597E	304	3296
26	5980	304	3296
26	5983	304	3296
26	5984	304	3296
26	5986	304	3296
26	5989	304	3296
26	598C	304	3296
26	598D	304	3296
26	598F	304	3296
26	5992	304	3296
26	5998	304	3296
26	599A	304	3296
26	599C	304	3296
26	599E	304	3296
26	599F	304	3296
26	59A1	304	3296
26	59A4	304	3296
26	59A5	304	3296
26	59A7	304	3296
26	59AA	304	3296
26	59AB	304	3296
26	59AD	304	3296
26	59B0	304	3297
26	59B1	304	3297
26	59B2	304	3297
26	59B3	304	3297
26	59B4	304	3297
26	59B5	304	3297
26	59B6	3	3315
26	59B7	3	3315
26	59B8	3	3315
26	59BA	3	3315
26	59BB	3	3315
26	59BD	3	3315
26	59BE	3	3315
26	59C0	3	3315
26	59C1	3	3315
26	59C3	3	3315
26	59C6	10752	3315
26	59C7	10752	3315
26	59C9	10752	3315
26	59CB	3	3315
26	59CD	227	3315
26	59CE	227	3315
26	59CF	227	3315
26	59D1	3	3316
26	59D2	3	3316
26	59D4	3	3316
26	59D6	3	3316
26	59D7	3	3316
27	4000	1	2096
27	4002	1	2096
27	4005	1	2096
27	4006	1	2096
27	4009	1	2096
27	400B	1	2096
27	400D	1	2096
27	400F	1	2096
27	4012	1	2096
27	4015	1	2096
27	4017	7	2096
27	4018	7	2096
27	4019	7	2096
27	401A	7	2096
27	401B	7	2096
27	401D	1	2096
27	4023	1	2096
27	4025	1	2096
27	4026	1	2096
27	4029	1	2096
27	402A	1	2096
27	402D	1	2096
27	402F	1	2096
27	4032	1	2096
27	4038	1	2831
27	4039	1	2831
27	403A	1	2831
27	4040	1	2831
27	4042	1	2831
27	4044	1	2831
27	4046	1	2831
27	4049	1	2831
27	404A	1	2831
27	404B	1	2831
27	404D	1	2831
27	404E	1	2831
27	404F	1	2831
27	4050	1	2831
27	4051	1	2831
27	4052	1	2831
27	4053	1	2831
27	4054	1	2831
27	4055	1	2831
27	4056	1	2831
27	4057	1	2831
27	4058	1	2831
27	405A	1	2831
27	405B	1	2831
27	405C	1	2831
27	405D	1	2831
27	405E	1	2831
27	405F	1	2831
27	4065	1	2831
27	4067	1	2831
27	4069	1	2831
27	406F	1	3286
27	4071	1	3286
27	4073	1	3286
27	4075	1	3286
27	4077	1	3286
27	4079	1	3286
27	40D7	1	3286
27	40DD	1	21784
27	40DF	1	21784
27	40E1	1	21784
27	40E4	1	21784
27	40E6	1	21784
27	40E9	1	21784
27	40EB	1	21784
27	40ED	1	21784
27	40F3	1	22084
27	40FF	1	22084
27	4100	1	22084
27	4103	1	22084
27	4109	1	22084
27	410A	1	22084
27	4110	1	22084
27	4112	1	22084
27	4115	1	22084
27	4118	1	22084
27	41BC	7	2096
27	41BE	7	2096
27	41C0	7	2096
27	41C3	7	2096
27	41C5	7	2096
27	41C7	7	2096
27	41CA	7	2096
27	41CD	7	2096
27	41CE	7	2096
27	41D0	7	2096
27	41D2	7	2096
27	41D3	7	2096
27	41D5	7	2096
27	41D8	7	2096
27	41DA	7	2096
27	41E3	1	2831
27	41E5	1	2831
27	41E6	1	2831
27	41E7	1	2831
27	41E9	1	2831
27	41EB	1	2831
27	41EC	1	2831
27	41EF	1	2831
27	4201	1	2831
27	4202	1	2831
27	4205	1	2850
27	4206	1	2850
27	4208	1	2850
27	4209	1	2850
27	420B	1	2850
27	420D	1	2850
27	4210	1	2850
27	4213	1	2850
27	4214	1	2850
27	4216	1	2850
27	4217	1	2850
27	4219	1	2850
27	421B	1	2850
27	421D	1	2850
27	421F	1	2850
27	4222	1	2850
27	4225	9	2850
27	4226	9	2850
27	4227	9	2850
27	4228	9	2850
27	4229	9	2850
27	422B	1	2850
27	422E	1	2850
27	4231	1	2850
27	4233	1	2850
27	4235	1	2850
27	423B	1	2850
27	423E	1	2850
27	4241	1	2850
27	4244	1	2850
27	4247	1	2850
27	424A	1	2850
27	424C	1	2850
27	424E	1	2850
27	4254	1	2850
27	4257	1	2850
27	425A	1	2850
27	425D	1	2850
27	4260	1	2850
27	4262	1	2850
27	4264	1	2850
27	4267	1	2850
27	4268	1	2850
27	426A	1	2850
27	426D	1	2850
27	4270	1	2850
27	4272	1	2850
27	4274	1	2850
27	427A	1	2850
27	428C	1	2850
27	428F	1	2850
27	4292	1	2850
27	4295	1	2850
27	42CF	1	2850
27	42D5	1	2850
27	42DB	1	2850
27	42E1	1	2850
27	42E2	1	2850
27	42E5	1	2850
27	42E8	1	2850
27	42E9	1	2850
27	42EA	1	2850
27	42ED	1	2850
27	42EE	1	2850
27	42EF	1	2850
27	42F0	1	2850
27	42F1	1	2850
27	42F3	1	2850
27	42F6	1	2850
27	42F7	1	2850
27	42FA	1	2850
27	42FD	1	2850
27	4303	1	2850
27	4305	103	2850
27	4307	103	2850
27	4309	103	2850
27	430B	103	2850
27	430C	103	2850
27	430F	103	2850
27	4310	103	2850
27	4313	103	2850
27	4316	103	2850
27	4317	103	2850
27	431A	103	2850
27	431B	103	2850
27	4321	103	2850
27	4322	103	2850
27	4325	103	2851
27	432B	103	2851
27	432C	103	2851
27	432E	103	2851
27	4330	103	2851
27	4334	103	2851
27	4337	103	2851
27	433A	103	2851
27	433D	103	2851
27	433F	103	2851
27	4341	205	2954
27	4342	205	2954
27	4344	205	2954
27	4347	205	2954
27	4348	205	2954
27	4349	205	2954
27	434F	205	2954
27	4350	205	2954
27	4353	205	2955
27	4355	205	2955
27	4356	205	2955
27	4358	205	2955
27	435A	205	2955
27	435B	205	2955
27	435D	205	2955
27	435F	205	2955
27	4362	205	2955
27	4363	205	2955
27	4365	205	2955
27	436B	205	2955
27	436C	205	2955
27	436E	205	2955
27	4370	205	2955
27	4374	205	2955
27	4377	205	2955
27	437A	205	2955
27	437B	205	2955
27	4381	205	2955
27	4382	205	2955
27	4384	205	2955
27	4386	1	3159
27	4388	1	3159
27	4393	1	3159
27	4394	1	3159
27	4396	1	3159
27	4398	1	3159
27	439B	1	3159
27	43A1	1	3159
27	43A2	1	3159
27	43A3	1	3159
27	43A9	1	3159
27	43AC	1	3159
27	43B2	1	3159
27	43B3	32	3159
27	43B4	32	3159
27	43B6	32	3159
27	43B9	32	3159
27	43BA	32	3159
27	43BB	32	3159
27	43C1	32	3159
27	43C2	32	3159
27	43C5	32	3160
27	43C7	32	3160
27	43C8	32	3160
27	43CA	32	3160
27	43CC	32	3160
27	43CD	32	3160
27	43CF	32	3160
27	43D1	32	3160
27	43D4	32	3160
27	43D5	32	3160
27	43D7	32	3160
27	43DD	32	3160
27	43DE	32	3160
27	43E0	32	3160
27	43E2	32	3160
27	43E6	32	3160
27	43E7	32	3160
27	43ED	32	3160
27	43EE	32	3160
27	43F0	32	3160
27	43F2	1	3192
27	43F4	1	3192
27	43FF	1	3192
27	4401	1	3192
27	4404	1	3192
27	4405	1	3192
27	4406	1	3192
27	4408	1	3192
27	4409	1	3192
27	440B	1	3192
27	440D	1	3192
27	4410	1	3192
27	4413	1	3192
27	4414	1	3192
27	4416	1	3192
27	4417	1	3192
27	4418	1	3192
27	441B	1	3192
27	441E	1	3192
27	4421	1	3192
27	4423	1	3192
27	4429	1	3192
27	442B	1	3192
27	4431	1	3194
27	4434	1	3194
27	4437	1	3194
27	4439	1	3194
27	443B	1	3194
27	4441	1	3194
27	4444	1	3194
27	4447	1	3194
27	444A	1	3194
27	444C	30	3194
27	444D	30	3194
27	444E	30	3194
27	4454	30	3194
27	4455	30	3194
27	4458	30	3194
27	445A	30	3194
27	445B	30	3194
27	445D	30	3194
27	445F	30	3194
27	4460	30	3194
27	4462	30	3194
27	4464	30	3194
27	4467	30	3194
27	4468	30	3194
27	446A	30	3194
27	446B	30	3194
27	446C	30	3194
27	446E	1	3223
27	4471	1	3223
27	4474	1	3223
27	4477	1	3223
27	4478	1	3223
27	4479	1	3223
27	447B	1	3223
27	447C	1	3223
27	447E	1	3223
27	4480	1	3223
27	4483	1	3223
27	4486	1	3223
27	4487	1	3223
27	4489	1	3223
27	448A	1	3223
27	448B	48	3223
27	448E	48	3223
27	4491	48	3223
27	4493	48	3223
27	4495	48	3223
27	4497	48	3223
27	4498	48	3223
27	449B	48	3223
27	449C	48	3223
27	449D	48	3223
27	44A0	48	3223
27	44A3	48	3223
27	44A4	48	3223
27	44A5	48	3223
27	44A8	48	3223
27	44A9	48	3223
27	44AF	48	3223
27	44B0	48	3223
27	44B3	48	3224
27	44B5	48	3224
27	44B6	48	3224
27	44B8	48	3224
27	44BA	48	3224
27	44BB	48	3224
27	44BD	48	3224
27	44BF	48	3224
27	44C2	48	3224
27	44C3	48	3224
27	44C5	48	3224
27	44CB	48	3224
27	44CC	48	3224
27	44CF	48	3224
27	44D1	48	3224
27	44D3	1	3271
27	44D9	1	3286
27	44DB	1	3286
27	44DD	1	3286
27	44DF	1	3286
27	44E0	1	3286
27	4747	356	2851
27	474A	356	2851
27	474C	356	2851
27	474E	356	2851
27	474F	356	2851
27	4750	356	2851
27	4768	1	21784
27	476A	1	21784
27	476B	1	21784
27	476C	1	21784
27	476E	1	21784
27	4770	1	21784
27	4771	1	21784
27	4774	1	21784
27	4786	1	21784
27	4787	1	21784
27	478A	1	21803
27	478B	1	21803
27	478D	1	21803
27	478E	1	21803
27	4790	1	21803
27	4792	1	21803
27	4795	1	21803
27	4798	1	21803
27	4799	1	21803
27	479B	1	21803
27	479C	1	21803
27	479F	1	21803
27	47A2	1	21803
27	47A5	1	21803
27	47A7	1	21803
27	47AD	1	21803
27	47AF	1	21803
27	47B5	1	21805
27	47B8	1	21805
27	47BB	1	21805
27	47BD	1	21805
27	47BF	1	21805
27	47C5	1	21805
27	47C8	1	21805
27	47CB	1	21805
27	47CE	1	21805
27	47D1	1	21805
27	47D4	1	21805
27	47D6	1	21805
27	47D8	1	21805
27	47DE	1	21805
27	47E1	1	21805
27	47E4	1	21805
27	47E7	1	21805
27	47EA	1	21805
27	47EC	1	21805
27	47EE	1	21805
27	47F1	1	21805
27	47F2	1	21805
27	47F4	1	21805
27	47F7	1	21805
27	47FA	1	21805
27	47FC	1	21805
27	47FE	1	21805
27	4804	1	21805
27	4806	1	21805
27	4808	1	21805
27	480A	1	21805
27	480D	1	21805
27	480E	1	21805
27	4810	1	21805
27	4812	1	21805
27	4814	1	21805
27	4826	1	21805
27	4829	1	21805
27	482C	1	21805
27	482F	1	21805
27	4869	1	21805
27	486F	1	21805
27	4872	1	21805
27	4878	1	21805
27	487A	1	21805
27	487C	1	21805
27	487E	1	21805
27	4880	1	21805
27	4881	1	21805
27	4884	1	21805
27	4885	1	21805
27	4888	1	21805
27	488B	1	21805
27	488C	1	21805
27	488F	1	21805
27	4890	1	21805
27	4896	1	21805
27	4897	1	21805
27	489A	1	21805
27	489B	1	21805
27	489E	1	21805
27	48A0	1	21805
27	48A2	1	21805
27	48A5	143	21805
27	48A6	143	21805
27	48A7	143	21805
27	48A8	143	21805
27	48AE	143	21805
27	48AF	143	21805
27	48B2	143	21806
27	48B4	143	21806
27	48B5	143	21806
27	48B7	143	21806
27	48B9	143	21806
27	48BA	143	21806
27	48BC	143	21806
27	48BE	143	21806
27	48C1	143	21806
27	48C2	143	21806
27	48C4	143	21806
27	48CA	143	21806
27	48CB	143	21806
27	48CC	143	21806
27	48CD	143	21806
27	48CE	143	21806
27	48CF	143	21806
27	48D0	143	21806
27	48D6	143	21806
27	48D7	143	21806
27	48D9	143	21806
27	48DB	1	21948
27	48DE	1	21948
27	48E0	1	21948
27	48E2	1	21948
27	48E4	1	21948
27	48EA	1	21948
27	48F0	1	21948
27	48F6	1	21948
27	48F7	1	21948
27	48F8	1	21948
27	48F9	1	21948
27	48FF	1	21948
27	4900	1	21948
27	4903	1	21949
27	4905	1	21949
27	4906	1	21949
27	4908	1	21949
27	490A	1	21949
27	490B	1	21949
27	490D	1	21949
27	490F	1	21949
27	4912	1	21949
27	4913	1	21949
27	4915	1	21949
27	491B	1	21949
27	4921	1	21949
27	4922	1	21949
27	4923	1	21949
27	4925	1	21949
27	4928	1	21949
27	4929	1	21949
27	492A	1	21949
27	492C	1	21949
27	492D	1	21949
27	492F	1	21949
27	4931	1	21949
27	4934	1	21949
27	4937	1	21949
27	4938	1	21949
27	493A	1	21949
27	493B	1	21949
27	493C	1	21949
27	493F	1	21949
27	4942	1	21949
27	4945	1	21949
27	4948	1	21949
27	494B	1	21949
27	494E	1	21949
27	4950	1	21949
27	4956	1	21949
27	4958	1	21949
27	495E	119	21950
27	4960	119	21950
27	4962	119	21950
27	4964	119	21950
27	4965	119	21950
27	4968	119	21950
27	4969	119	21950
27	496C	119	21950
27	496F	119	21950
27	4970	119	21950
27	4973	119	21950
27	4974	119	21950
27	497A	119	21950
27	497B	119	21950
27	497E	119	21951
27	4980	119	21951
27	4981	119	21951
27	4983	119	21951
27	4985	119	21951
27	4986	119	21951
27	4988	119	21951
27	498A	119	21951
27	498D	119	21951
27	498E	119	21951
27	4990	119	21951
27	4996	119	21951
27	4997	119	21951
27	499A	119	21951
27	499C	119	21951
27	499E	1	22069
27	49A4	1	22084
27	49A6	1	22084
27	49A8	1	22084
27	49AA	1	22084
27	49AC	1	22084
27	49AE	1	22084
27	49AF	1	22084
27	4B95	2	2831
27	4B96	2	2831
27	4B97	2	2831
27	4B9D	2	2831
27	4BA3	2	2831
27	4BA9	2	2832
27	4BAA	2	2832
27	4BAB	2	2832
27	4BAC	2	2832
27	4BAD	2	2832
27	4BB0	2	2832
27	4BB3	2	2832
27	4BB6	2	2832
27	4BB8	2	2832
27	4BBE	2	2832
27	4BC1	2	2832
27	4BC4	2	2832
27	4BC7	2	2832
27	4BC9	2	2832
27	4BCF	2	2832
27	4BD2	2	2832
27	4BD5	2	2832
27	4BD7	2	2832
27	4BD9	2	2832
27	4BDB	2	2832
27	4BE1	2	2832
27	4BE4	2	2832
27	4BE7	2	2832
27	4BE9	2	2832
27	4BEB	2	2832
27	4BED	2	2832
27	4BF3	2	2832
27	4BF6	2	2832
27	4BF9	2	2832
27	4BFB	2	2832
27	4BFD	2	2832
27	4BFF	2	2832
27	4C05	2	2832
27	4C08	2	2832
27	4C0B	2	2832
27	4C0D	2	2832
27	4C0F	2	2832
27	4C11	2	2832
27	4C17	2	2832
27	4C1A	2	2832
27	4C1D	2	2832
27	4C1F	2	2832
27	4C21	2	2832
27	4C23	2	2832
27	4C29	2	2832
27	4C2C	2	2832
27	4C2F	2	2832
27	4C31	2	2832
27	4C33	2	2832
27	4C35	2	2832
27	4C3B	2	2832
27	4C3E	2	2832
27	4C41	2	2832
27	4C43	2	2832
27	4C45	2	2832
27	4C47	2	2832
27	4C4D	2	2832
27	4C50	2	2832
27	4C53	2	2832
27	4C55	2	2832
27	4C57	2	2832
27	4C59	2	2832
27	4C5F	2	2832
27	4C62	2	2832
27	4C65	2	2832
27	4C67	2	2832
27	4C69	2	2832
27	4C6B	2	2832
27	4C71	2	2832
27	4C74	2	2832
27	4C77	2	2832
27	4C7A	2	2832
27	4C7C	2	2832
27	4C82	2	2832
27	4C85	2	2832
27	4C88	2	2832
27	4C8B	2	2832
27	4C8D	2	2832
27	4C93	2	2832
27	4C95	2	2832
27	4C98	2	2832
27	4C99	2	2832
27	4C9A	2	2832
27	4C9C	1	2832
27	4C9F	1	2832
27	4CA2	1	2832
27	4CA5	1	2832
27	4CA7	1	2832
27	4CAD	1	2832
27	4CAF	1	21785
27	4CB2	1	21785
27	4CB5	1	21785
27	4CB8	1	21785
27	4CBA	1	21785
27	4CC0	2	2832
27	4CC2	2	2832
27	4CC8	2	2832
27	4CCB	2	2832
27	4CCE	2	2832
27	4CD0	2	2832
27	4CD2	2	2832
27	4CD8	2	2832
27	4CDB	2	2832
27	4CDE	2	2832
27	4CE1	2	2832
27	4CE4	2	2832
27	4CE7	2	2832
27	4CE9	2	2832
27	4CEB	2	2832
27	4CF1	2	2832
27	4CF4	2	2832
27	4CF7	2	2832
27	4CFA	2	2832
27	4CFB	2	2832
27	4D01	2	2833
27	4D02	2	2833
27	4D03	2	2833
27	4D31	2	2833
27	4D33	2	2833
27	4D35	2	2833
27	4D3B	2	2833
27	4D3D	2	2833
27	4D3F	2	2833
27	4D41	2	2833
27	4D44	2	2834
27	4D4A	2	2850
27	4D4D	2	2850
2D	4E06	1	3286
2D	4E08	1	3286
2D	4E0A	1	3286
2D	4E0C	1	3286
2D	4E0F	1	3286
2D	4E12	4096	3286
2D	4E13	4096	3286
2D	4E14	4096	3286
2D	4E15	4096	3286
2D	4E16	4096	3286
2D	4E17	4096	3286
2D	4E19	1	3288
2D	4E1B	1	3288
2D	4E1D	1	3288
2D	4E1F	1	3288
2D	4E22	1	3288
2D	4E25	1920	3288
2D	4E26	1920	3288
2D	4E27	1920	3288
2D	4E28	1920	3288
2D	4E29	1920	3288
2D	4E2A	1920	3288
2D	4E2C	1	3288
48	4000	2	2103
48	4001	2	2103
48	4002	2	2103
48	4003	2	2103
48	4005	2	2103
48	4007	10	2103
48	4009	10	2103
48	400B	8	2103
48	400D	8	2103
48	400F	8	2103
48	4010	8	2103
48	4012	2	2103
48	4013	10	2103
48	4014	10	2103
48	4015	10	2103
48	4016	10	2103
48	4017	10	2103
48	4019	20	2103
48	401B	20	2103
48	401C	20	2103
48	401E	10	2103
48	401F	10	2103
48	4020	10	2103
48	4022	1	2103
48	4023	1	2103
48	4024	1	2103
48	4026	1	2103
48	4027	1	2103
48	4028	1	2103
48	4029	1	2103
48	4030	1	2103
48	4031	1	2103
48	4032	1	2103
48	4033	10	2103
48	4034	10	2103
48	4035	10	2103
48	4037	10	2103
48	4039	2	2103
48	403A	2	2103
48	403B	2	2103
48	403C	2	2103
48	403D	2	2103
48	403E	3	3314
48	4040	3	3314
48	4041	3	3314
48	4043	3	3314
48	4044	3	3314
48	4046	3	3314
48	4047	3	3314
48	4049	3	3314
48	404A	3	3314
48	404C	63	3314
48	404E	63	3314
48	4051	63	3314
48	4052	63	3314
48	4054	60	3314
48	4055	60	3314
48	4057	60	3314
48	405A	60	3314
48	405B	60	3314
48	405D	60	3314
48	405E	60	3314
48	405F	60	3314
48	4061	60	3314
48	4062	60	3314
48	4064	60	3314
48	4065	60	3314
48	4066	60	3314
48	4067	60	3314
48	4069	60	3314
48	406A	60	3314
48	406C	60	3314
48	406D	60	3314
48	406E	60	3314
48	406F	60	3314
48	4075	60	3314
48	4077	60	3314
48	4078	60	3314
48	407A	60	3314
48	407C	60	3314
48	407D	60	3314
48	407F	60	3314
48	4081	3	3315
48	4083	3	3315
48	4084	3	3315
48	4086	60	3314
48	4088	60	3314
48	408A	60	3314
48	408B	60	3314
48	408D	60	3314
48	408F	3	3315
48	4091	3	3315
48	4092	3	3315
48	4094	60	3314
48	4096	60	3314
48	4097	60	3314
48	4099	60	3314
48	409A	60	3314
48	409C	3	3315
48	409E	3	3315
48	409F	3	3315
48	40A1	3	3315
48	40A2	3	3315
48	40A4	3	3315
48	40A5	3	3315
48	40A7	3	3315
48	40A8	3	3315
48	40A9	2	2100
48	40AC	2	2100
48	40AE	2	2100
48	40B1	2	2100
48	40B2	2	2100
48	40B5	2	2100
48	40B6	2	2100
48	40B9	2	2100
48	40BA	2	2100
48	40BD	2	2100
48	40BE	2	2100
48	40C1	2	2100
48	40C4	6	2100
48	40C5	6	2100
48	40C7	6	2100
48	40C8	6	2100
48	40CA	6	2100
48	40CB	6	2100
48	40CC	6	2100
48	40CE	6	2100
48	40CF	6	2100
48	40D0	6	2100
48	40D1	6	2100
48	40D2	6	2100
48	40D3	76	2100
48	40D6	76	2100
48	40D9	76	2100
48	40DA	76	2100
48	40DC	74	2100
48	40DE	74	2100
48	40E0	71	2100
48	40E1	71	2100
48	40E4	71	2100
48	40E7	71	2100
48	40E8	71	2100
48	40EA	71	2100
48	40EB	71	2100
48	40EC	71	2100
48	40ED	71	2100
48	40F0	71	2100
48	40F1	71	2100
48	40F3	71	2100
48	40F4	71	2100
48	40F7	71	2100
48	40F9	71	2100
48	40FA	71	2100
48	40FB	71	2100
48	40FC	71	2100
48	40FE	71	2100
48	40FF	71	2100
48	4100	71	2100
48	4102	71	2100
48	4103	71	2100
48	4104	71	2100
48	4105	71	2100
48	4106	71	2100
48	4107	71	2100
48	4108	71	2100
48	4109	71	2100
48	410A	71	2100
48	410B	71	2100
48	410E	71	2100
48	410F	71	2100
48	4111	71	2100
48	4112	71	2100
48	4113	71	2100
48	4114	71	2100
48	411A	71	2100
48	411C	71	2100
48	411D	71	2100
48	411E	71	2100
48	4120	71	2100
48	4121	71	2100
48	4122	71	2100
48	4123	71	2100
48	4125	71	2100
48	4126	71	2100
48	4129	71	2100
48	412A	71	2100
48	412D	71	2100
48	412E	71	2100
48	412F	71	2100
48	4132	71	2100
48	4134	1	2100
48	4137	1	2100
48	413A	1	2100
48	413B	1	2100
48	413E	1	2100
48	413F	1	2100
48	4141	3	2100
48	4142	3	2100
48	4145	3	2100
48	4146	3	2100
48	4149	3	2100
48	414A	3	2100
48	414B	3	2100
48	414C	3	2100
48	414F	3	2100
48	4152	3	2100
48	4153	3	2100
48	4154	3	2100
48	4155	3	2100
48	4156	3	2100
48	4159	2	2101
48	415A	4	1140
48	415C	4	1140
48	415D	4	1140
48	415F	4	1140
48	4160	4	1140
48	4162	4	1140
48	4163	4	1140
48	4165	4	1140
48	4167	4	1140
48	4168	4	1140
48	416A	4	1140
48	416C	4	1140
48	416D	4	1140
48	416F	4	1140
48	4171	4	1140
48	4172	4	1140
48	4174	4	1140
48	4176	4	1140
48	4177	4	1140
48	4178	4	1140
48	417A	4	1140
48	417C	4	1140
48	417D	4	1140
48	417F	4	1140
48	4180	4	1140
48	4181	4	1140
48	4183	4	1140
48	4184	4	1140
48	4185	4	1140
48	4186	4	1140
48	4188	4	1140
48	418B	4	1140
48	418C	4	1140
48	418D	4	1140
48	418E	4	1140
48	418F	4	1140
48	4191	4	1140
48	4193	4	1140
48	4194	4	1140
48	4196	4	1140
48	4197	4	1140
48	4198	4	1140
48	419A	4	1140
48	419B	4	1140
48	419C	4	1140
48	419D	4	1140
48	419E	4	1140
48	419F	69	1140
48	41A1	69	1140
48	41A4	69	1140
48	41A5	69	1140
48	41A8	65	1140
48	41AA	65	1140
48	41AC	65	1140
48	41AD	65	1140
48	41AF	65	1140
48	41B2	65	1140
48	41B3	65	1140
48	41B5	65	1140
48	41B6	65	1140
48	41B7	65	1140
48	41B8	65	1140
48	41BA	65	1140
48	41BB	65	1140
48	41BD	65	1140
48	41BE	65	1140
48	41C0	65	1140
48	41C1	65	1140
48	41C2	65	1140
48	41C4	65	1140
48	41C5	65	1140
48	41C6	65	1140
48	41C7	65	1140
48	41C9	65	1140
48	41CA	65	1140
48	41CC	65	1140
48	41CD	65	1140
48	41CE	65	1140
48	41CF	65	1140
48	41D5	65	1140
48	41D7	65	1140
48	41D8	65	1140
48	41D9	65	1140
48	41DB	65	1140
48	41DC	65	1140
48	41DD	65	1140
48	41DE	65	1140
48	41E0	65	1140
48	41E1	65	1140
48	41E3	65	1140
48	41E4	65	1140
48	41E6	65	1140
48	41E7	65	1140
48	41E8	65	1140
48	41EA	65	1140
48	4222	4	1140
48	4223	870	1142
48	4226	870	1142
48	4227	870	1142
48	4229	360	1142
48	422A	360	1142
48	422D	360	1142
48	422E	510	1322
48	4231	510	1322
48	4232	510	1322
48	4233	255	1323
48	4235	255	1323
48	4238	255	1323
48	423A	255	1323
48	423C	127	1325
48	423F	127	1325
48	4240	127	1325
48	424F	255	1323
48	4252	255	1323
48	4253	255	1323
48	4256	255	1323
48	4257	255	1323
48	4259	255	1323
48	425A	32	1331
48	425D	32	1331
48	425F	32	1331
48	4261	32	1331
48	4263	32	1331
48	4264	32	1331
48	4266	32	1331
48	4268	32	1331
48	4269	32	1331
48	426A	32	1331
48	426C	32	1331
48	426D	32	1331
48	4270	32	1331
48	4271	32	1331
48	4273	32	1331
48	4274	32	1331
48	4276	32	1331
48	4278	32	1331
48	4279	32	1331
48	427A	32	1331
48	427C	32	1331
48	427D	32	1331
48	427F	32	1331
48	4281	32	1331
48	4282	32	1331
48	4284	32	1331
48	4286	32	1331
48	4288	32	1331
48	428A	32	1331
48	428B	32	1331
48	428C	32	1331
48	428E	32	1331
48	4290	32	1331
48	4292	32	1331
48	4298	32	1332
48	429B	32	1332
48	429C	32	1332
48	429D	32	1332
48	429E	32	1332
48	42A0	32	1332
48	42A1	32	1332
48	42A2	32	1332
48	42A4	32	1332
48	42A5	32	1332
48	42A7	32	1332
48	42A9	32	1332
48	42AB	32	1332
48	42B1	32	1333
48	42B3	32	1333
48	42B4	32	1333
48	42B6	32	1333
48	42B8	32	1333
48	42BA	32	1333
48	42BD	32	1333
48	42BE	32	1333
48	42C0	32	1333
48	42C3	32	1333
48	42C6	32	1333
48	42C7	32	1333
48	42CA	32	1333
48	42CD	32	1333
48	42CE	32	1333
48	42CF	1	1726
48	42D0	1	1726
48	42D3	1	1726
48	42D4	2	1138
48	42D5	2	1138
48	42D8	2	1138
48	42DB	2	1138
48	42DD	2	1138
48	42DF	2	1138
48	42E0	2	1138
48	42E2	2	1138
48	42E4	2	1138
48	42E6	2	1138
48	42E8	2	1138
48	42E9	2	1138
48	42EA	2	1138
48	42EB	2	1138
48	42EC	2	1138
48	42ED	2	1138
48	42EE	2	1138
48	42F0	2	1138
48	42F1	2	1138
48	42F2	2	1138
48	42F5	2	1138
48	42F8	2	1138
48	42F9	2	1138
48	42FA	2	1138
48	42FD	2	1138
48	4300	2	1138
48	4301	2	1138
48	4302	2	1138
48	4303	2	1138
48	4305	2	1138
48	4308	2	1138
48	4309	13	1138
48	430A	13	1138
48	430D	13	1138
48	430E	13	1138
48	4310	11	1138
48	4311	11	1138
48	4314	11	1138
48	4315	11	1138
48	4317	11	1138
48	4318	11	1138
48	431A	2	1138
48	431B	2	1138
48	431D	2	1138
48	431F	2	1138
48	4320	2	1138
48	4322	2	1138
48	4323	2	1138
48	4326	2	1138
48	4328	2	1138
48	432B	2	1138
48	432C	2	1138
48	432D	2	1138
48	4330	2	1138
48	4333	2	1138
48	4334	2	1138
48	4335	2	1138
48	4338	2	1138
48	433B	2	1138
48	433C	2	1138
48	433D	2	1138
48	433F	2	1138
48	4342	2	1138
48	4343	56	1138
48	4344	56	1138
48	4347	56	1138
48	4348	56	1138
48	434A	54	1138
48	434B	54	1138
48	434E	54	1138
48	434F	54	1138
48	4351	54	1138
48	4352	54	1138
48	4354	2	1138
48	4355	2	1138
48	4357	2	1138
48	435A	2	1138
48	435C	2	1138
48	435E	2	1138
48	4360	2	1138
48	4363	2	1138
48	4365	2	1138
48	4368	2	1138
48	436A	2	1138
48	436D	2	1138
48	4370	2	1138
48	4372	2	1138
48	4373	2	1138
48	4375	2	1138
48	4376	2	1138
48	4377	2	1138
48	437A	2	1140
48	437B	2	1140
48	437E	2	1140
48	4381	2	1140
48	4383	2	1140
48	4385	2	1140
48	4387	2	1140
48	4388	2	1140
48	4389	2	1140
48	438C	2	1140
48	438D	2	1140
48	4390	2	1140
48	4391	2	1140
48	4393	2	1140
48	4396	2	1140
48	4398	2	1140
48	439A	2	1140
48	439B	2	1140
48	439D	2	1140
48	439E	2	1140
48	43A0	2	1140
48	43A3	2	1140
48	43A9	2	1140
48	43AB	2	1140
48	43AE	2	1140
48	43AF	2	1140
48	43B2	2	1140
48	43B3	2	1140
48	43B5	2	1140
48	43B8	2	1140
48	43BA	2	1140
48	43BC	2	1140
48	43BD	2	1140
48	43BF	2	1140
48	43C0	2	1140
48	43C2	2	1140
48	43C5	2	1140
48	43CB	2	1140
48	43CD	2	1140
48	43CF	2	1140
48	43D2	2	1140
48	43D3	2	1140
48	43D6	2	1140
48	43D9	2	1140
48	43DC	2	1140
48	43DF	2	1140
48	43E1	2	1140
48	43E3	2	1140
48	43E5	2	1140
48	43EB	2	1141
48	43EE	2	1141
48	43F1	2	1141
48	43F4	2	1141
48	43F6	2	1141
48	43F8	2	1141
48	43FA	2	1141
48	4400	2	1142
48	4402	2	1142
48	4403	2	1142
48	4405	2	1142
48	4407	2	1142
48	4409	2	1142
48	440A	2	1140
48	440B	2	1140
48	440D	2	1140
48	440F	2	1140
48	4411	2	1140
48	4413	2	1140
48	4416	2	1140
48	4419	2	1140
48	441C	2	1140
48	441F	2	1140
48	4422	2	1140
48	4425	2	1140
48	4428	2	1140
48	442B	2	1140
48	442E	2	1140
48	4431	2	1140
48	4434	2	1140
48	4437	2	1140
48	4439	2	1140
48	443C	2	1140
48	443E	2	1140
48	4441	2	1140
48	4443	2	1140
48	4446	2	1140
48	4448	2	1140
48	444B	2	1140
48	444D	2	1140
48	4450	2	1140
48	4452	2	1140
48	4455	2	1140
48	4457	2	1140
48	4459	2	1140
48	445B	2	1140
48	445C	2	1140
48	445E	2	1140
48	445F	2	1140
48	4460	4	1138
48	4462	4	1138
48	4464	4	1138
48	4465	4	1138
48	4467	4	1138
48	4469	4	1138
48	446B	4	1138
48	446D	4	1138
48	446E	4	1138
48	4471	4	1138
48	4474	4	1138
48	4477	4	1138
48	447A	4	1138
48	447D	4	1138
48	4480	4	1138
48	4482	4	1138
48	4484	4	1138
48	4486	4	1138
48	448C	4	1139
48	448F	4	1139
48	4492	4	1139
48	4495	4	1139
48	4497	4	1139
48	4499	4	1139
48	449B	4	1139
48	44A1	4	1140
48	44A3	4	1140
48	44A5	4	1140
48	44A7	2	1762
48	44A8	2	1762
48	44AA	2	1762
48	44AC	2	1762
48	44AE	2	1762
48	44B1	2	1762
48	44B4	2	1762
48	44B5	2	1762
48	44B8	2	1762
48	44B9	2	1762
48	44BC	2	1762
48	44BD	2	1762
48	44C0	2	1762
48	44C3	2	1762
48	44C4	2	1762
48	44C7	2	1762
48	44C8	2	1762
48	44CB	2	1762
48	44CC	2	1762
48	44CE	2	1762
48	44D0	2	1762
48	44D2	2	1762
48	44D3	2	1762
48	44D5	2	1762
48	44D6	4	1140
48	44D8	4	1140
48	44D9	4	1140
48	44DB	4	1140
48	44DD	4	1140
48	44DF	4	1140
48	4616	9	1112
48	4619	9	1112
48	461A	9	1112
48	461C	9	1112
48	461D	9	1112
48	461F	9	1112
48	4621	5	2831
48	4623	5	2831
48	4625	5	2831
48	4627	5	2831
48	462A	4	1112
48	462C	4	1112
48	462E	4	1112
48	462F	4	1112
48	4631	4	1112
48	4634	4	1112
48	4636	4	1112
48	4639	4	1112
48	463B	4	1112
48	463D	4	1112
48	4640	4	1112
48	4641	4	1112
48	4642	4	1112
48	4643	4	1112
48	4645	4	1112
48	4648	4	1112
48	464A	4	1112
48	464B	4	1112
48	464D	4	1112
48	4650	4	1112
48	4652	4	1112
48	4653	4	1112
48	4654	4	1112
48	4655	4	1112
48	4658	4	1112
48	4659	4	1112
48	465A	4	1112
48	465B	4	1112
48	465F	5	2831
48	4661	5	2831
48	4663	5	2831
48	4664	5	2831
48	4666	5	2831
48	4669	5	2831
48	466B	5	2831
48	466D	5	2831
48	466E	5	2831
48	466F	5	2831
48	4671	5	2831
48	4672	5	2831
48	4674	5	2831
48	4676	5	2831
48	4678	5	2831
48	4679	6	1120
48	467C	6	1120
48	467E	6	1120
48	4681	6	1120
48	4684	6	1120
48	4686	6	1120
48	4688	6	1120
48	4689	6	1120
48	468B	6	1120
48	468E	6	1120
48	4691	6	1120
48	4693	6	1120
48	4695	6	1120
48	4696	6	1120
48	4697	6	1120
48	469A	6	1120
48	469B	22	1120
48	469C	416	1120
48	469D	416	1120
48	469E	416	1120
48	469F	416	1120
48	46A1	22	1120
48	46A2	22	1120
48	46A4	22	1120
48	46A5	22	1120
48	46A6	22	1120
48	46A7	22	1120
48	46A8	22	1120
48	46AA	22	1120
48	46AB	22	1120
48	46AC	22	1120
48	46AD	22	1120
48	46AF	6	1120
48	46B0	6	1120
48	46B3	6	1120
48	46B4	6	1120
48	46B5	6	1120
48	46B6	6	1120
48	46BC	6	1120
48	46BE	6	1120
48	46BF	6	1120
48	46C1	6	1120
48	46C3	6	1120
48	46C5	6	1120
48	46C6	2	1728
48	46C8	2	1728
48	46CA	2	1728
48	46CB	2	1728
48	46CD	2	1728
48	46CF	2	1728
48	46D1	2	1728
48	46D3	2	1728
48	46D5	2	1728
48	46D8	2	1728
48	46DB	2	1728
48	46DE	2	1728
48	46E1	2	1728
48	46E4	2	1728
48	46E6	2	1728
48	46E9	2	1728
48	46EC	2	1728
48	46EE	2	1728
48	46F4	2	1728
48	46FA	48	1730
48	46FD	48	1731
48	4700	48	1731
48	4706	48	1731
48	4707	48	1731
48	470A	48	1731
48	470D	48	1731
48	4710	48	1731
48	4711	48	1731
48	4713	12	1734
48	4715	12	1734
48	471B	12	1735
48	471C	12	1735
48	471E	2	1760
48	4720	2	1760
48	4721	2	1760
48	4723	2	1760
48	4725	2	1760
48	4727	2	1760
48	4728	1	2103
48	4729	1	2103
48	472B	1	2103
48	472C	1	2103
48	472E	1	2103
48	4734	1	2103
48	4735	1	2103
48	4737	1	2103
48	473D	1	2103
48	473E	1	2103
48	4740	1	2103
48	4742	1	2103
48	4743	1	2103
48	4748	196	1140
48	474A	196	1140
48	474B	196	1140
48	474E	196	1140
48	474F	196	1140
48	4752	196	1140
48	4753	196	1140
48	4756	196	1140
48	4757	196	1140
48	475A	196	1140
48	475B	196	1140
48	475E	196	1140
48	475F	196	1140
48	4760	196	1140
48	4763	196	1140
48	4764	196	1140
48	4767	196	1140
48	4768	196	1140
48	476B	196	1140
48	476C	196	1140
48	476F	196	1140
48	4770	196	1140
48	4773	196	1140
48	4774	196	1140
48	4777	1871	1140
48	4778	1871	1140
48	4779	1871	1140
48	477A	1871	1140
48	477B	1871	1140
48	477C	1871	1140
48	477F	1871	1140
48	4780	1871	1140
48	4781	1871	1140
48	4783	566	1140
48	4785	566	1140
48	4786	566	1140
48	4787	566	1140
48	4788	566	1140
48	478A	1305	1140
48	478B	1305	1140
48	478C	1305	1140
48	478E	1109	1140
48	478F	1109	1140
48	4790	1109	1140
48	4791	1109	1140
48	4793	196	1140
48	4794	196	1140
48	4795	196	1140
48	4796	196	1140
48	4798	196	1140
48	479A	196	1140
48	479C	196	1140
48	479E	196	1140
48	47A0	196	1140
48	47A2	196	1140
48	47A4	196	1140
48	47A6	196	1140
48	47A8	196	1140
48	47A9	196	1140
48	47AA	196	1140
48	47AB	196	1140
48	47AC	196	1140
48	47AD	196	1140
48	47AE	196	1140
48	47B0	196	1140
48	47B2	196	1140
48	47B3	196	1140
48	47B5	196	1140
48	47B7	196	1140
48	47B9	196	1140
48	47BA	196	1140
48	47BC	196	1140
48	47BE	196	1140
48	47C0	196	1140
48	47C3	196	1140
48	47C4	196	1140
48	47C5	196	1140
48	47C8	196	1140
48	47C9	196	1140
48	47CC	196	1140
48	47CD	196	1140
48	47D0	196	1140
48	47D1	196	1140
48	47D4	196	1140
48	47D6	1568	1140
48	47D7	1568	1140
48	47D8	1568	1140
48	47D9	1568	1140
48	47DA	1568	1140
48	47DB	1568	1140
48	47DD	196	1140
48	47E0	196	1140
48	47E1	196	1140
48	47E4	196	1140
48	47E5	196	1140
48	47E8	196	1140
48	47E9	196	1140
48	47EC	196	1140
48	47EE	1568	1140
48	47EF	1568	1140
48	47F0	1568	1140
48	47F1	1568	1140
48	47F2	1568	1140
48	47F3	1568	1140
48	47F5	196	1140
48	47F6	196	1140
48	47F8	196	1140
48	47FB	196	1140
48	47FD	196	1140
48	47FE	196	1140
48	4800	196	1140
48	4803	196	1140
48	4805	196	1140
48	4807	196	1140
48	4808	196	1140
48	480A	196	1140
48	480C	196	1140
48	480E	196	1140
48	4899	1	326
48	489C	1	326
48	489E	1	326
48	48A1	1	326
48	48A4	1	326
48	48A5	1	326
48	48A7	1	326
48	48AA	1	326
48	48AD	1	326
48	48AE	1	326
48	48AF	1	326
48	48B0	1	326
48	48B1	1	326
48	48B2	1	326
48	48B3	1	326
48	48B4	1	326
48	48B5	1	326
48	48B6	1	326
48	48B7	1	326
48	48BB	6	1112
48	48E1	5	326
48	48E2	5	326
48	48E5	5	326
48	48E8	5	326
48	48EA	5	326
48	48EC	5	326
48	48EE	80	326
48	48EF	80	326
48	48F2	80	326
48	48F3	80	326
48	48F4	80	326
48	48F5	80	326
48	48FE	80	326
48	48FF	80	326
48	4901	5	326
48	4904	5	326
48	4906	5	326
48	4908	280	326
48	4909	280	326
48	490C	280	326
48	490D	280	326
48	490E	280	326
48	490F	280	326
48	4911	5	326
48	4914	5	326
48	4915	5	326
48	4918	280	326
48	4919	280	326
48	491B	5	326
48	491E	5	326
48	491F	5	326
48	495C	4	1112
48	495F	4	1112
48	4961	4	1112
48	4963	4	1112
48	4964	4	1112
48	4966	4	1112
48	4968	4	1112
48	496A	4	1112
48	496D	4	1112
48	496F	4	1112
48	4971	4	1112
48	4974	4	1112
48	4977	4	1112
48	4978	4	1112
48	4979	4	1112
48	497A	4	1112
48	497B	4	1112
48	497C	4	1112
48	497E	4	1112
48	4981	4	1112
48	4983	4	1112
48	4984	4	1112
48	4986	4	1112
48	4989	4	1112
48	498B	4	1112
48	49DB	1	1762
48	49E1	1	1762
48	49E3	1	1762
48	49E5	1	1762
48	49E8	1	1762
48	49EB	1	1762
48	49ED	1	1762
48	49EE	1	1762
48	49F0	1	1762
48	49F2	1	1762
48	49F4	1	1762
48	49F6	1	1762
48	4A36	1	1762
48	4A38	1	1762
48	4A3B	1	1762
48	4A3E	1	1762
48	4A3F	1	1762
48	4A40	1	1762
48	4A42	1	1762
48	4A45	1	1762
48	4A4B	1	1762
48	4A4D	1	1762
48	4A4E	1	1112
48	4A54	1	1112
48	4A56	1	1112
48	4A58	1	1112
48	4A5B	1	1112
48	4A5E	1	1112
48	4A60	1	1112
48	4A61	1	1112
48	4A63	1	1112
48	4A65	1	1112
48	4A74	1	1112
48	4A76	1	1112
48	4A79	1	1112
48	4A7C	1	1112
48	4A7D	1	1112
48	4A7E	1	1112
48	4A80	1	1112
48	4A83	1	1112
48	4A89	1	1112
48	4A8B	1	1112
48	4AAB	1	22
48	4AAD	1	22
48	4AAF	1	22
48	4AB0	1	22
48	4AB2	1	22
48	4AB4	1	22
48	4AB6	1	22
48	4AB9	1	22
48	4ABB	1	22
48	4ABD	1	22
48	4AC0	1	22
48	4AC3	1	22
48	4AC5	1	22
48	4AC6	32	22
48	4AC7	32	22
48	4AC8	32	22
48	4ACA	1	22
48	4ACB	1	22
48	4ACD	1	22
48	4AD0	1	22
48	4AD2	1	22
48	4AD3	1	22
48	4AD5	1	22
48	4AD8	1	22
48	4ADA	1	22
4E	4658	1	22
4E	465A	1	22
4E	465C	1	22
4E	465F	1	22
4E	4661	1	22
4E	4663	1	22
4E	4666	1	22
4E	4669	1	22
4E	466C	1	22
4E	466F	1	22
4E	4672	1	22
4E	4675	1	22
4E	4678	1	22
4E	467B	1	22
4E	467E	1	22
4E	4681	1	22
4E	4683	1	22
4E	4687	1	22
4E	468A	1	22
4E	468B	1	22
4E	468E	1	22
4E	4691	1	22
4E	4694	1	22
4E	4697	1	22
4E	469A	1	22
4E	469B	1	22
4E	469D	1	22
4E	46A0	1	22
4E	46CF	1	326
4E	46D1	1	326
4E	46D3	1	326
4E	46D6	1	326
4E	46D8	1	326
4E	46DA	1	326
4E	46DD	1	326
4E	46E0	1	326
4E	46E3	1	326
4E	46E6	1	326
4E	46E9	1	326
4E	46EC	1	326
4E	46ED	1	326
4E	46EF	1	326
4E	46F2	1	326
4E	46F3	1	326
4E	46F5	1	326
4E	46F8	1	326
4E	46FB	1	326
4E	46FE	1	326
4E	4701	1	327
4E	4704	1	327
4E	4707	1	327
4E	470A	1	327
4E	470D	1	327
4E	470E	1	327
4E	4710	1	327
4E	4713	1	327
4E	4714	1	327
4E	4716	1	327
4E	4719	1	327
4E	471B	1	327
4E	471C	1	327
4E	471E	1	327
4E	4720	1	327
4E	4722	1	327
4E	4725	1	327
4E	4726	1	327
4E	4728	1	327
4E	4729	1	327
4E	472B	1	327
4E	472E	1	327
4E	472F	1	327
4E	4739	6	22
4E	473C	3376	22
4E	473D	3376	22
4E	473E	3376	22
4E	473F	3376	22
4E	4741	3376	22
4E	4742	3376	22
4E	4743	3376	22
4E	4744	3376	22
4E	4745	3376	22
4E	4746	3376	22
4E	4748	6	22
4E	4795	1	22
4E	4797	1	22
4E	4799	1	22
4E	479C	1	22
4E	479E	1	22
4E	47A0	1	22
4E	47A3	1	22
4E	47A6	1	22
4E	47A9	1	22
4E	47AC	1	22
4E	47AF	1	22
4E	47B0	1	22
4E	47B3	1	22
4E	47B4	1	22
4E	47B7	1	22
4E	47B8	1	22
4E	47BB	1	22
4E	47BC	1	22
4E	47BF	1	22
4E	47C2	1	22
4E	47C5	1	22
4E	47C8	1	22
4E	47CB	1	22
4E	47CE	1	22
4E	47D1	1	22
4E	47D4	1	22
4E	47D5	1	22
4E	47D8	1	22
4E	47D9	1	22
4E	47DC	1	22
4E	47DD	1	22
4E	47E0	1	22
4E	47E1	1	22
4E	47E4	1	22
4E	47E5	1	22
4E	47E7	1	22
4E	47EA	1	22
4F	4000	26	26
4F	4002	26	26
4F	4004	26	26
4F	4006	26	26
4F	4008	26	26
4F	400D	26	26
4F	404B	244	29
4F	404C	244	29
4F	404F	244	29
4F	4052	244	29
4F	4053	244	29
4F	4056	244	29
4F	4057	244	29
4F	405A	244	29
4F	405D	244	29
4F	405E	488	29
4F	405F	488	29
4F	4061	488	29
4F	4063	488	29
4F	4065	244	29
4F	4067	244	29
4F	4069	244	29
4F	406B	244	29
4F	406D	244	29
4F	406F	3904	29
4F	4070	3904	29
4F	4071	3904	29
4F	4072	3904	29
4F	4073	3904	29
4F	4074	3904	29
4F	4075	3904	29
4F	4076	3904	29
4F	4077	3904	29
4F	4078	3904	29
4F	4079	3904	29
4F	407A	3904	29
4F	407B	3904	29
4F	407C	3904	29
4F	407D	3904	29
4F	407E	3904	29
4F	407F	3904	29
4F	4080	3904	29
4F	4082	488	29
4F	4083	13312	27
4F	4086	13312	27
4F	4087	13312	27
4F	4088	13312	27
4F	4089	13312	27
4F	408A	13312	27
4F	408B	13312	27
4F	408E	11776	27
4F	408F	11776	27
4F	4090	11776	27
4F	4093	11008	27
4F	4094	11008	27
4F	4097	11008	27
4F	4098	11008	27
4F	4099	11008	27
4F	409B	11008	27
4F	409D	11008	27
4F	409E	11008	27
4F	40A0	11008	27
4F	40A2	11008	27
4F	40A3	11008	27
4F	40A4	11008	27
4F	40A5	11008	27
4F	40A7	11008	27
4F	40A9	11008	27
4F	40AA	11008	27
4F	40AB	11008	27
4F	40AD	11008	27
4F	40AE	11008	27
4F	40B0	11008	27
4F	40B1	11008	27
4F	40B2	11008	27
4F	40B4	11008	27
4F	40B7	11008	27
4F	40B8	11008	27
4F	40B9	11008	27
4F	40BB	11008	27
4F	40BD	11008	27
4F	40BE	11008	27
4F	40C0	11008	27
4F	40C2	11008	27
4F	40C3	11008	27
4F	40C4	11008	27
4F	40C5	11008	27
4F	40C7	11008	27
4F	40C9	11008	27
4F	40CA	11008	27
4F	40CB	11008	27
4F	40CD	11008	27
4F	40CE	11008	27
4F	40D0	11008	27
4F	40D1	11008	27
4F	40D2	11008	27
4F	40D4	11008	27
4F	40D5	11008	27
4F	40D7	11008	27
4F	40D8	11008	27
4F	40DA	11008	27
4F	40DD	11008	27
4F	40DF	11008	27
4F	40E0	11008	27
4F	40E2	11008	27
4F	40E4	11008	27
4F	40E6	11008	27
4F	40E7	11008	27
4F	40E9	11008	27
4F	40EC	11008	27
4F	40EE	11008	27
4F	40EF	11008	27
4F	40F0	11008	27
4F	40F2	11008	27
4F	40F4	11008	27
4F	40F5	11008	27
4F	40F6	11008	27
4F	40F8	11008	27
4F	40F9	11008	27
4F	40FB	11008	27
4F	40FC	11008	27
4F	40FE	11008	27
4F	40FF	11008	27
4F	4101	11008	27
4F	4103	11008	27
4F	4105	11008	27
4F	4106	11008	27
4F	4108	11008	27
4F	410B	11008	27
4F	410D	11008	27
4F	410E	11008	27
4F	4110	11008	27
4F	4111	11008	27
4F	4112	11008	27
4F	4113	11008	27
4F	4115	11008	27
4F	4116	11008	27
4F	4118	11008	27
4F	4119	11008	27
4F	411A	11008	27
4F	411C	1536	41
4F	411F	1536	41
4F	4120	1536	41
4F	4121	1536	41
4F	4123	1536	41
4F	4124	1536	41
4F	4126	12544	27
4F	4129	12544	27
4F	412A	12544	27
4F	412C	12544	27
4F	412D	12544	27
4F	412F	12544	27
4F	4130	12544	27
4F	4131	768	322
4F	4134	768	322
4F	4135	768	322
4F	4136	768	322
4F	4138	768	322
4F	4139	768	322
4F	413B	768	322
4F	413E	768	322
4F	413F	768	322
4F	4141	768	322
4F	4142	768	322
4F	4144	768	322
4F	4145	768	322
4F	4146	33024	27
4F	4147	33024	27
4F	4149	21799	27
4F	414A	21799	27
4F	414B	21799	27
4F	414E	21799	27
4F	414F	21799	27
4F	4150	21799	27
4F	4151	21799	27
4F	4152	21799	27
4F	4153	33024	27
4F	4156	33024	27
4F	4157	33024	27
4F	4158	33024	27
4F	415A	264192	27
4F	415B	264192	27
4F	415D	87008	27
4F	415E	264192	27
4F	4160	264192	27
4F	4162	264192	27
4F	4163	264192	27
4F	4165	33024	27
4F	4166	24	27
4F	4169	24	27
4F	416B	24	27
4F	416D	12	308
4F	416E	12	308
4F	4171	12	308
4F	4172	12	308
4F	4175	12	308
4F	4176	12	308
4F	4179	12	308
4F	417C	12	308
4F	417E	12	27
4F	417F	12	27
4F	4182	12	27
4F	4183	12	27
4F	4186	12	27
4F	4187	12	27
4F	418A	12	27
4F	418B	12	27
4F	418E	24	27
4F	4191	24	27
4F	41C2	24	27
4F	41C5	24	27
4F	41C8	24	27
4F	41CA	1536	27
4F	41CD	1536	27
4F	41CE	1536	27
4F	41D1	1536	27
4F	41D2	1536	27
4F	41D5	1536	27
4F	41D6	1536	27
4F	41D7	1536	27
4F	41DA	1536	27
4F	41DB	1536	27
4F	41DC	1536	27
4F	41DD	1536	27
4F	41DF	24	27
4F	41E0	232	27
4F	41E3	232	27
4F	41E4	232	27
4F	41E5	208	27
4F	41E6	208	27
4F	41E8	208	27
4F	41EA	116	27
4F	41ED	116	27
4F	41EE	116	27
4F	41F0	24	27
4F	41F3	24	27
4F	41F5	24	27
4F	41F7	12	42
4F	41F8	12	42
4F	41FB	12	42
4F	41FE	12	42
4F	4201	12	42
4F	4203	12	27
4F	4206	12	27
4F	4209	12	27
4F	420A	104	27
4F	420D	104	27
4F	420E	104	27
4F	4211	104	27
4F	4213	92	308
4F	4216	92	308
4F	4217	92	308
4F	4219	12	322
4F	421A	12	322
4F	421D	12	322
4F	4220	12	322
4F	4221	12	322
4F	4224	12	322
4F	4226	80	308
4F	4229	80	308
4F	422A	80	308
4F	422D	208	27
4F	4230	208	27
4F	4261	208	27
4F	4264	208	27
4F	4267	208	27
4F	4269	208	27
4F	426A	208	27
4F	426B	208	27
4F	426E	208	27
4F	426F	208	27
4F	4272	208	27
4F	4273	13312	27
4F	4274	13312	27
4F	4275	13312	27
4F	4276	13312	27
4F	4277	13312	27
4F	4278	13312	27
4F	427A	208	27
4F	427B	208	27
4F	427C	208	27
4F	427F	13312	27
4F	4282	13312	27
4F	4283	13312	27
4F	4284	13312	27
4F	4287	13312	27
4F	4288	13312	27
4F	428A	208	28
4F	428C	208	28
4F	428D	208	28
4F	42B4	11	27
4F	42B6	11	27
4F	42B8	11	27
4F	42B9	11	27
4F	42BB	11	27
4F	42BD	11	27
4F	42BF	11	27
4F	42C1	11	27
4F	42C4	11	27
4F	42C7	11	27
4F	42CA	11	27
4F	42CD	11	27
4F	42CF	11	27
4F	42D2	11	27
4F	42D5	11	27
4F	42D7	11	27
4F	42DA	11	27
4F	42DD	11	28
4F	42E0	99	28
4F	42E3	99	29
4F	42E6	99	29
4F	42EC	99	29
4F	42ED	99	29
4F	42F0	99	29
4F	42F3	99	30
4F	42F5	11	43
4F	42F7	11	43
4F	42F8	11	43
4F	42FA	11	43
4F	42FC	11	43
4F	42FE	11	43
4F	42FF	1	331
4F	4301	1	331
4F	4303	1	331
4F	4304	1	331
4F	4306	1	331
4F	4308	1	331
4F	430A	1	331
4F	430C	1	331
4F	430F	1	331
4F	4312	1	331
4F	4315	1	331
4F	4318	1	331
4F	431A	1	331
4F	431D	1	331
4F	4320	1	331
4F	4322	1	331
4F	4325	1	331
4F	4328	1	332
4F	432B	17	332
4F	432E	17	333
4F	4331	17	333
4F	4337	17	333
4F	4338	17	333
4F	433B	17	333
4F	433E	17	334
4F	4340	1	363
4F	4342	1	363
4F	4343	1	363
4F	4345	1	363
4F	4347	1	363
4F	4349	1	363
4F	4370	10	308
4F	4372	10	308
4F	4374	10	308
4F	4375	10	308
4F	4377	10	308
4F	4379	10	308
4F	437B	10	308
4F	437D	10	308
4F	4380	10	308
4F	4383	10	308
4F	4386	10	308
4F	4389	10	308
4F	438B	10	308
4F	438E	10	308
4F	4391	10	308
4F	4393	10	308
4F	4396	10	308
4F	4399	80	309
4F	439C	80	310
4F	439F	80	310
4F	43A5	80	310
4F	43A6	80	310
4F	43A9	80	310
4F	43AC	80	311
4F	43AE	10	323
4F	43B0	10	323
4F	43B1	10	323
4F	43B3	10	323
4F	43B5	10	323
4F	43B7	10	323
4F	4572	2	21660
4F	4573	2	21660
4F	4575	2	21660
4F	4576	2	21660
4F	4578	6	21660
4F	4579	6	21660
4F	457B	6	21660
4F	457D	2	21660
4F	457F	2	21660
4F	4580	2	21660
4F	4582	2	21660
4F	4583	12	21660
4F	4586	12	21660
4F	4587	12	21660
4F	4588	12	21660
4F	4589	12	21660
4F	458A	12	21660
4F	458C	12	21660
4F	458E	12	21660
4F	4590	3	21669
4F	4592	3	21669
4F	4594	3	21669
4F	4595	12	21660
4F	4596	12	21660
4F	4597	12	21660
4F	4598	12	21660
4F	4599	12	21660
4F	459A	12	21660
4F	459B	12	21660
4F	459C	12	21660
4F	459E	12	21660
4F	45A0	12	21660
4F	45A1	12	21660
4F	45A2	12	21660
4F	45A3	12	21660
4F	45A4	12	21660
4F	45A5	12	21660
4F	45A6	12	21660
4F	45A8	12	21660
4F	45A9	12	21660
4F	45AA	12	21660
4F	45AC	12	21660
4F	45AE	12	21660
4F	45AF	12	21660
4F	45B1	12	21660
4F	45B4	12	21661
4F	45B5	12	21661
4F	45B6	12	21661
4F	45B7	12	21661
4F	45B9	12	21661
4F	45BA	12	21661
4F	45BB	12	21661
4F	45BC	12	21661
4F	45BD	12	21661
4F	45BE	12	21661
4F	45BF	12	21661
4F	45C0	12	21661
4F	45C1	12	21661
4F	45C2	12	21661
4F	45C3	12	21661
4F	45C5	2	21667
4F	45C6	2	21672
4F	45C8	2	21672
4F	45CA	2	21672
4F	45CB	2	21672
4F	45CD	2	21672
4F	45CF	2	21672
4F	45D1	2	21672
4F	45D3	12	21672
4F	45D6	12	21672
4F	45D7	216	21672
4F	45D8	216	21672
4F	45DA	216	21672
4F	45DB	216	21672
4F	45DC	216	21672
4F	45DE	216	21672
4F	45DF	216	21672
4F	45E0	216	21672
4F	45E1	216	21672
4F	45E2	216	21672
4F	45E6	216	21672
4F	45E7	216	21672
4F	45E8	216	21672
4F	45EA	12	21672
4F	45EB	12	21672
4F	45EC	12	21672
4F	45EE	12	21672
4F	45EF	12	21672
4F	45F1	12	21672
4F	45F2	12	21672
4F	45F3	12	21672
4F	45F5	12	21672
4F	45F6	12	21672
4F	45F7	12	21672
4F	45F8	12	21672
4F	45FA	2	21672
4F	45FC	2	21672
4F	45FD	2	21672
4F	45FF	2	21672
4F	4601	2	21672
4F	4603	2	21672
4F	4604	1	21645
4F	4606	1	21645
4F	4608	1	21645
4F	4609	1	21645
4F	460B	12	21645
4F	460C	12	21645
4F	460D	12	21645
4F	460E	12	21645
4F	4610	12	21645
4F	4612	12	21645
4F	4614	3	21645
4F	4616	3	21645
4F	4618	3	21645
4F	4619	12	21645
4F	461A	12	21645
4F	461B	12	21645
4F	461C	12	21645
4F	461D	12	21645
4F	461E	12	21645
4F	461F	12	21645
4F	4620	12	21645
4F	4622	12	21645
4F	4624	12	21645
4F	4625	12	21645
4F	4626	12	21645
4F	4627	12	21645
4F	4628	12	21645
4F	4629	12	21645
4F	462A	12	21645
4F	462C	12	21645
4F	462D	12	21645
4F	462E	12	21645
4F	4630	12	21645
4F	4632	12	21645
4F	4635	216	21645
4F	4636	216	21645
4F	4637	216	21645
4F	4638	216	21645
4F	4639	216	21645
4F	463A	216	21645
4F	463B	216	21645
4F	463C	216	21645
4F	463D	216	21645
4F	463E	216	21645
4F	463F	216	21645
4F	4640	216	21645
4F	4641	216	21645
4F	4642	216	21645
4F	4643	216	21645
4F	4644	216	21645
4F	4645	216	21645
4F	4646	216	21645
4F	4647	216	21645
4F	4648	216	21645
4F	4649	216	21645
4F	464A	216	21645
4F	464B	216	21645
4F	464C	216	21645
4F	464D	216	21645
4F	464E	216	21645
4F	464F	216	21645
4F	4650	216	21645
4F	4651	216	21645
4F	4652	216	21645
4F	4653	216	21645
4F	4654	216	21645
4F	4655	216	21645
4F	4656	216	21645
4F	4658	12	21645
4F	4659	12	21645
4F	465A	12	21645
4F	465B	12	21645
4F	465C	12	21645
4F	465E	1	21645
4F	4660	1	21645
4F	4661	1	21645
4F	4663	1	21645
4F	4665	1	21645
4F	4667	1	21645
4F	4717	1	8
4F	4718	1	8
4F	4719	1	8
4F	471A	1	8
4F	471C	1	8
4F	471E	1	8
4F	4720	1	8
4F	4722	1	8
4F	4724	1	8
4F	4726	1	8
4F	4728	1	8
4F	472A	1	8
4F	472C	1	8
4F	472E	1	8
4F	4731	1	8
4F	4734	1	8
4F	4735	1	8
4F	4738	1	8
4F	473B	1	8
4F	473E	1	8
4F	473F	1	8
4F	4742	1	8
4F	4744	1	8
4F	4746	1	8
4F	4749	1	8
4F	474C	1	8
4F	474D	1	8
4F	4750	1	10
4F	4752	1	10
4F	4754	6	10
4F	4755	6	10
4F	4757	6	10
4F	475A	6	10
4F	475D	6	10
4F	475E	6	10
4F	4761	6	11
4F	4762	6	11
4F	4763	6	11
4F	4765	1	14
4F	4766	1	14
4F	4768	1	14
4F	476A	1	14
4F	476D	1	14
4F	4770	1	14
4F	4771	1	14
4F	4774	1	15
4F	4776	1	15
4F	4778	1	15
4F	477A	1	15
4F	477C	1	15
4F	477E	1	15
4F	4780	1	16
4F	4783	1	16
4F	4786	1	16
4F	4789	1	16
4F	478A	1	16
4F	478D	1	16
4F	4793	1	16
4F	4796	1	16
4F	4798	1	16
4F	479A	1	16
4F	479B	1	16
4F	479D	1	16
4F	479F	1	16
4F	47A1	1	16
4F	47A2	1	16
4F	47A3	1	17
4F	47A4	1	17
4F	47A5	1	17
4F	47A7	1	17
4F	47A9	1	17
4F	47AC	1	17
4F	47AF	1	17
4F	47B2	1	17
4F	47B5	1	17
4F	47B6	1	17
4F	47B9	1	17
4F	47BC	1	17
4F	47BF	1	17
4F	47C0	1	17
4F	47C3	1	17
4F	47C6	1	17
4F	47C7	1	17
4F	47C8	1	17
4F	47CB	1	17
4F	47CE	1	17
4F	47D1	1	17
4F	47D2	1	17
4F	47D4	1	17
4F	47D6	1	17
4F	47D8	1	17
4F	47D9	1	17
4F	47DA	1	17
4F	47DC	1	17
4F	47DE	6	17
4F	47DF	6	17
4F	47E1	6	17
4F	47E2	6	17
4F	47E5	6	17
4F	47E8	6	17
4F	47EB	6	18
4F	47EE	6	18
4F	47EF	6	18
4F	47F0	6	18
4F	47F2	1	22
4F	47F3	1	22
4F	47F6	1	22
4F	47FC	1	22
51	404A	1	22084
51	404D	1	22085
51	404F	1	22085
51	4051	1	22085
51	4053	1	22085
51	4054	1	22085
51	4056	1	22085
51	4058	1	22085
51	405A	1	22085
51	405C	1	22085
51	405E	1	22085
51	4060	1	22085
51	4066	1	22085
51	4069	1	22085
51	406C	1	22085
51	406D	1	22085
51	4070	1	22085
51	4073	1	22085
51	4075	1	22085
51	4077	1	22085
51	407A	1	22085
51	407D	1	22085
51	407F	1	22085
51	4081	1	22085
51	4083	1	22085
51	4089	1	22086
51	408C	1	22086
51	408F	1	22086
51	4091	1	22086
51	4093	1	22086
51	4095	1	22086
51	409B	1	22087
51	409E	1	22087
51	40A1	1	22087
51	40A4	1	22087
51	40A6	1	22087
51	40AC	1	22087
51	40AF	1	22087
51	40B2	1	22087
51	40B5	1	22087
51	40B7	1	22087
51	40BD	1	22087
51	4105	1	22087
51	4108	1	22087
51	4109	1	22087
51	410B	1	22087
51	410D	1	22087
51	4110	1	22087
51	4117	1	22087
51	4119	1	22087
51	411C	1	22087
51	411E	1	22087
51	4120	1	22087
51	4123	1	22087
51	4128	1	22087
51	4129	1	22087
51	412B	1	22087
51	412E	1	22087
51	4131	1	22087
51	4134	1	22087
51	4137	1	22087
51	4138	1	22087
51	413B	1	22087
51	413E	1	22087
51	4140	1	22087
51	4142	1	22087
51	4145	1	22087
51	414A	1	22087
51	414C	1	22087
51	414D	1	22087
51	414F	1	22087
51	4150	1	22087
51	4152	1	22087
51	4155	1	22087
51	4158	1	22087
51	4159	1	22087
51	415C	1	22087
51	415E	1	22087
51	4161	1	22088
51	4167	1	22088
51	416D	1	22104
51	4170	1	22104
51	4172	1	22104
51	4174	1	22104
51	4176	1	22104
51	4177	1	22104
51	4179	1	22104
51	417B	1	22104
51	417E	1	22104
51	4181	1	22104
51	4182	1	22104
51	4184	1	22104
51	4196	1	22104
51	4197	1	22104
51	4199	299	22104
51	419F	299	22104
51	41A2	298	22105
51	41A8	298	22105
51	41AE	298	22105
51	41D8	3	22087
51	41D9	3	22087
51	41DA	3	22087
51	41DC	3	22087
51	41DE	3	22087
51	41DF	3	22087
51	41E1	3	22087
51	41E3	3	22087
51	41E4	3	22087
51	41F3	3	22087
51	41F4	3	22087
51	41F5	3	22087
51	41F6	3	22087
51	41F7	3	22087
51	41F8	3	22087
51	41F9	3	22087
51	41FA	3	22087
51	41FB	3	22087
51	41FC	3	22087
51	41FD	3	22087
51	41FE	2	22087
51	41FF	2	22087
51	4200	2	22087
51	4201	2	22087
51	4202	2	22087
51	4203	2	22087
51	4205	2	22087
51	4206	2	22087
51	4208	2	22087
51	420A	2	22087
51	420B	2	22087
51	420C	2	22087
51	420D	2	22087
51	420E	2	22087
51	4211	2	22087
51	4212	2	22087
51	4214	2	22087
51	4215	2	22087
51	4218	2	22087
51	4219	2	22087
51	421A	2	22087
51	421B	2	22087
51	421E	2	22087
51	421F	2	22087
51	4221	2	22087
51	4222	2	22087
51	4223	2	22087
51	4224	2	22087
51	4239	2	22084
51	423A	2	22084
51	423D	2	22084
51	423E	2	22084
51	423F	2	22084
51	4240	2	22084
51	4241	2	22084
51	4242	2	22084
51	4243	2	22084
51	4244	2	22084
51	4245	1	2831
51	4246	1	2831
51	4249	1	2831
51	424C	1	2831
51	424F	1	2831
51	4252	1	2831
51	4255	1	2831
51	4258	1	2831
51	425B	1	2831
51	425E	1	2831
54	4000	2	3415
54	4002	2	3415
54	4005	2	3415
54	4008	2	3415
54	4009	2	3415
54	400A	2	3415
54	400B	2	3415
54	400C	2	3415
54	400D	2	3415
54	4010	2	3415
54	403D	1	2850
54	403F	1	2850
54	4042	1	2850
54	4044	1	2850
54	4047	1	2850
54	4048	1	2850
54	404B	1	2850
54	404E	1	2850
54	404F	1	2850
54	4050	1	2850
54	4051	1	2850
54	4054	1	2850
54	4056	1	2850
54	405C	1	2850
54	405D	237	2955
54	4060	237	2955
54	4062	237	2955
54	4064	237	2955
54	4066	237	2955
54	4068	233	2955
54	406A	233	2955
54	4071	4	2998
54	4074	4	2998
54	4075	4	2998
54	4076	4	2998
54	4077	4	2998
54	4079	3	3159
54	407A	3	3159
54	407C	2	3160
54	407D	2	3160
54	407F	1	3192
54	4080	1	3192
54	4086	1	2998
54	4089	1	2998
54	408B	1	2998
54	4091	1	2998
54	4093	1	2998
54	4094	1	3159
54	4097	1	3159
54	4099	1	3159
54	409F	1	3159
54	40A2	1	3159
54	40A4	1	3159
54	40A5	1	3159
54	40A7	1	3159
54	40B7	1	3160
54	40BA	1	3160
54	40BB	1	3160
54	4102	1	3160
54	4103	1	3160
54	4106	1	3160
54	410C	1	3160
54	410F	1	3160
54	4115	1	3160
54	4118	1	3160
54	411E	1	3160
54	4121	1	3160
54	4127	1	3160
54	4129	1	3160
54	412C	1	3160
54	4132	1	3160
54	4134	1	3160
54	4135	1	3192
54	4138	1	3192
54	4139	1	3192
54	413A	1	3192
54	4141	1	3159
54	4142	1	3159
54	4145	1	3159
54	4147	1	3159
54	414A	1	3159
54	414D	1	3159
54	4153	1	3159
54	4156	1	3159
54	4158	1	3159
54	4176	1	3159
54	4178	1	3159
54	417B	1	3159
54	417D	1	3159
54	4180	1	3159
54	4183	1	3159
54	4185	1	3159
54	418B	1	3159
54	418C	1	21805
54	418E	1	21805
54	4191	1	21805
54	4193	1	21805
54	4196	1	21805
54	4197	1	21805
54	419A	1	21805
54	419C	1	21805
54	41A2	1	21805
54	41A3	143	21806
54	41A6	143	21806
54	41A8	143	21806
54	41AA	143	21806
54	41AC	143	21806
54	41AE	142	21806
54	41B0	142	21806
54	41B7	1	21948
54	41B9	1	21948
54	41BF	1	21948
54	41C2	1	21948
54	41C3	1	21948
54	41C4	1	21948
54	423C	1	21948
54	423E	1	21948
54	4241	1	21948
54	4243	1	21948
54	4246	1	21948
54	4247	1	21948
54	424A	1	21948
54	424D	1	21948
54	424F	1	21948
54	425A	1	21948
54	425D	1	21948
54	425F	1	21948
54	4261	1	21948
54	4262	1	21948
54	4265	1	21948
54	4266	1	21949
54	4269	1	21949
54	426B	1	21949
54	426D	1	21949
54	426F	1	21949
54	427A	1	21949
54	427C	1	21949
54	4282	1	21949
54	4285	1	21949
54	4286	1	21949
54	4287	1	21949
54	44AC	18062	3415
54	44AF	18062	3415
54	44B0	18062	3415
54	44B2	18028	3415
54	44B5	18028	3415
54	44B6	18028	3415
54	44B9	18028	3415
54	44BA	18028	3415
54	44BC	18027	3415
54	44BD	18027	3415
54	44BF	1	21590
54	44C1	18028	3415
54	44C2	18028	3415
54	44C3	1	21590
54	44C4	1	21590
54	44C5	1	21590
54	44C8	1	21590
54	44C9	1	21590
54	44CC	1	21590
54	44CE	1	21590
54	44D4	1	21590
54	44D6	1	21590
54	44D7	34	21591
54	44D8	34	21591
54	44DB	34	21591
54	44DD	34	21591
54	44DF	34	21591
54	44E1	34	21591
54	44E3	33	21591
54	44E5	33	21591
54	44E6	1	21624
54	44E8	1	21624
54	44EB	1	21624
54	44EC	1	21624
54	44EF	1	21624
54	44F0	1	21624
54	44F1	1	21624
54	44F2	1	21624
54	44F5	1	21624
54	44F7	1	21624
54	485C	1	3415
54	485F	1	3415
54	4861	1	3415
54	4864	1	3415
54	4866	1	3415
54	4869	1	3415
54	486A	1	3415
54	486D	1	3415
54	4870	1	3415
54	4873	1	3415
54	4879	1	3415
54	487C	1	3415
54	4882	1	3415
54	4885	1	3415
54	4887	1	3415
54	4889	1	3415
54	488C	1	3415
54	488E	1	3415
54	4894	1	3415
54	489B	28	3415
54	489E	28	3415
54	48A4	28	3415
54	48A7	28	3415
54	48A9	28	3415
54	48AB	28	3415
54	48AD	28	3415
54	48AF	26	3415
54	48B1	26	3415
54	48B8	2	3436
54	48BB	2	3436
54	48BC	2	3436
54	48BD	2	3436
54	48BE	2	3436
54	48C0	1	3442
54	48C1	1	3442
54	48F9	1	3436
54	48FB	1	3436
54	48FE	1	3436
54	4904	1	3436
54	4906	1	3436
54	4907	1	3442
54	490A	1	3442
54	490B	1	3442
54	490C	1	3442
54	490F	1	3442
54	4910	1	3442
54	4911	1	3442
54	4912	1	3442
54	4913	1	3442
54	4914	1	3442
54	4915	1	3442
54	4916	1	3442
54	4919	1	3442
54	491A	1	3442
54	491B	1	3442
54	491C	1	3442
54	491F	1	3442
54	4920	1	3442
54	4923	1	3442
54	4924	1	3442
54	4927	1	3442
54	4929	1	3442
54	492C	1	3442
54	492D	1	3442
54	4930	1	3442
54	4933	512	3442
54	4934	512	3442
54	4935	512	3442
54	4936	512	3442
54	4937	512	3442
54	4938	512	3442
54	493A	1	3442
54	493B	1	3442
54	493D	1	3442
54	4940	1	3442
54	4941	1	3442
54	4944	1	3442
54	4947	1	3442
54	4949	1	3442
54	494C	1	3442
54	494E	1	3442
54	4950	1	3442
54	4953	1	3442
54	4955	1	3442
54	4957	1	3442
54	495A	1	3442
54	495D	1	3442
54	4960	1	3442
54	4962	1	3442
54	4968	1	3442
54	4969	18034	3443
54	496C	17999	3443
54	496F	17999	3443
54	4971	17999	3443
54	4973	17999	3443
54	4975	17999	3443
54	4977	17999	3443
54	4979	17999	3443
54	497B	17999	3443
54	497D	17999	3443
57	4000	1	2096
57	4001	1	2096
57	4002	1	2096
57	4003	1	2096
57	4006	1	2096
57	4009	1	2096
57	400C	1	2096
57	4012	1	2096
57	4013	1	2096
57	4014	1	2096
57	4015	1	2096
57	4018	1	2096
57	4019	1	2096
57	401C	1	2096
57	401D	1	2096
57	4020	1	2096
57	4021	1	2096
57	4022	1	2096
57	4023	1	2096
57	4026	1	2096
57	4029	2	2096
57	402B	2	2096
57	402D	2	2096
57	402F	2	2096
57	4031	2	2096
57	4032	2	2096
57	4034	2	2096
57	4036	2	2096
57	4038	2	2096
57	403A	2	2096
57	403C	2	2096
57	403E	2	2096
57	4044	2	2096
57	4046	2	2096
57	4049	2	2096
57	404C	2	2121
57	404F	2	2121
57	4051	2	2121
57	4052	2	2121
57	4054	2	2121
57	4056	2	2121
57	4059	2	2121
57	405C	2	2121
57	405D	2	2121
57	405F	635	2121
57	4062	635	2122
57	4063	635	2122
57	4065	633	2122
57	4068	2	2696
57	406B	2	2711
57	4071	2	2711
57	4074	2	2711
57	4075	2	2711
57	4077	2	2711
57	4079	2	2711
57	407B	1	2711
57	407D	1	2711
57	4082	1	2711
57	4085	1	2711
57	4087	1	2711
57	408A	1	2711
57	4096	1	2816
57	409C	1	2831
57	409F	1	2831
57	40A0	1	2831
57	40A3	1	2831
57	40A4	1	2831
57	40A7	1	2831
57	40A8	1	2831
57	40A9	1	2831
57	40AA	1	2831
57	40AB	1	2831
57	40AE	1	2831
57	40B1	1	2831
57	40B2	1	2831
57	40B5	1	2831
57	40B6	1	2831
57	40B7	1	2831
57	40BA	1	2831
57	40BB	1	2831
57	40BC	1	2831
57	40BF	1	2831
57	40C2	1	2831
57	40C3	4	2831
57	40C4	4	2831
57	40C5	4	2831
57	40C6	4	2831
57	40C9	4	2831
57	40CF	4	2831
57	40D0	4	2831
57	40D2	1	2831
57	40D4	1	2831
57	40D7	1	2831
57	40DD	1	2831
57	40DF	1	2831
57	40E0	635	2121
57	40E3	635	2121
57	40E5	635	2121
57	40E8	635	2121
57	40EE	635	2121
57	40F1	635	2122
57	40F7	635	2122
57	40FD	635	2122
57	40FF	635	2122
57	4100	635	2122
57	4101	2	2696
57	4102	2	2696
57	4105	2	2696
57	4107	2	2696
57	4109	2	2696
57	410C	2	2696
57	410E	2	2696
57	4111	2	2696
57	4114	1	2801
57	4116	1	2801
57	4119	1	2801
57	411B	1	2801
57	411E	1	2801
57	4121	1	2801
57	4123	1	2801
57	41CA	1	2696
57	41CC	1	2696
57	41CE	1	2696
57	41D0	1	2696
57	41D2	1	2696
57	41D4	1	2696
57	41D6	1	2696
57	41DE	1	2696
57	41E0	1	2696
57	41E3	1	2696
57	41E6	1	2696
57	41E8	1	2696
57	41EA	1	2696
57	41EC	1	2696
57	41EF	1	2696
57	41F2	1	2696
57	41F4	1	2696
57	41F5	1	2696
57	41F7	1	2696
57	41F9	1	2696
57	41FA	1	2696
57	41FD	1	2696
57	4443	1	2801
57	4445	1	2801
57	4447	1	2801
57	4453	1	2801
57	4455	1	2801
57	4458	1	2801
57	445A	1	2801
57	445D	1	2801
57	44E4	2	2121
57	44E7	2	2121
57	44E9	2	2121
57	44EB	2	2121
57	44EE	2	2121
57	44F0	2	2121
57	44F3	2	2121
57	44F6	1	2739
57	44F8	1	2739
57	44FB	1	2739
57	44FE	1	2739
57	4500	1	2739
57	4503	1	2739
57	4506	1	2739
57	4508	1	2739
57	4512	1	2121
57	459A	1	2739
57	459C	1	2739
57	459F	1	2739
57	45A2	1	2739
57	45A5	1	2739
57	45A6	1	2739
57	45A9	1	2739
57	45AC	4	2739
57	45AE	4	2739
57	45B1	4	2739
57	45B3	4	2739
57	45B4	4	2739
57	45B5	4	2739
57	45B6	4	2739
57	45B8	1	2739
57	45BB	1	2741
57	45E6	2	2696
57	45E9	2	2696
57	45EC	2	2696
57	45ED	2	2696
57	45F0	2	2696
57	45F3	2	2696
57	45F4	2	2696
57	45F6	2	2696
57	45F8	2	2696
57	45FB	2	2696
57	45FD	2	2696
57	4600	2	2696
57	4603	1	2801
57	4605	1	2801
57	4608	1	2801
57	460B	1	2801
57	460D	1	2801
57	4610	1	2801
57	4613	1	2801
57	4615	1	2801
57	468E	1	2696
57	4691	1	2696
57	4692	1	2696
57	4694	1	2696
57	469A	1	2711
57	469D	1	2711
57	46A0	1	2711
57	46A3	1	2711
57	4771	1	2801
57	4774	1	2801
57	4776	1	2801
57	4777	1	2801
57	477D	1	2816
57	47A6	2	2096
57	47A9	2	2096
57	47AB	2	2096
57	47AD	2	2096
57	47B0	2	2096
57	47B2	2	2096
57	47B5	2	2096
57	47B8	1	2711
57	47BA	1	2711
57	47BD	1	2711
57	47C0	1	2711
57	47C2	1	2711
57	47C5	1	2711
57	47C8	1	2711
57	47CA	1	2711
57	47D1	1	2096
57	47D4	1	2096
57	47D7	1	2096
57	47D9	1	2096
57	47DB	1	2096
57	47DD	1	2096
57	47E3	1	2097
57	47E6	1	2097
57	47E9	1	2097
57	47EB	1	2097
57	47ED	1	2097
57	47EF	1	2097
57	47F5	1	2098
57	47F8	1	2098
57	47FB	1	2098
57	47FE	1	2098
57	4800	1	2098
57	4806	1	2098
57	4809	1	2098
57	480C	1	2098
57	480F	1	2098
57	4811	1	2098
57	4817	1	2098
57	481A	1	2098
57	481D	1	2098
57	481F	1	2098
57	4821	1	2098
57	4827	1	2098
57	482A	1	2098
57	482D	1	2098
57	4830	1	2098
57	4832	1	2098
57	4835	1	2098
57	4838	1	2098
57	483B	1	2098
57	4841	1	2098
57	4843	1	2098
57	4846	1	2098
57	4849	1	2098
57	484C	1	2098
57	4852	1	2098
57	4854	1	2098
57	4856	1	2098
57	4857	1	2098
57	4859	1	2098
57	485B	1	2098
57	485D	1	2098
57	485F	1	2098
57	4860	1	2098
57	4863	1	2098
57	4866	1	2098
57	4869	1	2098
57	486C	1	2098
57	486F	1	2098
57	4871	1	2098
57	4873	1	2098
57	4875	1	2098
57	487B	1	2099
57	487E	1	2099
57	4881	1	2099
57	4883	1	2099
57	4885	1	2099
57	4887	1	2099
57	488D	1	2100
57	488F	1	2100
57	4890	1	2100
57	4892	1	2100
57	4894	1	2100
57	4896	1	2100
57	4898	1	2100
57	489A	1	2100
57	489B	1	2100
57	489D	1	2100
57	489F	1	2100
57	48A1	1	2100
57	48A3	1	2100
57	48A4	1	2100
57	48A7	1	2100
57	48AA	1	2100
57	48AD	1	2100
57	48B0	1	2100
57	48B3	1	2100
57	48B6	1	2100
57	48B8	1	2100
57	48BA	1	2100
57	48BC	1	2100
57	48C2	1	2101
57	48C5	1	2101
57	48C8	1	2101
57	48CA	1	2101
57	48CC	1	2101
57	48CE	1	2101
57	48D4	1	2102
57	48D7	1	2102
57	48DA	1	2102
57	48DC	1	2102
57	48DE	1	2102
57	48E0	1	2102
57	48E6	1	2103
57	48E8	1	2103
57	48E9	1	2103
57	48EB	1	2103
57	48ED	1	2103
57	48EF	1	2103
57	48F2	1	2103
57	48F4	1	2103
57	4914	1	2103
57	4916	1	2103
57	4918	1	2103
57	491A	1	2103
57	491D	1	2103
57	491E	1	2103
57	4921	1	2103
57	4922	1	2103
57	4925	1	2103
57	4928	1	2103
57	4929	1	2103
57	492C	1	2103
57	4932	1	2103
57	4933	1	2103
57	4935	1	2103
57	4936	1	2103
57	4938	1	2103
57	493B	1	2103
57	493C	1	2103
57	493F	1	2103
57	4940	1	2103
57	4942	1	2103
57	4944	1	2103
57	4945	1	2103
57	4947	1	2103
57	494A	1	2103
57	494B	1	2103
57	494E	1	2103
57	4E4C	1	2711
57	4E4F	1	2711
57	4E52	1	2711
57	4E54	1	2711
57	4E56	1	2711
57	4E58	1	2711
57	4E5E	1	2712
57	4E61	1	2712
57	4E64	1	2712
57	4E66	1	2712
57	4E68	1	2712
57	4E6A	1	2712
57	4E70	1	2713
57	4E73	1	2713
57	4E76	1	2713
57	4E78	1	2713
57	4E7A	1	2713
57	4E7C	1	2713
57	4E82	1	2714
57	4E85	1	2714
57	4E88	1	2714
57	4E8B	1	2714
57	4E8D	1	2714
57	4E93	1	2714
57	4E96	1	2716
57	4E99	1	2716
57	4E9C	1	2716
57	4E9F	1	2716
57	4EA1	1	2716
57	4EA7	1	2716
57	4EA9	1	2716
57	4EAB	1	2716
57	4EAC	1	2716
57	4EAE	1	2716
57	4EB0	1	2716
57	4EB2	1	2716
57	4EB4	1	2716
57	4EB5	1	2716
57	4EB8	1	2716
57	4EBB	1	2716
57	4EBE	1	2716
57	4EC1	1	2716
57	4EC4	1	2716
57	4EC6	1	2716
57	4EC8	1	2716
57	4ECA	1	2716
57	4ED0	1	2717
57	4ED3	1	2717
57	4ED6	1	2717
57	4ED8	1	2717
57	4EDA	1	2717
57	4EDC	1	2717
57	4EE2	1	2718
57	4EE4	1	2718
57	4EE5	1	2718
57	4EE7	1	2718
57	4EE9	1	2718
57	4EEB	1	2718
57	4EED	1	2718
57	4EEF	1	2718
57	4EF0	1	2718
57	4EF2	1	2718
57	4EF4	1	2718
57	4EF6	1	2718
57	4EF8	1	2718
57	4EF9	1	2718
57	4EFC	1	2718
57	4EFF	1	2718
57	4F02	1	2718
57	4F05	1	2718
57	4F08	1	2718
57	4F0B	1	2718
57	4F0D	1	2718
57	4F0F	1	2718
57	4F11	1	2718
57	4F17	1	2719
57	4F1A	1	2719
57	4F1D	1	2719
57	4F1F	1	2719
57	4F21	1	2719
57	4F23	1	2719
57	4F29	1	2720
57	4F2C	1	2720
57	4F2F	1	2720
57	4F31	1	2720
57	4F33	1	2720
57	4F35	1	2720
57	4F3B	1	2721
57	4F3D	1	2721
57	4F3E	1	2721
57	4F40	1	2721
57	4F42	1	2721
57	4F44	1	2721
57	4F46	1	2721
57	4F49	1	2721
57	4F4B	1	2721
57	4F4E	1	2721
57	4F50	1	2721
57	4F53	1	2721
57	4F56	1	2721
57	5077	2	2103
57	507A	2	2103
57	507D	2	2103
57	507F	2	2103
57	5081	2	2103
57	5083	2	2103
57	5089	2	2104
57	508C	2	2104
57	508F	2	2104
57	5092	2	2104
57	5094	2	2104
57	509A	2	2104
57	509C	2	2104
57	509F	2	2105
57	50A2	2	2105
57	50A4	2	2105
57	50A6	2	2105
57	50AC	2	2105
57	50B2	2	2121
57	510F	2	2714
57	5112	2	2714
57	5114	2	2714
57	5116	2	2714
57	5119	2	2714
57	511B	2	2714
57	511E	2	2714
57	5121	2	2714
57	5123	2	2714
57	5126	2	2714
57	5129	2	2714
57	512B	2	2714
57	512E	2	2714
57	5131	2	2714
57	5133	2	2714
57	5187	2	2714
57	518A	2	2714
57	518D	2	2714
57	5190	2	2714
57	5192	2	2714
57	5198	2	2714
57	519A	2	2714
57	519D	2	2714
57	51A0	2	2714
57	51A3	2	2714
57	51A9	2	2714
57	51BC	2	2714
57	51BF	2	2714
57	51C0	2	2714
57	51C2	1	2739
57	51C3	1	2739
57	51C4	1	2739
57	51C7	1	2739
57	51C9	4	2739
57	51CA	4	2739
57	51CB	4	2739
57	51CD	1	2739
57	51CE	1	2739
57	51D1	1	2739
57	51D2	4	2739
57	51D3	4	2739
57	51D4	4	2739
57	51D6	1	2739
57	51D7	1	2739
57	51DA	1	2739
57	51DC	4	2739
57	51DD	4	2739
57	51DE	4	2739
57	51E0	1	2739
57	51E1	1	2739
57	51E4	4	2739
57	51E5	4	2739
57	51E6	4	2739
57	51E8	2	2714
57	51EB	2	2714
57	51EE	2	2714
57	51F0	2	2714
57	51F2	2	2714
57	51F4	2	2714
57	51FA	2	2715
57	51FD	2	2715
57	5200	2	2715
57	5202	2	2715
57	5204	2	2715
57	5206	2	2715
57	520C	2	2716
57	546C	2	2696
57	546D	2	2696
57	5470	2	2696
57	5472	2	2696
57	5474	2	2696
57	5477	2	2696
57	5479	2	2696
57	547C	2	2696
57	547F	1	2801
57	5481	1	2801
57	5484	1	2801
57	5487	1	2801
57	5489	1	2801
57	548C	1	2801
57	548F	1	2801
57	5491	1	2801
57	550A	1	2696
57	550B	1	2696
57	550C	1	2696
57	550E	1	2696
57	5510	1	2696
57	5511	1	2696
57	5513	1	2696
57	5515	1	2696
57	5518	1	2696
57	551B	1	2696
57	551C	1	2696
57	551E	1	2696
57	55E0	1	2801
57	55E1	1	2801
57	55E2	1	2801
57	55E4	1	2801
57	55E6	1	2801
57	55E7	1	2801
57	55E9	1	2801
57	55EB	1	2801
57	55EE	1	2801
57	55F1	1	2801
57	55F2	1	2801
57	55F4	1	2801
5C	5150	1	21640
5C	5151	1	21640
5C	5152	1	21640
5C	5153	1	21640
5C	5156	1	21640
5C	5159	1	21640
5C	515C	1	21640
5C	5162	1	21640
5C	5163	1	21640
5C	5164	1	21640
5C	5167	1	21640
5C	5168	1	21640
5C	516B	1	21640
5C	516C	1	21640
5C	516F	1	21640
5C	5171	1	21640
5C	5173	1	21640
5C	5175	1	21640
5C	5176	1	21640
5C	5178	1	21640
5C	517A	1	21640
5C	517C	1	21640
5C	517E	1	21640
5C	5180	1	21640
5C	5182	1	21640
5C	5188	1	21640
5C	518B	1	21640
5C	518E	1	21640
5C	5190	1	21640
5C	5192	1	21640
5C	5194	1	21640
5C	519A	1	21641
5C	519D	1	21641
5C	51A0	1	21641
5C	51A2	1	21641
5C	51A4	1	21641
5C	51A6	1	21641
5C	51AC	1	21642
5C	51AF	1	21642
5C	51B2	1	21642
5C	51B4	1	21642
5C	51B6	1	21642
5C	51B8	1	21642
5C	51BE	1	21644
5C	51C1	1	21644
5C	51C4	1	21644
5C	51C6	1	21644
5C	51C8	1	21644
5C	51CA	1	21644
5C	51D0	1	21645
5C	51D3	1	21645
5C	51D6	1	21645
5C	51D9	1	21645
5C	51DB	1	21645
5C	51E1	1	21645
5C	51E4	1	21645
5C	51E7	1	21645
5C	51EA	1	21645
5C	51EC	1	21645
5C	51F2	1	21645
5C	51F5	1	21672
5C	51F8	1	21673
5C	51FA	1	21673
5C	51FD	1	21674
5C	5203	1	21674
5C	5209	1	21690
5C	520B	1	21690
5C	520C	1	21690
5C	520E	1	21690
5C	5210	1	21690
5C	5213	1	21690
5C	5216	1	21690
5C	5217	1	21690
5C	5219	79	21690
5C	521F	79	21690
5C	5222	79	21691
5C	5228	79	21691
5C	522E	79	21691
5C	523B	78	21691
5C	523E	78	21691
5C	523F	78	21691
5C	5242	78	21691
5C	5244	78	21691
5C	5246	78	21691
5C	5249	78	21691
5C	524C	1	21769
5C	524E	1	21769
5C	524F	1	21769
5C	5251	1	21769
5C	5253	1	21769
5C	5256	1	21769
5C	5259	1	21769
5C	525A	1	21769
5C	525C	1	21769
5C	5262	1	21784
5C	5263	1	21784
5C	5267	1	21645
5C	526A	1	21645
5C	526D	1	21645
5C	5270	1	21645
5C	5276	1	21645
5C	5279	1	21645
5C	527A	1	21645
5C	527D	15	21645
5C	527E	15	21645
5C	5280	15	21645
5C	5283	15	21645
5C	5284	15	21645
5C	5286	14	21645
5C	5287	14	21645
5C	5288	14	21645
5C	5289	14	21645
5C	528B	1	21645
5C	528C	1	21645
5C	528D	1	21645
5C	528F	1	21645
5C	5292	1	21645
5C	5294	1	21645
5C	52AB	1	21645
5C	52AC	1	21645
5C	52AF	1	21645
5C	52B2	1	21645
5C	52B5	1	21645
5C	52B7	1	21645
5C	52BD	1	21645
5C	52C0	1	21645
5C	52C3	1	21645
5C	52C5	1	21645
5C	52C7	1	21645
5C	52CD	1	21645
5C	52D0	1	21645
5C	52D3	1	21645
5C	52D6	1	21645
5C	52D9	1	21645
5C	52DC	1	21645
5C	52DF	1	21645
5C	52E1	1	21645
5C	52E7	1	21645
5C	52E8	1	21645
5C	52EA	1	21645
5C	52ED	1	21645
5C	5302	1	21645
5C	5303	1	21645
5C	5304	1	21645
5C	5305	1	21645
5C	5308	1	21645
5C	5309	1	21645
5C	530C	1	21645
5C	530D	1	21645
5C	530E	1	21645
5C	5310	1	21645
5C	5313	1	21645
5C	5314	1	21645
5C	5316	1	21645
5C	5317	1	21645
5C	5318	1	21645
5C	531E	1	21645
5C	531F	1	21645
5C	5320	1	21645
5C	5323	1	21645
5C	5324	1	21645
5C	5325	1	21645
5C	5326	1	21645
5C	5327	1	21645
5C	5329	1	21645
5C	532A	1	21645
5C	532B	1	21645
5C	532C	1	21645
5C	532D	1	21645
5C	532F	1	21645
5C	5331	1	21645
5C	5333	1	21645
5C	5335	1	21645
5C	5337	1	21645
5C	5339	1	21645
5C	533B	1	21645
5C	533D	1	21645
5C	533E	1	21645
5C	5340	1	21645
5C	5342	1	21645
5C	5344	1	21645
5C	5346	1	21645
5C	5348	1	21645
5C	5349	1	21645
5C	534B	1	21645
5C	534D	1	21645
5C	534F	1	21645
5C	5351	1	21645
5C	5353	1	21645
5C	5355	1	21645
5C	5357	1	21645
5C	5359	1	21645
5C	535B	1	21645
5C	535D	1	21645
5C	535F	1	21645
5C	5361	1	21645
5C	5364	1	21660
5C	5367	1	21660
5C	536A	1	21660
5C	536D	1	21660
5C	5373	1	21667
5C	5376	1	21667
5C	5379	1	21667
5C	537C	1	21667
5C	5382	1	21672
5C	5385	1	21672
5C	5388	1	21672
5C	538B	1	21672
5C	5391	1	21672
5C	5394	1	21672
5C	5397	1	21672
5C	539A	1	21672
5C	53A0	1	21672
5C	53B3	1	21672
5C	53B5	1	21672
5C	53B7	1	21672
5C	53B8	1	21672
5C	53BA	1	21672
5C	53BC	1	21672
5C	53BE	1	21672
5C	53C0	1	21672
5C	53C3	1	21672
5C	53C4	1	21672
5C	53C6	1	21672
5C	53C8	1	21672
5C	53CB	1	21672
5C	53CE	1	21672
5C	53CF	1	21672
5C	53D0	1	21672
5C	53D2	1	21672
5C	53D5	1	21672
5C	53D8	1	21672
5C	53DA	1	21672
5C	53E1	1	21672
5C	53E2	1	21672
5C	53E4	1	21672
5C	53E5	1	21672
5C	53E7	1	21672
5C	53E8	1	21672
5C	53E9	1	21672
5C	53EA	1	21672
5C	53EC	1	21672
5C	53ED	1	21672
5C	53EF	1	21672
5C	53F0	1	21672
5C	53F3	1	21672
5C	53F4	1	21672
5C	53F6	1	21672
5C	53F8	1	21672
5C	53FB	1	21672
5C	53FC	1	21672
5C	53FF	1	21672
5C	5401	1	21672
5C	5407	1	21672
5C	5408	1	21672
5C	5409	1	21672
5C	540B	1	21672
5C	540E	1	21672
5C	540F	1	21672
5C	5412	1	21672
5C	5413	1	21672
5C	5415	1	21672
5C	5417	1	21672
5C	541A	1	21672
5C	541B	1	21672
5C	541C	1	21672
5C	541E	1	21672
5C	5421	1	21672
5C	5423	1	21672
5C	5424	1	21672
5C	5426	1	21672
5C	5428	1	21672
5C	542A	1	21672
5C	542D	1	21672
5C	5430	1	21672
5C	5433	1	21672
5C	5435	1	21672
5C	543B	1	21672
5C	543D	1	21672
5C	5440	1	21673
5C	5441	5	21672
5C	5442	5	21672
5C	5443	5	21672
5C	5446	5	21672
5C	5447	5	21672
5C	5448	5	21672
5C	5449	5	21672
5C	544B	5	21672
5C	544C	5	21672
5C	544D	5	21672
5C	544E	5	21672
5C	544F	5	21672
5C	5451	5	21672
5C	5452	5	21672
5C	5453	5	21672
5C	5454	5	21672
5C	5456	5	21672
5C	5457	5	21672
5C	5458	5	21672
5C	5459	5	21672
5C	545A	5	21672
5C	546F	78	21691
5C	5472	78	21691
5C	5474	78	21691
5C	54A5	78	21691
5C	54A6	78	21691
5C	54A9	78	21691
5C	54AB	78	21691
5C	54AD	78	21691
5C	54B0	78	21691
5C	54B2	78	21691
5C	54B4	78	21691
5C	54B7	78	21691
5C	54B8	78	21691
5C	54BB	78	21691
5C	54BC	78	21691
5C	54EB	78	21691
5C	54EC	78	21691
5C	54ED	78	21691
5C	54EE	78	21691
63	4000	48	21645
63	4001	48	21645
63	4002	48	21645
63	4003	48	21645
63	4004	48	21645
63	4005	48	21645
63	4007	48	21645
63	4008	48	21645
63	400A	48	21645
63	400C	48	21645
63	400E	48	21645
63	4010	48	21645
63	4012	48	21645
63	4014	48	21645
63	4017	48	21645
63	4018	48	21645
63	4019	48	21645
63	401A	48	21645
63	401B	48	21645
63	401C	48	21645
63	401D	48	21645
63	401E	48	21645
63	401F	48	21645
63	4020	48	21645
63	4021	48	21645
63	4023	48	21645
63	4024	48	21645
63	4026	48	21645
63	4028	48	21645
63	4029	48	21645
63	402A	48	21645
63	402B	48	21645
63	402C	48	21645
63	403D	5	21646
63	403F	5	21646
63	4041	5	21646
63	4043	4	21646
63	4045	4	21646
63	4047	4	21646
63	4049	12	21648
63	404B	12	21648
63	404D	12	21648
63	404F	4	21646
63	4051	4	21646
63	4053	4	21646
63	4055	3	21651
63	4057	3	21651
63	4059	3	21651
63	405B	13	21647
63	405D	13	21647
63	405F	13	21647
63	4061	5	21645
63	4063	5	21645
63	4065	5	21645
63	4067	2	21647
63	4069	2	21647
63	406B	2	21647
63	406D	48	21645
63	406E	48	21645
63	406F	48	21645
63	4070	48	21645
63	4071	48	21645
65	4000	1	17
65	4003	1	22
65	4009	1	22
65	400F	1	22
65	4015	1	22
65	4016	1	22
65	4019	1	22
65	401C	1	22
65	401D	1	22
65	401E	1	22
65	4021	1	22
65	4022	1	22
65	4023	1	22
65	4024	1	22
65	4025	1	22
65	4026	1	22
65	4029	1	22
65	402F	1	324
65	4030	1	324
65	4032	1	324
65	4033	1	324
65	4035	1	324
65	4037	1	324
65	4038	1	324
65	4039	1	324
65	403A	1	324
65	403B	1	324
65	4078	1	324
65	407E	1	324
65	407F	1	324
65	4081	1	324
65	4082	1	324
65	4084	1	324
65	4086	1	324
65	4087	1	324
65	4088	1	324
65	4089	1	324
65	408A	1	324
65	408B	1	324
65	416C	1	324
65	4172	1	326
65	4174	1	326
65	4176	1	326
65	417C	1	326
65	417D	1	326
65	417F	1	326
65	4185	1	327
65	4186	1	327
65	4188	1	327
65	41A7	1	327
65	41A9	1	327
67	6369	1	23
67	636B	1	23
67	636D	1	23
67	6373	1	23
67	6379	1	23
67	637C	1	23
67	637F	1	23
67	6381	1	23
67	6383	1	23
67	6385	1	23
67	638B	1	24
67	638E	1	24
67	6391	1	24
67	6393	1	24
67	6395	1	24
67	6397	1	24
67	639D	1	25
67	63A0	1	25
67	63A3	1	25
67	63A5	1	25
67	63A7	1	25
67	63A9	1	25
67	63AF	1	26
67	63B2	1	26
67	63B5	1	26
67	63B8	1	26
67	63BA	1	26
67	63C0	1	26
67	63C3	1	26
67	63C6	1	26
67	63C9	1	26
67	63CB	1	26
67	63D1	1	26
67	63D4	1	26
67	63D7	1	26
67	63DA	1	26
67	63DC	1	26
67	63E2	1	26
67	63E5	1	26
67	63E8	1	26
67	63EA	1	26
67	63EC	1	26
67	63F2	1	26
67	63F5	1	26
67	63F8	1	26
67	63FB	1	26
67	63FD	1	26
67	6400	1	27
67	6401	1	22
67	6404	1	27
67	640A	1	43
67	640C	1	43
67	640D	1	43
67	640F	1	43
67	6411	1	43
67	6414	1	43
67	6417	1	43
67	6418	1	43
67	641A	1	43
67	641D	1	308
67	6423	1	323
67	6425	1	323
67	6426	1	323
67	6428	1	323
67	642A	1	323
67	642D	1	323
67	642E	1	323
67	6430	1	323
67	6433	1	324
67	6436	1	324
67	6437	1	22
67	6439	1	22
67	643B	1	22
67	6441	1	22
67	6447	1	23
67	644D	1	27
67	644E	1	43
67	644F	1	43
67	6452	265	43
67	6458	265	43
67	645B	265	44
67	645D	265	44
67	645F	265	44
67	6460	265	44
67	6462	265	44
67	6464	265	44
67	6466	265	44
67	6468	265	44
67	646B	265	44
67	646C	265	44
67	646E	265	44
67	646F	265	44
67	6471	265	44
67	6473	265	44
67	6475	265	44
67	6476	265	44
67	6477	265	44
67	6479	186	63
67	647B	186	63
67	647D	60	83
67	6480	60	83
67	6481	60	83
67	6483	3	83
67	6485	3	83
67	6486	3	83
67	6488	3	83
67	648A	3	83
67	648D	3	83
67	6490	3	83
67	6491	3	83
67	6493	3	83
67	6495	3	83
67	6498	3	83
67	649A	79	44
67	649B	79	44
67	649E	265	44
67	64A1	265	44
67	64A2	265	44
67	64A4	265	44
67	64A5	265	44
67	64A7	265	44
67	64A9	265	44
67	64AA	265	44
67	64AB	265	44
67	64AC	265	44
67	64AD	265	44
67	64B4	1	44
67	64B7	1	44
67	64BA	1	44
67	64BC	1	44
67	64BF	1	44
67	64C1	1	44
67	64C4	1	44
67	64C7	126	45
67	64CA	126	45
67	64CC	126	45
67	64CF	126	45
67	64D1	126	45
67	64D4	1	170
67	64D6	1	170
67	64D8	1	170
67	64DB	1	170
67	64DD	1	170
67	64DF	1	170
67	64E2	1	170
67	64E5	1	170
67	64E8	1	170
67	64EA	1	170
67	64ED	1	170
67	64EF	1	170
67	64F2	1	170
67	64F5	138	171
67	64F8	138	171
67	64FA	138	171
67	64FD	138	171
67	64FF	138	171
67	6502	1	308
67	6503	1	308
67	6505	1	308
67	6508	1	308
67	650A	1	308
67	650D	1	308
67	6513	1	308
67	6514	1	308
67	6516	1	308
67	6518	1	308
67	651C	1	308
67	651F	1	308
68	4010	1	2850
68	4011	1	2850
68	4014	1	2850
68	4017	1	2850
68	4018	1	2850
68	4019	1	2850
68	401C	1	2850
68	401D	1	2850
68	401E	1	2850
68	401F	1	2850
68	4020	1	2850
68	431A	1	308
68	431C	1	308
68	431E	1	308
68	4321	1	308
68	4323	1	308
68	4325	1	308
68	4326	1	308
68	4328	1	308
68	432A	1	308
68	432C	1	308
68	432F	1	308
68	4332	1	308
68	4334	1	308
68	4336	1	308
68	4339	1	308
68	433B	1	308
68	433D	1	308
68	4340	1	308
68	4342	1	308
68	4345	1	308
68	4348	1	308
68	434A	1	308
68	434C	1	308
68	434F	1	308
68	4350	1	308
68	4352	1	308
68	4354	1	308
68	4355	1	308
68	4357	1	308
68	435A	1	308
68	435C	1	308
68	435D	1	308
68	435F	1	308
68	4362	1	308
68	4364	1	308
68	4469	1	3160
68	446A	1	3160
68	446B	1	3160
68	446C	1	3160
68	446D	1	3160
68	44D0	1	3159
68	44D2	1	3159
68	44D4	1	3159
68	44D5	1	3159
68	44D7	1	3159
68	44D9	1	3159
68	44DB	1	3159
68	44DE	1	3159
68	44E0	1	3159
68	44E2	1	3159
68	44E5	1	3159
68	44E8	1	3159
68	44EA	1	3159
68	44EB	1	3159
68	44ED	1	3159
68	44EE	1	3159
68	44F0	1	3159
68	44F3	1	3159
68	44F5	1	3159
68	44F6	1	3159
68	44F8	1	3159
68	459A	1	308
68	459C	1	308
68	459E	1	308
68	45A1	1	308
68	45A3	1	308
68	45A5	1	308
68	45A6	1	308
68	45A8	1	308
68	45AA	1	308
68	45AC	1	308
68	45AF	1	308
68	45B2	1	308
68	45B5	1	308
68	45B7	190	308
68	45B8	190	308
68	45B9	190	308
68	45BA	190	308
68	45BC	190	308
68	45BD	190	308
68	45BE	190	308
68	45BF	190	308
68	45C1	1	308
68	45C2	1	308
68	45C3	1	308
68	45C4	1	308
68	45C5	1	308
68	45C6	1	308
68	45C8	1	308
68	45C9	1	308
68	45CA	1	308
68	45CC	1	308
68	45CE	1	308
68	45CF	1	308
68	45D1	1	308
68	45D4	1	308
68	45D6	1	308
68	45D7	1	308
68	45D9	1	308
68	45DC	1	308
68	45DE	1	308
68	4870	1	324
68	4873	1	324
68	4874	1	324
68	4876	1	324
68	4877	1	324
68	4879	1	324
68	487B	1	324
68	487C	1	324
68	487D	1	324
68	487E	1	324
68	487F	1	324
68	4880	1	324
68	4883	1	324
68	4885	1	324
68	4887	1	324
68	4888	1	324
68	488A	1	324
68	488C	1	324
68	488E	1	324
68	488F	1	324
68	4891	1	324
68	4893	1	324
68	4895	1	324
68	4898	1	324
68	489A	1	324
68	489C	1	324
68	489F	1	324
68	48A0	1	324
68	48A1	1	324
68	48A3	1	324
68	48A4	1	324
68	48A6	1	324
68	48A9	1	324
68	48AB	1	324
68	48AD	1	324
68	48AE	1	324
68	48B0	1	324
68	48B3	1	324
68	48B5	1	324
68	48B6	1	324
68	48B8	1	324
68	48BA	1	324
68	48BC	1	324
68	48BE	1	324
68	48C0	1	324
68	48C2	1	324
68	48CE	1	324
68	48D0	1	324
68	48DE	1	324
68	48E1	1	324
68	48E4	1	324
68	48E5	1	324
68	48ED	1	324
68	48F0	1	324
68	48F2	1	324
68	4950	1	324
68	4952	1	324
68	4954	1	324
68	4955	1	324
68	4957	1	324
68	4959	1	324
68	495B	1	324
68	495E	1	324
68	4960	1	324
68	4962	1	324
68	4963	1	324
68	4965	1	324
68	4967	1	324
68	4969	1	324
68	496C	1	324
68	496D	1	324
68	4970	1	324
68	4973	1	324
68	4974	1	324
68	4975	1	324
68	4976	1	324
68	4977	1	324
68	4978	1	324
68	497A	1	324
68	497B	1	324
68	497C	1	324
68	497E	1	324
68	497F	1	324
68	4982	1	324
68	4984	1	324
68	4987	1	324
68	4988	1	324
68	498A	1	324
68	498C	1	324
68	49A0	1	324
68	49A2	1	324
68	49A3	1	324
68	49A5	1	324
68	49A8	1	324
68	49AA	1	324
68	49AC	1	324
68	49AD	1	324
68	49AF	1	324
68	49B2	1	324
68	49B4	1	324
68	49B5	1	324
68	49B6	1	324
68	49B8	1	324
68	49BA	1	324
68	49BB	1	324
68	49BD	1	324
68	49BF	1	324
68	49C1	1	324
68	49C4	1	324
68	49C6	1	324
68	49C8	1	324
68	49C9	1	324
68	49CB	1	324
68	49CD	1	324
68	49CF	1	324
68	49D2	1	324
68	49D5	1	324
68	49D8	1	324
68	49DB	1	324
68	49DC	1	324
68	49DD	1	324
68	49DE	1	324
68	49E1	1	324
68	49E4	1	324
68	49E7	1	324
68	49EA	1	324
68	49EC	1	324
68	49ED	1	324
68	49EF	1	324
68	49F2	1	324
68	49F4	1	324
68	49F6	1	324
68	49F7	1	324
68	49F9	1	324
68	49FC	1	324
68	49FE	1	324
68	49FF	2	324
68	4A02	508	324
68	4A03	508	324
68	4A04	508	324
68	4A05	508	324
68	4A07	508	324
68	4A08	508	324
68	4A09	508	324
68	4A0A	508	324
68	4A0B	508	324
68	4A0C	508	324
68	4A0E	2	324
68	4A0F	1	22
68	4A11	1	22
68	4A13	1	22
68	4A14	1	22
68	4A16	1	22
68	4A18	1	22
68	4A1A	1	22
68	4A1D	1	22
68	4A1F	1	22
68	4A21	1	22
68	4A22	1	22
68	4A24	1	22
68	4A26	1	22
68	4A28	1	22
68	4A2B	1	22
68	4A2C	1	22
68	4A2F	1	22
68	4A32	1	22
68	4A35	1	22
68	4A37	1	22
68	4A38	1	22
68	4A3A	1	22
68	4A3D	1	22
68	4A3F	1	22
68	4A41	1	22
68	4A42	1	22
68	4A44	1	22
68	4A47	1	22
68	4A49	1	22
68	4F8C	1	21640
68	4F8F	1	21640
68	4F90	1	21640
68	4F93	1	21640
68	4F94	1	21640
68	4F97	1	21640
68	4F9D	1	21784
75	4000	981	170
75	4001	981	170
75	4002	981	170
75	4003	981	170
75	4004	981	170
75	4006	37	170
75	4007	38	3160
75	4008	38	3160
75	4009	38	3160
75	400A	38	3160
75	400B	34	3160
75	400C	34	3160
75	400D	34	3160
75	400F	9	3023
75	4010	9	3023
75	4012	9	3023
75	4013	9	3023
75	4014	90	3023
75	4015	90	3023
75	4016	90	3023
75	4017	90	3023
75	4019	82	3023
75	401A	82	3023
75	401B	82	3023
75	401C	82	3023
75	401E	1	3159
75	401F	1	3159
75	4020	9	3023
75	4021	9	3023
75	4022	9	3023
75	4023	9	3023
75	4024	9	3023
75	4025	9	3023
75	4027	9	3023
75	4028	9	3023
75	4029	337	44
75	402A	337	44
75	402D	337	44
75	402E	337	44
75	402F	337	44
75	4030	15	44
75	4031	15	44
75	4034	15	44
75	4036	15	44
75	4038	14	44
75	403A	14	44
75	403C	13	44
75	403E	13	44
75	4040	12	44
75	4041	12	44
75	4044	12	44
75	4047	15	44
75	4049	15	44
75	404A	15	44
75	404D	15	44
75	404E	15	44
75	404F	15	44
75	4052	15	44
75	4053	15	44
75	4054	15	44
75	4057	15	44
75	4058	15	44
75	4059	15	44
75	405C	15	44
75	405D	15	44
75	405E	15	44
75	4060	15	44
75	4061	15	44
75	4063	2	44
75	4065	2	44
75	4066	15	44
75	4069	15	44
75	406C	15	44
75	406D	15	44
75	406E	15	44
75	406F	15	44
75	40B4	351	44
75	40B5	351	44
75	40B6	351	44
75	40B9	351	44
75	40BA	351	44
75	40BD	351	44
75	40BE	351	44
75	40C1	351	44
75	40C2	351	44
75	40C3	351	44
75	40C5	351	44
75	40DA	351	44
75	40DB	351	44
75	40DC	5	44
75	40DD	5	44
75	40DF	5	44
75	40E0	5	44
75	40E1	5	44
75	40E4	5	44
75	40E5	5	44
75	40E6	5	44
75	40E7	5	44
75	40E9	5	44
75	40EB	5	44
75	40F9	5	44
75	40FA	5	44
75	40FC	5	44
75	40FE	5	44
75	40FF	5	44
75	4102	5	44
75	4105	5	44
75	4106	5	44
75	4109	5	44
75	410C	5	44
75	410E	5	44
75	4110	5	44
75	4111	5	44
75	4113	5	44
75	4114	5	44
75	4225	1	21949
75	4227	1	21949
75	422A	1	21949
75	422D	1	21949
75	422F	1	21949
75	4235	2	44
75	4238	2	44
75	4239	2	44
75	423A	2	44
75	423B	2	44
75	423C	2	44
75	423E	2	44
75	4240	2	44
75	4242	2	44
75	4244	2	44
75	4247	2	44
75	424A	2	44
75	424D	2208	44
75	424E	2208	44
75	424F	2208	44
75	4250	2208	44
75	4251	2208	44
75	4252	2208	44
75	4254	2	44
75	4257	2	44
75	4259	2	44
75	425C	2	44
75	425D	2	44
75	425E	2	44
75	4260	2	44
75	4261	2	44
75	4263	2	44
75	4264	2	44
75	4267	2	44
75	4268	2	44
75	4269	2	44
75	426A	2	44
75	426B	2	44
75	426E	2	44
75	426F	2	44
75	4270	2	44
75	4271	2	44
75	4272	2	44
75	4275	2	44
75	4277	2	44
75	427A	2	44
75	427D	2	44
75	427E	2	44
75	4280	2	44
75	4286	2	44
75	4288	2	44
75	428B	2	44
75	4329	1	170
75	432C	1	170
75	432E	1	170
75	4331	1	170
75	4333	1	170
75	4336	1	170
75	4339	1	170
75	433B	1	170
75	433E	1	170
75	433F	1	170
75	4341	1	170
75	4344	1	170
75	4347	1	170
75	4348	1	170
75	4349	1	170
75	434A	1	170
75	434B	1	170
75	434C	1	170
75	434D	1	170
75	434E	1	170
75	434F	1	170
75	4352	1	170
75	4353	1	170
75	4354	1	170
75	4355	1	170
75	4356	1	170
75	4359	1	170
75	435A	1	170
75	435D	1	170
75	4360	1	170
75	4362	1	170
75	4365	1	170
75	4368	1	170
75	436B	1	170
75	436C	1	170
75	436D	1	170
75	4370	1	170
75	4371	1	170
75	4372	1	170
75	4374	1	170
75	4376	1	170
75	437C	1	170
75	437E	1	170
75	437F	1	170
75	4380	1	170
75	4382	1	170
75	4385	1	170
75	4388	1	170
75	438A	1	170
75	438D	1	170
75	4390	5	44
75	4392	5	44
75	4393	5	44
75	4395	5	44
75	4396	5	44
75	4397	5	3160
75	4399	52	3160
75	439A	52	3160
75	439C	52	3160
75	439D	52	3160
75	439E	52	3160
75	43A0	5	3160
75	43A1	5	3160
75	43A2	5	3160
75	43A4	5	3160
75	43A6	5	3160
75	43B1	1	3160
75	43B4	1	3160
75	43B6	1	3160
75	43B9	1	3160
75	43BC	1	3160
75	43BE	1	3160
75	43C1	1	3160
75	43C2	1	3160
75	43C4	1	3160
75	43C7	1	3160
75	43C9	1	3160
75	43CB	1	3160
75	43CE	1	3160
75	43D0	1	3160
75	43D2	1	3160
75	43D5	1	3160
75	43DB	1	3160
75	43DC	1	3160
75	43DE	1	3160
75	43E1	1	3160
75	43E4	1	3160
75	43E7	1	3160
75	43E8	1	3160
75	43EB	1	3160
75	43EE	1	3160
75	43F0	1	3160
75	43F1	1	3160
75	43F3	1	3160
75	43F4	1	3160
75	43F7	1	3160
75	43F8	1	3160
75	43F9	1	3160
75	43FC	1	3160
75	43FE	1	3160
75	4401	1	3160
75	4404	1	3160
75	4407	1	3160
75	4408	1	3160
75	4409	1	3160
75	440A	1	3160
75	440D	1	3160
75	4410	1	3160
75	4411	1	3160
75	4414	1	3160
75	4417	1	3160
75	4418	1	3160
75	4419	1	3160
75	441C	1	3160
75	441E	1	3160
75	4421	1	3160
75	4422	1	3160
75	4423	1	3160
75	4424	1	3160
75	4425	1	3160
75	4426	1	3160
75	4429	1	3160
75	442A	1	3160
75	442C	1	3160
75	442F	1	3160
75	4432	1	3160
75	4434	1	3160
75	4437	8	44
75	443A	8	44
75	443C	8	44
75	448A	1	3160
75	448D	1	3160
75	4490	1	3160
75	4492	1	3160
75	4495	1	3160
75	4496	1	3160
75	4497	1	3160
75	4498	1	3160
75	449B	1	3160
75	449D	1	3160
75	44A3	1	3160
75	44A6	1	3160
75	44A7	1	3160
75	44A8	1	3160
75	44AB	1	3160
75	44AD	1	3160
75	44B0	1	3160
75	44B1	1	3160
75	44B4	1	3160
75	44B5	5	44
75	44B6	5	44
75	44B9	5	44
75	44BC	5	44
75	44BD	5	44
75	44C0	5	44
75	44C3	5	44
75	44C6	5	44
75	44C8	5	44
75	44CB	1	21805
75	44CE	1	21805
75	44D0	1	21805
75	44D3	1	21805
75	44D6	1	21805
75	44D8	1	21805
75	44DA	1	21805
75	44DC	1	21805
75	44DE	1	21805
75	44E0	1	21805
75	44E3	1	21805
75	44E6	1	21805
75	44E8	1	21805
75	44EA	1	21805
75	44EC	1	21805
75	44EF	1	21805
75	44F1	1	21805
75	44F4	1	21805
75	44F7	1	21805
75	44FA	1	21805
75	44FC	1	21805
75	44FF	1	21805
75	4501	1	21805
75	4504	1	21805
75	4507	1	21805
75	4509	1	21805
75	450B	1	21805
75	457D	1	3159
75	457F	1	3159
75	4582	1	3159
75	4583	1	3159
75	4587	1	2998
75	4589	1	2998
75	458C	1	2998
75	458D	1	2998
75	4590	1	2998
75	4591	1	3159
75	4593	1	3159
75	4596	1	3159
75	4597	1	3159
75	459B	3	2998
75	459E	3	2998
75	45A0	3	2998
75	45A2	3	2998
75	45A5	3	2998
75	45A7	3	2998
75	45A9	3	2998
75	45AC	3	2998
75	45AD	3	2998
75	45AE	1	2998
75	45AF	1	2998
75	45B2	1	2998
75	45B3	1	2998
75	45B5	1	2998
75	45B6	1	2998
75	45B9	1	2998
75	45BA	1	2998
75	45BD	1	2998
75	45BE	1	2998
75	45C1	1	2998
75	45C4	1	2998
75	45C5	1	2998
75	45C8	1	2998
75	45CB	1	2998
75	45CD	1	2998
75	45CE	1	2998
75	45D0	1	2998
75	45D1	1	2998
75	45D4	1	2998
75	45D7	1	2998
75	45DA	1	2998
75	45DB	1	2998
75	461A	1	3415
75	461C	1	3415
75	461F	1	3415
75	4620	1	3415
75	4622	1	3415
75	4623	1	3415
75	4631	1	3415
75	4633	1	3415
75	4636	1	3415
75	4637	1	3415
75	4638	1	3415
75	463B	1	3415
75	463E	1	3415
75	4640	1	3415
75	4641	1	3415
75	4643	1	3415
75	4644	1	3415
75	4645	1	3415
75	4648	1	3415
75	464B	1	3415
75	464E	1	3415
75	4651	1	3415
75	4654	1	3415
75	4656	1	3415
75	4659	1	3415
75	465C	1	3415
75	465F	1	3415
75	4661	1	3415
75	4664	1	3415
75	4665	1	3415
75	4666	1	3415
75	4667	1	3415
75	4668	1	3415
75	4669	1	3415
75	466C	1	3415
75	466F	1	3415
75	4670	1	3415
75	4671	1	3415
75	4672	1	3415
75	4673	1	3415
75	4676	1	3415
75	4679	1	3415
75	467B	1	3415
75	46B1	1	3415
75	46B4	1	3415
75	46B6	1	3415
75	46B9	1	3415
75	46BB	1	3415
75	46BE	1	3415
75	46C0	1	3415
75	46C3	1	3415
75	490A	1	3415
75	490D	1	3415
75	490F	1	3415
75	4912	1	3415
75	4915	1	3415
75	4917	1	3415
75	491A	1	3415
75	491D	1	3415
75	491E	1	3415
75	4921	1	3415
75	4922	1	3415
75	4925	1	3415
75	4926	1	3415
75	4928	1	3415
75	492B	1	3415
75	492D	1	3415
75	492F	1	3415
75	4932	1	3415
75	4938	1	3415
75	493B	1	3415
75	493E	1	3415
75	4940	1	3415
75	4943	1	3415
75	4944	1	3415
75	4945	1	3415
75	4948	1	3415
75	494B	1	3415
75	494C	1	3415
75	494D	1	3415
75	494F	9	3415
75	4950	9	3415
75	4951	9	3415
75	4952	9	3415
75	4954	9	3415
75	4956	9	3415
75	4958	1	3415
75	4959	1	3415
75	495B	1	3415
75	495C	1	3415
75	495F	1	3415
75	4960	1	3415
75	4963	1	3415
75	4966	17	3415
75	4967	17	3415
75	4968	17	3415
75	496A	1	3415
75	496D	1	3415
75	496E	1	3415
75	4971	1	3415
75	4974	1	3415
75	4977	1	3415
75	4979	1	3415
75	497C	1	3415
75	497F	1	3415
75	4980	1	3415
75	4983	1	3415
75	4986	1	3415
75	4989	1	3415
75	498B	1	3415
75	498E	1	3415
75	4991	1	3415
75	4994	1	3415
75	4996	1	3415
75	4999	1	3415
75	499C	1	3415
75	499F	1	3415
75	49A1	1	3415
75	49A4	1	3415
75	49A6	1	3415
75	49A9	1	3436
75	49AC	1	3436
75	49AE	1	3436
75	49B1	1	3436
75	49B4	1	3436
75	49B6	1	3436
75	49B9	1	3436
75	49BA	1	3436
75	49BD	1	3436
75	49BE	1	3436
75	49C1	1	3436
75	49C2	1	3436
75	49C5	1	3436
75	49C8	1	3436
75	49CB	1	3436
75	49CE	1	3436
75	49D0	1	3436
75	49D3	1	3436
75	49D5	1	3436
75	49D6	1	3436
75	49D7	1	3436
75	49DA	1	3436
75	49DB	1	3436
75	49DC	1	3436
75	49DF	1	3436
75	49E2	1	3436
75	49E5	1	3436
75	49E6	1	3436
75	49E9	1	3436
75	49EB	1	3436
75	49EE	1	3436
75	49F1	1	3436
75	49F3	1	3436
75	49F6	1	3436
75	49F8	1	3436
75	49FB	1	3436
75	4CA3	1	3442
75	4CA6	1	3442
75	4CA8	1	3442
75	4CB5	1	3442
75	4CB7	1	3442
75	4CBA	1	3442
75	4CBD	1	3442
75	4CBF	1	3442
75	4CC2	1	3442
75	4CC3	1	3442
75	4CC4	1	3442
75	4CC7	1	3442
75	4CC8	1	3442
75	4CCB	1	3442
75	4CCC	1	3442
75	4CCF	1	3442
75	4CD2	1	3442
75	4CD3	1	3442
75	4CD4	1	3442
75	4CD5	1	3442
75	4CD6	1	3442
75	4CD7	1	3442
75	4CD8	1	3442
75	4CD9	1	3442
75	4CDA	1	3442
75	4CDD	1	3442
75	4CDE	1	3442
75	4CDF	1	3442
75	4CE0	1	3442
75	4CE1	1	3442
75	4CE2	1	3442
75	4CE3	1	3442
75	4CE4	1	3442
75	4CE5	1	3442
75	4CE8	1	3442
75	4CEA	1	3442
75	4CEB	1	3442
75	4CED	1	3442
75	4CEE	1	3442
75	4CF0	1	3442
75	4CF1	1	3442
75	4CF2	1	3442
75	4CF3	1	3442
75	4CF4	1	3442
75	4CF5	1	3442
75	4CF6	1	3442
75	4CF7	1	3442
75	4CFA	1	3442
75	4CFD	1	3442
75	4D00	1	3442
75	4D02	1	3442
75	4D05	1	3442
75	4D07	1	3442
75	4D08	1	3442
75	4D09	1	3442
75	4D0C	1	3442
75	4D0D	1	3442
75	4D0E	1	3442
75	4D11	1	3442
75	4D14	1	3442
75	4D17	1	3442
75	4D1A	1	3442
75	4D1D	1	3442
75	4D1E	1	3442
75	4D1F	1	3442
75	4D20	1	3442
75	4D23	1	3442
75	4D24	1	3442
75	4D27	1	3442
75	4D29	1	3442
75	4D2C	1	3442
75	4D2F	1	3442
75	4D31	1	3442
75	4D34	1	3442
75	4D36	1	3442
75	4D39	1	3442
75	4D3C	1	3442
75	4D3D	1	3442
75	4D3E	1	3442
75	4D40	1	3442
75	4D42	1	3442
75	4D43	1	3442
75	4D45	1	3442
75	4D57	1	3442
75	4D59	1	3442
75	4D5A	1	3442
75	4D5B	1	3442
75	4D5C	1	3442
75	4D5E	1	3442
75	4D60	1	3442
75	4D61	1	3442
75	4D63	1	3442
75	4D75	1	3442
75	4D77	1	3442
75	4D78	1	3442
75	4D79	1	3442
75	4D7A	1	3442
75	4D7C	1	3442
75	4D7E	1	3442
75	4D7F	1	3442
75	4D81	1	3442
75	4D83	1	3442
75	4D84	1	3442
75	4D86	1	3442
75	4D91	1	3442
75	4D93	1	3442
75	4D94	1	3442
75	4D95	1	3442
75	4D96	1	3442
75	4D98	1	3442
75	4D99	1	3442
75	4D9B	1	3442
75	4DA2	1	3442
75	4DA3	1	3442
75	4DA5	1	3442
75	4DA6	1	3442
75	4DA7	1	3442
75	4DA8	1	3442
75	4DAA	1	3442
75	4DAB	1	3442
75	4DAC	1	3442
75	4DAD	1	3442
75	4DAE	1	3442
75	4DAF	1	3442
75	4DB1	5	3442
75	4DB2	5	3442
75	4DB4	5	3442
75	4DB6	4	3442
75	4DB7	4	3442
75	4DB8	4	3442
75	4DBC	1	3442
75	4DBE	1	3442
75	4DBF	1	3442
75	4DC1	1	3442
75	4DC2	1	3442
75	4DC3	1	3442
75	4DC6	1	3442
75	4DC7	1	3442
75	4DC8	1	3442
75	4DCB	1	3442
75	4DCC	1	3442
75	4DCE	4	3442
75	4DCF	4	3442
75	4DD0	4	3442
75	4DD2	4	3442
75	4DD4	1	3442
75	4DD5	1	3442
75	4DD8	1	3442
75	4DD9	1	3442
75	561D	1	21590
75	5620	1	21590
75	5621	1	21590
75	5622	1	21590
75	5625	1	21590
75	5626	1	21590
75	5629	1	21590
75	562C	1	21590
75	562D	1	21590
75	5633	1	21590
75	5635	1	21590
75	5637	1	21590
75	5638	1	21590
75	5639	1	21590
75	563A	3	308
75	563D	3	308
75	563F	3	308
75	5642	2	308
75	5643	2	308
75	5646	2	308
75	5647	2	308
75	5648	2	308
75	564B	2	308
75	564E	2	308
75	5651	2	308
75	5654	2208	308
75	5655	2208	308
75	5656	2208	308
75	5657	2208	308
75	5658	2208	308
75	5659	2208	308
75	565B	2	308
75	5671	3706	52
75	5674	3706	52
75	5675	3706	52
75	5676	3706	52
75	5677	3706	52
75	5678	3706	52
75	567B	3706	52
75	567D	3706	52
75	567F	3706	52
75	5682	3706	52
75	5684	3706	52
75	5686	77	3257
75	5689	3706	52
75	568A	3706	52
75	568B	3706	52
75	568C	3706	52
75	568F	3706	52
75	5690	3706	52
75	5691	3706	52
75	5692	3706	52
75	5693	7	169
75	5694	7	169
75	5696	7	169
75	5698	7	169
75	5699	7	169
75	569B	7	169
75	569C	7	169
75	569F	7	169
75	56A2	7	169
75	56A5	7	169
75	56A6	7	169
75	56A9	7	169
75	56AA	7	169
75	56AB	7	169
75	56AC	7	169
75	56AD	5	54
75	56AF	5	54
75	56B6	5	54
75	56B9	5	54
75	56BC	5	54
75	56BD	5	54
75	56BE	5	54
75	56C1	5	54
75	56C2	5	54
75	56C3	5	54
75	56C6	5	54
75	56C7	5	54
75	56C8	5	54
75	56CA	5	54
75	56CB	5	54
75	56CD	5	54
75	56CE	5	54
75	56D1	5	54
75	56D2	331825	44
75	56D5	331825	44
75	56D6	331825	44
75	56D9	331825	44
75	56DA	331825	44
75	56DD	3786	44
75	56E0	3786	44
75	56E1	3786	44
75	56E2	3786	44
75	56E3	3786	44
75	56E4	3786	44
75	56E5	3786	44
75	56E6	3786	44
75	56E7	3786	44
75	56E8	3786	44
75	56EA	3786	44
75	56ED	671	44
75	56EE	671	44
75	56EF	671	44
75	56F2	671	44
75	56F5	671	44
75	56F6	671	44
75	56F8	671	44
75	56F9	671	44
75	56FB	671	44
75	56FC	671	44
75	56FF	338	44
75	5702	338	44
75	5704	338	44
75	5706	338	44
75	5708	338	44
75	5709	338	44
75	570C	338	44
75	570D	338	44
75	570E	338	44
75	5711	338	44
75	5712	338	44
75	5713	338	44
75	5716	338	44
75	5719	338	44
75	571B	338	44
75	571D	5	44
75	5720	5	44
75	5721	5	44
75	5723	333	51
75	5726	333	51
75	5728	333	51
75	572A	333	51
75	572C	333	51
75	572E	333	51
75	5730	333	51
75	5734	333	51
75	5735	333	51
75	5737	333	51
75	573A	333	51
75	573B	333	51
75	573D	333	51
75	573E	333	51
75	5741	333	51
75	5743	333	51
75	5746	333	51
75	5747	333	51
75	574A	333	51
75	574B	333	51
75	574C	333	51
75	574D	333	51
75	5750	333	51
75	5751	333	51
75	5752	333	51
75	5753	333	51
75	5756	333	51
75	5757	333	51
75	5758	333	51
75	5759	333	51
75	575C	333	51
75	575E	333	51
75	5760	7	3256
75	5762	7	3256
75	5764	326	51
75	5767	326	51
75	5769	326	51
75	576B	326	51
75	576D	326	51
75	576F	325	51
75	5771	325	51
75	5773	324	51
75	5775	324	51
75	5777	323	51
75	5779	323	51
75	577F	3	3187
75	5781	333	51
75	5782	333	51
75	5785	5	44
75	5786	5	44
75	5789	5	44
75	578C	5	44
75	578D	5	44
75	578E	5	44
75	578F	5	44
75	5790	5	44
75	5792	15	44
75	5793	15	44
75	5794	15	44
75	5796	15	44
75	5797	15	44
75	5799	5	44
75	579A	5	44
75	579B	5	44
75	579E	5	44
75	579F	5	44
75	57A0	5	44
75	57F4	328039	51
75	57F7	328039	51
75	57F8	328039	51
75	57FA	3706	52
75	57FB	3706	52
75	57FD	2374	52
75	57FE	2374	52
75	5801	1332	52
75	5804	324333	51
75	5807	324333	51
75	5808	324333	51
75	5809	324333	51
75	580B	324000	51
75	580D	324000	51
75	580F	333	52
75	5811	324333	51
75	5813	324333	51
75	5814	324333	51
75	5816	323667	51
75	5818	323667	51
75	581A	323667	51
75	581B	323667	51
75	581E	323667	51
75	581F	323667	51
75	5820	323667	51
75	584C	666	52
75	584D	666	52
75	584F	666	52
75	5850	666	52
75	5852	333	52
75	5853	333	52
75	5854	333	52
75	5855	333	52
75	5858	333	52
75	585A	999	52
75	585B	999	52
75	585C	999	52
75	585E	333	52
75	5861	333	52
75	5863	333	52
75	5870	333	52
75	5873	333	52
75	5874	333	52
75	5877	333	52
75	5878	333	52
75	587A	1332	52
75	587D	1332	52
75	587F	1332	52
75	5880	1332	52
75	5882	333	52
75	5883	333	52
75	5884	333	52
75	5886	333	52
75	5889	333	52
75	588A	333	52
75	588B	333	52
75	588D	8	54
75	588E	8	54
75	5890	1042	52
75	5893	1042	52
75	5896	1042	52
75	5897	1042	52
75	5899	325	52
75	589A	325	52
75	589B	325	52
75	589C	325	52
75	589E	1332	52
75	58A0	1332	52
75	58A1	1332	52
75	58A4	1332	52
75	58A7	1332	52
75	58A8	1332	52
75	58AA	1332	52
75	58AB	1332	52
75	58AD	666	52
75	58B0	666	52
75	58B2	666	52
75	58B3	666	52
75	58B5	666	52
75	58B6	666	52
75	58B7	666	52
75	58C0	666	52
75	58C2	666	52
75	58C3	666	52
75	58C5	333	52
75	58C6	333	52
75	58C7	333	52
75	58C8	331825	44
75	58CB	331825	44
75	58CD	331825	44
75	58CE	2374	52
75	58D0	2374	52
75	58D1	2374	52
75	58D3	2374	52
75	58D6	2374	52
75	58D7	2374	52
75	58D8	2374	52
75	58D9	2374	52
75	58DA	2374	52
75	58DB	2374	52
75	58DE	2374	52
75	58DF	2374	52
75	58E2	2374	52
75	58E5	2374	52
75	58E8	2374	52
75	58E9	2374	52
75	58EA	353662	44
75	58ED	353662	44
75	58EF	353662	44
75	58F2	353662	44
75	58F5	353662	44
75	58F8	353662	44
75	58F9	353662	44
75	58FB	353662	44
75	58FD	352869	51
75	58FE	352869	51
75	58FF	352869	51
75	5900	352869	51
75	5901	352869	51
75	5902	352869	51
75	5904	352869	51
75	5906	352869	51
75	5907	352869	51
75	5908	352869	51
75	5933	353662	44
75	5936	353662	44
75	5938	353662	44
75	593B	349876	44
75	593D	349876	44
75	5940	21837	44
75	5943	21837	44
75	5945	21837	44
75	5948	21834	44
75	594B	21834	44
75	594C	21834	44
75	594F	87	51
75	5950	87	51
75	5951	87	51
75	5954	16	51
75	5957	16	51
75	595A	16	51
75	595C	16	51
75	595F	16	51
75	5961	16	51
75	5963	16	51
75	5964	16	51
75	5966	16	51
75	5969	11	169
75	596B	11	169
75	596D	6	3256
75	596F	6	3256
75	5971	6	3256
75	5974	6	3256
75	5976	6	3256
75	5978	6	3256
75	597A	6	3256
75	5983	6	3256
75	5986	6	3256
75	5990	5	169
75	5991	5	169
75	5992	5	169
75	5995	5	169
75	5997	5	169
75	599A	5	169
75	59FC	5	51
75	59FE	5	51
75	5A01	5	51
75	5A04	5	51
75	5A06	5	51
75	5A09	5	51
75	5A0C	5	51
75	5A0F	5	51
75	5A11	5	51
75	5A14	5	51
75	5A36	328039	51
75	5A39	328039	51
75	5A3A	328039	51
75	5A3B	328039	51
75	5A3D	3706	52
75	5A3F	3706	52
75	5A41	1332	52
75	5A42	1332	52
75	5A44	1332	52
75	5A46	999	52
75	5A48	999	52
75	5A4A	327373	51
75	5A4C	328039	51
75	5A4E	328039	51
75	5A51	324333	51
75	5A54	324333	51
75	5A55	324333	51
75	5A57	1172	3462
75	5A58	1172	3462
75	5A59	1172	3462
75	5AC3	333	52
75	5AC5	333	52
75	5AC7	333	52
75	5ACA	333	52
75	5ACB	333	52
75	5ACD	333	52
75	5AD0	333	52
75	5AD2	333	52
75	5B2B	3786	44
75	5B2E	3786	44
75	5B2F	3786	44
75	5B30	3786	44
75	5B31	3786	44
75	5B32	3786	44
75	5B34	3786	44
75	5B35	3786	44
75	5B36	3786	44
75	5B37	3786	44
75	5B38	331825	44
75	5B3B	331825	44
75	5B3D	331825	44
75	5B3F	331825	44
75	5B41	331825	44
75	5B43	331825	44
75	5B45	353662	44
75	5B46	333	52
75	5B47	333	52
75	5B4A	333	52
75	5B4D	333	52
75	5B50	333	52
75	5B51	333	52
75	5B52	333	52
75	5B55	333	52
75	5B58	333	52
75	5B5A	333	52
75	5B5C	333	52
75	5B5E	7	3257
75	5B61	7	3257
75	5B63	326	52
75	5B66	333	52
75	5B68	333	52
75	5B6C	333	52
75	5B6D	333	52
75	5B70	333	52
75	5B71	333	52
75	5B73	333	52
75	5B76	333	52
75	5B79	333	52
75	5B7B	333	52
75	5B7E	333	52
75	5B80	333	52
75	5B83	31	52
75	5B85	31	52
75	5B88	30	52
75	5B8A	30	52
75	5B8C	29	52
75	5B8E	29	52
75	5B90	28	52
75	5B92	28	52
75	5B94	27	52
75	5B96	27	52
75	5B98	21	52
75	5B9A	21	52
75	5B9C	21	52
75	5B9E	21	52
75	5BA1	13	52
75	5BA3	13	52
75	5BA5	12	52
75	5BA7	12	52
75	5BA9	11	52
75	5BAB	11	52
75	5BAE	6	54
75	5BB0	6	54
75	5BB3	6	54
75	5BB5	6	54
75	5BB8	5	54
75	5BBB	5	54
75	5BBD	5	54
75	5BBF	5	54
75	5BC2	5	54
75	5BC3	5	54
75	5BC6	5	54
75	5BC7	2	3422
75	5BCA	2	3422
75	5BCD	2	3422
75	5BCF	2	3422
75	5BD2	2	3422
75	5BD3	1	21807
75	5BD5	1	21807
75	5BD8	1	21807
75	5BD9	1	3192
75	5BDB	1	3192
75	5BDE	1	3192
75	5BE1	1	3192
75	5BE4	1	3192
75	5BE6	1	3192
75	5BE9	1	21809
75	5BEB	1	21809
75	5BEE	1	21809
75	5BF1	1	21809
75	5BF3	1	21809
75	5BF6	1	21809
75	5BF8	1	21809
75	5BF9	6	186
75	5BFC	6	186
75	5BFD	6	186
75	5BFE	6	186
75	5BFF	6	186
75	5C02	6	186
75	5C03	6	186
75	5C04	6	186
75	5C05	6	186
75	5C06	6	186
75	5C09	6	186
75	5C0B	6	186
75	5C0E	6	186
75	5C20	302	3425
75	5C23	302	3425
75	5C25	302	3425
75	5C28	302	3425
75	5C2B	302	3425
75	5C2C	302	3425
75	5C2F	302	3425
75	5C30	302	3425
75	5C33	302	3425
75	5C36	302	3425
75	5C37	302	3425
75	5C38	302	3425
75	5C39	302	3425
75	5C3C	302	3425
75	5C3D	302	3425
75	5C40	5	3425
75	5C41	5	3425
75	5C44	5	3425
75	5C46	5	3425
75	5CCB	5	3425
75	5CCC	5	3425
75	5CCD	5	3425
75	5CCF	5	3425
75	5CD0	5	3425
75	5CD1	5	3425
75	5CE3	5	3425
75	5CE4	5	3425
75	5CE5	5	3425
75	5CE6	5	3425
75	5CE7	5	3425
75	5CE9	5	3425
75	5CEA	5	3425
75	5CEB	5	3425
75	5CEC	5	3425
75	5CED	5	3425
75	5CF0	5	3425
75	5CF1	5	3425
75	5CF4	5	3425
75	5CF5	5	3425
75	5CF8	5	3425
75	5CF9	5	3425
75	5CFA	5	3425
75	5CFC	5	3425
75	5CFD	5	3425
75	5D00	5	3425
75	5D03	5	3425
75	5D04	5	3425
75	5D05	5	3425
75	5D06	5	3425
75	5D09	5	3425
75	5D0A	5	3425
75	5D0B	5	3425
75	5D0C	5	3425
75	5D0D	5	3425
75	5D10	302	3425
75	5D13	302	3425
75	5D15	302	3425
75	5D25	302	3425
75	5D28	302	3425
75	5D2B	302	3425
75	5D2C	1	3419
75	5D2F	1	3419
75	5D30	1	3419
75	5D33	1	3419
75	5D34	1	3419
75	5D37	1	3419
75	5D39	1	3419
75	5D3C	1	3419
75	5D3E	1	3419
75	5D41	1	3419
75	5D42	5	52
75	5D45	5	52
75	5D48	5	52
75	5D4A	45	52
75	5D4B	45	52
75	5D4C	45	52
75	5D4D	45	52
75	5D4F	45	52
75	5D50	45	52
75	5D51	45	52
75	5D53	5	52
75	5D54	5	52
75	5D55	5	52
75	5D57	5	52
75	5D5A	5	52
75	5D5C	5	52
75	5D5E	5	52
75	5D60	5	52
75	5D62	5	52
75	5D65	5	52
75	5D67	5	52
75	5D6A	5	52
75	5D6E	1	3188
75	5D70	1	3188
75	5D73	1	3188
75	5D76	1	3188
75	5D78	1	3188
75	5D79	8	3186
75	5D7C	8	3186
75	5D7E	8	3186
75	5D80	7	3257
75	5D83	7	3257
75	5D86	7	3257
75	5D89	7	3257
75	5D8A	7	3257
75	5D8D	7	3257
75	5D90	7	3257
75	5D92	7	3257
75	5D93	7	3257
75	5D95	7	3257
75	5D97	7	3257
75	5D98	7	3257
75	5DC9	1	3186
75	5DCC	1	3186
75	5DCD	1	3186
75	5DCE	1	3186
75	5DCF	1	3186
75	5DD2	1	3186
75	5DD3	1	3186
75	5DD6	1	3186
75	5DD9	1	3186
75	5DDA	1	3186
75	5DDB	1	3186
75	5DDE	1	3186
75	5DE1	1	3186
75	5DE2	8	3186
75	5DE4	8	3186
75	5DE6	8	3186
75	5DE7	8	3186
75	5DE8	7	3257
75	5DEA	7	3257
75	5DF3	7	3257
75	5DF5	7	3257
75	5DF8	7	3257
75	5DFA	7	3257
75	5DFC	7	3257
75	5DFF	7	3257
75	5E04	7	3257
75	5E06	7	3257
75	5E07	7	3257
75	5E09	7	3257
75	5E0A	7	3257
75	5E0C	7	3257
75	5E0D	7	3257
75	5E0E	7	3257
75	5E10	7	3257
75	5E11	7	3257
75	5E13	7	3257
75	5E16	7	3257
75	5E18	7	3257
75	5E1E	8	3186
75	5E1F	8	3186
75	5E21	8	3186
75	5E22	8	3186
75	5E23	8	3186
75	5E24	8	3186
75	5E25	8	3186
75	5E26	8	3186
75	5E29	8	3186
75	5E2B	8	3186
75	5E2C	8	3186
75	5E2F	8	3186
75	5E30	8	3186
75	5E31	333	52
75	5F08	7	52
75	5F0B	317	52
75	5F0E	317	52
75	5F10	338	44
75	5F13	338	44
75	5F14	338	44
75	5F17	338	44
75	5F19	338	44
75	5F20	338	44
75	5F22	338	44
75	5F24	338	44
75	5F26	338	44
75	5F27	338	44
75	5F2A	338	44
75	5F2C	338	44
75	5F2E	338	44
75	5F2F	338	44
75	5F32	338	44
75	5F33	338	44
75	5F36	338	44
75	5F37	338	44
75	5F3A	338	44
75	5F3B	338	44
75	5F3E	338	44
75	5F3F	338	44
75	5F42	338	44
75	5F43	338	44
75	5F46	338	44
75	5F47	338	44
75	5F4A	338	44
75	5F4B	338	44
75	5F4E	338	44
75	5F51	338	44
75	5F52	338	44
75	5F53	338	44
75	5F55	338	44
75	5F58	338	44
75	5F59	338	44
75	5F5C	338	44
75	5F5D	338	44
75	5F60	338	44
75	5F62	338	44
75	5F65	338	44
75	5F68	338	44
75	5F6A	338	44
75	5F6B	338	44
75	5F6C	12	170
75	5F6D	12	170
75	5F70	12	170
75	5F71	12	170
75	5F72	12	170
75	5F73	12	170
75	5F75	106	170
75	5F78	106	170
75	5F7A	12	170
75	5F7C	48	170
75	5F7F	48	170
75	5F81	12	170
75	5F82	12	170
75	5F83	12	170
75	5F86	12	170
75	5F87	12	170
75	5F88	12	170
75	5F89	12	170
75	5F8A	12	170
75	5F8B	12	170
75	5F8C	12	170
75	5F8D	12	170
75	5F8E	12	170
75	5F90	12	170
75	5F91	12	170
75	5F92	12	170
75	5F93	12	170
75	5F94	12	170
75	5F95	12	170
75	5F96	154	170
75	5F97	154	170
75	5F98	154	170
75	5F99	154	170
75	5F9A	154	170
75	5F9C	154	170
75	5F9D	154	170
75	5F9E	154	170
75	5F9F	154	170
75	5FA0	7	3256
75	5FA3	7	3256
75	5FA5	7	3256
75	5FA6	7	3256
75	5FA9	7	3256
75	5FAB	7	3256
75	5FAD	7	3256
75	5FAF	7	3256
75	5FB1	7	3256
75	5FB3	7	3256
75	5FD6	7	3256
75	5FD8	7	3256
75	5FDB	7	3256
75	5FDC	7	3256
75	5FDE	7	3256
75	5FE0	7	3256
75	5FE2	7	3256
75	5FE3	7	3256
75	5FE6	7	3256
75	5FE9	7	3256
75	5FEC	7	3256
75	5FEF	7	3256
75	5FF1	7	3256
75	6149	353662	44
75	614C	353662	44
75	614E	353662	44
75	614F	21370	52
75	6152	21370	52
75	6154	21370	52
75	6155	13122	52
75	6156	13122	52
75	6158	13122	52
75	615A	13122	52
75	615C	13122	52
75	615E	13120	52
75	6160	13120	52
75	6162	13120	52
75	6164	13120	52
75	6166	13120	52
75	6168	13120	52
75	616A	13119	52
75	616D	13119	52
75	616F	13119	52
75	6170	13122	52
75	6172	13122	52
75	6174	13122	52
75	6177	13122	52
75	6178	13122	52
75	6179	13122	52
75	617A	13122	52
75	617B	13122	52
75	617C	13122	52
75	617F	13122	52
75	6180	13122	52
75	6181	13122	52
75	6191	2	3419
75	6192	2	3419
75	6195	2	3419
75	6197	2	3419
75	61F1	5122	52
75	61F2	5122	52
75	61F4	5120	54
75	61F5	5120	54
75	61F7	5118	54
75	61F8	5118	54
75	61F9	2	52
75	61FC	2	52
75	61FD	2	52
75	61FF	2	52
75	620B	2	54
75	620E	2	54
75	620F	2	54
75	6210	2	54
75	6211	2	54
75	6214	2	54
75	6216	2	54
75	6218	2	54
75	621A	2	54
75	621B	2	54
75	621D	2	54
75	6221	2	54
75	6223	2	54
75	6226	2	54
75	6227	2	54
75	6229	2	54
75	622A	2	54
75	622B	2	54
75	622C	2	54
75	622D	2	54
75	622E	2	54
75	622F	2	54
75	6230	2	54
75	6235	2	54
75	6238	2	54
75	6239	2	54
75	623A	2	54
75	623D	2	54
75	623F	2	54
75	6241	2	54
75	6264	5	52
75	6266	5	52
75	6269	5	52
75	626C	6	3171
75	626D	6	3171
75	626F	5	3177
75	6270	5	3177
75	6272	4	3184
75	6273	4	3184
75	6275	3	3186
75	6276	3	3186
75	6279	2	3188
75	627A	2	3188
75	627D	1	3192
75	627E	1	3192
75	6287	1	3171
75	628A	1	3171
75	628D	1	3177
75	6290	1	3177
75	6292	1	3177
75	6293	1	3177
75	6295	1	3177
75	6296	1	3177
75	6299	1	3177
75	629C	1	3184
75	629F	1	3184
75	62A0	1	3184
75	62A2	1	3184
75	62A4	1	3184
75	62A5	1	3184
75	62A7	1	3184
75	62A9	1	3184
75	62AB	1	3184
75	62AE	190	3184
75	62AF	190	3184
75	62B0	190	3184
75	62B1	190	3184
75	62B3	190	3184
75	62B4	190	3184
75	62B5	190	3184
75	62B6	190	3184
75	62B8	1	3184
75	62B9	1	3184
75	62BA	1	3184
75	62BC	1	3184
75	62BD	1	3184
75	62BE	1	3184
75	62C0	1	3184
75	62C3	1	3184
75	62C4	1	3184
75	62CB	1	3184
75	62CE	1	3184
75	62D1	1	3184
75	62D3	1	3184
75	62D6	1	3184
75	62D9	1	3184
75	62DB	1	3184
75	62DE	1	3184
75	62E1	1	3184
75	62E2	1	3184
75	62E4	1	3184
75	62E5	1	3184
75	62E7	1	3184
75	62EA	1	3184
75	62EB	1	3184
75	62EC	1	3184
75	62ED	1	3184
75	62F0	1	3184
75	62F2	1	3184
75	62F5	1	3184
75	62F6	1	3184
75	62F9	1	3184
75	630F	1	3186
75	6312	1	3186
75	6314	1	3186
75	6316	1	3186
75	6318	1	3186
75	632C	1	3188
75	632D	1	3188
75	6330	1	3188
75	6332	1	3188
75	6333	1	3188
75	6336	1	3188
75	6338	1	3188
75	633B	1	3192
75	633D	1	3192
75	6340	1	3192
75	6343	1	3192
75	6345	1	3192
75	6347	1	3192
75	6351	1	3186
75	6354	1	3186
75	6356	1	3186
75	6357	1	3186
75	6359	1	3186
75	635C	1	3186
75	635D	1	3186
75	6360	1	3184
75	6363	1	3184
75	6365	1	3184
75	6366	1	3184
75	6368	1	3184
75	6369	1	3184
75	636B	1	3184
75	636E	1	3184
75	6371	6	178
75	6373	6	178
75	6376	6	178
75	63E7	2562	21807
75	63E8	2562	21807
75	63EA	2562	21807
75	63EB	2562	21807
75	63ED	2562	21807
75	63EE	2562	21807
75	63F0	2561	21809
75	63F1	2561	21809
75	63F3	2560	21811
75	63F4	2560	21811
75	63F6	2559	21811
75	63F7	2559	21811
75	641C	1	21807
75	641E	1	21807
75	6421	1	21807
75	6424	1	21809
75	6427	1	21811
75	642A	1	21811
75	642C	1	21811
75	642F	1	21811
75	6430	1	21811
75	6432	1	21811
75	6433	1	21811
75	6436	1	21621
75	6438	1	21621
75	643B	1	21621
75	643E	1	21621
75	6441	1	21621
75	6443	1	21621
75	6446	1	21621
75	6449	1	21621
75	644A	1	21621
75	644B	1	21621
75	644C	1	21621
75	644F	1	21621
75	6451	1	21621
75	6454	1	21621
75	6457	2	3419
75	6458	2	3419
75	645A	1	3422
75	645B	1	3422
75	645E	1	3419
75	6460	1	3419
75	6463	1	3419
75	6466	1	3419
75	6469	1	3419
75	646A	1	3419
75	646C	1	3419
75	6491	1	3419
75	6493	1	3419
75	6496	1	3419
75	6499	1	3419
75	649C	1	3422
75	649F	1	3422
75	64A1	1	3422
75	64D4	1	3422
75	64D5	1	3422
75	64D8	1	3422
75	64DB	1	3422
75	64DC	1	3422
75	64DF	1	3422
75	64E0	1	3422
75	64E3	1	3422
75	64E4	1	3422
75	6654	1	3422
75	6657	1	3422
75	6659	1	3422
75	665A	1	3422
75	665B	1	3422
75	665E	1	3422
75	6661	1	3422
75	6664	1	3422
75	6667	1	3422
75	666A	1	3422
75	666B	1	3422
75	666C	1	3422
75	666E	1	3422
75	6671	1	3422
75	6674	1	3422
75	6677	1	3422
75	6678	1	3422
75	667B	1	3422
75	667C	1	3422
75	667D	1	3422
75	667F	1	3422
75	6680	1	3422
75	6681	1	3422
75	6684	1	3422
75	6687	1	3422
75	6688	1	3422
75	668B	1	3422
75	668C	1	3422
75	668D	1	3422
75	668F	1	3422
75	6690	1	3422
75	6691	1	3422
75	6694	1	3422
75	6697	1	3422
75	669A	1	3422
75	669C	1	3422
75	669F	1	3422
75	673A	3	3422
75	673C	3	3422
75	673F	4	3422
75	6740	4	3422
75	6743	4	3422
75	6744	4	3422
75	6745	4	3422
75	6747	4	3422
75	6748	4	3422
75	674A	4	3422
75	674B	4	3422
75	674D	4	3422
75	674E	4	3422
75	674F	4	3422
75	67DB	298	3422
75	67DE	298	3422
75	67E0	298	3422
75	67F7	7	3425
75	67FA	7	3425
75	67FD	7	3425
75	67FE	7	3425
75	6800	7	3425
75	6801	7	3425
75	6802	7	3425
75	6804	7	3425
75	6805	4	3425
75	6807	4	3425
75	6808	4	3425
75	681D	7	3425
75	681E	7	3425
75	681F	7	3425
75	6822	7	3425
75	6823	7	3425
75	6824	7	3425
75	6826	4	3425
75	6827	4	3425
75	6829	4	3425
75	6840	4	3425
75	6843	7	3425
75	6844	7	3425
75	6845	7	3425
75	6846	4	3425
75	6848	4	3425
75	6849	4	3425
75	684B	4	3425
75	684E	4	3425
75	684F	4	3425
75	6851	4	3425
75	6854	4	3425
75	68E9	2	3435
75	68EC	2	3435
75	68EE	2	3435
75	68F0	2	3435
75	6974	2	3415
75	6976	2	3415
75	6977	2	3415
75	6978	2	3415
75	6979	2	3415
75	697B	2	3415
75	697C	2	3415
75	697D	2	3415
75	697E	2	3415
75	69B2	5	3425
75	69B3	5	3425
75	69B5	4	3428
75	69B6	4	3428
75	69B8	2	3433
75	69B9	2	3433
75	69C0	1	3425
75	69C3	1	3425
75	69C5	1	3425
75	69C8	1	3425
75	69CA	1	3425
75	69CC	1	3425
75	69CF	1	3425
75	69D2	1	3425
75	69D4	1	3425
75	69D5	1	3425
75	69D7	1	3425
75	69D9	1	3425
75	69DC	1	3425
75	69DF	2	3428
75	69E0	2	3428
75	69E3	2	3428
75	69E5	1	3430
75	69E8	1	3430
75	69EA	1	3430
75	69EC	1	3430
75	69EF	1	3430
75	69F2	1	3430
75	69F4	1	3430
75	69F5	1	3430
75	69F7	1	3430
75	69FA	1	3430
75	69FD	2	3433
75	6A00	2	3433
75	6A02	1	3435
75	6A05	1	3435
75	6A07	1	3435
75	6A09	1	3435
75	6A0B	1	3435
75	6A0E	1	3435
75	6A11	1	3435
75	6A13	1	3435
75	6A14	2	3428
75	6A17	2	3428
75	6A19	2	3428
75	6A1B	2	3428
75	6A1E	2	3428
75	6A1F	2	3428
75	6A22	2	3428
75	6A6C	2	3439
75	6A6D	2	3439
75	6A70	2	3439
75	6A73	2	3439
75	6A75	1	3441
75	6A78	1	3441
75	6A79	1	3441
75	6A7B	1	3441
75	6A7D	3	3441
75	6A7E	3	3441
75	6A80	3	3441
75	6A82	1	3441
75	6A85	1	3441
75	6A88	1	3441
75	6A89	1	3441
75	6A8C	1	3441
75	6A8D	1	3441
75	6A8E	1	3441
75	6A8F	1	3441
75	6A90	1	3441
75	6A91	1	3441
75	6A92	1	3441
75	6A95	1	3441
75	6A98	1	3441
75	6A99	1	3441
75	6A9A	1	3441
75	6A9B	1	3441
75	6A9C	1	3441
75	6A9D	1	3441
75	6A9E	1	3441
75	6A9F	1	3441
75	6AA0	1	3441
75	6AA1	1	3441
75	6AA2	1	3441
75	6AA3	1	3441
75	6AA5	1	3441
75	6AA8	1	3441
75	6AAB	1	3439
75	6AAE	1	3439
75	6AB0	1	3439
75	6AB2	1	3439
75	6AB5	1	3439
75	6AB6	1	3439
75	6AB9	1	3439
75	6AC2	2	3441
75	6AC5	2	3441
75	6AC6	2	3441
75	6AC9	2	3441
75	6ACA	2	3441
75	6ACD	2	3441
75	6ACE	2	3441
75	6AD1	2	3441
75	6AD4	5	3441
75	6AD5	5	3441
75	6AD7	5	3441
75	6AD9	4	3441
75	6ADB	4	3441
75	6ADD	3	3441
75	6ADF	3	3441
75	6AE0	3	3441
75	6AE2	3	3441
75	6AE4	3	3441
75	6AE6	3	3441
75	6AE7	3	3441
75	6AEA	3	3441
75	6AEB	3	3441
75	6AEE	3	3441
75	6AEF	3	3441
75	6AF2	3	3441
75	6AF4	3	3441
75	6AF6	3	3441
75	6AF8	3	3441
75	6AFA	3	3441
75	6AFC	3	3441
75	6AFE	3	3441
75	6B01	3	3441
75	6B02	3	3441
75	6B03	3	3441
75	6B06	3	3441
75	6B07	3	3441
75	6B08	3	3441
75	6B0B	3	3441
75	6B0C	3	3441
75	6B0D	3	3441
75	6B0E	3	3441
75	6B0F	3	3441
75	6B10	3	3441
75	6B12	3	3441
75	6B13	3	3441
75	6B14	3	3441
75	6B16	3	3441
75	6B17	3	3441
75	6B18	3	3441
75	6B1A	2	3441
75	6B1B	2	3441
75	6B1E	2	3441
75	6B1F	2	3441
75	6B22	2	3441
75	6B23	2	3441
75	6B26	2	3441
75	6C02	294	3444
75	6C03	294	3444
75	6C0D	294	3444
75	6C10	294	3444
75	6C12	294	3444
75	6C19	294	3444
75	6C1C	294	3444
75	6C1E	294	3444
75	6D05	294	3444
75	6D08	294	3444
75	6D0A	294	3444
75	6D0D	294	3444
75	6D10	294	3444
75	6D11	294	3444
75	6D14	294	3444
75	74DB	2563	3007
75	74DC	2563	3007
75	74DE	2562	3014
75	74DF	2562	3014
75	74E1	2561	3021
75	74E2	2561	3021
75	74E4	2560	3023
75	74E5	2560	3023
75	74E7	2559	3023
75	74E8	2559	3023
75	74E9	1	3007
75	74EC	1	3007
75	74EF	1	3014
75	74F2	1	3014
75	74F4	1	3014
75	74F5	1	3014
75	74F7	1	3014
75	74F8	1	3014
75	74FB	1	3014
75	74FE	1	3021
75	7501	1	3023
75	7504	1	3023
75	7505	1	3023
75	7507	1	3023
75	7509	1	3023
75	750A	1	3023
75	750C	1	3023
75	750E	1	3023
75	7510	1	3023
75	7513	190	3023
75	7514	190	3023
75	7515	190	3023
75	7516	190	3023
75	7518	190	3023
75	7519	190	3023
75	751A	190	3023
75	751B	190	3023
75	751D	1	3023
75	751E	1	3023
75	751F	1	3023
75	7521	1	3023
75	7522	1	3023
75	7523	1	3023
75	7525	1	3023
75	7528	1	3023
75	7529	1	3023
75	752C	1	3023
75	752D	1	3023
75	7530	1	3023
75	7531	1	3023
75	7534	1	3023
75	7536	1	3023
75	7538	1	3023
75	753A	1	3023
75	7540	1	3023
75	7542	1	3023
75	7545	1	3023
75	7554	3	3023
75	7555	3	3023
75	7556	3	3023
75	7557	3	3023
75	7558	3	3023
75	7559	3	3023
75	755A	3	3023
75	755D	3	3023
75	755E	3	3023
75	755F	1	3023
75	7561	1	3023
75	7564	1	3023
75	7566	1	3023
75	7569	1	3023
75	756C	1	3023
75	756D	1	3023
75	756E	1	3023
75	756F	1	3159
75	7571	1	3159
75	7574	1	3159
75	7576	1	3159
75	7579	1	3159
75	757C	1	3159
75	757E	1	3159
75	7581	1	3159
75	7584	1	3159
75	7587	1	3159
75	7589	1	3159
75	758C	1	3159
75	758F	1	3159
75	7590	1	3159
75	7593	1	3159
75	7596	1	3159
75	7598	1	3159
75	759B	1	3159
75	759E	1	3159
75	759F	1	3159
75	75A2	1	3159
75	75A5	1	3159
75	75A7	1	3159
75	75AA	1	3159
75	75AD	3	3159
75	75AF	5	3159
75	75B0	5	3159
75	75B2	5	3159
75	75B4	5	3159
75	75B6	5	3159
75	75B8	3	3159
75	75BA	3	3159
75	75BC	3	3159
75	75BF	3	3159
75	75C1	3	3159
75	75C4	3	3159
75	75C5	3	3159
75	75C6	3	3159
75	75C7	3	3159
75	75C9	3	3159
75	75CB	3	3159
75	75CD	2	3159
75	75CF	2	3159
75	75D1	2	3159
75	75D4	2	3159
75	75D6	2	3159
75	75D9	2	3159
75	75DA	2	3159
75	75DB	2	3159
75	75DC	2	3159
75	75DE	3	3159
75	75DF	3	3159
75	75E0	3	3159
75	75E1	3	3159
75	75E2	1	3159
75	75E4	1	3159
75	7634	2563	178
75	7635	2563	178
75	7637	2562	186
75	7638	2562	186
75	763A	2561	190
75	763B	2561	190
75	763D	2560	191
75	763E	2560	191
75	7640	2559	191
75	7641	2559	191
75	7642	1	178
75	7645	1	178
75	7648	1	186
75	764B	1	186
75	764C	1	186
75	764E	1	186
75	7650	1	186
75	7655	1	186
75	7658	1	186
75	765A	1	186
75	765B	1	186
75	765D	1	186
75	765E	1	186
75	7661	1	186
75	7663	1	186
75	7666	1	186
75	7669	1	186
75	766A	1	186
75	766B	1	186
75	766C	1	186
75	766F	1	186
75	7670	1	186
75	7671	1	186
75	7672	1	186
75	7675	1	186
75	7676	1	186
75	7677	1	186
75	767A	1	186
75	767D	1	190
75	7680	1	191
75	7E04	3	21621
75	7E05	3	21621
75	7E07	3	21621
75	7E08	3	21621
75	7E0A	2	21621
75	7E0B	2	21621
75	7E0D	1	21621
75	7E0E	1	21621
75	7E2F	1	21621
75	7E32	1	21621
75	7E33	1	21621
75	7E36	1	21621
75	7E38	1	21621
75	7E3A	1	21621
75	7E3C	1	21621
75	7E3E	1	21621
75	7E40	1	21621
75	7E47	1	21623
75	7E48	1	21623
75	7E4B	1	21623
75	7E4E	1	21623
75	7E50	1	21623
75	7E53	1	21623
75	7E55	1	21623
75	7E58	1	21623
75	7E5B	1	21623
75	7E5C	1	21623
75	7E5E	1	21623
75	7E60	1	21623
75	7E61	1	21623
75	7E64	1	21623
75	7E66	1	21623
75	7E69	1	21623
75	7E6A	1	21621
75	7E6D	1	21621
75	7E6F	1	21621
75	7E71	1	21621
75	7E72	1	21621
75	7E74	1	21621
75	7E77	1	21621
7C	7B7C	1	1112
7C	7B82	1	1112
7C	7B83	1	1112
7C	7B84	1	1112
7C	7B85	1	1112
7C	7B8B	1	1762
7C	7B9A	1	1762
7C	7BB7	1	1762
7C	7BBD	1	1762
7C	7BBE	1	1762
7C	7BBF	1	1762
7C	7BC0	1	1762
7C	7BC6	1	2096
7C	7BDA	1	2096
7C	7BDC	1	2096
7C	7BDE	1	2096
7C	7BE4	1	2096
7C	7BEA	1	2096
7C	7BEB	1	2096
7C	7BEE	1	2096
7C	7BF4	1	2096
7C	7BF5	1	2096
7C	7BF7	1	2096
7C	7C6A	1	2096
7D	7B7C	21338	327
7D	7B7E	21338	327
7D	7B80	21338	327
7D	7B82	21338	327
7D	7B84	21338	327
7D	7B86	21338	327
7D	7B88	21338	327
7D	7B89	21338	327
7D	7B8B	21338	327
7D	7B8D	21338	327
7D	7B8F	21338	327
7D	7B91	21338	327
7D	7B93	21338	327
7D	7B95	21338	327
7D	7B97	21338	327
7D	7B99	21338	327
7D	7B9B	21338	327
7D	7B9C	21338	327
7D	7B9E	21338	327
7D	7B9F	21338	327
7D	7BA1	21338	327
7D	7BA3	21338	327
7D	7BA4	1836	1142
7D	7BA6	1836	1142
7D	7BA7	1836	1142
7D	7BA9	4	1142
7D	7BAA	4	1142
7D	7BAD	1836	1142
7D	7BB0	1836	1142
7D	7BB1	1836	1142
7D	7BB3	1020	1142
7D	7BB6	1836	1142
7D	7BB7	19502	327
7D	7BB8	19502	327
7D	7BB9	19502	327
7D	7BBA	19502	327
7D	7BBD	19502	327
7D	7BBE	19502	327
7D	7BBF	19502	327
7D	7BC0	19502	327
7D	7BC1	21338	327
7D	7BC4	21338	327
7D	7BC6	21338	327
7D	7BC7	21338	327
7D	7BC8	21338	327
7D	7BCA	21338	327
7D	7BCB	21338	327
7D	7BCD	21338	327
7D	7BD0	21338	327
7D	7BD2	21338	327
7D	7BD4	170704	327
7D	7BD7	170704	327
7D	7BD9	170704	327
7D	7BDB	12	460
7D	7BDC	12	460
7D	7BDD	12	460
7D	7BDE	12	460
7D	7BE4	170704	327
7D	7BE5	170704	327
7D	7BE7	170704	327
7D	7BE8	170704	327
7D	7BEA	21338	327
7D	7BEC	21338	327
7D	7BED	21338	327
7D	7BEF	21338	327
7D	7BF0	2	16
7D	7BF1	2	16
7D	7BF3	2	16
7D	7BF5	2	16
7D	7BF7	2	16
7D	7BF9	2	16
7D	7BFC	2	16
7D	7BFE	2	16
7D	7C00	6	16
7D	7C01	6	16
7D	7C04	6	16
7D	7C05	6	16
7D	7C08	6	16
7D	7C0B	6	16
7D	7C0D	48	16
7D	7C0E	48	16
7D	7C0F	48	16
7D	7C11	6	16
7F	405F	48	21645
7F	4065	48	21645
7F	4068	48	21645
7F	406B	48	21645
7F	406E	48	21646
7F	4071	48	21646
7F	4072	48	21645
7F	4073	48	21645
7F	4074	48	21645
7F	4076	48	21645
7F	4078	35	21647
7F	407A	35	21647
7F	407C	13	21645
7F	407E	48	21645
7F	407F	48	21645
7F	4081	48	21645
7F	4087	48	21645
7F	4089	48	21645
7F	408A	48	21645
7F	408C	48	21645
7F	408E	35	21647
7F	4090	35	21647
7F	4092	35	21647
7F	4094	13	21645
7F	4095	13	21645
7F	4097	13	21645
7F	4099	11	21645
7F	409B	11	21645
7F	409D	11	21645
7F	409F	2	21646
7F	40A1	2	21646
7F	40A3	48	21645
7F	40A4	48	21645
7F	40A5	48	21645
7F	40A6	48	21645
7F	40A7	48	21645
7F	40A8	48	21645
7F	40AA	48	21645
7F	40AB	48	21645
7F	40AC	48	21645
7F	40AD	48	21645
7F	40AE	48	21645
7F	40AF	48	21645
7F	40B0	48	21645
7F	40B1	48	21645
7F	40B3	48	21645
7F	40B4	48	21645
7F	40B5	48	21645
7F	40B7	48	21645
7F	40B8	48	21645
7F	40B9	48	21645
7F	40BA	48	21645
7F	40BB	48	21645
7F	40BC	48	21645
7F	40BD	48	21645
7F	40C0	48	21645
7F	40C1	48	21645
7F	40C2	48	21645
7F	40C3	48	21645
7F	40C4	48	21645
7F	40C6	48	21645
7F	40C7	48	21645
7F	40C8	48	21645
7F	40C9	48	21645
7F	40CA	48	21645
7F	40CD	48	21645
7F	40CE	48	21645
7F	40CF	48	21645
7F	40D0	48	21645
7F	40D1	48	21645
7F	40D3	48	21645
7F	40D4	48	21645
7F	40D5	48	21645
7F	40D6	48	21645
7F	40D7	48	21645
7F	40D8	48	21645
7F	40D9	48	21645
7F	40DA	48	21645
7F	40DB	48	21645
7F	40DC	48	21645
7F	40DF	48	21645
7F	40E2	48	21645
7F	40E3	48	21645
7F	40E4	48	21645
7F	40E5	48	21645
7F	40E6	48	21645
7F	40E7	48	21645
7F	40E8	48	21645
7F	40E9	48	21645
7F	40EC	48	21645
7F	40EF	48	21646
7F	40F2	48	21646
7F	40F3	48	21646
7F	40F4	48	21646
7F	40F5	48	21646
7F	40F6	48	21646
7F	40F7	48	21646
7F	40F8	48	21646
7F	41D0	96	21645
7F	41D1	96	21645
7F	41D2	96	21645
7F	41D3	96	21645
7F	41D6	96	21645
7F	41D8	1536	21645
7F	41DA	1536	21645
7F	41DC	1536	21645
7F	41DE	336	21645
7F	41DF	1536	21645
7F	41E1	1536	21645
7F	41E3	1536	21645
7F	41E4	1536	21645
7F	41E6	96	21645
7F	41E7	96	21645
7F	41E8	96	21645
7F	41E9	96	21645
7F	41EA	96	21646
7F	41EB	96	21646
7F	41ED	96	21646
7F	41EF	96	21646
7F	41F1	96	21646
7F	41F3	96	21646
7F	41F4	96	21646
7F	41F5	96	21646
7F	41F6	96	21646
7F	41F8	96	21646
7F	41FB	96	21646
7F	41FC	96	21646
7F	41FD	96	21646
7F	41FE	96	21646
7F	41FF	96	21646
7F	4200	96	21646
7F	4201	96	21646
7F	4275	96	21646
7F	4277	96	21646
7F	4278	1152	21646
7F	427A	1152	21646
7F	427B	1152	21646
7F	427C	1152	21646
7F	427D	1152	21646
7F	427E	1152	21646
7F	427F	1152	21646
7F	4280	1152	21646
7F	4281	1152	21646
7F	4283	96	21646
7F	42C3	96	21646
7F	42C4	96	21646
7F	42C5	96	21646
7F	42C8	96	21646
7F	42C9	96	21646
7F	42CA	96	21646
7F	42CB	96	21646
7F	42CD	96	21646
7F	42CF	96	21646
7F	42D1	96	21646
7F	42D2	96	21646
7F	42D4	96	21646
7F	42D6	96	21646
7F	42D8	96	21646
7F	42DA	96	21646
7F	42DB	96	21646
7F	42DE	96	21646
7F	42E1	576	21646
7F	42E2	576	21646
7F	42E4	480	21646
7F	42E5	480	21646
7F	42E7	96	21646
7F	42E9	96	21646
7F	42EA	96	21646
7F	42EB	96	21646
7F	42EC	96	21646
7F	42EE	96	21646
7F	42F9	96	21646
7F	42FA	96	21646
7F	42FC	96	21646
7F	42FE	96	21646
7F	4300	96	21646
7F	4302	96	21646
7F	4304	96	21646
7F	4306	96	21646
7F	4308	96	21646
7F	430A	96	21646
7F	430C	96	21646
7F	430D	96	21646
7F	430E	96	21646
7F	430F	96	21646
7F	4311	96	21646
7F	4314	96	21646
7F	4315	96	21646
7F	4316	96	21646
7F	4319	96	21646
7F	431C	96	21646
7F	431D	96	21646
7F	431E	96	21646
7F	4321	96	21646
7F	4322	96	21646
7F	4323	96	21646
7F	4324	96	21646
7F	4325	96	21646
7F	4326	96	21646
7F	4327	96	21646
7F	4328	96	21646
7F	432B	96	21646
7F	432C	96	21646
7F	432E	96	21646
7F	432F	96	21646
7F	4330	384	21646
7F	4331	384	21646
7F	4333	288	21646
7F	4335	288	21646
7F	4337	288	21646
7F	4339	96	21646
7F	433A	96	21646
7F	433D	96	21646
7F	433E	96	21646
7F	433F	96	21646
7F	4340	96	21646
7F	4341	96	21646
7F	4342	96	21646
7F	4343	96	21646
7F	4344	96	21646
7F	4345	96	21646
7F	4348	96	21646
7F	4349	96	21646
7F	434A	96	21646
7F	434B	96	21646
7F	434C	96	21646
7F	434D	96	21646
7F	434E	96	21646
7F	434F	96	21646
7F	4350	96	21646
7F	4352	96	21646
7F	4368	96	21646
7F	4369	96	21646
7F	436A	96	21646
7F	436B	96	21646
7F	436C	96	21646
7F	436D	96	21646
7F	4370	96	21646
7F	4371	96	21646
7F	4373	96	21646
7F	4374	96	21646
7F	4375	384	21646
7F	4376	384	21646
7F	4378	288	21646
7F	437A	288	21646
7F	437C	288	21646
7F	437E	96	21646
7F	437F	96	21646
7F	4382	96	21646
7F	4383	96	21646
7F	4384	96	21646
7F	4385	96	21646
7F	4386	96	21646
7F	4387	96	21646
7F	4388	96	21646
7F	4389	96	21646
7F	438A	96	21646
7F	438D	96	21646
7F	438E	96	21646
7F	438F	96	21646
7F	4390	96	21646
7F	4391	96	21646
7F	4392	96	21646
7F	4393	96	21646
7F	4394	96	21646
7F	4395	96	21646
7F	4397	96	21646
7F	43AD	96	21646
7F	43AE	96	21646
7F	43AF	96	21646
7F	43B0	96	21646
7F	43B1	96	21646
7F	43B2	96	21646
7F	43B5	96	21646
7F	43B6	96	21646
7F	43B8	96	21646
7F	43B9	96	21646
7F	43BA	384	21646
7F	43BB	384	21646
7F	43BD	288	21646
7F	43BF	288	21646
7F	43C1	288	21646
7F	43C3	96	21646
7F	43C4	96	21646
7F	43C7	96	21646
7F	43C8	96	21646
7F	43C9	96	21646
7F	43CA	96	21646
7F	43CB	96	21646
7F	43CC	96	21646
7F	43CD	96	21646
7F	43CE	96	21646
7F	43CF	96	21646
7F	43D2	96	21646
7F	43D3	96	21646
7F	43D4	96	21646
7F	43D5	96	21646
7F	43D6	96	21646
7F	43D7	96	21646
7F	43D8	96	21646
7F	43D9	96	21646
7F	43DA	96	21646
7F	43DC	96	21646
7F	43F2	96	21646
7F	43F3	96	21646
7F	43F4	96	21646
7F	43F5	96	21646
7F	43F6	96	21646
7F	43F7	96	21646
7F	43FA	96	21646
7F	43FB	96	21646
7F	43FD	96	21646
7F	43FE	96	21646
7F	43FF	384	21646
7F	4400	384	21646
7F	4402	288	21646
7F	4404	288	21646
7F	4406	288	21646
7F	4408	96	21646
7F	4409	96	21646
7F	440C	96	21646
7F	440D	96	21646
7F	440E	96	21646
7F	440F	96	21646
7F	4410	96	21646
7F	4411	96	21646
7F	4412	96	21646
7F	4413	96	21646
7F	4414	96	21646
7F	4417	96	21646
7F	4418	96	21646
7F	4419	96	21646
7F	441A	96	21646
7F	441B	96	21646
7F	441C	96	21646
7F	441D	96	21646
7F	441E	96	21646
7F	441F	96	21646
7F	4421	96	21646
7F	4437	96	21646
7F	4438	96	21646
7F	4439	96	21646
7F	443A	96	21646
7F	443B	96	21646
7F	443C	96	21646
7F	443F	96	21646
7F	4440	96	21646
7F	4442	96	21646
7F	4443	96	21646
7F	4444	384	21646
7F	4445	384	21646
7F	4447	288	21646
7F	4449	288	21646
7F	444B	288	21646
7F	444D	96	21646
7F	444E	96	21646
7F	4451	96	21646
7F	4452	96	21646
7F	4453	96	21646
7F	4454	96	21646
7F	4455	96	21646
7F	4456	96	21646
7F	4457	96	21646
7F	4458	96	21646
7F	4459	96	21646
7F	445C	96	21646
7F	445D	96	21646
7F	445E	96	21646
7F	445F	96	21646
7F	4460	96	21646
7F	4461	96	21646
7F	4462	96	21646
7F	4463	96	21646
7F	4464	96	21646
7F	4466	96	21646
7F	447C	96	21646
7F	447D	96	21646
7F	447E	96	21646
7F	447F	96	21646
7F	4480	96	21646
7F	4481	96	21646
7F	4484	96	21646
7F	4485	96	21646
7F	4487	96	21646
7F	4488	96	21646
7F	4489	384	21646
7F	448A	384	21646
7F	448C	288	21646
7F	448E	288	21646
7F	4490	288	21646
7F	4492	96	21646
7F	4493	96	21646
7F	4496	96	21646
7F	4497	96	21646
7F	4498	96	21646
7F	4499	96	21646
7F	449A	96	21646
7F	449B	96	21646
7F	449C	96	21646
7F	449D	96	21646
7F	449E	96	21646
7F	44A1	96	21646
7F	44A2	96	21646
7F	44A3	96	21646
7F	44A4	96	21646
7F	44A5	96	21646
7F	44A6	96	21646
7F	44A7	96	21646
7F	44A8	96	21646
7F	44A9	96	21646
7F	44AB	96	21646
7F	44C1	96	21646
7F	44C2	96	21646
7F	44C3	96	21646
7F	44C4	96	21646
7F	44C5	96	21646
7F	44C6	96	21646
7F	44C9	96	21646
7F	44CA	96	21646
7F	44CC	96	21646
7F	44CD	96	21646
7F	44CE	384	21646
7F	44CF	384	21646
7F	44D1	288	21646
7F	44D3	288	21646
7F	44D5	288	21646
7F	44D7	96	21646
7F	44D8	96	21646
7F	44DB	96	21646
7F	44DC	96	21646
7F	44DD	96	21646
7F	44DE	96	21646
7F	44DF	96	21646
7F	44E0	96	21646
7F	44E1	96	21646
7F	44E2	96	21646
7F	44E3	96	21646
7F	44E6	96	21646
7F	44E7	96	21646
7F	44E8	96	21646
7F	44E9	96	21646
7F	44EA	96	21646
7F	44EB	96	21646
7F	44EC	96	21646
7F	44ED	96	21646
7F	44EE	96	21646
7F	44F0	96	21646
7F	4506	96	21646
7F	4507	96	21646
7F	4508	96	21646
7F	4509	96	21646
7F	450A	96	21646
7F	450B	96	21646
7F	450E	96	21646
7F	450F	96	21646
7F	4511	96	21646
7F	4512	96	21646
7F	4513	384	21646
7F	4514	384	21646
7F	4516	288	21646
7F	4518	288	21646
7F	451A	288	21646
7F	451C	96	21646
7F	451D	96	21646
7F	4520	96	21646
7F	4521	96	21646
7F	4522	96	21646
7F	4523	96	21646
7F	4524	96	21646
7F	4525	96	21646
7F	4526	96	21646
7F	4527	96	21646
7F	4528	96	21646
7F	452B	96	21646
7F	452C	96	21646
7F	452D	96	21646
7F	452E	96	21646
7F	452F	96	21646
7F	4530	96	21646
7F	4531	96	21646
7F	4532	96	21646
7F	4533	96	21646
7F	4535	96	21646
7F	4537	48	21649
7F	4538	48	21649
7F	453B	48	21649
7F	453C	48	21649
7F	453D	48	21649
7F	453E	48	21649
7F	4540	48	21649
7F	454B	96	21646
7F	454C	96	21646
7F	454D	96	21646
7F	454E	96	21646
7F	454F	96	21646
7F	4550	96	21646
7F	4553	96	21646
7F	4554	96	21646
7F	4556	96	21646
7F	4557	96	21646
7F	4558	384	21646
7F	4559	384	21646
7F	455B	288	21646
7F	455D	288	21646
7F	455F	288	21646
7F	4561	96	21646
7F	4562	96	21646
7F	4565	96	21646
7F	4566	96	21646
7F	4567	96	21646
7F	4568	96	21646
7F	4569	96	21646
7F	456A	96	21646
7F	456B	96	21646
7F	456C	96	21646
7F	456D	96	21646
7F	4570	96	21646
7F	4571	96	21646
7F	4572	96	21646
7F	4573	96	21646
7F	4574	96	21646
7F	4575	96	21646
7F	4576	96	21646
7F	4577	96	21646
7F	4578	96	21646
7F	457A	96	21646
7F	4590	96	21646
7F	4591	96	21646
7F	4592	96	21646
7F	4593	96	21646
7F	4594	96	21646
7F	4595	96	21646
7F	4598	96	21646
7F	4599	96	21646
7F	459B	96	21646
7F	459C	96	21646
7F	459D	384	21646
7F	459E	384	21646
7F	45A0	288	21646
7F	45A2	288	21646
7F	45A4	288	21646
7F	45A6	96	21646
7F	45A7	96	21646
7F	45AA	96	21646
7F	45AB	96	21646
7F	45AC	96	21646
7F	45AD	96	21646
7F	45AE	96	21646
7F	45AF	96	21646
7F	45B0	96	21646
7F	45B1	96	21646
7F	45B2	96	21646
7F	45B5	96	21646
7F	45B6	96	21646
7F	45B7	96	21646
7F	45B8	96	21646
7F	45B9	96	21646
7F	45BA	96	21646
7F	45BB	96	21646
7F	45BC	96	21646
7F	45BD	96	21646
7F	45BF	96	21646
7F	45D5	96	21646
7F	45D6	96	21646
7F	45D7	96	21646
7F	45D8	96	21646
7F	45D9	96	21646
7F	45DA	96	21646
7F	45DD	96	21646
7F	45DE	96	21646
7F	45E0	96	21646
7F	45E1	96	21646
7F	45E2	384	21646
7F	45E3	384	21646
7F	45E5	288	21646
7F	45E7	288	21646
7F	45E9	288	21646
7F	45EB	96	21646
7F	45EC	96	21646
7F	45EF	96	21646
7F	45F0	96	21646
7F	45F1	96	21646
7F	45F2	96	21646
7F	45F3	96	21646
7F	45F4	96	21646
7F	45F5	96	21646
7F	45F6	96	21646
7F	45F7	96	21646
7F	45FA	96	21646
7F	45FB	96	21646
7F	45FC	96	21646
7F	45FD	96	21646
7F	45FE	96	21646
7F	45FF	96	21646
7F	4600	96	21646
7F	4601	96	21646
7F	4602	96	21646
7F	4604	96	21646
7F	461A	96	21646
7F	461B	96	21646
7F	461C	96	21646
7F	461D	96	21646
7F	461E	96	21646
7F	461F	96	21646
7F	4622	96	21646
7F	4623	96	21646
7F	4625	96	21646
7F	4626	96	21646
7F	4627	384	21646
7F	4628	384	21646
7F	462A	288	21646
7F	462C	288	21646
7F	462E	288	21646
7F	4630	96	21646
7F	4631	96	21646
7F	4634	96	21646
7F	4635	96	21646
7F	4636	96	21646
7F	4637	96	21646
7F	4638	96	21646
7F	4639	96	21646
7F	463A	96	21646
7F	463B	96	21646
7F	463C	96	21646
7F	463F	96	21646
7F	4640	96	21646
7F	4641	96	21646
7F	4642	96	21646
7F	4643	96	21646
7F	4644	96	21646
7F	4645	96	21646
7F	4646	96	21646
7F	4647	96	21646
7F	4649	96	21646
7F	465F	96	21646
7F	4660	96	21646
7F	4661	96	21646
7F	4662	96	21646
7F	4663	96	21646
7F	4664	96	21646
7F	4667	96	21646
7F	4668	96	21646
7F	466A	96	21646
7F	466B	96	21646
7F	466C	384	21646
7F	466D	384	21646
7F	466F	288	21646
7F	4671	288	21646
7F	4673	288	21646
7F	4675	96	21646
7F	4676	96	21646
7F	4679	96	21646
7F	467A	96	21646
7F	467B	96	21646
7F	467C	96	21646
7F	467D	96	21646
7F	467E	96	21646
7F	467F	96	21646
7F	4680	96	21646
7F	4681	96	21646
7F	4684	96	21646
7F	4685	96	21646
7F	4686	96	21646
7F	4687	96	21646
7F	4688	96	21646
7F	4689	96	21646
7F	468A	96	21646
7F	468B	96	21646
7F	468C	96	21646
7F	468E	96	21646
7F	46A4	96	21646
7F	46A5	96	21646
7F	46A6	96	21646
7F	46A7	96	21646
7F	46A8	96	21646
7F	46A9	96	21646
7F	46AC	96	21646
7F	46AD	96	21646
7F	46AF	96	21646
7F	46B0	96	21646
7F	46B1	384	21646
7F	46B2	384	21646
7F	46B4	288	21646
7F	46B6	288	21646
7F	46B8	288	21646
7F	46BA	96	21646
7F	46BB	96	21646
7F	46BE	96	21646
7F	46BF	96	21646
7F	46C0	96	21646
7F	46C1	96	21646
7F	46C2	96	21646
7F	46C3	96	21646
7F	46C4	96	21646
7F	46C5	96	21646
7F	46C6	96	21646
7F	46C9	96	21646
7F	46CA	96	21646
7F	46CB	96	21646
7F	46CC	96	21646
7F	46CD	96	21646
7F	46CE	96	21646
7F	46CF	96	21646
7F	46D0	96	21646
7F	46D1	96	21646
7F	46D3	96	21646
7F	46E9	96	21646
7F	46EA	96	21646
7F	46EB	96	21646
7F	46EC	96	21646
7F	46ED	96	21646
7F	46EE	96	21646
7F	46F1	96	21646
7F	46F2	96	21646
7F	46F4	96	21646
7F	46F5	96	21646
7F	46F6	384	21646
7F	46F7	384	21646
7F	46F9	288	21646
7F	46FB	288	21646
7F	46FD	288	21646
7F	46FF	96	21646
7F	4700	96	21646
7F	4703	96	21646
7F	4704	96	21646
7F	4705	96	21646
7F	4706	96	21646
7F	4707	96	21646
7F	4708	96	21646
7F	4709	96	21646
7F	470A	96	21646
7F	470B	96	21646
7F	470E	96	21646
7F	470F	96	21646
7F	4710	96	21646
7F	4711	96	21646
7F	4712	96	21646
7F	4713	96	21646
7F	4714	96	21646
7F	4715	96	21646
7F	4716	96	21646
7F	4718	96	21646
7F	472E	96	21646
7F	472F	96	21646
7F	4730	96	21646
7F	4731	96	21646
7F	4732	96	21646
7F	4733	96	21646
7F	4736	96	21646
7F	4737	96	21646
7F	4739	96	21646
7F	473A	96	21646
7F	473B	384	21646
7F	473C	384	21646
7F	473E	288	21646
7F	4740	288	21646
7F	4742	288	21646
7F	4744	96	21646
7F	4745	96	21646
7F	4748	96	21646
7F	4749	96	21646
7F	474A	96	21646
7F	474B	96	21646
7F	474C	96	21646
7F	474D	96	21646
7F	474E	96	21646
7F	474F	96	21646
7F	4750	96	21646
7F	4753	96	21646
7F	4754	96	21646
7F	4755	96	21646
7F	4756	96	21646
7F	4757	96	21646
7F	4758	96	21646
7F	4759	96	21646
7F	475A	96	21646
7F	475B	96	21646
7F	475D	96	21646
7F	475F	48	21646
7F	4760	48	21646
7F	4763	48	21646
7F	4764	48	21646
7F	4765	48	21646
7F	4766	48	21646
7F	4768	48	21646
7F	4773	96	21646
7F	4774	96	21646
7F	4775	96	21646
7F	4776	96	21646
7F	4777	96	21646
7F	4778	96	21646
7F	477B	96	21646
7F	477C	96	21646
7F	477E	96	21646
7F	477F	96	21646
7F	4780	384	21646
7F	4781	384	21646
7F	4783	288	21646
7F	4785	288	21646
7F	4787	288	21646
7F	4789	96	21646
7F	478A	96	21646
7F	478D	96	21646
7F	478E	96	21646
7F	478F	96	21646
7F	4790	96	21646
7F	4791	96	21646
7F	4792	96	21646
7F	4793	96	21646
7F	4794	96	21646
7F	4795	96	21646
7F	4798	96	21646
7F	4799	96	21646
7F	479A	96	21646
7F	479B	96	21646
7F	479C	96	21646
7F	479D	96	21646
7F	479E	96	21646
7F	479F	96	21646
7F	47A0	96	21646
7F	47A2	96	21646
7F	47B8	96	21646
7F	47B9	96	21646
7F	47BA	96	21646
7F	47BB	96	21646
7F	47BC	96	21646
7F	47BD	96	21646
7F	47C0	96	21646
7F	47C1	96	21646
7F	47C3	96	21646
7F	47C4	96	21646
7F	47C5	384	21646
7F	47C6	384	21646
7F	47C8	288	21646
7F	47CA	288	21646
7F	47CC	288	21646
7F	47CE	96	21646
7F	47CF	96	21646
7F	47D2	96	21646
7F	47D3	96	21646
7F	47D4	96	21646
7F	47D5	96	21646
7F	47D6	96	21646
7F	47D7	96	21646
7F	47D8	96	21646
7F	47D9	96	21646
7F	47DA	96	21646
7F	47DD	96	21646
7F	47DE	96	21646
7F	47DF	96	21646
7F	47E0	96	21646
7F	47E1	96	21646
7F	47E2	96	21646
7F	47E3	96	21646
7F	47E4	96	21646
7F	47E5	96	21646
7F	47E7	96	21646
7F	47FD	96	21646
7F	47FE	96	21646
7F	47FF	96	21646
7F	4800	96	21646
7F	4801	96	21646
7F	4802	96	21646
7F	4805	96	21646
7F	4806	96	21646
7F	4808	96	21646
7F	4809	96	21646
7F	480A	384	21646
7F	480B	384	21646
7F	480D	288	21646
7F	480F	288	21646
7F	4811	288	21646
7F	4813	96	21646
7F	4814	96	21646
7F	4817	96	21646
7F	4818	96	21646
7F	4819	96	21646
7F	481A	96	21646
7F	481B	96	21646
7F	481C	96	21646
7F	481D	96	21646
7F	481E	96	21646
7F	481F	96	21646
7F	4822	96	21646
7F	4823	96	21646
7F	4824	96	21646
7F	4825	96	21646
7F	4826	96	21646
7F	4827	96	21646
7F	4828	96	21646
7F	4829	96	21646
7F	482A	96	21646
7F	482C	96	21646
7F	4842	96	21646
7F	4843	96	21646
7F	4844	96	21646
7F	4845	96	21646
7F	4846	96	21646
7F	4847	96	21646
7F	484A	96	21646
7F	484B	96	21646
7F	484D	96	21646
7F	484E	96	21646
7F	484F	384	21646
7F	4850	384	21646
7F	4852	288	21646
7F	4854	288	21646
7F	4856	288	21646
7F	4858	96	21646
7F	4859	96	21646
7F	485C	96	21646
7F	485D	96	21646
7F	485E	96	21646
7F	485F	96	21646
7F	4860	96	21646
7F	4861	96	21646
7F	4862	96	21646
7F	4863	96	21646
7F	4864	96	21646
7F	4867	96	21646
7F	4868	96	21646
7F	4869	96	21646
7F	486A	96	21646
7F	486B	96	21646
7F	486C	96	21646
7F	486D	96	21646
7F	486E	96	21646
7F	486F	96	21646
7F	4871	96	21646
7F	4887	96	21646
7F	4888	96	21646
7F	4889	96	21646
7F	488A	96	21646
7F	488B	96	21646
7F	488C	96	21646
7F	488F	96	21646
7F	4890	96	21646
7F	4892	96	21646
7F	4893	96	21646
7F	4894	384	21646
7F	4895	384	21646
7F	4897	288	21646
7F	4899	288	21646
7F	489B	288	21646
7F	489D	96	21646
7F	489E	96	21646
7F	48A1	96	21646
7F	48A2	96	21646
7F	48A3	96	21646
7F	48A4	96	21646
7F	48A5	96	21646
7F	48A6	96	21646
7F	48A7	96	21646
7F	48A8	96	21646
7F	48A9	96	21646
7F	48AC	96	21646
7F	48AD	96	21646
7F	48AE	96	21646
7F	48AF	96	21646
7F	48B0	96	21646
7F	48B1	96	21646
7F	48B2	96	21646
7F	48B3	96	21646
7F	48B4	96	21646
7F	48B6	96	21646
7F	48CC	96	21646
7F	48CD	96	21646
7F	48CE	96	21646
7F	48CF	96	21646
7F	48D0	96	21646
7F	48D1	96	21646
7F	48D4	96	21646
7F	48D5	96	21646
7F	48D7	96	21646
7F	48D8	96	21646
7F	48D9	384	21646
7F	48DA	384	21646
7F	48DC	288	21646
7F	48DE	288	21646
7F	48E0	288	21646
7F	48E2	96	21646
7F	48E3	96	21646
7F	48E6	96	21646
7F	48E7	96	21646
7F	48E8	96	21646
7F	48E9	96	21646
7F	48EA	96	21646
7F	48EB	96	21646
7F	48EC	96	21646
7F	48ED	96	21646
7F	48EE	96	21646
7F	48F1	96	21646
7F	48F2	96	21646
7F	48F3	96	21646
7F	48F4	96	21646
7F	48F5	96	21646
7F	48F6	96	21646
7F	48F7	96	21646
7F	48F8	96	21646
7F	48F9	96	21646
7F	48FB	96	21646
7F	4911	96	21646
7F	4912	96	21646
7F	4913	96	21646
7F	4914	96	21646
7F	4915	96	21646
7F	4916	96	21646
7F	4919	96	21646
7F	491A	96	21646
7F	491C	96	21646
7F	491D	96	21646
7F	491E	384	21646
7F	491F	384	21646
7F	4921	288	21646
7F	4923	288	21646
7F	4925	288	21646
7F	4927	96	21646
7F	4928	96	21646
7F	492B	96	21646
7F	492C	96	21646
7F	492D	96	21646
7F	492E	96	21646
7F	492F	96	21646
7F	4930	96	21646
7F	4931	96	21646
7F	4932	96	21646
7F	4933	96	21646
7F	4936	96	21646
7F	4937	96	21646
7F	4938	96	21646
7F	4939	96	21646
7F	493A	96	21646
7F	493B	96	21646
7F	493C	96	21646
7F	493D	96	21646
7F	493E	96	21646
7F	4940	96	21646
7F	4956	96	21646
7F	4957	96	21646
7F	4958	96	21646
7F	4959	96	21646
7F	495A	96	21646
7F	495B	96	21646
7F	495E	96	21646
7F	495F	96	21646
7F	4961	96	21646
7F	4962	96	21646
7F	4963	384	21646
7F	4964	384	21646
7F	4966	288	21646
7F	4968	288	21646
7F	496A	288	21646
7F	496C	96	21646
7F	496D	96	21646
7F	4970	96	21646
7F	4971	96	21646
7F	4972	96	21646
7F	4973	96	21646
7F	4974	96	21646
7F	4975	96	21646
7F	4976	96	21646
7F	4977	96	21646
7F	4978	96	21646
7F	497B	96	21646
7F	497C	96	21646
7F	497D	96	21646
7F	497E	96	21646
7F	497F	96	21646
7F	4980	96	21646
7F	4981	96	21646
7F	4982	96	21646
7F	4983	96	21646
7F	4985	96	21646
7F	4987	48	21649
7F	4988	48	21649
7F	498B	48	21649
7F	498C	48	21649
7F	498D	48	21649
7F	498E	48	21649
7F	4990	48	21649
7F	499B	96	21646
7F	61FC	1	2850
7F	61FD	1	2850
7F	61FE	1	2850
7F	61FF	6	2850
7F	6200	6	2850
7F	6201	6	2850
7F	6204	6	2850
7F	6207	6	2850
7F	620A	6	2850
7F	620B	6	2850
7F	7271	2	3286
7F	7272	2	3286
7F	7273	2	3286
7F	7274	2	3286
7F	7275	2	3286
7F	7276	2	3286
7F	7277	2	3286
7F	7278	2	3286
7F	7279	2	3286
7F	727B	2	3286
7F	727C	2	3286
7F	727D	2	3286
7F	727F	2	3286
7F	7282	2	3286
7F	7284	2	3286
7F	7287	2	3286
7F	7289	2	3286
7F	728C	2	3286
7F	728E	2	3286
7F	7290	2	3286
7F	7292	2	3286
7F	7294	2	3286
7F	7297	4881	3286
7F	7299	4881	3286
7F	729B	4881	3286
7F	729D	2	3286
7F	729F	2	3286
7F	72A1	2	3286
7F	72A2	2	3286
7F	72A4	2	3286
7F	72A7	2	3286
7F	72A8	2	3286
7F	72AA	2	3286
7F	72AB	2	3286
7F	72AD	2	3286
7F	72AF	2	3286
7F	72B0	2	3297
7F	72B2	2	3297
7F	72B3	2	3297
7F	72B4	2	3297
7F	72B6	2	3297
7F	72B9	2	3297
7F	72BA	2	3297
7F	72BC	2	3297
7F	72BD	2	3297
7F	72BF	2	3297
7F	72C1	2	3297
WRAM	C133	926	1141	C3BA03	0	0
WRAM	CBF1	22221	17	C3BA03	926	0
WRAM	CBF4	152360	1140	C3C416	19141	0
WRAM	CBF7	353662	44	C3ED01	0	0
WRAM	CBFA	331825	44	C3B701	0	0
HRAM	FF80	22221	17	3EC0E0	0	0
HRAM	FF82	22221	17	E0463E	0	0
HRAM	FF84	22221	17	3E283D	0	0
HRAM	FF86	888840	17	3D20FD	0	0
HRAM	FF87	888840	17	20FDC9	0	0
HRAM	FF89	22221	17	C94F00	21832	0
HRAM	FFA8	132293	16	3E0021	105745	0
HRAM	FFAA	132293	16	21B605	132292	0
HRAM	FFAD	132293	16	C3F07B	132291	0
