# bank	addr	count	first_frame	first_bytes	changed	wram_bank
# bank = ROM bank actually mapped (2 hex digits) or WRAM/HRAM/VRAM/SRAM/OTHER; addr = CPU address of an executed instruction start
# first_bytes/changed/wram_bank are present for RAM rows only (3 bytes at addr at first execution; times they differed later; SVBK bank for D000-DFFF)
00	0040	31997	17
00	0048	251743	1140
00	0050	5846	44
00	0058	411	44
00	0100	1	0
00	0101	1	0
00	0150	3	44
00	0152	3	44
00	0155	3	44
00	0156	3	44
00	0159	3	44
00	015A	3	44
00	015D	3	44
00	015F	1	44
00	0161	1	44
00	0162	1	44
00	0164	1	44
00	0167	1	44
00	0168	1	44
00	0169	1	44
00	016A	1	44
00	016B	3	44
00	016E	3	44
00	0170	3	44
00	0173	3	44
00	0174	3	44
00	0175	3	44
00	0176	3	44
00	0177	3	44
00	017A	3	44
00	017C	3	44
00	017D	3	44
00	017F	3	44
00	0180	3	44
00	0182	3	44
00	0185	3	44
00	0187	3	44
00	018A	3	44
00	018D	3	44
00	0190	3	44
00	0191	3	44
00	0194	3	44
00	0195	3	44
00	0198	3	44
00	0199	3	44
00	019C	3	44
00	019D	3	44
00	019E	3	44
00	019F	3	44
00	01A0	3	44
00	01A1	3	44
00	01A4	3	44
00	01A5	3	44
00	01A8	3	44
00	01AB	3	44
00	01AD	3	44
00	01B0	3	44
00	01B1	3	44
00	01B2	3	44
00	01B3	3	44
00	01B6	3	44
00	01B7	411	44
00	01B8	411	44
00	01B9	411	44
00	01BA	411	44
00	01BB	411	44
00	01BE	411	44
00	01BF	411	44
00	01C0	411	44
00	01C1	411	44
00	01C2	411	44
00	01C5	411	44
00	01C7	411	44
00	01C8	411	44
00	01CA	411	44
00	01CB	411	44
00	01CD	411	44
00	01D0	411	44
00	01D2	411	44
00	01D5	411	44
00	01D8	411	44
00	01D9	411	44
00	01DC	411	44
00	01DD	411	44
00	01DE	411	44
00	01DF	411	44
00	01E0	411	44
00	01E1	411	44
00	01E4	411	44
00	01E5	411	44
00	01E8	411	44
00	01E9	411	44
00	01EA	411	44
00	01EB	411	44
00	01EC	411	44
00	01ED	5846	44
00	01EE	5846	44
00	01EF	5846	44
00	01F0	5846	44
00	01F1	5846	44
00	01F2	5846	44
00	01F4	5846	44
00	01F6	5846	44
00	01F8	5846	44
00	01FA	5846	44
00	01FD	5846	44
00	01FE	5846	44
00	0200	5846	44
00	0203	5846	44
00	0205	5846	44
00	0207	5846	44
00	0209	5846	44
00	020B	5846	44
00	020D	5846	44
00	0210	5846	44
00	0211	5846	44
00	0212	5846	44
00	0213	5846	44
00	0214	5846	44
00	0217	5846	44
00	0219	5846	44
00	021A	5846	44
00	021C	5846	44
00	021D	5846	44
00	021F	5846	44
00	0222	5846	44
00	0224	5846	44
00	0227	5846	44
00	022A	5846	44
00	022B	5846	44
00	022E	5846	44
00	022F	5846	44
00	0230	5846	44
00	0231	5846	44
00	0232	5846	44
00	0233	5846	44
00	0236	5846	44
00	0237	5846	44
00	023A	5846	44
00	023C	5846	44
00	023E	5846	44
00	0240	5846	44
00	0242	5846	44
00	0243	5846	44
00	0244	5846	44
00	0245	5846	44
00	0246	5846	44
00	0278	1	0
00	0279	1	0
00	027B	1	0
00	027E	1	0
00	027F	1	0
00	0280	1	0
00	0282	1	0
00	0284	1	0
00	0286	1	0
00	0289	1	0
00	028C	1	0
00	028E	1	0
00	0290	1	0
00	0292	1	0
00	0295	1	0
00	0296	1	0
00	0299	1	0
00	029C	1	0
00	029E	1	0
00	02A0	1	0
00	02AE	1	0
00	02B0	1	0
00	02B2	1	0
00	02B5	1	0
00	02B8	1	0
00	02B9	1	0
00	02BC	1	1
00	02BE	1	1
00	02C0	6	1
00	02C1	6	1
00	02C3	6	1
00	02C6	6	1
00	02C9	6	1
00	02CA	6	1
00	02CD	6	2
00	02CE	6	2
00	02CF	6	2
00	02D1	1	5
00	02D2	1	5
00	02D4	1	5
00	02D6	1	5
00	02D9	1	5
00	02DC	1	5
00	02DD	1	5
00	02E0	1	7
00	02E3	1	7
00	02E6	1	7
00	02E7	1	7
00	02EA	1	8
00	02ED	1	8
00	02F0	1	8
00	02F3	1	8
00	02F4	1	8
00	02F7	1	8
00	02FA	1	8
00	02FB	1	8
00	02FD	1	8
00	0300	1	8
00	0302	1	8
00	0303	1	8
00	0305	1	8
00	0307	1	8
00	030A	1	8
00	030B	1	8
00	030D	1	8
00	030F	1	8
00	0311	1	8
00	0314	1	8
00	0317	1	17
00	031A	1	17
00	031B	1	17
00	031C	1	17
00	031E	1	17
00	0321	1	17
00	0322	1	17
00	0324	1	17
00	0327	1	17
00	0328	1	17
00	0331	2	16
00	0333	2	16
00	0335	2	16
00	0338	2	16
00	033A	2	16
00	033D	2	16
00	033F	2	16
00	0341	2	16
00	0344	2	16
00	0346	2	16
00	0349	2	16
00	034A	4	16
00	034C	256	16
00	034D	256	16
00	034E	256	16
00	034F	256	16
00	0351	4	16
00	0392	66892	0
00	0393	66892	0
00	0395	66892	0
00	0397	66892	0
00	0399	1518	0
00	039A	66892	0
00	039D	66892	0
00	039E	66892	0
00	03A0	31940	0
00	03A2	31940	0
00	03A5	31940	0
00	03A6	31940	0
00	03A7	31940	0
00	03A8	31940	0
00	03AA	31940	0
00	03AB	31940	0
00	03AD	31940	0
00	03AF	31940	0
00	03B2	31940	0
00	03B3	31940	0
00	03B5	31940	0
00	03B6	31940	0
00	03B7	31940	0
00	03B8	66892	0
00	03B9	66892	0
00	03BA	31997	17
00	03BB	31997	17
00	03BE	31997	17
00	03BF	31997	17
00	03C1	31997	17
00	03C4	31997	17
00	03C5	31997	17
00	03C6	31997	17
00	03C7	31997	17
00	03CA	31997	17
00	03CB	31997	17
00	03CD	31997	17
00	03D0	31997	17
00	03D3	31997	17
00	03D5	31997	17
00	03D7	31997	17
00	03D9	31997	17
00	03DA	31997	17
00	03DD	31997	17
00	03DE	31997	17
00	03E0	31997	17
00	0400	31997	17
00	0401	31997	17
00	0404	31997	17
00	0406	31997	17
00	0408	31997	17
00	040A	31735	17
00	040B	31997	17
00	040E	31997	17
00	040F	31997	17
00	0411	31997	17
00	0413	4	104
00	0414	4	104
00	0415	4	104
00	0417	4	104
00	0418	4	104
00	041A	4	104
00	042E	31997	17
00	042F	31997	17
00	0432	31997	17
00	0433	31997	17
00	0435	60	17
00	0437	60	17
00	0438	60	17
00	043A	60	17
00	043B	60	17
00	043E	60	17
00	0440	31937	18
00	0441	31937	18
00	0443	31937	18
00	0446	31997	17
00	0447	31997	17
00	0448	31997	17
00	0449	31997	17
00	044A	31997	17
00	044B	6882	43
00	044C	6882	43
00	044E	6882	43
00	0450	6882	43
00	0452	6882	43
00	0453	132775	43
00	0454	132775	44
00	0455	132775	44
00	0458	132775	44
00	0459	132775	44
00	045B	6882	44
00	045C	6882	44
00	045F	6882	44
00	0462	6882	44
00	0463	6882	44
00	0464	23119	2526
00	0465	23119	2526
00	0467	23119	2526
00	0469	23119	2526
00	046B	23119	2526
00	046C	45700	2526
00	046D	45699	2527
00	046E	45699	2527
00	0471	45699	2527
00	0472	45699	2527
00	0474	23118	2527
00	0475	23118	2527
00	0478	23118	2527
00	0479	23118	2527
00	047A	692	28
00	047B	692	28
00	047D	692	28
00	047F	692	28
00	0481	6109	28
00	0482	6109	28
00	0483	6109	29
00	0484	6109	29
00	0485	6109	29
00	0488	6109	29
00	0489	6109	29
00	048B	723	29
00	048D	723	29
00	048F	723	29
00	0491	692	29
00	0492	692	29
00	0495	692	29
00	0496	692	29
00	0497	31	1730
00	0498	31	1730
00	049B	31	1730
00	049E	31	1730
00	04A0	2	16
00	04A2	2	16
00	04A5	2	16
00	04A7	2	16
00	04AA	2	16
00	04AC	2	16
00	04AF	2	16
00	04B1	2	16
00	04B4	2	16
00	04B6	2	16
00	04B9	2	16
00	04BB	2	16
00	04BE	2	16
00	04C0	2	16
00	04C3	2	16
00	04C5	2	16
00	04C8	2	16
00	04CA	2	16
00	04CD	2	16
00	04CF	2	16
00	04D2	2	16
00	04D4	2	16
00	04D7	2	16
00	04D8	875	0
00	04D9	875	0
00	04DA	875	0
00	04DC	22154	8
00	04DD	22154	8
00	04DE	22154	8
00	04E0	832	8
00	04E1	43	0
00	04E2	43	0
00	04E3	43	0
00	04E5	2	8
00	04E6	145120	0
00	04E7	145120	0
00	04E8	145120	0
00	04EA	567	0
00	04EB	567	0
00	04ED	43	1
00	050C	209	26
00	050D	209	26
00	050E	209	26
00	0510	12384	26
00	0511	12384	26
00	0512	12384	26
00	0513	12384	26
00	0514	12384	26
00	0516	160	26
00	0517	49	324
00	0518	49	324
00	0519	49	324
00	051B	48	5465
00	051C	14080	324
00	051D	14080	324
00	051E	14080	324
00	051F	14080	324
00	0520	14080	324
00	0522	97	324
00	0523	97	324
00	0525	49	324
00	0526	16	6023
00	0527	16	6023
00	0528	16	6023
00	0531	16	6023
00	0532	16	6023
00	0533	16	6023
00	0535	16	6023
00	0536	4608	6023
00	0537	4608	6023
00	0538	4608	6023
00	0539	4608	6023
00	053A	4608	6023
00	053C	32	6023
00	053D	32	6023
00	053F	16	6023
00	0545	11190	27
00	0546	11190	27
00	0547	11190	27
00	0548	11190	27
00	054A	11190	27
00	054B	11190	27
00	054C	11190	27
00	054D	11190	27
00	054E	11190	27
00	054F	11190	27
00	0550	11190	27
00	056A	5901	1142
00	056C	5901	1142
00	056D	5901	1142
00	056E	5901	1142
00	0570	5901	1142
00	0572	5901	1142
00	0573	5901	1142
00	0575	5901	1142
00	0578	5891	1142
00	057A	5891	1142
00	057D	5891	1142
00	057F	5891	1142
00	0582	5891	1142
00	0584	5891	1142
00	0587	5891	1142
00	0589	5891	1142
00	059B	10	1728
00	059C	10	1728
00	059F	3	8
00	05A2	3	8
00	05A5	30	8
00	05A6	30	8
00	05A7	30	8
00	05A8	30	8
00	05A9	30	8
00	05AB	3	8
00	05B6	51	28
00	05B8	51	28
00	05BA	51	28
00	05BC	51	28
00	05BD	20	0
00	05BF	20	0
00	05C1	20	0
00	05C2	20	0
00	05C3	20	0
00	05C5	20	0
00	05C7	20	0
00	05C9	19	2834
00	05CB	19	2834
00	05CC	19	2834
00	05CE	19	2834
00	05D0	19	2834
00	05D2	12063	2834
00	05D4	12063	2834
00	05D6	12063	2834
00	05D8	19	2835
00	05DA	19	2835
00	05DC	19	2835
00	05DE	19	2835
00	05E0	19	2835
00	05E2	19	2835
00	05E3	19	2835
00	05E5	19	2835
00	05E6	19	2835
00	05E8	19	2835
00	05E9	19	2835
00	05EC	19	2835
00	05ED	1	0
00	05EF	1	0
00	05F1	1	0
00	05F3	1	0
00	05F5	1	0
00	05F7	1	0
00	05F9	1	0
00	05FB	1	0
00	05FD	1	0
00	05FE	1	0
00	0601	1	0
00	0602	1	0
00	0603	1	0
00	0605	1	0
00	0606	1	0
00	0608	1	0
00	0609	1	0
00	060A	1	0
00	060C	1	0
00	060E	1	0
00	0610	1	0
00	0611	1	0
00	0613	1	0
00	0615	1	0
00	0617	1	0
00	0619	1	0
00	061B	1	0
00	061C	1	0
00	061E	1	0
00	061F	1	0
00	0621	1	0
00	0622	163070	16
00	0623	163070	16
00	0624	130966	16
00	0626	130966	16
00	0628	2148	1140
00	062A	2148	1140
00	062C	2148	1140
00	062E	2148	1140
00	0630	2148	1140
00	0637	128818	16
00	0639	128818	16
00	063C	128818	16
00	063D	101975	26
00	063E	101975	26
00	063F	4810	26
00	0641	4810	26
00	0643	103	26
00	0645	103	26
00	0647	103	26
00	0649	103	26
00	064B	103	26
00	0652	4707	5472
00	0654	4707	5472
00	0657	4707	5472
00	0658	97165	43
00	0659	97165	43
00	065A	97165	43
00	065C	97165	43
00	066D	97165	43
00	066F	97165	43
00	0672	97165	43
00	0673	80024	16
00	0675	80024	16
00	0681	80024	16
00	0683	80024	16
00	0684	2	16
00	0686	2	16
00	0688	2	16
00	068A	2	16
00	068C	2	16
00	068E	2	16
00	0690	2	16
00	0691	2	16
00	0693	2	16
00	0695	2	16
00	0697	2	16
00	0699	2	16
00	069B	2	16
00	069D	2	16
00	069F	2	16
00	06A1	2	16
00	06A3	2	16
00	06A5	2	16
00	06A7	2	16
00	06AA	2	16
00	06AB	2	16
00	06AD	2	16
00	06B0	2	16
00	06B2	2	16
00	06B4	2	16
00	06B6	2	16
00	06BC	97	26
00	06BE	97	26
00	06BF	97	26
00	06C1	97	26
00	06C2	97	26
00	06C4	97	26
00	06C5	97	26
00	06C6	97	26
00	06C8	97	26
00	06C9	97	26
00	06CB	97	26
00	06CD	97	26
00	06CF	97	26
00	06D1	79927	16
00	06D3	79927	16
00	06D4	79927	16
00	06D6	79927	16
00	06D7	79927	16
00	06D9	79927	16
00	06DA	79927	16
00	06DB	79927	16
00	06DD	79927	16
00	06DE	79927	16
00	06E0	79927	16
00	06E1	79927	16
00	06E3	79927	16
00	06EE	80024	16
00	06EF	80024	16
00	06F2	80024	16
00	06F3	80024	16
00	06F4	80024	16
00	06F6	80024	16
00	06F7	80024	16
00	06F9	80024	16
00	06FC	80024	16
00	06FF	80019	16
00	0701	80019	16
00	0702	80019	16
00	0704	80019	16
00	0705	80019	16
00	0707	80019	16
00	0708	80019	16
00	0709	80019	16
00	070C	80019	16
00	070D	80019	16
00	070E	80019	16
00	0710	80019	16
00	0711	80019	16
00	0713	80019	16
00	0749	519	26
00	074B	519	26
00	074E	519	26
00	074F	519	26
00	0751	519	26
00	0752	519	26
00	0754	519	26
00	0755	519	26
00	0757	519	26
00	0758	519	26
00	075A	519	26
00	075C	519	26
00	075D	519	26
00	075F	519	26
00	0761	519	26
00	0763	519	26
00	0764	519	26
00	0766	519	26
00	0768	519	26
00	076A	919679	26
00	076C	919679	26
00	076E	919679	26
00	0770	449	27
00	0771	449	27
00	0773	519	27
00	0774	519	27
00	0776	519	27
00	0777	519	27
00	0779	519	27
00	077A	1813	2530
00	077C	1813	2530
00	077E	1813	2530
00	0780	16	2530
00	0782	16	2530
00	0785	16	2530
00	0787	227	23
00	0789	227	23
00	078C	227	23
00	078D	227	23
00	078F	227	23
00	0790	227	23
00	0792	227	23
00	0793	227	23
00	0795	227	23
00	0796	227	23
00	0798	227	23
00	079A	227	23
00	079B	227	23
00	079D	227	23
00	079F	227	23
00	07A1	227	23
00	07A2	227	23
00	07A4	227	23
00	07A6	227	23
00	07A8	701049	23
00	07AA	701049	23
00	07AC	701049	23
00	07AE	223	24
00	07AF	223	24
00	07B1	227	24
00	07B2	227	24
00	07B4	227	24
00	07B5	227	24
00	07B8	227	24
00	07BA	227	24
00	07BB	723	3837
00	07BD	723	3837
00	07BF	723	3837
00	07C1	12	3837
00	07C4	12	3837
00	07C6	12	3837
00	07C9	12	3837
00	07CB	18	330
00	07CC	18	330
00	07CE	18	330
00	07D0	18	330
00	07D2	18	330
00	07D3	18	330
00	07D5	18	330
00	07D6	18	330
00	07D8	18	330
00	07D9	18	330
00	07DB	18	330
00	07DC	18	330
00	07DF	18	330
00	07E1	18	330
00	07E3	18	330
00	07E6	18	330
00	07E7	18	330
00	07EA	18	331
00	07EB	18	331
00	07ED	18	331
00	07EF	18	331
00	07F2	18	331
00	07F3	18	331
00	07F6	18	331
00	07F7	18	331
00	07FA	18	331
00	082C	75	26
00	082D	75	26
00	082F	75	26
00	0831	75	26
00	0833	75	26
00	0834	75	26
00	0836	75	26
00	0837	75	26
00	0839	75	26
00	083A	75	26
00	083C	75	26
00	083F	75	26
00	0841	75	26
00	0843	75	26
00	0846	75	26
00	0847	75	26
00	084A	75	27
00	084B	75	27
00	084D	75	27
00	084F	75	27
00	0852	75	27
00	0853	75	27
00	0856	75	27
00	0857	75	27
00	085A	75	27
00	08B7	109	26
00	08B9	109	26
00	08BB	109	26
00	08BC	90	26
00	08BE	90	26
00	08C0	90	26
00	08EA	72	26
00	08ED	72	26
00	08EF	72	26
00	08F2	72	26
00	08F3	72	26
00	08F5	72	26
00	08F6	72	26
00	08F7	72	26
00	08FA	72	26
00	08FB	72	26
00	08FC	72	26
00	08FD	72	26
00	08FF	72	26
00	0900	72	26
00	0903	72	26
00	0904	37730	26
00	0905	37730	26
00	0906	37730	26
00	0907	37730	26
00	0908	37730	26
00	090A	2238	26
00	090C	2238	26
00	090D	2238	26
00	090F	2238	26
00	0910	2238	26
00	0912	2238	26
00	0913	2238	26
00	0914	2238	26
00	0916	2238	26
00	0917	2238	26
00	0918	2238	26
00	0919	2238	26
00	091B	206	26
00	091C	2	1120
00	091F	2	1120
00	0920	2	1120
00	0922	128	1120
00	0923	128	1120
00	0924	128	1120
00	0925	128	1120
00	0926	128	1120
00	0927	128	1120
00	0929	4	1120
00	092B	4	1120
00	092C	4	1120
00	092E	4	1120
00	092F	4	1120
00	0931	4	1120
00	0932	4	1120
00	0933	4	1120
00	0935	4	1120
00	0936	4	1120
00	0937	4	1120
00	0938	4	1120
00	093A	2	1120
00	0956	30286	43
00	0958	30286	43
00	095B	30286	43
00	095E	30286	43
00	095F	30286	43
00	0960	30286	43
00	0961	30286	43
00	0962	30286	43
00	0964	30286	43
00	0966	30286	43
00	0967	30286	43
00	0969	30286	43
00	096B	30286	43
00	096D	30286	43
00	096F	30286	43
00	0972	30286	43
00	0975	30286	43
00	0977	424004	43
00	0978	424004	43
00	0979	424004	43
00	097C	424004	43
00	097D	424004	43
00	097E	424004	43
00	0980	424004	43
00	0981	424004	43
00	0982	424004	43
00	0983	424004	43
00	0985	424004	43
00	0987	97165	43
00	0988	97165	43
00	098A	97165	43
00	098D	424004	43
00	098E	424004	43
00	098F	424004	43
00	0992	424004	43
00	0993	424004	43
00	0996	424004	43
00	0997	424004	43
00	0998	424004	43
00	0999	424004	43
00	099B	30286	43
00	099C	30286	43
00	099F	30286	43
00	09A0	30286	43
00	09A2	30286	43
00	09A4	30286	43
00	09A5	30286	43
00	09A8	30286	43
00	09AA	30286	43
00	09AB	30286	43
00	09AD	30286	43
00	09AF	30286	43
00	09B1	30286	43
00	09B2	30286	43
00	09B3	30286	43
00	09B4	30286	43
00	09B5	30286	43
00	09B6	39	22
00	09B9	39	23
00	09BA	39	23
00	09BB	39	23
00	09BC	39	23
00	09BE	39	23
00	09C0	39	23
00	09C1	39	23
00	09C3	39	23
00	09C5	39	23
00	09C7	39	23
00	09C9	39	23
00	09CA	39	23
00	09CC	39	23
00	09CE	39	23
00	09D1	39	23
00	09D4	39	23
00	09D6	39	23
00	09D9	39	23
00	09DB	39	23
00	09DC	39	23
00	09DE	39	23
00	09E0	39	23
00	09E2	39	23
00	09E3	39	23
00	09E4	39	23
00	09E5	39	23
00	09E6	235	3855
00	09E7	235	3855
00	09E8	235	3855
00	09EA	235	3855
00	09EC	235	3855
00	09ED	235	3855
00	09EF	235	3855
00	09F1	235	3855
00	09F3	235	3855
00	09F5	235	3855
00	09F8	235	3855
00	09FA	235	3855
00	09FD	235	3855
00	09FF	235	3855
00	0A00	235	3855
00	0A02	235	3855
00	0A04	235	3855
00	0A06	235	3855
00	0A07	235	3855
00	0A08	235	3855
00	0A09	30325	22
00	0A0A	30325	22
00	0A0B	30325	22
00	0A0C	30325	22
00	0A0E	30325	22
00	0A11	30325	22
00	0A12	4852000	22
00	0A13	4852000	22
00	0A14	4852000	22
00	0A16	30325	23
00	0A17	30325	23
00	0A18	30325	23
00	0A19	30325	23
00	0A1A	4707	5472
00	0A1B	4707	5472
00	0A1D	4707	5472
00	0A1E	4707	5472
00	0A1F	4707	5472
00	0A20	4707	5472
00	0A21	4707	5472
00	0A22	4707	5472
00	0A24	4707	5472
00	0A25	4707	5472
00	0A26	4707	5472
00	0A27	4707	5472
00	0A28	4707	5472
00	0A29	4707	5472
00	0A45	16	5468
00	0A47	16	5468
00	0A49	16	5468
00	0A4B	16	5468
00	0A4C	16	5468
00	0A4E	16	5468
00	0A50	16	5468
00	0A52	16	5468
00	0A54	16	5468
00	0A55	16	5468
00	0A56	16	5468
00	0A57	16	5468
00	0A58	16	5468
00	0A5A	16	5468
00	0A5B	16	5468
00	0A5D	16	5468
00	0A5E	16	5468
00	0A60	16	5468
00	0A62	16	5468
00	0A64	16	5468
00	0A65	59	26
00	0A66	59	26
00	0A68	59	26
00	0A6A	59	26
00	0A6B	59	26
00	0A6D	59	26
00	0A6F	59	26
00	0A71	59	26
00	0A73	59	26
00	0A74	59	26
00	0A75	59	26
00	0A76	59	26
00	0A77	59	26
00	0A79	59	26
00	0A7A	59	26
00	0A7C	59	26
00	0A7E	59	26
00	0A80	59	26
00	0A81	59	26
00	0A82	553	26
00	0A84	553	26
00	0A86	553	26
00	0A87	553	26
00	0A89	553	26
00	0A8A	553	26
00	0A8B	553	26
00	0A8D	553	26
00	0A8F	553	26
00	0A92	553	26
00	0A94	553	26
00	0A96	553	26
00	0A98	553	26
00	0A9B	553	26
00	0A9C	553	26
00	0A9F	553	26
00	0AA0	553	26
00	0AA1	553	26
00	0AA4	553	26
00	0AA5	553	26
00	0AA7	553	26
00	0AA8	553	26
00	0AA9	553	26
00	0AAA	553	26
00	0AAB	553	26
00	0AAE	553	26
00	0AB0	553	26
00	0AB1	553	26
00	0AB3	553	26
00	0AB5	553	26
00	0AB7	553	26
00	0AB8	553	26
00	0AB9	553	26
00	0ABA	553	26
00	0ABB	553	26
00	0ABD	553	26
00	0ABE	553	26
00	0ABF	553	26
00	0AC0	553	26
00	0AC1	553	26
00	0AC3	553	26
00	0AC4	553	26
00	0AC5	553	26
00	0AC6	553	26
00	0AC7	553	26
00	0AC8	553	26
00	0AC9	553	26
00	0ACA	553	26
00	0ACB	553	26
00	0ACC	553	26
00	0ACD	553	26
00	0ACE	553	26
00	0ACF	553	26
00	0AD0	553	26
00	0AD1	553	26
00	0AD2	553	26
00	0AD3	553	26
00	0AD4	553	26
00	0AD5	553	26
00	0AD6	553	26
00	0AD7	553	26
00	0AD8	553	26
00	0AD9	553	26
00	0ADA	553	26
00	0ADB	553	26
00	0ADC	553	26
00	0ADD	553	26
00	0ADE	553	26
00	0ADF	553	26
00	0AE0	553	26
00	0AE1	553	26
00	0AE4	553	26
00	0AE5	553	26
00	0AE6	553	26
00	0AE7	553	26
00	0AE8	424004	43
00	0AE9	424004	43
00	0AEA	424004	43
00	0AED	424004	43
00	0AEE	424004	43
00	0AEF	424004	43
00	0AF1	424004	43
00	0AF3	97165	43
00	0AF4	97165	43
00	0AF6	71356	43
00	0AF9	71356	43
00	0AFA	71356	43
00	0AFB	71356	43
00	0AFC	71356	43
00	0AFE	70813	43
00	0AFF	70813	43
00	0B00	70813	43
00	0B02	4843	62
00	0B03	4843	62
00	0B04	4843	62
00	0B05	4843	62
00	0B06	4843	62
00	0B07	4843	62
00	0B08	4843	62
00	0B0A	4299	62
00	0B0B	4299	62
00	0B0C	4299	62
00	0B0D	4299	62
00	0B0E	4299	62
00	0B0F	4299	62
00	0B10	4299	62
00	0B11	4299	62
00	0B13	1783	122
00	0B14	1783	122
00	0B17	1783	122
00	0B18	1783	122
00	0B1A	1783	122
00	0B1C	97	1142
00	0B1D	97	1142
00	0B1E	97	1142
00	0B1F	97	1142
00	0B20	97	1142
00	0B21	97	1142
00	0B23	4202	62
00	0B24	4202	62
00	0B25	4202	62
00	0B26	4202	62
00	0B28	4202	62
00	0B29	4202	62
00	0B2A	4202	62
00	0B2B	4202	62
00	0B2C	4202	62
00	0B2D	4202	62
00	0B2E	4202	62
00	0B2F	4202	62
00	0B32	4202	62
00	0B33	4202	62
00	0B34	4202	62
00	0B35	4202	62
00	0B36	424004	43
00	0B37	424004	43
00	0B38	424004	43
00	0B3B	424004	43
00	0B3C	424004	43
00	0B3D	424004	43
00	0B3E	424004	43
00	0B3F	424004	43
00	0B40	424004	43
00	0B41	424004	43
00	0B43	424004	43
00	0B45	97165	43
00	0B48	97165	43
00	0B49	97165	43
00	0B4A	97165	43
00	0B4C	4707	5472
00	0B4D	4707	5472
00	0B4E	4707	5472
00	0B51	4707	5472
00	0B52	4707	5472
00	0B53	4707	5472
00	0B54	4707	5472
00	0B56	4707	5472
00	0B58	4707	5472
00	0B5A	4707	5472
00	0B5B	4707	5472
00	0B5C	4707	5472
00	0B5F	4707	5472
00	0B60	4707	5472
00	0B61	4707	5472
00	0B64	4707	5472
00	0B65	4707	5472
00	0B66	4707	5472
00	0B67	4707	5472
00	0B69	4707	5472
00	0B6B	4707	5472
00	0B6C	4707	5472
00	0B6E	4707	5472
00	0B71	424004	43
00	0B72	424004	43
00	0B73	424004	43
00	0B74	424004	43
00	0B75	424004	43
00	0B78	424004	43
00	0B79	424004	43
00	0B7A	424004	43
00	0B7C	424004	43
00	0B7D	424004	43
00	0B7F	424004	43
00	0B80	424004	43
00	0B81	424004	43
00	0B83	424004	43
00	0B84	424004	43
00	0B85	424004	43
00	0B87	424004	43
00	0B88	424004	43
00	0B89	424004	43
00	0B8A	424004	43
00	0B8B	424004	43
00	0B8C	424004	43
00	0B8D	424004	43
00	0B8F	424004	43
00	0B91	97021	43
00	0B92	97021	43
00	0B94	97021	43
00	0B95	97021	43
00	0B96	97021	43
00	0B97	97021	43
00	0B98	97021	43
00	0B99	97021	43
00	0B9A	97021	43
00	0B9B	97021	43
00	0B9C	97021	43
00	0B9D	400887	43
00	0B9E	400887	43
00	0B9F	400887	43
00	0BA0	400887	43
00	0BA1	400887	43
00	0BA2	400887	43
00	0BA3	400887	43
00	0BA4	400887	43
00	0BA5	400887	43
00	0BA6	400887	43
00	0BA7	400887	43
00	0BA8	400887	43
00	0BA9	400887	43
00	0BAA	400887	43
00	0BAC	400887	43
00	0BAD	400887	43
00	0BAF	400887	43
00	0BB0	400887	43
00	0BB1	400887	43
00	0BB2	400887	43
00	0BB3	400887	43
00	0BB4	400887	43
00	0BB5	400887	43
00	0BB6	400887	43
00	0BB7	400887	43
00	0BB8	400887	43
00	0BBA	96961	43
00	0BBB	326983	43
00	0BBC	326983	43
00	0BE8	129	7606
00	0BEB	129	7606
00	0BED	2064	7606
00	0BEF	2064	7606
00	0BF1	2064	7606
00	0BF3	325	7640
00	0BF4	2064	7606
00	0BF6	2064	7606
00	0BF8	2064	7606
00	0BF9	2064	7606
00	0BFB	129	7606
00	0BFC	29	1119
00	0BFF	29	1119
00	0C01	29	1119
00	0C02	232	1119
00	0C03	232	1119
00	0C05	9	1171
00	0C06	232	1119
00	0C08	232	1119
00	0C0A	232	1119
00	0C0B	232	1119
00	0C0D	29	1119
00	0DB9	261	2535
00	0DBB	261	2535
00	0DBE	261	2535
00	0DC0	3132	2535
00	0DC1	3132	2535
00	0DC2	3132	2535
00	0DC3	3132	2535
00	0DC4	3132	2535
00	0DC5	3132	2535
00	0DC7	261	2535
00	0DC8	261	2535
00	0DCA	261	2535
00	0DCD	261	2535
00	0DE2	226	2534
00	0DE4	226	2534
00	0DE7	226	2534
00	0DE8	226	2534
00	0DE9	226	2534
00	0DEB	1356	2534
00	0DEC	1356	2534
00	0DED	1356	2534
00	0DEF	1356	2534
00	0DF0	1356	2534
00	0DF1	1356	2534
00	0DF2	1356	2534
00	0DF3	1356	2534
00	0DF5	1356	2534
00	0DF7	1356	2534
00	0DF8	1356	2534
00	0DF9	1356	2534
00	0DFA	1356	2534
00	0DFC	1356	2534
00	0DFE	1356	2534
00	0DFF	1356	2534
00	0E00	1356	2534
00	0E01	1356	2534
00	0E02	1356	2534
00	0E04	226	2534
00	0E05	226	2534
00	0E06	226	2534
00	0E08	1356	2534
00	0E0A	1356	2534
00	0E0B	1356	2534
00	0E0C	1356	2534
00	0E0E	1356	2534
00	0E10	1356	2534
00	0E12	1356	2534
00	0E14	1356	2534
00	0E15	1356	2534
00	0E16	1356	2534
00	0E18	1356	2534
00	0E1A	1356	2534
00	0E1B	1356	2534
00	0E1D	1356	2534
00	0E1E	1356	2534
00	0E1F	1356	2534
00	0E20	1356	2534
00	0E21	1356	2534
00	0E23	1356	2534
00	0E25	1356	2534
00	0E26	1356	2534
00	0E27	1356	2534
00	0E28	1356	2534
00	0E2A	226	2534
00	0E2C	226	2534
00	0E2E	226	2534
00	0E31	226	2534
00	0E93	57089	2527
00	0E94	57089	2527
00	0E96	57089	2527
00	0E98	57089	2527
00	0E9A	28522	2527
00	0E9C	28522	2527
00	0E9D	28522	2527
00	0E9F	28522	2527
00	0EA1	28522	2527
00	0EA3	28522	2527
00	0EA6	28522	2527
00	0EA8	28522	2527
00	0EA9	28522	2527
00	0EAB	28522	2527
00	0EAD	28522	2527
00	0EAE	28522	2527
00	0EB0	28522	2527
00	0EB1	28522	2527
00	0EB2	28567	2527
00	0EB4	28567	2527
00	0EB5	28567	2527
00	0EB8	28567	2527
00	0EBA	28567	2527
00	0EBB	28567	2527
00	0EBD	28567	2527
00	0EBF	28567	2527
00	0EC1	28567	2527
00	0EC3	28567	2527
00	0EC6	28567	2527
00	0EC7	28567	2527
00	0EC9	23684	2527
00	0ECC	28567	2527
00	0ECD	28567	2527
00	0ECF	28567	2527
00	0ED1	28567	2527
00	0ED2	28567	2527
00	151A	1	324
00	151B	1	324
00	151C	1	324
00	151E	16	324
00	151F	16	324
00	1521	15	324
00	1522	15	324
00	1523	15	324
00	1525	15	324
00	1526	15	324
00	1527	15	324
00	1528	15	324
00	152A	15	324
00	152B	15	324
00	152C	15	324
00	152E	1	324
00	152F	1	324
00	1530	1	324
00	1531	1	324
00	1532	1	324
00	1620	2525	326
00	1622	2525	326
00	1624	372	326
00	1626	372	326
00	163E	372	326
00	1640	372	326
00	1642	372	326
00	1643	372	326
00	1645	372	326
00	1647	372	326
00	164A	372	326
00	164C	372	326
00	164E	372	326
00	1651	372	326
00	1652	372	326
00	1655	372	326
00	1656	372	326
00	1658	372	326
00	165B	372	326
00	165D	372	326
00	165E	372	326
00	1660	372	326
00	1663	372	326
00	1665	372	326
00	1668	372	326
00	1669	2153	1138
00	166A	2153	1138
00	166C	2153	1138
00	166E	2153	1138
00	1670	2153	1138
00	1671	2153	1138
00	1673	2153	1138
00	1675	2153	1138
00	1678	2153	1138
00	1679	2153	1138
00	167B	2153	1138
00	167C	2153	1138
00	167E	2153	1138
00	1681	2153	1138
00	1683	2153	1138
00	16A2	31	1772
00	16A5	31	1772
00	16A7	31	1772
00	16AA	31	1772
00	16AB	31	1772
00	16AD	31	1772
00	16AE	31	1772
00	16AF	31	1772
00	16B2	31	1772
00	16B3	31	1772
00	16B4	31	1772
00	16B7	31	1772
00	16B8	31	1772
00	16BB	31	1772
00	16BC	31	1772
00	16BD	31	1772
00	16BF	31	1772
00	16C0	31	1772
00	16C3	31	1772
00	16C4	194654	1140
00	16C5	194654	1140
00	16C7	194654	1140
00	16C9	194654	1140
00	16CB	193302	1140
00	16CC	193302	1140
00	16CD	1352	1140
00	16D0	1352	1140
00	16D2	1352	1140
00	16D3	1352	1140
00	16D4	1354	1141
00	16D5	1354	1141
00	16D6	1354	1141
00	16D8	1354	1141
00	16D9	1354	1141
00	1711	1	17
00	1713	1	17
00	1715	1	17
00	1716	1	17
00	1718	1	17
00	171A	1	17
00	171C	1	17
00	171F	1	17
00	1722	1	22
00	1724	1	22
00	1725	1	22
00	1727	1	22
00	172A	1	22
00	172C	1	22
00	20A0	1	8
00	20A3	1	8
00	20A6	31940	0
00	20A9	31939	17
00	20AC	265	83
00	20AF	265	83
00	20B2	2	1142
00	20B5	2	1142
00	20C4	1	323
00	20C7	1	323
00	20E8	11	43
00	20EB	11	43
00	20EE	32219	8
00	20F0	32219	8
00	20F3	32219	8
00	20F5	32219	8
00	20F8	65388	8
00	20FA	65388	8
00	20FD	65388	8
00	20FF	130776	8
00	2101	130776	8
00	2104	130776	8
00	2105	130776	8
00	2107	130776	8
00	210A	130776	8
00	210B	32219	8
00	210E	32219	8
00	2111	32219	8
00	2114	32219	8
00	2116	279	43
00	2119	279	43
00	211B	279	43
00	211D	32218	17
00	211F	32218	17
00	2120	32218	17
00	2123	32218	17
00	2124	32218	17
00	2125	1	0
00	2126	1	0
00	2128	1	0
00	2129	31940	0
00	212C	31940	0
00	212E	31940	0
00	2130	1	0
00	2132	1	0
00	2141	32218	17
00	2144	32218	17
00	2146	32218	17
00	2148	32218	17
00	214B	32218	17
00	214D	32218	17
00	214E	32218	17
00	215E	10746	44
00	2161	10746	44
00	2164	10746	44
00	2167	10746	44
00	216A	10746	44
00	216B	10746	44
00	216C	10746	44
00	216F	22423	44
00	2172	22423	44
00	2175	22423	44
00	2178	22423	44
00	217B	22423	44
00	217C	22423	44
00	217D	22423	44
00	217E	22423	44
00	217F	22423	44
00	2180	22423	44
04	4000	1	8
04	4002	1	8
04	4005	1	8
04	4008	1	8
04	4009	1	8
04	400C	1	8
04	400D	1	8
04	4010	1	8
04	4012	1	8
04	4013	63	8
04	4014	63	8
04	4015	63	8
04	4017	1	8
04	4018	1	8
04	401B	1	8
04	401C	1	8
04	401F	1	8
04	4021	1	8
04	4024	1	8
04	4027	1	8
04	402A	1	8
04	402D	1	8
04	402F	1	8
04	4032	1	8
04	4035	1	8
04	4037	1	8
04	403A	1	8
04	403B	1	8
04	403D	1	8
04	4040	1	8
04	4043	8	8
04	4044	8	8
04	4045	8	8
04	4046	8	8
04	4048	1	8
04	4049	1	8
04	404B	1	8
04	404E	1	8
04	4051	4	8
04	4052	4	8
04	4053	4	8
04	4054	4	8
04	4056	1	8
04	4058	1	8
04	405A	1	8
04	405C	1	8
04	405E	1	8
04	4060	1	8
04	4062	1	8
04	4064	1	8
04	4066	1	8
04	4068	1	8
04	406A	1	8
04	406C	1	8
04	406E	1	8
04	4070	1	8
04	4072	1	8
04	4074	1	8
04	4076	1	8
04	4078	1	8
04	407A	1	8
04	407C	1	8
04	407F	1	8
04	4082	31939	17
04	4083	31939	17
04	4084	31939	17
04	4087	31939	17
04	408A	31939	17
04	408C	31939	17
04	408F	31939	17
04	4090	31939	17
04	4091	31939	17
04	4092	31939	17
04	4094	31939	17
04	4095	31939	17
04	4096	31939	17
04	4097	31939	17
04	4099	31939	17
04	409A	31939	17
04	409B	31939	17
04	409D	31939	17
04	40AC	31939	17
04	40AD	31939	17
04	40AE	31939	17
04	40B1	127756	17
04	40B4	127756	17
04	40B7	127756	17
04	40B9	31939	17
04	40BC	127756	17
04	40BF	127756	17
04	40C2	127756	17
04	40C4	31939	17
04	40C7	31939	17
04	40C8	31939	17
04	40CA	31939	17
04	40CB	31939	17
04	40CC	31939	17
04	40CE	31939	17
04	40D0	31939	17
04	40D3	31939	17
04	40D5	31939	17
04	40D8	31939	17
04	40D9	31939	17
04	40DA	31939	17
04	40DB	31939	17
04	40DD	31939	17
04	40DE	31939	17
04	40DF	31939	17
04	40E0	31939	17
04	40E2	31939	17
04	40E3	31939	17
04	40E4	31939	17
04	40E6	31939	17
04	40E8	15203	503
04	40EB	60812	503
04	40EE	60812	503
04	40F1	60812	503
04	40F3	15203	503
04	40F5	16885	17
04	40F6	16885	17
04	40F7	16885	17
04	40FA	67540	17
04	40FD	67540	17
04	4100	67540	17
04	4102	16885	17
04	4105	67540	17
04	4108	67540	17
04	410B	67540	17
04	410D	16885	17
04	4110	16885	17
04	4111	16885	17
04	4113	16885	17
04	4114	16885	17
04	4115	16885	17
04	4117	16885	17
04	4119	31939	17
04	411C	127756	17
04	411F	127756	17
04	4122	127756	17
04	4124	31939	17
04	4127	31939	17
04	4128	31939	17
04	412A	2130	17
04	412C	31939	17
04	412D	31939	17
04	4130	31939	17
04	4132	31939	17
04	4135	31939	17
04	4138	255512	17
04	4139	255512	17
04	413B	255512	17
04	413C	255512	17
04	413D	255512	17
04	413F	255512	17
04	4140	255512	17
04	4141	255512	17
04	4143	31939	17
04	4144	31939	17
04	4147	31939	17
04	4148	31939	17
04	4149	31939	17
04	414C	32204	17
04	414F	32204	17
04	4151	32204	17
04	4153	32095	17
04	4156	32095	17
04	4158	32095	17
04	415F	64299	17
04	4162	64299	17
04	4163	64299	17
04	4164	64299	17
04	4165	64299	17
04	4166	64299	17
04	4167	256180	17
04	416A	256180	17
04	416B	256180	17
04	416C	192146	17
04	416D	192146	17
04	416F	192146	17
04	4170	192146	17
04	4171	192146	17
04	4173	192146	17
04	4174	192146	17
04	4175	192146	17
04	4176	192146	17
04	4177	1801	84
04	417A	1801	84
04	417C	1801	84
04	417E	1801	84
04	4180	1564	44
04	4183	1564	44
04	4185	1564	44
04	4187	1564	44
04	4189	1322	84
04	418C	1322	84
04	418E	1322	84
04	4190	1322	84
04	4192	2685	502
04	4195	2685	502
04	4197	2685	502
04	4199	2685	502
04	419B	80763	17
04	419E	80763	17
04	41A0	80763	17
04	41A2	88135	17
04	41A5	88135	17
04	41A6	88135	17
04	41A7	88135	17
04	41A8	88135	17
04	41A9	88135	17
04	41AA	88135	17
04	41AB	88135	17
04	41AC	323052	17
04	41AF	323052	17
04	41B0	323052	17
04	41B1	242289	17
04	41B2	242289	17
04	41B4	242289	17
04	41B5	242289	17
04	41B6	242289	17
04	41B8	242289	17
04	41B9	242289	17
04	41BA	242289	17
04	41BB	242289	17
04	41BD	242289	17
04	41BE	242289	17
04	41BF	242289	17
04	41C0	265	83
04	41C1	265	83
04	41C2	265	83
04	41C5	265	83
04	41C8	265	83
04	41CB	265	83
04	41CD	265	83
04	4219	265	83
04	421C	265	83
04	421E	265	83
04	4221	265	83
04	4222	265	83
04	4225	309	83
04	4228	309	83
04	4229	309	83
04	422C	309	83
04	422D	309	83
04	422F	309	83
04	4231	302	83
04	4234	302	83
04	4236	37	83
04	4239	37	83
04	423A	37	83
04	423D	37	83
04	423E	37	83
04	4241	44	83
04	4244	44	83
04	4246	44	83
04	4249	44	83
04	424C	44	83
04	4284	265	83
04	4287	6	43
04	4288	6	43
04	4289	6	43
04	428C	6	43
04	428D	6	43
04	4290	6	43
04	4291	6	43
04	4294	6	43
04	4295	6	43
04	4298	6	43
04	4299	6	43
04	429C	6	43
04	429F	6	43
04	42A2	18	43
04	42A5	18	43
04	42A7	12	501
04	42AA	12	501
04	42AE	6	43
04	42B1	6	43
04	42B2	6	43
04	42B5	6	43
04	42B6	6	43
04	42B7	6	43
04	42B8	12	43
04	42BB	12	43
04	42BD	6	43
04	42D6	11	43
04	42D9	11	43
04	42DA	11	43
04	42DC	7	2985
04	42DF	7	2985
04	42E0	7	2985
04	42E2	7	2985
04	42E5	7	2985
04	42E7	7	2985
04	42E9	7	2985
04	430A	271	43
04	430B	271	43
04	430E	271	43
04	4310	271	43
04	4311	271	43
04	4319	271	43
04	431B	271	43
04	431D	271	43
04	4320	271	43
04	4321	271	43
04	4322	271	43
04	4323	271	43
04	4324	271	43
04	4325	271	43
04	4328	271	43
04	4329	271	43
04	432A	271	43
04	432B	271	43
04	432C	271	43
04	432D	271	43
04	432E	271	43
04	4331	271	43
04	4332	271	43
04	4335	271	43
04	4336	271	43
04	4339	271	43
04	433A	271	43
04	433D	271	43
04	433E	271	43
04	4341	271	43
04	4342	271	43
04	4343	271	43
04	4344	271	43
04	4347	271	43
04	4348	271	43
04	434B	271	43
04	434C	320	43
04	434F	320	43
04	4350	320	43
04	4353	320	43
04	4354	320	43
04	4356	320	43
04	4357	320	43
04	4358	320	43
04	435B	320	43
04	435C	320	43
04	435F	320	43
04	4360	320	43
04	4363	320	43
04	4364	320	43
04	4367	320	43
04	4368	320	43
04	436B	320	43
04	436C	320	43
04	436F	320	43
04	4370	320	43
04	4373	320	43
04	4374	320	43
04	4377	320	43
04	4378	320	43
04	4379	49	83
04	437C	49	83
04	437E	49	83
04	437F	49	83
04	4380	49	83
04	4382	49	83
04	4383	49	83
04	4384	49	83
04	4385	49	83
04	4386	320	44
04	4388	320	44
04	4389	320	44
04	438A	320	44
04	438B	320	44
04	438C	320	44
04	438D	320	44
04	438E	320	44
04	438F	320	44
04	4390	320	44
04	4393	320	44
04	4394	320	44
04	4397	320	44
04	4398	320	44
04	439B	320	44
04	439C	320	44
04	439D	320	44
04	439E	320	44
04	43A1	320	44
04	43A2	320	44
04	43A3	320	44
04	43A4	320	44
04	43A5	320	44
04	43A6	320	44
04	43A7	320	44
04	43A8	320	44
04	43A9	320	44
04	43AB	320	44
04	43AC	320	44
04	43AD	320	44
04	43AE	320	44
04	43AF	320	44
04	43B0	320	44
04	43B1	320	44
04	43B2	320	44
04	43B4	320	44
04	43B5	320	44
04	43B7	320	44
04	43B8	320	44
04	43B9	320	44
04	43BA	320	44
04	43BB	320	44
04	43BC	320	44
04	43BE	320	44
04	43BF	320	44
04	43C0	320	44
04	43C1	320	44
04	43C2	320	44
04	43C3	320	44
04	43C4	320	44
04	43C6	320	44
04	43C7	320	44
04	43C8	320	44
04	43C9	320	44
04	43CA	320	44
04	43CB	320	44
04	43CC	320	44
04	43CD	320	44
04	43CE	320	44
04	43CF	320	44
04	43D0	320	44
04	43D1	320	44
04	43D2	320	44
04	43D3	320	44
04	43D4	320	44
04	43D5	320	44
04	43D6	320	44
04	43D7	320	44
04	43D8	320	44
04	43DA	320	44
04	43DB	320	44
04	4429	1	323
04	442C	1	323
04	4433	1	323
04	4435	1	323
04	4438	1	323
04	443B	4	323
04	443E	4	323
04	443F	4	323
04	4442	4	323
04	4443	4	323
04	4445	4	323
04	4448	4	323
04	444A	1	323
04	453A	31939	17
04	453D	31939	17
04	453E	31939	17
04	453F	31900	17
04	4542	31900	17
04	4543	31900	17
04	455A	60812	503
04	455D	60812	503
04	455E	60812	503
04	4561	60812	503
04	4562	60812	503
04	4563	60812	503
04	4565	60812	503
04	4566	60532	503
04	4569	60532	503
04	456C	195296	17
04	456F	195296	17
04	4570	195296	17
04	4573	195296	17
04	4574	195296	17
04	4575	195296	17
04	4577	195296	17
04	4578	67408	44
04	457A	67408	44
04	457C	320	44
04	457D	320	44
04	4580	320	44
04	4581	320	44
04	4582	67408	44
04	4585	67408	44
04	4586	67408	44
04	4587	67408	44
04	4588	67408	44
04	458A	58333	85
04	458B	58333	85
04	458C	58333	85
04	458E	9075	44
04	458F	9075	44
04	4590	9075	44
04	4591	9075	44
04	4592	9075	44
04	4593	9075	44
04	4594	9075	44
04	4597	9075	44
04	4598	9075	44
04	459B	21943	44
04	459E	21943	44
04	459F	21943	44
04	45A2	21943	44
04	45A3	21943	44
04	45A6	21943	44
04	45A7	21943	44
04	45AA	21943	44
04	45AC	21943	44
04	45AE	1286	510
04	45AF	1286	510
04	45B2	1286	510
04	45B3	1286	510
04	45B4	1286	510
04	45B6	20657	44
04	45B7	20657	44
04	45BA	20657	44
04	45BB	20657	44
04	45BD	20657	44
04	45BF	10777	44
04	45C0	21943	44
04	45C2	21943	44
04	45C5	14571	44
04	45C7	14571	44
04	45CA	5804	44
04	45CD	5804	44
04	45CF	5804	44
04	45D0	5804	44
04	45D1	5804	44
04	45D3	5804	44
04	45D4	5804	44
04	45D5	5804	44
04	45D6	5804	44
04	45D7	5804	44
04	45D8	5804	44
04	45D9	5804	44
04	45DA	5804	44
04	45DB	308	44
04	45DE	308	44
04	45DF	308	44
04	45E2	308	44
04	45E3	308	44
04	45E4	308	44
04	45E5	308	44
04	45E6	67100	84
04	45E9	67100	84
04	45EA	67100	84
04	45EB	67100	84
04	45EC	67100	84
04	45EE	580	517
04	45EF	580	517
04	45F2	580	517
04	45F3	580	517
04	45F5	580	517
04	45F7	66520	84
04	45FA	66520	84
04	45FB	66520	84
04	45FC	66520	84
04	45FD	67100	84
04	45FE	67100	84
04	4600	67100	84
04	4602	33055	89
04	4603	67100	84
04	4606	67100	84
04	4609	67100	84
04	460A	67100	84
04	460B	67100	84
04	460C	67100	84
04	460E	1080	502
04	460F	1080	502
04	4612	1080	502
04	4613	1080	502
04	4614	1080	502
04	4615	1080	502
04	4618	1080	502
04	4619	1080	502
04	461A	1080	502
04	461B	1080	502
04	461C	1080	502
04	461D	1080	502
04	461F	1080	502
04	4623	66020	84
04	4626	66020	84
04	4627	66020	84
04	4628	66020	84
04	462A	66020	84
04	462E	1080	502
04	462F	1080	502
04	4631	1080	502
04	4632	1080	502
04	4633	1080	502
04	4635	1080	502
04	4636	1080	502
04	4638	1080	502
04	4639	1080	502
04	463B	1080	502
04	463C	1080	502
04	463E	1080	502
04	463F	1080	502
04	4640	67100	84
04	4641	67100	84
04	4642	67100	84
04	4644	507	502
04	4647	507	502
04	4649	507	502
04	464C	507	502
04	464D	67100	84
04	464E	67100	84
04	464F	67100	84
04	4650	67100	84
04	4652	102	502
04	4655	102	502
04	4657	102	502
04	465A	102	502
04	465B	67100	84
04	465D	67100	84
04	4660	67100	84
04	4661	67100	84
04	4664	67100	84
04	4665	67100	84
04	4668	127632	84
04	466A	127632	84
04	466C	2579	502
04	466F	2579	502
04	4670	2579	502
04	4671	2579	502
04	4673	2579	502
04	4675	2579	502
04	4676	2579	502
04	4677	2579	502
04	467A	2579	502
04	467B	2579	502
04	467C	2579	502
04	467D	2579	502
04	467E	2579	502
04	467F	2579	502
04	4680	2579	502
04	4681	2579	502
04	4684	2579	502
04	4685	2579	502
04	4686	2579	502
04	4687	2579	502
04	4688	2579	502
04	4689	2579	502
04	468A	2579	502
04	468B	2579	502
04	468E	2579	502
04	468F	2579	502
04	4690	2579	502
04	4692	2579	502
04	4694	2579	502
04	4695	2579	502
04	4696	2579	502
04	4697	2579	502
04	4698	2579	502
04	4699	2579	502
04	469A	2579	502
04	469D	2579	502
04	469E	2579	502
04	469F	2579	502
04	46A0	2579	502
04	46A1	2579	502
04	46A4	2579	502
04	46A5	2579	502
04	46A8	127632	84
04	46AA	127632	84
04	46BF	127632	84
04	46C1	127632	84
04	46C3	318	84
04	46C6	318	84
04	46C7	318	84
04	46C8	318	84
04	46C9	318	84
04	46CA	318	84
04	46CD	318	84
04	46CF	318	84
04	46D1	318	84
04	46D3	318	84
04	46D5	318	84
04	46D7	318	84
04	46D8	318	84
04	46D9	318	84
04	46DA	318	84
04	46DD	318	84
04	46DE	318	84
04	46DF	318	84
04	46E2	318	84
04	46E3	318	84
04	46E6	127632	84
04	46E7	127632	84
04	4756	8767	84
04	4758	8767	84
04	475B	8767	84
04	475D	8767	84
04	475E	8767	84
04	4760	8767	84
04	4762	8767	84
04	4763	8767	84
04	4764	8767	84
04	4765	8767	84
04	4768	8767	84
04	4769	8767	84
04	476C	8767	84
04	476D	8767	84
04	476E	8767	84
04	476F	8767	84
04	4770	8767	84
04	4771	8767	84
04	4772	8767	84
04	4773	8767	84
04	4774	8767	84
04	4777	8	1503
04	477A	8	1503
04	477B	8	1503
04	477E	8	1503
04	477F	8	1503
04	4782	8	1503
04	4783	8	1503
04	4784	8	1503
04	4786	8	1503
04	4789	8	1503
04	478A	8	1503
04	478B	8	1503
04	478C	8	1503
04	478D	8	1503
04	478F	8	1503
04	4790	8	1503
04	4793	8	1503
04	4794	8	1503
04	4795	8	1503
04	4796	8	1503
04	4797	8	1503
04	4798	8	1503
04	4799	8	1503
04	479A	8	1503
04	479B	160	1503
04	479E	160	1503
04	479F	160	1503
04	47A0	160	1503
04	47A3	16	1323
04	47A6	16	1323
04	47A7	16	1323
04	47AA	16	1323
04	47AB	16	1323
04	47AE	16	1323
04	47AF	16	1323
04	47B0	16	1323
04	47B1	16	1323
04	47B4	8	1593
04	47B5	8	1593
04	47B6	8	1593
04	47B7	8	1593
04	47B8	8	1593
04	47BA	8	1593
04	47BB	8	1593
04	47BE	8	1593
04	47BF	8	1593
04	47C0	8	1593
04	47C1	8	1593
04	47C2	8	1593
04	47E3	309	44
04	47E6	309	44
04	47E8	309	44
04	47EB	309	44
04	47ED	265	84
04	47F0	309	44
04	47F3	309	44
04	47F4	309	44
04	47F5	309	44
04	47F8	309	44
04	47FB	309	44
04	47FC	309	44
04	47FD	309	44
04	47FE	309	44
04	47FF	309	44
04	4800	309	44
04	4803	309	44
04	4804	309	44
04	4806	309	44
04	480C	309	44
04	480E	309	44
04	480F	309	44
04	4811	309	44
04	4812	309	44
04	4813	309	44
04	4816	309	44
04	4817	309	44
04	4818	309	44
04	483A	320	44
04	483D	320	44
04	484E	2193	44
04	4851	2193	44
04	4852	2193	44
04	4854	2193	44
04	4856	2151	44
04	4859	2151	44
04	485C	2151	44
04	485E	2151	44
04	485F	2151	44
04	4862	2151	44
04	4864	2151	44
04	4865	2151	44
04	4866	2151	44
04	4867	2151	44
04	4868	2151	44
04	4869	2151	44
04	486A	2151	44
04	486B	2151	44
04	486C	2151	44
04	486D	2151	44
04	486E	2151	44
04	486F	2151	44
04	4870	2151	44
04	4871	2151	44
04	4872	2151	44
04	4873	2151	44
04	4876	2151	44
04	4878	2151	44
04	487B	2151	44
04	487E	42	502
04	4881	42	502
04	4883	42	502
04	4886	42	502
04	4889	4764	44
04	488A	4764	44
04	488C	4764	44
04	488D	4764	44
04	488E	4764	44
04	488F	4764	44
04	4890	4764	44
04	4891	4764	44
04	4894	4764	44
04	4895	4764	44
04	4896	2072	532
04	4899	2072	532
04	489A	2072	532
04	489D	2072	532
04	489E	2072	532
04	48A1	2072	532
04	48A2	2072	532
04	48A5	2072	532
04	48A6	2072	532
04	48A7	2072	532
04	48A9	2072	532
04	48AA	2072	532
04	48AB	2072	532
04	48AC	2072	532
04	48AD	2169	532
04	48AE	2169	532
04	48B0	2169	532
04	48B2	1222	533
04	48B5	1222	533
04	48B6	1222	533
04	48B7	1222	533
04	48B9	947	532
04	48BA	947	532
04	48BB	947	532
04	48BC	947	532
04	48BF	947	532
04	48C0	947	532
04	48C1	947	532
04	48C2	947	532
04	48C3	947	532
04	48C4	947	532
04	48C5	947	532
04	48C6	2169	532
04	48C7	2169	532
04	48C8	2169	532
04	48C9	2169	532
04	48CA	2169	532
04	48CD	2169	532
04	48CF	2169	532
04	48D2	2169	532
04	48D5	97	1095
04	48D8	97	1095
04	48D9	97	1095
04	48DC	97	1095
04	48DD	97	1095
04	48E0	97	1095
04	48E1	97	1095
04	48E4	97	1095
04	48E5	97	1095
04	48E6	97	1095
04	48E7	97	1095
04	48E8	97	1095
04	48E9	97	1095
04	48EA	97	1095
04	48EC	3	502
04	48EF	3	502
04	48F0	3	502
04	48F3	3	502
04	48F4	3	502
04	48F7	3	502
04	48F8	3	502
04	48FB	3	502
04	48FC	3	502
04	48FD	3	502
04	48FF	3	502
04	4905	3	502
04	4925	3	502
04	4928	3	502
04	492A	320	44
04	492D	320	44
04	492F	320	44
04	4932	320	44
04	4935	320	44
04	4938	320	44
04	4939	320	44
04	493C	320	44
04	493D	320	44
04	493E	320	44
04	4941	320	44
04	4942	320	44
04	4943	320	44
04	4944	320	44
04	4970	3	502
04	4973	326	44
04	4976	326	44
04	4977	326	44
04	497A	326	44
04	497B	326	44
04	497C	326	44
04	497F	326	44
04	4980	326	44
04	4981	326	44
04	4A2B	7372	44
04	4A2D	7372	44
04	4A2F	7372	44
04	4A30	7372	44
04	4A32	7372	44
04	4A34	7372	44
04	4A35	7372	44
04	4A36	7372	44
04	4A39	7372	44
04	4A3A	7372	44
04	4A3D	7372	44
04	4A3E	7372	44
04	4A3F	7372	44
04	4A42	7372	44
04	4A43	7372	44
04	4A44	7372	44
04	4A46	7372	44
04	4A49	7372	44
04	4A4B	10746	44
04	4A4C	10746	44
04	4A4F	10746	44
04	4A50	18118	44
04	4A52	18118	44
04	4A54	10746	44
04	4A56	10746	44
04	4A58	4790	44
04	4A5A	4790	44
04	4A69	5956	44
04	4A6B	5956	44
04	4A6D	5956	44
04	4A6F	5956	44
04	4A70	5956	44
04	4A71	5956	44
04	4A73	4790	44
04	4A75	4790	44
04	4A77	4790	44
04	4A79	4790	44
04	4A7A	4790	44
04	4A7B	4790	44
04	4A7C	4790	44
04	4A7E	4790	44
04	4A7F	4790	44
04	4A81	7372	44
04	4A82	7372	44
04	4A83	7372	44
04	4A84	7372	44
04	4A87	7372	44
04	4A88	7372	44
04	4A89	7372	44
04	4A8C	7372	44
04	4A8F	7372	44
04	4A92	7372	44
04	4A93	7372	44
04	4A94	7372	44
04	4A95	7372	44
04	4A98	7372	44
04	4A99	7372	44
04	4A9C	7372	44
04	4A9E	7372	44
04	4AA0	2613	502
04	4AA1	2613	502
04	4AA2	2613	502
04	4AA3	2613	502
04	4AA6	2613	502
04	4AA8	2613	502
04	4AAB	2613	502
04	4AAC	2613	502
04	4AAD	2613	502
04	4AAE	2613	502
04	4AAF	2613	502
04	4AB0	2613	502
04	4AB1	2613	502
04	4AB2	2613	502
04	4AB3	2613	502
04	4AB4	2613	502
04	4AB5	2613	502
04	4AB6	2613	502
04	4AB7	2613	502
04	4AB8	2613	502
04	4AB9	2613	502
04	4ABA	2613	502
04	4ABD	2613	502
04	4ABE	7372	44
04	4ABF	7372	44
04	4AC1	7372	44
04	4AC3	3365	44
04	4AC5	3365	44
04	4AC7	1801	84
04	4ACA	1801	84
04	4ACC	1564	44
04	4ACF	1564	44
04	4AD1	4007	84
04	4AD3	4007	84
04	4AD5	1322	84
04	4AD8	1322	84
04	4ADA	2685	502
04	4ADD	7372	44
04	4AE0	7372	44
04	4AE3	7372	44
04	4AE5	7372	44
04	4AE7	700	84
04	4AE9	7372	44
04	4AEC	7372	44
04	4AED	7372	44
04	4AF0	7372	44
04	4AF1	7372	44
04	4AF4	7372	44
04	4AF5	7372	44
04	4AF8	7372	44
04	4AF9	7372	44
04	4AFA	7372	44
04	4AFD	7372	44
04	4AFE	7372	44
04	4B01	7372	44
04	4B02	7372	44
04	4B05	7372	44
04	4B06	7372	44
04	4B07	7372	44
04	4B08	7372	44
04	4B0A	1874	517
04	4B0C	1874	517
04	4B0E	1575	517
04	4B10	299	1729
04	4B11	299	1729
04	4B12	299	1729
04	4B14	286	1729
04	4B16	261	1729
04	4B17	261	1729
04	4B18	261	1729
04	4B1A	7245	44
04	4B1D	7245	44
04	4B20	7245	44
04	4B21	7245	44
04	4B24	7245	44
04	4B25	7245	44
04	4B28	7245	44
04	4B29	7245	44
04	4B2C	7245	44
04	4B2D	7245	44
04	4B2F	7245	44
04	4B30	7245	44
04	4B33	7245	44
04	4B34	7245	44
04	4B37	7245	44
04	4B38	7245	44
04	4B3B	7245	44
04	4B3C	7245	44
04	4B3D	7245	44
04	4B3E	7245	44
04	4B3F	7245	44
04	4B40	7245	44
04	4B42	7245	44
04	4B43	7245	44
04	4B44	7245	44
04	4B46	7245	44
04	4B47	7245	44
04	4B48	7245	44
04	4B49	7245	44
04	4B4A	7245	44
04	4B4B	7245	44
04	4B4C	7245	44
04	4B4D	7245	44
04	4B4E	7245	44
04	4B4F	7245	44
04	4B50	7245	44
04	4B51	7245	44
04	4B52	7245	44
04	4B53	7245	44
04	4B54	7245	44
04	4B55	7245	44
04	4B56	7245	44
04	4B57	7245	44
04	4B58	7245	44
04	4B59	7245	44
04	4B5A	7245	44
04	4B5B	7245	44
04	4B5C	7245	44
04	4B5D	7245	44
04	4B5E	7245	44
04	4B61	7245	44
04	4B62	7372	44
04	4B63	7372	44
04	4BC9	127756	17
04	4BCC	127756	17
04	4BCD	127756	17
04	4BD0	127756	17
04	4BD1	127756	17
04	4BD3	127756	17
04	4BD4	62128	85
04	4BD5	62128	85
04	4BD6	62128	85
04	4BD8	62128	85
04	4BD9	2176	85
04	4BDB	67540	17
04	4BDE	67540	17
04	4BDF	67540	17
04	4BE2	67540	17
04	4BE3	67540	17
04	4BE5	67540	17
04	4BE6	32335	84
04	4BE7	32335	84
04	4BE8	32335	84
04	4BEA	32335	84
04	4BEB	33216	85
04	4BEC	33216	85
04	4BED	33216	85
04	4BEE	33216	85
04	4BEF	33216	85
04	4BF0	33216	85
04	4BF1	33216	85
04	4BF2	33216	85
04	4BF4	33216	85
04	4BF6	33213	85
04	4BF7	33213	85
04	4BF8	33213	85
04	4BF9	33213	85
04	4BFA	33189	85
04	4BFB	33189	85
04	4BFC	7049	87
04	4BFF	7049	87
04	4C00	7049	87
04	4C01	7049	87
04	4C03	7049	87
04	4C05	7049	87
04	4C07	7049	87
04	4C09	7049	87
04	4C0A	7049	87
04	4C0B	3	1795
04	4C0E	3	1795
04	4C0F	285	44
04	4C10	285	44
04	4C11	285	44
04	4C14	127756	17
04	4C17	127756	17
04	4C18	127756	17
04	4C1B	127756	17
04	4C1C	127756	17
04	4C1D	127756	17
04	4C1F	127756	17
04	4C20	67623	44
04	4C21	67623	44
04	4C22	67623	44
04	4C25	67623	44
04	4C26	67623	44
04	4C27	67623	44
04	4C2A	67623	44
04	4C2B	67623	44
04	4C2C	67623	44
04	4C2F	67623	44
04	4C30	67623	44
04	4C31	67623	44
04	4C33	67623	44
04	4C35	282	44
04	4C36	282	44
04	4C38	67341	84
04	4C3B	67341	84
04	4C3D	67341	84
04	4C3F	54904	85
04	4C42	54904	85
04	4C43	54904	85
04	4C46	54904	85
04	4C47	54904	85
04	4C49	3665	513
04	4C4A	54904	85
04	4C4B	54904	85
04	4C4C	54904	85
04	4C4E	54904	85
04	4C50	54904	85
04	4C52	54904	85
04	4C54	54904	85
04	4C5F	12437	84
04	4C60	12437	84
04	4C62	12437	84
04	4C64	12437	84
04	4C66	7243	84
04	4C67	7243	84
04	4C6A	7243	84
04	4C6B	7243	84
04	4C6E	7243	84
04	4C70	7243	84
04	4C73	7243	84
04	4C76	7243	84
04	4C79	7243	84
04	4C7A	7243	84
04	4C7B	7243	84
04	4C7E	7243	84
04	4C7F	7243	84
04	4C81	7243	84
04	4C82	7243	84
04	4C83	7243	84
04	4C85	7243	84
04	4C8F	5194	87
04	4C92	5194	87
04	4C93	5194	87
04	4C94	5194	87
04	4C97	5194	87
04	4C98	5194	87
04	4C99	5194	87
04	4C9B	5194	87
04	4C9E	5194	87
04	4C9F	5194	87
04	4CA0	5194	87
04	4CA1	5194	87
04	4CA2	5194	87
04	4CA4	5194	87
04	4CD3	7243	84
04	4CD6	7243	84
04	4CD7	7243	84
04	4CD8	7243	84
04	4CDB	7243	84
04	4CDC	7243	84
04	4CDD	7243	84
04	4CDE	7243	84
04	4CE1	7243	84
04	4CE2	7243	84
04	4CE4	7243	84
04	4CE7	7243	84
04	4CE8	7243	84
04	4CEB	7243	84
04	4CEC	7243	84
04	4CED	7243	84
04	4CEE	7243	84
04	4CEF	7243	84
04	4CF0	7243	84
04	4CF2	7243	84
04	4CF4	62	84
04	4CF7	62	84
04	4CF9	62	84
04	4CFA	62	84
04	4CFB	7243	84
04	4CFC	7243	84
04	4CFD	7243	84
04	4CFE	7243	84
04	4CFF	7243	84
04	4D02	54904	85
04	4D05	54904	85
04	4D07	54904	85
04	4D0A	54904	85
04	4D0D	54904	85
04	4D0E	54904	85
04	4D0F	54904	85
04	4D11	54904	85
04	4D13	36967	85
04	4D14	36967	85
04	4D15	36967	85
04	4D17	30921	85
04	4D18	30921	85
04	4D19	30921	85
04	4D1A	30921	85
04	4D1C	30921	85
04	4D1E	30921	85
04	4D21	30921	85
04	4D22	36967	85
04	4D23	36967	85
04	4D24	36967	85
04	4D25	36967	85
04	4D27	36967	85
04	4D28	36967	85
04	4D2A	3857	507
04	4D2D	3857	507
04	4D2F	3838	507
04	4D30	3838	507
04	4D31	3838	507
04	4D32	3838	507
04	4D34	17937	85
04	4D35	17937	85
04	4D36	17937	85
04	4D37	17937	85
04	4D39	17937	85
04	4D54	5213	87
04	4D55	5213	87
04	4D58	5213	87
04	4D59	5213	87
04	4D5C	5213	87
04	4D5D	5213	87
04	4D60	5213	87
04	4D61	5213	87
04	4D62	5213	87
04	4D65	5213	87
04	4D66	5213	87
04	4D67	5213	87
04	4D68	5213	87
04	4D69	5213	87
04	4D6A	5213	87
04	4D6B	5213	87
04	4D6C	5213	87
04	4D6E	5213	87
04	4D6F	5213	87
04	4D70	5213	87
04	4D90	5213	87
04	4D93	5213	87
04	4D94	5213	87
04	4D97	5213	87
04	4D98	5213	87
04	4D99	5213	87
04	4D9A	5213	87
04	4D9D	33110	85
04	4DA0	33110	85
04	4DA2	33110	85
04	4DA4	26321	85
04	4DA7	26321	85
04	4DA9	26321	85
04	4DAC	26321	85
04	4DAE	11081	84
04	4DB1	11081	84
04	4DB3	11081	84
04	4DB6	62128	84
04	4DB9	62128	84
04	4DBB	62128	84
04	4DBD	8636	84
04	4DC0	8636	84
04	4DC3	62128	84
04	4DC5	62128	84
04	4DC7	7243	84
04	4DCA	7243	84
04	4DCD	62128	84
04	4DCF	62128	84
04	4DD0	11171	84
04	4DD3	3919	84
04	4DD6	3919	84
04	4DD7	3919	84
04	4DD8	3919	84
04	4DDB	3919	84
04	4DDC	3919	84
04	4DDE	3919	84
04	4DDF	7243	84
04	4DE0	7243	84
04	4DE3	7243	84
04	4DE4	7243	84
04	4DE5	7243	84
04	4DE8	7243	84
04	4DE9	7243	84
04	4DEC	7243	84
04	4DED	7243	84
04	4DF0	7243	84
04	4DF1	7243	84
04	4DF2	7243	84
04	4DF5	7243	84
04	4DF7	7243	84
04	4DF9	7243	84
04	4DFA	7243	84
04	4DFD	7243	84
04	4DFE	7243	84
04	4DFF	7243	84
04	4E02	7243	84
04	4E03	7243	84
04	4E04	7243	84
04	4E05	7243	84
04	4E08	7243	84
04	4E09	7243	84
04	4E0A	7243	84
04	4E0D	7243	84
04	4E0E	7243	84
04	4E0F	7243	84
04	4E12	7243	84
04	4E14	7243	84
04	4E15	7243	84
04	4E18	7243	84
04	4E19	7243	84
04	4E1C	7243	84
04	4E1D	7243	84
04	4E20	7243	84
04	4E21	7243	84
04	4E22	7243	84
04	4E25	7243	84
04	4E27	7243	84
04	4E29	7243	84
04	4E2A	7243	84
04	4E2D	7243	84
04	4E2E	7243	84
04	4E2F	7243	84
04	4E32	7243	84
04	4E33	7243	84
04	4E34	30921	85
04	4E35	30921	85
04	4E38	30921	85
04	4E3A	30921	85
04	4E3B	30921	85
04	4E3C	2585	520
04	4E3D	2585	520
04	4E3F	2585	520
04	4E41	439	523
04	4E44	439	523
04	4E46	439	523
04	4E49	2585	520
04	4E4A	2585	520
04	4E4B	7243	84
04	4E4E	7243	84
04	4E4F	7243	84
04	4E52	7243	84
04	4E53	7243	84
04	4E56	7243	84
04	4E57	7243	84
04	4E5A	7243	84
04	4E5B	7243	84
04	4E5D	7243	84
04	4E5F	3937	84
04	4E61	2632	502
04	4E62	2632	502
04	4E63	2632	502
04	4E64	2632	502
04	4E65	2632	502
04	4E67	2632	502
04	4E68	2632	502
04	4E69	2632	502
04	4E6A	2632	502
04	4E6C	2632	502
04	4E6D	2632	502
04	4E6E	2632	502
04	4E6F	2632	502
04	4E70	2632	502
04	4E78	2632	502
04	4E7A	2632	502
04	4E7C	2632	502
04	4E7D	3306	84
04	4E7E	3306	84
04	4E7F	3306	84
04	4E80	3306	84
04	4E82	3306	84
04	4E83	3306	84
04	4E84	3306	84
04	4E85	3306	84
04	4E8F	3306	84
04	4E90	3306	84
04	4E91	3306	84
04	4E92	3306	84
04	4E93	3306	84
04	4E94	3306	84
04	4E95	3306	84
04	4E96	3306	84
04	4E97	3306	84
04	4E98	3306	84
04	4E99	3306	84
04	4E9A	3306	84
04	4E9B	1305	84
04	4E9C	1305	84
04	4E9E	1305	84
04	4E9F	1305	84
04	4EA0	1305	84
04	4EA1	1305	84
04	4EA9	1305	84
04	4EAB	1305	84
04	4EAE	1305	84
04	4EAF	1305	84
04	4EB0	97	84
04	4EB1	97	84
04	4EB4	97	84
04	4EB5	97	84
04	4EB7	97	84
04	4EB8	97	84
04	4EB9	97	84
04	4EBA	97	84
04	4EBB	97	84
04	4EBE	97	84
04	4EBF	97	84
04	4EC1	97	84
04	4EC3	1552	84
04	4EC4	1552	84
04	4EC5	1552	84
04	4EC6	1552	84
04	4EC7	1552	84
04	4EC9	97	84
04	4ECA	8636	84
04	4ECD	8636	84
04	4ECE	8636	84
04	4ED1	8636	84
04	4ED2	8636	84
04	4ED5	8636	84
04	4ED6	8636	84
04	4ED7	8636	84
04	4ED8	8636	84
04	4ED9	8636	84
04	4EDC	8636	84
04	4EDD	8636	84
04	4EE0	8636	84
04	4EE1	8636	84
04	4EE4	8636	84
04	4EE5	8636	84
04	4EE6	8636	84
04	4EE7	8636	84
04	4EE8	8636	84
04	4EEB	8636	84
04	4EED	8636	84
04	4EEF	4898	84
04	4EF1	1325	84
04	4EF2	1325	84
04	4EF4	1325	84
04	4EF5	5063	84
04	4EF6	5063	84
04	4EF7	5063	84
04	4EFA	5063	84
04	4EFB	5063	84
04	4EFE	5063	84
04	4F01	5063	84
04	4F02	5063	84
04	4F03	5063	84
04	4F05	5063	84
04	4F06	5063	84
04	4F09	5063	84
04	4F0A	5063	84
04	4F0B	5063	84
04	4F0C	5063	84
04	4F0D	5063	84
04	4F0E	5063	84
04	4F0F	5063	84
04	4F11	5063	84
04	4F17	5063	84
04	4F18	5063	84
04	4F19	5063	84
04	4F1A	5063	84
04	4F1D	5063	84
04	4F1E	5063	84
04	4F1F	5063	84
04	4F20	5063	84
04	4F22	5063	84
04	4F23	5063	84
04	4F24	5063	84
04	4F25	5063	84
04	4F28	5063	84
04	4F29	5063	84
04	4F2B	5063	84
04	4F2C	5063	84
04	4F2D	3573	502
04	4F2E	3573	502
04	4F2F	3573	502
04	4F30	3573	502
04	4F32	3573	502
04	4F33	3573	502
04	4F34	3573	502
04	4F36	3573	502
04	4F37	3573	502
04	4F38	3573	502
04	4F3A	3573	502
04	4F3C	2309	502
04	4F3E	2309	502
04	4F3F	2309	502
04	4F40	2309	502
04	4F41	2309	502
04	4F43	2309	502
04	4F44	3573	502
04	4F45	3573	502
04	4F47	3573	502
04	4F48	3573	502
04	4F49	3573	502
04	4F4A	3573	502
04	4F4B	3573	502
04	4F4D	3573	502
04	4F4E	3573	502
04	4F4F	7243	84
04	4F52	7243	84
04	4F53	7243	84
04	4F56	7243	84
04	4F57	7243	84
04	4F5A	7243	84
04	4F5B	7243	84
04	4F5E	7243	84
04	4F60	7243	84
04	4F62	5495	84
04	4F64	3937	84
04	4F66	3937	84
04	4F68	2632	502
04	4F6B	2632	502
04	4F6D	1748	84
04	4F70	1748	84
04	4F72	1558	502
04	4F75	1558	502
04	4F77	1305	84
04	4F7A	7243	84
04	4F7C	7243	84
04	4F7E	7243	84
04	4F80	7243	84
04	4F90	7243	84
04	4F92	7243	84
04	4F93	7243	84
04	4F94	7243	84
04	4F95	7243	84
04	4F96	7243	84
04	4F97	11171	84
04	4F9A	11171	84
04	4F9B	11171	84
04	4F9E	11171	84
04	4F9F	11171	84
04	4FA2	11171	84
04	4FA3	11171	84
04	4FA4	11171	84
04	4FA5	11171	84
04	4FA8	11171	84
04	4FA9	11171	84
04	4FAB	11171	84
04	4FAD	5433	84
04	4FAF	3659	502
04	4FB0	3659	502
04	4FB1	3659	502
04	4FB3	3659	502
04	4FB5	3659	502
04	4FB7	3659	502
04	4FB8	5738	84
04	4FB9	5738	84
04	4FBA	5738	84
04	4FBB	5738	84
04	4FBC	5738	84
04	4FBD	5738	84
04	4FBE	5738	84
04	4FBF	5738	84
04	4FC0	1774	84
04	4FC1	1774	84
04	4FC3	1774	84
04	4FC5	1774	84
04	4FC6	1774	84
04	4FC7	1774	84
04	4FC9	1774	84
04	4FCA	1774	84
04	4FCB	1305	84
04	4FCD	1305	84
04	4FCF	1305	84
04	4FD0	1305	84
04	4FD1	1305	84
04	4FD3	1305	84
04	4FD4	12743	44
04	4FD7	12743	44
04	4FD8	12743	44
04	4FDA	12743	44
04	4FDC	10390	44
04	4FDE	10390	44
04	4FDF	10390	44
04	4FE0	10390	44
04	4FE1	10390	44
04	4FE3	10390	44
04	4FE4	10390	44
04	4FE5	2353	84
04	4FE7	2353	84
04	4FE9	2353	84
04	4FEA	5063	84
04	4FEC	5063	84
04	4FEF	5063	84
04	4FF1	5063	84
04	4FF5	5063	84
04	4FF7	5063	84
04	4FF8	5063	84
04	4FF9	5063	84
04	4FFA	5063	84
04	4FFC	5063	84
04	4FFD	5063	84
04	5000	5063	84
04	5001	5063	84
04	5002	5063	84
04	5003	5063	84
04	5004	5063	84
04	5005	5063	84
04	5006	5063	84
04	5007	8621	44
04	5008	8621	44
04	500A	8621	44
04	500B	8621	44
04	500C	8621	44
04	500E	914	504
04	500F	8621	44
04	5010	8621	44
04	5012	1957	44
04	5013	8621	44
04	5014	8621	44
04	5016	924	502
04	5017	8621	44
04	5018	8621	44
04	501A	2738	502
04	501B	8621	44
04	501C	8621	44
04	501E	3581	44
04	501F	8621	44
04	5020	8621	44
04	5022	3877	84
04	5023	8621	44
04	5024	8621	44
04	5026	4423	44
04	5027	8621	44
04	5028	8621	44
04	5029	3485	84
04	502A	3485	84
04	502B	22047	84
04	502C	22047	84
04	502E	22047	84
04	5030	22047	84
04	5031	22047	84
04	5032	22047	84
04	5034	22047	84
04	5035	22047	84
04	5037	15984	84
04	5038	22047	84
04	5039	22047	84
04	503B	19955	84
04	503C	22047	84
04	503D	22047	84
04	503F	17855	84
04	5040	22047	84
04	5041	22047	84
04	5042	16127	84
04	5043	16127	84
0E	4000	1	327
0E	4003	1	327
0E	4005	1	327
0E	4007	1	327
0E	400D	1	327
0E	4010	1	327
0E	4011	1	327
0E	4013	1	327
0E	4014	1	327
0E	4017	1	327
0E	401E	1	327
0E	4021	1	1112
0E	4024	1	1112
0E	4027	1	1112
0E	4028	1	1112
0E	402A	1	1112
0E	402C	1	1112
0E	402D	1	1112
0E	402F	1	1112
0E	4031	1	1112
0E	4033	1	1112
0E	4034	1	1112
0E	4036	1	1112
0E	4038	1	1112
0E	403A	1	1112
0E	403D	1	1112
0E	403F	1	1112
0E	4041	1	1112
0E	4044	1	1112
0E	4045	1	1112
0E	4046	1	1112
0E	4048	1	1112
0E	4049	1	1112
0E	404B	1	1112
0E	404E	1	1112
0E	4050	1	1112
0E	4052	1	1112
0E	4053	1	1112
0E	4055	1	1112
0E	4058	1	1112
0E	405A	1	1112
0E	405D	1	1112
0E	405E	1	1112
0E	405F	693	327
0E	4065	693	327
0E	4068	693	363
0E	406E	693	363
0E	4071	693	364
0E	4074	693	364
0E	4076	693	364
0E	4078	1	1111
0E	407B	1	1112
0E	407E	1	1112
0E	407F	1	1112
0E	4081	1	1112
0E	4082	1	1112
0E	4083	693	327
0E	4086	693	327
0E	4089	693	327
0E	408A	693	327
0E	408B	693	327
0E	408C	693	327
0E	408E	693	327
0E	408F	693	327
0E	4090	693	327
0E	4091	693	327
0E	4092	693	327
0E	4093	693	327
0E	40A2	1	327
0E	40A5	1	331
0E	40AB	1	363
0E	40AD	1	363
0E	40AE	1	363
0E	40B0	1	363
0E	40B2	1	363
0E	40B5	1	363
0E	40B8	1	363
0E	40B9	1	363
0E	40BB	1	363
0E	40BC	1	363
0E	40BF	1	363
0E	40C2	1	363
0E	40C5	1	363
0E	40C6	1	363
0E	40C9	1	363
0E	40CA	97	364
0E	40CD	97	364
0E	40CE	97	364
0E	40D1	97	364
0E	40D2	97	364
0E	40D3	97	364
0E	40D4	97	364
0E	40D7	97	364
0E	40D8	97	364
0E	40D9	97	364
0E	40DB	97	364
0E	40DC	97	364
0E	40DD	97	364
0E	40DF	97	364
0E	40E0	97	364
0E	40E1	97	364
0E	40E4	97	364
0E	40E5	97	364
0E	40E8	97	364
0E	40EA	97	364
0E	40EC	97	364
0E	40EE	96	364
0E	40F0	96	364
0E	40F2	96	364
0E	40F4	1	460
0E	40FA	1	475
0E	40FD	1	475
0E	40FF	1	475
0E	4102	1	475
0E	410B	97	364
0E	411A	1	476
0E	411D	1	476
0E	411F	1	476
0E	4121	1	476
0E	4122	1	476
0E	4124	1	476
0E	4126	1	476
0E	4128	1	476
0E	4129	1	476
0E	412B	1	476
0E	412D	1	476
0E	412F	1	476
0E	4132	1	476
0E	4134	1	476
0E	4136	1	476
0E	4139	1	476
0E	413A	1	476
0E	413B	1	476
0E	413D	1	476
0E	413E	1	476
0E	4140	1	476
0E	4143	1	476
0E	4145	1	476
0E	4147	1	476
0E	4148	1	476
0E	414A	1	476
0E	414D	1	476
0E	414F	1	476
0E	4150	1	476
0E	4153	1	476
0E	4156	1	485
0E	415C	1	501
0E	415E	1	501
0E	415F	1	501
0E	4161	1	501
0E	4163	1	501
0E	4166	1	501
0E	4169	1	501
0E	416A	1	501
0E	416C	1	501
0E	416D	1	501
0E	4170	1	501
0E	4173	1	501
0E	4176	1	501
0E	4177	1	501
0E	417A	1	501
0E	417B	593	502
0E	417E	593	502
0E	417F	593	502
0E	4181	593	502
0E	4184	593	502
0E	4185	593	502
0E	4188	593	502
0E	4189	593	502
0E	418A	593	502
0E	418B	593	502
0E	418E	593	502
0E	418F	593	502
0E	4190	593	502
0E	4194	593	502
0E	4196	593	502
0E	4197	593	502
0E	4198	593	502
0E	419B	593	502
0E	419C	593	502
0E	419F	593	502
0E	41A1	593	502
0E	41A3	593	502
0E	41A5	592	502
0E	41A7	592	502
0E	41A9	592	502
0E	41AB	592	502
0E	41AD	592	502
0E	41AF	592	502
0E	41B1	592	502
0E	41E6	1	1094
0E	41E8	1	1094
0E	41E9	1	1094
0E	41EB	1	1094
0E	41ED	1	1094
0E	41F0	1	1094
0E	41F3	1	1094
0E	41F4	1	1094
0E	41F6	1	1094
0E	41F9	1	1094
0E	41FA	1	1094
0E	41FD	593	502
0E	41FE	1	1095
0E	4204	1	1110
0E	4206	1	1110
0E	4209	1	1110
0E	4215	1	476
0E	4218	1	477
0E	421B	1	477
0E	421C	1	477
0E	421E	1	477
0E	421F	1	477
0E	4225	1	477
0E	4228	1	477
0E	422B	1	477
0E	422D	1	477
0E	422F	1	477
0E	4231	1	477
0E	4237	1	478
0E	423A	1	478
0E	423D	1	478
0E	423F	1	478
0E	4241	1	478
0E	4243	1	478
0E	4249	1	479
0E	424C	1	479
0E	424F	1	479
0E	4251	1	479
0E	4253	1	479
0E	4255	1	479
0E	425B	1	480
0E	425E	1	480
0E	4261	1	480
0E	4263	1	480
0E	4265	1	480
0E	4267	1	480
0E	426D	1	481
0E	4270	1	481
0E	4273	1	481
0E	4275	1	481
0E	4277	1	481
0E	4279	1	481
0E	427F	1	482
0E	4282	1	482
0E	4285	1	482
0E	4287	1	482
0E	4289	1	482
0E	428B	1	482
0E	4291	1	483
0E	4294	1	483
0E	4297	1	483
0E	4299	1	483
0E	429B	1	483
0E	429D	1	483
0E	42A3	1	484
0E	42A6	1	484
0E	42A9	1	484
0E	42AC	1	484
0E	42AE	1	484
0E	42B4	1	484
0E	42B7	1	484
0E	42BA	1	484
0E	42BD	1	484
0E	42BF	1	484
0E	42C5	1	484
0E	42C8	1	484
0E	42CB	1	484
0E	42CE	1	484
0E	42D0	1	484
0E	42D6	1	484
0E	42D9	1	484
0E	42DB	1	484
0E	42DE	1	485
0E	42E1	1	485
0E	42E4	1	485
0E	42E6	1	485
0E	42E8	1	485
0E	42EE	1	485
0E	42F1	1	485
0E	42F4	1	485
0E	42F7	1	485
0E	42F9	1	485
0E	42FB	1	485
0E	4301	1	485
0E	4304	1	485
0E	4307	1	485
0E	430A	1	485
0E	4310	1	485
0E	4311	1	484
0E	4314	1	484
0E	4317	1	484
0E	431A	1	484
0E	431D	1	484
0E	431E	1	484
0E	431F	1	484
0E	4320	1	484
0E	4322	1	484
0E	4323	1	484
0E	4324	1	484
0E	4325	1	484
0E	4326	1	484
0E	4327	1	484
0E	4329	1	484
0E	432F	1	484
0E	4334	1	485
0E	4337	1	485
0E	433A	1	485
0E	433B	1	485
0E	433C	1	485
0E	433D	1	485
0E	433F	1	485
0E	4340	1	485
0E	4341	1	485
0E	4342	1	485
0E	4343	1	485
0E	4344	1	485
0E	4347	1	485
0E	434A	1	485
0E	434F	1	327
0E	4352	1	328
0E	4355	1	328
0E	4356	1	328
0E	4358	1	328
0E	4359	1	328
0E	435F	1	328
0E	4362	1	328
0E	4365	1	328
0E	4367	1	328
0E	4369	1	328
0E	436B	1	328
0E	4371	1	329
0E	4374	1	329
0E	4377	1	329
0E	4379	1	329
0E	437B	1	329
0E	437D	1	329
0E	4383	1	330
0E	4386	1	330
0E	4389	1	330
0E	438C	1	330
0E	438E	1	330
0E	4394	1	330
0E	4397	1	330
0E	439A	1	330
0E	439D	1	330
0E	439F	1	330
0E	43A5	1	330
0E	43A7	1	330
0E	43AA	1	331
0E	43B0	1	331
1C	4000	1	17
1C	4006	1	327
1C	4007	1	327
1C	400D	1	1112
1C	401D	1	1112
1D	4000	1	1762
1D	4003	1	1763
1D	4004	1	1763
1D	4007	1	1763
1D	400A	1	1763
1D	400D	1	1763
1D	4013	1	1763
1D	4016	1	1764
1D	4018	1	1764
1D	401B	1	1764
1D	401E	1	1764
1D	401F	1	1764
1D	4021	1	1764
1D	4023	1	1764
1D	4026	1	1764
1D	4028	1	1764
1D	402B	1	1764
1D	402D	1	1764
1D	402F	1	1764
1D	4031	1	1764
1D	4032	1	1764
1D	4034	1	1764
1D	4036	1	1764
1D	4038	1	1764
1D	403A	1	1764
1D	403C	1	1764
1D	403E	1	1764
1D	4044	1	1764
1D	4047	1	1764
1D	404A	1	1764
1D	404C	1	1764
1D	404E	1	1764
1D	4050	1	1764
1D	4056	1	1765
1D	4059	1	1765
1D	405C	1	1765
1D	405E	1	1765
1D	4060	1	1765
1D	4062	1	1765
1D	4068	1	1766
1D	406B	1	1766
1D	406E	1	1766
1D	4070	1	1766
1D	4072	1	1766
1D	4074	1	1766
1D	407A	1	1767
1D	407D	1	1767
1D	4080	1	1767
1D	4082	1	1767
1D	4084	1	1767
1D	4086	1	1767
1D	408C	1	1768
1D	408F	1	1768
1D	4092	1	1768
1D	4094	1	1768
1D	4096	1	1768
1D	4098	1	1768
1D	409E	1	1769
1D	40A1	1	1769
1D	40A4	1	1769
1D	40A6	1	1769
1D	40A8	1	1769
1D	40AA	1	1769
1D	40B0	1	1770
1D	40B3	1	1770
1D	40B6	1	1770
1D	40B9	1	1770
1D	40BB	1	1770
1D	40C1	1	1770
1D	40C4	1	1770
1D	40C7	1	1770
1D	40CA	1	1770
1D	40CC	1	1770
1D	40D2	1	1770
1D	40D5	1	1770
1D	40D8	1	1770
1D	40DA	1	1770
1D	40DC	1	1770
1D	40E2	1	1770
1D	40E5	1	1770
1D	40E8	1	1770
1D	40EB	1	1770
1D	40EE	1	1770
1D	40F1	1	1770
1D	40F4	1	1770
1D	40F6	1	1770
1D	40FC	1	1770
1D	40FE	1	1770
1D	4101	1	1770
1D	4104	1	1770
1D	4107	1	1770
1D	410D	1	1770
1D	4110	1	1771
1D	4112	1	1771
1D	4114	1	1771
1D	4115	1	1771
1D	4117	1	1771
1D	4119	1	1771
1D	411B	1	1771
1D	411D	1	1771
1D	411E	1	1771
1D	4121	1	1771
1D	4124	1	1771
1D	4127	1	1771
1D	412A	1	1771
1D	412D	1	1771
1D	412F	1	1771
1D	4131	1	1771
1D	4133	1	1771
1D	4139	1	1772
1D	413B	1	1772
1D	413C	1	1772
1D	413E	1	1772
1D	4140	1	1772
1D	4142	1	1772
1D	4144	1	1772
1D	4147	1	1772
1D	414A	1	1772
1D	414C	1	1772
1D	414F	1	1772
1D	4152	1	1772
1D	4154	1	1772
1D	4157	1	1773
1D	415D	1	1773
1D	4163	1	1789
1D	4166	1	1789
1D	4167	1	1789
1D	4169	1	1789
1D	416C	1	1789
1D	416D	1	1789
1D	4170	1	1789
1D	4172	1	1789
1D	4178	1	1794
1D	417A	1	1794
1D	417B	1	1794
1D	417D	1	1794
1D	417F	1	1794
1D	4182	1	1794
1D	4185	1	1794
1D	4186	1	1794
1D	4188	665	1794
1D	418E	665	1794
1D	4191	665	1794
1D	4197	665	1794
1D	419D	665	1794
1D	41AA	664	1794
1D	41B0	664	1794
1D	41B2	664	1794
1D	41B4	664	1794
1D	41B7	664	1794
1D	41BA	664	1795
1D	41BD	1	2494
1D	41BF	1	2494
1D	41C0	1	2494
1D	41C2	1	2494
1D	41C4	1	2494
1D	41C7	1	2494
1D	41CA	1	2494
1D	41CB	1	2494
1D	41CD	1	2494
1D	41D3	1	2523
1D	41D9	1	2525
1D	41DC	1	2525
1D	41DD	1	2525
1D	41DF	1	2525
1D	41E2	1	2525
1D	41E8	1	2525
1D	41EB	1	2525
1D	4229	3	2362
1D	422B	3	2362
1D	422D	3	2362
1D	422F	3	2362
1D	4256	3	2362
1D	4259	3	2362
1D	425C	3	2362
1D	425D	3	2362
1D	425F	3	2362
1D	4263	3	2362
1D	4266	3	2362
1D	4269	3	2362
1D	426C	3	2362
1D	4272	3	2362
1D	4274	3	2362
1D	4277	3	2363
1D	427A	3	2363
1D	427C	3	2363
1D	427D	3	2363
1D	427F	3	2363
1D	4281	3	2363
1D	4284	3	2363
1D	4287	3	2363
1D	4288	3	2363
1D	428A	3	2363
1D	428D	3	2363
1D	428E	3	2363
1D	4290	3	2363
1D	4293	3	2363
1D	4294	3	2363
1D	4297	3	2363
1D	4299	3	2363
1D	429F	3	2368
1D	42A0	1	2363
1D	42A2	1	2363
1D	42A5	1	2363
1D	42A8	1	2363
1D	42A9	1	2363
1D	42AB	1	2363
1D	42AC	1	2363
1D	42AE	1	2363
1D	42AF	4	1772
1D	42B2	4	1772
1D	42B3	4	1772
1D	42B5	4	1772
1D	42B8	4	1772
1D	42BA	4	1772
1D	42BB	4	1772
1D	42BD	4	1772
1D	42BF	4	1772
1D	42C0	4	1772
1D	42C1	4	1772
1D	42C4	4	1772
1D	42C5	4	1772
1D	42C7	4	1772
1D	42C8	4	1772
1D	42C9	4	1772
1D	42CA	4	1772
1D	42CC	4	1772
1D	42CD	4	1772
1D	42D0	4	1772
1D	42D1	4	1772
1D	42D2	4	1772
1D	42D3	4	1772
1D	42D4	4	1772
1D	42D5	4	1772
1D	42D6	4	1772
1D	42D9	4	1772
1D	42DA	4	1772
1D	42DB	4	1772
1D	42DC	4	1772
1D	42DD	4	1772
1D	42DF	4	1772
1D	42E0	4	1772
1D	42E1	4	1772
1D	42E4	4	1772
1D	42E5	4	1772
1D	42E6	4	1772
1D	42E7	4	1772
1D	42E9	4	1772
1D	42EA	4	1772
1D	42EC	4	1772
1D	42ED	4	1772
1D	42F0	4	1772
1D	42F1	4	1772
1D	42F3	4	1772
1D	42F6	4	1772
1D	42F8	4	1772
1D	42FA	4	1772
1D	42FD	4	1772
1D	42FE	2	1772
1D	4300	2	1772
1D	4303	2	1772
1D	4306	2	1772
1D	4307	2	1772
1D	4309	2	1772
1D	430A	2	1772
1D	430C	2	1772
1D	4325	4	1772
1D	4328	4	1772
1D	4329	4	1772
1D	432B	4	1772
1D	432E	4	1772
1D	4330	4	1772
1D	4331	4	1772
1D	4333	4	1772
1D	4335	4	1772
1D	4336	4	1772
1D	4337	4	1772
1D	433A	4	1772
1D	433B	4	1772
1D	433D	4	1772
1D	433E	4	1772
1D	433F	4	1772
1D	4340	4	1772
1D	4342	4	1772
1D	4343	4	1772
1D	4346	4	1772
1D	4347	4	1772
1D	4348	4	1772
1D	4349	4	1772
1D	434A	4	1772
1D	434B	4	1772
1D	434C	4	1772
1D	434F	4	1772
1D	4350	4	1772
1D	4351	4	1772
1D	4352	4	1772
1D	4353	4	1772
1D	4355	4	1772
1D	4356	4	1772
1D	4357	4	1772
1D	435A	4	1772
1D	435B	4	1772
1D	435C	4	1772
1D	435D	4	1772
1D	435F	4	1772
1D	4360	4	1772
1D	4362	4	1772
1D	4363	4	1772
1D	4366	4	1772
1D	4367	4	1772
1D	4369	4	1772
1D	436C	4	1772
1D	436E	4	1772
1D	4370	4	1772
1D	4373	4	1772
1D	4374	1	2362
1D	4376	1	2362
1D	4379	1	2362
1D	437C	1	2362
1D	437D	1	2362
1D	437F	1	2362
1D	4380	1	2362
1D	4382	1	2362
1D	439B	667	1794
1D	439E	667	1794
1D	439F	667	1794
1D	43A0	23	1794
1D	43A2	23	1794
1D	43A5	23	1794
1D	43A7	23	1794
1D	43AA	23	1794
1D	43AC	11	1824
1D	43AE	11	1824
1D	43B1	11	1824
1D	43B3	11	1824
1D	43B6	11	1824
1D	43B9	11	1824
1D	43BC	11	1824
1D	43BF	11	1824
1D	43C1	11	1824
1D	43C7	11	1824
1D	43CD	11	1824
1D	43CF	11	1824
1D	43D2	11	1825
1D	43D3	12	1794
1D	43D5	12	1794
1D	43D8	12	1794
1D	43DA	12	1794
1D	43DD	12	1794
1D	43E0	12	1794
1D	43E3	12	1794
1D	43E6	12	1794
1D	43E8	12	1794
1D	43EE	12	1794
1D	43F4	12	1794
1D	43F6	12	1794
1D	43F9	12	1795
1F	4000	1	1112
1F	4003	1	1112
1F	4004	1	1112
1F	4007	1	1112
1F	400A	1	1112
1F	400D	1	1112
1F	4013	1	1112
1F	4015	1	1112
1F	4018	1	1112
1F	401B	1	1112
1F	401C	1	1112
1F	401E	1	1112
1F	4020	1	1112
1F	4023	1	1112
1F	4025	1	1112
1F	4028	1	1112
1F	402B	1	1112
1F	402D	1	1112
1F	4030	1	1112
1F	4032	1	1112
1F	4035	1	1112
1F	4037	1	1112
1F	4039	1	1112
1F	403B	1	1112
1F	403C	1	1112
1F	403E	1	1112
1F	4040	1	1112
1F	4042	1	1112
1F	4044	1	1112
1F	4046	1	1112
1F	4048	1	1112
1F	404E	1	1112
1F	4051	1	1112
1F	4054	1	1112
1F	4056	1	1112
1F	4058	1	1112
1F	405A	1	1112
1F	4060	1	1113
1F	4063	1	1113
1F	4066	1	1113
1F	4068	1	1113
1F	406A	1	1113
1F	406C	1	1113
1F	4072	1	1114
1F	4075	1	1114
1F	4078	1	1114
1F	407A	1	1114
1F	407C	1	1114
1F	407E	1	1114
1F	4084	1	1115
1F	4087	1	1115
1F	408A	1	1115
1F	408C	1	1115
1F	408E	1	1115
1F	4090	1	1115
1F	4096	1	1116
1F	4099	1	1116
1F	409C	1	1116
1F	409E	1	1116
1F	40A0	1	1116
1F	40A2	1	1116
1F	40A8	1	1117
1F	40AB	1	1117
1F	40AE	1	1117
1F	40B0	1	1117
1F	40B2	1	1117
1F	40B4	1	1117
1F	40BA	1	1118
1F	40BD	1	1118
1F	40C0	1	1118
1F	40C2	1	1118
1F	40C4	1	1118
1F	40C6	1	1118
1F	40CC	1	1119
1F	40CF	1	1119
1F	40D2	1	1119
1F	40D5	1	1119
1F	40D7	1	1119
1F	40DD	1	1119
1F	40E0	1	1119
1F	40E3	1	1119
1F	40E6	1	1119
1F	40E8	1	1119
1F	40EE	1	1119
1F	40F1	1	1119
1F	40F4	1	1119
1F	40F6	1	1119
1F	40F8	1	1119
1F	40FE	1	1119
1F	4101	1	1119
1F	4104	1	1119
1F	4107	1	1119
1F	4109	1	1119
1F	410F	1	1119
1F	4112	1	1119
1F	4115	1	1119
1F	4117	1	1119
1F	4119	1	1119
1F	411F	1	1119
1F	4122	1	1119
1F	4125	1	1119
1F	4128	1	1119
1F	412B	1	1119
1F	412E	1	1119
1F	4130	1	1119
1F	4132	1	1119
1F	4138	1	1119
1F	413B	1	1119
1F	413E	1	1119
1F	4141	1	1119
1F	4142	1	1119
1F	4145	1	1119
1F	4148	1	1119
1F	414B	1	1119
1F	414E	1	1119
1F	4151	1	1119
1F	4154	1	1119
1F	4157	1	1120
1F	4159	1	1120
1F	415C	1	1120
1F	415F	1	1120
1F	4162	1	1120
1F	4168	1	1120
1F	416A	1	1120
1F	416C	1	1120
1F	416D	1	1120
1F	416F	1	1120
1F	4171	1	1120
1F	4173	1	1120
1F	4175	1	1120
1F	4176	1	1120
1F	4179	1	1120
1F	417C	1	1120
1F	417F	1	1120
1F	4182	1	1120
1F	4185	1	1120
1F	4187	1	1120
1F	4189	1	1120
1F	418B	1	1120
1F	4191	1	1121
1F	4193	1	1121
1F	4194	1	1121
1F	4196	1	1121
1F	4198	1	1121
1F	419A	1	1121
1F	419C	1	1121
1F	419F	1	1122
1F	41A5	1	1122
1F	41A7	1	1122
1F	41A9	1	1122
1F	41AB	1	1122
1F	41B1	1	1138
1F	41B4	1	1138
1F	41B5	1	1138
1F	41B6	1	1138
1F	41B9	1	1138
1F	41BB	1	1138
1F	41C1	1	1142
1F	41C3	1	1142
1F	41C4	1	1142
1F	41C6	1	1142
1F	41C8	1	1142
1F	41CB	1	1142
1F	41CE	1	1142
1F	41CF	1	1142
1F	41D1	561	1142
1F	41D7	561	1142
1F	41DA	561	1142
1F	41E0	561	1142
1F	41E6	561	1142
1F	41F3	560	1142
1F	41F9	560	1142
1F	41FC	560	1142
1F	41FE	560	1142
1F	4200	560	1142
1F	4203	560	1142
1F	4206	560	1142
1F	4209	560	1142
1F	420A	560	1142
1F	420D	560	1142
1F	4210	560	1142
1F	4211	560	1142
1F	4214	560	1142
1F	4217	1	1728
1F	421A	1	1728
1F	421B	1	1728
1F	421D	1	1728
1F	421F	1	1728
1F	4220	1	1728
1F	4222	1	1728
1F	4224	1	1728
1F	4227	1	1728
1F	422A	1	1728
1F	422B	1	1728
1F	422D	1	1728
1F	4233	1	1760
1F	4239	1	1762
1F	423B	1	1762
1F	423D	1	1762
1F	423F	1	1762
1F	4242	1	1762
1F	4243	1	1762
1F	4245	1	1762
1F	4248	1	1762
1F	424E	1	1762
1F	4251	1	1762
1F	43F7	1	1119
1F	43FA	1	1119
1F	43FC	1	1119
1F	43FE	1	1119
1F	4401	1	1119
1F	4404	1	1119
1F	4406	1	1119
1F	4408	1	1119
1F	440E	1	1119
1F	4411	1	1119
1F	4414	1	1119
1F	4417	1	1119
1F	441A	1	1119
1F	441B	1	1119
1F	441D	1	1119
1F	444F	1	1119
1F	4452	1	1119
1F	4455	1	1119
1F	4457	1	1119
1F	4459	1	1119
1F	445F	1	1119
1F	4462	1	1119
1F	4465	1	1119
1F	4468	1	1119
1F	446A	1	1119
1F	446B	1	1119
1F	446E	1	1119
1F	4470	1	1119
1F	4471	1	1119
1F	4474	1	1119
1F	4477	1	1119
1F	447A	1	1119
1F	44C0	1	1119
1F	44C1	1	1119
1F	44C4	1	1119
1F	44C7	1	1119
1F	44C8	1	1119
1F	44CB	1	1119
1F	44D1	1	1119
1F	44D4	1	1120
1F	44D5	561	1119
1F	44D8	561	1119
1F	44D9	561	1119
1F	44DA	561	1119
1F	44DD	561	1119
1F	44DE	561	1119
1F	44DF	19	1119
1F	44E1	19	1119
1F	44E4	19	1119
1F	44E5	19	1119
1F	44E7	19	1119
1F	4503	19	1119
1F	4506	19	1119
1F	4509	19	1119
1F	450C	19	1119
1F	450F	19	1119
1F	4510	19	1119
1F	4513	19	1119
1F	4515	19	1119
1F	4518	19	1119
1F	451E	19	1119
1F	4520	19	1119
1F	4523	19	1120
1F	4526	19	1120
1F	4527	19	1120
1F	452A	19	1120
1F	452C	19	1120
1F	452D	9	1172
1F	452E	9	1172
1F	4531	9	1172
1F	4561	560	1142
1F	4564	560	1142
1F	4565	560	1142
22	4EF0	1	324
22	4EF2	1	324
22	4EF4	1	324
22	4EF6	1	324
22	4EF7	1	324
22	4EF9	1	324
22	4EFB	1	324
22	4EFD	1	324
22	4F00	1	324
22	4F02	1	324
22	4F04	1	324
22	4F07	1	324
22	4F0A	1	324
22	4F0D	4094	324
22	4F0E	4094	324
22	4F0F	4094	324
22	4F10	4094	324
22	4F12	223	324
22	4F13	4094	324
22	4F14	4094	324
22	4F15	4094	324
22	4F16	4094	324
22	4F18	1	326
22	4F19	1	326
22	4F1A	1	326
22	4F1B	1	326
22	4F1C	1	326
22	4F1D	1	326
22	4F1E	1	326
22	4F20	1	326
22	4F23	1	326
22	4F46	1	326
22	4F47	1	326
22	4F48	1	326
22	4F4A	1	326
22	4F4B	1	326
22	4F4C	1	326
22	4F4E	1	326
22	4F4F	1	326
22	4FF6	1	324
22	4FF7	1	324
22	4FF8	1	324
22	4FF9	1	324
22	4FFB	1	324
22	4FFE	1	326
22	5001	1	326
22	5002	1	326
22	5017	1	326
22	5019	1	326
22	501A	1	326
22	501B	1	326
22	501C	1	326
22	5035	6	6045
22	5037	6	6045
22	5039	6	6045
22	503C	6	6045
22	503E	6	6045
22	5040	6	6045
22	5043	6	6045
22	5046	6	6045
22	5049	6	6045
22	504C	10008	6045
22	504D	10008	6045
22	504E	10008	6045
22	504F	10008	6045
22	5052	10008	6045
22	5053	10008	6045
22	5054	10008	6045
22	5055	10008	6045
22	5057	6	6046
22	505A	6	6046
22	505D	2880	6046
22	505E	2880	6046
22	505F	2880	6046
22	5060	2880	6046
22	5062	146	6046
22	5063	2880	6046
22	5064	2880	6046
22	5065	2880	6046
22	5066	2880	6046
22	5068	6	6046
22	506B	6	6046
22	506C	6	6046
22	506D	6	6046
22	506E	6	6046
22	506F	6	6046
22	5070	6	6046
22	5071	6	6046
22	5073	6	6046
22	5076	6	6046
22	5077	6	6046
22	507A	6	6046
22	507C	6	6046
22	507E	6	6046
22	5081	6	6046
22	5083	6	6046
22	5085	6	6046
22	5088	6	6046
22	5089	6	6046
22	508A	6	6046
22	508B	6	6046
22	508C	6	6046
22	508D	6	6046
22	508F	6	6046
22	5092	6	6046
22	50FC	6	6045
22	50FD	6	6045
22	50FE	6	6045
22	50FF	6	6045
22	5100	6	6045
22	5103	6	6046
22	5106	6	6046
22	5107	6	6046
22	5108	6	6046
22	5109	6	6046
22	510A	6	6046
2A	5C3B	21	2843
2A	5C3C	21	2843
2A	5C3E	21	2843
2A	5C3F	21	2843
2A	5C41	21	2843
2A	5C42	21	2843
2A	5C44	21	2843
2A	5C45	21	2843
2A	5C47	21	2843
2A	5C4A	72395	2843
2A	5C4B	72395	2843
2A	5C4D	72395	2843
2A	5C4F	21	2843
2A	5C51	792	2843
2A	5C52	792	2843
2A	5C53	792	2843
2A	5C55	21	2844
2A	5C56	21	2844
2A	5C58	21	2844
2A	5C5A	21	2844
2A	6F95	6	5419
2A	6F96	6	5419
2A	6F98	6	5419
2A	6F99	6	5419
2A	6F9B	6	5419
2A	6F9D	6	5419
2A	6F9F	6	5419
2A	6FA1	6	5419
2A	6FA4	6	5419
2A	6FA6	6	5419
2A	6FA9	6	5419
2A	6FAA	6	5419
2A	6FAC	6	5419
2A	6FAE	6	5419
2A	6FAF	6	5419
2A	6FB5	6	5419
2A	6FB8	6	5450
2A	6FBA	90	5450
2A	6FBB	90	5450
2A	6FBC	90	5450
2A	6FC2	90	5450
2A	6FC5	90	5451
2A	6FCB	90	5451
2A	6FCC	90	5451
2A	6FCD	90	5451
2A	6FCE	90	5451
2A	6FD1	6	5465
2A	6FD2	6	5465
2A	6FD5	6	5465
2A	6FD6	6	5465
2A	6FD8	6	5465
2A	6FD9	6	5465
2A	6FDB	6	5465
2A	6FDD	6	5465
2A	6FDF	6	5465
2A	6FE0	6	5465
2A	6FE3	6	5465
2A	6FE4	6	5465
2A	6FE6	6	5465
2A	6FE8	6	5465
2A	6FE9	6	5465
2A	6FEA	6	5465
2A	6FEB	6	5465
2A	6FF1	6	6029
2A	6FF2	6	6029
2A	6FF4	6	6029
2A	6FF5	6	6029
2A	6FF7	6	6029
2A	6FF9	6	6029
2A	6FFB	6	6029
2A	6FFD	6	6029
2A	7000	6	6029
2A	7001	6	6029
2A	7003	6	6029
2A	7005	6	6029
2A	7006	6	6029
2A	7007	6	6029
2A	7008	6	6029
2A	700A	6	6029
2A	700B	6	6029
2A	700C	6	6029
2A	700E	6	6029
2A	700F	6	6029
2A	7011	6	6029
2A	7013	6	6029
2A	7016	6	6029
2A	7019	6	6029
2A	701A	6	6029
2A	701C	6	6029
2A	701D	6	6029
2A	701E	6	6029
2A	701F	6	6029
2A	7025	6	6029
2A	7028	6	6030
2A	702E	6	6045
2A	702F	6	6045
2A	7032	6	6046
2A	7033	6	6046
2A	7048	84	5451
2A	704B	6	6045
2A	704C	6	6045
2A	704D	6	6045
2A	704F	6	6045
2A	7051	6	6045
2A	7053	6	6045
2A	7056	6	6045
2A	7057	6	6045
2A	7058	6	6045
2A	705A	6	6045
2A	705C	6	6045
2A	705F	6	6045
2A	7060	6	6045
2A	7061	6	6045
2A	7062	6	6045
2A	7063	6	6045
2A	7064	6	6045
2A	7065	6	6045
2A	7066	6	6045
2A	7067	6	6045
2A	7069	6	6045
2A	706B	6	6045
2A	706D	6	6045
2A	706F	6	6045
2A	7071	6	6045
2A	7074	6	6045
2A	7076	6	6045
2A	7078	6	6045
2A	707B	6	6045
2A	707D	6	6045
2A	7080	96	6045
2A	7081	96	6045
2A	7082	96	6045
2A	7083	96	6045
2A	7084	96	6045
2A	7086	6	6045
2A	7087	6	6045
2A	708A	6	6045
2A	708B	6	6045
2A	708D	6	6045
2A	7090	384	6045
2A	7091	384	6045
2A	7092	384	6045
2A	7093	384	6045
2A	7094	384	6045
2A	7096	6	6045
2A	709C	6	6046
2A	709D	6	6046
2A	709E	6	6046
2A	70AB	6	5419
2A	70AC	6	5419
2A	70B2	6	5419
2A	70B8	6	5419
2A	70BE	6	5421
2A	70C4	6	5422
2A	70C5	6	5422
2A	70C7	6	5422
2A	70CA	6	5422
2A	70CD	6	5422
2A	70D0	6	5422
2A	70D2	6	5422
2A	70D8	6	5422
2A	70DB	6	5422
2A	70DE	6	5422
2A	70E0	6	5422
2A	70E2	6	5422
2A	70E4	6	5422
2A	70EA	6	5422
2A	70ED	6	5422
2A	70F0	6	5422
2A	70F2	6	5422
2A	70F4	6	5422
2A	70F6	6	5422
2A	70FC	6	5422
2A	70FF	6	5422
2A	7102	6	5422
2A	7105	6	5422
2A	7107	6	5422
2A	710D	6	5422
2A	710F	6	5422
2A	7112	6	5422
2A	7118	6	5422
2A	711B	6	5422
2A	711C	6	5422
2A	711D	6	5422
2A	711F	6	5422
2A	7154	6	5422
2A	7157	6	5433
2A	715D	6	5433
2A	7160	6	5434
2A	7166	6	5450
2A	7167	6	5450
2A	7169	6	5450
2A	716A	6	5450
2A	716C	6	5450
2A	716E	6	5450
2A	7170	6	5450
2A	7172	6	5450
2A	7175	6	5450
2A	7177	6	5450
2A	717A	6	5450
2A	717B	6	5450
2A	717D	6	5450
2A	717F	6	5450
2A	7180	6	5450
2A	7186	6	5450
2A	722D	6	5422
2A	722E	6	5422
2A	7230	6	5422
2A	7232	6	5422
2A	7234	6	5422
2A	7237	6	5422
2A	723A	6	5422
2A	723D	6	5422
2A	7240	6	5423
2A	7242	6	5423
2A	7244	6	5423
2A	7246	6	5423
2A	7249	6	5423
2A	724C	6	5423
2A	724F	6	5423
2A	7255	6	5425
2A	7257	6	5425
2A	7259	6	5425
2A	725B	6	5425
2A	725E	6	5425
2A	7261	6	5425
2A	7264	6	5425
2A	726A	6	5427
2A	726C	6	5427
2A	726E	6	5427
2A	7270	6	5427
2A	7273	6	5427
2A	7276	6	5427
2A	7279	6	5427
2A	727F	6	5430
2A	7285	6	5433
2A	7286	6	5433
2A	7293	7	2843
2A	7295	7	2843
2A	7296	7	2843
2A	7298	7	2843
2A	729A	7	2843
2A	729C	7	2843
2A	729D	7	2843
2A	729F	7	2843
2A	72A2	7	2843
2A	72A5	7	2843
2A	72A7	7	2843
2A	72AD	7	2844
2A	72B0	7	2844
2A	72B3	7	2844
2A	72B5	7	2844
2A	72BB	7	2845
2A	72BE	7	2845
2A	72C1	7	2845
2A	72C3	7	2845
2A	72C9	7	2846
2A	72CA	7	2846
2A	72CC	7	2846
2A	72CE	7	2846
2A	72CF	6	5422
2A	72D1	6	5422
2A	72D4	22	5422
2A	72D6	22	5422
2A	72D8	22	5422
2A	72DA	22	5422
2A	72DB	22	5422
2A	72DD	22	5422
2A	72E0	16	5422
2A	72E2	16	5422
2A	72E4	16	5422
2A	72E5	16	5422
2A	72EB	16	5422
2A	72EC	16	5422
2A	72EE	16	5422
2A	72EF	16	5422
2A	72F0	16	5422
2A	72F1	16	5422
2A	72F2	16	5422
2A	72F3	16	5422
2A	72F4	16	5422
2A	72F5	16	5422
2A	72F6	16	5422
2A	72F7	16	5422
2A	72FA	16	5422
2A	72FD	16	5422
2A	7303	16	5422
2A	7304	16	5422
2A	7305	16	5422
2A	7306	16	5422
2A	7307	16	5422
2A	730A	16	5422
2A	730B	16	5422
2A	730C	16	5422
2A	730D	16	5422
2A	7310	16	5422
2A	7316	16	5422
2A	7317	16	5422
2A	7318	16	5422
2A	7319	16	5422
2A	731B	16	5422
2A	731C	16	5422
2A	731D	16	5422
2A	7320	16	5422
2A	7321	16	5422
2A	7322	16	5422
2A	7325	16	5422
2A	7327	16	5422
2A	7329	16	5422
2A	732B	16	5422
2A	732D	16	5422
2A	736F	6	5423
2A	7370	6	5423
2A	7371	6	5423
2A	7372	6	5423
2A	7374	6	5423
2A	7377	6	5423
2A	737D	6	5423
2A	737E	6	5423
2A	737F	6	5423
2A	7380	70	5423
2A	7383	70	5423
2A	7385	70	5423
2A	7386	64	5423
2A	7387	64	5423
2A	738A	64	5423
2A	738D	64	5423
2A	738F	16	5422
2A	7390	16	5422
2A	7391	16	5422
2A	7392	16	5422
2A	7395	16	5422
2A	739B	16	5422
2A	739C	16	5422
2A	739D	16	5422
2A	739E	16	5422
2A	73A0	16	5422
2A	73A1	16	5422
2A	73A2	16	5422
2A	73A3	64	5423
2A	73A4	64	5423
2A	73A5	64	5423
2A	73A6	64	5423
2A	73A8	64	5423
2A	73AA	64	5423
2A	73AD	64	5423
2A	73B3	64	5423
2A	73B4	64	5423
2A	73B5	64	5423
2A	73B6	64	5423
2A	73B8	64	5423
2A	73B9	64	5423
2A	73BA	64	5423
2C	614D	82	2534
2C	614F	82	2534
2C	6152	258	2534
2C	6154	258	2534
2C	6156	258	2534
2C	6159	258	2534
2C	615B	258	2534
2C	615D	258	2534
2C	6160	258	2534
2C	6161	258	2534
2C	6163	258	2534
2C	6165	176	2534
2C	6166	176	2534
2C	616C	176	2534
2C	616D	176	2534
2C	616F	176	2534
2C	6172	176	2534
2C	6174	176	2534
2C	617A	176	2534
2C	617B	176	2534
2C	617C	176	2534
2C	617D	176	2534
2C	617E	176	2534
2C	617F	176	2534
2C	6180	176	2534
2C	6181	176	2534
2C	6182	176	2534
2C	6183	176	2534
2C	6186	176	2534
2C	6189	176	2534
2C	618F	176	2534
2C	6190	176	2534
2C	6191	176	2534
2C	6192	176	2534
2C	6193	176	2534
2C	6196	176	2534
2C	6197	176	2534
2C	6198	176	2534
2C	6199	176	2534
2C	619C	176	2534
2C	61A2	176	2534
2C	61A3	176	2534
2C	61A4	176	2534
2C	61A5	176	2534
2C	61A7	176	2534
2C	61A8	176	2534
2C	61A9	176	2534
2C	61AC	176	2534
2C	61AD	176	2534
2C	61AE	176	2534
2C	61B1	176	2534
2C	61B3	176	2534
2C	61B5	176	2534
2C	61D9	82	2534
2C	61DA	82	2534
2C	61DB	82	2534
2C	61DC	82	2534
2C	61DE	82	2534
2C	61E1	82	2534
2C	61E7	82	2535
2C	61E8	82	2535
2C	61E9	82	2535
2C	61EA	1042	2535
2C	61ED	1042	2535
2C	61EF	1042	2535
2C	61F0	960	2535
2C	61F1	960	2535
2C	61F4	960	2535
2C	61F7	960	2535
2C	61F9	1136	2534
2C	61FA	1136	2534
2C	61FB	1136	2534
2C	61FC	1136	2534
2C	61FF	1136	2534
2C	6205	1136	2534
2C	6206	1136	2534
2C	6207	1136	2534
2C	6208	1136	2534
2C	620A	1136	2534
2C	620B	1136	2534
2C	620C	1136	2534
2C	665F	30	2547
2C	6661	30	2547
2C	6662	30	2547
2C	6664	30	2547
2C	6666	30	2547
2C	6668	30	2547
2C	6669	30	2547
2C	666B	30	2547
2C	666E	30	2547
2C	6671	30	2547
2C	6673	30	2547
2C	6676	30	2548
2C	6679	30	2548
2C	667C	30	2548
2C	667E	30	2548
2C	6681	30	2549
2C	6684	30	2549
2C	6687	30	2549
2C	6689	30	2549
2C	668C	30	2550
2C	668F	30	2550
2C	6692	30	2550
2C	6694	30	2550
2C	6697	30	2551
2C	6698	30	2551
2C	669A	30	2551
2C	669C	30	2551
2C	669D	120	2547
2C	669E	120	2547
2C	66A0	120	2547
2C	66A1	120	2547
2C	66A3	120	2547
2C	66A4	120	2547
2C	66A6	120	2547
2C	66A7	120	2547
2C	66A9	120	2547
2C	66AC	444000	2547
2C	66AD	444000	2547
2C	66AF	444000	2547
2C	66B1	120	2547
2C	66B3	4522	2547
2C	66B4	4522	2547
2C	66B5	4522	2547
2C	66B7	120	2548
2C	66B8	120	2548
2C	66BA	120	2548
2C	66BC	120	2548
2D	4E06	27	2527
2D	4E08	27	2527
2D	4E0A	27	2527
2D	4E0C	27	2527
2D	4E0F	27	2527
2D	4E12	110592	2527
2D	4E13	110592	2527
2D	4E14	110592	2527
2D	4E15	110592	2527
2D	4E16	110592	2527
2D	4E17	110592	2527
2D	4E19	27	2528
2D	4E1B	27	2528
2D	4E1D	27	2528
2D	4E1F	27	2528
2D	4E22	27	2528
2D	4E25	51840	2528
2D	4E26	51840	2528
2D	4E27	51840	2528
2D	4E28	51840	2528
2D	4E29	51840	2528
2D	4E2A	51840	2528
2D	4E2C	27	2529
2D	5016	12	3221
2D	5018	12	3221
2D	5019	12	3221
2D	501B	12	3221
2D	501D	12	3221
2D	501F	12	3221
2D	5020	12	3221
2D	5022	12	3221
2D	5025	12	3221
2D	5028	12	3221
2D	502A	12	3221
2D	502D	12	3222
2D	5030	12	3222
2D	5033	12	3222
2D	5035	12	3222
2D	5038	12	3223
2D	503B	12	3223
2D	503E	12	3223
2D	5040	12	3223
2D	5043	12	3224
2D	5046	12	3224
2D	5049	12	3224
2D	504B	12	3224
2D	504E	12	3225
2D	504F	12	3225
2D	5051	12	3225
2D	5053	12	3225
2D	5054	48	3221
2D	5055	48	3221
2D	5057	48	3221
2D	5058	48	3221
2D	505A	48	3221
2D	505B	48	3221
2D	505D	48	3221
2D	505E	48	3221
2D	5060	48	3221
2D	5063	180422	3221
2D	5064	180422	3221
2D	5066	180422	3221
2D	5068	48	3221
2D	5069	48	3221
2D	506B	48	3221
2D	506C	48	3221
2D	506E	48	3221
2D	5070	48	3221
2D	5072	48	3221
2D	5075	48	3221
2D	5077	48	3221
2D	5078	48	3221
2D	507A	48	3221
2D	507C	48	3221
2D	507D	48	3221
2D	507F	48	3221
2D	5081	3337	3221
2D	5082	3337	3221
2D	5083	3337	3221
2D	5085	48	3222
2D	5086	48	3222
2D	5088	48	3222
2D	508A	48	3222
2D	508B	48	3222
2D	6C64	6	3231
2D	6C66	6	3231
2D	6C67	6	3231
2D	6C69	6	3231
2D	6C6B	6	3231
2D	6C6D	6	3231
2D	6C6E	6	3231
2D	6C70	6	3231
2D	6C73	6	3231
2D	6C76	6	3231
2D	6C78	6	3231
2D	6C7B	6	3232
2D	6C7E	6	3232
2D	6C81	6	3232
2D	6C83	6	3232
2D	6C86	6	3233
2D	6C87	6	3233
2D	6C89	6	3233
2D	6C8B	6	3233
2D	6C8C	12	3231
2D	6C8D	12	3231
2D	6C8F	12	3231
2D	6C90	12	3231
2D	6C92	12	3231
2D	6C93	12	3231
2D	6C95	12	3231
2D	6C96	12	3231
2D	6C98	12	3231
2D	6C9B	34749	3231
2D	6C9C	34749	3231
2D	6C9E	34749	3231
2D	6CA0	12	3231
2D	6CA2	417	3231
2D	6CA3	417	3231
2D	6CA4	417	3231
2D	6CA6	12	3232
2D	6CA7	12	3232
2D	6CA9	12	3232
2D	6CAB	12	3232
2D	70F4	36	3892
2D	70F5	36	3892
2D	70F6	36	3892
2D	70F7	36	3892
2D	70F8	36	3892
2D	70F9	36	3892
2D	70FB	36	3892
2D	70FD	36	3892
2D	70FF	36	3892
2D	7101	36	3892
2D	7104	36	3892
2D	7106	36	3892
2D	7108	36	3892
2D	7109	36	3892
2D	710C	36	3892
2D	710D	36	3892
2D	7110	36	3892
2D	7113	36	3892
2D	7115	144	3892
2D	7116	144	3892
2D	7117	144	3892
2D	7119	36	3892
2D	711A	36	3892
2D	711B	36	3892
2D	711C	36	3892
2D	711D	36	3892
2D	711E	36	3892
2F	4000	8	2525
2F	4001	8	2525
2F	4002	8	2525
2F	4005	8	2526
2F	4006	8	2526
2F	4008	8	2526
2F	4009	8	2526
2F	400B	8	2526
2F	400D	8	2526
2F	400F	8	2526
2F	4011	8	2526
2F	4014	8	2526
2F	4016	8	2526
2F	4019	8	2526
2F	401A	8	2526
2F	401C	8	2526
2F	401E	8	2526
2F	401F	8	2526
2F	4025	8	2526
2F	4028	8	2527
2F	402B	8	2570
2F	402C	8	2570
2F	402D	8	2570
2F	402F	8	2570
2F	4032	1	2985
2F	4033	1	2985
2F	4034	1	2985
2F	4037	1	2985
2F	4039	1	2985
2F	403B	1	2985
2F	403D	1	2985
2F	4041	1	2985
2F	4044	1	2993
2F	4045	1	2993
2F	4046	1	2993
2F	4049	1117	2570
2F	404A	1117	2570
2F	4050	1117	2570
2F	4053	1116	2571
2F	4059	1116	2571
2F	405A	1116	2571
2F	405C	1116	2571
2F	405E	1116	2571
2F	4060	8	2648
2F	4061	8	2648
2F	4062	8	2648
2F	4065	8	2648
2F	4067	8	2648
2F	4069	2	2648
2F	406B	2	2648
2F	406D	6	6243
2F	406F	8	2648
2F	4072	8	2652
2F	4074	8	2652
2F	4075	8	2652
2F	4077	8	2652
2F	4079	8	2652
2F	407C	8	2652
2F	407F	8	2652
2F	4080	8	2652
2F	4082	8	2652
2F	4083	8	2652
2F	4084	8	2652
2F	4086	8	2652
2F	4088	8	2652
2F	408A	8	2652
2F	408D	8	2652
2F	408E	8	2652
2F	408F	8	2652
2F	4091	8	2652
2F	4097	1108	2571
2F	4099	1108	2571
2F	409B	1108	2571
2F	40D0	1108	2571
2F	40D2	1108	2571
2F	40D4	1108	2571
2F	40D7	1108	2571
2F	40D9	1108	2571
2F	40DB	1108	2571
2F	40DE	1108	2571
2F	40E1	5	6169
2F	40E2	5	6169
2F	40E3	5	6169
2F	40E5	5	6169
2F	40E6	5	6169
2F	40E8	5	6169
2F	40EA	5	6169
2F	40ED	5	6169
2F	40F0	5	6169
2F	40F1	5	6169
2F	40F3	5	6169
2F	40F4	5	6169
2F	40F5	5	6169
2F	40F6	5	6169
2F	40F7	5	6169
2F	40F8	5	6169
2F	40FA	5	6169
2F	40FE	5	6169
2F	40FF	5	6169
2F	4105	5	6176
2F	4108	5	6177
2F	4131	9	2652
2F	4132	9	2652
2F	4135	9	2652
2F	4138	9	2652
2F	413A	9	2652
2F	413C	9	2652
2F	4142	9	2652
2F	4143	9	2652
2F	4146	9	2652
2F	4147	9	2652
2F	4148	9	2652
2F	414A	9	2652
2F	414C	1	2993
2F	414E	1	2993
2F	4158	8	2652
2F	415B	8	2652
2F	415E	8	2652
2F	4161	8	2652
2F	4163	1	2993
2F	4166	1	2993
2F	4169	1	2993
2F	416C	1	2993
2F	4184	9	2652
2F	4185	9	2652
2F	4186	9	2652
2F	4187	9	2652
2F	418A	9	2652
2F	418B	9	2652
2F	418C	9	2652
2F	418F	9	2652
2F	4195	9	2656
2F	4196	1294	2656
2F	4197	1294	2656
2F	419D	1294	2656
2F	41A0	1294	2657
2F	41A6	1294	2657
2F	41A7	1294	2657
2F	41A9	1294	2657
2F	41AB	1294	2657
2F	41AE	1	31966
2F	41B0	1	31966
2F	41B2	1	31966
2F	41B4	1	31966
2F	41B6	1	31966
2F	41B9	1	31966
2F	41BC	1	31966
2F	41BD	1	31966
2F	41BE	1	31966
2F	41BF	1	31966
2F	41C0	1	31966
2F	41C3	1	31967
2F	41C5	1	31967
2F	41C6	1	31967
2F	41C8	1	31967
2F	41CA	1	31967
2F	41CD	1	31967
2F	41D0	1	31967
2F	41D1	1	31967
2F	41D3	1	31967
2F	41D4	1	31967
2F	41D5	1	31967
2F	41D7	1	31967
2F	41DA	1	31967
2F	41E0	1	31971
2F	41E1	1	31971
2F	41E4	1293	2657
2F	41E6	1293	2657
2F	41E8	1293	2657
2F	41EB	9	2816
2F	41EC	9	2816
2F	41EE	9	2816
2F	41F1	2	30074
2F	41F4	2	30074
2F	41F6	2	30074
2F	420E	2	30074
2F	420F	2	30074
2F	4210	2	30074
2F	4212	2	30074
2F	4213	2	30074
2F	4215	2	30074
2F	4217	2	30074
2F	421A	2	30074
2F	421D	2	30074
2F	421E	2	30074
2F	4220	2	30074
2F	4221	2	30074
2F	4222	2	30074
2F	4223	2	30074
2F	4225	2	30074
2F	4227	2	30074
2F	4229	2	30074
2F	422B	2	30074
2F	422E	2	30074
2F	4231	2	30074
2F	4234	2	30074
2F	4237	2	30074
2F	423A	2	30074
2F	423D	2	30074
2F	4240	2	30074
2F	4243	2	30074
2F	4244	2	30074
2F	4246	2	30074
2F	4247	2	30074
2F	4249	2	30074
2F	424B	2	30074
2F	424D	2	30074
2F	424E	2	30074
2F	4251	2	30074
2F	4252	2	30074
2F	4254	2	30074
2F	4256	2	30074
2F	4257	2	30074
2F	4258	2	30074
2F	4259	2	30074
2F	425F	2	30714
2F	4260	2	30714
2F	4262	2	30714
2F	4263	2	30714
2F	4265	2	30714
2F	4267	2	30714
2F	4269	2	30714
2F	426B	2	30714
2F	426E	2	30714
2F	426F	2	30714
2F	4271	2	30714
2F	4273	2	30714
2F	4274	2	30714
2F	4275	2	30714
2F	4276	2	30714
2F	4277	2	30714
2F	4278	2	30714
2F	427A	1	30714
2F	427C	1	30714
2F	427E	1	30714
2F	4281	1	30715
2F	4283	1	30715
2F	4286	2	30715
2F	4287	2	30715
2F	4288	2	30715
2F	4289	2	30715
2F	428C	1	31649
2F	428D	1	31649
2F	4290	1	31649
2F	4291	1	31649
2F	4292	1	31649
2F	4294	1	31649
2F	4295	1	31649
2F	4297	1	31649
2F	4299	1	31649
2F	429C	1	31649
2F	429F	1	31649
2F	42A0	1	31649
2F	42A2	1	31649
2F	42A3	1	31649
2F	42A4	1	31649
2F	42A5	1	31649
2F	42A8	1	31653
2F	42A9	1	31653
2F	42AA	1	31653
2F	42AD	1	31663
2F	42AE	1	31663
2F	42AF	1	31663
2F	42B1	1	31663
2F	42B4	1	31663
2F	42B5	1	31663
2F	42B6	1	31663
2F	42B8	1	31663
2F	42BB	1	31671
2F	42C1	1	31675
2F	42C2	1	31675
2F	42C4	1	31675
2F	42C6	1	31675
2F	42C9	1	31676
2F	42CB	1	31676
2F	42CD	1	31676
2F	42CF	1	31676
2F	42D1	1	31676
2F	42D4	1	31676
2F	42D7	1	31676
2F	42DA	7	2816
2F	42DC	7	2816
2F	42DE	1	3203
2F	42E1	1	3203
2F	42E3	1	3203
2F	42FC	1	3203
2F	42FD	1	3203
2F	42FE	1	3203
2F	4300	1	3203
2F	4301	1	3203
2F	4303	1	3203
2F	4305	1	3203
2F	4308	1	3203
2F	430B	1	3203
2F	430C	1	3203
2F	430E	1	3203
2F	430F	1	3203
2F	4310	1	3203
2F	4312	1	3203
2F	4314	1	3203
2F	4316	1	3203
2F	4318	1	3203
2F	431B	1	3203
2F	431D	1	3203
2F	431F	1	3203
2F	4321	1	3203
2F	4324	1	3203
2F	4325	1	3203
2F	4326	1	3203
2F	4328	1	3203
2F	4329	1	3203
2F	432A	1	3203
2F	432B	1	3203
2F	432E	6	2816
2F	4330	6	2816
2F	4332	5	6337
2F	4335	5	6337
2F	4337	5	6337
2F	4350	5	6337
2F	4353	5	6337
2F	4355	5	6337
2F	4357	5	6337
2F	4359	5	6337
2F	435A	5	6337
2F	435D	5	6337
2F	435E	5	6337
2F	435F	5	6337
2F	4361	5	6337
2F	4362	5	6337
2F	4364	5	6337
2F	4366	5	6337
2F	4369	5	6337
2F	436C	5	6337
2F	436D	5	6337
2F	436F	5	6337
2F	4370	5	6337
2F	4371	5	6337
2F	4373	5	6337
2F	4375	5	6337
2F	4377	5	6337
2F	437A	5	6337
2F	437B	5	6337
2F	437C	5	6337
2F	437E	5	6337
2F	437F	5	6337
2F	4380	5	6337
2F	4381	5	6337
2F	4383	1	2816
2F	4386	1	2816
2F	4388	1	2816
2F	43A1	1	2816
2F	43A3	1	2816
2F	43A5	1	2816
2F	43A7	1	2816
2F	43AA	1	2816
2F	43AB	1	2816
2F	43AC	1	2816
2F	43AE	1	2816
2F	43AF	1	2816
2F	43B0	1	2816
2F	43B1	1	2816
2F	43B2	1	2816
2F	43B3	1	2816
2F	43B5	1	2816
2F	43B6	1	2816
2F	43B8	1	2816
2F	43BA	1	2816
2F	43BD	1	2816
2F	43C0	1	2816
2F	43C1	1	2816
2F	43C3	1	2816
2F	43C4	1	2816
2F	43C5	7	2816
2F	43C6	7	2816
2F	43CC	7	2816
2F	43CF	7	2817
2F	43D5	7	2832
2F	43D6	7	2832
2F	43D7	7	2832
2F	43D8	1284	2657
2F	43DA	1284	2657
2F	43DC	1284	2657
2F	440A	1284	2657
2F	440C	1284	2657
2F	440E	1284	2657
2F	4411	5	2742
2F	4412	5	2742
2F	4413	5	2742
2F	4415	5	2742
2F	4416	5	2742
2F	4418	5	2742
2F	441A	5	2742
2F	441D	5	2742
2F	4420	5	2742
2F	4421	5	2742
2F	4423	5	2742
2F	4424	5	2742
2F	4425	5	2742
2F	4426	5	2742
2F	4427	5	2742
2F	4429	5	2742
2F	442D	5	2742
2F	442E	5	2742
2F	442F	5	2742
2F	4432	5	2742
2F	4438	5	2746
2F	4439	5	2746
2F	443C	1284	2657
2F	443E	1284	2657
2F	4440	1284	2657
2F	4442	1284	2657
2F	4443	1284	2657
2F	4445	1284	2657
2F	4447	1284	2657
2F	4449	1284	2657
2F	444A	1284	2657
2F	444D	1284	2657
2F	444F	1284	2657
2F	4452	1284	2657
2F	4455	1	31649
2F	4456	1	31649
2F	4457	1	31649
2F	4459	1	31649
2F	445B	1	31649
2F	445E	1	31649
2F	445F	1	31649
2F	4460	1	31649
2F	4461	1	31649
2F	4462	1	31649
2F	4463	1	31649
2F	4464	1	31649
2F	4465	1	31649
2F	4466	1	31649
2F	4468	1	31649
2F	446A	1	31649
2F	446C	1	31649
2F	446E	1	31649
2F	4470	1	31649
2F	4473	1	31649
2F	4475	1	31649
2F	4477	1	31649
2F	447A	1	31649
2F	447C	1	31649
2F	447F	16	31649
2F	4480	16	31649
2F	4481	16	31649
2F	4482	16	31649
2F	4484	1	31649
2F	4485	1	31649
2F	4488	1	31649
2F	4489	1	31649
2F	448B	1	31649
2F	448E	64	31649
2F	448F	64	31649
2F	4490	64	31649
2F	4491	64	31649
2F	4493	1	31649
2F	4494	1	31649
2F	4495	1	31649
2F	4496	5	6337
2F	4497	5	6337
2F	4498	5	6337
2F	449A	5	6337
2F	449C	5	6337
2F	449E	5	6337
2F	44A0	5	6337
2F	44A3	80	6337
2F	44A4	80	6337
2F	44A5	80	6337
2F	44A6	80	6337
2F	44A8	5	6337
2F	44AA	5	6337
2F	44AD	320	6337
2F	44AE	320	6337
2F	44AF	320	6337
2F	44B0	320	6337
2F	44B2	5	6337
2F	44B3	5	6337
2F	44B4	5	6337
2F	44B5	18	2648
2F	44B6	18	2648
2F	44B8	18	2648
2F	44BA	18	2648
2F	44BD	18	2648
2F	44BE	18	2648
2F	44BF	18	2648
2F	44C0	18	2648
2F	44C1	18	2648
2F	44C2	18	2648
2F	44C3	18	2648
2F	44C4	18	2648
2F	44C5	18	2648
2F	44C7	18	2648
2F	44C9	18	2648
2F	44CB	18	2648
2F	44CD	18	2648
2F	44CF	18	2648
2F	44D2	18	2648
2F	44D4	18	2648
2F	44D6	18	2648
2F	44D9	18	2648
2F	44DA	18	2648
2F	44DD	18	2648
2F	44DE	18	2648
2F	44E0	18	2648
2F	44E3	18	2648
2F	44E4	18	2648
2F	44E5	18	2648
2F	44F2	24	2652
2F	44F3	24	2652
2F	44F4	24	2652
2F	44F6	24	2652
2F	44F8	8	2746
2F	44FA	8	2746
2F	44FC	4	3133
2F	44FE	4	3133
2F	4500	2	30005
2F	4502	2	30005
2F	4504	16	2652
2F	4507	16	2652
2F	450A	16	2652
2F	450C	16	2652
2F	450E	16	2652
2F	4514	16	2652
2F	4517	16	2652
2F	451A	16	2652
2F	451D	16	2652
2F	451F	4	2746
2F	4522	4	2746
2F	4525	4	2746
2F	4527	4	2746
2F	4529	4	2746
2F	452F	4	2746
2F	4532	4	2746
2F	4535	4	2746
2F	4538	4	2746
2F	453A	2	3133
2F	453D	2	3133
2F	4540	2	3133
2F	4542	2	3133
2F	4544	2	3133
2F	454A	2	3133
2F	454D	2	3133
2F	4550	2	3133
2F	4553	2	3133
2F	4555	2	30005
2F	4558	2	30005
2F	455B	2	30005
2F	455D	2	30005
2F	455F	2	30005
2F	4565	2	30005
2F	4568	2	30005
2F	456B	2	30005
2F	456E	2	30005
2F	4570	24	2652
2F	4571	24	2652
2F	4572	8	2527
2F	4573	8	2527
2F	4579	8	2527
2F	457F	8	2527
2F	4585	8	2529
2F	4588	8	2529
2F	458B	8	2529
2F	458D	8	2529
2F	458F	8	2529
2F	4591	8	2529
2F	4597	8	2530
2F	459A	8	2530
2F	459D	8	2530
2F	459F	8	2530
2F	45A1	8	2530
2F	45A3	8	2530
2F	45A9	8	2531
2F	45AC	8	2531
2F	45AF	8	2531
2F	45B1	8	2531
2F	45B3	8	2531
2F	45B5	8	2531
2F	45BB	8	2531
2F	45BE	8	2531
2F	45C1	8	2531
2F	45C3	8	2531
2F	45C5	8	2531
2F	45C7	8	2531
2F	45CD	8	2532
2F	45D0	8	2532
2F	45D3	8	2532
2F	45D5	8	2532
2F	45D7	8	2532
2F	45D9	8	2532
2F	45DF	8	2533
2F	45E2	8	2533
2F	45E5	8	2533
2F	45E8	8	2533
2F	45EA	8	2533
2F	45F0	8	2533
2F	45F3	8	2533
2F	45F6	8	2533
2F	45F9	8	2533
2F	45FB	8	2533
2F	4601	8	2533
2F	4604	8	2533
2F	4607	8	2533
2F	460A	8	2533
2F	460C	8	2533
2F	4612	8	2533
2F	4614	8	2533
2F	4617	8	2534
2F	461A	8	2543
2F	461C	8	2543
2F	461F	8	2543
2F	4620	8	2543
2F	4621	8	2543
2F	4623	8	2543
2F	4626	8	2551
2F	4629	8	2551
2F	462A	8	2551
2F	462C	8	2551
2F	462E	8	2551
2F	4631	8	2552
2F	4632	8	2552
2F	4635	8	2553
2F	463B	8	2553
2F	463E	8	2554
2F	4644	8	2570
2F	4645	8	2570
2F	4647	8	2570
2F	4648	8	2570
2F	464A	8	2570
2F	464C	8	2570
2F	464E	8	2570
2F	4650	8	2570
2F	4653	8	2570
2F	4655	8	2570
2F	4658	8	2570
2F	4659	8	2570
2F	465B	8	2570
2F	465D	8	2570
2F	465E	8	2570
2F	4664	8	2570
2F	4665	8	2570
2F	4667	8	2570
2F	4668	8	2570
2F	466A	8	2570
2F	466C	8	2570
2F	466F	8	2570
2F	4672	8	2570
2F	4673	8	2570
2F	4675	8	2570
2F	4676	8	2570
2F	4677	8	2570
2F	4678	15	2551
2F	4679	15	2551
2F	467A	15	2551
2F	467C	15	2551
2F	467E	15	2551
2F	4680	15	2551
2F	4681	15	2551
2F	4682	15	2551
2F	4685	15	2551
2F	4688	15	2551
2F	468A	15	2551
2F	468C	15	2551
2F	4692	15	2551
2F	4693	15	2551
2F	4694	15	2551
2F	4696	15	2551
2F	4699	15	2551
2F	469A	15	2551
2F	469C	15	2551
2F	469F	15	2551
2F	46A2	15	2551
2F	46A4	15	2551
2F	46A6	15	2551
2F	46AC	15	2551
2F	46AD	15	2551
2F	46AE	15	2551
2F	46B1	15	2551
2F	46B4	15	2551
2F	46B6	15	2551
2F	46B8	15	2551
2F	46BE	15	2551
2F	46BF	15	2551
2F	46C0	15	2551
2F	46C2	15	2551
2F	46C5	15	2551
2F	46C6	15	2551
2F	46C8	11	10996
2F	46CB	11	10996
2F	46CE	11	10996
2F	46D0	11	10996
2F	46D2	11	10996
2F	46D8	15	2551
2F	46D9	15	2551
2F	46DA	15	2551
2F	46DD	15	2551
2F	46E0	15	2551
2F	46E2	15	2551
2F	46E4	15	2551
2F	46EA	15	2551
2F	46EB	15	2551
2F	46EC	15	2551
2F	46EE	15	2551
2F	46F1	15	2551
2F	46F2	15	2551
2F	46F4	9	14968
2F	46F7	9	14968
2F	46FA	9	14968
2F	46FC	9	14968
2F	46FE	9	14968
2F	4704	15	2551
2F	4705	15	2551
2F	4706	15	2551
2F	4709	15	2551
2F	470C	15	2551
2F	470E	15	2551
2F	4710	15	2551
2F	4716	15	2551
2F	4717	15	2551
2F	4718	15	2551
2F	471A	15	2551
2F	471D	15	2551
2F	471E	15	2551
2F	4720	7	19892
2F	4723	7	19892
2F	4726	7	19892
2F	4728	7	19892
2F	472A	7	19892
2F	4730	15	2551
2F	4731	15	2551
2F	4732	15	2551
2F	4735	15	2551
2F	4738	15	2551
2F	473A	15	2551
2F	473C	15	2551
2F	4742	15	2551
2F	4743	15	2551
2F	4744	15	2551
2F	4746	15	2551
2F	4749	15	2551
2F	474A	15	2551
2F	474C	5	24816
2F	474F	5	24816
2F	4752	5	24816
2F	4754	5	24816
2F	4756	5	24816
2F	475C	15	2551
2F	475D	15	2551
2F	475E	15	2551
2F	4761	15	2551
2F	4764	15	2551
2F	4766	15	2551
2F	4768	15	2551
2F	476E	15	2551
2F	476F	15	2551
2F	4770	15	2551
2F	4772	15	2551
2F	4775	15	2551
2F	4776	15	2551
2F	4778	2	29741
2F	477B	2	29741
2F	477E	2	29741
2F	4780	2	29741
2F	4782	2	29741
2F	4788	15	2551
2F	4789	15	2551
2F	478A	15	2551
2F	478B	15	2551
2F	478D	15	2551
2F	4790	15	2551
2F	4791	15	2551
2F	4794	12	6176
2F	4795	12	6176
2F	4798	10	11100
2F	4799	10	11100
2F	479C	8	15072
2F	479D	8	15072
2F	47A0	6	19996
2F	47A1	6	19996
2F	47A4	4	24920
2F	47A5	4	24920
2F	47A8	3	2551
2F	47A9	3	2551
2F	47AC	3	2551
2F	47AF	3	2551
2F	47B1	3	2551
2F	47B3	3	2551
2F	47B9	3	2551
2F	47BA	3	2551
2F	47BB	3	2551
2F	47BD	3	2551
2F	47C0	3	2551
2F	47C1	3	2551
2F	47C3	3	2551
2F	47C6	3	2551
2F	47C9	3	2551
2F	47CB	3	2551
2F	47CD	3	2551
2F	47D3	3	2551
2F	47D4	3	2551
2F	47D7	2	6176
2F	47D8	2	6176
2F	47DB	2	6176
2F	47DE	2	6176
2F	47E0	2	6176
2F	47E2	2	6176
2F	47E8	2	6176
2F	47E9	2	6176
2F	47EA	2	6176
2F	47EC	2	6176
2F	47EF	2	6176
2F	47F0	2	6176
2F	47F2	1	10996
2F	47F5	1	10996
2F	47F8	1	10996
2F	47FA	1	10996
2F	47FC	1	10996
2F	4802	2	6176
2F	4803	2	6176
2F	4806	2	11100
2F	4807	2	11100
2F	480A	2	11100
2F	480D	2	11100
2F	480F	2	11100
2F	4811	2	11100
2F	4817	2	11100
2F	4818	2	11100
2F	4819	2	11100
2F	481B	2	11100
2F	481E	2	11100
2F	481F	2	11100
2F	4821	1	14968
2F	4824	1	14968
2F	4827	1	14968
2F	4829	1	14968
2F	482B	1	14968
2F	4831	2	11100
2F	4832	2	11100
2F	4835	2	15072
2F	4836	2	15072
2F	4839	2	15072
2F	483C	2	15072
2F	483E	2	15072
2F	4840	2	15072
2F	4846	2	15072
2F	4847	2	15072
2F	4848	2	15072
2F	484A	2	15072
2F	484D	2	15072
2F	484E	2	15072
2F	4850	1	19892
2F	4853	1	19892
2F	4856	1	19892
2F	4858	1	19892
2F	485A	1	19892
2F	4860	2	15072
2F	4861	2	15072
2F	4864	2	19996
2F	4865	2	19996
2F	4868	2	19996
2F	486B	2	19996
2F	486D	2	19996
2F	486F	2	19996
2F	4875	2	19996
2F	4876	2	19996
2F	4877	2	19996
2F	4879	2	19996
2F	487C	2	19996
2F	487D	2	19996
2F	487F	1	24816
2F	4882	1	24816
2F	4885	1	24816
2F	4887	1	24816
2F	4889	1	24816
2F	488F	2	19996
2F	4890	2	19996
2F	4893	4	24920
2F	4894	4	24920
2F	4897	4	24920
2F	489A	4	24920
2F	489C	4	24920
2F	489E	4	24920
2F	48A4	4	24920
2F	48A5	4	24920
2F	48A6	4	24920
2F	48A8	4	24920
2F	48AB	4	24920
2F	48AC	4	24920
2F	48AE	2	29741
2F	48B1	2	29741
2F	48B4	2	29741
2F	48B6	2	29741
2F	48B8	2	29741
2F	48BE	4	24920
2F	48BF	4	24920
2F	48C2	15	2551
2F	48C4	15	2551
2F	48C7	15	2551
2F	48C9	15	2551
2F	48CC	15	2551
2F	48CE	15	2551
2F	48D1	15	2551
2F	48D3	15	2551
2F	48D6	15	2551
2F	48D8	15	2551
2F	48DB	15	2551
2F	48DD	15	2551
2F	48E0	15	2551
2F	48E2	15	2551
2F	48E5	15	2551
2F	48E7	15	2551
2F	48EA	15	2551
2F	48EC	15	2551
2F	48EF	15	2551
2F	48F1	15	2551
2F	48F4	15	2551
2F	48F6	15	2551
2F	48F9	15	2551
2F	48FB	15	2551
2F	48FE	15	2551
2F	48FF	15	2551
2F	4901	15	2551
2F	4903	15	2551
2F	4906	15	2552
2F	4907	120	2551
2F	4908	120	2551
2F	4909	120	2551
2F	490B	120	2551
2F	490D	120	2551
2F	4910	120	2551
2F	4912	120	2551
2F	4914	120	2551
2F	4917	120	2551
2F	4918	120	2551
2F	4919	120	2551
2F	491B	120	2551
2F	491D	120	2551
2F	4920	120	2551
2F	4921	120	2551
2F	4922	120	2551
2F	4923	120	2551
2F	4924	120	2551
2F	4925	120	2551
2F	4928	120	2551
2F	4929	120	2551
2F	492A	120	2551
2F	492C	120	2551
2F	492E	67	2551
2F	4930	67	2551
2F	4931	67	2551
2F	4932	53	2551
2F	4934	53	2551
2F	4935	53	2551
2F	4942	15	2551
2F	4943	15	2551
2F	4944	15	2551
2F	4946	15	2551
2F	4949	12	6176
2F	494B	12	6176
2F	494E	10	11100
2F	4950	10	11100
2F	4953	8	15072
2F	4955	8	15072
2F	4958	6	19996
2F	495A	6	19996
2F	495D	4	24920
2F	495F	4	24920
2F	4962	3	2551
2F	4965	3	2551
2F	4968	3	2551
2F	496A	3	2551
2F	496C	3	2551
2F	4972	3	2551
2F	4974	3	2551
2F	4977	3	2551
2F	4978	3	2551
2F	497A	3	2551
2F	497D	3	2551
2F	4980	3	2551
2F	4982	3	2551
2F	4984	3	2551
2F	498A	3	2551
2F	498C	3	2551
2F	498F	3	2551
2F	4991	3	2551
2F	4994	3	2551
2F	4997	2	6176
2F	499A	2	6176
2F	499D	2	6176
2F	499F	2	6176
2F	49A1	2	6176
2F	49A7	2	6176
2F	49A9	2	6176
2F	49AC	2	6176
2F	49AD	2	6176
2F	49AF	1	10996
2F	49B2	1	10996
2F	49B5	1	10996
2F	49B7	1	10996
2F	49B9	1	10996
2F	49BF	2	6176
2F	49C1	2	6176
2F	49C4	2	6176
2F	49C6	2	6176
2F	49C9	2	6176
2F	49CC	2	11100
2F	49CF	2	11100
2F	49D2	2	11100
2F	49D4	2	11100
2F	49D6	2	11100
2F	49DC	2	11100
2F	49DE	2	11100
2F	49E1	2	11100
2F	49E2	2	11100
2F	49E4	1	14968
2F	49E7	1	14968
2F	49EA	1	14968
2F	49EC	1	14968
2F	49EE	1	14968
2F	49F4	2	11100
2F	49F6	2	11100
2F	49F9	2	11100
2F	49FB	2	11100
2F	49FE	2	11100
2F	4A01	2	15072
2F	4A04	2	15072
2F	4A07	2	15072
2F	4A09	2	15072
2F	4A0B	2	15072
2F	4A11	2	15072
2F	4A13	2	15072
2F	4A16	2	15072
2F	4A17	2	15072
2F	4A19	1	19892
2F	4A1C	1	19892
2F	4A1F	1	19892
2F	4A21	1	19892
2F	4A23	1	19892
2F	4A29	2	15072
2F	4A2B	2	15072
2F	4A2E	2	15072
2F	4A30	2	15072
2F	4A33	2	15072
2F	4A36	2	19996
2F	4A39	2	19996
2F	4A3C	2	19996
2F	4A3E	2	19996
2F	4A40	2	19996
2F	4A46	2	19996
2F	4A48	2	19996
2F	4A4B	2	19996
2F	4A4C	2	19996
2F	4A4E	1	24816
2F	4A51	1	24816
2F	4A54	1	24816
2F	4A56	1	24816
2F	4A58	1	24816
2F	4A5E	2	19996
2F	4A60	2	19996
2F	4A63	2	19996
2F	4A65	2	19996
2F	4A68	2	19996
2F	4A6B	4	24920
2F	4A6E	4	24920
2F	4A71	4	24920
2F	4A73	4	24920
2F	4A75	4	24920
2F	4A7B	4	24920
2F	4A7D	4	24920
2F	4A80	4	24920
2F	4A81	4	24920
2F	4A83	2	29741
2F	4A86	2	29741
2F	4A89	2	29741
2F	4A8B	2	29741
2F	4A8D	2	29741
2F	4A93	4	24920
2F	4A95	4	24920
2F	4A98	4	24920
2F	4A9A	4	24920
2F	4A9D	4	24920
2F	4AA0	15	2551
2F	4AA2	15	2551
2F	4AA4	15	2551
2F	4AA5	15	2551
2F	4AAB	15	2551
2F	4AB1	15	2551
2F	4AB4	15	2552
2F	4AB5	15	2552
2F	4AB7	15	2552
2F	4AB9	15	2552
2F	4ABB	15	2552
2F	4ABC	15	2552
2F	4ABE	15	2552
2F	4ABF	15	2552
2F	4AC0	14	2543
2F	4AC1	14	2543
2F	4AC3	14	2543
2F	4AC5	14	2543
2F	4AC8	14	2543
2F	4ACA	14	2543
2F	4ACC	14	2543
2F	4ACF	14	2543
2F	4AD0	14	2543
2F	4AD1	14	2543
2F	4AD3	14	2543
2F	4AD5	14	2543
2F	4AD6	14	2543
2F	4AD7	14	2543
2F	4AD8	14	2543
2F	4ADA	14	2543
2F	4ADC	14	2543
2F	4ADF	14	2543
2F	4AE0	14	2543
2F	4AE1	14	2543
2F	4AE2	14	2543
2F	4AE3	14	2543
2F	4AE4	14	2543
2F	4AE5	14	2543
2F	4AE6	14	2543
2F	4AE9	14	2543
2F	4AEA	14	2543
2F	4AEB	14	2543
2F	4AEC	24	2543
2F	4AED	24	2543
2F	4AEF	10	11093
2F	4AF1	10	11093
2F	4AF3	14	2543
2F	4AF4	14	2543
2F	4AF6	14	2543
2F	4AF8	14	2543
2F	4AFE	14	2545
2F	4AFF	14	2545
2F	4B01	14	2545
2F	4B02	14	2545
2F	4B04	14	2545
2F	4B06	14	2545
2F	4B07	14	2545
2F	4B08	14	2545
2F	4B0A	14	2545
2F	4B0C	14	2545
2F	4B0F	14	2545
2F	4B10	14	2545
2F	4B11	14	2545
2F	4B12	14	2545
2F	4B13	14	2545
2F	4B14	14	2545
2F	4B15	14	2545
2F	4B16	14	2545
2F	4B17	14	2545
2F	4B1A	14	2545
2F	4B1B	14	2545
2F	4B1C	14	2545
2F	4B1D	49	2545
2F	4B1E	49	2545
2F	4B20	35	6170
2F	4B22	35	6170
2F	4B24	14	2545
2F	4B25	14	2545
2F	4B27	14	2545
2F	4B29	14	2545
2F	4B2F	14	2547
2F	4B30	14	2547
2F	4B32	14	2547
2F	4B38	14	2551
2F	4B39	14	2551
2F	4B3A	14	2551
2F	4B3B	14	2551
2F	4B3D	14	2551
2F	4B40	14	2551
2F	4B41	14	2551
2F	4B4E	9	2534
2F	4B4F	9	2534
2F	4B50	9	2534
2F	4B52	9	2534
2F	4B54	9	2534
2F	4B57	9	2534
2F	4B59	9	2534
2F	4B5B	9	2534
2F	4B5E	9	2534
2F	4B5F	9	2534
2F	4B60	9	2534
2F	4B62	54	2534
2F	4B63	54	2534
2F	4B64	54	2534
2F	4B65	54	2534
2F	4B66	54	2534
2F	4B67	54	2534
2F	4B69	54	2534
2F	4B6B	54	2534
2F	4B6E	54	2534
2F	4B6F	54	2534
2F	4B70	54	2534
2F	4B71	54	2534
2F	4B72	54	2534
2F	4B73	54	2534
2F	4B74	54	2534
2F	4B75	54	2534
2F	4B78	54	2534
2F	4B79	54	2534
2F	4B7A	54	2534
2F	4B7B	189	2534
2F	4B7C	189	2534
2F	4B7E	135	2535
2F	4B80	135	2535
2F	4B82	54	2534
2F	4B83	54	2534
2F	4B85	54	2534
2F	4B87	54	2534
2F	4B8D	54	2535
2F	4B8E	54	2535
2F	4B8F	54	2535
2F	4B90	54	2535
2F	4B91	54	2535
2F	4B92	54	2535
2F	4B94	9	2543
2F	4B95	9	2543
2F	4B96	9	2543
2F	4B97	9	2543
2F	4B99	9	2543
2F	4B9C	9	2543
2F	4B9D	9	2543
2F	4BAA	24	2543
2F	4BAB	24	2543
2F	4BAC	24	2543
2F	4BAD	24	2543
2F	4BAE	24	2543
2F	4BB0	24	2543
2F	4BB2	24	2543
2F	4BB5	24	2543
2F	4BB6	24	2543
2F	4BB7	24	2543
2F	4BB8	24	2543
2F	4BB9	24	2543
2F	4BBB	24	2543
2F	4BBD	24	2543
2F	4BBF	24	2543
2F	4BC1	24	2543
2F	4BC4	24	2543
2F	4BC7	24	2543
2F	4BCD	24	2543
2F	4BCE	24	2543
2F	4BCF	24	2543
2F	4CA7	11	2648
2F	4CA8	11	2648
2F	4CA9	11	2648
2F	4CAA	11	2648
2F	4CAC	11	2648
2F	4CAD	11	2648
2F	4CAF	11	2648
2F	4CB2	11	2648
2F	4CB3	11	2648
2F	4CB4	11	2648
2F	4CB5	11	2648
2F	4CB6	11	2648
2F	4CB7	11	2648
2F	4CB8	11	2648
2F	4CBB	11	2648
2F	4CBD	11	2648
2F	4CBF	11	2648
2F	4CC1	139276	2648
2F	4CC3	139276	2648
2F	4CC5	139276	2648
2F	4CC7	220	2652
2F	4CC8	220	2652
2F	4CC9	220	2652
2F	4CCA	220	2652
2F	4CCB	220	2652
2F	4CCD	11	2652
2F	4CCE	11	2652
2F	4CCF	11	2652
2F	4CD2	11	2652
2F	4CD4	220	2652
2F	4CD5	220	2652
2F	4CD6	220	2652
2F	4CD7	220	2652
2F	4CD8	220	2652
2F	4CDA	11	2652
2F	4CDB	11	2652
2F	4CDC	11	2652
2F	4CDF	11	2652
2F	4CE1	11	2652
2F	4CE3	11	2652
2F	4CE5	11	2652
2F	4CE7	220	2652
2F	4CE8	220	2652
2F	4CE9	220	2652
2F	4CEA	220	2652
2F	4CEB	220	2652
2F	4CED	11	2652
2F	4CEE	11	2652
2F	4CF1	11	2652
2F	4CF3	220	2652
2F	4CF4	220	2652
2F	4CF5	220	2652
2F	4CF6	220	2652
2F	4CF7	220	2652
2F	4CF9	11	2652
2F	4CFA	11	2652
2F	4CFB	11	2652
2F	4CFC	11	2652
2F	5098	1	2832
2F	5099	1	2832
2F	509B	1	2832
2F	509C	1	2832
2F	509E	1	2832
2F	50A0	1	2832
2F	50A2	1	2832
2F	50A4	1	2832
2F	50A7	1	2832
2F	50A9	1	2832
2F	50AC	1	2832
2F	50AD	1	2832
2F	50AF	1	2832
2F	50B1	1	2832
2F	50B2	1	2832
2F	50B8	1	2832
2F	50BB	1	2863
2F	50BD	62	2863
2F	50BE	62	2863
2F	50BF	62	2863
2F	50C5	62	2863
2F	50C8	62	2864
2F	50CE	62	2864
2F	50CF	62	2864
2F	50D0	62	2864
2F	50D1	62	2864
2F	5136	62	2864
2F	5138	62	2864
2F	513A	62	2864
2F	513C	1	2925
2F	513D	1	2925
2F	513E	1	2925
2F	513F	1	2925
2F	5141	1	2925
2F	5142	1	2925
2F	5144	1	2925
2F	5146	1	2925
2F	5149	1	2925
2F	514C	1	2925
2F	514D	1	2925
2F	514F	1	2925
2F	5150	1	2925
2F	5151	1	2925
2F	5157	1	2925
2F	515A	1	2926
2F	5160	1	2941
2F	5161	1	2941
2F	5163	1	2941
2F	5164	61	2864
2F	51C1	1	2832
2F	51C2	1	2832
2F	51C8	1	2832
2F	51CE	1	2832
2F	51D4	1	2834
2F	51DA	1	2835
2F	51DD	1	2835
2F	51E0	1	2835
2F	51E3	1	2835
2F	51E5	1	2835
2F	51EB	1	2835
2F	51EE	1	2835
2F	51F1	1	2835
2F	51F4	1	2835
2F	51F6	1	2835
2F	51FC	1	2835
2F	51FF	1	2835
2F	5202	1	2835
2F	5204	1	2835
2F	5206	1	2835
2F	5208	1	2835
2F	520E	1	2835
2F	5211	1	2835
2F	5214	1	2835
2F	5216	1	2835
2F	5218	1	2835
2F	521A	1	2835
2F	5220	1	2835
2F	5223	1	2835
2F	5226	1	2835
2F	5228	1	2835
2F	522A	1	2835
2F	522C	1	2835
2F	5232	1	2835
2F	5235	1	2835
2F	5238	1	2835
2F	523A	1	2835
2F	523C	1	2835
2F	523E	1	2835
2F	5244	1	2835
2F	5247	1	2835
2F	524A	1	2835
2F	524D	1	2835
2F	524F	1	2835
2F	5255	1	2835
2F	5257	1	2835
2F	525A	1	2835
2F	5260	1	2835
2F	5263	1	2835
2F	5266	1	2835
2F	5268	1	2835
2F	526A	1	2835
2F	5270	1	2835
2F	5272	1	2835
2F	5275	1	2835
2F	5277	1	2835
2F	527A	1	2835
2F	527D	1	2835
2F	527E	1	2835
2F	527F	1	2835
2F	5281	1	2835
2F	5283	1	2835
2F	5286	1	2846
2F	528C	1	2846
2F	528F	1	2847
2F	5295	1	2863
2F	5296	1	2863
2F	5298	1	2863
2F	5299	1	2863
2F	529B	1	2863
2F	529D	1	2863
2F	529F	1	2863
2F	52A1	1	2863
2F	52A4	1	2863
2F	52A6	1	2863
2F	52A9	1	2863
2F	52AA	1	2863
2F	52AC	1	2863
2F	52AE	1	2863
2F	52AF	1	2863
2F	52B5	1	2863
2F	52E9	1	2835
2F	52EA	1	2835
2F	52EC	1	2835
2F	52EE	1	2835
2F	52F1	1	2835
2F	52F2	1	2835
2F	52F3	1	2835
2F	52F4	1	2835
2F	52F5	1	2835
2F	52F6	1	2835
2F	52F7	1	2835
2F	52F8	1	2835
2F	52F9	1	2835
2F	52FB	1	2835
2F	52FD	1	2835
2F	52FF	1	2835
2F	5301	1	2835
2F	5303	1	2835
2F	5306	1	2835
2F	5308	1	2835
2F	530A	1	2835
2F	530D	1	2835
2F	530F	1	2835
2F	5312	16	2835
2F	5313	16	2835
2F	5314	16	2835
2F	5315	16	2835
2F	5316	16	2835
2F	5318	1	2835
2F	5319	1	2835
2F	531C	1	2835
2F	531D	1	2835
2F	531F	1	2835
2F	5322	64	2835
2F	5323	64	2835
2F	5324	64	2835
2F	5325	64	2835
2F	5326	64	2835
2F	5328	1	2835
2F	5329	1	2835
2F	532A	1	2835
2F	532C	1	2835
2F	532E	1	2835
2F	5330	1	2835
2F	5333	1	2835
2F	5336	1	2835
2F	5339	1	2835
2F	533C	1	2836
2F	533E	1	2836
2F	5340	1	2836
2F	5342	1	2836
2F	5345	1	2836
2F	5348	1	2836
2F	534B	1	2836
2F	5351	1	2838
2F	5353	1	2838
2F	5355	1	2838
2F	5357	1	2838
2F	535A	1	2838
2F	535D	1	2838
2F	5360	1	2838
2F	5366	1	2840
2F	5368	1	2841
2F	536A	1	2841
2F	536C	1	2841
2F	536F	1	2841
2F	5372	1	2841
2F	5375	1	2841
2F	537B	1	2843
2F	5381	1	2846
2F	5382	1	2846
2F	53F5	1	2835
2F	53F7	1	2835
2F	53FA	5	2835
2F	53FC	5	2835
2F	53FE	5	2835
2F	5400	5	2835
2F	5401	5	2835
2F	5403	5	2835
2F	5406	4	2835
2F	5408	4	2835
2F	540A	4	2835
2F	540B	4	2835
2F	5411	4	2835
2F	5412	4	2835
2F	5414	4	2835
2F	5415	4	2835
2F	5416	4	2835
2F	5417	4	2835
2F	5418	4	2835
2F	5419	4	2835
2F	541A	4	2835
2F	541B	4	2835
2F	541C	4	2835
2F	541D	4	2835
2F	5420	4	2835
2F	5423	4	2835
2F	5429	4	2835
2F	542A	4	2835
2F	542B	4	2835
2F	542C	4	2835
2F	542D	4	2835
2F	5430	4	2835
2F	5431	4	2835
2F	5432	4	2835
2F	5433	4	2835
2F	5436	4	2835
2F	543C	4	2835
2F	543D	4	2835
2F	543E	4	2835
2F	543F	4	2835
2F	5441	4	2835
2F	5442	4	2835
2F	5443	4	2835
2F	5446	4	2835
2F	5447	4	2835
2F	5448	4	2835
2F	544B	4	2835
2F	544D	4	2835
2F	544F	4	2835
2F	5451	4	2835
2F	5453	4	2835
2F	5495	1	2835
2F	5496	1	2835
2F	5497	1	2835
2F	5498	1	2835
2F	549A	1	2835
2F	549D	1	2835
2F	54A3	1	2835
2F	54A4	1	2835
2F	54A5	1	2835
2F	54A6	9	2835
2F	54A9	9	2835
2F	54AB	9	2835
2F	54AC	8	2835
2F	54AD	8	2835
2F	54B0	8	2835
2F	54B3	8	2836
2F	54B5	4	2835
2F	54B6	4	2835
2F	54B7	4	2835
2F	54B8	4	2835
2F	54BB	4	2835
2F	54C1	4	2835
2F	54C2	4	2835
2F	54C3	4	2835
2F	54C4	4	2835
2F	54C6	4	2835
2F	54C7	4	2835
2F	54C8	4	2835
2F	54C9	8	2835
2F	54CA	8	2835
2F	54CB	8	2835
2F	54CC	8	2835
2F	54CE	8	2835
2F	54D0	8	2835
2F	54D3	8	2835
2F	54D9	8	2836
2F	54DA	8	2836
2F	54DB	8	2836
2F	54DC	8	2836
2F	54DE	8	2836
2F	54DF	8	2836
2F	54E0	8	2836
2F	54E1	7	2836
2F	54E3	7	2836
2F	54E6	60	2836
2F	54E8	60	2836
2F	54EA	60	2836
2F	54EC	60	2836
2F	54ED	60	2836
2F	54EF	60	2836
2F	54F2	55	2836
2F	54F4	55	2836
2F	54F6	55	2836
2F	54F7	55	2836
2F	54FD	55	2836
2F	54FE	55	2836
2F	5541	55	2836
2F	5542	55	2836
2F	5543	55	2836
2F	5544	55	2836
2F	5545	55	2836
2F	5546	55	2836
2F	5549	55	2836
2F	554F	55	2836
2F	5550	55	2836
2F	5551	55	2836
2F	5552	55	2836
2F	5555	55	2836
2F	5558	55	2836
2F	5559	55	2836
2F	555C	55	2836
2F	555E	55	2836
2F	5560	55	2836
2F	5562	55	2836
2F	5564	53	2836
2F	5581	7	2838
2F	5582	7	2838
2F	5583	7	2838
2F	5584	7	2838
2F	5586	7	2838
2F	5589	7	2838
2F	558F	7	2838
2F	5590	7	2838
2F	5591	7	2838
2F	5592	71	2838
2F	5595	71	2838
2F	5597	71	2838
2F	5598	64	2838
2F	5599	64	2838
2F	559C	64	2838
2F	559F	64	2838
2F	55A1	55	2836
2F	55A2	55	2836
2F	55A3	55	2836
2F	55A4	55	2836
2F	55A7	55	2836
2F	55AD	55	2836
2F	55AE	55	2836
2F	55AF	55	2836
2F	55B0	55	2836
2F	55B2	55	2836
2F	55B3	55	2836
2F	55B4	55	2836
2F	55B5	64	2838
2F	55B6	64	2838
2F	55B7	64	2838
2F	55B8	64	2838
2F	55BA	64	2838
2F	55BC	64	2838
2F	55BF	64	2838
2F	55C5	64	2838
2F	55C6	64	2838
2F	55C7	64	2838
2F	55C8	64	2838
2F	55CA	64	2838
2F	55CB	64	2838
2F	55CC	64	2838
2F	55CD	7	2838
2F	55CF	7	2838
2F	55D2	14	2838
2F	55D4	14	2838
2F	55D6	14	2838
2F	55D8	14	2838
2F	55D9	14	2838
2F	55DB	14	2838
2F	55DE	7	2838
2F	55E0	7	2838
2F	55E2	7	2838
2F	55E3	7	2838
2F	55E9	7	2838
2F	55EA	7	2838
2F	562D	7	2838
2F	562E	7	2838
2F	562F	7	2838
2F	5630	7	2838
2F	5631	7	2838
2F	5632	7	2838
2F	5635	7	2838
2F	563B	7	2838
2F	563C	7	2838
2F	563D	7	2838
2F	563E	7	2838
2F	5641	7	2838
2F	5644	7	2838
2F	5645	7	2838
2F	5648	7	2838
2F	564A	7	2838
2F	564C	7	2838
2F	564E	7	2838
2F	5650	7	2838
2F	566D	7	2838
2F	566E	7	2838
2F	566F	7	2838
2F	5670	7	2838
2F	5672	7	2838
2F	5675	7	2838
2F	567B	7	2839
2F	567C	7	2839
2F	567D	7	2839
2F	567E	175	2839
2F	5681	175	2839
2F	5683	175	2839
2F	5684	168	2839
2F	5685	168	2839
2F	5688	168	2839
2F	568B	168	2839
2F	568D	7	2838
2F	568E	7	2838
2F	568F	7	2838
2F	5690	7	2838
2F	5693	7	2838
2F	5699	7	2838
2F	569A	7	2838
2F	569B	7	2838
2F	569C	7	2838
2F	569E	7	2838
2F	569F	7	2838
2F	56A0	7	2838
2F	56A1	168	2839
2F	56A2	168	2839
2F	56A3	168	2839
2F	56A4	168	2839
2F	56A6	168	2839
2F	56A8	168	2839
2F	56AB	168	2839
2F	56B1	168	2839
2F	56B2	168	2839
2F	56B3	168	2839
2F	56B4	168	2839
2F	56B6	168	2839
2F	56B7	168	2839
2F	56B8	168	2839
2F	56B9	7	2841
2F	56BB	7	2841
2F	56BE	7	2841
2F	56C0	7	2841
2F	56C2	7	2841
2F	56C4	7	2841
2F	56C5	7	2841
2F	56C7	7	2841
2F	5759	7	2841
2F	575A	7	2841
2F	575B	7	2841
2F	575C	7	2841
2F	575E	7	2841
2F	5761	7	2841
2F	5767	7	2841
2F	5768	7	2841
2F	5769	7	2841
2F	576A	182	2841
2F	576D	182	2841
2F	576F	182	2841
2F	5770	175	2841
2F	5771	175	2841
2F	5774	175	2841
2F	5777	175	2841
2F	578D	175	2841
2F	578E	175	2841
2F	578F	175	2841
2F	5790	175	2841
2F	5792	175	2841
2F	5794	175	2841
2F	5797	175	2841
2F	579D	175	2841
2F	579E	175	2841
2F	579F	175	2841
2F	57A0	175	2841
2F	57A2	175	2841
2F	57A3	175	2841
2F	57A4	175	2841
2F	57F2	6	4009
2F	57F3	6	4009
2F	57F4	6	4009
2F	57F6	6	4009
2F	57F7	6	4009
2F	57F9	6	4009
2F	57FB	6	4009
2F	57FD	6	4009
2F	57FF	6	4009
2F	5802	6	4009
2F	5804	6	4009
2F	5807	6	4009
2F	5808	6	4009
2F	580A	6	4009
2F	580C	6	4009
2F	580D	6	4009
2F	5813	6	4009
2F	5814	6	4009
2F	5815	6	4009
2F	5818	6	4034
2F	581A	60	4034
2F	581B	60	4034
2F	581E	60	4034
2F	581F	60	4034
2F	5820	60	4034
2F	5822	6	4034
2F	5823	6	4034
2F	5825	6	4034
2F	5832	3474	4034
2F	5833	3474	4034
2F	5835	3474	4034
2F	5839	3474	4034
2F	583A	3474	4034
2F	5840	3474	4034
2F	5843	3474	4035
2F	5849	3474	4035
2F	584A	3474	4035
2F	584D	3474	4035
2F	584F	3474	4035
2F	5851	3474	4035
2F	5854	6	4613
2F	5857	6	5403
2F	5859	6	5403
2F	585B	6	5403
2F	585C	6	5403
2F	5862	6	5403
2F	5865	6	5404
2F	5866	6	5404
2F	586C	6	5419
2F	586E	6	5419
2F	5870	6	5419
2F	5872	6	5419
2F	5874	6	5419
2F	5875	6	5419
2F	5876	3468	4035
2F	5878	3468	4035
2F	587A	3468	4035
2F	58BB	3468	4035
2F	58BD	3468	4035
2F	58BF	3468	4035
2F	58C2	3468	4035
2F	58C4	3468	4035
2F	58C6	3468	4035
2F	58C9	3468	4035
2F	58CB	3468	4035
2F	5909	60	4034
2F	5914	60	4034
2F	5915	60	4034
2F	5916	60	4034
2F	5918	51	4034
2F	591B	51	4034
2F	591D	51	4034
2F	591F	51	4034
2F	5921	51	4034
2F	5922	51	4034
2F	5924	51	4034
2F	5925	10	4034
2F	5928	10	4034
2F	592A	10	4034
2F	592B	4	4034
2F	592C	4	4034
2F	592D	4	4034
2F	5930	4	4034
2F	5932	4	4034
2F	5933	4	4034
2F	593B	6	4009
2F	593C	6	4009
2F	5942	6	4009
2F	5948	6	4009
2F	594E	6	4011
2F	5954	6	4015
2F	595A	6	4015
2F	595D	6	4015
2F	5960	6	4015
2F	5962	6	4015
2F	5964	6	4015
2F	5966	6	4015
2F	596C	6	4015
2F	596F	6	4015
2F	5972	6	4015
2F	5974	6	4015
2F	5976	6	4015
2F	5978	6	4015
2F	597E	6	4015
2F	5981	6	4015
2F	5984	6	4015
2F	5986	6	4015
2F	5988	6	4015
2F	598A	6	4015
2F	5990	6	4015
2F	5993	6	4015
2F	5996	6	4015
2F	5998	6	4015
2F	599A	6	4015
2F	599C	6	4015
2F	59A2	6	4015
2F	59A5	6	4015
2F	59A8	6	4015
2F	59AB	6	4015
2F	59AD	6	4015
2F	59B3	6	4015
2F	59B6	6	4015
2F	59B9	6	4015
2F	59BC	6	4015
2F	59BE	6	4015
2F	59C4	6	4015
2F	59C7	6	4015
2F	59CA	6	4015
2F	59CD	6	4015
2F	59CF	6	4015
2F	59D5	6	4015
2F	59D8	6	4015
2F	59DB	6	4015
2F	59DD	6	4015
2F	59DF	6	4015
2F	59E5	6	4015
2F	59E8	6	4015
2F	59EB	6	4015
2F	59ED	6	4015
2F	59EF	6	4015
2F	59F5	6	4015
2F	59F7	6	4015
2F	59FA	6	4015
2F	59FB	6	4015
2F	59FC	6	4015
2F	59FD	6	4015
2F	5A37	6	4015
2F	5A3A	6	4015
2F	5A3D	6	4015
2F	5A43	6	4015
2F	5A46	6	4015
2F	5A49	6	4015
2F	5A4C	6	4015
2F	5A4F	6	4015
2F	5A52	6	4016
2F	5A55	6	4017
2F	5A56	6	4017
2F	5A57	6	4017
2F	5A81	6	4017
2F	5A87	6	4017
2F	5A8A	6	4018
2F	5A90	6	4034
2F	5A91	6	4034
2F	5A93	6	4034
2F	5A94	6	4034
2F	5A96	6	4034
2F	5A98	6	4034
2F	5A9A	6	4034
2F	5A9C	6	4034
2F	5A9F	6	4034
2F	5AA1	6	4034
2F	5AA4	6	4034
2F	5AA5	6	4034
2F	5AA7	6	4034
2F	5AA9	6	4034
2F	5AAA	6	4034
2F	5AB0	6	4034
2F	5AB3	6	4034
2F	5AB4	6	4034
2F	5AB7	6	4034
2F	5AB8	3522	4015
2F	5AB9	3522	4015
2F	5ABB	3522	4015
2F	5ABD	3522	4015
2F	5ABF	3522	4015
2F	5AC1	3522	4015
2F	5AC2	3522	4015
2F	5AC3	3522	4015
2F	5AC5	3522	4015
2F	5AC6	3522	4015
2F	5ACC	3522	4015
2F	5ACD	3522	4015
2F	5AD0	3522	4015
2F	5AD1	3522	4015
2F	5AD2	3522	4015
2F	5AD3	3522	4015
2F	5AD6	3522	4015
2F	5AD9	3522	4015
2F	5ADB	5896	4015
2F	5ADC	5896	4015
2F	5ADE	2374	4035
2F	5AE0	2374	4035
2F	5AE2	3522	4015
2F	5AE5	3522	4015
2F	5AE8	3522	4015
2F	5AE9	3522	4015
2F	5AEA	18	4015
2F	5AEC	18	4015
2F	5AEF	48	4015
2F	5AF1	48	4015
2F	5AF3	48	4015
2F	5AF5	48	4015
2F	5AF6	48	4015
2F	5AF8	48	4015
2F	5AFB	30	4015
2F	5AFD	30	4015
2F	5AFF	30	4015
2F	5B00	30	4015
2F	5B06	30	4015
2F	5B07	30	4015
2F	5B09	30	4015
2F	5B0A	30	4015
2F	5B0B	30	4015
2F	5B0C	30	4015
2F	5B0D	30	4015
2F	5B0E	30	4015
2F	5B0F	30	4015
2F	5B10	30	4015
2F	5B11	30	4015
2F	5B12	30	4015
2F	5B15	30	4015
2F	5B18	30	4015
2F	5B1E	30	4015
2F	5B1F	30	4015
2F	5B20	30	4015
2F	5B21	30	4015
2F	5B22	30	4015
2F	5B25	30	4015
2F	5B26	30	4015
2F	5B27	30	4015
2F	5B28	30	4015
2F	5B2B	30	4015
2F	5B31	30	4015
2F	5B32	30	4015
2F	5B33	30	4015
2F	5B34	30	4015
2F	5B36	30	4015
2F	5B37	30	4015
2F	5B38	30	4015
2F	5B3B	30	4015
2F	5B3C	30	4015
2F	5B3D	30	4015
2F	5B40	30	4015
2F	5B42	30	4015
2F	5B44	30	4015
2F	5B46	30	4015
2F	5B48	30	4015
2F	5B8A	18	4015
2F	5B8B	18	4015
2F	5B8C	18	4015
2F	5B8D	18	4015
2F	5B93	18	4015
2F	5B94	18	4015
2F	5B95	18	4015
2F	5B96	246	4015
2F	5B99	246	4015
2F	5B9B	246	4015
2F	5B9C	228	4015
2F	5B9D	228	4015
2F	5BA0	228	4015
2F	5BA3	228	4015
2F	5BA5	30	4015
2F	5BA6	30	4015
2F	5BA7	30	4015
2F	5BA8	30	4015
2F	5BAB	30	4015
2F	5BB1	30	4015
2F	5BB2	30	4015
2F	5BB3	30	4015
2F	5BB4	30	4015
2F	5BB6	30	4015
2F	5BB7	30	4015
2F	5BB8	30	4015
2F	5BB9	228	4015
2F	5BBA	228	4015
2F	5BBB	228	4015
2F	5BBC	228	4015
2F	5BBE	228	4015
2F	5BC0	228	4015
2F	5BC3	228	4015
2F	5BC9	228	4015
2F	5BCA	228	4015
2F	5BCB	228	4015
2F	5BCC	228	4015
2F	5BCE	228	4015
2F	5BCF	228	4015
2F	5BD0	228	4015
2F	5BD1	18	4016
2F	5BD3	18	4016
2F	5BD4	18	4016
2F	5BD6	18	4016
2F	5BD8	18	4016
2F	5BDA	18	4016
2F	5BDB	18	4016
2F	5BDD	18	4016
2F	5BE0	18	4016
2F	5BE3	18	4016
2F	5BE5	18	4016
2F	5BE8	18	4017
2F	5BE9	18	4017
2F	5BEB	18	4017
2F	5BED	18	4017
2F	5BEE	18	4016
2F	5BEF	18	4016
2F	5BF1	18	4016
2F	5BF2	18	4016
2F	5BF4	18	4016
2F	5BF5	18	4016
2F	5BF7	18	4016
2F	5BF8	18	4016
2F	5BFA	18	4016
2F	5BFD	29888	4016
2F	5BFE	29888	4016
2F	5C00	29888	4016
2F	5C02	18	4016
2F	5C04	680	4016
2F	5C05	680	4016
2F	5C06	680	4016
2F	5C08	18	4017
2F	5C09	18	4017
2F	5C0B	18	4017
2F	5C0D	18	4017
2F	5C0E	85	4034
2F	5C0F	85	4034
2F	5C12	85	4034
2F	5C14	85	4034
2F	5C16	85	4034
2F	5C18	85	4034
2F	5C1A	85	4034
2F	5C1B	85	4034
2F	5C1D	85	4034
2F	5C1E	85	4034
2F	5C1F	130	4034
2F	5C20	130	4034
2F	5C22	58	4034
2F	5C23	58	4034
2F	5C24	58	4034
2F	5C25	58	4034
2F	5C27	58	4034
2F	5C29	45	4034
2F	5C2A	45	4034
2F	5C2C	45	4034
2F	5C2E	45	4034
2F	5C34	72	4034
2F	5C35	72	4034
2F	5C36	13	4034
2F	5C38	13	4034
2F	5C3A	13	4034
2F	5C3B	13	4034
2F	5C42	97	4034
2F	5C43	97	4034
2F	5C45	97	4034
2F	5C47	97	4034
2F	5C49	97	4034
2F	5C4C	97	4034
2F	5C4D	97	4034
2F	5C4F	97	4034
2F	5C51	97	4034
2F	5C52	97	4034
2F	5C54	26	5248
2F	5C56	26	5248
2F	5C57	26	5248
2F	5C59	26	5248
2F	5C5B	14	5248
2F	5C5C	14	5248
2F	5C5D	14	5248
2F	5C5F	14	5248
2F	5C61	14	5248
2F	5C62	14	5248
2F	5C66	97	4034
2F	5C68	97	4034
2F	5C69	97	4034
2F	5C6B	85	4034
2F	5C6D	85	4034
2F	5C6E	169	4034
2F	5C6F	169	4034
2F	5C70	169	4034
2F	5C72	169	4034
2F	5C74	84	4034
2F	5C76	84	4034
2F	5C78	84	4034
2F	5C79	84	4034
2F	5C7B	84	4034
2F	5C7C	84	4034
2F	5C7E	85	4034
2F	5C7F	97	4034
2F	5C80	97	4034
2F	5C83	97	4034
2F	5C84	97	4034
2F	5C85	12	5248
2F	5C87	12	5248
2F	5C89	12	5248
2F	5C8B	12	5248
2F	5C8E	12	5248
2F	5C8F	12	5248
2F	5C91	12	5248
2F	5CA8	12	5248
2F	5CA9	12	5248
2F	5CAA	12	5248
2F	5CAC	12	5248
2F	5CAE	12	5248
2F	5CB1	12	5248
2F	5CB2	12	5248
2F	5CF4	12	5248
2F	5CF5	12	5248
2F	5CF6	12	5248
2F	5CF8	12	5248
2F	5CF9	12	5248
2F	5CFB	12	5248
2F	5CFD	12	5248
2F	5D00	12	5248
2F	5D03	12	5248
2F	5D04	12	5248
2F	5D06	12	5248
2F	5D07	12	5248
2F	5D08	12	5248
2F	5D09	12	5248
2F	5D0A	12	5248
2F	5D0B	12	5248
2F	5D0C	12	5248
2F	5D0D	12	5248
2F	5D10	12	5248
2F	5D13	12	5248
2F	5D15	12	5248
2F	5D17	12	5248
2F	5D1D	12	5248
2F	5D1E	12	5248
2F	5D21	12	5248
2F	5D23	240	5248
2F	5D24	240	5248
2F	5D25	240	5248
2F	5D2B	240	5248
2F	5D2E	240	5249
2F	5D34	240	5249
2F	5D35	240	5249
2F	5D36	240	5249
2F	5D38	240	5249
2F	5D3A	240	5249
2F	5D3C	240	5249
2F	5D3E	240	5249
2F	5D40	240	5249
2F	5D42	240	5249
2F	5D43	240	5249
2F	5D45	12	5268
2F	5D4B	12	5268
2F	5D4E	12	5268
2F	5D51	12	5268
2F	5D53	12	5268
2F	5D55	12	5268
2F	5D5B	12	5268
2F	5D5C	12	5268
2F	5D5D	12	5268
2F	5D60	12	5268
2F	5D66	12	5268
2F	5D67	12	5268
2F	5D68	12	5268
2F	5D69	12	5268
2F	5D6C	12	5268
2F	5D6D	12	5268
2F	5D6F	12	5268
2F	5D71	12	5268
2F	5D73	12	5268
2F	5D74	12	5268
2F	5D75	12	5268
2F	5D76	12	5268
2F	5D79	12	5268
2F	5D7C	152	5268
2F	5D7D	152	5268
2F	5D7E	152	5268
2F	5D80	152	5268
2F	5D81	152	5268
2F	5D82	152	5268
2F	5D84	140	5268
2F	5D85	140	5268
2F	5D86	140	5268
2F	5D87	140	5268
2F	5D88	140	5268
2F	5D89	140	5268
2F	5D8A	140	5268
2F	5D8B	140	5268
2F	5D8C	140	5268
2F	5D8D	140	5268
2F	5D8E	140	5268
2F	5D90	12	5268
2F	5D91	12	5268
2F	5D92	12	5268
2F	5D93	12	5268
2F	5D94	12	5268
2F	5D95	12	5268
2F	5D96	12	5268
2F	5D97	12	5268
2F	5D98	12	5268
2F	5D9B	12	5268
2F	5D9C	12	5268
2F	5D9F	12	5268
2F	5DA2	12	5268
2F	5DA5	12	5268
2F	5DA8	12	5269
2F	5DAB	12	5270
2F	5DAC	12	5270
2F	5DAD	12	5270
2F	5DAF	12	5270
2F	5DB6	12	5270
2F	5DB9	12	5270
2F	5DBB	12	5270
2F	5DBD	12	5270
2F	5DBF	12	5270
2F	5DCA	12	5270
2F	5DCB	12	5270
2F	5DCC	12	5270
2F	5DCF	12	5270
2F	5DD1	12	5270
2F	5DD2	12	5270
2F	5DDB	12	5270
2F	6107	6	4613
2F	6108	6	4613
2F	6109	6	4613
2F	610B	6	4613
2F	610C	6	4613
2F	610E	6	4613
2F	6110	6	4613
2F	6112	6	4613
2F	6113	6	4613
2F	6116	6	4613
2F	6117	6	4613
2F	6119	6	4613
2F	611B	6	4613
2F	611C	6	4613
2F	611E	6	4613
2F	6124	6	4619
2F	6125	6	4619
2F	6127	6	4619
2F	6128	6	4619
2F	612A	6	4619
2F	612C	6	4619
2F	612E	6	4619
2F	6130	6	4619
2F	6133	6	4619
2F	6134	6	4619
2F	6136	6	4619
2F	6138	6	4619
2F	6139	6	4619
2F	613A	18	4619
2F	613B	18	4619
2F	613E	18	4619
2F	6140	18	4619
2F	6146	18	4619
2F	6148	18	4619
2F	614A	18	4619
2F	6150	18	5248
2F	6151	18	5248
2F	6153	18	5248
2F	6155	18	5248
2F	6157	18	5248
2F	6158	18	5248
2F	615A	18	5248
2F	615C	18	5248
2F	615E	18	5248
2F	615F	12	5248
2F	6161	12	5248
2F	6163	12	5248
2F	6166	12	5248
2F	6168	12	5248
2F	6180	12	5248
2F	6183	12	5248
2F	6185	12	5248
2F	6193	12	5248
2F	6196	12	5248
2F	6197	12	5248
2F	619A	12	5248
2F	619B	12	5248
2F	619E	12	5270
2F	6D00	6	3219
2F	6D01	6	3219
2F	6D02	6	3219
2F	6D04	6	3219
2F	6D05	6	3219
2F	6D07	6	3219
2F	6D09	6	3219
2F	6D0B	6	3219
2F	6D0D	6	3219
2F	6D10	6	3219
2F	6D12	6	3219
2F	6D15	6	3219
2F	6D16	6	3219
2F	6D18	6	3219
2F	6D1A	6	3219
2F	6D1B	6	3219
2F	6D21	6	3219
2F	6D22	6	3219
2F	6D23	6	3219
2F	6D26	6	3250
2F	6D28	384	3250
2F	6D29	384	3250
2F	6D2C	384	3250
2F	6D2D	384	3250
2F	6D2E	384	3250
2F	6D30	6	3251
2F	6D31	6	3251
2F	6D33	6	3251
2F	6D40	3526	3251
2F	6D41	3526	3251
2F	6D47	3526	3252
2F	6D4A	3526	3252
2F	6D50	3526	3252
2F	6D51	3526	3252
2F	6D54	3526	3252
2F	6D56	3526	3252
2F	6D58	3526	3252
2F	6D5B	6	3837
2F	6D5E	6	3993
2F	6D60	6	3993
2F	6D63	6	3993
2F	6D64	6	3993
2F	6D66	6	3993
2F	6D68	6	3993
2F	6D6A	6	3993
2F	6D6D	6	3993
2F	6D6E	6	3993
2F	6D70	6	3993
2F	6DC9	6	3993
2F	6DCF	6	3993
2F	6DD2	6	3994
2F	6DD8	6	4009
2F	6DD9	6	4009
2F	6DDA	6	4009
2F	6DDC	6	4009
2F	6DDF	6	4009
2F	6DE1	6	4009
2F	6DE3	6	4009
2F	6DE9	6	4009
2F	6DEF	6	4009
2F	6DF0	6	4009
2F	6DF9	3520	3252
2F	6DFB	3520	3252
2F	6DFD	3520	3252
2F	6EF4	3520	3252
2F	6EF6	3520	3252
2F	6EF8	3520	3252
2F	6EFB	3520	3252
2F	6EFD	3520	3252
2F	6EFF	3520	3252
2F	6F02	3520	3252
2F	6F04	3520	3252
2F	6F42	384	3250
2F	6F4D	384	3250
2F	6F4E	384	3250
2F	6F4F	384	3250
2F	6F51	321	3250
2F	6F54	321	3250
2F	6F56	321	3250
2F	6F58	321	3250
2F	6F5A	321	3250
2F	6F5B	321	3250
2F	6F5D	321	3250
2F	6F5E	64	3250
2F	6F61	64	3250
2F	6F63	64	3250
2F	6F64	19	3250
2F	6F65	19	3250
2F	6F66	19	3250
2F	6F69	19	3250
2F	6F6B	19	3250
2F	6F6C	19	3250
2F	6F8C	6	3219
2F	6F8D	6	3219
2F	6F93	6	3219
2F	6F99	6	3219
2F	6F9F	6	3221
2F	6FA5	6	3225
2F	6FAB	6	3225
2F	6FAE	6	3225
2F	6FB1	6	3225
2F	6FB3	6	3225
2F	6FB5	6	3225
2F	6FB7	6	3225
2F	6FBD	6	3225
2F	6FC0	6	3225
2F	6FC3	6	3225
2F	6FC5	6	3225
2F	6FC7	6	3225
2F	6FC9	6	3225
2F	6FCF	6	3225
2F	6FD2	6	3225
2F	6FD5	6	3225
2F	6FD7	6	3225
2F	6FD9	6	3225
2F	6FDB	6	3225
2F	6FE1	6	3225
2F	6FE4	6	3225
2F	6FE7	6	3225
2F	6FE9	6	3225
2F	6FEB	6	3225
2F	6FED	6	3225
2F	6FF3	6	3225
2F	6FF6	6	3225
2F	6FF9	6	3225
2F	6FFC	6	3225
2F	6FFE	6	3225
2F	7004	6	3225
2F	7007	6	3225
2F	700A	6	3225
2F	700D	6	3225
2F	700F	6	3225
2F	7015	6	3225
2F	7018	6	3225
2F	701B	6	3225
2F	701E	6	3225
2F	7020	6	3225
2F	7026	6	3225
2F	7029	6	3225
2F	702C	6	3225
2F	702E	6	3225
2F	7030	6	3225
2F	7036	6	3225
2F	7039	6	3225
2F	703C	6	3225
2F	703E	6	3225
2F	7040	6	3225
2F	7046	6	3225
2F	7048	6	3225
2F	704B	6	3225
2F	704C	6	3225
2F	704D	6	3225
2F	704E	6	3225
2F	7088	6	3225
2F	708B	6	3225
2F	708E	6	3225
2F	7094	6	3225
2F	7097	6	3225
2F	709A	6	3225
2F	709D	6	3225
2F	70A0	6	3226
2F	70A3	6	3226
2F	70A6	6	3226
2F	70A9	6	3226
2F	70AC	6	3229
2F	70AF	6	3229
2F	70B2	6	3229
2F	70B5	6	3229
2F	70B8	6	3231
2F	70BE	6	3233
2F	70BF	6	3233
2F	70C0	6	3233
2F	70EA	6	3233
2F	70F0	6	3233
2F	70F3	6	3234
2F	70F9	6	3250
2F	70FA	6	3250
2F	70FC	6	3250
2F	70FD	6	3250
2F	70FF	6	3250
2F	7101	6	3250
2F	7103	6	3250
2F	7105	6	3250
2F	7108	6	3250
2F	710A	6	3250
2F	710D	6	3250
2F	710E	6	3250
2F	7110	6	3250
2F	7112	6	3250
2F	7113	6	3250
2F	7119	6	3250
2F	711C	6	3250
2F	711D	6	3250
2F	7120	6	3250
2F	7121	3610	3225
2F	7122	3610	3225
2F	7124	3610	3225
2F	7126	3610	3225
2F	7128	3610	3225
2F	712A	3610	3225
2F	712B	3610	3225
2F	712D	3610	3225
2F	712F	3610	3225
2F	7130	3610	3225
2F	7131	3610	3225
2F	7133	3610	3225
2F	713A	3610	3225
2F	713B	3610	3225
2F	713D	3610	3225
2F	713F	590	3252
2F	7140	590	3252
2F	7141	590	3252
2F	7143	590	3252
2F	7144	3610	3225
2F	7145	3610	3225
2F	7146	3610	3225
2F	7148	4200	3225
2F	7149	4200	3225
2F	714B	590	3252
2F	714D	590	3252
2F	714F	3610	3225
2F	7151	3610	3225
2F	7152	3610	3225
2F	7155	3610	3225
2F	7156	3610	3225
2F	7157	3610	3225
2F	7158	3610	3225
2F	715B	3610	3225
2F	715E	3610	3225
2F	7160	29693	3225
2F	7161	29693	3225
2F	7163	26083	3225
2F	7165	26083	3225
2F	7167	3610	3225
2F	716A	3610	3225
2F	716D	3610	3225
2F	716E	3610	3225
2F	716F	29	3225
2F	7171	29	3225
2F	7174	110	3225
2F	7176	110	3225
2F	7178	110	3225
2F	717A	110	3225
2F	717B	110	3225
2F	717D	110	3225
2F	7180	82	3225
2F	7182	82	3225
2F	7184	82	3225
2F	7185	82	3225
2F	718B	82	3225
2F	718C	82	3225
2F	71CF	82	3225
2F	71D0	82	3225
2F	71D1	82	3225
2F	71D2	82	3225
2F	71D3	82	3225
2F	71D4	82	3225
2F	71D7	82	3225
2F	71DD	82	3225
2F	71DE	82	3225
2F	71DF	82	3225
2F	71E0	82	3225
2F	71E3	82	3225
2F	71E6	82	3225
2F	71E7	82	3225
2F	71EA	82	3225
2F	71EC	82	3225
2F	71EE	82	3225
2F	71F0	82	3225
2F	71F2	81	3225
2F	720F	29	3226
2F	7210	29	3226
2F	7211	29	3226
2F	7212	29	3226
2F	7218	29	3226
2F	7219	29	3226
2F	721A	29	3226
2F	721B	440	3226
2F	721E	440	3226
2F	7220	440	3226
2F	7221	411	3226
2F	7222	411	3226
2F	7225	411	3226
2F	7228	411	3226
2F	722A	82	3225
2F	722B	82	3225
2F	722C	82	3225
2F	722D	82	3225
2F	7230	82	3225
2F	7236	82	3225
2F	7237	82	3225
2F	7238	82	3225
2F	7239	82	3225
2F	723B	82	3225
2F	723C	82	3225
2F	723D	82	3225
2F	723E	411	3226
2F	723F	411	3226
2F	7240	411	3226
2F	7241	411	3226
2F	7243	411	3226
2F	7245	411	3226
2F	7248	411	3226
2F	724E	411	3226
2F	724F	411	3226
2F	7250	411	3226
2F	7251	411	3226
2F	7253	411	3226
2F	7254	411	3226
2F	7255	411	3226
2F	7256	13	3226
2F	7258	13	3226
2F	725B	20	3226
2F	725D	20	3226
2F	725F	20	3226
2F	7261	20	3226
2F	7262	20	3226
2F	7264	20	3226
2F	7267	7	3226
2F	7269	7	3226
2F	726B	7	3226
2F	726C	7	3226
2F	7272	7	3226
2F	7273	7	3226
2F	72B6	7	3226
2F	72B7	7	3226
2F	72B8	7	3226
2F	72B9	7	3226
2F	72BA	7	3226
2F	72BB	7	3226
2F	72BE	7	3226
2F	72C4	7	3226
2F	72C5	7	3226
2F	72C6	7	3226
2F	72C7	7	3226
2F	72CA	7	3226
2F	72CD	7	3226
2F	72CE	7	3226
2F	72D1	7	3226
2F	72D3	7	3226
2F	72D5	7	3226
2F	72D7	7	3226
2F	72D9	7	3226
2F	72F6	13	3227
2F	72F7	13	3227
2F	72F8	13	3227
2F	72F9	13	3227
2F	72FF	13	3227
2F	7300	13	3227
2F	7301	13	3227
2F	7302	331	3227
2F	7305	331	3227
2F	7307	331	3227
2F	7308	318	3227
2F	7309	318	3227
2F	730C	318	3227
2F	730F	318	3227
2F	7311	7	3226
2F	7312	7	3226
2F	7313	7	3226
2F	7314	7	3226
2F	7317	7	3226
2F	731D	7	3226
2F	731E	7	3226
2F	731F	7	3226
2F	7320	7	3226
2F	7322	7	3226
2F	7323	7	3226
2F	7324	7	3226
2F	7325	318	3227
2F	7326	318	3227
2F	7327	318	3227
2F	7328	318	3227
2F	732A	318	3227
2F	732C	318	3227
2F	732F	318	3227
2F	7335	318	3227
2F	7336	318	3227
2F	7337	318	3227
2F	7338	318	3227
2F	733A	318	3227
2F	733B	318	3227
2F	733C	318	3227
2F	733D	24	3894
2F	733F	24	3894
2F	7340	24	3894
2F	7342	24	3894
2F	7344	24	3894
2F	7346	24	3894
2F	7347	24	3894
2F	7349	24	3894
2F	734C	24	3894
2F	734F	24	3894
2F	7351	24	3894
2F	7354	24	3895
2F	7357	24	3895
2F	735A	24	3895
2F	735C	24	3895
2F	735F	24	3896
2F	7360	24	3896
2F	7362	24	3896
2F	7364	24	3896
2F	7365	48	3894
2F	7366	48	3894
2F	7368	48	3894
2F	7369	48	3894
2F	736B	48	3894
2F	736C	48	3894
2F	736E	48	3894
2F	736F	48	3894
2F	7371	48	3894
2F	7374	138052	3894
2F	7375	138052	3894
2F	7377	138052	3894
2F	7379	48	3894
2F	737B	1808	3894
2F	737C	1808	3894
2F	737D	1808	3894
2F	737F	48	3895
2F	7380	48	3895
2F	7382	48	3895
2F	7384	48	3895
2F	7385	433	3250
2F	7386	433	3250
2F	7389	433	3250
2F	738B	433	3250
2F	738D	433	3250
2F	738F	433	3250
2F	7391	433	3250
2F	7392	433	3250
2F	7394	433	3250
2F	7395	433	3250
2F	7396	1519	3250
2F	7397	1519	3250
2F	7399	1150	3250
2F	739A	1150	3250
2F	739B	1150	3250
2F	739D	1150	3250
2F	739F	1086	3250
2F	73A0	1086	3250
2F	73A2	1086	3250
2F	73A4	1086	3250
2F	73AA	369	3250
2F	73AB	369	3250
2F	73AC	64	3251
2F	73AE	64	3251
2F	73B0	64	3251
2F	73B1	64	3251
2F	73B8	433	3250
2F	73B9	433	3250
2F	73BB	433	3250
2F	73BD	433	3250
2F	73BF	433	3250
2F	73C2	433	3250
2F	73C3	433	3250
2F	73C5	433	3250
2F	73C7	433	3250
2F	73C8	433	3250
2F	73DB	433	3250
2F	73DD	433	3250
2F	73DE	433	3250
2F	73E0	433	3250
2F	73E2	433	3250
2F	73E3	1169	3250
2F	73E4	1169	3250
2F	73E5	1169	3250
2F	73E7	1169	3250
2F	73E9	736	3250
2F	73EB	736	3250
2F	73ED	736	3250
2F	73EE	736	3250
2F	73F0	736	3250
2F	73F1	736	3250
2F	73F3	433	3250
2F	73F4	433	3250
2F	73F5	433	3250
2F	73F8	433	3250
2F	73F9	433	3250
2F	73FA	24	3872
2F	73FC	24	3872
2F	73FE	24	3872
2F	7400	24	3872
2F	7403	24	3872
2F	7404	24	3872
2F	7406	24	3872
2F	741D	24	3872
2F	741E	24	3872
2F	741F	24	3872
2F	7420	24	3872
2F	7421	24	3872
2F	7423	24	3872
2F	7424	24	3872
2F	7426	24	3872
2F	7428	24	3872
2F	742B	24	3872
2F	742E	24	3872
2F	742F	24	3872
2F	7431	24	3872
2F	7432	24	3872
2F	7433	24	3872
2F	7434	24	3872
2F	7437	24	3872
2F	743A	24	3872
2F	743C	24	3872
2F	743E	24	3872
2F	7444	24	3872
2F	7445	24	3872
2F	7448	24	3872
2F	744A	480	3872
2F	744B	480	3872
2F	744C	480	3872
2F	7452	480	3872
2F	7455	480	3873
2F	745B	480	3873
2F	745C	480	3873
2F	745D	480	3873
2F	745F	480	3873
2F	7461	480	3873
2F	7463	480	3873
2F	7465	480	3873
2F	7467	480	3873
2F	7469	480	3873
2F	746A	480	3873
2F	746C	24	3892
2F	7472	24	3892
2F	7475	24	3892
2F	7478	24	3892
2F	747A	24	3892
2F	747C	24	3892
2F	7482	24	3892
2F	7483	24	3892
2F	7484	24	3892
2F	7487	24	3892
2F	748D	24	3892
2F	748E	24	3892
2F	748F	24	3892
2F	7490	24	3892
2F	7493	24	3892
2F	7494	24	3892
2F	7496	24	3892
2F	7498	24	3892
2F	749A	24	3892
2F	749B	24	3892
2F	749C	24	3892
2F	749D	24	3892
2F	74A0	24	3892
2F	74A3	1474	3892
2F	74A4	1474	3892
2F	74A5	1474	3892
2F	74A7	1474	3892
2F	74A8	1474	3892
2F	74A9	1474	3892
2F	74AB	1450	3892
2F	74AC	1450	3892
2F	74AD	1450	3892
2F	74AE	1450	3892
2F	74AF	1450	3892
2F	74B1	24	3892
2F	74B2	24	3892
2F	74B3	24	3892
2F	74B4	24	3892
2F	74B5	24	3892
2F	74B6	24	3892
2F	74B9	24	3896
2F	74BA	24	3896
2F	74BC	24	3896
2F	74BE	24	3896
2F	74C1	24	3896
2F	74C3	24	3896
2F	74C5	24	3896
2F	74C7	24	3896
2F	74D2	24	3896
2F	74D3	24	3896
2F	74D6	24	3896
2F	75A0	6	3837
2F	75A1	6	3837
2F	75A2	6	3837
2F	75A4	6	3837
2F	75A5	6	3837
2F	75A7	6	3837
2F	75A9	6	3837
2F	75AB	6	3837
2F	75AC	6	3837
2F	75AF	6	3837
2F	75B0	6	3837
2F	75B2	6	3837
2F	75B4	6	3837
2F	75B5	6	3837
2F	75B7	6	3837
2F	75BD	6	3843
2F	75BE	6	3843
2F	75C0	6	3843
2F	75C1	6	3843
2F	75C3	6	3843
2F	75C5	6	3843
2F	75C7	6	3843
2F	75C9	6	3843
2F	75CC	6	3843
2F	75CD	6	3843
2F	75CF	6	3843
2F	75D1	6	3843
2F	75D2	6	3843
2F	75D3	30	3843
2F	75D4	30	3843
2F	75D7	30	3843
2F	75D9	30	3843
2F	75DF	30	3843
2F	75E1	30	3843
2F	75E3	30	3843
2F	75E9	30	3872
2F	75EA	30	3872
2F	75EC	30	3872
2F	75EE	30	3872
2F	75F0	30	3872
2F	75F1	30	3872
2F	75F3	30	3872
2F	75F5	30	3872
2F	75F7	30	3872
2F	75F8	24	3872
2F	75FA	24	3872
2F	75FC	24	3872
2F	75FF	24	3872
2F	7601	24	3872
2F	760C	24	3872
2F	760F	24	3872
2F	7611	24	3872
2F	761C	24	3872
2F	761F	24	3872
2F	7620	24	3872
2F	7623	24	3872
2F	7624	24	3872
2F	7627	24	3896
2F	764D	25	3892
2F	764E	25	3892
2F	764F	25	3892
2F	7651	25	3892
2F	7653	25	3892
2F	7655	25	3892
2F	7658	25	3892
2F	765A	131	3892
2F	765B	131	3892
2F	765D	131	3892
2F	765F	106	3892
2F	7660	106	3892
2F	7662	106	3892
2F	7663	106	3892
2F	7665	25	3892
2F	7666	25	3892
2F	7667	25	3892
2F	7668	25	3892
2F	7669	24	3892
2F	766A	24	3892
2F	766B	24	3892
2F	766E	24	3892
2F	7670	24	3892
2F	7672	23	7796
2F	7675	23	7796
2F	7678	23	7796
2F	767B	23	7796
2F	767E	23	7797
2F	7681	1	3892
2F	7682	1	3892
2F	7684	1	3892
2F	7695	1	3892
2F	7696	1	3892
2F	7698	1	3892
2F	769A	1	3892
2F	769D	1	3892
2F	769F	1	3892
2F	76A1	1	3892
2F	76A4	1	3892
2F	76A7	1	3892
2F	76AA	1	3892
2F	76AD	1	3894
2F	7713	24	3894
2F	7716	24	3896
2F	7717	24	3896
2F	7EBF	1	2525
2F	7EC1	1	2525
2F	7EC3	1	2525
2F	7EC5	1	2525
2F	7EC8	1	2525
2F	7EC9	1	2525
2F	7ECA	1	2525
2F	7ECB	1	2525
2F	7ECC	8	2525
2F	7ECE	8	2525
2F	7ED0	8	2525
2F	7ED2	8	2525
2F	7ED5	8	2525
2F	7ED6	8	2525
2F	7ED7	8	2525
2F	7ED8	8	2525
2F	7ED9	8	2525
2F	7EDA	8	2525
2F	7EDB	8	2525
2F	7EE1	7	2832
2F	7EE2	7	2832
2F	7EE3	7	2832
2F	7EE5	7	2832
2F	7EE7	7	2832
2F	7EE9	7	2832
2F	7EEC	7	2832
2F	7EED	7	2832
2F	7EEE	7	2832
2F	7EEF	7	2832
2F	7EF2	7	2832
2F	7EF4	7	2832
2F	7EF5	7	2832
2F	7EF7	7	2832
2F	7EF8	7	2832
2F	7EFA	7	2832
2F	7EFC	2	2832
2F	7EFE	2	2832
2F	7F00	1	3219
2F	7F02	1	3219
2F	7F08	6	3219
2F	7F09	6	3219
2F	7F0D	6	3219
2F	7F13	6	4009
2F	7F15	6	4009
2F	7F17	6	4009
2F	7F18	6	4009
2F	7F1C	6	4009
2F	7F22	6	5419
2F	7F24	6	5419
2F	7F26	6	5419
2F	7F28	6	5419
2F	7F29	6	5419
2F	7F2A	6	5419
2F	7F30	6	6046
2F	7F31	6	6046
2F	7F32	6	6046
2F	7F34	6	6046
2F	7F36	6	6046
2F	7F3B	1	2832
2F	7F3C	1	2832
2F	7F3D	1	2832
2F	7F43	1	2941
2F	7F44	1	2941
2F	7F45	1	2941
2F	7F4E	1	2941
2F	7F50	1	2941
2F	7F52	1	2941
2F	7F54	1	2941
2F	7F57	1	2941
2F	7F59	1	2941
2F	7F5A	1	2941
2F	7F5D	7	2832
2F	7F5E	7	2832
2F	7F5F	7	2832
2F	7F61	7	2832
2F	7F63	7	2832
2F	7F66	7	2832
2F	7F67	7	2832
2F	7F68	7	2832
2F	7F69	7	2832
2F	7F6A	7	2832
2F	7F6B	7	2832
2F	7F6C	7	2832
2F	7F6D	7	2832
2F	7F6E	7	2832
2F	7F70	7	2832
2F	7F72	7	2832
2F	7F74	7	2832
2F	7F76	7	2832
2F	7F78	7	2832
2F	7F7B	7	2832
2F	7F7D	7	2832
2F	7F7F	7	2832
2F	7F82	7	2832
2F	7F84	7	2832
2F	7F87	112	2832
2F	7F88	112	2832
2F	7F89	112	2832
2F	7F8A	112	2832
2F	7F8B	112	2832
2F	7F8D	7	2832
2F	7F8E	7	2832
2F	7F91	7	2832
2F	7F92	7	2832
2F	7F94	7	2832
2F	7F97	448	2832
2F	7F98	448	2832
2F	7F99	448	2832
2F	7F9A	448	2832
2F	7F9B	448	2832
2F	7F9D	7	2832
2F	7F9E	7	2832
2F	7F9F	7	2832
48	403E	40	2543
48	4040	40	2543
48	4041	40	2543
48	4043	40	2543
48	4044	40	2543
48	4046	40	2543
48	4047	40	2543
48	4049	40	2543
48	404A	40	2543
48	404C	776	2543
48	404E	776	2543
48	4051	776	2543
48	4052	776	2543
48	4054	736	2543
48	4055	736	2543
48	4057	736	2543
48	405A	736	2543
48	405B	736	2543
48	405D	736	2543
48	405E	736	2543
48	405F	736	2543
48	4061	736	2543
48	4062	736	2543
48	4064	736	2543
48	4065	736	2543
48	4066	736	2543
48	4067	736	2543
48	4069	736	2543
48	406A	736	2543
48	406C	736	2543
48	406D	736	2543
48	406E	736	2543
48	406F	736	2543
48	4075	736	2543
48	4077	736	2543
48	4078	736	2543
48	407A	736	2543
48	407C	736	2543
48	407D	736	2543
48	407F	736	2543
48	4081	40	2543
48	4083	40	2543
48	4084	40	2543
48	4086	736	2543
48	4088	736	2543
48	408A	736	2543
48	408B	736	2543
48	408D	736	2543
48	408F	40	2543
48	4091	40	2543
48	4092	40	2543
48	4094	736	2543
48	4096	736	2543
48	4097	736	2543
48	4099	736	2543
48	409A	736	2543
48	409C	40	2543
48	409E	40	2543
48	409F	40	2543
48	40A1	40	2543
48	40A2	40	2543
48	40A4	40	2543
48	40A5	40	2543
48	40A7	40	2543
48	40A8	40	2543
48	415A	10	1140
48	415C	10	1140
48	415D	10	1140
48	415F	10	1140
48	4160	10	1140
48	4162	10	1140
48	4163	10	1140
48	4165	10	1140
48	4167	10	1140
48	4168	10	1140
48	416A	10	1140
48	416C	10	1140
48	416D	10	1140
48	416F	10	1140
48	4171	10	1140
48	4172	10	1140
48	4174	10	1140
48	4176	10	1140
48	4177	10	1140
48	4178	10	1140
48	417A	10	1140
48	417C	10	1140
48	417D	10	1140
48	417F	10	1140
48	4180	10	1140
48	4181	10	1140
48	4183	10	1140
48	4184	10	1140
48	4185	10	1140
48	4186	10	1140
48	4188	10	1140
48	418B	10	1140
48	418C	10	1140
48	418D	10	1140
48	418E	10	1140
48	418F	10	1140
48	4191	10	1140
48	4193	10	1140
48	4194	10	1140
48	4196	10	1140
48	4197	10	1140
48	4198	10	1140
48	419A	10	1140
48	419B	10	1140
48	419C	10	1140
48	419D	10	1140
48	419E	10	1140
48	419F	159	1140
48	41A1	159	1140
48	41A4	159	1140
48	41A5	159	1140
48	41A8	149	1140
48	41AA	149	1140
48	41AC	149	1140
48	41AD	149	1140
48	41AF	149	1140
48	41B2	149	1140
48	41B3	149	1140
48	41B5	149	1140
48	41B6	149	1140
48	41B7	149	1140
48	41B8	149	1140
48	41BA	149	1140
48	41BB	149	1140
48	41BD	149	1140
48	41BE	149	1140
48	41C0	149	1140
48	41C1	149	1140
48	41C2	149	1140
48	41C4	149	1140
48	41C5	149	1140
48	41C6	149	1140
48	41C7	149	1140
48	41C9	149	1140
48	41CA	149	1140
48	41CC	149	1140
48	41CD	149	1140
48	41CE	149	1140
48	41CF	149	1140
48	41D5	149	1140
48	41D7	149	1140
48	41D8	149	1140
48	41D9	149	1140
48	41DB	149	1140
48	41DC	149	1140
48	41DD	149	1140
48	41DE	149	1140
48	41E0	149	1140
48	41E1	149	1140
48	41E3	149	1140
48	41E4	149	1140
48	41E6	149	1140
48	41E7	149	1140
48	41E8	149	1140
48	41EA	149	1140
48	4222	10	1140
48	4223	1272	1142
48	4226	1272	1142
48	4227	1272	1142
48	4229	502	1142
48	422A	502	1142
48	422D	502	1142
48	422E	770	1322
48	4231	770	1322
48	4232	770	1322
48	4233	385	1323
48	4235	385	1323
48	4238	385	1323
48	423A	385	1323
48	423C	192	1325
48	423F	192	1325
48	4240	192	1325
48	424F	385	1323
48	4252	385	1323
48	4253	385	1323
48	4256	385	1323
48	4257	385	1323
48	4259	385	1323
48	425A	48	1331
48	425D	48	1331
48	425F	48	1331
48	4261	48	1331
48	4263	48	1331
48	4264	48	1331
48	4266	48	1331
48	4268	48	1331
48	4269	48	1331
48	426A	48	1331
48	426C	48	1331
48	426D	48	1331
48	4270	48	1331
48	4271	48	1331
48	4273	48	1331
48	4274	48	1331
48	4276	48	1331
48	4278	48	1331
48	4279	48	1331
48	427A	48	1331
48	427C	48	1331
48	427D	48	1331
48	427F	48	1331
48	4281	48	1331
48	4282	48	1331
48	4284	48	1331
48	4286	48	1331
48	4288	48	1331
48	428A	48	1331
48	428B	48	1331
48	428C	48	1331
48	428E	48	1331
48	4290	48	1331
48	4292	48	1331
48	4298	48	1332
48	429B	48	1332
48	429C	48	1332
48	429D	48	1332
48	429E	48	1332
48	42A0	48	1332
48	42A1	48	1332
48	42A2	48	1332
48	42A4	48	1332
48	42A5	48	1332
48	42A7	48	1332
48	42A9	48	1332
48	42AB	48	1332
48	42B1	48	1333
48	42B3	48	1333
48	42B4	48	1333
48	42B6	48	1333
48	42B8	48	1333
48	42BA	48	1333
48	42BD	48	1333
48	42BE	48	1333
48	42C0	48	1333
48	42C3	48	1333
48	42C6	48	1333
48	42C7	48	1333
48	42CA	48	1333
48	42CD	48	1333
48	42CE	48	1333
48	42CF	1	1726
48	42D0	1	1726
48	42D3	1	1726
48	42D4	5	1138
48	42D5	5	1138
48	42D8	5	1138
48	42DB	5	1138
48	42DD	5	1138
48	42DF	5	1138
48	42E0	5	1138
48	42E2	5	1138
48	42E4	5	1138
48	42E6	5	1138
48	42E8	5	1138
48	42E9	5	1138
48	42EA	5	1138
48	42EB	5	1138
48	42EC	5	1138
48	42ED	5	1138
48	42EE	5	1138
48	42F0	5	1138
48	42F1	5	1138
48	42F2	5	1138
48	42F5	5	1138
48	42F8	5	1138
48	42F9	5	1138
48	42FA	5	1138
48	42FD	5	1138
48	4300	5	1138
48	4301	5	1138
48	4302	5	1138
48	4303	5	1138
48	4305	5	1138
48	4308	5	1138
48	4309	38	1138
48	430A	38	1138
48	430D	38	1138
48	430E	38	1138
48	4310	33	1138
48	4311	33	1138
48	4314	33	1138
48	4315	33	1138
48	4317	33	1138
48	4318	33	1138
48	431A	5	1138
48	431B	5	1138
48	431D	5	1138
48	431F	5	1138
48	4320	5	1138
48	4322	5	1138
48	4323	5	1138
48	4326	5	1138
48	4328	5	1138
48	432B	5	1138
48	432C	5	1138
48	432D	5	1138
48	4330	5	1138
48	4333	5	1138
48	4334	5	1138
48	4335	5	1138
48	4338	5	1138
48	433B	5	1138
48	433C	5	1138
48	433D	5	1138
48	433F	5	1138
48	4342	5	1138
48	4343	121	1138
48	4344	121	1138
48	4347	121	1138
48	4348	121	1138
48	434A	116	1138
48	434B	116	1138
48	434E	116	1138
48	434F	116	1138
48	4351	116	1138
48	4352	116	1138
48	4354	5	1138
48	4355	5	1138
48	4357	5	1138
48	435A	5	1138
48	435C	5	1138
48	435E	5	1138
48	4360	5	1138
48	4363	5	1138
48	4365	5	1138
48	4368	5	1138
48	436A	5	1138
48	436D	5	1138
48	4370	5	1138
48	4372	5	1138
48	4373	5	1138
48	4375	5	1138
48	4376	5	1138
48	4377	5	1138
48	437A	5	1140
48	437B	5	1140
48	437E	5	1140
48	4381	5	1140
48	4383	5	1140
48	4385	5	1140
48	4387	5	1140
48	4388	5	1140
48	4389	5	1140
48	438C	5	1140
48	438D	5	1140
48	4390	5	1140
48	4391	5	1140
48	4393	5	1140
48	4396	5	1140
48	4398	5	1140
48	439A	5	1140
48	439B	5	1140
48	439D	5	1140
48	439E	5	1140
48	43A0	5	1140
48	43A3	5	1140
48	43A9	5	1140
48	43AB	5	1140
48	43AE	5	1140
48	43AF	5	1140
48	43B2	5	1140
48	43B3	5	1140
48	43B5	5	1140
48	43B8	5	1140
48	43BA	5	1140
48	43BC	5	1140
48	43BD	5	1140
48	43BF	5	1140
48	43C0	5	1140
48	43C2	5	1140
48	43C5	5	1140
48	43CB	5	1140
48	43CD	5	1140
48	43CF	5	1140
48	43D2	5	1140
48	43D3	5	1140
48	43D6	5	1140
48	43D9	5	1140
48	43DC	5	1140
48	43DF	5	1140
48	43E1	5	1140
48	43E3	5	1140
48	43E5	5	1140
48	43EB	5	1141
48	43EE	5	1141
48	43F1	5	1141
48	43F4	5	1141
48	43F6	5	1141
48	43F8	5	1141
48	43FA	5	1141
48	4400	5	1142
48	4402	5	1142
48	4403	5	1142
48	4405	5	1142
48	4407	5	1142
48	4409	5	1142
48	440A	5	1140
48	440B	5	1140
48	440D	5	1140
48	440F	5	1140
48	4411	5	1140
48	4413	5	1140
48	4416	5	1140
48	4419	5	1140
48	441C	5	1140
48	441F	5	1140
48	4422	5	1140
48	4425	5	1140
48	4428	5	1140
48	442B	5	1140
48	442E	5	1140
48	4431	5	1140
48	4434	5	1140
48	4437	5	1140
48	4439	5	1140
48	443C	5	1140
48	443E	5	1140
48	4441	5	1140
48	4443	5	1140
48	4446	5	1140
48	4448	5	1140
48	444B	5	1140
48	444D	5	1140
48	4450	5	1140
48	4452	5	1140
48	4455	5	1140
48	4457	5	1140
48	4459	5	1140
48	445B	5	1140
48	445C	5	1140
48	445E	5	1140
48	445F	5	1140
48	4460	7	1138
48	4462	7	1138
48	4464	7	1138
48	4465	7	1138
48	4467	7	1138
48	4469	7	1138
48	446B	7	1138
48	446D	7	1138
48	446E	7	1138
48	4471	7	1138
48	4474	7	1138
48	4477	7	1138
48	447A	7	1138
48	447D	7	1138
48	4480	7	1138
48	4482	7	1138
48	4484	7	1138
48	4486	7	1138
48	448C	7	1139
48	448F	7	1139
48	4492	7	1139
48	4495	7	1139
48	4497	7	1139
48	4499	7	1139
48	449B	7	1139
48	44A1	7	1140
48	44A3	7	1140
48	44A5	7	1140
48	44A7	5	1762
48	44A8	5	1762
48	44AA	5	1762
48	44AC	5	1762
48	44AE	5	1762
48	44B1	5	1762
48	44B4	5	1762
48	44B5	5	1762
48	44B8	5	1762
48	44B9	5	1762
48	44BC	5	1762
48	44BD	5	1762
48	44C0	5	1762
48	44C3	5	1762
48	44C4	5	1762
48	44C7	5	1762
48	44C8	5	1762
48	44CB	5	1762
48	44CC	5	1762
48	44CE	5	1762
48	44D0	5	1762
48	44D2	5	1762
48	44D3	5	1762
48	44D5	5	1762
48	44D6	7	1140
48	44D8	7	1140
48	44D9	7	1140
48	44DB	7	1140
48	44DD	7	1140
48	44DF	7	1140
48	4616	4	1112
48	4619	4	1112
48	461A	4	1112
48	461C	4	1112
48	461D	4	1112
48	461F	4	1112
48	462A	4	1112
48	462C	4	1112
48	462E	4	1112
48	462F	4	1112
48	4631	4	1112
48	4634	4	1112
48	4636	4	1112
48	4639	4	1112
48	463B	4	1112
48	463D	4	1112
48	4640	4	1112
48	4641	4	1112
48	4642	4	1112
48	4643	4	1112
48	4645	4	1112
48	4648	4	1112
48	464A	4	1112
48	464B	4	1112
48	464D	4	1112
48	4650	4	1112
48	4652	4	1112
48	4653	4	1112
48	4654	4	1112
48	4655	4	1112
48	4658	4	1112
48	4659	4	1112
48	465A	4	1112
48	465B	4	1112
48	4679	2	1120
48	467C	2	1120
48	467E	2	1120
48	4681	2	1120
48	4684	2	1120
48	4686	2	1120
48	4688	2	1120
48	4689	2	1120
48	468B	2	1120
48	468E	2	1120
48	4691	2	1120
48	4693	2	1120
48	4695	2	1120
48	4696	2	1120
48	4697	2	1120
48	469A	2	1120
48	469B	4	1120
48	469C	128	1120
48	469D	128	1120
48	469E	128	1120
48	469F	128	1120
48	46A1	4	1120
48	46A2	4	1120
48	46A4	4	1120
48	46A5	4	1120
48	46A6	4	1120
48	46A7	4	1120
48	46A8	4	1120
48	46AA	4	1120
48	46AB	4	1120
48	46AC	4	1120
48	46AD	4	1120
48	46AF	2	1120
48	46B0	2	1120
48	46B3	2	1120
48	46B4	2	1120
48	46B5	2	1120
48	46B6	2	1120
48	46BC	2	1120
48	46BE	2	1120
48	46BF	2	1120
48	46C1	2	1120
48	46C3	2	1120
48	46C5	2	1120
48	46C6	2	1728
48	46C8	2	1728
48	46CA	2	1728
48	46CB	2	1728
48	46CD	2	1728
48	46CF	2	1728
48	46D1	2	1728
48	46D3	2	1728
48	46D5	2	1728
48	46D8	2	1728
48	46DB	2	1728
48	46DE	2	1728
48	46E1	2	1728
48	46E4	2	1728
48	46E6	2	1728
48	46E9	2	1728
48	46EC	2	1728
48	46EE	2	1728
48	46F4	2	1728
48	46FA	48	1730
48	46FD	48	1731
48	4700	48	1731
48	4706	48	1731
48	4707	48	1731
48	470A	48	1731
48	470D	48	1731
48	4710	48	1731
48	4711	48	1731
48	4713	12	1734
48	4715	12	1734
48	471B	12	1735
48	471C	12	1735
48	471E	2	1760
48	4720	2	1760
48	4721	2	1760
48	4723	2	1760
48	4725	2	1760
48	4727	2	1760
48	4748	1074	1140
48	474A	1074	1140
48	474B	1074	1140
48	474E	1074	1140
48	474F	1074	1140
48	4752	1074	1140
48	4753	1074	1140
48	4756	1074	1140
48	4757	1074	1140
48	475A	1074	1140
48	475B	1074	1140
48	475E	1074	1140
48	475F	1074	1140
48	4760	1074	1140
48	4763	1074	1140
48	4764	1074	1140
48	4767	1074	1140
48	4768	1074	1140
48	476B	1074	1140
48	476C	1074	1140
48	476F	1074	1140
48	4770	1074	1140
48	4773	1074	1140
48	4774	1074	1140
48	4777	9261	1140
48	4778	9261	1140
48	4779	9261	1140
48	477A	9261	1140
48	477B	9261	1140
48	477C	9261	1140
48	477F	9261	1140
48	4780	9261	1140
48	4781	9261	1140
48	4783	2792	1140
48	4785	2780	1140
48	4786	2780	1140
48	4787	2780	1140
48	4788	2780	1140
48	478A	6469	1140
48	478B	6469	1140
48	478C	6469	1140
48	478E	5407	1140
48	478F	5407	1140
48	4790	5407	1140
48	4791	5407	1140
48	4793	1074	1140
48	4794	1074	1140
48	4795	1074	1140
48	4796	1074	1140
48	4798	1074	1140
48	479A	1074	1140
48	479C	1074	1140
48	479E	1074	1140
48	47A0	1074	1140
48	47A2	1074	1140
48	47A4	1074	1140
48	47A6	1074	1140
48	47A8	1074	1140
48	47A9	1074	1140
48	47AA	1074	1140
48	47AB	1074	1140
48	47AC	1074	1140
48	47AD	1074	1140
48	47AE	1074	1140
48	47B0	1074	1140
48	47B2	1074	1140
48	47B3	1074	1140
48	47B5	1074	1140
48	47B7	1074	1140
48	47B9	1074	1140
48	47BA	1074	1140
48	47BC	1074	1140
48	47BE	1074	1140
48	47C0	1074	1140
48	47C3	1074	1140
48	47C4	1074	1140
48	47C5	1074	1140
48	47C8	1074	1140
48	47C9	1074	1140
48	47CC	1074	1140
48	47CD	1074	1140
48	47D0	1074	1140
48	47D1	1074	1140
48	47D4	1074	1140
48	47D6	8592	1140
48	47D7	8592	1140
48	47D8	8592	1140
48	47D9	8592	1140
48	47DA	8592	1140
48	47DB	8592	1140
48	47DD	1074	1140
48	47E0	1074	1140
48	47E1	1074	1140
48	47E4	1074	1140
48	47E5	1074	1140
48	47E8	1074	1140
48	47E9	1074	1140
48	47EC	1074	1140
48	47EE	8592	1140
48	47EF	8592	1140
48	47F0	8592	1140
48	47F1	8592	1140
48	47F2	8592	1140
48	47F3	8592	1140
48	47F5	1074	1140
48	47F6	1074	1140
48	47F8	1074	1140
48	47FB	1074	1140
48	47FD	1074	1140
48	47FE	1074	1140
48	4800	1074	1140
48	4803	1074	1140
48	4805	1074	1140
48	4807	1074	1140
48	4808	1074	1140
48	480A	1074	1140
48	480C	1074	1140
48	480E	1074	1140
48	4899	1	326
48	489C	1	326
48	489E	1	326
48	48A1	1	326
48	48A4	1	326
48	48A5	1	326
48	48A7	1	326
48	48AA	1	326
48	48AD	1	326
48	48AE	1	326
48	48AF	1	326
48	48B0	1	326
48	48B1	1	326
48	48B2	1	326
48	48B3	1	326
48	48B4	1	326
48	48B5	1	326
48	48B6	1	326
48	48B7	1	326
48	48BB	4	1112
48	48E1	5	326
48	48E2	5	326
48	48E5	5	326
48	48E8	5	326
48	48EA	5	326
48	48EC	5	326
48	48EE	80	326
48	48EF	80	326
48	48F2	80	326
48	48F3	80	326
48	48F4	80	326
48	48F5	80	326
48	48FE	80	326
48	48FF	80	326
48	4901	5	326
48	4904	5	326
48	4906	5	326
48	4908	280	326
48	4909	280	326
48	490C	280	326
48	490D	280	326
48	490E	280	326
48	490F	280	326
48	4911	5	326
48	4914	5	326
48	4915	5	326
48	4918	280	326
48	4919	280	326
48	491B	5	326
48	491E	5	326
48	491F	5	326
48	495C	4	1112
48	495F	4	1112
48	4961	4	1112
48	4963	4	1112
48	4964	4	1112
48	4966	4	1112
48	4968	4	1112
48	496A	4	1112
48	496D	4	1112
48	496F	4	1112
48	4971	4	1112
48	4974	4	1112
48	4977	4	1112
48	4978	4	1112
48	4979	4	1112
48	497A	4	1112
48	497B	4	1112
48	497C	4	1112
48	497E	4	1112
48	4981	4	1112
48	4983	4	1112
48	4984	4	1112
48	4986	4	1112
48	4989	4	1112
48	498B	4	1112
48	49DB	1	1762
48	49E1	1	1762
48	49E3	1	1762
48	49E5	1	1762
48	49E8	1	1762
48	49EB	1	1762
48	49ED	1	1762
48	49EE	1	1762
48	49F0	1	1762
48	49F2	1	1762
48	49F4	1	1762
48	49F6	1	1762
48	4A36	1	1762
48	4A38	1	1762
48	4A3B	1	1762
48	4A3E	1	1762
48	4A3F	1	1762
48	4A40	1	1762
48	4A42	1	1762
48	4A45	1	1762
48	4A4B	1	1762
48	4A4D	1	1762
48	4A4E	1	1112
48	4A54	1	1112
48	4A56	1	1112
48	4A58	1	1112
48	4A5B	1	1112
48	4A5E	1	1112
48	4A60	1	1112
48	4A61	1	1112
48	4A63	1	1112
48	4A65	1	1112
48	4A74	1	1112
48	4A76	1	1112
48	4A79	1	1112
48	4A7C	1	1112
48	4A7D	1	1112
48	4A7E	1	1112
48	4A80	1	1112
48	4A83	1	1112
48	4A89	1	1112
48	4A8B	1	1112
48	4AAB	1	22
48	4AAD	1	22
48	4AAF	1	22
48	4AB0	1	22
48	4AB2	1	22
48	4AB4	1	22
48	4AB6	1	22
48	4AB9	1	22
48	4ABB	1	22
48	4ABD	1	22
48	4AC0	1	22
48	4AC3	1	22
48	4AC5	1	22
48	4AC6	32	22
48	4AC7	32	22
48	4AC8	32	22
48	4ACA	1	22
48	4ACB	1	22
48	4ACD	1	22
48	4AD0	1	22
48	4AD2	1	22
48	4AD3	1	22
48	4AD5	1	22
48	4AD8	1	22
48	4ADA	1	22
4E	4658	1	22
4E	465A	1	22
4E	465C	1	22
4E	465F	1	22
4E	4661	1	22
4E	4663	1	22
4E	4666	1	22
4E	4669	1	22
4E	466C	1	22
4E	466F	1	22
4E	4672	1	22
4E	4675	1	22
4E	4678	1	22
4E	467B	1	22
4E	467E	1	22
4E	4681	1	22
4E	4683	1	22
4E	4687	1	22
4E	468A	1	22
4E	468B	1	22
4E	468E	1	22
4E	4691	1	22
4E	4694	1	22
4E	4697	1	22
4E	469A	1	22
4E	469B	1	22
4E	469D	1	22
4E	46A0	1	22
4E	46CF	1	326
4E	46D1	1	326
4E	46D3	1	326
4E	46D6	1	326
4E	46D8	1	326
4E	46DA	1	326
4E	46DD	1	326
4E	46E0	1	326
4E	46E3	1	326
4E	46E6	1	326
4E	46E9	1	326
4E	46EC	1	326
4E	46ED	1	326
4E	46EF	1	326
4E	46F2	1	326
4E	46F3	1	326
4E	46F5	1	326
4E	46F8	1	326
4E	46FB	1	326
4E	46FE	1	326
4E	4701	1	327
4E	4704	1	327
4E	4707	1	327
4E	470A	1	327
4E	470D	1	327
4E	470E	1	327
4E	4710	1	327
4E	4713	1	327
4E	4714	1	327
4E	4716	1	327
4E	4719	1	327
4E	471B	1	327
4E	471C	1	327
4E	471E	1	327
4E	4720	1	327
4E	4722	1	327
4E	4725	1	327
4E	4726	1	327
4E	4728	1	327
4E	4729	1	327
4E	472B	1	327
4E	472E	1	327
4E	472F	1	327
4E	4739	6	22
4E	473C	3376	22
4E	473D	3376	22
4E	473E	3376	22
4E	473F	3376	22
4E	4741	3376	22
4E	4742	3376	22
4E	4743	3376	22
4E	4744	3376	22
4E	4745	3376	22
4E	4746	3376	22
4E	4748	6	22
4E	4795	1	22
4E	4797	1	22
4E	4799	1	22
4E	479C	1	22
4E	479E	1	22
4E	47A0	1	22
4E	47A3	1	22
4E	47A6	1	22
4E	47A9	1	22
4E	47AC	1	22
4E	47AF	1	22
4E	47B0	1	22
4E	47B3	1	22
4E	47B4	1	22
4E	47B7	1	22
4E	47B8	1	22
4E	47BB	1	22
4E	47BC	1	22
4E	47BF	1	22
4E	47C2	1	22
4E	47C5	1	22
4E	47C8	1	22
4E	47CB	1	22
4E	47CE	1	22
4E	47D1	1	22
4E	47D4	1	22
4E	47D5	1	22
4E	47D8	1	22
4E	47D9	1	22
4E	47DC	1	22
4E	47DD	1	22
4E	47E0	1	22
4E	47E1	1	22
4E	47E4	1	22
4E	47E5	1	22
4E	47E7	1	22
4E	47EA	1	22
4F	4000	97	26
4F	4002	97	26
4F	4004	97	26
4F	4006	97	26
4F	4008	97	26
4F	400D	97	26
4F	404B	596	29
4F	404C	596	29
4F	404F	596	29
4F	4052	596	29
4F	4053	596	29
4F	4056	596	29
4F	4057	596	29
4F	405A	596	29
4F	405D	596	29
4F	405E	1192	29
4F	405F	1192	29
4F	4061	1192	29
4F	4063	1192	29
4F	4065	596	29
4F	4067	596	29
4F	4069	596	29
4F	406B	596	29
4F	406D	596	29
4F	406F	9536	29
4F	4070	9536	29
4F	4071	9536	29
4F	4072	9536	29
4F	4073	9536	29
4F	4074	9536	29
4F	4075	9536	29
4F	4076	9536	29
4F	4077	9536	29
4F	4078	9536	29
4F	4079	9536	29
4F	407A	9536	29
4F	407B	9536	29
4F	407C	9536	29
4F	407D	9536	29
4F	407E	9536	29
4F	407F	9536	29
4F	4080	9536	29
4F	4082	1192	29
4F	4083	34560	27
4F	4086	34560	27
4F	4087	34560	27
4F	4088	34560	27
4F	4089	34560	27
4F	408A	34560	27
4F	408B	34560	27
4F	408E	30464	27
4F	408F	30464	27
4F	4090	30464	27
4F	4093	28480	27
4F	4094	28480	27
4F	4097	28480	27
4F	4098	28480	27
4F	4099	28480	27
4F	409B	28480	27
4F	409D	28480	27
4F	409E	28480	27
4F	40A0	28480	27
4F	40A2	28480	27
4F	40A3	28480	27
4F	40A4	28480	27
4F	40A5	28480	27
4F	40A7	28480	27
4F	40A9	28480	27
4F	40AA	28480	27
4F	40AB	28480	27
4F	40AD	28480	27
4F	40AE	28480	27
4F	40B0	28480	27
4F	40B1	28480	27
4F	40B2	28480	27
4F	40B4	28480	27
4F	40B7	28480	27
4F	40B8	28480	27
4F	40B9	28480	27
4F	40BB	28480	27
4F	40BD	28480	27
4F	40BE	28480	27
4F	40C0	28480	27
4F	40C2	28480	27
4F	40C3	28480	27
4F	40C4	28480	27
4F	40C5	28480	27
4F	40C7	28480	27
4F	40C9	28480	27
4F	40CA	28480	27
4F	40CB	28480	27
4F	40CD	28480	27
4F	40CE	28480	27
4F	40D0	28480	27
4F	40D1	28480	27
4F	40D2	28480	27
4F	40D4	28480	27
4F	40D5	28480	27
4F	40D7	28480	27
4F	40D8	28480	27
4F	40DA	28480	27
4F	40DD	28480	27
4F	40DF	28480	27
4F	40E0	28480	27
4F	40E2	28480	27
4F	40E4	28480	27
4F	40E6	28480	27
4F	40E7	28480	27
4F	40E9	28480	27
4F	40EC	28480	27
4F	40EE	28480	27
4F	40EF	28480	27
4F	40F0	28480	27
4F	40F2	28480	27
4F	40F4	28480	27
4F	40F5	28480	27
4F	40F6	28480	27
4F	40F8	28480	27
4F	40F9	28480	27
4F	40FB	28480	27
4F	40FC	28480	27
4F	40FE	28480	27
4F	40FF	28480	27
4F	4101	28480	27
4F	4103	28480	27
4F	4105	28480	27
4F	4106	28480	27
4F	4108	28480	27
4F	410B	28480	27
4F	410D	28480	27
4F	410E	28480	27
4F	4110	28480	27
4F	4111	28480	27
4F	4112	28480	27
4F	4113	28480	27
4F	4115	28480	27
4F	4116	28480	27
4F	4118	28480	27
4F	4119	28480	27
4F	411A	28480	27
4F	411C	4096	41
4F	411F	4096	41
4F	4120	4096	41
4F	4121	4096	41
4F	4123	4096	41
4F	4124	4096	41
4F	4126	32576	27
4F	4129	32576	27
4F	412A	32576	27
4F	412C	32576	27
4F	412D	32576	27
4F	412F	32576	27
4F	4130	32576	27
4F	4131	1984	322
4F	4134	1984	322
4F	4135	1984	322
4F	4136	1984	322
4F	4138	1984	322
4F	4139	1984	322
4F	413B	1984	322
4F	413E	1984	322
4F	413F	1984	322
4F	4141	1984	322
4F	4142	1984	322
4F	4144	1984	322
4F	4145	1984	322
4F	4146	85440	27
4F	4147	85440	27
4F	4149	54503	27
4F	414A	54503	27
4F	414B	54503	27
4F	414E	54503	27
4F	414F	54503	27
4F	4150	54503	27
4F	4151	54503	27
4F	4152	54503	27
4F	4153	85440	27
4F	4156	85440	27
4F	4157	85440	27
4F	4158	85440	27
4F	415A	683520	27
4F	415B	683520	27
4F	415D	200345	27
4F	415E	683520	27
4F	4160	683520	27
4F	4162	683520	27
4F	4163	683520	27
4F	4165	85440	27
4F	4166	63	27
4F	4169	63	27
4F	416B	63	27
4F	416D	31	308
4F	416E	31	308
4F	4171	31	308
4F	4172	31	308
4F	4175	31	308
4F	4176	31	308
4F	4179	31	308
4F	417C	31	308
4F	417E	32	27
4F	417F	32	27
4F	4182	32	27
4F	4183	32	27
4F	4186	32	27
4F	4187	32	27
4F	418A	32	27
4F	418B	32	27
4F	418E	63	27
4F	4191	63	27
4F	41C2	63	27
4F	41C5	63	27
4F	41C8	63	27
4F	41CA	4032	27
4F	41CD	4032	27
4F	41CE	4032	27
4F	41D1	4032	27
4F	41D2	4032	27
4F	41D5	4032	27
4F	41D6	4032	27
4F	41D7	4032	27
4F	41DA	4032	27
4F	41DB	4032	27
4F	41DC	4032	27
4F	41DD	4032	27
4F	41DF	63	27
4F	41E0	603	27
4F	41E3	603	27
4F	41E4	603	27
4F	41E5	540	27
4F	41E6	540	27
4F	41E8	540	27
4F	41EA	296	27
4F	41ED	296	27
4F	41EE	296	27
4F	41F0	64	27
4F	41F3	64	27
4F	41F5	64	27
4F	41F7	32	42
4F	41F8	32	42
4F	41FB	32	42
4F	41FE	32	42
4F	4201	32	42
4F	4203	32	27
4F	4206	32	27
4F	4209	32	27
4F	420A	264	27
4F	420D	264	27
4F	420E	264	27
4F	4211	264	27
4F	4213	244	308
4F	4216	244	308
4F	4217	244	308
4F	4219	31	322
4F	421A	31	322
4F	421D	31	322
4F	4220	31	322
4F	4221	31	322
4F	4224	31	322
4F	4226	213	308
4F	4229	213	308
4F	422A	213	308
4F	422D	540	27
4F	4230	540	27
4F	4261	540	27
4F	4264	540	27
4F	4267	540	27
4F	4269	540	27
4F	426A	540	27
4F	426B	540	27
4F	426E	540	27
4F	426F	540	27
4F	4272	540	27
4F	4273	34560	27
4F	4274	34560	27
4F	4275	34560	27
4F	4276	34560	27
4F	4277	34560	27
4F	4278	34560	27
4F	427A	540	27
4F	427B	540	27
4F	427C	540	27
4F	427F	34560	27
4F	4282	34560	27
4F	4283	34560	27
4F	4284	34560	27
4F	4287	34560	27
4F	4288	34560	27
4F	428A	540	28
4F	428C	540	28
4F	428D	540	28
4F	42B4	31	27
4F	42B6	31	27
4F	42B8	31	27
4F	42B9	31	27
4F	42BB	31	27
4F	42BD	31	27
4F	42BF	31	27
4F	42C1	31	27
4F	42C4	31	27
4F	42C7	31	27
4F	42CA	31	27
4F	42CD	31	27
4F	42CF	31	27
4F	42D2	31	27
4F	42D5	31	27
4F	42D7	31	27
4F	42DA	31	27
4F	42DD	31	28
4F	42E0	279	28
4F	42E3	279	29
4F	42E6	279	29
4F	42EC	279	29
4F	42ED	279	29
4F	42F0	279	29
4F	42F3	279	30
4F	42F5	31	43
4F	42F7	31	43
4F	42F8	31	43
4F	42FA	31	43
4F	42FC	31	43
4F	42FE	31	43
4F	42FF	1	331
4F	4301	1	331
4F	4303	1	331
4F	4304	1	331
4F	4306	1	331
4F	4308	1	331
4F	430A	1	331
4F	430C	1	331
4F	430F	1	331
4F	4312	1	331
4F	4315	1	331
4F	4318	1	331
4F	431A	1	331
4F	431D	1	331
4F	4320	1	331
4F	4322	1	331
4F	4325	1	331
4F	4328	1	332
4F	432B	17	332
4F	432E	17	333
4F	4331	17	333
4F	4337	17	333
4F	4338	17	333
4F	433B	17	333
4F	433E	17	334
4F	4340	1	363
4F	4342	1	363
4F	4343	1	363
4F	4345	1	363
4F	4347	1	363
4F	4349	1	363
4F	4370	29	308
4F	4372	29	308
4F	4374	29	308
4F	4375	29	308
4F	4377	29	308
4F	4379	29	308
4F	437B	29	308
4F	437D	29	308
4F	4380	29	308
4F	4383	29	308
4F	4386	29	308
4F	4389	29	308
4F	438B	29	308
4F	438E	29	308
4F	4391	29	308
4F	4393	29	308
4F	4396	29	308
4F	4399	232	309
4F	439C	232	310
4F	439F	232	310
4F	43A5	232	310
4F	43A6	232	310
4F	43A9	232	310
4F	43AC	232	311
4F	43AE	29	323
4F	43B0	29	323
4F	43B1	29	323
4F	43B3	29	323
4F	43B5	29	323
4F	43B7	29	323
4F	45C6	8	5468
4F	45C8	8	5468
4F	45CA	8	5468
4F	45CB	8	5468
4F	45CD	8	5468
4F	45CF	8	5468
4F	45D1	8	5468
4F	45D3	32	5468
4F	45D6	32	5468
4F	45D7	512	5468
4F	45D8	512	5468
4F	45DA	512	5468
4F	45DB	512	5468
4F	45DC	512	5468
4F	45DE	512	5468
4F	45DF	512	5468
4F	45E0	512	5468
4F	45E1	512	5468
4F	45E2	512	5468
4F	45E4	8	5468
4F	45E6	512	5468
4F	45E7	512	5468
4F	45E8	512	5468
4F	45EA	32	5468
4F	45EB	32	5468
4F	45EC	32	5468
4F	45EE	32	5468
4F	45EF	32	5468
4F	45F1	32	5468
4F	45F2	32	5468
4F	45F3	32	5468
4F	45F5	32	5468
4F	45F6	32	5468
4F	45F7	32	5468
4F	45F8	32	5468
4F	45FA	8	5468
4F	45FC	8	5468
4F	45FD	8	5468
4F	45FF	8	5468
4F	4601	8	5468
4F	4603	8	5468
4F	4717	1	8
4F	4718	1	8
4F	4719	1	8
4F	471A	1	8
4F	471C	1	8
4F	471E	1	8
4F	4720	1	8
4F	4722	1	8
4F	4724	1	8
4F	4726	1	8
4F	4728	1	8
4F	472A	1	8
4F	472C	1	8
4F	472E	1	8
4F	4731	1	8
4F	4734	1	8
4F	4735	1	8
4F	4738	1	8
4F	473B	1	8
4F	473E	1	8
4F	473F	1	8
4F	4742	1	8
4F	4744	1	8
4F	4746	1	8
4F	4749	1	8
4F	474C	1	8
4F	474D	1	8
4F	4750	1	10
4F	4752	1	10
4F	4754	6	10
4F	4755	6	10
4F	4757	6	10
4F	475A	6	10
4F	475D	6	10
4F	475E	6	10
4F	4761	6	11
4F	4762	6	11
4F	4763	6	11
4F	4765	1	14
4F	4766	1	14
4F	4768	1	14
4F	476A	1	14
4F	476D	1	14
4F	4770	1	14
4F	4771	1	14
4F	4774	1	15
4F	4776	1	15
4F	4778	1	15
4F	477A	1	15
4F	477C	1	15
4F	477E	1	15
4F	4780	1	16
4F	4783	1	16
4F	4786	1	16
4F	4789	1	16
4F	478A	1	16
4F	478D	1	16
4F	4793	1	16
4F	4796	1	16
4F	4798	1	16
4F	479A	1	16
4F	479B	1	16
4F	479D	1	16
4F	479F	1	16
4F	47A1	1	16
4F	47A2	1	16
4F	47A3	1	17
4F	47A4	1	17
4F	47A5	1	17
4F	47A7	1	17
4F	47A9	1	17
4F	47AC	1	17
4F	47AF	1	17
4F	47B2	1	17
4F	47B5	1	17
4F	47B6	1	17
4F	47B9	1	17
4F	47BC	1	17
4F	47BF	1	17
4F	47C0	1	17
4F	47C3	1	17
4F	47C6	1	17
4F	47C7	1	17
4F	47C8	1	17
4F	47CB	1	17
4F	47CE	1	17
4F	47D1	1	17
4F	47D2	1	17
4F	47D4	1	17
4F	47D6	1	17
4F	47D8	1	17
4F	47D9	1	17
4F	47DA	1	17
4F	47DC	1	17
4F	47DE	6	17
4F	47DF	6	17
4F	47E1	6	17
4F	47E2	6	17
4F	47E5	6	17
4F	47E8	6	17
4F	47EB	6	18
4F	47EE	6	18
4F	47EF	6	18
4F	47F0	6	18
4F	47F2	1	22
4F	47F3	1	22
4F	47F6	1	22
4F	47FC	1	22
55	5BA2	12	3837
55	5BA5	12	3837
55	5BA6	12	3837
55	5BA9	12	3837
55	5BAA	12	3837
55	5BAD	12	3837
55	5BAF	12	3837
55	5BB1	12	3837
55	5BB7	12	3837
55	5BB8	12	3837
55	5BBB	12	3837
55	5BBE	12	3837
55	5BC1	12	3837
55	5BC2	12	3837
55	5BC3	12	3837
55	5BC5	12	3837
55	5BC6	12	3837
55	5BC7	12	3837
55	5BC8	12	3837
55	5BCB	12	3837
55	5BCD	12	3837
55	5BD0	12	3837
55	5BD3	12	3837
55	5BD6	12	3837
55	5BD8	12	3837
55	5BDB	12	3837
55	5BDD	12	3837
55	5BDF	12	3837
55	5BE1	12	3837
55	5BE2	12	3837
55	5BE4	12	3837
55	5BE6	12	3837
55	5BE7	12	3837
55	5BE8	12	3837
55	5BE9	12	3837
55	5BEA	12	3837
55	5BEC	12	3837
55	5BEE	12	3837
55	5BF0	12	3837
55	5BF2	12	3837
55	5BF4	12	3837
55	5BF7	12	3837
55	5BFA	12	3837
55	5BFC	12	3837
55	5BFE	12	3837
55	5C00	12	3837
55	5C06	12	3838
55	5C09	12	3838
55	5C0C	12	3838
55	5C0F	12	3838
55	5C11	12	3838
55	5C17	12	3838
55	5C1A	12	3838
55	5C1D	12	3838
55	5C1E	12	3838
55	5C21	12	3838
55	5C24	12	3838
55	5C27	12	3838
55	5C2A	12	3838
55	5C2C	12	3838
55	5C32	12	3838
55	5C34	12	3838
55	5C36	12	3838
55	5C37	12	3838
55	5C39	12	3838
55	5C3B	12	3838
55	5C3D	12	3838
55	5C3F	12	3838
55	5C42	12	3839
55	5C45	12	3839
55	5C4B	12	3839
55	5C4C	12	3839
55	5C4F	12	3839
55	5C51	12	3839
55	5C52	12	3839
55	5C54	12	3839
55	5C56	12	3839
55	5C58	12	3839
55	5C5A	12	3839
55	5C5D	12	3839
55	5C5F	12	3839
55	5C71	12	3839
55	5C73	12	3839
55	5C76	12	3843
55	5C79	12	3843
55	5C7C	12	3843
55	5C7E	12	3843
55	5C80	12	3843
55	5C86	12	3843
55	5C88	12	3843
55	5C8B	12	3843
55	5C8E	12	3843
55	5C8F	48	3843
55	5C90	48	3843
55	5C93	48	3843
55	5C95	48	3843
55	5C98	48	3843
55	5C9B	48	3843
55	5C9D	48	3843
55	5CA3	48	3843
55	5CA4	48	3843
55	5CA7	48	3843
55	5CAA	48	3843
55	5CAC	48	3843
55	5CAF	48	3843
55	5CB2	48	3843
55	5CB4	48	3843
55	5CB6	48	3843
55	5CB8	48	3843
55	5CBA	36	3896
55	5CDD	12	3843
55	5CE0	48	3855
55	5CE3	48	3855
55	5CE6	48	3855
55	5CE7	48	3855
55	5D05	48	3855
55	5D07	48	3855
55	5D0A	48	3855
55	5D0D	48	3855
55	5D10	48	3855
55	5D13	48	3855
55	5D15	48	3855
55	5D36	48	3855
55	5D39	48	3855
55	5D3B	48	3855
55	5D49	12484	3855
55	5D4C	12484	3856
55	5D52	12484	3856
55	5D58	12484	3856
55	5D5B	12484	3856
55	5D5E	12484	3856
55	5D5F	12484	3856
55	5D66	12484	3856
55	5D69	12484	3856
55	5D6C	12484	3856
55	5D6E	12484	3856
55	5D76	12484	3856
55	5D78	12484	3856
55	5D7A	12484	3856
55	5D7C	12436	3856
55	5D7E	12436	3856
55	5D80	12436	3856
55	5D82	12436	3856
55	5D84	12420	3856
55	5D86	12420	3856
55	5D88	12404	3856
55	5D8A	12404	3856
55	5D8C	12372	3856
55	5D8E	12372	3856
55	5D90	12307	3856
55	5D92	12307	3856
55	5D94	12295	3856
55	5D96	12295	3856
55	5D98	12295	3856
55	5D9A	48	3872
55	5DA0	32	8184
55	5DA2	32	8184
55	5DA5	32	8184
55	5DA8	32	8184
55	5DAB	65	7606
55	5DAD	65	7606
55	5DB0	65	7606
55	5DB3	65	7606
55	5DB6	16	8116
55	5DB8	16	8116
55	5DBB	16	8116
55	5DBE	16	8116
55	5DC1	16	7810
55	5DC3	16	7810
55	5DC6	16	7810
55	5DC9	16	7810
55	5DCC	12	3906
55	5DCF	12	3906
55	5DD2	12	3906
55	5DD3	12	3906
55	5DD4	12	3906
55	5DD6	12	3906
55	5DD7	12	3906
55	5DD8	12	3906
55	5DD9	12	3906
55	5DDC	12	3906
55	5DDF	12	3906
55	5DE2	12	3906
55	5DE4	12	3906
55	5DE5	12	3906
55	5DE7	12	3906
55	5DE9	12	3906
55	5DEC	12	3906
55	5DEF	12	3906
55	5DF0	12	3906
55	5DF2	12	3906
55	5E5A	141	3906
55	5E5D	48	3872
55	5E60	48	3872
55	5E61	48	3872
55	5E63	48	3872
55	5E65	48	3872
55	5E67	48	3872
55	5E69	36	3872
55	5E99	12	3980
55	5E9A	12	3980
55	5E9C	12	3980
55	5E9E	12	3980
55	5EA0	12	3980
55	5EA2	12	3980
55	5EA4	12	3980
55	5EB9	12	3980
55	5EBC	12	3980
55	5EBD	12	3980
55	5ED3	12	3980
55	5ED6	12	3980
55	5ED9	12	3980
55	5EDA	12	3980
55	5EDC	12	3980
55	5EDD	12	3980
55	5EE0	12	3993
55	5EE2	12	3993
55	5EE5	12	3993
55	5F09	36	3872
55	5F0C	36	3872
55	5F0E	36	3872
55	5F17	36	3872
55	5F19	36	3872
55	5F23	12	3993
55	5F25	12	3993
55	5F35	189	3855
55	5F38	189	3855
55	5F3B	189	3855
55	5F3C	189	3855
55	5F3D	189	3855
55	5F3E	189	3855
55	5F40	189	3855
55	5F41	189	3855
55	5F42	189	3855
55	5F43	189	3855
55	5F44	189	3855
55	5F45	189	3855
55	5F48	189	3855
55	5F49	189	3855
55	5F4A	189	3855
55	5F4B	189	3855
55	5F4D	189	3855
55	5F4E	189	3855
55	5F4F	189	3855
55	5F50	189	3855
55	5F51	189	3855
55	5F52	189	3855
55	5F55	189	3855
55	5F57	189	3855
55	5F58	189	3855
55	5F59	189	3855
55	5F5A	189	3855
55	5F5D	189	3855
55	5F5E	189	3855
55	5F5F	189	3855
55	5F60	189	3855
55	5F61	189	3855
55	5F62	189	3855
55	5F65	189	3855
55	5F66	129	7606
55	5F67	129	7606
55	5F69	129	7606
55	5F6A	129	7606
55	5F6C	129	7606
55	5F6E	129	7606
55	5F71	129	7606
55	5F74	129	7606
55	5F75	129	7606
55	5F77	129	7606
55	5F78	129	7606
55	5F7B	129	7606
55	5F7C	129	7606
55	5F7F	129	7606
55	5F81	129	7606
55	5F82	129	7606
55	5F84	129	7606
55	5F86	129	7606
55	5F89	129	7606
55	5F8A	129	7606
55	5F8B	129	7606
55	5F8E	129	7606
55	5F91	129	7606
55	5F92	129	7606
55	5F93	129	7606
55	5F94	129	7606
55	5F96	129	7606
55	5F97	129	7606
55	5F98	129	7606
55	5F99	129	7606
55	5F9A	129	7606
55	5F9B	129	7606
55	5F9C	129	7606
55	5F9E	129	7606
55	5F9F	129	7606
55	5FA0	129	7606
55	5FA1	129	7606
55	5FA2	129	7606
55	5FA4	129	7606
55	5FA5	129	7606
55	5FA6	129	7606
55	5FA9	129	7606
55	5FAA	129	7606
55	5FAD	129	7606
55	5FAE	129	7606
55	5FAF	129	7606
55	5FB0	129	7606
55	5FB1	129	7606
55	5FB2	129	7606
55	5FB3	129	7606
55	5FB5	129	7606
55	5FB6	129	7606
55	5FB7	129	7606
55	5FBA	129	7606
55	5FBB	129	7606
55	5FBC	129	7606
55	5FBE	129	7606
55	5FBF	129	7606
55	5FC1	129	7606
55	5FC3	129	7606
55	5FC4	129	7606
55	5FC5	129	7606
55	5FC6	129	7606
55	5FC7	129	7606
55	5FD0	32	8184
55	5FD3	32	8184
55	5FD5	32	8184
55	5FF4	65	7606
55	5FF7	65	7606
55	5FF9	65	7606
55	5FFD	16	8116
55	6000	16	8116
55	6002	16	8116
55	6020	16	7810
55	6023	16	7810
55	6025	16	7810
55	602E	129	7606
55	6031	129	7606
55	6034	129	7606
55	6037	129	7606
55	603A	129	7606
55	603D	129	7606
55	6040	129	7606
55	6068	129	7606
55	606B	129	7606
55	606D	129	7606
55	606F	129	7606
55	6071	129	7606
55	6074	129	7606
55	6077	129	7606
55	607A	129	7606
55	607B	129	7606
55	607D	129	7606
55	607E	129	7606
55	6080	129	7606
55	6082	129	7606
55	6083	129	7606
55	6084	129	7606
55	6085	129	7606
55	6086	129	7606
55	608F	32	8184
55	6092	32	8184
55	6094	32	8184
55	6097	32	8184
55	609A	32	8184
55	609C	32	8184
55	609F	32	8184
55	60A0	65	7606
55	60A3	65	7606
55	60A5	65	7606
55	60A8	65	7606
55	60AB	65	7606
55	60AD	65	7606
55	60B0	65	7606
55	60B1	16	8116
55	60B4	16	8116
55	60B6	16	8116
55	60B9	16	8116
55	60BC	16	8116
55	60BE	16	8116
55	60C1	16	8116
55	60C2	16	7810
55	60C5	16	7810
55	60C7	16	7810
55	60CA	16	7810
55	60CD	16	7810
55	60CF	16	7810
55	60D2	16	7810
55	6149	318	3855
55	614C	318	3855
55	614E	606	3855
55	6150	606	3855
55	6152	288	3906
55	6153	288	3906
55	6155	318	3855
55	6157	318	3855
55	615A	318	3855
55	615B	318	3855
55	615E	318	3855
55	617B	12	3843
55	617D	12	3843
55	6180	12	3843
55	6183	12	3843
55	6190	189	3855
55	6193	189	3855
55	6196	189	3855
55	6199	189	3855
55	619A	189	3855
55	619B	189	3855
55	619C	189	3855
55	619E	189	3855
55	619F	189	3855
55	61A0	189	3855
55	61A1	189	3855
55	61A2	189	3855
55	61A3	189	3855
55	61A6	189	3855
55	61A7	189	3855
55	61A9	189	3855
55	61AB	177	3855
55	61AC	177	3855
55	61AF	177	3855
55	61B2	177	3855
55	61B4	177	3855
55	61B6	177	3855
55	61BC	177	3855
55	61BD	177	3855
55	61BF	12	3906
55	61C0	12	3906
55	61C3	12	3906
55	61C6	12	3906
55	61C8	12	3906
55	61CA	12	3906
55	61D0	12	3906
55	61D1	12	3906
55	61D4	12	3906
55	61D7	12	3906
55	61D8	12	3906
55	61D9	12	3906
55	61DA	12	3906
55	61DC	12	3906
55	61DD	12	3906
55	61DE	12	3906
55	61DF	12	3906
55	61E0	12	3906
55	61E1	12	3906
55	61E4	12	3906
55	61E6	12	3906
55	61E7	12	3906
55	61E8	12	3906
55	61E9	12	3906
55	61EA	12	3906
55	61EC	12	3906
55	61ED	12	3906
55	61EE	12	3906
55	61EF	12	3906
55	61F0	12	3906
55	61F1	12	3906
55	61F2	12	3906
55	61F3	12	3906
55	61F4	12	3906
55	61F5	12	3906
55	61F6	189	3855
55	61F9	189	3855
55	61FB	189	3855
55	61FD	189	3855
55	61FF	189	3855
55	6201	189	3855
55	6202	189	3855
55	6203	189	3855
55	6206	189	3855
55	6208	189	3855
55	620A	189	3855
55	620C	189	3855
55	620D	189	3855
55	620E	189	3855
55	620F	189	3855
55	6212	189	3855
55	6213	189	3855
55	6216	189	3855
55	6219	189	3855
55	621B	189	3855
55	621D	12	3906
55	621F	12	3906
55	6221	12	3906
55	6222	12	3906
55	6224	12	3906
55	6226	12	3906
55	6228	12	3906
55	622A	12	3906
55	622B	12	3906
55	622E	12	3906
55	622F	12	3906
55	6232	12	3906
55	6234	12	3906
55	6235	12	3906
55	6237	12	3906
55	6239	12	3906
55	623B	189	3855
55	623E	189	3855
55	6240	189	3855
55	6242	12	3906
55	6245	12	3906
55	6247	12	3906
55	624F	12	3906
55	6252	12	3906
55	6255	12	3906
55	6257	12	3906
55	6259	12	3906
55	625F	12	3906
55	6271	12	3906
55	6273	12	3906
55	6275	12	3906
55	6276	12	3906
55	6278	12	3906
55	627A	12	3906
55	627C	12	3906
55	627E	12	3906
55	6281	12	3906
55	6283	12	3906
55	6286	12	3906
55	6289	12	3906
55	628B	12	3906
55	628E	12	3906
55	6290	12	3906
55	6291	12	3906
55	6293	12	3906
55	6295	12	3906
55	6297	12	3906
55	6299	177	3855
55	629C	177	3855
55	629F	189	3855
55	6318	12	3843
55	631B	12	3844
55	631D	12	3844
55	631F	12	3844
55	6321	12	3844
55	6322	12	3844
55	6325	12	3844
55	6327	12	3844
55	6328	12	3844
55	632A	12	3844
55	632C	12	3844
55	632F	12	3844
55	6332	12	3844
55	6333	12	3844
55	6335	12	3844
55	6338	12	3844
55	633B	12	3844
55	633E	12	3844
55	6340	12	3844
55	6348	12	3844
55	634A	12	3844
55	634C	6	4620
55	6352	12	3844
55	6354	12	3844
55	6356	6	3844
55	635C	12	3844
55	635E	12	3844
55	6366	132	3844
55	6369	132	3844
55	636B	132	3844
55	6386	132	3844
55	6389	132	3844
55	638B	132	3844
55	639A	132	3844
55	639C	132	3844
55	639E	66	4620
55	639F	66	4620
55	63A2	66	4621
55	63A3	66	4621
55	63A9	66	4621
55	63AB	66	3844
55	63AD	66	3844
55	63AF	66	3844
55	63B0	66	3844
55	63B3	66	3845
55	63B4	66	3845
55	63BA	66	3845
55	63D2	132	3845
55	63D5	132	3845
55	63D6	132	3845
55	63D8	132	3845
55	63D9	132	3845
55	63DA	132	3845
55	63DD	132	3845
55	63DE	132	3845
55	63DF	132	3845
55	63E0	132	3845
55	63E3	12	3855
55	63E6	12	3855
55	640E	12	3844
55	6411	12	3844
55	6414	12	3844
55	6415	12	3844
55	6416	12	3844
55	6418	12	3844
55	6419	12	3844
55	641A	12	3844
55	641B	12	3844
55	6427	12	3980
55	642A	12	3980
55	642D	12	3980
55	6430	12	3980
55	6433	12	3980
55	6436	12	3980
55	6439	12	3980
55	643C	12	3980
55	643F	12	3980
55	6445	12	3980
55	6448	12	3980
55	644B	12	3980
55	644C	12	3980
55	6453	12	3980
55	6456	12	3981
55	6458	12	3981
55	645A	12	3981
55	645B	12	3981
55	645D	12	3981
55	645E	12	3981
55	6460	12	3981
55	6462	12	3981
55	6465	12	3981
55	6468	12	3981
55	6469	12	3981
55	646B	12	3981
55	646E	12	3981
55	6470	12	3981
55	6478	12	3981
55	647A	12	3981
55	647C	6	5391
55	6482	12	3981
55	6484	12	3981
55	6486	6	3981
55	648C	12	3981
55	648E	12	3981
55	6496	132	3981
55	6499	132	3981
55	649B	132	3981
55	64B6	132	3981
55	64B9	132	3981
55	64BB	132	3981
55	64CA	132	3981
55	64CC	132	3981
55	64CE	66	5391
55	64CF	66	5391
55	64D2	66	5392
55	64D3	66	5392
55	64D9	66	5392
55	64DB	66	3981
55	64DD	66	3981
55	64DF	66	3981
55	64E0	66	3981
55	64E3	66	3982
55	64E4	66	3982
55	64EA	66	3982
55	6502	132	3982
55	6505	132	3982
55	6506	132	3982
55	6508	132	3982
55	6509	132	3982
55	650B	132	3982
55	650E	12	3992
55	6511	12	3993
55	6513	12	3993
55	6515	12	3993
55	6517	12	3993
55	6518	12	3993
55	651B	12	3993
55	66C6	12	3839
55	66C8	12	3839
55	66CB	12	3839
55	66CE	12	3839
55	66CF	12	3839
55	66D0	12	3839
55	66D1	12	3839
55	66D3	12	3839
55	66D4	12	3839
55	66D5	12	3839
55	66D6	12	3839
55	66D7	12	3839
55	66D8	12	3839
55	696B	6	4615
55	696E	6	4615
55	6971	6	4615
55	6972	6	4615
55	6973	6	4615
55	6974	6	4615
55	6976	6	4615
55	6977	6	4615
55	6978	6	4615
55	6979	6	4615
55	697A	6	4615
55	697B	6	4615
55	6984	6	4615
55	6987	6	4615
55	698A	6	4615
55	698C	6	4615
55	698E	6	4615
55	6990	6	4615
55	6996	6	4616
55	6999	6	4616
55	699C	6	4616
55	699E	6	4616
55	69A0	6	4616
55	69A2	6	4616
55	69A8	6	4617
55	69AB	6	4617
55	69AE	6	4617
55	69B0	6	4617
55	69B2	6	4617
55	69B4	6	4617
55	69BA	6	4618
55	6A65	6	4618
55	6A67	6	4618
55	6A68	6	4618
55	6A69	6	4618
55	6A6C	6	4618
55	6A6F	6	4618
55	6A72	6	4618
55	6A74	6	4618
55	6A7A	6	4618
55	6A7D	6	4619
55	6A7E	6	3839
55	6A81	6	3839
55	6A84	6	3839
55	6A86	6	3839
55	6A88	6	3839
55	6A8A	6	3839
55	6A90	6	3840
55	6A93	6	3840
55	6A96	6	3840
55	6A98	6	3840
55	6A9A	6	3840
55	6A9C	6	3840
55	6AA2	6	3841
55	6AA5	6	3841
55	6AA8	6	3841
55	6AAA	6	3841
55	6AAC	6	3841
55	6AAE	6	3841
55	6AB4	6	3842
55	6AB7	6	3842
55	6ABA	6	3842
55	6ABD	6	3842
55	6ABF	6	3842
55	6AC5	6	3842
55	6AC8	6	3843
55	6AF0	12	3842
55	6AF2	12	3842
55	6AF4	12	3842
55	6AF5	12	3842
55	6AF7	12	3842
55	6AF9	12	3842
55	6AFB	12	3842
55	6AFD	12	3842
55	6AFF	12	3842
55	6B01	12	3842
55	6B03	12	3842
55	6B05	12	3842
55	6B06	12	3842
55	6B08	12	3842
55	6B0A	12	3842
55	6B0C	12	3842
55	6B0F	12	3842
55	6B12	12	3842
55	6B15	12	3842
55	6B16	12	3842
55	6B21	12	3842
55	6B27	12	3843
55	6B28	12	3843
55	6B2A	12	3843
55	6B2C	12	3843
55	6B2F	12	3843
55	6B32	12	3843
55	6B35	12	3843
55	6B36	12	3843
55	6B41	12	3843
55	6B47	12	3843
55	6B49	12	3843
55	6B4A	12	3843
55	6B4C	12	3843
55	6B4E	12	3843
55	6B50	12	3843
55	6BB2	12	3855
55	6BB5	12	3855
55	6BB8	12	3855
55	6BB9	12	3855
55	6BBA	6	4631
55	6BBD	6	4631
55	6BBE	6	4631
55	6BBF	6	4631
55	6BC2	6	4631
55	6BC5	6	4631
55	6BC7	6	4631
55	6BCD	6	4631
55	6BD0	6	4631
55	6BD3	6	4631
55	6BD6	6	4631
55	6C10	189	3855
55	6C12	189	3855
55	6C15	189	3855
55	6C16	12484	3855
55	6C19	12484	3855
55	6C1A	12484	3855
55	6C1B	189	3855
55	6C1E	189	3855
55	6C1F	189	3855
55	6C20	189	3855
55	6C22	30	3906
55	6C24	30	3906
55	6C26	30	3906
55	6C28	159	3855
55	6C29	159	3855
55	6C2A	159	3855
55	6C2D	159	3855
55	6C45	30	3906
55	6C46	30	3906
55	6C47	30	3906
55	6C48	189	3855
55	6C4B	189	3855
55	6C4C	189	3855
55	6C4F	189	3855
55	6C50	189	3855
55	6C53	189	3855
55	6C54	189	3855
55	6C57	189	3855
55	6C58	189	3855
55	6C59	189	3855
55	6C5F	189	3855
55	6C61	189	3855
55	6C63	189	3855
55	6C65	189	3855
55	6C66	189	3855
55	6C68	189	3855
55	6C6A	189	3855
55	6C6C	189	3855
55	6C6E	189	3855
55	6C71	189	3855
55	6C74	189	3855
55	6C77	189	3855
55	6C7A	189	3855
55	6C7C	189	3855
55	6C7D	189	3855
55	6C7F	189	3855
55	6C81	189	3855
55	6C83	189	3855
55	6C89	189	3855
55	6C8B	189	3855
55	6C8D	189	3855
55	6C8E	189	3855
55	6C90	189	3855
55	6C92	189	3855
55	6C94	189	3855
55	6C96	189	3855
55	6C99	189	3855
55	6C9C	189	3855
55	6C9E	189	3855
55	6CA0	189	3855
55	6CA3	189	3855
55	6CA6	189	3855
55	6CA7	189	3855
55	6CB2	189	3855
55	6CB8	189	3856
55	6CBA	189	3856
55	6CBB	189	3856
55	6CBD	189	3856
55	6CBF	189	3856
55	6CC1	189	3856
55	6CC2	189	3856
55	6CC5	189	3856
55	6CC6	159	3855
55	6CC8	159	3855
55	6CCA	159	3855
55	6CCB	159	3855
55	6CCC	159	3855
55	6CCF	159	3855
55	6CD0	159	3855
55	6CD1	159	3855
55	6CD2	159	3855
55	6CD3	159	3855
55	6E94	12	3855
55	6E97	12	3855
55	6E98	12	3855
55	6E99	12	3855
55	6E9B	12	3855
55	6E9C	12	3855
55	6E9D	12	3855
55	6E9E	12	3855
55	6EC0	48	3855
55	6EC3	48	3855
55	6EC4	48	3855
55	6EC5	48	3855
55	6EC7	48	3855
55	6EC8	48	3855
55	6EC9	48	3855
55	6ECA	48	3855
55	6ED6	12	3838
55	6ED9	12	3838
55	6EDA	12	3838
55	6EDB	12	3838
55	6EDD	12	3838
55	6EDE	12	3838
55	6EDF	12	3838
55	6EE0	12	3838
55	6F02	12	3980
55	6F05	12	3980
55	6F06	12	3980
55	6F07	12	3980
55	6F09	12	3980
55	6F0A	12	3980
55	6F0B	12	3980
55	6F0C	12	3980
55	6F2E	12709	3842
55	6F2F	12709	3842
55	6F32	12709	3842
55	6F33	12709	3842
55	6F34	12709	3842
55	6F36	12709	3842
55	6F37	12709	3842
55	6F38	12709	3842
55	6F39	12709	3842
55	6F3A	12709	3842
55	7007	12	3837
55	7008	12	3837
55	700A	10	6971
55	700D	10	6971
55	700E	2	3837
55	7011	2	3837
55	7013	2	3837
55	7015	2	3837
55	7016	2	3837
55	7018	2	3837
55	701A	2	3837
55	701C	2	3837
55	701D	2	3837
55	701F	2	3837
55	7021	2	3837
55	7023	2	3837
55	7026	2	3837
55	7028	2	3837
55	702A	2	3837
55	702D	2	3837
55	702E	2	3837
55	702F	2	3837
55	7031	2	3837
55	7032	2	3837
55	7034	2	3837
55	7037	2	3837
55	7039	2	3837
55	703B	2	3837
55	703C	2	3837
55	703E	2	3837
55	7041	2	3837
55	7043	2	3837
55	7044	2	3837
55	7047	2	3837
63	4000	226	2534
63	4001	226	2534
63	4002	226	2534
63	4003	226	2534
63	4004	226	2534
63	4005	226	2534
63	4007	226	2534
63	4008	226	2534
63	400A	226	2534
63	400C	226	2534
63	400E	226	2534
63	4010	226	2534
63	4012	226	2534
63	4014	226	2534
63	4017	226	2534
63	4018	226	2534
63	4019	226	2534
63	401A	226	2534
63	401B	226	2534
63	401C	226	2534
63	401D	226	2534
63	401E	226	2534
63	401F	226	2534
63	4020	226	2534
63	4021	226	2534
63	4023	226	2534
63	4024	226	2534
63	4026	226	2534
63	4028	226	2534
63	4029	226	2534
63	402A	226	2534
63	402B	226	2534
63	402C	226	2534
63	403D	145	2534
63	403F	145	2534
63	4041	145	2534
63	4061	54	2534
63	4063	54	2534
63	4065	54	2534
63	4067	27	2534
63	4069	27	2534
63	406B	27	2534
63	406D	226	2534
63	406E	226	2534
63	406F	226	2534
63	4070	226	2534
63	4071	226	2534
65	4000	1	17
65	4003	1	22
65	4009	1	22
65	400F	1	22
65	4015	1	22
65	4016	1	22
65	4019	1	22
65	401C	1	22
65	401D	1	22
65	401E	1	22
65	4021	1	22
65	4022	1	22
65	4023	1	22
65	4024	1	22
65	4025	1	22
65	4026	1	22
65	4029	1	22
65	402F	1	324
65	4030	1	324
65	4032	1	324
65	4033	1	324
65	4035	1	324
65	4037	1	324
65	4038	1	324
65	4039	1	324
65	403A	1	324
65	403B	1	324
65	4078	1	324
65	407E	1	324
65	407F	1	324
65	4081	1	324
65	4082	1	324
65	4084	1	324
65	4086	1	324
65	4087	1	324
65	4088	1	324
65	4089	1	324
65	408A	1	324
65	408B	1	324
65	416C	1	324
65	4172	1	326
65	4174	1	326
65	4176	1	326
65	417C	1	326
65	417D	1	326
65	417F	1	326
65	4185	1	327
65	4186	1	327
65	4188	1	327
65	41A7	1	327
65	41A9	1	327
67	6369	1	23
67	636B	1	23
67	636D	1	23
67	6373	1	23
67	6379	1	23
67	637C	1	23
67	637F	1	23
67	6381	1	23
67	6383	1	23
67	6385	1	23
67	638B	1	24
67	638E	1	24
67	6391	1	24
67	6393	1	24
67	6395	1	24
67	6397	1	24
67	639D	1	25
67	63A0	1	25
67	63A3	1	25
67	63A5	1	25
67	63A7	1	25
67	63A9	1	25
67	63AF	1	26
67	63B2	1	26
67	63B5	1	26
67	63B8	1	26
67	63BA	1	26
67	63C0	1	26
67	63C3	1	26
67	63C6	1	26
67	63C9	1	26
67	63CB	1	26
67	63D1	1	26
67	63D4	1	26
67	63D7	1	26
67	63DA	1	26
67	63DC	1	26
67	63E2	1	26
67	63E5	1	26
67	63E8	1	26
67	63EA	1	26
67	63EC	1	26
67	63F2	1	26
67	63F5	1	26
67	63F8	1	26
67	63FB	1	26
67	63FD	1	26
67	6400	1	27
67	6401	1	22
67	6404	1	27
67	640A	1	43
67	640C	1	43
67	640D	1	43
67	640F	1	43
67	6411	1	43
67	6414	1	43
67	6417	1	43
67	6418	1	43
67	641A	1	43
67	641D	1	308
67	6423	1	323
67	6425	1	323
67	6426	1	323
67	6428	1	323
67	642A	1	323
67	642D	1	323
67	642E	1	323
67	6430	1	323
67	6433	1	324
67	6436	1	324
67	6437	1	22
67	6439	1	22
67	643B	1	22
67	6441	1	22
67	6447	1	23
67	644D	1	27
67	644E	1	43
67	644F	1	43
67	6452	265	43
67	6458	265	43
67	645B	265	44
67	645D	265	44
67	645F	265	44
67	6460	265	44
67	6462	265	44
67	6464	265	44
67	6466	265	44
67	6468	265	44
67	646B	265	44
67	646C	265	44
67	646E	265	44
67	646F	265	44
67	6471	265	44
67	6473	265	44
67	6475	265	44
67	6476	265	44
67	6477	265	44
67	6479	186	63
67	647B	186	63
67	647D	60	83
67	6480	60	83
67	6481	60	83
67	6483	3	83
67	6485	3	83
67	6486	3	83
67	6488	3	83
67	648A	3	83
67	648D	3	83
67	6490	3	83
67	6491	3	83
67	6493	3	83
67	6495	3	83
67	6498	3	83
67	649A	79	44
67	649B	79	44
67	649E	265	44
67	64A1	265	44
67	64A2	265	44
67	64A4	265	44
67	64A5	265	44
67	64A7	265	44
67	64A9	265	44
67	64AA	265	44
67	64AB	265	44
67	64AC	265	44
67	64AD	265	44
67	64B4	1	44
67	64B7	1	44
67	64BA	1	44
67	64BC	1	44
67	64BF	1	44
67	64C1	1	44
67	64C4	1	44
67	64C7	126	45
67	64CA	126	45
67	64CC	126	45
67	64CF	126	45
67	64D1	126	45
67	64D4	1	170
67	64D6	1	170
67	64D8	1	170
67	64DB	1	170
67	64DD	1	170
67	64DF	1	170
67	64E2	1	170
67	64E5	1	170
67	64E8	1	170
67	64EA	1	170
67	64ED	1	170
67	64EF	1	170
67	64F2	1	170
67	64F5	138	171
67	64F8	138	171
67	64FA	138	171
67	64FD	138	171
67	64FF	138	171
67	6502	1	308
67	6503	1	308
67	6505	1	308
67	6508	1	308
67	650A	1	308
67	650D	1	308
67	6513	1	308
67	6514	1	308
67	6516	1	308
67	6518	1	308
67	651C	1	308
67	651F	1	308
68	431A	1	308
68	431C	1	308
68	431E	1	308
68	4321	1	308
68	4323	1	308
68	4325	1	308
68	4326	1	308
68	4328	1	308
68	432A	1	308
68	432C	1	308
68	432F	1	308
68	4332	1	308
68	4334	1	308
68	4336	1	308
68	4339	1	308
68	433B	1	308
68	433D	1	308
68	4340	1	308
68	4342	1	308
68	4345	1	308
68	4348	1	308
68	434A	1	308
68	434C	1	308
68	434F	1	308
68	4350	1	308
68	4352	1	308
68	4354	1	308
68	4355	1	308
68	4357	1	308
68	435A	1	308
68	435C	1	308
68	435D	1	308
68	435F	1	308
68	4362	1	308
68	4364	1	308
68	459A	1	308
68	459C	1	308
68	459E	1	308
68	45A1	1	308
68	45A3	1	308
68	45A5	1	308
68	45A6	1	308
68	45A8	1	308
68	45AA	1	308
68	45AC	1	308
68	45AF	1	308
68	45B2	1	308
68	45B5	1	308
68	45B7	190	308
68	45B8	190	308
68	45B9	190	308
68	45BA	190	308
68	45BC	190	308
68	45BD	190	308
68	45BE	190	308
68	45BF	190	308
68	45C1	1	308
68	45C2	1	308
68	45C3	1	308
68	45C4	1	308
68	45C5	1	308
68	45C6	1	308
68	45C8	1	308
68	45C9	1	308
68	45CA	1	308
68	45CC	1	308
68	45CE	1	308
68	45CF	1	308
68	45D1	1	308
68	45D4	1	308
68	45D6	1	308
68	45D7	1	308
68	45D9	1	308
68	45DC	1	308
68	45DE	1	308
68	4870	1	324
68	4873	1	324
68	4874	1	324
68	4876	1	324
68	4877	1	324
68	4879	1	324
68	487B	1	324
68	487C	1	324
68	487D	1	324
68	487E	1	324
68	487F	1	324
68	4880	1	324
68	4883	1	324
68	4885	1	324
68	4887	1	324
68	4888	1	324
68	488A	1	324
68	488C	1	324
68	488E	1	324
68	488F	1	324
68	4891	1	324
68	4893	1	324
68	4895	1	324
68	4898	1	324
68	489A	1	324
68	489C	1	324
68	489F	1	324
68	48A0	1	324
68	48A1	1	324
68	48A3	1	324
68	48A4	1	324
68	48A6	1	324
68	48A9	1	324
68	48AB	1	324
68	48AD	1	324
68	48AE	1	324
68	48B0	1	324
68	48B3	1	324
68	48B5	1	324
68	48B6	1	324
68	48B8	1	324
68	48BA	1	324
68	48BC	1	324
68	48BE	1	324
68	48C0	1	324
68	48C2	1	324
68	48CE	1	324
68	48D0	1	324
68	48DE	1	324
68	48E1	1	324
68	48E4	1	324
68	48E5	1	324
68	48ED	1	324
68	48F0	1	324
68	48F2	1	324
68	4950	1	324
68	4952	1	324
68	4954	1	324
68	4955	1	324
68	4957	1	324
68	4959	1	324
68	495B	1	324
68	495E	1	324
68	4960	1	324
68	4962	1	324
68	4963	1	324
68	4965	1	324
68	4967	1	324
68	4969	1	324
68	496C	1	324
68	496D	1	324
68	4970	1	324
68	4973	1	324
68	4974	1	324
68	4975	1	324
68	4976	1	324
68	4977	1	324
68	4978	1	324
68	497A	1	324
68	497B	1	324
68	497C	1	324
68	497E	1	324
68	497F	1	324
68	4982	1	324
68	4984	1	324
68	4987	1	324
68	4988	1	324
68	498A	1	324
68	498C	1	324
68	49A0	1	324
68	49A2	1	324
68	49A3	1	324
68	49A5	1	324
68	49A8	1	324
68	49AA	1	324
68	49AC	1	324
68	49AD	1	324
68	49AF	1	324
68	49B2	1	324
68	49B4	1	324
68	49B5	1	324
68	49B6	1	324
68	49B8	1	324
68	49BA	1	324
68	49BB	1	324
68	49BD	1	324
68	49BF	1	324
68	49C1	1	324
68	49C4	1	324
68	49C6	1	324
68	49C8	1	324
68	49C9	1	324
68	49CB	1	324
68	49CD	1	324
68	49CF	1	324
68	49D2	1	324
68	49D5	1	324
68	49D8	1	324
68	49DB	1	324
68	49DC	1	324
68	49DD	1	324
68	49DE	1	324
68	49E1	1	324
68	49E4	1	324
68	49E7	1	324
68	49EA	1	324
68	49EC	1	324
68	49ED	1	324
68	49EF	1	324
68	49F2	1	324
68	49F4	1	324
68	49F6	1	324
68	49F7	1	324
68	49F9	1	324
68	49FC	1	324
68	49FE	1	324
68	49FF	2	324
68	4A02	508	324
68	4A03	508	324
68	4A04	508	324
68	4A05	508	324
68	4A07	508	324
68	4A08	508	324
68	4A09	508	324
68	4A0A	508	324
68	4A0B	508	324
68	4A0C	508	324
68	4A0E	2	324
68	4A0F	1	22
68	4A11	1	22
68	4A13	1	22
68	4A14	1	22
68	4A16	1	22
68	4A18	1	22
68	4A1A	1	22
68	4A1D	1	22
68	4A1F	1	22
68	4A21	1	22
68	4A22	1	22
68	4A24	1	22
68	4A26	1	22
68	4A28	1	22
68	4A2B	1	22
68	4A2C	1	22
68	4A2F	1	22
68	4A32	1	22
68	4A35	1	22
68	4A37	1	22
68	4A38	1	22
68	4A3A	1	22
68	4A3D	1	22
68	4A3F	1	22
68	4A41	1	22
68	4A42	1	22
68	4A44	1	22
68	4A47	1	22
68	4A49	1	22
69	40D1	4675	5476
69	40D4	4675	5476
69	40D6	4675	5476
69	40D7	4675	5476
69	414D	4675	5476
69	414E	4675	5476
69	4151	4675	5476
72	4015	8	5465
72	401B	8	5476
72	4021	8	6023
72	4027	8	6029
72	4029	8	6029
72	402A	8	5465
72	402B	8	5465
72	402D	8	5465
72	4030	8	5465
72	4031	8	5465
72	4032	8	5465
72	4033	8	5465
72	4034	8	5465
72	4035	8	5465
72	4037	8	5465
72	4038	8	5465
72	4039	8	5465
72	403A	8	5465
72	403B	8	5465
72	403C	8	5465
72	403E	8	5465
72	4040	8	5465
72	4041	8	5465
72	4043	8	5465
72	4044	8	5465
72	4046	8	5465
72	4048	8	5465
72	404A	8	5465
72	404B	8	5465
72	404C	8	5465
72	404E	8	5465
72	4051	8	5465
72	4057	8	5465
72	405D	8	5466
72	4060	8	5466
72	4063	8	5466
72	4065	8	5466
72	4067	8	5466
72	4069	8	5466
72	406F	8	5467
72	4072	8	5467
72	4075	8	5467
72	4078	8	5467
72	407A	8	5467
72	4080	8	5467
72	4083	8	5467
72	4086	8	5467
72	4089	8	5467
72	408B	8	5467
72	4091	8	5467
72	4094	8	5467
72	4097	8	5467
72	409A	8	5467
72	409C	8	5467
72	40A2	8	5467
72	40A4	8	5467
72	40A6	8	5467
72	40A7	8	5467
72	40A9	8	5467
72	40AB	8	5467
72	40AD	8	5467
72	40AF	8	5467
72	40B2	8	5468
72	40B5	8	5468
72	40BB	8	5468
72	40BC	8	5468
72	40BF	8	5468
72	40C1	8	5468
72	40C2	8	5468
72	40C4	8	5468
72	40C6	8	5468
72	40C8	8	5468
72	40CB	8	5468
72	40CE	8	5468
72	40D0	8	5468
72	40D2	8	5468
72	40D8	8	5468
72	40DB	8	5468
72	40DE	8	5468
72	40E0	8	5468
72	40E3	8	5468
72	40E5	8	5468
72	40E7	8	5468
72	40E9	8	5468
72	40EA	8	5468
72	40EB	8	5468
72	40EC	8	5468
72	40EF	8	5468
72	40F0	8	5468
72	40F2	8	5468
72	40F3	8	5468
72	40F6	8	5468
72	40F9	8	5468
72	40FB	8	5468
72	40FD	8	5468
72	40FF	8	5468
72	4102	8	5468
72	4105	8	5468
72	4106	8	5468
72	4109	8	5468
72	410C	8	5468
72	410F	8	5468
72	4112	8	5468
72	4118	8	5468
72	4119	8	5468
72	411C	8	5468
72	411F	8	5468
72	4122	8	5468
72	4124	8	5468
72	4126	8	5468
72	4128	8	5468
72	412E	8	5468
72	4131	8	5468
72	4134	8	5468
72	4136	8	5468
72	4138	8	5468
72	413A	8	5468
72	4140	8	5469
72	4143	8	5469
72	4146	8	5469
72	4148	8	5469
72	414A	8	5469
72	414C	8	5469
72	4152	8	5470
72	4154	8	5470
72	415A	8	5471
72	415C	8	5471
72	415E	8	5471
72	4160	8	5471
72	4163	8	5471
72	4166	8	5471
72	4169	8	5471
72	416C	8	5471
72	416F	8	5471
72	4172	8	5471
72	4175	8	5471
72	4178	8	5471
72	417B	8	5472
72	417D	8	5472
72	417F	8	5472
72	4181	8	5472
72	4182	8	5472
72	4185	8	5472
72	4187	8	5472
72	4189	8	5472
72	418B	8	5472
72	418D	8	5472
72	4190	8	5472
72	4196	8	5474
72	4198	8	5474
72	419B	8	5475
72	419E	8	5476
72	41A0	8	5476
72	41A2	8	5476
72	41A4	8	5476
72	41A5	8	5476
72	41A8	8	5476
72	41AA	8	5476
72	41AB	8	5476
72	41AD	8	5476
72	41AF	8	5476
72	41B2	8	5476
72	41B5	8	5476
72	41B6	8	5476
72	41B8	8	5476
72	41BB	8	5476
72	41BE	8	5476
72	41C1	8	5476
72	41C4	8	5476
72	41C6	8	5476
72	41C8	8	5476
72	41CE	8	5476
72	41D0	8	5476
72	41D1	8	5476
72	41D3	8	5476
72	41D5	8	5476
72	41D7	8	5476
72	43A7	8	5468
72	43DC	8	5468
72	43DE	8	5468
72	43DF	8	5468
72	43E1	2	30077
72	43E4	2	30077
72	43E7	2	30077
72	43EA	2	30077
72	43EC	6	5468
72	43EF	6	5468
72	43F2	6	5468
72	43F5	6	5468
72	43F7	8	5468
72	43FA	8	5468
72	43FC	8	5468
72	43FF	8	5468
72	4402	8	5468
72	4404	8	5468
72	4424	16	5468
72	4425	16	5468
72	4426	16	5468
72	4427	16	5468
72	4428	16	5468
72	4429	16	5468
72	442A	16	5468
72	442B	16	5468
72	442C	16	5468
72	442D	16	5468
72	442E	16	5468
72	4431	16	5468
72	4432	16	5468
72	4433	16	5468
72	4435	16	5468
72	4436	16	5468
72	4437	16	5468
72	4438	16	5468
72	4439	16	5468
72	443A	16	5468
72	443B	16	5468
72	443C	16	5468
72	443F	16	5468
72	4440	16	5468
72	4442	16	5468
72	4443	16	5468
72	4444	16	5468
72	4445	16	5468
72	4446	16	5468
72	4449	16	5468
72	444A	16	5468
72	444B	16	5468
72	444C	16	5468
72	444D	16	5468
72	444E	16	5468
72	444F	8	6023
72	4452	8	6023
72	4455	8	6023
72	4457	8	6023
72	445A	8	6023
72	445C	8	6023
72	445E	8	6023
72	445F	8	6023
72	4461	8	6023
72	4463	8	6023
72	4465	8	6023
72	4467	8	6023
72	446A	8	6023
72	446D	8	6023
72	4470	8	6023
72	4473	8	6023
72	4476	8	6023
72	4479	8	6023
72	447C	8	6023
72	447F	8	6023
72	4481	8	6023
72	4487	8	6024
72	448A	8	6024
72	448D	8	6024
72	448F	8	6024
72	4492	8	6024
72	4495	8	6025
72	4497	8	6025
72	4499	8	6025
72	449B	8	6025
72	449C	8	6025
72	449F	8	6025
72	44A5	8	6025
72	44A7	8	6025
72	44AA	8	6026
72	44AC	8	6026
72	44AE	8	6026
72	44B0	8	6026
72	44B2	8	6026
72	44B5	8	6026
72	44BB	8	6028
72	44BE	8	6029
72	44C0	8	6029
72	44C2	8	6029
72	44C4	8	6029
72	44C5	8	6029
72	44C8	8	6029
72	44CB	8	6029
72	44CE	8	6029
72	44D1	8	6029
72	44D2	8	6029
72	44D5	8	6029
72	44D6	8	6029
72	44DC	8	6029
72	44DE	8	6029
72	44DF	8	6029
72	44E1	8	6029
72	44E3	8	6029
72	44E5	8	6029
72	4578	4675	5476
72	457E	4675	5476
72	4584	4675	5476
72	4587	4675	5477
72	458D	4675	5477
72	4593	4675	5477
72	45A0	4667	5477
72	45A3	4667	5477
72	45A5	4667	5477
72	45A7	4667	5477
72	45A9	4667	5477
72	45AC	4667	5477
72	45AE	4667	5477
72	45B0	4667	5477
72	45B2	4664	5477
72	45B4	4664	5477
72	45B6	4664	5477
72	45B9	3	31501
72	45BB	3	31501
72	45BC	3	31501
72	45BE	3	31501
72	45C0	3	31501
72	45C3	3	31501
72	45C6	3	31501
72	45C7	3	31501
72	45C9	3	31501
72	45CB	3	31501
72	45CD	3	31501
72	45CF	3	31501
72	45D0	3	31501
72	45D2	2	31501
72	45D5	2	31501
72	45D8	2	31501
72	45DB	2	31501
72	45DE	1	31535
72	45E1	1	31535
72	45E4	1	31535
72	45E7	1	31535
72	45EA	8	6023
72	45EC	8	6023
72	45ED	8	6023
72	45EF	8	6023
72	45F1	8	6023
72	45F4	8	6023
72	45F7	8	6023
72	45F8	8	6023
72	45FA	8	6023
72	45FC	8	6023
72	45FD	8	6023
72	45FF	8	6023
72	472B	8	5465
72	472D	8	5465
72	472F	8	5465
72	4731	8	5465
72	4734	8	5465
72	4737	8	5465
72	473A	8	5465
72	473D	8	5465
72	4740	8	5465
72	4743	8	5465
72	4746	8	5465
72	4767	8	6025
72	4769	8	6025
72	476B	8	6025
72	476D	8	6025
72	4770	8	6025
72	4773	8	6025
72	4776	8	6025
72	4779	8	6025
72	477C	8	6025
72	477F	8	6025
72	4782	8	6025
72	47A3	16	5470
72	47A4	16	5470
72	47A6	16	5470
72	47A8	16	5470
72	47AA	16	5470
72	47AB	16	5470
72	47AD	16	5470
72	47AF	16	5470
72	47B1	16	5470
72	47B2	16	5470
72	47B4	16	5470
72	47B5	16	5470
72	47B8	16	5470
72	47BA	16	5470
72	47BC	16	5470
72	47BF	16	5470
72	47C0	16	5470
72	47C3	16	5471
72	47C4	16	5471
72	47C6	16	5471
72	47C8	16	5471
72	47CB	16	5471
72	47CC	16	5471
72	47CF	16	5471
72	47D0	16	5471
72	47D3	16	5471
72	4805	8	5465
72	4808	8	5466
72	480A	8	5466
72	480C	8	5466
72	480D	8	5466
72	480F	8	5466
72	4811	8	5466
72	4812	8	5466
72	4813	8	5466
72	4814	8	5466
72	4815	8	5466
72	4817	8	5466
72	4819	8	5466
72	481B	8	5466
72	481D	8	5466
72	481F	8	5466
72	4820	8	5466
72	4823	8	5466
72	4824	8	5472
72	4826	8	5472
72	4829	24	5472
72	482A	24	5472
72	482C	24	5472
72	482E	16	5472
72	4831	16	5472
72	4832	16	5472
72	4834	16	5472
72	4837	16	5472
72	4839	16	5472
72	483B	16	5472
72	483C	16	5472
72	483E	16	5472
72	4842	16	5472
72	4844	16	5472
72	4848	16	5472
72	484A	16	5472
72	484B	16	5472
72	484D	16	5472
72	484E	16	5472
72	484F	16	5472
72	4850	16	5472
72	4851	16	5472
72	4857	16	5472
72	485A	16	5473
72	485B	16	5473
72	485D	16	5473
72	485E	16	5473
72	4860	16	5473
72	4862	16	5473
72	4863	16	5473
72	4865	16	5473
72	4866	16	5473
72	4867	16	5473
72	4868	16	5473
72	486B	16	5473
72	486D	8	5474
72	486E	8	5474
72	4871	8	5474
72	4872	8	6026
72	4874	8	6026
72	4877	24	6026
72	4878	24	6026
72	487A	24	6026
72	487C	16	6026
72	487F	16	6026
72	4880	16	6026
72	4882	16	6026
72	4885	16	6026
72	4887	16	6026
72	4889	16	6026
72	488A	16	6026
72	488C	16	6026
72	4890	16	6026
72	4892	16	6026
72	4896	16	6026
72	4898	16	6026
72	4899	16	6026
72	489B	16	6026
72	489C	16	6026
72	489D	16	6026
72	489E	16	6026
72	489F	16	6026
72	48A5	16	6026
72	48A8	16	6027
72	48A9	16	6027
72	48AB	16	6027
72	48AC	16	6027
72	48AE	16	6027
72	48B0	16	6027
72	48B1	16	6027
72	48B3	16	6027
72	48B4	16	6027
72	48B5	16	6027
72	48B6	16	6027
72	48B9	16	6027
72	48BB	8	6028
72	48BC	8	6028
72	48BF	8	6028
75	4000	198	170
75	4001	198	170
75	4002	198	170
75	4003	198	170
75	4004	198	170
75	4006	3	170
75	4029	8	44
75	402A	8	44
75	402D	8	44
75	402E	8	44
75	402F	8	44
75	4030	3	44
75	4031	3	44
75	4034	3	44
75	4036	3	44
75	4038	3	44
75	403A	3	44
75	403C	3	44
75	403E	3	44
75	4040	3	44
75	4041	3	44
75	4044	3	44
75	4047	3	44
75	4049	3	44
75	404A	3	44
75	404D	3	44
75	404E	3	44
75	404F	3	44
75	4052	3	44
75	4053	3	44
75	4054	3	44
75	4057	3	44
75	4058	3	44
75	4059	3	44
75	405C	3	44
75	405D	3	44
75	405E	3	44
75	4060	3	44
75	4061	3	44
75	4063	1	44
75	4065	1	44
75	4066	3	44
75	4069	3	44
75	406C	3	44
75	406D	3	44
75	406E	3	44
75	406F	3	44
75	40B4	10	44
75	40B5	10	44
75	40B6	10	44
75	40B9	10	44
75	40BA	10	44
75	40BD	10	44
75	40BE	10	44
75	40C1	10	44
75	40C2	10	44
75	40C3	10	44
75	40C5	10	44
75	40DA	10	44
75	40DB	10	44
75	40DC	2	44
75	40DD	2	44
75	40DF	2	44
75	40E0	2	44
75	40E1	2	44
75	40E4	2	44
75	40E5	2	44
75	40E6	2	44
75	40E7	2	44
75	40E9	2	44
75	40EB	2	44
75	40F9	2	44
75	40FA	2	44
75	40FC	2	44
75	40FE	2	44
75	40FF	2	44
75	4102	2	44
75	4105	2	44
75	4106	2	44
75	4109	2	44
75	410C	2	44
75	410E	2	44
75	4110	2	44
75	4111	2	44
75	4113	2	44
75	4114	2	44
75	4235	1	44
75	4238	1	44
75	4239	1	44
75	423A	1	44
75	423B	1	44
75	423C	1	44
75	423E	1	44
75	4240	1	44
75	4242	1	44
75	4244	1	44
75	4247	1	44
75	424A	1	44
75	424D	1104	44
75	424E	1104	44
75	424F	1104	44
75	4250	1104	44
75	4251	1104	44
75	4252	1104	44
75	4254	1	44
75	4257	1	44
75	4259	1	44
75	425C	1	44
75	425D	1	44
75	425E	1	44
75	4260	1	44
75	4261	1	44
75	4263	1	44
75	4264	1	44
75	4267	1	44
75	4268	1	44
75	4269	1	44
75	426A	1	44
75	426B	1	44
75	426E	1	44
75	426F	1	44
75	4270	1	44
75	4271	1	44
75	4272	1	44
75	4275	1	44
75	4277	1	44
75	427A	1	44
75	427D	1	44
75	427E	1	44
75	4280	1	44
75	4286	1	44
75	4288	1	44
75	428B	1	44
75	4329	1	170
75	432C	1	170
75	432E	1	170
75	4331	1	170
75	4333	1	170
75	4336	1	170
75	4339	1	170
75	433B	1	170
75	433E	1	170
75	433F	1	170
75	4341	1	170
75	4344	1	170
75	4347	1	170
75	4348	1	170
75	4349	1	170
75	434A	1	170
75	434B	1	170
75	434C	1	170
75	434D	1	170
75	434E	1	170
75	434F	1	170
75	4352	1	170
75	4353	1	170
75	4354	1	170
75	4355	1	170
75	4356	1	170
75	4359	1	170
75	435A	1	170
75	435D	1	170
75	4360	1	170
75	4362	1	170
75	4365	1	170
75	4368	1	170
75	436B	1	170
75	436C	1	170
75	436D	1	170
75	4370	1	170
75	4371	1	170
75	4372	1	170
75	4374	1	170
75	4376	1	170
75	437C	1	170
75	437E	1	170
75	437F	1	170
75	4380	1	170
75	4382	1	170
75	4385	1	170
75	4388	1	170
75	438A	1	170
75	438D	1	170
75	4390	2	44
75	4392	2	44
75	4393	2	44
75	4395	2	44
75	4396	2	44
75	4437	2	44
75	443A	2	44
75	443C	2	44
75	44B5	2	44
75	44B6	2	44
75	44B9	2	44
75	44BC	2	44
75	44BD	2	44
75	44C0	2	44
75	44C3	2	44
75	44C6	2	44
75	44C8	2	44
75	563A	1	308
75	563D	1	308
75	563F	1	308
75	5642	1	308
75	5643	1	308
75	5646	1	308
75	5647	1	308
75	5648	1	308
75	564B	1	308
75	564E	1	308
75	5651	1	308
75	5654	1104	308
75	5655	1104	308
75	5656	1104	308
75	5657	1104	308
75	5658	1104	308
75	5659	1104	308
75	565B	1	308
75	5671	258	52
75	5674	258	52
75	5675	258	52
75	5676	258	52
75	5677	258	52
75	5678	258	52
75	567B	258	52
75	567D	258	52
75	567F	258	52
75	5682	258	52
75	5684	258	52
75	5689	258	52
75	568A	258	52
75	568B	258	52
75	568C	258	52
75	568F	258	52
75	5690	258	52
75	5691	258	52
75	5692	258	52
75	5693	3	169
75	5694	3	169
75	5696	3	169
75	5698	3	169
75	5699	3	169
75	569B	3	169
75	569C	3	169
75	569F	3	169
75	56A2	3	169
75	56A5	3	169
75	56A6	3	169
75	56A9	3	169
75	56AA	3	169
75	56AB	3	169
75	56AC	3	169
75	56AD	2	54
75	56AF	2	54
75	56B6	2	54
75	56B9	2	54
75	56BC	2	54
75	56BD	2	54
75	56BE	2	54
75	56C1	2	54
75	56C2	2	54
75	56C3	2	54
75	56C6	2	54
75	56C7	2	54
75	56C8	2	54
75	56CA	2	54
75	56CB	2	54
75	56CD	2	54
75	56CE	2	54
75	56D1	2	54
75	56D2	411	44
75	56D5	411	44
75	56D6	411	44
75	56D9	411	44
75	56DA	411	44
75	56DD	82	44
75	56E0	82	44
75	56E1	82	44
75	56E2	82	44
75	56E3	82	44
75	56E4	82	44
75	56E5	82	44
75	56E6	82	44
75	56E7	82	44
75	56E8	82	44
75	56EA	82	44
75	56ED	14	44
75	56EE	14	44
75	56EF	14	44
75	56F2	14	44
75	56F5	14	44
75	56F6	14	44
75	56F8	14	44
75	56F9	14	44
75	56FB	14	44
75	56FC	14	44
75	56FF	8	44
75	5702	8	44
75	5704	8	44
75	5706	8	44
75	5708	8	44
75	5709	8	44
75	570C	8	44
75	570D	8	44
75	570E	8	44
75	5711	8	44
75	5712	8	44
75	5713	8	44
75	5716	8	44
75	5719	8	44
75	571B	8	44
75	571D	2	44
75	5720	2	44
75	5721	2	44
75	5723	6	51
75	5726	6	51
75	5728	6	51
75	572A	6	51
75	572C	6	51
75	572E	6	51
75	5730	6	51
75	5734	6	51
75	5735	6	51
75	5737	6	51
75	573A	6	51
75	573B	6	51
75	573D	6	51
75	573E	6	51
75	5741	6	51
75	5743	6	51
75	5746	6	51
75	5747	6	51
75	574A	6	51
75	574B	6	51
75	574C	6	51
75	574D	6	51
75	5750	6	51
75	5751	6	51
75	5752	6	51
75	5753	6	51
75	5756	6	51
75	5757	6	51
75	5758	6	51
75	5759	6	51
75	575C	6	51
75	575E	6	51
75	5764	6	51
75	5767	6	51
75	5769	6	51
75	576B	6	51
75	576D	6	51
75	576F	6	51
75	5771	6	51
75	5773	6	51
75	5775	6	51
75	5777	6	51
75	5779	6	51
75	5781	6	51
75	5782	6	51
75	5785	2	44
75	5786	2	44
75	5789	2	44
75	578C	2	44
75	578D	2	44
75	578E	2	44
75	578F	2	44
75	5790	2	44
75	5792	6	44
75	5793	6	44
75	5794	6	44
75	5796	6	44
75	5797	6	44
75	5799	2	44
75	579A	2	44
75	579B	2	44
75	579E	2	44
75	579F	2	44
75	57A0	2	44
75	57F4	329	51
75	57F7	329	51
75	57F8	329	51
75	57FA	258	52
75	57FB	258	52
75	57FD	234	52
75	57FE	234	52
75	5801	24	52
75	5804	71	51
75	5807	71	51
75	5808	71	51
75	5809	71	51
75	580B	65	51
75	580D	65	51
75	580F	6	52
75	5811	71	51
75	5813	71	51
75	5814	71	51
75	5816	59	51
75	5818	59	51
75	581A	59	51
75	581B	59	51
75	581E	59	51
75	581F	59	51
75	5820	59	51
75	584C	12	52
75	584D	12	52
75	584F	12	52
75	5850	12	52
75	5852	6	52
75	5853	6	52
75	5854	6	52
75	5855	6	52
75	5858	6	52
75	585A	18	52
75	585B	18	52
75	585C	18	52
75	585E	6	52
75	5861	6	52
75	5863	6	52
75	5870	6	52
75	5873	6	52
75	5874	6	52
75	5877	6	52
75	5878	6	52
75	587A	24	52
75	587D	24	52
75	587F	24	52
75	5880	24	52
75	5882	6	52
75	5883	6	52
75	5884	6	52
75	5886	6	52
75	5889	6	52
75	588A	6	52
75	588B	6	52
75	588D	2	54
75	588E	2	54
75	5890	210	52
75	5893	210	52
75	5896	210	52
75	5897	210	52
75	5899	4	52
75	589A	4	52
75	589B	4	52
75	589C	4	52
75	589E	24	52
75	58A0	24	52
75	58A1	24	52
75	58A4	24	52
75	58A7	24	52
75	58A8	24	52
75	58AA	24	52
75	58AB	24	52
75	58AD	12	52
75	58B0	12	52
75	58B2	12	52
75	58B3	12	52
75	58B5	12	52
75	58B6	12	52
75	58B7	12	52
75	58C0	12	52
75	58C2	12	52
75	58C3	12	52
75	58C5	6	52
75	58C6	6	52
75	58C7	6	52
75	58C8	411	44
75	58CB	411	44
75	58CD	411	44
75	58CE	234	52
75	58D0	234	52
75	58D1	234	52
75	58D3	234	52
75	58D6	234	52
75	58D7	234	52
75	58D8	234	52
75	58D9	234	52
75	58DA	234	52
75	58DB	234	52
75	58DE	234	52
75	58DF	234	52
75	58E2	234	52
75	58E5	234	52
75	58E8	234	52
75	58E9	234	52
75	58EA	5846	44
75	58ED	5846	44
75	58EF	5846	44
75	58F2	5846	44
75	58F5	5846	44
75	58F8	5846	44
75	58F9	5846	44
75	58FB	5846	44
75	58FD	5529	51
75	58FE	5529	51
75	58FF	5529	51
75	5900	5529	51
75	5901	5529	51
75	5902	5529	51
75	5904	5529	51
75	5906	5529	51
75	5907	5529	51
75	5908	5529	51
75	5933	5846	44
75	5936	5846	44
75	5938	5846	44
75	593B	5764	44
75	593D	5764	44
75	5940	5435	44
75	5943	5435	44
75	5945	5435	44
75	5948	5434	44
75	594B	5434	44
75	594C	5434	44
75	594F	22	51
75	5950	22	51
75	5951	22	51
75	5954	4	51
75	5957	4	51
75	595A	4	51
75	595C	4	51
75	595F	4	51
75	5961	4	51
75	5963	4	51
75	5964	4	51
75	5966	4	51
75	5969	2	169
75	596B	2	169
75	5990	2	169
75	5991	2	169
75	5992	2	169
75	5995	2	169
75	5997	2	169
75	599A	2	169
75	59FC	2	51
75	59FE	2	51
75	5A01	2	51
75	5A04	2	51
75	5A06	2	51
75	5A09	2	51
75	5A0C	2	51
75	5A0F	2	51
75	5A11	2	51
75	5A14	2	51
75	5A36	329	51
75	5A39	329	51
75	5A3A	329	51
75	5A3B	329	51
75	5A3D	258	52
75	5A3F	258	52
75	5A41	24	52
75	5A42	24	52
75	5A44	24	52
75	5A46	18	52
75	5A48	18	52
75	5A4A	317	51
75	5A4C	329	51
75	5A4E	329	51
75	5A51	71	51
75	5A54	71	51
75	5A55	71	51
75	5AC3	6	52
75	5AC5	6	52
75	5AC7	6	52
75	5ACA	6	52
75	5ACB	6	52
75	5ACD	6	52
75	5AD0	6	52
75	5AD2	6	52
75	5B2B	82	44
75	5B2E	82	44
75	5B2F	82	44
75	5B30	82	44
75	5B31	82	44
75	5B32	82	44
75	5B34	82	44
75	5B35	82	44
75	5B36	82	44
75	5B37	82	44
75	5B38	411	44
75	5B3B	411	44
75	5B3D	411	44
75	5B3F	411	44
75	5B41	411	44
75	5B43	411	44
75	5B45	5846	44
75	5B46	6	52
75	5B47	6	52
75	5B4A	6	52
75	5B4D	6	52
75	5B50	6	52
75	5B51	6	52
75	5B52	6	52
75	5B55	6	52
75	5B58	6	52
75	5B5A	6	52
75	5B5C	6	52
75	5B63	6	52
75	5B66	6	52
75	5B68	6	52
75	5B6C	6	52
75	5B6D	6	52
75	5B70	6	52
75	5B71	6	52
75	5B73	6	52
75	5B76	6	52
75	5B79	6	52
75	5B7B	6	52
75	5B7E	6	52
75	5B80	6	52
75	5B83	6	52
75	5B85	6	52
75	5B88	6	52
75	5B8A	6	52
75	5B8C	6	52
75	5B8E	6	52
75	5B90	6	52
75	5B92	6	52
75	5B94	6	52
75	5B96	6	52
75	5B98	4	52
75	5B9A	4	52
75	5B9C	4	52
75	5B9E	4	52
75	5BA1	4	52
75	5BA3	4	52
75	5BA5	4	52
75	5BA7	4	52
75	5BA9	4	52
75	5BAB	4	52
75	5BAE	2	54
75	5BB0	2	54
75	5BB3	2	54
75	5BB5	2	54
75	5BB8	2	54
75	5BBB	2	54
75	5BBD	2	54
75	5BBF	2	54
75	5BC2	2	54
75	5BC3	2	54
75	5BC6	2	54
75	5BF9	2	186
75	5BFC	2	186
75	5BFD	2	186
75	5BFE	2	186
75	5BFF	2	186
75	5C02	2	186
75	5C03	2	186
75	5C04	2	186
75	5C05	2	186
75	5C06	2	186
75	5C09	2	186
75	5C0B	2	186
75	5C0E	2	186
75	5D42	2	52
75	5D45	2	52
75	5D48	2	52
75	5D4A	18	52
75	5D4B	18	52
75	5D4C	18	52
75	5D4D	18	52
75	5D4F	18	52
75	5D50	18	52
75	5D51	18	52
75	5D53	2	52
75	5D54	2	52
75	5D55	2	52
75	5D57	2	52
75	5D5A	2	52
75	5D5C	2	52
75	5D5E	2	52
75	5D60	2	52
75	5D62	2	52
75	5D65	2	52
75	5D67	2	52
75	5D6A	2	52
75	5E31	6	52
75	5F08	2	52
75	5F0B	4	52
75	5F0E	4	52
75	5F10	8	44
75	5F13	8	44
75	5F14	8	44
75	5F17	8	44
75	5F19	8	44
75	5F20	8	44
75	5F22	8	44
75	5F24	8	44
75	5F26	8	44
75	5F27	8	44
75	5F2A	8	44
75	5F2C	8	44
75	5F2E	8	44
75	5F2F	8	44
75	5F32	8	44
75	5F33	8	44
75	5F36	8	44
75	5F37	8	44
75	5F3A	8	44
75	5F3B	8	44
75	5F3E	8	44
75	5F3F	8	44
75	5F42	8	44
75	5F43	8	44
75	5F46	8	44
75	5F47	8	44
75	5F4A	8	44
75	5F4B	8	44
75	5F4E	8	44
75	5F51	8	44
75	5F52	8	44
75	5F53	8	44
75	5F55	8	44
75	5F58	8	44
75	5F59	8	44
75	5F5C	8	44
75	5F5D	8	44
75	5F60	8	44
75	5F62	8	44
75	5F65	8	44
75	5F68	8	44
75	5F6A	8	44
75	5F6B	8	44
75	5F6C	2	170
75	5F6D	2	170
75	5F70	2	170
75	5F71	2	170
75	5F72	2	170
75	5F73	2	170
75	5F75	4	170
75	5F78	4	170
75	5F7A	2	170
75	5F7C	8	170
75	5F7F	8	170
75	5F81	2	170
75	5F82	2	170
75	5F83	2	170
75	5F86	2	170
75	5F87	2	170
75	5F88	2	170
75	5F89	2	170
75	5F8A	2	170
75	5F8B	2	170
75	5F8C	2	170
75	5F8D	2	170
75	5F8E	2	170
75	5F90	2	170
75	5F91	2	170
75	5F92	2	170
75	5F93	2	170
75	5F94	2	170
75	5F95	2	170
75	5F96	12	170
75	5F97	12	170
75	5F98	12	170
75	5F99	12	170
75	5F9A	12	170
75	5F9C	12	170
75	5F9D	12	170
75	5F9E	12	170
75	5F9F	12	170
75	6149	5846	44
75	614C	5846	44
75	614E	5846	44
75	614F	5125	52
75	6152	5125	52
75	6154	5125	52
75	6155	5124	52
75	6156	5124	52
75	6158	5124	52
75	615A	5124	52
75	615C	5124	52
75	615E	5124	52
75	6160	5124	52
75	6162	5124	52
75	6164	5124	52
75	6166	5124	52
75	6168	5124	52
75	616A	5124	52
75	616D	5124	52
75	616F	5124	52
75	6170	5124	52
75	6172	5124	52
75	6174	5124	52
75	6177	5124	52
75	6178	5124	52
75	6179	5124	52
75	617A	5124	52
75	617B	5124	52
75	617C	5124	52
75	617F	5124	52
75	6180	5124	52
75	6181	5124	52
75	61F1	2561	52
75	61F2	2561	52
75	61F4	2560	54
75	61F5	2560	54
75	61F7	2559	54
75	61F8	2559	54
75	61F9	1	52
75	61FC	1	52
75	61FD	1	52
75	61FF	1	52
75	620B	1	54
75	620E	1	54
75	620F	1	54
75	6210	1	54
75	6211	1	54
75	6214	1	54
75	6216	1	54
75	6218	1	54
75	621A	1	54
75	621B	1	54
75	621D	1	54
75	6221	1	54
75	6223	1	54
75	6226	1	54
75	6227	1	54
75	6229	1	54
75	622A	1	54
75	622B	1	54
75	622C	1	54
75	622D	1	54
75	622E	1	54
75	622F	1	54
75	6230	1	54
75	6235	1	54
75	6238	1	54
75	6239	1	54
75	623A	1	54
75	623D	1	54
75	623F	1	54
75	6241	1	54
75	6264	2	52
75	6266	2	52
75	6269	2	52
75	6371	2	178
75	6373	2	178
75	6376	2	178
75	7634	2563	178
75	7635	2563	178
75	7637	2562	186
75	7638	2562	186
75	763A	2561	190
75	763B	2561	190
75	763D	2560	191
75	763E	2560	191
75	7640	2559	191
75	7641	2559	191
75	7642	1	178
75	7645	1	178
75	7648	1	186
75	764B	1	186
75	764C	1	186
75	764E	1	186
75	7650	1	186
75	7655	1	186
75	7658	1	186
75	765A	1	186
75	765B	1	186
75	765D	1	186
75	765E	1	186
75	7661	1	186
75	7663	1	186
75	7666	1	186
75	7669	1	186
75	766A	1	186
75	766B	1	186
75	766C	1	186
75	766F	1	186
75	7670	1	186
75	7671	1	186
75	7672	1	186
75	7675	1	186
75	7676	1	186
75	7677	1	186
75	767A	1	186
75	767D	1	190
75	7680	1	191
7C	7B7C	1	1112
7C	7B82	1	1112
7C	7B83	1	1112
7C	7B84	1	1112
7C	7B85	1	1112
7C	7B8B	1	1762
7C	7B9A	1	1762
7C	7BB7	1	1762
7C	7BBD	1	1762
7C	7BBE	1	1762
7C	7BBF	1	1762
7C	7BC0	1	1762
7C	7BC6	1	2525
7C	7CCD	1	2525
7C	7CCF	1	2525
7C	7CD1	1	2525
7C	7CD7	1	2525
7C	7CD9	1	2525
7D	7B7C	29375	327
7D	7B7E	29375	327
7D	7B80	29375	327
7D	7B82	29375	327
7D	7B84	29375	327
7D	7B86	29375	327
7D	7B88	29375	327
7D	7B89	29375	327
7D	7B8B	29375	327
7D	7B8D	29375	327
7D	7B8F	29375	327
7D	7B91	29375	327
7D	7B93	29375	327
7D	7B95	29375	327
7D	7B97	29375	327
7D	7B99	29375	327
7D	7B9B	29375	327
7D	7B9C	29375	327
7D	7B9E	29375	327
7D	7B9F	29375	327
7D	7BA1	29375	327
7D	7BA3	29375	327
7D	7BA4	5901	1142
7D	7BA6	5901	1142
7D	7BA7	5901	1142
7D	7BA9	19	1142
7D	7BAA	19	1142
7D	7BAD	5901	1142
7D	7BB0	5901	1142
7D	7BB1	5901	1142
7D	7BB3	2811	1142
7D	7BB6	5901	1142
7D	7BB7	23474	327
7D	7BB8	23474	327
7D	7BB9	23474	327
7D	7BBA	23474	327
7D	7BBD	23474	327
7D	7BBE	23474	327
7D	7BBF	23474	327
7D	7BC0	23474	327
7D	7BC1	29375	327
7D	7BC4	29375	327
7D	7BC6	29375	327
7D	7BC7	29375	327
7D	7BC8	29375	327
7D	7BCA	29375	327
7D	7BCB	29375	327
7D	7BCD	29375	327
7D	7BD0	29375	327
7D	7BD2	29375	327
7D	7BD4	235000	327
7D	7BD7	235000	327
7D	7BD9	235000	327
7D	7BDB	757	460
7D	7BDC	757	460
7D	7BDD	757	460
7D	7BDE	757	460
7D	7BE4	235000	327
7D	7BE5	235000	327
7D	7BE7	235000	327
7D	7BE8	235000	327
7D	7BEA	29375	327
7D	7BEC	29375	327
7D	7BED	29375	327
7D	7BEF	29375	327
7D	7BF0	2	16
7D	7BF1	2	16
7D	7BF3	2	16
7D	7BF5	2	16
7D	7BF7	2	16
7D	7BF9	2	16
7D	7BFC	2	16
7D	7BFE	2	16
7D	7C00	34	16
7D	7C01	34	16
7D	7C04	34	16
7D	7C05	34	16
7D	7C08	34	16
7D	7C0B	34	16
7D	7C0D	272	16
7D	7C0E	272	16
7D	7C0F	272	16
7D	7C11	34	16
7F	4007	261	2534
7F	400A	261	2535
7F	400D	261	2535
7F	400E	261	2534
7F	400F	261	2534
7F	4011	261	2534
7F	4013	261	2534
7F	4015	261	2534
7F	4017	261	2534
7F	401B	261	2534
7F	401D	261	2534
7F	401E	261	2534
7F	4020	261	2534
7F	4021	261	2534
7F	4022	261	2534
7F	4024	261	2534
7F	4027	261	2534
7F	4029	2088	2534
7F	402A	2088	2534
7F	402C	357	2836
7F	402D	2088	2534
7F	402F	2088	2534
7F	4031	2088	2534
7F	4032	2088	2534
7F	4034	261	2535
7F	4035	261	2535
7F	4036	261	2535
7F	4039	261	2535
7F	403A	261	2535
7F	403B	261	2535
7F	403C	261	2535
7F	403D	261	2535
7F	403F	261	2535
7F	4041	261	2535
7F	405F	226	2534
7F	4065	226	2534
7F	4068	226	2534
7F	406B	226	2534
7F	406E	226	2534
7F	4071	226	2534
7F	4072	226	2534
7F	4073	226	2534
7F	4074	226	2534
7F	4076	226	2534
7F	4078	226	2534
7F	407A	226	2534
7F	407E	226	2534
7F	407F	226	2534
7F	4081	226	2534
7F	4087	226	2534
7F	4089	226	2534
7F	408A	226	2534
7F	408C	226	2534
7F	408E	226	2534
7F	4090	226	2534
7F	4092	226	2534
7F	40A3	226	2534
7F	40A4	226	2534
7F	40A5	226	2534
7F	40A6	226	2534
7F	40A7	226	2534
7F	40A8	226	2534
7F	40AA	226	2534
7F	40AB	226	2534
7F	40AC	226	2534
7F	40AD	226	2534
7F	40AE	226	2534
7F	40AF	226	2534
7F	40B0	226	2534
7F	40B1	226	2534
7F	40B3	226	2534
7F	40B4	226	2534
7F	40B5	226	2534
7F	40B7	226	2534
7F	40B8	226	2534
7F	40B9	226	2534
7F	40BA	226	2534
7F	40BB	226	2534
7F	40BC	226	2534
7F	40BD	226	2534
7F	40C0	226	2534
7F	40C1	226	2534
7F	40C2	226	2534
7F	40C3	226	2534
7F	40C4	226	2534
7F	40C6	226	2534
7F	40C7	226	2534
7F	40C8	226	2534
7F	40C9	226	2534
7F	40CA	226	2534
7F	40CD	226	2534
7F	40CE	226	2534
7F	40CF	226	2534
7F	40D0	226	2534
7F	40D1	226	2534
7F	40D3	226	2534
7F	40D4	226	2534
7F	40D5	226	2534
7F	40D6	226	2534
7F	40D7	226	2534
7F	40D8	226	2534
7F	40D9	226	2534
7F	40DA	226	2534
7F	40DB	226	2534
7F	40DC	226	2534
7F	40DF	226	2534
7F	40E2	226	2534
7F	40E3	226	2534
7F	40E4	226	2534
7F	40E5	226	2534
7F	40E6	226	2534
7F	40E7	226	2534
7F	40E8	226	2534
7F	40E9	226	2534
7F	40EC	226	2534
7F	40EF	226	2534
7F	40F2	226	2534
7F	40F3	226	2534
7F	40F4	226	2534
7F	40F5	226	2534
7F	40F6	226	2534
7F	40F7	226	2534
7F	40F8	226	2534
7F	41A7	377	2534
7F	41A8	377	2534
7F	41A9	377	2534
7F	41AA	377	2534
7F	41AB	377	2534
7F	41AD	377	2534
7F	41AF	226	2534
7F	41B1	226	2534
7F	41C5	151	2836
7F	41C6	151	2836
7F	41C7	151	2836
7F	41C8	151	2836
7F	41CA	226	2534
7F	41CB	226	2534
7F	41CD	377	2534
7F	41CE	377	2534
7F	41CF	377	2534
7F	41D0	452	2534
7F	41D1	452	2534
7F	41D2	452	2534
7F	41D3	452	2534
7F	41D6	452	2534
7F	41D8	7232	2534
7F	41DA	7232	2534
7F	41DC	7232	2534
7F	41DE	1582	2534
7F	41DF	7232	2534
7F	41E1	7232	2534
7F	41E3	7232	2534
7F	41E4	7232	2534
7F	41E6	452	2534
7F	41E7	452	2534
7F	41E8	452	2534
7F	41E9	452	2534
7F	41EA	2042	2534
7F	41EB	2042	2534
7F	41ED	2042	2534
7F	41EF	2042	2534
7F	41F1	2042	2534
7F	41F3	2042	2534
7F	41F4	2042	2534
7F	41F5	2042	2534
7F	41F6	2042	2534
7F	41F8	2042	2534
7F	41FB	2042	2534
7F	41FC	2042	2534
7F	41FD	2042	2534
7F	41FE	2042	2534
7F	41FF	2042	2534
7F	4200	2042	2534
7F	4201	2042	2534
7F	420E	479	2835
7F	4210	479	2835
7F	4211	479	2835
7F	4212	5748	2835
7F	4213	5748	2835
7F	4214	5748	2835
7F	4215	5748	2835
7F	4217	479	2835
7F	4218	1339	2534
7F	4219	1339	2534
7F	421A	224	2545
7F	421C	224	2545
7F	421D	224	2545
7F	421E	2688	2545
7F	4220	2688	2545
7F	4221	2688	2545
7F	4222	2688	2545
7F	4223	2688	2545
7F	4224	2688	2545
7F	4225	2688	2545
7F	4226	2688	2545
7F	4227	2688	2545
7F	4228	2688	2545
7F	422A	224	2545
7F	42C3	2042	2534
7F	42C4	2042	2534
7F	42C5	2042	2534
7F	42C8	2042	2534
7F	42C9	2042	2534
7F	42CA	2999	2534
7F	42CB	2999	2534
7F	42CD	2999	2534
7F	42CF	2999	2534
7F	42D1	2999	2534
7F	42D2	2999	2534
7F	42D4	2999	2534
7F	42D6	2999	2534
7F	42D8	2999	2534
7F	42DA	2999	2534
7F	42DB	2999	2534
7F	42DE	2999	2534
7F	42E1	9644	2534
7F	42E2	9644	2534
7F	42E4	6645	2535
7F	42E5	6645	2535
7F	42E7	2999	2534
7F	42E9	2999	2534
7F	42EA	2999	2534
7F	42EB	2999	2534
7F	42EC	2999	2534
7F	42EE	2999	2534
7F	42F9	2999	2534
7F	42FA	2999	2534
7F	42FC	2999	2534
7F	42FE	2999	2534
7F	4300	2999	2534
7F	4302	2999	2534
7F	4304	2999	2534
7F	4306	2999	2534
7F	4308	2999	2534
7F	430A	2999	2534
7F	430C	2999	2534
7F	430D	2999	2534
7F	430E	2999	2534
7F	430F	2999	2534
7F	4311	2999	2534
7F	4314	2999	2534
7F	4315	2999	2534
7F	4316	2999	2534
7F	4319	2999	2534
7F	431C	2999	2534
7F	431D	2999	2534
7F	431E	2999	2534
7F	4321	2999	2534
7F	4322	2999	2534
7F	4323	2999	2534
7F	4324	2999	2534
7F	4325	2999	2534
7F	4326	2999	2534
7F	4327	2999	2534
7F	4328	2999	2534
7F	432B	2999	2534
7F	432C	2999	2534
7F	432E	2999	2534
7F	432F	2999	2534
7F	4330	11807	2534
7F	4331	11807	2534
7F	4333	8808	2534
7F	4335	8808	2534
7F	4337	8808	2534
7F	4339	2999	2534
7F	433A	2999	2534
7F	433D	2999	2534
7F	433E	2999	2534
7F	433F	2999	2534
7F	4340	2999	2534
7F	4341	2999	2534
7F	4342	2999	2534
7F	4343	2999	2534
7F	4344	2999	2534
7F	4345	2999	2534
7F	4348	2999	2534
7F	4349	2999	2534
7F	434A	2999	2534
7F	434B	2999	2534
7F	434C	2999	2534
7F	434D	2999	2534
7F	434E	2999	2534
7F	434F	2999	2534
7F	4350	2999	2534
7F	4352	2999	2534
7F	4368	2999	2534
7F	4369	2999	2534
7F	436A	2999	2534
7F	436B	2999	2534
7F	436C	2999	2534
7F	436D	2999	2534
7F	4370	2999	2534
7F	4371	2999	2534
7F	4373	2999	2534
7F	4374	2999	2534
7F	4375	11807	2534
7F	4376	11807	2534
7F	4378	8808	2534
7F	437A	8808	2534
7F	437C	8808	2534
7F	437E	2999	2534
7F	437F	2999	2534
7F	4382	2999	2534
7F	4383	2999	2534
7F	4384	2999	2534
7F	4385	2999	2534
7F	4386	2999	2534
7F	4387	2999	2534
7F	4388	2999	2534
7F	4389	2999	2534
7F	438A	2999	2534
7F	438D	2999	2534
7F	438E	2999	2534
7F	438F	2999	2534
7F	4390	2999	2534
7F	4391	2999	2534
7F	4392	2999	2534
7F	4393	2999	2534
7F	4394	2999	2534
7F	4395	2999	2534
7F	4397	2999	2534
7F	43AD	2999	2534
7F	43AE	2999	2534
7F	43AF	2999	2534
7F	43B0	2999	2534
7F	43B1	2999	2534
7F	43B2	2999	2534
7F	43B5	2999	2534
7F	43B6	2999	2534
7F	43B8	2999	2534
7F	43B9	2999	2534
7F	43BA	11807	2534
7F	43BB	11807	2534
7F	43BD	8808	2534
7F	43BF	8808	2534
7F	43C1	8808	2534
7F	43C3	2999	2534
7F	43C4	2999	2534
7F	43C7	2999	2534
7F	43C8	2999	2534
7F	43C9	2999	2534
7F	43CA	2999	2534
7F	43CB	2999	2534
7F	43CC	2999	2534
7F	43CD	2999	2534
7F	43CE	2999	2534
7F	43CF	2999	2534
7F	43D2	2999	2534
7F	43D3	2999	2534
7F	43D4	2999	2534
7F	43D5	2999	2534
7F	43D6	2999	2534
7F	43D7	2999	2534
7F	43D8	2999	2534
7F	43D9	2999	2534
7F	43DA	2999	2534
7F	43DC	2999	2534
7F	43F2	2999	2534
7F	43F3	2999	2534
7F	43F4	2999	2534
7F	43F5	2999	2534
7F	43F6	2999	2534
7F	43F7	2999	2534
7F	43FA	2999	2534
7F	43FB	2999	2534
7F	43FD	2999	2534
7F	43FE	2999	2534
7F	43FF	11807	2534
7F	4400	11807	2534
7F	4402	8808	2534
7F	4404	8808	2534
7F	4406	8808	2534
7F	4408	2999	2534
7F	4409	2999	2534
7F	440C	2999	2534
7F	440D	2999	2534
7F	440E	2999	2534
7F	440F	2999	2534
7F	4410	2999	2534
7F	4411	2999	2534
7F	4412	2999	2534
7F	4413	2999	2534
7F	4414	2999	2534
7F	4417	2999	2534
7F	4418	2999	2534
7F	4419	2999	2534
7F	441A	2999	2534
7F	441B	2999	2534
7F	441C	2999	2534
7F	441D	2999	2534
7F	441E	2999	2534
7F	441F	2999	2534
7F	4421	2999	2534
7F	4437	2999	2534
7F	4438	2999	2534
7F	4439	2999	2534
7F	443A	2999	2534
7F	443B	2999	2534
7F	443C	2999	2534
7F	443F	2999	2534
7F	4440	2999	2534
7F	4442	2999	2534
7F	4443	2999	2534
7F	4444	11807	2534
7F	4445	11807	2534
7F	4447	8808	2534
7F	4449	8808	2534
7F	444B	8808	2534
7F	444D	2999	2534
7F	444E	2999	2534
7F	4451	2999	2534
7F	4452	2999	2534
7F	4453	2999	2534
7F	4454	2999	2534
7F	4455	2999	2534
7F	4456	2999	2534
7F	4457	2999	2534
7F	4458	2999	2534
7F	4459	2999	2534
7F	445C	2999	2534
7F	445D	2999	2534
7F	445E	2999	2534
7F	445F	2999	2534
7F	4460	2999	2534
7F	4461	2999	2534
7F	4462	2999	2534
7F	4463	2999	2534
7F	4464	2999	2534
7F	4466	2999	2534
7F	447C	2999	2534
7F	447D	2999	2534
7F	447E	2999	2534
7F	447F	2999	2534
7F	4480	2999	2534
7F	4481	2999	2534
7F	4484	2999	2534
7F	4485	2999	2534
7F	4487	2999	2534
7F	4488	2999	2534
7F	4489	11807	2534
7F	448A	11807	2534
7F	448C	8808	2534
7F	448E	8808	2534
7F	4490	8808	2534
7F	4492	2999	2534
7F	4493	2999	2534
7F	4496	2999	2534
7F	4497	2999	2534
7F	4498	2999	2534
7F	4499	2999	2534
7F	449A	2999	2534
7F	449B	2999	2534
7F	449C	2999	2534
7F	449D	2999	2534
7F	449E	2999	2534
7F	44A1	2999	2534
7F	44A2	2999	2534
7F	44A3	2999	2534
7F	44A4	2999	2534
7F	44A5	2999	2534
7F	44A6	2999	2534
7F	44A7	2999	2534
7F	44A8	2999	2534
7F	44A9	2999	2534
7F	44AB	2999	2534
7F	44C1	2999	2534
7F	44C2	2999	2534
7F	44C3	2999	2534
7F	44C4	2999	2534
7F	44C5	2999	2534
7F	44C6	2999	2534
7F	44C9	2999	2534
7F	44CA	2999	2534
7F	44CC	2999	2534
7F	44CD	2999	2534
7F	44CE	11807	2534
7F	44CF	11807	2534
7F	44D1	8808	2534
7F	44D3	8808	2534
7F	44D5	8808	2534
7F	44D7	2999	2534
7F	44D8	2999	2534
7F	44DB	2999	2534
7F	44DC	2999	2534
7F	44DD	2999	2534
7F	44DE	2999	2534
7F	44DF	2999	2534
7F	44E0	2999	2534
7F	44E1	2999	2534
7F	44E2	2999	2534
7F	44E3	2999	2534
7F	44E6	2999	2534
7F	44E7	2999	2534
7F	44E8	2999	2534
7F	44E9	2999	2534
7F	44EA	2999	2534
7F	44EB	2999	2534
7F	44EC	2999	2534
7F	44ED	2999	2534
7F	44EE	2999	2534
7F	44F0	2999	2534
7F	4506	2999	2534
7F	4507	2999	2534
7F	4508	2999	2534
7F	4509	2999	2534
7F	450A	2999	2534
7F	450B	2999	2534
7F	450E	2999	2534
7F	450F	2999	2534
7F	4511	2999	2534
7F	4512	2999	2534
7F	4513	11807	2534
7F	4514	11807	2534
7F	4516	8808	2534
7F	4518	8808	2534
7F	451A	8808	2534
7F	451C	2999	2534
7F	451D	2999	2534
7F	4520	2999	2534
7F	4521	2999	2534
7F	4522	2999	2534
7F	4523	2999	2534
7F	4524	2999	2534
7F	4525	2999	2534
7F	4526	2999	2534
7F	4527	2999	2534
7F	4528	2999	2534
7F	452B	2999	2534
7F	452C	2999	2534
7F	452D	2999	2534
7F	452E	2999	2534
7F	452F	2999	2534
7F	4530	2999	2534
7F	4531	2999	2534
7F	4532	2999	2534
7F	4533	2999	2534
7F	4535	2999	2534
7F	4537	1625	2535
7F	4538	1625	2535
7F	453B	1625	2535
7F	453C	1625	2535
7F	453D	1625	2535
7F	453E	1625	2535
7F	4540	1625	2535
7F	454B	2999	2534
7F	454C	2999	2534
7F	454D	2999	2534
7F	454E	2999	2534
7F	454F	2999	2534
7F	4550	2999	2534
7F	4553	2999	2534
7F	4554	2999	2534
7F	4556	2999	2534
7F	4557	2999	2534
7F	4558	11807	2534
7F	4559	11807	2534
7F	455B	8808	2534
7F	455D	8808	2534
7F	455F	8808	2534
7F	4561	2999	2534
7F	4562	2999	2534
7F	4565	2999	2534
7F	4566	2999	2534
7F	4567	2999	2534
7F	4568	2999	2534
7F	4569	2999	2534
7F	456A	2999	2534
7F	456B	2999	2534
7F	456C	2999	2534
7F	456D	2999	2534
7F	4570	2999	2534
7F	4571	2999	2534
7F	4572	2999	2534
7F	4573	2999	2534
7F	4574	2999	2534
7F	4575	2999	2534
7F	4576	2999	2534
7F	4577	2999	2534
7F	4578	2999	2534
7F	457A	2999	2534
7F	4590	2999	2534
7F	4591	2999	2534
7F	4592	2999	2534
7F	4593	2999	2534
7F	4594	2999	2534
7F	4595	2999	2534
7F	4598	2999	2534
7F	4599	2999	2534
7F	459B	2999	2534
7F	459C	2999	2534
7F	459D	11807	2534
7F	459E	11807	2534
7F	45A0	8808	2534
7F	45A2	8808	2534
7F	45A4	8808	2534
7F	45A6	2999	2534
7F	45A7	2999	2534
7F	45AA	2999	2534
7F	45AB	2999	2534
7F	45AC	2999	2534
7F	45AD	2999	2534
7F	45AE	2999	2534
7F	45AF	2999	2534
7F	45B0	2999	2534
7F	45B1	2999	2534
7F	45B2	2999	2534
7F	45B5	2999	2534
7F	45B6	2999	2534
7F	45B7	2999	2534
7F	45B8	2999	2534
7F	45B9	2999	2534
7F	45BA	2999	2534
7F	45BB	2999	2534
7F	45BC	2999	2534
7F	45BD	2999	2534
7F	45BF	2999	2534
7F	45D5	2999	2534
7F	45D6	2999	2534
7F	45D7	2999	2534
7F	45D8	2999	2534
7F	45D9	2999	2534
7F	45DA	2999	2534
7F	45DD	2999	2534
7F	45DE	2999	2534
7F	45E0	2999	2534
7F	45E1	2999	2534
7F	45E2	11807	2534
7F	45E3	11807	2534
7F	45E5	8808	2534
7F	45E7	8808	2534
7F	45E9	8808	2534
7F	45EB	2999	2534
7F	45EC	2999	2534
7F	45EF	2999	2534
7F	45F0	2999	2534
7F	45F1	2999	2534
7F	45F2	2999	2534
7F	45F3	2999	2534
7F	45F4	2999	2534
7F	45F5	2999	2534
7F	45F6	2999	2534
7F	45F7	2999	2534
7F	45FA	2999	2534
7F	45FB	2999	2534
7F	45FC	2999	2534
7F	45FD	2999	2534
7F	45FE	2999	2534
7F	45FF	2999	2534
7F	4600	2999	2534
7F	4601	2999	2534
7F	4602	2999	2534
7F	4604	2999	2534
7F	461A	2999	2534
7F	461B	2999	2534
7F	461C	2999	2534
7F	461D	2999	2534
7F	461E	2999	2534
7F	461F	2999	2534
7F	4622	2999	2534
7F	4623	2999	2534
7F	4625	2999	2534
7F	4626	2999	2534
7F	4627	11807	2534
7F	4628	11807	2534
7F	462A	8808	2534
7F	462C	8808	2534
7F	462E	8808	2534
7F	4630	2999	2534
7F	4631	2999	2534
7F	4634	2999	2534
7F	4635	2999	2534
7F	4636	2999	2534
7F	4637	2999	2534
7F	4638	2999	2534
7F	4639	2999	2534
7F	463A	2999	2534
7F	463B	2999	2534
7F	463C	2999	2534
7F	463F	2999	2534
7F	4640	2999	2534
7F	4641	2999	2534
7F	4642	2999	2534
7F	4643	2999	2534
7F	4644	2999	2534
7F	4645	2999	2534
7F	4646	2999	2534
7F	4647	2999	2534
7F	4649	2999	2534
7F	465F	2999	2534
7F	4660	2999	2534
7F	4661	2999	2534
7F	4662	2999	2534
7F	4663	2999	2534
7F	4664	2999	2534
7F	4667	2999	2534
7F	4668	2999	2534
7F	466A	2999	2534
7F	466B	2999	2534
7F	466C	11807	2534
7F	466D	11807	2534
7F	466F	8808	2534
7F	4671	8808	2534
7F	4673	8808	2534
7F	4675	2999	2534
7F	4676	2999	2534
7F	4679	2999	2534
7F	467A	2999	2534
7F	467B	2999	2534
7F	467C	2999	2534
7F	467D	2999	2534
7F	467E	2999	2534
7F	467F	2999	2534
7F	4680	2999	2534
7F	4681	2999	2534
7F	4684	2999	2534
7F	4685	2999	2534
7F	4686	2999	2534
7F	4687	2999	2534
7F	4688	2999	2534
7F	4689	2999	2534
7F	468A	2999	2534
7F	468B	2999	2534
7F	468C	2999	2534
7F	468E	2999	2534
7F	46A4	2999	2534
7F	46A5	2999	2534
7F	46A6	2999	2534
7F	46A7	2999	2534
7F	46A8	2999	2534
7F	46A9	2999	2534
7F	46AC	2999	2534
7F	46AD	2999	2534
7F	46AF	2999	2534
7F	46B0	2999	2534
7F	46B1	11807	2534
7F	46B2	11807	2534
7F	46B4	8808	2534
7F	46B6	8808	2534
7F	46B8	8808	2534
7F	46BA	2999	2534
7F	46BB	2999	2534
7F	46BE	2999	2534
7F	46BF	2999	2534
7F	46C0	2999	2534
7F	46C1	2999	2534
7F	46C2	2999	2534
7F	46C3	2999	2534
7F	46C4	2999	2534
7F	46C5	2999	2534
7F	46C6	2999	2534
7F	46C9	2999	2534
7F	46CA	2999	2534
7F	46CB	2999	2534
7F	46CC	2999	2534
7F	46CD	2999	2534
7F	46CE	2999	2534
7F	46CF	2999	2534
7F	46D0	2999	2534
7F	46D1	2999	2534
7F	46D3	2999	2534
7F	46E9	2999	2534
7F	46EA	2999	2534
7F	46EB	2999	2534
7F	46EC	2999	2534
7F	46ED	2999	2534
7F	46EE	2999	2534
7F	46F1	2999	2534
7F	46F2	2999	2534
7F	46F4	2999	2534
7F	46F5	2999	2534
7F	46F6	11807	2534
7F	46F7	11807	2534
7F	46F9	8808	2534
7F	46FB	8808	2534
7F	46FD	8808	2534
7F	46FF	2999	2534
7F	4700	2999	2534
7F	4703	2999	2534
7F	4704	2999	2534
7F	4705	2999	2534
7F	4706	2999	2534
7F	4707	2999	2534
7F	4708	2999	2534
7F	4709	2999	2534
7F	470A	2999	2534
7F	470B	2999	2534
7F	470E	2999	2534
7F	470F	2999	2534
7F	4710	2999	2534
7F	4711	2999	2534
7F	4712	2999	2534
7F	4713	2999	2534
7F	4714	2999	2534
7F	4715	2999	2534
7F	4716	2999	2534
7F	4718	2999	2534
7F	472E	2999	2534
7F	472F	2999	2534
7F	4730	2999	2534
7F	4731	2999	2534
7F	4732	2999	2534
7F	4733	2999	2534
7F	4736	2999	2534
7F	4737	2999	2534
7F	4739	2999	2534
7F	473A	2999	2534
7F	473B	11807	2534
7F	473C	11807	2534
7F	473E	8808	2534
7F	4740	8808	2534
7F	4742	8808	2534
7F	4744	2999	2534
7F	4745	2999	2534
7F	4748	2999	2534
7F	4749	2999	2534
7F	474A	2999	2534
7F	474B	2999	2534
7F	474C	2999	2534
7F	474D	2999	2534
7F	474E	2999	2534
7F	474F	2999	2534
7F	4750	2999	2534
7F	4753	2999	2534
7F	4754	2999	2534
7F	4755	2999	2534
7F	4756	2999	2534
7F	4757	2999	2534
7F	4758	2999	2534
7F	4759	2999	2534
7F	475A	2999	2534
7F	475B	2999	2534
7F	475D	2999	2534
7F	475F	1374	2534
7F	4760	1374	2534
7F	4763	1374	2534
7F	4764	1374	2534
7F	4765	1374	2534
7F	4766	1374	2534
7F	4768	1374	2534
7F	4773	2999	2534
7F	4774	2999	2534
7F	4775	2999	2534
7F	4776	2999	2534
7F	4777	2999	2534
7F	4778	2999	2534
7F	477B	2999	2534
7F	477C	2999	2534
7F	477E	2999	2534
7F	477F	2999	2534
7F	4780	11807	2534
7F	4781	11807	2534
7F	4783	8808	2534
7F	4785	8808	2534
7F	4787	8808	2534
7F	4789	2999	2534
7F	478A	2999	2534
7F	478D	2999	2534
7F	478E	2999	2534
7F	478F	2999	2534
7F	4790	2999	2534
7F	4791	2999	2534
7F	4792	2999	2534
7F	4793	2999	2534
7F	4794	2999	2534
7F	4795	2999	2534
7F	4798	2999	2534
7F	4799	2999	2534
7F	479A	2999	2534
7F	479B	2999	2534
7F	479C	2999	2534
7F	479D	2999	2534
7F	479E	2999	2534
7F	479F	2999	2534
7F	47A0	2999	2534
7F	47A2	2999	2534
7F	47B8	2999	2534
7F	47B9	2999	2534
7F	47BA	2999	2534
7F	47BB	2999	2534
7F	47BC	2999	2534
7F	47BD	2999	2534
7F	47C0	2999	2534
7F	47C1	2999	2534
7F	47C3	2999	2534
7F	47C4	2999	2534
7F	47C5	11807	2534
7F	47C6	11807	2534
7F	47C8	8808	2534
7F	47CA	8808	2534
7F	47CC	8808	2534
7F	47CE	2999	2534
7F	47CF	2999	2534
7F	47D2	2999	2534
7F	47D3	2999	2534
7F	47D4	2999	2534
7F	47D5	2999	2534
7F	47D6	2999	2534
7F	47D7	2999	2534
7F	47D8	2999	2534
7F	47D9	2999	2534
7F	47DA	2999	2534
7F	47DD	2999	2534
7F	47DE	2999	2534
7F	47DF	2999	2534
7F	47E0	2999	2534
7F	47E1	2999	2534
7F	47E2	2999	2534
7F	47E3	2999	2534
7F	47E4	2999	2534
7F	47E5	2999	2534
7F	47E7	2999	2534
7F	47FD	2999	2534
7F	47FE	2999	2534
7F	47FF	2999	2534
7F	4800	2999	2534
7F	4801	2999	2534
7F	4802	2999	2534
7F	4805	2999	2534
7F	4806	2999	2534
7F	4808	2999	2534
7F	4809	2999	2534
7F	480A	11807	2534
7F	480B	11807	2534
7F	480D	8808	2534
7F	480F	8808	2534
7F	4811	8808	2534
7F	4813	2999	2534
7F	4814	2999	2534
7F	4817	2999	2534
7F	4818	2999	2534
7F	4819	2999	2534
7F	481A	2999	2534
7F	481B	2999	2534
7F	481C	2999	2534
7F	481D	2999	2534
7F	481E	2999	2534
7F	481F	2999	2534
7F	4822	2999	2534
7F	4823	2999	2534
7F	4824	2999	2534
7F	4825	2999	2534
7F	4826	2999	2534
7F	4827	2999	2534
7F	4828	2999	2534
7F	4829	2999	2534
7F	482A	2999	2534
7F	482C	2999	2534
7F	4842	2999	2534
7F	4843	2999	2534
7F	4844	2999	2534
7F	4845	2999	2534
7F	4846	2999	2534
7F	4847	2999	2534
7F	484A	2999	2534
7F	484B	2999	2534
7F	484D	2999	2534
7F	484E	2999	2534
7F	484F	11807	2534
7F	4850	11807	2534
7F	4852	8808	2534
7F	4854	8808	2534
7F	4856	8808	2534
7F	4858	2999	2534
7F	4859	2999	2534
7F	485C	2999	2534
7F	485D	2999	2534
7F	485E	2999	2534
7F	485F	2999	2534
7F	4860	2999	2534
7F	4861	2999	2534
7F	4862	2999	2534
7F	4863	2999	2534
7F	4864	2999	2534
7F	4867	2999	2534
7F	4868	2999	2534
7F	4869	2999	2534
7F	486A	2999	2534
7F	486B	2999	2534
7F	486C	2999	2534
7F	486D	2999	2534
7F	486E	2999	2534
7F	486F	2999	2534
7F	4871	2999	2534
7F	4887	2999	2534
7F	4888	2999	2534
7F	4889	2999	2534
7F	488A	2999	2534
7F	488B	2999	2534
7F	488C	2999	2534
7F	488F	2999	2534
7F	4890	2999	2534
7F	4892	2999	2534
7F	4893	2999	2534
7F	4894	11807	2534
7F	4895	11807	2534
7F	4897	8808	2534
7F	4899	8808	2534
7F	489B	8808	2534
7F	489D	2999	2534
7F	489E	2999	2534
7F	48A1	2999	2534
7F	48A2	2999	2534
7F	48A3	2999	2534
7F	48A4	2999	2534
7F	48A5	2999	2534
7F	48A6	2999	2534
7F	48A7	2999	2534
7F	48A8	2999	2534
7F	48A9	2999	2534
7F	48AC	2999	2534
7F	48AD	2999	2534
7F	48AE	2999	2534
7F	48AF	2999	2534
7F	48B0	2999	2534
7F	48B1	2999	2534
7F	48B2	2999	2534
7F	48B3	2999	2534
7F	48B4	2999	2534
7F	48B6	2999	2534
7F	48CC	2999	2534
7F	48CD	2999	2534
7F	48CE	2999	2534
7F	48CF	2999	2534
7F	48D0	2999	2534
7F	48D1	2999	2534
7F	48D4	2999	2534
7F	48D5	2999	2534
7F	48D7	2999	2534
7F	48D8	2999	2534
7F	48D9	11807	2534
7F	48DA	11807	2534
7F	48DC	8808	2534
7F	48DE	8808	2534
7F	48E0	8808	2534
7F	48E2	2999	2534
7F	48E3	2999	2534
7F	48E6	2999	2534
7F	48E7	2999	2534
7F	48E8	2999	2534
7F	48E9	2999	2534
7F	48EA	2999	2534
7F	48EB	2999	2534
7F	48EC	2999	2534
7F	48ED	2999	2534
7F	48EE	2999	2534
7F	48F1	2999	2534
7F	48F2	2999	2534
7F	48F3	2999	2534
7F	48F4	2999	2534
7F	48F5	2999	2534
7F	48F6	2999	2534
7F	48F7	2999	2534
7F	48F8	2999	2534
7F	48F9	2999	2534
7F	48FB	2999	2534
7F	4911	2999	2534
7F	4912	2999	2534
7F	4913	2999	2534
7F	4914	2999	2534
7F	4915	2999	2534
7F	4916	2999	2534
7F	4919	2999	2534
7F	491A	2999	2534
7F	491C	2999	2534
7F	491D	2999	2534
7F	491E	11807	2534
7F	491F	11807	2534
7F	4921	8808	2534
7F	4923	8808	2534
7F	4925	8808	2534
7F	4927	2999	2534
7F	4928	2999	2534
7F	492B	2999	2534
7F	492C	2999	2534
7F	492D	2999	2534
7F	492E	2999	2534
7F	492F	2999	2534
7F	4930	2999	2534
7F	4931	2999	2534
7F	4932	2999	2534
7F	4933	2999	2534
7F	4936	2999	2534
7F	4937	2999	2534
7F	4938	2999	2534
7F	4939	2999	2534
7F	493A	2999	2534
7F	493B	2999	2534
7F	493C	2999	2534
7F	493D	2999	2534
7F	493E	2999	2534
7F	4940	2999	2534
7F	4956	2999	2534
7F	4957	2999	2534
7F	4958	2999	2534
7F	4959	2999	2534
7F	495A	2999	2534
7F	495B	2999	2534
7F	495E	2999	2534
7F	495F	2999	2534
7F	4961	2999	2534
7F	4962	2999	2534
7F	4963	11807	2534
7F	4964	11807	2534
7F	4966	8808	2534
7F	4968	8808	2534
7F	496A	8808	2534
7F	496C	2999	2534
7F	496D	2999	2534
7F	4970	2999	2534
7F	4971	2999	2534
7F	4972	2999	2534
7F	4973	2999	2534
7F	4974	2999	2534
7F	4975	2999	2534
7F	4976	2999	2534
7F	4977	2999	2534
7F	4978	2999	2534
7F	497B	2999	2534
7F	497C	2999	2534
7F	497D	2999	2534
7F	497E	2999	2534
7F	497F	2999	2534
7F	4980	2999	2534
7F	4981	2999	2534
7F	4982	2999	2534
7F	4983	2999	2534
7F	4985	2999	2534
7F	4987	1625	2535
7F	4988	1625	2535
7F	498B	1625	2535
7F	498C	1625	2535
7F	498D	1625	2535
7F	498E	1625	2535
7F	4990	1625	2535
7F	499B	2999	2534
7F	4C42	60	3226
7F	4C43	60	3226
7F	4C44	60	3226
7F	4C45	60	3226
7F	4C48	60	3226
7F	4C4B	60	3226
7F	4C4D	1920	3226
7F	4C4E	1920	3226
7F	4C4F	1920	3226
7F	4C50	1920	3226
7F	4C51	1920	3226
7F	4C53	60	3226
7F	4C54	60	3226
7F	4C55	60	3226
7F	4C56	60	3226
7F	7149	6	4620
7F	714A	6	4620
7F	714C	6	4620
7F	714E	6	4620
7F	7150	6	4620
7F	7153	6	4620
7F	7155	6	4620
7F	7157	6	4620
7F	7159	6	4620
7F	715C	6	4620
7F	715D	6	4620
7F	7163	6	4620
7F	7164	6	4620
7F	7165	66	4621
7F	7166	66	4621
7F	7167	66	4621
7F	7168	66	4621
7F	716E	66	4621
7F	716F	66	4621
7F	7175	66	4621
7F	7176	66	4621
7F	7177	66	4621
7F	7178	6	5391
7F	7179	6	5391
7F	717B	6	5391
7F	717D	6	5391
7F	717F	6	5391
7F	7182	6	5391
7F	7184	6	5391
7F	7186	6	5391
7F	7188	6	5391
7F	718B	6	5391
7F	718C	6	5391
7F	7192	6	5391
7F	7193	6	5391
7F	7194	66	5392
7F	7195	66	5392
7F	7196	66	5392
7F	7197	66	5392
7F	719D	66	5392
7F	719E	66	5392
7F	71A4	66	5392
7F	71A5	66	5392
7F	71A6	66	5392
7F	71A7	6	3844
7F	71A8	6	3844
7F	71AA	6	3844
7F	71AC	6	3844
7F	71AE	6	3844
7F	71B1	6	3844
7F	71B3	6	3844
7F	71B5	6	3844
7F	71B7	6	3844
7F	71BA	6	3844
7F	71BB	6	3844
7F	71C1	6	3844
7F	71C2	6	3844
7F	71C3	66	3845
7F	71C4	66	3845
7F	71C5	66	3845
7F	71C6	66	3845
7F	71CC	66	3845
7F	71CD	66	3845
7F	71D3	66	3845
7F	71D4	66	3845
7F	71D5	66	3845
7F	71D6	6	3981
7F	71D7	6	3981
7F	71D9	6	3981
7F	71DB	6	3981
7F	71DD	6	3981
7F	71E0	6	3981
7F	71E2	6	3981
7F	71E4	6	3981
7F	71E6	6	3981
7F	71E9	6	3981
7F	71EA	6	3981
7F	71F0	6	3981
7F	71F1	6	3981
7F	71F2	66	3982
7F	71F3	66	3982
7F	71F4	66	3982
7F	71F5	66	3982
7F	71FB	66	3982
7F	71FC	66	3982
7F	7202	66	3982
7F	7203	66	3982
7F	7204	66	3982
7F	7271	54	2526
7F	7272	54	2526
7F	7273	54	2526
7F	7274	54	2526
7F	7275	54	2526
7F	7276	54	2526
7F	7277	54	2526
7F	7278	54	2526
7F	7279	54	2526
7F	727B	54	2526
7F	727C	54	2526
7F	727D	54	2526
7F	727F	54	2526
7F	7282	54	2526
7F	7284	54	2526
7F	7287	54	2526
7F	7289	54	2526
7F	728C	54	2526
7F	728E	54	2526
7F	7290	54	2526
7F	7292	54	2526
7F	7294	54	2526
7F	7297	137498	2526
7F	7299	137498	2526
7F	729B	137498	2526
7F	729D	54	2526
7F	729F	54	2526
7F	72A1	54	2526
7F	72A2	54	2526
7F	72A4	54	2526
7F	72A7	54	2526
7F	72A8	54	2526
7F	72AA	54	2526
7F	72AB	54	2526
7F	72AD	54	2526
7F	72AF	54	2526
7F	72B0	53	2553
7F	72B2	53	2553
7F	72B3	53	2553
7F	72B4	53	2553
7F	72B6	53	2553
7F	72B9	53	2553
7F	72BA	53	2553
7F	72BC	53	2553
7F	72BD	53	2553
7F	72BF	53	2553
7F	72C1	53	2553
7F	7425	132	3845
7F	7426	132	3845
7F	7429	132	3845
7F	742A	132	3845
7F	742C	132	3845
7F	742E	132	3845
7F	742F	132	3845
7F	7430	132	3845
7F	7431	132	3845
7F	7432	132	3845
7F	7433	132	3845
7F	7434	132	3845
7F	7436	132	3845
7F	7437	132	3845
7F	7438	132	3845
7F	7439	132	3845
7F	743A	132	3845
7F	743C	132	3845
7F	743E	132	3845
7F	7440	132	3845
7F	7443	132	3845
7F	7444	132	3845
7F	7447	132	3845
7F	7448	132	3845
7F	744B	132	3845
7F	744C	132	3845
7F	744F	132	3845
7F	7452	132	3845
7F	7453	132	3845
7F	7456	132	3845
7F	7459	132	3845
7F	745A	132	3845
7F	745D	132	3845
7F	7460	132	3845
7F	7461	132	3845
7F	7464	132	3845
7F	7465	132	3845
7F	7466	132	3845
7F	76C4	132	3982
7F	76C5	132	3982
7F	76C8	132	3982
7F	76C9	132	3982
7F	76CB	132	3982
7F	76CD	132	3982
7F	76CE	132	3982
7F	76CF	132	3982
7F	76D0	132	3982
7F	76D1	132	3982
7F	76D2	132	3982
7F	76D3	132	3982
7F	76D5	132	3982
7F	76D6	132	3982
7F	76D7	132	3982
7F	76D8	132	3982
7F	76D9	132	3982
7F	76DB	132	3982
7F	76DD	132	3982
7F	76DF	132	3982
7F	76E2	132	3982
7F	76E3	132	3982
7F	76E6	132	3982
7F	76E7	132	3982
7F	76EA	132	3982
7F	76EB	132	3982
7F	76EE	132	3982
7F	76F1	132	3982
7F	76F2	132	3982
7F	76F5	132	3982
7F	76F8	132	3982
7F	76F9	132	3982
7F	76FC	132	3982
7F	76FF	132	3982
7F	7700	132	3982
7F	7703	132	3982
7F	7704	132	3982
7F	7705	132	3982
WRAM	C133	1354	1141	C3BA03	0	0
WRAM	CBF1	31997	17	C3BA03	1354	0
WRAM	CBF4	251743	1140	C3C416	57089	0
WRAM	CBF7	5846	44	C3ED01	0	0
WRAM	CBFA	411	44	C3B701	0	0
HRAM	FF80	31997	17	3EC0E0	0	0
HRAM	FF82	31997	17	E0463E	0	0
HRAM	FF84	31997	17	3E283D	0	0
HRAM	FF86	1279880	17	3D20FD	0	0
HRAM	FF87	1279880	17	20FDC9	0	0
HRAM	FF89	31997	17	C94F00	31017	0
HRAM	FFA8	160043	16	3E0021	72203	0
HRAM	FFAA	160043	16	21B605	160042	0
HRAM	FFAD	160043	16	C3F07B	160041	0
