# bank	addr	count	first_frame	first_bytes	changed	wram_bank
# bank = ROM bank actually mapped (2 hex digits) or WRAM/HRAM/VRAM/SRAM/OTHER; addr = CPU address of an executed instruction start
# first_bytes/changed/wram_bank are present for RAM rows only (3 bytes at addr at first execution; times they differed later; SVBK bank for D000-DFFF)
00	0040	14569	17
00	0048	472115	1140
00	0050	38096	44
00	0058	4271	44
00	0100	1	0
00	0101	1	0
00	0150	28	44
00	0152	28	44
00	0155	28	44
00	0156	28	44
00	0159	28	44
00	015A	28	44
00	015D	28	44
00	015F	3	44
00	0161	3	44
00	0162	3	44
00	0164	3	44
00	0167	3	44
00	0168	3	44
00	0169	3	44
00	016A	3	44
00	016B	28	44
00	016E	28	44
00	0170	28	44
00	0173	28	44
00	0174	28	44
00	0175	28	44
00	0176	28	44
00	0177	28	44
00	017A	28	44
00	017C	28	44
00	017D	28	44
00	017F	28	44
00	0180	28	44
00	0182	28	44
00	0185	28	44
00	0187	28	44
00	018A	28	44
00	018D	28	44
00	0190	28	44
00	0191	28	44
00	0194	28	44
00	0195	28	44
00	0198	28	44
00	0199	28	44
00	019C	28	44
00	019D	28	44
00	019E	28	44
00	019F	28	44
00	01A0	28	44
00	01A1	28	44
00	01A4	28	44
00	01A5	28	44
00	01A8	28	44
00	01AB	28	44
00	01AD	28	44
00	01B0	28	44
00	01B1	28	44
00	01B2	28	44
00	01B3	28	44
00	01B6	28	44
00	01B7	4271	44
00	01B8	4271	44
00	01B9	4271	44
00	01BA	4271	44
00	01BB	4271	44
00	01BE	4271	44
00	01BF	4271	44
00	01C0	4271	44
00	01C1	4271	44
00	01C2	4271	44
00	01C5	4271	44
00	01C7	4271	44
00	01C8	4271	44
00	01CA	4271	44
00	01CB	4271	44
00	01CD	4271	44
00	01D0	4271	44
00	01D2	4271	44
00	01D5	4271	44
00	01D8	4271	44
00	01D9	4271	44
00	01DC	4271	44
00	01DD	4271	44
00	01DE	4271	44
00	01DF	4271	44
00	01E0	4271	44
00	01E1	4271	44
00	01E4	4271	44
00	01E5	4271	44
00	01E8	4271	44
00	01E9	4271	44
00	01EA	4271	44
00	01EB	4271	44
00	01EC	4271	44
00	01ED	38096	44
00	01EE	38096	44
00	01EF	38096	44
00	01F0	38096	44
00	01F1	38096	44
00	01F2	38096	44
00	01F4	38096	44
00	01F6	38096	44
00	01F8	38096	44
00	01FA	38096	44
00	01FD	38096	44
00	01FE	38096	44
00	0200	38096	44
00	0203	38096	44
00	0205	38096	44
00	0207	38096	44
00	0209	38096	44
00	020B	38096	44
00	020D	38096	44
00	0210	38096	44
00	0211	38096	44
00	0212	38096	44
00	0213	38096	44
00	0214	38096	44
00	0217	38096	44
00	0219	38096	44
00	021A	38096	44
00	021C	38096	44
00	021D	38096	44
00	021F	38096	44
00	0222	38096	44
00	0224	38096	44
00	0227	38096	44
00	022A	38096	44
00	022B	38096	44
00	022E	38096	44
00	022F	38096	44
00	0230	38096	44
00	0231	38096	44
00	0232	38096	44
00	0233	38096	44
00	0236	38096	44
00	0237	38096	44
00	023A	38096	44
00	023C	38096	44
00	023E	38096	44
00	0240	38096	44
00	0242	38096	44
00	0243	38096	44
00	0244	38096	44
00	0245	38096	44
00	0246	38096	44
00	0278	1	0
00	0279	1	0
00	027B	1	0
00	027E	1	0
00	027F	1	0
00	0280	1	0
00	0282	1	0
00	0284	1	0
00	0286	1	0
00	0289	1	0
00	028C	1	0
00	028E	1	0
00	0290	1	0
00	0292	1	0
00	0295	1	0
00	0296	1	0
00	0299	1	0
00	029C	1	0
00	029E	1	0
00	02A0	1	0
00	02AE	1	0
00	02B0	1	0
00	02B2	1	0
00	02B5	1	0
00	02B8	1	0
00	02B9	1	0
00	02BC	1	1
00	02BE	1	1
00	02C0	6	1
00	02C1	6	1
00	02C3	6	1
00	02C6	6	1
00	02C9	6	1
00	02CA	6	1
00	02CD	6	2
00	02CE	6	2
00	02CF	6	2
00	02D1	1	5
00	02D2	1	5
00	02D4	1	5
00	02D6	1	5
00	02D9	1	5
00	02DC	1	5
00	02DD	1	5
00	02E0	1	7
00	02E3	1	7
00	02E6	1	7
00	02E7	1	7
00	02EA	1	8
00	02ED	1	8
00	02F0	1	8
00	02F3	1	8
00	02F4	1	8
00	02F7	1	8
00	02FA	1	8
00	02FB	1	8
00	02FD	1	8
00	0300	1	8
00	0302	1	8
00	0303	1	8
00	0305	1	8
00	0307	1	8
00	030A	1	8
00	030B	1	8
00	030D	1	8
00	030F	1	8
00	0311	1	8
00	0314	1	8
00	0317	1	17
00	031A	1	17
00	031B	1	17
00	031C	1	17
00	031E	1	17
00	0321	1	17
00	0322	1	17
00	0324	1	17
00	0327	1	17
00	0328	1	17
00	0331	2	16
00	0333	2	16
00	0335	2	16
00	0338	2	16
00	033A	2	16
00	033D	2	16
00	033F	2	16
00	0341	2	16
00	0344	2	16
00	0346	2	16
00	0349	2	16
00	034A	4	16
00	034C	256	16
00	034D	256	16
00	034E	256	16
00	034F	256	16
00	0351	4	16
00	0392	44026	0
00	0393	44026	0
00	0395	44026	0
00	0397	44026	0
00	0399	713	0
00	039A	44026	0
00	039D	44026	0
00	039E	44026	0
00	03A0	13377	0
00	03A2	13377	0
00	03A5	13377	0
00	03A6	13377	0
00	03A7	13377	0
00	03A8	13377	0
00	03AA	13377	0
00	03AB	13377	0
00	03AD	13377	0
00	03AF	13377	0
00	03B2	13377	0
00	03B3	13377	0
00	03B5	13377	0
00	03B6	13377	0
00	03B7	13377	0
00	03B8	44026	0
00	03B9	44026	0
00	03BA	14569	17
00	03BB	14569	17
00	03BE	14569	17
00	03BF	14569	17
00	03C1	14569	17
00	03C4	14569	17
00	03C5	14569	17
00	03C6	14569	17
00	03C7	14569	17
00	03CA	14569	17
00	03CB	14569	17
00	03CD	14569	17
00	03D0	14569	17
00	03D3	14569	17
00	03D5	14569	17
00	03D7	14569	17
00	03D9	13858	17
00	03DA	14569	17
00	03DD	14569	17
00	03DE	14569	17
00	03E0	14569	17
00	03E2	11	6206
00	03E3	11	6206
00	03E4	11	6206
00	03E6	11	6206
00	03E7	11	6206
00	03E9	11	6206
00	0400	14569	17
00	0401	14569	17
00	0404	14569	17
00	0406	14569	17
00	0408	14569	17
00	040A	13188	17
00	040B	14569	17
00	040E	14569	17
00	040F	14569	17
00	0411	14569	17
00	0413	18	104
00	0414	18	104
00	0415	18	104
00	0417	18	104
00	0418	18	104
00	041A	18	104
00	042E	14569	17
00	042F	14569	17
00	0432	14569	17
00	0433	14569	17
00	0435	1195	17
00	0437	1195	17
00	0438	1195	17
00	043A	1195	17
00	043B	1195	17
00	043E	1195	17
00	0440	13374	18
00	0441	13374	18
00	0443	13374	18
00	0446	14569	17
00	0447	14569	17
00	0448	14569	17
00	0449	14569	17
00	044A	14569	17
00	044B	8557	43
00	044C	8557	43
00	044E	8557	43
00	0450	8557	43
00	0452	8557	43
00	0453	312433	43
00	0454	312432	44
00	0455	312432	44
00	0458	312432	44
00	0459	312432	44
00	045B	8556	44
00	045C	8556	44
00	045F	8556	44
00	0462	8556	44
00	0463	8556	44
00	0464	4688	2604
00	0465	4688	2604
00	0467	4688	2604
00	0469	4688	2604
00	046B	4688	2604
00	046C	25620	2604
00	046D	25620	2605
00	046E	25620	2605
00	0471	25620	2605
00	0472	25620	2605
00	0474	4688	2605
00	0475	4688	2605
00	0478	4688	2605
00	0479	4688	2605
00	047A	552	28
00	047B	552	28
00	047D	552	28
00	047F	552	28
00	0481	9286	28
00	0482	9286	28
00	0483	9286	29
00	0484	9286	29
00	0485	9286	29
00	0488	9286	29
00	0489	9286	29
00	048B	632	29
00	048D	632	29
00	048F	632	29
00	0491	552	29
00	0492	552	29
00	0495	552	29
00	0496	552	29
00	0497	80	1730
00	0498	80	1730
00	049B	80	1730
00	049E	80	1730
00	04A0	2	16
00	04A2	2	16
00	04A5	2	16
00	04A7	2	16
00	04AA	2	16
00	04AC	2	16
00	04AF	2	16
00	04B1	2	16
00	04B4	2	16
00	04B6	2	16
00	04B9	2	16
00	04BB	2	16
00	04BE	2	16
00	04C0	2	16
00	04C3	2	16
00	04C5	2	16
00	04C8	2	16
00	04CA	2	16
00	04CD	2	16
00	04CF	2	16
00	04D2	2	16
00	04D4	2	16
00	04D7	2	16
00	04D8	147	0
00	04D9	147	0
00	04DA	147	0
00	04DC	9386	8
00	04DD	9386	8
00	04DE	9386	8
00	04E0	92	8
00	04E1	55	0
00	04E2	55	0
00	04E3	55	0
00	04E5	2	8
00	04E6	168672	0
00	04E7	168672	0
00	04E8	168672	0
00	04EA	659	0
00	04EB	659	0
00	04ED	55	1
00	050C	131	26
00	050D	131	26
00	050E	131	26
00	0510	10376	26
00	0511	10376	26
00	0512	10376	26
00	0513	10376	26
00	0514	10376	26
00	0516	112	26
00	0517	19	324
00	0518	19	324
00	0519	19	324
00	051B	18	2637
00	051C	6208	324
00	051D	6208	324
00	051E	6208	324
00	051F	6208	324
00	0520	6208	324
00	0522	37	324
00	0523	37	324
00	0525	19	324
00	0526	6	3294
00	0527	6	3294
00	0528	6	3294
00	0531	6	3294
00	0532	6	3294
00	0533	6	3294
00	0535	6	3294
00	0536	1728	3294
00	0537	1728	3294
00	0538	1728	3294
00	0539	1728	3294
00	053A	1728	3294
00	053C	12	3294
00	053D	12	3294
00	053F	6	3294
00	0545	7914	27
00	0546	7914	27
00	0547	7914	27
00	0548	7914	27
00	054A	7914	27
00	054B	7914	27
00	054C	7914	27
00	054D	7914	27
00	054E	7914	27
00	054F	7914	27
00	0550	7914	27
00	056A	5887	1142
00	056C	5887	1142
00	056D	5887	1142
00	056E	5887	1142
00	0570	5887	1142
00	0572	5887	1142
00	0573	5887	1142
00	0575	5887	1142
00	0578	5880	1142
00	057A	5880	1142
00	057D	5880	1142
00	057F	5880	1142
00	0582	5880	1142
00	0584	5880	1142
00	0587	5880	1142
00	0589	5880	1142
00	059B	7	1728
00	059C	7	1728
00	059F	3	8
00	05A2	3	8
00	05A5	30	8
00	05A6	30	8
00	05A7	30	8
00	05A8	30	8
00	05A9	30	8
00	05AB	3	8
00	05B6	36	28
00	05B8	36	28
00	05BA	36	28
00	05BC	36	28
00	05BD	11	0
00	05BF	11	0
00	05C1	11	0
00	05C2	11	0
00	05C3	11	0
00	05C5	11	0
00	05C7	11	0
00	05C9	10	5790
00	05CB	10	5790
00	05CC	10	5790
00	05CE	10	5790
00	05D0	10	5790
00	05D2	25944	5790
00	05D4	25944	5790
00	05D6	25944	5790
00	05D8	30	5791
00	05DA	30	5791
00	05DC	10	5791
00	05DE	10	5791
00	05E0	10	5791
00	05E2	10	5791
00	05E3	10	5791
00	05E5	10	5791
00	05E6	10	5791
00	05E8	10	5791
00	05E9	10	5791
00	05EC	10	5791
00	05ED	1	0
00	05EF	1	0
00	05F1	1	0
00	05F3	1	0
00	05F5	1	0
00	05F7	1	0
00	05F9	1	0
00	05FB	1	0
00	05FD	1	0
00	05FE	1	0
00	0601	1	0
00	0602	1	0
00	0603	1	0
00	0605	1	0
00	0606	1	0
00	0608	1	0
00	0609	1	0
00	060A	1	0
00	060C	1	0
00	060E	1	0
00	0610	1	0
00	0611	1	0
00	0613	1	0
00	0615	1	0
00	0617	1	0
00	0619	1	0
00	061B	1	0
00	061C	1	0
00	061E	1	0
00	061F	1	0
00	0621	1	0
00	0622	86895	16
00	0623	86895	16
00	0624	72099	16
00	0626	72099	16
00	0628	2124	1140
00	062A	2124	1140
00	062C	2124	1140
00	062E	2124	1140
00	0630	2124	1140
00	0637	69975	16
00	0639	69975	16
00	063C	69975	16
00	063D	19853	26
00	063E	19853	26
00	063F	1672	26
00	0641	1672	26
00	0643	167	26
00	0645	167	26
00	0647	167	26
00	0649	167	26
00	064B	167	26
00	0652	1505	2645
00	0654	1505	2645
00	0657	1505	2645
00	0658	18179	43
00	0659	18179	43
00	065A	18179	43
00	065C	18179	43
00	066D	18179	43
00	066F	18179	43
00	0672	18179	43
00	0673	41892	16
00	0675	41892	16
00	0681	41892	16
00	0683	41892	16
00	0684	2	16
00	0686	2	16
00	0688	2	16
00	068A	2	16
00	068C	2	16
00	068E	2	16
00	0690	2	16
00	0691	2	16
00	0693	2	16
00	0695	2	16
00	0697	2	16
00	0699	2	16
00	069B	2	16
00	069D	2	16
00	069F	2	16
00	06A1	2	16
00	06A3	2	16
00	06A5	2	16
00	06A7	2	16
00	06AA	2	16
00	06AB	2	16
00	06AD	2	16
00	06B0	2	16
00	06B2	2	16
00	06B4	2	16
00	06B6	2	16
00	06BC	57	26
00	06BE	57	26
00	06BF	57	26
00	06C1	57	26
00	06C2	57	26
00	06C4	57	26
00	06C5	57	26
00	06C6	57	26
00	06C8	57	26
00	06C9	57	26
00	06CB	57	26
00	06CD	57	26
00	06CF	57	26
00	06D1	41835	16
00	06D3	41835	16
00	06D4	41835	16
00	06D6	41835	16
00	06D7	41835	16
00	06D9	41835	16
00	06DA	41835	16
00	06DB	41835	16
00	06DD	41835	16
00	06DE	41835	16
00	06E0	41835	16
00	06E1	41835	16
00	06E3	41835	16
00	06EE	41892	16
00	06EF	41892	16
00	06F2	41892	16
00	06F3	41892	16
00	06F4	41892	16
00	06F6	41892	16
00	06F7	41892	16
00	06F9	41892	16
00	06FC	41892	16
00	06FF	41888	16
00	0701	41888	16
00	0702	41888	16
00	0704	41888	16
00	0705	41888	16
00	0707	41888	16
00	0708	41888	16
00	0709	41888	16
00	070C	41888	16
00	070D	41888	16
00	070E	41888	16
00	0710	41888	16
00	0711	41888	16
00	0713	41888	16
00	0749	334	26
00	074B	334	26
00	074E	334	26
00	074F	334	26
00	0751	334	26
00	0752	334	26
00	0754	334	26
00	0755	334	26
00	0757	334	26
00	0758	334	26
00	075A	334	26
00	075C	334	26
00	075D	334	26
00	075F	334	26
00	0761	334	26
00	0763	334	26
00	0764	334	26
00	0766	334	26
00	0768	334	26
00	076A	431888	26
00	076C	431888	26
00	076E	431888	26
00	0770	310	27
00	0771	310	27
00	0773	334	27
00	0774	334	27
00	0776	334	27
00	0777	334	27
00	0779	334	27
00	077A	209	6575
00	077C	209	6575
00	077E	209	6575
00	0780	2	6575
00	0782	2	6575
00	0785	2	6575
00	0787	470	23
00	0789	470	23
00	078C	470	23
00	078D	470	23
00	078F	470	23
00	0790	470	23
00	0792	470	23
00	0793	470	23
00	0795	470	23
00	0796	470	23
00	0798	470	23
00	079A	470	23
00	079B	470	23
00	079D	470	23
00	079F	470	23
00	07A1	470	23
00	07A2	470	23
00	07A4	470	23
00	07A6	470	23
00	07A8	1315140	23
00	07AA	1315140	23
00	07AC	1315140	23
00	07AE	423	24
00	07AF	423	24
00	07B1	470	24
00	07B2	470	24
00	07B4	470	24
00	07B5	470	24
00	07B8	470	24
00	07BA	470	24
00	07BB	1143	2610
00	07BD	1143	2610
00	07BF	1143	2610
00	07C1	6	2610
00	07C4	6	2610
00	07C6	6	2610
00	07C9	6	2610
00	07CB	10	330
00	07CC	10	330
00	07CE	10	330
00	07D0	10	330
00	07D2	10	330
00	07D3	10	330
00	07D5	10	330
00	07D6	10	330
00	07D8	10	330
00	07D9	10	330
00	07DB	10	330
00	07DC	10	330
00	07DF	10	330
00	07E1	10	330
00	07E3	10	330
00	07E6	10	330
00	07E7	10	330
00	07EA	10	331
00	07EB	10	331
00	07ED	10	331
00	07EF	10	331
00	07F2	10	331
00	07F3	10	331
00	07F6	10	331
00	07F7	10	331
00	07FA	10	331
00	082C	133	26
00	082D	133	26
00	082F	133	26
00	0831	133	26
00	0833	133	26
00	0834	133	26
00	0836	133	26
00	0837	133	26
00	0839	133	26
00	083A	133	26
00	083C	133	26
00	083F	133	26
00	0841	133	26
00	0843	133	26
00	0846	133	26
00	0847	133	26
00	084A	133	27
00	084B	133	27
00	084D	133	27
00	084F	133	27
00	0852	133	27
00	0853	133	27
00	0856	133	27
00	0857	133	27
00	085A	133	27
00	085B	8	3438
00	085C	8	3438
00	085E	8	3438
00	0860	8	3438
00	0862	8	3438
00	0863	8	3438
00	0865	8	3438
00	0866	8	3438
00	0868	8	3438
00	0869	8	3438
00	086B	8	3438
00	086E	8	3438
00	0870	8	3438
00	0872	8	3438
00	0875	8	3438
00	0876	8	3438
00	0879	8	3439
00	087A	8	3439
00	087C	8	3439
00	087E	8	3439
00	0881	8	3439
00	0882	8	3439
00	0885	8	3439
00	0886	8	3439
00	0887	10	5791
00	0888	10	5791
00	088A	10	5791
00	088C	10	5791
00	088E	10	5791
00	088F	10	5791
00	0891	10	5791
00	0893	10	5791
00	0895	10	5791
00	0896	10	5791
00	0898	10	5791
00	089B	10	5791
00	089D	10	5791
00	089F	10	5791
00	08A2	10	5791
00	08A3	10	5791
00	08A6	10	5791
00	08A7	10	5791
00	08A9	10	5791
00	08AB	10	5791
00	08AE	10	5791
00	08AF	10	5791
00	08B2	10	5791
00	08B3	10	5791
00	08B6	10	5791
00	08B7	167	26
00	08B9	167	26
00	08BB	167	26
00	08BC	159	26
00	08BE	159	26
00	08C0	159	26
00	08C1	1060	2614
00	08C3	1060	2614
00	08C5	1060	2614
00	08C7	5	2614
00	08C8	5	2614
00	08EA	68	26
00	08ED	68	26
00	08EF	68	26
00	08F2	68	26
00	08F3	68	26
00	08F5	68	26
00	08F6	68	26
00	08F7	68	26
00	08FA	68	26
00	08FB	68	26
00	08FC	68	26
00	08FD	68	26
00	08FF	68	26
00	0900	68	26
00	0903	68	26
00	0904	42466	26
00	0905	42466	26
00	0906	42466	26
00	0907	42466	26
00	0908	42466	26
00	090A	2832	26
00	090C	2832	26
00	090D	2832	26
00	090F	2832	26
00	0910	2832	26
00	0912	2832	26
00	0913	2832	26
00	0914	2832	26
00	0916	2832	26
00	0917	2832	26
00	0918	2832	26
00	0919	2832	26
00	091B	334	26
00	091C	12	1120
00	091F	12	1120
00	0920	12	1120
00	0922	832	1120
00	0923	832	1120
00	0924	832	1120
00	0925	832	1120
00	0926	832	1120
00	0927	832	1120
00	0929	44	1120
00	092B	44	1120
00	092C	44	1120
00	092E	44	1120
00	092F	44	1120
00	0931	44	1120
00	0932	44	1120
00	0933	44	1120
00	0935	44	1120
00	0936	44	1120
00	0937	44	1120
00	0938	44	1120
00	093A	12	1120
00	0956	13226	43
00	0958	13226	43
00	095B	13226	43
00	095E	13226	43
00	095F	13226	43
00	0960	13226	43
00	0961	13226	43
00	0962	13226	43
00	0964	13226	43
00	0966	13226	43
00	0967	13226	43
00	0969	13226	43
00	096B	13226	43
00	096D	13226	43
00	096F	13226	43
00	0972	13226	43
00	0975	13226	43
00	0977	185164	43
00	0978	185164	43
00	0979	185164	43
00	097C	185164	43
00	097D	185164	43
00	097E	185164	43
00	0980	185164	43
00	0981	185164	43
00	0982	185164	43
00	0983	185164	43
00	0985	185164	43
00	0987	18179	43
00	0988	18179	43
00	098A	18179	43
00	098D	185164	43
00	098E	185164	43
00	098F	185164	43
00	0992	185164	43
00	0993	185164	43
00	0996	185164	43
00	0997	185164	43
00	0998	185164	43
00	0999	185164	43
00	099B	13226	43
00	099C	13226	43
00	099F	13226	43
00	09A0	13226	43
00	09A2	13226	43
00	09A4	13226	43
00	09A5	13226	43
00	09A8	13226	43
00	09AA	13226	43
00	09AB	13226	43
00	09AD	13226	43
00	09AF	13226	43
00	09B1	13226	43
00	09B2	13226	43
00	09B3	13226	43
00	09B4	13226	43
00	09B5	13226	43
00	09B6	30	22
00	09B9	30	23
00	09BA	30	23
00	09BB	30	23
00	09BC	30	23
00	09BE	30	23
00	09C0	30	23
00	09C1	30	23
00	09C3	30	23
00	09C5	30	23
00	09C7	30	23
00	09C9	30	23
00	09CA	30	23
00	09CC	30	23
00	09CE	30	23
00	09D1	30	23
00	09D4	30	23
00	09D6	30	23
00	09D9	30	23
00	09DB	30	23
00	09DC	30	23
00	09DE	30	23
00	09E0	30	23
00	09E2	30	23
00	09E3	30	23
00	09E4	30	23
00	09E5	30	23
00	09E6	4	3300
00	09E7	4	3300
00	09E8	4	3300
00	09EA	4	3300
00	09EC	4	3300
00	09ED	4	3300
00	09EF	4	3300
00	09F1	4	3300
00	09F3	4	3300
00	09F5	4	3300
00	09F8	4	3300
00	09FA	4	3300
00	09FD	4	3300
00	09FF	4	3300
00	0A00	4	3300
00	0A02	4	3300
00	0A04	4	3300
00	0A06	4	3300
00	0A07	4	3300
00	0A08	4	3300
00	0A09	13256	22
00	0A0A	13256	22
00	0A0B	13256	22
00	0A0C	13256	22
00	0A0E	13256	22
00	0A11	13256	22
00	0A12	2120960	22
00	0A13	2120960	22
00	0A14	2120960	22
00	0A16	13256	23
00	0A17	13256	23
00	0A18	13256	23
00	0A19	13256	23
00	0A1A	1507	2645
00	0A1B	1507	2645
00	0A1D	1507	2645
00	0A1E	1507	2645
00	0A1F	1507	2645
00	0A20	1507	2645
00	0A21	1507	2645
00	0A22	1507	2645
00	0A24	1507	2645
00	0A25	1507	2645
00	0A26	1507	2645
00	0A27	1507	2645
00	0A28	1507	2645
00	0A29	1507	2645
00	0A45	6	2640
00	0A47	6	2640
00	0A49	6	2640
00	0A4B	6	2640
00	0A4C	6	2640
00	0A4E	6	2640
00	0A50	6	2640
00	0A52	6	2640
00	0A54	6	2640
00	0A55	6	2640
00	0A56	6	2640
00	0A57	6	2640
00	0A58	6	2640
00	0A5A	6	2640
00	0A5B	6	2640
00	0A5D	6	2640
00	0A5E	6	2640
00	0A60	6	2640
00	0A62	6	2640
00	0A64	6	2640
00	0A65	54	26
00	0A66	54	26
00	0A68	54	26
00	0A6A	54	26
00	0A6B	54	26
00	0A6D	54	26
00	0A6F	54	26
00	0A71	54	26
00	0A73	54	26
00	0A74	54	26
00	0A75	54	26
00	0A76	54	26
00	0A77	54	26
00	0A79	54	26
00	0A7A	54	26
00	0A7C	54	26
00	0A7E	54	26
00	0A80	54	26
00	0A81	54	26
00	0A82	49	26
00	0A84	49	26
00	0A86	49	26
00	0A87	49	26
00	0A89	49	26
00	0A8A	49	26
00	0A8B	49	26
00	0A8D	49	26
00	0A8F	49	26
00	0A92	49	26
00	0A94	49	26
00	0A96	49	26
00	0A98	49	26
00	0A9B	49	26
00	0A9C	49	26
00	0A9F	49	26
00	0AA0	49	26
00	0AA1	49	26
00	0AA4	49	26
00	0AA5	49	26
00	0AA7	49	26
00	0AA8	49	26
00	0AA9	49	26
00	0AAA	49	26
00	0AAB	49	26
00	0AAE	49	26
00	0AB0	49	26
00	0AB1	49	26
00	0AB3	49	26
00	0AB5	49	26
00	0AB7	49	26
00	0AB8	49	26
00	0AB9	49	26
00	0ABA	49	26
00	0ABB	49	26
00	0ABD	49	26
00	0ABE	49	26
00	0ABF	49	26
00	0AC0	49	26
00	0AC1	49	26
00	0AC3	49	26
00	0AC4	49	26
00	0AC5	49	26
00	0AC6	49	26
00	0AC7	49	26
00	0AC8	49	26
00	0AC9	49	26
00	0ACA	49	26
00	0ACB	49	26
00	0ACC	49	26
00	0ACD	49	26
00	0ACE	49	26
00	0ACF	49	26
00	0AD0	49	26
00	0AD1	49	26
00	0AD2	49	26
00	0AD3	49	26
00	0AD4	49	26
00	0AD5	49	26
00	0AD6	49	26
00	0AD7	49	26
00	0AD8	49	26
00	0AD9	49	26
00	0ADA	49	26
00	0ADB	49	26
00	0ADC	49	26
00	0ADD	49	26
00	0ADE	49	26
00	0ADF	49	26
00	0AE0	49	26
00	0AE1	49	26
00	0AE4	49	26
00	0AE5	49	26
00	0AE6	49	26
00	0AE7	49	26
00	0AE8	185164	43
00	0AE9	185164	43
00	0AEA	185164	43
00	0AED	185164	43
00	0AEE	185164	43
00	0AEF	185164	43
00	0AF1	185164	43
00	0AF3	18179	43
00	0AF4	18179	43
00	0AF6	17549	43
00	0AF9	17549	43
00	0AFA	17549	43
00	0AFB	17549	43
00	0AFC	17549	43
00	0AFE	17006	43
00	0AFF	17006	43
00	0B00	17006	43
00	0B02	2513	62
00	0B03	2513	62
00	0B04	2513	62
00	0B05	2513	62
00	0B06	2513	62
00	0B07	2513	62
00	0B08	2513	62
00	0B0A	1969	62
00	0B0B	1969	62
00	0B0C	1969	62
00	0B0D	1969	62
00	0B0E	1969	62
00	0B0F	1969	62
00	0B10	1969	62
00	0B11	1969	62
00	0B13	1147	122
00	0B14	1147	122
00	0B17	1147	122
00	0B18	1147	122
00	0B1A	1147	122
00	0B1C	2	1142
00	0B1D	2	1142
00	0B1E	2	1142
00	0B1F	2	1142
00	0B20	2	1142
00	0B21	2	1142
00	0B23	1967	62
00	0B24	1967	62
00	0B25	1967	62
00	0B26	1967	62
00	0B28	1967	62
00	0B29	1967	62
00	0B2A	1967	62
00	0B2B	1967	62
00	0B2C	1967	62
00	0B2D	1967	62
00	0B2E	1967	62
00	0B2F	1967	62
00	0B32	1967	62
00	0B33	1967	62
00	0B34	1967	62
00	0B35	1967	62
00	0B36	185164	43
00	0B37	185164	43
00	0B38	185164	43
00	0B3B	185164	43
00	0B3C	185164	43
00	0B3D	185164	43
00	0B3E	185164	43
00	0B3F	185164	43
00	0B40	185164	43
00	0B41	185164	43
00	0B43	185164	43
00	0B45	18181	43
00	0B48	18181	43
00	0B49	18181	43
00	0B4A	18181	43
00	0B4C	1507	2645
00	0B4D	1507	2645
00	0B4E	1507	2645
00	0B51	1507	2645
00	0B52	1507	2645
00	0B53	1507	2645
00	0B54	1507	2645
00	0B56	1507	2645
00	0B58	1507	2645
00	0B5A	1507	2645
00	0B5B	1507	2645
00	0B5C	1507	2645
00	0B5F	1507	2645
00	0B60	1507	2645
00	0B61	1507	2645
00	0B64	1507	2645
00	0B65	1507	2645
00	0B66	1507	2645
00	0B67	1507	2645
00	0B69	1507	2645
00	0B6B	1505	2645
00	0B6C	1505	2645
00	0B6E	1505	2645
00	0B71	185164	43
00	0B72	185164	43
00	0B73	185164	43
00	0B74	185164	43
00	0B75	185164	43
00	0B78	185164	43
00	0B79	185164	43
00	0B7A	185164	43
00	0B7C	185164	43
00	0B7D	185164	43
00	0B7F	185164	43
00	0B80	185164	43
00	0B81	185164	43
00	0B83	185164	43
00	0B84	185164	43
00	0B85	185164	43
00	0B87	185164	43
00	0B88	185164	43
00	0B89	185164	43
00	0B8A	185164	43
00	0B8B	185164	43
00	0B8C	185164	43
00	0B8D	185164	43
00	0B8F	185164	43
00	0B91	18179	43
00	0B92	18179	43
00	0B94	18179	43
00	0B95	18179	43
00	0B96	18179	43
00	0B97	18179	43
00	0B98	18179	43
00	0B99	18179	43
00	0B9A	18179	43
00	0B9B	18179	43
00	0B9C	18179	43
00	0B9D	125456	43
00	0B9E	125456	43
00	0B9F	125456	43
00	0BA0	125456	43
00	0BA1	125456	43
00	0BA2	125456	43
00	0BA3	125456	43
00	0BA4	125456	43
00	0BA5	125456	43
00	0BA6	125456	43
00	0BA7	125456	43
00	0BA8	125456	43
00	0BA9	125456	43
00	0BAA	125456	43
00	0BAC	125456	43
00	0BAD	125456	43
00	0BAF	125456	43
00	0BB0	125456	43
00	0BB1	125456	43
00	0BB2	125456	43
00	0BB3	125456	43
00	0BB4	125456	43
00	0BB5	125456	43
00	0BB6	125456	43
00	0BB7	125456	43
00	0BB8	125456	43
00	0BBA	17445	43
00	0BBB	166985	43
00	0BBC	166985	43
00	0BFC	37	1119
00	0BFF	37	1119
00	0C01	37	1119
00	0C02	296	1119
00	0C03	296	1119
00	0C05	9	1171
00	0C06	296	1119
00	0C08	296	1119
00	0C0A	296	1119
00	0C0B	296	1119
00	0C0D	37	1119
00	0D67	108	6254
00	0D68	108	6254
00	0D69	108	6254
00	0D6A	108	6254
00	0D6B	108	6254
00	0D6E	108	6254
00	0D70	1728	6254
00	0D71	1728	6254
00	0D73	1728	6254
00	0D75	1728	6254
00	0D76	1728	6254
00	0D77	1728	6254
00	0D78	1728	6254
00	0D79	1728	6254
00	0D7A	1728	6254
00	0D7B	1728	6254
00	0D7C	1728	6254
00	0D7D	1728	6254
00	0D7E	1728	6254
00	0D7F	1728	6254
00	0D80	1728	6254
00	0D81	1728	6254
00	0D83	1728	6254
00	0D84	1728	6254
00	0D87	1728	6254
00	0D88	1728	6254
00	0D89	1728	6254
00	0D8B	108	6254
00	0D8C	108	6254
00	0D8D	108	6254
00	0D8E	108	6254
00	0D8F	108	6254
00	0D90	108	6254
00	0D91	108	6254
00	0E93	10052	2605
00	0E94	10052	2605
00	0E96	10052	2605
00	0E98	10052	2605
00	0E9A	4884	2605
00	0E9C	4884	2605
00	0E9D	4884	2605
00	0E9F	4884	2605
00	0EA1	4884	2605
00	0EA3	4884	2605
00	0EA6	4884	2605
00	0EA8	4884	2605
00	0EA9	4884	2605
00	0EAB	4884	2605
00	0EAD	4884	2605
00	0EAE	4884	2605
00	0EB0	4884	2605
00	0EB1	4884	2605
00	0EB2	5168	2605
00	0EB4	5168	2605
00	0EB5	5168	2605
00	0EB8	5168	2605
00	0EBA	5168	2605
00	0EBB	5168	2605
00	0EBD	5168	2605
00	0EBF	5168	2605
00	0EC1	5168	2605
00	0EC3	5168	2605
00	0EC6	5168	2605
00	0EC7	5168	2605
00	0EC9	3559	2605
00	0ECC	5168	2605
00	0ECD	5168	2605
00	0ECF	5168	2605
00	0ED1	5168	2605
00	0ED2	5168	2605
00	14BF	114	6117
00	14C0	114	6117
00	14C1	114	6117
00	14C2	114	6117
00	14C3	114	6117
00	14C5	12	6117
00	151A	1	324
00	151B	1	324
00	151C	1	324
00	151E	16	324
00	151F	16	324
00	1521	15	324
00	1522	15	324
00	1523	15	324
00	1525	15	324
00	1526	15	324
00	1527	15	324
00	1528	15	324
00	152A	15	324
00	152B	15	324
00	152C	15	324
00	152E	1	324
00	152F	1	324
00	1530	1	324
00	1531	1	324
00	1532	1	324
00	1620	3255	326
00	1622	3255	326
00	1624	501	326
00	1626	501	326
00	1628	41	5037
00	162A	41	5037
00	162C	41	5037
00	162D	41	5037
00	162F	41	5037
00	1631	41	5037
00	1633	41	5037
00	1634	41	5037
00	1636	41	5037
00	1637	41	5037
00	1639	41	5037
00	163B	41	5037
00	163D	41	5037
00	163E	460	326
00	1640	460	326
00	1642	460	326
00	1643	460	326
00	1645	460	326
00	1647	460	326
00	164A	460	326
00	164C	460	326
00	164E	460	326
00	1651	460	326
00	1652	460	326
00	1655	460	326
00	1656	460	326
00	1658	460	326
00	165B	460	326
00	165D	460	326
00	165E	460	326
00	1660	460	326
00	1663	460	326
00	1665	460	326
00	1668	460	326
00	1669	2754	1138
00	166A	2754	1138
00	166C	2754	1138
00	166E	2754	1138
00	1670	2754	1138
00	1671	2754	1138
00	1673	2754	1138
00	1675	2754	1138
00	1678	2754	1138
00	1679	2754	1138
00	167B	2754	1138
00	167C	2754	1138
00	167E	2754	1138
00	1681	2754	1138
00	1683	2754	1138
00	16A2	99	1772
00	16A5	99	1772
00	16A7	99	1772
00	16AA	99	1772
00	16AB	99	1772
00	16AD	99	1772
00	16AE	99	1772
00	16AF	99	1772
00	16B2	99	1772
00	16B3	99	1772
00	16B4	99	1772
00	16B7	99	1772
00	16B8	99	1772
00	16BB	99	1772
00	16BC	99	1772
00	16BD	99	1772
00	16BF	99	1772
00	16C0	99	1772
00	16C3	99	1772
00	16C4	462063	1140
00	16C5	462063	1140
00	16C7	462063	1140
00	16C9	462063	1140
00	16CB	458854	1140
00	16CC	458854	1140
00	16CD	3209	1140
00	16D0	3209	1140
00	16D2	3209	1140
00	16D3	3209	1140
00	16D4	3211	1141
00	16D5	3211	1141
00	16D6	3211	1141
00	16D8	3211	1141
00	16D9	3211	1141
00	1711	1	17
00	1713	1	17
00	1715	1	17
00	1716	1	17
00	1718	1	17
00	171A	1	17
00	171C	1	17
00	171F	1	17
00	1722	1	22
00	1724	1	22
00	1725	1	22
00	1727	1	22
00	172A	1	22
00	172C	1	22
00	20A0	1	8
00	20A3	1	8
00	20A6	14547	0
00	20A9	14546	17
00	20AC	37	83
00	20AF	37	83
00	20B2	4	1142
00	20B5	4	1142
00	20C4	1	323
00	20C7	1	323
00	20E8	23	43
00	20EB	23	43
00	20EE	14612	8
00	20F0	14612	8
00	20F3	14612	8
00	20F5	14612	8
00	20F8	30604	8
00	20FA	30604	8
00	20FD	30604	8
00	20FF	61208	8
00	2101	61208	8
00	2104	61208	8
00	2105	61208	8
00	2107	61208	8
00	210A	61208	8
00	210B	14612	8
00	210E	14612	8
00	2111	14612	8
00	2114	14612	8
00	2116	65	43
00	2119	65	43
00	211B	65	43
00	211D	14611	17
00	211F	14611	17
00	2120	14611	17
00	2123	14611	17
00	2124	14611	17
00	2125	1	0
00	2126	1	0
00	2128	1	0
00	2129	14547	0
00	212C	14547	0
00	212E	14547	0
00	2130	1	0
00	2132	1	0
00	2141	14611	17
00	2144	14611	17
00	2146	14611	17
00	2148	14611	17
00	214B	14611	17
00	214D	14611	17
00	214E	14611	17
00	215E	5687	44
00	2161	5687	44
00	2164	5687	44
00	2167	5687	44
00	216A	5687	44
00	216B	5687	44
00	216C	5687	44
00	216F	10305	44
00	2172	10305	44
00	2175	10305	44
00	2178	10305	44
00	217B	10305	44
00	217C	10305	44
00	217D	10305	44
00	217E	10305	44
00	217F	10305	44
00	2180	10305	44
04	4000	1	8
04	4002	1	8
04	4005	1	8
04	4008	1	8
04	4009	1	8
04	400C	1	8
04	400D	1	8
04	4010	1	8
04	4012	1	8
04	4013	63	8
04	4014	63	8
04	4015	63	8
04	4017	1	8
04	4018	1	8
04	401B	1	8
04	401C	1	8
04	401F	1	8
04	4021	1	8
04	4024	1	8
04	4027	1	8
04	402A	1	8
04	402D	1	8
04	402F	1	8
04	4032	1	8
04	4035	1	8
04	4037	1	8
04	403A	1	8
04	403B	1	8
04	403D	1	8
04	4040	1	8
04	4043	8	8
04	4044	8	8
04	4045	8	8
04	4046	8	8
04	4048	1	8
04	4049	1	8
04	404B	1	8
04	404E	1	8
04	4051	4	8
04	4052	4	8
04	4053	4	8
04	4054	4	8
04	4056	1	8
04	4058	1	8
04	405A	1	8
04	405C	1	8
04	405E	1	8
04	4060	1	8
04	4062	1	8
04	4064	1	8
04	4066	1	8
04	4068	1	8
04	406A	1	8
04	406C	1	8
04	406E	1	8
04	4070	1	8
04	4072	1	8
04	4074	1	8
04	4076	1	8
04	4078	1	8
04	407A	1	8
04	407C	1	8
04	407F	1	8
04	4082	14546	17
04	4083	14546	17
04	4084	14546	17
04	4087	14546	17
04	408A	14546	17
04	408C	14546	17
04	408F	14546	17
04	4090	14546	17
04	4091	14546	17
04	4092	14546	17
04	4094	14546	17
04	4095	14546	17
04	4096	14546	17
04	4097	14546	17
04	4099	14546	17
04	409A	14546	17
04	409B	14546	17
04	409D	14546	17
04	40AC	14546	17
04	40AD	14546	17
04	40AE	14546	17
04	40B1	58184	17
04	40B4	58184	17
04	40B7	58184	17
04	40B9	14546	17
04	40BC	58184	17
04	40BF	58184	17
04	40C2	58184	17
04	40C4	14546	17
04	40C7	14546	17
04	40C8	14546	17
04	40CA	14546	17
04	40CB	14546	17
04	40CC	14546	17
04	40CE	14546	17
04	40D0	14546	17
04	40D3	14546	17
04	40D5	14546	17
04	40D8	14546	17
04	40D9	14546	17
04	40DA	14546	17
04	40DB	14546	17
04	40DD	14546	17
04	40DE	14546	17
04	40DF	14546	17
04	40E0	14546	17
04	40E2	14546	17
04	40E3	14546	17
04	40E4	14546	17
04	40E6	14546	17
04	40E8	906	503
04	40EB	3624	503
04	40EE	3624	503
04	40F1	3624	503
04	40F3	906	503
04	40F5	14123	17
04	40F6	14123	17
04	40F7	14123	17
04	40FA	56492	17
04	40FD	56492	17
04	4100	56492	17
04	4102	14123	17
04	4105	56492	17
04	4108	56492	17
04	410B	56492	17
04	410D	14123	17
04	4110	14123	17
04	4111	14123	17
04	4113	14123	17
04	4114	14123	17
04	4115	14123	17
04	4117	14123	17
04	4119	14546	17
04	411C	58184	17
04	411F	58184	17
04	4122	58184	17
04	4124	14546	17
04	4127	14546	17
04	4128	14546	17
04	412A	970	17
04	412C	14546	17
04	412D	14546	17
04	4130	14546	17
04	4132	14546	17
04	4135	14546	17
04	4138	116368	17
04	4139	116368	17
04	413B	116368	17
04	413C	116368	17
04	413D	116368	17
04	413F	116368	17
04	4140	116368	17
04	4141	116368	17
04	4143	14546	17
04	4144	14546	17
04	4147	14546	17
04	4148	14546	17
04	4149	14546	17
04	414C	14583	17
04	414F	14583	17
04	4151	14583	17
04	4153	15051	17
04	4156	15051	17
04	4158	15051	17
04	415F	29634	17
04	4162	29634	17
04	4163	29634	17
04	4164	29634	17
04	4165	29634	17
04	4166	29634	17
04	4167	118398	17
04	416A	118398	17
04	416B	118398	17
04	416C	88801	17
04	416D	88801	17
04	416F	88801	17
04	4170	88801	17
04	4171	88801	17
04	4173	88801	17
04	4174	88801	17
04	4175	88801	17
04	4176	88801	17
04	4177	1043	84
04	417A	1043	84
04	417C	1043	84
04	417E	1043	84
04	4180	580	44
04	4183	580	44
04	4185	580	44
04	4187	580	44
04	4189	918	84
04	418C	918	84
04	418E	918	84
04	4190	918	84
04	4192	1341	502
04	4195	1341	502
04	4197	1341	502
04	4199	1341	502
04	419B	43215	17
04	419E	43215	17
04	41A0	43215	17
04	41A2	47097	17
04	41A5	47097	17
04	41A6	47097	17
04	41A7	47097	17
04	41A8	47097	17
04	41A9	47097	17
04	41AA	47097	17
04	41AB	47097	17
04	41AC	172860	17
04	41AF	172860	17
04	41B0	172860	17
04	41B1	129645	17
04	41B2	129645	17
04	41B4	129645	17
04	41B5	129645	17
04	41B6	129645	17
04	41B8	129645	17
04	41B9	129645	17
04	41BA	129645	17
04	41BB	129645	17
04	41BD	129645	17
04	41BE	129645	17
04	41BF	129645	17
04	41C0	37	83
04	41C1	37	83
04	41C2	37	83
04	41C5	37	83
04	41C8	37	83
04	41CB	37	83
04	41CD	37	83
04	4219	37	83
04	421C	37	83
04	421E	37	83
04	4221	37	83
04	4222	37	83
04	4225	47	83
04	4228	47	83
04	4229	47	83
04	422C	47	83
04	422D	47	83
04	422F	47	83
04	4231	47	83
04	4234	47	83
04	4236	10	83
04	4239	10	83
04	423A	10	83
04	423D	10	83
04	423E	10	83
04	4241	10	83
04	4244	10	83
04	4246	10	83
04	4249	10	83
04	424C	10	83
04	4284	37	83
04	4287	21	43
04	4288	21	43
04	4289	21	43
04	428C	21	43
04	428D	21	43
04	4290	21	43
04	4291	21	43
04	4294	21	43
04	4295	21	43
04	4298	21	43
04	4299	21	43
04	429C	21	43
04	429F	21	43
04	42A2	78	43
04	42A5	78	43
04	42A7	57	501
04	42AA	57	501
04	42AE	6	43
04	42B1	6	43
04	42B2	6	43
04	42B5	6	43
04	42B6	6	43
04	42B7	6	43
04	42B8	27	43
04	42BB	27	43
04	42BD	21	43
04	42D6	23	43
04	42D9	23	43
04	42DA	23	43
04	42DC	6	3579
04	42DF	6	3579
04	42E0	6	3579
04	42E2	6	3579
04	42E5	6	3579
04	42E7	6	3579
04	42E9	6	3579
04	430A	58	43
04	430B	58	43
04	430E	58	43
04	4310	58	43
04	4311	58	43
04	4319	58	43
04	431B	58	43
04	431D	58	43
04	4320	58	43
04	4321	58	43
04	4322	58	43
04	4323	58	43
04	4324	58	43
04	4325	58	43
04	4328	58	43
04	4329	58	43
04	432A	58	43
04	432B	58	43
04	432C	58	43
04	432D	58	43
04	432E	58	43
04	4331	58	43
04	4332	58	43
04	4335	58	43
04	4336	58	43
04	4339	58	43
04	433A	58	43
04	433D	58	43
04	433E	58	43
04	4341	58	43
04	4342	58	43
04	4343	58	43
04	4344	58	43
04	4347	58	43
04	4348	58	43
04	434B	58	43
04	434C	125	43
04	434F	125	43
04	4350	125	43
04	4353	125	43
04	4354	125	43
04	4356	125	43
04	4357	125	43
04	4358	125	43
04	435B	125	43
04	435C	125	43
04	435F	125	43
04	4360	125	43
04	4363	125	43
04	4364	125	43
04	4367	125	43
04	4368	125	43
04	436B	125	43
04	436C	125	43
04	436F	125	43
04	4370	125	43
04	4373	125	43
04	4374	125	43
04	4377	125	43
04	4378	125	43
04	4379	67	83
04	437C	67	83
04	437E	67	83
04	437F	67	83
04	4380	67	83
04	4382	67	83
04	4383	67	83
04	4384	67	83
04	4385	67	83
04	4386	125	44
04	4388	125	44
04	4389	125	44
04	438A	125	44
04	438B	125	44
04	438C	125	44
04	438D	125	44
04	438E	125	44
04	438F	125	44
04	4390	125	44
04	4393	125	44
04	4394	125	44
04	4397	125	44
04	4398	125	44
04	439B	125	44
04	439C	125	44
04	439D	125	44
04	439E	125	44
04	43A1	125	44
04	43A2	125	44
04	43A3	125	44
04	43A4	125	44
04	43A5	125	44
04	43A6	125	44
04	43A7	125	44
04	43A8	125	44
04	43A9	125	44
04	43AB	125	44
04	43AC	125	44
04	43AD	125	44
04	43AE	125	44
04	43AF	125	44
04	43B0	125	44
04	43B1	125	44
04	43B2	125	44
04	43B4	125	44
04	43B5	125	44
04	43B7	125	44
04	43B8	125	44
04	43B9	125	44
04	43BA	125	44
04	43BB	125	44
04	43BC	125	44
04	43BE	125	44
04	43BF	125	44
04	43C0	125	44
04	43C1	125	44
04	43C2	125	44
04	43C3	125	44
04	43C4	125	44
04	43C6	125	44
04	43C7	125	44
04	43C8	125	44
04	43C9	125	44
04	43CA	125	44
04	43CB	125	44
04	43CC	125	44
04	43CD	125	44
04	43CE	125	44
04	43CF	125	44
04	43D0	125	44
04	43D1	125	44
04	43D2	125	44
04	43D3	125	44
04	43D4	125	44
04	43D5	125	44
04	43D6	125	44
04	43D7	125	44
04	43D8	125	44
04	43DA	125	44
04	43DB	125	44
04	4429	1	323
04	442C	1	323
04	4433	1	323
04	4435	1	323
04	4438	1	323
04	443B	4	323
04	443E	4	323
04	443F	4	323
04	4442	4	323
04	4443	4	323
04	4445	4	323
04	4448	4	323
04	444A	1	323
04	453A	14546	17
04	453D	14546	17
04	453E	14546	17
04	453F	14507	17
04	4542	14507	17
04	4543	14507	17
04	455A	3624	503
04	455D	3624	503
04	455E	3624	503
04	4561	3624	503
04	4562	3624	503
04	4563	3624	503
04	4565	3624	503
04	4566	3344	503
04	4569	3344	503
04	456C	114676	17
04	456F	114676	17
04	4570	114676	17
04	4573	114676	17
04	4574	114676	17
04	4575	114676	17
04	4577	114676	17
04	4578	48841	44
04	457A	48841	44
04	457C	125	44
04	457D	125	44
04	4580	125	44
04	4581	125	44
04	4582	48841	44
04	4585	48841	44
04	4586	48841	44
04	4587	48841	44
04	4588	48841	44
04	458A	44545	85
04	458B	44545	85
04	458C	44545	85
04	458E	4296	44
04	458F	4296	44
04	4590	4296	44
04	4591	4296	44
04	4592	4296	44
04	4593	4296	44
04	4594	4296	44
04	4597	4296	44
04	4598	4296	44
04	459B	10051	44
04	459E	10051	44
04	459F	10051	44
04	45A2	10051	44
04	45A3	10051	44
04	45A6	10051	44
04	45A7	10051	44
04	45AA	10051	44
04	45AC	10051	44
04	45AE	1022	510
04	45AF	1022	510
04	45B2	1022	510
04	45B3	1022	510
04	45B4	1022	510
04	45B6	9029	44
04	45B7	9029	44
04	45BA	9029	44
04	45BB	9029	44
04	45BD	9029	44
04	45BF	4290	44
04	45C0	10051	44
04	45C2	10051	44
04	45C5	6169	44
04	45C7	6169	44
04	45CA	1934	44
04	45CD	1934	44
04	45CF	1934	44
04	45D0	1934	44
04	45D1	1934	44
04	45D3	1934	44
04	45D4	1934	44
04	45D5	1934	44
04	45D6	1934	44
04	45D7	1934	44
04	45D8	1934	44
04	45D9	1934	44
04	45DA	1934	44
04	45DB	61	44
04	45DE	61	44
04	45DF	61	44
04	45E2	61	44
04	45E3	61	44
04	45E4	61	44
04	45E5	61	44
04	45E6	48780	84
04	45E9	48780	84
04	45EA	48780	84
04	45EB	48780	84
04	45EC	48780	84
04	45EE	3982	517
04	45EF	3982	517
04	45F2	3982	517
04	45F3	3982	517
04	45F5	3982	517
04	45F7	44798	84
04	45FA	44798	84
04	45FB	44798	84
04	45FC	44798	84
04	45FD	48780	84
04	45FE	48780	84
04	4600	48780	84
04	4602	22387	89
04	4603	48780	84
04	4606	48780	84
04	4609	48780	84
04	460A	48780	84
04	460B	48780	84
04	460C	48780	84
04	460E	7876	502
04	460F	7876	502
04	4612	7876	502
04	4613	7876	502
04	4614	7876	502
04	4615	7876	502
04	4618	7876	502
04	4619	7876	502
04	461A	7876	502
04	461B	7876	502
04	461C	7876	502
04	461D	7876	502
04	461F	7876	502
04	4623	40904	84
04	4626	40904	84
04	4627	40904	84
04	4628	40904	84
04	462A	40904	84
04	462E	7876	502
04	462F	7876	502
04	4631	7876	502
04	4632	7876	502
04	4633	7876	502
04	4635	7876	502
04	4636	7876	502
04	4638	7876	502
04	4639	7876	502
04	463B	7876	502
04	463C	7876	502
04	463E	7876	502
04	463F	7876	502
04	4640	48780	84
04	4641	48780	84
04	4642	48780	84
04	4644	3930	502
04	4647	3930	502
04	4649	3930	502
04	464C	3930	502
04	464D	48780	84
04	464E	48780	84
04	464F	48780	84
04	4650	48780	84
04	4652	913	502
04	4655	913	502
04	4657	913	502
04	465A	913	502
04	465B	48780	84
04	465D	48780	84
04	4660	48780	84
04	4661	48780	84
04	4664	48780	84
04	4665	48780	84
04	4668	52124	84
04	466A	52124	84
04	466C	4317	502
04	466F	4317	502
04	4670	4317	502
04	4671	4317	502
04	4673	4317	502
04	4675	4317	502
04	4676	4317	502
04	4677	4317	502
04	467A	4317	502
04	467B	4317	502
04	467C	4317	502
04	467D	4317	502
04	467E	4317	502
04	467F	4317	502
04	4680	4317	502
04	4681	4317	502
04	4684	4317	502
04	4685	4317	502
04	4686	4317	502
04	4687	4317	502
04	4688	4317	502
04	4689	4317	502
04	468A	4317	502
04	468B	4317	502
04	468E	4317	502
04	468F	4317	502
04	4690	4317	502
04	4692	4317	502
04	4694	4317	502
04	4695	4317	502
04	4696	4317	502
04	4697	4317	502
04	4698	4317	502
04	4699	4317	502
04	469A	4317	502
04	469D	4317	502
04	469E	4317	502
04	469F	4317	502
04	46A0	4317	502
04	46A1	4317	502
04	46A4	4317	502
04	46A5	4317	502
04	46A8	52124	84
04	46AA	52124	84
04	46BF	52124	84
04	46C1	52124	84
04	46C3	127	84
04	46C6	127	84
04	46C7	127	84
04	46C8	127	84
04	46C9	127	84
04	46CA	127	84
04	46CD	127	84
04	46CF	127	84
04	46D1	127	84
04	46D3	127	84
04	46D5	127	84
04	46D7	127	84
04	46D8	127	84
04	46D9	127	84
04	46DA	127	84
04	46DD	127	84
04	46DE	127	84
04	46DF	127	84
04	46E2	127	84
04	46E3	127	84
04	46E6	52124	84
04	46E7	52124	84
04	4756	4235	84
04	4758	4235	84
04	475B	4235	84
04	475D	4235	84
04	475E	4235	84
04	4760	4235	84
04	4762	4235	84
04	4763	4235	84
04	4764	4235	84
04	4765	4235	84
04	4768	4235	84
04	4769	4235	84
04	476C	4235	84
04	476D	4235	84
04	476E	4235	84
04	476F	4235	84
04	4770	4235	84
04	4771	4235	84
04	4772	4235	84
04	4773	4235	84
04	4774	4235	84
04	4777	73	1503
04	477A	73	1503
04	477B	73	1503
04	477E	73	1503
04	477F	73	1503
04	4782	73	1503
04	4783	73	1503
04	4784	73	1503
04	4786	73	1503
04	4789	73	1503
04	478A	73	1503
04	478B	73	1503
04	478C	73	1503
04	478D	73	1503
04	478F	73	1503
04	4790	73	1503
04	4793	73	1503
04	4794	73	1503
04	4795	73	1503
04	4796	73	1503
04	4797	73	1503
04	4798	73	1503
04	4799	73	1503
04	479A	73	1503
04	479B	129	1503
04	479E	129	1503
04	479F	129	1503
04	47A0	129	1503
04	47A3	117	1323
04	47A6	117	1323
04	47A7	117	1323
04	47AA	117	1323
04	47AB	117	1323
04	47AE	117	1323
04	47AF	117	1323
04	47B0	117	1323
04	47B1	117	1323
04	47B4	61	1593
04	47B5	61	1593
04	47B6	61	1593
04	47B7	61	1593
04	47B8	61	1593
04	47BA	61	1593
04	47BB	61	1593
04	47BE	61	1593
04	47BF	61	1593
04	47C0	61	1593
04	47C1	61	1593
04	47C2	61	1593
04	47E3	72	44
04	47E6	72	44
04	47E8	72	44
04	47EB	72	44
04	47ED	37	84
04	47F0	72	44
04	47F3	72	44
04	47F4	72	44
04	47F5	72	44
04	47F8	72	44
04	47FB	72	44
04	47FC	72	44
04	47FD	72	44
04	47FE	72	44
04	47FF	72	44
04	4800	72	44
04	4803	72	44
04	4804	72	44
04	4806	72	44
04	480C	72	44
04	480E	72	44
04	480F	72	44
04	4811	72	44
04	4812	72	44
04	4813	72	44
04	4816	72	44
04	4817	72	44
04	4818	72	44
04	483A	125	44
04	483D	125	44
04	484E	840	44
04	4851	840	44
04	4852	840	44
04	4854	840	44
04	4856	807	44
04	4859	807	44
04	485C	807	44
04	485E	807	44
04	485F	807	44
04	4862	807	44
04	4864	807	44
04	4865	807	44
04	4866	807	44
04	4867	807	44
04	4868	807	44
04	4869	807	44
04	486A	807	44
04	486B	807	44
04	486C	807	44
04	486D	807	44
04	486E	807	44
04	486F	807	44
04	4870	807	44
04	4871	807	44
04	4872	807	44
04	4873	807	44
04	4876	807	44
04	4878	807	44
04	487B	807	44
04	487E	33	502
04	4881	33	502
04	4883	33	502
04	4886	33	502
04	4889	2148	44
04	488A	2148	44
04	488C	2148	44
04	488D	2148	44
04	488E	2148	44
04	488F	2148	44
04	4890	2148	44
04	4891	2148	44
04	4894	2148	44
04	4895	2148	44
04	4896	386	532
04	4899	386	532
04	489A	386	532
04	489D	386	532
04	489E	386	532
04	48A1	386	532
04	48A2	386	532
04	48A5	386	532
04	48A6	386	532
04	48A7	386	532
04	48A9	386	532
04	48AA	386	532
04	48AB	386	532
04	48AC	386	532
04	48AD	405	532
04	48AE	405	532
04	48B0	405	532
04	48B2	223	533
04	48B5	223	533
04	48B6	223	533
04	48B7	223	533
04	48B9	182	532
04	48BA	182	532
04	48BB	182	532
04	48BC	182	532
04	48BF	182	532
04	48C0	182	532
04	48C1	182	532
04	48C2	182	532
04	48C3	182	532
04	48C4	182	532
04	48C5	182	532
04	48C6	405	532
04	48C7	405	532
04	48C8	405	532
04	48C9	405	532
04	48CA	405	532
04	48CD	405	532
04	48CF	405	532
04	48D2	405	532
04	48D5	19	1095
04	48D8	19	1095
04	48D9	19	1095
04	48DC	19	1095
04	48DD	19	1095
04	48E0	19	1095
04	48E1	19	1095
04	48E4	19	1095
04	48E5	19	1095
04	48E6	19	1095
04	48E7	19	1095
04	48E8	19	1095
04	48E9	19	1095
04	48EA	19	1095
04	48EC	20	502
04	48EF	20	502
04	48F0	20	502
04	48F3	20	502
04	48F4	20	502
04	48F7	20	502
04	48F8	20	502
04	48FB	20	502
04	48FC	20	502
04	48FD	20	502
04	48FF	20	502
04	4905	20	502
04	4925	20	502
04	4928	20	502
04	492A	125	44
04	492D	125	44
04	492F	125	44
04	4932	125	44
04	4935	125	44
04	4938	125	44
04	4939	125	44
04	493C	125	44
04	493D	125	44
04	493E	125	44
04	4941	125	44
04	4942	125	44
04	4943	125	44
04	4944	125	44
04	4970	20	502
04	4973	165	44
04	4976	165	44
04	4977	165	44
04	497A	165	44
04	497B	165	44
04	497C	165	44
04	497F	165	44
04	4980	165	44
04	4981	165	44
04	4A2B	3882	44
04	4A2D	3882	44
04	4A2F	3882	44
04	4A30	3882	44
04	4A32	3882	44
04	4A34	3882	44
04	4A35	3882	44
04	4A36	3882	44
04	4A39	3882	44
04	4A3A	3882	44
04	4A3D	3882	44
04	4A3E	3882	44
04	4A3F	3882	44
04	4A42	3882	44
04	4A43	3882	44
04	4A44	3882	44
04	4A46	3882	44
04	4A49	3882	44
04	4A4B	5687	44
04	4A4C	5687	44
04	4A4F	5687	44
04	4A50	9569	44
04	4A52	9569	44
04	4A54	5687	44
04	4A56	5687	44
04	4A58	2312	44
04	4A5A	2312	44
04	4A69	3375	44
04	4A6B	3375	44
04	4A6D	3375	44
04	4A6F	3375	44
04	4A70	3375	44
04	4A71	3375	44
04	4A73	2312	44
04	4A75	2312	44
04	4A77	2312	44
04	4A79	2312	44
04	4A7A	2312	44
04	4A7B	2312	44
04	4A7C	2312	44
04	4A7E	2312	44
04	4A7F	2312	44
04	4A81	3882	44
04	4A82	3882	44
04	4A83	3882	44
04	4A84	3882	44
04	4A87	3882	44
04	4A88	3882	44
04	4A89	3882	44
04	4A8C	3882	44
04	4A8F	3882	44
04	4A92	3882	44
04	4A93	3882	44
04	4A94	3882	44
04	4A95	3882	44
04	4A98	3882	44
04	4A99	3882	44
04	4A9C	3882	44
04	4A9E	3882	44
04	4AA0	1341	502
04	4AA1	1341	502
04	4AA2	1341	502
04	4AA3	1341	502
04	4AA6	1341	502
04	4AA8	1341	502
04	4AAB	1341	502
04	4AAC	1341	502
04	4AAD	1341	502
04	4AAE	1341	502
04	4AAF	1341	502
04	4AB0	1341	502
04	4AB1	1341	502
04	4AB2	1341	502
04	4AB3	1341	502
04	4AB4	1341	502
04	4AB5	1341	502
04	4AB6	1341	502
04	4AB7	1341	502
04	4AB8	1341	502
04	4AB9	1341	502
04	4ABA	1341	502
04	4ABD	1341	502
04	4ABE	3882	44
04	4ABF	3882	44
04	4AC1	3882	44
04	4AC3	1623	44
04	4AC5	1623	44
04	4AC7	1043	84
04	4ACA	1043	84
04	4ACC	580	44
04	4ACF	580	44
04	4AD1	2259	84
04	4AD3	2259	84
04	4AD5	918	84
04	4AD8	918	84
04	4ADA	1341	502
04	4ADD	3882	44
04	4AE0	3882	44
04	4AE3	3882	44
04	4AE5	3882	44
04	4AE7	236	84
04	4AE9	3882	44
04	4AEC	3882	44
04	4AED	3882	44
04	4AF0	3882	44
04	4AF1	3882	44
04	4AF4	3882	44
04	4AF5	3882	44
04	4AF8	3882	44
04	4AF9	3882	44
04	4AFA	3882	44
04	4AFD	3882	44
04	4AFE	3882	44
04	4B01	3882	44
04	4B02	3882	44
04	4B05	3882	44
04	4B06	3882	44
04	4B07	3882	44
04	4B08	3882	44
04	4B0A	1170	517
04	4B0C	1170	517
04	4B0E	1080	517
04	4B10	90	1729
04	4B11	90	1729
04	4B12	90	1729
04	4B14	90	1729
04	4B16	83	1729
04	4B17	83	1729
04	4B18	83	1729
04	4B1A	3819	44
04	4B1D	3819	44
04	4B20	3819	44
04	4B21	3819	44
04	4B24	3819	44
04	4B25	3819	44
04	4B28	3819	44
04	4B29	3819	44
04	4B2C	3819	44
04	4B2D	3819	44
04	4B2F	3819	44
04	4B30	3819	44
04	4B33	3819	44
04	4B34	3819	44
04	4B37	3819	44
04	4B38	3819	44
04	4B3B	3819	44
04	4B3C	3819	44
04	4B3D	3819	44
04	4B3E	3819	44
04	4B3F	3819	44
04	4B40	3819	44
04	4B42	3819	44
04	4B43	3819	44
04	4B44	3819	44
04	4B46	3819	44
04	4B47	3819	44
04	4B48	3819	44
04	4B49	3819	44
04	4B4A	3819	44
04	4B4B	3819	44
04	4B4C	3819	44
04	4B4D	3819	44
04	4B4E	3819	44
04	4B4F	3819	44
04	4B50	3819	44
04	4B51	3819	44
04	4B52	3819	44
04	4B53	3819	44
04	4B54	3819	44
04	4B55	3819	44
04	4B56	3819	44
04	4B57	3819	44
04	4B58	3819	44
04	4B59	3819	44
04	4B5A	3819	44
04	4B5B	3819	44
04	4B5C	3819	44
04	4B5D	3819	44
04	4B5E	3819	44
04	4B61	3819	44
04	4B62	3882	44
04	4B63	3882	44
04	4BC9	58184	17
04	4BCC	58184	17
04	4BCD	58184	17
04	4BD0	58184	17
04	4BD1	58184	17
04	4BD3	58184	17
04	4BD4	26544	85
04	4BD5	26544	85
04	4BD6	26544	85
04	4BD8	26544	85
04	4BD9	706	85
04	4BDB	56492	17
04	4BDE	56492	17
04	4BDF	56492	17
04	4BE2	56492	17
04	4BE3	56492	17
04	4BE5	56492	17
04	4BE6	25822	84
04	4BE7	25822	84
04	4BE8	25822	84
04	4BEA	25822	84
04	4BEB	25743	85
04	4BEC	25743	85
04	4BED	25743	85
04	4BEE	25743	85
04	4BEF	25743	85
04	4BF0	25743	85
04	4BF1	25743	85
04	4BF2	25743	85
04	4BF4	25743	85
04	4BF6	25713	85
04	4BF7	25713	85
04	4BF8	25713	85
04	4BF9	25713	85
04	4BFA	25634	85
04	4BFB	25634	85
04	4BFC	3732	87
04	4BFF	3732	87
04	4C00	3732	87
04	4C01	3732	87
04	4C03	3732	87
04	4C05	3732	87
04	4C07	3732	87
04	4C09	3732	87
04	4C0A	3732	87
04	4C0B	30	1795
04	4C0E	30	1795
04	4C0F	87	44
04	4C10	87	44
04	4C11	87	44
04	4C14	58184	17
04	4C17	58184	17
04	4C18	58184	17
04	4C1B	58184	17
04	4C1C	58184	17
04	4C1D	58184	17
04	4C1F	58184	17
04	4C20	29226	44
04	4C21	29226	44
04	4C22	29226	44
04	4C25	29226	44
04	4C26	29226	44
04	4C27	29226	44
04	4C2A	29226	44
04	4C2B	29226	44
04	4C2C	29226	44
04	4C2F	29226	44
04	4C30	29226	44
04	4C31	29226	44
04	4C33	29226	44
04	4C35	57	44
04	4C36	57	44
04	4C38	29169	84
04	4C3B	29169	84
04	4C3D	29169	84
04	4C3F	22755	85
04	4C42	22755	85
04	4C43	22755	85
04	4C46	22755	85
04	4C47	22755	85
04	4C49	1534	513
04	4C4A	22755	85
04	4C4B	22755	85
04	4C4C	22755	85
04	4C4E	22755	85
04	4C50	22755	85
04	4C52	22755	85
04	4C54	22755	85
04	4C5F	6414	84
04	4C60	6414	84
04	4C62	6414	84
04	4C64	6414	84
04	4C66	3817	84
04	4C67	3817	84
04	4C6A	3817	84
04	4C6B	3817	84
04	4C6E	3817	84
04	4C70	3817	84
04	4C73	3817	84
04	4C76	3817	84
04	4C79	3817	84
04	4C7A	3817	84
04	4C7B	3817	84
04	4C7E	3817	84
04	4C7F	3817	84
04	4C81	3817	84
04	4C82	3817	84
04	4C83	3817	84
04	4C85	3817	84
04	4C8F	2597	87
04	4C92	2597	87
04	4C93	2597	87
04	4C94	2597	87
04	4C97	2597	87
04	4C98	2597	87
04	4C99	2597	87
04	4C9B	2597	87
04	4C9E	2597	87
04	4C9F	2597	87
04	4CA0	2597	87
04	4CA1	2597	87
04	4CA2	2597	87
04	4CA4	2597	87
04	4CD3	3817	84
04	4CD6	3817	84
04	4CD7	3817	84
04	4CD8	3817	84
04	4CDB	3817	84
04	4CDC	3817	84
04	4CDD	3817	84
04	4CDE	3817	84
04	4CE1	3817	84
04	4CE2	3817	84
04	4CE4	3817	84
04	4CE7	3817	84
04	4CE8	3817	84
04	4CEB	3817	84
04	4CEC	3817	84
04	4CED	3817	84
04	4CEE	3817	84
04	4CEF	3817	84
04	4CF0	3817	84
04	4CF2	3817	84
04	4CF4	522	84
04	4CF7	522	84
04	4CF9	522	84
04	4CFA	522	84
04	4CFB	3817	84
04	4CFC	3817	84
04	4CFD	3817	84
04	4CFE	3817	84
04	4CFF	3817	84
04	4D02	22755	85
04	4D05	22755	85
04	4D07	22755	85
04	4D0A	22755	85
04	4D0D	22755	85
04	4D0E	22755	85
04	4D0F	22755	85
04	4D11	22755	85
04	4D13	14491	85
04	4D14	14491	85
04	4D15	14491	85
04	4D17	12565	85
04	4D18	12565	85
04	4D19	12565	85
04	4D1A	12565	85
04	4D1C	12565	85
04	4D1E	12565	85
04	4D21	12565	85
04	4D22	14491	85
04	4D23	14491	85
04	4D24	14491	85
04	4D25	14491	85
04	4D27	14491	85
04	4D28	14491	85
04	4D2A	1258	507
04	4D2D	1258	507
04	4D2F	1234	507
04	4D30	1234	507
04	4D31	1234	507
04	4D32	1234	507
04	4D34	8264	85
04	4D35	8264	85
04	4D36	8264	85
04	4D37	8264	85
04	4D39	8264	85
04	4D54	2621	87
04	4D55	2621	87
04	4D58	2621	87
04	4D59	2621	87
04	4D5C	2621	87
04	4D5D	2621	87
04	4D60	2621	87
04	4D61	2621	87
04	4D62	2621	87
04	4D65	2621	87
04	4D66	2621	87
04	4D67	2621	87
04	4D68	2621	87
04	4D69	2621	87
04	4D6A	2621	87
04	4D6B	2621	87
04	4D6C	2621	87
04	4D6E	2621	87
04	4D6F	2621	87
04	4D70	2621	87
04	4D90	2621	87
04	4D93	2621	87
04	4D94	2621	87
04	4D97	2621	87
04	4D98	2621	87
04	4D99	2621	87
04	4D9A	2621	87
04	4D9D	13233	85
04	4DA0	13233	85
04	4DA2	13233	85
04	4DA4	10591	85
04	4DA7	10591	85
04	4DA9	10591	85
04	4DAC	10591	85
04	4DAE	5051	84
04	4DB1	5051	84
04	4DB3	5051	84
04	4DB6	26548	84
04	4DB9	26548	84
04	4DBB	26548	84
04	4DBD	4991	84
04	4DC0	4991	84
04	4DC3	26548	84
04	4DC5	26548	84
04	4DC7	3817	84
04	4DCA	3817	84
04	4DCD	26548	84
04	4DCF	26548	84
04	4DD0	5591	84
04	4DD3	1780	84
04	4DD6	1780	84
04	4DD7	1780	84
04	4DD8	1780	84
04	4DDB	1780	84
04	4DDC	1780	84
04	4DDE	1780	84
04	4DDF	3817	84
04	4DE0	3817	84
04	4DE3	3817	84
04	4DE4	3817	84
04	4DE5	3817	84
04	4DE8	3817	84
04	4DE9	3817	84
04	4DEC	3817	84
04	4DED	3817	84
04	4DF0	3817	84
04	4DF1	3817	84
04	4DF2	3817	84
04	4DF5	3817	84
04	4DF7	3817	84
04	4DF9	3817	84
04	4DFA	3817	84
04	4DFD	3817	84
04	4DFE	3817	84
04	4DFF	3817	84
04	4E02	3817	84
04	4E03	3817	84
04	4E04	3817	84
04	4E05	3817	84
04	4E08	3817	84
04	4E09	3817	84
04	4E0A	3817	84
04	4E0D	3817	84
04	4E0E	3817	84
04	4E0F	3817	84
04	4E12	3817	84
04	4E14	3817	84
04	4E15	3817	84
04	4E18	3817	84
04	4E19	3817	84
04	4E1C	3817	84
04	4E1D	3817	84
04	4E20	3817	84
04	4E21	3817	84
04	4E22	3817	84
04	4E25	3817	84
04	4E27	3817	84
04	4E29	3817	84
04	4E2A	3817	84
04	4E2D	3817	84
04	4E2E	3817	84
04	4E2F	3817	84
04	4E32	3817	84
04	4E33	3817	84
04	4E34	12565	85
04	4E35	12565	85
04	4E38	12565	85
04	4E3A	12565	85
04	4E3B	12565	85
04	4E3C	2836	520
04	4E3D	2836	520
04	4E3F	2836	520
04	4E41	557	523
04	4E44	557	523
04	4E46	557	523
04	4E49	2836	520
04	4E4A	2836	520
04	4E4B	3817	84
04	4E4E	3817	84
04	4E4F	3817	84
04	4E52	3817	84
04	4E53	3817	84
04	4E56	3817	84
04	4E57	3817	84
04	4E5A	3817	84
04	4E5B	3817	84
04	4E5D	3817	84
04	4E5F	2255	84
04	4E61	1341	502
04	4E62	1341	502
04	4E63	1341	502
04	4E64	1341	502
04	4E65	1341	502
04	4E67	1341	502
04	4E68	1341	502
04	4E69	1341	502
04	4E6A	1341	502
04	4E6C	1341	502
04	4E6D	1341	502
04	4E6E	1341	502
04	4E6F	1341	502
04	4E70	1341	502
04	4E78	1341	502
04	4E7A	1341	502
04	4E7C	1341	502
04	4E7D	1562	84
04	4E7E	1562	84
04	4E7F	1562	84
04	4E80	1562	84
04	4E82	1562	84
04	4E83	1562	84
04	4E84	1562	84
04	4E85	1562	84
04	4E8F	1562	84
04	4E90	1562	84
04	4E91	1562	84
04	4E92	1562	84
04	4E93	1562	84
04	4E94	1562	84
04	4E95	1562	84
04	4E96	1562	84
04	4E97	1562	84
04	4E98	1562	84
04	4E99	1562	84
04	4E9A	1562	84
04	4E9B	914	84
04	4E9C	914	84
04	4E9E	914	84
04	4E9F	914	84
04	4EA0	914	84
04	4EA1	914	84
04	4EA9	914	84
04	4EAB	914	84
04	4EAE	914	84
04	4EAF	914	84
04	4EB0	450	84
04	4EB1	450	84
04	4EB4	450	84
04	4EB5	450	84
04	4EB7	450	84
04	4EB8	450	84
04	4EB9	450	84
04	4EBA	450	84
04	4EBB	450	84
04	4EBE	450	84
04	4EBF	450	84
04	4EC1	450	84
04	4EC3	7200	84
04	4EC4	7200	84
04	4EC5	7200	84
04	4EC6	7200	84
04	4EC7	7200	84
04	4EC9	450	84
04	4ECA	4991	84
04	4ECD	4991	84
04	4ECE	4991	84
04	4ED1	4991	84
04	4ED2	4991	84
04	4ED5	4991	84
04	4ED6	4991	84
04	4ED7	4991	84
04	4ED8	4991	84
04	4ED9	4991	84
04	4EDC	4991	84
04	4EDD	4991	84
04	4EE0	4991	84
04	4EE1	4991	84
04	4EE4	4991	84
04	4EE5	4991	84
04	4EE6	4991	84
04	4EE7	4991	84
04	4EE8	4991	84
04	4EEB	4991	84
04	4EED	4991	84
04	4EEF	2377	84
04	4EF1	952	84
04	4EF2	952	84
04	4EF4	952	84
04	4EF5	3566	84
04	4EF6	3566	84
04	4EF7	3566	84
04	4EFA	3566	84
04	4EFB	3566	84
04	4EFE	3566	84
04	4F01	3566	84
04	4F02	3566	84
04	4F03	3566	84
04	4F05	3566	84
04	4F06	3566	84
04	4F09	3566	84
04	4F0A	3566	84
04	4F0B	3566	84
04	4F0C	3566	84
04	4F0D	3566	84
04	4F0E	3566	84
04	4F0F	3566	84
04	4F11	3566	84
04	4F17	3566	84
04	4F18	3566	84
04	4F19	3566	84
04	4F1A	3566	84
04	4F1D	3566	84
04	4F1E	3566	84
04	4F1F	3566	84
04	4F20	3566	84
04	4F22	3566	84
04	4F23	3566	84
04	4F24	3566	84
04	4F25	3566	84
04	4F28	3566	84
04	4F29	3566	84
04	4F2B	3566	84
04	4F2C	3566	84
04	4F2D	1425	502
04	4F2E	1425	502
04	4F2F	1425	502
04	4F30	1425	502
04	4F32	1425	502
04	4F33	1425	502
04	4F34	1425	502
04	4F36	1425	502
04	4F37	1425	502
04	4F38	1425	502
04	4F3A	1425	502
04	4F3C	788	502
04	4F3E	788	502
04	4F3F	788	502
04	4F40	788	502
04	4F41	788	502
04	4F43	788	502
04	4F44	1425	502
04	4F45	1425	502
04	4F47	1425	502
04	4F48	1425	502
04	4F49	1425	502
04	4F4A	1425	502
04	4F4B	1425	502
04	4F4D	1425	502
04	4F4E	1425	502
04	4F4F	3817	84
04	4F52	3817	84
04	4F53	3817	84
04	4F56	3817	84
04	4F57	3817	84
04	4F5A	3817	84
04	4F5B	3817	84
04	4F5E	3817	84
04	4F60	3817	84
04	4F62	2819	84
04	4F64	2255	84
04	4F66	2255	84
04	4F68	1341	502
04	4F6B	1341	502
04	4F6D	998	84
04	4F70	998	84
04	4F72	564	502
04	4F75	564	502
04	4F77	914	84
04	4F7A	3817	84
04	4F7C	3817	84
04	4F7E	3817	84
04	4F80	3817	84
04	4F90	3817	84
04	4F92	3817	84
04	4F93	3817	84
04	4F94	3817	84
04	4F95	3817	84
04	4F96	3817	84
04	4F97	5591	84
04	4F9A	5591	84
04	4F9B	5591	84
04	4F9E	5591	84
04	4F9F	5591	84
04	4FA2	5591	84
04	4FA3	5591	84
04	4FA4	5591	84
04	4FA5	5591	84
04	4FA8	5591	84
04	4FA9	5591	84
04	4FAB	5591	84
04	4FAD	3370	84
04	4FAF	1661	502
04	4FB0	1661	502
04	4FB1	1661	502
04	4FB3	1661	502
04	4FB5	1661	502
04	4FB7	1661	502
04	4FB8	2221	84
04	4FB9	2221	84
04	4FBA	2221	84
04	4FBB	2221	84
04	4FBC	2221	84
04	4FBD	2221	84
04	4FBE	2221	84
04	4FBF	2221	84
04	4FC0	1709	84
04	4FC1	1709	84
04	4FC3	1709	84
04	4FC5	1709	84
04	4FC6	1709	84
04	4FC7	1709	84
04	4FC9	1709	84
04	4FCA	1709	84
04	4FCB	914	84
04	4FCD	914	84
04	4FCF	914	84
04	4FD0	914	84
04	4FD1	914	84
04	4FD3	914	84
04	4FD4	6527	44
04	4FD7	6527	44
04	4FD8	6527	44
04	4FDA	6527	44
04	4FDC	5056	44
04	4FDE	5056	44
04	4FDF	5056	44
04	4FE0	5056	44
04	4FE1	5056	44
04	4FE3	5056	44
04	4FE4	5056	44
04	4FE5	1471	84
04	4FE7	1471	84
04	4FE9	1471	84
04	4FEA	3566	84
04	4FEC	3566	84
04	4FEF	3566	84
04	4FF1	3566	84
04	4FF5	3566	84
04	4FF7	3566	84
04	4FF8	3566	84
04	4FF9	3566	84
04	4FFA	3566	84
04	4FFC	3566	84
04	4FFD	3566	84
04	5000	3566	84
04	5001	3566	84
04	5002	3566	84
04	5003	3566	84
04	5004	3566	84
04	5005	3566	84
04	5006	3566	84
04	5007	11919	44
04	5008	11919	44
04	500A	11919	44
04	500B	11919	44
04	500C	11919	44
04	500E	5979	504
04	500F	11919	44
04	5010	11919	44
04	5012	2211	44
04	5013	11919	44
04	5014	11919	44
04	5016	2593	502
04	5017	11919	44
04	5018	11919	44
04	501A	3671	502
04	501B	11919	44
04	501C	11919	44
04	501E	3704	44
04	501F	11919	44
04	5020	11919	44
04	5022	4008	84
04	5023	11919	44
04	5024	11919	44
04	5026	3783	44
04	5027	11919	44
04	5028	11919	44
04	5029	3537	84
04	502A	3537	84
04	502B	11578	84
04	502C	11578	84
04	502E	11578	84
04	5030	11578	84
04	5031	11578	84
04	5032	11578	84
04	5034	11578	84
04	5035	11578	84
04	5037	8306	84
04	5038	11578	84
04	5039	11578	84
04	503B	10378	84
04	503C	11578	84
04	503D	11578	84
04	503F	9920	84
04	5040	11578	84
04	5041	11578	84
04	5042	9180	84
04	5043	9180	84
0E	4000	1	327
0E	4003	1	327
0E	4005	1	327
0E	4007	1	327
0E	400D	1	327
0E	4010	1	327
0E	4011	1	327
0E	4013	1	327
0E	4014	1	327
0E	4017	1	327
0E	401E	1	327
0E	4021	1	1112
0E	4024	1	1112
0E	4027	1	1112
0E	4028	1	1112
0E	402A	1	1112
0E	402C	1	1112
0E	402D	1	1112
0E	402F	1	1112
0E	4031	1	1112
0E	4033	1	1112
0E	4034	1	1112
0E	4036	1	1112
0E	4038	1	1112
0E	403A	1	1112
0E	403D	1	1112
0E	403F	1	1112
0E	4041	1	1112
0E	4044	1	1112
0E	4045	1	1112
0E	4046	1	1112
0E	4048	1	1112
0E	4049	1	1112
0E	404B	1	1112
0E	404E	1	1112
0E	4050	1	1112
0E	4052	1	1112
0E	4053	1	1112
0E	4055	1	1112
0E	4058	1	1112
0E	405A	1	1112
0E	405D	1	1112
0E	405E	1	1112
0E	405F	693	327
0E	4065	693	327
0E	4068	693	363
0E	406E	693	363
0E	4071	693	364
0E	4074	693	364
0E	4076	693	364
0E	4078	1	1111
0E	407B	1	1112
0E	407E	1	1112
0E	407F	1	1112
0E	4081	1	1112
0E	4082	1	1112
0E	4083	693	327
0E	4086	693	327
0E	4089	693	327
0E	408A	693	327
0E	408B	693	327
0E	408C	693	327
0E	408E	693	327
0E	408F	693	327
0E	4090	693	327
0E	4091	693	327
0E	4092	693	327
0E	4093	693	327
0E	40A2	1	327
0E	40A5	1	331
0E	40AB	1	363
0E	40AD	1	363
0E	40AE	1	363
0E	40B0	1	363
0E	40B2	1	363
0E	40B5	1	363
0E	40B8	1	363
0E	40B9	1	363
0E	40BB	1	363
0E	40BC	1	363
0E	40BF	1	363
0E	40C2	1	363
0E	40C5	1	363
0E	40C6	1	363
0E	40C9	1	363
0E	40CA	97	364
0E	40CD	97	364
0E	40CE	97	364
0E	40D1	97	364
0E	40D2	97	364
0E	40D3	97	364
0E	40D4	97	364
0E	40D7	97	364
0E	40D8	97	364
0E	40D9	97	364
0E	40DB	97	364
0E	40DC	97	364
0E	40DD	97	364
0E	40DF	97	364
0E	40E0	97	364
0E	40E1	97	364
0E	40E4	97	364
0E	40E5	97	364
0E	40E8	97	364
0E	40EA	97	364
0E	40EC	97	364
0E	40EE	96	364
0E	40F0	96	364
0E	40F2	96	364
0E	40F4	1	460
0E	40FA	1	475
0E	40FD	1	475
0E	40FF	1	475
0E	4102	1	475
0E	410B	97	364
0E	411A	1	476
0E	411D	1	476
0E	411F	1	476
0E	4121	1	476
0E	4122	1	476
0E	4124	1	476
0E	4126	1	476
0E	4128	1	476
0E	4129	1	476
0E	412B	1	476
0E	412D	1	476
0E	412F	1	476
0E	4132	1	476
0E	4134	1	476
0E	4136	1	476
0E	4139	1	476
0E	413A	1	476
0E	413B	1	476
0E	413D	1	476
0E	413E	1	476
0E	4140	1	476
0E	4143	1	476
0E	4145	1	476
0E	4147	1	476
0E	4148	1	476
0E	414A	1	476
0E	414D	1	476
0E	414F	1	476
0E	4150	1	476
0E	4153	1	476
0E	4156	1	485
0E	415C	1	501
0E	415E	1	501
0E	415F	1	501
0E	4161	1	501
0E	4163	1	501
0E	4166	1	501
0E	4169	1	501
0E	416A	1	501
0E	416C	1	501
0E	416D	1	501
0E	4170	1	501
0E	4173	1	501
0E	4176	1	501
0E	4177	1	501
0E	417A	1	501
0E	417B	593	502
0E	417E	593	502
0E	417F	593	502
0E	4181	593	502
0E	4184	593	502
0E	4185	593	502
0E	4188	593	502
0E	4189	593	502
0E	418A	593	502
0E	418B	593	502
0E	418E	593	502
0E	418F	593	502
0E	4190	593	502
0E	4194	593	502
0E	4196	593	502
0E	4197	593	502
0E	4198	593	502
0E	419B	593	502
0E	419C	593	502
0E	419F	593	502
0E	41A1	593	502
0E	41A3	593	502
0E	41A5	592	502
0E	41A7	592	502
0E	41A9	592	502
0E	41AB	592	502
0E	41AD	592	502
0E	41AF	592	502
0E	41B1	592	502
0E	41E6	1	1094
0E	41E8	1	1094
0E	41E9	1	1094
0E	41EB	1	1094
0E	41ED	1	1094
0E	41F0	1	1094
0E	41F3	1	1094
0E	41F4	1	1094
0E	41F6	1	1094
0E	41F9	1	1094
0E	41FA	1	1094
0E	41FD	593	502
0E	41FE	1	1095
0E	4204	1	1110
0E	4206	1	1110
0E	4209	1	1110
0E	4215	1	476
0E	4218	1	477
0E	421B	1	477
0E	421C	1	477
0E	421E	1	477
0E	421F	1	477
0E	4225	1	477
0E	4228	1	477
0E	422B	1	477
0E	422D	1	477
0E	422F	1	477
0E	4231	1	477
0E	4237	1	478
0E	423A	1	478
0E	423D	1	478
0E	423F	1	478
0E	4241	1	478
0E	4243	1	478
0E	4249	1	479
0E	424C	1	479
0E	424F	1	479
0E	4251	1	479
0E	4253	1	479
0E	4255	1	479
0E	425B	1	480
0E	425E	1	480
0E	4261	1	480
0E	4263	1	480
0E	4265	1	480
0E	4267	1	480
0E	426D	1	481
0E	4270	1	481
0E	4273	1	481
0E	4275	1	481
0E	4277	1	481
0E	4279	1	481
0E	427F	1	482
0E	4282	1	482
0E	4285	1	482
0E	4287	1	482
0E	4289	1	482
0E	428B	1	482
0E	4291	1	483
0E	4294	1	483
0E	4297	1	483
0E	4299	1	483
0E	429B	1	483
0E	429D	1	483
0E	42A3	1	484
0E	42A6	1	484
0E	42A9	1	484
0E	42AC	1	484
0E	42AE	1	484
0E	42B4	1	484
0E	42B7	1	484
0E	42BA	1	484
0E	42BD	1	484
0E	42BF	1	484
0E	42C5	1	484
0E	42C8	1	484
0E	42CB	1	484
0E	42CE	1	484
0E	42D0	1	484
0E	42D6	1	484
0E	42D9	1	484
0E	42DB	1	484
0E	42DE	1	485
0E	42E1	1	485
0E	42E4	1	485
0E	42E6	1	485
0E	42E8	1	485
0E	42EE	1	485
0E	42F1	1	485
0E	42F4	1	485
0E	42F7	1	485
0E	42F9	1	485
0E	42FB	1	485
0E	4301	1	485
0E	4304	1	485
0E	4307	1	485
0E	430A	1	485
0E	4310	1	485
0E	4311	1	484
0E	4314	1	484
0E	4317	1	484
0E	431A	1	484
0E	431D	1	484
0E	431E	1	484
0E	431F	1	484
0E	4320	1	484
0E	4322	1	484
0E	4323	1	484
0E	4324	1	484
0E	4325	1	484
0E	4326	1	484
0E	4327	1	484
0E	4329	1	484
0E	432F	1	484
0E	4334	1	485
0E	4337	1	485
0E	433A	1	485
0E	433B	1	485
0E	433C	1	485
0E	433D	1	485
0E	433F	1	485
0E	4340	1	485
0E	4341	1	485
0E	4342	1	485
0E	4343	1	485
0E	4344	1	485
0E	4347	1	485
0E	434A	1	485
0E	434F	1	327
0E	4352	1	328
0E	4355	1	328
0E	4356	1	328
0E	4358	1	328
0E	4359	1	328
0E	435F	1	328
0E	4362	1	328
0E	4365	1	328
0E	4367	1	328
0E	4369	1	328
0E	436B	1	328
0E	4371	1	329
0E	4374	1	329
0E	4377	1	329
0E	4379	1	329
0E	437B	1	329
0E	437D	1	329
0E	4383	1	330
0E	4386	1	330
0E	4389	1	330
0E	438C	1	330
0E	438E	1	330
0E	4394	1	330
0E	4397	1	330
0E	439A	1	330
0E	439D	1	330
0E	439F	1	330
0E	43A5	1	330
0E	43A7	1	330
0E	43AA	1	331
0E	43B0	1	331
1C	4000	1	17
1C	4006	1	327
1C	4007	1	327
1C	400D	1	1112
1C	401D	1	1112
1D	4000	3	1762
1D	4003	3	1763
1D	4004	3	1763
1D	4007	3	1763
1D	400A	3	1763
1D	400D	3	1763
1D	4013	3	1763
1D	4016	3	1764
1D	4018	3	1764
1D	401B	3	1764
1D	401E	3	1764
1D	401F	3	1764
1D	4021	1	1764
1D	4023	3	1764
1D	4026	3	1764
1D	4028	3	1764
1D	402B	3	1764
1D	402D	3	1764
1D	402F	3	1764
1D	4031	3	1764
1D	4032	3	1764
1D	4034	3	1764
1D	4036	3	1764
1D	4038	3	1764
1D	403A	3	1764
1D	403C	3	1764
1D	403E	3	1764
1D	4044	3	1764
1D	4047	3	1764
1D	404A	3	1764
1D	404C	3	1764
1D	404E	3	1764
1D	4050	3	1764
1D	4056	3	1765
1D	4059	3	1765
1D	405C	3	1765
1D	405E	3	1765
1D	4060	3	1765
1D	4062	3	1765
1D	4068	3	1766
1D	406B	3	1766
1D	406E	3	1766
1D	4070	3	1766
1D	4072	3	1766
1D	4074	3	1766
1D	407A	3	1767
1D	407D	3	1767
1D	4080	3	1767
1D	4082	3	1767
1D	4084	3	1767
1D	4086	3	1767
1D	408C	3	1768
1D	408F	3	1768
1D	4092	3	1768
1D	4094	3	1768
1D	4096	3	1768
1D	4098	3	1768
1D	409E	3	1769
1D	40A1	3	1769
1D	40A4	3	1769
1D	40A6	3	1769
1D	40A8	3	1769
1D	40AA	3	1769
1D	40B0	3	1770
1D	40B3	3	1770
1D	40B6	3	1770
1D	40B9	3	1770
1D	40BB	3	1770
1D	40C1	3	1770
1D	40C4	3	1770
1D	40C7	3	1770
1D	40CA	3	1770
1D	40CC	3	1770
1D	40D2	3	1770
1D	40D5	3	1770
1D	40D8	3	1770
1D	40DA	3	1770
1D	40DC	3	1770
1D	40E2	3	1770
1D	40E5	3	1770
1D	40E8	3	1770
1D	40EB	3	1770
1D	40EE	3	1770
1D	40F1	3	1770
1D	40F4	3	1770
1D	40F6	3	1770
1D	40FC	3	1770
1D	40FE	3	1770
1D	4101	3	1770
1D	4104	3	1770
1D	4107	3	1770
1D	410D	3	1770
1D	4110	3	1771
1D	4112	3	1771
1D	4114	3	1771
1D	4115	3	1771
1D	4117	3	1771
1D	4119	3	1771
1D	411B	3	1771
1D	411D	3	1771
1D	411E	3	1771
1D	4121	3	1771
1D	4124	3	1771
1D	4127	3	1771
1D	412A	3	1771
1D	412D	3	1771
1D	412F	3	1771
1D	4131	3	1771
1D	4133	3	1771
1D	4139	3	1772
1D	413B	3	1772
1D	413C	3	1772
1D	413E	3	1772
1D	4140	3	1772
1D	4142	3	1772
1D	4144	3	1772
1D	4147	3	1772
1D	414A	3	1772
1D	414C	3	1772
1D	414F	3	1772
1D	4152	3	1772
1D	4154	3	1772
1D	4157	3	1773
1D	415D	3	1773
1D	4163	3	1789
1D	4166	3	1789
1D	4167	3	1789
1D	4169	3	1789
1D	416C	3	1789
1D	416D	3	1789
1D	4170	3	1789
1D	4172	3	1789
1D	4178	3	1794
1D	417A	3	1794
1D	417B	3	1794
1D	417D	3	1794
1D	417F	3	1794
1D	4182	3	1794
1D	4185	3	1794
1D	4186	3	1794
1D	4188	2396	1794
1D	418E	2396	1794
1D	4191	2395	1794
1D	4197	2395	1794
1D	419D	2395	1794
1D	41AA	2393	1794
1D	41B0	2393	1794
1D	41B2	2393	1794
1D	41B4	2393	1794
1D	41B7	2393	1794
1D	41BA	2393	1795
1D	41BD	2	2572
1D	41BF	2	2572
1D	41C0	2	2572
1D	41C2	2	2572
1D	41C4	2	2572
1D	41C7	2	2572
1D	41CA	2	2572
1D	41CB	2	2572
1D	41CD	2	2572
1D	41D3	2	2601
1D	41D9	2	2603
1D	41DC	2	2603
1D	41DD	2	2603
1D	41DF	2	2603
1D	41E2	2	2603
1D	41E8	2	2603
1D	41EB	2	2603
1D	4229	5	2362
1D	422B	5	2362
1D	422D	5	2362
1D	422F	5	2362
1D	4256	5	2362
1D	4259	5	2362
1D	425C	5	2362
1D	425D	5	2362
1D	425F	5	2362
1D	4263	5	2362
1D	4266	5	2362
1D	4269	5	2362
1D	426C	5	2362
1D	4272	5	2362
1D	4274	5	2362
1D	4277	5	2363
1D	427A	5	2363
1D	427C	5	2363
1D	427D	5	2363
1D	427F	5	2363
1D	4281	5	2363
1D	4284	5	2363
1D	4287	5	2363
1D	4288	5	2363
1D	428A	5	2363
1D	428D	5	2363
1D	428E	5	2363
1D	4290	5	2363
1D	4293	5	2363
1D	4294	5	2363
1D	4297	5	2363
1D	4299	5	2363
1D	429F	5	2368
1D	42A0	1	2363
1D	42A2	1	2363
1D	42A5	1	2363
1D	42A8	1	2363
1D	42A9	1	2363
1D	42AB	1	2363
1D	42AC	1	2363
1D	42AE	1	2363
1D	42AF	8	1772
1D	42B2	8	1772
1D	42B3	8	1772
1D	42B5	8	1772
1D	42B8	8	1772
1D	42BA	8	1772
1D	42BB	8	1772
1D	42BD	8	1772
1D	42BF	8	1772
1D	42C0	8	1772
1D	42C1	8	1772
1D	42C4	8	1772
1D	42C5	8	1772
1D	42C7	8	1772
1D	42C8	8	1772
1D	42C9	8	1772
1D	42CA	8	1772
1D	42CC	8	1772
1D	42CD	8	1772
1D	42D0	8	1772
1D	42D1	8	1772
1D	42D2	8	1772
1D	42D3	8	1772
1D	42D4	8	1772
1D	42D5	8	1772
1D	42D6	8	1772
1D	42D9	8	1772
1D	42DA	8	1772
1D	42DB	8	1772
1D	42DC	8	1772
1D	42DD	8	1772
1D	42DF	8	1772
1D	42E0	8	1772
1D	42E1	8	1772
1D	42E4	8	1772
1D	42E5	8	1772
1D	42E6	8	1772
1D	42E7	8	1772
1D	42E9	8	1772
1D	42EA	8	1772
1D	42EC	8	1772
1D	42ED	8	1772
1D	42F0	8	1772
1D	42F1	8	1772
1D	42F3	8	1772
1D	42F6	8	1772
1D	42F8	8	1772
1D	42FA	8	1772
1D	42FD	8	1772
1D	42FE	4	1772
1D	4300	4	1772
1D	4303	4	1772
1D	4306	4	1772
1D	4307	4	1772
1D	4309	4	1772
1D	430A	4	1772
1D	430C	4	1772
1D	4325	8	1772
1D	4328	8	1772
1D	4329	8	1772
1D	432B	8	1772
1D	432E	8	1772
1D	4330	8	1772
1D	4331	8	1772
1D	4333	8	1772
1D	4335	8	1772
1D	4336	8	1772
1D	4337	8	1772
1D	433A	8	1772
1D	433B	8	1772
1D	433D	8	1772
1D	433E	8	1772
1D	433F	8	1772
1D	4340	8	1772
1D	4342	8	1772
1D	4343	8	1772
1D	4346	8	1772
1D	4347	8	1772
1D	4348	8	1772
1D	4349	8	1772
1D	434A	8	1772
1D	434B	8	1772
1D	434C	8	1772
1D	434F	8	1772
1D	4350	8	1772
1D	4351	8	1772
1D	4352	8	1772
1D	4353	8	1772
1D	4355	8	1772
1D	4356	8	1772
1D	4357	8	1772
1D	435A	8	1772
1D	435B	8	1772
1D	435C	8	1772
1D	435D	8	1772
1D	435F	8	1772
1D	4360	8	1772
1D	4362	8	1772
1D	4363	8	1772
1D	4366	8	1772
1D	4367	8	1772
1D	4369	8	1772
1D	436C	8	1772
1D	436E	8	1772
1D	4370	8	1772
1D	4373	8	1772
1D	4374	1	2362
1D	4376	1	2362
1D	4379	1	2362
1D	437C	1	2362
1D	437D	1	2362
1D	437F	1	2362
1D	4380	1	2362
1D	4382	1	2362
1D	439B	2398	1794
1D	439E	2398	1794
1D	439F	2398	1794
1D	43A0	81	1794
1D	43A2	81	1794
1D	43A5	81	1794
1D	43A7	81	1794
1D	43AA	81	1794
1D	43AC	40	1824
1D	43AE	40	1824
1D	43B1	40	1824
1D	43B3	40	1824
1D	43B6	40	1824
1D	43B9	40	1824
1D	43BC	40	1824
1D	43BF	40	1824
1D	43C1	40	1824
1D	43C7	40	1824
1D	43CD	40	1824
1D	43CF	40	1824
1D	43D2	40	1825
1D	43D3	41	1794
1D	43D5	41	1794
1D	43D8	41	1794
1D	43DA	41	1794
1D	43DD	41	1794
1D	43E0	41	1794
1D	43E3	41	1794
1D	43E6	41	1794
1D	43E8	41	1794
1D	43EE	41	1794
1D	43F4	41	1794
1D	43F6	41	1794
1D	43F9	41	1795
1F	4000	1	1112
1F	4003	1	1112
1F	4004	1	1112
1F	4007	1	1112
1F	400A	1	1112
1F	400D	1	1112
1F	4013	1	1112
1F	4015	1	1112
1F	4018	1	1112
1F	401B	1	1112
1F	401C	1	1112
1F	401E	1	1112
1F	4020	1	1112
1F	4023	1	1112
1F	4025	1	1112
1F	4028	1	1112
1F	402B	1	1112
1F	402D	1	1112
1F	4030	1	1112
1F	4032	1	1112
1F	4035	1	1112
1F	4037	1	1112
1F	4039	1	1112
1F	403B	1	1112
1F	403C	1	1112
1F	403E	1	1112
1F	4040	1	1112
1F	4042	1	1112
1F	4044	1	1112
1F	4046	1	1112
1F	4048	1	1112
1F	404E	1	1112
1F	4051	1	1112
1F	4054	1	1112
1F	4056	1	1112
1F	4058	1	1112
1F	405A	1	1112
1F	4060	1	1113
1F	4063	1	1113
1F	4066	1	1113
1F	4068	1	1113
1F	406A	1	1113
1F	406C	1	1113
1F	4072	1	1114
1F	4075	1	1114
1F	4078	1	1114
1F	407A	1	1114
1F	407C	1	1114
1F	407E	1	1114
1F	4084	1	1115
1F	4087	1	1115
1F	408A	1	1115
1F	408C	1	1115
1F	408E	1	1115
1F	4090	1	1115
1F	4096	1	1116
1F	4099	1	1116
1F	409C	1	1116
1F	409E	1	1116
1F	40A0	1	1116
1F	40A2	1	1116
1F	40A8	1	1117
1F	40AB	1	1117
1F	40AE	1	1117
1F	40B0	1	1117
1F	40B2	1	1117
1F	40B4	1	1117
1F	40BA	1	1118
1F	40BD	1	1118
1F	40C0	1	1118
1F	40C2	1	1118
1F	40C4	1	1118
1F	40C6	1	1118
1F	40CC	1	1119
1F	40CF	1	1119
1F	40D2	1	1119
1F	40D5	1	1119
1F	40D7	1	1119
1F	40DD	1	1119
1F	40E0	1	1119
1F	40E3	1	1119
1F	40E6	1	1119
1F	40E8	1	1119
1F	40EE	1	1119
1F	40F1	1	1119
1F	40F4	1	1119
1F	40F6	1	1119
1F	40F8	1	1119
1F	40FE	1	1119
1F	4101	1	1119
1F	4104	1	1119
1F	4107	1	1119
1F	4109	1	1119
1F	410F	1	1119
1F	4112	1	1119
1F	4115	1	1119
1F	4117	1	1119
1F	4119	1	1119
1F	411F	1	1119
1F	4122	1	1119
1F	4125	1	1119
1F	4128	1	1119
1F	412B	1	1119
1F	412E	1	1119
1F	4130	1	1119
1F	4132	1	1119
1F	4138	1	1119
1F	413B	1	1119
1F	413E	1	1119
1F	4141	1	1119
1F	4142	1	1119
1F	4145	1	1119
1F	4148	1	1119
1F	414B	1	1119
1F	414E	1	1119
1F	4151	1	1119
1F	4154	1	1119
1F	4157	1	1120
1F	4159	1	1120
1F	415C	1	1120
1F	415F	1	1120
1F	4162	1	1120
1F	4168	1	1120
1F	416A	1	1120
1F	416C	1	1120
1F	416D	1	1120
1F	416F	1	1120
1F	4171	1	1120
1F	4173	1	1120
1F	4175	1	1120
1F	4176	1	1120
1F	4179	1	1120
1F	417C	1	1120
1F	417F	1	1120
1F	4182	1	1120
1F	4185	1	1120
1F	4187	1	1120
1F	4189	1	1120
1F	418B	1	1120
1F	4191	1	1121
1F	4193	1	1121
1F	4194	1	1121
1F	4196	1	1121
1F	4198	1	1121
1F	419A	1	1121
1F	419C	1	1121
1F	419F	1	1122
1F	41A5	1	1122
1F	41A7	1	1122
1F	41A9	1	1122
1F	41AB	1	1122
1F	41B1	1	1138
1F	41B4	1	1138
1F	41B5	1	1138
1F	41B6	1	1138
1F	41B9	1	1138
1F	41BB	1	1138
1F	41C1	1	1142
1F	41C3	1	1142
1F	41C4	1	1142
1F	41C6	1	1142
1F	41C8	1	1142
1F	41CB	1	1142
1F	41CE	1	1142
1F	41CF	1	1142
1F	41D1	561	1142
1F	41D7	561	1142
1F	41DA	561	1142
1F	41E0	561	1142
1F	41E6	561	1142
1F	41F3	560	1142
1F	41F9	560	1142
1F	41FC	560	1142
1F	41FE	560	1142
1F	4200	560	1142
1F	4203	560	1142
1F	4206	560	1142
1F	4209	560	1142
1F	420A	560	1142
1F	420D	560	1142
1F	4210	560	1142
1F	4211	560	1142
1F	4214	560	1142
1F	4217	1	1728
1F	421A	1	1728
1F	421B	1	1728
1F	421D	1	1728
1F	421F	1	1728
1F	4220	1	1728
1F	4222	1	1728
1F	4224	1	1728
1F	4227	1	1728
1F	422A	1	1728
1F	422B	1	1728
1F	422D	1	1728
1F	4233	1	1760
1F	4239	1	1762
1F	423B	1	1762
1F	423D	1	1762
1F	423F	1	1762
1F	4242	1	1762
1F	4243	1	1762
1F	4245	1	1762
1F	4248	1	1762
1F	424E	1	1762
1F	4251	1	1762
1F	43F7	1	1119
1F	43FA	1	1119
1F	43FC	1	1119
1F	43FE	1	1119
1F	4401	1	1119
1F	4404	1	1119
1F	4406	1	1119
1F	4408	1	1119
1F	440E	1	1119
1F	4411	1	1119
1F	4414	1	1119
1F	4417	1	1119
1F	441A	1	1119
1F	441B	1	1119
1F	441D	1	1119
1F	444F	1	1119
1F	4452	1	1119
1F	4455	1	1119
1F	4457	1	1119
1F	4459	1	1119
1F	445F	1	1119
1F	4462	1	1119
1F	4465	1	1119
1F	4468	1	1119
1F	446A	1	1119
1F	446B	1	1119
1F	446E	1	1119
1F	4470	1	1119
1F	4471	1	1119
1F	4474	1	1119
1F	4477	1	1119
1F	447A	1	1119
1F	44C0	1	1119
1F	44C1	1	1119
1F	44C4	1	1119
1F	44C7	1	1119
1F	44C8	1	1119
1F	44CB	1	1119
1F	44D1	1	1119
1F	44D4	1	1120
1F	44D5	561	1119
1F	44D8	561	1119
1F	44D9	561	1119
1F	44DA	561	1119
1F	44DD	561	1119
1F	44DE	561	1119
1F	44DF	19	1119
1F	44E1	19	1119
1F	44E4	19	1119
1F	44E5	19	1119
1F	44E7	19	1119
1F	4503	19	1119
1F	4506	19	1119
1F	4509	19	1119
1F	450C	19	1119
1F	450F	19	1119
1F	4510	19	1119
1F	4513	19	1119
1F	4515	19	1119
1F	4518	19	1119
1F	451E	19	1119
1F	4520	19	1119
1F	4523	19	1120
1F	4526	19	1120
1F	4527	19	1120
1F	452A	19	1120
1F	452C	19	1120
1F	452D	9	1172
1F	452E	9	1172
1F	4531	9	1172
1F	4561	560	1142
1F	4564	560	1142
1F	4565	560	1142
22	4000	1	2603
22	4003	1	2604
22	4004	1	2604
22	4006	1	2604
22	4007	1	2604
22	4009	1	2604
22	400B	1	2604
22	400D	1	2604
22	400F	1	2604
22	4012	1	2604
22	4014	1	2604
22	4017	1	2604
22	4018	1	2604
22	401A	1	2604
22	401C	1	2604
22	401D	1	2604
22	4023	1	2604
22	4026	1	2605
22	4028	1	2605
22	402B	1	2637
22	402E	1	2637
22	402F	1	2637
22	4031	1	2637
22	4032	1	2637
22	4034	1	2637
22	4036	1	2637
22	4038	1	2637
22	4039	1	2637
22	403C	1	2637
22	403D	1	2637
22	403F	1	2637
22	4041	1	2637
22	4042	1	2637
22	4043	1	2637
22	4044	1	2637
22	404A	1	3300
22	404B	1	3300
22	404D	1	3300
22	404E	1	3300
22	4050	1	3300
22	4052	1	3300
22	4054	1	3300
22	4056	1	3300
22	4059	1	3300
22	405A	1	3300
22	405C	1	3300
22	405E	1	3300
22	405F	1	3300
22	4061	1	3300
22	4062	1	3300
22	4076	320	3300
22	4077	320	3300
22	407D	320	3300
22	4080	320	3301
22	4086	320	3301
22	4087	320	3301
22	4089	320	3301
22	408B	320	3301
22	408D	2	3546
22	408E	2	3546
22	408F	2	3546
22	4091	2	3546
22	4092	2	3546
22	4094	2	3546
22	4096	2	3546
22	4099	2	3546
22	409C	2	3546
22	409D	2	3546
22	409F	2	3546
22	40A0	2	3546
22	40A1	2	3546
22	40A2	2	3546
22	40A4	2	3546
22	40A5	2	3546
22	40B3	1	4196
22	40B4	1	4196
22	40B5	1	4196
22	40B7	1	4196
22	40B8	1	4196
22	40BA	1	4196
22	40BC	1	4196
22	40BE	1	4196
22	40C0	1	4196
22	40C3	1	4196
22	40C5	1	4196
22	40C8	1	4196
22	40C9	1	4196
22	40CB	1	4196
22	40CD	1	4196
22	40CE	1	4196
22	40D4	1	4196
22	40D5	1	4196
22	40D7	1	4196
22	40D8	1	4196
22	40DA	1	4196
22	40DC	1	4196
22	40DF	1	4196
22	40E2	1	4196
22	40E3	1	4196
22	40E5	1	4196
22	40E6	1	4196
22	40E9	1	4231
22	40EA	1	4231
22	40ED	2	3546
22	40F0	1	4196
22	40F2	1	4196
22	40F4	318	3301
22	40F6	318	3301
22	40F8	318	3301
22	4120	318	3301
22	4122	318	3301
22	4124	318	3301
22	4126	2	3438
22	4127	2	3438
22	4128	2	3438
22	4129	2	3438
22	412B	2	3438
22	412C	2	3438
22	412E	2	3438
22	4130	2	3438
22	4133	2	3438
22	4136	2	3438
22	4137	2	3438
22	4139	2	3438
22	413A	2	3438
22	413B	2	3438
22	413C	2	3438
22	413D	2	3438
22	413E	2	3438
22	413F	2	3438
22	4141	2	3438
22	4143	1	3472
22	4145	2	3438
22	4148	318	3301
22	414A	318	3301
22	414C	318	3301
22	4170	318	3301
22	4173	2	3438
22	4174	2	3438
22	4176	2	3438
22	41B3	2	3438
22	41B5	2	3438
22	41B7	1	3438
22	41B8	1	3438
22	41BB	1	3438
22	41BE	1	3438
22	41C1	1	3438
22	41C3	1	3438
22	41C9	1	3438
22	41CB	1	3438
22	41CE	1	3439
22	41D1	1	3439
22	41D4	1	3439
22	41D6	1	3439
22	41D8	1	3439
22	41DE	1	3439
22	41E1	1	3439
22	41E4	1	3439
22	41E7	1	3439
22	41ED	1	3439
22	41F0	1	3443
22	41F1	1	3443
22	41F2	1	3472
22	41F3	1	3472
22	41F6	1	3472
22	41F9	1	3472
22	41FC	1	3472
22	41FE	1	3472
22	4204	1	3472
22	4206	1	3472
22	4209	1	3473
22	420C	1	3473
22	420F	1	3473
22	4211	1	3473
22	4213	1	3473
22	4219	1	3473
22	421C	1	3473
22	421F	1	3473
22	4222	1	3473
22	4228	1	3473
22	422B	1	3477
22	422C	1	3477
22	422D	2	2605
22	422E	2	2605
22	4234	2	2605
22	423A	2	2605
22	4240	2	2607
22	4243	2	2607
22	4246	2	2607
22	4249	2	2607
22	424C	2	2607
22	424E	2	2607
22	4254	2	2607
22	4257	2	2608
22	425A	2	2608
22	425D	2	2608
22	4260	2	2608
22	4262	2	2608
22	4268	2	2608
22	426B	2	2609
22	426E	2	2609
22	4271	2	2609
22	4273	2	2609
22	4275	2	2609
22	4277	2	2609
22	427D	2	2609
22	4280	2	2610
22	4283	2	2610
22	4286	2	2610
22	4288	2	2610
22	428A	2	2610
22	428C	2	2610
22	4292	2	2611
22	4295	2	2611
22	4298	2	2611
22	429B	2	2611
22	429D	2	2611
22	429F	2	2611
22	42A1	2	2611
22	42A7	2	2612
22	42AA	2	2612
22	42AD	2	2612
22	42B0	2	2612
22	42B2	2	2612
22	42B4	2	2612
22	42B6	2	2612
22	42BC	2	2613
22	42BF	2	2613
22	42C2	2	2613
22	42C5	2	2613
22	42C8	2	2613
22	42CA	2	2613
22	42D0	2	2613
22	42D3	2	2614
22	42D5	2	2614
22	42D8	2	2615
22	42DB	2	2615
22	42DD	2	2615
22	42DF	2	2615
22	42E1	2	2615
22	42E4	2	2615
22	42E7	7680	2615
22	42E8	7680	2615
22	42E9	7680	2615
22	42EA	7680	2615
22	42EB	7680	2615
22	42EC	7680	2615
22	42EE	2	2616
22	42EF	2	2616
22	42F0	2	2616
22	42F1	2	2616
22	42F3	2	2616
22	42F5	2	2616
22	42F7	2	2616
22	42F9	1	2616
22	42FC	1	2620
22	42FF	1	2620
22	4302	1	2620
22	4304	1	2620
22	4306	1	2620
22	430C	1	2620
22	430F	1	2620
22	4312	1	2620
22	4315	1	2620
22	434B	1	4208
22	434E	1	4212
22	4351	1	4212
22	4354	1	4212
22	4357	1	4212
22	4359	1	4212
22	435F	1	4212
22	4361	1	4212
22	4364	1	4213
22	4367	1	4213
22	436A	1	4213
22	436C	1	4213
22	436E	1	4213
22	4374	1	4213
22	4377	1	4213
22	437A	1	4213
22	437D	2	2620
22	4380	2	2620
22	4386	2	2620
22	4389	2	2621
22	438F	2	2637
22	4390	2	2637
22	4392	2	2637
22	4393	2	2637
22	4395	2	2637
22	4397	2	2637
22	4399	2	2637
22	439B	2	2637
22	439E	2	2637
22	43A0	2	2637
22	43A3	2	2637
22	43A4	2	2637
22	43A6	2	2637
22	43A8	2	2637
22	43A9	2	2637
22	43AF	2	2637
22	43B0	2	2637
22	43B1	2	2637
22	43B3	2	2637
22	43B4	2	2637
22	43B6	2	2637
22	43B8	2	2637
22	43BB	2	2637
22	43BE	2	2637
22	43BF	2	2637
22	43C1	2	2637
22	43C2	2	2637
22	43C3	2	2637
22	43C4	2	2637
22	43C5	1	3439
22	43C8	1	3439
22	43CA	1	3439
22	43CC	1	3439
22	43CE	1	3439
22	43D0	1	3439
22	43D3	1	3439
22	43D6	1	3439
22	43DC	1	3440
22	43DF	1	3443
22	444D	1	2616
22	4450	1	2616
22	4452	1	2616
22	4454	1	2616
22	4456	1	2616
22	4458	1	2616
22	445B	1	2616
22	445E	1	2616
22	4464	1	2618
22	4467	1	2620
22	44FA	2	3473
22	44FD	2	3473
22	44FF	2	3473
22	4501	2	3473
22	4503	2	3473
22	4505	2	3473
22	4508	2	3473
22	450B	2	3473
22	4511	2	3475
22	4514	2	3477
22	4582	2	3562
22	4583	2	3562
22	4585	2	3562
22	4586	2	3562
22	4588	2	3562
22	458A	2	3562
22	458C	2	3562
22	458E	2	3562
22	4591	2	3562
22	4593	2	3562
22	4596	2	3562
22	4597	2	3562
22	4599	2	3562
22	459B	2	3562
22	459C	2	3562
22	45A2	2	3562
22	45A8	2	3562
22	45AE	2	3562
22	45B4	2	3564
22	45B7	2	3564
22	45BA	2	3564
22	45BD	2	3564
22	45C0	2	3564
22	45C2	2	3564
22	45C8	2	3564
22	45CB	2	3565
22	45CE	2	3565
22	45D1	2	3565
22	45D4	2	3565
22	45D6	2	3565
22	45DC	2	3565
22	45DF	2	3566
22	45E2	2	3566
22	45E5	2	3566
22	45E7	2	3566
22	45E9	2	3566
22	45EB	2	3566
22	45F1	2	3567
22	45F4	2	3567
22	45F7	2	3567
22	45FA	2	3567
22	45FC	2	3567
22	45FE	2	3567
22	4600	2	3567
22	4606	2	3568
22	4609	2	3568
22	460C	2	3568
22	460F	2	3568
22	4611	2	3568
22	4613	2	3568
22	4615	2	3568
22	461B	2	3569
22	461E	2	3569
22	4621	2	3569
22	4624	2	3569
22	4627	2	3569
22	4629	2	3569
22	462F	2	3569
22	4632	2	3570
22	4634	2	3570
22	4637	2	3571
22	463A	2	3572
22	463C	2	3572
22	463E	2	3572
22	4640	2	3572
22	4643	2	3572
22	4646	7680	3572
22	4647	7680	3572
22	4648	7680	3572
22	4649	7680	3572
22	464A	7680	3572
22	464B	7680	3572
22	464D	2	3573
22	4650	2	3573
22	4653	2	3573
22	4655	2	3573
22	4657	2	3573
22	465D	2	3573
22	4660	2	3573
22	4663	2	3573
22	4666	2	3573
22	4669	2	3573
22	466B	2	3573
22	466D	2	3573
22	466F	2	3573
22	4671	2	3573
22	4674	2	3573
22	4677	2	3573
22	467D	2	3573
22	4680	2	3574
22	4683	2	3574
22	4685	2	3574
22	4687	2	3574
22	4689	2	3574
22	468B	2	3574
22	468E	2	3574
22	4691	2	3574
22	4697	2	3574
22	469A	2	3575
22	469D	2	3575
22	469F	2	3575
22	46A1	2	3575
22	46A3	2	3575
22	46A5	2	3575
22	46A8	2	3575
22	46AB	2	3575
22	46B1	2	3575
22	46B4	2	3576
22	46B7	2	3576
22	46B9	2	3576
22	46BB	2	3576
22	46BD	2	3576
22	46BF	2	3576
22	46C2	2	3576
22	46C5	2	3576
22	46CB	2	3576
22	46CE	2	3577
22	46D1	2	3579
22	46D4	2	3579
22	46D5	2	3579
22	46D6	2	3579
22	46D8	2	3579
22	46D9	2	3579
22	46DB	2	3579
22	46DD	2	3579
22	46E0	2	3579
22	46E3	2	3579
22	46E4	2	3579
22	46E6	2	3579
22	46E7	2	3579
22	46E8	2	3579
22	46EE	2	3579
22	46F1	2	3580
22	46F7	2	3596
22	46F8	2	3596
22	46FA	2	3596
22	46FB	2	3596
22	46FD	2	3596
22	46FF	2	3596
22	4701	2	3596
22	4703	2	3596
22	4706	2	3596
22	4708	2	3596
22	470B	2	3596
22	470C	2	3596
22	470E	2	3596
22	4710	2	3596
22	4711	2	3596
22	4717	2	3596
22	4719	1243	3596
22	471A	1243	3596
22	4720	1243	3596
22	4723	1243	3597
22	4729	1243	3597
22	472A	1243	3597
22	472C	1243	3597
22	472E	1243	3597
22	4730	2	4180
22	4731	2	4180
22	4732	2	4180
22	4734	2	4180
22	4735	2	4180
22	4737	2	4180
22	4739	2	4180
22	473C	2	4180
22	473F	2	4180
22	4740	2	4180
22	4742	2	4180
22	4743	2	4180
22	4744	2	4180
22	4745	2	4180
22	4747	1	5021
22	474D	1	5021
22	4750	1	5022
22	4756	1	5037
22	4757	1	5037
22	4758	1	4180
22	475E	1	4180
22	4761	1	4181
22	4767	1	4196
22	4769	1	4196
22	476A	1241	3597
22	476C	1241	3597
22	476E	1241	3597
22	4796	1241	3597
22	4798	1241	3597
22	479A	1241	3597
22	479C	1	4947
22	479D	1	4947
22	479E	1	4947
22	47A0	1	4947
22	47A1	1	4947
22	47A3	1	4947
22	47A5	1	4947
22	47A8	1	4947
22	47AB	1	4947
22	47AC	1	4947
22	47AE	1	4947
22	47AF	1	4947
22	47B0	1	4947
22	47B1	1	4947
22	47B2	1	4947
22	47B4	1	4947
22	47B5	1	4947
22	47B8	1241	3597
22	47BA	1241	3597
22	47BC	1241	3597
22	47DA	1241	3597
22	47DE	1	4947
22	47DF	1	4947
22	47E1	1	4947
22	47E3	1	4947
22	47E4	1	4947
22	47E7	1	4947
22	47EA	1	4947
22	47EC	1	4947
22	47EE	1	4947
22	47F4	1	4947
22	47F7	1	4947
22	47FA	1	4947
22	47FD	1	4947
22	47FE	1	4947
22	489F	6	2618
22	48A1	6	2618
22	48A2	6	2618
22	48A4	6	2618
22	48A6	6	2618
22	48A8	6	2618
22	48A9	6	2618
22	48AB	6	2618
22	48AE	6	2618
22	48B1	6	2618
22	48B3	6	2618
22	48B9	6	2619
22	48BC	6	2619
22	48BF	6	2619
22	48C1	6	2619
22	48C7	6	2620
22	48C8	6	2620
22	48CA	6	2620
22	48CC	6	2620
22	4C62	2	3546
22	4C64	2	3546
22	4C67	2	3546
22	4C68	2	3546
22	4C6B	2	3546
22	4C71	2	3546
22	4C74	2	3547
22	4C7A	2	3562
22	4C7D	2	4196
22	4C7E	2	4196
22	4C80	1	4196
22	4C81	1	4196
22	4C82	1	5037
22	4C84	1	5037
22	4C86	1	5037
22	4C88	1	5037
22	4C8B	1	5037
22	4C8E	1	5037
22	4C90	7	5037
22	4C91	7	5037
22	4C92	7	5037
22	4C93	7	5037
22	4C94	7	5037
22	4C96	1	5037
22	4C98	1	5037
22	4C9B	1	5037
22	4CA1	1	5790
22	4CA2	1	5790
22	4CA4	1	5790
22	4CA6	1	5790
22	4CA8	1	5790
22	4CAA	1	5790
22	4CAD	1	5790
22	4CAE	1	5790
22	4CAF	1	5790
22	4CB1	1	5790
22	4CB2	1	5790
22	4CB3	1	5790
22	4CB4	1	5790
22	4CB5	1	5790
22	4CB6	1	5790
22	4CB7	1	5790
22	4CB8	1	5790
22	4CB9	1	5790
22	4CBA	1	5790
22	4CBB	1	5790
22	4CBC	1	5790
22	4CBD	1	5790
22	4CBE	1	5790
22	4CBF	1	5790
22	4CC0	1	5790
22	4CC6	1	5790
22	4CC8	1	5790
22	4CCA	1	5790
22	4CD0	1	6246
22	4CD2	1	6246
22	4CD4	1	6246
22	4CD6	1	6246
22	4CD8	1	6246
22	4CDA	1	6246
22	4D38	1	6246
22	4D3E	1	6555
22	4D41	1	6555
22	4D43	1	6555
22	4D46	1	6555
22	4D48	1	6555
22	4D4A	1	6555
22	4D4C	1	6555
22	4D52	1	6860
22	4D53	1	6860
22	4D54	1	6860
22	4D56	1	6860
22	4D58	1	6860
22	4D5A	1	6860
22	4D5C	1	6860
22	4D5D	1	6860
22	4D76	1	6860
22	4D7C	1	6860
22	4D7E	1	6860
22	4D84	1	6860
22	4D86	1	6860
22	4D89	1	6860
22	4D8C	1	6860
22	4D92	1	8269
22	4D94	1	8269
22	4D97	1	8269
22	4D9D	1	8369
22	4D9E	1	8369
22	4D9F	1	8369
22	4DA5	1	8384
22	4EF0	1	324
22	4EF2	1	324
22	4EF4	1	324
22	4EF6	1	324
22	4EF7	1	324
22	4EF9	1	324
22	4EFB	1	324
22	4EFD	1	324
22	4F00	1	324
22	4F02	1	324
22	4F04	1	324
22	4F07	1	324
22	4F0A	1	324
22	4F0D	4094	324
22	4F0E	4094	324
22	4F0F	4094	324
22	4F10	4094	324
22	4F12	223	324
22	4F13	4094	324
22	4F14	4094	324
22	4F15	4094	324
22	4F16	4094	324
22	4F18	1	326
22	4F19	1	326
22	4F1A	1	326
22	4F1B	1	326
22	4F1C	1	326
22	4F1D	1	326
22	4F1E	1	326
22	4F20	1	326
22	4F23	1	326
22	4F46	1	326
22	4F47	1	326
22	4F48	1	326
22	4F4A	1	326
22	4F4B	1	326
22	4F4C	1	326
22	4F4E	1	326
22	4F4F	1	326
22	4FF6	1	324
22	4FF7	1	324
22	4FF8	1	324
22	4FF9	1	324
22	4FFB	1	324
22	4FFE	1	326
22	5001	1	326
22	5002	1	326
22	5017	1	326
22	5019	1	326
22	501A	1	326
22	501B	1	326
22	501C	1	326
23	4000	1	9322
23	4003	1	9323
23	4004	1	9323
23	4006	1	9323
23	4007	1	9323
23	4009	1	9323
23	400B	1	9323
23	400D	1	9323
23	400F	1	9323
23	4012	1	9323
23	4014	1	9323
23	4017	1	9323
23	4018	1	9323
23	401A	1	9323
23	401C	1	9323
23	401D	1	9323
23	4023	1	9323
23	4026	1	9324
23	4028	1	9324
23	402B	1	9357
23	402E	1	9357
23	402F	1	9357
23	4031	1	9357
23	4032	1	9357
23	4034	1	9357
23	4036	1	9357
23	4038	1	9357
23	4039	1	9357
23	403C	1	9357
23	403D	1	9357
23	403F	1	9357
23	4041	1	9357
23	4042	1	9357
23	4043	1	9357
23	4044	1	9357
23	404A	1	10227
23	404B	1	10227
23	404D	1	10227
23	404E	1	10227
23	4050	1	10227
23	4052	1	10227
23	4054	1	10227
23	4056	1	10227
23	4059	1	10227
23	405A	1	10227
23	405C	1	10227
23	405E	1	10227
23	405F	1	10227
23	4061	1	10227
23	4062	1	10227
23	4076	213	10227
23	4077	213	10227
23	407D	213	10227
23	4080	213	10228
23	4086	213	10228
23	4087	213	10228
23	4089	213	10228
23	408B	213	10228
23	408D	1	10440
23	408E	1	10440
23	408F	1	10440
23	4091	1	10440
23	4092	1	10440
23	4094	1	10440
23	4096	1	10440
23	4099	1	10440
23	409C	1	10440
23	409D	1	10440
23	409F	1	10440
23	40A0	1	10440
23	40A1	1	10440
23	40A2	1	10440
23	40AB	1	10440
23	40EA	212	10228
23	40EC	212	10228
23	40EE	212	10228
23	4116	212	10228
23	4118	212	10228
23	411A	212	10228
23	413A	212	10228
23	413C	212	10228
23	413E	212	10228
23	415E	212	10228
23	41DC	1	9324
23	41DD	1	9324
23	41E3	1	9324
23	41E9	1	9324
23	41EF	1	9326
23	41F2	1	9327
23	41F5	1	9327
23	41F8	1	9327
23	41FB	1	9327
23	41FD	1	9327
23	4203	1	9327
23	4206	1	9328
23	4209	1	9328
23	420C	1	9328
23	420F	1	9328
23	4211	1	9328
23	4217	1	9328
23	421A	1	9329
23	421D	1	9329
23	4220	1	9329
23	4222	1	9329
23	4224	1	9329
23	4226	1	9329
23	422C	1	9329
23	422F	1	9330
23	4232	1	9330
23	4235	1	9330
23	4237	1	9330
23	4239	1	9330
23	423B	1	9330
23	4241	1	9331
23	4244	1	9331
23	4247	1	9331
23	424A	1	9331
23	424C	1	9331
23	424E	1	9331
23	4250	1	9331
23	4256	1	9332
23	4259	1	9332
23	425C	1	9332
23	425F	1	9332
23	4261	1	9332
23	4263	1	9332
23	4265	1	9332
23	426B	1	9333
23	426E	1	9333
23	4271	1	9333
23	4274	1	9333
23	4277	1	9333
23	4279	1	9333
23	427F	1	9333
23	4282	1	9334
23	4284	1	9334
23	4287	1	9335
23	428A	1	9335
23	428C	1	9335
23	428E	1	9335
23	4290	1	9335
23	4293	1	9335
23	4296	3840	9335
23	4297	3840	9335
23	4298	3840	9335
23	4299	3840	9335
23	429A	3840	9335
23	429B	3840	9335
23	429D	1	9336
23	429E	1	9336
23	429F	1	9336
23	42A0	1	9336
23	42A2	1	9336
23	42A4	1	9336
23	42A7	1	9340
23	42AA	1	9340
23	42AD	1	9340
23	42AF	1	9340
23	42B1	1	9340
23	42B7	1	9340
23	42BA	1	9340
23	42BD	1	9340
23	42C0	1	9340
23	42F4	1	9340
23	42F7	1	9340
23	42FD	1	9340
23	4300	1	9341
23	4306	1	9357
23	4307	1	9357
23	4309	1	9357
23	430A	1	9357
23	430C	1	9357
23	430E	1	9357
23	4310	1	9357
23	4312	1	9357
23	4315	1	9357
23	4317	1	9357
23	431A	1	9357
23	431B	1	9357
23	431D	1	9357
23	431F	1	9357
23	4320	1	9357
23	4326	1	9357
23	4327	1	9357
23	4328	1	9357
23	432A	1	9357
23	432B	1	9357
23	432D	1	9357
23	432F	1	9357
23	4332	1	9357
23	4335	1	9357
23	4336	1	9357
23	4338	1	9357
23	4339	1	9357
23	433A	1	9357
23	433B	1	9357
23	43C4	1	9336
23	43C7	1	9336
23	43C9	1	9336
23	43CB	1	9336
23	43CD	1	9336
23	43CF	1	9336
23	43D2	1	9336
23	43D5	1	9336
23	43DB	1	9338
23	43DE	1	9340
23	478E	1	9338
23	4790	1	9338
23	4791	1	9338
23	4793	1	9338
23	4795	1	9338
23	4797	1	9338
23	4798	1	9338
23	479A	1	9338
23	479D	1	9338
23	47A0	1	9338
23	47A2	1	9338
23	47A8	1	9339
23	47AB	1	9339
23	47AE	1	9339
23	47B0	1	9339
23	47B6	1	9340
23	47B7	1	9340
23	47B9	1	9340
23	47BB	1	9340
23	4B51	1	10440
23	4B52	1	10440
23	4B55	1	10440
23	4B56	1	10440
23	4B59	1	10440
23	4B5F	1	10440
23	4B62	1	10441
23	4B68	1	10456
23	4B6A	1	10456
23	4B6C	1	10456
23	4B6E	1	10456
23	4B71	1	10456
23	4B74	1	10456
23	4B76	7	10456
23	4B77	7	10456
23	4B78	7	10456
23	4B79	7	10456
23	4B7A	7	10456
23	4B7C	1	10456
23	4B7E	1	10456
23	4B81	1	10456
23	4B87	1	11325
23	4B88	1	11325
23	4B89	1	11325
23	4B8B	1	11325
23	4B8D	1	11325
23	4B8F	1	11325
23	4B92	1	11325
23	4B93	1	11325
23	4B94	1	11325
23	4B96	1	11325
23	4B97	1	11325
23	4B98	1	11325
23	4B99	1	11325
23	4B9A	1	11325
23	4B9B	1	11325
23	4B9C	1	11325
23	4B9D	1	11325
23	4B9E	1	11325
23	4B9F	1	11325
23	4BA0	1	11325
23	4BA1	1	11325
23	4BA2	1	11325
23	4BA3	1	11325
23	4BA4	1	11325
23	4BA5	1	11325
23	4BAB	1	11325
23	4BAD	1	11325
23	4BAF	1	11325
23	4BB5	1	11782
23	4BB7	1	11782
23	4BB9	1	11782
23	4BBB	1	11782
23	4BBD	1	11782
23	4BBF	1	11782
23	4C1D	1	11782
23	4C23	1	11936
23	4C25	1	11936
23	4C28	1	11936
23	4C2A	1	11936
23	4C2D	1	11936
23	4C2F	1	11936
23	4C31	1	11936
23	4C33	1	11936
23	4C39	1	12240
23	4C3A	1	12240
23	4C3B	1	12240
23	4C3D	1	12240
23	4C3F	1	12240
23	4C41	1	12240
23	4C43	1	12240
23	4C44	1	12240
23	4C5D	1	12240
23	4C63	1	12240
23	4C65	1	12240
23	4C6B	1	12240
23	4C6D	1	12240
23	4C70	1	12240
23	4C73	1	12240
23	4C79	1	12335
23	4C7B	1	12335
23	4C7E	1	12335
23	4C84	1	13695
23	4C85	1	13695
23	4C86	1	13695
23	4C8C	1	13710
23	51C7	1	6246
23	51C8	1	6246
23	51CA	1	6246
23	51CB	1	6246
23	51CD	1	6246
23	51CF	1	6246
23	51D1	1	6246
23	51D3	1	6246
23	51D6	1	6246
23	51D8	1	6246
23	51DB	1	6246
23	51DC	1	6246
23	51DE	1	6246
23	51E0	1	6246
23	51E1	1	6246
23	51E7	1	6246
23	51EA	1	6272
23	51EC	1	6272
23	51EE	1	6272
23	51F0	1	6272
23	51F3	1	6272
23	51F5	1	6272
23	51F6	1	6272
23	51F7	1	6272
23	51F8	1	6272
23	51F9	1	6272
23	51FA	1	6272
23	51FB	1	6272
23	51FC	1	6272
23	51FD	1	6272
23	51FE	1	6272
23	51FF	1	6272
23	5200	1	6272
23	5201	1	6272
23	5202	1	6272
23	5203	1	6272
23	5204	1	6272
23	5207	1	6272
23	520A	1	6272
23	520C	1	6272
23	520E	1	6272
23	5214	1	6272
23	5217	1	6272
23	521A	1	6272
23	521D	1	6272
23	5220	1	6275
23	5226	1	6275
23	522C	27	6275
23	522D	27	6275
23	5233	27	6275
23	5234	27	6275
23	5237	27	6275
23	523D	27	6275
23	5240	27	6276
23	5242	27	6276
23	5244	27	6276
23	5247	27	6276
23	524D	27	6278
23	524F	27	6278
23	5251	1	6304
23	5253	1	6304
23	525E	1	6304
23	525F	1	6304
23	5260	1	6304
23	5261	1	6304
23	5262	1	6304
23	5263	1	6304
23	5265	1	6304
23	5268	1	6304
23	526A	1	6304
23	526C	1	6304
23	526E	1	6304
23	5271	1	6304
23	5272	1	6304
23	5273	1	6304
23	5274	1	6304
23	5275	1	6304
23	5276	1	6304
23	5277	1	6304
23	5278	1	6304
23	5279	1	6304
23	527B	1	6304
23	527D	1	6304
23	527F	1	6304
23	5282	1	6304
23	5283	1	6304
23	5284	1	6304
23	5285	1	6304
23	5286	1	6304
23	5287	1	6304
23	5288	1	6304
23	5289	1	6304
23	528A	1	6304
23	528B	1	6304
23	528D	1	6304
23	528F	1	6304
23	5291	1	6304
23	5294	1	6304
23	5295	1	6304
23	5297	1	6304
23	5298	1	6304
23	5299	1	6304
23	529B	1	6304
23	529C	1	6304
23	529D	1	6304
23	529F	1	6304
23	52A1	1	6304
23	52A3	1	6304
23	52A6	1	6304
23	52A7	1	6304
23	52A8	1	6304
23	52A9	1	6304
23	52AA	1	6304
23	52AB	1	6304
23	52AC	1	6304
23	52AE	1	6304
23	52B0	1	6304
23	52B2	1	6304
23	52B5	1	6304
23	52B6	1	6304
23	52B7	1	6304
23	52B8	1	6304
23	52B9	1	6304
23	52BA	1	6304
23	52BB	1	6304
23	52BC	1	6304
23	52BD	1	6304
23	52BE	1	6304
23	5321	1	6304
23	5324	5	6304
23	5325	5	6304
23	5326	5	6304
23	5327	5	6304
23	532D	5	6304
23	532E	5	6304
23	5331	5	6305
23	5332	5	6305
23	5335	5	6305
23	5337	5	6305
23	5339	5	6305
23	533C	5	6305
23	533E	5	6305
23	5340	5	6305
23	5343	5	6305
23	5344	5	6305
23	5347	5	6305
23	5348	5	6305
23	5377	5	6305
23	5378	5	6305
23	5379	5	6305
23	537B	5	6305
23	537E	5	6305
23	5384	5	6305
23	5387	5	6305
23	5388	5	6305
23	5389	5	6305
23	538A	5	6305
23	538D	5	6305
23	538E	5	6305
23	5391	5	6306
23	5392	5	6306
23	5398	5	6306
23	539A	5	6306
23	53A0	5	6306
23	53A1	107	6306
23	53A2	107	6306
23	53A3	107	6306
23	53A9	107	6306
23	53AA	107	6306
23	53AD	107	6306
23	53B3	107	6306
23	53B6	107	6306
23	53B7	107	6306
23	53B9	107	6306
23	53BB	107	6306
23	53D5	107	6306
23	53D6	107	6306
23	53D8	107	6306
23	53DE	107	6306
23	53DF	107	6306
23	53E1	107	6306
23	53E3	5	6326
23	53E5	5	6326
23	5424	5	6326
23	5425	5	6326
23	5427	5	6326
23	5429	5	6326
23	542B	5	6326
23	542E	5	6326
23	542F	5	6326
23	5430	5	6326
23	5431	5	6326
23	5432	5	6326
23	5433	5	6326
23	5434	5	6326
23	5435	5	6326
23	5436	5	6326
23	5437	5	6326
23	5438	5	6326
23	5439	5	6326
23	543A	5	6326
23	543B	5	6326
23	543C	5	6326
23	543D	5	6326
23	543E	5	6326
23	543F	5	6326
23	5440	5	6326
23	5441	5	6326
23	5442	5	6326
23	5443	5	6326
23	5444	5	6326
23	5445	5	6326
23	5446	5	6326
23	5447	5	6326
23	5448	5	6326
23	5449	5	6326
23	544A	5	6326
23	544D	1	6416
23	544E	1	6416
23	5451	1	6416
23	5454	1	6416
23	5456	1	6416
23	5459	1	6416
23	545F	1	6416
23	5462	1	6420
23	5465	1	6420
23	5468	1	6420
23	546A	1	6420
23	546C	1	6420
23	5472	1	6420
23	5475	1	6420
23	5478	1	6420
23	547B	1	6420
23	547D	120	6420
23	547E	120	6420
23	547F	120	6420
23	5485	120	6420
23	5486	120	6420
23	5489	120	6420
23	548F	120	6420
23	5492	120	6420
23	5494	120	6420
23	5496	120	6420
23	549C	120	6420
23	549D	120	6420
23	549E	120	6420
23	54A0	1	6539
23	54A6	1	6539
23	54A9	1	6540
23	54AF	1	6555
23	54B0	1	6555
23	55C3	1	6246
23	55C9	1	6246
23	55CF	1	6246
23	55D5	1	6248
23	55DB	1	6253
23	55E1	1	6254
23	55E2	1	6254
23	55E4	1	6254
23	55E6	1	6254
23	55E8	1	6254
23	55EB	1	6254
23	55EE	1	6254
23	55F1	1	6254
23	55F3	1	6254
23	55F9	1	6254
23	55FC	1	6254
23	55FF	1	6254
23	5602	1	6254
23	5604	1	6254
23	560A	1	6254
23	560D	1	6254
23	5610	1	6254
23	5612	1	6254
23	5614	1	6254
23	5616	1	6254
23	561C	1	6254
23	561F	1	6254
23	5622	1	6254
23	5624	1	6254
23	5626	1	6254
23	5628	1	6254
23	562E	1	6254
23	5631	1	6254
23	5634	1	6254
23	5636	1	6254
23	5638	1	6254
23	563A	1	6254
23	5640	1	6254
23	5643	1	6254
23	5646	1	6254
23	5649	1	6254
23	564B	1	6254
23	5651	1	6254
23	5653	1	6254
23	5656	1	6254
23	565C	1	6254
23	565F	1	6255
23	5665	1	6255
23	5668	1	6255
23	566E	1	6272
23	566F	1	6272
23	5671	1	6272
23	5672	1	6272
23	5674	1	6272
23	5676	1	6272
23	5678	1	6272
23	567A	1	6272
23	567D	1	6272
23	567F	1	6272
23	5682	1	6272
23	5683	1	6272
23	5685	1	6272
23	5687	1	6272
23	5688	1	6272
23	568E	1	6272
23	568F	1	6272
23	5691	1	6272
23	5692	1	6272
23	5694	1	6272
23	5696	1	6272
23	5699	1	6272
23	569C	1	6272
23	569D	1	6272
23	569F	1	6272
23	56A0	1	6272
23	56A1	5	6305
23	56A2	5	6305
23	56A3	5	6305
23	56A4	5	6305
23	56A5	5	6305
23	56A6	5	6305
23	56A7	5	6305
23	56A9	5	6305
23	56AB	5	6305
23	56AD	5	6305
23	56B0	5	6305
23	56B1	5	6305
23	56B3	5	6305
23	56B4	5	6305
23	56B5	5	6305
23	56B6	5	6305
23	56B8	5	6305
23	56B9	5	6305
23	56BA	5	6305
23	56BB	5	6305
23	56BC	5	6305
23	56BD	5	6305
23	56BE	5	6305
23	56C1	5	6305
23	56C2	5	6305
23	56C3	5	6305
23	56C4	5	6305
23	56C7	5	6305
23	56C8	5	6305
23	56CA	5	6305
23	56CC	5	6305
23	56CD	5	6305
23	56CE	5	6305
23	56CF	5	6305
23	56D0	5	6305
23	56D1	5	6305
23	56D3	5	6305
23	56D5	5	6305
23	56D7	5	6305
23	56DA	5	6305
23	56DB	5	6305
23	56DC	5	6305
23	56DD	5	6305
23	56E0	5	6305
23	56E6	5	6305
23	56E7	5	6305
23	56EA	5	6306
23	56EB	5	6306
23	56EC	5	6306
23	56ED	5	6306
23	56EE	5	6306
23	56EF	5	6306
23	56F0	5	6305
23	56F1	5	6305
23	56F2	5	6305
23	56F4	5	6305
23	56F6	5	6305
23	56F8	5	6305
23	56FB	5	6305
23	56FE	55	6305
23	56FF	55	6305
23	5700	55	6305
23	5701	55	6305
23	5703	55	6305
23	5705	5	6305
23	5706	5	6305
23	5707	5	6305
23	5708	5	6305
23	570B	5	6305
23	570E	5	6305
23	570F	5	6305
23	5715	5	6305
23	5716	5	6305
23	5717	5	6305
23	5719	5	6305
23	5761	5	6305
23	5762	5	6305
23	5763	5	6305
23	5766	5	6305
23	5767	5	6305
23	576D	5	6305
23	576E	5	6305
23	576F	5	6305
23	5771	5	6305
23	57A7	5	6305
23	57A8	5	6305
23	57A9	5	6305
23	57AC	5	6305
23	57AD	5	6305
23	57B3	5	6305
23	57B4	5	6305
23	57B5	5	6305
23	57B7	5	6305
23	57DB	5	6305
23	57DC	5	6305
23	57DD	5	6305
23	57E0	5	6305
23	57E1	5	6305
23	57E7	5	6305
23	57E8	5	6305
23	57E9	5	6305
23	57EB	5	6305
23	57FD	5	6305
23	57FE	5	6305
23	57FF	5	6305
23	5800	5	6305
23	5801	5	6305
23	5802	5	6305
23	5803	5	6305
23	5805	5	6305
23	5806	5	6305
23	5807	5	6305
23	5809	5	6305
23	580B	5	6305
23	580D	5	6305
23	5810	5	6305
23	5811	5	6305
23	5812	5	6305
23	5813	5	6305
23	5816	5	6305
23	581C	5	6305
23	581D	5	6305
23	5829	5	6305
23	582A	5	6305
23	582B	5	6305
23	582E	5	6305
23	5834	5	6305
23	5835	5	6305
23	5837	5	6305
23	583F	5	6305
23	5840	5	6305
23	5841	5	6305
23	5844	5	6305
23	584A	5	6305
23	584B	5	6305
23	584D	5	6305
23	5855	5	6305
23	5856	5	6305
23	5857	5	6305
23	585A	5	6305
23	5860	5	6305
23	5861	5	6305
23	5863	5	6305
23	586B	5	6305
23	586C	5	6305
23	586D	5	6305
23	5870	5	6305
23	5876	5	6305
23	5877	5	6305
23	5879	5	6305
23	5881	5	6305
23	5884	5	6305
23	5886	5	6305
23	5887	5	6305
23	5888	5	6305
23	5889	5	6305
23	588B	5	6305
23	588C	5	6305
23	588E	5	6305
23	5890	5	6305
23	5892	5	6305
23	5893	5	6305
23	5895	5	6305
23	5898	5	6305
23	589B	5	6305
23	589D	5	6305
23	58A3	5	6306
23	58A4	5	6306
23	58A6	5	6306
23	58A8	5	6306
23	58C4	7	6305
23	5FA2	2	6416
23	6DD0	1	6416
23	6DD1	1	6416
23	6DD3	1	6416
23	6DD5	1	6416
23	6DD7	1	6416
23	6DDA	1	6416
23	6DDD	1	6416
23	6DE0	1	6416
23	6DE6	1	6417
23	6DE9	1	6420
23	6DEA	1	6420
23	6E9C	1	6272
23	6E9D	1	6272
23	6E9F	1	6272
23	6EA1	1	6272
23	6EA3	1	6272
23	6EA6	1	6272
23	6EA9	1	6272
23	6EAC	1	6272
23	6EB2	1	6274
23	6EB5	1	6275
23	6EB6	1	6275
23	6EE0	2	6274
23	6EE2	2	6274
23	6EE3	2	6274
23	6EE5	2	6274
23	6EE7	2	6274
23	6EE9	2	6274
23	6EEA	2	6274
23	6EEC	2	6274
23	6EEF	2	6274
23	6EF2	2	6274
23	6EF4	2	6274
23	6EFA	2	6275
23	6EFB	2	6275
23	6EFD	2	6275
23	6EFF	2	6275
23	6F00	372	6254
23	6F01	372	6254
23	6F02	372	6254
23	6F03	372	6254
23	6F04	372	6254
23	6F05	372	6254
23	6F07	372	6254
23	6F09	372	6254
23	6F0B	372	6254
23	6F0D	372	6254
23	6F10	372	6254
23	6F11	372	6254
23	6F13	372	6254
23	6F15	372	6254
23	6F17	372	6254
23	6F1A	372	6254
23	6F1B	372	6254
23	6F1D	366	6278
23	6F1E	366	6278
23	6F1F	366	6278
23	6F20	366	6278
23	6F21	366	6278
23	6F3C	6	6254
23	6F3D	6	6254
23	6F40	6	6254
23	6F43	6	6254
23	6F45	6	6254
23	6F89	6	6254
23	6F8C	6	6254
23	6F8D	6	6254
23	6F8F	6	6254
23	6F92	6	6254
23	6F98	6	6254
23	6F9A	6	6254
23	6F9C	6	6254
23	6F9E	6	6254
23	6F9F	6	6254
23	6FA1	6	6254
23	6FA4	6	6254
23	6FA5	6	6254
23	6FA7	6	6254
23	6FAA	6	6254
23	6FAD	6	6254
23	6FAE	6	6254
23	6FB0	6	6254
23	6FB3	6	6254
23	6FB9	6	6254
23	6FBB	6	6254
23	6FBD	6	6254
23	6FBF	6	6254
23	6FC0	6	6254
23	6FC2	6	6254
23	6FC5	6	6254
23	6FC6	6	6254
23	6FC8	6	6254
23	6FCB	6	6254
23	6FCC	6	6254
23	6FCE	6	6254
23	6FD1	6	6255
23	6FD2	6	6255
23	6FD3	6	6255
23	6FD4	6	6255
23	6FD5	6	6255
23	6FD6	6	6255
25	538A	14	2618
25	538B	14	2618
25	538D	14	2618
25	538E	14	2618
25	5390	14	2618
25	5391	14	2618
25	5393	14	2618
25	5394	14	2618
25	5396	14	2618
25	5399	59273	2618
25	539A	59273	2618
25	539C	59273	2618
25	539E	14	2618
25	53A0	528	2618
25	53A1	528	2618
25	53A2	528	2618
25	53A4	14	2619
25	53A5	14	2619
25	53A7	14	2619
25	53A9	14	2619
26	5343	56	6276
26	58DC	56	6276
26	58DD	56	6276
26	58DE	56	6276
26	58DF	56	6276
26	58E0	56	6276
26	58E3	56	6276
26	58E4	56	6276
26	58E6	56	6276
26	58E8	56	6276
26	58E9	56	6276
26	58EB	56	6276
26	58ED	56	6276
26	58EF	56	6276
26	58F2	56	6276
26	58F3	56	6276
26	58F5	56	6276
26	58F7	56	6276
26	58F9	56	6276
26	58FC	56	6276
26	58FD	56	6276
26	58FF	55	6278
26	5900	55	6278
26	5902	55	6278
26	5904	55	6278
26	5905	55	6278
26	5906	55	6278
26	5907	55	6278
26	5908	55	6278
26	5909	1	6276
26	590A	1	6276
26	590D	1	6276
26	5910	1	6276
26	5913	1	6276
26	5915	1	6276
26	5917	1	6276
26	5919	1	6276
26	591F	1	6277
26	5922	1	6277
26	5924	1	6277
26	5968	1	6277
26	596B	1	6277
26	596C	1	6277
26	596E	1	6277
26	5971	1	6277
26	5977	1	6277
26	5979	1	6277
26	597B	1	6277
26	597D	1	6277
26	597E	1	6277
26	5980	1	6277
26	5983	1	6277
26	5984	1	6277
26	5986	1	6277
26	5989	1	6277
26	598C	1	6277
26	598D	1	6277
26	598F	1	6277
26	5992	1	6277
26	5998	1	6277
26	599A	1	6277
26	599C	1	6277
26	599E	1	6277
26	599F	1	6277
26	59A1	1	6277
26	59A4	1	6277
26	59A5	1	6277
26	59A7	1	6277
26	59AA	1	6277
26	59AB	1	6277
26	59AD	1	6277
26	59B0	1	6278
26	59B1	1	6278
26	59B2	1	6278
26	59B3	1	6278
26	59B4	1	6278
26	59B5	1	6278
27	41E3	2	5790
27	41E5	2	5790
27	41E6	2	5790
27	41E7	2	5790
27	41E9	2	5790
27	41F1	2	5790
27	41F3	2	5790
27	41FC	2	5790
27	41FE	2	5790
27	4201	2	5790
27	4202	2	5790
27	4205	2	5809
27	4206	2	5809
27	4208	2	5809
27	4209	2	5809
27	420B	2	5809
27	420D	2	5809
27	4210	2	5809
27	4213	2	5809
27	4214	2	5809
27	4216	2	5809
27	4217	2	5809
27	4219	2	5809
27	421B	2	5809
27	421D	2	5809
27	421F	2	5809
27	4222	2	5809
27	4225	18	5809
27	4226	18	5809
27	4227	18	5809
27	4228	18	5809
27	4229	18	5809
27	422B	2	5809
27	422E	2	5809
27	4231	2	5809
27	4233	2	5809
27	4235	2	5809
27	423B	2	5809
27	423E	2	5809
27	4241	2	5809
27	4244	2	5809
27	4247	2	5809
27	424A	2	5809
27	424C	2	5809
27	424E	2	5809
27	4254	2	5809
27	4257	2	5809
27	425A	2	5809
27	425D	2	5809
27	4260	2	5809
27	4262	2	5809
27	4297	2	5809
27	4299	2	5809
27	42B6	2	5809
27	42B9	2	5809
27	42BC	2	5809
27	42BE	2	5809
27	42C0	2	5809
27	42C6	2	5809
27	42C9	2	5809
27	42CC	2	5809
27	42CF	2	5809
27	42D5	2	5809
27	42DB	2	5809
27	42E1	2	5809
27	42E2	2	5809
27	42E5	2	5809
27	42E8	2	5809
27	42E9	2	5809
27	42EA	2	5809
27	42ED	2	5809
27	42EE	2	5809
27	42EF	2	5809
27	42F0	2	5809
27	42F1	2	5809
27	42F3	2	5809
27	42F6	2	5809
27	42F7	2	5809
27	42FA	2	5809
27	42FD	2	5809
27	4303	2	5809
27	4305	206	5809
27	4307	206	5809
27	4309	206	5809
27	430B	206	5809
27	430C	206	5809
27	430F	206	5809
27	4310	206	5809
27	4313	206	5809
27	4316	206	5809
27	4317	206	5809
27	431A	206	5809
27	431B	206	5809
27	4321	206	5809
27	4322	206	5809
27	4325	206	5810
27	432B	206	5810
27	432C	206	5810
27	432E	206	5810
27	4330	206	5810
27	4334	206	5810
27	4337	206	5810
27	433A	206	5810
27	433D	206	5810
27	433F	206	5810
27	4341	410	5912
27	4342	410	5912
27	4344	410	5912
27	4347	410	5912
27	4348	410	5912
27	4349	410	5912
27	434F	410	5912
27	4350	410	5912
27	4353	410	5913
27	4355	410	5913
27	4356	410	5913
27	4358	410	5913
27	435A	410	5913
27	435B	410	5913
27	435D	410	5913
27	435F	410	5913
27	4362	410	5913
27	4363	410	5913
27	4365	410	5913
27	436B	410	5913
27	436C	410	5913
27	436E	410	5913
27	4370	410	5913
27	4374	410	5913
27	4377	410	5913
27	437A	410	5913
27	437B	410	5913
27	4381	410	5913
27	4382	410	5913
27	4384	410	5913
27	4386	2	6117
27	4388	2	6117
27	4393	2	6117
27	4394	2	6117
27	4396	2	6117
27	4398	2	6117
27	439B	2	6117
27	43A1	2	6117
27	43A2	2	6117
27	43A3	2	6117
27	43A9	2	6117
27	43AC	2	6117
27	43B2	2	6117
27	43B3	68	6117
27	43B4	68	6117
27	43B6	68	6117
27	43B9	68	6117
27	43BA	68	6117
27	43BB	68	6117
27	43C1	68	6117
27	43C2	68	6117
27	43C5	68	6118
27	43C7	68	6118
27	43C8	68	6118
27	43CA	68	6118
27	43CC	68	6118
27	43CD	68	6118
27	43CF	68	6118
27	43D1	68	6118
27	43D4	68	6118
27	43D5	68	6118
27	43D7	68	6118
27	43DD	68	6118
27	43DE	68	6118
27	43E0	68	6118
27	43E2	68	6118
27	43E6	68	6118
27	43E7	68	6118
27	43ED	68	6118
27	43EE	68	6118
27	43F0	68	6118
27	43F2	2	6151
27	43F4	2	6151
27	43FF	2	6151
27	4401	2	6151
27	4404	2	6151
27	4405	2	6151
27	4406	2	6151
27	4408	2	6151
27	4409	2	6151
27	440B	2	6151
27	440D	2	6151
27	4410	2	6151
27	4413	2	6151
27	4414	2	6151
27	4416	2	6151
27	4417	2	6151
27	4418	2	6151
27	441B	2	6151
27	441E	2	6151
27	4421	2	6151
27	4423	2	6151
27	4429	2	6151
27	442B	2	6151
27	4431	2	6152
27	4434	2	6152
27	4437	2	6152
27	4439	2	6152
27	443B	2	6152
27	4441	2	6152
27	4444	2	6152
27	4447	2	6152
27	444A	2	6152
27	444C	60	6152
27	444D	60	6152
27	444E	60	6152
27	4454	60	6152
27	4455	60	6152
27	4458	60	6152
27	445A	60	6152
27	445B	60	6152
27	445D	60	6152
27	445F	60	6152
27	4460	60	6152
27	4462	60	6152
27	4464	60	6152
27	4467	60	6152
27	4468	60	6152
27	446A	60	6152
27	446B	60	6152
27	446C	60	6152
27	446E	2	6181
27	4471	2	6181
27	4474	2	6181
27	4477	2	6181
27	4478	2	6181
27	4479	2	6181
27	447B	2	6181
27	447C	2	6181
27	447E	2	6181
27	4480	2	6181
27	4483	2	6181
27	4486	2	6181
27	4487	2	6181
27	4489	2	6181
27	448A	2	6181
27	448B	96	6181
27	448E	96	6181
27	4491	96	6181
27	4493	96	6181
27	4495	96	6181
27	4497	96	6181
27	4498	96	6181
27	449B	96	6181
27	449C	96	6181
27	449D	96	6181
27	44A0	96	6181
27	44A3	96	6181
27	44A4	96	6181
27	44A5	96	6181
27	44A8	96	6181
27	44A9	96	6181
27	44AF	96	6181
27	44B0	96	6181
27	44B3	96	6182
27	44B5	96	6182
27	44B6	96	6182
27	44B8	96	6182
27	44BA	96	6182
27	44BB	96	6182
27	44BD	96	6182
27	44BF	96	6182
27	44C2	96	6182
27	44C3	96	6182
27	44C5	96	6182
27	44CB	96	6182
27	44CC	96	6182
27	44CF	96	6182
27	44D1	96	6182
27	44D3	2	6230
27	44D9	2	6246
27	44DB	2	6246
27	44DD	2	6246
27	44DF	2	6246
27	44E0	2	6246
27	4747	712	5810
27	474A	712	5810
27	474C	712	5810
27	474E	712	5810
27	474F	712	5810
27	4750	712	5810
27	4768	2	6555
27	476A	2	6555
27	476B	2	6555
27	476C	2	6555
27	476E	2	6555
27	4776	2	6555
27	4778	2	6555
27	4781	2	6555
27	4783	2	6555
27	4786	2	6555
27	4787	2	6555
27	478A	2	6574
27	478B	2	6574
27	478D	2	6574
27	478E	2	6574
27	4790	2	6574
27	4792	2	6574
27	4795	2	6574
27	4798	2	6574
27	4799	2	6574
27	479B	2	6574
27	479C	2	6574
27	479F	2	6574
27	47A2	2	6574
27	47A5	2	6574
27	47A7	2	6574
27	47AD	2	6574
27	47AF	2	6574
27	47B5	2	6576
27	47B8	2	6576
27	47BB	2	6576
27	47BD	2	6576
27	47BF	2	6576
27	47C5	2	6576
27	47C8	2	6576
27	47CB	2	6576
27	47CE	2	6576
27	47D1	2	6576
27	47D4	2	6576
27	47D6	2	6576
27	47D8	2	6576
27	47DE	2	6576
27	47E1	2	6576
27	47E4	2	6576
27	47E7	2	6576
27	47EA	2	6576
27	47EC	2	6576
27	4831	2	6576
27	4833	2	6576
27	4850	2	6576
27	4853	2	6576
27	4856	2	6576
27	4858	2	6576
27	485A	2	6576
27	4860	2	6576
27	4863	2	6576
27	4866	2	6576
27	4869	2	6576
27	486F	2	6576
27	4872	2	6576
27	4878	2	6576
27	487A	2	6576
27	487C	2	6576
27	487E	2	6576
27	4880	2	6576
27	4881	2	6576
27	4884	2	6576
27	4885	2	6576
27	4888	2	6576
27	488B	2	6576
27	488C	2	6576
27	488F	2	6576
27	4890	2	6576
27	4896	2	6576
27	4897	2	6576
27	489A	2	6576
27	489B	2	6576
27	489E	2	6576
27	48A0	2	6576
27	48A2	2	6576
27	48A5	296	6576
27	48A6	296	6576
27	48A7	296	6576
27	48A8	296	6576
27	48AE	296	6576
27	48AF	296	6576
27	48B2	296	6577
27	48B4	296	6577
27	48B5	296	6577
27	48B7	296	6577
27	48B9	296	6577
27	48BA	296	6577
27	48BC	296	6577
27	48BE	296	6577
27	48C1	296	6577
27	48C2	296	6577
27	48C4	296	6577
27	48CA	296	6577
27	48CB	296	6577
27	48CC	296	6577
27	48CD	296	6577
27	48CE	296	6577
27	48CF	296	6577
27	48D0	296	6577
27	48D6	296	6577
27	48D7	296	6577
27	48D9	296	6577
27	48DB	2	6724
27	48DE	2	6724
27	48E0	2	6724
27	48E2	2	6724
27	48E4	2	6724
27	48EA	2	6724
27	48F0	2	6724
27	48F6	2	6724
27	48F7	2	6724
27	48F8	2	6724
27	48F9	2	6724
27	48FF	2	6724
27	4900	2	6724
27	4903	2	6725
27	4905	2	6725
27	4906	2	6725
27	4908	2	6725
27	490A	2	6725
27	490B	2	6725
27	490D	2	6725
27	490F	2	6725
27	4912	2	6725
27	4913	2	6725
27	4915	2	6725
27	491B	2	6725
27	4921	2	6725
27	4922	2	6725
27	4923	2	6725
27	4925	2	6725
27	4928	2	6725
27	4929	2	6725
27	492A	2	6725
27	492C	2	6725
27	492D	2	6725
27	492F	2	6725
27	4931	2	6725
27	4934	2	6725
27	4937	2	6725
27	4938	2	6725
27	493A	2	6725
27	493B	2	6725
27	493C	2	6725
27	493F	2	6725
27	4942	2	6725
27	4945	2	6725
27	4948	2	6725
27	494B	2	6725
27	494E	2	6725
27	4950	2	6725
27	4956	2	6725
27	4958	2	6725
27	495E	238	6726
27	4960	238	6726
27	4962	238	6726
27	4964	238	6726
27	4965	238	6726
27	4968	238	6726
27	4969	238	6726
27	496C	238	6726
27	496F	238	6726
27	4970	238	6726
27	4973	238	6726
27	4974	238	6726
27	497A	238	6726
27	497B	238	6726
27	497E	238	6727
27	4980	238	6727
27	4981	238	6727
27	4983	238	6727
27	4985	238	6727
27	4986	238	6727
27	4988	238	6727
27	498A	238	6727
27	498D	238	6727
27	498E	238	6727
27	4990	238	6727
27	4996	238	6727
27	4997	238	6727
27	499A	238	6727
27	499C	238	6727
27	499E	2	6845
27	49A4	2	6860
27	49A6	2	6860
27	49A8	2	6860
27	49AA	2	6860
27	49AC	2	6860
27	49AE	2	6860
27	49AF	2	6860
27	4B95	4	5790
27	4B96	4	5790
27	4B97	4	5790
27	4B9D	4	5790
27	4BA3	4	5790
27	4BA9	4	5791
27	4BAA	4	5791
27	4BAB	4	5791
27	4BAC	4	5791
27	4BAD	4	5791
27	4BB0	4	5791
27	4BB3	4	5791
27	4BB6	4	5791
27	4BB8	4	5791
27	4BBE	4	5791
27	4BC1	4	5791
27	4BC4	4	5791
27	4BC7	4	5791
27	4BC9	4	5791
27	4BCF	4	5791
27	4BD2	4	5791
27	4BD5	4	5791
27	4BD7	4	5791
27	4BD9	4	5791
27	4BDB	4	5791
27	4BE1	4	5791
27	4BE4	4	5791
27	4BE7	4	5791
27	4BE9	4	5791
27	4BEB	4	5791
27	4BED	4	5791
27	4BF3	4	5791
27	4BF6	4	5791
27	4BF9	4	5791
27	4BFB	4	5791
27	4BFD	4	5791
27	4BFF	4	5791
27	4C05	4	5791
27	4C08	4	5791
27	4C0B	4	5791
27	4C0D	4	5791
27	4C0F	4	5791
27	4C11	4	5791
27	4C17	4	5791
27	4C1A	4	5791
27	4C1D	4	5791
27	4C1F	4	5791
27	4C21	4	5791
27	4C23	4	5791
27	4C29	4	5791
27	4C2C	4	5791
27	4C2F	4	5791
27	4C31	4	5791
27	4C33	4	5791
27	4C35	4	5791
27	4C3B	4	5791
27	4C3E	4	5791
27	4C41	4	5791
27	4C43	4	5791
27	4C45	4	5791
27	4C47	4	5791
27	4C4D	4	5791
27	4C50	4	5791
27	4C53	4	5791
27	4C55	4	5791
27	4C57	4	5791
27	4C59	4	5791
27	4C5F	4	5791
27	4C62	4	5791
27	4C65	4	5791
27	4C67	4	5791
27	4C69	4	5791
27	4C6B	4	5791
27	4C71	4	5791
27	4C74	4	5791
27	4C77	4	5791
27	4C7A	4	5791
27	4C7C	4	5791
27	4C82	4	5791
27	4C85	4	5791
27	4C88	4	5791
27	4C8B	4	5791
27	4C8D	4	5791
27	4C93	4	5791
27	4C95	4	5791
27	4C98	4	5791
27	4C99	4	5791
27	4C9A	4	5791
27	4C9C	2	5791
27	4C9F	2	5791
27	4CA2	2	5791
27	4CA5	2	5791
27	4CA7	2	5791
27	4CAD	2	5791
27	4CAF	2	6556
27	4CB2	2	6556
27	4CB5	2	6556
27	4CB8	2	6556
27	4CBA	2	6556
27	4CC0	4	5791
27	4CC2	4	5791
27	4CC8	4	5791
27	4CCB	4	5791
27	4CCE	4	5791
27	4CD0	4	5791
27	4CD2	4	5791
27	4CD8	4	5791
27	4CDB	4	5791
27	4CDE	4	5791
27	4CE1	4	5791
27	4CE4	4	5791
27	4CE7	4	5791
27	4CE9	4	5791
27	4CEB	4	5791
27	4CF1	4	5791
27	4CF4	4	5791
27	4CF7	4	5791
27	4CFA	4	5791
27	4CFB	4	5791
27	4D01	4	5792
27	4D02	4	5792
27	4D03	4	5792
27	4D31	4	5792
27	4D33	4	5792
27	4D35	4	5792
27	4D3B	4	5792
27	4D3D	4	5792
27	4D3F	4	5792
27	4D41	4	5792
27	4D44	4	5793
27	4D4A	4	5809
27	4D4D	4	5809
29	44F6	2	8269
29	44F7	2	8269
29	44F9	2	8269
29	44FA	2	8269
29	44FC	2	8269
29	44FE	2	8269
29	4500	2	8269
29	4502	2	8269
29	4505	2	8269
29	4507	2	8269
29	450A	2	8269
29	450B	2	8269
29	450D	2	8269
29	450F	2	8269
29	4510	2	8269
29	4516	2	8269
29	4519	1380	8293
29	451A	1380	8293
29	451B	1380	8293
29	4521	1380	8293
29	4524	1380	8294
29	452A	1380	8294
29	452B	1380	8294
29	452C	1380	8294
29	452E	1380	8294
29	4530	1380	8294
29	4532	2	8353
29	4533	2	8353
29	4534	2	8353
29	4536	2	8353
29	4537	2	8353
29	4539	2	8353
29	453B	2	8353
29	453E	2	8353
29	4541	2	8353
29	4542	2	8353
29	4544	2	8353
29	4545	2	8353
29	4546	2	8353
29	4549	2	8353
29	454B	2	8353
29	45E2	2	8353
29	45E8	2	8353
29	45EB	2	8354
29	45F1	2	8369
29	45F3	2	8369
29	45F5	2	8369
29	45F7	2	8369
29	45FA	2	8369
29	45FB	2	8369
29	45FD	2	8369
29	4605	2	8369
29	4607	2	8369
29	4608	2	8269
29	460E	2	8269
29	4614	2	8269
29	461A	2	8271
29	4620	2	8275
29	4626	2	8275
29	4627	2	8275
29	4629	2	8275
29	462B	2	8275
29	462D	2	8275
29	462F	2	8275
29	4631	2	8275
29	4633	2	8275
29	4636	2	8275
29	4639	2	8275
29	463C	2	8275
29	463E	2	8275
29	4644	2	8275
29	4647	2	8275
29	464A	2	8275
29	464C	2	8275
29	464E	2	8275
29	4650	2	8275
29	4656	2	8275
29	4659	2	8275
29	465C	2	8275
29	465E	2	8275
29	4660	2	8275
29	4662	2	8275
29	4668	2	8275
29	466B	2	8275
29	466E	2	8275
29	4670	2	8275
29	4672	2	8275
29	4674	2	8275
29	467A	2	8275
29	467D	2	8275
29	4680	2	8275
29	4682	2	8275
29	4684	2	8275
29	4686	2	8275
29	468C	2	8275
29	468F	2	8275
29	4691	2	8275
29	46CD	2	8275
29	46D0	2	8275
29	46D3	2	8275
29	46D6	2	8275
29	46D8	2	8275
29	46DE	2	8275
29	46E0	2	8275
29	46E3	2	8275
29	46E9	2	8275
29	46EC	2	8275
29	46EE	2	8275
29	46F5	2	8275
29	46F7	2	8275
29	46F9	1	8275
29	46FC	1	8276
29	46FE	1	12341
29	4701	2	8276
29	4702	2	8276
29	4703	2	8276
29	4705	2	8276
29	4706	2	8276
29	4708	2	8276
29	470A	2	8276
29	470D	2	8276
29	4710	2	8276
29	4711	2	8276
29	4713	2	8276
29	4714	2	8276
29	4715	2	8276
29	471B	2	8276
29	471E	2	8277
29	4724	2	8293
29	4725	2	8293
29	4727	2	8293
29	4728	2	8293
29	472A	2	8293
29	472C	2	8293
29	472E	2	8293
29	4730	2	8293
29	4733	2	8293
29	4735	2	8293
29	4738	2	8293
29	4739	2	8293
29	473B	2	8293
29	473D	2	8293
29	473E	2	8293
29	4744	2	8293
29	4A65	1	8275
29	4A66	1	8275
29	4A67	1	8275
29	4A68	1	8275
29	4A69	1	8275
29	4A6B	1	8275
29	4A6D	1	8275
29	4A6F	1	8275
29	4A72	1	8275
29	4A73	1	8275
29	4A74	1	8275
29	4A75	1	8275
29	4A76	1	8275
29	4A77	1	8275
29	4A78	1	8275
29	4A79	1	8275
29	4A7A	1	8275
29	4ACF	1	8275
29	4AD0	1	8275
29	4AD1	1	8275
29	4AD4	1	8275
29	4AD5	1	8275
29	4AD6	1	8275
29	4AD9	1	8275
29	4ADC	1	8275
29	4ADD	1	8275
29	4ADE	1	8275
29	4ADF	1	8275
29	4AE1	1	8275
29	4AE3	1	8275
29	4AE5	1	8275
29	4AE8	1	8275
29	4AE9	1	8275
29	4AEA	1	8275
29	4AEB	1	8275
29	4AEE	1	8275
29	4AF4	1	8275
29	4AF5	1	8275
29	4AF7	1	8275
29	4AF9	1	8275
29	4AFB	1	8275
29	4AFE	1	8275
29	4AFF	1	8275
29	4B01	1	8275
29	4B02	1	8275
29	4B03	1	8275
29	4B04	1	8275
29	4B06	1	8275
29	4B07	1	8275
29	4B08	1	8275
29	4B09	1	8275
29	4B0A	1	8275
29	4B0B	1	8275
29	4B0C	1	8275
29	4B0D	1	8275
29	4B0E	1	8275
29	4B0F	1	8275
29	4B10	1	8275
29	4B13	1	8275
29	4B14	1	8275
29	4B15	1	8275
29	4B18	1	8275
29	4B1B	1	8275
29	4B1C	1	8275
29	4B1D	1	8275
29	4B1E	1	8275
29	4B20	1	8275
29	4B22	1	8275
29	4B24	1	8275
29	4B27	1	8275
29	4B28	1	8275
29	4B29	1	8275
29	4B2A	1	8275
29	4B2D	1	8275
29	4B33	1	8275
29	4B34	1	8275
29	4B36	1	8275
29	4B38	1	8275
29	4B3A	1	8275
29	4B3D	1	8275
29	4B3E	1	8275
29	4B3F	1	8275
29	4B40	1	8275
29	4B41	1	8275
29	4B42	1	8275
29	4B43	1	8275
29	4B44	1	8275
29	4B46	1	8275
29	4B51	1	8275
29	4B52	1	8275
29	4B53	1	8275
29	4B56	1	8275
29	4B57	1	8275
29	4B58	1	8275
29	4B5B	1	8275
29	4B5E	1	8275
29	4B5F	1	8275
29	4B60	1	8275
29	4B61	1	8275
29	4B63	1	8275
29	4B65	1	8275
29	4B67	1	8275
29	4B6A	1	8275
29	4B6B	1	8275
29	4B6C	1	8275
29	4B6D	1	8275
29	4B70	1	8275
29	4B76	1	8275
29	4B77	1	8275
29	4B7A	1	8276
29	4B7B	1	8276
29	4B7C	1	8276
29	4B7D	1	8276
29	4B7E	1	8276
29	4B7F	3	8275
29	4B80	3	8275
29	4B81	3	8275
29	4B83	3	8275
29	4B85	3	8275
29	4B87	3	8275
29	4B8A	3	8275
29	4B8D	33	8275
29	4B8E	33	8275
29	4B8F	33	8275
29	4B90	33	8275
29	4B92	33	8275
29	4B94	3	8275
29	4B95	3	8275
29	4B96	3	8275
29	4B97	3	8275
29	4B9A	3	8275
29	4B9D	3	8275
29	4B9E	3	8275
29	4BA4	3	8275
29	4BA5	3	8275
29	4BA6	3	8275
29	4BA8	3	8275
29	4BF0	3	8275
29	4BF1	3	8275
29	4BF2	3	8275
29	4BF5	3	8275
29	4BF6	3	8275
29	4BFC	3	8275
29	4BFD	3	8275
29	4BFE	3	8275
29	4C00	3	8275
29	4C36	3	8275
29	4C37	3	8275
29	4C38	3	8275
29	4C3B	3	8275
29	4C3C	3	8275
29	4C42	3	8275
29	4C43	3	8275
29	4C44	3	8275
29	4C46	3	8275
29	4C6A	3	8275
29	4C6B	3	8275
29	4C6C	3	8275
29	4C6F	3	8275
29	4C70	3	8275
29	4C76	3	8275
29	4C77	3	8275
29	4C78	3	8275
29	4C7A	3	8275
29	4C8C	3	8275
29	4C8D	3	8275
29	4C8E	3	8275
29	4C8F	3	8275
29	4C90	3	8275
29	4C91	3	8275
29	4C92	3	8275
29	4C94	3	8275
29	4C95	3	8275
29	4CA1	3	8275
29	4CA2	3	8275
29	4CA3	3	8275
29	4CA6	3	8275
29	4CAC	3	8275
29	4CAD	3	8275
29	4CAF	3	8275
29	4CB7	3	8275
29	4CB8	3	8275
29	4CB9	3	8275
29	4CBC	3	8275
29	4CC2	3	8275
29	4CC3	3	8275
29	4CC5	3	8275
29	4CCD	3	8275
29	4CCE	3	8275
29	4CCF	3	8275
29	4CD2	3	8275
29	4CD8	3	8275
29	4CD9	3	8275
29	4CDB	3	8275
29	4CE3	3	8275
29	4CE4	3	8275
29	4CE5	3	8275
29	4CE8	3	8275
29	4CEE	3	8275
29	4CEF	3	8275
29	4CF1	3	8275
29	4CF9	3	8275
29	4CFC	3	8275
29	4CFE	3	8275
29	4CFF	3	8275
29	4D00	3	8275
29	4D01	1	8275
29	4D03	1	8275
29	4D04	1	8275
29	4D06	1	8275
29	4D08	1	8275
29	4D0A	1	8275
29	4D0B	1	8275
29	4D0D	1	8275
29	4D10	1	8275
29	4D13	1	8275
29	4D15	1	8275
29	4D1B	1	8276
29	4D1C	1	8276
29	4D1E	1	8276
29	4D20	1	8276
29	4D21	1	12341
29	4D22	1	12341
29	4D23	1	12341
29	4D24	1	12341
29	4D25	1	12341
29	4D27	1	12341
29	4D29	1	12341
29	4D2B	1	12341
29	4D2E	1	12341
29	4D2F	1	12341
29	4D30	1	12341
29	4D31	1	12341
29	4D32	1	12341
29	4D33	1	12341
29	4D34	1	12341
29	4D35	1	12341
29	4D36	1	12341
29	4D8B	1	12341
29	4D8C	1	12341
29	4D8D	1	12341
29	4D8E	1	12341
29	4D90	1	12341
29	4D92	1	12341
29	4D94	1	12341
29	4D97	1	12341
29	4D98	1	12341
29	4D9A	1	12341
29	4D9B	1	12341
29	4D9C	1	12341
29	4D9D	1	12341
29	4D9F	1	12341
29	4DA0	1	12341
29	4DA1	1	12341
29	4DA2	1	12341
29	4DA3	1	12341
29	4DA4	1	12341
29	4DA5	1	12341
29	4DA8	1	12341
29	4DA9	1	12341
29	4DAA	1	12341
29	4DAD	1	12341
29	4DB0	1	12341
29	4DB1	1	12341
29	4DB2	1	12341
29	4DB3	1	12341
29	4DB5	1	12341
29	4DB7	1	12341
29	4DB9	1	12341
29	4DBC	1	12341
29	4DBD	1	12341
29	4DBE	1	12341
29	4DBF	1	12341
29	4DC2	1	12341
29	4DC8	1	12341
29	4DC9	1	12341
29	4DCB	1	12341
29	4DCD	1	12341
29	4DCF	1	12341
29	4DD2	1	12341
29	4DD3	1	12341
29	4DD4	1	12341
29	4DD5	1	12341
29	4DD6	1	12341
29	4DD7	1	12341
29	4DD8	1	12341
29	4DDB	1	12341
29	4DDC	1	12341
29	4DDD	1	12341
29	4DE0	1	12341
29	4DE3	1	12341
29	4DE4	1	12341
29	4DE5	1	12341
29	4DE6	1	12341
29	4DE8	1	12341
29	4DEA	1	12341
29	4DEC	1	12341
29	4DEF	1	12341
29	4DF0	1	12341
29	4DF1	1	12341
29	4DF2	1	12341
29	4DF5	1	12341
29	4DFB	1	12341
29	4DFC	1	12341
29	4DFE	1	12341
29	4E00	1	12341
29	4E02	1	12341
29	4E05	1	12341
29	4E06	1	12341
29	4E08	1	12341
29	4E09	1	12341
29	4E0A	1	12341
29	4E0C	1	12341
29	4E0D	1	12341
29	4E0E	1	12341
29	4E0F	1	12341
29	4E12	1	12341
29	4E13	1	12341
29	4E14	1	12341
29	4E15	1	12341
29	4E16	1	12341
29	4E17	1	12341
29	4E18	1	12341
29	4E19	1	12341
29	4E1A	1	12341
29	4E1C	1	12341
29	4E27	1	12341
29	4E28	1	12341
29	4E29	1	12341
29	4E2C	1	12341
29	4E2D	1	12341
29	4E2E	1	12341
29	4E31	1	12341
29	4E34	1	12341
29	4E35	1	12341
29	4E36	1	12341
29	4E37	1	12341
29	4E39	1	12341
29	4E3B	1	12341
29	4E3D	1	12341
29	4E40	1	12341
29	4E41	1	12341
29	4E42	1	12341
29	4E43	1	12341
29	4E46	1	12341
29	4E4C	1	12341
29	4E4D	1	12341
29	4E50	1	12342
29	4E51	1	12342
29	4E52	1	12342
29	4E53	1	12342
29	4E54	1	12342
29	4E55	3	12341
29	4E56	3	12341
29	4E57	3	12341
29	4E59	3	12341
29	4E5B	3	12341
29	4E5D	3	12341
29	4E60	3	12341
29	4E63	33	12341
29	4E64	33	12341
29	4E65	33	12341
29	4E66	33	12341
29	4E68	33	12341
29	4E6A	3	12341
29	4E6B	3	12341
29	4E6C	3	12341
29	4E6D	3	12341
29	4E70	3	12341
29	4E73	3	12341
29	4E74	3	12341
29	4E7A	3	12341
29	4E7B	3	12341
29	4E7C	3	12341
29	4E7E	3	12341
29	4EC6	3	12341
29	4EC7	3	12341
29	4EC8	3	12341
29	4ECB	3	12341
29	4ECC	3	12341
29	4ED2	3	12341
29	4ED3	3	12341
29	4ED4	3	12341
29	4ED6	3	12341
29	4F0C	3	12341
29	4F0D	3	12341
29	4F0E	3	12341
29	4F11	3	12341
29	4F12	3	12341
29	4F18	3	12341
29	4F19	3	12341
29	4F1A	3	12341
29	4F1C	3	12341
29	4F40	3	12341
29	4F41	3	12341
29	4F42	3	12341
29	4F45	3	12341
29	4F46	3	12341
29	4F4C	3	12341
29	4F4D	3	12341
29	4F4E	3	12341
29	4F50	3	12341
29	4F62	3	12341
29	4F63	3	12341
29	4F64	3	12341
29	4F65	3	12341
29	4F66	3	12341
29	4F67	3	12341
29	4F68	3	12341
29	4F6A	3	12341
29	4F6B	3	12341
29	4F77	3	12341
29	4F78	3	12341
29	4F79	3	12341
29	4F7C	3	12341
29	4F82	3	12341
29	4F83	3	12341
29	4F85	3	12341
29	4F8D	3	12341
29	4F8E	3	12341
29	4F8F	3	12341
29	4F92	3	12341
29	4F98	3	12341
29	4F99	3	12341
29	4F9B	3	12341
29	4FA3	3	12341
29	4FA4	3	12341
29	4FA5	3	12341
29	4FA8	3	12341
29	4FAE	3	12341
29	4FAF	3	12341
29	4FB1	3	12341
29	4FB9	3	12341
29	4FBA	3	12341
29	4FBB	3	12341
29	4FBE	3	12341
29	4FC4	3	12341
29	4FC5	3	12341
29	4FC7	3	12341
29	4FCF	3	12341
29	4FD2	3	12341
29	4FD4	3	12341
29	4FD5	3	12341
29	4FD6	3	12341
29	4FD7	1	12341
29	4FD9	1	12341
29	4FDA	1	12341
29	4FDC	1	12341
29	4FDE	1	12341
29	4FE0	1	12341
29	4FE1	1	12341
29	4FE3	1	12341
29	4FE6	1	12341
29	4FE9	1	12341
29	4FEB	1	12341
29	4FF1	1	12342
29	4FF2	1	12342
29	4FF4	1	12342
29	4FF6	1	12342
2D	4E06	9	2605
2D	4E08	9	2605
2D	4E0A	9	2605
2D	4E0C	9	2605
2D	4E0F	9	2605
2D	4E12	36864	2605
2D	4E13	36864	2605
2D	4E14	36864	2605
2D	4E15	36864	2605
2D	4E16	36864	2605
2D	4E17	36864	2605
2D	4E19	9	2606
2D	4E1B	9	2606
2D	4E1D	9	2606
2D	4E1F	9	2606
2D	4E22	9	2606
2D	4E25	17280	2606
2D	4E26	17280	2606
2D	4E27	17280	2606
2D	4E28	17280	2606
2D	4E29	17280	2606
2D	4E2A	17280	2606
2D	4E2C	9	2607
2D	5016	4	6248
2D	5018	4	6248
2D	5019	4	6248
2D	501B	4	6248
2D	501D	4	6248
2D	501F	4	6248
2D	5020	4	6248
2D	5022	4	6248
2D	5025	4	6248
2D	5028	4	6248
2D	502A	4	6248
2D	502D	4	6249
2D	5030	4	6249
2D	5033	4	6249
2D	5035	4	6249
2D	5038	4	6250
2D	503B	4	6250
2D	503E	4	6250
2D	5040	4	6250
2D	5043	4	6252
2D	5046	4	6252
2D	5049	4	6252
2D	504B	4	6252
2D	504E	4	6253
2D	504F	4	6253
2D	5051	4	6253
2D	5053	4	6253
2D	5054	16	6248
2D	5055	16	6248
2D	5057	16	6248
2D	5058	16	6248
2D	505A	16	6248
2D	505B	16	6248
2D	505D	16	6248
2D	505E	16	6248
2D	5060	16	6248
2D	5063	62364	6248
2D	5064	62364	6248
2D	5066	62364	6248
2D	5068	16	6248
2D	5069	16	6248
2D	506B	16	6248
2D	506C	16	6248
2D	506E	16	6248
2D	5070	16	6248
2D	5072	16	6248
2D	5075	16	6248
2D	5077	16	6248
2D	5078	16	6248
2D	507A	16	6248
2D	507C	16	6248
2D	507D	16	6248
2D	507F	16	6248
2D	5081	931	6248
2D	5082	931	6248
2D	5083	931	6248
2D	5085	16	6249
2D	5086	16	6249
2D	5088	16	6249
2D	508A	16	6249
2D	508B	16	6249
2E	4000	1	11782
2E	4001	1	11782
2E	4003	1	11782
2E	4004	1	11782
2E	4006	1	11782
2E	4008	1	11782
2E	400A	1	11782
2E	400C	1	11782
2E	400F	1	11782
2E	4011	1	11782
2E	4014	1	11782
2E	4015	1	11782
2E	4017	1	11782
2E	4019	1	11782
2E	401A	1	11782
2E	4020	1	11782
2E	4023	1	11808
2E	4025	1	11808
2E	4027	1	11808
2E	4029	1	11808
2E	402C	1	11808
2E	402E	1	11808
2E	402F	1	11808
2E	4030	1	11808
2E	4031	1	11808
2E	4032	1	11808
2E	4033	1	11808
2E	4034	1	11808
2E	4035	1	11808
2E	4036	1	11808
2E	4037	1	11808
2E	4038	1	11808
2E	4039	1	11808
2E	403A	1	11808
2E	403B	1	11808
2E	403C	1	11808
2E	403D	1	11808
2E	403E	1	11808
2E	403F	1	11808
2E	4042	1	11810
2E	4045	1	11810
2E	4048	1	11810
2E	404A	1	11810
2E	404C	1	11810
2E	4052	1	11810
2E	4055	1	11810
2E	4058	1	11810
2E	405B	1	11810
2E	4061	1	11810
2E	4067	29	11810
2E	4068	29	11810
2E	406E	29	11810
2E	406F	29	11810
2E	4072	29	11810
2E	4078	29	11810
2E	407B	29	11811
2E	407D	29	11811
2E	407F	29	11811
2E	4082	29	11811
2E	4088	29	11811
2E	408A	29	11811
2E	408C	1	11838
2E	408E	1	11838
2E	4099	1	11838
2E	409A	1	11838
2E	409B	1	11838
2E	409C	1	11838
2E	409F	1	11838
2E	40A2	1	11838
2E	40A4	1	11838
2E	40A6	1	11838
2E	40A8	1	11838
2E	40AE	1	11838
2E	40AF	1	11838
2E	40B0	1	11838
2E	40B1	1	11838
2E	40B2	1	11838
2E	40B3	1	11838
2E	40B4	1	11838
2E	40B5	1	11838
2E	40B6	1	11838
2E	417F	1	11838
2E	4181	1	11838
2E	4183	1	11838
2E	4185	1	11838
2E	4188	1	11838
2E	4189	1	11838
2E	418A	1	11838
2E	418B	1	11838
2E	418C	1	11838
2E	418D	1	11838
2E	418E	1	11838
2E	418F	1	11838
2E	4190	1	11838
2E	4192	1	11838
2E	4194	1	11838
2E	4196	1	11838
2E	4199	1	11838
2E	419A	1	11838
2E	419B	1	11838
2E	419C	1	11838
2E	419D	1	11838
2E	419E	1	11838
2E	419F	1	11838
2E	41A0	1	11838
2E	41A1	1	11838
2E	41A2	1	11838
2E	41A4	1	11838
2E	41A6	1	11838
2E	41A8	1	11838
2E	41AB	1	11838
2E	41AC	1	11838
2E	41AD	1	11838
2E	41AE	1	11838
2E	41AF	1	11838
2E	41B1	1	11838
2E	41B3	1	11838
2E	41B5	1	11838
2E	41B8	1	11838
2E	41B9	1	11838
2E	41BB	1	11838
2E	41BC	1	11838
2E	41BD	1	11838
2E	41BF	1	11838
2E	41C0	1	11838
2E	41C1	1	11838
2E	41C3	1	11838
2E	41C5	1	11838
2E	41C7	1	11838
2E	41CA	1	11838
2E	41CB	1	11838
2E	41CC	1	11838
2E	41CD	1	11838
2E	41CE	1	11838
2E	41CF	1	11838
2E	41D0	1	11838
2E	41D2	1	11838
2E	41D4	1	11838
2E	41D6	1	11838
2E	41D9	1	11838
2E	41DA	1	11838
2E	41DB	1	11838
2E	41DC	1	11838
2E	41DD	1	11838
2E	41DE	1	11838
2E	41DF	1	11838
2E	41E0	1	11838
2E	41E1	1	11838
2E	41E2	1	11838
2E	41E5	1	11838
2E	41E8	1	11838
2E	41EA	1	11838
2E	41F0	1	11838
2E	41F3	1	11838
2E	41F5	1	11838
2E	41FB	1	11838
2E	41FE	1	11842
2E	41FF	1	11842
2E	4205	1	11842
2E	420B	1	11842
2E	420C	1	11842
2E	420F	1	11842
2E	4212	1	11842
2E	4215	1	11842
2E	4217	1	11842
2E	421D	1	11842
2E	4220	1	11842
2E	4223	1	11842
2E	4224	1	11842
2E	4226	1	11842
2E	4227	1	11842
2E	4229	1	11842
2E	422B	1	11842
2E	422D	1	11842
2E	422E	1	11842
2E	4231	1	11842
2E	4232	1	11842
2E	4234	1	11842
2E	4236	1	11842
2E	4237	1	11842
2E	4238	1	11842
2E	4239	1	11842
2E	423F	1	11854
2E	4241	60	11854
2E	4242	60	11854
2E	4245	60	11855
2E	424B	60	11855
2E	424D	60	11855
2E	424F	60	11855
2E	4251	1	11914
2E	4252	1	11914
2E	4254	1	11914
2E	4255	60	11855
2E	4256	60	11855
2E	4257	60	11855
2E	4259	1	11914
2E	425F	1	11920
2E	4260	1	11920
2E	4262	1	11920
2E	4263	1	11920
2E	4265	1	11920
2E	4267	1	11920
2E	4269	1	11920
2E	426B	1	11920
2E	426E	1	11920
2E	426F	1	11920
2E	4271	1	11920
2E	4273	1	11920
2E	4274	1	11920
2E	4277	1	11921
2E	4279	1	11921
2E	427A	1	11921
2E	427D	1	11921
2E	427E	1	11921
2E	427F	1	11921
2E	4281	1	11921
2E	4284	1	11921
2E	428A	1	11921
2E	4290	1	11936
2E	4291	1	11936
2E	4B2E	1	11782
2E	4B34	1	11782
2E	4B3A	1	11782
2E	4B40	1	11784
2E	4B46	1	11789
2E	4B4C	1	11790
2E	4B4D	1	11790
2E	4B4F	1	11790
2E	4B51	1	11790
2E	4B53	1	11790
2E	4B56	1	11790
2E	4B59	1	11790
2E	4B5C	1	11790
2E	4B5E	1	11790
2E	4B64	1	11790
2E	4B67	1	11790
2E	4B6A	1	11790
2E	4B6D	1	11790
2E	4B6F	1	11790
2E	4B75	1	11790
2E	4B78	1	11790
2E	4B7B	1	11790
2E	4B7D	1	11790
2E	4B7F	1	11790
2E	4B81	1	11790
2E	4B87	1	11790
2E	4B8A	1	11790
2E	4B8D	1	11790
2E	4B8F	1	11790
2E	4B91	1	11790
2E	4B93	1	11790
2E	4B99	1	11790
2E	4B9C	1	11790
2E	4B9F	1	11790
2E	4BA1	1	11790
2E	4BA3	1	11790
2E	4BA5	1	11790
2E	4BAB	1	11790
2E	4BAE	1	11790
2E	4BB1	1	11790
2E	4BB3	1	11790
2E	4BB5	1	11790
2E	4BB7	1	11790
2E	4BBD	1	11790
2E	4BC0	1	11790
2E	4BC3	1	11790
2E	4BC5	1	11790
2E	4BC7	1	11790
2E	4BC9	1	11790
2E	4BCF	1	11790
2E	4BD2	1	11790
2E	4BD5	1	11790
2E	4BD7	1	11790
2E	4BD9	1	11790
2E	4BDB	1	11790
2E	4BE1	1	11790
2E	4BE4	1	11790
2E	4BE7	1	11790
2E	4BEA	1	11790
2E	4BEC	1	11790
2E	4BF2	1	11790
2E	4BF4	1	11790
2E	4BF7	1	11790
2E	4BFA	1	11790
2E	4BFD	1	11790
2E	4C00	1	11790
2E	4C02	1	11790
2E	4C08	1	11790
2E	4C0A	1	11790
2E	4C0D	1	11790
2E	4C13	1	11790
2E	4C16	1	11791
2E	4C17	1	11791
2E	4C19	1	11791
2E	4C1A	1	11791
2E	4C1C	1	11791
2E	4C1E	1	11791
2E	4C21	1	11791
2E	4C24	1	11791
2E	4C25	1	11791
2E	4C27	1	11791
2E	4C28	1	11791
2E	4C2E	1	11791
2E	4C31	1	11791
2E	4C37	1	11808
2E	4C38	1	11808
2E	4C3A	1	11808
2E	4C3B	1	11808
2E	4C3D	1	11808
2E	4C3F	1	11808
2E	4C41	1	11808
2E	4C43	1	11808
2E	4C46	1	11808
2E	4C48	1	11808
2E	4C4B	1	11808
2E	4C4C	1	11808
2E	4C4E	1	11808
2E	4C50	1	11808
2E	4C51	1	11808
2E	4C57	1	11808
2E	533C	1	11838
2E	533D	1	11838
2E	533E	1	11838
2E	533F	1	11838
2E	5341	1	11838
2E	5342	1	11838
2E	5344	1	11838
2E	5346	1	11838
2E	5348	1	11838
2E	534B	1	11838
2E	534E	4096	11838
2E	534F	4096	11838
2E	5350	4096	11838
2E	5351	4096	11838
2E	5352	4096	11838
2E	5353	4096	11838
2E	5355	1	11839
2E	5356	1	11839
2E	5358	1	11839
2E	535B	1	11839
2E	535E	1	11839
2E	5360	1	11839
2E	5366	1	11840
2E	5369	1	11840
2E	536C	1	11840
2E	536E	1	11840
2E	5374	1	11841
2E	5377	1	11841
2E	537A	1	11841
2E	537C	1	11841
2E	5382	1	11842
2E	5383	1	11842
2E	5385	1	11842
2E	5387	1	11842
2E	5388	1	11842
2E	5389	1	11842
2E	538A	1	11842
2E	538B	1	11808
2E	538C	1	11808
2E	538D	1	11808
2E	538F	1	11808
2E	5391	1	11808
2E	5393	1	11808
2E	5396	1	11808
2E	5399	1	11808
2E	539C	1	11808
2E	53A2	1	11809
2E	53A5	1	11810
2E	53A6	1	11810
2E	53A7	1	11810
2E	5478	1	11809
2E	547A	1	11809
2E	547B	1	11809
2E	547D	1	11809
2E	547F	1	11809
2E	5481	1	11809
2E	5482	1	11809
2E	5484	1	11809
2E	5487	1	11809
2E	548A	1	11809
2E	548C	1	11809
2E	5492	1	11810
2E	5493	1	11810
2E	5495	1	11810
2E	5497	1	11810
2E	55FA	33	11790
2E	55FB	33	11790
2E	55FC	33	11790
2E	55FD	33	11790
2E	55FE	33	11790
2E	55FF	33	11790
2E	5601	33	11790
2E	5603	33	11790
2E	5605	33	11790
2E	5607	33	11790
2E	560A	33	11790
2E	560B	33	11790
2E	560D	33	11790
2E	560F	33	11790
2E	5611	33	11790
2E	5614	33	11790
2E	5615	33	11790
2E	5617	30	11811
2E	5618	30	11811
2E	5619	30	11811
2E	561A	30	11811
2E	561B	30	11811
2E	5636	3	11790
2E	5637	3	11790
2E	563A	3	11790
2E	563D	3	11790
2E	563F	3	11790
2E	5683	3	11790
2E	5686	3	11790
2E	5687	3	11790
2E	5689	3	11790
2E	568C	3	11790
2E	5692	3	11790
2E	5694	3	11790
2E	5696	3	11790
2E	5698	3	11790
2E	5699	3	11790
2E	569B	3	11790
2E	569E	3	11790
2E	569F	3	11790
2E	56A1	3	11790
2E	56A4	3	11790
2E	56A7	3	11790
2E	56A8	3	11790
2E	56AA	3	11790
2E	56AD	3	11790
2E	56B3	3	11790
2E	56B5	3	11790
2E	56B7	3	11790
2E	56B9	3	11790
2E	56BA	3	11790
2E	56BC	3	11790
2E	56BF	3	11790
2E	56C0	3	11790
2E	56C2	3	11790
2E	56C5	3	11790
2E	56C6	3	11790
2E	56C8	3	11790
2E	56CB	3	11791
2E	56CC	3	11791
2E	56CD	3	11791
2E	56CE	3	11791
2E	56CF	3	11791
2E	56D0	3	11791
48	403E	40	2616
48	4040	40	2616
48	4041	40	2616
48	4043	40	2616
48	4044	40	2616
48	4046	40	2616
48	4047	40	2616
48	4049	40	2616
48	404A	40	2616
48	404C	694	2616
48	404E	694	2616
48	4051	694	2616
48	4052	694	2616
48	4054	654	2616
48	4055	654	2616
48	4057	654	2616
48	405A	654	2616
48	405B	654	2616
48	405D	654	2616
48	405E	654	2616
48	405F	654	2616
48	4061	654	2616
48	4062	654	2616
48	4064	654	2616
48	4065	654	2616
48	4066	654	2616
48	4067	654	2616
48	4069	654	2616
48	406A	654	2616
48	406C	654	2616
48	406D	654	2616
48	406E	654	2616
48	406F	654	2616
48	4075	654	2616
48	4077	654	2616
48	4078	654	2616
48	407A	654	2616
48	407C	654	2616
48	407D	654	2616
48	407F	654	2616
48	4081	39	2616
48	4083	39	2616
48	4084	39	2616
48	4086	654	2616
48	4088	654	2616
48	408A	654	2616
48	408B	654	2616
48	408D	654	2616
48	408F	38	2616
48	4091	38	2616
48	4092	38	2616
48	4094	654	2616
48	4096	654	2616
48	4097	654	2616
48	4099	654	2616
48	409A	654	2616
48	409C	40	2618
48	409E	40	2618
48	409F	40	2618
48	40A1	40	2618
48	40A2	40	2618
48	40A4	40	2618
48	40A5	40	2618
48	40A7	40	2618
48	40A8	40	2618
48	40A9	4	5041
48	40AC	4	5041
48	40AE	4	5041
48	40B1	4	5041
48	40B2	4	5041
48	40B5	4	5041
48	40B6	4	5041
48	40B9	4	5041
48	40BA	4	5041
48	40BD	4	5041
48	40BE	4	5041
48	40C1	4	5041
48	40C4	12	5041
48	40C5	12	5041
48	40C7	12	5041
48	40C8	12	5041
48	40CA	12	5041
48	40CB	12	5041
48	40CC	12	5041
48	40CE	12	5041
48	40CF	12	5041
48	40D0	12	5041
48	40D1	12	5041
48	40D2	12	5041
48	40D3	152	5041
48	40D6	152	5041
48	40D9	152	5041
48	40DA	152	5041
48	40DC	148	5041
48	40DE	148	5041
48	40E0	142	5041
48	40E1	142	5041
48	40E4	142	5041
48	40E7	142	5041
48	40E8	142	5041
48	40EA	142	5041
48	40EB	142	5041
48	40EC	142	5041
48	40ED	142	5041
48	40F0	142	5041
48	40F1	142	5041
48	40F3	142	5041
48	40F4	142	5041
48	40F7	142	5041
48	40F9	142	5041
48	40FA	142	5041
48	40FB	142	5041
48	40FC	142	5041
48	40FE	142	5041
48	40FF	142	5041
48	4100	142	5041
48	4102	142	5041
48	4103	142	5041
48	4104	142	5041
48	4105	142	5041
48	4106	142	5041
48	4107	142	5041
48	4108	142	5041
48	4109	142	5041
48	410A	142	5041
48	410B	142	5041
48	410E	142	5041
48	410F	142	5041
48	4111	142	5041
48	4112	142	5041
48	4113	142	5041
48	4114	142	5041
48	411A	142	5041
48	411C	142	5041
48	411D	142	5041
48	411E	142	5041
48	4120	142	5041
48	4121	142	5041
48	4122	142	5041
48	4123	142	5041
48	4125	142	5041
48	4126	142	5041
48	4129	142	5041
48	412A	142	5041
48	412D	142	5041
48	412E	142	5041
48	412F	142	5041
48	4132	142	5041
48	4134	2	5041
48	4137	2	5041
48	413A	2	5041
48	413B	2	5041
48	413E	2	5041
48	413F	2	5041
48	4141	6	5041
48	4142	6	5041
48	4145	6	5041
48	4146	6	5041
48	4149	6	5041
48	414A	6	5041
48	414B	6	5041
48	414C	6	5041
48	414F	6	5041
48	4152	6	5041
48	4153	6	5041
48	4154	6	5041
48	4155	6	5041
48	4156	6	5041
48	4159	4	5042
48	415A	18	1140
48	415C	18	1140
48	415D	18	1140
48	415F	18	1140
48	4160	18	1140
48	4162	18	1140
48	4163	18	1140
48	4165	18	1140
48	4167	18	1140
48	4168	18	1140
48	416A	18	1140
48	416C	18	1140
48	416D	18	1140
48	416F	18	1140
48	4171	18	1140
48	4172	18	1140
48	4174	18	1140
48	4176	18	1140
48	4177	18	1140
48	4178	18	1140
48	417A	18	1140
48	417C	18	1140
48	417D	18	1140
48	417F	18	1140
48	4180	18	1140
48	4181	18	1140
48	4183	18	1140
48	4184	18	1140
48	4185	18	1140
48	4186	18	1140
48	4188	18	1140
48	418B	18	1140
48	418C	18	1140
48	418D	18	1140
48	418E	18	1140
48	418F	18	1140
48	4191	18	1140
48	4193	18	1140
48	4194	18	1140
48	4196	18	1140
48	4197	18	1140
48	4198	18	1140
48	419A	18	1140
48	419B	18	1140
48	419C	18	1140
48	419D	18	1140
48	419E	18	1140
48	419F	284	1140
48	41A1	284	1140
48	41A4	284	1140
48	41A5	284	1140
48	41A8	266	1140
48	41AA	266	1140
48	41AC	266	1140
48	41AD	266	1140
48	41AF	266	1140
48	41B2	266	1140
48	41B3	266	1140
48	41B5	266	1140
48	41B6	266	1140
48	41B7	266	1140
48	41B8	266	1140
48	41BA	266	1140
48	41BB	266	1140
48	41BD	266	1140
48	41BE	266	1140
48	41C0	266	1140
48	41C1	266	1140
48	41C2	266	1140
48	41C4	266	1140
48	41C5	266	1140
48	41C6	266	1140
48	41C7	266	1140
48	41C9	266	1140
48	41CA	266	1140
48	41CC	266	1140
48	41CD	266	1140
48	41CE	266	1140
48	41CF	266	1140
48	41D5	266	1140
48	41D7	266	1140
48	41D8	266	1140
48	41D9	266	1140
48	41DB	266	1140
48	41DC	266	1140
48	41DD	266	1140
48	41DE	266	1140
48	41E0	266	1140
48	41E1	266	1140
48	41E3	266	1140
48	41E4	266	1140
48	41E6	266	1140
48	41E7	266	1140
48	41E8	266	1140
48	41EA	266	1140
48	4222	18	1140
48	4223	3025	1142
48	4226	3025	1142
48	4227	3025	1142
48	4229	930	1142
48	422A	930	1142
48	422D	930	1142
48	422E	2095	1322
48	4231	2095	1322
48	4232	2095	1322
48	4233	1047	1323
48	4235	1047	1323
48	4238	1047	1323
48	423A	1047	1323
48	423C	522	1325
48	423F	522	1325
48	4240	522	1325
48	424F	1047	1323
48	4252	1047	1323
48	4253	1047	1323
48	4256	1047	1323
48	4257	1047	1323
48	4259	1047	1323
48	425A	132	1331
48	425D	132	1331
48	425F	132	1331
48	4261	132	1331
48	4263	132	1331
48	4264	132	1331
48	4266	132	1331
48	4268	132	1331
48	4269	132	1331
48	426A	132	1331
48	426C	132	1331
48	426D	132	1331
48	4270	132	1331
48	4271	132	1331
48	4273	132	1331
48	4274	132	1331
48	4276	132	1331
48	4278	132	1331
48	4279	132	1331
48	427A	132	1331
48	427C	132	1331
48	427D	132	1331
48	427F	132	1331
48	4281	132	1331
48	4282	132	1331
48	4284	132	1331
48	4286	132	1331
48	4288	132	1331
48	428A	132	1331
48	428B	132	1331
48	428C	132	1331
48	428E	132	1331
48	4290	132	1331
48	4292	132	1331
48	4298	132	1332
48	429B	132	1332
48	429C	132	1332
48	429D	132	1332
48	429E	132	1332
48	42A0	132	1332
48	42A1	132	1332
48	42A2	132	1332
48	42A4	132	1332
48	42A5	132	1332
48	42A7	132	1332
48	42A9	132	1332
48	42AB	132	1332
48	42B1	132	1333
48	42B3	132	1333
48	42B4	132	1333
48	42B6	132	1333
48	42B8	132	1333
48	42BA	132	1333
48	42BD	132	1333
48	42BE	132	1333
48	42C0	132	1333
48	42C3	132	1333
48	42C6	132	1333
48	42C7	132	1333
48	42CA	132	1333
48	42CD	132	1333
48	42CE	132	1333
48	42CF	3	1726
48	42D0	3	1726
48	42D3	3	1726
48	42D4	9	1138
48	42D5	9	1138
48	42D8	9	1138
48	42DB	9	1138
48	42DD	9	1138
48	42DF	9	1138
48	42E0	9	1138
48	42E2	9	1138
48	42E4	9	1138
48	42E6	9	1138
48	42E8	9	1138
48	42E9	9	1138
48	42EA	9	1138
48	42EB	9	1138
48	42EC	9	1138
48	42ED	9	1138
48	42EE	9	1138
48	42F0	9	1138
48	42F1	9	1138
48	42F2	9	1138
48	42F5	9	1138
48	42F8	9	1138
48	42F9	9	1138
48	42FA	9	1138
48	42FD	9	1138
48	4300	9	1138
48	4301	9	1138
48	4302	9	1138
48	4303	9	1138
48	4305	9	1138
48	4308	9	1138
48	4309	66	1138
48	430A	66	1138
48	430D	66	1138
48	430E	66	1138
48	4310	57	1138
48	4311	57	1138
48	4314	57	1138
48	4315	57	1138
48	4317	57	1138
48	4318	57	1138
48	431A	9	1138
48	431B	9	1138
48	431D	9	1138
48	431F	9	1138
48	4320	9	1138
48	4322	9	1138
48	4323	9	1138
48	4326	9	1138
48	4328	9	1138
48	432B	9	1138
48	432C	9	1138
48	432D	9	1138
48	4330	9	1138
48	4333	9	1138
48	4334	9	1138
48	4335	9	1138
48	4338	9	1138
48	433B	9	1138
48	433C	9	1138
48	433D	9	1138
48	433F	9	1138
48	4342	9	1138
48	4343	218	1138
48	4344	218	1138
48	4347	218	1138
48	4348	218	1138
48	434A	209	1138
48	434B	209	1138
48	434E	209	1138
48	434F	209	1138
48	4351	209	1138
48	4352	209	1138
48	4354	9	1138
48	4355	9	1138
48	4357	9	1138
48	435A	9	1138
48	435C	9	1138
48	435E	9	1138
48	4360	9	1138
48	4363	9	1138
48	4365	9	1138
48	4368	9	1138
48	436A	9	1138
48	436D	9	1138
48	4370	9	1138
48	4372	9	1138
48	4373	9	1138
48	4375	9	1138
48	4376	9	1138
48	4377	9	1138
48	437A	9	1140
48	437B	9	1140
48	437E	9	1140
48	4381	9	1140
48	4383	9	1140
48	4385	9	1140
48	4387	9	1140
48	4388	9	1140
48	4389	9	1140
48	438C	9	1140
48	438D	9	1140
48	4390	9	1140
48	4391	9	1140
48	4393	9	1140
48	4396	9	1140
48	4398	9	1140
48	439A	9	1140
48	439B	9	1140
48	439D	9	1140
48	439E	9	1140
48	43A0	9	1140
48	43A3	9	1140
48	43A9	9	1140
48	43AB	9	1140
48	43AE	9	1140
48	43AF	9	1140
48	43B2	9	1140
48	43B3	9	1140
48	43B5	9	1140
48	43B8	9	1140
48	43BA	9	1140
48	43BC	9	1140
48	43BD	9	1140
48	43BF	9	1140
48	43C0	9	1140
48	43C2	9	1140
48	43C5	9	1140
48	43CB	9	1140
48	43CD	9	1140
48	43CF	9	1140
48	43D2	9	1140
48	43D3	9	1140
48	43D6	9	1140
48	43D9	9	1140
48	43DC	9	1140
48	43DF	9	1140
48	43E1	9	1140
48	43E3	9	1140
48	43E5	9	1140
48	43EB	9	1141
48	43EE	9	1141
48	43F1	9	1141
48	43F4	9	1141
48	43F6	9	1141
48	43F8	9	1141
48	43FA	9	1141
48	4400	9	1142
48	4402	9	1142
48	4403	9	1142
48	4405	9	1142
48	4407	9	1142
48	4409	9	1142
48	440A	9	1140
48	440B	9	1140
48	440D	9	1140
48	440F	9	1140
48	4411	9	1140
48	4413	9	1140
48	4416	9	1140
48	4419	9	1140
48	441C	9	1140
48	441F	9	1140
48	4422	9	1140
48	4425	9	1140
48	4428	9	1140
48	442B	9	1140
48	442E	9	1140
48	4431	9	1140
48	4434	9	1140
48	4437	9	1140
48	4439	9	1140
48	443C	9	1140
48	443E	9	1140
48	4441	9	1140
48	4443	9	1140
48	4446	9	1140
48	4448	9	1140
48	444B	9	1140
48	444D	9	1140
48	4450	9	1140
48	4452	9	1140
48	4455	9	1140
48	4457	9	1140
48	4459	9	1140
48	445B	9	1140
48	445C	9	1140
48	445E	9	1140
48	445F	9	1140
48	4460	12	1138
48	4462	12	1138
48	4464	12	1138
48	4465	12	1138
48	4467	12	1138
48	4469	12	1138
48	446B	12	1138
48	446D	12	1138
48	446E	12	1138
48	4471	12	1138
48	4474	12	1138
48	4477	12	1138
48	447A	12	1138
48	447D	12	1138
48	4480	12	1138
48	4482	12	1138
48	4484	12	1138
48	4486	12	1138
48	448C	12	1139
48	448F	12	1139
48	4492	12	1139
48	4495	12	1139
48	4497	12	1139
48	4499	12	1139
48	449B	12	1139
48	44A1	12	1140
48	44A3	12	1140
48	44A5	12	1140
48	44A7	8	1762
48	44A8	8	1762
48	44AA	8	1762
48	44AC	8	1762
48	44AE	8	1762
48	44B1	8	1762
48	44B4	8	1762
48	44B5	8	1762
48	44B8	8	1762
48	44B9	8	1762
48	44BC	8	1762
48	44BD	8	1762
48	44C0	8	1762
48	44C3	8	1762
48	44C4	8	1762
48	44C7	8	1762
48	44C8	8	1762
48	44CB	8	1762
48	44CC	8	1762
48	44CE	8	1762
48	44D0	8	1762
48	44D2	8	1762
48	44D3	8	1762
48	44D5	8	1762
48	44D6	12	1140
48	44D8	12	1140
48	44D9	12	1140
48	44DB	12	1140
48	44DD	12	1140
48	44DF	12	1140
48	4616	15	1112
48	4619	15	1112
48	461A	15	1112
48	461C	15	1112
48	461D	15	1112
48	461F	15	1112
48	4621	10	5790
48	4623	10	5790
48	4625	10	5790
48	4627	10	5790
48	462A	5	1112
48	462C	5	1112
48	462E	5	1112
48	462F	5	1112
48	4631	5	1112
48	4634	5	1112
48	4636	5	1112
48	4639	5	1112
48	463B	5	1112
48	463D	5	1112
48	4640	5	1112
48	4641	5	1112
48	4642	5	1112
48	4643	5	1112
48	4645	5	1112
48	4648	5	1112
48	464A	5	1112
48	464B	5	1112
48	464D	5	1112
48	4650	5	1112
48	4652	5	1112
48	4653	5	1112
48	4654	5	1112
48	4655	5	1112
48	4658	5	1112
48	4659	5	1112
48	465A	5	1112
48	465B	5	1112
48	465F	10	5790
48	4661	10	5790
48	4663	10	5790
48	4664	10	5790
48	4666	10	5790
48	4669	10	5790
48	466B	10	5790
48	466D	10	5790
48	466E	10	5790
48	466F	10	5790
48	4671	10	5790
48	4672	10	5790
48	4674	10	5790
48	4676	10	5790
48	4678	10	5790
48	4679	12	1120
48	467C	12	1120
48	467E	12	1120
48	4681	12	1120
48	4684	12	1120
48	4686	12	1120
48	4688	12	1120
48	4689	12	1120
48	468B	12	1120
48	468E	12	1120
48	4691	12	1120
48	4693	12	1120
48	4695	12	1120
48	4696	12	1120
48	4697	12	1120
48	469A	12	1120
48	469B	44	1120
48	469C	832	1120
48	469D	832	1120
48	469E	832	1120
48	469F	832	1120
48	46A1	44	1120
48	46A2	44	1120
48	46A4	44	1120
48	46A5	44	1120
48	46A6	44	1120
48	46A7	44	1120
48	46A8	44	1120
48	46AA	44	1120
48	46AB	44	1120
48	46AC	44	1120
48	46AD	44	1120
48	46AF	12	1120
48	46B0	12	1120
48	46B3	12	1120
48	46B4	12	1120
48	46B5	12	1120
48	46B6	12	1120
48	46BC	12	1120
48	46BE	12	1120
48	46BF	12	1120
48	46C1	12	1120
48	46C3	12	1120
48	46C5	12	1120
48	46C6	3	1728
48	46C8	3	1728
48	46CA	3	1728
48	46CB	3	1728
48	46CD	3	1728
48	46CF	3	1728
48	46D1	3	1728
48	46D3	3	1728
48	46D5	3	1728
48	46D8	3	1728
48	46DB	3	1728
48	46DE	3	1728
48	46E1	3	1728
48	46E4	3	1728
48	46E6	3	1728
48	46E9	3	1728
48	46EC	3	1728
48	46EE	3	1728
48	46F4	3	1728
48	46FA	72	1730
48	46FD	72	1731
48	4700	72	1731
48	4706	72	1731
48	4707	72	1731
48	470A	72	1731
48	470D	72	1731
48	4710	72	1731
48	4711	72	1731
48	4713	18	1734
48	4715	18	1734
48	471B	18	1735
48	471C	18	1735
48	471E	3	1760
48	4720	3	1760
48	4721	3	1760
48	4723	3	1760
48	4725	3	1760
48	4727	3	1760
48	4748	1062	1140
48	474A	1062	1140
48	474B	1062	1140
48	474E	1062	1140
48	474F	1062	1140
48	4752	1062	1140
48	4753	1062	1140
48	4756	1062	1140
48	4757	1062	1140
48	475A	1062	1140
48	475B	1062	1140
48	475E	1062	1140
48	475F	1062	1140
48	4760	1062	1140
48	4763	1062	1140
48	4764	1062	1140
48	4767	1062	1140
48	4768	1062	1140
48	476B	1062	1140
48	476C	1062	1140
48	476F	1062	1140
48	4770	1062	1140
48	4773	1062	1140
48	4774	1062	1140
48	4777	8628	1140
48	4778	8628	1140
48	4779	8628	1140
48	477A	8628	1140
48	477B	8628	1140
48	477C	8628	1140
48	477F	8628	1140
48	4780	8628	1140
48	4781	8628	1140
48	4783	2724	1140
48	4785	2724	1140
48	4786	2724	1140
48	4787	2724	1140
48	4788	2724	1140
48	478A	5904	1140
48	478B	5904	1140
48	478C	5904	1140
48	478E	4842	1140
48	478F	4842	1140
48	4790	4842	1140
48	4791	4842	1140
48	4793	1062	1140
48	4794	1062	1140
48	4795	1062	1140
48	4796	1062	1140
48	4798	1062	1140
48	479A	1062	1140
48	479C	1062	1140
48	479E	1062	1140
48	47A0	1062	1140
48	47A2	1062	1140
48	47A4	1062	1140
48	47A6	1062	1140
48	47A8	1062	1140
48	47A9	1062	1140
48	47AA	1062	1140
48	47AB	1062	1140
48	47AC	1062	1140
48	47AD	1062	1140
48	47AE	1062	1140
48	47B0	1062	1140
48	47B2	1062	1140
48	47B3	1062	1140
48	47B5	1062	1140
48	47B7	1062	1140
48	47B9	1062	1140
48	47BA	1062	1140
48	47BC	1062	1140
48	47BE	1062	1140
48	47C0	1062	1140
48	47C3	1062	1140
48	47C4	1062	1140
48	47C5	1062	1140
48	47C8	1062	1140
48	47C9	1062	1140
48	47CC	1062	1140
48	47CD	1062	1140
48	47D0	1062	1140
48	47D1	1062	1140
48	47D4	1062	1140
48	47D6	8496	1140
48	47D7	8496	1140
48	47D8	8496	1140
48	47D9	8496	1140
48	47DA	8496	1140
48	47DB	8496	1140
48	47DD	1062	1140
48	47E0	1062	1140
48	47E1	1062	1140
48	47E4	1062	1140
48	47E5	1062	1140
48	47E8	1062	1140
48	47E9	1062	1140
48	47EC	1062	1140
48	47EE	8496	1140
48	47EF	8496	1140
48	47F0	8496	1140
48	47F1	8496	1140
48	47F2	8496	1140
48	47F3	8496	1140
48	47F5	1062	1140
48	47F6	1062	1140
48	47F8	1062	1140
48	47FB	1062	1140
48	47FD	1062	1140
48	47FE	1062	1140
48	4800	1062	1140
48	4803	1062	1140
48	4805	1062	1140
48	4807	1062	1140
48	4808	1062	1140
48	480A	1062	1140
48	480C	1062	1140
48	480E	1062	1140
48	4899	1	326
48	489C	1	326
48	489E	1	326
48	48A1	1	326
48	48A4	1	326
48	48A5	1	326
48	48A7	1	326
48	48AA	1	326
48	48AD	1	326
48	48AE	1	326
48	48AF	1	326
48	48B0	1	326
48	48B1	1	326
48	48B2	1	326
48	48B3	1	326
48	48B4	1	326
48	48B5	1	326
48	48B6	1	326
48	48B7	1	326
48	48BB	8	1112
48	48E1	6	326
48	48E2	6	326
48	48E5	6	326
48	48E8	6	326
48	48EA	6	326
48	48EC	6	326
48	48EE	96	326
48	48EF	96	326
48	48F2	96	326
48	48F3	96	326
48	48F4	96	326
48	48F5	96	326
48	48FE	96	326
48	48FF	96	326
48	4901	6	326
48	4904	6	326
48	4906	6	326
48	4908	336	326
48	4909	336	326
48	490C	336	326
48	490D	336	326
48	490E	336	326
48	490F	336	326
48	4911	6	326
48	4914	6	326
48	4915	6	326
48	4918	336	326
48	4919	336	326
48	491B	6	326
48	491E	6	326
48	491F	6	326
48	495C	5	1112
48	495F	5	1112
48	4961	5	1112
48	4963	5	1112
48	4964	5	1112
48	4966	5	1112
48	4968	5	1112
48	496A	5	1112
48	496D	5	1112
48	496F	5	1112
48	4971	5	1112
48	4974	5	1112
48	4977	5	1112
48	4978	5	1112
48	4979	5	1112
48	497A	5	1112
48	497B	5	1112
48	497C	5	1112
48	497E	5	1112
48	4981	5	1112
48	4983	5	1112
48	4984	5	1112
48	4986	5	1112
48	4989	5	1112
48	498B	5	1112
48	49DB	1	1762
48	49E1	1	1762
48	49E3	1	1762
48	49E5	1	1762
48	49E8	1	1762
48	49EB	1	1762
48	49ED	1	1762
48	49EE	1	1762
48	49F0	1	1762
48	49F2	1	1762
48	49F4	1	1762
48	49F6	1	1762
48	4A36	1	1762
48	4A38	1	1762
48	4A3B	1	1762
48	4A3E	1	1762
48	4A3F	1	1762
48	4A40	1	1762
48	4A42	1	1762
48	4A45	1	1762
48	4A4B	1	1762
48	4A4D	1	1762
48	4A4E	1	1112
48	4A54	1	1112
48	4A56	1	1112
48	4A58	1	1112
48	4A5B	1	1112
48	4A5E	1	1112
48	4A60	1	1112
48	4A61	1	1112
48	4A63	1	1112
48	4A65	1	1112
48	4A74	1	1112
48	4A76	1	1112
48	4A79	1	1112
48	4A7C	1	1112
48	4A7D	1	1112
48	4A7E	1	1112
48	4A80	1	1112
48	4A83	1	1112
48	4A89	1	1112
48	4A8B	1	1112
48	4AAB	1	22
48	4AAD	1	22
48	4AAF	1	22
48	4AB0	1	22
48	4AB2	1	22
48	4AB4	1	22
48	4AB6	1	22
48	4AB9	1	22
48	4ABB	1	22
48	4ABD	1	22
48	4AC0	1	22
48	4AC3	1	22
48	4AC5	1	22
48	4AC6	32	22
48	4AC7	32	22
48	4AC8	32	22
48	4ACA	1	22
48	4ACB	1	22
48	4ACD	1	22
48	4AD0	1	22
48	4AD2	1	22
48	4AD3	1	22
48	4AD5	1	22
48	4AD8	1	22
48	4ADA	1	22
4E	4658	1	22
4E	465A	1	22
4E	465C	1	22
4E	465F	1	22
4E	4661	1	22
4E	4663	1	22
4E	4666	1	22
4E	4669	1	22
4E	466C	1	22
4E	466F	1	22
4E	4672	1	22
4E	4675	1	22
4E	4678	1	22
4E	467B	1	22
4E	467E	1	22
4E	4681	1	22
4E	4683	1	22
4E	4687	1	22
4E	468A	1	22
4E	468B	1	22
4E	468E	1	22
4E	4691	1	22
4E	4694	1	22
4E	4697	1	22
4E	469A	1	22
4E	469B	1	22
4E	469D	1	22
4E	46A0	1	22
4E	46CF	1	326
4E	46D1	1	326
4E	46D3	1	326
4E	46D6	1	326
4E	46D8	1	326
4E	46DA	1	326
4E	46DD	1	326
4E	46E0	1	326
4E	46E3	1	326
4E	46E6	1	326
4E	46E9	1	326
4E	46EC	1	326
4E	46ED	1	326
4E	46EF	1	326
4E	46F2	1	326
4E	46F3	1	326
4E	46F5	1	326
4E	46F8	1	326
4E	46FB	1	326
4E	46FE	1	326
4E	4701	1	327
4E	4704	1	327
4E	4707	1	327
4E	470A	1	327
4E	470D	1	327
4E	470E	1	327
4E	4710	1	327
4E	4713	1	327
4E	4714	1	327
4E	4716	1	327
4E	4719	1	327
4E	471B	1	327
4E	471C	1	327
4E	471E	1	327
4E	4720	1	327
4E	4722	1	327
4E	4725	1	327
4E	4726	1	327
4E	4728	1	327
4E	4729	1	327
4E	472B	1	327
4E	472E	1	327
4E	472F	1	327
4E	4739	6	22
4E	473C	3376	22
4E	473D	3376	22
4E	473E	3376	22
4E	473F	3376	22
4E	4741	3376	22
4E	4742	3376	22
4E	4743	3376	22
4E	4744	3376	22
4E	4745	3376	22
4E	4746	3376	22
4E	4748	6	22
4E	4795	1	22
4E	4797	1	22
4E	4799	1	22
4E	479C	1	22
4E	479E	1	22
4E	47A0	1	22
4E	47A3	1	22
4E	47A6	1	22
4E	47A9	1	22
4E	47AC	1	22
4E	47AF	1	22
4E	47B0	1	22
4E	47B3	1	22
4E	47B4	1	22
4E	47B7	1	22
4E	47B8	1	22
4E	47BB	1	22
4E	47BC	1	22
4E	47BF	1	22
4E	47C2	1	22
4E	47C5	1	22
4E	47C8	1	22
4E	47CB	1	22
4E	47CE	1	22
4E	47D1	1	22
4E	47D4	1	22
4E	47D5	1	22
4E	47D8	1	22
4E	47D9	1	22
4E	47DC	1	22
4E	47DD	1	22
4E	47E0	1	22
4E	47E1	1	22
4E	47E4	1	22
4E	47E5	1	22
4E	47E7	1	22
4E	47EA	1	22
4F	4000	57	26
4F	4002	57	26
4F	4004	57	26
4F	4006	57	26
4F	4008	57	26
4F	400D	57	26
4F	404B	525	29
4F	404C	525	29
4F	404F	525	29
4F	4052	525	29
4F	4053	525	29
4F	4056	525	29
4F	4057	525	29
4F	405A	525	29
4F	405D	525	29
4F	405E	1050	29
4F	405F	1050	29
4F	4061	1050	29
4F	4063	1050	29
4F	4065	525	29
4F	4067	525	29
4F	4069	525	29
4F	406B	525	29
4F	406D	525	29
4F	406F	8400	29
4F	4070	8400	29
4F	4071	8400	29
4F	4072	8400	29
4F	4073	8400	29
4F	4074	8400	29
4F	4075	8400	29
4F	4076	8400	29
4F	4077	8400	29
4F	4078	8400	29
4F	4079	8400	29
4F	407A	8400	29
4F	407B	8400	29
4F	407C	8400	29
4F	407D	8400	29
4F	407E	8400	29
4F	407F	8400	29
4F	4080	8400	29
4F	4082	1050	29
4F	4083	29952	27
4F	4086	29952	27
4F	4087	29952	27
4F	4088	29952	27
4F	4089	29952	27
4F	408A	29952	27
4F	408B	29952	27
4F	408E	26624	27
4F	408F	26624	27
4F	4090	26624	27
4F	4093	24768	27
4F	4094	24768	27
4F	4097	24768	27
4F	4098	24768	27
4F	4099	24768	27
4F	409B	24768	27
4F	409D	24768	27
4F	409E	24768	27
4F	40A0	24768	27
4F	40A2	24768	27
4F	40A3	24768	27
4F	40A4	24768	27
4F	40A5	24768	27
4F	40A7	24768	27
4F	40A9	24768	27
4F	40AA	24768	27
4F	40AB	24768	27
4F	40AD	24768	27
4F	40AE	24768	27
4F	40B0	24768	27
4F	40B1	24768	27
4F	40B2	24768	27
4F	40B4	24768	27
4F	40B7	24768	27
4F	40B8	24768	27
4F	40B9	24768	27
4F	40BB	24768	27
4F	40BD	24768	27
4F	40BE	24768	27
4F	40C0	24768	27
4F	40C2	24768	27
4F	40C3	24768	27
4F	40C4	24768	27
4F	40C5	24768	27
4F	40C7	24768	27
4F	40C9	24768	27
4F	40CA	24768	27
4F	40CB	24768	27
4F	40CD	24768	27
4F	40CE	24768	27
4F	40D0	24768	27
4F	40D1	24768	27
4F	40D2	24768	27
4F	40D4	24768	27
4F	40D5	24768	27
4F	40D7	24768	27
4F	40D8	24768	27
4F	40DA	24768	27
4F	40DD	24768	27
4F	40DF	24768	27
4F	40E0	24768	27
4F	40E2	24768	27
4F	40E4	24768	27
4F	40E6	24768	27
4F	40E7	24768	27
4F	40E9	24768	27
4F	40EC	24768	27
4F	40EE	24768	27
4F	40EF	24768	27
4F	40F0	24768	27
4F	40F2	24768	27
4F	40F4	24768	27
4F	40F5	24768	27
4F	40F6	24768	27
4F	40F8	24768	27
4F	40F9	24768	27
4F	40FB	24768	27
4F	40FC	24768	27
4F	40FE	24768	27
4F	40FF	24768	27
4F	4101	24768	27
4F	4103	24768	27
4F	4105	24768	27
4F	4106	24768	27
4F	4108	24768	27
4F	410B	24768	27
4F	410D	24768	27
4F	410E	24768	27
4F	4110	24768	27
4F	4111	24768	27
4F	4112	24768	27
4F	4113	24768	27
4F	4115	24768	27
4F	4116	24768	27
4F	4118	24768	27
4F	4119	24768	27
4F	411A	24768	27
4F	411C	3328	41
4F	411F	3328	41
4F	4120	3328	41
4F	4121	3328	41
4F	4123	3328	41
4F	4124	3328	41
4F	4126	28096	27
4F	4129	28096	27
4F	412A	28096	27
4F	412C	28096	27
4F	412D	28096	27
4F	412F	28096	27
4F	4130	28096	27
4F	4131	1856	322
4F	4134	1856	322
4F	4135	1856	322
4F	4136	1856	322
4F	4138	1856	322
4F	4139	1856	322
4F	413B	1856	322
4F	413E	1856	322
4F	413F	1856	322
4F	4141	1856	322
4F	4142	1856	322
4F	4144	1856	322
4F	4145	1856	322
4F	4146	74304	27
4F	4147	74304	27
4F	4149	44634	27
4F	414A	44634	27
4F	414B	44634	27
4F	414E	44634	27
4F	414F	44634	27
4F	4150	44634	27
4F	4151	44634	27
4F	4152	44634	27
4F	4153	74304	27
4F	4156	74304	27
4F	4157	74304	27
4F	4158	74304	27
4F	415A	594432	27
4F	415B	594432	27
4F	415D	165559	27
4F	415E	594432	27
4F	4160	594432	27
4F	4162	594432	27
4F	4163	594432	27
4F	4165	74304	27
4F	4166	55	27
4F	4169	55	27
4F	416B	55	27
4F	416D	29	308
4F	416E	29	308
4F	4171	29	308
4F	4172	29	308
4F	4175	29	308
4F	4176	29	308
4F	4179	29	308
4F	417C	29	308
4F	417E	26	27
4F	417F	26	27
4F	4182	26	27
4F	4183	26	27
4F	4186	26	27
4F	4187	26	27
4F	418A	26	27
4F	418B	26	27
4F	418E	55	27
4F	4191	55	27
4F	41C2	55	27
4F	41C5	55	27
4F	41C8	55	27
4F	41CA	3520	27
4F	41CD	3520	27
4F	41CE	3520	27
4F	41D1	3520	27
4F	41D2	3520	27
4F	41D5	3520	27
4F	41D6	3520	27
4F	41D7	3520	27
4F	41DA	3520	27
4F	41DB	3520	27
4F	41DC	3520	27
4F	41DD	3520	27
4F	41DF	55	27
4F	41E0	523	27
4F	41E3	523	27
4F	41E4	523	27
4F	41E5	468	27
4F	41E6	468	27
4F	41E8	468	27
4F	41EA	242	27
4F	41ED	242	27
4F	41EE	242	27
4F	41F0	52	27
4F	41F3	52	27
4F	41F5	52	27
4F	41F7	26	42
4F	41F8	26	42
4F	41FB	26	42
4F	41FE	26	42
4F	4201	26	42
4F	4203	26	27
4F	4206	26	27
4F	4209	26	27
4F	420A	216	27
4F	420D	216	27
4F	420E	216	27
4F	4211	216	27
4F	4213	226	308
4F	4216	226	308
4F	4217	226	308
4F	4219	29	322
4F	421A	29	322
4F	421D	29	322
4F	4220	29	322
4F	4221	29	322
4F	4224	29	322
4F	4226	197	308
4F	4229	197	308
4F	422A	197	308
4F	422D	468	27
4F	4230	468	27
4F	4261	468	27
4F	4264	468	27
4F	4267	468	27
4F	4269	468	27
4F	426A	468	27
4F	426B	468	27
4F	426E	468	27
4F	426F	468	27
4F	4272	468	27
4F	4273	29952	27
4F	4274	29952	27
4F	4275	29952	27
4F	4276	29952	27
4F	4277	29952	27
4F	4278	29952	27
4F	427A	468	27
4F	427B	468	27
4F	427C	468	27
4F	427F	29952	27
4F	4282	29952	27
4F	4283	29952	27
4F	4284	29952	27
4F	4287	29952	27
4F	4288	29952	27
4F	428A	468	28
4F	428C	468	28
4F	428D	468	28
4F	42B4	25	27
4F	42B6	25	27
4F	42B8	25	27
4F	42B9	25	27
4F	42BB	25	27
4F	42BD	25	27
4F	42BF	25	27
4F	42C1	25	27
4F	42C4	25	27
4F	42C7	25	27
4F	42CA	25	27
4F	42CD	25	27
4F	42CF	25	27
4F	42D2	25	27
4F	42D5	25	27
4F	42D7	25	27
4F	42DA	25	27
4F	42DD	25	28
4F	42E0	225	28
4F	42E3	225	29
4F	42E6	225	29
4F	42EC	225	29
4F	42ED	225	29
4F	42F0	225	29
4F	42F3	225	30
4F	42F5	25	43
4F	42F7	25	43
4F	42F8	25	43
4F	42FA	25	43
4F	42FC	25	43
4F	42FE	25	43
4F	42FF	1	331
4F	4301	1	331
4F	4303	1	331
4F	4304	1	331
4F	4306	1	331
4F	4308	1	331
4F	430A	1	331
4F	430C	1	331
4F	430F	1	331
4F	4312	1	331
4F	4315	1	331
4F	4318	1	331
4F	431A	1	331
4F	431D	1	331
4F	4320	1	331
4F	4322	1	331
4F	4325	1	331
4F	4328	1	332
4F	432B	17	332
4F	432E	17	333
4F	4331	17	333
4F	4337	17	333
4F	4338	17	333
4F	433B	17	333
4F	433E	17	334
4F	4340	1	363
4F	4342	1	363
4F	4343	1	363
4F	4345	1	363
4F	4347	1	363
4F	4349	1	363
4F	4370	26	308
4F	4372	26	308
4F	4374	26	308
4F	4375	26	308
4F	4377	26	308
4F	4379	26	308
4F	437B	26	308
4F	437D	26	308
4F	4380	26	308
4F	4383	26	308
4F	4386	26	308
4F	4389	26	308
4F	438B	26	308
4F	438E	26	308
4F	4391	26	308
4F	4393	26	308
4F	4396	26	308
4F	4399	208	309
4F	439C	208	310
4F	439F	208	310
4F	43A5	208	310
4F	43A6	208	310
4F	43A9	208	310
4F	43AC	208	311
4F	43AE	26	323
4F	43B0	26	323
4F	43B1	26	323
4F	43B3	26	323
4F	43B5	26	323
4F	43B7	26	323
4F	45C6	5	2640
4F	45C8	5	2640
4F	45CA	5	2640
4F	45CB	5	2640
4F	45CD	5	2640
4F	45CF	5	2640
4F	45D1	5	2640
4F	45D3	16	2640
4F	45D6	16	2640
4F	45D7	256	2640
4F	45D8	256	2640
4F	45DA	256	2640
4F	45DB	256	2640
4F	45DC	256	2640
4F	45DE	256	2640
4F	45DF	256	2640
4F	45E0	256	2640
4F	45E1	256	2640
4F	45E2	256	2640
4F	45E4	3	2640
4F	45E6	256	2640
4F	45E7	256	2640
4F	45E8	256	2640
4F	45EA	16	2640
4F	45EB	16	2640
4F	45EC	16	2640
4F	45EE	16	2640
4F	45EF	16	2640
4F	45F1	16	2640
4F	45F2	16	2640
4F	45F3	16	2640
4F	45F5	16	2640
4F	45F6	16	2640
4F	45F7	16	2640
4F	45F8	16	2640
4F	45FA	5	2640
4F	45FC	5	2640
4F	45FD	5	2640
4F	45FF	5	2640
4F	4601	5	2640
4F	4603	5	2640
4F	4717	1	8
4F	4718	1	8
4F	4719	1	8
4F	471A	1	8
4F	471C	1	8
4F	471E	1	8
4F	4720	1	8
4F	4722	1	8
4F	4724	1	8
4F	4726	1	8
4F	4728	1	8
4F	472A	1	8
4F	472C	1	8
4F	472E	1	8
4F	4731	1	8
4F	4734	1	8
4F	4735	1	8
4F	4738	1	8
4F	473B	1	8
4F	473E	1	8
4F	473F	1	8
4F	4742	1	8
4F	4744	1	8
4F	4746	1	8
4F	4749	1	8
4F	474C	1	8
4F	474D	1	8
4F	4750	1	10
4F	4752	1	10
4F	4754	6	10
4F	4755	6	10
4F	4757	6	10
4F	475A	6	10
4F	475D	6	10
4F	475E	6	10
4F	4761	6	11
4F	4762	6	11
4F	4763	6	11
4F	4765	1	14
4F	4766	1	14
4F	4768	1	14
4F	476A	1	14
4F	476D	1	14
4F	4770	1	14
4F	4771	1	14
4F	4774	1	15
4F	4776	1	15
4F	4778	1	15
4F	477A	1	15
4F	477C	1	15
4F	477E	1	15
4F	4780	1	16
4F	4783	1	16
4F	4786	1	16
4F	4789	1	16
4F	478A	1	16
4F	478D	1	16
4F	4793	1	16
4F	4796	1	16
4F	4798	1	16
4F	479A	1	16
4F	479B	1	16
4F	479D	1	16
4F	479F	1	16
4F	47A1	1	16
4F	47A2	1	16
4F	47A3	1	17
4F	47A4	1	17
4F	47A5	1	17
4F	47A7	1	17
4F	47A9	1	17
4F	47AC	1	17
4F	47AF	1	17
4F	47B2	1	17
4F	47B5	1	17
4F	47B6	1	17
4F	47B9	1	17
4F	47BC	1	17
4F	47BF	1	17
4F	47C0	1	17
4F	47C3	1	17
4F	47C6	1	17
4F	47C7	1	17
4F	47C8	1	17
4F	47CB	1	17
4F	47CE	1	17
4F	47D1	1	17
4F	47D2	1	17
4F	47D4	1	17
4F	47D6	1	17
4F	47D8	1	17
4F	47D9	1	17
4F	47DA	1	17
4F	47DC	1	17
4F	47DE	6	17
4F	47DF	6	17
4F	47E1	6	17
4F	47E2	6	17
4F	47E5	6	17
4F	47E8	6	17
4F	47EB	6	18
4F	47EE	6	18
4F	47EF	6	18
4F	47F0	6	18
4F	47F2	1	22
4F	47F3	1	22
4F	47F6	1	22
4F	47FC	1	22
51	404A	2	6860
51	404D	2	6861
51	404F	2	6861
51	4051	2	6861
51	4053	2	6861
51	4054	2	6861
51	4056	2	6861
51	4058	2	6861
51	405A	2	6861
51	405C	2	6861
51	405E	2	6861
51	4060	2	6861
51	4066	2	6861
51	4069	2	6861
51	406C	2	6861
51	406D	2	6861
51	4070	2	6861
51	4073	2	6861
51	4075	2	6861
51	4077	2	6861
51	407A	2	6861
51	407D	2	6861
51	407F	2	6861
51	4081	2	6861
51	4083	2	6861
51	4089	2	6862
51	408C	2	6862
51	408F	2	6862
51	4091	2	6862
51	4093	2	6862
51	4095	2	6862
51	409B	2	6863
51	409E	2	6863
51	40A1	2	6863
51	40A4	2	6863
51	40A6	2	6863
51	40AC	2	6863
51	40AF	2	6863
51	40B2	2	6863
51	40B5	2	6863
51	40B7	2	6863
51	40BD	2	6863
51	4105	2	6863
51	4108	2	6863
51	4109	2	6863
51	410B	2	6863
51	410D	2	6863
51	4110	2	6863
51	4117	2	6863
51	4119	2	6863
51	411C	2	6863
51	411E	2	6863
51	4120	2	6863
51	4123	2	6863
51	4128	2	6863
51	4129	2	6863
51	412B	2	6863
51	412E	2	6863
51	4131	2	6863
51	4134	2	6863
51	4137	2	6863
51	4138	2	6863
51	413B	2	6863
51	413E	2	6863
51	4140	2	6863
51	4142	2	6863
51	4145	2	6863
51	414A	2	6863
51	414C	2	6863
51	414D	2	6863
51	414F	2	6863
51	4150	2	6863
51	4152	2	6863
51	4155	2	6863
51	4158	2	6863
51	4159	2	6863
51	415C	2	6863
51	415E	2	6863
51	4161	2	6864
51	4167	2	6864
51	416D	2	6880
51	4170	2	6880
51	4172	2	6880
51	4174	2	6880
51	4176	2	6880
51	4177	2	6880
51	4179	2	6880
51	417B	2	6880
51	417E	2	6880
51	4181	2	6880
51	4182	2	6880
51	4184	2	6880
51	4196	2	6880
51	4197	2	6880
51	4199	1434	6880
51	419F	1434	6880
51	41A2	1434	6881
51	41A8	1434	6881
51	41AE	1434	6881
51	41BB	2	8254
51	41C7	2	8254
51	41CD	2	8269
51	41D3	2	8269
51	41D5	2	8269
51	41D7	2	8269
51	41D8	6	6863
51	41D9	6	6863
51	41DA	6	6863
51	41DC	6	6863
51	41DE	6	6863
51	41DF	6	6863
51	41E1	6	6863
51	41E3	6	6863
51	41E4	6	6863
51	41F3	6	6863
51	41F4	6	6863
51	41F5	6	6863
51	41F6	6	6863
51	41F7	6	6863
51	41F8	6	6863
51	41F9	6	6863
51	41FA	6	6863
51	41FB	6	6863
51	41FC	6	6863
51	41FD	6	6863
51	41FE	4	6863
51	41FF	4	6863
51	4200	4	6863
51	4201	4	6863
51	4202	4	6863
51	4203	4	6863
51	4205	4	6863
51	4206	4	6863
51	4208	4	6863
51	420A	4	6863
51	420B	4	6863
51	420C	4	6863
51	420D	4	6863
51	420E	4	6863
51	4211	4	6863
51	4212	4	6863
51	4214	4	6863
51	4215	4	6863
51	4218	4	6863
51	4219	4	6863
51	421A	4	6863
51	421B	4	6863
51	421E	4	6863
51	421F	4	6863
51	4221	4	6863
51	4222	4	6863
51	4223	4	6863
51	4224	4	6863
51	4239	4	6860
51	423A	4	6860
51	423D	4	6860
51	423E	4	6860
51	423F	4	6860
51	4240	4	6860
51	4241	4	6860
51	4242	4	6860
51	4243	4	6860
51	4244	4	6860
51	4245	2	5790
51	4246	2	5790
51	4249	2	5790
51	424C	2	5790
51	424F	2	5790
51	4252	2	5790
51	4255	2	5790
51	4258	2	5790
51	425B	2	5790
51	425E	2	5790
54	4000	7	6275
54	4002	7	6275
54	4005	7	6275
54	4008	7	6275
54	4009	7	6275
54	400A	7	6275
54	400B	7	6275
54	400C	7	6275
54	400D	7	6275
54	4010	7	6275
54	403D	2	5809
54	403F	2	5809
54	4042	2	5809
54	4044	2	5809
54	4047	2	5809
54	4048	2	5809
54	404B	2	5809
54	404E	2	5809
54	404F	2	5809
54	4050	2	5809
54	4051	2	5809
54	4054	2	5809
54	4056	2	5809
54	405C	2	5809
54	405D	478	5913
54	4060	478	5913
54	4062	478	5913
54	4064	478	5913
54	4066	478	5913
54	4068	470	5913
54	406A	470	5913
54	4071	8	5956
54	4074	8	5956
54	4075	8	5956
54	4076	8	5956
54	4077	8	5956
54	4079	6	6117
54	407A	6	6117
54	407C	4	6118
54	407D	4	6118
54	407F	2	6151
54	4080	2	6151
54	4086	2	5956
54	4089	2	5956
54	408B	2	5956
54	4091	2	5956
54	4093	2	5956
54	4094	2	6117
54	4097	2	6117
54	4099	2	6117
54	409F	2	6117
54	40A2	2	6117
54	40A4	2	6117
54	40A5	2	6117
54	40A7	2	6117
54	40B7	2	6118
54	40BA	2	6118
54	40BB	2	6118
54	4102	2	6118
54	4103	2	6118
54	4106	2	6118
54	410C	2	6118
54	410F	2	6118
54	4115	2	6118
54	4118	2	6118
54	411E	2	6118
54	4121	2	6118
54	4127	2	6118
54	4129	2	6118
54	412C	2	6118
54	4132	2	6118
54	4134	2	6118
54	4135	2	6151
54	4138	2	6151
54	4139	2	6151
54	413A	2	6151
54	4141	2	6117
54	4142	2	6117
54	4145	2	6117
54	4147	2	6117
54	414A	2	6117
54	414D	2	6117
54	4153	2	6117
54	4156	2	6117
54	4158	2	6117
54	4176	2	6117
54	4178	2	6117
54	417B	2	6117
54	417D	2	6117
54	4180	2	6117
54	4183	2	6117
54	4185	2	6117
54	418B	2	6117
54	418C	2	6576
54	418E	2	6576
54	4191	2	6576
54	4193	2	6576
54	4196	2	6576
54	4197	2	6576
54	419A	2	6576
54	419C	2	6576
54	41A2	2	6576
54	41A3	296	6577
54	41A6	296	6577
54	41A8	296	6577
54	41AA	296	6577
54	41AC	296	6577
54	41AE	294	6577
54	41B0	294	6577
54	41B7	2	6724
54	41B9	2	6724
54	41BF	2	6724
54	41C2	2	6724
54	41C3	2	6724
54	41C4	2	6724
54	423C	2	6724
54	423E	2	6724
54	4241	2	6724
54	4243	2	6724
54	4246	2	6724
54	4247	2	6724
54	424A	2	6724
54	424D	2	6724
54	424F	2	6724
54	425A	2	6724
54	425D	2	6724
54	425F	2	6724
54	4261	2	6724
54	4262	2	6724
54	4265	2	6724
54	4266	2	6725
54	4269	2	6725
54	426B	2	6725
54	426D	2	6725
54	426F	2	6725
54	427A	2	6725
54	427C	2	6725
54	4282	2	6725
54	4285	2	6725
54	4286	2	6725
54	4287	2	6725
54	44AC	163	6276
54	44AF	163	6276
54	44B0	163	6276
54	44B2	163	6276
54	44B5	163	6276
54	44B6	163	6276
54	44B9	163	6276
54	44BA	163	6276
54	44BC	163	6276
54	44BD	163	6276
54	44C1	163	6276
54	44C2	163	6276
54	485C	2	6275
54	485F	2	6275
54	4861	2	6275
54	4864	2	6275
54	4866	2	6275
54	4869	2	6275
54	486A	2	6275
54	486D	2	6275
54	4870	2	6275
54	4873	2	6275
54	4879	2	6275
54	487C	2	6275
54	4882	2	6275
54	4885	2	6275
54	4887	2	6275
54	4889	2	6275
54	488C	2	6275
54	488E	2	6275
54	4894	2	6275
54	489B	56	6276
54	489E	56	6276
54	48A4	56	6278
54	48A7	56	6278
54	48A9	56	6278
54	48AB	56	6278
54	48AD	56	6278
54	48AF	52	6278
54	48B1	52	6278
54	48B8	4	6298
54	48BB	4	6298
54	48BC	4	6298
54	48BD	4	6298
54	48BE	4	6298
54	48C0	2	6304
54	48C1	2	6304
54	48F9	2	6298
54	48FB	2	6298
54	48FE	2	6298
54	4904	2	6298
54	4906	2	6298
54	4907	2	6304
54	490A	2	6304
54	490B	2	6304
54	490C	2	6304
54	490F	2	6304
54	4910	2	6304
54	4911	2	6304
54	4912	2	6304
54	4913	2	6304
54	5386	5	6306
54	5387	5	6306
54	5391	5	6306
54	5397	5	6306
54	5398	5	6306
54	539B	5	6306
54	539C	5	6306
54	539D	5	6306
54	53A0	5	6306
54	53A1	5	6306
54	53A4	5	6306
54	53A6	5	6306
54	53A9	5	6306
54	53AB	5	6306
54	53AE	5	6306
54	53AF	5	6306
54	53B2	5	6306
54	53B4	5	6306
54	53BA	5	6306
54	53BB	107	6306
54	53BC	107	6306
54	53C6	107	6306
54	53CC	107	6306
54	53CF	107	6306
54	53D2	107	6306
54	53D4	107	6306
54	53D6	107	6306
54	53D8	107	6306
54	53DA	102	6306
54	53DC	102	6306
54	53E3	5	6326
54	53E6	5	6326
54	53E7	5	6326
54	53E8	5	6326
57	4000	2	5037
57	4001	2	5037
57	4002	2	5037
57	4003	2	5037
57	4006	2	5037
57	4009	2	5037
57	400C	2	5037
57	4012	2	5037
57	4013	2	5037
57	4014	2	5037
57	4015	2	5037
57	4018	2	5037
57	4019	2	5037
57	401C	2	5037
57	401D	2	5037
57	4020	2	5037
57	4021	2	5037
57	4022	2	5037
57	4023	2	5037
57	4026	2	5037
57	4029	4	5037
57	402B	4	5037
57	402D	4	5037
57	402F	4	5037
57	4031	4	5037
57	4032	4	5037
57	4034	4	5037
57	4036	4	5037
57	4038	4	5037
57	403A	4	5037
57	403C	4	5037
57	403E	4	5037
57	4044	4	5037
57	4046	4	5037
57	4049	4	5037
57	404C	4	5062
57	404F	4	5062
57	4051	4	5062
57	4052	4	5062
57	4054	4	5062
57	4056	4	5062
57	4059	4	5062
57	405C	4	5062
57	405D	4	5062
57	405F	1422	5062
57	4062	1422	5063
57	4063	1422	5063
57	4065	1418	5063
57	4068	4	5655
57	406B	4	5670
57	4071	4	5670
57	4074	4	5670
57	4075	4	5670
57	4077	4	5670
57	4079	4	5670
57	407B	2	5670
57	407D	2	5670
57	4082	2	5670
57	4085	2	5670
57	4087	2	5670
57	408A	2	5670
57	4096	2	5775
57	409C	2	5790
57	409F	2	5790
57	40A0	2	5790
57	40A3	2	5790
57	40A4	2	5790
57	40A7	2	5790
57	40A8	2	5790
57	40A9	2	5790
57	40AA	2	5790
57	40AB	2	5790
57	40AE	2	5790
57	40B1	2	5790
57	40B2	2	5790
57	40B5	2	5790
57	40B6	2	5790
57	40B7	2	5790
57	40BA	2	5790
57	40BB	2	5790
57	40BC	2	5790
57	40BF	2	5790
57	40C2	2	5790
57	40C3	8	5790
57	40C4	8	5790
57	40C5	8	5790
57	40C6	8	5790
57	40C9	8	5790
57	40CF	8	5790
57	40D0	8	5790
57	40D2	2	5790
57	40D4	2	5790
57	40D7	2	5790
57	40DD	2	5790
57	40DF	2	5790
57	40E0	1422	5062
57	40E3	1422	5062
57	40E5	1422	5062
57	40E8	1422	5062
57	40EE	1422	5062
57	40F1	1422	5063
57	40F7	1422	5063
57	40FD	1422	5063
57	40FF	1422	5063
57	4100	1422	5063
57	4101	6	5655
57	4102	6	5655
57	4105	6	5655
57	4107	6	5655
57	4109	6	5655
57	410C	6	5655
57	410E	6	5655
57	4111	3	5760
57	4114	3	5760
57	4116	3	5760
57	4119	3	5760
57	411B	3	5760
57	411E	3	5760
57	4121	3	5760
57	4123	3	5760
57	41CA	3	5655
57	41CC	3	5655
57	41CE	3	5655
57	41D0	3	5655
57	41D2	3	5655
57	41D4	3	5655
57	41D6	3	5655
57	41D8	1	11042
57	41DA	1	11042
57	41DC	1	11042
57	41DD	1	11042
57	41DE	2	5655
57	41E0	2	5655
57	41E3	2	5655
57	41E6	2	5655
57	41E8	2	5655
57	41EA	2	5655
57	41EC	2	5655
57	41EF	2	5655
57	41F2	2	5655
57	41F4	2	5655
57	41F5	2	5655
57	41F7	2	5655
57	41F9	2	5655
57	41FA	2	5655
57	41FD	2	5655
57	4443	3	5760
57	4445	3	5760
57	4447	3	5760
57	4449	1	11221
57	444B	1	11221
57	444D	1	11221
57	444F	1	11221
57	4451	1	11221
57	4452	1	11221
57	4453	2	5760
57	4455	2	5760
57	4458	2	5760
57	445A	2	5760
57	445D	2	5760
57	44E4	4	5062
57	44E7	4	5062
57	44E9	4	5062
57	44EB	4	5062
57	44EE	4	5062
57	44F0	4	5062
57	44F3	2	5698
57	44F6	2	5698
57	44F8	2	5698
57	44FB	2	5698
57	44FE	2	5698
57	4500	2	5698
57	4503	2	5698
57	4506	2	5698
57	4508	2	5698
57	4511	2	5062
57	459A	2	5698
57	459C	2	5698
57	459F	2	5698
57	45A2	2	5698
57	45A5	2	5698
57	45A6	2	5698
57	45A9	2	5698
57	45AC	8	5698
57	45AE	8	5698
57	45B1	8	5698
57	45B3	8	5698
57	45B4	8	5698
57	45B5	8	5698
57	45B6	8	5698
57	45B8	2	5698
57	45BB	2	5700
57	45E6	4	5655
57	45E9	4	5655
57	45EC	4	5655
57	45ED	4	5655
57	45F0	4	5655
57	45F3	4	5655
57	45F4	4	5655
57	45F6	4	5655
57	45F8	4	5655
57	45FB	4	5655
57	45FD	4	5655
57	4600	2	5760
57	4603	2	5760
57	4605	2	5760
57	4608	2	5760
57	460B	2	5760
57	460D	2	5760
57	4610	2	5760
57	4613	2	5760
57	4615	2	5760
57	4668	2	5655
57	466B	2	5655
57	466C	2	5655
57	466E	2	5655
57	4674	2	5670
57	4677	2	5670
57	467A	2	5670
57	467D	2	5670
57	4771	2	5760
57	4774	2	5760
57	4776	2	5760
57	4777	2	5760
57	477D	2	5775
57	47A6	4	5037
57	47A9	4	5037
57	47AB	4	5037
57	47AD	4	5037
57	47B0	4	5037
57	47B2	4	5037
57	47B5	2	5670
57	47B8	2	5670
57	47BA	2	5670
57	47BD	2	5670
57	47C0	2	5670
57	47C2	2	5670
57	47C5	2	5670
57	47C8	2	5670
57	47CA	2	5670
57	47D1	2	5037
57	47D4	2	5037
57	47D7	2	5037
57	47D9	2	5037
57	47DB	2	5037
57	47DD	2	5037
57	47E3	2	5038
57	47E6	2	5038
57	47E9	2	5038
57	47EB	2	5038
57	47ED	2	5038
57	47EF	2	5038
57	47F5	2	5039
57	47F8	2	5039
57	47FB	2	5039
57	47FE	2	5039
57	4800	2	5039
57	4806	2	5039
57	4809	2	5039
57	480C	2	5039
57	480F	2	5039
57	4811	2	5039
57	4817	2	5039
57	481A	2	5039
57	481D	2	5039
57	481F	2	5039
57	4821	2	5039
57	4827	2	5039
57	482A	2	5039
57	482D	2	5039
57	4830	2	5039
57	4832	2	5039
57	4835	2	5039
57	4838	2	5039
57	483B	2	5039
57	4841	2	5039
57	4843	2	5039
57	4846	2	5039
57	4849	2	5039
57	484C	2	5039
57	4852	2	5039
57	4854	2	5039
57	4856	2	5039
57	4857	2	5039
57	4859	2	5039
57	485B	2	5039
57	485D	2	5039
57	485F	2	5039
57	4860	2	5039
57	4863	2	5039
57	4866	2	5039
57	4869	2	5039
57	486C	2	5039
57	486F	2	5039
57	4871	2	5039
57	4873	2	5039
57	4875	2	5039
57	487B	2	5040
57	487E	2	5040
57	4881	2	5040
57	4883	2	5040
57	4885	2	5040
57	4887	2	5040
57	488D	2	5041
57	488F	2	5041
57	4890	2	5041
57	4892	2	5041
57	4894	2	5041
57	4896	2	5041
57	4898	2	5041
57	489A	2	5041
57	489B	2	5041
57	489D	2	5041
57	489F	2	5041
57	48A1	2	5041
57	48A3	2	5041
57	48A4	2	5041
57	48A7	2	5041
57	48AA	2	5041
57	48AD	2	5041
57	48B0	2	5041
57	48B3	2	5041
57	48B6	2	5041
57	48B8	2	5041
57	48BA	2	5041
57	48BC	2	5041
57	48C2	2	5042
57	48C5	2	5042
57	48C8	2	5042
57	48CA	2	5042
57	48CC	2	5042
57	48CE	2	5042
57	48D4	2	5043
57	48D7	2	5043
57	48DA	2	5043
57	48DC	2	5043
57	48DE	2	5043
57	48E0	2	5043
57	48E6	2	5044
57	48E8	2	5044
57	48E9	2	5044
57	48EB	2	5044
57	48ED	2	5044
57	48EF	2	5044
57	48F2	2	5044
57	48F4	2	5044
57	48F6	2	5044
57	48F8	2	5044
57	48FB	2	5044
57	48FD	2	5044
57	4900	2	5044
57	4903	2	5044
57	4906	2	5044
57	4909	2	5044
57	490B	2	5044
57	4911	2	5044
57	4E4C	2	5670
57	4E4F	2	5670
57	4E52	2	5670
57	4E54	2	5670
57	4E56	2	5670
57	4E58	2	5670
57	4E5E	2	5671
57	4E61	2	5671
57	4E64	2	5671
57	4E66	2	5671
57	4E68	2	5671
57	4E6A	2	5671
57	4E70	2	5672
57	4E73	2	5672
57	4E76	2	5672
57	4E78	2	5672
57	4E7A	2	5672
57	4E7C	2	5672
57	4E82	2	5673
57	4E85	2	5673
57	4E88	2	5673
57	4E8B	2	5673
57	4E8D	2	5673
57	4E93	2	5673
57	4E96	2	5675
57	4E99	2	5675
57	4E9C	2	5675
57	4E9F	2	5675
57	4EA1	2	5675
57	4EA7	2	5675
57	4EA9	2	5675
57	4EAB	2	5675
57	4EAC	2	5675
57	4EAE	2	5675
57	4EB0	2	5675
57	4EB2	2	5675
57	4EB4	2	5675
57	4EB5	2	5675
57	4EB8	2	5675
57	4EBB	2	5675
57	4EBE	2	5675
57	4EC1	2	5675
57	4EC4	2	5675
57	4EC6	2	5675
57	4EC8	2	5675
57	4ECA	2	5675
57	4ED0	2	5676
57	4ED3	2	5676
57	4ED6	2	5676
57	4ED8	2	5676
57	4EDA	2	5676
57	4EDC	2	5676
57	4EE2	2	5677
57	4EE4	2	5677
57	4EE5	2	5677
57	4EE7	2	5677
57	4EE9	2	5677
57	4EEB	2	5677
57	4EED	2	5677
57	4EEF	2	5677
57	4EF0	2	5677
57	4EF2	2	5677
57	4EF4	2	5677
57	4EF6	2	5677
57	4EF8	2	5677
57	4EF9	2	5677
57	4EFC	2	5677
57	4EFF	2	5677
57	4F02	2	5677
57	4F05	2	5677
57	4F08	2	5677
57	4F0B	2	5677
57	4F0D	2	5677
57	4F0F	2	5677
57	4F11	2	5677
57	4F17	2	5678
57	4F1A	2	5678
57	4F1D	2	5678
57	4F1F	2	5678
57	4F21	2	5678
57	4F23	2	5678
57	4F29	2	5679
57	4F2C	2	5679
57	4F2F	2	5679
57	4F31	2	5679
57	4F33	2	5679
57	4F35	2	5679
57	4F3B	2	5680
57	4F3D	2	5680
57	4F3E	2	5680
57	4F40	2	5680
57	4F42	2	5680
57	4F44	2	5680
57	4F46	2	5680
57	4F49	2	5680
57	4F4B	2	5680
57	4F4E	2	5680
57	4F50	2	5680
57	4F53	2	5680
57	4F56	2	5680
57	5077	4	5044
57	507A	4	5044
57	507D	4	5044
57	507F	4	5044
57	5081	4	5044
57	5083	4	5044
57	5089	4	5045
57	508C	4	5045
57	508F	4	5045
57	5092	4	5045
57	5094	4	5045
57	509A	4	5045
57	509C	4	5045
57	509F	4	5046
57	50A2	4	5046
57	50A4	4	5046
57	50A6	4	5046
57	50AC	4	5046
57	50B2	4	5062
57	510F	4	5673
57	5112	4	5673
57	5114	4	5673
57	5116	4	5673
57	5119	4	5673
57	511B	4	5673
57	511E	4	5673
57	5121	4	5673
57	5123	4	5673
57	5126	4	5673
57	5129	4	5673
57	512B	4	5673
57	512E	4	5673
57	5131	4	5673
57	5133	4	5673
57	5187	4	5673
57	518A	4	5673
57	518D	4	5673
57	5190	4	5673
57	5192	4	5673
57	5198	4	5673
57	519A	4	5673
57	519D	4	5673
57	51A0	4	5673
57	51A3	4	5673
57	51A9	4	5673
57	51BC	4	5673
57	51BF	4	5673
57	51C0	4	5673
57	51C2	2	5698
57	51C3	2	5698
57	51C4	2	5698
57	51C7	2	5698
57	51C9	8	5698
57	51CA	8	5698
57	51CB	8	5698
57	51CD	2	5698
57	51CE	2	5698
57	51D1	2	5698
57	51D2	8	5698
57	51D3	8	5698
57	51D4	8	5698
57	51D6	2	5698
57	51D7	2	5698
57	51DA	2	5698
57	51DC	8	5698
57	51DD	8	5698
57	51DE	8	5698
57	51E0	2	5698
57	51E1	2	5698
57	51E4	8	5698
57	51E5	8	5698
57	51E6	8	5698
57	51E8	4	5673
57	51EB	4	5673
57	51EE	4	5673
57	51F0	4	5673
57	51F2	4	5673
57	51F4	4	5673
57	51FA	4	5674
57	51FD	4	5674
57	5200	4	5674
57	5202	4	5674
57	5204	4	5674
57	5206	4	5674
57	520C	4	5675
57	546C	4	5655
57	546D	4	5655
57	5470	4	5655
57	5472	4	5655
57	5474	4	5655
57	5477	4	5655
57	5479	4	5655
57	547C	2	5760
57	547F	2	5760
57	5481	2	5760
57	5484	2	5760
57	5487	2	5760
57	5489	2	5760
57	548C	2	5760
57	548F	2	5760
57	5491	2	5760
57	54E4	2	5655
57	54E5	2	5655
57	54E6	2	5655
57	54E8	2	5655
57	54EA	2	5655
57	54EB	2	5655
57	54ED	2	5655
57	54EF	2	5655
57	54F2	2	5655
57	54F5	2	5655
57	54F6	2	5655
57	54F8	2	5655
57	55E0	2	5760
57	55E1	2	5760
57	55E2	2	5760
57	55E4	2	5760
57	55E6	2	5760
57	55E7	2	5760
57	55E9	2	5760
57	55EB	2	5760
57	55EE	2	5760
57	55F1	2	5760
57	55F2	2	5760
57	55F4	2	5760
65	4000	1	17
65	4003	1	22
65	4009	1	22
65	400F	1	22
65	4015	1	22
65	4016	1	22
65	4019	1	22
65	401C	1	22
65	401D	1	22
65	401E	1	22
65	4021	1	22
65	4022	1	22
65	4023	1	22
65	4024	1	22
65	4025	1	22
65	4026	1	22
65	4029	1	22
65	402F	1	324
65	4030	1	324
65	4032	1	324
65	4033	1	324
65	4035	1	324
65	4037	1	324
65	4038	1	324
65	4039	1	324
65	403A	1	324
65	403B	1	324
65	4078	1	324
65	407E	1	324
65	407F	1	324
65	4081	1	324
65	4082	1	324
65	4084	1	324
65	4086	1	324
65	4087	1	324
65	4088	1	324
65	4089	1	324
65	408A	1	324
65	408B	1	324
65	416C	1	324
65	4172	1	326
65	4174	1	326
65	4176	1	326
65	417C	1	326
65	417D	1	326
65	417F	1	326
65	4185	1	327
65	4186	1	327
65	4188	1	327
65	41A7	1	327
65	41A9	1	327
67	6369	1	23
67	636B	1	23
67	636D	1	23
67	6373	1	23
67	6379	1	23
67	637C	1	23
67	637F	1	23
67	6381	1	23
67	6383	1	23
67	6385	1	23
67	638B	1	24
67	638E	1	24
67	6391	1	24
67	6393	1	24
67	6395	1	24
67	6397	1	24
67	639D	1	25
67	63A0	1	25
67	63A3	1	25
67	63A5	1	25
67	63A7	1	25
67	63A9	1	25
67	63AF	1	26
67	63B2	1	26
67	63B5	1	26
67	63B8	1	26
67	63BA	1	26
67	63C0	1	26
67	63C3	1	26
67	63C6	1	26
67	63C9	1	26
67	63CB	1	26
67	63D1	1	26
67	63D4	1	26
67	63D7	1	26
67	63DA	1	26
67	63DC	1	26
67	63E2	1	26
67	63E5	1	26
67	63E8	1	26
67	63EA	1	26
67	63EC	1	26
67	63F2	1	26
67	63F5	1	26
67	63F8	1	26
67	63FB	1	26
67	63FD	1	26
67	6400	1	27
67	6401	1	22
67	6404	1	27
67	640A	1	43
67	640C	1	43
67	640D	1	43
67	640F	1	43
67	6411	1	43
67	6414	1	43
67	6417	1	43
67	6418	1	43
67	641A	1	43
67	641D	1	308
67	6423	1	323
67	6425	1	323
67	6426	1	323
67	6428	1	323
67	642A	1	323
67	642D	1	323
67	642E	1	323
67	6430	1	323
67	6433	1	324
67	6436	1	324
67	6437	1	22
67	6439	1	22
67	643B	1	22
67	6441	1	22
67	6447	1	23
67	644D	1	27
67	644E	1	43
67	644F	1	43
67	6452	265	43
67	6458	265	43
67	645B	265	44
67	645D	265	44
67	645F	265	44
67	6460	265	44
67	6462	265	44
67	6464	265	44
67	6466	265	44
67	6468	265	44
67	646B	265	44
67	646C	265	44
67	646E	265	44
67	646F	265	44
67	6471	265	44
67	6473	265	44
67	6475	265	44
67	6476	265	44
67	6477	265	44
67	6479	186	63
67	647B	186	63
67	647D	60	83
67	6480	60	83
67	6481	60	83
67	6483	3	83
67	6485	3	83
67	6486	3	83
67	6488	3	83
67	648A	3	83
67	648D	3	83
67	6490	3	83
67	6491	3	83
67	6493	3	83
67	6495	3	83
67	6498	3	83
67	649A	79	44
67	649B	79	44
67	649E	265	44
67	64A1	265	44
67	64A2	265	44
67	64A4	265	44
67	64A5	265	44
67	64A7	265	44
67	64A9	265	44
67	64AA	265	44
67	64AB	265	44
67	64AC	265	44
67	64AD	265	44
67	64B4	1	44
67	64B7	1	44
67	64BA	1	44
67	64BC	1	44
67	64BF	1	44
67	64C1	1	44
67	64C4	1	44
67	64C7	126	45
67	64CA	126	45
67	64CC	126	45
67	64CF	126	45
67	64D1	126	45
67	64D4	1	170
67	64D6	1	170
67	64D8	1	170
67	64DB	1	170
67	64DD	1	170
67	64DF	1	170
67	64E2	1	170
67	64E5	1	170
67	64E8	1	170
67	64EA	1	170
67	64ED	1	170
67	64EF	1	170
67	64F2	1	170
67	64F5	138	171
67	64F8	138	171
67	64FA	138	171
67	64FD	138	171
67	64FF	138	171
67	6502	1	308
67	6503	1	308
67	6505	1	308
67	6508	1	308
67	650A	1	308
67	650D	1	308
67	6513	1	308
67	6514	1	308
67	6516	1	308
67	6518	1	308
67	651C	1	308
67	651F	1	308
68	4010	2	5809
68	4011	2	5809
68	4014	2	5809
68	4017	2	5809
68	4018	2	5809
68	4019	2	5809
68	401C	2	5809
68	401D	2	5809
68	401E	2	5809
68	401F	2	5809
68	4020	2	5809
68	431A	1	308
68	431C	1	308
68	431E	1	308
68	4321	1	308
68	4323	1	308
68	4325	1	308
68	4326	1	308
68	4328	1	308
68	432A	1	308
68	432C	1	308
68	432F	1	308
68	4332	1	308
68	4334	1	308
68	4336	1	308
68	4339	1	308
68	433B	1	308
68	433D	1	308
68	4340	1	308
68	4342	1	308
68	4345	1	308
68	4348	1	308
68	434A	1	308
68	434C	1	308
68	434F	1	308
68	4350	1	308
68	4352	1	308
68	4354	1	308
68	4355	1	308
68	4357	1	308
68	435A	1	308
68	435C	1	308
68	435D	1	308
68	435F	1	308
68	4362	1	308
68	4364	1	308
68	4469	2	6118
68	446A	2	6118
68	446B	2	6118
68	446C	2	6118
68	446D	2	6118
68	44D0	2	6117
68	44D2	2	6117
68	44D4	2	6117
68	44D5	2	6117
68	44D7	2	6117
68	44D9	2	6117
68	44DB	2	6117
68	44DE	2	6117
68	44E0	2	6117
68	44E2	2	6117
68	44E5	2	6117
68	44E8	2	6117
68	44EA	2	6117
68	44EB	2	6117
68	44ED	2	6117
68	44EE	2	6117
68	44F0	2	6117
68	44F3	2	6117
68	44F5	2	6117
68	44F6	2	6117
68	44F8	2	6117
68	459A	1	308
68	459C	1	308
68	459E	1	308
68	45A1	1	308
68	45A3	1	308
68	45A5	1	308
68	45A6	1	308
68	45A8	1	308
68	45AA	1	308
68	45AC	1	308
68	45AF	1	308
68	45B2	1	308
68	45B5	1	308
68	45B7	190	308
68	45B8	190	308
68	45B9	190	308
68	45BA	190	308
68	45BC	190	308
68	45BD	190	308
68	45BE	190	308
68	45BF	190	308
68	45C1	1	308
68	45C2	1	308
68	45C3	1	308
68	45C4	1	308
68	45C5	1	308
68	45C6	1	308
68	45C8	1	308
68	45C9	1	308
68	45CA	1	308
68	45CC	1	308
68	45CE	1	308
68	45CF	1	308
68	45D1	1	308
68	45D4	1	308
68	45D6	1	308
68	45D7	1	308
68	45D9	1	308
68	45DC	1	308
68	45DE	1	308
68	4870	1	324
68	4873	1	324
68	4874	1	324
68	4876	1	324
68	4877	1	324
68	4879	1	324
68	487B	1	324
68	487C	1	324
68	487D	1	324
68	487E	1	324
68	487F	1	324
68	4880	1	324
68	4883	1	324
68	4885	1	324
68	4887	1	324
68	4888	1	324
68	488A	1	324
68	488C	1	324
68	488E	1	324
68	488F	1	324
68	4891	1	324
68	4893	1	324
68	4895	1	324
68	4898	1	324
68	489A	1	324
68	489C	1	324
68	489F	1	324
68	48A0	1	324
68	48A1	1	324
68	48A3	1	324
68	48A4	1	324
68	48A6	1	324
68	48A9	1	324
68	48AB	1	324
68	48AD	1	324
68	48AE	1	324
68	48B0	1	324
68	48B3	1	324
68	48B5	1	324
68	48B6	1	324
68	48B8	1	324
68	48BA	1	324
68	48BC	1	324
68	48BE	1	324
68	48C0	1	324
68	48C2	1	324
68	48CE	1	324
68	48D0	1	324
68	48DE	1	324
68	48E1	1	324
68	48E4	1	324
68	48E5	1	324
68	48ED	1	324
68	48F0	1	324
68	48F2	1	324
68	4950	1	324
68	4952	1	324
68	4954	1	324
68	4955	1	324
68	4957	1	324
68	4959	1	324
68	495B	1	324
68	495E	1	324
68	4960	1	324
68	4962	1	324
68	4963	1	324
68	4965	1	324
68	4967	1	324
68	4969	1	324
68	496C	1	324
68	496D	1	324
68	4970	1	324
68	4973	1	324
68	4974	1	324
68	4975	1	324
68	4976	1	324
68	4977	1	324
68	4978	1	324
68	497A	1	324
68	497B	1	324
68	497C	1	324
68	497E	1	324
68	497F	1	324
68	4982	1	324
68	4984	1	324
68	4987	1	324
68	4988	1	324
68	498A	1	324
68	498C	1	324
68	49A0	1	324
68	49A2	1	324
68	49A3	1	324
68	49A5	1	324
68	49A8	1	324
68	49AA	1	324
68	49AC	1	324
68	49AD	1	324
68	49AF	1	324
68	49B2	1	324
68	49B4	1	324
68	49B5	1	324
68	49B6	1	324
68	49B8	1	324
68	49BA	1	324
68	49BB	1	324
68	49BD	1	324
68	49BF	1	324
68	49C1	1	324
68	49C4	1	324
68	49C6	1	324
68	49C8	1	324
68	49C9	1	324
68	49CB	1	324
68	49CD	1	324
68	49CF	1	324
68	49D2	1	324
68	49D5	1	324
68	49D8	1	324
68	49DB	1	324
68	49DC	1	324
68	49DD	1	324
68	49DE	1	324
68	49E1	1	324
68	49E4	1	324
68	49E7	1	324
68	49EA	1	324
68	49EC	1	324
68	49ED	1	324
68	49EF	1	324
68	49F2	1	324
68	49F4	1	324
68	49F6	1	324
68	49F7	1	324
68	49F9	1	324
68	49FC	1	324
68	49FE	1	324
68	49FF	2	324
68	4A02	508	324
68	4A03	508	324
68	4A04	508	324
68	4A05	508	324
68	4A07	508	324
68	4A08	508	324
68	4A09	508	324
68	4A0A	508	324
68	4A0B	508	324
68	4A0C	508	324
68	4A0E	2	324
68	4A0F	1	22
68	4A11	1	22
68	4A13	1	22
68	4A14	1	22
68	4A16	1	22
68	4A18	1	22
68	4A1A	1	22
68	4A1D	1	22
68	4A1F	1	22
68	4A21	1	22
68	4A22	1	22
68	4A24	1	22
68	4A26	1	22
68	4A28	1	22
68	4A2B	1	22
68	4A2C	1	22
68	4A2F	1	22
68	4A32	1	22
68	4A35	1	22
68	4A37	1	22
68	4A38	1	22
68	4A3A	1	22
68	4A3D	1	22
68	4A3F	1	22
68	4A41	1	22
68	4A42	1	22
68	4A44	1	22
68	4A47	1	22
68	4A49	1	22
69	40D1	1497	2649
69	40D4	1497	2649
69	40D6	1497	2649
69	40D7	1497	2649
69	414D	1497	2649
69	414E	1497	2649
69	4151	1497	2649
72	4015	2	2637
72	401B	2	2649
72	4021	2	3294
72	4027	2	3300
72	4029	2	3300
72	402A	3	2637
72	402B	3	2637
72	402D	3	2637
72	4030	3	2637
72	4031	3	2637
72	4032	3	2637
72	4033	3	2637
72	4034	3	2637
72	4035	3	2637
72	4037	3	2637
72	4038	3	2637
72	4039	3	2637
72	403A	3	2637
72	403B	3	2637
72	403C	3	2637
72	403E	3	2637
72	4040	3	2637
72	4041	3	2637
72	4043	3	2637
72	4044	3	2637
72	4046	3	2637
72	4048	3	2637
72	404A	3	2637
72	404B	3	2637
72	404C	3	2637
72	404E	3	2637
72	4051	1	11842
72	4057	1	11842
72	405D	1	11843
72	4060	1	11843
72	4063	1	11843
72	4065	1	11843
72	4067	1	11843
72	4069	1	11843
72	406F	1	11845
72	4072	1	11845
72	4075	1	11845
72	4078	1	11845
72	407A	1	11845
72	4080	1	11845
72	4083	1	11845
72	4086	1	11845
72	4089	1	11845
72	408B	1	11845
72	4091	1	11845
72	4094	1	11845
72	4097	1	11845
72	409A	1	11845
72	409C	1	11845
72	40A2	1	11845
72	40A4	1	11845
72	40A6	1	11845
72	40A7	1	11845
72	40A9	1	11845
72	40AB	1	11845
72	40AD	1	11845
72	40AF	1	11845
72	40B2	1	11846
72	40B5	1	11846
72	40BB	1	11846
72	40BC	1	11846
72	40BF	1	11846
72	40C1	1	11846
72	40C2	1	11846
72	40C4	1	11846
72	40C6	1	11846
72	40C8	1	11846
72	40CB	1	11846
72	40CE	1	11846
72	40D0	1	11846
72	40D2	1	11846
72	40D8	1	11846
72	40DB	1	11846
72	40DE	1	11846
72	40E0	1	11846
72	40E3	1	11846
72	40E5	1	11846
72	40E7	1	11846
72	40E9	1	11846
72	40EA	1	11846
72	40EB	1	11846
72	40EC	1	11846
72	40EF	1	11846
72	40F0	1	11846
72	40F2	1	11846
72	40F3	1	11846
72	40F6	1	11846
72	40F9	1	11846
72	40FB	1	11846
72	40FD	1	11846
72	40FF	1	11846
72	4102	1	11846
72	4105	1	11846
72	4106	1	11846
72	4109	1	11846
72	410C	1	11846
72	410F	1	11846
72	4112	1	11846
72	4118	1	11846
72	4119	1	11846
72	411C	1	11846
72	411F	1	11846
72	4122	1	11846
72	4124	1	11846
72	4126	1	11846
72	4128	1	11846
72	412E	1	11847
72	4131	1	11847
72	4134	1	11847
72	4136	1	11847
72	4138	1	11847
72	413A	1	11847
72	4140	1	11847
72	4143	1	11847
72	4146	1	11847
72	4148	1	11847
72	414A	1	11847
72	414C	1	11847
72	4152	1	11848
72	4154	1	11848
72	415A	1	11849
72	415C	1	11849
72	415E	1	11849
72	4160	1	11849
72	4163	1	11849
72	4166	1	11849
72	4169	1	11849
72	416C	1	11849
72	416F	1	11849
72	4172	1	11849
72	4175	1	11849
72	4178	1	11849
72	417B	1	11850
72	417D	1	11850
72	417F	1	11850
72	4181	1	11850
72	4182	1	11850
72	4185	1	11850
72	4187	1	11850
72	4189	1	11850
72	418B	1	11850
72	418D	1	11850
72	4190	1	11850
72	4196	1	11852
72	4198	1	11852
72	419B	1	11853
72	419E	1	11854
72	41A0	1	11854
72	41A2	1	11854
72	41A4	1	11854
72	41A5	1	11854
72	41A8	1	11854
72	41AA	1	11854
72	41AB	1	11854
72	41AD	1	11854
72	41AF	1	11854
72	41B2	1	11854
72	41B5	1	11854
72	41B6	1	11854
72	41B8	1	11854
72	41BB	1	11854
72	41BE	1	11854
72	41C1	1	11854
72	41C4	1	11854
72	41C6	1	11854
72	41C8	1	11854
72	41CE	1	11854
72	41D0	1	11854
72	41D1	1	11854
72	41D3	1	11854
72	41D5	1	11854
72	41D7	1	11854
72	41D8	2	2637
72	41DE	2	2637
72	41E4	2	2638
72	41E7	2	2638
72	41EA	2	2638
72	41EC	2	2638
72	41EE	2	2638
72	41F0	2	2638
72	41F6	2	2639
72	41F9	2	2639
72	41FC	2	2639
72	41FF	2	2639
72	4201	2	2639
72	4207	2	2639
72	420A	2	2639
72	420D	2	2639
72	4210	2	2639
72	4212	2	2639
72	4218	2	2639
72	421B	2	2639
72	421E	2	2639
72	4221	2	2639
72	4223	2	2639
72	4229	2	2639
72	422B	2	2639
72	422D	2	2639
72	422E	2	2639
72	4230	2	2639
72	4232	2	2639
72	4234	2	2639
72	4236	2	2639
72	4239	2	2640
72	423C	2	2640
72	4242	2	2640
72	4243	2	2640
72	4246	2	2640
72	4248	2	2640
72	4249	2	2640
72	424B	2	2640
72	424D	2	2640
72	424F	2	2640
72	4252	2	2640
72	4255	2	2640
72	4257	2	2640
72	4259	2	2640
72	425F	2	2640
72	4262	2	2640
72	4265	2	2640
72	4267	2	2640
72	426A	2	2640
72	426C	2	2640
72	426E	2	2640
72	4270	2	2640
72	4271	2	2640
72	4272	2	2640
72	4273	2	2640
72	4276	2	2640
72	4277	2	2640
72	4279	2	2640
72	427A	2	2640
72	427D	2	2640
72	4280	2	2640
72	4283	2	2640
72	4286	2	2640
72	4287	2	2640
72	428A	2	2640
72	428D	2	2640
72	4290	2	2640
72	4293	2	2640
72	4299	2	2640
72	429C	2	2640
72	429F	2	2640
72	42A2	2	2640
72	42A8	2	2640
72	42A9	2	2640
72	42AC	2	2640
72	42AF	2	2640
72	42B2	2	2640
72	42B4	2	2640
72	42B6	2	2640
72	42B8	2	2640
72	42BE	2	2640
72	42C1	2	2640
72	42C4	2	2640
72	42C6	2	2640
72	42C8	2	2640
72	42CA	2	2640
72	42D0	2	2641
72	42D1	2	2641
72	42D4	2	2641
72	42D7	2	2641
72	42D9	2	2641
72	42DB	2	2641
72	42DD	2	2641
72	42E3	2	2642
72	42E5	2	2642
72	42E7	2	2642
72	42E9	2	2642
72	42EC	2	2642
72	42EF	2	2642
72	42F0	2	2642
72	42F3	2	2642
72	42F6	2	2642
72	42F7	2	2642
72	42FA	2	2642
72	42FD	2	2642
72	42FF	2	2642
72	4301	2	2642
72	4303	2	2642
72	4309	2	2642
72	430C	2	2642
72	430F	2	2642
72	4311	2	2642
72	4313	2	2642
72	4315	2	2642
72	431B	2	2643
72	431D	2	2643
72	4323	2	2644
72	4325	2	2644
72	4327	2	2644
72	4329	2	2644
72	432C	2	2644
72	432F	2	2644
72	4332	2	2644
72	4335	2	2644
72	4338	2	2644
72	433B	2	2644
72	433E	2	2644
72	4341	2	2644
72	4344	2	2645
72	4346	2	2645
72	4348	2	2645
72	434A	2	2645
72	434B	2	2645
72	434E	2	2645
72	4350	2	2645
72	4352	2	2645
72	4354	2	2645
72	4356	2	2645
72	4359	2	2645
72	435F	2	2647
72	4361	2	2647
72	4364	2	2648
72	4367	2	2649
72	4369	2	2649
72	436B	2	2649
72	436D	2	2649
72	436E	2	2649
72	4371	2	2649
72	4373	2	2649
72	4374	2	2649
72	4376	2	2649
72	4378	2	2649
72	437B	2	2649
72	437E	2	2649
72	437F	2	2649
72	4381	2	2649
72	4384	2	2649
72	4387	2	2649
72	438A	2	2649
72	438D	2	2649
72	438F	2	2649
72	4391	2	2649
72	4397	2	2649
72	4399	2	2649
72	439A	2	2649
72	439C	2	2649
72	439E	2	2649
72	43A0	2	2649
72	43A7	3	2640
72	43B6	1	11846
72	43B9	1	11846
72	43BC	1	11846
72	43BE	1	11846
72	43C0	1	11846
72	4407	2	2640
72	440A	2	2640
72	440D	2	2640
72	4410	2	2640
72	441B	2	2640
72	441D	2	2640
72	441F	2	2640
72	4422	2	2640
72	4424	2	2640
72	4425	2	2640
72	4426	2	2640
72	4427	2	2640
72	4428	2	2640
72	4429	2	2640
72	442A	2	2640
72	442B	2	2640
72	442C	2	2640
72	442D	2	2640
72	442E	2	2640
72	4431	2	2640
72	4432	2	2640
72	4433	2	2640
72	4435	2	2640
72	4436	2	2640
72	4437	2	2640
72	4438	2	2640
72	4439	2	2640
72	443A	2	2640
72	443B	2	2640
72	443C	2	2640
72	443F	2	2640
72	4440	2	2640
72	4442	2	2640
72	4443	2	2640
72	4444	2	2640
72	4445	2	2640
72	4446	2	2640
72	4449	2	2640
72	444A	2	2640
72	444B	2	2640
72	444C	2	2640
72	444D	2	2640
72	444E	2	2640
72	444F	3	3294
72	4452	3	3294
72	4455	3	3294
72	4457	3	3294
72	445A	1	11914
72	445C	1	11914
72	445E	1	11914
72	445F	1	11914
72	4461	1	11914
72	4463	1	11914
72	4465	1	11914
72	4467	1	11914
72	446A	1	11914
72	446D	1	11914
72	4470	1	11914
72	4473	1	11914
72	4476	1	11914
72	4479	1	11914
72	447C	1	11914
72	447F	1	11914
72	4481	1	11914
72	4487	1	11915
72	448A	1	11915
72	448D	1	11915
72	448F	1	11915
72	4492	1	11915
72	4495	1	11916
72	4497	1	11916
72	4499	1	11916
72	449B	1	11916
72	449C	1	11916
72	449F	1	11916
72	44A5	1	11916
72	44A7	1	11916
72	44AA	1	11917
72	44AC	1	11917
72	44AE	1	11917
72	44B0	1	11917
72	44B2	1	11917
72	44B5	1	11917
72	44BB	1	11919
72	44BE	1	11920
72	44C0	1	11920
72	44C2	1	11920
72	44C4	1	11920
72	44C5	1	11920
72	44C8	1	11920
72	44CB	1	11920
72	44CE	1	11920
72	44D1	1	11920
72	44D2	1	11920
72	44D5	1	11920
72	44D6	1	11920
72	44DC	1	11920
72	44DE	1	11920
72	44DF	1	11920
72	44E1	1	11920
72	44E3	1	11920
72	44E5	1	11920
72	44E6	2	3294
72	44E8	2	3294
72	44EA	2	3294
72	44EB	2	3294
72	44ED	2	3294
72	44EF	2	3294
72	44F1	2	3294
72	44F3	2	3294
72	44F6	2	3294
72	44F9	2	3294
72	44FC	2	3294
72	44FF	2	3294
72	4502	2	3294
72	4505	2	3294
72	4508	2	3294
72	450B	2	3294
72	450D	2	3294
72	4513	2	3295
72	4516	2	3295
72	4519	2	3295
72	451B	2	3295
72	451E	2	3295
72	4521	2	3296
72	4523	2	3296
72	4525	2	3296
72	4527	2	3296
72	4528	2	3296
72	452B	2	3296
72	4531	2	3296
72	4533	2	3296
72	4536	2	3297
72	4538	2	3297
72	453A	2	3297
72	453C	2	3297
72	453E	2	3297
72	4541	2	3297
72	4547	2	3299
72	454A	2	3300
72	454C	2	3300
72	454E	2	3300
72	4550	2	3300
72	4551	2	3300
72	4554	2	3300
72	4557	2	3300
72	455A	2	3300
72	455D	2	3300
72	455E	2	3300
72	4561	2	3300
72	4562	2	3300
72	4568	2	3300
72	456A	2	3300
72	456B	2	3300
72	456D	2	3300
72	456F	2	3300
72	4571	2	3300
72	4578	1497	2649
72	457E	1497	2649
72	4584	1497	2649
72	4587	1497	2650
72	458D	1497	2650
72	4593	1497	2650
72	45A0	1495	2650
72	45A3	1495	2650
72	45A5	1495	2650
72	45A7	1495	2650
72	45A9	1495	2650
72	45EA	2	3294
72	45EC	2	3294
72	45ED	2	3294
72	45EF	2	3294
72	45F1	2	3294
72	45F4	2	3294
72	45F7	2	3294
72	45F8	2	3294
72	45FA	2	3294
72	45FC	2	3294
72	45FD	2	3294
72	45FF	2	3294
72	472B	1	11842
72	472D	1	11842
72	472F	1	11842
72	4731	1	11842
72	4734	1	11842
72	4737	1	11842
72	473A	1	11842
72	473D	1	11842
72	4740	1	11842
72	4743	1	11842
72	4746	1	11842
72	4749	2	2637
72	474B	2	2637
72	474D	2	2637
72	474F	2	2637
72	4752	2	2637
72	4755	2	2637
72	4758	2	2637
72	475B	2	2637
72	475E	2	2637
72	4761	2	2637
72	4764	2	2637
72	4767	1	11916
72	4769	1	11916
72	476B	1	11916
72	476D	1	11916
72	4770	1	11916
72	4773	1	11916
72	4776	1	11916
72	4779	1	11916
72	477C	1	11916
72	477F	1	11916
72	4782	1	11916
72	4785	2	3296
72	4787	2	3296
72	4789	2	3296
72	478B	2	3296
72	478E	2	3296
72	4791	2	3296
72	4794	2	3296
72	4797	2	3296
72	479A	2	3296
72	479D	2	3296
72	47A0	2	3296
72	47A3	2	11848
72	47A4	2	11848
72	47A6	2	11848
72	47A8	2	11848
72	47AA	2	11848
72	47AB	2	11848
72	47AD	2	11848
72	47AF	2	11848
72	47B1	2	11848
72	47B2	2	11848
72	47B4	2	11848
72	47B5	2	11848
72	47B8	2	11848
72	47BA	2	11848
72	47BC	2	11848
72	47BF	2	11848
72	47C0	2	11848
72	47C3	2	11849
72	47C4	2	11849
72	47C6	2	11849
72	47C8	2	11849
72	47CB	2	11849
72	47CC	2	11849
72	47CF	2	11849
72	47D0	2	11849
72	47D3	2	11849
72	47D4	4	2643
72	47D5	4	2643
72	47D7	4	2643
72	47D9	4	2643
72	47DB	4	2643
72	47DC	4	2643
72	47DE	4	2643
72	47E0	4	2643
72	47E2	4	2643
72	47E3	4	2643
72	47E5	4	2643
72	47E6	4	2643
72	47E9	4	2643
72	47EB	4	2643
72	47ED	4	2643
72	47F0	4	2643
72	47F1	4	2643
72	47F4	4	2644
72	47F5	4	2644
72	47F7	4	2644
72	47F9	4	2644
72	47FC	4	2644
72	47FD	4	2644
72	4800	4	2644
72	4801	4	2644
72	4804	4	2644
72	4805	3	2637
72	4808	3	2638
72	480A	3	2638
72	480C	3	2638
72	480D	3	2638
72	480F	3	2638
72	4811	3	2638
72	4812	3	2638
72	4813	3	2638
72	4814	3	2638
72	4815	3	2638
72	4817	3	2638
72	4819	3	2638
72	481B	3	2638
72	481D	3	2638
72	481F	3	2638
72	4820	3	2638
72	4823	3	2638
72	4824	3	2645
72	4826	3	2645
72	4829	9	2645
72	482A	9	2645
72	482C	9	2645
72	482E	6	2645
72	4831	6	2645
72	4832	6	2645
72	4834	6	2645
72	4837	6	2645
72	4839	6	2645
72	483B	6	2645
72	483C	6	2645
72	483E	6	2645
72	4842	6	2645
72	4844	6	2645
72	4848	6	2645
72	484A	6	2645
72	484B	6	2645
72	484D	6	2645
72	484E	6	2645
72	484F	6	2645
72	4850	6	2645
72	4851	6	2645
72	4857	6	2645
72	485A	6	2646
72	485B	6	2646
72	485D	6	2646
72	485E	6	2646
72	4860	6	2646
72	4862	6	2646
72	4863	6	2646
72	4865	6	2646
72	4866	6	2646
72	4867	6	2646
72	4868	6	2646
72	486B	6	2646
72	486D	3	2647
72	486E	3	2647
72	4871	3	2647
72	4872	3	3297
72	4874	3	3297
72	4877	9	3297
72	4878	9	3297
72	487A	9	3297
72	487C	6	3297
72	487F	6	3297
72	4880	6	3297
72	4882	6	3297
72	4885	6	3297
72	4887	6	3297
72	4889	6	3297
72	488A	6	3297
72	488C	6	3297
72	4890	6	3297
72	4892	6	3297
72	4896	6	3297
72	4898	6	3297
72	4899	6	3297
72	489B	6	3297
72	489C	6	3297
72	489D	6	3297
72	489E	6	3297
72	489F	6	3297
72	48A5	6	3297
72	48A8	6	3298
72	48A9	6	3298
72	48AB	6	3298
72	48AC	6	3298
72	48AE	6	3298
72	48B0	6	3298
72	48B1	6	3298
72	48B3	6	3298
72	48B4	6	3298
72	48B5	6	3298
72	48B6	6	3298
72	48B9	6	3298
72	48BB	3	3299
72	48BC	3	3299
72	48BF	3	3299
75	4000	1855	170
75	4001	1855	170
75	4002	1855	170
75	4003	1855	170
75	4004	1855	170
75	4006	93	170
75	4007	127	6118
75	4008	127	6118
75	4009	127	6118
75	400A	127	6118
75	400B	114	6118
75	400C	114	6118
75	400D	114	6118
75	400F	18	5981
75	4010	18	5981
75	4012	18	5981
75	4013	18	5981
75	4014	180	5981
75	4015	180	5981
75	4016	180	5981
75	4017	180	5981
75	4019	164	5981
75	401A	164	5981
75	401B	164	5981
75	401C	164	5981
75	401E	2	6117
75	401F	2	6117
75	4020	18	5981
75	4021	18	5981
75	4022	18	5981
75	4023	18	5981
75	4024	18	5981
75	4025	18	5981
75	4027	18	5981
75	4028	18	5981
75	4029	82	44
75	402A	82	44
75	402D	82	44
75	402E	82	44
75	402F	82	44
75	4030	28	44
75	4031	28	44
75	4034	28	44
75	4036	28	44
75	4038	26	44
75	403A	26	44
75	403C	24	44
75	403E	24	44
75	4040	22	44
75	4041	22	44
75	4044	22	44
75	4047	28	44
75	4049	28	44
75	404A	28	44
75	404D	28	44
75	404E	28	44
75	404F	28	44
75	4052	28	44
75	4053	28	44
75	4054	28	44
75	4057	28	44
75	4058	28	44
75	4059	28	44
75	405C	28	44
75	405D	28	44
75	405E	28	44
75	4060	28	44
75	4061	28	44
75	4063	3	44
75	4065	3	44
75	4066	28	44
75	4069	28	44
75	406C	28	44
75	406D	28	44
75	406E	28	44
75	406F	28	44
75	40B4	109	44
75	40B5	109	44
75	40B6	109	44
75	40B9	109	44
75	40BA	109	44
75	40BD	109	44
75	40BE	109	44
75	40C1	109	44
75	40C2	109	44
75	40C3	109	44
75	40C5	109	44
75	40DA	109	44
75	40DB	109	44
75	40DC	8	44
75	40DD	8	44
75	40DF	8	44
75	40E0	8	44
75	40E1	8	44
75	40E4	8	44
75	40E5	8	44
75	40E6	8	44
75	40E7	8	44
75	40E9	8	44
75	40EB	8	44
75	40F9	8	44
75	40FA	8	44
75	40FC	8	44
75	40FE	8	44
75	40FF	8	44
75	4102	8	44
75	4105	8	44
75	4106	8	44
75	4109	8	44
75	410C	8	44
75	410E	8	44
75	4110	8	44
75	4111	8	44
75	4113	8	44
75	4114	8	44
75	4225	2	6725
75	4227	2	6725
75	422A	2	6725
75	422D	2	6725
75	422F	2	6725
75	4235	3	44
75	4238	3	44
75	4239	3	44
75	423A	3	44
75	423B	3	44
75	423C	3	44
75	423E	3	44
75	4240	3	44
75	4242	3	44
75	4244	3	44
75	4247	3	44
75	424A	3	44
75	424D	3312	44
75	424E	3312	44
75	424F	3312	44
75	4250	3312	44
75	4251	3312	44
75	4252	3312	44
75	4254	3	44
75	4257	3	44
75	4259	3	44
75	425C	3	44
75	425D	3	44
75	425E	3	44
75	4260	3	44
75	4261	3	44
75	4263	3	44
75	4264	3	44
75	4267	3	44
75	4268	3	44
75	4269	3	44
75	426A	3	44
75	426B	3	44
75	426E	3	44
75	426F	3	44
75	4270	3	44
75	4271	3	44
75	4272	3	44
75	4275	3	44
75	4277	3	44
75	427A	3	44
75	427D	3	44
75	427E	3	44
75	4280	3	44
75	4286	3	44
75	4288	3	44
75	428B	3	44
75	4329	1	170
75	432C	1	170
75	432E	1	170
75	4331	1	170
75	4333	1	170
75	4336	1	170
75	4339	1	170
75	433B	1	170
75	433E	1	170
75	433F	1	170
75	4341	1	170
75	4344	1	170
75	4347	1	170
75	4348	1	170
75	4349	1	170
75	434A	1	170
75	434B	1	170
75	434C	1	170
75	434D	1	170
75	434E	1	170
75	434F	1	170
75	4352	1	170
75	4353	1	170
75	4354	1	170
75	4355	1	170
75	4356	1	170
75	4359	1	170
75	435A	1	170
75	435D	1	170
75	4360	1	170
75	4362	1	170
75	4365	1	170
75	4368	1	170
75	436B	1	170
75	436C	1	170
75	436D	1	170
75	4370	1	170
75	4371	1	170
75	4372	1	170
75	4374	1	170
75	4376	1	170
75	437C	1	170
75	437E	1	170
75	437F	1	170
75	4380	1	170
75	4382	1	170
75	4385	1	170
75	4388	1	170
75	438A	1	170
75	438D	1	170
75	4390	8	44
75	4392	8	44
75	4393	8	44
75	4395	8	44
75	4396	8	44
75	4397	10	6118
75	4399	104	6118
75	439A	104	6118
75	439C	104	6118
75	439D	104	6118
75	439E	104	6118
75	43A0	10	6118
75	43A1	10	6118
75	43A2	10	6118
75	43A4	10	6118
75	43A6	10	6118
75	43B1	2	6118
75	43B4	2	6118
75	43B6	2	6118
75	43B9	2	6118
75	43BC	2	6118
75	43BE	2	6118
75	43C1	2	6118
75	43C2	2	6118
75	43C4	2	6118
75	43C7	2	6118
75	43C9	2	6118
75	43CB	2	6118
75	43CE	2	6118
75	43D0	2	6118
75	43D2	2	6118
75	43D5	2	6118
75	43DB	2	6118
75	43DC	2	6118
75	43DE	2	6118
75	43E1	2	6118
75	43E4	2	6118
75	43E7	2	6118
75	43E8	2	6118
75	43EB	2	6118
75	43EE	2	6118
75	43F0	2	6118
75	43F1	2	6118
75	43F3	2	6118
75	43F4	2	6118
75	43F7	2	6118
75	43F8	2	6118
75	43F9	2	6118
75	43FC	2	6118
75	43FE	2	6118
75	4401	2	6118
75	4404	2	6118
75	4407	2	6118
75	4408	2	6118
75	4409	2	6118
75	440A	2	6118
75	440D	2	6118
75	4410	2	6118
75	4411	2	6118
75	4414	2	6118
75	4417	2	6118
75	4418	2	6118
75	4419	2	6118
75	441C	2	6118
75	441E	2	6118
75	4421	2	6118
75	4422	2	6118
75	4423	2	6118
75	4424	2	6118
75	4425	2	6118
75	4426	2	6118
75	4429	2	6118
75	442A	2	6118
75	442C	2	6118
75	442F	2	6118
75	4432	2	6118
75	4434	2	6118
75	4437	19	44
75	443A	19	44
75	443C	19	44
75	448A	2	6118
75	448D	2	6118
75	4490	2	6118
75	4492	2	6118
75	4495	2	6118
75	4496	2	6118
75	4497	2	6118
75	4498	2	6118
75	449B	2	6118
75	449D	2	6118
75	44A3	2	6118
75	44A6	2	6118
75	44A7	2	6118
75	44A8	2	6118
75	44AB	2	6118
75	44AD	2	6118
75	44B0	2	6118
75	44B1	2	6118
75	44B4	2	6118
75	44B5	8	44
75	44B6	8	44
75	44B9	8	44
75	44BC	8	44
75	44BD	8	44
75	44C0	8	44
75	44C3	8	44
75	44C6	8	44
75	44C8	8	44
75	44CB	2	6576
75	44CE	2	6576
75	44D0	2	6576
75	44D3	2	6576
75	44D6	2	6576
75	44D8	2	6576
75	452B	2	6576
75	452E	2	6576
75	452F	2	6576
75	4532	2	6576
75	4535	2	6576
75	4538	2	6576
75	453A	2	6576
75	453D	2	6576
75	4540	2	6576
75	4541	2	6576
75	4542	2	6576
75	4544	2	6576
75	4547	2	6576
75	454A	2	6576
75	454D	2	6576
75	454F	2	6576
75	4552	2	6576
75	4554	2	6576
75	4555	2	6576
75	4556	2	6576
75	4559	2	6576
75	455A	2	6576
75	455B	2	6576
75	455E	2	6576
75	4561	2	6576
75	4564	2	6576
75	4565	2	6576
75	4568	2	6576
75	456A	2	6576
75	456D	2	6576
75	4570	2	6576
75	4572	2	6576
75	4575	2	6576
75	4577	2	6576
75	457A	2	6576
75	457D	2	6117
75	457F	2	6117
75	4582	2	6117
75	4583	2	6117
75	4587	2	5956
75	4589	2	5956
75	458C	2	5956
75	458D	2	5956
75	4590	2	5956
75	4591	2	6117
75	4593	2	6117
75	4596	2	6117
75	4597	2	6117
75	459B	6	5956
75	459E	6	5956
75	45A0	6	5956
75	45A2	6	5956
75	45A5	6	5956
75	45A7	6	5956
75	45A9	6	5956
75	45AC	6	5956
75	45AD	6	5956
75	45AE	2	5956
75	45AF	2	5956
75	45B2	2	5956
75	45B3	2	5956
75	45B5	2	5956
75	45B6	2	5956
75	45B9	2	5956
75	45BA	2	5956
75	45BD	2	5956
75	45BE	2	5956
75	45C1	2	5956
75	45C4	2	5956
75	45C5	2	5956
75	45C8	2	5956
75	45CB	2	5956
75	45CD	2	5956
75	45CE	2	5956
75	45D0	2	5956
75	45D1	2	5956
75	45D4	2	5956
75	45D7	2	5956
75	45DA	2	5956
75	45DB	2	5956
75	461A	2	6275
75	461C	2	6275
75	461F	2	6275
75	4620	2	6275
75	4622	2	6275
75	4623	2	6275
75	4631	2	6275
75	4633	2	6275
75	4636	2	6275
75	4637	2	6275
75	4638	2	6275
75	463B	2	6275
75	463E	2	6275
75	4640	2	6275
75	4641	2	6275
75	4643	2	6275
75	4644	2	6275
75	4645	2	6275
75	4648	2	6275
75	464B	2	6275
75	464E	2	6275
75	4651	2	6275
75	4654	2	6275
75	4656	2	6275
75	4659	2	6275
75	465C	2	6275
75	465F	2	6275
75	4661	2	6275
75	4664	2	6275
75	4665	2	6275
75	4666	2	6275
75	4667	2	6275
75	4668	2	6275
75	4669	2	6275
75	466C	2	6275
75	466F	2	6275
75	4670	2	6275
75	4671	2	6275
75	4672	2	6275
75	4673	2	6275
75	4676	2	6275
75	4679	2	6275
75	467B	2	6275
75	46B1	2	6275
75	46B4	2	6275
75	46B6	2	6275
75	46B9	2	6275
75	46BB	2	6275
75	46BE	2	6275
75	46C0	2	6275
75	46C3	2	6275
75	490A	2	6275
75	490D	2	6275
75	490F	2	6275
75	4912	2	6275
75	4915	2	6275
75	4917	2	6275
75	491A	2	6275
75	491D	2	6275
75	491E	2	6275
75	4921	2	6275
75	4922	2	6275
75	4925	2	6275
75	4926	2	6275
75	4928	2	6275
75	492B	2	6275
75	492D	2	6275
75	492F	2	6275
75	4932	2	6275
75	4938	2	6275
75	493B	2	6275
75	493E	2	6275
75	4940	2	6275
75	4943	2	6275
75	4944	2	6275
75	4945	2	6275
75	4948	2	6275
75	494B	2	6275
75	494C	2	6275
75	494D	2	6275
75	494F	18	6275
75	4950	18	6275
75	4951	18	6275
75	4952	18	6275
75	4954	18	6275
75	4956	18	6275
75	4958	2	6275
75	4959	2	6275
75	495B	2	6275
75	495C	2	6275
75	495F	2	6275
75	4960	2	6275
75	4963	2	6275
75	4966	34	6275
75	4967	34	6275
75	4968	34	6275
75	496A	2	6275
75	496D	2	6275
75	496E	2	6275
75	4971	2	6275
75	4974	2	6275
75	4977	2	6275
75	4979	2	6275
75	497C	2	6275
75	497F	2	6275
75	4980	2	6275
75	4983	2	6275
75	4986	2	6275
75	4989	2	6275
75	498B	2	6275
75	498E	2	6275
75	4991	2	6275
75	4994	2	6275
75	4996	2	6275
75	4999	2	6275
75	499C	2	6275
75	499F	2	6275
75	49A1	2	6275
75	49A4	2	6275
75	49A6	2	6275
75	49A9	2	6298
75	49AC	2	6298
75	49AE	2	6298
75	49B1	2	6298
75	49B4	2	6298
75	49B6	2	6298
75	49B9	2	6298
75	49BA	2	6298
75	49BD	2	6298
75	49BE	2	6298
75	49C1	2	6298
75	49C2	2	6298
75	49C5	2	6298
75	49C8	2	6298
75	49CB	2	6298
75	49CE	2	6298
75	49D0	2	6298
75	49D3	2	6298
75	49D5	2	6298
75	49D6	2	6298
75	49D7	2	6298
75	49DA	2	6298
75	49DB	2	6298
75	49DC	2	6298
75	49DF	2	6298
75	49E2	2	6298
75	49E5	2	6298
75	49E6	2	6298
75	49E9	2	6298
75	49EB	2	6298
75	49EE	2	6298
75	49F1	2	6298
75	49F3	2	6298
75	49F6	2	6298
75	49F8	2	6298
75	49FB	2	6298
75	4C41	5	6306
75	4C44	5	6306
75	4C46	5	6306
75	4C49	5	6306
75	4C4C	5	6306
75	4C4E	5	6306
75	4C51	5	6306
75	4C52	5	6306
75	4C53	5	6306
75	4C56	5	6306
75	4C57	5	6306
75	4C5A	5	6306
75	4C5B	5	6306
75	4C5E	5	6306
75	4C61	5	6306
75	4C64	5	6306
75	4C67	5	6306
75	4C69	5	6306
75	4C6C	5	6306
75	4C6E	5	6306
75	4C6F	5	6306
75	4C70	5	6306
75	4C73	5	6306
75	4C74	5	6306
75	4C75	5	6306
75	4C78	5	6306
75	4C7B	5	6306
75	4C7E	5	6306
75	4C81	5	6306
75	4C84	5	6306
75	4C85	5	6306
75	4C86	5	6306
75	4C87	5	6306
75	4C8A	5	6306
75	4C8B	5	6306
75	4C8E	5	6306
75	4C90	5	6306
75	4C93	5	6306
75	4C96	5	6306
75	4C98	5	6306
75	4C9B	5	6306
75	4C9D	5	6306
75	4CA0	5	6306
75	4D3C	5	6306
75	4D3D	5	6306
75	4D3E	5	6306
75	4D40	5	6306
75	4D42	5	6306
75	4D43	5	6306
75	4D45	5	6306
75	4D57	5	6306
75	4D59	5	6306
75	4D5A	5	6306
75	4D5B	5	6306
75	4D5C	5	6306
75	4D5E	5	6306
75	4D60	5	6306
75	4D61	5	6306
75	4D63	5	6306
75	4D75	5	6306
75	4D77	5	6306
75	4D78	5	6306
75	4D79	5	6306
75	4D7A	5	6306
75	4D7C	5	6306
75	4D7E	5	6306
75	4D7F	5	6306
75	4D81	5	6306
75	4D83	5	6306
75	4D84	5	6306
75	4D86	5	6306
75	4D91	5	6306
75	4D93	5	6306
75	4D94	5	6306
75	4D95	5	6306
75	4D96	5	6306
75	4D98	5	6306
75	4D99	5	6306
75	4D9B	5	6306
75	4DA2	5	6306
75	4DA3	5	6306
75	4DA5	5	6306
75	4DA6	5	6306
75	4DA7	5	6306
75	4DA8	5	6306
75	4DAA	5	6306
75	4DAB	5	6306
75	4DAC	5	6306
75	4DAD	5	6306
75	4DAE	5	6306
75	4DAF	5	6306
75	4DB1	25	6306
75	4DB2	25	6306
75	4DB4	25	6306
75	4DB6	20	6306
75	4DB7	20	6306
75	4DB8	20	6306
75	4DBC	5	6306
75	4DBE	5	6306
75	4DBF	5	6306
75	4DC1	5	6306
75	4DC2	5	6306
75	4DC3	5	6306
75	4DC6	5	6306
75	4DC7	5	6306
75	4DC8	5	6306
75	4DCB	5	6306
75	4DCC	5	6306
75	4DCE	10	6306
75	4DCF	10	6306
75	4DD0	10	6306
75	4DD2	10	6306
75	4DD4	5	6306
75	4DD5	5	6306
75	4DD8	5	6306
75	4DD9	5	6306
75	563A	5	308
75	563D	5	308
75	563F	5	308
75	5642	3	308
75	5643	3	308
75	5646	3	308
75	5647	3	308
75	5648	3	308
75	564B	3	308
75	564E	3	308
75	5651	3	308
75	5654	3312	308
75	5655	3312	308
75	5656	3312	308
75	5657	3312	308
75	5658	3312	308
75	5659	3312	308
75	565B	3	308
75	5671	1896	52
75	5674	1896	52
75	5675	1896	52
75	5676	1896	52
75	5677	1896	52
75	5678	1896	52
75	567B	1896	52
75	567D	1896	52
75	567F	1896	52
75	5682	1896	52
75	5684	1896	52
75	5686	66	6215
75	5689	1896	52
75	568A	1896	52
75	568B	1896	52
75	568C	1896	52
75	568F	1896	52
75	5690	1896	52
75	5691	1896	52
75	5692	1896	52
75	5693	11	169
75	5694	11	169
75	5696	11	169
75	5698	11	169
75	5699	11	169
75	569B	11	169
75	569C	11	169
75	569F	11	169
75	56A2	11	169
75	56A5	11	169
75	56A6	11	169
75	56A9	11	169
75	56AA	11	169
75	56AB	11	169
75	56AC	11	169
75	56AD	8	54
75	56AF	8	54
75	56B6	8	54
75	56B9	8	54
75	56BC	8	54
75	56BD	8	54
75	56BE	8	54
75	56C1	8	54
75	56C2	8	54
75	56C3	8	54
75	56C6	8	54
75	56C7	8	54
75	56C8	8	54
75	56CA	8	54
75	56CB	8	54
75	56CD	8	54
75	56CE	8	54
75	56D1	8	54
75	56D2	4271	44
75	56D5	4271	44
75	56D6	4271	44
75	56D9	4271	44
75	56DA	4271	44
75	56DD	1108	44
75	56E0	1108	44
75	56E1	1108	44
75	56E2	1108	44
75	56E3	1108	44
75	56E4	1108	44
75	56E5	1108	44
75	56E6	1108	44
75	56E7	1108	44
75	56E8	1108	44
75	56EA	1108	44
75	56ED	160	44
75	56EE	160	44
75	56EF	160	44
75	56F2	160	44
75	56F5	160	44
75	56F6	160	44
75	56F8	160	44
75	56F9	160	44
75	56FB	160	44
75	56FC	160	44
75	56FF	84	44
75	5702	84	44
75	5704	84	44
75	5706	84	44
75	5708	84	44
75	5709	84	44
75	570C	84	44
75	570D	84	44
75	570E	84	44
75	5711	84	44
75	5712	84	44
75	5713	84	44
75	5716	84	44
75	5719	84	44
75	571B	84	44
75	571D	8	44
75	5720	8	44
75	5721	8	44
75	5723	76	51
75	5726	76	51
75	5728	76	51
75	572A	76	51
75	572C	76	51
75	572E	76	51
75	5730	76	51
75	5734	76	51
75	5735	76	51
75	5737	76	51
75	573A	76	51
75	573B	76	51
75	573D	76	51
75	573E	76	51
75	5741	76	51
75	5743	76	51
75	5746	76	51
75	5747	76	51
75	574A	76	51
75	574B	76	51
75	574C	76	51
75	574D	76	51
75	5750	76	51
75	5751	76	51
75	5752	76	51
75	5753	76	51
75	5756	76	51
75	5757	76	51
75	5758	76	51
75	5759	76	51
75	575C	76	51
75	575E	76	51
75	5760	6	6214
75	5762	6	6214
75	5764	70	51
75	5767	70	51
75	5769	70	51
75	576B	70	51
75	576D	70	51
75	576F	68	51
75	5771	68	51
75	5773	66	51
75	5775	66	51
75	5777	64	51
75	5779	64	51
75	577F	6	6145
75	5781	76	51
75	5782	76	51
75	5785	8	44
75	5786	8	44
75	5789	8	44
75	578C	8	44
75	578D	8	44
75	578E	8	44
75	578F	8	44
75	5790	8	44
75	5792	24	44
75	5793	24	44
75	5794	24	44
75	5796	24	44
75	5797	24	44
75	5799	8	44
75	579A	8	44
75	579B	8	44
75	579E	8	44
75	579F	8	44
75	57A0	8	44
75	57F4	3163	51
75	57F7	3163	51
75	57F8	3163	51
75	57FA	1896	52
75	57FB	1896	52
75	57FD	1592	52
75	57FE	1592	52
75	5801	304	52
75	5804	1267	51
75	5807	1267	51
75	5808	1267	51
75	5809	1267	51
75	580B	1191	51
75	580D	1191	51
75	580F	76	52
75	5811	1267	51
75	5813	1267	51
75	5814	1267	51
75	5816	1115	51
75	5818	1115	51
75	581A	1115	51
75	581B	1115	51
75	581E	1115	51
75	581F	1115	51
75	5820	1115	51
75	584C	152	52
75	584D	152	52
75	584F	152	52
75	5850	152	52
75	5852	76	52
75	5853	76	52
75	5854	76	52
75	5855	76	52
75	5858	76	52
75	585A	228	52
75	585B	228	52
75	585C	228	52
75	585E	76	52
75	5861	76	52
75	5863	76	52
75	5870	76	52
75	5873	76	52
75	5874	76	52
75	5877	76	52
75	5878	76	52
75	587A	304	52
75	587D	304	52
75	587F	304	52
75	5880	304	52
75	5882	76	52
75	5883	76	52
75	5884	76	52
75	5886	76	52
75	5889	76	52
75	588A	76	52
75	588B	76	52
75	588D	14	54
75	588E	14	54
75	5890	1288	52
75	5893	1288	52
75	5896	1288	52
75	5897	1288	52
75	5899	62	52
75	589A	62	52
75	589B	62	52
75	589C	62	52
75	589E	304	52
75	58A0	304	52
75	58A1	304	52
75	58A4	304	52
75	58A7	304	52
75	58A8	304	52
75	58AA	304	52
75	58AB	304	52
75	58AD	152	52
75	58B0	152	52
75	58B2	152	52
75	58B3	152	52
75	58B5	152	52
75	58B6	152	52
75	58B7	152	52
75	58C0	152	52
75	58C2	152	52
75	58C3	152	52
75	58C5	76	52
75	58C6	76	52
75	58C7	76	52
75	58C8	4271	44
75	58CB	4271	44
75	58CD	4271	44
75	58CE	1592	52
75	58D0	1592	52
75	58D1	1592	52
75	58D3	1592	52
75	58D6	1592	52
75	58D7	1592	52
75	58D8	1592	52
75	58D9	1592	52
75	58DA	1592	52
75	58DB	1592	52
75	58DE	1592	52
75	58DF	1592	52
75	58E2	1592	52
75	58E5	1592	52
75	58E8	1592	52
75	58E9	1592	52
75	58EA	38096	44
75	58ED	38096	44
75	58EF	38096	44
75	58F2	38096	44
75	58F5	38096	44
75	58F8	38096	44
75	58F9	38096	44
75	58FB	38096	44
75	58FD	36827	51
75	58FE	36827	51
75	58FF	36827	51
75	5900	36827	51
75	5901	36827	51
75	5902	36827	51
75	5904	36827	51
75	5906	36827	51
75	5907	36827	51
75	5908	36827	51
75	5933	38096	44
75	5936	38096	44
75	5938	38096	44
75	593B	36988	44
75	593D	36988	44
75	5940	33825	44
75	5943	33825	44
75	5945	33825	44
75	5948	33820	44
75	594B	33820	44
75	594C	33820	44
75	594F	133	51
75	5950	133	51
75	5951	133	51
75	5954	22	51
75	5957	22	51
75	595A	22	51
75	595C	22	51
75	595F	22	51
75	5961	22	51
75	5963	22	51
75	5964	22	51
75	5966	22	51
75	5969	14	169
75	596B	14	169
75	596D	6	6213
75	596F	6	6213
75	5971	6	6213
75	5974	6	6213
75	5976	6	6213
75	5978	6	6213
75	597A	6	6213
75	5983	6	6213
75	5986	6	6213
75	5990	8	169
75	5991	8	169
75	5992	8	169
75	5995	8	169
75	5997	8	169
75	599A	8	169
75	59FC	8	51
75	59FE	8	51
75	5A01	8	51
75	5A04	8	51
75	5A06	8	51
75	5A09	8	51
75	5A0C	8	51
75	5A0F	8	51
75	5A11	8	51
75	5A14	8	51
75	5A36	3163	51
75	5A39	3163	51
75	5A3A	3163	51
75	5A3B	3163	51
75	5A3D	1896	52
75	5A3F	1896	52
75	5A41	304	52
75	5A42	304	52
75	5A44	304	52
75	5A46	228	52
75	5A48	228	52
75	5A4A	3011	51
75	5A4C	3163	51
75	5A4E	3163	51
75	5A51	1267	51
75	5A54	1267	51
75	5A55	1267	51
75	5AC3	76	52
75	5AC5	76	52
75	5AC7	76	52
75	5ACA	76	52
75	5ACB	76	52
75	5ACD	76	52
75	5AD0	76	52
75	5AD2	76	52
75	5B2B	1108	44
75	5B2E	1108	44
75	5B2F	1108	44
75	5B30	1108	44
75	5B31	1108	44
75	5B32	1108	44
75	5B34	1108	44
75	5B35	1108	44
75	5B36	1108	44
75	5B37	1108	44
75	5B38	4271	44
75	5B3B	4271	44
75	5B3D	4271	44
75	5B3F	4271	44
75	5B41	4271	44
75	5B43	4271	44
75	5B45	38096	44
75	5B46	76	52
75	5B47	76	52
75	5B4A	76	52
75	5B4D	76	52
75	5B50	76	52
75	5B51	76	52
75	5B52	76	52
75	5B55	76	52
75	5B58	76	52
75	5B5A	76	52
75	5B5C	76	52
75	5B5E	6	6215
75	5B61	6	6215
75	5B63	70	52
75	5B66	76	52
75	5B68	76	52
75	5B6C	76	52
75	5B6D	76	52
75	5B70	76	52
75	5B71	76	52
75	5B73	76	52
75	5B76	76	52
75	5B79	76	52
75	5B7B	76	52
75	5B7E	76	52
75	5B80	76	52
75	5B83	48	52
75	5B85	48	52
75	5B88	46	52
75	5B8A	46	52
75	5B8C	44	52
75	5B8E	44	52
75	5B90	42	52
75	5B92	42	52
75	5B94	40	52
75	5B96	40	52
75	5B98	30	52
75	5B9A	30	52
75	5B9C	30	52
75	5B9E	30	52
75	5BA1	22	52
75	5BA3	22	52
75	5BA5	20	52
75	5BA7	20	52
75	5BA9	18	52
75	5BAB	18	52
75	5BAE	10	54
75	5BB0	10	54
75	5BB3	10	54
75	5BB5	10	54
75	5BB8	8	54
75	5BBB	8	54
75	5BBD	8	54
75	5BBF	8	54
75	5BC2	8	54
75	5BC3	8	54
75	5BC6	8	54
75	5BC7	4	6284
75	5BCA	4	6284
75	5BCD	4	6284
75	5BCF	4	6284
75	5BD2	4	6284
75	5BD3	2	6584
75	5BD5	2	6584
75	5BD8	2	6584
75	5BD9	2	6150
75	5BDB	2	6150
75	5BDE	2	6150
75	5BE1	2	6150
75	5BE4	2	6150
75	5BE6	2	6150
75	5BE9	2	6586
75	5BEB	2	6586
75	5BEE	2	6586
75	5BF1	2	6586
75	5BF3	2	6586
75	5BF6	2	6586
75	5BF8	2	6586
75	5BF9	10	186
75	5BFC	10	186
75	5BFD	10	186
75	5BFE	10	186
75	5BFF	10	186
75	5C02	10	186
75	5C03	10	186
75	5C04	10	186
75	5C05	10	186
75	5C06	10	186
75	5C09	10	186
75	5C0B	10	186
75	5C0E	10	186
75	5C20	28	6287
75	5C23	28	6287
75	5C25	28	6287
75	5C28	28	6287
75	5C2B	28	6287
75	5C2C	28	6287
75	5C2F	28	6287
75	5C30	28	6287
75	5C33	28	6287
75	5C36	28	6287
75	5C37	28	6287
75	5C38	28	6287
75	5C39	28	6287
75	5C3C	28	6287
75	5C3D	28	6287
75	5C40	15	6287
75	5C41	15	6287
75	5C44	15	6287
75	5C46	15	6287
75	5CCB	15	6287
75	5CCC	15	6287
75	5CCD	15	6287
75	5CCF	15	6287
75	5CD0	15	6287
75	5CD1	15	6287
75	5CE3	15	6287
75	5CE4	15	6287
75	5CE5	15	6287
75	5CE6	15	6287
75	5CE7	15	6287
75	5CE9	15	6287
75	5CEA	15	6287
75	5CEB	15	6287
75	5CEC	15	6287
75	5CED	15	6287
75	5CF0	15	6287
75	5CF1	15	6287
75	5CF4	15	6287
75	5CF5	15	6287
75	5CF8	15	6287
75	5CF9	15	6287
75	5CFA	15	6287
75	5CFC	15	6287
75	5CFD	15	6287
75	5D00	15	6287
75	5D03	15	6287
75	5D04	15	6287
75	5D05	15	6287
75	5D06	15	6287
75	5D09	15	6287
75	5D0A	15	6287
75	5D0B	15	6287
75	5D0C	15	6287
75	5D0D	15	6287
75	5D10	28	6287
75	5D13	28	6287
75	5D15	28	6287
75	5D25	28	6287
75	5D28	28	6287
75	5D2B	28	6287
75	5D2C	2	6281
75	5D2F	2	6281
75	5D30	2	6281
75	5D33	2	6281
75	5D34	2	6281
75	5D37	2	6281
75	5D39	2	6281
75	5D3C	2	6281
75	5D3E	2	6281
75	5D41	2	6281
75	5D42	8	52
75	5D45	8	52
75	5D48	8	52
75	5D4A	72	52
75	5D4B	72	52
75	5D4C	72	52
75	5D4D	72	52
75	5D4F	72	52
75	5D50	72	52
75	5D51	72	52
75	5D53	8	52
75	5D54	8	52
75	5D55	8	52
75	5D57	8	52
75	5D5A	8	52
75	5D5C	8	52
75	5D5E	8	52
75	5D60	8	52
75	5D62	8	52
75	5D65	8	52
75	5D67	8	52
75	5D6A	8	52
75	5D6E	2	6146
75	5D70	2	6146
75	5D73	2	6146
75	5D76	2	6146
75	5D78	2	6146
75	5D79	8	6144
75	5D7C	8	6144
75	5D7E	8	6144
75	5D80	6	6215
75	5D83	6	6215
75	5D86	6	6215
75	5D89	6	6215
75	5D8A	6	6215
75	5D8D	6	6215
75	5D90	6	6215
75	5D92	6	6215
75	5D93	6	6215
75	5D95	6	6215
75	5D97	6	6215
75	5D98	6	6215
75	5DC9	2	6144
75	5DCC	2	6144
75	5DCD	2	6144
75	5DCE	2	6144
75	5DCF	2	6144
75	5DD2	2	6144
75	5DD3	2	6144
75	5DD6	2	6144
75	5DD9	2	6144
75	5DDA	2	6144
75	5DDB	2	6144
75	5DDE	2	6144
75	5DE1	2	6144
75	5DE2	8	6144
75	5DE4	8	6144
75	5DE6	8	6144
75	5DE7	8	6144
75	5DE8	6	6215
75	5DEA	6	6215
75	5DF3	6	6215
75	5DF5	6	6215
75	5DF8	6	6215
75	5DFA	6	6215
75	5DFC	6	6215
75	5DFF	6	6215
75	5E04	6	6215
75	5E06	6	6215
75	5E07	2	6215
75	5E09	2	6215
75	5E0A	2	6215
75	5E0C	2	6215
75	5E0D	2	6215
75	5E0E	2	6215
75	5E10	2	6215
75	5E11	2	6215
75	5E13	2	6215
75	5E16	2	6215
75	5E18	2	6215
75	5E1E	8	6144
75	5E1F	8	6144
75	5E21	8	6144
75	5E22	8	6144
75	5E23	8	6144
75	5E24	8	6144
75	5E25	8	6144
75	5E26	8	6144
75	5E29	8	6144
75	5E2B	8	6144
75	5E2C	8	6144
75	5E2F	8	6144
75	5E30	8	6144
75	5E31	76	52
75	5F08	14	52
75	5F0B	51	52
75	5F0E	51	52
75	5F10	84	44
75	5F13	84	44
75	5F14	84	44
75	5F17	84	44
75	5F19	84	44
75	5F20	84	44
75	5F22	84	44
75	5F24	84	44
75	5F26	84	44
75	5F27	84	44
75	5F2A	84	44
75	5F2C	84	44
75	5F2E	84	44
75	5F2F	84	44
75	5F32	84	44
75	5F33	84	44
75	5F36	84	44
75	5F37	84	44
75	5F3A	84	44
75	5F3B	84	44
75	5F3E	84	44
75	5F3F	84	44
75	5F42	84	44
75	5F43	84	44
75	5F46	84	44
75	5F47	84	44
75	5F4A	84	44
75	5F4B	84	44
75	5F4E	84	44
75	5F51	84	44
75	5F52	84	44
75	5F53	84	44
75	5F55	84	44
75	5F58	84	44
75	5F59	84	44
75	5F5C	84	44
75	5F5D	84	44
75	5F60	84	44
75	5F62	84	44
75	5F65	84	44
75	5F68	84	44
75	5F6A	84	44
75	5F6B	84	44
75	5F6C	29	170
75	5F6D	29	170
75	5F70	29	170
75	5F71	29	170
75	5F72	29	170
75	5F73	29	170
75	5F75	249	170
75	5F78	249	170
75	5F7A	29	170
75	5F7C	116	170
75	5F7F	116	170
75	5F81	29	170
75	5F82	29	170
75	5F83	29	170
75	5F86	29	170
75	5F87	29	170
75	5F88	29	170
75	5F89	29	170
75	5F8A	29	170
75	5F8B	29	170
75	5F8C	29	170
75	5F8D	29	170
75	5F8E	29	170
75	5F90	29	170
75	5F91	29	170
75	5F92	29	170
75	5F93	29	170
75	5F94	29	170
75	5F95	29	170
75	5F96	365	170
75	5F97	365	170
75	5F98	365	170
75	5F99	365	170
75	5F9A	365	170
75	5F9C	365	170
75	5F9D	365	170
75	5F9E	365	170
75	5F9F	365	170
75	5FA0	6	6213
75	5FA3	6	6213
75	5FA5	6	6213
75	5FA6	6	6213
75	5FA9	6	6213
75	5FAB	6	6213
75	5FAD	6	6213
75	5FAF	6	6213
75	5FB1	6	6213
75	5FB3	6	6213
75	5FD6	6	6213
75	5FD8	6	6213
75	5FDB	6	6213
75	5FDC	6	6213
75	5FDE	6	6213
75	5FE0	6	6213
75	5FE2	6	6213
75	5FE3	6	6213
75	5FE6	6	6213
75	5FE9	6	6213
75	5FEC	6	6213
75	5FEF	6	6213
75	5FF1	6	6213
75	6149	38096	44
75	614C	38096	44
75	614E	38096	44
75	614F	32620	52
75	6152	32620	52
75	6154	32620	52
75	6155	21817	52
75	6156	21817	52
75	6158	21817	52
75	615A	21817	52
75	615C	21817	52
75	615E	21813	52
75	6160	21813	52
75	6162	21813	52
75	6164	21813	52
75	6166	21813	52
75	6168	21813	52
75	616A	21817	52
75	616D	21817	52
75	616F	21817	52
75	6170	21817	52
75	6172	21817	52
75	6174	21817	52
75	6177	21817	52
75	6178	21817	52
75	6179	21817	52
75	617A	21817	52
75	617B	21817	52
75	617C	21817	52
75	617F	21817	52
75	6180	21817	52
75	6181	21817	52
75	6191	4	6281
75	6192	4	6281
75	6195	4	6281
75	6197	4	6281
75	61F1	7683	52
75	61F2	7683	52
75	61F4	7680	54
75	61F5	7680	54
75	61F7	7677	54
75	61F8	7677	54
75	61F9	3	52
75	61FC	3	52
75	61FD	3	52
75	61FF	3	52
75	620B	3	54
75	620E	3	54
75	620F	3	54
75	6210	3	54
75	6211	3	54
75	6214	3	54
75	6216	3	54
75	6218	3	54
75	621A	3	54
75	621B	3	54
75	621D	3	54
75	6221	3	54
75	6223	3	54
75	6226	3	54
75	6227	3	54
75	6229	3	54
75	622A	3	54
75	622B	3	54
75	622C	3	54
75	622D	3	54
75	622E	3	54
75	622F	3	54
75	6230	3	54
75	6235	3	54
75	6238	3	54
75	6239	3	54
75	623A	3	54
75	623D	3	54
75	623F	3	54
75	6241	3	54
75	6264	8	52
75	6266	8	52
75	6269	8	52
75	626C	12	6128
75	626D	12	6128
75	626F	10	6135
75	6270	10	6135
75	6272	8	6142
75	6273	8	6142
75	6275	6	6144
75	6276	6	6144
75	6279	4	6146
75	627A	4	6146
75	627D	2	6150
75	627E	2	6150
75	6287	2	6128
75	628A	2	6128
75	628D	2	6135
75	6290	2	6135
75	6292	2	6135
75	6293	2	6135
75	6295	2	6135
75	6296	2	6135
75	6299	2	6135
75	629C	2	6142
75	629F	2	6142
75	62A0	2	6142
75	62A2	2	6142
75	62A4	2	6142
75	62A5	2	6142
75	62A7	2	6142
75	62A9	2	6142
75	62AB	2	6142
75	62AE	380	6142
75	62AF	380	6142
75	62B0	380	6142
75	62B1	380	6142
75	62B3	380	6142
75	62B4	380	6142
75	62B5	380	6142
75	62B6	380	6142
75	62B8	2	6142
75	62B9	2	6142
75	62BA	2	6142
75	62BC	2	6142
75	62BD	2	6142
75	62BE	2	6142
75	62C0	2	6142
75	62C3	2	6142
75	62C4	2	6142
75	62CB	2	6142
75	62CE	2	6142
75	62D1	2	6142
75	62D3	2	6142
75	62D6	2	6142
75	62D9	2	6142
75	62DB	2	6142
75	62DE	2	6142
75	62E1	2	6142
75	62E2	2	6142
75	62E4	2	6142
75	62E5	2	6142
75	62E7	2	6142
75	62EA	2	6142
75	62EB	2	6142
75	62EC	2	6142
75	62ED	2	6142
75	62F0	2	6142
75	62F2	2	6142
75	62F5	2	6142
75	62F6	2	6142
75	62F9	2	6142
75	630F	2	6144
75	6312	2	6144
75	6314	2	6144
75	6316	2	6144
75	6318	2	6144
75	632C	2	6146
75	632D	2	6146
75	6330	2	6146
75	6332	2	6146
75	6333	2	6146
75	6336	2	6146
75	6338	2	6146
75	633B	2	6150
75	633D	2	6150
75	6340	2	6150
75	6343	2	6150
75	6345	2	6150
75	6347	2	6150
75	6351	2	6144
75	6354	2	6144
75	6356	2	6144
75	6357	2	6144
75	6359	2	6144
75	635C	2	6144
75	635D	2	6144
75	6360	2	6142
75	6363	2	6142
75	6365	2	6142
75	6366	2	6142
75	6368	2	6142
75	6369	2	6142
75	636B	2	6142
75	636E	2	6142
75	6371	10	178
75	6373	10	178
75	6376	10	178
75	63E7	5130	6578
75	63E8	5130	6578
75	63EA	5126	6582
75	63EB	5126	6582
75	63ED	5124	6584
75	63EE	5124	6584
75	63F0	5122	6586
75	63F1	5122	6586
75	63F3	5120	6588
75	63F4	5120	6588
75	63F6	5118	6588
75	63F7	5118	6588
75	63F8	4	6578
75	63FB	4	6578
75	63FD	4	6578
75	63FF	4	6578
75	6402	4	6578
75	6404	2	6578
75	6407	2	6578
75	6408	2	6578
75	640B	2	6578
75	640E	2	6581
75	6410	2	6582
75	6411	2	6582
75	6414	2	6582
75	6416	2	6582
75	6419	2	6582
75	641C	2	6584
75	641E	2	6584
75	6421	2	6584
75	6424	2	6586
75	6427	2	6588
75	642A	2	6588
75	642C	2	6588
75	642F	2	6588
75	6430	2	6588
75	6432	2	6588
75	6433	2	6588
75	6436	2	6581
75	6438	2	6581
75	643B	2	6581
75	643E	2	6581
75	6441	2	6581
75	6443	2	6581
75	6446	2	6581
75	6449	2	6581
75	644A	2	6581
75	644B	2	6581
75	644C	2	6581
75	644F	2	6581
75	6451	2	6581
75	6454	2	6581
75	6457	4	6281
75	6458	4	6281
75	645A	2	6284
75	645B	2	6284
75	645E	2	6281
75	6460	2	6281
75	6463	2	6281
75	6466	2	6281
75	6469	2	6281
75	646A	2	6281
75	646C	2	6281
75	6491	2	6281
75	6493	2	6281
75	6496	2	6281
75	6499	2	6281
75	649C	2	6284
75	649F	2	6284
75	64A1	2	6284
75	64D4	2	6284
75	64D5	2	6284
75	64D8	2	6284
75	64DB	2	6284
75	64DC	2	6284
75	64DF	2	6284
75	64E0	2	6284
75	64E3	2	6284
75	64E4	2	6284
75	6654	2	6284
75	6657	2	6284
75	6659	2	6284
75	665A	2	6284
75	665B	2	6284
75	665E	2	6284
75	6661	2	6284
75	6664	2	6284
75	6667	2	6284
75	666A	2	6284
75	666B	2	6284
75	666C	2	6284
75	666E	2	6284
75	6671	2	6284
75	6674	2	6284
75	6677	2	6284
75	6678	2	6284
75	667B	2	6284
75	667C	2	6284
75	667D	2	6284
75	667F	2	6284
75	6680	2	6284
75	6681	2	6284
75	6684	2	6284
75	6687	2	6284
75	6688	2	6284
75	668B	2	6284
75	668C	2	6284
75	668D	2	6284
75	668F	2	6284
75	6690	2	6284
75	6691	2	6284
75	6694	2	6284
75	6697	2	6284
75	669A	2	6284
75	669C	2	6284
75	669F	2	6284
75	673A	8	6284
75	673C	8	6284
75	673F	15	6284
75	6740	15	6284
75	6743	15	6284
75	6744	15	6284
75	6745	15	6284
75	6747	15	6284
75	6748	15	6284
75	674A	15	6284
75	674B	15	6284
75	674D	15	6284
75	674E	15	6284
75	674F	15	6284
75	67DB	15	6284
75	67DE	15	6284
75	67E0	15	6284
75	67F7	28	6287
75	67FA	28	6287
75	67FD	28	6287
75	67FE	28	6287
75	6800	28	6287
75	6801	28	6287
75	6802	28	6287
75	6804	28	6287
75	6805	15	6287
75	6807	15	6287
75	6808	15	6287
75	681D	28	6287
75	681E	28	6287
75	681F	28	6287
75	6822	28	6287
75	6823	28	6287
75	6824	28	6287
75	6826	15	6287
75	6827	15	6287
75	6829	15	6287
75	6840	15	6287
75	6843	28	6287
75	6844	28	6287
75	6845	28	6287
75	6846	15	6287
75	6848	15	6287
75	6849	15	6287
75	684B	15	6287
75	684E	15	6287
75	684F	15	6287
75	6851	15	6287
75	6854	15	6287
75	68E9	9	6297
75	68EC	9	6297
75	68EE	9	6297
75	68F0	9	6297
75	6974	4	6275
75	6976	4	6275
75	6977	4	6275
75	6978	4	6275
75	6979	4	6275
75	697B	4	6275
75	697C	4	6275
75	697D	4	6275
75	697E	4	6275
75	69B2	10	6287
75	69B3	10	6287
75	69B5	8	6290
75	69B6	8	6290
75	69B8	4	6295
75	69B9	4	6295
75	69C0	2	6287
75	69C3	2	6287
75	69C5	2	6287
75	69C8	2	6287
75	69CA	2	6287
75	69CC	2	6287
75	69CF	2	6287
75	69D2	2	6287
75	69D4	2	6287
75	69D5	2	6287
75	69D7	2	6287
75	69D9	2	6287
75	69DC	2	6287
75	69DF	4	6290
75	69E0	4	6290
75	69E3	4	6290
75	69E5	2	6292
75	69E8	2	6292
75	69EA	2	6292
75	69EC	2	6292
75	69EF	2	6292
75	69F2	2	6292
75	69F4	2	6292
75	69F5	2	6292
75	69F7	2	6292
75	69FA	2	6292
75	69FD	4	6295
75	6A00	4	6295
75	6A02	2	6297
75	6A05	2	6297
75	6A07	2	6297
75	6A09	2	6297
75	6A0B	2	6297
75	6A0E	2	6297
75	6A11	2	6297
75	6A13	2	6297
75	6A14	4	6290
75	6A17	4	6290
75	6A19	4	6290
75	6A1B	4	6290
75	6A1E	4	6290
75	6A1F	4	6290
75	6A22	4	6290
75	6A6C	4	6300
75	6A6D	4	6300
75	6A70	4	6300
75	6A73	4	6300
75	6A75	2	6303
75	6A78	2	6303
75	6A79	2	6303
75	6A7B	2	6303
75	6A7D	6	6303
75	6A7E	6	6303
75	6A80	6	6303
75	6A82	2	6303
75	6A85	2	6303
75	6A88	2	6303
75	6A89	2	6303
75	6A8C	2	6303
75	6A8D	2	6303
75	6A8E	2	6303
75	6A8F	2	6303
75	6A90	2	6303
75	6A91	2	6303
75	6A92	2	6303
75	6A95	2	6303
75	6A98	2	6303
75	6A99	2	6303
75	6A9A	2	6303
75	6A9B	2	6303
75	6A9C	2	6303
75	6A9D	2	6303
75	6A9E	2	6303
75	6A9F	2	6303
75	6AA0	2	6303
75	6AA1	2	6303
75	6AA2	2	6303
75	6AA3	2	6303
75	6AA5	2	6303
75	6AA8	2	6303
75	6AAB	2	6300
75	6AAE	2	6300
75	6AB0	2	6300
75	6AB2	2	6300
75	6AB5	2	6300
75	6AB6	2	6300
75	6AB9	2	6300
75	6AC2	4	6303
75	6AC5	4	6303
75	6AC6	4	6303
75	6AC9	4	6303
75	6ACA	4	6303
75	6ACD	4	6303
75	6ACE	4	6303
75	6AD1	4	6303
75	6AD4	11	6303
75	6AD5	11	6303
75	6AD7	11	6303
75	6AD9	9	6303
75	6ADB	9	6303
75	6ADD	7	6303
75	6ADF	7	6303
75	6AE0	7	6303
75	6AE2	7	6303
75	6AE4	7	6303
75	6AE6	7	6303
75	6AE7	7	6303
75	6AEA	7	6303
75	6AEB	7	6303
75	6AEE	7	6303
75	6AEF	7	6303
75	6AF2	7	6303
75	6AF4	7	6303
75	6AF6	7	6303
75	6AF8	7	6303
75	6AFA	7	6303
75	6AFC	7	6303
75	6AFE	7	6303
75	6B01	7	6303
75	6B02	7	6303
75	6B03	7	6303
75	6B06	7	6303
75	6B07	7	6303
75	6B08	7	6303
75	6B0B	7	6303
75	6B0C	7	6303
75	6B0D	7	6303
75	6B0E	7	6303
75	6B0F	7	6303
75	6B10	7	6303
75	6B12	7	6303
75	6B13	7	6303
75	6B14	7	6303
75	6B16	7	6303
75	6B17	7	6303
75	6B18	7	6303
75	6B1A	4	6303
75	6B1B	4	6303
75	6B1E	4	6303
75	6B1F	4	6303
75	6B22	4	6303
75	6B23	4	6303
75	6B26	4	6303
75	6BD1	1285	6308
75	6BD2	1285	6308
75	6BD4	1275	6308
75	6BD5	10	6322
75	6BD8	10	6322
75	6BDA	5	6325
75	6BDD	5	6325
75	6BDE	5	6325
75	6BE0	5	6325
75	6BE2	5	6325
75	6BE4	5	6325
75	6BE7	5	6325
75	6BEA	5	6322
75	6BED	5	6322
75	6BEF	5	6322
75	6BF2	5	6322
75	6BF5	5	6322
75	6BF6	5	6322
75	6BF9	5	6322
75	74DB	5126	5966
75	74DC	5126	5966
75	74DE	5124	5972
75	74DF	5124	5972
75	74E1	5122	5979
75	74E2	5122	5979
75	74E4	5120	5981
75	74E5	5120	5981
75	74E7	5118	5981
75	74E8	5118	5981
75	74E9	2	5966
75	74EC	2	5966
75	74EF	2	5972
75	74F2	2	5972
75	74F4	2	5972
75	74F5	2	5972
75	74F7	2	5972
75	74F8	2	5972
75	74FB	2	5972
75	74FE	2	5979
75	7501	2	5981
75	7504	2	5981
75	7505	2	5981
75	7507	2	5981
75	7509	2	5981
75	750A	2	5981
75	750C	2	5981
75	750E	2	5981
75	7510	2	5981
75	7513	380	5981
75	7514	380	5981
75	7515	380	5981
75	7516	380	5981
75	7518	380	5981
75	7519	380	5981
75	751A	380	5981
75	751B	380	5981
75	751D	2	5981
75	751E	2	5981
75	751F	2	5981
75	7521	2	5981
75	7522	2	5981
75	7523	2	5981
75	7525	2	5981
75	7528	2	5981
75	7529	2	5981
75	752C	2	5981
75	752D	2	5981
75	7530	2	5981
75	7531	2	5981
75	7534	2	5981
75	7536	2	5981
75	7538	2	5981
75	753A	2	5981
75	7540	2	5981
75	7542	2	5981
75	7545	2	5981
75	7554	6	5981
75	7555	6	5981
75	7556	6	5981
75	7557	6	5981
75	7558	6	5981
75	7559	6	5981
75	755A	6	5981
75	755D	6	5981
75	755E	6	5981
75	755F	2	5981
75	7561	2	5981
75	7564	2	5981
75	7566	2	5981
75	7569	2	5981
75	756C	2	5981
75	756D	2	5981
75	756E	2	5981
75	756F	2	6117
75	7571	2	6117
75	7574	2	6117
75	7576	2	6117
75	7579	2	6117
75	757C	2	6117
75	757E	2	6117
75	7581	2	6117
75	7584	2	6117
75	7587	2	6117
75	7589	2	6117
75	758C	2	6117
75	758F	2	6117
75	7590	2	6117
75	7593	2	6117
75	7596	2	6117
75	7598	2	6117
75	759B	2	6117
75	759E	2	6117
75	759F	2	6117
75	75A2	2	6117
75	75A5	2	6117
75	75A7	2	6117
75	75AA	2	6117
75	75AD	6	6117
75	75AF	10	6117
75	75B0	10	6117
75	75B2	10	6117
75	75B4	10	6117
75	75B6	10	6117
75	75B8	6	6117
75	75BA	6	6117
75	75BC	6	6117
75	75BF	6	6117
75	75C1	6	6117
75	75C4	6	6117
75	75C5	6	6117
75	75C6	6	6117
75	75C7	6	6117
75	75C9	6	6117
75	75CB	6	6117
75	75CD	4	6117
75	75CF	4	6117
75	75D1	4	6117
75	75D4	4	6117
75	75D6	4	6117
75	75D9	4	6117
75	75DA	4	6117
75	75DB	4	6117
75	75DC	4	6117
75	75DE	6	6117
75	75DF	6	6117
75	75E0	6	6117
75	75E1	6	6117
75	75E2	2	6117
75	75E4	2	6117
75	7634	2563	178
75	7635	2563	178
75	7637	2562	186
75	7638	2562	186
75	763A	2561	190
75	763B	2561	190
75	763D	2560	191
75	763E	2560	191
75	7640	2559	191
75	7641	2559	191
75	7642	1	178
75	7645	1	178
75	7648	1	186
75	764B	1	186
75	764C	1	186
75	764E	1	186
75	7650	1	186
75	7655	1	186
75	7658	1	186
75	765A	1	186
75	765B	1	186
75	765D	1	186
75	765E	1	186
75	7661	1	186
75	7663	1	186
75	7666	1	186
75	7669	1	186
75	766A	1	186
75	766B	1	186
75	766C	1	186
75	766F	1	186
75	7670	1	186
75	7671	1	186
75	7672	1	186
75	7675	1	186
75	7676	1	186
75	7677	1	186
75	767A	1	186
75	767D	1	190
75	7680	1	191
7C	7B7C	1	1112
7C	7B82	1	1112
7C	7B83	1	1112
7C	7B84	1	1112
7C	7B85	1	1112
7C	7B8B	1	1762
7C	7B9A	1	1762
7C	7BB7	1	1762
7C	7BBD	1	1762
7C	7BBE	1	1762
7C	7BBF	1	1762
7C	7BC0	3	1762
7C	7BC6	2	2603
7C	7CF6	2	2603
7C	7CF8	2	2603
7C	7CFA	2	2603
7C	7D00	2	2603
7C	7D06	2	2603
7C	7D08	2	2603
7C	7D0A	2	2603
7C	7D0C	1	2603
7C	7D12	1	8384
7C	7D15	1	9322
7C	7D1B	1	13710
7D	7B7C	12824	327
7D	7B7E	12824	327
7D	7B80	12824	327
7D	7B82	12824	327
7D	7B84	12824	327
7D	7B86	12824	327
7D	7B88	12824	327
7D	7B89	12824	327
7D	7B8B	12824	327
7D	7B8D	12824	327
7D	7B8F	12824	327
7D	7B91	12824	327
7D	7B93	12824	327
7D	7B95	12824	327
7D	7B97	12824	327
7D	7B99	12824	327
7D	7B9B	12824	327
7D	7B9C	12824	327
7D	7B9E	12824	327
7D	7B9F	12824	327
7D	7BA1	12824	327
7D	7BA3	12824	327
7D	7BA4	7309	1142
7D	7BA6	7309	1142
7D	7BA7	7309	1142
7D	7BA9	66	1142
7D	7BAA	66	1142
7D	7BAD	7309	1142
7D	7BB0	7309	1142
7D	7BB1	7309	1142
7D	7BB3	2539	1142
7D	7BB6	7309	1142
7D	7BB7	5515	327
7D	7BB8	5515	327
7D	7BB9	5515	327
7D	7BBA	5515	327
7D	7BBD	5515	327
7D	7BBE	5515	327
7D	7BBF	5515	327
7D	7BC0	5515	327
7D	7BC1	12824	327
7D	7BC4	12824	327
7D	7BC6	12824	327
7D	7BC7	12824	327
7D	7BC8	12824	327
7D	7BCA	12824	327
7D	7BCB	12824	327
7D	7BCD	12824	327
7D	7BD0	12824	327
7D	7BD2	12824	327
7D	7BD4	102592	327
7D	7BD7	102592	327
7D	7BD9	102592	327
7D	7BDB	361	460
7D	7BDC	361	460
7D	7BDD	361	460
7D	7BDE	361	460
7D	7BE0	78	2669
7D	7BE1	78	2669
7D	7BE4	102592	327
7D	7BE5	102592	327
7D	7BE7	102592	327
7D	7BE8	102592	327
7D	7BEA	12824	327
7D	7BEC	12824	327
7D	7BED	12824	327
7D	7BEF	12824	327
7D	7BF0	2	16
7D	7BF1	2	16
7D	7BF3	2	16
7D	7BF5	2	16
7D	7BF7	2	16
7D	7BF9	2	16
7D	7BFC	2	16
7D	7BFE	2	16
7D	7C00	13	16
7D	7C01	13	16
7D	7C04	13	16
7D	7C05	13	16
7D	7C08	13	16
7D	7C0B	13	16
7D	7C0D	104	16
7D	7C0E	104	16
7D	7C0F	104	16
7D	7C11	13	16
7F	61FC	2	5809
7F	61FD	2	5809
7F	61FE	2	5809
7F	61FF	15	5809
7F	6200	15	5809
7F	6201	15	5809
7F	6204	15	5809
7F	6207	15	5809
7F	620A	15	5809
7F	620B	15	5809
7F	7271	18	2604
7F	7272	18	2604
7F	7273	18	2604
7F	7274	18	2604
7F	7275	18	2604
7F	7276	18	2604
7F	7277	18	2604
7F	7278	18	2604
7F	7279	18	2604
7F	727B	18	2604
7F	727C	18	2604
7F	727D	18	2604
7F	727F	18	2604
7F	7282	18	2604
7F	7284	18	2604
7F	7287	18	2604
7F	7289	18	2604
7F	728C	18	2604
7F	728E	18	2604
7F	7290	18	2604
7F	7292	18	2604
7F	7294	18	2604
7F	7297	45137	2604
7F	7299	45137	2604
7F	729B	45137	2604
7F	729D	18	2604
7F	729F	18	2604
7F	72A1	18	2604
7F	72A2	18	2604
7F	72A4	18	2604
7F	72A7	18	2604
7F	72A8	18	2604
7F	72AA	18	2604
7F	72AB	18	2604
7F	72AD	18	2604
7F	72AF	18	2604
7F	72B0	18	2620
7F	72B2	18	2620
7F	72B3	18	2620
7F	72B4	18	2620
7F	72B6	18	2620
7F	72B9	18	2620
7F	72BA	18	2620
7F	72BC	18	2620
7F	72BD	18	2620
7F	72BF	18	2620
7F	72C1	18	2620
7F	72C2	13	6274
7F	72C3	13	6274
7F	72C5	13	6274
7F	72C6	13	6274
7F	72C8	13	6274
7F	72C9	13	6274
7F	72CB	13	6274
7F	72CC	13	6274
7F	72CE	13	6274
7F	72D1	28256	6274
7F	72D2	28256	6274
7F	72D4	28256	6274
7F	72D6	13	6274
7F	72D8	9489	6274
7F	72D9	9489	6274
7F	72DA	9489	6274
7F	72DC	13	6275
7F	72DD	13	6275
7F	72DF	13	6275
7F	72E1	13	6275
WRAM	C133	3211	1141	C3BA03	0	0
WRAM	CBF1	14569	17	C3BA03	3211	0
WRAM	CBF4	472115	1140	C3C416	10052	0
WRAM	CBF7	38096	44	C3ED01	0	0
WRAM	CBFA	4271	44	C3B701	0	0
HRAM	FF80	14569	17	3EC0E0	0	0
HRAM	FF82	14569	17	E0463E	0	0
HRAM	FF84	14569	17	3E283D	0	0
HRAM	FF86	582760	17	3D20FD	0	0
HRAM	FF87	582760	17	20FDC9	0	0
HRAM	FF89	14569	17	C94F00	13721	0
HRAM	FFA8	83780	16	3E0021	47563	0
HRAM	FFAA	83780	16	21B605	83779	0
HRAM	FFAD	83780	16	C3F07B	83778	0
