# bank	addr	count	first_frame	first_bytes	changed	wram_bank
# bank = ROM bank actually mapped (2 hex digits) or WRAM/HRAM/VRAM/SRAM/OTHER; addr = CPU address of an executed instruction start
# first_bytes/changed/wram_bank are present for RAM rows only (3 bytes at addr at first execution; times they differed later; SVBK bank for D000-DFFF)
00	0040	9593	17
00	0048	215086	1140
00	0050	5846	44
00	0058	411	44
00	0100	1	0
00	0101	1	0
00	0150	3	44
00	0152	3	44
00	0155	3	44
00	0156	3	44
00	0159	3	44
00	015A	3	44
00	015D	3	44
00	015F	1	44
00	0161	1	44
00	0162	1	44
00	0164	1	44
00	0167	1	44
00	0168	1	44
00	0169	1	44
00	016A	1	44
00	016B	3	44
00	016E	3	44
00	0170	3	44
00	0173	3	44
00	0174	3	44
00	0175	3	44
00	0176	3	44
00	0177	3	44
00	017A	3	44
00	017C	3	44
00	017D	3	44
00	017F	3	44
00	0180	3	44
00	0182	3	44
00	0185	3	44
00	0187	3	44
00	018A	3	44
00	018D	3	44
00	0190	3	44
00	0191	3	44
00	0194	3	44
00	0195	3	44
00	0198	3	44
00	0199	3	44
00	019C	3	44
00	019D	3	44
00	019E	3	44
00	019F	3	44
00	01A0	3	44
00	01A1	3	44
00	01A4	3	44
00	01A5	3	44
00	01A8	3	44
00	01AB	3	44
00	01AD	3	44
00	01B0	3	44
00	01B1	3	44
00	01B2	3	44
00	01B3	3	44
00	01B6	3	44
00	01B7	411	44
00	01B8	411	44
00	01B9	411	44
00	01BA	411	44
00	01BB	411	44
00	01BE	411	44
00	01BF	411	44
00	01C0	411	44
00	01C1	411	44
00	01C2	411	44
00	01C5	411	44
00	01C7	411	44
00	01C8	411	44
00	01CA	411	44
00	01CB	411	44
00	01CD	411	44
00	01D0	411	44
00	01D2	411	44
00	01D5	411	44
00	01D8	411	44
00	01D9	411	44
00	01DC	411	44
00	01DD	411	44
00	01DE	411	44
00	01DF	411	44
00	01E0	411	44
00	01E1	411	44
00	01E4	411	44
00	01E5	411	44
00	01E8	411	44
00	01E9	411	44
00	01EA	411	44
00	01EB	411	44
00	01EC	411	44
00	01ED	5846	44
00	01EE	5846	44
00	01EF	5846	44
00	01F0	5846	44
00	01F1	5846	44
00	01F2	5846	44
00	01F4	5846	44
00	01F6	5846	44
00	01F8	5846	44
00	01FA	5846	44
00	01FD	5846	44
00	01FE	5846	44
00	0200	5846	44
00	0203	5846	44
00	0205	5846	44
00	0207	5846	44
00	0209	5846	44
00	020B	5846	44
00	020D	5846	44
00	0210	5846	44
00	0211	5846	44
00	0212	5846	44
00	0213	5846	44
00	0214	5846	44
00	0217	5846	44
00	0219	5846	44
00	021A	5846	44
00	021C	5846	44
00	021D	5846	44
00	021F	5846	44
00	0222	5846	44
00	0224	5846	44
00	0227	5846	44
00	022A	5846	44
00	022B	5846	44
00	022E	5846	44
00	022F	5846	44
00	0230	5846	44
00	0231	5846	44
00	0232	5846	44
00	0233	5846	44
00	0236	5846	44
00	0237	5846	44
00	023A	5846	44
00	023C	5846	44
00	023E	5846	44
00	0240	5846	44
00	0242	5846	44
00	0243	5846	44
00	0244	5846	44
00	0245	5846	44
00	0246	5846	44
00	0278	1	0
00	0279	1	0
00	027B	1	0
00	027E	1	0
00	027F	1	0
00	0280	1	0
00	0282	1	0
00	0284	1	0
00	0286	1	0
00	0289	1	0
00	028C	1	0
00	028E	1	0
00	0290	1	0
00	0292	1	0
00	0295	1	0
00	0296	1	0
00	0299	1	0
00	029C	1	0
00	029E	1	0
00	02A0	1	0
00	02AE	1	0
00	02B0	1	0
00	02B2	1	0
00	02B5	1	0
00	02B8	1	0
00	02B9	1	0
00	02BC	1	1
00	02BE	1	1
00	02C0	6	1
00	02C1	6	1
00	02C3	6	1
00	02C6	6	1
00	02C9	6	1
00	02CA	6	1
00	02CD	6	2
00	02CE	6	2
00	02CF	6	2
00	02D1	1	5
00	02D2	1	5
00	02D4	1	5
00	02D6	1	5
00	02D9	1	5
00	02DC	1	5
00	02DD	1	5
00	02E0	1	7
00	02E3	1	7
00	02E6	1	7
00	02E7	1	7
00	02EA	1	8
00	02ED	1	8
00	02F0	1	8
00	02F3	1	8
00	02F4	1	8
00	02F7	1	8
00	02FA	1	8
00	02FB	1	8
00	02FD	1	8
00	0300	1	8
00	0302	1	8
00	0303	1	8
00	0305	1	8
00	0307	1	8
00	030A	1	8
00	030B	1	8
00	030D	1	8
00	030F	1	8
00	0311	1	8
00	0314	1	8
00	0317	1	17
00	031A	1	17
00	031B	1	17
00	031C	1	17
00	031E	1	17
00	0321	1	17
00	0322	1	17
00	0324	1	17
00	0327	1	17
00	0328	1	17
00	0331	2	16
00	0333	2	16
00	0335	2	16
00	0338	2	16
00	033A	2	16
00	033D	2	16
00	033F	2	16
00	0341	2	16
00	0344	2	16
00	0346	2	16
00	0349	2	16
00	034A	4	16
00	034C	256	16
00	034D	256	16
00	034E	256	16
00	034F	256	16
00	0351	4	16
00	0392	17743	0
00	0393	17743	0
00	0395	17743	0
00	0397	17743	0
00	0399	50	0
00	039A	17743	0
00	039D	17743	0
00	039E	17743	0
00	03A0	9592	0
00	03A2	9592	0
00	03A5	9592	0
00	03A6	9592	0
00	03A7	9592	0
00	03A8	9592	0
00	03AA	9592	0
00	03AB	9592	0
00	03AD	9592	0
00	03AF	9592	0
00	03B2	9592	0
00	03B3	9592	0
00	03B5	9592	0
00	03B6	9592	0
00	03B7	9592	0
00	03B8	17743	0
00	03B9	17743	0
00	03BA	9593	17
00	03BB	9593	17
00	03BE	9593	17
00	03BF	9593	17
00	03C1	9593	17
00	03C4	9593	17
00	03C5	9593	17
00	03C6	9593	17
00	03C7	9593	17
00	03CA	9593	17
00	03CB	9593	17
00	03CD	9593	17
00	03D0	9593	17
00	03D3	9593	17
00	03D5	9593	17
00	03D7	9593	17
00	03D9	9593	17
00	03DA	9593	17
00	03DD	9593	17
00	03DE	9593	17
00	03E0	9593	17
00	0400	9593	17
00	0401	9593	17
00	0404	9593	17
00	0406	9593	17
00	0408	9593	17
00	040A	9331	17
00	040B	9593	17
00	040E	9593	17
00	040F	9593	17
00	0411	9593	17
00	0413	4	104
00	0414	4	104
00	0415	4	104
00	0417	4	104
00	0418	4	104
00	041A	4	104
00	042E	9593	17
00	042F	9593	17
00	0432	9593	17
00	0433	9593	17
00	0435	4	17
00	0437	4	17
00	0438	4	17
00	043A	4	17
00	043B	4	17
00	043E	4	17
00	0440	9589	18
00	0441	9589	18
00	0443	9589	18
00	0446	9593	17
00	0447	9593	17
00	0448	9593	17
00	0449	9593	17
00	044A	9593	17
00	044B	2772	43
00	044C	2772	43
00	044E	2772	43
00	0450	2772	43
00	0452	2772	43
00	0453	133680	43
00	0454	133680	44
00	0455	133680	44
00	0458	133680	44
00	0459	133680	44
00	045B	2772	44
00	045C	2772	44
00	045F	2772	44
00	0462	2772	44
00	0463	2772	44
00	0464	6322	3195
00	0465	6322	3195
00	0467	6322	3195
00	0469	6322	3195
00	046B	6322	3195
00	046C	12397	3195
00	046D	12396	3196
00	046E	12396	3196
00	0471	12396	3196
00	0472	12396	3196
00	0474	6321	3196
00	0475	6321	3196
00	0478	6321	3196
00	0479	6321	3196
00	047A	164	28
00	047B	164	28
00	047D	164	28
00	047F	164	28
00	0481	5677	28
00	0482	5677	28
00	0483	5677	29
00	0484	5677	29
00	0485	5677	29
00	0488	5677	29
00	0489	5677	29
00	048B	176	29
00	048D	176	29
00	048F	176	29
00	0491	164	29
00	0492	164	29
00	0495	164	29
00	0496	164	29
00	0497	12	1730
00	0498	12	1730
00	049B	12	1730
00	049E	12	1730
00	04A0	2	16
00	04A2	2	16
00	04A5	2	16
00	04A7	2	16
00	04AA	2	16
00	04AC	2	16
00	04AF	2	16
00	04B1	2	16
00	04B4	2	16
00	04B6	2	16
00	04B9	2	16
00	04BB	2	16
00	04BE	2	16
00	04C0	2	16
00	04C3	2	16
00	04C5	2	16
00	04C8	2	16
00	04CA	2	16
00	04CD	2	16
00	04CF	2	16
00	04D2	2	16
00	04D4	2	16
00	04D7	2	16
00	04D8	323	0
00	04D9	323	0
00	04DA	323	0
00	04DC	7158	8
00	04DD	7158	8
00	04DE	7158	8
00	04E0	283	8
00	04E1	40	0
00	04E2	40	0
00	04E3	40	0
00	04E5	3	8
00	04E6	144224	0
00	04E7	144224	0
00	04E8	144224	0
00	04EA	564	0
00	04EB	564	0
00	04ED	40	1
00	050C	32	26
00	050D	32	26
00	050E	32	26
00	0510	2800	26
00	0511	2800	26
00	0512	2800	26
00	0513	2800	26
00	0514	2800	26
00	0516	31	26
00	0517	1	324
00	0518	1	324
00	0519	1	324
00	051C	256	324
00	051D	256	324
00	051E	256	324
00	051F	256	324
00	0520	256	324
00	0522	1	324
00	0523	1	324
00	0525	1	324
00	0545	1944	27
00	0546	1944	27
00	0547	1944	27
00	0548	1944	27
00	054A	1944	27
00	054B	1944	27
00	054C	1944	27
00	054D	1944	27
00	054E	1944	27
00	054F	1944	27
00	0550	1944	27
00	056A	1804	1142
00	056C	1804	1142
00	056D	1804	1142
00	056E	1804	1142
00	0570	1804	1142
00	0572	1804	1142
00	0573	1804	1142
00	0575	1804	1142
00	0578	1802	1142
00	057A	1802	1142
00	057D	1802	1142
00	057F	1802	1142
00	0582	1801	1142
00	0584	1801	1142
00	0587	1801	1142
00	0589	1801	1142
00	0591	1	2362
00	0593	1	2362
00	059B	2	1728
00	059C	2	1728
00	059F	3	8
00	05A2	3	8
00	05A5	30	8
00	05A6	30	8
00	05A7	30	8
00	05A8	30	8
00	05A9	30	8
00	05AB	3	8
00	05B6	8	28
00	05B8	8	28
00	05BA	8	28
00	05BC	8	28
00	05BD	1	0
00	05BF	1	0
00	05C1	1	0
00	05C2	1	0
00	05C3	1	0
00	05C5	1	0
00	05C7	1	0
00	05ED	1	0
00	05EF	1	0
00	05F1	1	0
00	05F3	1	0
00	05F5	1	0
00	05F7	1	0
00	05F9	1	0
00	05FB	1	0
00	05FD	1	0
00	05FE	1	0
00	0601	1	0
00	0602	1	0
00	0603	1	0
00	0605	1	0
00	0606	1	0
00	0608	1	0
00	0609	1	0
00	060A	1	0
00	060C	1	0
00	060E	1	0
00	0610	1	0
00	0611	1	0
00	0613	1	0
00	0615	1	0
00	0617	1	0
00	0619	1	0
00	061B	1	0
00	061C	1	0
00	061E	1	0
00	061F	1	0
00	0621	1	0
00	0622	47022	16
00	0623	47022	16
00	0624	36849	16
00	0626	36849	16
00	0628	638	1140
00	062A	638	1140
00	062C	638	1140
00	062E	638	1140
00	0630	638	1140
00	0637	36211	16
00	0639	36211	16
00	063C	36211	16
00	063D	40080	26
00	063E	40080	26
00	063F	62	26
00	0641	62	26
00	0643	62	26
00	0645	62	26
00	0647	62	26
00	0649	62	26
00	064B	62	26
00	0658	40018	43
00	0659	40018	43
00	065A	40018	43
00	065C	40018	43
00	066D	40018	43
00	066F	40018	43
00	0672	40018	43
00	0673	22949	16
00	0675	22949	16
00	0681	22949	16
00	0683	22949	16
00	0684	2	16
00	0686	2	16
00	0688	2	16
00	068A	2	16
00	068C	2	16
00	068E	2	16
00	0690	2	16
00	0691	2	16
00	0693	2	16
00	0695	2	16
00	0697	2	16
00	0699	2	16
00	069B	2	16
00	069D	2	16
00	069F	2	16
00	06A1	2	16
00	06A3	2	16
00	06A5	2	16
00	06A7	2	16
00	06AA	2	16
00	06AB	2	16
00	06AD	2	16
00	06B0	2	16
00	06B2	2	16
00	06B4	2	16
00	06B6	2	16
00	06BC	16	26
00	06BE	16	26
00	06BF	16	26
00	06C1	16	26
00	06C2	16	26
00	06C4	16	26
00	06C5	16	26
00	06C6	16	26
00	06C8	16	26
00	06C9	16	26
00	06CB	16	26
00	06CD	16	26
00	06CF	16	26
00	06D1	22933	16
00	06D3	22933	16
00	06D4	22933	16
00	06D6	22933	16
00	06D7	22933	16
00	06D9	22933	16
00	06DA	22933	16
00	06DB	22933	16
00	06DD	22933	16
00	06DE	22933	16
00	06E0	22933	16
00	06E1	22933	16
00	06E3	22933	16
00	06EE	22949	16
00	06EF	22949	16
00	06F2	22949	16
00	06F3	22949	16
00	06F4	22949	16
00	06F6	22949	16
00	06F7	22949	16
00	06F9	22949	16
00	06FC	22949	16
00	06FF	22945	16
00	0701	22945	16
00	0702	22945	16
00	0704	22945	16
00	0705	22945	16
00	0707	22945	16
00	0708	22945	16
00	0709	22945	16
00	070C	22945	16
00	070D	22945	16
00	070E	22945	16
00	0710	22945	16
00	0711	22945	16
00	0713	22945	16
00	0749	230	26
00	074B	230	26
00	074E	230	26
00	074F	230	26
00	0751	230	26
00	0752	230	26
00	0754	230	26
00	0755	230	26
00	0757	230	26
00	0758	230	26
00	075A	230	26
00	075C	230	26
00	075D	230	26
00	075F	230	26
00	0761	230	26
00	0763	230	26
00	0764	230	26
00	0766	230	26
00	0768	230	26
00	076A	433275	26
00	076C	433275	26
00	076E	433275	26
00	0770	230	27
00	0771	230	27
00	0773	230	27
00	0774	230	27
00	0776	230	27
00	0777	230	27
00	0779	230	27
00	0787	194	23
00	0789	194	23
00	078C	194	23
00	078D	194	23
00	078F	194	23
00	0790	194	23
00	0792	194	23
00	0793	194	23
00	0795	194	23
00	0796	194	23
00	0798	194	23
00	079A	194	23
00	079B	194	23
00	079D	194	23
00	079F	194	23
00	07A1	194	23
00	07A2	194	23
00	07A4	194	23
00	07A6	194	23
00	07A8	619829	23
00	07AA	619829	23
00	07AC	619829	23
00	07AE	196	24
00	07AF	196	24
00	07B1	194	24
00	07B2	194	24
00	07B4	194	24
00	07B5	194	24
00	07B8	194	24
00	07BA	194	24
00	07BB	152	4430
00	07BD	152	4430
00	07BF	152	4430
00	07C1	2	4430
00	07C4	2	4430
00	07C6	2	4430
00	07C9	2	4430
00	07CB	2	330
00	07CC	2	330
00	07CE	2	330
00	07D0	2	330
00	07D2	2	330
00	07D3	2	330
00	07D5	2	330
00	07D6	2	330
00	07D8	2	330
00	07D9	2	330
00	07DB	2	330
00	07DC	2	330
00	07DF	2	330
00	07E1	2	330
00	07E3	2	330
00	07E6	2	330
00	07E7	2	330
00	07EA	2	331
00	07EB	2	331
00	07ED	2	331
00	07EF	2	331
00	07F2	2	331
00	07F3	2	331
00	07F6	2	331
00	07F7	2	331
00	07FA	2	331
00	082C	53	26
00	082D	53	26
00	082F	53	26
00	0831	53	26
00	0833	53	26
00	0834	53	26
00	0836	53	26
00	0837	53	26
00	0839	53	26
00	083A	53	26
00	083C	53	26
00	083F	53	26
00	0841	53	26
00	0843	53	26
00	0846	53	26
00	0847	53	26
00	084A	53	27
00	084B	53	27
00	084D	53	27
00	084F	53	27
00	0852	53	27
00	0853	53	27
00	0856	53	27
00	0857	53	27
00	085A	53	27
00	08B7	55	26
00	08B9	55	26
00	08BB	55	26
00	08BC	55	26
00	08BE	55	26
00	08C0	55	26
00	08EA	28	26
00	08ED	28	26
00	08EF	28	26
00	08F2	28	26
00	08F3	28	26
00	08F5	28	26
00	08F6	28	26
00	08F7	28	26
00	08FA	28	26
00	08FB	28	26
00	08FC	28	26
00	08FD	28	26
00	08FF	28	26
00	0900	28	26
00	0903	28	26
00	0904	12246	26
00	0905	12246	26
00	0906	12246	26
00	0907	12246	26
00	0908	12246	26
00	090A	978	26
00	090C	978	26
00	090D	978	26
00	090F	978	26
00	0910	978	26
00	0912	978	26
00	0913	978	26
00	0914	978	26
00	0916	978	26
00	0917	978	26
00	0918	978	26
00	0919	978	26
00	091B	124	26
00	091C	6	1120
00	091F	6	1120
00	0920	6	1120
00	0922	392	1120
00	0923	392	1120
00	0924	392	1120
00	0925	392	1120
00	0926	392	1120
00	0927	392	1120
00	0929	24	1120
00	092B	24	1120
00	092C	24	1120
00	092E	24	1120
00	092F	24	1120
00	0931	24	1120
00	0932	24	1120
00	0933	24	1120
00	0935	24	1120
00	0936	24	1120
00	0937	24	1120
00	0938	24	1120
00	093A	6	1120
00	0956	9255	43
00	0958	9255	43
00	095B	9255	43
00	095E	9255	43
00	095F	9255	43
00	0960	9255	43
00	0961	9255	43
00	0962	9255	43
00	0964	9255	43
00	0966	9255	43
00	0967	9255	43
00	0969	9255	43
00	096B	9255	43
00	096D	9255	43
00	096F	9255	43
00	0972	9255	43
00	0975	9255	43
00	0977	129570	43
00	0978	129570	43
00	0979	129570	43
00	097C	129570	43
00	097D	129570	43
00	097E	129570	43
00	0980	129570	43
00	0981	129570	43
00	0982	129570	43
00	0983	129570	43
00	0985	129570	43
00	0987	40018	43
00	0988	40018	43
00	098A	40018	43
00	098D	129570	43
00	098E	129570	43
00	098F	129570	43
00	0992	129570	43
00	0993	129570	43
00	0996	129570	43
00	0997	129570	43
00	0998	129570	43
00	0999	129570	43
00	099B	9255	43
00	099C	9255	43
00	099F	9255	43
00	09A0	9255	43
00	09A2	9255	43
00	09A4	9255	43
00	09A5	9255	43
00	09A8	9255	43
00	09AA	9255	43
00	09AB	9255	43
00	09AD	9255	43
00	09AF	9255	43
00	09B1	9255	43
00	09B2	9255	43
00	09B3	9255	43
00	09B4	9255	43
00	09B5	9255	43
00	09B6	8	22
00	09B9	8	23
00	09BA	8	23
00	09BB	8	23
00	09BC	8	23
00	09BE	8	23
00	09C0	8	23
00	09C1	8	23
00	09C3	8	23
00	09C5	8	23
00	09C7	8	23
00	09C9	8	23
00	09CA	8	23
00	09CC	8	23
00	09CE	8	23
00	09D1	8	23
00	09D4	8	23
00	09D6	8	23
00	09D9	8	23
00	09DB	8	23
00	09DC	8	23
00	09DE	8	23
00	09E0	8	23
00	09E2	8	23
00	09E3	8	23
00	09E4	8	23
00	09E5	8	23
00	09E6	116	4448
00	09E7	116	4448
00	09E8	116	4448
00	09EA	116	4448
00	09EC	116	4448
00	09ED	116	4448
00	09EF	116	4448
00	09F1	116	4448
00	09F3	116	4448
00	09F5	116	4448
00	09F8	116	4448
00	09FA	116	4448
00	09FD	116	4448
00	09FF	116	4448
00	0A00	116	4448
00	0A02	116	4448
00	0A04	116	4448
00	0A06	116	4448
00	0A07	116	4448
00	0A08	116	4448
00	0A09	9263	22
00	0A0A	9263	22
00	0A0B	9263	22
00	0A0C	9263	22
00	0A0E	9263	22
00	0A11	9263	22
00	0A12	1482080	22
00	0A13	1482080	22
00	0A14	1482080	22
00	0A16	9263	23
00	0A17	9263	23
00	0A18	9263	23
00	0A19	9263	23
00	0A65	18	26
00	0A66	18	26
00	0A68	18	26
00	0A6A	18	26
00	0A6B	18	26
00	0A6D	18	26
00	0A6F	18	26
00	0A71	18	26
00	0A73	18	26
00	0A74	18	26
00	0A75	18	26
00	0A76	18	26
00	0A77	18	26
00	0A79	18	26
00	0A7A	18	26
00	0A7C	18	26
00	0A7E	18	26
00	0A80	18	26
00	0A81	18	26
00	0A82	153	26
00	0A84	153	26
00	0A86	153	26
00	0A87	153	26
00	0A89	153	26
00	0A8A	153	26
00	0A8B	153	26
00	0A8D	153	26
00	0A8F	153	26
00	0A92	153	26
00	0A94	153	26
00	0A96	153	26
00	0A98	153	26
00	0A9B	153	26
00	0A9C	153	26
00	0A9F	153	26
00	0AA0	153	26
00	0AA1	153	26
00	0AA4	153	26
00	0AA5	153	26
00	0AA7	153	26
00	0AA8	153	26
00	0AA9	153	26
00	0AAA	153	26
00	0AAB	153	26
00	0AAE	153	26
00	0AB0	153	26
00	0AB1	153	26
00	0AB3	153	26
00	0AB5	153	26
00	0AB7	153	26
00	0AB8	153	26
00	0AB9	153	26
00	0ABA	153	26
00	0ABB	153	26
00	0ABD	153	26
00	0ABE	153	26
00	0ABF	153	26
00	0AC0	153	26
00	0AC1	153	26
00	0AC3	153	26
00	0AC4	153	26
00	0AC5	153	26
00	0AC6	153	26
00	0AC7	153	26
00	0AC8	153	26
00	0AC9	153	26
00	0ACA	153	26
00	0ACB	153	26
00	0ACC	153	26
00	0ACD	153	26
00	0ACE	153	26
00	0ACF	153	26
00	0AD0	153	26
00	0AD1	153	26
00	0AD2	153	26
00	0AD3	153	26
00	0AD4	153	26
00	0AD5	153	26
00	0AD6	153	26
00	0AD7	153	26
00	0AD8	153	26
00	0AD9	153	26
00	0ADA	153	26
00	0ADB	153	26
00	0ADC	153	26
00	0ADD	153	26
00	0ADE	153	26
00	0ADF	153	26
00	0AE0	153	26
00	0AE1	153	26
00	0AE4	153	26
00	0AE5	153	26
00	0AE6	153	26
00	0AE7	153	26
00	0AE8	129570	43
00	0AE9	129570	43
00	0AEA	129570	43
00	0AED	129570	43
00	0AEE	129570	43
00	0AEF	129570	43
00	0AF1	129570	43
00	0AF3	40018	43
00	0AF4	40018	43
00	0AF6	34846	43
00	0AF9	34846	43
00	0AFA	34846	43
00	0AFB	34846	43
00	0AFC	34846	43
00	0AFE	34303	43
00	0AFF	34303	43
00	0B00	34303	43
00	0B02	2623	62
00	0B03	2623	62
00	0B04	2623	62
00	0B05	2623	62
00	0B06	2623	62
00	0B07	2623	62
00	0B08	2623	62
00	0B0A	2079	62
00	0B0B	2079	62
00	0B0C	2079	62
00	0B0D	2079	62
00	0B0E	2079	62
00	0B0F	2079	62
00	0B10	2079	62
00	0B11	2079	62
00	0B13	854	122
00	0B14	854	122
00	0B17	854	122
00	0B18	854	122
00	0B1A	854	122
00	0B1C	3	1142
00	0B1D	3	1142
00	0B1E	3	1142
00	0B1F	3	1142
00	0B20	3	1142
00	0B21	3	1142
00	0B23	2076	62
00	0B24	2076	62
00	0B25	2076	62
00	0B26	2076	62
00	0B28	2076	62
00	0B29	2076	62
00	0B2A	2076	62
00	0B2B	2076	62
00	0B2C	2076	62
00	0B2D	2076	62
00	0B2E	2076	62
00	0B2F	2076	62
00	0B32	2076	62
00	0B33	2076	62
00	0B34	2076	62
00	0B35	2076	62
00	0B36	129570	43
00	0B37	129570	43
00	0B38	129570	43
00	0B3B	129570	43
00	0B3C	129570	43
00	0B3D	129570	43
00	0B3E	129570	43
00	0B3F	129570	43
00	0B40	129570	43
00	0B41	129570	43
00	0B43	129570	43
00	0B45	40018	43
00	0B48	40018	43
00	0B49	40018	43
00	0B4A	40018	43
00	0B71	129570	43
00	0B72	129570	43
00	0B73	129570	43
00	0B74	129570	43
00	0B75	129570	43
00	0B78	129570	43
00	0B79	129570	43
00	0B7A	129570	43
00	0B7C	129570	43
00	0B7D	129570	43
00	0B7F	129570	43
00	0B80	129570	43
00	0B81	129570	43
00	0B83	129570	43
00	0B84	129570	43
00	0B85	129570	43
00	0B87	129570	43
00	0B88	129570	43
00	0B89	129570	43
00	0B8A	129570	43
00	0B8B	129570	43
00	0B8C	129570	43
00	0B8D	129570	43
00	0B8F	129570	43
00	0B91	40006	43
00	0B92	40006	43
00	0B94	40006	43
00	0B95	40006	43
00	0B96	40006	43
00	0B97	40006	43
00	0B98	40006	43
00	0B99	40006	43
00	0B9A	40006	43
00	0B9B	40006	43
00	0B9C	40006	43
00	0B9D	208311	43
00	0B9E	208311	43
00	0B9F	208311	43
00	0BA0	208311	43
00	0BA1	208311	43
00	0BA2	208311	43
00	0BA3	208311	43
00	0BA4	208311	43
00	0BA5	208311	43
00	0BA6	208311	43
00	0BA7	208311	43
00	0BA8	208311	43
00	0BA9	208311	43
00	0BAA	208311	43
00	0BAC	208311	43
00	0BAD	208311	43
00	0BAF	208311	43
00	0BB0	208311	43
00	0BB1	208311	43
00	0BB2	208311	43
00	0BB3	208311	43
00	0BB4	208311	43
00	0BB5	208311	43
00	0BB6	208311	43
00	0BB7	208311	43
00	0BB8	208311	43
00	0BBA	39946	43
00	0BBB	89564	43
00	0BBC	89564	43
00	0BE8	90	5065
00	0BEB	90	5065
00	0BED	1440	5065
00	0BEF	1440	5065
00	0BF1	1440	5065
00	0BF3	280	5133
00	0BF4	1440	5065
00	0BF6	1440	5065
00	0BF8	1440	5065
00	0BF9	1440	5065
00	0BFB	90	5065
00	0BFC	31	1119
00	0BFF	31	1119
00	0C01	31	1119
00	0C02	248	1119
00	0C03	248	1119
00	0C05	9	1171
00	0C06	248	1119
00	0C08	248	1119
00	0C0A	248	1119
00	0C0B	248	1119
00	0C0D	31	1119
00	0DB9	26	3210
00	0DBB	26	3210
00	0DBE	26	3210
00	0DC0	312	3210
00	0DC1	312	3210
00	0DC2	312	3210
00	0DC3	312	3210
00	0DC4	312	3210
00	0DC5	312	3210
00	0DC7	26	3210
00	0DC8	26	3210
00	0DCA	26	3210
00	0DCD	26	3210
00	0DE2	82	3209
00	0DE4	82	3209
00	0DE7	82	3209
00	0DE8	82	3209
00	0DE9	82	3209
00	0DEB	492	3209
00	0DEC	492	3209
00	0DED	492	3209
00	0DEF	492	3209
00	0DF0	492	3209
00	0DF1	492	3209
00	0DF2	492	3209
00	0DF3	492	3209
00	0DF5	492	3209
00	0DF7	492	3209
00	0DF8	492	3209
00	0DF9	492	3209
00	0DFA	492	3209
00	0DFC	492	3209
00	0DFE	492	3209
00	0DFF	492	3209
00	0E00	492	3209
00	0E01	492	3209
00	0E02	492	3209
00	0E04	82	3209
00	0E05	82	3209
00	0E06	82	3209
00	0E08	492	3209
00	0E0A	492	3209
00	0E0B	492	3209
00	0E0C	492	3209
00	0E0E	492	3209
00	0E10	492	3209
00	0E12	492	3209
00	0E14	492	3209
00	0E15	492	3209
00	0E16	492	3209
00	0E18	492	3209
00	0E1A	492	3209
00	0E1B	492	3209
00	0E1D	492	3209
00	0E1E	492	3209
00	0E1F	492	3209
00	0E20	492	3209
00	0E21	492	3209
00	0E23	492	3209
00	0E25	492	3209
00	0E26	492	3209
00	0E27	492	3209
00	0E28	492	3209
00	0E2A	82	3209
00	0E2C	82	3209
00	0E2E	82	3209
00	0E31	82	3209
00	0E93	12793	3196
00	0E94	12793	3196
00	0E96	12793	3196
00	0E98	12793	3196
00	0E9A	6397	3196
00	0E9C	6397	3196
00	0E9D	6397	3196
00	0E9F	6397	3196
00	0EA1	6397	3196
00	0EA3	6397	3196
00	0EA6	6397	3196
00	0EA8	6397	3196
00	0EA9	6397	3196
00	0EAB	6397	3196
00	0EAD	6397	3196
00	0EAE	6397	3196
00	0EB0	6397	3196
00	0EB1	6397	3196
00	0EB2	6396	3196
00	0EB4	6396	3196
00	0EB5	6396	3196
00	0EB8	6396	3196
00	0EBA	6396	3196
00	0EBB	6396	3196
00	0EBD	6396	3196
00	0EBF	6396	3196
00	0EC1	6396	3196
00	0EC3	6396	3196
00	0EC6	6396	3196
00	0EC7	6396	3196
00	0EC9	6390	3196
00	0ECC	6396	3196
00	0ECD	6396	3196
00	0ECF	6396	3196
00	0ED1	6396	3196
00	0ED2	6396	3196
00	14BF	25	3196
00	14C0	25	3196
00	14C1	25	3196
00	14C2	25	3196
00	14C3	25	3196
00	14C5	1	3196
00	14EA	25	3196
00	14EB	25	3196
00	14ED	25	3196
00	14EE	25	3196
00	14EF	25	3196
00	14F0	25	3196
00	14F2	1	3196
00	151A	1	324
00	151B	1	324
00	151C	1	324
00	151E	16	324
00	151F	16	324
00	1521	15	324
00	1522	15	324
00	1523	15	324
00	1525	15	324
00	1526	15	324
00	1527	15	324
00	1528	15	324
00	152A	15	324
00	152B	15	324
00	152C	15	324
00	152E	1	324
00	152F	1	324
00	1530	1	324
00	1531	1	324
00	1532	1	324
00	1620	1294	326
00	1622	1294	326
00	1624	525	326
00	1626	525	326
00	163E	525	326
00	1640	525	326
00	1642	525	326
00	1643	525	326
00	1645	525	326
00	1647	525	326
00	164A	525	326
00	164C	525	326
00	164E	525	326
00	1651	525	326
00	1652	525	326
00	1655	525	326
00	1656	525	326
00	1658	525	326
00	165B	525	326
00	165D	525	326
00	165E	525	326
00	1660	525	326
00	1663	525	326
00	1665	525	326
00	1668	525	326
00	1669	769	1138
00	166A	769	1138
00	166C	769	1138
00	166E	769	1138
00	1670	769	1138
00	1671	769	1138
00	1673	769	1138
00	1675	769	1138
00	1678	769	1138
00	1679	769	1138
00	167B	769	1138
00	167C	769	1138
00	167E	769	1138
00	1681	769	1138
00	1683	769	1138
00	16A2	34	2387
00	16A5	34	2387
00	16A7	34	2387
00	16AA	34	2387
00	16AB	34	2387
00	16AD	34	2387
00	16AE	34	2387
00	16AF	34	2387
00	16B2	34	2387
00	16B3	34	2387
00	16B4	34	2387
00	16B7	34	2387
00	16B8	34	2387
00	16BB	34	2387
00	16BC	34	2387
00	16BD	34	2387
00	16BF	34	2387
00	16C0	34	2387
00	16C3	34	2387
00	16C4	202293	1140
00	16C5	202293	1140
00	16C7	202293	1140
00	16C9	202293	1140
00	16CB	200887	1140
00	16CC	200887	1140
00	16CD	1406	1140
00	16D0	1406	1140
00	16D2	1406	1140
00	16D3	1406	1140
00	16D4	1408	1141
00	16D5	1408	1141
00	16D6	1408	1141
00	16D8	1408	1141
00	16D9	1408	1141
00	1711	1	17
00	1713	1	17
00	1715	1	17
00	1716	1	17
00	1718	1	17
00	171A	1	17
00	171C	1	17
00	171F	1	17
00	1722	1	22
00	1724	1	22
00	1725	1	22
00	1727	1	22
00	172A	1	22
00	172C	1	22
00	20A0	1	8
00	20A3	1	8
00	20A6	9592	0
00	20A9	9591	17
00	20AC	127	83
00	20AF	127	83
00	20B2	2	1142
00	20B5	2	1142
00	20C4	1	323
00	20C7	1	323
00	20E8	5	43
00	20EB	5	43
00	20EE	9727	8
00	20F0	9727	8
00	20F3	9727	8
00	20F5	9727	8
00	20F8	22706	8
00	20FA	22706	8
00	20FD	22706	8
00	20FF	45412	8
00	2101	45412	8
00	2104	45412	8
00	2105	45412	8
00	2107	45412	8
00	210A	45412	8
00	210B	9727	8
00	210E	9727	8
00	2111	9727	8
00	2114	9727	8
00	2116	135	43
00	2119	135	43
00	211B	135	43
00	211D	9726	17
00	211F	9726	17
00	2120	9726	17
00	2123	9726	17
00	2124	9726	17
00	2125	1	0
00	2126	1	0
00	2128	1	0
00	2129	9592	0
00	212C	9592	0
00	212E	9592	0
00	2130	1	0
00	2132	1	0
00	2141	9726	17
00	2144	9726	17
00	2146	9726	17
00	2148	9726	17
00	214B	9726	17
00	214D	9726	17
00	214E	9726	17
00	215E	4519	44
00	2161	4519	44
00	2164	4519	44
00	2167	4519	44
00	216A	4519	44
00	216B	4519	44
00	216C	4519	44
00	216F	8460	44
00	2172	8460	44
00	2175	8460	44
00	2178	8460	44
00	217B	8460	44
00	217C	8460	44
00	217D	8460	44
00	217E	8460	44
00	217F	8460	44
00	2180	8460	44
04	4000	1	8
04	4002	1	8
04	4005	1	8
04	4008	1	8
04	4009	1	8
04	400C	1	8
04	400D	1	8
04	4010	1	8
04	4012	1	8
04	4013	63	8
04	4014	63	8
04	4015	63	8
04	4017	1	8
04	4018	1	8
04	401B	1	8
04	401C	1	8
04	401F	1	8
04	4021	1	8
04	4024	1	8
04	4027	1	8
04	402A	1	8
04	402D	1	8
04	402F	1	8
04	4032	1	8
04	4035	1	8
04	4037	1	8
04	403A	1	8
04	403B	1	8
04	403D	1	8
04	4040	1	8
04	4043	8	8
04	4044	8	8
04	4045	8	8
04	4046	8	8
04	4048	1	8
04	4049	1	8
04	404B	1	8
04	404E	1	8
04	4051	4	8
04	4052	4	8
04	4053	4	8
04	4054	4	8
04	4056	1	8
04	4058	1	8
04	405A	1	8
04	405C	1	8
04	405E	1	8
04	4060	1	8
04	4062	1	8
04	4064	1	8
04	4066	1	8
04	4068	1	8
04	406A	1	8
04	406C	1	8
04	406E	1	8
04	4070	1	8
04	4072	1	8
04	4074	1	8
04	4076	1	8
04	4078	1	8
04	407A	1	8
04	407C	1	8
04	407F	1	8
04	4082	9591	17
04	4083	9591	17
04	4084	9591	17
04	4087	9591	17
04	408A	9591	17
04	408C	9591	17
04	408F	9591	17
04	4090	9591	17
04	4091	9591	17
04	4092	9591	17
04	4094	9591	17
04	4095	9591	17
04	4096	9591	17
04	4097	9591	17
04	4099	9591	17
04	409A	9591	17
04	409B	9591	17
04	409D	9591	17
04	40AC	9591	17
04	40AD	9591	17
04	40AE	9591	17
04	40B1	38364	17
04	40B4	38364	17
04	40B7	38364	17
04	40B9	9591	17
04	40BC	38364	17
04	40BF	38364	17
04	40C2	38364	17
04	40C4	9591	17
04	40C7	9591	17
04	40C8	9591	17
04	40CA	9591	17
04	40CB	9591	17
04	40CC	9591	17
04	40CE	9591	17
04	40D0	9591	17
04	40D3	9591	17
04	40D5	9591	17
04	40D8	9591	17
04	40D9	9591	17
04	40DA	9591	17
04	40DB	9591	17
04	40DD	9591	17
04	40DE	9591	17
04	40DF	9591	17
04	40E0	9591	17
04	40E2	9591	17
04	40E3	9591	17
04	40E4	9591	17
04	40E6	9591	17
04	40E8	626	503
04	40EB	2504	503
04	40EE	2504	503
04	40F1	2504	503
04	40F3	626	503
04	40F5	9119	17
04	40F6	9119	17
04	40F7	9119	17
04	40FA	36476	17
04	40FD	36476	17
04	4100	36476	17
04	4102	9119	17
04	4105	36476	17
04	4108	36476	17
04	410B	36476	17
04	410D	9119	17
04	4110	9119	17
04	4111	9119	17
04	4113	9119	17
04	4114	9119	17
04	4115	9119	17
04	4117	9119	17
04	4119	9591	17
04	411C	38364	17
04	411F	38364	17
04	4122	38364	17
04	4124	9591	17
04	4127	9591	17
04	4128	9591	17
04	412A	640	17
04	412C	9591	17
04	412D	9591	17
04	4130	9591	17
04	4132	9591	17
04	4135	9591	17
04	4138	76728	17
04	4139	76728	17
04	413B	76728	17
04	413C	76728	17
04	413D	76728	17
04	413F	76728	17
04	4140	76728	17
04	4141	76728	17
04	4143	9591	17
04	4144	9591	17
04	4147	9591	17
04	4148	9591	17
04	4149	9591	17
04	414C	9718	17
04	414F	9718	17
04	4151	9718	17
04	4153	9753	17
04	4156	9753	17
04	4158	9753	17
04	415F	19471	17
04	4162	19471	17
04	4163	19471	17
04	4164	19471	17
04	4165	19471	17
04	4166	19471	17
04	4167	77387	17
04	416A	77387	17
04	416B	77387	17
04	416C	58043	17
04	416D	58043	17
04	416F	58043	17
04	4170	58043	17
04	4171	58043	17
04	4173	58043	17
04	4174	58043	17
04	4175	58043	17
04	4176	58043	17
04	4177	731	84
04	417A	731	84
04	417C	731	84
04	417E	731	84
04	4180	541	44
04	4183	541	44
04	4185	541	44
04	4187	541	44
04	4189	587	84
04	418C	587	84
04	418E	587	84
04	4190	587	84
04	4192	1081	502
04	4195	1081	502
04	4197	1081	502
04	4199	1081	502
04	419B	28301	17
04	419E	28301	17
04	41A0	28301	17
04	41A2	31241	17
04	41A5	31241	17
04	41A6	31241	17
04	41A7	31241	17
04	41A8	31241	17
04	41A9	31241	17
04	41AA	31241	17
04	41AB	31241	17
04	41AC	113204	17
04	41AF	113204	17
04	41B0	113204	17
04	41B1	84903	17
04	41B2	84903	17
04	41B4	84903	17
04	41B5	84903	17
04	41B6	84903	17
04	41B8	84903	17
04	41B9	84903	17
04	41BA	84903	17
04	41BB	84903	17
04	41BD	84903	17
04	41BE	84903	17
04	41BF	84903	17
04	41C0	127	83
04	41C1	127	83
04	41C2	127	83
04	41C5	127	83
04	41C8	127	83
04	41CB	127	83
04	41CD	127	83
04	4219	127	83
04	421C	127	83
04	421E	127	83
04	4221	127	83
04	4222	127	83
04	4225	138	83
04	4228	138	83
04	4229	138	83
04	422C	138	83
04	422D	138	83
04	422F	138	83
04	4231	137	83
04	4234	137	83
04	4236	10	83
04	4239	10	83
04	423A	10	83
04	423D	10	83
04	423E	10	83
04	4241	11	83
04	4244	11	83
04	4246	11	83
04	4249	11	83
04	424C	11	83
04	4284	127	83
04	4287	7	43
04	4288	7	43
04	4289	7	43
04	428C	7	43
04	428D	7	43
04	4290	7	43
04	4291	7	43
04	4294	7	43
04	4295	7	43
04	4298	7	43
04	4299	7	43
04	429C	7	43
04	429F	7	43
04	42A2	22	43
04	42A5	22	43
04	42A7	15	501
04	42AA	15	501
04	42AE	6	43
04	42B1	6	43
04	42B2	6	43
04	42B5	6	43
04	42B6	6	43
04	42B7	6	43
04	42B8	13	43
04	42BB	13	43
04	42BD	7	43
04	42D6	5	43
04	42D9	5	43
04	42DA	5	43
04	430A	134	43
04	430B	134	43
04	430E	134	43
04	4310	134	43
04	4311	134	43
04	4319	134	43
04	431B	134	43
04	431D	134	43
04	4320	134	43
04	4321	134	43
04	4322	134	43
04	4323	134	43
04	4324	134	43
04	4325	134	43
04	4328	134	43
04	4329	134	43
04	432A	134	43
04	432B	134	43
04	432C	134	43
04	432D	134	43
04	432E	134	43
04	4331	134	43
04	4332	134	43
04	4335	134	43
04	4336	134	43
04	4339	134	43
04	433A	134	43
04	433D	134	43
04	433E	134	43
04	4341	134	43
04	4342	134	43
04	4343	134	43
04	4344	134	43
04	4347	134	43
04	4348	134	43
04	434B	134	43
04	434C	159	43
04	434F	159	43
04	4350	159	43
04	4353	159	43
04	4354	159	43
04	4356	159	43
04	4357	159	43
04	4358	159	43
04	435B	159	43
04	435C	159	43
04	435F	159	43
04	4360	159	43
04	4363	159	43
04	4364	159	43
04	4367	159	43
04	4368	159	43
04	436B	159	43
04	436C	159	43
04	436F	159	43
04	4370	159	43
04	4373	159	43
04	4374	159	43
04	4377	159	43
04	4378	159	43
04	4379	25	83
04	437C	25	83
04	437E	25	83
04	437F	25	83
04	4380	25	83
04	4382	25	83
04	4383	25	83
04	4384	25	83
04	4385	25	83
04	4386	159	44
04	4388	159	44
04	4389	159	44
04	438A	159	44
04	438B	159	44
04	438C	159	44
04	438D	159	44
04	438E	159	44
04	438F	159	44
04	4390	159	44
04	4393	159	44
04	4394	159	44
04	4397	159	44
04	4398	159	44
04	439B	159	44
04	439C	159	44
04	439D	159	44
04	439E	159	44
04	43A1	159	44
04	43A2	159	44
04	43A3	159	44
04	43A4	159	44
04	43A5	159	44
04	43A6	159	44
04	43A7	159	44
04	43A8	159	44
04	43A9	159	44
04	43AB	159	44
04	43AC	159	44
04	43AD	159	44
04	43AE	159	44
04	43AF	159	44
04	43B0	159	44
04	43B1	159	44
04	43B2	159	44
04	43B4	159	44
04	43B5	159	44
04	43B7	159	44
04	43B8	159	44
04	43B9	159	44
04	43BA	159	44
04	43BB	159	44
04	43BC	159	44
04	43BE	159	44
04	43BF	159	44
04	43C0	159	44
04	43C1	159	44
04	43C2	159	44
04	43C3	159	44
04	43C4	159	44
04	43C6	159	44
04	43C7	159	44
04	43C8	159	44
04	43C9	159	44
04	43CA	159	44
04	43CB	159	44
04	43CC	159	44
04	43CD	159	44
04	43CE	159	44
04	43CF	159	44
04	43D0	159	44
04	43D1	159	44
04	43D2	159	44
04	43D3	159	44
04	43D4	159	44
04	43D5	159	44
04	43D6	159	44
04	43D7	159	44
04	43D8	159	44
04	43DA	159	44
04	43DB	159	44
04	4429	1	323
04	442C	1	323
04	4433	1	323
04	4435	1	323
04	4438	1	323
04	443B	4	323
04	443E	4	323
04	443F	4	323
04	4442	4	323
04	4443	4	323
04	4445	4	323
04	4448	4	323
04	444A	1	323
04	453A	9591	17
04	453D	9591	17
04	453E	9591	17
04	453F	9552	17
04	4542	9552	17
04	4543	9552	17
04	455A	2504	503
04	455D	2504	503
04	455E	2504	503
04	4561	2504	503
04	4562	2504	503
04	4563	2504	503
04	4565	2504	503
04	4566	2220	503
04	4569	2220	503
04	456C	74840	17
04	456F	74840	17
04	4570	74840	17
04	4573	74840	17
04	4574	74840	17
04	4575	74840	17
04	4577	74840	17
04	4578	34259	44
04	457A	34259	44
04	457C	159	44
04	457D	159	44
04	4580	159	44
04	4581	159	44
04	4582	34259	44
04	4585	34259	44
04	4586	34259	44
04	4587	34259	44
04	4588	34259	44
04	458A	30817	85
04	458B	30817	85
04	458C	30817	85
04	458E	3442	44
04	458F	3442	44
04	4590	3442	44
04	4591	3442	44
04	4592	3442	44
04	4593	3442	44
04	4594	3442	44
04	4597	3442	44
04	4598	3442	44
04	459B	8209	44
04	459E	8209	44
04	459F	8209	44
04	45A2	8209	44
04	45A3	8209	44
04	45A6	8209	44
04	45A7	8209	44
04	45AA	8209	44
04	45AC	8209	44
04	45AE	776	510
04	45AF	776	510
04	45B2	776	510
04	45B3	776	510
04	45B4	776	510
04	45B6	7433	44
04	45B7	7433	44
04	45BA	7433	44
04	45BB	7433	44
04	45BD	7433	44
04	45BF	3507	44
04	45C0	8209	44
04	45C2	8209	44
04	45C5	5269	44
04	45C7	5269	44
04	45CA	1970	44
04	45CD	1970	44
04	45CF	1970	44
04	45D0	1970	44
04	45D1	1970	44
04	45D3	1970	44
04	45D4	1970	44
04	45D5	1970	44
04	45D6	1970	44
04	45D7	1970	44
04	45D8	1970	44
04	45D9	1970	44
04	45DA	1970	44
04	45DB	143	44
04	45DE	143	44
04	45DF	143	44
04	45E2	143	44
04	45E3	143	44
04	45E4	143	44
04	45E5	143	44
04	45E6	34116	84
04	45E9	34116	84
04	45EA	34116	84
04	45EB	34116	84
04	45EC	34116	84
04	45EE	879	517
04	45EF	879	517
04	45F2	879	517
04	45F3	879	517
04	45F5	879	517
04	45F7	33237	84
04	45FA	33237	84
04	45FB	33237	84
04	45FC	33237	84
04	45FD	34116	84
04	45FE	34116	84
04	4600	34116	84
04	4602	16525	89
04	4603	34116	84
04	4606	34116	84
04	4609	34116	84
04	460A	34116	84
04	460B	34116	84
04	460C	34116	84
04	460E	1587	502
04	460F	1587	502
04	4612	1587	502
04	4613	1587	502
04	4614	1587	502
04	4615	1587	502
04	4618	1587	502
04	4619	1587	502
04	461A	1587	502
04	461B	1587	502
04	461C	1587	502
04	461D	1587	502
04	461F	1587	502
04	4623	32529	84
04	4626	32529	84
04	4627	32529	84
04	4628	32529	84
04	462A	32529	84
04	462E	1587	502
04	462F	1587	502
04	4631	1587	502
04	4632	1587	502
04	4633	1587	502
04	4635	1587	502
04	4636	1587	502
04	4638	1587	502
04	4639	1587	502
04	463B	1587	502
04	463C	1587	502
04	463E	1587	502
04	463F	1587	502
04	4640	34116	84
04	4641	34116	84
04	4642	34116	84
04	4644	717	502
04	4647	717	502
04	4649	717	502
04	464C	717	502
04	464D	34116	84
04	464E	34116	84
04	464F	34116	84
04	4650	34116	84
04	4652	153	502
04	4655	153	502
04	4657	153	502
04	465A	153	502
04	465B	34116	84
04	465D	34116	84
04	4660	34116	84
04	4661	34116	84
04	4664	34116	84
04	4665	34116	84
04	4668	36336	84
04	466A	36336	84
04	466C	1022	502
04	466F	1022	502
04	4670	1022	502
04	4671	1022	502
04	4673	1022	502
04	4675	1022	502
04	4676	1022	502
04	4677	1022	502
04	467A	1022	502
04	467B	1022	502
04	467C	1022	502
04	467D	1022	502
04	467E	1022	502
04	467F	1022	502
04	4680	1022	502
04	4681	1022	502
04	4684	1022	502
04	4685	1022	502
04	4686	1022	502
04	4687	1022	502
04	4688	1022	502
04	4689	1022	502
04	468A	1022	502
04	468B	1022	502
04	468E	1022	502
04	468F	1022	502
04	4690	1022	502
04	4692	1022	502
04	4694	1022	502
04	4695	1022	502
04	4696	1022	502
04	4697	1022	502
04	4698	1022	502
04	4699	1022	502
04	469A	1022	502
04	469D	1022	502
04	469E	1022	502
04	469F	1022	502
04	46A0	1022	502
04	46A1	1022	502
04	46A4	1022	502
04	46A5	1022	502
04	46A8	36336	84
04	46AA	36336	84
04	46BF	36336	84
04	46C1	36336	84
04	46C3	157	84
04	46C6	157	84
04	46C7	157	84
04	46C8	157	84
04	46C9	157	84
04	46CA	157	84
04	46CD	157	84
04	46CF	157	84
04	46D1	157	84
04	46D3	157	84
04	46D5	157	84
04	46D7	157	84
04	46D8	157	84
04	46D9	157	84
04	46DA	157	84
04	46DD	157	84
04	46DE	157	84
04	46DF	157	84
04	46E2	157	84
04	46E3	157	84
04	46E6	36336	84
04	46E7	36336	84
04	4756	3299	84
04	4758	3299	84
04	475B	3299	84
04	475D	3299	84
04	475E	3299	84
04	4760	3299	84
04	4762	3299	84
04	4763	3299	84
04	4764	3299	84
04	4765	3299	84
04	4768	3299	84
04	4769	3299	84
04	476C	3299	84
04	476D	3299	84
04	476E	3299	84
04	476F	3299	84
04	4770	3299	84
04	4771	3299	84
04	4772	3299	84
04	4773	3299	84
04	4774	3299	84
04	4777	60	1503
04	477A	60	1503
04	477B	60	1503
04	477E	60	1503
04	477F	60	1503
04	4782	60	1503
04	4783	60	1503
04	4784	60	1503
04	4786	60	1503
04	4789	60	1503
04	478A	60	1503
04	478B	60	1503
04	478C	60	1503
04	478D	60	1503
04	478F	60	1503
04	4790	60	1503
04	4793	60	1503
04	4794	60	1503
04	4795	60	1503
04	4796	60	1503
04	4797	60	1503
04	4798	60	1503
04	4799	60	1503
04	479A	60	1503
04	479B	92	1503
04	479E	92	1503
04	479F	92	1503
04	47A0	92	1503
04	47A3	91	1323
04	47A6	91	1323
04	47A7	91	1323
04	47AA	91	1323
04	47AB	91	1323
04	47AE	91	1323
04	47AF	91	1323
04	47B0	91	1323
04	47B1	91	1323
04	47B4	58	1593
04	47B5	58	1593
04	47B6	58	1593
04	47B7	58	1593
04	47B8	58	1593
04	47BA	58	1593
04	47BB	58	1593
04	47BE	58	1593
04	47BF	58	1593
04	47C0	58	1593
04	47C1	58	1593
04	47C2	58	1593
04	47E3	142	44
04	47E6	142	44
04	47E8	142	44
04	47EB	142	44
04	47ED	127	84
04	47F0	142	44
04	47F3	142	44
04	47F4	142	44
04	47F5	142	44
04	47F8	142	44
04	47FB	142	44
04	47FC	142	44
04	47FD	142	44
04	47FE	142	44
04	47FF	142	44
04	4800	142	44
04	4803	142	44
04	4804	142	44
04	4806	142	44
04	480C	142	44
04	480E	142	44
04	480F	142	44
04	4811	142	44
04	4812	142	44
04	4813	142	44
04	4816	142	44
04	4817	142	44
04	4818	142	44
04	483A	159	44
04	483D	159	44
04	484E	848	44
04	4851	848	44
04	4852	848	44
04	4854	848	44
04	4856	828	44
04	4859	828	44
04	485C	828	44
04	485E	828	44
04	485F	828	44
04	4862	828	44
04	4864	828	44
04	4865	828	44
04	4866	828	44
04	4867	828	44
04	4868	828	44
04	4869	828	44
04	486A	828	44
04	486B	828	44
04	486C	828	44
04	486D	828	44
04	486E	828	44
04	486F	828	44
04	4870	828	44
04	4871	828	44
04	4872	828	44
04	4873	828	44
04	4876	828	44
04	4878	828	44
04	487B	828	44
04	487E	20	502
04	4881	20	502
04	4883	20	502
04	4886	20	502
04	4889	1876	44
04	488A	1876	44
04	488C	1876	44
04	488D	1876	44
04	488E	1876	44
04	488F	1876	44
04	4890	1876	44
04	4891	1876	44
04	4894	1876	44
04	4895	1876	44
04	4896	302	532
04	4899	302	532
04	489A	302	532
04	489D	302	532
04	489E	302	532
04	48A1	302	532
04	48A2	302	532
04	48A5	302	532
04	48A6	302	532
04	48A7	302	532
04	48A9	302	532
04	48AA	302	532
04	48AB	302	532
04	48AC	302	532
04	48AD	324	532
04	48AE	324	532
04	48B0	324	532
04	48B2	187	533
04	48B5	187	533
04	48B6	187	533
04	48B7	187	533
04	48B9	137	532
04	48BA	137	532
04	48BB	137	532
04	48BC	137	532
04	48BF	137	532
04	48C0	137	532
04	48C1	137	532
04	48C2	137	532
04	48C3	137	532
04	48C4	137	532
04	48C5	137	532
04	48C6	324	532
04	48C7	324	532
04	48C8	324	532
04	48C9	324	532
04	48CA	324	532
04	48CD	324	532
04	48CF	324	532
04	48D2	324	532
04	48D5	22	1095
04	48D8	22	1095
04	48D9	22	1095
04	48DC	22	1095
04	48DD	22	1095
04	48E0	22	1095
04	48E1	22	1095
04	48E4	22	1095
04	48E5	22	1095
04	48E6	22	1095
04	48E7	22	1095
04	48E8	22	1095
04	48E9	22	1095
04	48EA	22	1095
04	48EC	4	502
04	48EF	4	502
04	48F0	4	502
04	48F3	4	502
04	48F4	4	502
04	48F7	4	502
04	48F8	4	502
04	48FB	4	502
04	48FC	4	502
04	48FD	4	502
04	48FF	4	502
04	4905	4	502
04	4925	4	502
04	4928	4	502
04	492A	159	44
04	492D	159	44
04	492F	159	44
04	4932	159	44
04	4935	159	44
04	4938	159	44
04	4939	159	44
04	493C	159	44
04	493D	159	44
04	493E	159	44
04	4941	159	44
04	4942	159	44
04	4943	159	44
04	4944	159	44
04	4970	4	502
04	4973	167	44
04	4976	167	44
04	4977	167	44
04	497A	167	44
04	497B	167	44
04	497C	167	44
04	497F	167	44
04	4980	167	44
04	4981	167	44
04	4A2B	2940	44
04	4A2D	2940	44
04	4A2F	2940	44
04	4A30	2940	44
04	4A32	2940	44
04	4A34	2940	44
04	4A35	2940	44
04	4A36	2940	44
04	4A39	2940	44
04	4A3A	2940	44
04	4A3D	2940	44
04	4A3E	2940	44
04	4A3F	2940	44
04	4A42	2940	44
04	4A43	2940	44
04	4A44	2940	44
04	4A46	2940	44
04	4A49	2940	44
04	4A4B	4519	44
04	4A4C	4519	44
04	4A4F	4519	44
04	4A50	7459	44
04	4A52	7459	44
04	4A54	4519	44
04	4A56	4519	44
04	4A58	2191	44
04	4A5A	2191	44
04	4A69	2328	44
04	4A6B	2328	44
04	4A6D	2328	44
04	4A6F	2328	44
04	4A70	2328	44
04	4A71	2328	44
04	4A73	2191	44
04	4A75	2191	44
04	4A77	2191	44
04	4A79	2191	44
04	4A7A	2191	44
04	4A7B	2191	44
04	4A7C	2191	44
04	4A7E	2191	44
04	4A7F	2191	44
04	4A81	2940	44
04	4A82	2940	44
04	4A83	2940	44
04	4A84	2940	44
04	4A87	2940	44
04	4A88	2940	44
04	4A89	2940	44
04	4A8C	2940	44
04	4A8F	2940	44
04	4A92	2940	44
04	4A93	2940	44
04	4A94	2940	44
04	4A95	2940	44
04	4A98	2940	44
04	4A99	2940	44
04	4A9C	2940	44
04	4A9E	2940	44
04	4AA0	1048	502
04	4AA1	1048	502
04	4AA2	1048	502
04	4AA3	1048	502
04	4AA6	1048	502
04	4AA8	1048	502
04	4AAB	1048	502
04	4AAC	1048	502
04	4AAD	1048	502
04	4AAE	1048	502
04	4AAF	1048	502
04	4AB0	1048	502
04	4AB1	1048	502
04	4AB2	1048	502
04	4AB3	1048	502
04	4AB4	1048	502
04	4AB5	1048	502
04	4AB6	1048	502
04	4AB7	1048	502
04	4AB8	1048	502
04	4AB9	1048	502
04	4ABA	1048	502
04	4ABD	1048	502
04	4ABE	2940	44
04	4ABF	2940	44
04	4AC1	2940	44
04	4AC3	1272	44
04	4AC5	1272	44
04	4AC7	731	84
04	4ACA	731	84
04	4ACC	541	44
04	4ACF	541	44
04	4AD1	1668	84
04	4AD3	1668	84
04	4AD5	587	84
04	4AD8	587	84
04	4ADA	1081	502
04	4ADD	2940	44
04	4AE0	2940	44
04	4AE3	2940	44
04	4AE5	2940	44
04	4AE7	287	84
04	4AE9	2940	44
04	4AEC	2940	44
04	4AED	2940	44
04	4AF0	2940	44
04	4AF1	2940	44
04	4AF4	2940	44
04	4AF5	2940	44
04	4AF8	2940	44
04	4AF9	2940	44
04	4AFA	2940	44
04	4AFD	2940	44
04	4AFE	2940	44
04	4B01	2940	44
04	4B02	2940	44
04	4B05	2940	44
04	4B06	2940	44
04	4B07	2940	44
04	4B08	2940	44
04	4B0A	606	517
04	4B0C	606	517
04	4B0E	513	517
04	4B10	93	1729
04	4B11	93	1729
04	4B12	93	1729
04	4B14	86	1729
04	4B16	74	1729
04	4B17	74	1729
04	4B18	74	1729
04	4B1A	2899	44
04	4B1D	2899	44
04	4B20	2899	44
04	4B21	2899	44
04	4B24	2899	44
04	4B25	2899	44
04	4B28	2899	44
04	4B29	2899	44
04	4B2C	2899	44
04	4B2D	2899	44
04	4B2F	2899	44
04	4B30	2899	44
04	4B33	2899	44
04	4B34	2899	44
04	4B37	2899	44
04	4B38	2899	44
04	4B3B	2899	44
04	4B3C	2899	44
04	4B3D	2899	44
04	4B3E	2899	44
04	4B3F	2899	44
04	4B40	2899	44
04	4B42	2899	44
04	4B43	2899	44
04	4B44	2899	44
04	4B46	2899	44
04	4B47	2899	44
04	4B48	2899	44
04	4B49	2899	44
04	4B4A	2899	44
04	4B4B	2899	44
04	4B4C	2899	44
04	4B4D	2899	44
04	4B4E	2899	44
04	4B4F	2899	44
04	4B50	2899	44
04	4B51	2899	44
04	4B52	2899	44
04	4B53	2899	44
04	4B54	2899	44
04	4B55	2899	44
04	4B56	2899	44
04	4B57	2899	44
04	4B58	2899	44
04	4B59	2899	44
04	4B5A	2899	44
04	4B5B	2899	44
04	4B5C	2899	44
04	4B5D	2899	44
04	4B5E	2899	44
04	4B61	2899	44
04	4B62	2940	44
04	4B63	2940	44
04	4BC9	38364	17
04	4BCC	38364	17
04	4BCD	38364	17
04	4BD0	38364	17
04	4BD1	38364	17
04	4BD3	38364	17
04	4BD4	16722	85
04	4BD5	16722	85
04	4BD6	16722	85
04	4BD8	16722	85
04	4BD9	670	85
04	4BDB	36476	17
04	4BDE	36476	17
04	4BDF	36476	17
04	4BE2	36476	17
04	4BE3	36476	17
04	4BE5	36476	17
04	4BE6	16101	84
04	4BE7	16101	84
04	4BE8	16101	84
04	4BEA	16101	84
04	4BEB	15965	85
04	4BEC	15965	85
04	4BED	15965	85
04	4BEE	15965	85
04	4BEF	15965	85
04	4BF0	15965	85
04	4BF1	15965	85
04	4BF2	15965	85
04	4BF4	15965	85
04	4BF6	15961	85
04	4BF7	15961	85
04	4BF8	15961	85
04	4BF9	15961	85
04	4BFA	15935	85
04	4BFB	15935	85
04	4BFC	2828	87
04	4BFF	2828	87
04	4C00	2828	87
04	4C01	2828	87
04	4C03	2828	87
04	4C05	2828	87
04	4C07	2828	87
04	4C09	2828	87
04	4C0A	2828	87
04	4C0B	4	1788
04	4C0E	4	1788
04	4C0F	142	44
04	4C10	142	44
04	4C11	142	44
04	4C14	38364	17
04	4C17	38364	17
04	4C18	38364	17
04	4C1B	38364	17
04	4C1C	38364	17
04	4C1D	38364	17
04	4C1F	38364	17
04	4C20	19052	44
04	4C21	19052	44
04	4C22	19052	44
04	4C25	19052	44
04	4C26	19052	44
04	4C27	19052	44
04	4C2A	19052	44
04	4C2B	19052	44
04	4C2C	19052	44
04	4C2F	19052	44
04	4C30	19052	44
04	4C31	19052	44
04	4C33	19052	44
04	4C35	138	44
04	4C36	138	44
04	4C38	18914	84
04	4C3B	18914	84
04	4C3D	18914	84
04	4C3F	13836	85
04	4C42	13836	85
04	4C43	13836	85
04	4C46	13836	85
04	4C47	13836	85
04	4C49	916	513
04	4C4A	13836	85
04	4C4B	13836	85
04	4C4C	13836	85
04	4C4E	13836	85
04	4C50	13836	85
04	4C52	13836	85
04	4C54	13836	85
04	4C5F	5078	84
04	4C60	5078	84
04	4C62	5078	84
04	4C64	5078	84
04	4C66	2897	84
04	4C67	2897	84
04	4C6A	2897	84
04	4C6B	2897	84
04	4C6E	2897	84
04	4C70	2897	84
04	4C73	2897	84
04	4C76	2897	84
04	4C79	2897	84
04	4C7A	2897	84
04	4C7B	2897	84
04	4C7E	2897	84
04	4C7F	2897	84
04	4C81	2897	84
04	4C82	2897	84
04	4C83	2897	84
04	4C85	2897	84
04	4C8F	2181	87
04	4C92	2181	87
04	4C93	2181	87
04	4C94	2181	87
04	4C97	2181	87
04	4C98	2181	87
04	4C99	2181	87
04	4C9B	2181	87
04	4C9E	2181	87
04	4C9F	2181	87
04	4CA0	2181	87
04	4CA1	2181	87
04	4CA2	2181	87
04	4CA4	2181	87
04	4CD3	2897	84
04	4CD6	2897	84
04	4CD7	2897	84
04	4CD8	2897	84
04	4CDB	2897	84
04	4CDC	2897	84
04	4CDD	2897	84
04	4CDE	2897	84
04	4CE1	2897	84
04	4CE2	2897	84
04	4CE4	2897	84
04	4CE7	2897	84
04	4CE8	2897	84
04	4CEB	2897	84
04	4CEC	2897	84
04	4CED	2897	84
04	4CEE	2897	84
04	4CEF	2897	84
04	4CF0	2897	84
04	4CF2	2897	84
04	4CF4	402	84
04	4CF7	402	84
04	4CF9	402	84
04	4CFA	402	84
04	4CFB	2897	84
04	4CFC	2897	84
04	4CFD	2897	84
04	4CFE	2897	84
04	4CFF	2897	84
04	4D02	13836	85
04	4D05	13836	85
04	4D07	13836	85
04	4D0A	13836	85
04	4D0D	13836	85
04	4D0E	13836	85
04	4D0F	13836	85
04	4D11	13836	85
04	4D13	8673	85
04	4D14	8673	85
04	4D15	8673	85
04	4D17	8001	85
04	4D18	8001	85
04	4D19	8001	85
04	4D1A	8001	85
04	4D1C	8001	85
04	4D1E	8001	85
04	4D21	8001	85
04	4D22	8673	85
04	4D23	8673	85
04	4D24	8673	85
04	4D25	8673	85
04	4D27	8673	85
04	4D28	8673	85
04	4D2A	1106	507
04	4D2D	1106	507
04	4D2F	1097	507
04	4D30	1097	507
04	4D31	1097	507
04	4D32	1097	507
04	4D34	5163	85
04	4D35	5163	85
04	4D36	5163	85
04	4D37	5163	85
04	4D39	5163	85
04	4D54	2190	87
04	4D55	2190	87
04	4D58	2190	87
04	4D59	2190	87
04	4D5C	2190	87
04	4D5D	2190	87
04	4D60	2190	87
04	4D61	2190	87
04	4D62	2190	87
04	4D65	2190	87
04	4D66	2190	87
04	4D67	2190	87
04	4D68	2190	87
04	4D69	2190	87
04	4D6A	2190	87
04	4D6B	2190	87
04	4D6C	2190	87
04	4D6E	2190	87
04	4D6F	2190	87
04	4D70	2190	87
04	4D90	2190	87
04	4D93	2190	87
04	4D94	2190	87
04	4D97	2190	87
04	4D98	2190	87
04	4D99	2190	87
04	4D9A	2190	87
04	4D9D	7567	85
04	4DA0	7567	85
04	4DA2	7567	85
04	4DA4	6495	85
04	4DA7	6495	85
04	4DA9	6495	85
04	4DAC	6495	85
04	4DAE	3994	84
04	4DB1	3994	84
04	4DB3	3994	84
04	4DB6	16724	84
04	4DB9	16724	84
04	4DBB	16724	84
04	4DBD	3280	84
04	4DC0	3280	84
04	4DC3	16724	84
04	4DC5	16724	84
04	4DC7	2897	84
04	4DCA	2897	84
04	4DCD	16724	84
04	4DCF	16724	84
04	4DD0	4218	84
04	4DD3	1508	84
04	4DD6	1508	84
04	4DD7	1508	84
04	4DD8	1508	84
04	4DDB	1508	84
04	4DDC	1508	84
04	4DDE	1508	84
04	4DDF	2897	84
04	4DE0	2897	84
04	4DE3	2897	84
04	4DE4	2897	84
04	4DE5	2897	84
04	4DE8	2897	84
04	4DE9	2897	84
04	4DEC	2897	84
04	4DED	2897	84
04	4DF0	2897	84
04	4DF1	2897	84
04	4DF2	2897	84
04	4DF5	2897	84
04	4DF7	2897	84
04	4DF9	2897	84
04	4DFA	2897	84
04	4DFD	2897	84
04	4DFE	2897	84
04	4DFF	2897	84
04	4E02	2897	84
04	4E03	2897	84
04	4E04	2897	84
04	4E05	2897	84
04	4E08	2897	84
04	4E09	2897	84
04	4E0A	2897	84
04	4E0D	2897	84
04	4E0E	2897	84
04	4E0F	2897	84
04	4E12	2897	84
04	4E14	2897	84
04	4E15	2897	84
04	4E18	2897	84
04	4E19	2897	84
04	4E1C	2897	84
04	4E1D	2897	84
04	4E20	2897	84
04	4E21	2897	84
04	4E22	2897	84
04	4E25	2897	84
04	4E27	2897	84
04	4E29	2897	84
04	4E2A	2897	84
04	4E2D	2897	84
04	4E2E	2897	84
04	4E2F	2897	84
04	4E32	2897	84
04	4E33	2897	84
04	4E34	8001	85
04	4E35	8001	85
04	4E38	8001	85
04	4E3A	8001	85
04	4E3B	8001	85
04	4E3C	1202	520
04	4E3D	1202	520
04	4E3F	1202	520
04	4E41	241	523
04	4E44	241	523
04	4E46	241	523
04	4E49	1202	520
04	4E4A	1202	520
04	4E4B	2897	84
04	4E4E	2897	84
04	4E4F	2897	84
04	4E52	2897	84
04	4E53	2897	84
04	4E56	2897	84
04	4E57	2897	84
04	4E5A	2897	84
04	4E5B	2897	84
04	4E5D	2897	84
04	4E5F	1653	84
04	4E61	1066	502
04	4E62	1066	502
04	4E63	1066	502
04	4E64	1066	502
04	4E65	1066	502
04	4E67	1066	502
04	4E68	1066	502
04	4E69	1066	502
04	4E6A	1066	502
04	4E6C	1066	502
04	4E6D	1066	502
04	4E6E	1066	502
04	4E6F	1066	502
04	4E70	1066	502
04	4E78	1066	502
04	4E7A	1066	502
04	4E7C	1066	502
04	4E7D	1244	84
04	4E7E	1244	84
04	4E7F	1244	84
04	4E80	1244	84
04	4E82	1244	84
04	4E83	1244	84
04	4E84	1244	84
04	4E85	1244	84
04	4E8F	1244	84
04	4E90	1244	84
04	4E91	1244	84
04	4E92	1244	84
04	4E93	1244	84
04	4E94	1244	84
04	4E95	1244	84
04	4E96	1244	84
04	4E97	1244	84
04	4E98	1244	84
04	4E99	1244	84
04	4E9A	1244	84
04	4E9B	587	84
04	4E9C	587	84
04	4E9E	587	84
04	4E9F	587	84
04	4EA0	587	84
04	4EA1	587	84
04	4EA9	587	84
04	4EAB	587	84
04	4EAE	587	84
04	4EAF	587	84
04	4EB0	322	84
04	4EB1	322	84
04	4EB4	322	84
04	4EB5	322	84
04	4EB7	322	84
04	4EB8	322	84
04	4EB9	322	84
04	4EBA	322	84
04	4EBB	322	84
04	4EBE	322	84
04	4EBF	322	84
04	4EC1	322	84
04	4EC3	5152	84
04	4EC4	5152	84
04	4EC5	5152	84
04	4EC6	5152	84
04	4EC7	5152	84
04	4EC9	322	84
04	4ECA	3280	84
04	4ECD	3280	84
04	4ECE	3280	84
04	4ED1	3280	84
04	4ED2	3280	84
04	4ED5	3280	84
04	4ED6	3280	84
04	4ED7	3280	84
04	4ED8	3280	84
04	4ED9	3280	84
04	4EDC	3280	84
04	4EDD	3280	84
04	4EE0	3280	84
04	4EE1	3280	84
04	4EE4	3280	84
04	4EE5	3280	84
04	4EE6	3280	84
04	4EE7	3280	84
04	4EE8	3280	84
04	4EEB	3280	84
04	4EED	3280	84
04	4EEF	1793	84
04	4EF1	607	84
04	4EF2	607	84
04	4EF4	607	84
04	4EF5	2094	84
04	4EF6	2094	84
04	4EF7	2094	84
04	4EFA	2094	84
04	4EFB	2094	84
04	4EFE	2094	84
04	4F01	2094	84
04	4F02	2094	84
04	4F03	2094	84
04	4F05	2094	84
04	4F06	2094	84
04	4F09	2094	84
04	4F0A	2094	84
04	4F0B	2094	84
04	4F0C	2094	84
04	4F0D	2094	84
04	4F0E	2094	84
04	4F0F	2094	84
04	4F11	2094	84
04	4F17	2094	84
04	4F18	2094	84
04	4F19	2094	84
04	4F1A	2094	84
04	4F1D	2094	84
04	4F1E	2094	84
04	4F1F	2094	84
04	4F20	2094	84
04	4F22	2094	84
04	4F23	2094	84
04	4F24	2094	84
04	4F25	2094	84
04	4F28	2094	84
04	4F29	2094	84
04	4F2B	2094	84
04	4F2C	2094	84
04	4F2D	1186	502
04	4F2E	1186	502
04	4F2F	1186	502
04	4F30	1186	502
04	4F32	1186	502
04	4F33	1186	502
04	4F34	1186	502
04	4F36	1186	502
04	4F37	1186	502
04	4F38	1186	502
04	4F3A	1186	502
04	4F3C	701	502
04	4F3E	701	502
04	4F3F	701	502
04	4F40	701	502
04	4F41	701	502
04	4F43	701	502
04	4F44	1186	502
04	4F45	1186	502
04	4F47	1186	502
04	4F48	1186	502
04	4F49	1186	502
04	4F4A	1186	502
04	4F4B	1186	502
04	4F4D	1186	502
04	4F4E	1186	502
04	4F4F	2897	84
04	4F52	2897	84
04	4F53	2897	84
04	4F56	2897	84
04	4F57	2897	84
04	4F5A	2897	84
04	4F5B	2897	84
04	4F5E	2897	84
04	4F60	2897	84
04	4F62	2185	84
04	4F64	1653	84
04	4F66	1653	84
04	4F68	1066	502
04	4F6B	1066	502
04	4F6D	712	84
04	4F70	712	84
04	4F72	532	502
04	4F75	532	502
04	4F77	587	84
04	4F7A	2897	84
04	4F7C	2897	84
04	4F7E	2897	84
04	4F80	2897	84
04	4F90	2897	84
04	4F92	2897	84
04	4F93	2897	84
04	4F94	2897	84
04	4F95	2897	84
04	4F96	2897	84
04	4F97	4218	84
04	4F9A	4218	84
04	4F9B	4218	84
04	4F9E	4218	84
04	4F9F	4218	84
04	4FA2	4218	84
04	4FA3	4218	84
04	4FA4	4218	84
04	4FA5	4218	84
04	4FA8	4218	84
04	4FA9	4218	84
04	4FAB	4218	84
04	4FAD	2380	84
04	4FAF	1378	502
04	4FB0	1378	502
04	4FB1	1378	502
04	4FB3	1378	502
04	4FB5	1378	502
04	4FB7	1378	502
04	4FB8	1838	84
04	4FB9	1838	84
04	4FBA	1838	84
04	4FBB	1838	84
04	4FBC	1838	84
04	4FBD	1838	84
04	4FBE	1838	84
04	4FBF	1838	84
04	4FC0	1002	84
04	4FC1	1002	84
04	4FC3	1002	84
04	4FC5	1002	84
04	4FC6	1002	84
04	4FC7	1002	84
04	4FC9	1002	84
04	4FCA	1002	84
04	4FCB	587	84
04	4FCD	587	84
04	4FCF	587	84
04	4FD0	587	84
04	4FD1	587	84
04	4FD3	587	84
04	4FD4	5231	44
04	4FD7	5231	44
04	4FD8	5231	44
04	4FDA	5231	44
04	4FDC	4141	44
04	4FDE	4141	44
04	4FDF	4141	44
04	4FE0	4141	44
04	4FE1	4141	44
04	4FE3	4141	44
04	4FE4	4141	44
04	4FE5	1090	84
04	4FE7	1090	84
04	4FE9	1090	84
04	4FEA	2094	84
04	4FEC	2094	84
04	4FEF	2094	84
04	4FF1	2094	84
04	4FF5	2094	84
04	4FF7	2094	84
04	4FF8	2094	84
04	4FF9	2094	84
04	4FFA	2094	84
04	4FFC	2094	84
04	4FFD	2094	84
04	5000	2094	84
04	5001	2094	84
04	5002	2094	84
04	5003	2094	84
04	5004	2094	84
04	5005	2094	84
04	5006	2094	84
04	5007	4147	44
04	5008	4147	44
04	500A	4147	44
04	500B	4147	44
04	500C	4147	44
04	500E	1253	504
04	500F	4147	44
04	5010	4147	44
04	5012	580	44
04	5013	4147	44
04	5014	4147	44
04	5016	869	502
04	5017	4147	44
04	5018	4147	44
04	501A	1300	502
04	501B	4147	44
04	501C	4147	44
04	501E	1554	44
04	501F	4147	44
04	5020	4147	44
04	5022	1678	84
04	5023	4147	44
04	5024	4147	44
04	5026	1570	44
04	5027	4147	44
04	5028	4147	44
04	5029	1220	84
04	502A	1220	84
04	502B	8848	84
04	502C	8848	84
04	502E	8848	84
04	5030	8848	84
04	5031	8848	84
04	5032	8848	84
04	5034	8848	84
04	5035	8848	84
04	5037	6370	84
04	5038	8848	84
04	5039	8848	84
04	503B	7997	84
04	503C	8848	84
04	503D	8848	84
04	503F	7423	84
04	5040	8848	84
04	5041	8848	84
04	5042	6861	84
04	5043	6861	84
0E	4000	1	327
0E	4003	1	327
0E	4005	1	327
0E	4007	1	327
0E	400D	1	327
0E	4010	1	327
0E	4011	1	327
0E	4013	1	327
0E	4014	1	327
0E	4017	1	327
0E	401E	1	327
0E	4021	1	1112
0E	4024	1	1112
0E	4027	1	1112
0E	4028	1	1112
0E	402A	1	1112
0E	402C	1	1112
0E	402D	1	1112
0E	402F	1	1112
0E	4031	1	1112
0E	4033	1	1112
0E	4034	1	1112
0E	4036	1	1112
0E	4038	1	1112
0E	403A	1	1112
0E	403D	1	1112
0E	403F	1	1112
0E	4041	1	1112
0E	4044	1	1112
0E	4045	1	1112
0E	4046	1	1112
0E	4048	1	1112
0E	4049	1	1112
0E	404B	1	1112
0E	404E	1	1112
0E	4050	1	1112
0E	4052	1	1112
0E	4053	1	1112
0E	4055	1	1112
0E	4058	1	1112
0E	405A	1	1112
0E	405D	1	1112
0E	405E	1	1112
0E	405F	693	327
0E	4065	693	327
0E	4068	693	363
0E	406E	693	363
0E	4071	693	364
0E	4074	693	364
0E	4076	693	364
0E	4078	1	1111
0E	407B	1	1112
0E	407E	1	1112
0E	407F	1	1112
0E	4081	1	1112
0E	4082	1	1112
0E	4083	693	327
0E	4086	693	327
0E	4089	693	327
0E	408A	693	327
0E	408B	693	327
0E	408C	693	327
0E	408E	693	327
0E	408F	693	327
0E	4090	693	327
0E	4091	693	327
0E	4092	693	327
0E	4093	693	327
0E	40A2	1	327
0E	40A5	1	331
0E	40AB	1	363
0E	40AD	1	363
0E	40AE	1	363
0E	40B0	1	363
0E	40B2	1	363
0E	40B5	1	363
0E	40B8	1	363
0E	40B9	1	363
0E	40BB	1	363
0E	40BC	1	363
0E	40BF	1	363
0E	40C2	1	363
0E	40C5	1	363
0E	40C6	1	363
0E	40C9	1	363
0E	40CA	97	364
0E	40CD	97	364
0E	40CE	97	364
0E	40D1	97	364
0E	40D2	97	364
0E	40D3	97	364
0E	40D4	97	364
0E	40D7	97	364
0E	40D8	97	364
0E	40D9	97	364
0E	40DB	97	364
0E	40DC	97	364
0E	40DD	97	364
0E	40DF	97	364
0E	40E0	97	364
0E	40E1	97	364
0E	40E4	97	364
0E	40E5	97	364
0E	40E8	97	364
0E	40EA	97	364
0E	40EC	97	364
0E	40EE	96	364
0E	40F0	96	364
0E	40F2	96	364
0E	40F4	1	460
0E	40FA	1	475
0E	40FD	1	475
0E	40FF	1	475
0E	4102	1	475
0E	410B	97	364
0E	411A	1	476
0E	411D	1	476
0E	411F	1	476
0E	4121	1	476
0E	4122	1	476
0E	4124	1	476
0E	4126	1	476
0E	4128	1	476
0E	4129	1	476
0E	412B	1	476
0E	412D	1	476
0E	412F	1	476
0E	4132	1	476
0E	4134	1	476
0E	4136	1	476
0E	4139	1	476
0E	413A	1	476
0E	413B	1	476
0E	413D	1	476
0E	413E	1	476
0E	4140	1	476
0E	4143	1	476
0E	4145	1	476
0E	4147	1	476
0E	4148	1	476
0E	414A	1	476
0E	414D	1	476
0E	414F	1	476
0E	4150	1	476
0E	4153	1	476
0E	4156	1	485
0E	415C	1	501
0E	415E	1	501
0E	415F	1	501
0E	4161	1	501
0E	4163	1	501
0E	4166	1	501
0E	4169	1	501
0E	416A	1	501
0E	416C	1	501
0E	416D	1	501
0E	4170	1	501
0E	4173	1	501
0E	4176	1	501
0E	4177	1	501
0E	417A	1	501
0E	417B	593	502
0E	417E	593	502
0E	417F	593	502
0E	4181	593	502
0E	4184	593	502
0E	4185	593	502
0E	4188	593	502
0E	4189	593	502
0E	418A	593	502
0E	418B	593	502
0E	418E	593	502
0E	418F	593	502
0E	4190	593	502
0E	4194	593	502
0E	4196	593	502
0E	4197	593	502
0E	4198	593	502
0E	419B	593	502
0E	419C	593	502
0E	419F	593	502
0E	41A1	593	502
0E	41A3	593	502
0E	41A5	592	502
0E	41A7	592	502
0E	41A9	592	502
0E	41AB	592	502
0E	41AD	592	502
0E	41AF	592	502
0E	41B1	592	502
0E	41E6	1	1094
0E	41E8	1	1094
0E	41E9	1	1094
0E	41EB	1	1094
0E	41ED	1	1094
0E	41F0	1	1094
0E	41F3	1	1094
0E	41F4	1	1094
0E	41F6	1	1094
0E	41F9	1	1094
0E	41FA	1	1094
0E	41FD	593	502
0E	41FE	1	1095
0E	4204	1	1110
0E	4206	1	1110
0E	4209	1	1110
0E	4215	1	476
0E	4218	1	477
0E	421B	1	477
0E	421C	1	477
0E	421E	1	477
0E	421F	1	477
0E	4225	1	477
0E	4228	1	477
0E	422B	1	477
0E	422D	1	477
0E	422F	1	477
0E	4231	1	477
0E	4237	1	478
0E	423A	1	478
0E	423D	1	478
0E	423F	1	478
0E	4241	1	478
0E	4243	1	478
0E	4249	1	479
0E	424C	1	479
0E	424F	1	479
0E	4251	1	479
0E	4253	1	479
0E	4255	1	479
0E	425B	1	480
0E	425E	1	480
0E	4261	1	480
0E	4263	1	480
0E	4265	1	480
0E	4267	1	480
0E	426D	1	481
0E	4270	1	481
0E	4273	1	481
0E	4275	1	481
0E	4277	1	481
0E	4279	1	481
0E	427F	1	482
0E	4282	1	482
0E	4285	1	482
0E	4287	1	482
0E	4289	1	482
0E	428B	1	482
0E	4291	1	483
0E	4294	1	483
0E	4297	1	483
0E	4299	1	483
0E	429B	1	483
0E	429D	1	483
0E	42A3	1	484
0E	42A6	1	484
0E	42A9	1	484
0E	42AC	1	484
0E	42AE	1	484
0E	42B4	1	484
0E	42B7	1	484
0E	42BA	1	484
0E	42BD	1	484
0E	42BF	1	484
0E	42C5	1	484
0E	42C8	1	484
0E	42CB	1	484
0E	42CE	1	484
0E	42D0	1	484
0E	42D6	1	484
0E	42D9	1	484
0E	42DB	1	484
0E	42DE	1	485
0E	42E1	1	485
0E	42E4	1	485
0E	42E6	1	485
0E	42E8	1	485
0E	42EE	1	485
0E	42F1	1	485
0E	42F4	1	485
0E	42F7	1	485
0E	42F9	1	485
0E	42FB	1	485
0E	4301	1	485
0E	4304	1	485
0E	4307	1	485
0E	430A	1	485
0E	4310	1	485
0E	4311	1	484
0E	4314	1	484
0E	4317	1	484
0E	431A	1	484
0E	431D	1	484
0E	431E	1	484
0E	431F	1	484
0E	4320	1	484
0E	4322	1	484
0E	4323	1	484
0E	4324	1	484
0E	4325	1	484
0E	4326	1	484
0E	4327	1	484
0E	4329	1	484
0E	432F	1	484
0E	4334	1	485
0E	4337	1	485
0E	433A	1	485
0E	433B	1	485
0E	433C	1	485
0E	433D	1	485
0E	433F	1	485
0E	4340	1	485
0E	4341	1	485
0E	4342	1	485
0E	4343	1	485
0E	4344	1	485
0E	4347	1	485
0E	434A	1	485
0E	434F	1	327
0E	4352	1	328
0E	4355	1	328
0E	4356	1	328
0E	4358	1	328
0E	4359	1	328
0E	435F	1	328
0E	4362	1	328
0E	4365	1	328
0E	4367	1	328
0E	4369	1	328
0E	436B	1	328
0E	4371	1	329
0E	4374	1	329
0E	4377	1	329
0E	4379	1	329
0E	437B	1	329
0E	437D	1	329
0E	4383	1	330
0E	4386	1	330
0E	4389	1	330
0E	438C	1	330
0E	438E	1	330
0E	4394	1	330
0E	4397	1	330
0E	439A	1	330
0E	439D	1	330
0E	439F	1	330
0E	43A5	1	330
0E	43A7	1	330
0E	43AA	1	331
0E	43B0	1	331
1C	4000	1	17
1C	4006	1	327
1C	4007	1	327
1C	400D	1	1112
1C	401D	1	1112
1D	4000	1	2377
1D	4003	1	2378
1D	4004	1	2378
1D	4007	1	2378
1D	400A	1	2378
1D	400D	1	2378
1D	4013	1	2378
1D	4016	1	2379
1D	4018	1	2379
1D	401B	1	2379
1D	401E	1	2379
1D	401F	1	2379
1D	4021	1	2379
1D	4023	1	2379
1D	4026	1	2379
1D	4028	1	2379
1D	402B	1	2379
1D	402D	1	2379
1D	402F	1	2379
1D	4031	1	2379
1D	4032	1	2379
1D	4034	1	2379
1D	4036	1	2379
1D	4038	1	2379
1D	403A	1	2379
1D	403C	1	2379
1D	403E	1	2379
1D	4044	1	2379
1D	4047	1	2379
1D	404A	1	2379
1D	404C	1	2379
1D	404E	1	2379
1D	4050	1	2379
1D	4056	1	2380
1D	4059	1	2380
1D	405C	1	2380
1D	405E	1	2380
1D	4060	1	2380
1D	4062	1	2380
1D	4068	1	2381
1D	406B	1	2381
1D	406E	1	2381
1D	4070	1	2381
1D	4072	1	2381
1D	4074	1	2381
1D	407A	1	2382
1D	407D	1	2382
1D	4080	1	2382
1D	4082	1	2382
1D	4084	1	2382
1D	4086	1	2382
1D	408C	1	2383
1D	408F	1	2383
1D	4092	1	2383
1D	4094	1	2383
1D	4096	1	2383
1D	4098	1	2383
1D	409E	1	2384
1D	40A1	1	2384
1D	40A4	1	2384
1D	40A6	1	2384
1D	40A8	1	2384
1D	40AA	1	2384
1D	40B0	1	2385
1D	40B3	1	2385
1D	40B6	1	2385
1D	40B9	1	2385
1D	40BB	1	2385
1D	40C1	1	2385
1D	40C4	1	2385
1D	40C7	1	2385
1D	40CA	1	2385
1D	40CC	1	2385
1D	40D2	1	2385
1D	40D5	1	2385
1D	40D8	1	2385
1D	40DA	1	2385
1D	40DC	1	2385
1D	40E2	1	2385
1D	40E5	1	2385
1D	40E8	1	2385
1D	40EB	1	2385
1D	40EE	1	2385
1D	40F1	1	2385
1D	40F4	1	2385
1D	40F6	1	2385
1D	40FC	1	2385
1D	40FE	1	2385
1D	4101	1	2385
1D	4104	1	2385
1D	4107	1	2385
1D	410D	1	2385
1D	4110	1	2386
1D	4112	1	2386
1D	4114	1	2386
1D	4115	1	2386
1D	4117	1	2386
1D	4119	1	2386
1D	411B	1	2386
1D	411D	1	2386
1D	411E	1	2386
1D	4121	1	2386
1D	4124	1	2386
1D	4127	1	2386
1D	412A	1	2386
1D	412D	1	2386
1D	412F	1	2386
1D	4131	1	2386
1D	4133	1	2386
1D	4139	1	2387
1D	413B	1	2387
1D	413C	1	2387
1D	413E	1	2387
1D	4140	1	2387
1D	4142	1	2387
1D	4144	1	2387
1D	4147	1	2387
1D	414A	1	2387
1D	414C	1	2387
1D	414F	1	2387
1D	4152	1	2387
1D	4154	1	2387
1D	4157	1	2388
1D	415D	1	2388
1D	4163	1	2404
1D	4166	1	2404
1D	4167	1	2404
1D	4169	1	2404
1D	416C	1	2404
1D	416D	1	2404
1D	4170	1	2404
1D	4172	1	2404
1D	4178	1	2409
1D	417A	1	2409
1D	417B	1	2409
1D	417D	1	2409
1D	417F	1	2409
1D	4182	1	2409
1D	4185	1	2409
1D	4186	1	2409
1D	4188	713	2409
1D	418E	713	2409
1D	4191	713	2409
1D	4197	713	2409
1D	419D	713	2409
1D	41AA	712	2409
1D	41B0	712	2409
1D	41B2	712	2409
1D	41B4	712	2409
1D	41B7	712	2409
1D	41BA	712	2410
1D	41BD	1	3162
1D	41BF	1	3162
1D	41C0	1	3162
1D	41C2	1	3162
1D	41C4	1	3162
1D	41C7	1	3162
1D	41CA	1	3162
1D	41CB	1	3162
1D	41CD	1	3162
1D	41D3	1	3192
1D	41D9	1	3194
1D	41DC	1	3194
1D	41DD	1	3194
1D	41DF	1	3194
1D	41E2	1	3194
1D	41E8	1	3194
1D	41EB	1	3194
1D	4229	4	2996
1D	422B	4	2996
1D	422D	4	2996
1D	422F	4	2996
1D	4256	4	2996
1D	4259	4	2996
1D	425C	4	2996
1D	425D	4	2996
1D	425F	4	2996
1D	4263	4	2996
1D	4266	4	2996
1D	4269	4	2996
1D	426C	4	2996
1D	4272	4	2996
1D	4274	4	2996
1D	4277	4	2997
1D	427A	4	2997
1D	427C	4	2997
1D	427D	4	2997
1D	427F	4	2997
1D	4281	4	2997
1D	4284	4	2997
1D	4287	4	2997
1D	4288	4	2997
1D	428A	4	2997
1D	428D	4	2997
1D	428E	4	2997
1D	4290	4	2997
1D	4293	4	2997
1D	4294	4	2997
1D	4297	4	2997
1D	4299	4	2997
1D	429F	4	3001
1D	42A0	1	2997
1D	42A2	1	2997
1D	42A5	1	2997
1D	42A8	1	2997
1D	42A9	1	2997
1D	42AB	1	2997
1D	42AF	5	2387
1D	42B2	5	2387
1D	42B3	5	2387
1D	42B5	5	2387
1D	42B8	5	2387
1D	42BA	5	2387
1D	42BB	5	2387
1D	42BD	5	2387
1D	42BF	5	2387
1D	42C0	5	2387
1D	42C1	5	2387
1D	42C4	5	2387
1D	42C5	5	2387
1D	42C7	5	2387
1D	42C8	5	2387
1D	42C9	5	2387
1D	42CA	5	2387
1D	42CC	5	2387
1D	42CD	5	2387
1D	42D0	5	2387
1D	42D1	5	2387
1D	42D2	5	2387
1D	42D3	5	2387
1D	42D4	5	2387
1D	42D5	5	2387
1D	42D6	5	2387
1D	42D9	5	2387
1D	42DA	5	2387
1D	42DB	5	2387
1D	42DC	5	2387
1D	42DD	5	2387
1D	42DF	5	2387
1D	42E0	5	2387
1D	42E1	5	2387
1D	42E4	5	2387
1D	42E5	5	2387
1D	42E6	5	2387
1D	42E7	5	2387
1D	42E9	5	2387
1D	42EA	5	2387
1D	42EC	5	2387
1D	42ED	5	2387
1D	42F0	5	2387
1D	42F1	5	2387
1D	42F3	5	2387
1D	42F6	5	2387
1D	42F8	5	2387
1D	42FA	5	2387
1D	42FD	5	2387
1D	42FE	2	2387
1D	4300	2	2387
1D	4303	2	2387
1D	4306	2	2387
1D	4307	2	2387
1D	4309	2	2387
1D	4325	5	2387
1D	4328	5	2387
1D	4329	5	2387
1D	432B	5	2387
1D	432E	5	2387
1D	4330	5	2387
1D	4331	5	2387
1D	4333	5	2387
1D	4335	5	2387
1D	4336	5	2387
1D	4337	5	2387
1D	433A	5	2387
1D	433B	5	2387
1D	433D	5	2387
1D	433E	5	2387
1D	433F	5	2387
1D	4340	5	2387
1D	4342	5	2387
1D	4343	5	2387
1D	4346	5	2387
1D	4347	5	2387
1D	4348	5	2387
1D	4349	5	2387
1D	434A	5	2387
1D	434B	5	2387
1D	434C	5	2387
1D	434F	5	2387
1D	4350	5	2387
1D	4351	5	2387
1D	4352	5	2387
1D	4353	5	2387
1D	4355	5	2387
1D	4356	5	2387
1D	4357	5	2387
1D	435A	5	2387
1D	435B	5	2387
1D	435C	5	2387
1D	435D	5	2387
1D	435F	5	2387
1D	4360	5	2387
1D	4362	5	2387
1D	4363	5	2387
1D	4366	5	2387
1D	4367	5	2387
1D	4369	5	2387
1D	436C	5	2387
1D	436E	5	2387
1D	4370	5	2387
1D	4373	5	2387
1D	4374	1	2996
1D	4376	1	2996
1D	4379	1	2996
1D	437C	1	2996
1D	437D	1	2996
1D	437F	1	2996
1D	439B	716	2409
1D	439E	716	2409
1D	439F	716	2409
1D	43A0	24	2409
1D	43A2	24	2409
1D	43A5	24	2409
1D	43A7	24	2409
1D	43AA	24	2409
1D	43AC	12	2439
1D	43AE	12	2439
1D	43B1	12	2439
1D	43B3	12	2439
1D	43B6	12	2439
1D	43B9	12	2439
1D	43BC	12	2439
1D	43BF	12	2439
1D	43C1	12	2439
1D	43C7	12	2439
1D	43CD	12	2439
1D	43CF	12	2439
1D	43D2	12	2440
1D	43D3	12	2409
1D	43D5	12	2409
1D	43D8	12	2409
1D	43DA	12	2409
1D	43DD	12	2409
1D	43E0	12	2409
1D	43E3	12	2409
1D	43E6	12	2409
1D	43E8	12	2409
1D	43EE	12	2409
1D	43F4	12	2409
1D	43F6	12	2409
1D	43F9	12	2410
1F	4000	1	1112
1F	4003	1	1112
1F	4004	1	1112
1F	4007	1	1112
1F	400A	1	1112
1F	400D	1	1112
1F	4013	1	1112
1F	4015	1	1112
1F	4018	1	1112
1F	401B	1	1112
1F	401C	1	1112
1F	401E	1	1112
1F	4020	1	1112
1F	4023	1	1112
1F	4025	1	1112
1F	4028	1	1112
1F	402B	1	1112
1F	402D	1	1112
1F	4030	1	1112
1F	4032	1	1112
1F	4035	1	1112
1F	4037	1	1112
1F	4039	1	1112
1F	403B	1	1112
1F	403C	1	1112
1F	403E	1	1112
1F	4040	1	1112
1F	4042	1	1112
1F	4044	1	1112
1F	4046	1	1112
1F	4048	1	1112
1F	404E	1	1112
1F	4051	1	1112
1F	4054	1	1112
1F	4056	1	1112
1F	4058	1	1112
1F	405A	1	1112
1F	4060	1	1113
1F	4063	1	1113
1F	4066	1	1113
1F	4068	1	1113
1F	406A	1	1113
1F	406C	1	1113
1F	4072	1	1114
1F	4075	1	1114
1F	4078	1	1114
1F	407A	1	1114
1F	407C	1	1114
1F	407E	1	1114
1F	4084	1	1115
1F	4087	1	1115
1F	408A	1	1115
1F	408C	1	1115
1F	408E	1	1115
1F	4090	1	1115
1F	4096	1	1116
1F	4099	1	1116
1F	409C	1	1116
1F	409E	1	1116
1F	40A0	1	1116
1F	40A2	1	1116
1F	40A8	1	1117
1F	40AB	1	1117
1F	40AE	1	1117
1F	40B0	1	1117
1F	40B2	1	1117
1F	40B4	1	1117
1F	40BA	1	1118
1F	40BD	1	1118
1F	40C0	1	1118
1F	40C2	1	1118
1F	40C4	1	1118
1F	40C6	1	1118
1F	40CC	1	1119
1F	40CF	1	1119
1F	40D2	1	1119
1F	40D5	1	1119
1F	40D7	1	1119
1F	40DD	1	1119
1F	40E0	1	1119
1F	40E3	1	1119
1F	40E6	1	1119
1F	40E8	1	1119
1F	40EE	1	1119
1F	40F1	1	1119
1F	40F4	1	1119
1F	40F6	1	1119
1F	40F8	1	1119
1F	40FE	1	1119
1F	4101	1	1119
1F	4104	1	1119
1F	4107	1	1119
1F	4109	1	1119
1F	410F	1	1119
1F	4112	1	1119
1F	4115	1	1119
1F	4117	1	1119
1F	4119	1	1119
1F	411F	1	1119
1F	4122	1	1119
1F	4125	1	1119
1F	4128	1	1119
1F	412B	1	1119
1F	412E	1	1119
1F	4130	1	1119
1F	4132	1	1119
1F	4138	1	1119
1F	413B	1	1119
1F	413E	1	1119
1F	4141	1	1119
1F	4142	1	1119
1F	4145	1	1119
1F	4148	1	1119
1F	414B	1	1119
1F	414E	1	1119
1F	4151	1	1119
1F	4154	1	1119
1F	4157	1	1120
1F	4159	1	1120
1F	415C	1	1120
1F	415F	1	1120
1F	4162	1	1120
1F	4168	1	1120
1F	416A	1	1120
1F	416C	1	1120
1F	416D	1	1120
1F	416F	1	1120
1F	4171	1	1120
1F	4173	1	1120
1F	4175	1	1120
1F	4176	1	1120
1F	4179	1	1120
1F	417C	1	1120
1F	417F	1	1120
1F	4182	1	1120
1F	4185	1	1120
1F	4187	1	1120
1F	4189	1	1120
1F	418B	1	1120
1F	4191	1	1121
1F	4193	1	1121
1F	4194	1	1121
1F	4196	1	1121
1F	4198	1	1121
1F	419A	1	1121
1F	419C	1	1121
1F	419F	1	1122
1F	41A5	1	1122
1F	41A7	1	1122
1F	41A9	1	1122
1F	41AB	1	1122
1F	41B1	1	1138
1F	41B4	1	1138
1F	41B5	1	1138
1F	41B6	1	1138
1F	41B9	1	1138
1F	41BB	1	1138
1F	41C1	1	1142
1F	41C3	1	1142
1F	41C4	1	1142
1F	41C6	1	1142
1F	41C8	1	1142
1F	41CB	1	1142
1F	41CE	1	1142
1F	41CF	1	1142
1F	41D1	561	1142
1F	41D7	561	1142
1F	41DA	561	1142
1F	41E0	561	1142
1F	41E6	561	1142
1F	41F3	560	1142
1F	41F9	560	1142
1F	41FC	560	1142
1F	41FE	560	1142
1F	4200	560	1142
1F	4203	560	1142
1F	4206	560	1142
1F	4209	560	1142
1F	420A	560	1142
1F	420D	560	1142
1F	4210	560	1142
1F	4211	560	1142
1F	4214	560	1142
1F	4217	1	1728
1F	421A	1	1728
1F	421B	1	1728
1F	421D	1	1728
1F	421F	1	1728
1F	4220	1	1728
1F	4222	1	1728
1F	4224	1	1728
1F	4227	1	1728
1F	422A	1	1728
1F	422B	1	1728
1F	422D	1	1728
1F	4233	1	1760
1F	4239	1	1762
1F	423B	1	1762
1F	423D	1	1762
1F	423F	1	1762
1F	4242	1	1762
1F	4243	1	1762
1F	4245	1	1762
1F	4248	1	1762
1F	424E	1	1762
1F	4251	1	1762
1F	43F7	1	1119
1F	43FA	1	1119
1F	43FC	1	1119
1F	43FE	1	1119
1F	4401	1	1119
1F	4404	1	1119
1F	4406	1	1119
1F	4408	1	1119
1F	440E	1	1119
1F	4411	1	1119
1F	4414	1	1119
1F	4417	1	1119
1F	441A	1	1119
1F	441B	1	1119
1F	441D	1	1119
1F	444F	1	1119
1F	4452	1	1119
1F	4455	1	1119
1F	4457	1	1119
1F	4459	1	1119
1F	445F	1	1119
1F	4462	1	1119
1F	4465	1	1119
1F	4468	1	1119
1F	446A	1	1119
1F	446B	1	1119
1F	446E	1	1119
1F	4470	1	1119
1F	4471	1	1119
1F	4474	1	1119
1F	4477	1	1119
1F	447A	1	1119
1F	44C0	1	1119
1F	44C1	1	1119
1F	44C4	1	1119
1F	44C7	1	1119
1F	44C8	1	1119
1F	44CB	1	1119
1F	44D1	1	1119
1F	44D4	1	1120
1F	44D5	561	1119
1F	44D8	561	1119
1F	44D9	561	1119
1F	44DA	561	1119
1F	44DD	561	1119
1F	44DE	561	1119
1F	44DF	19	1119
1F	44E1	19	1119
1F	44E4	19	1119
1F	44E5	19	1119
1F	44E7	19	1119
1F	4503	19	1119
1F	4506	19	1119
1F	4509	19	1119
1F	450C	19	1119
1F	450F	19	1119
1F	4510	19	1119
1F	4513	19	1119
1F	4515	19	1119
1F	4518	19	1119
1F	451E	19	1119
1F	4520	19	1119
1F	4523	19	1120
1F	4526	19	1120
1F	4527	19	1120
1F	452A	19	1120
1F	452C	19	1120
1F	452D	9	1172
1F	452E	9	1172
1F	4531	9	1172
1F	4561	560	1142
1F	4564	560	1142
1F	4565	560	1142
22	4EF0	4	324
22	4EF2	4	324
22	4EF4	4	324
22	4EF6	4	324
22	4EF7	4	324
22	4EF9	4	324
22	4EFB	4	324
22	4EFD	4	324
22	4F00	4	324
22	4F02	4	324
22	4F04	4	324
22	4F07	4	324
22	4F0A	4	324
22	4F0D	16376	324
22	4F0E	16376	324
22	4F0F	16376	324
22	4F10	16376	324
22	4F12	48	325
22	4F13	16376	324
22	4F14	16376	324
22	4F15	16376	324
22	4F16	16376	324
22	4F18	4	326
22	4F19	4	326
22	4F1A	4	326
22	4F1B	4	326
22	4F1C	4	326
22	4F1D	4	326
22	4F1E	4	326
22	4F20	4	326
22	4F23	4	326
22	4F24	3	3197
22	4F26	3	3197
22	4F28	3	3197
22	4F2A	3	3197
22	4F2B	3	3197
22	4F2D	3	3197
22	4F2F	3	3197
22	4F31	3	3197
22	4F34	3	3197
22	4F36	3	3197
22	4F38	3	3197
22	4F3B	3	3197
22	4F3C	3	3197
22	4F3D	3	3197
22	4F3E	3	3197
22	4F3F	3	3197
22	4F40	3	3197
22	4F42	3	3197
22	4F45	3	3197
22	4F46	1	326
22	4F47	1	326
22	4F48	1	326
22	4F4A	1	326
22	4F4B	1	326
22	4F4C	1	326
22	4F4E	1	326
22	4F4F	1	326
22	4F7B	3	3197
22	4F7D	3	3197
22	4F7F	3	3197
22	4F81	3	3197
22	4F82	3	3197
22	4F84	3	3197
22	4F86	3	3197
22	4F87	3	3197
22	4F89	3	3197
22	4F8B	3	3197
22	4F8D	3	3197
22	4F90	3	3197
22	4F92	3	3197
22	4F94	3	3197
22	4F97	3	3197
22	4F9A	12288	3197
22	4F9B	12288	3197
22	4F9C	12288	3197
22	4F9D	12288	3197
22	4F9E	12288	3197
22	4F9F	12288	3197
22	4FA0	12288	3197
22	4FA2	3	3199
22	4FA3	3	3199
22	4FA5	3	3199
22	4FA8	3	3199
22	4FF6	1	324
22	4FF7	1	324
22	4FF8	1	324
22	4FF9	1	324
22	4FFB	1	324
22	4FFE	1	326
22	5001	1	326
22	5002	1	326
22	5017	1	326
22	5019	1	326
22	501A	1	326
22	501B	1	326
22	501C	1	326
22	501D	3	3196
22	501E	3	3196
22	501F	3	3196
22	5020	3	3196
22	5021	3	3196
22	5023	3	3196
22	5026	3	3197
22	5028	3	3197
22	502B	3	3197
22	502D	3	3197
22	5030	3	3199
22	5031	3	3199
22	5032	3	3199
22	5033	3	3199
22	5034	3	3199
2A	5495	1	3194
2A	5498	1	3194
2A	549B	1	3195
2A	549C	1	3195
2A	549E	1	3195
2A	549F	1	3195
2A	54A1	1	3195
2A	54A3	1	3195
2A	54A5	1	3195
2A	54A7	1	3195
2A	54AA	1	3195
2A	54AC	1	3195
2A	54AF	1	3195
2A	54B0	1	3195
2A	54B2	1	3195
2A	54B4	1	3195
2A	54B5	1	3195
2A	54BB	1	3195
2A	54BE	1	3196
2A	54BF	1	3196
2A	54C1	1	3196
2A	54C4	1	3196
2A	54CA	1	3196
2A	54D0	1	3199
2A	54D1	1	3199
2A	54D4	1	3232
2A	54D6	1	3232
2A	54D8	1	3232
2A	54DA	1	3232
2A	54DD	1	3232
2A	54DE	1	3232
2A	54E0	1	3232
2A	54E2	1	3232
2A	54E5	1	3232
2A	54E8	1	3232
2A	54EB	1	3232
2A	54EE	1	3232
2A	54F1	1	3232
2A	54F4	1	3232
2A	54F7	1	3232
2A	54FA	1	3232
2A	54FD	1812	3232
2A	54FE	1812	3232
2A	5500	1812	3232
2A	5504	1812	3232
2A	5505	1812	3232
2A	550B	1812	3232
2A	550E	1811	3233
2A	5514	1811	3233
2A	5515	1811	3233
2A	5518	1811	3233
2A	551A	1811	3233
2A	551C	1811	3233
2A	551E	1811	3233
2A	5520	1811	3233
2A	5523	1811	3233
2A	5525	1811	3233
2A	5527	1811	3233
2A	552A	1	4430
2A	552B	1	4430
2A	552C	1	4430
2A	552F	1	4430
2A	5532	1	4430
2A	5535	1	4430
2A	5536	1	4430
2A	5537	1	4430
2A	553A	1	8993
2A	553B	1	8993
2A	553C	1	8993
2A	553F	1	8993
2A	5542	1	8993
2A	5545	1	8993
2A	5546	1	8993
2A	5547	1	8993
2A	5549	1	8993
2A	55AD	1	8993
2A	55AF	1	8993
2A	55B1	1	8993
2A	55B3	1	8993
2A	563D	1	8993
2A	563F	1	8993
2A	5641	1	8993
2A	5643	1	8993
2A	5646	1	8993
2A	5647	1	8993
2A	5649	1	8993
2A	569E	1	8993
2A	569F	1	8993
2A	56A0	1	8993
2A	56A3	1	8993
2A	56A6	1	8993
2A	56A9	1	8993
2A	56AA	1	8993
2A	56AB	1	8993
2A	56AC	1	8993
2A	56AF	1	8993
2A	56B0	1	8993
2A	56B1	1	8993
2A	56B2	1	8993
2A	56B5	1	8993
2A	56B8	1	8993
2A	56BB	1	8993
2A	56BC	1	8993
2A	56BD	1	8993
2A	56BE	1	8993
2A	56C1	1	8996
2A	56C4	1	8996
2A	56C5	1	8996
2A	56C8	1	8996
2A	56EC	1810	3233
2A	56EE	1810	3233
2A	56F0	1810	3233
2A	5731	1810	3233
2A	5733	1810	3233
2A	5735	1810	3233
2A	5738	1810	3233
2A	573A	1810	3233
2A	573C	1810	3233
2A	573F	1810	3233
2A	5741	1810	3233
2A	577F	8	3232
2A	578A	8	3232
2A	578B	8	3232
2A	578C	8	3232
2A	578E	1	3232
2A	5791	1	3232
2A	5793	1	3232
2A	5795	1	3232
2A	5797	1	3232
2A	5798	1	3232
2A	579A	1	3232
2A	579B	8	3232
2A	579E	8	3232
2A	57A0	8	3232
2A	57A1	3	3232
2A	57A3	3	3232
2A	57AD	3	3232
2A	57AE	3	3232
2A	57AF	3	3232
2A	57B2	3	3232
2A	57B4	3	3232
2A	57B5	3	3232
2A	57BD	1	3199
2A	57C3	1	3199
2A	57C9	1	3199
2A	57CF	1	3201
2A	57D2	1	3201
2A	57D5	1	3201
2A	57D7	1	3201
2A	57D9	1	3201
2A	57DB	1	3201
2A	57E1	1	3202
2A	57E4	1	3202
2A	57E7	1	3202
2A	57EA	1	3202
2A	57EC	1	3202
2A	57EE	1	3202
2A	57F0	1	3202
2A	57F6	1	3203
2A	57F9	1	3203
2A	57FC	1	3203
2A	57FF	1	3203
2A	5801	1	3203
2A	5803	1	3203
2A	5805	1	3203
2A	580B	1	3204
2A	580E	1	3204
2A	5811	1	3204
2A	5814	1	3204
2A	5816	1	3204
2A	5818	1	3204
2A	581A	1	3204
2A	5820	1	3205
2A	5823	1	3205
2A	5826	1	3205
2A	5829	1	3205
2A	582C	1	3205
2A	582E	1	3205
2A	5834	1	3205
2A	5837	1	3206
2A	583A	1	3206
2A	583D	1	3206
2A	5840	1	3206
2A	5842	1	3206
2A	5848	1	3206
2A	584B	1	3207
2A	584E	1	3207
2A	5851	1	3207
2A	5854	1	3207
2A	5856	1	3207
2A	585C	1	3207
2A	585F	1	3208
2A	5862	1	3208
2A	5865	1	3208
2A	5867	1	3208
2A	5869	1	3208
2A	586F	1	3208
2A	5872	1	3208
2A	5875	1	3208
2A	5877	1	3208
2A	5879	1	3208
2A	587F	1	3208
2A	5882	1	3208
2A	5885	1	3208
2A	5887	1	3208
2A	5889	1	3208
2A	588F	1	3208
2A	5892	1	3208
2A	5895	1	3208
2A	5898	1	3208
2A	589B	1	3208
2A	589E	1	3208
2A	58A0	1	3208
2A	58A2	1	3208
2A	58A8	1	3208
2A	58AB	1	3208
2A	58AE	1	3208
2A	58B1	1	3208
2A	58B3	1	3208
2A	58B6	1	3209
2A	58B9	1	3209
2A	58BC	1	3209
2A	58BF	1	3215
2A	58C2	1	3215
2A	58C8	1	3215
2A	58CB	1	3216
2A	58D1	1	3232
2A	58D2	1	3232
2A	58D4	1	3232
2A	58D5	1	3232
2A	58D7	1	3232
2A	58D9	1	3232
2A	58DB	1	3232
2A	58DD	1	3232
2A	58E0	1	3232
2A	58E2	1	3232
2A	58E5	1	3232
2A	58E6	1	3232
2A	58E8	1	3232
2A	58EA	1	3232
2A	58EB	1	3232
2A	58F1	1	3232
2A	58F2	1	3232
2A	58F4	1	3232
2A	58F5	1	3232
2A	58F7	1	3232
2A	58F9	1	3232
2A	58FC	1	3232
2A	58FF	1	3232
2A	5900	1	3232
2A	5902	1	3232
2A	5903	1	3232
2A	5906	1	3232
2A	5907	1	3232
2A	590A	1	3232
2A	590B	1854	3209
2A	590C	1854	3209
2A	590E	1854	3209
2A	5910	1854	3209
2A	5912	1854	3209
2A	5914	1854	3209
2A	5915	1854	3209
2A	5916	1854	3209
2A	5918	1854	3209
2A	5919	1854	3209
2A	591F	1854	3209
2A	5920	1854	3209
2A	5923	1854	3209
2A	5924	1854	3209
2A	5925	1854	3209
2A	5926	1854	3209
2A	5929	1854	3209
2A	592C	1854	3209
2A	592E	10574	3209
2A	592F	10574	3209
2A	5931	8720	3232
2A	5933	8720	3232
2A	5935	1854	3209
2A	5938	1854	3209
2A	593B	1854	3209
2A	593C	1854	3209
2A	593F	1854	3209
2A	5941	1854	3209
2A	5943	40	5099
2A	5945	40	5099
2A	5948	1854	3209
2A	5949	1854	3209
2A	594A	1854	3209
2A	594B	16	3209
2A	594D	16	3209
2A	5950	16	3210
2A	5951	16	3210
2A	5952	16	3209
2A	5954	16	3209
2A	5957	97	3209
2A	5959	97	3209
2A	595B	97	3209
2A	595D	97	3209
2A	595E	97	3209
2A	5960	97	3209
2A	5963	82	3209
2A	5965	82	3209
2A	5967	82	3209
2A	5968	82	3209
2A	596E	82	3209
2A	596F	82	3209
2A	5971	82	3209
2A	5972	82	3209
2A	5973	82	3209
2A	5974	82	3209
2A	5975	82	3209
2A	5976	82	3209
2A	5977	82	3209
2A	5978	82	3209
2A	5979	82	3209
2A	597A	82	3209
2A	597D	82	3209
2A	5980	82	3209
2A	5986	82	3209
2A	5987	82	3209
2A	5988	82	3209
2A	5989	82	3209
2A	598A	82	3209
2A	598D	82	3209
2A	598E	82	3209
2A	598F	82	3209
2A	5990	82	3209
2A	5993	82	3209
2A	5999	82	3209
2A	599A	82	3209
2A	599B	82	3209
2A	599C	82	3209
2A	599E	82	3209
2A	599F	82	3209
2A	59A0	82	3209
2A	59A3	82	3209
2A	59A4	82	3209
2A	59A5	82	3209
2A	59A8	82	3209
2A	59AA	82	3209
2A	59AC	81	3209
2A	59AE	81	3209
2A	59B0	81	3209
2A	59F4	16	3209
2A	59F5	16	3209
2A	59F6	16	3209
2A	59F7	16	3209
2A	59FD	16	3209
2A	59FE	16	3209
2A	59FF	16	3209
2A	5A00	108	3209
2A	5A03	108	3209
2A	5A05	108	3209
2A	5A06	92	3209
2A	5A07	92	3209
2A	5A0A	92	3209
2A	5A0D	92	3209
2A	5A0F	82	3209
2A	5A10	82	3209
2A	5A11	82	3209
2A	5A12	82	3209
2A	5A15	82	3209
2A	5A1B	82	3209
2A	5A1C	82	3209
2A	5A1D	82	3209
2A	5A1E	82	3209
2A	5A20	82	3209
2A	5A21	82	3209
2A	5A22	82	3209
2A	5A23	92	3209
2A	5A24	92	3209
2A	5A25	92	3209
2A	5A26	92	3209
2A	5A28	92	3209
2A	5A2A	92	3209
2A	5A2D	92	3209
2A	5A33	92	3209
2A	5A34	92	3209
2A	5A35	92	3209
2A	5A36	92	3209
2A	5A38	92	3209
2A	5A39	92	3209
2A	5A3A	92	3209
2A	5A3B	1	3210
2A	5A3D	1	3210
2A	5A40	9	3210
2A	5A42	9	3210
2A	5A44	9	3210
2A	5A46	9	3210
2A	5A47	9	3210
2A	5A49	9	3210
2A	5A4C	9	3210
2A	5A4E	9	3210
2A	5A50	9	3210
2A	5A51	9	3210
2A	5A57	9	3210
2A	5A58	9	3210
2A	5A9B	9	3210
2A	5A9C	9	3210
2A	5A9D	9	3210
2A	5A9E	9	3210
2A	5A9F	9	3210
2A	5AA0	9	3210
2A	5AA3	9	3210
2A	5AA9	9	3210
2A	5AAA	9	3210
2A	5AAB	9	3210
2A	5AAC	9	3210
2A	5AAF	9	3210
2A	5AB2	9	3210
2A	5AB3	9	3210
2A	5AB6	9	3210
2A	5AB8	9	3210
2A	5ABA	9	3210
2A	5ABC	9	3210
2A	5ABE	8	3210
2A	5ADB	1	3211
2A	5ADC	1	3211
2A	5ADD	1	3211
2A	5ADE	1	3211
2A	5AE0	1	3211
2A	5AE3	1	3211
2A	5AE9	1	3211
2A	5AEA	1	3211
2A	5AEB	1	3211
2A	5AEC	2	3211
2A	5AEF	2	3211
2A	5AF1	2	3211
2A	5AF2	1	3211
2A	5AF3	1	3211
2A	5AF6	1	3211
2A	5AF9	1	3211
2A	5AFB	9	3210
2A	5AFC	9	3210
2A	5AFD	9	3210
2A	5AFE	9	3210
2A	5B01	9	3210
2A	5B07	9	3210
2A	5B08	9	3210
2A	5B09	9	3210
2A	5B0A	9	3210
2A	5B0C	9	3210
2A	5B0D	9	3210
2A	5B0E	9	3210
2A	5B0F	1	3211
2A	5B10	1	3211
2A	5B11	1	3211
2A	5B12	1	3211
2A	5B14	1	3211
2A	5B16	1	3211
2A	5B19	1	3211
2A	5B1F	1	3211
2A	5B20	1	3211
2A	5B21	1	3211
2A	5B22	1	3211
2A	5B24	1	3211
2A	5B25	1	3211
2A	5B26	1	3211
2A	5B27	1	3211
2A	5B29	1	3211
2A	5B2C	15	3211
2A	5B2E	15	3211
2A	5B30	15	3211
2A	5B32	15	3211
2A	5B33	15	3211
2A	5B35	15	3211
2A	5B38	15	3211
2A	5B3A	15	3211
2A	5B3C	15	3211
2A	5B3D	15	3211
2A	5B43	15	3211
2A	5B44	15	3211
2A	5B87	15	3211
2A	5B88	15	3211
2A	5B89	15	3211
2A	5B8A	15	3211
2A	5B8B	15	3211
2A	5B8C	15	3211
2A	5B8F	15	3211
2A	5B95	15	3211
2A	5B96	15	3211
2A	5B97	15	3211
2A	5B98	15	3211
2A	5B9B	15	3211
2A	5B9E	15	3211
2A	5B9F	15	3211
2A	5BA2	15	3211
2A	5BA4	15	3211
2A	5BA6	15	3211
2A	5BA8	15	3211
2A	5BAA	14	3211
2A	5BC7	1	3213
2A	5BC8	1	3213
2A	5BC9	1	3213
2A	5BCA	1	3213
2A	5BCC	1	3213
2A	5BCF	1	3213
2A	5BD5	1	3213
2A	5BD6	1	3213
2A	5BD7	1	3213
2A	5BD8	2	3213
2A	5BDB	2	3213
2A	5BDD	2	3213
2A	5BDE	1	3213
2A	5BDF	1	3213
2A	5BE2	1	3213
2A	5BE5	1	3213
2A	5BE7	15	3211
2A	5BE8	15	3211
2A	5BE9	15	3211
2A	5BEA	15	3211
2A	5BED	15	3211
2A	5BF3	15	3211
2A	5BF4	15	3211
2A	5BF5	15	3211
2A	5BF6	15	3211
2A	5BF8	15	3211
2A	5BF9	15	3211
2A	5BFA	15	3211
2A	5BFB	1	3213
2A	5BFC	1	3213
2A	5BFD	1	3213
2A	5BFE	1	3213
2A	5C00	1	3213
2A	5C02	1	3213
2A	5C05	1	3213
2A	5C0B	1	3213
2A	5C0C	1	3213
2A	5C0D	1	3213
2A	5C0E	1	3213
2A	5C10	1	3213
2A	5C11	1	3213
2A	5C12	1	3213
2A	5C13	16	3213
2A	5C15	16	3213
2A	5C16	16	3213
2A	5C18	16	3213
2A	5C1A	16	3213
2A	5C1C	16	3213
2A	5C1D	16	3213
2A	5C1F	16	3213
2A	5C22	16	3213
2A	5C25	16	3213
2A	5C27	16	3213
2A	5C2A	16	3214
2A	5C2D	16	3214
2A	5C30	16	3214
2A	5C32	16	3214
2A	5C35	16	3215
2A	5C36	16	3215
2A	5C38	16	3215
2A	5C3A	16	3215
2A	5C3B	32	3213
2A	5C3C	32	3213
2A	5C3E	32	3213
2A	5C3F	32	3213
2A	5C41	32	3213
2A	5C42	32	3213
2A	5C44	32	3213
2A	5C45	32	3213
2A	5C47	32	3213
2A	5C4A	87245	3213
2A	5C4B	87245	3213
2A	5C4D	87245	3213
2A	5C4F	32	3213
2A	5C51	1212	3213
2A	5C52	1212	3213
2A	5C53	1212	3213
2A	5C55	32	3214
2A	5C56	32	3214
2A	5C58	32	3214
2A	5C5A	32	3214
2A	5C5B	36	3232
2A	5C5C	36	3232
2A	5C5F	36	3232
2A	5C61	36	3232
2A	5C63	36	3232
2A	5C65	36	3232
2A	5C67	36	3232
2A	5C68	36	3232
2A	5C6A	33	3232
2A	5C6B	33	3232
2A	5C6C	147	3232
2A	5C6D	147	3232
2A	5C6F	132	3232
2A	5C70	132	3232
2A	5C71	132	3232
2A	5C72	132	3232
2A	5C74	132	3232
2A	5C76	114	3232
2A	5C77	114	3232
2A	5C79	114	3232
2A	5C7B	114	3232
2A	5C81	15	3232
2A	5C82	15	3232
2A	5C83	21	3232
2A	5C85	21	3232
2A	5C87	21	3232
2A	5C88	21	3232
2A	5C8F	44	3232
2A	5C90	44	3232
2A	5C92	44	3232
2A	5C94	44	3232
2A	5C96	44	3232
2A	5C99	44	3232
2A	5C9A	44	3232
2A	5C9C	44	3232
2A	5C9E	44	3232
2A	5C9F	44	3232
2A	5CA1	65	5119
2A	5CA3	65	5119
2A	5CA4	65	5119
2A	5CA6	65	5119
2A	5CA8	54	5119
2A	5CA9	54	5119
2A	5CAA	54	5119
2A	5CAC	54	5119
2A	5CAE	54	5119
2A	5CAF	54	5119
2A	5CB3	44	3232
2A	5CB5	44	3232
2A	5CB6	44	3232
2A	5CB8	33	3232
2A	5CBA	33	3232
2A	5CBB	185	3232
2A	5CBC	185	3232
2A	5CBD	185	3232
2A	5CBF	185	3232
2A	5CC1	152	3232
2A	5CC3	152	3232
2A	5CC5	152	3232
2A	5CC6	152	3232
2A	5CC8	152	3232
2A	5CC9	152	3232
2A	5CCB	33	3232
2A	5CCC	44	3232
2A	5CCD	44	3232
2A	5CD0	44	3232
2A	5CD1	44	3232
2A	5CD2	14	5099
2A	5CD4	14	5099
2A	5CD6	14	5099
2A	5CD8	14	5099
2A	5CDB	14	5099
2A	5CDC	14	5099
2A	5CDE	14	5099
2A	5CE0	6	8427
2A	5CE1	6	8427
2A	5CE2	6	8427
2A	5CE4	6	8427
2A	5CE5	6	8427
2A	5CE7	6	8427
2A	5CE9	6	8427
2A	5CEC	6	8427
2A	5CEF	6	8427
2A	5CF0	6	8427
2A	5CF2	6	8427
2A	5CF3	6	8427
2A	5CF4	6	8427
2A	5CF5	8	5099
2A	5CF6	8	5099
2A	5CF7	8	5099
2A	5CF8	8	5099
2A	5CF9	8	5099
2A	5CFB	8	5099
2A	5CFC	8	5099
2A	5CFE	8	5099
2A	5D00	8	5099
2A	5D03	8	5099
2A	5D06	8	5099
2A	5D07	8	5099
2A	5D09	8	5099
2A	5D0A	8	5099
2A	5D0B	8	5099
2A	5D0C	8	5099
2A	5D0F	8	5099
2A	5D12	8	5099
2A	5D14	8	5099
2A	5D16	8	5099
2A	5D1C	8	5099
2A	5D1D	8	5099
2A	5D20	8	5099
2A	5D22	160	5099
2A	5D23	160	5099
2A	5D24	160	5099
2A	5D2A	160	5099
2A	5D2D	160	5100
2A	5D33	160	5100
2A	5D34	160	5100
2A	5D35	160	5100
2A	5D37	160	5100
2A	5D39	160	5100
2A	5D3B	160	5100
2A	5D3C	160	5100
2A	5D3E	8	5119
2A	5D44	8	5119
2A	5D47	8	5119
2A	5D4A	8	5119
2A	5D4C	8	5119
2A	5D4E	8	5119
2A	5D54	8	5119
2A	5D55	8	5119
2A	5D56	8	5119
2A	5D59	8	5119
2A	5D5F	8	5119
2A	5D60	8	5119
2A	5D61	8	5119
2A	5D62	8	5119
2A	5D63	8	5119
2A	5D65	8	5119
2A	5D67	8	5119
2A	5D6A	8	5119
2A	5D6B	8	5119
2A	5DAD	8	5119
2A	5DAE	8	5119
2A	5DAF	8	5119
2A	5DB0	8	5119
2A	5DB3	8	5119
2A	5DB4	8	5119
2A	5DB6	8	5119
2A	5DB8	8	5119
2A	5DBA	8	5119
2A	5DBB	8	5119
2A	5DBC	8	5119
2A	5DBD	8	5119
2A	5DC0	8	5119
2A	5DC3	44	5119
2A	5DC4	44	5119
2A	5DC5	44	5119
2A	5DC7	44	5119
2A	5DC8	44	5119
2A	5DC9	44	5119
2A	5DCB	36	5119
2A	5DCC	36	5119
2A	5DCD	36	5119
2A	5DCE	36	5119
2A	5DCF	36	5119
2A	5DD0	36	5119
2A	5DD1	36	5119
2A	5DD2	36	5119
2A	5DD3	36	5119
2A	5DD4	36	5119
2A	5DD5	36	5119
2A	5DD7	8	5119
2A	5DD8	8	5119
2A	5DD9	8	5119
2A	5DDA	8	5119
2A	5DDB	8	5119
2A	5DDC	8	5119
2A	5DDD	8	5119
2A	5DDE	8	5119
2A	5DDF	8	5119
2A	5DE2	8	5119
2A	5DE3	8	5119
2A	5DE6	8	5119
2A	5DE9	8	5119
2A	5DEC	8	5119
2A	5DEF	8	5120
2A	5DF2	8	5122
2A	5DF3	8	5122
2A	5DF4	8	5122
2A	5DF6	8	5122
2A	5DFD	8	5122
2A	5E00	8	5122
2A	5E02	8	5122
2A	5E04	8	5122
2A	5E06	8	5122
2A	5E11	8	5122
2A	5E12	8	5122
2A	5E13	8	5122
2A	5E16	8	5122
2A	5E18	8	5122
2A	5E19	8	5122
2A	5E22	8	5122
2A	5E23	3	6153
2A	5E24	3	6153
2A	5E25	3	6153
2A	5E26	3	6153
2A	5E27	3	6153
2A	5E29	3	6153
2A	5E2A	3	6153
2A	5E2C	3	6153
2A	5E2E	3	6153
2A	5E31	3	6153
2A	5E34	3	6153
2A	5E35	3	6153
2A	5E37	3	6153
2A	5E38	3	6153
2A	5E39	3	6153
2A	5E3A	3	6153
2A	5E3D	3	6153
2A	5E40	3	6153
2A	5E42	3	6153
2A	5E44	3	6153
2A	5E4A	3	6153
2A	5E4B	3	6153
2A	5E4C	3	6153
2A	5E4D	3	6153
2A	5E4F	3	6153
2A	5E52	3	6153
2A	5E53	3	6153
2A	5E54	3	6153
2A	5E55	3	6153
2A	5E56	3	6153
2A	5E60	3	6153
2A	5E61	3	6153
2A	5E64	3	6153
2A	5E65	3	6153
2A	5E67	60	6153
2A	5E68	60	6153
2A	5E69	60	6153
2A	5E6F	60	6153
2A	5E72	60	6154
2A	5E78	60	6154
2A	5E79	60	6154
2A	5E7A	60	6154
2A	5E7C	60	6154
2A	5E7E	60	6154
2A	5E80	60	6154
2A	5E81	60	6154
2A	5E83	3	6173
2A	5E89	3	6173
2A	5E8C	3	6173
2A	5E8F	3	6173
2A	5E91	3	6173
2A	5E93	3	6173
2A	5E99	3	6173
2A	5E9A	3	6173
2A	5E9B	3	6173
2A	5E9C	3	6173
2A	5EA9	3	6173
2A	5EAA	3	6173
2A	5EAB	3	6173
2A	5EAE	3	6173
2A	5EB1	3	6173
2A	5EB2	3	6173
2A	5EB4	3	6173
2A	5EB6	3	6173
2A	5EB8	3	6173
2A	5EB9	3	6173
2A	5EBA	3	6173
2A	5EBB	3	6173
2A	5EBC	3	6173
2A	5EBD	3	6173
2A	5EBE	3	6173
2A	5EBF	3	6173
2A	5EC1	3	6173
2A	5EC2	3	6173
2A	5EC4	3	6173
2A	5EC8	11	6173
2A	5ECA	11	6173
2A	5ECB	11	6173
2A	5ECD	3	6173
2A	5ECF	3	6173
2A	5ED0	3	6173
2A	5ED2	8	6173
2A	5ED3	8	6173
2A	5ED4	8	6173
2A	5ED5	8	6173
2A	5ED6	8	6173
2A	5ED7	8	6173
2A	5ED8	8	6173
2A	5EDA	3	6173
2A	5EDB	3	6173
2A	5EDC	3	6173
2A	5EDD	3	6173
2A	5EDE	3	6173
2A	5EDF	3	6173
2A	5EE0	3	6173
2A	5EE1	3	6173
2A	5EE2	3	6173
2A	5EE3	3	6173
2A	5EE6	3	6173
2A	5EE9	3	6173
2A	5EEC	3	6173
2A	5EEF	3	6174
2A	5EF2	3	6176
2A	5EF3	3	6176
2A	5EF4	3	5541
2A	5EF7	3	5541
2A	5EF9	3	5541
2A	5EFA	3	5541
2A	5F02	3	5541
2A	5F03	3	5541
2A	5F04	3	5541
2A	5F05	3	5541
2A	5F07	3	5541
2A	5F09	3	5541
2A	5F0B	3	5541
2A	5F0E	63	5541
2A	5F0F	63	5541
2A	5F10	63	5541
2A	5F12	63	5541
2A	5F14	62	5541
2A	5F15	62	5541
2A	5F16	62	5541
2A	5F17	62	5541
2A	5F18	62	5541
2A	5F19	62	5541
2A	5F1A	62	5541
2A	5F1B	62	5541
2A	5F1D	22	5541
2A	5F1E	22	5541
2A	5F1F	22	5541
2A	5F21	2	5541
2A	5F22	2	5541
2A	5F23	2	5541
2A	5F24	2	5541
2A	5F25	2	5541
2A	5F27	2	5541
2A	5F28	2	5541
2A	5F2A	2	5541
2A	5F2C	2	5541
2A	5F2F	2	5541
2A	5F32	2	5541
2A	5F33	2	5541
2A	5F35	2	5541
2A	5F36	2	5541
2A	5F39	2	5541
2A	5F3A	2	5541
2A	5F3B	2	5541
2A	5F3C	2	5541
2A	5F3D	2	5541
2A	5F3E	2	5541
2A	5F40	2	5541
2A	5F54	2	5541
2A	5F55	2	5541
2A	5F58	2	5541
2A	5F5B	2	5541
2A	5F5E	2	5541
2A	5F61	2	5542
2A	5F64	2	5544
2A	5F65	2	5544
2A	5F66	60	6999
2A	5F67	60	6999
2A	5F71	1	6999
2A	5F72	1	6999
2A	5F73	1	6999
2A	5F74	1	6999
2A	5F75	1	6999
2A	5F76	1	6999
2A	5F78	1	6999
2A	5F7B	1	6999
2A	5F7C	1	6999
2A	5FD4	1	6999
2A	5FD7	1	6999
2A	5FD9	1	6999
2A	5FDA	1	6999
2A	5FE2	1	6999
2A	5FE3	1	6999
2A	5FE4	1	6999
2A	5FE5	1	6999
2A	5FE7	1	6999
2A	5FE9	1	6999
2A	5FEB	1	6999
2A	5FEE	1	6999
2A	5FEF	1	6999
2A	5FF0	1	6999
2A	5FF2	1	6999
2A	5FF4	1	6999
2A	5FF5	1	6999
2A	5FF6	1	6999
2A	5FF7	1	6999
2A	5FF8	1	6999
2A	5FF9	1	6999
2A	5FFA	1	6999
2A	5FFC	1	6999
2A	5FFE	1	6999
2A	5FFF	1	6999
2A	6001	1	6999
2A	6003	1	6999
2A	6005	1	6999
2A	6006	1	6999
2A	6007	1	6999
2A	6008	1	6999
2A	600A	1	6999
2A	600B	1	6999
2A	600D	1	6999
2A	600F	1	6999
2A	6012	1	6999
2A	6015	1	6999
2A	6016	1	6999
2A	6018	1	6999
2A	6019	1	6999
2A	601A	1	6999
2A	601B	1	6999
2A	601C	1	6999
2A	601D	1	6999
2A	601F	1	6999
2A	6033	1	6999
2A	6034	1	6999
2A	6037	1	6999
2A	603A	1	6999
2A	603D	1	6999
2A	6040	1	7000
2A	6043	1	7002
2A	6044	1	7002
2A	6087	1	6119
2A	608A	1	6119
2A	608C	1	6119
2A	608D	1	6119
2A	6095	1	6119
2A	6096	1	6119
2A	6097	1	6119
2A	6098	1	6119
2A	609A	1	6119
2A	609C	1	6119
2A	609E	1	6119
2A	60A1	1	6119
2A	60A2	1	6119
2A	60A3	1	6119
2A	60A5	1	6119
2A	60A7	1	6119
2A	60A8	1	6119
2A	60A9	1	6119
2A	60AA	1	6119
2A	60AB	1	6119
2A	60AC	1	6119
2A	60AD	1	6119
2A	60AE	1	6119
2A	60B0	1	6119
2A	60B1	1	6119
2A	60B2	1	6119
2A	60B4	1	6119
2A	60B5	1	6119
2A	60B6	1	6119
2A	60B7	1	6119
2A	60B8	1	6119
2A	60B9	1	6119
2A	60BB	1	6119
2A	60BC	1	6119
2A	60BE	1	6119
2A	60C0	1	6119
2A	60C3	1	6119
2A	60C6	1	6119
2A	60C7	1	6119
2A	60C9	1	6119
2A	60CA	1	6119
2A	60CB	1	6119
2A	60CC	1	6119
2A	60CD	1	6119
2A	60CE	1	6119
2A	60D0	1	6119
2A	60E4	1	6119
2A	60E5	1	6119
2A	60E8	1	6119
2A	60EB	1	6119
2A	60EE	1	6119
2A	60F1	1	6120
2A	60F4	1	6122
2A	60F5	1	6122
2A	6148	1	4430
2A	6149	1	4430
2A	614A	1	4430
2A	614C	1	4430
2A	614D	1	4430
2A	614F	1	4430
2A	6151	1	4430
2A	6153	1	4430
2A	6154	1	4430
2A	6157	1	4430
2A	6158	1	4430
2A	615A	1	4430
2A	615C	1	4430
2A	615D	1	4430
2A	615F	1	4430
2A	6165	1	4436
2A	6166	1	4436
2A	6168	1	4436
2A	6169	1	4436
2A	616B	1	4436
2A	616D	1	4436
2A	616F	1	4436
2A	6171	1	4436
2A	6174	1	4436
2A	6175	1	4436
2A	6177	1	4436
2A	6179	1	4436
2A	617A	1	4436
2A	617B	22	4436
2A	617C	22	4436
2A	617F	22	4436
2A	6181	22	4436
2A	6187	22	4436
2A	618A	22	4436
2A	618B	22	4436
2A	618D	22	4436
2A	6193	22	5099
2A	6194	22	5099
2A	6196	22	5099
2A	6198	22	5099
2A	619A	22	5099
2A	619C	1	8977
2A	619D	1	8977
2A	619E	1	8977
2A	619F	1	8977
2A	61A1	1	8977
2A	61A3	1	8977
2A	61A5	1	8977
2A	61A8	1	8977
2A	61A9	1	8977
2A	61AB	1	8977
2A	61AD	1	8977
2A	61AF	1	8977
2A	61B0	1	8977
2A	61B2	1	8977
2A	61B4	1	8977
2A	61B7	1	8977
2A	61BA	1	8977
2A	61BB	1	8977
2A	61BD	1	8977
2A	61C0	1	8980
2A	61C6	1	8993
2A	61C7	1	8993
2A	61C8	1	8993
2A	61C9	1	8993
2A	61CA	21	5099
2A	61CC	21	5099
2A	61CE	21	5099
2A	61D0	21	5099
2A	61D1	21	5099
2A	61D3	21	5099
2A	61D5	18	5099
2A	61D7	18	5099
2A	61D8	18	5099
2A	61DA	18	5099
2A	61DC	18	5099
2A	61DF	18	5099
2A	61E1	18	5099
2A	61E3	4	5541
2A	61E6	4	5541
2A	61E8	4	5541
2A	61EA	3	5541
2A	61ED	3	5544
2A	61F0	3	5544
2A	61F2	3	5544
2A	61F4	1	6999
2A	61F7	1	7002
2A	61FA	15	5099
2A	61FD	15	5099
2A	61FF	15	5099
2A	6201	1	6119
2A	6204	1	6119
2A	6206	1	6119
2A	6208	1	6119
2A	620B	1	6122
2A	620E	14	5099
2A	6211	14	5099
2A	6212	14	5099
2A	6215	14	5099
2A	6216	14	5099
2A	6219	14	5122
2A	621C	3	6153
2A	621F	3	6176
2A	6257	1	3209
2A	6258	1	3209
2A	625A	1	3209
2A	625C	1	3209
2A	625E	1	3209
2A	6260	1	3209
2A	6262	1	3209
2A	6265	1	3209
2A	6267	1	3209
2A	6269	1	3209
2A	626C	1	3209
2A	626E	1	3209
2A	6271	1	3209
2A	6274	16	3209
2A	6275	16	3209
2A	6276	16	3209
2A	6277	16	3209
2A	6278	16	3209
2A	627A	1	3209
2A	627C	1	3209
2A	627F	1	3209
2A	6282	64	3209
2A	6283	64	3209
2A	6284	64	3209
2A	6285	64	3209
2A	6286	64	3209
2A	6288	1	3209
2A	6289	1	3209
2A	628A	1	3209
2A	628C	1	3209
2A	628E	1	3209
2A	6290	1	3209
2A	6293	1	3209
2A	6296	1	3209
2A	6299	1	3209
2A	629C	1	3210
2A	629E	1	3210
2A	62A0	1	3210
2A	62A2	1	3210
2A	62A5	1	3210
2A	62A8	1	3210
2A	62AB	1	3210
2A	62AE	1	3211
2A	62B0	1	3211
2A	62B2	1	3211
2A	62B4	1	3211
2A	62B7	1	3211
2A	62BA	1	3211
2A	62BD	1	3211
2A	62C0	1	3213
2A	62C3	1	3215
2A	62C4	1	3215
2A	62C5	2	8977
2A	62C6	2	8977
2A	62C8	2	8977
2A	62CA	2	8977
2A	62CC	2	8977
2A	62CE	2	8977
2A	62D0	2	8977
2A	62D3	2	8977
2A	62D5	2	8977
2A	62D7	2	8977
2A	62DA	2	8977
2A	62DC	2	8977
2A	62DF	2	8977
2A	62E2	32	8977
2A	62E3	32	8977
2A	62E4	32	8977
2A	62E5	32	8977
2A	62E6	32	8977
2A	62E8	2	8977
2A	62EA	2	8977
2A	62ED	2	8977
2A	62F0	128	8977
2A	62F1	128	8977
2A	62F2	128	8977
2A	62F3	128	8977
2A	62F4	128	8977
2A	62F6	2	8977
2A	62F7	2	8977
2A	62FD	2	8980
2D	4E06	1	3199
2D	4E08	1	3199
2D	4E0A	1	3199
2D	4E0C	1	3199
2D	4E0F	1	3199
2D	4E12	4096	3199
2D	4E13	4096	3199
2D	4E14	4096	3199
2D	4E15	4096	3199
2D	4E16	4096	3199
2D	4E17	4096	3199
2D	4E19	1	3201
2D	4E1B	1	3201
2D	4E1D	1	3201
2D	4E1F	1	3201
2D	4E22	1	3201
2D	4E25	1920	3201
2D	4E26	1920	3201
2D	4E27	1920	3201
2D	4E28	1920	3201
2D	4E29	1920	3201
2D	4E2A	1920	3201
2D	4E2C	1	3201
2D	70F4	11	5119
2D	70F5	11	5119
2D	70F6	11	5119
2D	70F7	11	5119
2D	70F8	11	5119
2D	70F9	11	5119
2D	70FB	11	5119
2D	70FD	11	5119
2D	70FF	11	5119
2D	7101	11	5119
2D	7104	11	5119
2D	7106	11	5119
2D	7108	11	5119
2D	7109	11	5119
2D	710C	11	5119
2D	710D	11	5119
2D	7110	11	5119
2D	7113	11	5119
2D	7115	44	5119
2D	7116	44	5119
2D	7117	44	5119
2D	7119	11	5119
2D	711A	11	5119
2D	711B	11	5119
2D	711C	11	5119
2D	711D	11	5119
2D	711E	11	5119
48	403E	1	1811
48	4040	1	1811
48	4041	1	1811
48	4043	1	1811
48	4044	1	1811
48	4046	1	1811
48	4047	1	1811
48	4049	1	1811
48	404A	1	1811
48	404C	10	1811
48	404E	10	1811
48	4051	10	1811
48	4052	10	1811
48	4054	9	1811
48	4055	9	1811
48	4057	9	1811
48	405A	9	1811
48	405B	9	1811
48	405D	9	1811
48	405E	9	1811
48	405F	9	1811
48	4061	9	1811
48	4062	9	1811
48	4064	9	1811
48	4065	9	1811
48	4066	9	1811
48	4067	9	1811
48	4069	9	1811
48	406A	9	1811
48	406C	9	1811
48	406D	9	1811
48	406E	9	1811
48	406F	9	1811
48	4075	9	1811
48	4077	9	1811
48	4078	9	1811
48	407A	9	1811
48	407C	9	1811
48	407D	9	1811
48	407F	9	1811
48	4081	1	1811
48	4083	1	1811
48	4084	1	1811
48	4086	9	1811
48	4088	9	1811
48	408A	9	1811
48	408B	9	1811
48	408D	9	1811
48	4094	9	1811
48	4096	9	1811
48	4097	9	1811
48	4099	9	1811
48	409A	9	1811
48	409C	1	1811
48	409E	1	1811
48	409F	1	1811
48	40A1	1	1811
48	40A2	1	1811
48	40A4	1	1811
48	40A5	1	1811
48	40A7	1	1811
48	40A8	1	1811
48	415A	12	1140
48	415C	12	1140
48	415D	12	1140
48	415F	12	1140
48	4160	12	1140
48	4162	12	1140
48	4163	12	1140
48	4165	12	1140
48	4167	12	1140
48	4168	12	1140
48	416A	12	1140
48	416C	12	1140
48	416D	12	1140
48	416F	12	1140
48	4171	12	1140
48	4172	12	1140
48	4174	12	1140
48	4176	12	1140
48	4177	12	1140
48	4178	12	1140
48	417A	12	1140
48	417C	12	1140
48	417D	12	1140
48	417F	12	1140
48	4180	12	1140
48	4181	12	1140
48	4183	12	1140
48	4184	12	1140
48	4185	12	1140
48	4186	12	1140
48	4188	12	1140
48	418B	12	1140
48	418C	12	1140
48	418D	12	1140
48	418E	12	1140
48	418F	12	1140
48	4191	12	1140
48	4193	12	1140
48	4194	12	1140
48	4196	12	1140
48	4197	12	1140
48	4198	12	1140
48	419A	12	1140
48	419B	12	1140
48	419C	12	1140
48	419D	12	1140
48	419E	12	1140
48	419F	186	1140
48	41A1	186	1140
48	41A4	186	1140
48	41A5	186	1140
48	41A8	174	1140
48	41AA	174	1140
48	41AC	174	1140
48	41AD	174	1140
48	41AF	174	1140
48	41B2	174	1140
48	41B3	174	1140
48	41B5	174	1140
48	41B6	174	1140
48	41B7	174	1140
48	41B8	174	1140
48	41BA	174	1140
48	41BB	174	1140
48	41BD	174	1140
48	41BE	174	1140
48	41C0	174	1140
48	41C1	174	1140
48	41C2	174	1140
48	41C4	174	1140
48	41C5	174	1140
48	41C6	174	1140
48	41C7	174	1140
48	41C9	174	1140
48	41CA	174	1140
48	41CC	174	1140
48	41CD	174	1140
48	41CE	174	1140
48	41CF	174	1140
48	41D5	174	1140
48	41D7	174	1140
48	41D8	174	1140
48	41D9	174	1140
48	41DB	174	1140
48	41DC	174	1140
48	41DD	174	1140
48	41DE	174	1140
48	41E0	174	1140
48	41E1	174	1140
48	41E3	174	1140
48	41E4	174	1140
48	41E6	174	1140
48	41E7	174	1140
48	41E8	174	1140
48	41EA	174	1140
48	4222	12	1140
48	4223	1320	1142
48	4226	1320	1142
48	4227	1320	1142
48	4229	532	1142
48	422A	532	1142
48	422D	532	1142
48	422E	788	1322
48	4231	788	1322
48	4232	788	1322
48	4233	394	1323
48	4235	394	1323
48	4238	394	1323
48	423A	394	1323
48	423C	197	1325
48	423F	197	1325
48	4240	197	1325
48	424F	394	1323
48	4252	394	1323
48	4253	394	1323
48	4256	394	1323
48	4257	394	1323
48	4259	394	1323
48	425A	49	1331
48	425D	49	1331
48	425F	49	1331
48	4261	49	1331
48	4263	49	1331
48	4264	49	1331
48	4266	49	1331
48	4268	49	1331
48	4269	49	1331
48	426A	49	1331
48	426C	49	1331
48	426D	49	1331
48	4270	49	1331
48	4271	49	1331
48	4273	49	1331
48	4274	49	1331
48	4276	49	1331
48	4278	49	1331
48	4279	49	1331
48	427A	49	1331
48	427C	49	1331
48	427D	49	1331
48	427F	49	1331
48	4281	49	1331
48	4282	49	1331
48	4284	49	1331
48	4286	49	1331
48	4288	49	1331
48	428A	49	1331
48	428B	49	1331
48	428C	49	1331
48	428E	49	1331
48	4290	49	1331
48	4292	49	1331
48	4298	49	1332
48	429B	49	1332
48	429C	49	1332
48	429D	49	1332
48	429E	49	1332
48	42A0	49	1332
48	42A1	49	1332
48	42A2	49	1332
48	42A4	49	1332
48	42A5	49	1332
48	42A7	49	1332
48	42A9	49	1332
48	42AB	49	1332
48	42B1	49	1333
48	42B3	49	1333
48	42B4	49	1333
48	42B6	49	1333
48	42B8	49	1333
48	42BA	49	1333
48	42BD	49	1333
48	42BE	49	1333
48	42C0	49	1333
48	42C3	49	1333
48	42C6	49	1333
48	42C7	49	1333
48	42CA	49	1333
48	42CD	49	1333
48	42CE	49	1333
48	42CF	1	1726
48	42D0	1	1726
48	42D3	1	1726
48	42D4	6	1138
48	42D5	6	1138
48	42D8	6	1138
48	42DB	6	1138
48	42DD	6	1138
48	42DF	6	1138
48	42E0	6	1138
48	42E2	6	1138
48	42E4	6	1138
48	42E6	6	1138
48	42E8	6	1138
48	42E9	6	1138
48	42EA	6	1138
48	42EB	6	1138
48	42EC	6	1138
48	42ED	6	1138
48	42EE	6	1138
48	42F0	6	1138
48	42F1	6	1138
48	42F2	6	1138
48	42F5	6	1138
48	42F8	6	1138
48	42F9	6	1138
48	42FA	6	1138
48	42FD	6	1138
48	4300	6	1138
48	4301	6	1138
48	4302	6	1138
48	4303	6	1138
48	4305	6	1138
48	4308	6	1138
48	4309	43	1138
48	430A	43	1138
48	430D	43	1138
48	430E	43	1138
48	4310	37	1138
48	4311	37	1138
48	4314	37	1138
48	4315	37	1138
48	4317	37	1138
48	4318	37	1138
48	431A	6	1138
48	431B	6	1138
48	431D	6	1138
48	431F	6	1138
48	4320	6	1138
48	4322	6	1138
48	4323	6	1138
48	4326	6	1138
48	4328	6	1138
48	432B	6	1138
48	432C	6	1138
48	432D	6	1138
48	4330	6	1138
48	4333	6	1138
48	4334	6	1138
48	4335	6	1138
48	4338	6	1138
48	433B	6	1138
48	433C	6	1138
48	433D	6	1138
48	433F	6	1138
48	4342	6	1138
48	4343	143	1138
48	4344	143	1138
48	4347	143	1138
48	4348	143	1138
48	434A	137	1138
48	434B	137	1138
48	434E	137	1138
48	434F	137	1138
48	4351	137	1138
48	4352	137	1138
48	4354	6	1138
48	4355	6	1138
48	4357	6	1138
48	435A	6	1138
48	435C	6	1138
48	435E	6	1138
48	4360	6	1138
48	4363	6	1138
48	4365	6	1138
48	4368	6	1138
48	436A	6	1138
48	436D	6	1138
48	4370	6	1138
48	4372	6	1138
48	4373	6	1138
48	4375	6	1138
48	4376	6	1138
48	4377	6	1138
48	437A	6	1140
48	437B	6	1140
48	437E	6	1140
48	4381	6	1140
48	4383	6	1140
48	4385	6	1140
48	4387	6	1140
48	4388	6	1140
48	4389	6	1140
48	438C	6	1140
48	438D	6	1140
48	4390	6	1140
48	4391	6	1140
48	4393	6	1140
48	4396	6	1140
48	4398	6	1140
48	439A	6	1140
48	439B	6	1140
48	439D	6	1140
48	439E	6	1140
48	43A0	6	1140
48	43A3	6	1140
48	43A9	6	1140
48	43AB	6	1140
48	43AE	6	1140
48	43AF	6	1140
48	43B2	6	1140
48	43B3	6	1140
48	43B5	6	1140
48	43B8	6	1140
48	43BA	6	1140
48	43BC	6	1140
48	43BD	6	1140
48	43BF	6	1140
48	43C0	6	1140
48	43C2	6	1140
48	43C5	6	1140
48	43CB	6	1140
48	43CD	6	1140
48	43CF	6	1140
48	43D2	6	1140
48	43D3	6	1140
48	43D6	6	1140
48	43D9	6	1140
48	43DC	6	1140
48	43DF	6	1140
48	43E1	6	1140
48	43E3	6	1140
48	43E5	6	1140
48	43EB	6	1141
48	43EE	6	1141
48	43F1	6	1141
48	43F4	6	1141
48	43F6	6	1141
48	43F8	6	1141
48	43FA	6	1141
48	4400	6	1142
48	4402	6	1142
48	4403	6	1142
48	4405	6	1142
48	4407	6	1142
48	4409	6	1142
48	440A	6	1140
48	440B	6	1140
48	440D	6	1140
48	440F	6	1140
48	4411	6	1140
48	4413	6	1140
48	4416	6	1140
48	4419	6	1140
48	441C	6	1140
48	441F	6	1140
48	4422	6	1140
48	4425	6	1140
48	4428	6	1140
48	442B	6	1140
48	442E	6	1140
48	4431	6	1140
48	4434	6	1140
48	4437	6	1140
48	4439	6	1140
48	443C	6	1140
48	443E	6	1140
48	4441	6	1140
48	4443	6	1140
48	4446	6	1140
48	4448	6	1140
48	444B	6	1140
48	444D	6	1140
48	4450	6	1140
48	4452	6	1140
48	4455	6	1140
48	4457	6	1140
48	4459	6	1140
48	445B	6	1140
48	445C	6	1140
48	445E	6	1140
48	445F	6	1140
48	4460	8	1138
48	4462	8	1138
48	4464	8	1138
48	4465	8	1138
48	4467	8	1138
48	4469	8	1138
48	446B	8	1138
48	446D	8	1138
48	446E	8	1138
48	4471	8	1138
48	4474	8	1138
48	4477	8	1138
48	447A	8	1138
48	447D	8	1138
48	4480	8	1138
48	4482	8	1138
48	4484	8	1138
48	4486	8	1138
48	448C	8	1139
48	448F	8	1139
48	4492	8	1139
48	4495	8	1139
48	4497	8	1139
48	4499	8	1139
48	449B	8	1139
48	44A1	8	1140
48	44A3	8	1140
48	44A5	8	1140
48	44A7	6	1762
48	44A8	6	1762
48	44AA	6	1762
48	44AC	6	1762
48	44AE	6	1762
48	44B1	6	1762
48	44B4	6	1762
48	44B5	6	1762
48	44B8	6	1762
48	44B9	6	1762
48	44BC	6	1762
48	44BD	6	1762
48	44C0	6	1762
48	44C3	6	1762
48	44C4	6	1762
48	44C7	6	1762
48	44C8	6	1762
48	44CB	6	1762
48	44CC	6	1762
48	44CE	6	1762
48	44D0	6	1762
48	44D2	6	1762
48	44D3	6	1762
48	44D5	6	1762
48	44D6	8	1140
48	44D8	8	1140
48	44D9	8	1140
48	44DB	8	1140
48	44DD	8	1140
48	44DF	8	1140
48	44E0	1	1794
48	44E2	1	1794
48	44E4	1	1794
48	44E6	1	1794
48	44E7	1	1794
48	44E9	1	1794
48	44EB	1	1794
48	44ED	1	1794
48	44EF	1	1794
48	44F2	1	1794
48	44F5	1	1794
48	44F8	1	1794
48	44FB	1	1794
48	44FE	1	1794
48	4501	1	1794
48	4504	1	1794
48	4507	1	1794
48	4509	1	1794
48	450C	1	1794
48	450F	1	1794
48	4511	1	1794
48	4514	1	1794
48	451A	1	1795
48	451D	9	1795
48	4520	9	1796
48	4523	9	1796
48	4529	9	1796
48	452A	9	1796
48	452D	9	1796
48	4533	9	1797
48	4534	9	1797
48	4536	1	1810
48	4538	1	1810
48	4539	1	1810
48	453B	1	1810
48	453D	1	1810
48	453F	1	1810
48	459D	1	1794
48	45A0	1	1794
48	45A2	1	1794
48	45B5	1	1794
48	45B6	1	1794
48	45B9	1	1794
48	45BA	1	1794
48	45BD	1	1794
48	45BE	1	1794
48	45C1	1	1794
48	45C2	1	1794
48	45C5	1	1794
48	45C8	1	1794
48	45CB	1	1794
48	45CD	1	1794
48	45CF	1	1794
48	45D1	1	1794
48	45D3	64	1794
48	45D4	64	1794
48	45D6	64	1794
48	45D9	64	1794
48	45DA	64	1794
48	45DB	64	1794
48	45DD	60	1794
48	45DE	60	1794
48	45DF	60	1794
48	45E0	60	1794
48	45E1	60	1794
48	45E2	60	1794
48	45E3	60	1794
48	45E4	60	1794
48	45E5	60	1794
48	45E7	15	1794
48	45E8	15	1794
48	45EA	15	1794
48	45ED	15	1794
48	45EF	15	1794
48	45F0	60	1794
48	45F1	60	1794
48	45F3	1	1794
48	45F4	4	1794
48	45F7	4	1794
48	45F8	4	1794
48	45FB	4	1794
48	45FC	4	1794
48	45FF	4	1794
48	4600	4	1794
48	4601	4	1794
48	4604	4	1794
48	4605	4	1794
48	4606	4	1794
48	4607	4	1794
48	4609	1	1794
48	460A	1	1794
48	460C	1	1794
48	460F	1	1794
48	4611	1	1794
48	4612	4	1794
48	4613	4	1794
48	4616	6	1112
48	4619	6	1112
48	461A	6	1112
48	461C	6	1112
48	461D	6	1112
48	461F	6	1112
48	462A	6	1112
48	462C	6	1112
48	462E	6	1112
48	462F	6	1112
48	4631	6	1112
48	4634	6	1112
48	4636	6	1112
48	4639	6	1112
48	463B	6	1112
48	463D	6	1112
48	4640	6	1112
48	4641	6	1112
48	4642	6	1112
48	4643	6	1112
48	4645	6	1112
48	4648	6	1112
48	464A	6	1112
48	464B	6	1112
48	464D	6	1112
48	4650	6	1112
48	4652	6	1112
48	4653	6	1112
48	4654	6	1112
48	4655	6	1112
48	4658	6	1112
48	4659	6	1112
48	465A	6	1112
48	465B	6	1112
48	4679	5	1120
48	467C	5	1120
48	467E	5	1120
48	4681	5	1120
48	4684	5	1120
48	4686	5	1120
48	4688	5	1120
48	4689	5	1120
48	468B	5	1120
48	468E	5	1120
48	4691	5	1120
48	4693	5	1120
48	4695	5	1120
48	4696	5	1120
48	4697	5	1120
48	469A	5	1120
48	469B	18	1120
48	469C	320	1120
48	469D	320	1120
48	469E	320	1120
48	469F	320	1120
48	46A1	18	1120
48	46A2	18	1120
48	46A4	18	1120
48	46A5	18	1120
48	46A6	18	1120
48	46A7	18	1120
48	46A8	18	1120
48	46AA	18	1120
48	46AB	18	1120
48	46AC	18	1120
48	46AD	18	1120
48	46AF	5	1120
48	46B0	5	1120
48	46B3	5	1120
48	46B4	5	1120
48	46B5	5	1120
48	46B6	5	1120
48	46BC	5	1120
48	46BE	5	1120
48	46BF	5	1120
48	46C1	5	1120
48	46C3	5	1120
48	46C5	5	1120
48	46C6	2	1728
48	46C8	2	1728
48	46CA	2	1728
48	46CB	2	1728
48	46CD	2	1728
48	46CF	2	1728
48	46D1	2	1728
48	46D3	2	1728
48	46D5	2	1728
48	46D8	2	1728
48	46DB	2	1728
48	46DE	2	1728
48	46E1	2	1728
48	46E4	2	1728
48	46E6	2	1728
48	46E9	2	1728
48	46EC	2	1728
48	46EE	2	1728
48	46F4	2	1728
48	46FA	48	1730
48	46FD	48	1731
48	4700	48	1731
48	4706	48	1731
48	4707	48	1731
48	470A	48	1731
48	470D	48	1731
48	4710	48	1731
48	4711	48	1731
48	4713	12	1734
48	4715	12	1734
48	471B	12	1735
48	471C	12	1735
48	471E	2	1760
48	4720	2	1760
48	4721	2	1760
48	4723	2	1760
48	4725	2	1760
48	4727	2	1760
48	4748	317	1140
48	474A	317	1140
48	474B	317	1140
48	474E	317	1140
48	474F	317	1140
48	4752	317	1140
48	4753	317	1140
48	4756	317	1140
48	4757	317	1140
48	475A	317	1140
48	475B	317	1140
48	475E	317	1140
48	475F	317	1140
48	4760	317	1140
48	4763	317	1140
48	4764	317	1140
48	4767	317	1140
48	4768	317	1140
48	476B	317	1140
48	476C	317	1140
48	476F	317	1140
48	4770	317	1140
48	4773	317	1140
48	4774	317	1140
48	4777	1710	1140
48	4778	1710	1140
48	4779	1710	1140
48	477A	1710	1140
48	477B	1710	1140
48	477C	1710	1140
48	477F	1710	1140
48	4780	1710	1140
48	4781	1710	1140
48	4783	529	1140
48	4785	528	1140
48	4786	528	1140
48	4787	528	1140
48	4788	528	1140
48	478A	1181	1140
48	478B	1181	1140
48	478C	1181	1140
48	478E	865	1140
48	478F	865	1140
48	4790	865	1140
48	4791	865	1140
48	4793	317	1140
48	4794	317	1140
48	4795	317	1140
48	4796	317	1140
48	4798	317	1140
48	479A	317	1140
48	479C	317	1140
48	479E	317	1140
48	47A0	317	1140
48	47A2	317	1140
48	47A4	317	1140
48	47A6	317	1140
48	47A8	317	1140
48	47A9	317	1140
48	47AA	317	1140
48	47AB	317	1140
48	47AC	317	1140
48	47AD	317	1140
48	47AE	317	1140
48	47B0	317	1140
48	47B2	317	1140
48	47B3	317	1140
48	47B5	317	1140
48	47B7	317	1140
48	47B9	317	1140
48	47BA	317	1140
48	47BC	317	1140
48	47BE	317	1140
48	47C0	317	1140
48	47C3	317	1140
48	47C4	317	1140
48	47C5	317	1140
48	47C8	317	1140
48	47C9	317	1140
48	47CC	317	1140
48	47CD	317	1140
48	47D0	317	1140
48	47D1	317	1140
48	47D4	317	1140
48	47D6	2536	1140
48	47D7	2536	1140
48	47D8	2536	1140
48	47D9	2536	1140
48	47DA	2536	1140
48	47DB	2536	1140
48	47DD	317	1140
48	47E0	317	1140
48	47E1	317	1140
48	47E4	317	1140
48	47E5	317	1140
48	47E8	317	1140
48	47E9	317	1140
48	47EC	317	1140
48	47EE	2536	1140
48	47EF	2536	1140
48	47F0	2536	1140
48	47F1	2536	1140
48	47F2	2536	1140
48	47F3	2536	1140
48	47F5	317	1140
48	47F6	317	1140
48	47F8	317	1140
48	47FB	317	1140
48	47FD	317	1140
48	47FE	317	1140
48	4800	317	1140
48	4803	317	1140
48	4805	317	1140
48	4807	317	1140
48	4808	317	1140
48	480A	317	1140
48	480C	317	1140
48	480E	317	1140
48	4899	1	326
48	489C	1	326
48	489E	1	326
48	48A1	1	326
48	48A4	1	326
48	48A5	1	326
48	48A7	1	326
48	48AA	1	326
48	48AD	1	326
48	48AE	1	326
48	48AF	1	326
48	48B0	1	326
48	48B1	1	326
48	48B2	1	326
48	48B3	1	326
48	48B4	1	326
48	48B5	1	326
48	48B6	1	326
48	48B7	1	326
48	48BB	5	1112
48	48E1	7	326
48	48E2	7	326
48	48E5	7	326
48	48E8	7	326
48	48EA	7	326
48	48EC	7	326
48	48EE	112	326
48	48EF	112	326
48	48F2	112	326
48	48F3	112	326
48	48F4	112	326
48	48F5	112	326
48	48FE	112	326
48	48FF	112	326
48	4901	7	326
48	4904	7	326
48	4906	7	326
48	4908	392	326
48	4909	392	326
48	490C	392	326
48	490D	392	326
48	490E	392	326
48	490F	392	326
48	4911	7	326
48	4914	7	326
48	4915	7	326
48	4918	392	326
48	4919	392	326
48	491B	7	326
48	491E	7	326
48	491F	7	326
48	495C	6	1112
48	495F	6	1112
48	4961	6	1112
48	4963	6	1112
48	4964	6	1112
48	4966	6	1112
48	4968	6	1112
48	496A	6	1112
48	496D	6	1112
48	496F	6	1112
48	4971	6	1112
48	4974	6	1112
48	4977	6	1112
48	4978	6	1112
48	4979	6	1112
48	497A	6	1112
48	497B	6	1112
48	497C	6	1112
48	497E	6	1112
48	4981	6	1112
48	4983	6	1112
48	4984	6	1112
48	4986	6	1112
48	4989	6	1112
48	498B	6	1112
48	49DB	1	1762
48	49E1	1	1762
48	49E3	1	1762
48	49E5	1	1762
48	49E8	1	1762
48	49EB	1	1762
48	49ED	1	1762
48	49EE	1	1762
48	49F0	1	1762
48	49F2	1	1762
48	49F4	1	1762
48	4A29	1	1762
48	4A2B	1	1762
48	4A31	1	2377
48	4A32	1	2377
48	4A33	1	2377
48	4A34	1	2377
48	4A36	1	2377
48	4A38	1	2377
48	4A3B	1	2377
48	4A3E	1	2377
48	4A3F	1	2377
48	4A40	1	2377
48	4A42	1	2377
48	4A45	1	2377
48	4A4B	1	2377
48	4A4D	1	2377
48	4A4E	1	1112
48	4A54	1	1112
48	4A56	1	1112
48	4A58	1	1112
48	4A5B	1	1112
48	4A5E	1	1112
48	4A60	1	1112
48	4A61	1	1112
48	4A63	1	1112
48	4A65	1	1112
48	4A74	1	1112
48	4A76	1	1112
48	4A79	1	1112
48	4A7C	1	1112
48	4A7D	1	1112
48	4A7E	1	1112
48	4A80	1	1112
48	4A83	1	1112
48	4A89	1	1112
48	4A8B	1	1112
48	4AAB	1	22
48	4AAD	1	22
48	4AAF	1	22
48	4AB0	1	22
48	4AB2	1	22
48	4AB4	1	22
48	4AB6	1	22
48	4AB9	1	22
48	4ABB	1	22
48	4ABD	1	22
48	4AC0	1	22
48	4AC3	1	22
48	4AC5	1	22
48	4AC6	32	22
48	4AC7	32	22
48	4AC8	32	22
48	4ACA	1	22
48	4ACB	1	22
48	4ACD	1	22
48	4AD0	1	22
48	4AD2	1	22
48	4AD3	1	22
48	4AD5	1	22
48	4AD8	1	22
48	4ADA	1	22
4E	4658	1	22
4E	465A	1	22
4E	465C	1	22
4E	465F	1	22
4E	4661	1	22
4E	4663	1	22
4E	4666	1	22
4E	4669	1	22
4E	466C	1	22
4E	466F	1	22
4E	4672	1	22
4E	4675	1	22
4E	4678	1	22
4E	467B	1	22
4E	467E	1	22
4E	4681	1	22
4E	4683	1	22
4E	4687	1	22
4E	468A	1	22
4E	468B	1	22
4E	468E	1	22
4E	4691	1	22
4E	4694	1	22
4E	4697	1	22
4E	469A	1	22
4E	469B	1	22
4E	469D	1	22
4E	46A0	1	22
4E	46CF	1	326
4E	46D1	1	326
4E	46D3	1	326
4E	46D6	1	326
4E	46D8	1	326
4E	46DA	1	326
4E	46DD	1	326
4E	46E0	1	326
4E	46E3	1	326
4E	46E6	1	326
4E	46E9	1	326
4E	46EC	1	326
4E	46ED	1	326
4E	46EF	1	326
4E	46F2	1	326
4E	46F3	1	326
4E	46F5	1	326
4E	46F8	1	326
4E	46FB	1	326
4E	46FE	1	326
4E	4701	1	327
4E	4704	1	327
4E	4707	1	327
4E	470A	1	327
4E	470D	1	327
4E	470E	1	327
4E	4710	1	327
4E	4713	1	327
4E	4714	1	327
4E	4716	1	327
4E	4719	1	327
4E	471B	1	327
4E	471C	1	327
4E	471E	1	327
4E	4720	1	327
4E	4722	1	327
4E	4725	1	327
4E	4726	1	327
4E	4728	1	327
4E	4729	1	327
4E	472B	1	327
4E	472E	1	327
4E	472F	1	327
4E	4739	6	22
4E	473C	3376	22
4E	473D	3376	22
4E	473E	3376	22
4E	473F	3376	22
4E	4741	3376	22
4E	4742	3376	22
4E	4743	3376	22
4E	4744	3376	22
4E	4745	3376	22
4E	4746	3376	22
4E	4748	6	22
4E	4795	1	22
4E	4797	1	22
4E	4799	1	22
4E	479C	1	22
4E	479E	1	22
4E	47A0	1	22
4E	47A3	1	22
4E	47A6	1	22
4E	47A9	1	22
4E	47AC	1	22
4E	47AF	1	22
4E	47B0	1	22
4E	47B3	1	22
4E	47B4	1	22
4E	47B7	1	22
4E	47B8	1	22
4E	47BB	1	22
4E	47BC	1	22
4E	47BF	1	22
4E	47C2	1	22
4E	47C5	1	22
4E	47C8	1	22
4E	47CB	1	22
4E	47CE	1	22
4E	47D1	1	22
4E	47D4	1	22
4E	47D5	1	22
4E	47D8	1	22
4E	47D9	1	22
4E	47DC	1	22
4E	47DD	1	22
4E	47E0	1	22
4E	47E1	1	22
4E	47E4	1	22
4E	47E5	1	22
4E	47E7	1	22
4E	47EA	1	22
4F	4000	16	26
4F	4002	16	26
4F	4004	16	26
4F	4006	16	26
4F	4008	16	26
4F	400D	16	26
4F	400E	1	1787
4F	400F	1	1787
4F	4012	1	1787
4F	4015	1	1787
4F	4016	1	1787
4F	4019	1	1787
4F	401A	1	1787
4F	401D	1	1787
4F	4020	1	1787
4F	4021	2	1787
4F	4023	2	1787
4F	4025	32	1787
4F	4026	32	1787
4F	4028	32	1787
4F	4029	32	1787
4F	402B	32	1787
4F	402C	32	1787
4F	402D	32	1787
4F	402F	32	1787
4F	4030	32	1787
4F	4032	32	1787
4F	4033	32	1787
4F	4034	32	1787
4F	4036	1	1787
4F	4037	1	1787
4F	4039	32	1787
4F	403A	32	1787
4F	403C	32	1787
4F	403D	32	1787
4F	403F	32	1787
4F	4040	32	1787
4F	4041	32	1787
4F	4043	32	1787
4F	4044	32	1787
4F	4046	32	1787
4F	4047	32	1787
4F	4048	32	1787
4F	404A	1	1787
4F	404B	161	29
4F	404C	161	29
4F	404F	161	29
4F	4052	161	29
4F	4053	161	29
4F	4056	161	29
4F	4057	161	29
4F	405A	161	29
4F	405D	161	29
4F	405E	322	29
4F	405F	322	29
4F	4061	322	29
4F	4063	322	29
4F	4065	161	29
4F	4067	161	29
4F	4069	161	29
4F	406B	161	29
4F	406D	161	29
4F	406F	2576	29
4F	4070	2576	29
4F	4071	2576	29
4F	4072	2576	29
4F	4073	2576	29
4F	4074	2576	29
4F	4075	2576	29
4F	4076	2576	29
4F	4077	2576	29
4F	4078	2576	29
4F	4079	2576	29
4F	407A	2576	29
4F	407B	2576	29
4F	407C	2576	29
4F	407D	2576	29
4F	407E	2576	29
4F	407F	2576	29
4F	4080	2576	29
4F	4082	322	29
4F	4083	7936	27
4F	4086	7936	27
4F	4087	7936	27
4F	4088	7936	27
4F	4089	7936	27
4F	408A	7936	27
4F	408B	7936	27
4F	408E	6912	27
4F	408F	6912	27
4F	4090	6912	27
4F	4093	6528	27
4F	4094	6528	27
4F	4097	6528	27
4F	4098	6528	27
4F	4099	6528	27
4F	409B	6528	27
4F	409D	6528	27
4F	409E	6528	27
4F	40A0	6528	27
4F	40A2	6528	27
4F	40A3	6528	27
4F	40A4	6528	27
4F	40A5	6528	27
4F	40A7	6528	27
4F	40A9	6528	27
4F	40AA	6528	27
4F	40AB	6528	27
4F	40AD	6528	27
4F	40AE	6528	27
4F	40B0	6528	27
4F	40B1	6528	27
4F	40B2	6528	27
4F	40B4	6528	27
4F	40B7	6528	27
4F	40B8	6528	27
4F	40B9	6528	27
4F	40BB	6528	27
4F	40BD	6528	27
4F	40BE	6528	27
4F	40C0	6528	27
4F	40C2	6528	27
4F	40C3	6528	27
4F	40C4	6528	27
4F	40C5	6528	27
4F	40C7	6528	27
4F	40C9	6528	27
4F	40CA	6528	27
4F	40CB	6528	27
4F	40CD	6528	27
4F	40CE	6528	27
4F	40D0	6528	27
4F	40D1	6528	27
4F	40D2	6528	27
4F	40D4	6528	27
4F	40D5	6528	27
4F	40D7	6528	27
4F	40D8	6528	27
4F	40DA	6528	27
4F	40DD	6528	27
4F	40DF	6528	27
4F	40E0	6528	27
4F	40E2	6528	27
4F	40E4	6528	27
4F	40E6	6528	27
4F	40E7	6528	27
4F	40E9	6528	27
4F	40EC	6528	27
4F	40EE	6528	27
4F	40EF	6528	27
4F	40F0	6528	27
4F	40F2	6528	27
4F	40F4	6528	27
4F	40F5	6528	27
4F	40F6	6528	27
4F	40F8	6528	27
4F	40F9	6528	27
4F	40FB	6528	27
4F	40FC	6528	27
4F	40FE	6528	27
4F	40FF	6528	27
4F	4101	6528	27
4F	4103	6528	27
4F	4105	6528	27
4F	4106	6528	27
4F	4108	6528	27
4F	410B	6528	27
4F	410D	6528	27
4F	410E	6528	27
4F	4110	6528	27
4F	4111	6528	27
4F	4112	6528	27
4F	4113	6528	27
4F	4115	6528	27
4F	4116	6528	27
4F	4118	6528	27
4F	4119	6528	27
4F	411A	6528	27
4F	411C	1024	41
4F	411F	1024	41
4F	4120	1024	41
4F	4121	1024	41
4F	4123	1024	41
4F	4124	1024	41
4F	4126	7552	27
4F	4129	7552	27
4F	412A	7552	27
4F	412C	7552	27
4F	412D	7552	27
4F	412F	7552	27
4F	4130	7552	27
4F	4131	384	322
4F	4134	384	322
4F	4135	384	322
4F	4136	384	322
4F	4138	384	322
4F	4139	384	322
4F	413B	384	322
4F	413E	384	322
4F	413F	384	322
4F	4141	384	322
4F	4142	384	322
4F	4144	384	322
4F	4145	384	322
4F	4146	19584	27
4F	4147	19584	27
4F	4149	12027	27
4F	414A	12027	27
4F	414B	12027	27
4F	414E	12027	27
4F	414F	12027	27
4F	4150	12027	27
4F	4151	12027	27
4F	4152	12027	27
4F	4153	19584	27
4F	4156	19584	27
4F	4157	19584	27
4F	4158	19584	27
4F	415A	156672	27
4F	415B	156672	27
4F	415D	45701	27
4F	415E	156672	27
4F	4160	156672	27
4F	4162	156672	27
4F	4163	156672	27
4F	4165	19584	27
4F	4166	13	27
4F	4169	13	27
4F	416B	13	27
4F	416D	6	308
4F	416E	6	308
4F	4171	6	308
4F	4172	6	308
4F	4175	6	308
4F	4176	6	308
4F	4179	6	308
4F	417C	6	308
4F	417E	7	27
4F	417F	7	27
4F	4182	7	27
4F	4183	7	27
4F	4186	7	27
4F	4187	7	27
4F	418A	7	27
4F	418B	7	27
4F	418E	13	27
4F	4191	13	27
4F	41C2	13	27
4F	41C5	13	27
4F	41C8	13	27
4F	41CA	832	27
4F	41CD	832	27
4F	41CE	832	27
4F	41D1	832	27
4F	41D2	832	27
4F	41D5	832	27
4F	41D6	832	27
4F	41D7	832	27
4F	41DA	832	27
4F	41DB	832	27
4F	41DC	832	27
4F	41DD	832	27
4F	41DF	13	27
4F	41E0	138	27
4F	41E3	138	27
4F	41E4	138	27
4F	41E5	124	27
4F	41E6	124	27
4F	41E8	124	27
4F	41EA	80	27
4F	41ED	80	27
4F	41EE	80	27
4F	41F0	16	27
4F	41F3	16	27
4F	41F5	16	27
4F	41F7	8	42
4F	41F8	8	42
4F	41FB	8	42
4F	41FE	8	42
4F	4201	8	42
4F	4203	8	27
4F	4206	8	27
4F	4209	8	27
4F	420A	72	27
4F	420D	72	27
4F	420E	72	27
4F	4211	72	27
4F	4213	44	308
4F	4216	44	308
4F	4217	44	308
4F	4219	6	322
4F	421A	6	322
4F	421D	6	322
4F	4220	6	322
4F	4221	6	322
4F	4224	6	322
4F	4226	38	308
4F	4229	38	308
4F	422A	38	308
4F	422D	124	27
4F	4230	124	27
4F	4261	124	27
4F	4264	124	27
4F	4267	124	27
4F	4269	124	27
4F	426A	124	27
4F	426B	124	27
4F	426E	124	27
4F	426F	124	27
4F	4272	124	27
4F	4273	7936	27
4F	4274	7936	27
4F	4275	7936	27
4F	4276	7936	27
4F	4277	7936	27
4F	4278	7936	27
4F	427A	124	27
4F	427B	124	27
4F	427C	124	27
4F	427F	7936	27
4F	4282	7936	27
4F	4283	7936	27
4F	4284	7936	27
4F	4287	7936	27
4F	4288	7936	27
4F	428A	124	28
4F	428C	124	28
4F	428D	124	28
4F	42B4	6	27
4F	42B6	6	27
4F	42B8	6	27
4F	42B9	6	27
4F	42BB	6	27
4F	42BD	6	27
4F	42BF	6	27
4F	42C1	6	27
4F	42C4	6	27
4F	42C7	6	27
4F	42CA	6	27
4F	42CD	6	27
4F	42CF	6	27
4F	42D2	6	27
4F	42D5	6	27
4F	42D7	6	27
4F	42DA	6	27
4F	42DD	6	28
4F	42E0	54	28
4F	42E3	54	29
4F	42E6	54	29
4F	42EC	54	29
4F	42ED	54	29
4F	42F0	54	29
4F	42F3	54	30
4F	42F5	6	43
4F	42F7	6	43
4F	42F8	6	43
4F	42FA	6	43
4F	42FC	6	43
4F	42FE	6	43
4F	42FF	1	331
4F	4301	1	331
4F	4303	1	331
4F	4304	1	331
4F	4306	1	331
4F	4308	1	331
4F	430A	1	331
4F	430C	1	331
4F	430F	1	331
4F	4312	1	331
4F	4315	1	331
4F	4318	1	331
4F	431A	1	331
4F	431D	1	331
4F	4320	1	331
4F	4322	1	331
4F	4325	1	331
4F	4328	1	332
4F	432B	17	332
4F	432E	17	333
4F	4331	17	333
4F	4337	17	333
4F	4338	17	333
4F	433B	17	333
4F	433E	17	334
4F	4340	1	363
4F	4342	1	363
4F	4343	1	363
4F	4345	1	363
4F	4347	1	363
4F	4349	1	363
4F	4370	4	308
4F	4372	4	308
4F	4374	4	308
4F	4375	4	308
4F	4377	4	308
4F	4379	4	308
4F	437B	4	308
4F	437D	4	308
4F	4380	4	308
4F	4383	4	308
4F	4386	4	308
4F	4389	4	308
4F	438B	4	308
4F	438E	4	308
4F	4391	4	308
4F	4393	4	308
4F	4396	4	308
4F	4399	32	309
4F	439C	32	310
4F	439F	32	310
4F	43A5	32	310
4F	43A6	32	310
4F	43A9	32	310
4F	43AC	32	311
4F	43AE	4	323
4F	43B0	4	323
4F	43B1	4	323
4F	43B3	4	323
4F	43B5	4	323
4F	43B7	4	323
4F	4717	1	8
4F	4718	1	8
4F	4719	1	8
4F	471A	1	8
4F	471C	1	8
4F	471E	1	8
4F	4720	1	8
4F	4722	1	8
4F	4724	1	8
4F	4726	1	8
4F	4728	1	8
4F	472A	1	8
4F	472C	1	8
4F	472E	1	8
4F	4731	1	8
4F	4734	1	8
4F	4735	1	8
4F	4738	1	8
4F	473B	1	8
4F	473E	1	8
4F	473F	1	8
4F	4742	1	8
4F	4744	1	8
4F	4746	1	8
4F	4749	1	8
4F	474C	1	8
4F	474D	1	8
4F	4750	1	10
4F	4752	1	10
4F	4754	6	10
4F	4755	6	10
4F	4757	6	10
4F	475A	6	10
4F	475D	6	10
4F	475E	6	10
4F	4761	6	11
4F	4762	6	11
4F	4763	6	11
4F	4765	1	14
4F	4766	1	14
4F	4768	1	14
4F	476A	1	14
4F	476D	1	14
4F	4770	1	14
4F	4771	1	14
4F	4774	1	15
4F	4776	1	15
4F	4778	1	15
4F	477A	1	15
4F	477C	1	15
4F	477E	1	15
4F	4780	1	16
4F	4783	1	16
4F	4786	1	16
4F	4789	1	16
4F	478A	1	16
4F	478D	1	16
4F	4793	1	16
4F	4796	1	16
4F	4798	1	16
4F	479A	1	16
4F	479B	1	16
4F	479D	1	16
4F	479F	1	16
4F	47A1	1	16
4F	47A2	1	16
4F	47A3	1	17
4F	47A4	1	17
4F	47A5	1	17
4F	47A7	1	17
4F	47A9	1	17
4F	47AC	1	17
4F	47AF	1	17
4F	47B2	1	17
4F	47B5	1	17
4F	47B6	1	17
4F	47B9	1	17
4F	47BC	1	17
4F	47BF	1	17
4F	47C0	1	17
4F	47C3	1	17
4F	47C6	1	17
4F	47C7	1	17
4F	47C8	1	17
4F	47CB	1	17
4F	47CE	1	17
4F	47D1	1	17
4F	47D2	1	17
4F	47D4	1	17
4F	47D6	1	17
4F	47D8	1	17
4F	47D9	1	17
4F	47DA	1	17
4F	47DC	1	17
4F	47DE	6	17
4F	47DF	6	17
4F	47E1	6	17
4F	47E2	6	17
4F	47E5	6	17
4F	47E8	6	17
4F	47EB	6	18
4F	47EE	6	18
4F	47EF	6	18
4F	47F0	6	18
4F	47F2	1	22
4F	47F3	1	22
4F	47F6	1	22
4F	47FC	1	22
55	5BA2	1	4430
55	5BA5	1	4430
55	5BA6	1	4430
55	5BA9	1	4430
55	5BAA	1	4430
55	5BAD	1	4430
55	5BAF	1	4430
55	5BB1	1	4430
55	5BB7	1	4430
55	5BB8	1	4430
55	5BBB	1	4430
55	5BBE	1	4430
55	5BC1	1	4430
55	5BC2	1	4430
55	5BC3	1	4430
55	5BC5	1	4430
55	5BC6	1	4430
55	5BC7	1	4430
55	5BC8	1	4430
55	5BCB	1	4430
55	5BCD	1	4430
55	5BD0	1	4430
55	5BD3	1	4430
55	5BD6	1	4430
55	5BD8	1	4430
55	5BDB	1	4430
55	5BDD	1	4430
55	5BDF	1	4430
55	5BE1	1	4430
55	5BE2	1	4430
55	5BE4	1	4430
55	5BE6	1	4430
55	5BE7	1	4430
55	5BE8	1	4430
55	5BE9	1	4430
55	5BEA	1	4430
55	5BEC	1	4430
55	5BEE	1	4430
55	5BF0	1	4430
55	5BF2	1	4430
55	5BF4	1	4430
55	5BF7	1	4430
55	5BFA	1	4430
55	5BFC	1	4430
55	5BFE	1	4430
55	5C00	1	4430
55	5C06	1	4431
55	5C09	1	4431
55	5C0C	1	4431
55	5C0F	1	4431
55	5C11	1	4431
55	5C17	1	4431
55	5C1A	1	4431
55	5C1D	1	4431
55	5C1E	1	4431
55	5C21	1	4431
55	5C24	1	4431
55	5C27	1	4431
55	5C2A	1	4431
55	5C2C	1	4431
55	5C32	1	4431
55	5C34	1	4431
55	5C36	1	4431
55	5C37	1	4431
55	5C39	1	4431
55	5C3B	1	4431
55	5C3D	1	4431
55	5C3F	1	4431
55	5C42	1	4432
55	5C45	1	4432
55	5C4B	1	4432
55	5C4C	1	4432
55	5C4F	1	4432
55	5C51	1	4432
55	5C52	1	4432
55	5C54	1	4432
55	5C56	1	4432
55	5C58	1	4432
55	5C5A	1	4432
55	5C5D	1	4432
55	5C5F	1	4432
55	5C71	1	4432
55	5C73	1	4432
55	5C76	1	4436
55	5C79	1	4436
55	5C7C	1	4436
55	5C7E	1	4436
55	5C80	1	4436
55	5C86	1	4436
55	5C88	1	4436
55	5C8B	1	4436
55	5C8E	1	4436
55	5C8F	22	4436
55	5C90	22	4436
55	5C93	22	4436
55	5C95	22	4436
55	5C98	22	4436
55	5C9B	22	4436
55	5C9D	22	4436
55	5CA3	22	4436
55	5CA4	22	4436
55	5CA7	22	4436
55	5CAA	22	4436
55	5CAC	22	4436
55	5CAF	22	4436
55	5CB2	22	4436
55	5CB4	22	4436
55	5CB6	22	4436
55	5CB8	22	4436
55	5CBA	21	5122
55	5CDD	1	4436
55	5CE0	22	4448
55	5CE3	22	4448
55	5CE6	22	4448
55	5CE7	22	4448
55	5D05	22	4448
55	5D07	22	4448
55	5D0A	22	4448
55	5D0D	22	4448
55	5D10	22	4448
55	5D13	22	4448
55	5D15	22	4448
55	5D17	22	4448
55	5D1A	22	4448
55	5D1B	22	4448
55	5D36	22	4448
55	5D39	22	4448
55	5D3B	22	4448
55	5D49	4258	4448
55	5D4C	4258	4449
55	5D52	4258	4449
55	5D58	4258	4449
55	5D5B	4258	4449
55	5D5E	4258	4449
55	5D5F	4258	4449
55	5D66	4258	4449
55	5D69	4258	4449
55	5D6C	4258	4449
55	5D6E	4258	4449
55	5D76	4258	4449
55	5D78	4258	4449
55	5D7A	4258	4449
55	5D7C	4239	4449
55	5D7E	4239	4449
55	5D80	4236	4449
55	5D82	4236	4449
55	5D84	4224	4449
55	5D86	4224	4449
55	5D88	4209	4449
55	5D8A	4209	4449
55	5D8C	4182	4449
55	5D8E	4182	4449
55	5D90	4146	4449
55	5D92	4146	4449
55	5D94	4145	4449
55	5D96	4145	4449
55	5D98	4144	4449
55	5D9A	19	5099
55	5D9D	3	6153
55	5DA0	27	5575
55	5DA2	27	5575
55	5DA5	27	5575
55	5DA8	27	5575
55	5DAB	36	5133
55	5DAD	36	5133
55	5DB0	36	5133
55	5DB3	36	5133
55	5DB6	12	5711
55	5DB8	12	5711
55	5DBB	12	5711
55	5DBE	12	5711
55	5DC1	15	5065
55	5DC3	15	5065
55	5DC6	15	5065
55	5DC9	15	5065
55	5DCC	1	8903
55	5DCF	1	8903
55	5DD2	1	8903
55	5DD3	1	8903
55	5DD4	1	8903
55	5DD6	1	8903
55	5DD7	1	8903
55	5DD8	1	8903
55	5DD9	1	8903
55	5DDC	1	8903
55	5DDF	1	8903
55	5DE2	1	8903
55	5DE4	1	8903
55	5DE5	1	8903
55	5DE7	1	8903
55	5DE9	1	8903
55	5DEC	1	8903
55	5DEF	1	8903
55	5DF0	1	8903
55	5DF2	1	8903
55	5E02	1	6187
55	5E05	1	6187
55	5E07	1	6187
55	5E09	1	6187
55	5E0B	1	6187
55	5E0D	1	6187
55	5E10	1	6187
55	5E13	1	6187
55	5E14	1	6187
55	5E17	1	6187
55	5E19	1	6187
55	5E1A	1	6187
55	5E1C	1	6187
55	5E1E	1	6187
55	5E21	1	6187
55	5E24	1	6187
55	5E25	1	6187
55	5E27	1	6187
55	5E2A	1	6187
55	5E2B	1	6187
55	5E2C	1	6187
55	5E2E	1	6187
55	5E31	1	6187
55	5E32	1	6187
55	5E35	1	6187
55	5E38	1	6187
55	5E39	1	6187
55	5E3C	1	6190
55	5E3F	1	6190
55	5E5A	91	5065
55	5E5D	19	5099
55	5E60	19	5099
55	5E61	19	5099
55	5E63	19	5099
55	5E65	19	5099
55	5E67	19	5099
55	5E69	18	5099
55	5E99	1	8977
55	5E9A	1	8977
55	5E9C	1	8977
55	5E9E	1	8977
55	5EA0	1	8977
55	5EA2	1	8977
55	5EA4	1	8977
55	5EB9	1	8977
55	5EBC	1	8977
55	5EBD	1	8977
55	5ED3	1	8977
55	5ED6	1	8977
55	5ED9	1	8977
55	5EDA	1	8977
55	5F09	18	5099
55	5F0C	18	5099
55	5F0E	18	5099
55	5F17	18	5099
55	5F19	18	5099
55	5F1A	3	6153
55	5F1C	3	6153
55	5F23	1	8977
55	5F25	1	8977
55	5F35	114	4448
55	5F38	114	4448
55	5F3B	114	4448
55	5F3C	114	4448
55	5F3D	114	4448
55	5F3E	114	4448
55	5F40	114	4448
55	5F41	114	4448
55	5F42	114	4448
55	5F43	114	4448
55	5F44	114	4448
55	5F45	114	4448
55	5F48	114	4448
55	5F49	114	4448
55	5F4A	114	4448
55	5F4B	114	4448
55	5F4D	114	4448
55	5F4E	114	4448
55	5F4F	114	4448
55	5F50	114	4448
55	5F51	114	4448
55	5F52	114	4448
55	5F55	114	4448
55	5F57	114	4448
55	5F58	114	4448
55	5F59	114	4448
55	5F5A	114	4448
55	5F5D	114	4448
55	5F5E	114	4448
55	5F5F	114	4448
55	5F60	114	4448
55	5F61	114	4448
55	5F62	114	4448
55	5F65	114	4448
55	5F66	90	5065
55	5F67	90	5065
55	5F69	90	5065
55	5F6A	90	5065
55	5F6C	90	5065
55	5F6E	90	5065
55	5F71	90	5065
55	5F74	90	5065
55	5F75	90	5065
55	5F77	90	5065
55	5F78	90	5065
55	5F7B	90	5065
55	5F7C	90	5065
55	5F7F	90	5065
55	5F81	90	5065
55	5F82	90	5065
55	5F84	90	5065
55	5F86	90	5065
55	5F89	90	5065
55	5F8A	90	5065
55	5F8B	90	5065
55	5F8E	90	5065
55	5F91	90	5065
55	5F92	90	5065
55	5F93	90	5065
55	5F94	90	5065
55	5F96	90	5065
55	5F97	90	5065
55	5F98	90	5065
55	5F99	90	5065
55	5F9A	90	5065
55	5F9B	90	5065
55	5F9C	90	5065
55	5F9E	90	5065
55	5F9F	90	5065
55	5FA0	90	5065
55	5FA1	90	5065
55	5FA2	90	5065
55	5FA4	90	5065
55	5FA5	90	5065
55	5FA6	90	5065
55	5FA9	90	5065
55	5FAA	90	5065
55	5FAD	90	5065
55	5FAE	90	5065
55	5FAF	90	5065
55	5FB0	90	5065
55	5FB1	90	5065
55	5FB2	90	5065
55	5FB3	90	5065
55	5FB5	90	5065
55	5FB6	90	5065
55	5FB7	90	5065
55	5FBA	90	5065
55	5FBB	90	5065
55	5FBC	90	5065
55	5FBE	90	5065
55	5FBF	90	5065
55	5FC1	90	5065
55	5FC3	90	5065
55	5FC4	90	5065
55	5FC5	90	5065
55	5FC6	90	5065
55	5FC7	90	5065
55	5FD0	27	5575
55	5FD3	27	5575
55	5FD5	27	5575
55	5FF4	36	5133
55	5FF7	36	5133
55	5FF9	36	5133
55	5FFD	12	5711
55	6000	12	5711
55	6002	12	5711
55	6020	15	5065
55	6023	15	5065
55	6025	15	5065
55	602E	90	5065
55	6031	90	5065
55	6034	90	5065
55	6037	90	5065
55	603A	90	5065
55	603D	90	5065
55	6040	90	5065
55	6068	90	5065
55	606B	90	5065
55	606D	90	5065
55	606F	90	5065
55	6071	90	5065
55	6074	90	5065
55	6077	90	5065
55	607A	90	5065
55	607B	90	5065
55	607D	90	5065
55	607E	90	5065
55	6080	90	5065
55	6082	90	5065
55	6083	90	5065
55	6084	90	5065
55	6085	90	5065
55	6086	90	5065
55	608F	27	5575
55	6092	27	5575
55	6094	27	5575
55	6097	27	5575
55	609A	27	5575
55	609C	27	5575
55	609F	27	5575
55	60A0	36	5133
55	60A3	36	5133
55	60A5	36	5133
55	60A8	36	5133
55	60AB	36	5133
55	60AD	36	5133
55	60B0	36	5133
55	60B1	12	5711
55	60B4	12	5711
55	60B6	12	5711
55	60B9	12	5711
55	60BC	12	5711
55	60BE	12	5711
55	60C1	12	5711
55	60C2	15	5065
55	60C5	15	5065
55	60C7	15	5065
55	60CA	15	5065
55	60CD	15	5065
55	60CF	15	5065
55	60D2	15	5065
55	6149	203	4448
55	614C	203	4448
55	614E	676	4448
55	6150	676	4448
55	6152	473	5065
55	6153	473	5065
55	6155	203	4448
55	6157	203	4448
55	615A	203	4448
55	615B	203	4448
55	615E	203	4448
55	617B	1	4436
55	617D	1	4436
55	6180	1	4436
55	6183	1	4436
55	6190	113	4448
55	6193	113	4448
55	6196	113	4448
55	6199	113	4448
55	619A	113	4448
55	619B	113	4448
55	619C	113	4448
55	619E	113	4448
55	619F	113	4448
55	61A0	113	4448
55	61A1	113	4448
55	61A2	113	4448
55	61A3	113	4448
55	61A6	113	4448
55	61A7	113	4448
55	61A9	113	4448
55	61AB	112	4448
55	61AC	112	4448
55	61AF	112	4448
55	61B2	112	4448
55	61B4	112	4448
55	61B6	112	4448
55	61BC	112	4448
55	61BD	112	4448
55	61BF	1	8903
55	61C0	1	8903
55	61C3	1	8903
55	61C6	1	8903
55	61C8	1	8903
55	61CA	1	8903
55	61D0	1	8903
55	61D1	1	8903
55	61D4	1	8903
55	61D7	1	8903
55	61D8	1	8903
55	61D9	1	8903
55	61DA	1	8903
55	61DC	1	8903
55	61DD	1	8903
55	61DE	1	8903
55	61DF	1	8903
55	61E0	1	8903
55	61E1	1	8903
55	61E4	1	8903
55	61E6	1	8903
55	61E7	1	8903
55	61E8	1	8903
55	61E9	1	8903
55	61EA	1	8903
55	61EC	1	8903
55	61ED	1	8903
55	61EE	1	8903
55	61EF	1	8903
55	61F0	1	8903
55	61F1	1	8903
55	61F2	1	8903
55	61F3	1	8903
55	61F4	1	8903
55	61F5	1	8903
55	61F6	113	4448
55	61F9	113	4448
55	61FB	113	4448
55	61FD	113	4448
55	61FF	113	4448
55	6201	113	4448
55	6202	113	4448
55	6203	113	4448
55	6206	113	4448
55	6208	113	4448
55	620A	113	4448
55	620C	113	4448
55	620D	113	4448
55	620E	113	4448
55	620F	113	4448
55	6212	113	4448
55	6213	113	4448
55	6216	113	4448
55	6219	113	4448
55	621B	113	4448
55	621D	1	8903
55	621F	1	8903
55	6221	1	8903
55	6222	1	8903
55	6224	1	8903
55	6226	1	8903
55	6228	1	8903
55	622A	1	8903
55	622B	1	8903
55	622E	1	8903
55	622F	1	8903
55	6232	1	8903
55	6234	1	8903
55	6235	1	8903
55	6237	1	8903
55	6239	1	8903
55	623B	113	4448
55	623E	113	4448
55	6240	113	4448
55	6242	1	8903
55	6245	1	8903
55	6247	1	8903
55	624F	1	8903
55	6252	1	8903
55	6255	1	8903
55	6257	1	8903
55	6259	1	8903
55	625F	1	8903
55	6271	1	8903
55	6273	1	8903
55	6275	1	8903
55	6276	1	8903
55	6278	1	8903
55	627A	1	8903
55	627C	1	8903
55	627E	1	8903
55	6281	1	8903
55	6283	1	8903
55	6286	1	8903
55	6289	1	8903
55	628B	1	8903
55	628E	1	8903
55	6290	1	8903
55	6291	1	8903
55	6293	1	8903
55	6295	1	8903
55	6297	1	8903
55	6299	112	4448
55	629C	112	4448
55	629F	113	4448
55	6318	1	4436
55	631B	1	4437
55	631D	1	4437
55	631F	1	4437
55	6321	1	4437
55	6322	1	4437
55	6325	1	4437
55	6327	1	4437
55	6328	1	4437
55	632A	1	4437
55	632C	1	4437
55	632F	1	4437
55	6332	1	4437
55	6333	1	4437
55	6335	1	4437
55	6338	1	4437
55	633B	1	4437
55	633E	1	4437
55	6340	1	4437
55	6348	1	4437
55	634A	1	4437
55	6352	1	4437
55	6354	1	4437
55	635C	1	4437
55	635E	1	4437
55	6360	1	4437
55	6366	11	4437
55	6369	11	4437
55	636B	11	4437
55	6386	11	4437
55	6389	11	4437
55	638B	11	4437
55	639A	11	4437
55	639C	11	4437
55	63AB	11	4437
55	63AD	11	4437
55	63BC	11	4437
55	63BE	11	4437
55	63C0	11	4437
55	63C1	11	4437
55	63C4	11	4438
55	63C5	11	4438
55	63CB	11	4438
55	63D2	11	4438
55	63D5	11	4438
55	63D6	11	4438
55	63D8	11	4438
55	63D9	11	4438
55	63DA	11	4438
55	63DD	11	4438
55	63DE	11	4438
55	63DF	11	4438
55	63E0	11	4438
55	63E3	1	4448
55	63E6	1	4448
55	640E	1	4437
55	6411	1	4437
55	6414	1	4437
55	6415	1	4437
55	6416	1	4437
55	6418	1	4437
55	6419	1	4437
55	641A	1	4437
55	641B	1	4437
55	6427	1	8980
55	642A	1	8980
55	642D	1	8980
55	6430	1	8980
55	6433	1	8980
55	6436	1	8980
55	6439	1	8980
55	643C	1	8980
55	643F	1	8980
55	6445	1	8980
55	6448	1	8980
55	644B	1	8980
55	644C	1	8980
55	6453	1	8980
55	6456	1	8981
55	6458	1	8981
55	645A	1	8981
55	645B	1	8981
55	645D	1	8981
55	645E	1	8981
55	6460	1	8981
55	6462	1	8981
55	6465	1	8981
55	6468	1	8981
55	6469	1	8981
55	646B	1	8981
55	646E	1	8981
55	6470	1	8981
55	6478	1	8981
55	647A	1	8981
55	6482	1	8981
55	6484	1	8981
55	648C	1	8981
55	648E	1	8981
55	6490	1	8981
55	6496	11	8981
55	6499	11	8981
55	649B	11	8981
55	64B6	11	8981
55	64B9	11	8981
55	64BB	11	8981
55	64CA	11	8981
55	64CC	11	8981
55	64DB	11	8981
55	64DD	11	8981
55	64EC	11	8981
55	64EE	11	8981
55	64F0	11	8981
55	64F1	11	8981
55	64F4	11	8982
55	64F5	11	8982
55	64FB	11	8982
55	6502	11	8982
55	6505	11	8982
55	6506	11	8982
55	6508	11	8982
55	6509	11	8982
55	650B	11	8982
55	650E	1	8992
55	6511	1	8993
55	6513	1	8993
55	6515	1	8993
55	6517	1	8993
55	6518	1	8993
55	651B	1	8993
55	6559	1	8980
55	655A	1	8980
55	655D	1	8993
55	655F	1	8993
55	6562	1	8993
55	66C6	2	4432
55	66C8	2	4432
55	66CB	2	4432
55	66CE	2	4432
55	66CF	2	4432
55	66D0	2	4432
55	66D1	2	4432
55	66D3	2	4432
55	66D4	2	4432
55	66D5	2	4432
55	66D6	2	4432
55	66D7	2	4432
55	66D8	2	4432
55	696B	2	4432
55	696E	2	4432
55	6971	2	4432
55	6972	2	4432
55	6973	2	4432
55	6974	2	4432
55	6976	2	4432
55	6977	2	4432
55	6978	2	4432
55	6979	2	4432
55	697A	2	4432
55	697B	2	4432
55	6984	1	4432
55	6987	1	4432
55	698A	1	4432
55	698C	1	4432
55	698E	1	4432
55	6990	1	4432
55	6996	1	4433
55	6999	1	4433
55	699C	1	4433
55	699E	1	4433
55	69A0	1	4433
55	69A2	1	4433
55	69A8	1	4434
55	69AB	1	4434
55	69AE	1	4434
55	69B0	1	4434
55	69B2	1	4434
55	69B4	1	4434
55	69BA	1	4435
55	69BD	1	6187
55	69C0	1	6187
55	69C3	1	6187
55	69C5	1	6187
55	69C7	1	6187
55	69C9	1	6187
55	69CF	1	6188
55	69D2	1	6188
55	69D5	1	6188
55	69D7	1	6188
55	69D9	1	6188
55	69DB	1	6188
55	69E1	1	6189
55	69E4	1	6189
55	69E7	1	6189
55	69E9	1	6189
55	69EB	1	6189
55	69ED	1	6189
55	69F3	1	6190
55	6A65	2	4435
55	6A67	2	4435
55	6A68	2	4435
55	6A69	1	4435
55	6A6C	1	4435
55	6A6F	1	4435
55	6A72	1	4435
55	6A74	1	4435
55	6A7A	1	4435
55	6A7D	1	4436
55	6AF0	1	4435
55	6AF2	1	4435
55	6AF4	1	4435
55	6AF5	1	4435
55	6AF7	1	4435
55	6AF9	1	4435
55	6AFB	1	4435
55	6AFD	1	4435
55	6AFF	1	4435
55	6B01	1	4435
55	6B03	1	4435
55	6B05	1	4435
55	6B06	1	4435
55	6B08	1	4435
55	6B0A	1	4435
55	6B0C	1	4435
55	6B0F	1	4435
55	6B12	1	4435
55	6B15	1	4435
55	6B16	1	4435
55	6B21	1	4435
55	6B27	1	4436
55	6B28	1	4436
55	6B2A	1	4436
55	6B2C	1	4436
55	6B2F	1	4436
55	6B32	1	4436
55	6B35	1	4436
55	6B36	1	4436
55	6B41	1	4436
55	6B47	1	4436
55	6B49	1	4436
55	6B4A	1	4436
55	6B4C	1	4436
55	6B4E	1	4436
55	6B50	1	4436
55	6BB2	2	4448
55	6BB5	2	4448
55	6BB8	2	4448
55	6BB9	2	4448
55	6BBA	2	4448
55	6BBD	2	4448
55	6BBE	2	4448
55	6BBF	2	4448
55	6BC2	2	4448
55	6BC5	2	4448
55	6BC7	2	4448
55	6BCD	2	4448
55	6BD0	2	4448
55	6BD3	2	4448
55	6BD6	2	4448
55	6C10	115	4448
55	6C12	115	4448
55	6C15	115	4448
55	6C16	4258	4448
55	6C19	4258	4448
55	6C1A	4258	4448
55	6C1B	114	4448
55	6C1E	114	4448
55	6C1F	114	4448
55	6C20	114	4448
55	6C22	114	4448
55	6C24	114	4448
55	6C26	114	4448
55	6C45	114	4448
55	6C46	114	4448
55	6C47	114	4448
55	6C48	114	4448
55	6C4B	114	4448
55	6C4C	114	4448
55	6C4F	114	4448
55	6C50	114	4448
55	6C53	114	4448
55	6C54	114	4448
55	6C57	114	4448
55	6C58	114	4448
55	6C59	114	4448
55	6C5F	114	4448
55	6C61	114	4448
55	6C63	114	4448
55	6C65	114	4448
55	6C66	114	4448
55	6C68	114	4448
55	6C6A	114	4448
55	6C6C	114	4448
55	6C6E	114	4448
55	6C71	114	4448
55	6C74	114	4448
55	6C77	114	4448
55	6C7A	114	4448
55	6C7C	114	4448
55	6C7D	114	4448
55	6C7F	114	4448
55	6C81	114	4448
55	6C83	114	4448
55	6C89	114	4448
55	6C8B	114	4448
55	6C8D	114	4448
55	6C8E	114	4448
55	6C90	114	4448
55	6C92	114	4448
55	6C94	114	4448
55	6C96	114	4448
55	6C99	114	4448
55	6C9C	114	4448
55	6C9E	114	4448
55	6CA0	114	4448
55	6CA3	114	4448
55	6CA6	114	4448
55	6CA7	114	4448
55	6CB2	114	4448
55	6CB8	114	4449
55	6CBA	114	4449
55	6CBB	114	4449
55	6CBD	114	4449
55	6CBF	114	4449
55	6CC1	114	4449
55	6CC2	114	4449
55	6CC5	114	4449
55	6E94	3	4448
55	6E97	3	4448
55	6E98	3	4448
55	6E99	3	4448
55	6E9B	3	4448
55	6E9C	3	4448
55	6E9D	3	4448
55	6E9E	3	4448
55	6EC0	22	4448
55	6EC3	22	4448
55	6EC4	22	4448
55	6EC5	22	4448
55	6EC7	22	4448
55	6EC8	22	4448
55	6EC9	22	4448
55	6ECA	22	4448
55	6ED6	1	4431
55	6ED9	1	4431
55	6EDA	1	4431
55	6EDB	1	4431
55	6EDD	1	4431
55	6EDE	1	4431
55	6EDF	1	4431
55	6EE0	1	4431
55	6F02	1	8977
55	6F05	1	8977
55	6F06	1	8977
55	6F07	1	8977
55	6F09	1	8977
55	6F0A	1	8977
55	6F0B	1	8977
55	6F0C	1	8977
55	6F2E	4375	4435
55	6F2F	4375	4435
55	6F32	4375	4435
55	6F33	4375	4435
55	6F34	4375	4435
55	6F36	4375	4435
55	6F37	4375	4435
55	6F38	4375	4435
55	6F39	4375	4435
55	6F3A	4375	4435
55	7007	1	4430
55	7008	1	4430
55	700E	1	4430
55	7011	1	4430
55	7013	1	4430
55	7015	1	4430
55	7016	1	4430
55	7018	1	4430
55	701A	1	4430
55	701C	1	4430
55	701D	1	4430
55	701F	1	4430
55	7021	1	4430
55	7023	1	4430
55	7026	1	4430
55	7028	1	4430
55	702A	1	4430
55	702D	1	4430
55	702E	1	4430
55	702F	1	4430
55	7031	1	4430
55	7032	1	4430
55	7034	1	4430
55	7037	1	4430
55	7039	1	4430
55	703B	1	4430
55	703C	1	4430
55	703E	1	4430
55	7041	1	4430
55	7043	1	4430
55	7044	1	4430
55	7047	1	4430
63	4000	82	3209
63	4001	82	3209
63	4002	82	3209
63	4003	82	3209
63	4004	82	3209
63	4005	82	3209
63	4007	82	3209
63	4008	82	3209
63	400A	82	3209
63	400C	82	3209
63	400E	82	3209
63	4010	82	3209
63	4012	82	3209
63	4014	82	3209
63	4017	82	3209
63	4018	82	3209
63	4019	82	3209
63	401A	82	3209
63	401B	82	3209
63	401C	82	3209
63	401D	82	3209
63	401E	82	3209
63	401F	82	3209
63	4020	82	3209
63	4021	82	3209
63	4023	82	3209
63	4024	82	3209
63	4026	82	3209
63	4028	82	3209
63	4029	82	3209
63	402A	82	3209
63	402B	82	3209
63	402C	82	3209
63	403D	48	3209
63	403F	48	3209
63	4041	48	3209
63	4043	5	5119
63	4045	5	5119
63	4047	5	5119
63	4049	18	5541
63	404B	18	5541
63	404D	18	5541
63	404F	3	7884
63	4051	3	7884
63	4053	3	7884
63	4055	5	7000
63	4057	5	7000
63	4059	5	7000
63	405B	2	5868
63	405D	2	5868
63	405F	2	5868
63	4067	1	6120
63	4069	1	6120
63	406B	1	6120
63	406D	82	3209
63	406E	82	3209
63	406F	82	3209
63	4070	82	3209
63	4071	82	3209
65	4000	1	17
65	4003	1	22
65	4009	1	22
65	400F	1	22
65	4015	1	22
65	4016	1	22
65	4019	1	22
65	401C	1	22
65	401D	1	22
65	401E	1	22
65	4021	1	22
65	4022	1	22
65	4023	1	22
65	4024	1	22
65	4025	1	22
65	4026	1	22
65	4029	1	22
65	402F	1	324
65	4030	1	324
65	4032	1	324
65	4033	1	324
65	4035	1	324
65	4037	1	324
65	4038	1	324
65	4039	1	324
65	403A	1	324
65	403B	1	324
65	4078	1	324
65	407E	1	324
65	407F	1	324
65	4081	1	324
65	4082	1	324
65	4084	1	324
65	4086	1	324
65	4087	1	324
65	4088	1	324
65	4089	1	324
65	408A	1	324
65	408B	1	324
65	416C	1	324
65	4172	1	326
65	4174	1	326
65	4176	1	326
65	417C	1	326
65	417D	1	326
65	417F	1	326
65	4185	1	327
65	4186	1	327
65	4188	1	327
65	41A7	1	327
65	41A9	1	327
67	6369	1	23
67	636B	1	23
67	636D	1	23
67	6373	1	23
67	6379	1	23
67	637C	1	23
67	637F	1	23
67	6381	1	23
67	6383	1	23
67	6385	1	23
67	638B	1	24
67	638E	1	24
67	6391	1	24
67	6393	1	24
67	6395	1	24
67	6397	1	24
67	639D	1	25
67	63A0	1	25
67	63A3	1	25
67	63A5	1	25
67	63A7	1	25
67	63A9	1	25
67	63AF	1	26
67	63B2	1	26
67	63B5	1	26
67	63B8	1	26
67	63BA	1	26
67	63C0	1	26
67	63C3	1	26
67	63C6	1	26
67	63C9	1	26
67	63CB	1	26
67	63D1	1	26
67	63D4	1	26
67	63D7	1	26
67	63DA	1	26
67	63DC	1	26
67	63E2	1	26
67	63E5	1	26
67	63E8	1	26
67	63EA	1	26
67	63EC	1	26
67	63F2	1	26
67	63F5	1	26
67	63F8	1	26
67	63FB	1	26
67	63FD	1	26
67	6400	1	27
67	6401	1	22
67	6404	1	27
67	640A	1	43
67	640C	1	43
67	640D	1	43
67	640F	1	43
67	6411	1	43
67	6414	1	43
67	6417	1	43
67	6418	1	43
67	641A	1	43
67	641D	1	308
67	6423	1	323
67	6425	1	323
67	6426	1	323
67	6428	1	323
67	642A	1	323
67	642D	1	323
67	642E	1	323
67	6430	1	323
67	6433	1	324
67	6436	1	324
67	6437	1	22
67	6439	1	22
67	643B	1	22
67	6441	1	22
67	6447	1	23
67	644D	1	27
67	644E	1	43
67	644F	1	43
67	6452	265	43
67	6458	265	43
67	645B	265	44
67	645D	265	44
67	645F	265	44
67	6460	265	44
67	6462	265	44
67	6464	265	44
67	6466	265	44
67	6468	265	44
67	646B	265	44
67	646C	265	44
67	646E	265	44
67	646F	265	44
67	6471	265	44
67	6473	265	44
67	6475	265	44
67	6476	265	44
67	6477	265	44
67	6479	186	63
67	647B	186	63
67	647D	60	83
67	6480	60	83
67	6481	60	83
67	6483	3	83
67	6485	3	83
67	6486	3	83
67	6488	3	83
67	648A	3	83
67	648D	3	83
67	6490	3	83
67	6491	3	83
67	6493	3	83
67	6495	3	83
67	6498	3	83
67	649A	79	44
67	649B	79	44
67	649E	265	44
67	64A1	265	44
67	64A2	265	44
67	64A4	265	44
67	64A5	265	44
67	64A7	265	44
67	64A9	265	44
67	64AA	265	44
67	64AB	265	44
67	64AC	265	44
67	64AD	265	44
67	64B4	1	44
67	64B7	1	44
67	64BA	1	44
67	64BC	1	44
67	64BF	1	44
67	64C1	1	44
67	64C4	1	44
67	64C7	126	45
67	64CA	126	45
67	64CC	126	45
67	64CF	126	45
67	64D1	126	45
67	64D4	1	170
67	64D6	1	170
67	64D8	1	170
67	64DB	1	170
67	64DD	1	170
67	64DF	1	170
67	64E2	1	170
67	64E5	1	170
67	64E8	1	170
67	64EA	1	170
67	64ED	1	170
67	64EF	1	170
67	64F2	1	170
67	64F5	138	171
67	64F8	138	171
67	64FA	138	171
67	64FD	138	171
67	64FF	138	171
67	6502	1	308
67	6503	1	308
67	6505	1	308
67	6508	1	308
67	650A	1	308
67	650D	1	308
67	6513	1	308
67	6514	1	308
67	6516	1	308
67	6518	1	308
67	651C	1	308
67	651F	1	308
68	41E9	1	3196
68	41EC	1	3196
68	41ED	1	3196
68	41F0	1	3196
68	41F1	1	3196
68	41F4	1	3196
68	41F6	1	3196
68	41F8	1	3196
68	41F9	1	3196
68	41FB	1	3196
68	41FD	1	3196
68	41FF	1	3196
68	4202	1	3196
68	4204	1	3196
68	4206	1	3196
68	4209	1	3196
68	420C	1	3196
68	420F	1	3196
68	4212	1	3196
68	4215	1	3196
68	4216	1	3196
68	4219	1	3196
68	421A	1	3196
68	421D	1	3196
68	4220	1	3196
68	4223	1	3196
68	4226	1	3196
68	4227	1	3196
68	422A	1	3196
68	422B	1	3196
68	422E	1	3196
68	4230	1	3196
68	4231	1	3196
68	4233	1	3196
68	4236	1	3196
68	4238	1	3196
68	4239	1	3196
68	423B	1	3196
68	423D	1	3196
68	423F	1	3196
68	4246	1	3196
68	4248	1	3196
68	424B	1	3196
68	431A	1	308
68	431C	1	308
68	431E	1	308
68	4321	1	308
68	4323	1	308
68	4325	1	308
68	4326	1	308
68	4328	1	308
68	432A	1	308
68	432C	1	308
68	432F	1	308
68	4332	1	308
68	4334	1	308
68	4336	1	308
68	4339	1	308
68	433B	1	308
68	433D	1	308
68	4340	1	308
68	4342	1	308
68	4345	1	308
68	4348	1	308
68	434A	1	308
68	434C	1	308
68	434F	1	308
68	4350	1	308
68	4352	1	308
68	4354	1	308
68	4355	1	308
68	4357	1	308
68	435A	1	308
68	435C	1	308
68	435D	1	308
68	435F	1	308
68	4362	1	308
68	4364	1	308
68	459A	1	308
68	459C	1	308
68	459E	1	308
68	45A1	1	308
68	45A3	1	308
68	45A5	1	308
68	45A6	1	308
68	45A8	1	308
68	45AA	1	308
68	45AC	1	308
68	45AF	1	308
68	45B2	1	308
68	45B5	1	308
68	45B7	190	308
68	45B8	190	308
68	45B9	190	308
68	45BA	190	308
68	45BC	190	308
68	45BD	190	308
68	45BE	190	308
68	45BF	190	308
68	45C1	1	308
68	45C2	1	308
68	45C3	1	308
68	45C4	1	308
68	45C5	1	308
68	45C6	1	308
68	45C8	1	308
68	45C9	1	308
68	45CA	1	308
68	45CC	1	308
68	45CE	1	308
68	45CF	1	308
68	45D1	1	308
68	45D4	1	308
68	45D6	1	308
68	45D7	1	308
68	45D9	1	308
68	45DC	1	308
68	45DE	1	308
68	4870	1	324
68	4873	1	324
68	4874	1	324
68	4876	1	324
68	4877	1	324
68	4879	1	324
68	487B	1	324
68	487C	1	324
68	487D	1	324
68	487E	1	324
68	487F	1	324
68	4880	1	324
68	4883	1	324
68	4885	1	324
68	4887	1	324
68	4888	1	324
68	488A	1	324
68	488C	1	324
68	488E	1	324
68	488F	1	324
68	4891	1	324
68	4893	1	324
68	4895	1	324
68	4898	1	324
68	489A	1	324
68	489C	1	324
68	489F	1	324
68	48A0	1	324
68	48A1	1	324
68	48A3	1	324
68	48A4	1	324
68	48A6	1	324
68	48A9	1	324
68	48AB	1	324
68	48AD	1	324
68	48AE	1	324
68	48B0	1	324
68	48B3	1	324
68	48B5	1	324
68	48B6	1	324
68	48B8	1	324
68	48BA	1	324
68	48BC	1	324
68	48BE	1	324
68	48C0	1	324
68	48C2	1	324
68	48CE	1	324
68	48D0	1	324
68	48DE	1	324
68	48E1	1	324
68	48E4	1	324
68	48E5	1	324
68	48ED	1	324
68	48F0	1	324
68	48F2	1	324
68	4950	1	324
68	4952	1	324
68	4954	1	324
68	4955	1	324
68	4957	1	324
68	4959	1	324
68	495B	1	324
68	495E	1	324
68	4960	1	324
68	4962	1	324
68	4963	1	324
68	4965	1	324
68	4967	1	324
68	4969	1	324
68	496C	1	324
68	496D	1	324
68	4970	1	324
68	4973	1	324
68	4974	1	324
68	4975	1	324
68	4976	1	324
68	4977	1	324
68	4978	1	324
68	497A	1	324
68	497B	1	324
68	497C	1	324
68	497E	1	324
68	497F	1	324
68	4982	1	324
68	4984	1	324
68	4987	1	324
68	4988	1	324
68	498A	1	324
68	498C	1	324
68	49A0	1	324
68	49A2	1	324
68	49A3	1	324
68	49A5	1	324
68	49A8	1	324
68	49AA	1	324
68	49AC	1	324
68	49AD	1	324
68	49AF	1	324
68	49B2	1	324
68	49B4	1	324
68	49B5	1	324
68	49B6	1	324
68	49B8	1	324
68	49BA	1	324
68	49BB	1	324
68	49BD	1	324
68	49BF	1	324
68	49C1	1	324
68	49C4	1	324
68	49C6	1	324
68	49C8	1	324
68	49C9	1	324
68	49CB	1	324
68	49CD	1	324
68	49CF	1	324
68	49D2	1	324
68	49D5	1	324
68	49D8	1	324
68	49DB	1	324
68	49DC	1	324
68	49DD	1	324
68	49DE	1	324
68	49E1	1	324
68	49E4	1	324
68	49E7	1	324
68	49EA	1	324
68	49EC	1	324
68	49ED	1	324
68	49EF	1	324
68	49F2	1	324
68	49F4	1	324
68	49F6	1	324
68	49F7	1	324
68	49F9	1	324
68	49FC	1	324
68	49FE	1	324
68	49FF	2	324
68	4A02	508	324
68	4A03	508	324
68	4A04	508	324
68	4A05	508	324
68	4A07	508	324
68	4A08	508	324
68	4A09	508	324
68	4A0A	508	324
68	4A0B	508	324
68	4A0C	508	324
68	4A0E	2	324
68	4A0F	1	22
68	4A11	1	22
68	4A13	1	22
68	4A14	1	22
68	4A16	1	22
68	4A18	1	22
68	4A1A	1	22
68	4A1D	1	22
68	4A1F	1	22
68	4A21	1	22
68	4A22	1	22
68	4A24	1	22
68	4A26	1	22
68	4A28	1	22
68	4A2B	1	22
68	4A2C	1	22
68	4A2F	1	22
68	4A32	1	22
68	4A35	1	22
68	4A37	1	22
68	4A38	1	22
68	4A3A	1	22
68	4A3D	1	22
68	4A3F	1	22
68	4A41	1	22
68	4A42	1	22
68	4A44	1	22
68	4A47	1	22
68	4A49	1	22
6C	59B2	1	1762
6C	59B3	1	1762
6C	59B4	1	1762
6C	59B7	1	1762
6C	59BA	1	1762
6C	59BD	1	1762
6C	59C3	1	1762
6C	59C4	1	1762
6C	59C6	1	1762
6C	59C9	1	1762
6C	59CF	1	1762
6C	59D1	1	1762
6C	59D4	1	1762
6C	59D7	1	1762
6C	59D9	1	1762
6C	59DC	1	1762
6C	59DF	1	1762
6C	59E1	1	1762
6C	59E3	1	1762
6C	59E5	1	1762
6C	59E7	1	1762
6C	59E9	1	1762
6C	59EB	1	1762
6C	59ED	1	1762
6C	59F3	1	1762
6C	59F6	1	1762
6C	59F9	1	1762
6C	59FB	1	1762
6C	59FD	1	1762
6C	59FF	1	1762
6C	5A05	1	1763
6C	5A08	1	1763
6C	5A0B	1	1763
6C	5A0D	1	1763
6C	5A0F	1	1763
6C	5A11	1	1763
6C	5A17	1	1764
6C	5A1A	1	1764
6C	5A1D	1	1764
6C	5A1F	1	1764
6C	5A21	1	1764
6C	5A23	1	1764
6C	5A29	1	1765
6C	5A2C	1	1765
6C	5A2F	1	1765
6C	5A32	1	1765
6C	5A34	1	1765
6C	5A3A	1	1765
6C	5A3D	1	1765
6C	5A40	1	1765
6C	5A43	1	1765
6C	5A45	1	1765
6C	5A4B	1	1765
6C	5A4E	1	1765
6C	5A51	1	1765
6C	5A54	1	1765
6C	5A56	1	1765
6C	5A5C	1	1765
6C	5A5E	1	1765
6C	5A61	1	1765
6C	5A64	1	1765
6C	5A67	1	1765
6C	5A6D	1	1765
6C	5A6F	1	1765
6C	5A72	1	1765
6C	5A75	1	1765
6C	5A78	1	1765
6C	5A7E	1	1765
6C	5A80	1	1765
6C	5A83	1	1765
6C	5A86	1	1765
6C	5A89	1	1765
6C	5A8F	1	1765
6C	5A91	1	1765
6C	5A93	1	1765
6C	5A94	1	1765
6C	5A96	1	1765
6C	5A98	1	1765
6C	5A9A	1	1765
6C	5A9C	1	1765
6C	5A9D	1	1765
6C	5A9F	1	1765
6C	5AA1	1	1765
6C	5AA3	1	1765
6C	5AA6	1	1765
6C	5AA9	1	1765
6C	5AAC	1	1765
6C	5AAF	1	1765
6C	5AB1	1	1765
6C	5AB2	1	1765
6C	5AB4	1	1765
6C	5AB6	1	1765
6C	5AB8	1	1765
6C	5ABB	1	1765
6C	5ABE	1	1765
6C	5AC0	1	1765
6C	5AC2	1	1765
6C	5AC4	1	1765
6C	5ACA	1	1766
6C	5ACD	1	1766
6C	5AD0	1	1766
6C	5AD2	1	1766
6C	5AD4	1	1766
6C	5AD6	1	1766
6C	5ADC	1	1767
6C	5ADF	1	1767
6C	5AE2	1	1767
6C	5AE4	1	1767
6C	5AE6	1	1767
6C	5AE8	1	1767
6C	5AEE	1	1768
6C	5AF1	1	1768
6C	5AF4	1	1768
6C	5AF6	1	1768
6C	5AF8	1	1768
6C	5AFA	1	1768
6C	5B00	1	1769
6C	5B02	1	1769
6C	5B05	1	1770
6C	5B0B	1	1770
6C	5B11	1	1786
6C	5B13	1	1786
6C	5B15	1	1786
6C	5B16	1	1786
6C	5B18	1	1786
6C	5B1A	1	1786
6C	5B1C	1	1786
6C	5B1E	1	1786
6C	5B21	1	1787
6C	5B24	1	1787
6C	5B2A	1	1787
6C	5B2B	1	1787
6C	5B2E	1	1787
6C	5B30	1	1787
6C	5B31	1	1787
6C	5B33	1	1787
6C	5B35	1	1787
6C	5B37	1	1787
6C	5B39	1	1787
6C	5B3A	1	1787
6C	5B3C	1	1787
6C	5B3E	1	1787
6C	5B41	1	1787
6C	5B44	1	1787
6C	5B45	1	1787
6C	5B47	2	1787
6C	5B4A	2	1787
6C	5B4B	2	1787
6C	5B4E	2	1787
6C	5B4F	13	1787
6C	5B50	13	1787
6C	5B53	13	1787
6C	5B55	13	1787
6C	5B57	12	1787
6C	5B5A	12	1787
6C	5B5C	12	1787
6C	5B5F	12	1787
6C	5B62	11	1787
6C	5B64	11	1787
6C	5B66	10	1787
6C	5B68	10	1787
6C	5B6A	10	1787
6C	5B6C	10	1787
6C	5B6E	10	1787
6C	5B71	9	1787
6C	5B73	9	1787
6C	5B75	8	1787
6C	5B77	8	1787
6C	5B7E	1	2362
6C	5B81	2	1787
6C	5B82	2	1787
6C	5B83	2	1787
6C	5B84	2	1787
6C	5B85	2	1787
6C	5B86	2	1787
6C	5B9D	1	1787
6C	5B9E	1	1787
6C	5B9F	1	1787
6C	5BA0	1	1787
6C	5BA1	1	1787
6C	5BA2	1	1787
6C	5BA3	1	1787
6C	5BA4	1	1787
6C	5BA7	1	1787
6C	5BA8	1	1787
6C	5BAB	1	1787
6C	5BAC	1	1787
6C	5BAF	1	2362
6C	5BB0	1	2362
6C	5BB2	1	2362
6C	5BB3	1	2362
6C	5BB5	1	2362
6C	5BB6	1	2362
6C	5BB7	1	2362
6C	5BB8	1	2362
6C	5BBB	1	2362
6C	5BBC	1	2362
6C	5BBE	1	2362
6C	5BC4	1	2362
6C	5BC5	1	2362
6C	5BC7	8	1787
6C	5BC8	8	1787
6C	5BCA	8	1787
6C	5BCB	8	1787
6C	5BCD	8	1787
6C	5BCE	8	1787
6C	5BD1	8	1787
6C	5BD2	8	1787
6C	5BD4	8	1787
6C	5BD7	8	1787
6C	5BD8	8	1787
6C	5BD9	8	1787
6C	5BDA	8	1787
6C	5BDB	8	1787
6C	5BDD	1	1787
6C	5C06	7	1787
6C	5C07	7	1787
6C	5C08	7	1787
6C	5C0B	1	2362
6C	5C0E	1	2362
6C	5C10	1	2362
6C	5C12	1	2362
6C	5C18	1	2377
6C	5C1A	1	2377
6C	5C36	1	1787
6C	5C38	1	1787
6C	5C3B	1	1787
6C	5C3E	1	1787
6C	5C40	1	1787
6C	5C43	1	1787
6C	5C44	1	1787
6C	5C47	1	1787
6C	5C4A	1	1787
6C	5C4D	1	1787
6C	5C4E	1	1787
6C	5C66	1	1787
6C	5C68	1	1787
6C	5C6A	1	1787
6C	5C6B	1	1787
6C	5C6D	1	1787
6C	5C6E	1	1787
6C	5C70	1	1787
6C	5C73	1	1787
6C	5C75	1	1787
6C	5C78	1	1787
6C	5C7A	1	1787
6C	5C7C	1	1787
6C	5C7E	1	1787
6C	5C7F	1	1787
6C	5C82	1	1787
6C	5C85	1	1787
6C	5C88	1	1787
6C	5C8B	1	1787
6C	5C8E	1	1787
6C	5C90	1	1787
6C	5C92	1	1787
6C	5C94	1	1787
6C	5C9A	1	1788
6C	5C9D	1	1788
6C	5CA0	1	1788
6C	5CA2	1	1788
6C	5CA4	1	1788
6C	5CA6	1	1788
6C	5CAC	1	1789
6C	5CAD	1	1789
6C	5CAF	1	1789
6C	5CB0	1	1789
6C	5CB2	1	1789
6C	5CB4	1	1789
6C	5CB6	1	1789
6C	5CB7	1	1789
6C	5CB8	1	1789
6C	5CB9	1	1789
6C	5CBA	1	1789
6C	5CBD	1	1810
6C	5CBE	1	1810
6C	5CC1	1	1810
6C	5CC2	1	1810
6C	5CC5	531	1810
6C	5CCB	531	1810
6C	5CCE	531	1811
6C	5CD1	531	1811
6C	5CD2	531	1811
6C	5CD4	121	1811
6C	5CD7	121	1813
6C	5CD8	121	1813
6C	5CDB	120	1813
6C	5CDE	120	1813
6C	5CE0	120	1813
6C	5CEE	530	1813
6C	5CF4	530	1813
6C	5CFA	530	1813
6C	5D07	529	1813
6C	5D5A	1	2362
6C	5D5C	1	2362
6C	5D5D	1	2362
6C	5D5F	1	2362
6C	5D61	1	2362
6C	5D64	1	2362
6C	5D67	1	2362
6C	5D68	1	2362
6C	5D6A	1	2362
6C	5D6B	1	2362
6C	5D6D	1	2362
6C	5D70	1	2362
6C	5D73	1	2362
6C	5D74	1	2362
6C	5D76	1	2362
6C	5D8D	1	2362
6C	5D90	1	2362
6C	5D93	1	2362
6C	5D96	1	2362
6C	5D99	1	2362
6C	5D9F	1	1952
6C	5DA0	1	1952
6C	5DA3	1	1952
6C	5DA6	1	1952
6C	5DA8	1	1952
6C	5DAA	1	1952
6C	5DAD	1	1952
6C	5DB0	1	1952
6C	5DB2	1	1952
6C	5DB4	1	1952
6C	5DBA	1	1952
6C	5DBD	1	1952
6C	5DC0	1	1952
6C	5DC3	1	1952
6C	5E25	1	1811
6C	5E27	1	1811
6C	5E29	1	1811
6C	5E2A	1	1811
6C	5E2C	1	1811
6C	5E2E	1	1811
6C	5E30	1	1811
6C	5E32	1	1811
6C	5E33	1	1811
6C	5E34	1	1811
6C	5E37	1	1811
6C	5E3A	1	1811
6C	5E3D	1	1811
6C	5E3E	1	1811
6C	5E41	1	1811
6C	5E44	1	1811
6C	5E46	1	1811
6C	5E48	1	1811
6C	5E4A	1	1811
6C	5E50	1	1811
6C	5E51	1	1811
6C	5E54	1	1811
6C	5E57	1	1811
6C	5E59	1	1811
6C	5E5B	1	1811
6C	5E5D	1	1811
6C	5E63	1	1812
6C	5E64	1	1812
6C	5E66	1	1812
6C	5E67	1	1812
6C	5E69	1	1812
6C	5E6B	1	1812
6C	5E6D	1	1812
6C	5E6E	1	1789
6C	5E6F	1	1789
6C	5E72	1	1789
6C	5E73	1	1789
6C	5E74	1	1789
6C	5E75	1	1789
6C	5E76	1	1789
6C	5E79	1	1789
6C	5E7A	1	1789
6C	5E7D	1	1789
6C	5E7E	1	1789
6C	5E7F	1	1789
6C	5E8B	1	1789
6C	5E8C	1	1789
6C	5E8F	1	1789
6C	5E90	1	1789
6C	5E91	1	1789
6C	5E93	1	1789
6C	5E95	1	1789
6C	5E96	1	1789
6C	5E99	1	1789
6C	5E9A	1	1789
6C	5E9B	1	1789
6C	5E9C	1	1789
6C	5E9E	1	1789
6C	5E9F	1	1789
6C	5EA0	1	1789
6C	5EA2	1	1789
6C	5EA4	1	1789
6C	5EA5	1	1789
6C	5EA7	1	1789
6C	5EA9	1	1789
6C	5EAB	1	1789
6C	5EAD	1	1789
6C	5EAE	1	1789
6C	5EB1	1	1789
6C	5EB4	1	1789
6C	5EB7	1	1789
6C	5EBA	1	1789
6C	5EBD	1	1789
6C	5EBF	1	1789
6C	5EC1	1	1789
6C	5EC3	1	1789
6C	5EC9	1	1790
6C	5ECC	1	1790
6C	5ECF	1	1790
6C	5ED1	1	1790
6C	5ED3	1	1790
6C	5ED5	1	1790
6C	5EDB	1	1791
6C	5EDD	1	1791
6C	5EDE	1	1791
6C	5EE0	1	1791
6C	5EE2	1	1791
6C	5EE4	1	1791
6C	5EE5	1	1791
6C	5EE6	1	1791
6C	5EE9	1	1791
6C	5EEA	1	1791
6C	5EEB	1	1791
6C	5EEC	1	1791
6C	5EED	1	1791
6C	5EEE	1	1791
6C	5EEF	1	1791
6C	5EF1	1	1791
6C	5EF3	1	1791
6C	5EF4	1	1791
6C	5EF6	1	1791
6C	5EF8	1	1791
6C	5EFA	1	1791
6C	5EFC	1	1791
6C	5EFF	1	1791
6C	5F02	1	1791
6C	5F05	1	1791
6C	5F0B	1	1791
6C	5F0D	1	1791
6C	5F0E	1	1791
6C	5F10	1	1791
6C	5F12	1	1791
6C	5F14	1	1791
6C	5F17	1	1791
6C	5F1A	1	1791
6C	5F1D	1	1791
6C	5F1E	1	1791
6C	5F24	1	1791
6C	5F26	1	1791
6C	5F29	1	1792
6C	5F2A	1	1792
6C	5F2B	1	1792
6C	5F2C	1	1792
6C	5F2D	1	1792
6C	5F2F	1	1792
6C	5F31	1	1792
6C	5F33	3841	1792
6C	5F35	3841	1792
6C	5F37	3841	1792
6C	5F39	1	1792
6C	5F3C	1	1792
6C	5F3E	1	1792
6C	5F40	1	1792
6C	5F43	1	1792
6C	5F49	1	1793
6C	5F4C	1	1793
6C	5F4D	1	1793
6C	5F50	1	1793
6C	5F52	1	1793
6C	5F54	1	1793
6C	5F57	1	1793
6C	5F5D	1	1794
6C	5F5F	1	1794
6C	5F65	1	1810
6C	5F68	1	1810
6C	5F69	1	1810
6C	5F6C	1	1810
6C	5F6D	1	1810
6C	6009	121	1811
6C	600C	121	1811
6C	600D	121	1811
6C	6010	121	1811
6C	6012	121	1811
6C	6013	21	1811
6C	6016	21	1811
6C	6017	21	1811
6C	601A	21	1811
6C	601B	23	1811
6C	601C	23	1811
6C	601D	23	1811
6C	601F	23	1811
6C	6022	3	1811
6C	6024	3	1811
6C	6026	3	1811
6C	6028	3	1811
6C	602A	2	1811
6C	602C	1	1811
6C	602E	1	1811
6C	6030	1	1811
6C	603A	1	1952
6C	603B	1	1952
6C	603E	1	1952
6C	603F	1	1952
6C	6042	1	1952
6C	6044	1	1952
6C	6045	1	1924
6C	6046	1	1924
6C	6049	1	1924
6C	604C	1	1924
6C	604E	1	1924
6C	6051	1	1924
6C	6054	1	1924
6C	6055	1	1924
6C	6056	1	1924
6C	6059	1	1924
6C	6075	1	1811
6C	6078	1	1812
6C	60AF	20	1812
6C	60B0	20	1812
6C	60B2	20	1812
6C	60B4	17	1833
6C	60B5	17	1833
6C	60B8	17	1833
6C	60BA	17	1833
6C	60BB	17	1833
6C	60BC	17	1833
6C	60BD	17	1833
6C	60BE	17	1833
6C	60C0	17	1833
6C	60C1	17	1833
6C	60C2	17	1833
6C	60C3	17	1833
6C	60C4	17	1833
6C	60C6	3	1812
6C	60C7	3	1812
6C	60C8	3	1812
6C	60C9	20	1812
6C	60CC	20	1812
6C	60CD	20	1812
6C	60D0	20	1812
6C	60D2	20	1812
6C	60EB	20	1812
6C	60EC	20	1812
6C	60EF	20	1812
6C	60F0	20	1812
6C	60F2	20	1812
6C	60F3	20	1812
6C	60F5	20	1812
6C	60F6	20	1812
6C	60F7	20	1812
6C	60F9	20	1812
6C	60FA	20	1812
6C	60FB	20	1812
6C	60FC	20	1812
6C	60FE	20	1812
6C	60FF	20	1812
6C	6100	20	1812
6C	6102	20	1812
6C	6104	20	1812
6C	6105	20	1812
6C	6107	20	1812
6C	6109	20	1812
6C	610B	20	1812
6C	610D	20	1812
6C	6110	20	1812
6C	6111	20	1812
6C	6114	20	1812
6C	6115	20	1812
6C	6116	20	1812
6C	6119	20	1812
6C	611A	20	1812
6C	611B	20	1812
6C	611C	20	1812
6C	6122	20	1812
6C	6124	20	1812
6C	6126	20	1812
6C	6127	20	1812
6C	6129	20	1812
6C	612B	20	1812
6C	612D	20	1812
6C	612E	20	1812
6C	612F	20	1812
6C	6130	20	1812
6C	6131	20	1812
6C	6133	20	1812
6C	6135	20	1812
6C	6136	20	1812
6C	6138	20	1812
6C	613A	20	1812
6C	613C	20	1812
6C	613E	20	1812
6C	6158	20	1812
6C	615B	20	1812
6C	615D	20	1812
6C	615F	20	1812
6C	6161	20	1812
6C	6162	20	1812
6C	6163	20	1812
6C	6165	20	1812
6C	6167	20	1812
6C	6168	20	1812
6C	616E	20	1813
6C	6170	20	1813
6C	6171	20	1813
6C	6173	20	1813
6C	6175	20	1813
6C	6177	20	1813
6C	617A	20	1813
6C	617C	20	1813
6C	617F	20	1813
6C	6183	20	1813
6C	6186	20	1813
6C	6189	20	1813
6C	618A	20	1813
6C	618D	20	1813
6C	618E	20	1813
6C	618F	20	1813
6C	6192	20	1813
6C	6193	20	1813
6C	6196	20	1813
6C	6197	20	1813
75	4000	198	170
75	4001	198	170
75	4002	198	170
75	4003	198	170
75	4004	198	170
75	4006	3	170
75	4029	8	44
75	402A	8	44
75	402D	8	44
75	402E	8	44
75	402F	8	44
75	4030	3	44
75	4031	3	44
75	4034	3	44
75	4036	3	44
75	4038	3	44
75	403A	3	44
75	403C	3	44
75	403E	3	44
75	4040	3	44
75	4041	3	44
75	4044	3	44
75	4047	3	44
75	4049	3	44
75	404A	3	44
75	404D	3	44
75	404E	3	44
75	404F	3	44
75	4052	3	44
75	4053	3	44
75	4054	3	44
75	4057	3	44
75	4058	3	44
75	4059	3	44
75	405C	3	44
75	405D	3	44
75	405E	3	44
75	4060	3	44
75	4061	3	44
75	4063	1	44
75	4065	1	44
75	4066	3	44
75	4069	3	44
75	406C	3	44
75	406D	3	44
75	406E	3	44
75	406F	3	44
75	40B4	10	44
75	40B5	10	44
75	40B6	10	44
75	40B9	10	44
75	40BA	10	44
75	40BD	10	44
75	40BE	10	44
75	40C1	10	44
75	40C2	10	44
75	40C3	10	44
75	40C5	10	44
75	40DA	10	44
75	40DB	10	44
75	40DC	2	44
75	40DD	2	44
75	40DF	2	44
75	40E0	2	44
75	40E1	2	44
75	40E4	2	44
75	40E5	2	44
75	40E6	2	44
75	40E7	2	44
75	40E9	2	44
75	40EB	2	44
75	40F9	2	44
75	40FA	2	44
75	40FC	2	44
75	40FE	2	44
75	40FF	2	44
75	4102	2	44
75	4105	2	44
75	4106	2	44
75	4109	2	44
75	410C	2	44
75	410E	2	44
75	4110	2	44
75	4111	2	44
75	4113	2	44
75	4114	2	44
75	4235	1	44
75	4238	1	44
75	4239	1	44
75	423A	1	44
75	423B	1	44
75	423C	1	44
75	423E	1	44
75	4240	1	44
75	4242	1	44
75	4244	1	44
75	4247	1	44
75	424A	1	44
75	424D	1104	44
75	424E	1104	44
75	424F	1104	44
75	4250	1104	44
75	4251	1104	44
75	4252	1104	44
75	4254	1	44
75	4257	1	44
75	4259	1	44
75	425C	1	44
75	425D	1	44
75	425E	1	44
75	4260	1	44
75	4261	1	44
75	4263	1	44
75	4264	1	44
75	4267	1	44
75	4268	1	44
75	4269	1	44
75	426A	1	44
75	426B	1	44
75	426E	1	44
75	426F	1	44
75	4270	1	44
75	4271	1	44
75	4272	1	44
75	4275	1	44
75	4277	1	44
75	427A	1	44
75	427D	1	44
75	427E	1	44
75	4280	1	44
75	4286	1	44
75	4288	1	44
75	428B	1	44
75	4329	1	170
75	432C	1	170
75	432E	1	170
75	4331	1	170
75	4333	1	170
75	4336	1	170
75	4339	1	170
75	433B	1	170
75	433E	1	170
75	433F	1	170
75	4341	1	170
75	4344	1	170
75	4347	1	170
75	4348	1	170
75	4349	1	170
75	434A	1	170
75	434B	1	170
75	434C	1	170
75	434D	1	170
75	434E	1	170
75	434F	1	170
75	4352	1	170
75	4353	1	170
75	4354	1	170
75	4355	1	170
75	4356	1	170
75	4359	1	170
75	435A	1	170
75	435D	1	170
75	4360	1	170
75	4362	1	170
75	4365	1	170
75	4368	1	170
75	436B	1	170
75	436C	1	170
75	436D	1	170
75	4370	1	170
75	4371	1	170
75	4372	1	170
75	4374	1	170
75	4376	1	170
75	437C	1	170
75	437E	1	170
75	437F	1	170
75	4380	1	170
75	4382	1	170
75	4385	1	170
75	4388	1	170
75	438A	1	170
75	438D	1	170
75	4390	2	44
75	4392	2	44
75	4393	2	44
75	4395	2	44
75	4396	2	44
75	4437	2	44
75	443A	2	44
75	443C	2	44
75	44B5	2	44
75	44B6	2	44
75	44B9	2	44
75	44BC	2	44
75	44BD	2	44
75	44C0	2	44
75	44C3	2	44
75	44C6	2	44
75	44C8	2	44
75	563A	1	308
75	563D	1	308
75	563F	1	308
75	5642	1	308
75	5643	1	308
75	5646	1	308
75	5647	1	308
75	5648	1	308
75	564B	1	308
75	564E	1	308
75	5651	1	308
75	5654	1104	308
75	5655	1104	308
75	5656	1104	308
75	5657	1104	308
75	5658	1104	308
75	5659	1104	308
75	565B	1	308
75	5671	258	52
75	5674	258	52
75	5675	258	52
75	5676	258	52
75	5677	258	52
75	5678	258	52
75	567B	258	52
75	567D	258	52
75	567F	258	52
75	5682	258	52
75	5684	258	52
75	5689	258	52
75	568A	258	52
75	568B	258	52
75	568C	258	52
75	568F	258	52
75	5690	258	52
75	5691	258	52
75	5692	258	52
75	5693	3	169
75	5694	3	169
75	5696	3	169
75	5698	3	169
75	5699	3	169
75	569B	3	169
75	569C	3	169
75	569F	3	169
75	56A2	3	169
75	56A5	3	169
75	56A6	3	169
75	56A9	3	169
75	56AA	3	169
75	56AB	3	169
75	56AC	3	169
75	56AD	2	54
75	56AF	2	54
75	56B6	2	54
75	56B9	2	54
75	56BC	2	54
75	56BD	2	54
75	56BE	2	54
75	56C1	2	54
75	56C2	2	54
75	56C3	2	54
75	56C6	2	54
75	56C7	2	54
75	56C8	2	54
75	56CA	2	54
75	56CB	2	54
75	56CD	2	54
75	56CE	2	54
75	56D1	2	54
75	56D2	411	44
75	56D5	411	44
75	56D6	411	44
75	56D9	411	44
75	56DA	411	44
75	56DD	82	44
75	56E0	82	44
75	56E1	82	44
75	56E2	82	44
75	56E3	82	44
75	56E4	82	44
75	56E5	82	44
75	56E6	82	44
75	56E7	82	44
75	56E8	82	44
75	56EA	82	44
75	56ED	14	44
75	56EE	14	44
75	56EF	14	44
75	56F2	14	44
75	56F5	14	44
75	56F6	14	44
75	56F8	14	44
75	56F9	14	44
75	56FB	14	44
75	56FC	14	44
75	56FF	8	44
75	5702	8	44
75	5704	8	44
75	5706	8	44
75	5708	8	44
75	5709	8	44
75	570C	8	44
75	570D	8	44
75	570E	8	44
75	5711	8	44
75	5712	8	44
75	5713	8	44
75	5716	8	44
75	5719	8	44
75	571B	8	44
75	571D	2	44
75	5720	2	44
75	5721	2	44
75	5723	6	51
75	5726	6	51
75	5728	6	51
75	572A	6	51
75	572C	6	51
75	572E	6	51
75	5730	6	51
75	5734	6	51
75	5735	6	51
75	5737	6	51
75	573A	6	51
75	573B	6	51
75	573D	6	51
75	573E	6	51
75	5741	6	51
75	5743	6	51
75	5746	6	51
75	5747	6	51
75	574A	6	51
75	574B	6	51
75	574C	6	51
75	574D	6	51
75	5750	6	51
75	5751	6	51
75	5752	6	51
75	5753	6	51
75	5756	6	51
75	5757	6	51
75	5758	6	51
75	5759	6	51
75	575C	6	51
75	575E	6	51
75	5764	6	51
75	5767	6	51
75	5769	6	51
75	576B	6	51
75	576D	6	51
75	576F	6	51
75	5771	6	51
75	5773	6	51
75	5775	6	51
75	5777	6	51
75	5779	6	51
75	5781	6	51
75	5782	6	51
75	5785	2	44
75	5786	2	44
75	5789	2	44
75	578C	2	44
75	578D	2	44
75	578E	2	44
75	578F	2	44
75	5790	2	44
75	5792	6	44
75	5793	6	44
75	5794	6	44
75	5796	6	44
75	5797	6	44
75	5799	2	44
75	579A	2	44
75	579B	2	44
75	579E	2	44
75	579F	2	44
75	57A0	2	44
75	57F4	329	51
75	57F7	329	51
75	57F8	329	51
75	57FA	258	52
75	57FB	258	52
75	57FD	234	52
75	57FE	234	52
75	5801	24	52
75	5804	71	51
75	5807	71	51
75	5808	71	51
75	5809	71	51
75	580B	65	51
75	580D	65	51
75	580F	6	52
75	5811	71	51
75	5813	71	51
75	5814	71	51
75	5816	59	51
75	5818	59	51
75	581A	59	51
75	581B	59	51
75	581E	59	51
75	581F	59	51
75	5820	59	51
75	584C	12	52
75	584D	12	52
75	584F	12	52
75	5850	12	52
75	5852	6	52
75	5853	6	52
75	5854	6	52
75	5855	6	52
75	5858	6	52
75	585A	18	52
75	585B	18	52
75	585C	18	52
75	585E	6	52
75	5861	6	52
75	5863	6	52
75	5870	6	52
75	5873	6	52
75	5874	6	52
75	5877	6	52
75	5878	6	52
75	587A	24	52
75	587D	24	52
75	587F	24	52
75	5880	24	52
75	5882	6	52
75	5883	6	52
75	5884	6	52
75	5886	6	52
75	5889	6	52
75	588A	6	52
75	588B	6	52
75	588D	2	54
75	588E	2	54
75	5890	210	52
75	5893	210	52
75	5896	210	52
75	5897	210	52
75	5899	4	52
75	589A	4	52
75	589B	4	52
75	589C	4	52
75	589E	24	52
75	58A0	24	52
75	58A1	24	52
75	58A4	24	52
75	58A7	24	52
75	58A8	24	52
75	58AA	24	52
75	58AB	24	52
75	58AD	12	52
75	58B0	12	52
75	58B2	12	52
75	58B3	12	52
75	58B5	12	52
75	58B6	12	52
75	58B7	12	52
75	58C0	12	52
75	58C2	12	52
75	58C3	12	52
75	58C5	6	52
75	58C6	6	52
75	58C7	6	52
75	58C8	411	44
75	58CB	411	44
75	58CD	411	44
75	58CE	234	52
75	58D0	234	52
75	58D1	234	52
75	58D3	234	52
75	58D6	234	52
75	58D7	234	52
75	58D8	234	52
75	58D9	234	52
75	58DA	234	52
75	58DB	234	52
75	58DE	234	52
75	58DF	234	52
75	58E2	234	52
75	58E5	234	52
75	58E8	234	52
75	58E9	234	52
75	58EA	5846	44
75	58ED	5846	44
75	58EF	5846	44
75	58F2	5846	44
75	58F5	5846	44
75	58F8	5846	44
75	58F9	5846	44
75	58FB	5846	44
75	58FD	5529	51
75	58FE	5529	51
75	58FF	5529	51
75	5900	5529	51
75	5901	5529	51
75	5902	5529	51
75	5904	5529	51
75	5906	5529	51
75	5907	5529	51
75	5908	5529	51
75	5933	5846	44
75	5936	5846	44
75	5938	5846	44
75	593B	5764	44
75	593D	5764	44
75	5940	5435	44
75	5943	5435	44
75	5945	5435	44
75	5948	5434	44
75	594B	5434	44
75	594C	5434	44
75	594F	22	51
75	5950	22	51
75	5951	22	51
75	5954	4	51
75	5957	4	51
75	595A	4	51
75	595C	4	51
75	595F	4	51
75	5961	4	51
75	5963	4	51
75	5964	4	51
75	5966	4	51
75	5969	2	169
75	596B	2	169
75	5990	2	169
75	5991	2	169
75	5992	2	169
75	5995	2	169
75	5997	2	169
75	599A	2	169
75	59FC	2	51
75	59FE	2	51
75	5A01	2	51
75	5A04	2	51
75	5A06	2	51
75	5A09	2	51
75	5A0C	2	51
75	5A0F	2	51
75	5A11	2	51
75	5A14	2	51
75	5A36	329	51
75	5A39	329	51
75	5A3A	329	51
75	5A3B	329	51
75	5A3D	258	52
75	5A3F	258	52
75	5A41	24	52
75	5A42	24	52
75	5A44	24	52
75	5A46	18	52
75	5A48	18	52
75	5A4A	317	51
75	5A4C	329	51
75	5A4E	329	51
75	5A51	71	51
75	5A54	71	51
75	5A55	71	51
75	5AC3	6	52
75	5AC5	6	52
75	5AC7	6	52
75	5ACA	6	52
75	5ACB	6	52
75	5ACD	6	52
75	5AD0	6	52
75	5AD2	6	52
75	5B2B	82	44
75	5B2E	82	44
75	5B2F	82	44
75	5B30	82	44
75	5B31	82	44
75	5B32	82	44
75	5B34	82	44
75	5B35	82	44
75	5B36	82	44
75	5B37	82	44
75	5B38	411	44
75	5B3B	411	44
75	5B3D	411	44
75	5B3F	411	44
75	5B41	411	44
75	5B43	411	44
75	5B45	5846	44
75	5B46	6	52
75	5B47	6	52
75	5B4A	6	52
75	5B4D	6	52
75	5B50	6	52
75	5B51	6	52
75	5B52	6	52
75	5B55	6	52
75	5B58	6	52
75	5B5A	6	52
75	5B5C	6	52
75	5B63	6	52
75	5B66	6	52
75	5B68	6	52
75	5B6C	6	52
75	5B6D	6	52
75	5B70	6	52
75	5B71	6	52
75	5B73	6	52
75	5B76	6	52
75	5B79	6	52
75	5B7B	6	52
75	5B7E	6	52
75	5B80	6	52
75	5B83	6	52
75	5B85	6	52
75	5B88	6	52
75	5B8A	6	52
75	5B8C	6	52
75	5B8E	6	52
75	5B90	6	52
75	5B92	6	52
75	5B94	6	52
75	5B96	6	52
75	5B98	4	52
75	5B9A	4	52
75	5B9C	4	52
75	5B9E	4	52
75	5BA1	4	52
75	5BA3	4	52
75	5BA5	4	52
75	5BA7	4	52
75	5BA9	4	52
75	5BAB	4	52
75	5BAE	2	54
75	5BB0	2	54
75	5BB3	2	54
75	5BB5	2	54
75	5BB8	2	54
75	5BBB	2	54
75	5BBD	2	54
75	5BBF	2	54
75	5BC2	2	54
75	5BC3	2	54
75	5BC6	2	54
75	5BF9	2	186
75	5BFC	2	186
75	5BFD	2	186
75	5BFE	2	186
75	5BFF	2	186
75	5C02	2	186
75	5C03	2	186
75	5C04	2	186
75	5C05	2	186
75	5C06	2	186
75	5C09	2	186
75	5C0B	2	186
75	5C0E	2	186
75	5D42	2	52
75	5D45	2	52
75	5D48	2	52
75	5D4A	18	52
75	5D4B	18	52
75	5D4C	18	52
75	5D4D	18	52
75	5D4F	18	52
75	5D50	18	52
75	5D51	18	52
75	5D53	2	52
75	5D54	2	52
75	5D55	2	52
75	5D57	2	52
75	5D5A	2	52
75	5D5C	2	52
75	5D5E	2	52
75	5D60	2	52
75	5D62	2	52
75	5D65	2	52
75	5D67	2	52
75	5D6A	2	52
75	5E31	6	52
75	5F08	2	52
75	5F0B	4	52
75	5F0E	4	52
75	5F10	8	44
75	5F13	8	44
75	5F14	8	44
75	5F17	8	44
75	5F19	8	44
75	5F20	8	44
75	5F22	8	44
75	5F24	8	44
75	5F26	8	44
75	5F27	8	44
75	5F2A	8	44
75	5F2C	8	44
75	5F2E	8	44
75	5F2F	8	44
75	5F32	8	44
75	5F33	8	44
75	5F36	8	44
75	5F37	8	44
75	5F3A	8	44
75	5F3B	8	44
75	5F3E	8	44
75	5F3F	8	44
75	5F42	8	44
75	5F43	8	44
75	5F46	8	44
75	5F47	8	44
75	5F4A	8	44
75	5F4B	8	44
75	5F4E	8	44
75	5F51	8	44
75	5F52	8	44
75	5F53	8	44
75	5F55	8	44
75	5F58	8	44
75	5F59	8	44
75	5F5C	8	44
75	5F5D	8	44
75	5F60	8	44
75	5F62	8	44
75	5F65	8	44
75	5F68	8	44
75	5F6A	8	44
75	5F6B	8	44
75	5F6C	2	170
75	5F6D	2	170
75	5F70	2	170
75	5F71	2	170
75	5F72	2	170
75	5F73	2	170
75	5F75	4	170
75	5F78	4	170
75	5F7A	2	170
75	5F7C	8	170
75	5F7F	8	170
75	5F81	2	170
75	5F82	2	170
75	5F83	2	170
75	5F86	2	170
75	5F87	2	170
75	5F88	2	170
75	5F89	2	170
75	5F8A	2	170
75	5F8B	2	170
75	5F8C	2	170
75	5F8D	2	170
75	5F8E	2	170
75	5F90	2	170
75	5F91	2	170
75	5F92	2	170
75	5F93	2	170
75	5F94	2	170
75	5F95	2	170
75	5F96	12	170
75	5F97	12	170
75	5F98	12	170
75	5F99	12	170
75	5F9A	12	170
75	5F9C	12	170
75	5F9D	12	170
75	5F9E	12	170
75	5F9F	12	170
75	6149	5846	44
75	614C	5846	44
75	614E	5846	44
75	614F	5125	52
75	6152	5125	52
75	6154	5125	52
75	6155	5124	52
75	6156	5124	52
75	6158	5124	52
75	615A	5124	52
75	615C	5124	52
75	615E	5124	52
75	6160	5124	52
75	6162	5124	52
75	6164	5124	52
75	6166	5124	52
75	6168	5124	52
75	616A	5124	52
75	616D	5124	52
75	616F	5124	52
75	6170	5124	52
75	6172	5124	52
75	6174	5124	52
75	6177	5124	52
75	6178	5124	52
75	6179	5124	52
75	617A	5124	52
75	617B	5124	52
75	617C	5124	52
75	617F	5124	52
75	6180	5124	52
75	6181	5124	52
75	61F1	2561	52
75	61F2	2561	52
75	61F4	2560	54
75	61F5	2560	54
75	61F7	2559	54
75	61F8	2559	54
75	61F9	1	52
75	61FC	1	52
75	61FD	1	52
75	61FF	1	52
75	620B	1	54
75	620E	1	54
75	620F	1	54
75	6210	1	54
75	6211	1	54
75	6214	1	54
75	6216	1	54
75	6218	1	54
75	621A	1	54
75	621B	1	54
75	621D	1	54
75	6221	1	54
75	6223	1	54
75	6226	1	54
75	6227	1	54
75	6229	1	54
75	622A	1	54
75	622B	1	54
75	622C	1	54
75	622D	1	54
75	622E	1	54
75	622F	1	54
75	6230	1	54
75	6235	1	54
75	6238	1	54
75	6239	1	54
75	623A	1	54
75	623D	1	54
75	623F	1	54
75	6241	1	54
75	6264	2	52
75	6266	2	52
75	6269	2	52
75	6371	2	178
75	6373	2	178
75	6376	2	178
75	7634	2563	178
75	7635	2563	178
75	7637	2562	186
75	7638	2562	186
75	763A	2561	190
75	763B	2561	190
75	763D	2560	191
75	763E	2560	191
75	7640	2559	191
75	7641	2559	191
75	7642	1	178
75	7645	1	178
75	7648	1	186
75	764B	1	186
75	764C	1	186
75	764E	1	186
75	7650	1	186
75	7655	1	186
75	7658	1	186
75	765A	1	186
75	765B	1	186
75	765D	1	186
75	765E	1	186
75	7661	1	186
75	7663	1	186
75	7666	1	186
75	7669	1	186
75	766A	1	186
75	766B	1	186
75	766C	1	186
75	766F	1	186
75	7670	1	186
75	7671	1	186
75	7672	1	186
75	7675	1	186
75	7676	1	186
75	7677	1	186
75	767A	1	186
75	767D	1	190
75	7680	1	191
7C	7B7C	1	1112
7C	7B82	1	1112
7C	7B83	1	1112
7C	7B84	1	1112
7C	7B85	1	1112
7C	7B8B	1	1762
7C	7B9A	1	1762
7C	7BB7	1	1762
7C	7BBD	1	2377
7C	7BBE	1	2377
7C	7BBF	1	2377
7C	7BC0	1	2377
7C	7BC6	1	3194
7C	7CE2	1	3194
7C	7CE4	1	3194
7C	7CE6	1	3194
7C	7CEC	1	3194
7C	7CED	1	3194
7D	7B7C	8786	327
7D	7B7E	8786	327
7D	7B80	8786	327
7D	7B82	8786	327
7D	7B84	8786	327
7D	7B86	8786	327
7D	7B88	8786	327
7D	7B89	8786	327
7D	7B8B	8786	327
7D	7B8D	8786	327
7D	7B8F	8786	327
7D	7B91	8786	327
7D	7B93	8786	327
7D	7B95	8786	327
7D	7B97	8786	327
7D	7B99	8786	327
7D	7B9B	8786	327
7D	7B9C	8786	327
7D	7B9E	8786	327
7D	7B9F	8786	327
7D	7BA1	8786	327
7D	7BA3	8786	327
7D	7BA4	1804	1142
7D	7BA6	1804	1142
7D	7BA7	1804	1142
7D	7BA9	7	1142
7D	7BAA	7	1142
7D	7BAD	1804	1142
7D	7BB0	1804	1142
7D	7BB1	1804	1142
7D	7BB3	914	1142
7D	7BB6	1804	1142
7D	7BB7	6982	327
7D	7BB8	6982	327
7D	7BB9	6982	327
7D	7BBA	6982	327
7D	7BBD	6982	327
7D	7BBE	6982	327
7D	7BBF	6982	327
7D	7BC0	6982	327
7D	7BC1	8786	327
7D	7BC4	8786	327
7D	7BC6	8786	327
7D	7BC7	8786	327
7D	7BC8	8786	327
7D	7BCA	8786	327
7D	7BCB	8786	327
7D	7BCD	8786	327
7D	7BD0	8786	327
7D	7BD2	8786	327
7D	7BD4	70288	327
7D	7BD7	70288	327
7D	7BD9	70288	327
7D	7BDB	442	460
7D	7BDC	442	460
7D	7BDD	442	460
7D	7BDE	442	460
7D	7BE4	70288	327
7D	7BE5	70288	327
7D	7BE7	70288	327
7D	7BE8	70288	327
7D	7BEA	8786	327
7D	7BEC	8786	327
7D	7BED	8786	327
7D	7BEF	8786	327
7D	7BF0	2	16
7D	7BF1	2	16
7D	7BF3	2	16
7D	7BF5	2	16
7D	7BF7	2	16
7D	7BF9	2	16
7D	7BFC	2	16
7D	7BFE	2	16
7D	7C00	7	16
7D	7C01	7	16
7D	7C04	7	16
7D	7C05	7	16
7D	7C08	7	16
7D	7C0B	7	16
7D	7C0D	56	16
7D	7C0E	56	16
7D	7C0F	56	16
7D	7C11	7	16
7F	4007	26	3210
7F	400A	26	3210
7F	400D	26	3210
7F	400E	26	3210
7F	400F	26	3210
7F	4011	26	3210
7F	4013	26	3210
7F	4015	26	3210
7F	4017	26	3210
7F	401B	26	3210
7F	401D	26	3210
7F	401E	26	3210
7F	4020	26	3210
7F	4021	26	3210
7F	4022	26	3210
7F	4024	26	3210
7F	4027	26	3210
7F	4029	208	3210
7F	402A	208	3210
7F	402C	60	3210
7F	402D	208	3210
7F	402F	208	3210
7F	4031	208	3210
7F	4032	208	3210
7F	4034	26	3210
7F	4035	26	3210
7F	4036	26	3210
7F	4039	26	3210
7F	403A	26	3210
7F	403B	26	3210
7F	403C	26	3210
7F	403D	26	3210
7F	403F	26	3210
7F	4041	26	3210
7F	405F	82	3209
7F	4065	82	3209
7F	4068	82	3209
7F	406B	82	3209
7F	406E	82	3209
7F	4071	82	3209
7F	4072	82	3209
7F	4073	82	3209
7F	4074	82	3209
7F	4076	82	3209
7F	4078	65	3209
7F	407A	65	3209
7F	407C	17	6612
7F	407E	82	3209
7F	407F	82	3209
7F	4081	82	3209
7F	4087	82	3209
7F	4089	82	3209
7F	408A	82	3209
7F	408C	82	3209
7F	408E	65	3209
7F	4090	65	3209
7F	4092	65	3209
7F	4094	17	6612
7F	4095	17	6612
7F	4097	17	6612
7F	4099	3	6612
7F	409B	3	6612
7F	409D	3	6612
7F	409F	14	7000
7F	40A1	14	7000
7F	40A3	82	3209
7F	40A4	82	3209
7F	40A5	82	3209
7F	40A6	82	3209
7F	40A7	82	3209
7F	40A8	82	3209
7F	40AA	82	3209
7F	40AB	82	3209
7F	40AC	82	3209
7F	40AD	82	3209
7F	40AE	82	3209
7F	40AF	82	3209
7F	40B0	82	3209
7F	40B1	82	3209
7F	40B3	82	3209
7F	40B4	82	3209
7F	40B5	82	3209
7F	40B7	82	3209
7F	40B8	82	3209
7F	40B9	82	3209
7F	40BA	82	3209
7F	40BB	82	3209
7F	40BC	82	3209
7F	40BD	82	3209
7F	40C0	82	3209
7F	40C1	82	3209
7F	40C2	82	3209
7F	40C3	82	3209
7F	40C4	82	3209
7F	40C6	82	3209
7F	40C7	82	3209
7F	40C8	82	3209
7F	40C9	82	3209
7F	40CA	82	3209
7F	40CD	82	3209
7F	40CE	82	3209
7F	40CF	82	3209
7F	40D0	82	3209
7F	40D1	82	3209
7F	40D3	82	3209
7F	40D4	82	3209
7F	40D5	82	3209
7F	40D6	82	3209
7F	40D7	82	3209
7F	40D8	82	3209
7F	40D9	82	3209
7F	40DA	82	3209
7F	40DB	82	3209
7F	40DC	82	3209
7F	40DF	82	3209
7F	40E2	82	3209
7F	40E3	82	3209
7F	40E4	82	3209
7F	40E5	82	3209
7F	40E6	82	3209
7F	40E7	82	3209
7F	40E8	82	3209
7F	40E9	82	3209
7F	40EC	82	3209
7F	40EF	82	3209
7F	40F2	82	3209
7F	40F3	82	3209
7F	40F4	82	3209
7F	40F5	82	3209
7F	40F6	82	3209
7F	40F7	82	3209
7F	40F8	82	3209
7F	41A7	106	3209
7F	41A8	106	3209
7F	41A9	106	3209
7F	41AA	106	3209
7F	41AB	106	3209
7F	41AD	106	3209
7F	41AF	82	3209
7F	41B1	82	3209
7F	41C5	24	3210
7F	41C6	24	3210
7F	41C7	24	3210
7F	41C8	24	3210
7F	41CA	82	3209
7F	41CB	82	3209
7F	41CD	106	3209
7F	41CE	106	3209
7F	41CF	106	3209
7F	41D0	164	3209
7F	41D1	164	3209
7F	41D2	164	3209
7F	41D3	164	3209
7F	41D6	164	3209
7F	41D8	2624	3209
7F	41DA	2624	3209
7F	41DC	2624	3209
7F	41DE	574	3209
7F	41DF	2624	3209
7F	41E1	2624	3209
7F	41E3	2624	3209
7F	41E4	2624	3209
7F	41E6	164	3209
7F	41E7	164	3209
7F	41E8	164	3209
7F	41E9	164	3209
7F	41EA	190	3209
7F	41EB	190	3209
7F	41ED	190	3209
7F	41EF	190	3209
7F	41F1	190	3209
7F	41F3	190	3209
7F	41F4	190	3209
7F	41F5	190	3209
7F	41F6	190	3209
7F	41F8	190	3209
7F	41FB	190	3209
7F	41FC	190	3209
7F	41FD	190	3209
7F	41FE	190	3209
7F	41FF	190	3209
7F	4200	190	3209
7F	4201	190	3209
7F	420E	2	3211
7F	4210	2	3211
7F	4211	2	3211
7F	4212	24	3211
7F	4213	24	3211
7F	4214	24	3211
7F	4215	24	3211
7F	4217	2	3211
7F	4218	188	3209
7F	4219	188	3209
7F	42C3	190	3209
7F	42C4	190	3209
7F	42C5	190	3209
7F	42C8	190	3209
7F	42C9	190	3209
7F	42CA	282	3209
7F	42CB	282	3209
7F	42CD	282	3209
7F	42CF	282	3209
7F	42D1	282	3209
7F	42D2	282	3209
7F	42D4	282	3209
7F	42D6	282	3209
7F	42D8	282	3209
7F	42DA	282	3209
7F	42DB	282	3209
7F	42DE	282	3209
7F	42E1	350	3209
7F	42E2	350	3209
7F	42E4	68	3210
7F	42E5	68	3210
7F	42E7	282	3209
7F	42E9	282	3209
7F	42EA	282	3209
7F	42EB	282	3209
7F	42EC	282	3209
7F	42EE	282	3209
7F	42F9	282	3209
7F	42FA	282	3209
7F	42FC	282	3209
7F	42FE	282	3209
7F	4300	282	3209
7F	4302	282	3209
7F	4304	282	3209
7F	4306	282	3209
7F	4308	282	3209
7F	430A	282	3209
7F	430C	282	3209
7F	430D	282	3209
7F	430E	282	3209
7F	430F	282	3209
7F	4311	282	3209
7F	4314	282	3209
7F	4315	282	3209
7F	4316	282	3209
7F	4319	282	3209
7F	431C	282	3209
7F	431D	282	3209
7F	431E	282	3209
7F	4321	282	3209
7F	4322	282	3209
7F	4323	282	3209
7F	4324	282	3209
7F	4325	282	3209
7F	4326	282	3209
7F	4327	282	3209
7F	4328	282	3209
7F	432B	282	3209
7F	432C	282	3209
7F	432E	282	3209
7F	432F	282	3209
7F	4330	1128	3209
7F	4331	1128	3209
7F	4333	846	3209
7F	4335	846	3209
7F	4337	846	3209
7F	4339	282	3209
7F	433A	282	3209
7F	433D	282	3209
7F	433E	282	3209
7F	433F	282	3209
7F	4340	282	3209
7F	4341	282	3209
7F	4342	282	3209
7F	4343	282	3209
7F	4344	282	3209
7F	4345	282	3209
7F	4348	282	3209
7F	4349	282	3209
7F	434A	282	3209
7F	434B	282	3209
7F	434C	282	3209
7F	434D	282	3209
7F	434E	282	3209
7F	434F	282	3209
7F	4350	282	3209
7F	4352	282	3209
7F	4368	282	3209
7F	4369	282	3209
7F	436A	282	3209
7F	436B	282	3209
7F	436C	282	3209
7F	436D	282	3209
7F	4370	282	3209
7F	4371	282	3209
7F	4373	282	3209
7F	4374	282	3209
7F	4375	1128	3209
7F	4376	1128	3209
7F	4378	846	3209
7F	437A	846	3209
7F	437C	846	3209
7F	437E	282	3209
7F	437F	282	3209
7F	4382	282	3209
7F	4383	282	3209
7F	4384	282	3209
7F	4385	282	3209
7F	4386	282	3209
7F	4387	282	3209
7F	4388	282	3209
7F	4389	282	3209
7F	438A	282	3209
7F	438D	282	3209
7F	438E	282	3209
7F	438F	282	3209
7F	4390	282	3209
7F	4391	282	3209
7F	4392	282	3209
7F	4393	282	3209
7F	4394	282	3209
7F	4395	282	3209
7F	4397	282	3209
7F	43AD	282	3209
7F	43AE	282	3209
7F	43AF	282	3209
7F	43B0	282	3209
7F	43B1	282	3209
7F	43B2	282	3209
7F	43B5	282	3209
7F	43B6	282	3209
7F	43B8	282	3209
7F	43B9	282	3209
7F	43BA	1128	3209
7F	43BB	1128	3209
7F	43BD	846	3209
7F	43BF	846	3209
7F	43C1	846	3209
7F	43C3	282	3209
7F	43C4	282	3209
7F	43C7	282	3209
7F	43C8	282	3209
7F	43C9	282	3209
7F	43CA	282	3209
7F	43CB	282	3209
7F	43CC	282	3209
7F	43CD	282	3209
7F	43CE	282	3209
7F	43CF	282	3209
7F	43D2	282	3209
7F	43D3	282	3209
7F	43D4	282	3209
7F	43D5	282	3209
7F	43D6	282	3209
7F	43D7	282	3209
7F	43D8	282	3209
7F	43D9	282	3209
7F	43DA	282	3209
7F	43DC	282	3209
7F	43F2	282	3209
7F	43F3	282	3209
7F	43F4	282	3209
7F	43F5	282	3209
7F	43F6	282	3209
7F	43F7	282	3209
7F	43FA	282	3209
7F	43FB	282	3209
7F	43FD	282	3209
7F	43FE	282	3209
7F	43FF	1128	3209
7F	4400	1128	3209
7F	4402	846	3209
7F	4404	846	3209
7F	4406	846	3209
7F	4408	282	3209
7F	4409	282	3209
7F	440C	282	3209
7F	440D	282	3209
7F	440E	282	3209
7F	440F	282	3209
7F	4410	282	3209
7F	4411	282	3209
7F	4412	282	3209
7F	4413	282	3209
7F	4414	282	3209
7F	4417	282	3209
7F	4418	282	3209
7F	4419	282	3209
7F	441A	282	3209
7F	441B	282	3209
7F	441C	282	3209
7F	441D	282	3209
7F	441E	282	3209
7F	441F	282	3209
7F	4421	282	3209
7F	4437	282	3209
7F	4438	282	3209
7F	4439	282	3209
7F	443A	282	3209
7F	443B	282	3209
7F	443C	282	3209
7F	443F	282	3209
7F	4440	282	3209
7F	4442	282	3209
7F	4443	282	3209
7F	4444	1128	3209
7F	4445	1128	3209
7F	4447	846	3209
7F	4449	846	3209
7F	444B	846	3209
7F	444D	282	3209
7F	444E	282	3209
7F	4451	282	3209
7F	4452	282	3209
7F	4453	282	3209
7F	4454	282	3209
7F	4455	282	3209
7F	4456	282	3209
7F	4457	282	3209
7F	4458	282	3209
7F	4459	282	3209
7F	445C	282	3209
7F	445D	282	3209
7F	445E	282	3209
7F	445F	282	3209
7F	4460	282	3209
7F	4461	282	3209
7F	4462	282	3209
7F	4463	282	3209
7F	4464	282	3209
7F	4466	282	3209
7F	447C	282	3209
7F	447D	282	3209
7F	447E	282	3209
7F	447F	282	3209
7F	4480	282	3209
7F	4481	282	3209
7F	4484	282	3209
7F	4485	282	3209
7F	4487	282	3209
7F	4488	282	3209
7F	4489	1128	3209
7F	448A	1128	3209
7F	448C	846	3209
7F	448E	846	3209
7F	4490	846	3209
7F	4492	282	3209
7F	4493	282	3209
7F	4496	282	3209
7F	4497	282	3209
7F	4498	282	3209
7F	4499	282	3209
7F	449A	282	3209
7F	449B	282	3209
7F	449C	282	3209
7F	449D	282	3209
7F	449E	282	3209
7F	44A1	282	3209
7F	44A2	282	3209
7F	44A3	282	3209
7F	44A4	282	3209
7F	44A5	282	3209
7F	44A6	282	3209
7F	44A7	282	3209
7F	44A8	282	3209
7F	44A9	282	3209
7F	44AB	282	3209
7F	44C1	282	3209
7F	44C2	282	3209
7F	44C3	282	3209
7F	44C4	282	3209
7F	44C5	282	3209
7F	44C6	282	3209
7F	44C9	282	3209
7F	44CA	282	3209
7F	44CC	282	3209
7F	44CD	282	3209
7F	44CE	1128	3209
7F	44CF	1128	3209
7F	44D1	846	3209
7F	44D3	846	3209
7F	44D5	846	3209
7F	44D7	282	3209
7F	44D8	282	3209
7F	44DB	282	3209
7F	44DC	282	3209
7F	44DD	282	3209
7F	44DE	282	3209
7F	44DF	282	3209
7F	44E0	282	3209
7F	44E1	282	3209
7F	44E2	282	3209
7F	44E3	282	3209
7F	44E6	282	3209
7F	44E7	282	3209
7F	44E8	282	3209
7F	44E9	282	3209
7F	44EA	282	3209
7F	44EB	282	3209
7F	44EC	282	3209
7F	44ED	282	3209
7F	44EE	282	3209
7F	44F0	282	3209
7F	4506	282	3209
7F	4507	282	3209
7F	4508	282	3209
7F	4509	282	3209
7F	450A	282	3209
7F	450B	282	3209
7F	450E	282	3209
7F	450F	282	3209
7F	4511	282	3209
7F	4512	282	3209
7F	4513	1128	3209
7F	4514	1128	3209
7F	4516	846	3209
7F	4518	846	3209
7F	451A	846	3209
7F	451C	282	3209
7F	451D	282	3209
7F	4520	282	3209
7F	4521	282	3209
7F	4522	282	3209
7F	4523	282	3209
7F	4524	282	3209
7F	4525	282	3209
7F	4526	282	3209
7F	4527	282	3209
7F	4528	282	3209
7F	452B	282	3209
7F	452C	282	3209
7F	452D	282	3209
7F	452E	282	3209
7F	452F	282	3209
7F	4530	282	3209
7F	4531	282	3209
7F	4532	282	3209
7F	4533	282	3209
7F	4535	282	3209
7F	4537	16	3211
7F	4538	16	3211
7F	453B	16	3211
7F	453C	16	3211
7F	453D	16	3211
7F	453E	16	3211
7F	4540	16	3211
7F	454B	282	3209
7F	454C	282	3209
7F	454D	282	3209
7F	454E	282	3209
7F	454F	282	3209
7F	4550	282	3209
7F	4553	282	3209
7F	4554	282	3209
7F	4556	282	3209
7F	4557	282	3209
7F	4558	1128	3209
7F	4559	1128	3209
7F	455B	846	3209
7F	455D	846	3209
7F	455F	846	3209
7F	4561	282	3209
7F	4562	282	3209
7F	4565	282	3209
7F	4566	282	3209
7F	4567	282	3209
7F	4568	282	3209
7F	4569	282	3209
7F	456A	282	3209
7F	456B	282	3209
7F	456C	282	3209
7F	456D	282	3209
7F	4570	282	3209
7F	4571	282	3209
7F	4572	282	3209
7F	4573	282	3209
7F	4574	282	3209
7F	4575	282	3209
7F	4576	282	3209
7F	4577	282	3209
7F	4578	282	3209
7F	457A	282	3209
7F	4590	282	3209
7F	4591	282	3209
7F	4592	282	3209
7F	4593	282	3209
7F	4594	282	3209
7F	4595	282	3209
7F	4598	282	3209
7F	4599	282	3209
7F	459B	282	3209
7F	459C	282	3209
7F	459D	1128	3209
7F	459E	1128	3209
7F	45A0	846	3209
7F	45A2	846	3209
7F	45A4	846	3209
7F	45A6	282	3209
7F	45A7	282	3209
7F	45AA	282	3209
7F	45AB	282	3209
7F	45AC	282	3209
7F	45AD	282	3209
7F	45AE	282	3209
7F	45AF	282	3209
7F	45B0	282	3209
7F	45B1	282	3209
7F	45B2	282	3209
7F	45B5	282	3209
7F	45B6	282	3209
7F	45B7	282	3209
7F	45B8	282	3209
7F	45B9	282	3209
7F	45BA	282	3209
7F	45BB	282	3209
7F	45BC	282	3209
7F	45BD	282	3209
7F	45BF	282	3209
7F	45D5	282	3209
7F	45D6	282	3209
7F	45D7	282	3209
7F	45D8	282	3209
7F	45D9	282	3209
7F	45DA	282	3209
7F	45DD	282	3209
7F	45DE	282	3209
7F	45E0	282	3209
7F	45E1	282	3209
7F	45E2	1128	3209
7F	45E3	1128	3209
7F	45E5	846	3209
7F	45E7	846	3209
7F	45E9	846	3209
7F	45EB	282	3209
7F	45EC	282	3209
7F	45EF	282	3209
7F	45F0	282	3209
7F	45F1	282	3209
7F	45F2	282	3209
7F	45F3	282	3209
7F	45F4	282	3209
7F	45F5	282	3209
7F	45F6	282	3209
7F	45F7	282	3209
7F	45FA	282	3209
7F	45FB	282	3209
7F	45FC	282	3209
7F	45FD	282	3209
7F	45FE	282	3209
7F	45FF	282	3209
7F	4600	282	3209
7F	4601	282	3209
7F	4602	282	3209
7F	4604	282	3209
7F	461A	282	3209
7F	461B	282	3209
7F	461C	282	3209
7F	461D	282	3209
7F	461E	282	3209
7F	461F	282	3209
7F	4622	282	3209
7F	4623	282	3209
7F	4625	282	3209
7F	4626	282	3209
7F	4627	1128	3209
7F	4628	1128	3209
7F	462A	846	3209
7F	462C	846	3209
7F	462E	846	3209
7F	4630	282	3209
7F	4631	282	3209
7F	4634	282	3209
7F	4635	282	3209
7F	4636	282	3209
7F	4637	282	3209
7F	4638	282	3209
7F	4639	282	3209
7F	463A	282	3209
7F	463B	282	3209
7F	463C	282	3209
7F	463F	282	3209
7F	4640	282	3209
7F	4641	282	3209
7F	4642	282	3209
7F	4643	282	3209
7F	4644	282	3209
7F	4645	282	3209
7F	4646	282	3209
7F	4647	282	3209
7F	4649	282	3209
7F	465F	282	3209
7F	4660	282	3209
7F	4661	282	3209
7F	4662	282	3209
7F	4663	282	3209
7F	4664	282	3209
7F	4667	282	3209
7F	4668	282	3209
7F	466A	282	3209
7F	466B	282	3209
7F	466C	1128	3209
7F	466D	1128	3209
7F	466F	846	3209
7F	4671	846	3209
7F	4673	846	3209
7F	4675	282	3209
7F	4676	282	3209
7F	4679	282	3209
7F	467A	282	3209
7F	467B	282	3209
7F	467C	282	3209
7F	467D	282	3209
7F	467E	282	3209
7F	467F	282	3209
7F	4680	282	3209
7F	4681	282	3209
7F	4684	282	3209
7F	4685	282	3209
7F	4686	282	3209
7F	4687	282	3209
7F	4688	282	3209
7F	4689	282	3209
7F	468A	282	3209
7F	468B	282	3209
7F	468C	282	3209
7F	468E	282	3209
7F	46A4	282	3209
7F	46A5	282	3209
7F	46A6	282	3209
7F	46A7	282	3209
7F	46A8	282	3209
7F	46A9	282	3209
7F	46AC	282	3209
7F	46AD	282	3209
7F	46AF	282	3209
7F	46B0	282	3209
7F	46B1	1128	3209
7F	46B2	1128	3209
7F	46B4	846	3209
7F	46B6	846	3209
7F	46B8	846	3209
7F	46BA	282	3209
7F	46BB	282	3209
7F	46BE	282	3209
7F	46BF	282	3209
7F	46C0	282	3209
7F	46C1	282	3209
7F	46C2	282	3209
7F	46C3	282	3209
7F	46C4	282	3209
7F	46C5	282	3209
7F	46C6	282	3209
7F	46C9	282	3209
7F	46CA	282	3209
7F	46CB	282	3209
7F	46CC	282	3209
7F	46CD	282	3209
7F	46CE	282	3209
7F	46CF	282	3209
7F	46D0	282	3209
7F	46D1	282	3209
7F	46D3	282	3209
7F	46E9	282	3209
7F	46EA	282	3209
7F	46EB	282	3209
7F	46EC	282	3209
7F	46ED	282	3209
7F	46EE	282	3209
7F	46F1	282	3209
7F	46F2	282	3209
7F	46F4	282	3209
7F	46F5	282	3209
7F	46F6	1128	3209
7F	46F7	1128	3209
7F	46F9	846	3209
7F	46FB	846	3209
7F	46FD	846	3209
7F	46FF	282	3209
7F	4700	282	3209
7F	4703	282	3209
7F	4704	282	3209
7F	4705	282	3209
7F	4706	282	3209
7F	4707	282	3209
7F	4708	282	3209
7F	4709	282	3209
7F	470A	282	3209
7F	470B	282	3209
7F	470E	282	3209
7F	470F	282	3209
7F	4710	282	3209
7F	4711	282	3209
7F	4712	282	3209
7F	4713	282	3209
7F	4714	282	3209
7F	4715	282	3209
7F	4716	282	3209
7F	4718	282	3209
7F	472E	282	3209
7F	472F	282	3209
7F	4730	282	3209
7F	4731	282	3209
7F	4732	282	3209
7F	4733	282	3209
7F	4736	282	3209
7F	4737	282	3209
7F	4739	282	3209
7F	473A	282	3209
7F	473B	1128	3209
7F	473C	1128	3209
7F	473E	846	3209
7F	4740	846	3209
7F	4742	846	3209
7F	4744	282	3209
7F	4745	282	3209
7F	4748	282	3209
7F	4749	282	3209
7F	474A	282	3209
7F	474B	282	3209
7F	474C	282	3209
7F	474D	282	3209
7F	474E	282	3209
7F	474F	282	3209
7F	4750	282	3209
7F	4753	282	3209
7F	4754	282	3209
7F	4755	282	3209
7F	4756	282	3209
7F	4757	282	3209
7F	4758	282	3209
7F	4759	282	3209
7F	475A	282	3209
7F	475B	282	3209
7F	475D	282	3209
7F	475F	266	3209
7F	4760	266	3209
7F	4763	266	3209
7F	4764	266	3209
7F	4765	266	3209
7F	4766	266	3209
7F	4768	266	3209
7F	4773	282	3209
7F	4774	282	3209
7F	4775	282	3209
7F	4776	282	3209
7F	4777	282	3209
7F	4778	282	3209
7F	477B	282	3209
7F	477C	282	3209
7F	477E	282	3209
7F	477F	282	3209
7F	4780	1128	3209
7F	4781	1128	3209
7F	4783	846	3209
7F	4785	846	3209
7F	4787	846	3209
7F	4789	282	3209
7F	478A	282	3209
7F	478D	282	3209
7F	478E	282	3209
7F	478F	282	3209
7F	4790	282	3209
7F	4791	282	3209
7F	4792	282	3209
7F	4793	282	3209
7F	4794	282	3209
7F	4795	282	3209
7F	4798	282	3209
7F	4799	282	3209
7F	479A	282	3209
7F	479B	282	3209
7F	479C	282	3209
7F	479D	282	3209
7F	479E	282	3209
7F	479F	282	3209
7F	47A0	282	3209
7F	47A2	282	3209
7F	47B8	282	3209
7F	47B9	282	3209
7F	47BA	282	3209
7F	47BB	282	3209
7F	47BC	282	3209
7F	47BD	282	3209
7F	47C0	282	3209
7F	47C1	282	3209
7F	47C3	282	3209
7F	47C4	282	3209
7F	47C5	1128	3209
7F	47C6	1128	3209
7F	47C8	846	3209
7F	47CA	846	3209
7F	47CC	846	3209
7F	47CE	282	3209
7F	47CF	282	3209
7F	47D2	282	3209
7F	47D3	282	3209
7F	47D4	282	3209
7F	47D5	282	3209
7F	47D6	282	3209
7F	47D7	282	3209
7F	47D8	282	3209
7F	47D9	282	3209
7F	47DA	282	3209
7F	47DD	282	3209
7F	47DE	282	3209
7F	47DF	282	3209
7F	47E0	282	3209
7F	47E1	282	3209
7F	47E2	282	3209
7F	47E3	282	3209
7F	47E4	282	3209
7F	47E5	282	3209
7F	47E7	282	3209
7F	47FD	282	3209
7F	47FE	282	3209
7F	47FF	282	3209
7F	4800	282	3209
7F	4801	282	3209
7F	4802	282	3209
7F	4805	282	3209
7F	4806	282	3209
7F	4808	282	3209
7F	4809	282	3209
7F	480A	1128	3209
7F	480B	1128	3209
7F	480D	846	3209
7F	480F	846	3209
7F	4811	846	3209
7F	4813	282	3209
7F	4814	282	3209
7F	4817	282	3209
7F	4818	282	3209
7F	4819	282	3209
7F	481A	282	3209
7F	481B	282	3209
7F	481C	282	3209
7F	481D	282	3209
7F	481E	282	3209
7F	481F	282	3209
7F	4822	282	3209
7F	4823	282	3209
7F	4824	282	3209
7F	4825	282	3209
7F	4826	282	3209
7F	4827	282	3209
7F	4828	282	3209
7F	4829	282	3209
7F	482A	282	3209
7F	482C	282	3209
7F	4842	282	3209
7F	4843	282	3209
7F	4844	282	3209
7F	4845	282	3209
7F	4846	282	3209
7F	4847	282	3209
7F	484A	282	3209
7F	484B	282	3209
7F	484D	282	3209
7F	484E	282	3209
7F	484F	1128	3209
7F	4850	1128	3209
7F	4852	846	3209
7F	4854	846	3209
7F	4856	846	3209
7F	4858	282	3209
7F	4859	282	3209
7F	485C	282	3209
7F	485D	282	3209
7F	485E	282	3209
7F	485F	282	3209
7F	4860	282	3209
7F	4861	282	3209
7F	4862	282	3209
7F	4863	282	3209
7F	4864	282	3209
7F	4867	282	3209
7F	4868	282	3209
7F	4869	282	3209
7F	486A	282	3209
7F	486B	282	3209
7F	486C	282	3209
7F	486D	282	3209
7F	486E	282	3209
7F	486F	282	3209
7F	4871	282	3209
7F	4887	282	3209
7F	4888	282	3209
7F	4889	282	3209
7F	488A	282	3209
7F	488B	282	3209
7F	488C	282	3209
7F	488F	282	3209
7F	4890	282	3209
7F	4892	282	3209
7F	4893	282	3209
7F	4894	1128	3209
7F	4895	1128	3209
7F	4897	846	3209
7F	4899	846	3209
7F	489B	846	3209
7F	489D	282	3209
7F	489E	282	3209
7F	48A1	282	3209
7F	48A2	282	3209
7F	48A3	282	3209
7F	48A4	282	3209
7F	48A5	282	3209
7F	48A6	282	3209
7F	48A7	282	3209
7F	48A8	282	3209
7F	48A9	282	3209
7F	48AC	282	3209
7F	48AD	282	3209
7F	48AE	282	3209
7F	48AF	282	3209
7F	48B0	282	3209
7F	48B1	282	3209
7F	48B2	282	3209
7F	48B3	282	3209
7F	48B4	282	3209
7F	48B6	282	3209
7F	48CC	282	3209
7F	48CD	282	3209
7F	48CE	282	3209
7F	48CF	282	3209
7F	48D0	282	3209
7F	48D1	282	3209
7F	48D4	282	3209
7F	48D5	282	3209
7F	48D7	282	3209
7F	48D8	282	3209
7F	48D9	1128	3209
7F	48DA	1128	3209
7F	48DC	846	3209
7F	48DE	846	3209
7F	48E0	846	3209
7F	48E2	282	3209
7F	48E3	282	3209
7F	48E6	282	3209
7F	48E7	282	3209
7F	48E8	282	3209
7F	48E9	282	3209
7F	48EA	282	3209
7F	48EB	282	3209
7F	48EC	282	3209
7F	48ED	282	3209
7F	48EE	282	3209
7F	48F1	282	3209
7F	48F2	282	3209
7F	48F3	282	3209
7F	48F4	282	3209
7F	48F5	282	3209
7F	48F6	282	3209
7F	48F7	282	3209
7F	48F8	282	3209
7F	48F9	282	3209
7F	48FB	282	3209
7F	4911	282	3209
7F	4912	282	3209
7F	4913	282	3209
7F	4914	282	3209
7F	4915	282	3209
7F	4916	282	3209
7F	4919	282	3209
7F	491A	282	3209
7F	491C	282	3209
7F	491D	282	3209
7F	491E	1128	3209
7F	491F	1128	3209
7F	4921	846	3209
7F	4923	846	3209
7F	4925	846	3209
7F	4927	282	3209
7F	4928	282	3209
7F	492B	282	3209
7F	492C	282	3209
7F	492D	282	3209
7F	492E	282	3209
7F	492F	282	3209
7F	4930	282	3209
7F	4931	282	3209
7F	4932	282	3209
7F	4933	282	3209
7F	4936	282	3209
7F	4937	282	3209
7F	4938	282	3209
7F	4939	282	3209
7F	493A	282	3209
7F	493B	282	3209
7F	493C	282	3209
7F	493D	282	3209
7F	493E	282	3209
7F	4940	282	3209
7F	4956	282	3209
7F	4957	282	3209
7F	4958	282	3209
7F	4959	282	3209
7F	495A	282	3209
7F	495B	282	3209
7F	495E	282	3209
7F	495F	282	3209
7F	4961	282	3209
7F	4962	282	3209
7F	4963	1128	3209
7F	4964	1128	3209
7F	4966	846	3209
7F	4968	846	3209
7F	496A	846	3209
7F	496C	282	3209
7F	496D	282	3209
7F	4970	282	3209
7F	4971	282	3209
7F	4972	282	3209
7F	4973	282	3209
7F	4974	282	3209
7F	4975	282	3209
7F	4976	282	3209
7F	4977	282	3209
7F	4978	282	3209
7F	497B	282	3209
7F	497C	282	3209
7F	497D	282	3209
7F	497E	282	3209
7F	497F	282	3209
7F	4980	282	3209
7F	4981	282	3209
7F	4982	282	3209
7F	4983	282	3209
7F	4985	282	3209
7F	4987	16	3211
7F	4988	16	3211
7F	498B	16	3211
7F	498C	16	3211
7F	498D	16	3211
7F	498E	16	3211
7F	4990	16	3211
7F	499B	282	3209
7F	4C42	16	3209
7F	4C43	16	3209
7F	4C44	16	3209
7F	4C45	16	3209
7F	4C48	16	3209
7F	4C4B	16	3209
7F	4C4D	512	3209
7F	4C4E	512	3209
7F	4C4F	512	3209
7F	4C50	512	3209
7F	4C51	512	3209
7F	4C53	16	3209
7F	4C54	16	3209
7F	4C55	16	3209
7F	4C56	16	3209
7F	7205	1	4437
7F	7206	1	4437
7F	7208	1	4437
7F	720A	1	4437
7F	720B	1	4437
7F	720C	11	4438
7F	720D	11	4438
7F	7213	11	4438
7F	7214	11	4438
7F	721A	11	4438
7F	721B	11	4438
7F	721C	11	4438
7F	721D	1	8981
7F	721E	1	8981
7F	7220	1	8981
7F	7222	1	8981
7F	7223	1	8981
7F	7224	11	8982
7F	7225	11	8982
7F	722B	11	8982
7F	722C	11	8982
7F	7232	11	8982
7F	7233	11	8982
7F	7234	11	8982
7F	7271	2	3195
7F	7272	2	3195
7F	7273	2	3195
7F	7274	2	3195
7F	7275	2	3195
7F	7276	2	3195
7F	7277	2	3195
7F	7278	2	3195
7F	7279	2	3195
7F	727B	2	3195
7F	727C	2	3195
7F	727D	2	3195
7F	727F	2	3195
7F	7282	2	3195
7F	7284	2	3195
7F	7287	2	3195
7F	7289	2	3195
7F	728C	2	3195
7F	728E	2	3195
7F	7290	2	3195
7F	7292	2	3195
7F	7294	2	3195
7F	7297	5259	3195
7F	7299	5259	3195
7F	729B	5259	3195
7F	729D	2	3195
7F	729F	2	3195
7F	72A1	2	3195
7F	72A2	2	3195
7F	72A4	2	3195
7F	72A7	2	3195
7F	72A8	2	3195
7F	72AA	2	3195
7F	72AB	2	3195
7F	72AD	2	3195
7F	72AF	2	3195
7F	72B0	1	3215
7F	72B2	1	3215
7F	72B3	1	3215
7F	72B4	1	3215
7F	72B6	1	3215
7F	72B9	1	3215
7F	72BA	1	3215
7F	72BC	1	3215
7F	72BD	1	3215
7F	72BF	1	3215
7F	72C1	1	3215
7F	7425	11	4438
7F	7426	11	4438
7F	7429	11	4438
7F	742A	11	4438
7F	742C	11	4438
7F	742E	11	4438
7F	742F	11	4438
7F	7430	11	4438
7F	7431	11	4438
7F	7432	11	4438
7F	7433	11	4438
7F	7434	11	4438
7F	7436	11	4438
7F	7437	11	4438
7F	7438	11	4438
7F	7439	11	4438
7F	743A	11	4438
7F	743C	11	4438
7F	743E	11	4438
7F	7440	11	4438
7F	7443	11	4438
7F	7444	11	4438
7F	7447	11	4438
7F	7448	11	4438
7F	744B	11	4438
7F	744C	11	4438
7F	744F	11	4438
7F	7452	11	4438
7F	7453	11	4438
7F	7456	11	4438
7F	7459	11	4438
7F	745A	11	4438
7F	745D	11	4438
7F	7460	11	4438
7F	7461	11	4438
7F	7464	11	4438
7F	7465	11	4438
7F	7466	11	4438
7F	76C4	11	8982
7F	76C5	11	8982
7F	76C8	11	8982
7F	76C9	11	8982
7F	76CB	11	8982
7F	76CD	11	8982
7F	76CE	11	8982
7F	76CF	11	8982
7F	76D0	11	8982
7F	76D1	11	8982
7F	76D2	11	8982
7F	76D3	11	8982
7F	76D5	11	8982
7F	76D6	11	8982
7F	76D7	11	8982
7F	76D8	11	8982
7F	76D9	11	8982
7F	76DB	11	8982
7F	76DD	11	8982
7F	76DF	11	8982
7F	76E2	11	8982
7F	76E3	11	8982
7F	76E6	11	8982
7F	76E7	11	8982
7F	76EA	11	8982
7F	76EB	11	8982
7F	76EE	11	8982
7F	76F1	11	8982
7F	76F2	11	8982
7F	76F5	11	8982
7F	76F8	11	8982
7F	76F9	11	8982
7F	76FC	11	8982
7F	76FF	11	8982
7F	7700	11	8982
7F	7703	11	8982
7F	7704	11	8982
7F	7705	11	8982
WRAM	C133	1408	1141	C3BA03	0	0
WRAM	CBF1	9593	17	C3BA03	1408	0
WRAM	CBF4	215086	1140	C3C416	12793	0
WRAM	CBF7	5846	44	C3ED01	0	0
WRAM	CBFA	411	44	C3B701	0	0
HRAM	FF80	9593	17	3EC0E0	0	0
HRAM	FF82	9593	17	E0463E	0	0
HRAM	FF84	9593	17	3E283D	0	0
HRAM	FF86	383720	17	3D20FD	0	0
HRAM	FF87	383720	17	20FDC9	0	0
HRAM	FF89	9593	17	C94F00	9380	0
HRAM	FFA8	45894	16	3E0021	22867	0
HRAM	FFAA	45894	16	21B605	45893	0
HRAM	FFAD	45894	16	C3F07B	45892	0
