# bank	addr	count	first_frame	first_bytes	changed	wram_bank
# bank = ROM bank actually mapped (2 hex digits) or WRAM/HRAM/VRAM/SRAM/OTHER; addr = CPU address of an executed instruction start
# first_bytes/changed/wram_bank are present for RAM rows only (3 bytes at addr at first execution; times they differed later; SVBK bank for D000-DFFF)
00	0040	7854	17
00	0048	335727	1140
00	0050	20656	44
00	0058	1940	44
00	0100	1	0
00	0101	1	0
00	0150	13	44
00	0152	13	44
00	0155	13	44
00	0156	13	44
00	0159	13	44
00	015A	13	44
00	015D	13	44
00	015F	2	44
00	0161	2	44
00	0162	2	44
00	0164	2	44
00	0167	2	44
00	0168	2	44
00	0169	2	44
00	016A	2	44
00	016B	13	44
00	016E	13	44
00	0170	13	44
00	0173	13	44
00	0174	13	44
00	0175	13	44
00	0176	13	44
00	0177	13	44
00	017A	13	44
00	017C	13	44
00	017D	13	44
00	017F	13	44
00	0180	13	44
00	0182	13	44
00	0185	13	44
00	0187	13	44
00	018A	13	44
00	018D	13	44
00	0190	13	44
00	0191	13	44
00	0194	13	44
00	0195	13	44
00	0198	13	44
00	0199	13	44
00	019C	13	44
00	019D	13	44
00	019E	13	44
00	019F	13	44
00	01A0	13	44
00	01A1	13	44
00	01A4	13	44
00	01A5	13	44
00	01A8	13	44
00	01AB	13	44
00	01AD	13	44
00	01B0	13	44
00	01B1	13	44
00	01B2	13	44
00	01B3	13	44
00	01B6	13	44
00	01B7	1940	44
00	01B8	1940	44
00	01B9	1940	44
00	01BA	1940	44
00	01BB	1940	44
00	01BE	1940	44
00	01BF	1940	44
00	01C0	1940	44
00	01C1	1940	44
00	01C2	1940	44
00	01C5	1940	44
00	01C7	1940	44
00	01C8	1940	44
00	01CA	1940	44
00	01CB	1940	44
00	01CD	1940	44
00	01D0	1940	44
00	01D2	1940	44
00	01D5	1940	44
00	01D8	1940	44
00	01D9	1940	44
00	01DC	1940	44
00	01DD	1940	44
00	01DE	1940	44
00	01DF	1940	44
00	01E0	1940	44
00	01E1	1940	44
00	01E4	1940	44
00	01E5	1940	44
00	01E8	1940	44
00	01E9	1940	44
00	01EA	1940	44
00	01EB	1940	44
00	01EC	1940	44
00	01ED	20656	44
00	01EE	20656	44
00	01EF	20656	44
00	01F0	20656	44
00	01F1	20656	44
00	01F2	20656	44
00	01F4	20656	44
00	01F6	20656	44
00	01F8	20656	44
00	01FA	20656	44
00	01FD	20656	44
00	01FE	20656	44
00	0200	20656	44
00	0203	20656	44
00	0205	20656	44
00	0207	20656	44
00	0209	20656	44
00	020B	20656	44
00	020D	20656	44
00	0210	20656	44
00	0211	20656	44
00	0212	20656	44
00	0213	20656	44
00	0214	20656	44
00	0217	20656	44
00	0219	20656	44
00	021A	20656	44
00	021C	20656	44
00	021D	20656	44
00	021F	20656	44
00	0222	20656	44
00	0224	20656	44
00	0227	20656	44
00	022A	20656	44
00	022B	20656	44
00	022E	20656	44
00	022F	20656	44
00	0230	20656	44
00	0231	20656	44
00	0232	20656	44
00	0233	20656	44
00	0236	20656	44
00	0237	20656	44
00	023A	20656	44
00	023C	20656	44
00	023E	20656	44
00	0240	20656	44
00	0242	20656	44
00	0243	20656	44
00	0244	20656	44
00	0245	20656	44
00	0246	20656	44
00	0278	1	0
00	0279	1	0
00	027B	1	0
00	027E	1	0
00	027F	1	0
00	0280	1	0
00	0282	1	0
00	0284	1	0
00	0286	1	0
00	0289	1	0
00	028C	1	0
00	028E	1	0
00	0290	1	0
00	0292	1	0
00	0295	1	0
00	0296	1	0
00	0299	1	0
00	029C	1	0
00	029E	1	0
00	02A0	1	0
00	02AE	1	0
00	02B0	1	0
00	02B2	1	0
00	02B5	1	0
00	02B8	1	0
00	02B9	1	0
00	02BC	1	1
00	02BE	1	1
00	02C0	6	1
00	02C1	6	1
00	02C3	6	1
00	02C6	6	1
00	02C9	6	1
00	02CA	6	1
00	02CD	6	2
00	02CE	6	2
00	02CF	6	2
00	02D1	1	5
00	02D2	1	5
00	02D4	1	5
00	02D6	1	5
00	02D9	1	5
00	02DC	1	5
00	02DD	1	5
00	02E0	1	7
00	02E3	1	7
00	02E6	1	7
00	02E7	1	7
00	02EA	1	8
00	02ED	1	8
00	02F0	1	8
00	02F3	1	8
00	02F4	1	8
00	02F7	1	8
00	02FA	1	8
00	02FB	1	8
00	02FD	1	8
00	0300	1	8
00	0302	1	8
00	0303	1	8
00	0305	1	8
00	0307	1	8
00	030A	1	8
00	030B	1	8
00	030D	1	8
00	030F	1	8
00	0311	1	8
00	0314	1	8
00	0317	1	17
00	031A	1	17
00	031B	1	17
00	031C	1	17
00	031E	1	17
00	0321	1	17
00	0322	1	17
00	0324	1	17
00	0327	1	17
00	0328	1	17
00	0331	2	16
00	0333	2	16
00	0335	2	16
00	0338	2	16
00	033A	2	16
00	033D	2	16
00	033F	2	16
00	0341	2	16
00	0344	2	16
00	0346	2	16
00	0349	2	16
00	034A	4	16
00	034C	256	16
00	034D	256	16
00	034E	256	16
00	034F	256	16
00	0351	4	16
00	0392	25379	0
00	0393	25379	0
00	0395	25379	0
00	0397	25379	0
00	0399	222	0
00	039A	25379	0
00	039D	25379	0
00	039E	25379	0
00	03A0	7264	0
00	03A2	7264	0
00	03A5	7264	0
00	03A6	7264	0
00	03A7	7264	0
00	03A8	7264	0
00	03AA	7264	0
00	03AB	7264	0
00	03AD	7264	0
00	03AF	7264	0
00	03B2	7264	0
00	03B3	7264	0
00	03B5	7264	0
00	03B6	7264	0
00	03B7	7264	0
00	03B8	25379	0
00	03B9	25379	0
00	03BA	7854	17
00	03BB	7854	17
00	03BE	7854	17
00	03BF	7854	17
00	03C1	7854	17
00	03C4	7854	17
00	03C5	7854	17
00	03C6	7854	17
00	03C7	7854	17
00	03CA	7854	17
00	03CB	7854	17
00	03CD	7854	17
00	03D0	7854	17
00	03D3	7854	17
00	03D5	7854	17
00	03D7	7854	17
00	03D9	7579	17
00	03DA	7854	17
00	03DD	7854	17
00	03DE	7854	17
00	03E0	7854	17
00	03E2	4	5814
00	03E3	4	5814
00	03E4	4	5814
00	03E6	4	5814
00	03E7	4	5814
00	03E9	4	5814
00	0400	7854	17
00	0401	7854	17
00	0404	7854	17
00	0406	7854	17
00	0408	7854	17
00	040A	7088	17
00	040B	7854	17
00	040E	7854	17
00	040F	7854	17
00	0411	7854	17
00	0413	11	104
00	0414	11	104
00	0415	11	104
00	0417	11	104
00	0418	11	104
00	041A	11	104
00	042E	7854	17
00	042F	7854	17
00	0432	7854	17
00	0433	7854	17
00	0435	593	17
00	0437	593	17
00	0438	593	17
00	043A	593	17
00	043B	593	17
00	043E	593	17
00	0440	7261	18
00	0441	7261	18
00	0443	7261	18
00	0446	7854	17
00	0447	7854	17
00	0448	7854	17
00	0449	7854	17
00	044A	7854	17
00	044B	6161	43
00	044C	6161	43
00	044E	6161	43
00	0450	6161	43
00	0452	6161	43
00	0453	226039	43
00	0454	226038	44
00	0455	226038	44
00	0458	226038	44
00	0459	226038	44
00	045B	6160	44
00	045C	6160	44
00	045F	6160	44
00	0462	6160	44
00	0463	6160	44
00	0464	839	3228
00	0465	839	3228
00	0467	839	3228
00	0469	839	3228
00	046B	839	3228
00	046C	7944	3228
00	046D	7944	3229
00	046E	7944	3229
00	0471	7944	3229
00	0472	7944	3229
00	0474	839	3229
00	0475	839	3229
00	0478	839	3229
00	0479	839	3229
00	047A	333	28
00	047B	333	28
00	047D	333	28
00	047F	333	28
00	0481	6206	28
00	0482	6206	28
00	0483	6206	29
00	0484	6206	29
00	0485	6206	29
00	0488	6206	29
00	0489	6206	29
00	048B	379	29
00	048D	379	29
00	048F	379	29
00	0491	333	29
00	0492	333	29
00	0495	333	29
00	0496	333	29
00	0497	46	1730
00	0498	46	1730
00	049B	46	1730
00	049E	46	1730
00	04A0	2	16
00	04A2	2	16
00	04A5	2	16
00	04A7	2	16
00	04AA	2	16
00	04AC	2	16
00	04AF	2	16
00	04B1	2	16
00	04B4	2	16
00	04B6	2	16
00	04B9	2	16
00	04BB	2	16
00	04BE	2	16
00	04C0	2	16
00	04C3	2	16
00	04C5	2	16
00	04C8	2	16
00	04CA	2	16
00	04CD	2	16
00	04CF	2	16
00	04D2	2	16
00	04D4	2	16
00	04D7	2	16
00	04D8	106	0
00	04D9	106	0
00	04DA	106	0
00	04DC	6078	8
00	04DD	6078	8
00	04DE	6078	8
00	04E0	56	8
00	04E1	50	0
00	04E2	50	0
00	04E3	50	0
00	04E5	3	8
00	04E6	159584	0
00	04E7	159584	0
00	04E8	159584	0
00	04EA	624	0
00	04EB	624	0
00	04ED	50	1
00	050C	80	26
00	050D	80	26
00	050E	80	26
00	0510	6136	26
00	0511	6136	26
00	0512	6136	26
00	0513	6136	26
00	0514	6136	26
00	0516	67	26
00	0517	13	324
00	0518	13	324
00	0519	13	324
00	051B	12	3263
00	051C	4096	324
00	051D	4096	324
00	051E	4096	324
00	051F	4096	324
00	0520	4096	324
00	0522	25	324
00	0523	25	324
00	0525	13	324
00	0526	4	4464
00	0527	4	4464
00	0528	4	4464
00	0531	4	4464
00	0532	4	4464
00	0533	4	4464
00	0535	4	4464
00	0536	1152	4464
00	0537	1152	4464
00	0538	1152	4464
00	0539	1152	4464
00	053A	1152	4464
00	053C	8	4464
00	053D	8	4464
00	053F	4	4464
00	0545	5873	27
00	0546	5873	27
00	0547	5873	27
00	0548	5873	27
00	054A	5873	27
00	054B	5873	27
00	054C	5873	27
00	054D	5873	27
00	054E	5873	27
00	054F	5873	27
00	0550	5873	27
00	056A	4372	1142
00	056C	4372	1142
00	056D	4372	1142
00	056E	4372	1142
00	0570	4372	1142
00	0572	4372	1142
00	0573	4372	1142
00	0575	4372	1142
00	0578	4368	1142
00	057A	4368	1142
00	057D	4368	1142
00	057F	4368	1142
00	0582	4366	1142
00	0584	4366	1142
00	0587	4366	1142
00	0589	4366	1142
00	0591	2	2362
00	0593	2	2362
00	059B	4	1728
00	059C	4	1728
00	059F	3	8
00	05A2	3	8
00	05A5	30	8
00	05A6	30	8
00	05A7	30	8
00	05A8	30	8
00	05A9	30	8
00	05AB	3	8
00	05B6	21	28
00	05B8	21	28
00	05BA	21	28
00	05BC	21	28
00	05BD	6	0
00	05BF	6	0
00	05C1	6	0
00	05C2	6	0
00	05C3	6	0
00	05C5	6	0
00	05C7	6	0
00	05C9	5	5397
00	05CB	5	5397
00	05CC	5	5397
00	05CE	5	5397
00	05D0	5	5397
00	05D2	13763	5397
00	05D4	13763	5397
00	05D6	13763	5397
00	05D8	8	5398
00	05DA	8	5398
00	05DC	5	5398
00	05DE	5	5398
00	05E0	5	5398
00	05E2	5	5398
00	05E3	5	5398
00	05E5	5	5398
00	05E6	5	5398
00	05E8	5	5398
00	05E9	5	5398
00	05EC	5	5398
00	05ED	1	0
00	05EF	1	0
00	05F1	1	0
00	05F3	1	0
00	05F5	1	0
00	05F7	1	0
00	05F9	1	0
00	05FB	1	0
00	05FD	1	0
00	05FE	1	0
00	0601	1	0
00	0602	1	0
00	0603	1	0
00	0605	1	0
00	0606	1	0
00	0608	1	0
00	0609	1	0
00	060A	1	0
00	060C	1	0
00	060E	1	0
00	0610	1	0
00	0611	1	0
00	0613	1	0
00	0615	1	0
00	0617	1	0
00	0619	1	0
00	061B	1	0
00	061C	1	0
00	061E	1	0
00	061F	1	0
00	0621	1	0
00	0622	49824	16
00	0623	49824	16
00	0624	41772	16
00	0626	41772	16
00	0628	958	1140
00	062A	958	1140
00	062C	958	1140
00	062E	958	1140
00	0630	958	1140
00	0637	40814	16
00	0639	40814	16
00	063C	40814	16
00	063D	13050	26
00	063E	13050	26
00	063F	1307	26
00	0641	1307	26
00	0643	114	26
00	0645	114	26
00	0647	114	26
00	0649	114	26
00	064B	114	26
00	0652	1193	3271
00	0654	1193	3271
00	0657	1193	3271
00	0658	11741	43
00	0659	11741	43
00	065A	11741	43
00	065C	11741	43
00	066D	11741	43
00	066F	11741	43
00	0672	11741	43
00	0673	24089	16
00	0675	24089	16
00	0681	24089	16
00	0683	24089	16
00	0684	2	16
00	0686	2	16
00	0688	2	16
00	068A	2	16
00	068C	2	16
00	068E	2	16
00	0690	2	16
00	0691	2	16
00	0693	2	16
00	0695	2	16
00	0697	2	16
00	0699	2	16
00	069B	2	16
00	069D	2	16
00	069F	2	16
00	06A1	2	16
00	06A3	2	16
00	06A5	2	16
00	06A7	2	16
00	06AA	2	16
00	06AB	2	16
00	06AD	2	16
00	06B0	2	16
00	06B2	2	16
00	06B4	2	16
00	06B6	2	16
00	06BC	34	26
00	06BE	34	26
00	06BF	34	26
00	06C1	34	26
00	06C2	34	26
00	06C4	34	26
00	06C5	34	26
00	06C6	34	26
00	06C8	34	26
00	06C9	34	26
00	06CB	34	26
00	06CD	34	26
00	06CF	34	26
00	06D1	24055	16
00	06D3	24055	16
00	06D4	24055	16
00	06D6	24055	16
00	06D7	24055	16
00	06D9	24055	16
00	06DA	24055	16
00	06DB	24055	16
00	06DD	24055	16
00	06DE	24055	16
00	06E0	24055	16
00	06E1	24055	16
00	06E3	24055	16
00	06EE	24089	16
00	06EF	24089	16
00	06F2	24089	16
00	06F3	24089	16
00	06F4	24089	16
00	06F6	24089	16
00	06F7	24089	16
00	06F9	24089	16
00	06FC	24089	16
00	06FF	24085	16
00	0701	24085	16
00	0702	24085	16
00	0704	24085	16
00	0705	24085	16
00	0707	24085	16
00	0708	24085	16
00	0709	24085	16
00	070C	24085	16
00	070D	24085	16
00	070E	24085	16
00	0710	24085	16
00	0711	24085	16
00	0713	24085	16
00	0749	222	26
00	074B	222	26
00	074E	222	26
00	074F	222	26
00	0751	222	26
00	0752	222	26
00	0754	222	26
00	0755	222	26
00	0757	222	26
00	0758	222	26
00	075A	222	26
00	075C	222	26
00	075D	222	26
00	075F	222	26
00	0761	222	26
00	0763	222	26
00	0764	222	26
00	0766	222	26
00	0768	222	26
00	076A	289352	26
00	076C	289352	26
00	076E	289352	26
00	0770	210	27
00	0771	210	27
00	0773	222	27
00	0774	222	27
00	0776	222	27
00	0777	222	27
00	0779	222	27
00	077A	210	5759
00	077C	210	5759
00	077E	210	5759
00	0780	2	5759
00	0782	2	5759
00	0785	2	5759
00	0787	344	23
00	0789	344	23
00	078C	344	23
00	078D	344	23
00	078F	344	23
00	0790	344	23
00	0792	344	23
00	0793	344	23
00	0795	344	23
00	0796	344	23
00	0798	344	23
00	079A	344	23
00	079B	344	23
00	079D	344	23
00	079F	344	23
00	07A1	344	23
00	07A2	344	23
00	07A4	344	23
00	07A6	344	23
00	07A8	1002462	23
00	07AA	1002462	23
00	07AC	1002462	23
00	07AE	319	24
00	07AF	319	24
00	07B1	344	24
00	07B2	344	24
00	07B4	344	24
00	07B5	344	24
00	07B8	344	24
00	07BA	344	24
00	07BB	517	3234
00	07BD	517	3234
00	07BF	517	3234
00	07C1	3	3234
00	07C4	3	3234
00	07C6	3	3234
00	07C9	3	3234
00	07CB	7	330
00	07CC	7	330
00	07CE	7	330
00	07D0	7	330
00	07D2	7	330
00	07D3	7	330
00	07D5	7	330
00	07D6	7	330
00	07D8	7	330
00	07D9	7	330
00	07DB	7	330
00	07DC	7	330
00	07DF	7	330
00	07E1	7	330
00	07E3	7	330
00	07E6	7	330
00	07E7	7	330
00	07EA	7	331
00	07EB	7	331
00	07ED	7	331
00	07EF	7	331
00	07F2	7	331
00	07F3	7	331
00	07F6	7	331
00	07F7	7	331
00	07FA	7	331
00	082C	95	26
00	082D	95	26
00	082F	95	26
00	0831	95	26
00	0833	95	26
00	0834	95	26
00	0836	95	26
00	0837	95	26
00	0839	95	26
00	083A	95	26
00	083C	95	26
00	083F	95	26
00	0841	95	26
00	0843	95	26
00	0846	95	26
00	0847	95	26
00	084A	95	27
00	084B	95	27
00	084D	95	27
00	084F	95	27
00	0852	95	27
00	0853	95	27
00	0856	95	27
00	0857	95	27
00	085A	95	27
00	0887	5	5398
00	0888	5	5398
00	088A	5	5398
00	088C	5	5398
00	088E	5	5398
00	088F	5	5398
00	0891	5	5398
00	0893	5	5398
00	0895	5	5398
00	0896	5	5398
00	0898	5	5398
00	089B	5	5398
00	089D	5	5398
00	089F	5	5398
00	08A2	5	5398
00	08A3	5	5398
00	08A6	5	5398
00	08A7	5	5398
00	08A9	5	5398
00	08AB	5	5398
00	08AE	5	5398
00	08AF	5	5398
00	08B2	5	5398
00	08B3	5	5398
00	08B6	5	5398
00	08B7	111	26
00	08B9	111	26
00	08BB	111	26
00	08BC	105	26
00	08BE	105	26
00	08C0	105	26
00	08C1	212	3239
00	08C3	212	3239
00	08C5	212	3239
00	08C7	1	3239
00	08C8	1	3239
00	08EA	46	26
00	08ED	46	26
00	08EF	46	26
00	08F2	46	26
00	08F3	46	26
00	08F5	46	26
00	08F6	46	26
00	08F7	46	26
00	08FA	46	26
00	08FB	46	26
00	08FC	46	26
00	08FD	46	26
00	08FF	46	26
00	0900	46	26
00	0903	46	26
00	0904	25754	26
00	0905	25754	26
00	0906	25754	26
00	0907	25754	26
00	0908	25754	26
00	090A	1832	26
00	090C	1832	26
00	090D	1832	26
00	090F	1832	26
00	0910	1832	26
00	0912	1832	26
00	0913	1832	26
00	0914	1832	26
00	0916	1832	26
00	0917	1832	26
00	0918	1832	26
00	0919	1832	26
00	091B	228	26
00	091C	11	1120
00	091F	11	1120
00	0920	11	1120
00	0922	744	1120
00	0923	744	1120
00	0924	744	1120
00	0925	744	1120
00	0926	744	1120
00	0927	744	1120
00	0929	44	1120
00	092B	44	1120
00	092C	44	1120
00	092E	44	1120
00	092F	44	1120
00	0931	44	1120
00	0932	44	1120
00	0933	44	1120
00	0935	44	1120
00	0936	44	1120
00	0937	44	1120
00	0938	44	1120
00	093A	11	1120
00	0956	6996	43
00	0958	6996	43
00	095B	6996	43
00	095E	6996	43
00	095F	6996	43
00	0960	6996	43
00	0961	6996	43
00	0962	6996	43
00	0964	6996	43
00	0966	6996	43
00	0967	6996	43
00	0969	6996	43
00	096B	6996	43
00	096D	6996	43
00	096F	6996	43
00	0972	6996	43
00	0975	6996	43
00	0977	97944	43
00	0978	97944	43
00	0979	97944	43
00	097C	97944	43
00	097D	97944	43
00	097E	97944	43
00	0980	97944	43
00	0981	97944	43
00	0982	97944	43
00	0983	97944	43
00	0985	97944	43
00	0987	11741	43
00	0988	11741	43
00	098A	11741	43
00	098D	97944	43
00	098E	97944	43
00	098F	97944	43
00	0992	97944	43
00	0993	97944	43
00	0996	97944	43
00	0997	97944	43
00	0998	97944	43
00	0999	97944	43
00	099B	6996	43
00	099C	6996	43
00	099F	6996	43
00	09A0	6996	43
00	09A2	6996	43
00	09A4	6996	43
00	09A5	6996	43
00	09A8	6996	43
00	09AA	6996	43
00	09AB	6996	43
00	09AD	6996	43
00	09AF	6996	43
00	09B1	6996	43
00	09B2	6996	43
00	09B3	6996	43
00	09B4	6996	43
00	09B5	6996	43
00	09B6	18	22
00	09B9	18	23
00	09BA	18	23
00	09BB	18	23
00	09BC	18	23
00	09BE	18	23
00	09C0	18	23
00	09C1	18	23
00	09C3	18	23
00	09C5	18	23
00	09C7	18	23
00	09C9	18	23
00	09CA	18	23
00	09CC	18	23
00	09CE	18	23
00	09D1	18	23
00	09D4	18	23
00	09D6	18	23
00	09D9	18	23
00	09DB	18	23
00	09DC	18	23
00	09DE	18	23
00	09E0	18	23
00	09E2	18	23
00	09E3	18	23
00	09E4	18	23
00	09E5	18	23
00	09E6	3	4470
00	09E7	3	4470
00	09E8	3	4470
00	09EA	3	4470
00	09EC	3	4470
00	09ED	3	4470
00	09EF	3	4470
00	09F1	3	4470
00	09F3	3	4470
00	09F5	3	4470
00	09F8	3	4470
00	09FA	3	4470
00	09FD	3	4470
00	09FF	3	4470
00	0A00	3	4470
00	0A02	3	4470
00	0A04	3	4470
00	0A06	3	4470
00	0A07	3	4470
00	0A08	3	4470
00	0A09	7014	22
00	0A0A	7014	22
00	0A0B	7014	22
00	0A0C	7014	22
00	0A0E	7014	22
00	0A11	7014	22
00	0A12	1122240	22
00	0A13	1122240	22
00	0A14	1122240	22
00	0A16	7014	23
00	0A17	7014	23
00	0A18	7014	23
00	0A19	7014	23
00	0A1A	1195	3271
00	0A1B	1195	3271
00	0A1D	1195	3271
00	0A1E	1195	3271
00	0A1F	1195	3271
00	0A20	1195	3271
00	0A21	1195	3271
00	0A22	1195	3271
00	0A24	1195	3271
00	0A25	1195	3271
00	0A26	1195	3271
00	0A27	1195	3271
00	0A28	1195	3271
00	0A29	1195	3271
00	0A45	4	3266
00	0A47	4	3266
00	0A49	4	3266
00	0A4B	4	3266
00	0A4C	4	3266
00	0A4E	4	3266
00	0A50	4	3266
00	0A52	4	3266
00	0A54	4	3266
00	0A55	4	3266
00	0A56	4	3266
00	0A57	4	3266
00	0A58	4	3266
00	0A5A	4	3266
00	0A5B	4	3266
00	0A5D	4	3266
00	0A5E	4	3266
00	0A60	4	3266
00	0A62	4	3266
00	0A64	4	3266
00	0A65	29	26
00	0A66	29	26
00	0A68	29	26
00	0A6A	29	26
00	0A6B	29	26
00	0A6D	29	26
00	0A6F	29	26
00	0A71	29	26
00	0A73	29	26
00	0A74	29	26
00	0A75	29	26
00	0A76	29	26
00	0A77	29	26
00	0A79	29	26
00	0A7A	29	26
00	0A7C	29	26
00	0A7E	29	26
00	0A80	29	26
00	0A81	29	26
00	0A82	27	26
00	0A84	27	26
00	0A86	27	26
00	0A87	27	26
00	0A89	27	26
00	0A8A	27	26
00	0A8B	27	26
00	0A8D	27	26
00	0A8F	27	26
00	0A92	27	26
00	0A94	27	26
00	0A96	27	26
00	0A98	27	26
00	0A9B	27	26
00	0A9C	27	26
00	0A9F	27	26
00	0AA0	27	26
00	0AA1	27	26
00	0AA4	27	26
00	0AA5	27	26
00	0AA7	27	26
00	0AA8	27	26
00	0AA9	27	26
00	0AAA	27	26
00	0AAB	27	26
00	0AAE	27	26
00	0AB0	27	26
00	0AB1	27	26
00	0AB3	27	26
00	0AB5	27	26
00	0AB7	27	26
00	0AB8	27	26
00	0AB9	27	26
00	0ABA	27	26
00	0ABB	27	26
00	0ABD	27	26
00	0ABE	27	26
00	0ABF	27	26
00	0AC0	27	26
00	0AC1	27	26
00	0AC3	27	26
00	0AC4	27	26
00	0AC5	27	26
00	0AC6	27	26
00	0AC7	27	26
00	0AC8	27	26
00	0AC9	27	26
00	0ACA	27	26
00	0ACB	27	26
00	0ACC	27	26
00	0ACD	27	26
00	0ACE	27	26
00	0ACF	27	26
00	0AD0	27	26
00	0AD1	27	26
00	0AD2	27	26
00	0AD3	27	26
00	0AD4	27	26
00	0AD5	27	26
00	0AD6	27	26
00	0AD7	27	26
00	0AD8	27	26
00	0AD9	27	26
00	0ADA	27	26
00	0ADB	27	26
00	0ADC	27	26
00	0ADD	27	26
00	0ADE	27	26
00	0ADF	27	26
00	0AE0	27	26
00	0AE1	27	26
00	0AE4	27	26
00	0AE5	27	26
00	0AE6	27	26
00	0AE7	27	26
00	0AE8	97944	43
00	0AE9	97944	43
00	0AEA	97944	43
00	0AED	97944	43
00	0AEE	97944	43
00	0AEF	97944	43
00	0AF1	97944	43
00	0AF3	11741	43
00	0AF4	11741	43
00	0AF6	11182	43
00	0AF9	11182	43
00	0AFA	11182	43
00	0AFB	11182	43
00	0AFC	11182	43
00	0AFE	10639	43
00	0AFF	10639	43
00	0B00	10639	43
00	0B02	1809	62
00	0B03	1809	62
00	0B04	1809	62
00	0B05	1809	62
00	0B06	1809	62
00	0B07	1809	62
00	0B08	1809	62
00	0B0A	1265	62
00	0B0B	1265	62
00	0B0C	1265	62
00	0B0D	1265	62
00	0B0E	1265	62
00	0B0F	1265	62
00	0B10	1265	62
00	0B11	1265	62
00	0B13	688	122
00	0B14	688	122
00	0B17	688	122
00	0B18	688	122
00	0B1A	688	122
00	0B1C	1	1142
00	0B1D	1	1142
00	0B1E	1	1142
00	0B1F	1	1142
00	0B20	1	1142
00	0B21	1	1142
00	0B23	1264	62
00	0B24	1264	62
00	0B25	1264	62
00	0B26	1264	62
00	0B28	1264	62
00	0B29	1264	62
00	0B2A	1264	62
00	0B2B	1264	62
00	0B2C	1264	62
00	0B2D	1264	62
00	0B2E	1264	62
00	0B2F	1264	62
00	0B32	1264	62
00	0B33	1264	62
00	0B34	1264	62
00	0B35	1264	62
00	0B36	97944	43
00	0B37	97944	43
00	0B38	97944	43
00	0B3B	97944	43
00	0B3C	97944	43
00	0B3D	97944	43
00	0B3E	97944	43
00	0B3F	97944	43
00	0B40	97944	43
00	0B41	97944	43
00	0B43	97944	43
00	0B45	11743	43
00	0B48	11743	43
00	0B49	11743	43
00	0B4A	11743	43
00	0B4C	1195	3271
00	0B4D	1195	3271
00	0B4E	1195	3271
00	0B51	1195	3271
00	0B52	1195	3271
00	0B53	1195	3271
00	0B54	1195	3271
00	0B56	1195	3271
00	0B58	1195	3271
00	0B5A	1195	3271
00	0B5B	1195	3271
00	0B5C	1195	3271
00	0B5F	1195	3271
00	0B60	1195	3271
00	0B61	1195	3271
00	0B64	1195	3271
00	0B65	1195	3271
00	0B66	1195	3271
00	0B67	1195	3271
00	0B69	1195	3271
00	0B6B	1193	3271
00	0B6C	1193	3271
00	0B6E	1193	3271
00	0B71	97944	43
00	0B72	97944	43
00	0B73	97944	43
00	0B74	97944	43
00	0B75	97944	43
00	0B78	97944	43
00	0B79	97944	43
00	0B7A	97944	43
00	0B7C	97944	43
00	0B7D	97944	43
00	0B7F	97944	43
00	0B80	97944	43
00	0B81	97944	43
00	0B83	97944	43
00	0B84	97944	43
00	0B85	97944	43
00	0B87	97944	43
00	0B88	97944	43
00	0B89	97944	43
00	0B8A	97944	43
00	0B8B	97944	43
00	0B8C	97944	43
00	0B8D	97944	43
00	0B8F	97944	43
00	0B91	11741	43
00	0B92	11741	43
00	0B94	11741	43
00	0B95	11741	43
00	0B96	11741	43
00	0B97	11741	43
00	0B98	11741	43
00	0B99	11741	43
00	0B9A	11741	43
00	0B9B	11741	43
00	0B9C	11741	43
00	0B9D	81887	43
00	0B9E	81887	43
00	0B9F	81887	43
00	0BA0	81887	43
00	0BA1	81887	43
00	0BA2	81887	43
00	0BA3	81887	43
00	0BA4	81887	43
00	0BA5	81887	43
00	0BA6	81887	43
00	0BA7	81887	43
00	0BA8	81887	43
00	0BA9	81887	43
00	0BAA	81887	43
00	0BAC	81887	43
00	0BAD	81887	43
00	0BAF	81887	43
00	0BB0	81887	43
00	0BB1	81887	43
00	0BB2	81887	43
00	0BB3	81887	43
00	0BB4	81887	43
00	0BB5	81887	43
00	0BB6	81887	43
00	0BB7	81887	43
00	0BB8	81887	43
00	0BBA	11344	43
00	0BBB	86203	43
00	0BBC	86203	43
00	0BFC	35	1119
00	0BFF	35	1119
00	0C01	35	1119
00	0C02	280	1119
00	0C03	280	1119
00	0C05	9	1171
00	0C06	280	1119
00	0C08	280	1119
00	0C0A	280	1119
00	0C0B	280	1119
00	0C0D	35	1119
00	0D67	32	5862
00	0D68	32	5862
00	0D69	32	5862
00	0D6A	32	5862
00	0D6B	32	5862
00	0D6E	32	5862
00	0D70	512	5862
00	0D71	512	5862
00	0D73	512	5862
00	0D75	512	5862
00	0D76	512	5862
00	0D77	512	5862
00	0D78	512	5862
00	0D79	512	5862
00	0D7A	512	5862
00	0D7B	512	5862
00	0D7C	512	5862
00	0D7D	512	5862
00	0D7E	512	5862
00	0D7F	512	5862
00	0D80	512	5862
00	0D81	512	5862
00	0D83	512	5862
00	0D84	512	5862
00	0D87	512	5862
00	0D88	512	5862
00	0D89	512	5862
00	0D8B	32	5862
00	0D8C	32	5862
00	0D8D	32	5862
00	0D8E	32	5862
00	0D8F	32	5862
00	0D90	32	5862
00	0D91	32	5862
00	0E93	3098	3229
00	0E94	3098	3229
00	0E96	3098	3229
00	0E98	3098	3229
00	0E9A	1535	3229
00	0E9C	1535	3229
00	0E9D	1535	3229
00	0E9F	1535	3229
00	0EA1	1535	3229
00	0EA3	1535	3229
00	0EA6	1535	3229
00	0EA8	1535	3229
00	0EA9	1535	3229
00	0EAB	1535	3229
00	0EAD	1535	3229
00	0EAE	1535	3229
00	0EB0	1535	3229
00	0EB1	1535	3229
00	0EB2	1563	3229
00	0EB4	1563	3229
00	0EB5	1563	3229
00	0EB8	1563	3229
00	0EBA	1563	3229
00	0EBB	1563	3229
00	0EBD	1563	3229
00	0EBF	1563	3229
00	0EC1	1563	3229
00	0EC3	1563	3229
00	0EC6	1563	3229
00	0EC7	1563	3229
00	0EC9	279	3229
00	0ECC	1563	3229
00	0ECD	1563	3229
00	0ECF	1563	3229
00	0ED1	1563	3229
00	0ED2	1563	3229
00	14BF	57	5725
00	14C0	57	5725
00	14C1	57	5725
00	14C2	57	5725
00	14C3	57	5725
00	14C5	6	5725
00	151A	1	324
00	151B	1	324
00	151C	1	324
00	151E	16	324
00	151F	16	324
00	1521	15	324
00	1522	15	324
00	1523	15	324
00	1525	15	324
00	1526	15	324
00	1527	15	324
00	1528	15	324
00	152A	15	324
00	152B	15	324
00	152C	15	324
00	152E	1	324
00	152F	1	324
00	1530	1	324
00	1531	1	324
00	1532	1	324
00	1620	1995	326
00	1622	1995	326
00	1624	546	326
00	1626	546	326
00	1628	13	4644
00	162A	13	4644
00	162C	13	4644
00	162D	13	4644
00	162F	13	4644
00	1631	13	4644
00	1633	13	4644
00	1634	13	4644
00	1636	13	4644
00	1637	13	4644
00	1639	13	4644
00	163B	13	4644
00	163D	13	4644
00	163E	533	326
00	1640	533	326
00	1642	533	326
00	1643	533	326
00	1645	533	326
00	1647	533	326
00	164A	533	326
00	164C	533	326
00	164E	533	326
00	1651	533	326
00	1652	533	326
00	1655	533	326
00	1656	533	326
00	1658	533	326
00	165B	533	326
00	165D	533	326
00	165E	533	326
00	1660	533	326
00	1663	533	326
00	1665	533	326
00	1668	533	326
00	1669	1449	1138
00	166A	1449	1138
00	166C	1449	1138
00	166E	1449	1138
00	1670	1449	1138
00	1671	1449	1138
00	1673	1449	1138
00	1675	1449	1138
00	1678	1449	1138
00	1679	1449	1138
00	167B	1449	1138
00	167C	1449	1138
00	167E	1449	1138
00	1681	1449	1138
00	1683	1449	1138
00	16A2	68	2387
00	16A5	68	2387
00	16A7	68	2387
00	16AA	68	2387
00	16AB	68	2387
00	16AD	68	2387
00	16AE	68	2387
00	16AF	68	2387
00	16B2	68	2387
00	16B3	68	2387
00	16B4	68	2387
00	16B7	68	2387
00	16B8	68	2387
00	16BB	68	2387
00	16BC	68	2387
00	16BD	68	2387
00	16BF	68	2387
00	16C0	68	2387
00	16C3	68	2387
00	16C4	332629	1140
00	16C5	332629	1140
00	16C7	332629	1140
00	16C9	332629	1140
00	16CB	330318	1140
00	16CC	330318	1140
00	16CD	2311	1140
00	16D0	2311	1140
00	16D2	2311	1140
00	16D3	2311	1140
00	16D4	2312	1141
00	16D5	2312	1141
00	16D6	2312	1141
00	16D8	2312	1141
00	16D9	2312	1141
00	1711	1	17
00	1713	1	17
00	1715	1	17
00	1716	1	17
00	1718	1	17
00	171A	1	17
00	171C	1	17
00	171F	1	17
00	1722	1	22
00	1724	1	22
00	1725	1	22
00	1727	1	22
00	172A	1	22
00	172C	1	22
00	20A0	1	8
00	20A3	1	8
00	20A6	7847	0
00	20A9	7846	17
00	20AC	22	83
00	20AF	22	83
00	20B2	3	1142
00	20B5	3	1142
00	20C4	1	323
00	20C7	1	323
00	20E8	12	43
00	20EB	12	43
00	20EE	7885	8
00	20F0	7885	8
00	20F3	7885	8
00	20F5	7885	8
00	20F8	16656	8
00	20FA	16656	8
00	20FD	16656	8
00	20FF	33312	8
00	2101	33312	8
00	2104	33312	8
00	2105	33312	8
00	2107	33312	8
00	210A	33312	8
00	210B	7885	8
00	210E	7885	8
00	2111	7885	8
00	2114	7885	8
00	2116	38	43
00	2119	38	43
00	211B	38	43
00	211D	7884	17
00	211F	7884	17
00	2120	7884	17
00	2123	7884	17
00	2124	7884	17
00	2125	1	0
00	2126	1	0
00	2128	1	0
00	2129	7847	0
00	212C	7847	0
00	212E	7847	0
00	2130	1	0
00	2132	1	0
00	2141	7884	17
00	2144	7884	17
00	2146	7884	17
00	2148	7884	17
00	214B	7884	17
00	214D	7884	17
00	214E	7884	17
00	215E	3085	44
00	2161	3085	44
00	2164	3085	44
00	2167	3085	44
00	216A	3085	44
00	216B	3085	44
00	216C	3085	44
00	216F	5686	44
00	2172	5686	44
00	2175	5686	44
00	2178	5686	44
00	217B	5686	44
00	217C	5686	44
00	217D	5686	44
00	217E	5686	44
00	217F	5686	44
00	2180	5686	44
04	4000	1	8
04	4002	1	8
04	4005	1	8
04	4008	1	8
04	4009	1	8
04	400C	1	8
04	400D	1	8
04	4010	1	8
04	4012	1	8
04	4013	63	8
04	4014	63	8
04	4015	63	8
04	4017	1	8
04	4018	1	8
04	401B	1	8
04	401C	1	8
04	401F	1	8
04	4021	1	8
04	4024	1	8
04	4027	1	8
04	402A	1	8
04	402D	1	8
04	402F	1	8
04	4032	1	8
04	4035	1	8
04	4037	1	8
04	403A	1	8
04	403B	1	8
04	403D	1	8
04	4040	1	8
04	4043	8	8
04	4044	8	8
04	4045	8	8
04	4046	8	8
04	4048	1	8
04	4049	1	8
04	404B	1	8
04	404E	1	8
04	4051	4	8
04	4052	4	8
04	4053	4	8
04	4054	4	8
04	4056	1	8
04	4058	1	8
04	405A	1	8
04	405C	1	8
04	405E	1	8
04	4060	1	8
04	4062	1	8
04	4064	1	8
04	4066	1	8
04	4068	1	8
04	406A	1	8
04	406C	1	8
04	406E	1	8
04	4070	1	8
04	4072	1	8
04	4074	1	8
04	4076	1	8
04	4078	1	8
04	407A	1	8
04	407C	1	8
04	407F	1	8
04	4082	7846	17
04	4083	7846	17
04	4084	7846	17
04	4087	7846	17
04	408A	7846	17
04	408C	7846	17
04	408F	7846	17
04	4090	7846	17
04	4091	7846	17
04	4092	7846	17
04	4094	7846	17
04	4095	7846	17
04	4096	7846	17
04	4097	7846	17
04	4099	7846	17
04	409A	7846	17
04	409B	7846	17
04	409D	7846	17
04	40AC	7846	17
04	40AD	7846	17
04	40AE	7846	17
04	40B1	31384	17
04	40B4	31384	17
04	40B7	31384	17
04	40B9	7846	17
04	40BC	31384	17
04	40BF	31384	17
04	40C2	31384	17
04	40C4	7846	17
04	40C7	7846	17
04	40C8	7846	17
04	40CA	7846	17
04	40CB	7846	17
04	40CC	7846	17
04	40CE	7846	17
04	40D0	7846	17
04	40D3	7846	17
04	40D5	7846	17
04	40D8	7846	17
04	40D9	7846	17
04	40DA	7846	17
04	40DB	7846	17
04	40DD	7846	17
04	40DE	7846	17
04	40DF	7846	17
04	40E0	7846	17
04	40E2	7846	17
04	40E3	7846	17
04	40E4	7846	17
04	40E6	7846	17
04	40E8	524	503
04	40EB	2096	503
04	40EE	2096	503
04	40F1	2096	503
04	40F3	524	503
04	40F5	7637	17
04	40F6	7637	17
04	40F7	7637	17
04	40FA	30548	17
04	40FD	30548	17
04	4100	30548	17
04	4102	7637	17
04	4105	30548	17
04	4108	30548	17
04	410B	30548	17
04	410D	7637	17
04	4110	7637	17
04	4111	7637	17
04	4113	7637	17
04	4114	7637	17
04	4115	7637	17
04	4117	7637	17
04	4119	7846	17
04	411C	31384	17
04	411F	31384	17
04	4122	31384	17
04	4124	7846	17
04	4127	7846	17
04	4128	7846	17
04	412A	524	17
04	412C	7846	17
04	412D	7846	17
04	4130	7846	17
04	4132	7846	17
04	4135	7846	17
04	4138	62768	17
04	4139	62768	17
04	413B	62768	17
04	413C	62768	17
04	413D	62768	17
04	413F	62768	17
04	4140	62768	17
04	4141	62768	17
04	4143	7846	17
04	4144	7846	17
04	4147	7846	17
04	4148	7846	17
04	4149	7846	17
04	414C	7868	17
04	414F	7868	17
04	4151	7868	17
04	4153	8176	17
04	4156	8176	17
04	4158	8176	17
04	415F	16044	17
04	4162	16044	17
04	4163	16044	17
04	4164	16044	17
04	4165	16044	17
04	4166	16044	17
04	4167	64095	17
04	416A	64095	17
04	416B	64095	17
04	416C	48073	17
04	416D	48073	17
04	416F	48073	17
04	4170	48073	17
04	4171	48073	17
04	4173	48073	17
04	4174	48073	17
04	4175	48073	17
04	4176	48073	17
04	4177	590	84
04	417A	590	84
04	417C	590	84
04	417E	590	84
04	4180	307	44
04	4183	307	44
04	4185	307	44
04	4187	307	44
04	4189	486	84
04	418C	486	84
04	418E	486	84
04	4190	486	84
04	4192	748	502
04	4195	748	502
04	4197	748	502
04	4199	748	502
04	419B	23329	17
04	419E	23329	17
04	41A0	23329	17
04	41A2	25460	17
04	41A5	25460	17
04	41A6	25460	17
04	41A7	25460	17
04	41A8	25460	17
04	41A9	25460	17
04	41AA	25460	17
04	41AB	25460	17
04	41AC	93316	17
04	41AF	93316	17
04	41B0	93316	17
04	41B1	69987	17
04	41B2	69987	17
04	41B4	69987	17
04	41B5	69987	17
04	41B6	69987	17
04	41B8	69987	17
04	41B9	69987	17
04	41BA	69987	17
04	41BB	69987	17
04	41BD	69987	17
04	41BE	69987	17
04	41BF	69987	17
04	41C0	22	83
04	41C1	22	83
04	41C2	22	83
04	41C5	22	83
04	41C8	22	83
04	41CB	22	83
04	41CD	22	83
04	4219	22	83
04	421C	22	83
04	421E	22	83
04	4221	22	83
04	4222	22	83
04	4225	29	83
04	4228	29	83
04	4229	29	83
04	422C	29	83
04	422D	29	83
04	422F	29	83
04	4231	29	83
04	4234	29	83
04	4236	7	83
04	4239	7	83
04	423A	7	83
04	423D	7	83
04	423E	7	83
04	4241	7	83
04	4244	7	83
04	4246	7	83
04	4249	7	83
04	424C	7	83
04	4284	22	83
04	4287	14	43
04	4288	14	43
04	4289	14	43
04	428C	14	43
04	428D	14	43
04	4290	14	43
04	4291	14	43
04	4294	14	43
04	4295	14	43
04	4298	14	43
04	4299	14	43
04	429C	14	43
04	429F	14	43
04	42A2	50	43
04	42A5	50	43
04	42A7	36	501
04	42AA	36	501
04	42AE	6	43
04	42B1	6	43
04	42B2	6	43
04	42B5	6	43
04	42B6	6	43
04	42B7	6	43
04	42B8	20	43
04	42BB	20	43
04	42BD	14	43
04	42D6	12	43
04	42D9	12	43
04	42DA	12	43
04	42DC	1	5307
04	42DF	1	5307
04	42E0	1	5307
04	42E2	1	5307
04	42E5	1	5307
04	42E7	1	5307
04	42E9	1	5307
04	430A	36	43
04	430B	36	43
04	430E	36	43
04	4310	36	43
04	4311	36	43
04	4319	36	43
04	431B	36	43
04	431D	36	43
04	4320	36	43
04	4321	36	43
04	4322	36	43
04	4323	36	43
04	4324	36	43
04	4325	36	43
04	4328	36	43
04	4329	36	43
04	432A	36	43
04	432B	36	43
04	432C	36	43
04	432D	36	43
04	432E	36	43
04	4331	36	43
04	4332	36	43
04	4335	36	43
04	4336	36	43
04	4339	36	43
04	433A	36	43
04	433D	36	43
04	433E	36	43
04	4341	36	43
04	4342	36	43
04	4343	36	43
04	4344	36	43
04	4347	36	43
04	4348	36	43
04	434B	36	43
04	434C	79	43
04	434F	79	43
04	4350	79	43
04	4353	79	43
04	4354	79	43
04	4356	79	43
04	4357	79	43
04	4358	79	43
04	435B	79	43
04	435C	79	43
04	435F	79	43
04	4360	79	43
04	4363	79	43
04	4364	79	43
04	4367	79	43
04	4368	79	43
04	436B	79	43
04	436C	79	43
04	436F	79	43
04	4370	79	43
04	4373	79	43
04	4374	79	43
04	4377	79	43
04	4378	79	43
04	4379	43	83
04	437C	43	83
04	437E	43	83
04	437F	43	83
04	4380	43	83
04	4382	43	83
04	4383	43	83
04	4384	43	83
04	4385	43	83
04	4386	79	44
04	4388	79	44
04	4389	79	44
04	438A	79	44
04	438B	79	44
04	438C	79	44
04	438D	79	44
04	438E	79	44
04	438F	79	44
04	4390	79	44
04	4393	79	44
04	4394	79	44
04	4397	79	44
04	4398	79	44
04	439B	79	44
04	439C	79	44
04	439D	79	44
04	439E	79	44
04	43A1	79	44
04	43A2	79	44
04	43A3	79	44
04	43A4	79	44
04	43A5	79	44
04	43A6	79	44
04	43A7	79	44
04	43A8	79	44
04	43A9	79	44
04	43AB	79	44
04	43AC	79	44
04	43AD	79	44
04	43AE	79	44
04	43AF	79	44
04	43B0	79	44
04	43B1	79	44
04	43B2	79	44
04	43B4	79	44
04	43B5	79	44
04	43B7	79	44
04	43B8	79	44
04	43B9	79	44
04	43BA	79	44
04	43BB	79	44
04	43BC	79	44
04	43BE	79	44
04	43BF	79	44
04	43C0	79	44
04	43C1	79	44
04	43C2	79	44
04	43C3	79	44
04	43C4	79	44
04	43C6	79	44
04	43C7	79	44
04	43C8	79	44
04	43C9	79	44
04	43CA	79	44
04	43CB	79	44
04	43CC	79	44
04	43CD	79	44
04	43CE	79	44
04	43CF	79	44
04	43D0	79	44
04	43D1	79	44
04	43D2	79	44
04	43D3	79	44
04	43D4	79	44
04	43D5	79	44
04	43D6	79	44
04	43D7	79	44
04	43D8	79	44
04	43DA	79	44
04	43DB	79	44
04	4429	1	323
04	442C	1	323
04	4433	1	323
04	4435	1	323
04	4438	1	323
04	443B	4	323
04	443E	4	323
04	443F	4	323
04	4442	4	323
04	4443	4	323
04	4445	4	323
04	4448	4	323
04	444A	1	323
04	453A	7846	17
04	453D	7846	17
04	453E	7846	17
04	453F	7807	17
04	4542	7807	17
04	4543	7807	17
04	455A	2096	503
04	455D	2096	503
04	455E	2096	503
04	4561	2096	503
04	4562	2096	503
04	4563	2096	503
04	4565	2096	503
04	4566	1808	503
04	4569	1808	503
04	456C	61932	17
04	456F	61932	17
04	4570	61932	17
04	4573	61932	17
04	4574	61932	17
04	4575	61932	17
04	4577	61932	17
04	4578	25969	44
04	457A	25969	44
04	457C	79	44
04	457D	79	44
04	4580	79	44
04	4581	79	44
04	4582	25969	44
04	4585	25969	44
04	4586	25969	44
04	4587	25969	44
04	4588	25969	44
04	458A	23589	85
04	458B	23589	85
04	458C	23589	85
04	458E	2380	44
04	458F	2380	44
04	4590	2380	44
04	4591	2380	44
04	4592	2380	44
04	4593	2380	44
04	4594	2380	44
04	4597	2380	44
04	4598	2380	44
04	459B	5546	44
04	459E	5546	44
04	459F	5546	44
04	45A2	5546	44
04	45A3	5546	44
04	45A6	5546	44
04	45A7	5546	44
04	45AA	5546	44
04	45AC	5546	44
04	45AE	596	510
04	45AF	596	510
04	45B2	596	510
04	45B3	596	510
04	45B4	596	510
04	45B6	4950	44
04	45B7	4950	44
04	45BA	4950	44
04	45BB	4950	44
04	45BD	4950	44
04	45BF	2324	44
04	45C0	5546	44
04	45C2	5546	44
04	45C5	3415	44
04	45C7	3415	44
04	45CA	1074	44
04	45CD	1074	44
04	45CF	1074	44
04	45D0	1074	44
04	45D1	1074	44
04	45D3	1074	44
04	45D4	1074	44
04	45D5	1074	44
04	45D6	1074	44
04	45D7	1074	44
04	45D8	1074	44
04	45D9	1074	44
04	45DA	1074	44
04	45DB	39	44
04	45DE	39	44
04	45DF	39	44
04	45E2	39	44
04	45E3	39	44
04	45E4	39	44
04	45E5	39	44
04	45E6	25930	84
04	45E9	25930	84
04	45EA	25930	84
04	45EB	25930	84
04	45EC	25930	84
04	45EE	2100	517
04	45EF	2100	517
04	45F2	2100	517
04	45F3	2100	517
04	45F5	2100	517
04	45F7	23830	84
04	45FA	23830	84
04	45FB	23830	84
04	45FC	23830	84
04	45FD	25930	84
04	45FE	25930	84
04	4600	25930	84
04	4602	11917	89
04	4603	25930	84
04	4606	25930	84
04	4609	25930	84
04	460A	25930	84
04	460B	25930	84
04	460C	25930	84
04	460E	4085	502
04	460F	4085	502
04	4612	4085	502
04	4613	4085	502
04	4614	4085	502
04	4615	4085	502
04	4618	4085	502
04	4619	4085	502
04	461A	4085	502
04	461B	4085	502
04	461C	4085	502
04	461D	4085	502
04	461F	4085	502
04	4623	21845	84
04	4626	21845	84
04	4627	21845	84
04	4628	21845	84
04	462A	21845	84
04	462E	4085	502
04	462F	4085	502
04	4631	4085	502
04	4632	4085	502
04	4633	4085	502
04	4635	4085	502
04	4636	4085	502
04	4638	4085	502
04	4639	4085	502
04	463B	4085	502
04	463C	4085	502
04	463E	4085	502
04	463F	4085	502
04	4640	25930	84
04	4641	25930	84
04	4642	25930	84
04	4644	2005	502
04	4647	2005	502
04	4649	2005	502
04	464C	2005	502
04	464D	25930	84
04	464E	25930	84
04	464F	25930	84
04	4650	25930	84
04	4652	439	502
04	4655	439	502
04	4657	439	502
04	465A	439	502
04	465B	25930	84
04	465D	25930	84
04	4660	25930	84
04	4661	25930	84
04	4664	25930	84
04	4665	25930	84
04	4668	27738	84
04	466A	27738	84
04	466C	2249	502
04	466F	2249	502
04	4670	2249	502
04	4671	2249	502
04	4673	2249	502
04	4675	2249	502
04	4676	2249	502
04	4677	2249	502
04	467A	2249	502
04	467B	2249	502
04	467C	2249	502
04	467D	2249	502
04	467E	2249	502
04	467F	2249	502
04	4680	2249	502
04	4681	2249	502
04	4684	2249	502
04	4685	2249	502
04	4686	2249	502
04	4687	2249	502
04	4688	2249	502
04	4689	2249	502
04	468A	2249	502
04	468B	2249	502
04	468E	2249	502
04	468F	2249	502
04	4690	2249	502
04	4692	2249	502
04	4694	2249	502
04	4695	2249	502
04	4696	2249	502
04	4697	2249	502
04	4698	2249	502
04	4699	2249	502
04	469A	2249	502
04	469D	2249	502
04	469E	2249	502
04	469F	2249	502
04	46A0	2249	502
04	46A1	2249	502
04	46A4	2249	502
04	46A5	2249	502
04	46A8	27738	84
04	46AA	27738	84
04	46BF	27738	84
04	46C1	27738	84
04	46C3	77	84
04	46C6	77	84
04	46C7	77	84
04	46C8	77	84
04	46C9	77	84
04	46CA	77	84
04	46CD	77	84
04	46CF	77	84
04	46D1	77	84
04	46D3	77	84
04	46D5	77	84
04	46D7	77	84
04	46D8	77	84
04	46D9	77	84
04	46DA	77	84
04	46DD	77	84
04	46DE	77	84
04	46DF	77	84
04	46E2	77	84
04	46E3	77	84
04	46E6	27738	84
04	46E7	27738	84
04	4756	2341	84
04	4758	2341	84
04	475B	2341	84
04	475D	2341	84
04	475E	2341	84
04	4760	2341	84
04	4762	2341	84
04	4763	2341	84
04	4764	2341	84
04	4765	2341	84
04	4768	2341	84
04	4769	2341	84
04	476C	2341	84
04	476D	2341	84
04	476E	2341	84
04	476F	2341	84
04	4770	2341	84
04	4771	2341	84
04	4772	2341	84
04	4773	2341	84
04	4774	2341	84
04	4777	37	1503
04	477A	37	1503
04	477B	37	1503
04	477E	37	1503
04	477F	37	1503
04	4782	37	1503
04	4783	37	1503
04	4784	37	1503
04	4786	37	1503
04	4789	37	1503
04	478A	37	1503
04	478B	37	1503
04	478C	37	1503
04	478D	37	1503
04	478F	37	1503
04	4790	37	1503
04	4793	37	1503
04	4794	37	1503
04	4795	37	1503
04	4796	37	1503
04	4797	37	1503
04	4798	37	1503
04	4799	37	1503
04	479A	37	1503
04	479B	61	1503
04	479E	61	1503
04	479F	61	1503
04	47A0	61	1503
04	47A3	64	1323
04	47A6	64	1323
04	47A7	64	1323
04	47AA	64	1323
04	47AB	64	1323
04	47AE	64	1323
04	47AF	64	1323
04	47B0	64	1323
04	47B1	64	1323
04	47B4	29	1593
04	47B5	29	1593
04	47B6	29	1593
04	47B7	29	1593
04	47B8	29	1593
04	47BA	29	1593
04	47BB	29	1593
04	47BE	29	1593
04	47BF	29	1593
04	47C0	29	1593
04	47C1	29	1593
04	47C2	29	1593
04	47E3	42	44
04	47E6	42	44
04	47E8	42	44
04	47EB	42	44
04	47ED	22	84
04	47F0	42	44
04	47F3	42	44
04	47F4	42	44
04	47F5	42	44
04	47F8	42	44
04	47FB	42	44
04	47FC	42	44
04	47FD	42	44
04	47FE	42	44
04	47FF	42	44
04	4800	42	44
04	4803	42	44
04	4804	42	44
04	4806	42	44
04	480C	42	44
04	480E	42	44
04	480F	42	44
04	4811	42	44
04	4812	42	44
04	4813	42	44
04	4816	42	44
04	4817	42	44
04	4818	42	44
04	483A	79	44
04	483D	79	44
04	484E	425	44
04	4851	425	44
04	4852	425	44
04	4854	425	44
04	4856	407	44
04	4859	407	44
04	485C	407	44
04	485E	407	44
04	485F	407	44
04	4862	407	44
04	4864	407	44
04	4865	407	44
04	4866	407	44
04	4867	407	44
04	4868	407	44
04	4869	407	44
04	486A	407	44
04	486B	407	44
04	486C	407	44
04	486D	407	44
04	486E	407	44
04	486F	407	44
04	4870	407	44
04	4871	407	44
04	4872	407	44
04	4873	407	44
04	4876	407	44
04	4878	407	44
04	487B	407	44
04	487E	18	502
04	4881	18	502
04	4883	18	502
04	4886	18	502
04	4889	1155	44
04	488A	1155	44
04	488C	1155	44
04	488D	1155	44
04	488E	1155	44
04	488F	1155	44
04	4890	1155	44
04	4891	1155	44
04	4894	1155	44
04	4895	1155	44
04	4896	242	532
04	4899	242	532
04	489A	242	532
04	489D	242	532
04	489E	242	532
04	48A1	242	532
04	48A2	242	532
04	48A5	242	532
04	48A6	242	532
04	48A7	242	532
04	48A9	242	532
04	48AA	242	532
04	48AB	242	532
04	48AC	242	532
04	48AD	252	532
04	48AE	252	532
04	48B0	252	532
04	48B2	148	533
04	48B5	148	533
04	48B6	148	533
04	48B7	148	533
04	48B9	104	532
04	48BA	104	532
04	48BB	104	532
04	48BC	104	532
04	48BF	104	532
04	48C0	104	532
04	48C1	104	532
04	48C2	104	532
04	48C3	104	532
04	48C4	104	532
04	48C5	104	532
04	48C6	252	532
04	48C7	252	532
04	48C8	252	532
04	48C9	252	532
04	48CA	252	532
04	48CD	252	532
04	48CF	252	532
04	48D2	252	532
04	48D5	10	1095
04	48D8	10	1095
04	48D9	10	1095
04	48DC	10	1095
04	48DD	10	1095
04	48E0	10	1095
04	48E1	10	1095
04	48E4	10	1095
04	48E5	10	1095
04	48E6	10	1095
04	48E7	10	1095
04	48E8	10	1095
04	48E9	10	1095
04	48EA	10	1095
04	48EC	11	502
04	48EF	11	502
04	48F0	11	502
04	48F3	11	502
04	48F4	11	502
04	48F7	11	502
04	48F8	11	502
04	48FB	11	502
04	48FC	11	502
04	48FD	11	502
04	48FF	11	502
04	4905	11	502
04	4925	11	502
04	4928	11	502
04	492A	79	44
04	492D	79	44
04	492F	79	44
04	4932	79	44
04	4935	79	44
04	4938	79	44
04	4939	79	44
04	493C	79	44
04	493D	79	44
04	493E	79	44
04	4941	79	44
04	4942	79	44
04	4943	79	44
04	4944	79	44
04	4970	11	502
04	4973	101	44
04	4976	101	44
04	4977	101	44
04	497A	101	44
04	497B	101	44
04	497C	101	44
04	497F	101	44
04	4980	101	44
04	4981	101	44
04	4A2B	2131	44
04	4A2D	2131	44
04	4A2F	2131	44
04	4A30	2131	44
04	4A32	2131	44
04	4A34	2131	44
04	4A35	2131	44
04	4A36	2131	44
04	4A39	2131	44
04	4A3A	2131	44
04	4A3D	2131	44
04	4A3E	2131	44
04	4A3F	2131	44
04	4A42	2131	44
04	4A43	2131	44
04	4A44	2131	44
04	4A46	2131	44
04	4A49	2131	44
04	4A4B	3085	44
04	4A4C	3085	44
04	4A4F	3085	44
04	4A50	5216	44
04	4A52	5216	44
04	4A54	3085	44
04	4A56	3085	44
04	4A58	1246	44
04	4A5A	1246	44
04	4A69	1839	44
04	4A6B	1839	44
04	4A6D	1839	44
04	4A6F	1839	44
04	4A70	1839	44
04	4A71	1839	44
04	4A73	1246	44
04	4A75	1246	44
04	4A77	1246	44
04	4A79	1246	44
04	4A7A	1246	44
04	4A7B	1246	44
04	4A7C	1246	44
04	4A7E	1246	44
04	4A7F	1246	44
04	4A81	2131	44
04	4A82	2131	44
04	4A83	2131	44
04	4A84	2131	44
04	4A87	2131	44
04	4A88	2131	44
04	4A89	2131	44
04	4A8C	2131	44
04	4A8F	2131	44
04	4A92	2131	44
04	4A93	2131	44
04	4A94	2131	44
04	4A95	2131	44
04	4A98	2131	44
04	4A99	2131	44
04	4A9C	2131	44
04	4A9E	2131	44
04	4AA0	748	502
04	4AA1	748	502
04	4AA2	748	502
04	4AA3	748	502
04	4AA6	748	502
04	4AA8	748	502
04	4AAB	748	502
04	4AAC	748	502
04	4AAD	748	502
04	4AAE	748	502
04	4AAF	748	502
04	4AB0	748	502
04	4AB1	748	502
04	4AB2	748	502
04	4AB3	748	502
04	4AB4	748	502
04	4AB5	748	502
04	4AB6	748	502
04	4AB7	748	502
04	4AB8	748	502
04	4AB9	748	502
04	4ABA	748	502
04	4ABD	748	502
04	4ABE	2131	44
04	4ABF	2131	44
04	4AC1	2131	44
04	4AC3	897	44
04	4AC5	897	44
04	4AC7	590	84
04	4ACA	590	84
04	4ACC	307	44
04	4ACF	307	44
04	4AD1	1234	84
04	4AD3	1234	84
04	4AD5	486	84
04	4AD8	486	84
04	4ADA	748	502
04	4ADD	2131	44
04	4AE0	2131	44
04	4AE3	2131	44
04	4AE5	2131	44
04	4AE7	134	84
04	4AE9	2131	44
04	4AEC	2131	44
04	4AED	2131	44
04	4AF0	2131	44
04	4AF1	2131	44
04	4AF4	2131	44
04	4AF5	2131	44
04	4AF8	2131	44
04	4AF9	2131	44
04	4AFA	2131	44
04	4AFD	2131	44
04	4AFE	2131	44
04	4B01	2131	44
04	4B02	2131	44
04	4B05	2131	44
04	4B06	2131	44
04	4B07	2131	44
04	4B08	2131	44
04	4B0A	646	517
04	4B0C	646	517
04	4B0E	597	517
04	4B10	49	1729
04	4B11	49	1729
04	4B12	49	1729
04	4B14	49	1729
04	4B16	44	1729
04	4B17	44	1729
04	4B18	44	1729
04	4B1A	2097	44
04	4B1D	2097	44
04	4B20	2097	44
04	4B21	2097	44
04	4B24	2097	44
04	4B25	2097	44
04	4B28	2097	44
04	4B29	2097	44
04	4B2C	2097	44
04	4B2D	2097	44
04	4B2F	2097	44
04	4B30	2097	44
04	4B33	2097	44
04	4B34	2097	44
04	4B37	2097	44
04	4B38	2097	44
04	4B3B	2097	44
04	4B3C	2097	44
04	4B3D	2097	44
04	4B3E	2097	44
04	4B3F	2097	44
04	4B40	2097	44
04	4B42	2097	44
04	4B43	2097	44
04	4B44	2097	44
04	4B46	2097	44
04	4B47	2097	44
04	4B48	2097	44
04	4B49	2097	44
04	4B4A	2097	44
04	4B4B	2097	44
04	4B4C	2097	44
04	4B4D	2097	44
04	4B4E	2097	44
04	4B4F	2097	44
04	4B50	2097	44
04	4B51	2097	44
04	4B52	2097	44
04	4B53	2097	44
04	4B54	2097	44
04	4B55	2097	44
04	4B56	2097	44
04	4B57	2097	44
04	4B58	2097	44
04	4B59	2097	44
04	4B5A	2097	44
04	4B5B	2097	44
04	4B5C	2097	44
04	4B5D	2097	44
04	4B5E	2097	44
04	4B61	2097	44
04	4B62	2131	44
04	4B63	2131	44
04	4BC9	31384	17
04	4BCC	31384	17
04	4BCD	31384	17
04	4BD0	31384	17
04	4BD1	31384	17
04	4BD3	31384	17
04	4BD4	14142	85
04	4BD5	14142	85
04	4BD6	14142	85
04	4BD8	14142	85
04	4BD9	414	85
04	4BDB	30548	17
04	4BDE	30548	17
04	4BDF	30548	17
04	4BE2	30548	17
04	4BE3	30548	17
04	4BE5	30548	17
04	4BE6	13887	84
04	4BE7	13887	84
04	4BE8	13887	84
04	4BEA	13887	84
04	4BEB	13845	85
04	4BEC	13845	85
04	4BED	13845	85
04	4BEE	13845	85
04	4BEF	13845	85
04	4BF0	13845	85
04	4BF1	13845	85
04	4BF2	13845	85
04	4BF4	13845	85
04	4BF6	13830	85
04	4BF7	13830	85
04	4BF8	13830	85
04	4BF9	13830	85
04	4BFA	13773	85
04	4BFB	13773	85
04	4BFC	2041	87
04	4BFF	2041	87
04	4C00	2041	87
04	4C01	2041	87
04	4C03	2041	87
04	4C05	2041	87
04	4C07	2041	87
04	4C09	2041	87
04	4C0A	2041	87
04	4C0B	15	1788
04	4C0E	15	1788
04	4C0F	54	44
04	4C10	54	44
04	4C11	54	44
04	4C14	31384	17
04	4C17	31384	17
04	4C18	31384	17
04	4C1B	31384	17
04	4C1C	31384	17
04	4C1D	31384	17
04	4C1F	31384	17
04	4C20	15612	44
04	4C21	15612	44
04	4C22	15612	44
04	4C25	15612	44
04	4C26	15612	44
04	4C27	15612	44
04	4C2A	15612	44
04	4C2B	15612	44
04	4C2C	15612	44
04	4C2F	15612	44
04	4C30	15612	44
04	4C31	15612	44
04	4C33	15612	44
04	4C35	39	44
04	4C36	39	44
04	4C38	15573	84
04	4C3B	15573	84
04	4C3D	15573	84
04	4C3F	12067	85
04	4C42	12067	85
04	4C43	12067	85
04	4C46	12067	85
04	4C47	12067	85
04	4C49	820	513
04	4C4A	12067	85
04	4C4B	12067	85
04	4C4C	12067	85
04	4C4E	12067	85
04	4C50	12067	85
04	4C52	12067	85
04	4C54	12067	85
04	4C5F	3506	84
04	4C60	3506	84
04	4C62	3506	84
04	4C64	3506	84
04	4C66	2095	84
04	4C67	2095	84
04	4C6A	2095	84
04	4C6B	2095	84
04	4C6E	2095	84
04	4C70	2095	84
04	4C73	2095	84
04	4C76	2095	84
04	4C79	2095	84
04	4C7A	2095	84
04	4C7B	2095	84
04	4C7E	2095	84
04	4C7F	2095	84
04	4C81	2095	84
04	4C82	2095	84
04	4C83	2095	84
04	4C85	2095	84
04	4C8F	1411	87
04	4C92	1411	87
04	4C93	1411	87
04	4C94	1411	87
04	4C97	1411	87
04	4C98	1411	87
04	4C99	1411	87
04	4C9B	1411	87
04	4C9E	1411	87
04	4C9F	1411	87
04	4CA0	1411	87
04	4CA1	1411	87
04	4CA2	1411	87
04	4CA4	1411	87
04	4CD3	2095	84
04	4CD6	2095	84
04	4CD7	2095	84
04	4CD8	2095	84
04	4CDB	2095	84
04	4CDC	2095	84
04	4CDD	2095	84
04	4CDE	2095	84
04	4CE1	2095	84
04	4CE2	2095	84
04	4CE4	2095	84
04	4CE7	2095	84
04	4CE8	2095	84
04	4CEB	2095	84
04	4CEC	2095	84
04	4CED	2095	84
04	4CEE	2095	84
04	4CEF	2095	84
04	4CF0	2095	84
04	4CF2	2095	84
04	4CF4	262	84
04	4CF7	262	84
04	4CF9	262	84
04	4CFA	262	84
04	4CFB	2095	84
04	4CFC	2095	84
04	4CFD	2095	84
04	4CFE	2095	84
04	4CFF	2095	84
04	4D02	12067	85
04	4D05	12067	85
04	4D07	12067	85
04	4D0A	12067	85
04	4D0D	12067	85
04	4D0E	12067	85
04	4D0F	12067	85
04	4D11	12067	85
04	4D13	7950	85
04	4D14	7950	85
04	4D15	7950	85
04	4D17	6784	85
04	4D18	6784	85
04	4D19	6784	85
04	4D1A	6784	85
04	4D1C	6784	85
04	4D1E	6784	85
04	4D21	6784	85
04	4D22	7950	85
04	4D23	7950	85
04	4D24	7950	85
04	4D25	7950	85
04	4D27	7950	85
04	4D28	7950	85
04	4D2A	669	507
04	4D2D	669	507
04	4D2F	653	507
04	4D30	653	507
04	4D31	653	507
04	4D32	653	507
04	4D34	4117	85
04	4D35	4117	85
04	4D36	4117	85
04	4D37	4117	85
04	4D39	4117	85
04	4D54	1427	87
04	4D55	1427	87
04	4D58	1427	87
04	4D59	1427	87
04	4D5C	1427	87
04	4D5D	1427	87
04	4D60	1427	87
04	4D61	1427	87
04	4D62	1427	87
04	4D65	1427	87
04	4D66	1427	87
04	4D67	1427	87
04	4D68	1427	87
04	4D69	1427	87
04	4D6A	1427	87
04	4D6B	1427	87
04	4D6C	1427	87
04	4D6E	1427	87
04	4D6F	1427	87
04	4D70	1427	87
04	4D90	1427	87
04	4D93	1427	87
04	4D94	1427	87
04	4D97	1427	87
04	4D98	1427	87
04	4D99	1427	87
04	4D9A	1427	87
04	4D9D	7281	85
04	4DA0	7281	85
04	4DA2	7281	85
04	4DA4	5868	85
04	4DA7	5868	85
04	4DA9	5868	85
04	4DAC	5868	85
04	4DAE	2748	84
04	4DB1	2748	84
04	4DB3	2748	84
04	4DB6	14146	84
04	4DB9	14146	84
04	4DBB	14146	84
04	4DBD	2638	84
04	4DC0	2638	84
04	4DC3	14146	84
04	4DC5	14146	84
04	4DC7	2095	84
04	4DCA	2095	84
04	4DCD	14146	84
04	4DCF	14146	84
04	4DD0	3045	84
04	4DD3	931	84
04	4DD6	931	84
04	4DD7	931	84
04	4DD8	931	84
04	4DDB	931	84
04	4DDC	931	84
04	4DDE	931	84
04	4DDF	2095	84
04	4DE0	2095	84
04	4DE3	2095	84
04	4DE4	2095	84
04	4DE5	2095	84
04	4DE8	2095	84
04	4DE9	2095	84
04	4DEC	2095	84
04	4DED	2095	84
04	4DF0	2095	84
04	4DF1	2095	84
04	4DF2	2095	84
04	4DF5	2095	84
04	4DF7	2095	84
04	4DF9	2095	84
04	4DFA	2095	84
04	4DFD	2095	84
04	4DFE	2095	84
04	4DFF	2095	84
04	4E02	2095	84
04	4E03	2095	84
04	4E04	2095	84
04	4E05	2095	84
04	4E08	2095	84
04	4E09	2095	84
04	4E0A	2095	84
04	4E0D	2095	84
04	4E0E	2095	84
04	4E0F	2095	84
04	4E12	2095	84
04	4E14	2095	84
04	4E15	2095	84
04	4E18	2095	84
04	4E19	2095	84
04	4E1C	2095	84
04	4E1D	2095	84
04	4E20	2095	84
04	4E21	2095	84
04	4E22	2095	84
04	4E25	2095	84
04	4E27	2095	84
04	4E29	2095	84
04	4E2A	2095	84
04	4E2D	2095	84
04	4E2E	2095	84
04	4E2F	2095	84
04	4E32	2095	84
04	4E33	2095	84
04	4E34	6784	85
04	4E35	6784	85
04	4E38	6784	85
04	4E3A	6784	85
04	4E3B	6784	85
04	4E3C	1498	520
04	4E3D	1498	520
04	4E3F	1498	520
04	4E41	314	523
04	4E44	314	523
04	4E46	314	523
04	4E49	1498	520
04	4E4A	1498	520
04	4E4B	2095	84
04	4E4E	2095	84
04	4E4F	2095	84
04	4E52	2095	84
04	4E53	2095	84
04	4E56	2095	84
04	4E57	2095	84
04	4E5A	2095	84
04	4E5B	2095	84
04	4E5D	2095	84
04	4E5F	1231	84
04	4E61	748	502
04	4E62	748	502
04	4E63	748	502
04	4E64	748	502
04	4E65	748	502
04	4E67	748	502
04	4E68	748	502
04	4E69	748	502
04	4E6A	748	502
04	4E6C	748	502
04	4E6D	748	502
04	4E6E	748	502
04	4E6F	748	502
04	4E70	748	502
04	4E78	748	502
04	4E7A	748	502
04	4E7C	748	502
04	4E7D	864	84
04	4E7E	864	84
04	4E7F	864	84
04	4E80	864	84
04	4E82	864	84
04	4E83	864	84
04	4E84	864	84
04	4E85	864	84
04	4E8F	864	84
04	4E90	864	84
04	4E91	864	84
04	4E92	864	84
04	4E93	864	84
04	4E94	864	84
04	4E95	864	84
04	4E96	864	84
04	4E97	864	84
04	4E98	864	84
04	4E99	864	84
04	4E9A	864	84
04	4E9B	483	84
04	4E9C	483	84
04	4E9E	483	84
04	4E9F	483	84
04	4EA0	483	84
04	4EA1	483	84
04	4EA9	483	84
04	4EAB	483	84
04	4EAE	483	84
04	4EAF	483	84
04	4EB0	236	84
04	4EB1	236	84
04	4EB4	236	84
04	4EB5	236	84
04	4EB7	236	84
04	4EB8	236	84
04	4EB9	236	84
04	4EBA	236	84
04	4EBB	236	84
04	4EBE	236	84
04	4EBF	236	84
04	4EC1	236	84
04	4EC3	3776	84
04	4EC4	3776	84
04	4EC5	3776	84
04	4EC6	3776	84
04	4EC7	3776	84
04	4EC9	236	84
04	4ECA	2638	84
04	4ECD	2638	84
04	4ECE	2638	84
04	4ED1	2638	84
04	4ED2	2638	84
04	4ED5	2638	84
04	4ED6	2638	84
04	4ED7	2638	84
04	4ED8	2638	84
04	4ED9	2638	84
04	4EDC	2638	84
04	4EDD	2638	84
04	4EE0	2638	84
04	4EE1	2638	84
04	4EE4	2638	84
04	4EE5	2638	84
04	4EE6	2638	84
04	4EE7	2638	84
04	4EE8	2638	84
04	4EEB	2638	84
04	4EED	2638	84
04	4EEF	1315	84
04	4EF1	512	84
04	4EF2	512	84
04	4EF4	512	84
04	4EF5	1835	84
04	4EF6	1835	84
04	4EF7	1835	84
04	4EFA	1835	84
04	4EFB	1835	84
04	4EFE	1835	84
04	4F01	1835	84
04	4F02	1835	84
04	4F03	1835	84
04	4F05	1835	84
04	4F06	1835	84
04	4F09	1835	84
04	4F0A	1835	84
04	4F0B	1835	84
04	4F0C	1835	84
04	4F0D	1835	84
04	4F0E	1835	84
04	4F0F	1835	84
04	4F11	1835	84
04	4F17	1835	84
04	4F18	1835	84
04	4F19	1835	84
04	4F1A	1835	84
04	4F1D	1835	84
04	4F1E	1835	84
04	4F1F	1835	84
04	4F20	1835	84
04	4F22	1835	84
04	4F23	1835	84
04	4F24	1835	84
04	4F25	1835	84
04	4F28	1835	84
04	4F29	1835	84
04	4F2B	1835	84
04	4F2C	1835	84
04	4F2D	803	502
04	4F2E	803	502
04	4F2F	803	502
04	4F30	803	502
04	4F32	803	502
04	4F33	803	502
04	4F34	803	502
04	4F36	803	502
04	4F37	803	502
04	4F38	803	502
04	4F3A	803	502
04	4F3C	434	502
04	4F3E	434	502
04	4F3F	434	502
04	4F40	434	502
04	4F41	434	502
04	4F43	434	502
04	4F44	803	502
04	4F45	803	502
04	4F47	803	502
04	4F48	803	502
04	4F49	803	502
04	4F4A	803	502
04	4F4B	803	502
04	4F4D	803	502
04	4F4E	803	502
04	4F4F	2095	84
04	4F52	2095	84
04	4F53	2095	84
04	4F56	2095	84
04	4F57	2095	84
04	4F5A	2095	84
04	4F5B	2095	84
04	4F5E	2095	84
04	4F60	2095	84
04	4F62	1529	84
04	4F64	1231	84
04	4F66	1231	84
04	4F68	748	502
04	4F6B	748	502
04	4F6D	566	84
04	4F70	566	84
04	4F72	298	502
04	4F75	298	502
04	4F77	483	84
04	4F7A	2095	84
04	4F7C	2095	84
04	4F7E	2095	84
04	4F80	2095	84
04	4F90	2095	84
04	4F92	2095	84
04	4F93	2095	84
04	4F94	2095	84
04	4F95	2095	84
04	4F96	2095	84
04	4F97	3045	84
04	4F9A	3045	84
04	4F9B	3045	84
04	4F9E	3045	84
04	4F9F	3045	84
04	4FA2	3045	84
04	4FA3	3045	84
04	4FA4	3045	84
04	4FA5	3045	84
04	4FA8	3045	84
04	4FA9	3045	84
04	4FAB	3045	84
04	4FAD	1842	84
04	4FAF	916	502
04	4FB0	916	502
04	4FB1	916	502
04	4FB3	916	502
04	4FB5	916	502
04	4FB7	916	502
04	4FB8	1203	84
04	4FB9	1203	84
04	4FBA	1203	84
04	4FBB	1203	84
04	4FBC	1203	84
04	4FBD	1203	84
04	4FBE	1203	84
04	4FBF	1203	84
04	4FC0	926	84
04	4FC1	926	84
04	4FC3	926	84
04	4FC5	926	84
04	4FC6	926	84
04	4FC7	926	84
04	4FC9	926	84
04	4FCA	926	84
04	4FCB	483	84
04	4FCD	483	84
04	4FCF	483	84
04	4FD0	483	84
04	4FD1	483	84
04	4FD3	483	84
04	4FD4	3578	44
04	4FD7	3578	44
04	4FD8	3578	44
04	4FDA	3578	44
04	4FDC	2802	44
04	4FDE	2802	44
04	4FDF	2802	44
04	4FE0	2802	44
04	4FE1	2802	44
04	4FE3	2802	44
04	4FE4	2802	44
04	4FE5	776	84
04	4FE7	776	84
04	4FE9	776	84
04	4FEA	1835	84
04	4FEC	1835	84
04	4FEF	1835	84
04	4FF1	1835	84
04	4FF5	1835	84
04	4FF7	1835	84
04	4FF8	1835	84
04	4FF9	1835	84
04	4FFA	1835	84
04	4FFC	1835	84
04	4FFD	1835	84
04	5000	1835	84
04	5001	1835	84
04	5002	1835	84
04	5003	1835	84
04	5004	1835	84
04	5005	1835	84
04	5006	1835	84
04	5007	6214	44
04	5008	6214	44
04	500A	6214	44
04	500B	6214	44
04	500C	6214	44
04	500E	3122	504
04	500F	6214	44
04	5010	6214	44
04	5012	1149	44
04	5013	6214	44
04	5014	6214	44
04	5016	1351	502
04	5017	6214	44
04	5018	6214	44
04	501A	1869	502
04	501B	6214	44
04	501C	6214	44
04	501E	1943	44
04	501F	6214	44
04	5020	6214	44
04	5022	2087	84
04	5023	6214	44
04	5024	6214	44
04	5026	1921	44
04	5027	6214	44
04	5028	6214	44
04	5029	1800	84
04	502A	1800	84
04	502B	6362	84
04	502C	6362	84
04	502E	6362	84
04	5030	6362	84
04	5031	6362	84
04	5032	6362	84
04	5034	6362	84
04	5035	6362	84
04	5037	4549	84
04	5038	6362	84
04	5039	6362	84
04	503B	5682	84
04	503C	6362	84
04	503D	6362	84
04	503F	5409	84
04	5040	6362	84
04	5041	6362	84
04	5042	5035	84
04	5043	5035	84
0E	4000	1	327
0E	4003	1	327
0E	4005	1	327
0E	4007	1	327
0E	400D	1	327
0E	4010	1	327
0E	4011	1	327
0E	4013	1	327
0E	4014	1	327
0E	4017	1	327
0E	401E	1	327
0E	4021	1	1112
0E	4024	1	1112
0E	4027	1	1112
0E	4028	1	1112
0E	402A	1	1112
0E	402C	1	1112
0E	402D	1	1112
0E	402F	1	1112
0E	4031	1	1112
0E	4033	1	1112
0E	4034	1	1112
0E	4036	1	1112
0E	4038	1	1112
0E	403A	1	1112
0E	403D	1	1112
0E	403F	1	1112
0E	4041	1	1112
0E	4044	1	1112
0E	4045	1	1112
0E	4046	1	1112
0E	4048	1	1112
0E	4049	1	1112
0E	404B	1	1112
0E	404E	1	1112
0E	4050	1	1112
0E	4052	1	1112
0E	4053	1	1112
0E	4055	1	1112
0E	4058	1	1112
0E	405A	1	1112
0E	405D	1	1112
0E	405E	1	1112
0E	405F	693	327
0E	4065	693	327
0E	4068	693	363
0E	406E	693	363
0E	4071	693	364
0E	4074	693	364
0E	4076	693	364
0E	4078	1	1111
0E	407B	1	1112
0E	407E	1	1112
0E	407F	1	1112
0E	4081	1	1112
0E	4082	1	1112
0E	4083	693	327
0E	4086	693	327
0E	4089	693	327
0E	408A	693	327
0E	408B	693	327
0E	408C	693	327
0E	408E	693	327
0E	408F	693	327
0E	4090	693	327
0E	4091	693	327
0E	4092	693	327
0E	4093	693	327
0E	40A2	1	327
0E	40A5	1	331
0E	40AB	1	363
0E	40AD	1	363
0E	40AE	1	363
0E	40B0	1	363
0E	40B2	1	363
0E	40B5	1	363
0E	40B8	1	363
0E	40B9	1	363
0E	40BB	1	363
0E	40BC	1	363
0E	40BF	1	363
0E	40C2	1	363
0E	40C5	1	363
0E	40C6	1	363
0E	40C9	1	363
0E	40CA	97	364
0E	40CD	97	364
0E	40CE	97	364
0E	40D1	97	364
0E	40D2	97	364
0E	40D3	97	364
0E	40D4	97	364
0E	40D7	97	364
0E	40D8	97	364
0E	40D9	97	364
0E	40DB	97	364
0E	40DC	97	364
0E	40DD	97	364
0E	40DF	97	364
0E	40E0	97	364
0E	40E1	97	364
0E	40E4	97	364
0E	40E5	97	364
0E	40E8	97	364
0E	40EA	97	364
0E	40EC	97	364
0E	40EE	96	364
0E	40F0	96	364
0E	40F2	96	364
0E	40F4	1	460
0E	40FA	1	475
0E	40FD	1	475
0E	40FF	1	475
0E	4102	1	475
0E	410B	97	364
0E	411A	1	476
0E	411D	1	476
0E	411F	1	476
0E	4121	1	476
0E	4122	1	476
0E	4124	1	476
0E	4126	1	476
0E	4128	1	476
0E	4129	1	476
0E	412B	1	476
0E	412D	1	476
0E	412F	1	476
0E	4132	1	476
0E	4134	1	476
0E	4136	1	476
0E	4139	1	476
0E	413A	1	476
0E	413B	1	476
0E	413D	1	476
0E	413E	1	476
0E	4140	1	476
0E	4143	1	476
0E	4145	1	476
0E	4147	1	476
0E	4148	1	476
0E	414A	1	476
0E	414D	1	476
0E	414F	1	476
0E	4150	1	476
0E	4153	1	476
0E	4156	1	485
0E	415C	1	501
0E	415E	1	501
0E	415F	1	501
0E	4161	1	501
0E	4163	1	501
0E	4166	1	501
0E	4169	1	501
0E	416A	1	501
0E	416C	1	501
0E	416D	1	501
0E	4170	1	501
0E	4173	1	501
0E	4176	1	501
0E	4177	1	501
0E	417A	1	501
0E	417B	593	502
0E	417E	593	502
0E	417F	593	502
0E	4181	593	502
0E	4184	593	502
0E	4185	593	502
0E	4188	593	502
0E	4189	593	502
0E	418A	593	502
0E	418B	593	502
0E	418E	593	502
0E	418F	593	502
0E	4190	593	502
0E	4194	593	502
0E	4196	593	502
0E	4197	593	502
0E	4198	593	502
0E	419B	593	502
0E	419C	593	502
0E	419F	593	502
0E	41A1	593	502
0E	41A3	593	502
0E	41A5	592	502
0E	41A7	592	502
0E	41A9	592	502
0E	41AB	592	502
0E	41AD	592	502
0E	41AF	592	502
0E	41B1	592	502
0E	41E6	1	1094
0E	41E8	1	1094
0E	41E9	1	1094
0E	41EB	1	1094
0E	41ED	1	1094
0E	41F0	1	1094
0E	41F3	1	1094
0E	41F4	1	1094
0E	41F6	1	1094
0E	41F9	1	1094
0E	41FA	1	1094
0E	41FD	593	502
0E	41FE	1	1095
0E	4204	1	1110
0E	4206	1	1110
0E	4209	1	1110
0E	4215	1	476
0E	4218	1	477
0E	421B	1	477
0E	421C	1	477
0E	421E	1	477
0E	421F	1	477
0E	4225	1	477
0E	4228	1	477
0E	422B	1	477
0E	422D	1	477
0E	422F	1	477
0E	4231	1	477
0E	4237	1	478
0E	423A	1	478
0E	423D	1	478
0E	423F	1	478
0E	4241	1	478
0E	4243	1	478
0E	4249	1	479
0E	424C	1	479
0E	424F	1	479
0E	4251	1	479
0E	4253	1	479
0E	4255	1	479
0E	425B	1	480
0E	425E	1	480
0E	4261	1	480
0E	4263	1	480
0E	4265	1	480
0E	4267	1	480
0E	426D	1	481
0E	4270	1	481
0E	4273	1	481
0E	4275	1	481
0E	4277	1	481
0E	4279	1	481
0E	427F	1	482
0E	4282	1	482
0E	4285	1	482
0E	4287	1	482
0E	4289	1	482
0E	428B	1	482
0E	4291	1	483
0E	4294	1	483
0E	4297	1	483
0E	4299	1	483
0E	429B	1	483
0E	429D	1	483
0E	42A3	1	484
0E	42A6	1	484
0E	42A9	1	484
0E	42AC	1	484
0E	42AE	1	484
0E	42B4	1	484
0E	42B7	1	484
0E	42BA	1	484
0E	42BD	1	484
0E	42BF	1	484
0E	42C5	1	484
0E	42C8	1	484
0E	42CB	1	484
0E	42CE	1	484
0E	42D0	1	484
0E	42D6	1	484
0E	42D9	1	484
0E	42DB	1	484
0E	42DE	1	485
0E	42E1	1	485
0E	42E4	1	485
0E	42E6	1	485
0E	42E8	1	485
0E	42EE	1	485
0E	42F1	1	485
0E	42F4	1	485
0E	42F7	1	485
0E	42F9	1	485
0E	42FB	1	485
0E	4301	1	485
0E	4304	1	485
0E	4307	1	485
0E	430A	1	485
0E	4310	1	485
0E	4311	1	484
0E	4314	1	484
0E	4317	1	484
0E	431A	1	484
0E	431D	1	484
0E	431E	1	484
0E	431F	1	484
0E	4320	1	484
0E	4322	1	484
0E	4323	1	484
0E	4324	1	484
0E	4325	1	484
0E	4326	1	484
0E	4327	1	484
0E	4329	1	484
0E	432F	1	484
0E	4334	1	485
0E	4337	1	485
0E	433A	1	485
0E	433B	1	485
0E	433C	1	485
0E	433D	1	485
0E	433F	1	485
0E	4340	1	485
0E	4341	1	485
0E	4342	1	485
0E	4343	1	485
0E	4344	1	485
0E	4347	1	485
0E	434A	1	485
0E	434F	1	327
0E	4352	1	328
0E	4355	1	328
0E	4356	1	328
0E	4358	1	328
0E	4359	1	328
0E	435F	1	328
0E	4362	1	328
0E	4365	1	328
0E	4367	1	328
0E	4369	1	328
0E	436B	1	328
0E	4371	1	329
0E	4374	1	329
0E	4377	1	329
0E	4379	1	329
0E	437B	1	329
0E	437D	1	329
0E	4383	1	330
0E	4386	1	330
0E	4389	1	330
0E	438C	1	330
0E	438E	1	330
0E	4394	1	330
0E	4397	1	330
0E	439A	1	330
0E	439D	1	330
0E	439F	1	330
0E	43A5	1	330
0E	43A7	1	330
0E	43AA	1	331
0E	43B0	1	331
1C	4000	1	17
1C	4006	1	327
1C	4007	1	327
1C	400D	1	1112
1C	401D	1	1112
1D	4000	2	2377
1D	4003	2	2378
1D	4004	2	2378
1D	4007	2	2378
1D	400A	2	2378
1D	400D	2	2378
1D	4013	2	2378
1D	4016	2	2379
1D	4018	2	2379
1D	401B	2	2379
1D	401E	2	2379
1D	401F	2	2379
1D	4021	1	2379
1D	4023	2	2379
1D	4026	2	2379
1D	4028	2	2379
1D	402B	2	2379
1D	402D	2	2379
1D	402F	2	2379
1D	4031	2	2379
1D	4032	2	2379
1D	4034	2	2379
1D	4036	2	2379
1D	4038	2	2379
1D	403A	2	2379
1D	403C	2	2379
1D	403E	2	2379
1D	4044	2	2379
1D	4047	2	2379
1D	404A	2	2379
1D	404C	2	2379
1D	404E	2	2379
1D	4050	2	2379
1D	4056	2	2380
1D	4059	2	2380
1D	405C	2	2380
1D	405E	2	2380
1D	4060	2	2380
1D	4062	2	2380
1D	4068	2	2381
1D	406B	2	2381
1D	406E	2	2381
1D	4070	2	2381
1D	4072	2	2381
1D	4074	2	2381
1D	407A	2	2382
1D	407D	2	2382
1D	4080	2	2382
1D	4082	2	2382
1D	4084	2	2382
1D	4086	2	2382
1D	408C	2	2383
1D	408F	2	2383
1D	4092	2	2383
1D	4094	2	2383
1D	4096	2	2383
1D	4098	2	2383
1D	409E	2	2384
1D	40A1	2	2384
1D	40A4	2	2384
1D	40A6	2	2384
1D	40A8	2	2384
1D	40AA	2	2384
1D	40B0	2	2385
1D	40B3	2	2385
1D	40B6	2	2385
1D	40B9	2	2385
1D	40BB	2	2385
1D	40C1	2	2385
1D	40C4	2	2385
1D	40C7	2	2385
1D	40CA	2	2385
1D	40CC	2	2385
1D	40D2	2	2385
1D	40D5	2	2385
1D	40D8	2	2385
1D	40DA	2	2385
1D	40DC	2	2385
1D	40E2	2	2385
1D	40E5	2	2385
1D	40E8	2	2385
1D	40EB	2	2385
1D	40EE	2	2385
1D	40F1	2	2385
1D	40F4	2	2385
1D	40F6	2	2385
1D	40FC	2	2385
1D	40FE	2	2385
1D	4101	2	2385
1D	4104	2	2385
1D	4107	2	2385
1D	410D	2	2385
1D	4110	2	2386
1D	4112	2	2386
1D	4114	2	2386
1D	4115	2	2386
1D	4117	2	2386
1D	4119	2	2386
1D	411B	2	2386
1D	411D	2	2386
1D	411E	2	2386
1D	4121	2	2386
1D	4124	2	2386
1D	4127	2	2386
1D	412A	2	2386
1D	412D	2	2386
1D	412F	2	2386
1D	4131	2	2386
1D	4133	2	2386
1D	4139	2	2387
1D	413B	2	2387
1D	413C	2	2387
1D	413E	2	2387
1D	4140	2	2387
1D	4142	2	2387
1D	4144	2	2387
1D	4147	2	2387
1D	414A	2	2387
1D	414C	2	2387
1D	414F	2	2387
1D	4152	2	2387
1D	4154	2	2387
1D	4157	2	2388
1D	415D	2	2388
1D	4163	2	2404
1D	4166	2	2404
1D	4167	2	2404
1D	4169	2	2404
1D	416C	2	2404
1D	416D	2	2404
1D	4170	2	2404
1D	4172	2	2404
1D	4178	2	2409
1D	417A	2	2409
1D	417B	2	2409
1D	417D	2	2409
1D	417F	2	2409
1D	4182	2	2409
1D	4185	2	2409
1D	4186	2	2409
1D	4188	1573	2409
1D	418E	1573	2409
1D	4191	1572	2409
1D	4197	1572	2409
1D	419D	1572	2409
1D	41AA	1571	2409
1D	41B0	1571	2409
1D	41B2	1571	2409
1D	41B4	1571	2409
1D	41B7	1571	2409
1D	41BA	1571	2410
1D	41BD	1	3196
1D	41BF	1	3196
1D	41C0	1	3196
1D	41C2	1	3196
1D	41C4	1	3196
1D	41C7	1	3196
1D	41CA	1	3196
1D	41CB	1	3196
1D	41CD	1	3196
1D	41D3	1	3225
1D	41D9	1	3227
1D	41DC	1	3227
1D	41DD	1	3227
1D	41DF	1	3227
1D	41E2	1	3227
1D	41E8	1	3227
1D	41EB	1	3227
1D	4229	5	2996
1D	422B	5	2996
1D	422D	5	2996
1D	422F	5	2996
1D	4256	5	2996
1D	4259	5	2996
1D	425C	5	2996
1D	425D	5	2996
1D	425F	5	2996
1D	4263	5	2996
1D	4266	5	2996
1D	4269	5	2996
1D	426C	5	2996
1D	4272	5	2996
1D	4274	5	2996
1D	4277	5	2997
1D	427A	5	2997
1D	427C	5	2997
1D	427D	5	2997
1D	427F	5	2997
1D	4281	5	2997
1D	4284	5	2997
1D	4287	5	2997
1D	4288	5	2997
1D	428A	5	2997
1D	428D	5	2997
1D	428E	5	2997
1D	4290	5	2997
1D	4293	5	2997
1D	4294	5	2997
1D	4297	5	2997
1D	4299	5	2997
1D	429F	5	3001
1D	42A0	1	2997
1D	42A2	1	2997
1D	42A5	1	2997
1D	42A8	1	2997
1D	42A9	1	2997
1D	42AB	1	2997
1D	42AF	7	2387
1D	42B2	7	2387
1D	42B3	7	2387
1D	42B5	7	2387
1D	42B8	7	2387
1D	42BA	7	2387
1D	42BB	7	2387
1D	42BD	7	2387
1D	42BF	7	2387
1D	42C0	7	2387
1D	42C1	7	2387
1D	42C4	7	2387
1D	42C5	7	2387
1D	42C7	7	2387
1D	42C8	7	2387
1D	42C9	7	2387
1D	42CA	7	2387
1D	42CC	7	2387
1D	42CD	7	2387
1D	42D0	7	2387
1D	42D1	7	2387
1D	42D2	7	2387
1D	42D3	7	2387
1D	42D4	7	2387
1D	42D5	7	2387
1D	42D6	7	2387
1D	42D9	7	2387
1D	42DA	7	2387
1D	42DB	7	2387
1D	42DC	7	2387
1D	42DD	7	2387
1D	42DF	7	2387
1D	42E0	7	2387
1D	42E1	7	2387
1D	42E4	7	2387
1D	42E5	7	2387
1D	42E6	7	2387
1D	42E7	7	2387
1D	42E9	7	2387
1D	42EA	7	2387
1D	42EC	7	2387
1D	42ED	7	2387
1D	42F0	7	2387
1D	42F1	7	2387
1D	42F3	7	2387
1D	42F6	7	2387
1D	42F8	7	2387
1D	42FA	7	2387
1D	42FD	7	2387
1D	42FE	3	2387
1D	4300	3	2387
1D	4303	3	2387
1D	4306	3	2387
1D	4307	3	2387
1D	4309	3	2387
1D	4325	7	2387
1D	4328	7	2387
1D	4329	7	2387
1D	432B	7	2387
1D	432E	7	2387
1D	4330	7	2387
1D	4331	7	2387
1D	4333	7	2387
1D	4335	7	2387
1D	4336	7	2387
1D	4337	7	2387
1D	433A	7	2387
1D	433B	7	2387
1D	433D	7	2387
1D	433E	7	2387
1D	433F	7	2387
1D	4340	7	2387
1D	4342	7	2387
1D	4343	7	2387
1D	4346	7	2387
1D	4347	7	2387
1D	4348	7	2387
1D	4349	7	2387
1D	434A	7	2387
1D	434B	7	2387
1D	434C	7	2387
1D	434F	7	2387
1D	4350	7	2387
1D	4351	7	2387
1D	4352	7	2387
1D	4353	7	2387
1D	4355	7	2387
1D	4356	7	2387
1D	4357	7	2387
1D	435A	7	2387
1D	435B	7	2387
1D	435C	7	2387
1D	435D	7	2387
1D	435F	7	2387
1D	4360	7	2387
1D	4362	7	2387
1D	4363	7	2387
1D	4366	7	2387
1D	4367	7	2387
1D	4369	7	2387
1D	436C	7	2387
1D	436E	7	2387
1D	4370	7	2387
1D	4373	7	2387
1D	4374	1	2996
1D	4376	1	2996
1D	4379	1	2996
1D	437C	1	2996
1D	437D	1	2996
1D	437F	1	2996
1D	439B	1576	2409
1D	439E	1576	2409
1D	439F	1576	2409
1D	43A0	53	2409
1D	43A2	53	2409
1D	43A5	53	2409
1D	43A7	53	2409
1D	43AA	53	2409
1D	43AC	26	2439
1D	43AE	26	2439
1D	43B1	26	2439
1D	43B3	26	2439
1D	43B6	26	2439
1D	43B9	26	2439
1D	43BC	26	2439
1D	43BF	26	2439
1D	43C1	26	2439
1D	43C7	26	2439
1D	43CD	26	2439
1D	43CF	26	2439
1D	43D2	26	2440
1D	43D3	27	2409
1D	43D5	27	2409
1D	43D8	27	2409
1D	43DA	27	2409
1D	43DD	27	2409
1D	43E0	27	2409
1D	43E3	27	2409
1D	43E6	27	2409
1D	43E8	27	2409
1D	43EE	27	2409
1D	43F4	27	2409
1D	43F6	27	2409
1D	43F9	27	2410
1F	4000	1	1112
1F	4003	1	1112
1F	4004	1	1112
1F	4007	1	1112
1F	400A	1	1112
1F	400D	1	1112
1F	4013	1	1112
1F	4015	1	1112
1F	4018	1	1112
1F	401B	1	1112
1F	401C	1	1112
1F	401E	1	1112
1F	4020	1	1112
1F	4023	1	1112
1F	4025	1	1112
1F	4028	1	1112
1F	402B	1	1112
1F	402D	1	1112
1F	4030	1	1112
1F	4032	1	1112
1F	4035	1	1112
1F	4037	1	1112
1F	4039	1	1112
1F	403B	1	1112
1F	403C	1	1112
1F	403E	1	1112
1F	4040	1	1112
1F	4042	1	1112
1F	4044	1	1112
1F	4046	1	1112
1F	4048	1	1112
1F	404E	1	1112
1F	4051	1	1112
1F	4054	1	1112
1F	4056	1	1112
1F	4058	1	1112
1F	405A	1	1112
1F	4060	1	1113
1F	4063	1	1113
1F	4066	1	1113
1F	4068	1	1113
1F	406A	1	1113
1F	406C	1	1113
1F	4072	1	1114
1F	4075	1	1114
1F	4078	1	1114
1F	407A	1	1114
1F	407C	1	1114
1F	407E	1	1114
1F	4084	1	1115
1F	4087	1	1115
1F	408A	1	1115
1F	408C	1	1115
1F	408E	1	1115
1F	4090	1	1115
1F	4096	1	1116
1F	4099	1	1116
1F	409C	1	1116
1F	409E	1	1116
1F	40A0	1	1116
1F	40A2	1	1116
1F	40A8	1	1117
1F	40AB	1	1117
1F	40AE	1	1117
1F	40B0	1	1117
1F	40B2	1	1117
1F	40B4	1	1117
1F	40BA	1	1118
1F	40BD	1	1118
1F	40C0	1	1118
1F	40C2	1	1118
1F	40C4	1	1118
1F	40C6	1	1118
1F	40CC	1	1119
1F	40CF	1	1119
1F	40D2	1	1119
1F	40D5	1	1119
1F	40D7	1	1119
1F	40DD	1	1119
1F	40E0	1	1119
1F	40E3	1	1119
1F	40E6	1	1119
1F	40E8	1	1119
1F	40EE	1	1119
1F	40F1	1	1119
1F	40F4	1	1119
1F	40F6	1	1119
1F	40F8	1	1119
1F	40FE	1	1119
1F	4101	1	1119
1F	4104	1	1119
1F	4107	1	1119
1F	4109	1	1119
1F	410F	1	1119
1F	4112	1	1119
1F	4115	1	1119
1F	4117	1	1119
1F	4119	1	1119
1F	411F	1	1119
1F	4122	1	1119
1F	4125	1	1119
1F	4128	1	1119
1F	412B	1	1119
1F	412E	1	1119
1F	4130	1	1119
1F	4132	1	1119
1F	4138	1	1119
1F	413B	1	1119
1F	413E	1	1119
1F	4141	1	1119
1F	4142	1	1119
1F	4145	1	1119
1F	4148	1	1119
1F	414B	1	1119
1F	414E	1	1119
1F	4151	1	1119
1F	4154	1	1119
1F	4157	1	1120
1F	4159	1	1120
1F	415C	1	1120
1F	415F	1	1120
1F	4162	1	1120
1F	4168	1	1120
1F	416A	1	1120
1F	416C	1	1120
1F	416D	1	1120
1F	416F	1	1120
1F	4171	1	1120
1F	4173	1	1120
1F	4175	1	1120
1F	4176	1	1120
1F	4179	1	1120
1F	417C	1	1120
1F	417F	1	1120
1F	4182	1	1120
1F	4185	1	1120
1F	4187	1	1120
1F	4189	1	1120
1F	418B	1	1120
1F	4191	1	1121
1F	4193	1	1121
1F	4194	1	1121
1F	4196	1	1121
1F	4198	1	1121
1F	419A	1	1121
1F	419C	1	1121
1F	419F	1	1122
1F	41A5	1	1122
1F	41A7	1	1122
1F	41A9	1	1122
1F	41AB	1	1122
1F	41B1	1	1138
1F	41B4	1	1138
1F	41B5	1	1138
1F	41B6	1	1138
1F	41B9	1	1138
1F	41BB	1	1138
1F	41C1	1	1142
1F	41C3	1	1142
1F	41C4	1	1142
1F	41C6	1	1142
1F	41C8	1	1142
1F	41CB	1	1142
1F	41CE	1	1142
1F	41CF	1	1142
1F	41D1	561	1142
1F	41D7	561	1142
1F	41DA	561	1142
1F	41E0	561	1142
1F	41E6	561	1142
1F	41F3	560	1142
1F	41F9	560	1142
1F	41FC	560	1142
1F	41FE	560	1142
1F	4200	560	1142
1F	4203	560	1142
1F	4206	560	1142
1F	4209	560	1142
1F	420A	560	1142
1F	420D	560	1142
1F	4210	560	1142
1F	4211	560	1142
1F	4214	560	1142
1F	4217	1	1728
1F	421A	1	1728
1F	421B	1	1728
1F	421D	1	1728
1F	421F	1	1728
1F	4220	1	1728
1F	4222	1	1728
1F	4224	1	1728
1F	4227	1	1728
1F	422A	1	1728
1F	422B	1	1728
1F	422D	1	1728
1F	4233	1	1760
1F	4239	1	1762
1F	423B	1	1762
1F	423D	1	1762
1F	423F	1	1762
1F	4242	1	1762
1F	4243	1	1762
1F	4245	1	1762
1F	4248	1	1762
1F	424E	1	1762
1F	4251	1	1762
1F	43F7	1	1119
1F	43FA	1	1119
1F	43FC	1	1119
1F	43FE	1	1119
1F	4401	1	1119
1F	4404	1	1119
1F	4406	1	1119
1F	4408	1	1119
1F	440E	1	1119
1F	4411	1	1119
1F	4414	1	1119
1F	4417	1	1119
1F	441A	1	1119
1F	441B	1	1119
1F	441D	1	1119
1F	444F	1	1119
1F	4452	1	1119
1F	4455	1	1119
1F	4457	1	1119
1F	4459	1	1119
1F	445F	1	1119
1F	4462	1	1119
1F	4465	1	1119
1F	4468	1	1119
1F	446A	1	1119
1F	446B	1	1119
1F	446E	1	1119
1F	4470	1	1119
1F	4471	1	1119
1F	4474	1	1119
1F	4477	1	1119
1F	447A	1	1119
1F	44C0	1	1119
1F	44C1	1	1119
1F	44C4	1	1119
1F	44C7	1	1119
1F	44C8	1	1119
1F	44CB	1	1119
1F	44D1	1	1119
1F	44D4	1	1120
1F	44D5	561	1119
1F	44D8	561	1119
1F	44D9	561	1119
1F	44DA	561	1119
1F	44DD	561	1119
1F	44DE	561	1119
1F	44DF	19	1119
1F	44E1	19	1119
1F	44E4	19	1119
1F	44E5	19	1119
1F	44E7	19	1119
1F	4503	19	1119
1F	4506	19	1119
1F	4509	19	1119
1F	450C	19	1119
1F	450F	19	1119
1F	4510	19	1119
1F	4513	19	1119
1F	4515	19	1119
1F	4518	19	1119
1F	451E	19	1119
1F	4520	19	1119
1F	4523	19	1120
1F	4526	19	1120
1F	4527	19	1120
1F	452A	19	1120
1F	452C	19	1120
1F	452D	9	1172
1F	452E	9	1172
1F	4531	9	1172
1F	4561	560	1142
1F	4564	560	1142
1F	4565	560	1142
22	4EF0	1	324
22	4EF2	1	324
22	4EF4	1	324
22	4EF6	1	324
22	4EF7	1	324
22	4EF9	1	324
22	4EFB	1	324
22	4EFD	1	324
22	4F00	1	324
22	4F02	1	324
22	4F04	1	324
22	4F07	1	324
22	4F0A	1	324
22	4F0D	4094	324
22	4F0E	4094	324
22	4F0F	4094	324
22	4F10	4094	324
22	4F12	9	325
22	4F13	4094	324
22	4F14	4094	324
22	4F15	4094	324
22	4F16	4094	324
22	4F18	1	326
22	4F19	1	326
22	4F1A	1	326
22	4F1B	1	326
22	4F1C	1	326
22	4F1D	1	326
22	4F1E	1	326
22	4F20	1	326
22	4F23	1	326
22	4F46	1	326
22	4F47	1	326
22	4F48	1	326
22	4F4A	1	326
22	4F4B	1	326
22	4F4C	1	326
22	4F4E	1	326
22	4F4F	1	326
22	4FF6	1	324
22	4FF7	1	324
22	4FF8	1	324
22	4FF9	1	324
22	4FFB	1	324
22	4FFE	1	326
22	5001	1	326
22	5002	1	326
22	5017	1	326
22	5019	1	326
22	501A	1	326
22	501B	1	326
22	501C	1	326
23	4000	1	3227
23	4003	1	3228
23	4004	1	3228
23	4006	1	3228
23	4007	1	3228
23	4009	1	3228
23	400B	1	3228
23	400D	1	3228
23	400F	1	3228
23	4012	1	3228
23	4014	1	3228
23	4017	1	3228
23	4018	1	3228
23	401A	1	3228
23	401C	1	3228
23	401D	1	3228
23	4023	1	3228
23	4026	1	3229
23	4028	1	3229
23	402B	1	3263
23	402E	1	3263
23	402F	1	3263
23	4031	1	3263
23	4032	1	3263
23	4034	1	3263
23	4036	1	3263
23	4038	1	3263
23	4039	1	3263
23	403C	1	3263
23	403D	1	3263
23	403F	1	3263
23	4041	1	3263
23	4042	1	3263
23	4043	1	3263
23	4044	1	3263
23	404A	1	4470
23	404B	1	4470
23	404D	1	4470
23	404E	1	4470
23	4050	1	4470
23	4052	1	4470
23	4054	1	4470
23	4056	1	4470
23	4059	1	4470
23	405A	1	4470
23	405C	1	4470
23	405E	1	4470
23	405F	1	4470
23	4061	1	4470
23	4062	1	4470
23	4076	158	4470
23	4077	158	4470
23	407D	158	4470
23	4080	158	4471
23	4086	158	4471
23	4087	158	4471
23	4089	158	4471
23	408B	158	4471
23	408D	1	4628
23	408E	1	4628
23	408F	1	4628
23	4091	1	4628
23	4092	1	4628
23	4094	1	4628
23	4096	1	4628
23	4099	1	4628
23	409C	1	4628
23	409D	1	4628
23	409F	1	4628
23	40A0	1	4628
23	40A1	1	4628
23	40A2	1	4628
23	40AB	1	4628
23	40EA	157	4471
23	40EC	157	4471
23	40EE	157	4471
23	4116	157	4471
23	4118	157	4471
23	411A	157	4471
23	413A	157	4471
23	413C	157	4471
23	413E	157	4471
23	415E	157	4471
23	41DC	1	3229
23	41DD	1	3229
23	41E3	1	3229
23	41E9	1	3229
23	41EF	1	3231
23	41F2	1	3231
23	41F5	1	3231
23	41F8	1	3231
23	41FB	1	3231
23	41FD	1	3231
23	4203	1	3231
23	4206	1	3232
23	4209	1	3232
23	420C	1	3232
23	420F	1	3232
23	4211	1	3232
23	4217	1	3232
23	421A	1	3233
23	421D	1	3233
23	4220	1	3233
23	4222	1	3233
23	4224	1	3233
23	4226	1	3233
23	422C	1	3233
23	422F	1	3234
23	4232	1	3234
23	4235	1	3234
23	4237	1	3234
23	4239	1	3234
23	423B	1	3234
23	4241	1	3235
23	4244	1	3235
23	4247	1	3235
23	424A	1	3235
23	424C	1	3235
23	424E	1	3235
23	4250	1	3235
23	4256	1	3236
23	4259	1	3237
23	425C	1	3237
23	425F	1	3237
23	4261	1	3237
23	4263	1	3237
23	4265	1	3237
23	426B	1	3237
23	426E	1	3238
23	4271	1	3238
23	4274	1	3238
23	4277	1	3238
23	4279	1	3238
23	427F	1	3238
23	4282	1	3239
23	4284	1	3239
23	4287	1	3240
23	428A	1	3241
23	428C	1	3241
23	428E	1	3241
23	4290	1	3241
23	4293	1	3241
23	4296	3840	3241
23	4297	3840	3241
23	4298	3840	3241
23	4299	3840	3241
23	429A	3840	3241
23	429B	3840	3241
23	429D	1	3242
23	429E	1	3242
23	429F	1	3242
23	42A0	1	3242
23	42A2	1	3242
23	42A4	1	3242
23	42A7	1	3246
23	42AA	1	3246
23	42AD	1	3246
23	42AF	1	3246
23	42B1	1	3246
23	42B7	1	3246
23	42BA	1	3246
23	42BD	1	3246
23	42C0	1	3246
23	42F4	1	3246
23	42F7	1	3246
23	42FD	1	3246
23	4300	1	3247
23	4306	1	3263
23	4307	1	3263
23	4309	1	3263
23	430A	1	3263
23	430C	1	3263
23	430E	1	3263
23	4310	1	3263
23	4312	1	3263
23	4315	1	3263
23	4317	1	3263
23	431A	1	3263
23	431B	1	3263
23	431D	1	3263
23	431F	1	3263
23	4320	1	3263
23	4326	1	3263
23	4327	1	3263
23	4328	1	3263
23	432A	1	3263
23	432B	1	3263
23	432D	1	3263
23	432F	1	3263
23	4332	1	3263
23	4335	1	3263
23	4336	1	3263
23	4338	1	3263
23	4339	1	3263
23	433A	1	3263
23	433B	1	3263
23	43C4	1	3242
23	43C7	1	3242
23	43C9	1	3242
23	43CB	1	3242
23	43CD	1	3242
23	43CF	1	3242
23	43D2	1	3242
23	43D5	1	3242
23	43DB	1	3244
23	43DE	1	3246
23	478E	1	3244
23	4790	1	3244
23	4791	1	3244
23	4793	1	3244
23	4795	1	3244
23	4797	1	3244
23	4798	1	3244
23	479A	1	3244
23	479D	1	3244
23	47A0	1	3244
23	47A2	1	3244
23	47A8	1	3245
23	47AB	1	3245
23	47AE	1	3245
23	47B0	1	3245
23	47B6	1	3246
23	47B7	1	3246
23	47B9	1	3246
23	47BB	1	3246
23	4B51	1	4628
23	4B52	1	4628
23	4B55	1	4628
23	4B56	1	4628
23	4B59	1	4628
23	4B5F	1	4628
23	4B62	1	4629
23	4B68	1	4644
23	4B6A	1	4644
23	4B6C	1	4644
23	4B6E	1	4644
23	4B71	1	4644
23	4B74	1	4644
23	4B76	7	4644
23	4B77	7	4644
23	4B78	7	4644
23	4B79	7	4644
23	4B7A	7	4644
23	4B7C	1	4644
23	4B7E	1	4644
23	4B81	1	4644
23	4B87	1	5397
23	4B88	1	5397
23	4B89	1	5397
23	4B8B	1	5397
23	4B8D	1	5397
23	4B8F	1	5397
23	4B92	1	5397
23	4B93	1	5397
23	4B94	1	5397
23	4B96	1	5397
23	4B97	1	5397
23	4B98	1	5397
23	4B99	1	5397
23	4B9A	1	5397
23	4B9B	1	5397
23	4B9C	1	5397
23	4B9D	1	5397
23	4B9E	1	5397
23	4B9F	1	5397
23	4BA0	1	5397
23	4BA1	1	5397
23	4BA2	1	5397
23	4BA3	1	5397
23	4BA4	1	5397
23	4BA5	1	5397
23	4BAB	1	5397
23	4BAD	1	5397
23	4BAF	1	5397
23	4BB5	1	5853
23	4BB7	1	5853
23	4BB9	1	5853
23	4BBB	1	5853
23	4BBD	1	5853
23	4BBF	1	5853
23	4C1D	1	5853
23	4C23	1	6006
23	4C25	1	6006
23	4C28	1	6006
23	4C2A	1	6006
23	4C2D	1	6006
23	4C2F	1	6006
23	4C31	1	6006
23	4C33	1	6006
23	4C39	1	6309
23	4C3A	1	6309
23	4C3B	1	6309
23	4C3D	1	6309
23	4C3F	1	6309
23	4C41	1	6309
23	4C43	1	6309
23	4C44	1	6309
23	4C5D	1	6309
23	4C63	1	6309
23	4C65	1	6309
23	4C6B	1	6309
23	4C6D	1	6309
23	4C70	1	6309
23	4C73	1	6309
23	4C79	1	6864
23	4C7B	1	6864
23	4C7E	1	6864
23	4C84	1	6964
23	4C85	1	6964
23	4C86	1	6964
23	4C8C	1	6979
23	58C4	1	5903
23	5FA2	1	5903
25	538A	2	3244
25	538B	2	3244
25	538D	2	3244
25	538E	2	3244
25	5390	2	3244
25	5391	2	3244
25	5393	2	3244
25	5394	2	3244
25	5396	2	3244
25	5399	8540	3244
25	539A	8540	3244
25	539C	8540	3244
25	539E	2	3244
25	53A0	76	3244
25	53A1	76	3244
25	53A2	76	3244
25	53A4	2	3245
25	53A5	2	3245
25	53A7	2	3245
25	53A9	2	3245
26	5343	20	5883
26	58DC	20	5883
26	58DD	20	5883
26	58DE	20	5883
26	58DF	20	5883
26	58E0	20	5883
26	58E3	20	5883
26	58E4	20	5883
26	58E6	20	5883
26	58E8	20	5883
26	58E9	20	5883
26	58EB	20	5883
26	58ED	20	5883
26	58EF	20	5883
26	58F2	20	5883
26	58F3	20	5883
26	58F5	20	5883
26	58F7	20	5883
26	58F9	20	5883
26	58FC	20	5883
26	58FD	20	5883
26	58FF	19	5885
26	5900	19	5885
26	5902	19	5885
26	5904	19	5885
26	5905	19	5885
26	5906	19	5885
26	5907	19	5885
26	5908	19	5885
26	5909	1	5883
26	590A	1	5883
26	590D	1	5883
26	5910	1	5883
26	5913	1	5883
26	5915	1	5883
26	5917	1	5883
26	5919	1	5883
26	591F	1	5884
26	5922	1	5884
26	5924	1	5884
26	5968	1	5884
26	596B	1	5884
26	596C	1	5884
26	596E	1	5884
26	5971	1	5884
26	5977	1	5884
26	5979	1	5884
26	597B	1	5884
26	597D	1	5884
26	597E	1	5884
26	5980	1	5884
26	5983	1	5884
26	5984	1	5884
26	5986	1	5884
26	5989	1	5884
26	598C	1	5884
26	598D	1	5884
26	598F	1	5884
26	5992	1	5884
26	5998	1	5884
26	599A	1	5884
26	599C	1	5884
26	599E	1	5884
26	599F	1	5884
26	59A1	1	5884
26	59A4	1	5884
26	59A5	1	5884
26	59A7	1	5884
26	59AA	1	5884
26	59AB	1	5884
26	59AD	1	5884
26	59B0	1	5885
26	59B1	1	5885
26	59B2	1	5885
26	59B3	1	5885
26	59B4	1	5885
26	59B5	1	5885
27	41E3	1	5397
27	41E5	1	5397
27	41E6	1	5397
27	41E7	1	5397
27	41E9	1	5397
27	41F1	1	5397
27	41F3	1	5397
27	41FC	1	5397
27	41FE	1	5397
27	4201	1	5397
27	4202	1	5397
27	4205	1	5416
27	4206	1	5416
27	4208	1	5416
27	4209	1	5416
27	420B	1	5416
27	420D	1	5416
27	4210	1	5416
27	4213	1	5416
27	4214	1	5416
27	4216	1	5416
27	4217	1	5416
27	4219	1	5416
27	421B	1	5416
27	421D	1	5416
27	421F	1	5416
27	4222	1	5416
27	4225	9	5416
27	4226	9	5416
27	4227	9	5416
27	4228	9	5416
27	4229	9	5416
27	422B	1	5416
27	422E	1	5416
27	4231	1	5416
27	4233	1	5416
27	4235	1	5416
27	423B	1	5416
27	423E	1	5416
27	4241	1	5416
27	4244	1	5416
27	4247	1	5416
27	424A	1	5416
27	424C	1	5416
27	424E	1	5416
27	4254	1	5416
27	4257	1	5416
27	425A	1	5416
27	425D	1	5416
27	4260	1	5416
27	4262	1	5416
27	4297	1	5416
27	4299	1	5416
27	42B6	1	5416
27	42B9	1	5416
27	42BC	1	5416
27	42BE	1	5416
27	42C0	1	5416
27	42C6	1	5416
27	42C9	1	5416
27	42CC	1	5416
27	42CF	1	5416
27	42D5	1	5416
27	42DB	1	5416
27	42E1	1	5416
27	42E2	1	5416
27	42E5	1	5416
27	42E8	1	5416
27	42E9	1	5416
27	42EA	1	5416
27	42ED	1	5416
27	42EE	1	5416
27	42EF	1	5416
27	42F0	1	5416
27	42F1	1	5416
27	42F3	1	5416
27	42F6	1	5416
27	42F7	1	5416
27	42FA	1	5416
27	42FD	1	5416
27	4303	1	5416
27	4305	103	5416
27	4307	103	5416
27	4309	103	5416
27	430B	103	5416
27	430C	103	5416
27	430F	103	5416
27	4310	103	5416
27	4313	103	5416
27	4316	103	5416
27	4317	103	5416
27	431A	103	5416
27	431B	103	5416
27	4321	103	5416
27	4322	103	5416
27	4325	103	5417
27	432B	103	5417
27	432C	103	5417
27	432E	103	5417
27	4330	103	5417
27	4334	103	5417
27	4337	103	5417
27	433A	103	5417
27	433D	103	5417
27	433F	103	5417
27	4341	206	5519
27	4342	206	5519
27	4344	206	5519
27	4347	206	5519
27	4348	206	5519
27	4349	206	5519
27	434F	206	5519
27	4350	206	5519
27	4353	206	5520
27	4355	206	5520
27	4356	206	5520
27	4358	206	5520
27	435A	206	5520
27	435B	206	5520
27	435D	206	5520
27	435F	206	5520
27	4362	206	5520
27	4363	206	5520
27	4365	206	5520
27	436B	206	5520
27	436C	206	5520
27	436E	206	5520
27	4370	206	5520
27	4374	206	5520
27	4377	206	5520
27	437A	206	5520
27	437B	206	5520
27	4381	206	5520
27	4382	206	5520
27	4384	206	5520
27	4386	1	5725
27	4388	1	5725
27	4393	1	5725
27	4394	1	5725
27	4396	1	5725
27	4398	1	5725
27	439B	1	5725
27	43A1	1	5725
27	43A2	1	5725
27	43A3	1	5725
27	43A9	1	5725
27	43AC	1	5725
27	43B2	1	5725
27	43B3	33	5725
27	43B4	33	5725
27	43B6	33	5725
27	43B9	33	5725
27	43BA	33	5725
27	43BB	33	5725
27	43C1	33	5725
27	43C2	33	5725
27	43C5	33	5726
27	43C7	33	5726
27	43C8	33	5726
27	43CA	33	5726
27	43CC	33	5726
27	43CD	33	5726
27	43CF	33	5726
27	43D1	33	5726
27	43D4	33	5726
27	43D5	33	5726
27	43D7	33	5726
27	43DD	33	5726
27	43DE	33	5726
27	43E0	33	5726
27	43E2	33	5726
27	43E6	33	5726
27	43E7	33	5726
27	43ED	33	5726
27	43EE	33	5726
27	43F0	33	5726
27	43F2	1	5758
27	43F4	1	5758
27	43FF	1	5758
27	4401	1	5758
27	4404	1	5758
27	4405	1	5758
27	4406	1	5758
27	4408	1	5758
27	4409	1	5758
27	440B	1	5758
27	440D	1	5758
27	4410	1	5758
27	4413	1	5758
27	4414	1	5758
27	4416	1	5758
27	4417	1	5758
27	4418	1	5758
27	441B	1	5758
27	441E	1	5758
27	4421	1	5758
27	4423	1	5758
27	4429	1	5758
27	442B	1	5758
27	4431	1	5760
27	4434	1	5760
27	4437	1	5760
27	4439	1	5760
27	443B	1	5760
27	4441	1	5760
27	4444	1	5760
27	4447	1	5760
27	444A	1	5760
27	444C	30	5760
27	444D	30	5760
27	444E	30	5760
27	4454	30	5760
27	4455	30	5760
27	4458	30	5760
27	445A	30	5760
27	445B	30	5760
27	445D	30	5760
27	445F	30	5760
27	4460	30	5760
27	4462	30	5760
27	4464	30	5760
27	4467	30	5760
27	4468	30	5760
27	446A	30	5760
27	446B	30	5760
27	446C	30	5760
27	446E	1	5789
27	4471	1	5789
27	4474	1	5789
27	4477	1	5789
27	4478	1	5789
27	4479	1	5789
27	447B	1	5789
27	447C	1	5789
27	447E	1	5789
27	4480	1	5789
27	4483	1	5789
27	4486	1	5789
27	4487	1	5789
27	4489	1	5789
27	448A	1	5789
27	448B	48	5789
27	448E	48	5789
27	4491	48	5789
27	4493	48	5789
27	4495	48	5789
27	4497	48	5789
27	4498	48	5789
27	449B	48	5789
27	449C	48	5789
27	449D	48	5789
27	44A0	48	5789
27	44A3	48	5789
27	44A4	48	5789
27	44A5	48	5789
27	44A8	48	5789
27	44A9	48	5789
27	44AF	48	5789
27	44B0	48	5789
27	44B3	48	5790
27	44B5	48	5790
27	44B6	48	5790
27	44B8	48	5790
27	44BA	48	5790
27	44BB	48	5790
27	44BD	48	5790
27	44BF	48	5790
27	44C2	48	5790
27	44C3	48	5790
27	44C5	48	5790
27	44CB	48	5790
27	44CC	48	5790
27	44CF	48	5790
27	44D1	48	5790
27	44D3	1	5837
27	44D9	1	5853
27	44DB	1	5853
27	44DD	1	5853
27	44DF	1	5853
27	44E0	1	5853
27	4747	357	5417
27	474A	357	5417
27	474C	357	5417
27	474E	357	5417
27	474F	357	5417
27	4750	357	5417
27	4768	1	6006
27	476A	1	6006
27	476B	1	6006
27	476C	1	6006
27	476E	1	6006
27	4776	1	6006
27	4778	1	6006
27	4781	1	6006
27	4783	1	6006
27	4786	1	6006
27	4787	1	6006
27	478A	1	6025
27	478B	1	6025
27	478D	1	6025
27	478E	1	6025
27	4790	1	6025
27	4792	1	6025
27	4795	1	6025
27	4798	1	6025
27	4799	1	6025
27	479B	1	6025
27	479C	1	6025
27	479F	1	6025
27	47A2	1	6025
27	47A5	1	6025
27	47A7	1	6025
27	47AD	1	6025
27	47AF	1	6025
27	47B5	1	6027
27	47B8	1	6027
27	47BB	1	6027
27	47BD	1	6027
27	47BF	1	6027
27	47C5	1	6027
27	47C8	1	6027
27	47CB	1	6027
27	47CE	1	6027
27	47D1	1	6027
27	47D4	1	6027
27	47D6	1	6027
27	47D8	1	6027
27	47DE	1	6027
27	47E1	1	6027
27	47E4	1	6027
27	47E7	1	6027
27	47EA	1	6027
27	47EC	1	6027
27	4831	1	6027
27	4833	1	6027
27	4850	1	6027
27	4853	1	6027
27	4856	1	6027
27	4858	1	6027
27	485A	1	6027
27	4860	1	6027
27	4863	1	6027
27	4866	1	6027
27	4869	1	6027
27	486F	1	6027
27	4872	1	6027
27	4878	1	6027
27	487A	1	6027
27	487C	1	6027
27	487E	1	6027
27	4880	1	6027
27	4881	1	6027
27	4884	1	6027
27	4885	1	6027
27	4888	1	6027
27	488B	1	6027
27	488C	1	6027
27	488F	1	6027
27	4890	1	6027
27	4896	1	6027
27	4897	1	6027
27	489A	1	6027
27	489B	1	6027
27	489E	1	6027
27	48A0	1	6027
27	48A2	1	6027
27	48A5	146	6027
27	48A6	146	6027
27	48A7	146	6027
27	48A8	146	6027
27	48AE	146	6027
27	48AF	146	6027
27	48B2	146	6028
27	48B4	146	6028
27	48B5	146	6028
27	48B7	146	6028
27	48B9	146	6028
27	48BA	146	6028
27	48BC	146	6028
27	48BE	146	6028
27	48C1	146	6028
27	48C2	146	6028
27	48C4	146	6028
27	48CA	146	6028
27	48CB	146	6028
27	48CC	146	6028
27	48CD	146	6028
27	48CE	146	6028
27	48CF	146	6028
27	48D0	146	6028
27	48D6	146	6028
27	48D7	146	6028
27	48D9	146	6028
27	48DB	1	6173
27	48DE	1	6173
27	48E0	1	6173
27	48E2	1	6173
27	48E4	1	6173
27	48EA	1	6173
27	48F0	1	6173
27	48F6	1	6173
27	48F7	1	6173
27	48F8	1	6173
27	48F9	1	6173
27	48FF	1	6173
27	4900	1	6173
27	4903	1	6174
27	4905	1	6174
27	4906	1	6174
27	4908	1	6174
27	490A	1	6174
27	490B	1	6174
27	490D	1	6174
27	490F	1	6174
27	4912	1	6174
27	4913	1	6174
27	4915	1	6174
27	491B	1	6174
27	4921	1	6174
27	4922	1	6174
27	4923	1	6174
27	4925	1	6174
27	4928	1	6174
27	4929	1	6174
27	492A	1	6174
27	492C	1	6174
27	492D	1	6174
27	492F	1	6174
27	4931	1	6174
27	4934	1	6174
27	4937	1	6174
27	4938	1	6174
27	493A	1	6174
27	493B	1	6174
27	493C	1	6174
27	493F	1	6174
27	4942	1	6174
27	4945	1	6174
27	4948	1	6174
27	494B	1	6174
27	494E	1	6174
27	4950	1	6174
27	4956	1	6174
27	4958	1	6174
27	495E	119	6175
27	4960	119	6175
27	4962	119	6175
27	4964	119	6175
27	4965	119	6175
27	4968	119	6175
27	4969	119	6175
27	496C	119	6175
27	496F	119	6175
27	4970	119	6175
27	4973	119	6175
27	4974	119	6175
27	497A	119	6175
27	497B	119	6175
27	497E	119	6176
27	4980	119	6176
27	4981	119	6176
27	4983	119	6176
27	4985	119	6176
27	4986	119	6176
27	4988	119	6176
27	498A	119	6176
27	498D	119	6176
27	498E	119	6176
27	4990	119	6176
27	4996	119	6176
27	4997	119	6176
27	499A	119	6176
27	499C	119	6176
27	499E	1	6294
27	49A4	1	6309
27	49A6	1	6309
27	49A8	1	6309
27	49AA	1	6309
27	49AC	1	6309
27	49AE	1	6309
27	49AF	1	6309
27	4B95	2	5397
27	4B96	2	5397
27	4B97	2	5397
27	4B9D	2	5397
27	4BA3	2	5397
27	4BA9	2	5398
27	4BAA	2	5398
27	4BAB	2	5398
27	4BAC	2	5398
27	4BAD	2	5398
27	4BB0	2	5398
27	4BB3	2	5398
27	4BB6	2	5398
27	4BB8	2	5398
27	4BBE	2	5398
27	4BC1	2	5398
27	4BC4	2	5398
27	4BC7	2	5398
27	4BC9	2	5398
27	4BCF	2	5398
27	4BD2	2	5398
27	4BD5	2	5398
27	4BD7	2	5398
27	4BD9	2	5398
27	4BDB	2	5398
27	4BE1	2	5398
27	4BE4	2	5398
27	4BE7	2	5398
27	4BE9	2	5398
27	4BEB	2	5398
27	4BED	2	5398
27	4BF3	2	5398
27	4BF6	2	5398
27	4BF9	2	5398
27	4BFB	2	5398
27	4BFD	2	5398
27	4BFF	2	5398
27	4C05	2	5398
27	4C08	2	5398
27	4C0B	2	5398
27	4C0D	2	5398
27	4C0F	2	5398
27	4C11	2	5398
27	4C17	2	5398
27	4C1A	2	5398
27	4C1D	2	5398
27	4C1F	2	5398
27	4C21	2	5398
27	4C23	2	5398
27	4C29	2	5398
27	4C2C	2	5398
27	4C2F	2	5398
27	4C31	2	5398
27	4C33	2	5398
27	4C35	2	5398
27	4C3B	2	5398
27	4C3E	2	5398
27	4C41	2	5398
27	4C43	2	5398
27	4C45	2	5398
27	4C47	2	5398
27	4C4D	2	5398
27	4C50	2	5398
27	4C53	2	5398
27	4C55	2	5398
27	4C57	2	5398
27	4C59	2	5398
27	4C5F	2	5398
27	4C62	2	5398
27	4C65	2	5398
27	4C67	2	5398
27	4C69	2	5398
27	4C6B	2	5398
27	4C71	2	5398
27	4C74	2	5398
27	4C77	2	5398
27	4C7A	2	5398
27	4C7C	2	5398
27	4C82	2	5398
27	4C85	2	5398
27	4C88	2	5398
27	4C8B	2	5398
27	4C8D	2	5398
27	4C93	2	5398
27	4C95	2	5398
27	4C98	2	5398
27	4C99	2	5398
27	4C9A	2	5398
27	4C9C	1	5398
27	4C9F	1	5398
27	4CA2	1	5398
27	4CA5	1	5398
27	4CA7	1	5398
27	4CAD	1	5398
27	4CAF	1	6007
27	4CB2	1	6007
27	4CB5	1	6007
27	4CB8	1	6007
27	4CBA	1	6007
27	4CC0	2	5398
27	4CC2	2	5398
27	4CC8	2	5398
27	4CCB	2	5398
27	4CCE	2	5398
27	4CD0	2	5398
27	4CD2	2	5398
27	4CD8	2	5398
27	4CDB	2	5398
27	4CDE	2	5398
27	4CE1	2	5398
27	4CE4	2	5398
27	4CE7	2	5398
27	4CE9	2	5398
27	4CEB	2	5398
27	4CF1	2	5398
27	4CF4	2	5398
27	4CF7	2	5398
27	4CFA	2	5398
27	4CFB	2	5398
27	4D01	2	5399
27	4D02	2	5399
27	4D03	2	5399
27	4D31	2	5399
27	4D33	2	5399
27	4D35	2	5399
27	4D3B	2	5399
27	4D3D	2	5399
27	4D3F	2	5399
27	4D41	2	5399
27	4D44	2	5400
27	4D4A	2	5416
27	4D4D	2	5416
29	44F6	1	6864
29	44F7	1	6864
29	44F9	1	6864
29	44FA	1	6864
29	44FC	1	6864
29	44FE	1	6864
29	4500	1	6864
29	4502	1	6864
29	4505	1	6864
29	4507	1	6864
29	450A	1	6864
29	450B	1	6864
29	450D	1	6864
29	450F	1	6864
29	4510	1	6864
29	4516	1	6864
29	4519	60	6888
29	451A	60	6888
29	451B	60	6888
29	4521	60	6888
29	4524	60	6889
29	452A	60	6889
29	452B	60	6889
29	452C	60	6889
29	452E	60	6889
29	4530	60	6889
29	4532	1	6948
29	4533	1	6948
29	4534	1	6948
29	4536	1	6948
29	4537	1	6948
29	4539	1	6948
29	453B	1	6948
29	453E	1	6948
29	4541	1	6948
29	4542	1	6948
29	4544	1	6948
29	4545	1	6948
29	4546	1	6948
29	4549	1	6948
29	454B	1	6948
29	45E2	1	6948
29	45E8	1	6948
29	45EB	1	6949
29	45F1	1	6964
29	45F3	1	6964
29	45F5	1	6964
29	45F7	1	6964
29	45FA	1	6964
29	45FB	1	6964
29	45FD	1	6964
29	4605	1	6964
29	4607	1	6964
29	4608	1	6864
29	460E	1	6864
29	4614	1	6864
29	461A	1	6866
29	4620	1	6870
29	4626	1	6870
29	4627	1	6870
29	4629	1	6870
29	462B	1	6870
29	462D	1	6870
29	462F	1	6870
29	4631	1	6870
29	4633	1	6870
29	4636	1	6870
29	4639	1	6870
29	463C	1	6870
29	463E	1	6870
29	4644	1	6870
29	4647	1	6870
29	464A	1	6870
29	464C	1	6870
29	464E	1	6870
29	4650	1	6870
29	4656	1	6870
29	4659	1	6870
29	465C	1	6870
29	465E	1	6870
29	4660	1	6870
29	4662	1	6870
29	4668	1	6870
29	466B	1	6870
29	466E	1	6870
29	4670	1	6870
29	4672	1	6870
29	4674	1	6870
29	467A	1	6870
29	467D	1	6870
29	4680	1	6870
29	4682	1	6870
29	4684	1	6870
29	4686	1	6870
29	468C	1	6870
29	468F	1	6870
29	4691	1	6870
29	46CD	1	6870
29	46D0	1	6870
29	46D3	1	6870
29	46D6	1	6870
29	46D8	1	6870
29	46DE	1	6870
29	46E0	1	6870
29	46E3	1	6870
29	46E9	1	6870
29	46EC	1	6870
29	46EE	1	6870
29	46F5	1	6870
29	46F7	1	6870
29	46FE	1	6870
29	4701	1	6871
29	4702	1	6871
29	4703	1	6871
29	4705	1	6871
29	4706	1	6871
29	4708	1	6871
29	470A	1	6871
29	470D	1	6871
29	4710	1	6871
29	4711	1	6871
29	4713	1	6871
29	4714	1	6871
29	4715	1	6871
29	471B	1	6871
29	471E	1	6872
29	4724	1	6888
29	4725	1	6888
29	4727	1	6888
29	4728	1	6888
29	472A	1	6888
29	472C	1	6888
29	472E	1	6888
29	4730	1	6888
29	4733	1	6888
29	4735	1	6888
29	4738	1	6888
29	4739	1	6888
29	473B	1	6888
29	473D	1	6888
29	473E	1	6888
29	4744	1	6888
29	4D21	1	6870
29	4D22	1	6870
29	4D23	1	6870
29	4D24	1	6870
29	4D25	1	6870
29	4D27	1	6870
29	4D29	1	6870
29	4D2B	1	6870
29	4D2E	1	6870
29	4D2F	1	6870
29	4D30	1	6870
29	4D31	1	6870
29	4D32	1	6870
29	4D33	1	6870
29	4D34	1	6870
29	4D35	1	6870
29	4D36	1	6870
29	4D8B	1	6870
29	4D8C	1	6870
29	4D8D	1	6870
29	4D8E	1	6870
29	4D90	1	6870
29	4D92	1	6870
29	4D94	1	6870
29	4D97	1	6870
29	4D98	1	6870
29	4D9A	1	6870
29	4D9B	1	6870
29	4D9C	1	6870
29	4D9D	1	6870
29	4D9F	1	6870
29	4DA0	1	6870
29	4DA1	1	6870
29	4DA2	1	6870
29	4DA3	1	6870
29	4DA4	1	6870
29	4DA5	1	6870
29	4DA8	1	6870
29	4DA9	1	6870
29	4DAA	1	6870
29	4DAD	1	6870
29	4DB0	1	6870
29	4DB1	1	6870
29	4DB2	1	6870
29	4DB3	1	6870
29	4DB5	1	6870
29	4DB7	1	6870
29	4DB9	1	6870
29	4DBC	1	6870
29	4DBD	1	6870
29	4DBE	1	6870
29	4DBF	1	6870
29	4DC2	1	6870
29	4DC8	1	6870
29	4DC9	1	6870
29	4DCB	1	6870
29	4DCD	1	6870
29	4DCF	1	6870
29	4DD2	1	6870
29	4DD3	1	6870
29	4DD4	1	6870
29	4DD5	1	6870
29	4DD6	1	6870
29	4DD7	1	6870
29	4DD8	1	6870
29	4DDB	1	6870
29	4DDC	1	6870
29	4DDD	1	6870
29	4DE0	1	6870
29	4DE3	1	6870
29	4DE4	1	6870
29	4DE5	1	6870
29	4DE6	1	6870
29	4DE8	1	6870
29	4DEA	1	6870
29	4DEC	1	6870
29	4DEF	1	6870
29	4DF0	1	6870
29	4DF1	1	6870
29	4DF2	1	6870
29	4DF5	1	6870
29	4DFB	1	6870
29	4DFC	1	6870
29	4DFE	1	6870
29	4E00	1	6870
29	4E02	1	6870
29	4E05	1	6870
29	4E06	1	6870
29	4E08	1	6870
29	4E09	1	6870
29	4E0A	1	6870
29	4E0C	1	6870
29	4E0D	1	6870
29	4E0E	1	6870
29	4E0F	1	6870
29	4E12	1	6870
29	4E13	1	6870
29	4E14	1	6870
29	4E15	1	6870
29	4E16	1	6870
29	4E17	1	6870
29	4E18	1	6870
29	4E19	1	6870
29	4E1A	1	6870
29	4E1C	1	6870
29	4E27	1	6870
29	4E28	1	6870
29	4E29	1	6870
29	4E2C	1	6870
29	4E2D	1	6870
29	4E2E	1	6870
29	4E31	1	6870
29	4E34	1	6870
29	4E35	1	6870
29	4E36	1	6870
29	4E37	1	6870
29	4E39	1	6870
29	4E3B	1	6870
29	4E3D	1	6870
29	4E40	1	6870
29	4E41	1	6870
29	4E42	1	6870
29	4E43	1	6870
29	4E46	1	6870
29	4E4C	1	6870
29	4E4D	1	6870
29	4E50	1	6871
29	4E51	1	6871
29	4E52	1	6871
29	4E53	1	6871
29	4E54	1	6871
29	4E55	3	6870
29	4E56	3	6870
29	4E57	3	6870
29	4E59	3	6870
29	4E5B	3	6870
29	4E5D	3	6870
29	4E60	3	6870
29	4E63	33	6870
29	4E64	33	6870
29	4E65	33	6870
29	4E66	33	6870
29	4E68	33	6870
29	4E6A	3	6870
29	4E6B	3	6870
29	4E6C	3	6870
29	4E6D	3	6870
29	4E70	3	6870
29	4E73	3	6870
29	4E74	3	6870
29	4E7A	3	6870
29	4E7B	3	6870
29	4E7C	3	6870
29	4E7E	3	6870
29	4EC6	3	6870
29	4EC7	3	6870
29	4EC8	3	6870
29	4ECB	3	6870
29	4ECC	3	6870
29	4ED2	3	6870
29	4ED3	3	6870
29	4ED4	3	6870
29	4ED6	3	6870
29	4F0C	3	6870
29	4F0D	3	6870
29	4F0E	3	6870
29	4F11	3	6870
29	4F12	3	6870
29	4F18	3	6870
29	4F19	3	6870
29	4F1A	3	6870
29	4F1C	3	6870
29	4F40	3	6870
29	4F41	3	6870
29	4F42	3	6870
29	4F45	3	6870
29	4F46	3	6870
29	4F4C	3	6870
29	4F4D	3	6870
29	4F4E	3	6870
29	4F50	3	6870
29	4F62	3	6870
29	4F63	3	6870
29	4F64	3	6870
29	4F65	3	6870
29	4F66	3	6870
29	4F67	3	6870
29	4F68	3	6870
29	4F6A	3	6870
29	4F6B	3	6870
29	4F77	3	6870
29	4F78	3	6870
29	4F79	3	6870
29	4F7C	3	6870
29	4F82	3	6870
29	4F83	3	6870
29	4F85	3	6870
29	4F8D	3	6870
29	4F8E	3	6870
29	4F8F	3	6870
29	4F92	3	6870
29	4F98	3	6870
29	4F99	3	6870
29	4F9B	3	6870
29	4FA3	3	6870
29	4FA4	3	6870
29	4FA5	3	6870
29	4FA8	3	6870
29	4FAE	3	6870
29	4FAF	3	6870
29	4FB1	3	6870
29	4FB9	3	6870
29	4FBA	3	6870
29	4FBB	3	6870
29	4FBE	3	6870
29	4FC4	3	6870
29	4FC5	3	6870
29	4FC7	3	6870
29	4FCF	3	6870
29	4FD2	3	6870
29	4FD4	3	6870
29	4FD5	3	6870
29	4FD6	3	6870
29	4FD7	1	6870
29	4FD9	1	6870
29	4FDA	1	6870
29	4FDC	1	6870
29	4FDE	1	6870
29	4FE0	1	6870
29	4FE1	1	6870
29	4FE3	1	6870
29	4FE6	1	6870
29	4FE9	1	6870
29	4FEB	1	6870
29	4FF1	1	6871
29	4FF2	1	6871
29	4FF4	1	6871
29	4FF6	1	6871
2D	4E06	3	3229
2D	4E08	3	3229
2D	4E0A	3	3229
2D	4E0C	3	3229
2D	4E0F	3	3229
2D	4E12	12288	3229
2D	4E13	12288	3229
2D	4E14	12288	3229
2D	4E15	12288	3229
2D	4E16	12288	3229
2D	4E17	12288	3229
2D	4E19	3	3230
2D	4E1B	3	3230
2D	4E1D	3	3230
2D	4E1F	3	3230
2D	4E22	3	3230
2D	4E25	5760	3230
2D	4E26	5760	3230
2D	4E27	5760	3230
2D	4E28	5760	3230
2D	4E29	5760	3230
2D	4E2A	5760	3230
2D	4E2C	3	3231
2D	5016	2	5855
2D	5018	2	5855
2D	5019	2	5855
2D	501B	2	5855
2D	501D	2	5855
2D	501F	2	5855
2D	5020	2	5855
2D	5022	2	5855
2D	5025	2	5855
2D	5028	2	5855
2D	502A	2	5855
2D	502D	2	5856
2D	5030	2	5856
2D	5033	2	5856
2D	5035	2	5856
2D	5038	2	5857
2D	503B	2	5857
2D	503E	2	5857
2D	5040	2	5857
2D	5043	2	5859
2D	5046	2	5859
2D	5049	2	5859
2D	504B	2	5859
2D	504E	2	5861
2D	504F	2	5861
2D	5051	2	5861
2D	5053	2	5861
2D	5054	8	5855
2D	5055	8	5855
2D	5057	8	5855
2D	5058	8	5855
2D	505A	8	5855
2D	505B	8	5855
2D	505D	8	5855
2D	505E	8	5855
2D	5060	8	5855
2D	5063	35179	5855
2D	5064	35179	5855
2D	5066	35179	5855
2D	5068	8	5855
2D	5069	8	5855
2D	506B	8	5855
2D	506C	8	5855
2D	506E	8	5855
2D	5070	8	5855
2D	5072	8	5855
2D	5075	8	5855
2D	5077	8	5855
2D	5078	8	5855
2D	507A	8	5855
2D	507C	8	5855
2D	507D	8	5855
2D	507F	8	5855
2D	5081	507	5855
2D	5082	507	5855
2D	5083	507	5855
2D	5085	8	5856
2D	5086	8	5856
2D	5088	8	5856
2D	508A	8	5856
2D	508B	8	5856
2E	4000	1	5853
2E	4001	1	5853
2E	4003	1	5853
2E	4004	1	5853
2E	4006	1	5853
2E	4008	1	5853
2E	400A	1	5853
2E	400C	1	5853
2E	400F	1	5853
2E	4011	1	5853
2E	4014	1	5853
2E	4015	1	5853
2E	4017	1	5853
2E	4019	1	5853
2E	401A	1	5853
2E	4020	1	5853
2E	4023	1	5880
2E	4025	1	5880
2E	4027	1	5880
2E	4029	1	5880
2E	402C	1	5880
2E	402E	1	5880
2E	402F	1	5880
2E	4030	1	5880
2E	4031	1	5880
2E	4032	1	5880
2E	4033	1	5880
2E	4034	1	5880
2E	4035	1	5880
2E	4036	1	5880
2E	4037	1	5880
2E	4038	1	5880
2E	4039	1	5880
2E	403A	1	5880
2E	403B	1	5880
2E	403C	1	5880
2E	403D	1	5880
2E	403E	1	5880
2E	403F	1	5880
2E	4042	1	5882
2E	4045	1	5882
2E	4048	1	5882
2E	404A	1	5882
2E	404C	1	5882
2E	4052	1	5882
2E	4055	1	5882
2E	4058	1	5882
2E	405B	1	5882
2E	4061	1	5882
2E	4067	20	5882
2E	4068	20	5882
2E	406E	20	5882
2E	406F	20	5882
2E	4072	20	5882
2E	4078	20	5882
2E	407B	20	5883
2E	407D	20	5883
2E	407F	20	5883
2E	4082	20	5883
2E	4088	20	5885
2E	408A	20	5885
2E	408C	1	5903
2E	408E	1	5903
2E	4099	1	5903
2E	409A	1	5903
2E	409B	1	5903
2E	409C	1	5903
2E	409F	1	5903
2E	40A2	1	5903
2E	40A4	1	5903
2E	40A6	1	5903
2E	40A8	1	5903
2E	40AE	1	5903
2E	40AF	1	5903
2E	40B0	1	5903
2E	40B1	1	5903
2E	40B2	1	5903
2E	40B3	1	5903
2E	40B4	1	5903
2E	40B5	1	5903
2E	40B6	1	5903
2E	417F	1	5903
2E	4181	1	5903
2E	4183	1	5903
2E	4185	1	5903
2E	4188	1	5903
2E	4189	1	5903
2E	418A	1	5903
2E	418B	1	5903
2E	418C	1	5903
2E	418D	1	5903
2E	418E	1	5903
2E	418F	1	5903
2E	4190	1	5903
2E	4192	1	5903
2E	4194	1	5903
2E	4196	1	5903
2E	4199	1	5903
2E	419A	1	5903
2E	419B	1	5903
2E	419C	1	5903
2E	419D	1	5903
2E	419E	1	5903
2E	419F	1	5903
2E	41A0	1	5903
2E	41A1	1	5903
2E	41A2	1	5903
2E	41A4	1	5903
2E	41A6	1	5903
2E	41A8	1	5903
2E	41AB	1	5903
2E	41AC	1	5903
2E	41AD	1	5903
2E	41AE	1	5903
2E	41AF	1	5903
2E	41B1	1	5903
2E	41B3	1	5903
2E	41B5	1	5903
2E	41B8	1	5903
2E	41B9	1	5903
2E	41BB	1	5903
2E	41BC	1	5903
2E	41BD	1	5903
2E	41BF	1	5903
2E	41C0	1	5903
2E	41C1	1	5903
2E	41C3	1	5903
2E	41C5	1	5903
2E	41C7	1	5903
2E	41CA	1	5903
2E	41CB	1	5903
2E	41CC	1	5903
2E	41CD	1	5903
2E	41CE	1	5903
2E	41CF	1	5903
2E	41D0	1	5903
2E	41D2	1	5903
2E	41D4	1	5903
2E	41D6	1	5903
2E	41D9	1	5903
2E	41DA	1	5903
2E	41DB	1	5903
2E	41DC	1	5903
2E	41DD	1	5903
2E	41DE	1	5903
2E	41DF	1	5903
2E	41E0	1	5903
2E	41E1	1	5903
2E	41E2	1	5903
2E	41E5	1	5903
2E	41E8	1	5903
2E	41EA	1	5903
2E	41F0	1	5903
2E	41F3	1	5903
2E	41F5	1	5903
2E	41FB	1	5903
2E	41FE	1	5911
2E	41FF	1	5911
2E	4205	1	5911
2E	420B	1	5911
2E	420C	1	5911
2E	420F	1	5911
2E	4212	1	5911
2E	4215	1	5911
2E	4217	1	5911
2E	421D	1	5911
2E	4220	1	5911
2E	4223	1	5911
2E	4224	1	5911
2E	4226	1	5911
2E	4227	1	5911
2E	4229	1	5911
2E	422B	1	5911
2E	422D	1	5911
2E	422E	1	5911
2E	4231	1	5911
2E	4232	1	5911
2E	4234	1	5911
2E	4236	1	5911
2E	4237	1	5911
2E	4238	1	5911
2E	4239	1	5911
2E	423F	1	5924
2E	4241	60	5924
2E	4242	60	5924
2E	4245	60	5925
2E	424B	60	5925
2E	424D	60	5925
2E	424F	60	5925
2E	4251	1	5984
2E	4252	1	5984
2E	4254	1	5984
2E	4255	60	5925
2E	4256	60	5925
2E	4257	60	5925
2E	4259	1	5984
2E	425F	1	5990
2E	4260	1	5990
2E	4262	1	5990
2E	4263	1	5990
2E	4265	1	5990
2E	4267	1	5990
2E	4269	1	5990
2E	426B	1	5990
2E	426E	1	5990
2E	426F	1	5990
2E	4271	1	5990
2E	4273	1	5990
2E	4274	1	5990
2E	4277	1	5991
2E	4279	1	5991
2E	427A	1	5991
2E	427D	1	5991
2E	427E	1	5991
2E	427F	1	5991
2E	4281	1	5991
2E	4284	1	5991
2E	428A	1	5991
2E	4290	1	6006
2E	4291	1	6006
2E	4B2E	1	5853
2E	4B34	1	5853
2E	4B3A	1	5853
2E	4B40	1	5855
2E	4B46	1	5861
2E	4B4C	1	5862
2E	4B4D	1	5862
2E	4B4F	1	5862
2E	4B51	1	5862
2E	4B53	1	5862
2E	4B56	1	5862
2E	4B59	1	5862
2E	4B5C	1	5862
2E	4B5E	1	5862
2E	4B64	1	5862
2E	4B67	1	5862
2E	4B6A	1	5862
2E	4B6D	1	5862
2E	4B6F	1	5862
2E	4B75	1	5862
2E	4B78	1	5862
2E	4B7B	1	5862
2E	4B7D	1	5862
2E	4B7F	1	5862
2E	4B81	1	5862
2E	4B87	1	5862
2E	4B8A	1	5862
2E	4B8D	1	5862
2E	4B8F	1	5862
2E	4B91	1	5862
2E	4B93	1	5862
2E	4B99	1	5862
2E	4B9C	1	5862
2E	4B9F	1	5862
2E	4BA1	1	5862
2E	4BA3	1	5862
2E	4BA5	1	5862
2E	4BAB	1	5862
2E	4BAE	1	5862
2E	4BB1	1	5862
2E	4BB3	1	5862
2E	4BB5	1	5862
2E	4BB7	1	5862
2E	4BBD	1	5862
2E	4BC0	1	5862
2E	4BC3	1	5862
2E	4BC5	1	5862
2E	4BC7	1	5862
2E	4BC9	1	5862
2E	4BCF	1	5862
2E	4BD2	1	5862
2E	4BD5	1	5862
2E	4BD7	1	5862
2E	4BD9	1	5862
2E	4BDB	1	5862
2E	4BE1	1	5862
2E	4BE4	1	5862
2E	4BE7	1	5862
2E	4BEA	1	5862
2E	4BEC	1	5862
2E	4BF2	1	5862
2E	4BF4	1	5862
2E	4BF7	1	5862
2E	4BFA	1	5862
2E	4BFD	1	5862
2E	4C00	1	5862
2E	4C02	1	5862
2E	4C08	1	5862
2E	4C0A	1	5862
2E	4C0D	1	5862
2E	4C13	1	5862
2E	4C16	1	5863
2E	4C17	1	5863
2E	4C19	1	5863
2E	4C1A	1	5863
2E	4C1C	1	5863
2E	4C1E	1	5863
2E	4C21	1	5863
2E	4C24	1	5863
2E	4C25	1	5863
2E	4C27	1	5863
2E	4C28	1	5863
2E	4C2E	1	5863
2E	4C31	1	5863
2E	4C37	1	5880
2E	4C38	1	5880
2E	4C3A	1	5880
2E	4C3B	1	5880
2E	4C3D	1	5880
2E	4C3F	1	5880
2E	4C41	1	5880
2E	4C43	1	5880
2E	4C46	1	5880
2E	4C48	1	5880
2E	4C4B	1	5880
2E	4C4C	1	5880
2E	4C4E	1	5880
2E	4C50	1	5880
2E	4C51	1	5880
2E	4C57	1	5880
2E	533C	1	5903
2E	533D	1	5903
2E	533E	1	5903
2E	533F	1	5903
2E	5341	1	5903
2E	5342	1	5903
2E	5344	1	5903
2E	5346	1	5903
2E	5348	1	5903
2E	534B	1	5903
2E	534E	4096	5903
2E	534F	4096	5903
2E	5350	4096	5903
2E	5351	4096	5903
2E	5352	4096	5903
2E	5353	4096	5903
2E	5355	1	5904
2E	5356	1	5904
2E	5358	1	5904
2E	535B	1	5904
2E	535E	1	5904
2E	5360	1	5904
2E	5366	1	5908
2E	5369	1	5908
2E	536C	1	5908
2E	536E	1	5908
2E	5374	1	5910
2E	5377	1	5910
2E	537A	1	5910
2E	537C	1	5910
2E	5382	1	5911
2E	5383	1	5911
2E	5385	1	5911
2E	5387	1	5911
2E	5388	1	5911
2E	5389	1	5911
2E	538A	1	5911
2E	538B	1	5880
2E	538C	1	5880
2E	538D	1	5880
2E	538F	1	5880
2E	5391	1	5880
2E	5393	1	5880
2E	5396	1	5880
2E	5399	1	5880
2E	539C	1	5880
2E	53A2	1	5881
2E	53A5	1	5882
2E	53A6	1	5882
2E	53A7	1	5882
2E	5478	1	5881
2E	547A	1	5881
2E	547B	1	5881
2E	547D	1	5881
2E	547F	1	5881
2E	5481	1	5881
2E	5482	1	5881
2E	5484	1	5881
2E	5487	1	5881
2E	548A	1	5881
2E	548C	1	5881
2E	5492	1	5882
2E	5493	1	5882
2E	5495	1	5882
2E	5497	1	5882
2E	55FA	24	5862
2E	55FB	24	5862
2E	55FC	24	5862
2E	55FD	24	5862
2E	55FE	24	5862
2E	55FF	24	5862
2E	5601	24	5862
2E	5603	24	5862
2E	5605	24	5862
2E	5607	24	5862
2E	560A	24	5862
2E	560B	24	5862
2E	560D	24	5862
2E	560F	24	5862
2E	5611	24	5862
2E	5614	24	5862
2E	5615	24	5862
2E	5617	21	5885
2E	5618	21	5885
2E	5619	21	5885
2E	561A	21	5885
2E	561B	21	5885
2E	5636	3	5862
2E	5637	3	5862
2E	563A	3	5862
2E	563D	3	5862
2E	563F	3	5862
2E	5683	3	5862
2E	5686	3	5862
2E	5687	3	5862
2E	5689	3	5862
2E	568C	3	5862
2E	5692	3	5862
2E	5694	3	5862
2E	5696	3	5862
2E	5698	3	5862
2E	5699	3	5862
2E	569B	3	5862
2E	569E	3	5862
2E	569F	3	5862
2E	56A1	3	5862
2E	56A4	3	5862
2E	56A7	3	5862
2E	56A8	3	5862
2E	56AA	3	5862
2E	56AD	3	5862
2E	56B3	3	5862
2E	56B5	3	5862
2E	56B7	3	5862
2E	56B9	3	5862
2E	56BA	3	5862
2E	56BC	3	5862
2E	56BF	3	5862
2E	56C0	3	5862
2E	56C2	3	5862
2E	56C5	3	5862
2E	56C6	3	5862
2E	56C8	3	5862
2E	56CB	3	5863
2E	56CC	3	5863
2E	56CD	3	5863
2E	56CE	3	5863
2E	56CF	3	5863
2E	56D0	3	5863
48	403E	11	1811
48	4040	11	1811
48	4041	11	1811
48	4043	11	1811
48	4044	11	1811
48	4046	11	1811
48	4047	11	1811
48	4049	11	1811
48	404A	11	1811
48	404C	169	1811
48	404E	169	1811
48	4051	169	1811
48	4052	169	1811
48	4054	158	1811
48	4055	158	1811
48	4057	158	1811
48	405A	158	1811
48	405B	158	1811
48	405D	158	1811
48	405E	158	1811
48	405F	158	1811
48	4061	158	1811
48	4062	158	1811
48	4064	158	1811
48	4065	158	1811
48	4066	158	1811
48	4067	158	1811
48	4069	158	1811
48	406A	158	1811
48	406C	158	1811
48	406D	158	1811
48	406E	158	1811
48	406F	158	1811
48	4075	158	1811
48	4077	158	1811
48	4078	158	1811
48	407A	158	1811
48	407C	158	1811
48	407D	158	1811
48	407F	158	1811
48	4081	10	1811
48	4083	10	1811
48	4084	10	1811
48	4086	158	1811
48	4088	158	1811
48	408A	158	1811
48	408B	158	1811
48	408D	158	1811
48	408F	8	3242
48	4091	8	3242
48	4092	8	3242
48	4094	158	1811
48	4096	158	1811
48	4097	158	1811
48	4099	158	1811
48	409A	158	1811
48	409C	11	1811
48	409E	11	1811
48	409F	11	1811
48	40A1	11	1811
48	40A2	11	1811
48	40A4	11	1811
48	40A5	11	1811
48	40A7	11	1811
48	40A8	11	1811
48	40A9	2	4648
48	40AC	2	4648
48	40AE	2	4648
48	40B1	2	4648
48	40B2	2	4648
48	40B5	2	4648
48	40B6	2	4648
48	40B9	2	4648
48	40BA	2	4648
48	40BD	2	4648
48	40BE	2	4648
48	40C1	2	4648
48	40C4	6	4648
48	40C5	6	4648
48	40C7	6	4648
48	40C8	6	4648
48	40CA	6	4648
48	40CB	6	4648
48	40CC	6	4648
48	40CE	6	4648
48	40CF	6	4648
48	40D0	6	4648
48	40D1	6	4648
48	40D2	6	4648
48	40D3	76	4648
48	40D6	76	4648
48	40D9	76	4648
48	40DA	76	4648
48	40DC	74	4648
48	40DE	74	4648
48	40E0	71	4648
48	40E1	71	4648
48	40E4	71	4648
48	40E7	71	4648
48	40E8	71	4648
48	40EA	71	4648
48	40EB	71	4648
48	40EC	71	4648
48	40ED	71	4648
48	40F0	71	4648
48	40F1	71	4648
48	40F3	71	4648
48	40F4	71	4648
48	40F7	71	4648
48	40F9	71	4648
48	40FA	71	4648
48	40FB	71	4648
48	40FC	71	4648
48	40FE	71	4648
48	40FF	71	4648
48	4100	71	4648
48	4102	71	4648
48	4103	71	4648
48	4104	71	4648
48	4105	71	4648
48	4106	71	4648
48	4107	71	4648
48	4108	71	4648
48	4109	71	4648
48	410A	71	4648
48	410B	71	4648
48	410E	71	4648
48	410F	71	4648
48	4111	71	4648
48	4112	71	4648
48	4113	71	4648
48	4114	71	4648
48	411A	71	4648
48	411C	71	4648
48	411D	71	4648
48	411E	71	4648
48	4120	71	4648
48	4121	71	4648
48	4122	71	4648
48	4123	71	4648
48	4125	71	4648
48	4126	71	4648
48	4129	71	4648
48	412A	71	4648
48	412D	71	4648
48	412E	71	4648
48	412F	71	4648
48	4132	71	4648
48	4134	1	4648
48	4137	1	4648
48	413A	1	4648
48	413B	1	4648
48	413E	1	4648
48	413F	1	4648
48	4141	3	4648
48	4142	3	4648
48	4145	3	4648
48	4146	3	4648
48	4149	3	4648
48	414A	3	4648
48	414B	3	4648
48	414C	3	4648
48	414F	3	4648
48	4152	3	4648
48	4153	3	4648
48	4154	3	4648
48	4155	3	4648
48	4156	3	4648
48	4159	2	4649
48	415A	16	1140
48	415C	16	1140
48	415D	16	1140
48	415F	16	1140
48	4160	16	1140
48	4162	16	1140
48	4163	16	1140
48	4165	16	1140
48	4167	16	1140
48	4168	16	1140
48	416A	16	1140
48	416C	16	1140
48	416D	16	1140
48	416F	16	1140
48	4171	16	1140
48	4172	16	1140
48	4174	16	1140
48	4176	16	1140
48	4177	16	1140
48	4178	16	1140
48	417A	16	1140
48	417C	16	1140
48	417D	16	1140
48	417F	16	1140
48	4180	16	1140
48	4181	16	1140
48	4183	16	1140
48	4184	16	1140
48	4185	16	1140
48	4186	16	1140
48	4188	16	1140
48	418B	16	1140
48	418C	16	1140
48	418D	16	1140
48	418E	16	1140
48	418F	16	1140
48	4191	16	1140
48	4193	16	1140
48	4194	16	1140
48	4196	16	1140
48	4197	16	1140
48	4198	16	1140
48	419A	16	1140
48	419B	16	1140
48	419C	16	1140
48	419D	16	1140
48	419E	16	1140
48	419F	244	1140
48	41A1	244	1140
48	41A4	244	1140
48	41A5	244	1140
48	41A8	228	1140
48	41AA	228	1140
48	41AC	228	1140
48	41AD	228	1140
48	41AF	228	1140
48	41B2	228	1140
48	41B3	228	1140
48	41B5	228	1140
48	41B6	228	1140
48	41B7	228	1140
48	41B8	228	1140
48	41BA	228	1140
48	41BB	228	1140
48	41BD	228	1140
48	41BE	228	1140
48	41C0	228	1140
48	41C1	228	1140
48	41C2	228	1140
48	41C4	228	1140
48	41C5	228	1140
48	41C6	228	1140
48	41C7	228	1140
48	41C9	228	1140
48	41CA	228	1140
48	41CC	228	1140
48	41CD	228	1140
48	41CE	228	1140
48	41CF	228	1140
48	41D5	228	1140
48	41D7	228	1140
48	41D8	228	1140
48	41D9	228	1140
48	41DB	228	1140
48	41DC	228	1140
48	41DD	228	1140
48	41DE	228	1140
48	41E0	228	1140
48	41E1	228	1140
48	41E3	228	1140
48	41E4	228	1140
48	41E6	228	1140
48	41E7	228	1140
48	41E8	228	1140
48	41EA	228	1140
48	4222	16	1140
48	4223	2179	1142
48	4226	2179	1142
48	4227	2179	1142
48	4229	741	1142
48	422A	741	1142
48	422D	741	1142
48	422E	1438	1322
48	4231	1438	1322
48	4232	1438	1322
48	4233	719	1323
48	4235	719	1323
48	4238	719	1323
48	423A	719	1323
48	423C	359	1325
48	423F	359	1325
48	4240	359	1325
48	424F	719	1323
48	4252	719	1323
48	4253	719	1323
48	4256	719	1323
48	4257	719	1323
48	4259	719	1323
48	425A	90	1331
48	425D	90	1331
48	425F	90	1331
48	4261	90	1331
48	4263	90	1331
48	4264	90	1331
48	4266	90	1331
48	4268	90	1331
48	4269	90	1331
48	426A	90	1331
48	426C	90	1331
48	426D	90	1331
48	4270	90	1331
48	4271	90	1331
48	4273	90	1331
48	4274	90	1331
48	4276	90	1331
48	4278	90	1331
48	4279	90	1331
48	427A	90	1331
48	427C	90	1331
48	427D	90	1331
48	427F	90	1331
48	4281	90	1331
48	4282	90	1331
48	4284	90	1331
48	4286	90	1331
48	4288	90	1331
48	428A	90	1331
48	428B	90	1331
48	428C	90	1331
48	428E	90	1331
48	4290	90	1331
48	4292	90	1331
48	4298	90	1332
48	429B	90	1332
48	429C	90	1332
48	429D	90	1332
48	429E	90	1332
48	42A0	90	1332
48	42A1	90	1332
48	42A2	90	1332
48	42A4	90	1332
48	42A5	90	1332
48	42A7	90	1332
48	42A9	90	1332
48	42AB	90	1332
48	42B1	90	1333
48	42B3	90	1333
48	42B4	90	1333
48	42B6	90	1333
48	42B8	90	1333
48	42BA	90	1333
48	42BD	90	1333
48	42BE	90	1333
48	42C0	90	1333
48	42C3	90	1333
48	42C6	90	1333
48	42C7	90	1333
48	42CA	90	1333
48	42CD	90	1333
48	42CE	90	1333
48	42CF	2	1726
48	42D0	2	1726
48	42D3	2	1726
48	42D4	8	1138
48	42D5	8	1138
48	42D8	8	1138
48	42DB	8	1138
48	42DD	8	1138
48	42DF	8	1138
48	42E0	8	1138
48	42E2	8	1138
48	42E4	8	1138
48	42E6	8	1138
48	42E8	8	1138
48	42E9	8	1138
48	42EA	8	1138
48	42EB	8	1138
48	42EC	8	1138
48	42ED	8	1138
48	42EE	8	1138
48	42F0	8	1138
48	42F1	8	1138
48	42F2	8	1138
48	42F5	8	1138
48	42F8	8	1138
48	42F9	8	1138
48	42FA	8	1138
48	42FD	8	1138
48	4300	8	1138
48	4301	8	1138
48	4302	8	1138
48	4303	8	1138
48	4305	8	1138
48	4308	8	1138
48	4309	57	1138
48	430A	57	1138
48	430D	57	1138
48	430E	57	1138
48	4310	49	1138
48	4311	49	1138
48	4314	49	1138
48	4315	49	1138
48	4317	49	1138
48	4318	49	1138
48	431A	8	1138
48	431B	8	1138
48	431D	8	1138
48	431F	8	1138
48	4320	8	1138
48	4322	8	1138
48	4323	8	1138
48	4326	8	1138
48	4328	8	1138
48	432B	8	1138
48	432C	8	1138
48	432D	8	1138
48	4330	8	1138
48	4333	8	1138
48	4334	8	1138
48	4335	8	1138
48	4338	8	1138
48	433B	8	1138
48	433C	8	1138
48	433D	8	1138
48	433F	8	1138
48	4342	8	1138
48	4343	187	1138
48	4344	187	1138
48	4347	187	1138
48	4348	187	1138
48	434A	179	1138
48	434B	179	1138
48	434E	179	1138
48	434F	179	1138
48	4351	179	1138
48	4352	179	1138
48	4354	8	1138
48	4355	8	1138
48	4357	8	1138
48	435A	8	1138
48	435C	8	1138
48	435E	8	1138
48	4360	8	1138
48	4363	8	1138
48	4365	8	1138
48	4368	8	1138
48	436A	8	1138
48	436D	8	1138
48	4370	8	1138
48	4372	8	1138
48	4373	8	1138
48	4375	8	1138
48	4376	8	1138
48	4377	8	1138
48	437A	8	1140
48	437B	8	1140
48	437E	8	1140
48	4381	8	1140
48	4383	8	1140
48	4385	8	1140
48	4387	8	1140
48	4388	8	1140
48	4389	8	1140
48	438C	8	1140
48	438D	8	1140
48	4390	8	1140
48	4391	8	1140
48	4393	8	1140
48	4396	8	1140
48	4398	8	1140
48	439A	8	1140
48	439B	8	1140
48	439D	8	1140
48	439E	8	1140
48	43A0	8	1140
48	43A3	8	1140
48	43A9	8	1140
48	43AB	8	1140
48	43AE	8	1140
48	43AF	8	1140
48	43B2	8	1140
48	43B3	8	1140
48	43B5	8	1140
48	43B8	8	1140
48	43BA	8	1140
48	43BC	8	1140
48	43BD	8	1140
48	43BF	8	1140
48	43C0	8	1140
48	43C2	8	1140
48	43C5	8	1140
48	43CB	8	1140
48	43CD	8	1140
48	43CF	8	1140
48	43D2	8	1140
48	43D3	8	1140
48	43D6	8	1140
48	43D9	8	1140
48	43DC	8	1140
48	43DF	8	1140
48	43E1	8	1140
48	43E3	8	1140
48	43E5	8	1140
48	43EB	8	1141
48	43EE	8	1141
48	43F1	8	1141
48	43F4	8	1141
48	43F6	8	1141
48	43F8	8	1141
48	43FA	8	1141
48	4400	8	1142
48	4402	8	1142
48	4403	8	1142
48	4405	8	1142
48	4407	8	1142
48	4409	8	1142
48	440A	8	1140
48	440B	8	1140
48	440D	8	1140
48	440F	8	1140
48	4411	8	1140
48	4413	8	1140
48	4416	8	1140
48	4419	8	1140
48	441C	8	1140
48	441F	8	1140
48	4422	8	1140
48	4425	8	1140
48	4428	8	1140
48	442B	8	1140
48	442E	8	1140
48	4431	8	1140
48	4434	8	1140
48	4437	8	1140
48	4439	8	1140
48	443C	8	1140
48	443E	8	1140
48	4441	8	1140
48	4443	8	1140
48	4446	8	1140
48	4448	8	1140
48	444B	8	1140
48	444D	8	1140
48	4450	8	1140
48	4452	8	1140
48	4455	8	1140
48	4457	8	1140
48	4459	8	1140
48	445B	8	1140
48	445C	8	1140
48	445E	8	1140
48	445F	8	1140
48	4460	10	1138
48	4462	10	1138
48	4464	10	1138
48	4465	10	1138
48	4467	10	1138
48	4469	10	1138
48	446B	10	1138
48	446D	10	1138
48	446E	10	1138
48	4471	10	1138
48	4474	10	1138
48	4477	10	1138
48	447A	10	1138
48	447D	10	1138
48	4480	10	1138
48	4482	10	1138
48	4484	10	1138
48	4486	10	1138
48	448C	10	1139
48	448F	10	1139
48	4492	10	1139
48	4495	10	1139
48	4497	10	1139
48	4499	10	1139
48	449B	10	1139
48	44A1	10	1140
48	44A3	10	1140
48	44A5	10	1140
48	44A7	7	1762
48	44A8	7	1762
48	44AA	7	1762
48	44AC	7	1762
48	44AE	7	1762
48	44B1	7	1762
48	44B4	7	1762
48	44B5	7	1762
48	44B8	7	1762
48	44B9	7	1762
48	44BC	7	1762
48	44BD	7	1762
48	44C0	7	1762
48	44C3	7	1762
48	44C4	7	1762
48	44C7	7	1762
48	44C8	7	1762
48	44CB	7	1762
48	44CC	7	1762
48	44CE	7	1762
48	44D0	7	1762
48	44D2	7	1762
48	44D3	7	1762
48	44D5	7	1762
48	44D6	10	1140
48	44D8	10	1140
48	44D9	10	1140
48	44DB	10	1140
48	44DD	10	1140
48	44DF	10	1140
48	44E0	1	1794
48	44E2	1	1794
48	44E4	1	1794
48	44E6	1	1794
48	44E7	1	1794
48	44E9	1	1794
48	44EB	1	1794
48	44ED	1	1794
48	44EF	1	1794
48	44F2	1	1794
48	44F5	1	1794
48	44F8	1	1794
48	44FB	1	1794
48	44FE	1	1794
48	4501	1	1794
48	4504	1	1794
48	4507	1	1794
48	4509	1	1794
48	450C	1	1794
48	450F	1	1794
48	4511	1	1794
48	4514	1	1794
48	451A	1	1795
48	451D	9	1795
48	4520	9	1796
48	4523	9	1796
48	4529	9	1796
48	452A	9	1796
48	452D	9	1796
48	4533	9	1797
48	4534	9	1797
48	4536	1	1810
48	4538	1	1810
48	4539	1	1810
48	453B	1	1810
48	453D	1	1810
48	453F	1	1810
48	459D	1	1794
48	45A0	1	1794
48	45A2	1	1794
48	45B5	1	1794
48	45B6	1	1794
48	45B9	1	1794
48	45BA	1	1794
48	45BD	1	1794
48	45BE	1	1794
48	45C1	1	1794
48	45C2	1	1794
48	45C5	1	1794
48	45C8	1	1794
48	45CB	1	1794
48	45CD	1	1794
48	45CF	1	1794
48	45D1	1	1794
48	45D3	64	1794
48	45D4	64	1794
48	45D6	64	1794
48	45D9	64	1794
48	45DA	64	1794
48	45DB	64	1794
48	45DD	60	1794
48	45DE	60	1794
48	45DF	60	1794
48	45E0	60	1794
48	45E1	60	1794
48	45E2	60	1794
48	45E3	60	1794
48	45E4	60	1794
48	45E5	60	1794
48	45E7	15	1794
48	45E8	15	1794
48	45EA	15	1794
48	45ED	15	1794
48	45EF	15	1794
48	45F0	60	1794
48	45F1	60	1794
48	45F3	1	1794
48	45F4	4	1794
48	45F7	4	1794
48	45F8	4	1794
48	45FB	4	1794
48	45FC	4	1794
48	45FF	4	1794
48	4600	4	1794
48	4601	4	1794
48	4604	4	1794
48	4605	4	1794
48	4606	4	1794
48	4607	4	1794
48	4609	1	1794
48	460A	1	1794
48	460C	1	1794
48	460F	1	1794
48	4611	1	1794
48	4612	4	1794
48	4613	4	1794
48	4616	11	1112
48	4619	11	1112
48	461A	11	1112
48	461C	11	1112
48	461D	11	1112
48	461F	11	1112
48	4621	5	5397
48	4623	5	5397
48	4625	5	5397
48	4627	5	5397
48	462A	6	1112
48	462C	6	1112
48	462E	6	1112
48	462F	6	1112
48	4631	6	1112
48	4634	6	1112
48	4636	6	1112
48	4639	6	1112
48	463B	6	1112
48	463D	6	1112
48	4640	6	1112
48	4641	6	1112
48	4642	6	1112
48	4643	6	1112
48	4645	6	1112
48	4648	6	1112
48	464A	6	1112
48	464B	6	1112
48	464D	6	1112
48	4650	6	1112
48	4652	6	1112
48	4653	6	1112
48	4654	6	1112
48	4655	6	1112
48	4658	6	1112
48	4659	6	1112
48	465A	6	1112
48	465B	6	1112
48	465F	5	5397
48	4661	5	5397
48	4663	5	5397
48	4664	5	5397
48	4666	5	5397
48	4669	5	5397
48	466B	5	5397
48	466D	5	5397
48	466E	5	5397
48	466F	5	5397
48	4671	5	5397
48	4672	5	5397
48	4674	5	5397
48	4676	5	5397
48	4678	5	5397
48	4679	10	1120
48	467C	10	1120
48	467E	10	1120
48	4681	10	1120
48	4684	10	1120
48	4686	10	1120
48	4688	10	1120
48	4689	10	1120
48	468B	10	1120
48	468E	10	1120
48	4691	10	1120
48	4693	10	1120
48	4695	10	1120
48	4696	10	1120
48	4697	10	1120
48	469A	10	1120
48	469B	38	1120
48	469C	672	1120
48	469D	672	1120
48	469E	672	1120
48	469F	672	1120
48	46A1	38	1120
48	46A2	38	1120
48	46A4	38	1120
48	46A5	38	1120
48	46A6	38	1120
48	46A7	38	1120
48	46A8	38	1120
48	46AA	38	1120
48	46AB	38	1120
48	46AC	38	1120
48	46AD	38	1120
48	46AF	10	1120
48	46B0	10	1120
48	46B3	10	1120
48	46B4	10	1120
48	46B5	10	1120
48	46B6	10	1120
48	46BC	10	1120
48	46BE	10	1120
48	46BF	10	1120
48	46C1	10	1120
48	46C3	10	1120
48	46C5	10	1120
48	46C6	2	1728
48	46C8	2	1728
48	46CA	2	1728
48	46CB	2	1728
48	46CD	2	1728
48	46CF	2	1728
48	46D1	2	1728
48	46D3	2	1728
48	46D5	2	1728
48	46D8	2	1728
48	46DB	2	1728
48	46DE	2	1728
48	46E1	2	1728
48	46E4	2	1728
48	46E6	2	1728
48	46E9	2	1728
48	46EC	2	1728
48	46EE	2	1728
48	46F4	2	1728
48	46FA	48	1730
48	46FD	48	1731
48	4700	48	1731
48	4706	48	1731
48	4707	48	1731
48	470A	48	1731
48	470D	48	1731
48	4710	48	1731
48	4711	48	1731
48	4713	12	1734
48	4715	12	1734
48	471B	12	1735
48	471C	12	1735
48	471E	2	1760
48	4720	2	1760
48	4721	2	1760
48	4723	2	1760
48	4725	2	1760
48	4727	2	1760
48	4748	477	1140
48	474A	477	1140
48	474B	477	1140
48	474E	477	1140
48	474F	477	1140
48	4752	477	1140
48	4753	477	1140
48	4756	477	1140
48	4757	477	1140
48	475A	477	1140
48	475B	477	1140
48	475E	477	1140
48	475F	477	1140
48	4760	477	1140
48	4763	477	1140
48	4764	477	1140
48	4767	477	1140
48	4768	477	1140
48	476B	477	1140
48	476C	477	1140
48	476F	477	1140
48	4770	477	1140
48	4773	477	1140
48	4774	477	1140
48	4777	3372	1140
48	4778	3372	1140
48	4779	3372	1140
48	477A	3372	1140
48	477B	3372	1140
48	477C	3372	1140
48	477F	3372	1140
48	4780	3372	1140
48	4781	3372	1140
48	4783	1100	1140
48	4785	1100	1140
48	4786	1100	1140
48	4787	1100	1140
48	4788	1100	1140
48	478A	2272	1140
48	478B	2272	1140
48	478C	2272	1140
48	478E	1795	1140
48	478F	1795	1140
48	4790	1795	1140
48	4791	1795	1140
48	4793	477	1140
48	4794	477	1140
48	4795	477	1140
48	4796	477	1140
48	4798	477	1140
48	479A	477	1140
48	479C	477	1140
48	479E	477	1140
48	47A0	477	1140
48	47A2	477	1140
48	47A4	477	1140
48	47A6	477	1140
48	47A8	477	1140
48	47A9	477	1140
48	47AA	477	1140
48	47AB	477	1140
48	47AC	477	1140
48	47AD	477	1140
48	47AE	477	1140
48	47B0	477	1140
48	47B2	477	1140
48	47B3	477	1140
48	47B5	477	1140
48	47B7	477	1140
48	47B9	477	1140
48	47BA	477	1140
48	47BC	477	1140
48	47BE	477	1140
48	47C0	477	1140
48	47C3	477	1140
48	47C4	477	1140
48	47C5	477	1140
48	47C8	477	1140
48	47C9	477	1140
48	47CC	477	1140
48	47CD	477	1140
48	47D0	477	1140
48	47D1	477	1140
48	47D4	477	1140
48	47D6	3816	1140
48	47D7	3816	1140
48	47D8	3816	1140
48	47D9	3816	1140
48	47DA	3816	1140
48	47DB	3816	1140
48	47DD	477	1140
48	47E0	477	1140
48	47E1	477	1140
48	47E4	477	1140
48	47E5	477	1140
48	47E8	477	1140
48	47E9	477	1140
48	47EC	477	1140
48	47EE	3816	1140
48	47EF	3816	1140
48	47F0	3816	1140
48	47F1	3816	1140
48	47F2	3816	1140
48	47F3	3816	1140
48	47F5	477	1140
48	47F6	477	1140
48	47F8	477	1140
48	47FB	477	1140
48	47FD	477	1140
48	47FE	477	1140
48	4800	477	1140
48	4803	477	1140
48	4805	477	1140
48	4807	477	1140
48	4808	477	1140
48	480A	477	1140
48	480C	477	1140
48	480E	477	1140
48	4899	1	326
48	489C	1	326
48	489E	1	326
48	48A1	1	326
48	48A4	1	326
48	48A5	1	326
48	48A7	1	326
48	48AA	1	326
48	48AD	1	326
48	48AE	1	326
48	48AF	1	326
48	48B0	1	326
48	48B1	1	326
48	48B2	1	326
48	48B3	1	326
48	48B4	1	326
48	48B5	1	326
48	48B6	1	326
48	48B7	1	326
48	48BB	7	1112
48	48E1	7	326
48	48E2	7	326
48	48E5	7	326
48	48E8	7	326
48	48EA	7	326
48	48EC	7	326
48	48EE	112	326
48	48EF	112	326
48	48F2	112	326
48	48F3	112	326
48	48F4	112	326
48	48F5	112	326
48	48FE	112	326
48	48FF	112	326
48	4901	7	326
48	4904	7	326
48	4906	7	326
48	4908	392	326
48	4909	392	326
48	490C	392	326
48	490D	392	326
48	490E	392	326
48	490F	392	326
48	4911	7	326
48	4914	7	326
48	4915	7	326
48	4918	392	326
48	4919	392	326
48	491B	7	326
48	491E	7	326
48	491F	7	326
48	495C	6	1112
48	495F	6	1112
48	4961	6	1112
48	4963	6	1112
48	4964	6	1112
48	4966	6	1112
48	4968	6	1112
48	496A	6	1112
48	496D	6	1112
48	496F	6	1112
48	4971	6	1112
48	4974	6	1112
48	4977	6	1112
48	4978	6	1112
48	4979	6	1112
48	497A	6	1112
48	497B	6	1112
48	497C	6	1112
48	497E	6	1112
48	4981	6	1112
48	4983	6	1112
48	4984	6	1112
48	4986	6	1112
48	4989	6	1112
48	498B	6	1112
48	49DB	1	1762
48	49E1	1	1762
48	49E3	1	1762
48	49E5	1	1762
48	49E8	1	1762
48	49EB	1	1762
48	49ED	1	1762
48	49EE	1	1762
48	49F0	1	1762
48	49F2	1	1762
48	49F4	1	1762
48	4A29	1	1762
48	4A2B	1	1762
48	4A31	1	2377
48	4A32	1	2377
48	4A33	1	2377
48	4A34	1	2377
48	4A36	1	2377
48	4A38	1	2377
48	4A3B	1	2377
48	4A3E	1	2377
48	4A3F	1	2377
48	4A40	1	2377
48	4A42	1	2377
48	4A45	1	2377
48	4A4B	1	2377
48	4A4D	1	2377
48	4A4E	1	1112
48	4A54	1	1112
48	4A56	1	1112
48	4A58	1	1112
48	4A5B	1	1112
48	4A5E	1	1112
48	4A60	1	1112
48	4A61	1	1112
48	4A63	1	1112
48	4A65	1	1112
48	4A74	1	1112
48	4A76	1	1112
48	4A79	1	1112
48	4A7C	1	1112
48	4A7D	1	1112
48	4A7E	1	1112
48	4A80	1	1112
48	4A83	1	1112
48	4A89	1	1112
48	4A8B	1	1112
48	4AAB	1	22
48	4AAD	1	22
48	4AAF	1	22
48	4AB0	1	22
48	4AB2	1	22
48	4AB4	1	22
48	4AB6	1	22
48	4AB9	1	22
48	4ABB	1	22
48	4ABD	1	22
48	4AC0	1	22
48	4AC3	1	22
48	4AC5	1	22
48	4AC6	32	22
48	4AC7	32	22
48	4AC8	32	22
48	4ACA	1	22
48	4ACB	1	22
48	4ACD	1	22
48	4AD0	1	22
48	4AD2	1	22
48	4AD3	1	22
48	4AD5	1	22
48	4AD8	1	22
48	4ADA	1	22
4E	4658	1	22
4E	465A	1	22
4E	465C	1	22
4E	465F	1	22
4E	4661	1	22
4E	4663	1	22
4E	4666	1	22
4E	4669	1	22
4E	466C	1	22
4E	466F	1	22
4E	4672	1	22
4E	4675	1	22
4E	4678	1	22
4E	467B	1	22
4E	467E	1	22
4E	4681	1	22
4E	4683	1	22
4E	4687	1	22
4E	468A	1	22
4E	468B	1	22
4E	468E	1	22
4E	4691	1	22
4E	4694	1	22
4E	4697	1	22
4E	469A	1	22
4E	469B	1	22
4E	469D	1	22
4E	46A0	1	22
4E	46CF	1	326
4E	46D1	1	326
4E	46D3	1	326
4E	46D6	1	326
4E	46D8	1	326
4E	46DA	1	326
4E	46DD	1	326
4E	46E0	1	326
4E	46E3	1	326
4E	46E6	1	326
4E	46E9	1	326
4E	46EC	1	326
4E	46ED	1	326
4E	46EF	1	326
4E	46F2	1	326
4E	46F3	1	326
4E	46F5	1	326
4E	46F8	1	326
4E	46FB	1	326
4E	46FE	1	326
4E	4701	1	327
4E	4704	1	327
4E	4707	1	327
4E	470A	1	327
4E	470D	1	327
4E	470E	1	327
4E	4710	1	327
4E	4713	1	327
4E	4714	1	327
4E	4716	1	327
4E	4719	1	327
4E	471B	1	327
4E	471C	1	327
4E	471E	1	327
4E	4720	1	327
4E	4722	1	327
4E	4725	1	327
4E	4726	1	327
4E	4728	1	327
4E	4729	1	327
4E	472B	1	327
4E	472E	1	327
4E	472F	1	327
4E	4739	6	22
4E	473C	3376	22
4E	473D	3376	22
4E	473E	3376	22
4E	473F	3376	22
4E	4741	3376	22
4E	4742	3376	22
4E	4743	3376	22
4E	4744	3376	22
4E	4745	3376	22
4E	4746	3376	22
4E	4748	6	22
4E	4795	1	22
4E	4797	1	22
4E	4799	1	22
4E	479C	1	22
4E	479E	1	22
4E	47A0	1	22
4E	47A3	1	22
4E	47A6	1	22
4E	47A9	1	22
4E	47AC	1	22
4E	47AF	1	22
4E	47B0	1	22
4E	47B3	1	22
4E	47B4	1	22
4E	47B7	1	22
4E	47B8	1	22
4E	47BB	1	22
4E	47BC	1	22
4E	47BF	1	22
4E	47C2	1	22
4E	47C5	1	22
4E	47C8	1	22
4E	47CB	1	22
4E	47CE	1	22
4E	47D1	1	22
4E	47D4	1	22
4E	47D5	1	22
4E	47D8	1	22
4E	47D9	1	22
4E	47DC	1	22
4E	47DD	1	22
4E	47E0	1	22
4E	47E1	1	22
4E	47E4	1	22
4E	47E5	1	22
4E	47E7	1	22
4E	47EA	1	22
4F	4000	34	26
4F	4002	34	26
4F	4004	34	26
4F	4006	34	26
4F	4008	34	26
4F	400D	34	26
4F	400E	1	1787
4F	400F	1	1787
4F	4012	1	1787
4F	4015	1	1787
4F	4016	1	1787
4F	4019	1	1787
4F	401A	1	1787
4F	401D	1	1787
4F	4020	1	1787
4F	4021	2	1787
4F	4023	2	1787
4F	4025	32	1787
4F	4026	32	1787
4F	4028	32	1787
4F	4029	32	1787
4F	402B	32	1787
4F	402C	32	1787
4F	402D	32	1787
4F	402F	32	1787
4F	4030	32	1787
4F	4032	32	1787
4F	4033	32	1787
4F	4034	32	1787
4F	4036	1	1787
4F	4037	1	1787
4F	4039	32	1787
4F	403A	32	1787
4F	403C	32	1787
4F	403D	32	1787
4F	403F	32	1787
4F	4040	32	1787
4F	4041	32	1787
4F	4043	32	1787
4F	4044	32	1787
4F	4046	32	1787
4F	4047	32	1787
4F	4048	32	1787
4F	404A	1	1787
4F	404B	314	29
4F	404C	314	29
4F	404F	314	29
4F	4052	314	29
4F	4053	314	29
4F	4056	314	29
4F	4057	314	29
4F	405A	314	29
4F	405D	314	29
4F	405E	628	29
4F	405F	628	29
4F	4061	628	29
4F	4063	628	29
4F	4065	314	29
4F	4067	314	29
4F	4069	314	29
4F	406B	314	29
4F	406D	314	29
4F	406F	5024	29
4F	4070	5024	29
4F	4071	5024	29
4F	4072	5024	29
4F	4073	5024	29
4F	4074	5024	29
4F	4075	5024	29
4F	4076	5024	29
4F	4077	5024	29
4F	4078	5024	29
4F	4079	5024	29
4F	407A	5024	29
4F	407B	5024	29
4F	407C	5024	29
4F	407D	5024	29
4F	407E	5024	29
4F	407F	5024	29
4F	4080	5024	29
4F	4082	628	29
4F	4083	17664	27
4F	4086	17664	27
4F	4087	17664	27
4F	4088	17664	27
4F	4089	17664	27
4F	408A	17664	27
4F	408B	17664	27
4F	408E	15616	27
4F	408F	15616	27
4F	4090	15616	27
4F	4093	14592	27
4F	4094	14592	27
4F	4097	14592	27
4F	4098	14592	27
4F	4099	14592	27
4F	409B	14592	27
4F	409D	14592	27
4F	409E	14592	27
4F	40A0	14592	27
4F	40A2	14592	27
4F	40A3	14592	27
4F	40A4	14592	27
4F	40A5	14592	27
4F	40A7	14592	27
4F	40A9	14592	27
4F	40AA	14592	27
4F	40AB	14592	27
4F	40AD	14592	27
4F	40AE	14592	27
4F	40B0	14592	27
4F	40B1	14592	27
4F	40B2	14592	27
4F	40B4	14592	27
4F	40B7	14592	27
4F	40B8	14592	27
4F	40B9	14592	27
4F	40BB	14592	27
4F	40BD	14592	27
4F	40BE	14592	27
4F	40C0	14592	27
4F	40C2	14592	27
4F	40C3	14592	27
4F	40C4	14592	27
4F	40C5	14592	27
4F	40C7	14592	27
4F	40C9	14592	27
4F	40CA	14592	27
4F	40CB	14592	27
4F	40CD	14592	27
4F	40CE	14592	27
4F	40D0	14592	27
4F	40D1	14592	27
4F	40D2	14592	27
4F	40D4	14592	27
4F	40D5	14592	27
4F	40D7	14592	27
4F	40D8	14592	27
4F	40DA	14592	27
4F	40DD	14592	27
4F	40DF	14592	27
4F	40E0	14592	27
4F	40E2	14592	27
4F	40E4	14592	27
4F	40E6	14592	27
4F	40E7	14592	27
4F	40E9	14592	27
4F	40EC	14592	27
4F	40EE	14592	27
4F	40EF	14592	27
4F	40F0	14592	27
4F	40F2	14592	27
4F	40F4	14592	27
4F	40F5	14592	27
4F	40F6	14592	27
4F	40F8	14592	27
4F	40F9	14592	27
4F	40FB	14592	27
4F	40FC	14592	27
4F	40FE	14592	27
4F	40FF	14592	27
4F	4101	14592	27
4F	4103	14592	27
4F	4105	14592	27
4F	4106	14592	27
4F	4108	14592	27
4F	410B	14592	27
4F	410D	14592	27
4F	410E	14592	27
4F	4110	14592	27
4F	4111	14592	27
4F	4112	14592	27
4F	4113	14592	27
4F	4115	14592	27
4F	4116	14592	27
4F	4118	14592	27
4F	4119	14592	27
4F	411A	14592	27
4F	411C	2048	41
4F	411F	2048	41
4F	4120	2048	41
4F	4121	2048	41
4F	4123	2048	41
4F	4124	2048	41
4F	4126	16640	27
4F	4129	16640	27
4F	412A	16640	27
4F	412C	16640	27
4F	412D	16640	27
4F	412F	16640	27
4F	4130	16640	27
4F	4131	1024	322
4F	4134	1024	322
4F	4135	1024	322
4F	4136	1024	322
4F	4138	1024	322
4F	4139	1024	322
4F	413B	1024	322
4F	413E	1024	322
4F	413F	1024	322
4F	4141	1024	322
4F	4142	1024	322
4F	4144	1024	322
4F	4145	1024	322
4F	4146	43776	27
4F	4147	43776	27
4F	4149	25572	27
4F	414A	25572	27
4F	414B	25572	27
4F	414E	25572	27
4F	414F	25572	27
4F	4150	25572	27
4F	4151	25572	27
4F	4152	25572	27
4F	4153	43776	27
4F	4156	43776	27
4F	4157	43776	27
4F	4158	43776	27
4F	415A	350208	27
4F	415B	350208	27
4F	415D	95639	27
4F	415E	350208	27
4F	4160	350208	27
4F	4162	350208	27
4F	4163	350208	27
4F	4165	43776	27
4F	4166	31	27
4F	4169	31	27
4F	416B	31	27
4F	416D	16	308
4F	416E	16	308
4F	4171	16	308
4F	4172	16	308
4F	4175	16	308
4F	4176	16	308
4F	4179	16	308
4F	417C	16	308
4F	417E	15	27
4F	417F	15	27
4F	4182	15	27
4F	4183	15	27
4F	4186	15	27
4F	4187	15	27
4F	418A	15	27
4F	418B	15	27
4F	418E	31	27
4F	4191	31	27
4F	41C2	31	27
4F	41C5	31	27
4F	41C8	31	27
4F	41CA	1984	27
4F	41CD	1984	27
4F	41CE	1984	27
4F	41D1	1984	27
4F	41D2	1984	27
4F	41D5	1984	27
4F	41D6	1984	27
4F	41D7	1984	27
4F	41DA	1984	27
4F	41DB	1984	27
4F	41DC	1984	27
4F	41DD	1984	27
4F	41DF	31	27
4F	41E0	308	27
4F	41E3	308	27
4F	41E4	308	27
4F	41E5	276	27
4F	41E6	276	27
4F	41E8	276	27
4F	41EA	152	27
4F	41ED	152	27
4F	41EE	152	27
4F	41F0	32	27
4F	41F3	32	27
4F	41F5	32	27
4F	41F7	16	42
4F	41F8	16	42
4F	41FB	16	42
4F	41FE	16	42
4F	4201	16	42
4F	4203	16	27
4F	4206	16	27
4F	4209	16	27
4F	420A	136	27
4F	420D	136	27
4F	420E	136	27
4F	4211	136	27
4F	4213	124	308
4F	4216	124	308
4F	4217	124	308
4F	4219	16	322
4F	421A	16	322
4F	421D	16	322
4F	4220	16	322
4F	4221	16	322
4F	4224	16	322
4F	4226	108	308
4F	4229	108	308
4F	422A	108	308
4F	422D	276	27
4F	4230	276	27
4F	4261	276	27
4F	4264	276	27
4F	4267	276	27
4F	4269	276	27
4F	426A	276	27
4F	426B	276	27
4F	426E	276	27
4F	426F	276	27
4F	4272	276	27
4F	4273	17664	27
4F	4274	17664	27
4F	4275	17664	27
4F	4276	17664	27
4F	4277	17664	27
4F	4278	17664	27
4F	427A	276	27
4F	427B	276	27
4F	427C	276	27
4F	427F	17664	27
4F	4282	17664	27
4F	4283	17664	27
4F	4284	17664	27
4F	4287	17664	27
4F	4288	17664	27
4F	428A	276	28
4F	428C	276	28
4F	428D	276	28
4F	42B4	14	27
4F	42B6	14	27
4F	42B8	14	27
4F	42B9	14	27
4F	42BB	14	27
4F	42BD	14	27
4F	42BF	14	27
4F	42C1	14	27
4F	42C4	14	27
4F	42C7	14	27
4F	42CA	14	27
4F	42CD	14	27
4F	42CF	14	27
4F	42D2	14	27
4F	42D5	14	27
4F	42D7	14	27
4F	42DA	14	27
4F	42DD	14	28
4F	42E0	126	28
4F	42E3	126	29
4F	42E6	126	29
4F	42EC	126	29
4F	42ED	126	29
4F	42F0	126	29
4F	42F3	126	30
4F	42F5	14	43
4F	42F7	14	43
4F	42F8	14	43
4F	42FA	14	43
4F	42FC	14	43
4F	42FE	14	43
4F	42FF	1	331
4F	4301	1	331
4F	4303	1	331
4F	4304	1	331
4F	4306	1	331
4F	4308	1	331
4F	430A	1	331
4F	430C	1	331
4F	430F	1	331
4F	4312	1	331
4F	4315	1	331
4F	4318	1	331
4F	431A	1	331
4F	431D	1	331
4F	4320	1	331
4F	4322	1	331
4F	4325	1	331
4F	4328	1	332
4F	432B	17	332
4F	432E	17	333
4F	4331	17	333
4F	4337	17	333
4F	4338	17	333
4F	433B	17	333
4F	433E	17	334
4F	4340	1	363
4F	4342	1	363
4F	4343	1	363
4F	4345	1	363
4F	4347	1	363
4F	4349	1	363
4F	4370	14	308
4F	4372	14	308
4F	4374	14	308
4F	4375	14	308
4F	4377	14	308
4F	4379	14	308
4F	437B	14	308
4F	437D	14	308
4F	4380	14	308
4F	4383	14	308
4F	4386	14	308
4F	4389	14	308
4F	438B	14	308
4F	438E	14	308
4F	4391	14	308
4F	4393	14	308
4F	4396	14	308
4F	4399	112	309
4F	439C	112	310
4F	439F	112	310
4F	43A5	112	310
4F	43A6	112	310
4F	43A9	112	310
4F	43AC	112	311
4F	43AE	14	323
4F	43B0	14	323
4F	43B1	14	323
4F	43B3	14	323
4F	43B5	14	323
4F	43B7	14	323
4F	45C6	3	3266
4F	45C8	3	3266
4F	45CA	3	3266
4F	45CB	3	3266
4F	45CD	3	3266
4F	45CF	3	3266
4F	45D1	3	3266
4F	45D3	10	3266
4F	45D6	10	3266
4F	45D7	160	3266
4F	45D8	160	3266
4F	45DA	160	3266
4F	45DB	160	3266
4F	45DC	160	3266
4F	45DE	160	3266
4F	45DF	160	3266
4F	45E0	160	3266
4F	45E1	160	3266
4F	45E2	160	3266
4F	45E4	2	3266
4F	45E6	160	3266
4F	45E7	160	3266
4F	45E8	160	3266
4F	45EA	10	3266
4F	45EB	10	3266
4F	45EC	10	3266
4F	45EE	10	3266
4F	45EF	10	3266
4F	45F1	10	3266
4F	45F2	10	3266
4F	45F3	10	3266
4F	45F5	10	3266
4F	45F6	10	3266
4F	45F7	10	3266
4F	45F8	10	3266
4F	45FA	3	3266
4F	45FC	3	3266
4F	45FD	3	3266
4F	45FF	3	3266
4F	4601	3	3266
4F	4603	3	3266
4F	4717	1	8
4F	4718	1	8
4F	4719	1	8
4F	471A	1	8
4F	471C	1	8
4F	471E	1	8
4F	4720	1	8
4F	4722	1	8
4F	4724	1	8
4F	4726	1	8
4F	4728	1	8
4F	472A	1	8
4F	472C	1	8
4F	472E	1	8
4F	4731	1	8
4F	4734	1	8
4F	4735	1	8
4F	4738	1	8
4F	473B	1	8
4F	473E	1	8
4F	473F	1	8
4F	4742	1	8
4F	4744	1	8
4F	4746	1	8
4F	4749	1	8
4F	474C	1	8
4F	474D	1	8
4F	4750	1	10
4F	4752	1	10
4F	4754	6	10
4F	4755	6	10
4F	4757	6	10
4F	475A	6	10
4F	475D	6	10
4F	475E	6	10
4F	4761	6	11
4F	4762	6	11
4F	4763	6	11
4F	4765	1	14
4F	4766	1	14
4F	4768	1	14
4F	476A	1	14
4F	476D	1	14
4F	4770	1	14
4F	4771	1	14
4F	4774	1	15
4F	4776	1	15
4F	4778	1	15
4F	477A	1	15
4F	477C	1	15
4F	477E	1	15
4F	4780	1	16
4F	4783	1	16
4F	4786	1	16
4F	4789	1	16
4F	478A	1	16
4F	478D	1	16
4F	4793	1	16
4F	4796	1	16
4F	4798	1	16
4F	479A	1	16
4F	479B	1	16
4F	479D	1	16
4F	479F	1	16
4F	47A1	1	16
4F	47A2	1	16
4F	47A3	1	17
4F	47A4	1	17
4F	47A5	1	17
4F	47A7	1	17
4F	47A9	1	17
4F	47AC	1	17
4F	47AF	1	17
4F	47B2	1	17
4F	47B5	1	17
4F	47B6	1	17
4F	47B9	1	17
4F	47BC	1	17
4F	47BF	1	17
4F	47C0	1	17
4F	47C3	1	17
4F	47C6	1	17
4F	47C7	1	17
4F	47C8	1	17
4F	47CB	1	17
4F	47CE	1	17
4F	47D1	1	17
4F	47D2	1	17
4F	47D4	1	17
4F	47D6	1	17
4F	47D8	1	17
4F	47D9	1	17
4F	47DA	1	17
4F	47DC	1	17
4F	47DE	6	17
4F	47DF	6	17
4F	47E1	6	17
4F	47E2	6	17
4F	47E5	6	17
4F	47E8	6	17
4F	47EB	6	18
4F	47EE	6	18
4F	47EF	6	18
4F	47F0	6	18
4F	47F2	1	22
4F	47F3	1	22
4F	47F6	1	22
4F	47FC	1	22
51	404A	1	6309
51	404D	1	6310
51	404F	1	6310
51	4051	1	6310
51	4053	1	6310
51	4054	1	6310
51	4056	1	6310
51	4058	1	6310
51	405A	1	6310
51	405C	1	6310
51	405E	1	6310
51	4060	1	6310
51	4066	1	6310
51	4069	1	6310
51	406C	1	6310
51	406D	1	6310
51	4070	1	6310
51	4073	1	6310
51	4075	1	6310
51	4077	1	6310
51	407A	1	6310
51	407D	1	6310
51	407F	1	6310
51	4081	1	6310
51	4083	1	6310
51	4089	1	6311
51	408C	1	6311
51	408F	1	6311
51	4091	1	6311
51	4093	1	6311
51	4095	1	6311
51	409B	1	6312
51	409E	1	6312
51	40A1	1	6312
51	40A4	1	6312
51	40A6	1	6312
51	40AC	1	6312
51	40AF	1	6312
51	40B2	1	6312
51	40B5	1	6312
51	40B7	1	6312
51	40BD	1	6312
51	4105	1	6312
51	4108	1	6312
51	4109	1	6312
51	410B	1	6312
51	410D	1	6312
51	4110	1	6312
51	4117	1	6312
51	4119	1	6312
51	411C	1	6312
51	411E	1	6312
51	4120	1	6312
51	4123	1	6312
51	4128	1	6312
51	4129	1	6312
51	412B	1	6312
51	412E	1	6312
51	4131	1	6312
51	4134	1	6312
51	4137	1	6312
51	4138	1	6312
51	413B	1	6312
51	413E	1	6312
51	4140	1	6312
51	4142	1	6312
51	4145	1	6312
51	414A	1	6312
51	414C	1	6312
51	414D	1	6312
51	414F	1	6312
51	4150	1	6312
51	4152	1	6312
51	4155	1	6312
51	4158	1	6312
51	4159	1	6312
51	415C	1	6312
51	415E	1	6312
51	4161	1	6313
51	4167	1	6313
51	416D	1	6329
51	4170	1	6329
51	4172	1	6329
51	4174	1	6329
51	4176	1	6329
51	4177	1	6329
51	4179	1	6329
51	417B	1	6329
51	417E	1	6329
51	4181	1	6329
51	4182	1	6329
51	4184	1	6329
51	4196	1	6329
51	4197	1	6329
51	4199	520	6329
51	419F	520	6329
51	41A2	520	6330
51	41A8	520	6330
51	41AE	520	6330
51	41BB	1	6849
51	41C7	1	6849
51	41CD	1	6864
51	41D3	1	6864
51	41D5	1	6864
51	41D7	1	6864
51	41D8	3	6312
51	41D9	3	6312
51	41DA	3	6312
51	41DC	3	6312
51	41DE	3	6312
51	41DF	3	6312
51	41E1	3	6312
51	41E3	3	6312
51	41E4	3	6312
51	41F3	3	6312
51	41F4	3	6312
51	41F5	3	6312
51	41F6	3	6312
51	41F7	3	6312
51	41F8	3	6312
51	41F9	3	6312
51	41FA	3	6312
51	41FB	3	6312
51	41FC	3	6312
51	41FD	3	6312
51	41FE	2	6312
51	41FF	2	6312
51	4200	2	6312
51	4201	2	6312
51	4202	2	6312
51	4203	2	6312
51	4205	2	6312
51	4206	2	6312
51	4208	2	6312
51	420A	2	6312
51	420B	2	6312
51	420C	2	6312
51	420D	2	6312
51	420E	2	6312
51	4211	2	6312
51	4212	2	6312
51	4214	2	6312
51	4215	2	6312
51	4218	2	6312
51	4219	2	6312
51	421A	2	6312
51	421B	2	6312
51	421E	2	6312
51	421F	2	6312
51	4221	2	6312
51	4222	2	6312
51	4223	2	6312
51	4224	2	6312
51	4239	2	6309
51	423A	2	6309
51	423D	2	6309
51	423E	2	6309
51	423F	2	6309
51	4240	2	6309
51	4241	2	6309
51	4242	2	6309
51	4243	2	6309
51	4244	2	6309
51	4245	1	5397
51	4246	1	5397
51	4249	1	5397
51	424C	1	5397
51	424F	1	5397
51	4252	1	5397
51	4255	1	5397
51	4258	1	5397
51	425B	1	5397
51	425E	1	5397
54	4000	1	5882
54	4002	1	5882
54	4005	1	5882
54	4008	1	5882
54	4009	1	5882
54	400A	1	5882
54	400B	1	5882
54	400C	1	5882
54	400D	1	5882
54	4010	1	5882
54	403D	1	5416
54	403F	1	5416
54	4042	1	5416
54	4044	1	5416
54	4047	1	5416
54	4048	1	5416
54	404B	1	5416
54	404E	1	5416
54	404F	1	5416
54	4050	1	5416
54	4051	1	5416
54	4054	1	5416
54	4056	1	5416
54	405C	1	5416
54	405D	239	5520
54	4060	239	5520
54	4062	239	5520
54	4064	239	5520
54	4066	239	5520
54	4068	235	5520
54	406A	235	5520
54	4071	4	5563
54	4074	4	5563
54	4075	4	5563
54	4076	4	5563
54	4077	4	5563
54	4079	3	5725
54	407A	3	5725
54	407C	2	5726
54	407D	2	5726
54	407F	1	5758
54	4080	1	5758
54	4086	1	5563
54	4089	1	5563
54	408B	1	5563
54	4091	1	5563
54	4093	1	5563
54	4094	1	5725
54	4097	1	5725
54	4099	1	5725
54	409F	1	5725
54	40A2	1	5725
54	40A4	1	5725
54	40A5	1	5725
54	40A7	1	5725
54	40B7	1	5726
54	40BA	1	5726
54	40BB	1	5726
54	4102	1	5726
54	4103	1	5726
54	4106	1	5726
54	410C	1	5726
54	410F	1	5726
54	4115	1	5726
54	4118	1	5726
54	411E	1	5726
54	4121	1	5726
54	4127	1	5726
54	4129	1	5726
54	412C	1	5726
54	4132	1	5726
54	4134	1	5726
54	4135	1	5758
54	4138	1	5758
54	4139	1	5758
54	413A	1	5758
54	4141	1	5725
54	4142	1	5725
54	4145	1	5725
54	4147	1	5725
54	414A	1	5725
54	414D	1	5725
54	4153	1	5725
54	4156	1	5725
54	4158	1	5725
54	4176	1	5725
54	4178	1	5725
54	417B	1	5725
54	417D	1	5725
54	4180	1	5725
54	4183	1	5725
54	4185	1	5725
54	418B	1	5725
54	418C	1	6027
54	418E	1	6027
54	4191	1	6027
54	4193	1	6027
54	4196	1	6027
54	4197	1	6027
54	419A	1	6027
54	419C	1	6027
54	41A2	1	6027
54	41A3	146	6028
54	41A6	146	6028
54	41A8	146	6028
54	41AA	146	6028
54	41AC	146	6028
54	41AE	145	6028
54	41B0	145	6028
54	41B7	1	6173
54	41B9	1	6173
54	41BF	1	6173
54	41C2	1	6173
54	41C3	1	6173
54	41C4	1	6173
54	423C	1	6173
54	423E	1	6173
54	4241	1	6173
54	4243	1	6173
54	4246	1	6173
54	4247	1	6173
54	424A	1	6173
54	424D	1	6173
54	424F	1	6173
54	425A	1	6173
54	425D	1	6173
54	425F	1	6173
54	4261	1	6173
54	4262	1	6173
54	4265	1	6173
54	4266	1	6174
54	4269	1	6174
54	426B	1	6174
54	426D	1	6174
54	426F	1	6174
54	427A	1	6174
54	427C	1	6174
54	4282	1	6174
54	4285	1	6174
54	4286	1	6174
54	4287	1	6174
54	44AC	20	5883
54	44AF	20	5883
54	44B0	20	5883
54	44B2	20	5883
54	44B5	20	5883
54	44B6	20	5883
54	44B9	20	5883
54	44BA	20	5883
54	44BC	20	5883
54	44BD	20	5883
54	44C1	20	5883
54	44C2	20	5883
54	485C	1	5882
54	485F	1	5882
54	4861	1	5882
54	4864	1	5882
54	4866	1	5882
54	4869	1	5882
54	486A	1	5882
54	486D	1	5882
54	4870	1	5882
54	4873	1	5882
54	4879	1	5882
54	487C	1	5882
54	4882	1	5882
54	4885	1	5882
54	4887	1	5882
54	4889	1	5882
54	488C	1	5882
54	488E	1	5882
54	4894	1	5882
54	489B	20	5883
54	489E	20	5883
54	48A4	20	5885
54	48A7	20	5885
54	48A9	20	5885
54	48AB	20	5885
54	48AD	20	5885
54	48AF	18	5885
54	48B1	18	5885
54	48B8	2	5900
54	48BB	2	5900
54	48BC	2	5900
54	48BD	2	5900
54	48BE	2	5900
54	48C0	1	5903
54	48C1	1	5903
54	48F9	1	5900
54	48FB	1	5900
54	48FE	1	5900
54	4904	1	5900
54	4906	1	5900
54	4907	1	5903
54	490A	1	5903
54	490B	1	5903
54	490C	1	5903
54	490F	1	5903
54	4910	1	5903
54	4911	1	5903
54	4912	1	5903
54	4913	1	5903
57	4000	1	4644
57	4001	1	4644
57	4002	1	4644
57	4003	1	4644
57	4006	1	4644
57	4009	1	4644
57	400C	1	4644
57	4012	1	4644
57	4013	1	4644
57	4014	1	4644
57	4015	1	4644
57	4018	1	4644
57	4019	1	4644
57	401C	1	4644
57	401D	1	4644
57	4020	1	4644
57	4021	1	4644
57	4022	1	4644
57	4023	1	4644
57	4026	1	4644
57	4029	2	4644
57	402B	2	4644
57	402D	2	4644
57	402F	2	4644
57	4031	2	4644
57	4032	2	4644
57	4034	2	4644
57	4036	2	4644
57	4038	2	4644
57	403A	2	4644
57	403C	2	4644
57	403E	2	4644
57	4044	2	4644
57	4046	2	4644
57	4049	2	4644
57	404C	2	4669
57	404F	2	4669
57	4051	2	4669
57	4052	2	4669
57	4054	2	4669
57	4056	2	4669
57	4059	2	4669
57	405C	2	4669
57	405D	2	4669
57	405F	653	4669
57	4062	653	4670
57	4063	653	4670
57	4065	651	4670
57	4068	2	5262
57	406B	2	5277
57	4071	2	5277
57	4074	2	5277
57	4075	2	5277
57	4077	2	5277
57	4079	2	5277
57	407B	1	5277
57	407D	1	5277
57	4082	1	5277
57	4085	1	5277
57	4087	1	5277
57	408A	1	5277
57	4096	1	5382
57	409C	1	5397
57	409F	1	5397
57	40A0	1	5397
57	40A3	1	5397
57	40A4	1	5397
57	40A7	1	5397
57	40A8	1	5397
57	40A9	1	5397
57	40AA	1	5397
57	40AB	1	5397
57	40AE	1	5397
57	40B1	1	5397
57	40B2	1	5397
57	40B5	1	5397
57	40B6	1	5397
57	40B7	1	5397
57	40BA	1	5397
57	40BB	1	5397
57	40BC	1	5397
57	40BF	1	5397
57	40C2	1	5397
57	40C3	4	5397
57	40C4	4	5397
57	40C5	4	5397
57	40C6	4	5397
57	40C9	4	5397
57	40CF	4	5397
57	40D0	4	5397
57	40D2	1	5397
57	40D4	1	5397
57	40D7	1	5397
57	40DD	1	5397
57	40DF	1	5397
57	40E0	653	4669
57	40E3	653	4669
57	40E5	653	4669
57	40E8	653	4669
57	40EE	653	4669
57	40F1	653	4670
57	40F7	653	4670
57	40FD	653	4670
57	40FF	653	4670
57	4100	653	4670
57	4101	2	5262
57	4102	2	5262
57	4105	2	5262
57	4107	2	5262
57	4109	2	5262
57	410C	2	5262
57	410E	2	5262
57	4111	1	5367
57	4114	1	5367
57	4116	1	5367
57	4119	1	5367
57	411B	1	5367
57	411E	1	5367
57	4121	1	5367
57	4123	1	5367
57	41CA	1	5262
57	41CC	1	5262
57	41CE	1	5262
57	41D0	1	5262
57	41D2	1	5262
57	41D4	1	5262
57	41D6	1	5262
57	41DE	1	5262
57	41E0	1	5262
57	41E3	1	5262
57	41E6	1	5262
57	41E8	1	5262
57	41EA	1	5262
57	41EC	1	5262
57	41EF	1	5262
57	41F2	1	5262
57	41F4	1	5262
57	41F5	1	5262
57	41F7	1	5262
57	41F9	1	5262
57	41FA	1	5262
57	41FD	1	5262
57	4443	1	5367
57	4445	1	5367
57	4447	1	5367
57	4453	1	5367
57	4455	1	5367
57	4458	1	5367
57	445A	1	5367
57	445D	1	5367
57	44E4	2	4669
57	44E7	2	4669
57	44E9	2	4669
57	44EB	2	4669
57	44EE	2	4669
57	44F0	2	4669
57	44F3	1	5305
57	44F6	1	5305
57	44F8	1	5305
57	44FB	1	5305
57	44FE	1	5305
57	4500	1	5305
57	4503	1	5305
57	4506	1	5305
57	4508	1	5305
57	4511	1	4669
57	459A	1	5305
57	459C	1	5305
57	459F	1	5305
57	45A2	1	5305
57	45A5	1	5305
57	45A6	1	5305
57	45A9	1	5305
57	45AC	4	5305
57	45AE	4	5305
57	45B1	4	5305
57	45B3	4	5305
57	45B4	4	5305
57	45B5	4	5305
57	45B6	4	5305
57	45B8	1	5305
57	45BB	1	5307
57	45E6	2	5262
57	45E9	2	5262
57	45EC	2	5262
57	45ED	2	5262
57	45F0	2	5262
57	45F3	2	5262
57	45F4	2	5262
57	45F6	2	5262
57	45F8	2	5262
57	45FB	2	5262
57	45FD	2	5262
57	4600	1	5367
57	4603	1	5367
57	4605	1	5367
57	4608	1	5367
57	460B	1	5367
57	460D	1	5367
57	4610	1	5367
57	4613	1	5367
57	4615	1	5367
57	4668	1	5262
57	466B	1	5262
57	466C	1	5262
57	466E	1	5262
57	4674	1	5277
57	4677	1	5277
57	467A	1	5277
57	467D	1	5277
57	4771	1	5367
57	4774	1	5367
57	4776	1	5367
57	4777	1	5367
57	477D	1	5382
57	47A6	2	4644
57	47A9	2	4644
57	47AB	2	4644
57	47AD	2	4644
57	47B0	2	4644
57	47B2	2	4644
57	47B5	1	5277
57	47B8	1	5277
57	47BA	1	5277
57	47BD	1	5277
57	47C0	1	5277
57	47C2	1	5277
57	47C5	1	5277
57	47C8	1	5277
57	47CA	1	5277
57	47D1	1	4644
57	47D4	1	4644
57	47D7	1	4644
57	47D9	1	4644
57	47DB	1	4644
57	47DD	1	4644
57	47E3	1	4645
57	47E6	1	4645
57	47E9	1	4645
57	47EB	1	4645
57	47ED	1	4645
57	47EF	1	4645
57	47F5	1	4646
57	47F8	1	4646
57	47FB	1	4646
57	47FE	1	4646
57	4800	1	4646
57	4806	1	4646
57	4809	1	4646
57	480C	1	4646
57	480F	1	4646
57	4811	1	4646
57	4817	1	4646
57	481A	1	4646
57	481D	1	4646
57	481F	1	4646
57	4821	1	4646
57	4827	1	4646
57	482A	1	4646
57	482D	1	4646
57	4830	1	4646
57	4832	1	4646
57	4835	1	4646
57	4838	1	4646
57	483B	1	4646
57	4841	1	4646
57	4843	1	4646
57	4846	1	4646
57	4849	1	4646
57	484C	1	4646
57	4852	1	4646
57	4854	1	4646
57	4856	1	4646
57	4857	1	4646
57	4859	1	4646
57	485B	1	4646
57	485D	1	4646
57	485F	1	4646
57	4860	1	4646
57	4863	1	4646
57	4866	1	4646
57	4869	1	4646
57	486C	1	4646
57	486F	1	4646
57	4871	1	4646
57	4873	1	4646
57	4875	1	4646
57	487B	1	4647
57	487E	1	4647
57	4881	1	4647
57	4883	1	4647
57	4885	1	4647
57	4887	1	4647
57	488D	1	4648
57	488F	1	4648
57	4890	1	4648
57	4892	1	4648
57	4894	1	4648
57	4896	1	4648
57	4898	1	4648
57	489A	1	4648
57	489B	1	4648
57	489D	1	4648
57	489F	1	4648
57	48A1	1	4648
57	48A3	1	4648
57	48A4	1	4648
57	48A7	1	4648
57	48AA	1	4648
57	48AD	1	4648
57	48B0	1	4648
57	48B3	1	4648
57	48B6	1	4648
57	48B8	1	4648
57	48BA	1	4648
57	48BC	1	4648
57	48C2	1	4649
57	48C5	1	4649
57	48C8	1	4649
57	48CA	1	4649
57	48CC	1	4649
57	48CE	1	4649
57	48D4	1	4650
57	48D7	1	4650
57	48DA	1	4650
57	48DC	1	4650
57	48DE	1	4650
57	48E0	1	4650
57	48E6	1	4651
57	48E8	1	4651
57	48E9	1	4651
57	48EB	1	4651
57	48ED	1	4651
57	48EF	1	4651
57	48F2	1	4651
57	48F4	1	4651
57	48F6	1	4651
57	48F8	1	4651
57	48FB	1	4651
57	48FD	1	4651
57	4900	1	4651
57	4903	1	4651
57	4906	1	4651
57	4909	1	4651
57	490B	1	4651
57	4911	1	4651
57	4E4C	1	5277
57	4E4F	1	5277
57	4E52	1	5277
57	4E54	1	5277
57	4E56	1	5277
57	4E58	1	5277
57	4E5E	1	5278
57	4E61	1	5278
57	4E64	1	5278
57	4E66	1	5278
57	4E68	1	5278
57	4E6A	1	5278
57	4E70	1	5279
57	4E73	1	5279
57	4E76	1	5279
57	4E78	1	5279
57	4E7A	1	5279
57	4E7C	1	5279
57	4E82	1	5280
57	4E85	1	5280
57	4E88	1	5280
57	4E8B	1	5280
57	4E8D	1	5280
57	4E93	1	5280
57	4E96	1	5282
57	4E99	1	5282
57	4E9C	1	5282
57	4E9F	1	5282
57	4EA1	1	5282
57	4EA7	1	5282
57	4EA9	1	5282
57	4EAB	1	5282
57	4EAC	1	5282
57	4EAE	1	5282
57	4EB0	1	5282
57	4EB2	1	5282
57	4EB4	1	5282
57	4EB5	1	5282
57	4EB8	1	5282
57	4EBB	1	5282
57	4EBE	1	5282
57	4EC1	1	5282
57	4EC4	1	5282
57	4EC6	1	5282
57	4EC8	1	5282
57	4ECA	1	5282
57	4ED0	1	5283
57	4ED3	1	5283
57	4ED6	1	5283
57	4ED8	1	5283
57	4EDA	1	5283
57	4EDC	1	5283
57	4EE2	1	5284
57	4EE4	1	5284
57	4EE5	1	5284
57	4EE7	1	5284
57	4EE9	1	5284
57	4EEB	1	5284
57	4EED	1	5284
57	4EEF	1	5284
57	4EF0	1	5284
57	4EF2	1	5284
57	4EF4	1	5284
57	4EF6	1	5284
57	4EF8	1	5284
57	4EF9	1	5284
57	4EFC	1	5284
57	4EFF	1	5284
57	4F02	1	5284
57	4F05	1	5284
57	4F08	1	5284
57	4F0B	1	5284
57	4F0D	1	5284
57	4F0F	1	5284
57	4F11	1	5284
57	4F17	1	5285
57	4F1A	1	5285
57	4F1D	1	5285
57	4F1F	1	5285
57	4F21	1	5285
57	4F23	1	5285
57	4F29	1	5286
57	4F2C	1	5286
57	4F2F	1	5286
57	4F31	1	5286
57	4F33	1	5286
57	4F35	1	5286
57	4F3B	1	5287
57	4F3D	1	5287
57	4F3E	1	5287
57	4F40	1	5287
57	4F42	1	5287
57	4F44	1	5287
57	4F46	1	5287
57	4F49	1	5287
57	4F4B	1	5287
57	4F4E	1	5287
57	4F50	1	5287
57	4F53	1	5287
57	4F56	1	5287
57	5077	2	4651
57	507A	2	4651
57	507D	2	4651
57	507F	2	4651
57	5081	2	4651
57	5083	2	4651
57	5089	2	4652
57	508C	2	4652
57	508F	2	4652
57	5092	2	4652
57	5094	2	4652
57	509A	2	4652
57	509C	2	4652
57	509F	2	4653
57	50A2	2	4653
57	50A4	2	4653
57	50A6	2	4653
57	50AC	2	4653
57	50B2	2	4669
57	510F	2	5280
57	5112	2	5280
57	5114	2	5280
57	5116	2	5280
57	5119	2	5280
57	511B	2	5280
57	511E	2	5280
57	5121	2	5280
57	5123	2	5280
57	5126	2	5280
57	5129	2	5280
57	512B	2	5280
57	512E	2	5280
57	5131	2	5280
57	5133	2	5280
57	5187	2	5280
57	518A	2	5280
57	518D	2	5280
57	5190	2	5280
57	5192	2	5280
57	5198	2	5280
57	519A	2	5280
57	519D	2	5280
57	51A0	2	5280
57	51A3	2	5280
57	51A9	2	5280
57	51BC	2	5280
57	51BF	2	5280
57	51C0	2	5280
57	51C2	1	5305
57	51C3	1	5305
57	51C4	1	5305
57	51C7	1	5305
57	51C9	4	5305
57	51CA	4	5305
57	51CB	4	5305
57	51CD	1	5305
57	51CE	1	5305
57	51D1	1	5305
57	51D2	4	5305
57	51D3	4	5305
57	51D4	4	5305
57	51D6	1	5305
57	51D7	1	5305
57	51DA	1	5305
57	51DC	4	5305
57	51DD	4	5305
57	51DE	4	5305
57	51E0	1	5305
57	51E1	1	5305
57	51E4	4	5305
57	51E5	4	5305
57	51E6	4	5305
57	51E8	2	5280
57	51EB	2	5280
57	51EE	2	5280
57	51F0	2	5280
57	51F2	2	5280
57	51F4	2	5280
57	51FA	2	5281
57	51FD	2	5281
57	5200	2	5281
57	5202	2	5281
57	5204	2	5281
57	5206	2	5281
57	520C	2	5282
57	546C	2	5262
57	546D	2	5262
57	5470	2	5262
57	5472	2	5262
57	5474	2	5262
57	5477	2	5262
57	5479	2	5262
57	547C	1	5367
57	547F	1	5367
57	5481	1	5367
57	5484	1	5367
57	5487	1	5367
57	5489	1	5367
57	548C	1	5367
57	548F	1	5367
57	5491	1	5367
57	54E4	1	5262
57	54E5	1	5262
57	54E6	1	5262
57	54E8	1	5262
57	54EA	1	5262
57	54EB	1	5262
57	54ED	1	5262
57	54EF	1	5262
57	54F2	1	5262
57	54F5	1	5262
57	54F6	1	5262
57	54F8	1	5262
57	55E0	1	5367
57	55E1	1	5367
57	55E2	1	5367
57	55E4	1	5367
57	55E6	1	5367
57	55E7	1	5367
57	55E9	1	5367
57	55EB	1	5367
57	55EE	1	5367
57	55F1	1	5367
57	55F2	1	5367
57	55F4	1	5367
65	4000	1	17
65	4003	1	22
65	4009	1	22
65	400F	1	22
65	4015	1	22
65	4016	1	22
65	4019	1	22
65	401C	1	22
65	401D	1	22
65	401E	1	22
65	4021	1	22
65	4022	1	22
65	4023	1	22
65	4024	1	22
65	4025	1	22
65	4026	1	22
65	4029	1	22
65	402F	1	324
65	4030	1	324
65	4032	1	324
65	4033	1	324
65	4035	1	324
65	4037	1	324
65	4038	1	324
65	4039	1	324
65	403A	1	324
65	403B	1	324
65	4078	1	324
65	407E	1	324
65	407F	1	324
65	4081	1	324
65	4082	1	324
65	4084	1	324
65	4086	1	324
65	4087	1	324
65	4088	1	324
65	4089	1	324
65	408A	1	324
65	408B	1	324
65	416C	1	324
65	4172	1	326
65	4174	1	326
65	4176	1	326
65	417C	1	326
65	417D	1	326
65	417F	1	326
65	4185	1	327
65	4186	1	327
65	4188	1	327
65	41A7	1	327
65	41A9	1	327
67	6369	1	23
67	636B	1	23
67	636D	1	23
67	6373	1	23
67	6379	1	23
67	637C	1	23
67	637F	1	23
67	6381	1	23
67	6383	1	23
67	6385	1	23
67	638B	1	24
67	638E	1	24
67	6391	1	24
67	6393	1	24
67	6395	1	24
67	6397	1	24
67	639D	1	25
67	63A0	1	25
67	63A3	1	25
67	63A5	1	25
67	63A7	1	25
67	63A9	1	25
67	63AF	1	26
67	63B2	1	26
67	63B5	1	26
67	63B8	1	26
67	63BA	1	26
67	63C0	1	26
67	63C3	1	26
67	63C6	1	26
67	63C9	1	26
67	63CB	1	26
67	63D1	1	26
67	63D4	1	26
67	63D7	1	26
67	63DA	1	26
67	63DC	1	26
67	63E2	1	26
67	63E5	1	26
67	63E8	1	26
67	63EA	1	26
67	63EC	1	26
67	63F2	1	26
67	63F5	1	26
67	63F8	1	26
67	63FB	1	26
67	63FD	1	26
67	6400	1	27
67	6401	1	22
67	6404	1	27
67	640A	1	43
67	640C	1	43
67	640D	1	43
67	640F	1	43
67	6411	1	43
67	6414	1	43
67	6417	1	43
67	6418	1	43
67	641A	1	43
67	641D	1	308
67	6423	1	323
67	6425	1	323
67	6426	1	323
67	6428	1	323
67	642A	1	323
67	642D	1	323
67	642E	1	323
67	6430	1	323
67	6433	1	324
67	6436	1	324
67	6437	1	22
67	6439	1	22
67	643B	1	22
67	6441	1	22
67	6447	1	23
67	644D	1	27
67	644E	1	43
67	644F	1	43
67	6452	265	43
67	6458	265	43
67	645B	265	44
67	645D	265	44
67	645F	265	44
67	6460	265	44
67	6462	265	44
67	6464	265	44
67	6466	265	44
67	6468	265	44
67	646B	265	44
67	646C	265	44
67	646E	265	44
67	646F	265	44
67	6471	265	44
67	6473	265	44
67	6475	265	44
67	6476	265	44
67	6477	265	44
67	6479	186	63
67	647B	186	63
67	647D	60	83
67	6480	60	83
67	6481	60	83
67	6483	3	83
67	6485	3	83
67	6486	3	83
67	6488	3	83
67	648A	3	83
67	648D	3	83
67	6490	3	83
67	6491	3	83
67	6493	3	83
67	6495	3	83
67	6498	3	83
67	649A	79	44
67	649B	79	44
67	649E	265	44
67	64A1	265	44
67	64A2	265	44
67	64A4	265	44
67	64A5	265	44
67	64A7	265	44
67	64A9	265	44
67	64AA	265	44
67	64AB	265	44
67	64AC	265	44
67	64AD	265	44
67	64B4	1	44
67	64B7	1	44
67	64BA	1	44
67	64BC	1	44
67	64BF	1	44
67	64C1	1	44
67	64C4	1	44
67	64C7	126	45
67	64CA	126	45
67	64CC	126	45
67	64CF	126	45
67	64D1	126	45
67	64D4	1	170
67	64D6	1	170
67	64D8	1	170
67	64DB	1	170
67	64DD	1	170
67	64DF	1	170
67	64E2	1	170
67	64E5	1	170
67	64E8	1	170
67	64EA	1	170
67	64ED	1	170
67	64EF	1	170
67	64F2	1	170
67	64F5	138	171
67	64F8	138	171
67	64FA	138	171
67	64FD	138	171
67	64FF	138	171
67	6502	1	308
67	6503	1	308
67	6505	1	308
67	6508	1	308
67	650A	1	308
67	650D	1	308
67	6513	1	308
67	6514	1	308
67	6516	1	308
67	6518	1	308
67	651C	1	308
67	651F	1	308
68	4010	1	5416
68	4011	1	5416
68	4014	1	5416
68	4017	1	5416
68	4018	1	5416
68	4019	1	5416
68	401C	1	5416
68	401D	1	5416
68	401E	1	5416
68	401F	1	5416
68	4020	1	5416
68	431A	1	308
68	431C	1	308
68	431E	1	308
68	4321	1	308
68	4323	1	308
68	4325	1	308
68	4326	1	308
68	4328	1	308
68	432A	1	308
68	432C	1	308
68	432F	1	308
68	4332	1	308
68	4334	1	308
68	4336	1	308
68	4339	1	308
68	433B	1	308
68	433D	1	308
68	4340	1	308
68	4342	1	308
68	4345	1	308
68	4348	1	308
68	434A	1	308
68	434C	1	308
68	434F	1	308
68	4350	1	308
68	4352	1	308
68	4354	1	308
68	4355	1	308
68	4357	1	308
68	435A	1	308
68	435C	1	308
68	435D	1	308
68	435F	1	308
68	4362	1	308
68	4364	1	308
68	4469	1	5726
68	446A	1	5726
68	446B	1	5726
68	446C	1	5726
68	446D	1	5726
68	44D0	1	5725
68	44D2	1	5725
68	44D4	1	5725
68	44D5	1	5725
68	44D7	1	5725
68	44D9	1	5725
68	44DB	1	5725
68	44DE	1	5725
68	44E0	1	5725
68	44E2	1	5725
68	44E5	1	5725
68	44E8	1	5725
68	44EA	1	5725
68	44EB	1	5725
68	44ED	1	5725
68	44EE	1	5725
68	44F0	1	5725
68	44F3	1	5725
68	44F5	1	5725
68	44F6	1	5725
68	44F8	1	5725
68	459A	1	308
68	459C	1	308
68	459E	1	308
68	45A1	1	308
68	45A3	1	308
68	45A5	1	308
68	45A6	1	308
68	45A8	1	308
68	45AA	1	308
68	45AC	1	308
68	45AF	1	308
68	45B2	1	308
68	45B5	1	308
68	45B7	190	308
68	45B8	190	308
68	45B9	190	308
68	45BA	190	308
68	45BC	190	308
68	45BD	190	308
68	45BE	190	308
68	45BF	190	308
68	45C1	1	308
68	45C2	1	308
68	45C3	1	308
68	45C4	1	308
68	45C5	1	308
68	45C6	1	308
68	45C8	1	308
68	45C9	1	308
68	45CA	1	308
68	45CC	1	308
68	45CE	1	308
68	45CF	1	308
68	45D1	1	308
68	45D4	1	308
68	45D6	1	308
68	45D7	1	308
68	45D9	1	308
68	45DC	1	308
68	45DE	1	308
68	4870	1	324
68	4873	1	324
68	4874	1	324
68	4876	1	324
68	4877	1	324
68	4879	1	324
68	487B	1	324
68	487C	1	324
68	487D	1	324
68	487E	1	324
68	487F	1	324
68	4880	1	324
68	4883	1	324
68	4885	1	324
68	4887	1	324
68	4888	1	324
68	488A	1	324
68	488C	1	324
68	488E	1	324
68	488F	1	324
68	4891	1	324
68	4893	1	324
68	4895	1	324
68	4898	1	324
68	489A	1	324
68	489C	1	324
68	489F	1	324
68	48A0	1	324
68	48A1	1	324
68	48A3	1	324
68	48A4	1	324
68	48A6	1	324
68	48A9	1	324
68	48AB	1	324
68	48AD	1	324
68	48AE	1	324
68	48B0	1	324
68	48B3	1	324
68	48B5	1	324
68	48B6	1	324
68	48B8	1	324
68	48BA	1	324
68	48BC	1	324
68	48BE	1	324
68	48C0	1	324
68	48C2	1	324
68	48CE	1	324
68	48D0	1	324
68	48DE	1	324
68	48E1	1	324
68	48E4	1	324
68	48E5	1	324
68	48ED	1	324
68	48F0	1	324
68	48F2	1	324
68	4950	1	324
68	4952	1	324
68	4954	1	324
68	4955	1	324
68	4957	1	324
68	4959	1	324
68	495B	1	324
68	495E	1	324
68	4960	1	324
68	4962	1	324
68	4963	1	324
68	4965	1	324
68	4967	1	324
68	4969	1	324
68	496C	1	324
68	496D	1	324
68	4970	1	324
68	4973	1	324
68	4974	1	324
68	4975	1	324
68	4976	1	324
68	4977	1	324
68	4978	1	324
68	497A	1	324
68	497B	1	324
68	497C	1	324
68	497E	1	324
68	497F	1	324
68	4982	1	324
68	4984	1	324
68	4987	1	324
68	4988	1	324
68	498A	1	324
68	498C	1	324
68	49A0	1	324
68	49A2	1	324
68	49A3	1	324
68	49A5	1	324
68	49A8	1	324
68	49AA	1	324
68	49AC	1	324
68	49AD	1	324
68	49AF	1	324
68	49B2	1	324
68	49B4	1	324
68	49B5	1	324
68	49B6	1	324
68	49B8	1	324
68	49BA	1	324
68	49BB	1	324
68	49BD	1	324
68	49BF	1	324
68	49C1	1	324
68	49C4	1	324
68	49C6	1	324
68	49C8	1	324
68	49C9	1	324
68	49CB	1	324
68	49CD	1	324
68	49CF	1	324
68	49D2	1	324
68	49D5	1	324
68	49D8	1	324
68	49DB	1	324
68	49DC	1	324
68	49DD	1	324
68	49DE	1	324
68	49E1	1	324
68	49E4	1	324
68	49E7	1	324
68	49EA	1	324
68	49EC	1	324
68	49ED	1	324
68	49EF	1	324
68	49F2	1	324
68	49F4	1	324
68	49F6	1	324
68	49F7	1	324
68	49F9	1	324
68	49FC	1	324
68	49FE	1	324
68	49FF	2	324
68	4A02	508	324
68	4A03	508	324
68	4A04	508	324
68	4A05	508	324
68	4A07	508	324
68	4A08	508	324
68	4A09	508	324
68	4A0A	508	324
68	4A0B	508	324
68	4A0C	508	324
68	4A0E	2	324
68	4A0F	1	22
68	4A11	1	22
68	4A13	1	22
68	4A14	1	22
68	4A16	1	22
68	4A18	1	22
68	4A1A	1	22
68	4A1D	1	22
68	4A1F	1	22
68	4A21	1	22
68	4A22	1	22
68	4A24	1	22
68	4A26	1	22
68	4A28	1	22
68	4A2B	1	22
68	4A2C	1	22
68	4A2F	1	22
68	4A32	1	22
68	4A35	1	22
68	4A37	1	22
68	4A38	1	22
68	4A3A	1	22
68	4A3D	1	22
68	4A3F	1	22
68	4A41	1	22
68	4A42	1	22
68	4A44	1	22
68	4A47	1	22
68	4A49	1	22
69	40D1	1189	3275
69	40D4	1189	3275
69	40D6	1189	3275
69	40D7	1189	3275
69	414D	1189	3275
69	414E	1189	3275
69	4151	1189	3275
6C	59B2	1	1762
6C	59B3	1	1762
6C	59B4	1	1762
6C	59B7	1	1762
6C	59BA	1	1762
6C	59BD	1	1762
6C	59C3	1	1762
6C	59C4	1	1762
6C	59C6	1	1762
6C	59C9	1	1762
6C	59CF	1	1762
6C	59D1	1	1762
6C	59D4	1	1762
6C	59D7	1	1762
6C	59D9	1	1762
6C	59DC	1	1762
6C	59DF	1	1762
6C	59E1	1	1762
6C	59E3	1	1762
6C	59E5	1	1762
6C	59E7	1	1762
6C	59E9	1	1762
6C	59EB	1	1762
6C	59ED	1	1762
6C	59F3	1	1762
6C	59F6	1	1762
6C	59F9	1	1762
6C	59FB	1	1762
6C	59FD	1	1762
6C	59FF	1	1762
6C	5A05	1	1763
6C	5A08	1	1763
6C	5A0B	1	1763
6C	5A0D	1	1763
6C	5A0F	1	1763
6C	5A11	1	1763
6C	5A17	1	1764
6C	5A1A	1	1764
6C	5A1D	1	1764
6C	5A1F	1	1764
6C	5A21	1	1764
6C	5A23	1	1764
6C	5A29	1	1765
6C	5A2C	1	1765
6C	5A2F	1	1765
6C	5A32	1	1765
6C	5A34	1	1765
6C	5A3A	1	1765
6C	5A3D	1	1765
6C	5A40	1	1765
6C	5A43	1	1765
6C	5A45	1	1765
6C	5A4B	1	1765
6C	5A4E	1	1765
6C	5A51	1	1765
6C	5A54	1	1765
6C	5A56	1	1765
6C	5A5C	1	1765
6C	5A5E	1	1765
6C	5A61	1	1765
6C	5A64	1	1765
6C	5A67	1	1765
6C	5A6D	1	1765
6C	5A6F	1	1765
6C	5A72	1	1765
6C	5A75	1	1765
6C	5A78	1	1765
6C	5A7E	1	1765
6C	5A80	1	1765
6C	5A83	1	1765
6C	5A86	1	1765
6C	5A89	1	1765
6C	5A8F	1	1765
6C	5A91	1	1765
6C	5A93	1	1765
6C	5A94	1	1765
6C	5A96	1	1765
6C	5A98	1	1765
6C	5A9A	1	1765
6C	5A9C	1	1765
6C	5A9D	1	1765
6C	5A9F	1	1765
6C	5AA1	1	1765
6C	5AA3	1	1765
6C	5AA6	1	1765
6C	5AA9	1	1765
6C	5AAC	1	1765
6C	5AAF	1	1765
6C	5AB1	1	1765
6C	5AB2	1	1765
6C	5AB4	1	1765
6C	5AB6	1	1765
6C	5AB8	1	1765
6C	5ABB	1	1765
6C	5ABE	1	1765
6C	5AC0	1	1765
6C	5AC2	1	1765
6C	5AC4	1	1765
6C	5ACA	1	1766
6C	5ACD	1	1766
6C	5AD0	1	1766
6C	5AD2	1	1766
6C	5AD4	1	1766
6C	5AD6	1	1766
6C	5ADC	1	1767
6C	5ADF	1	1767
6C	5AE2	1	1767
6C	5AE4	1	1767
6C	5AE6	1	1767
6C	5AE8	1	1767
6C	5AEE	1	1768
6C	5AF1	1	1768
6C	5AF4	1	1768
6C	5AF6	1	1768
6C	5AF8	1	1768
6C	5AFA	1	1768
6C	5B00	1	1769
6C	5B02	1	1769
6C	5B05	1	1770
6C	5B0B	1	1770
6C	5B11	1	1786
6C	5B13	1	1786
6C	5B15	1	1786
6C	5B16	1	1786
6C	5B18	1	1786
6C	5B1A	1	1786
6C	5B1C	1	1786
6C	5B1E	1	1786
6C	5B21	1	1787
6C	5B24	1	1787
6C	5B2A	1	1787
6C	5B2B	1	1787
6C	5B2E	1	1787
6C	5B30	1	1787
6C	5B31	1	1787
6C	5B33	1	1787
6C	5B35	1	1787
6C	5B37	1	1787
6C	5B39	1	1787
6C	5B3A	1	1787
6C	5B3C	1	1787
6C	5B3E	1	1787
6C	5B41	1	1787
6C	5B44	1	1787
6C	5B45	1	1787
6C	5B47	2	1787
6C	5B4A	2	1787
6C	5B4B	2	1787
6C	5B4E	2	1787
6C	5B4F	13	1787
6C	5B50	13	1787
6C	5B53	13	1787
6C	5B55	13	1787
6C	5B57	12	1787
6C	5B5A	12	1787
6C	5B5C	12	1787
6C	5B5F	12	1787
6C	5B62	11	1787
6C	5B64	11	1787
6C	5B66	10	1787
6C	5B68	10	1787
6C	5B6A	10	1787
6C	5B6C	10	1787
6C	5B6E	10	1787
6C	5B71	9	1787
6C	5B73	9	1787
6C	5B75	8	1787
6C	5B77	8	1787
6C	5B7E	1	2362
6C	5B81	2	1787
6C	5B82	2	1787
6C	5B83	2	1787
6C	5B84	2	1787
6C	5B85	2	1787
6C	5B86	2	1787
6C	5B9D	1	1787
6C	5B9E	1	1787
6C	5B9F	1	1787
6C	5BA0	1	1787
6C	5BA1	1	1787
6C	5BA2	1	1787
6C	5BA3	1	1787
6C	5BA4	1	1787
6C	5BA7	1	1787
6C	5BA8	1	1787
6C	5BAB	1	1787
6C	5BAC	1	1787
6C	5BAF	1	2362
6C	5BB0	1	2362
6C	5BB2	1	2362
6C	5BB3	1	2362
6C	5BB5	1	2362
6C	5BB6	1	2362
6C	5BB7	1	2362
6C	5BB8	1	2362
6C	5BBB	1	2362
6C	5BBC	1	2362
6C	5BBE	1	2362
6C	5BC4	1	2362
6C	5BC5	1	2362
6C	5BC7	8	1787
6C	5BC8	8	1787
6C	5BCA	8	1787
6C	5BCB	8	1787
6C	5BCD	8	1787
6C	5BCE	8	1787
6C	5BD1	8	1787
6C	5BD2	8	1787
6C	5BD4	8	1787
6C	5BD7	8	1787
6C	5BD8	8	1787
6C	5BD9	8	1787
6C	5BDA	8	1787
6C	5BDB	8	1787
6C	5BDD	1	1787
6C	5C06	7	1787
6C	5C07	7	1787
6C	5C08	7	1787
6C	5C0B	1	2362
6C	5C0E	1	2362
6C	5C10	1	2362
6C	5C12	1	2362
6C	5C18	1	2377
6C	5C1A	1	2377
6C	5C36	1	1787
6C	5C38	1	1787
6C	5C3B	1	1787
6C	5C3E	1	1787
6C	5C40	1	1787
6C	5C43	1	1787
6C	5C44	1	1787
6C	5C47	1	1787
6C	5C4A	1	1787
6C	5C4D	1	1787
6C	5C4E	1	1787
6C	5C66	1	1787
6C	5C68	1	1787
6C	5C6A	1	1787
6C	5C6B	1	1787
6C	5C6D	1	1787
6C	5C6E	1	1787
6C	5C70	1	1787
6C	5C73	1	1787
6C	5C75	1	1787
6C	5C78	1	1787
6C	5C7A	1	1787
6C	5C7C	1	1787
6C	5C7E	1	1787
6C	5C7F	1	1787
6C	5C82	1	1787
6C	5C85	1	1787
6C	5C88	1	1787
6C	5C8B	1	1787
6C	5C8E	1	1787
6C	5C90	1	1787
6C	5C92	1	1787
6C	5C94	1	1787
6C	5C9A	1	1788
6C	5C9D	1	1788
6C	5CA0	1	1788
6C	5CA2	1	1788
6C	5CA4	1	1788
6C	5CA6	1	1788
6C	5CAC	1	1789
6C	5CAD	1	1789
6C	5CAF	1	1789
6C	5CB0	1	1789
6C	5CB2	1	1789
6C	5CB4	1	1789
6C	5CB6	1	1789
6C	5CB7	1	1789
6C	5CB8	1	1789
6C	5CB9	1	1789
6C	5CBA	1	1789
6C	5CBD	1	1810
6C	5CBE	1	1810
6C	5CC1	1	1810
6C	5CC2	1	1810
6C	5CC5	531	1810
6C	5CCB	531	1810
6C	5CCE	531	1811
6C	5CD1	531	1811
6C	5CD2	531	1811
6C	5CD4	121	1811
6C	5CD7	121	1813
6C	5CD8	121	1813
6C	5CDB	120	1813
6C	5CDE	120	1813
6C	5CE0	120	1813
6C	5CEE	530	1813
6C	5CF4	530	1813
6C	5CFA	530	1813
6C	5D07	529	1813
6C	5D5A	1	2362
6C	5D5C	1	2362
6C	5D5D	1	2362
6C	5D5F	1	2362
6C	5D61	1	2362
6C	5D64	1	2362
6C	5D67	1	2362
6C	5D68	1	2362
6C	5D6A	1	2362
6C	5D6B	1	2362
6C	5D6D	1	2362
6C	5D70	1	2362
6C	5D73	1	2362
6C	5D74	1	2362
6C	5D76	1	2362
6C	5D8D	1	2362
6C	5D90	1	2362
6C	5D93	1	2362
6C	5D96	1	2362
6C	5D99	1	2362
6C	5D9F	1	1952
6C	5DA0	1	1952
6C	5DA3	1	1952
6C	5DA6	1	1952
6C	5DA8	1	1952
6C	5DAA	1	1952
6C	5DAD	1	1952
6C	5DB0	1	1952
6C	5DB2	1	1952
6C	5DB4	1	1952
6C	5DBA	1	1952
6C	5DBD	1	1952
6C	5DC0	1	1952
6C	5DC3	1	1952
6C	5E25	1	1811
6C	5E27	1	1811
6C	5E29	1	1811
6C	5E2A	1	1811
6C	5E2C	1	1811
6C	5E2E	1	1811
6C	5E30	1	1811
6C	5E32	1	1811
6C	5E33	1	1811
6C	5E34	1	1811
6C	5E37	1	1811
6C	5E3A	1	1811
6C	5E3D	1	1811
6C	5E3E	1	1811
6C	5E41	1	1811
6C	5E44	1	1811
6C	5E46	1	1811
6C	5E48	1	1811
6C	5E4A	1	1811
6C	5E50	1	1811
6C	5E51	1	1811
6C	5E54	1	1811
6C	5E57	1	1811
6C	5E59	1	1811
6C	5E5B	1	1811
6C	5E5D	1	1811
6C	5E63	1	1812
6C	5E64	1	1812
6C	5E66	1	1812
6C	5E67	1	1812
6C	5E69	1	1812
6C	5E6B	1	1812
6C	5E6D	1	1812
6C	5E6E	1	1789
6C	5E6F	1	1789
6C	5E72	1	1789
6C	5E73	1	1789
6C	5E74	1	1789
6C	5E75	1	1789
6C	5E76	1	1789
6C	5E79	1	1789
6C	5E7A	1	1789
6C	5E7D	1	1789
6C	5E7E	1	1789
6C	5E7F	1	1789
6C	5E8B	1	1789
6C	5E8C	1	1789
6C	5E8F	1	1789
6C	5E90	1	1789
6C	5E91	1	1789
6C	5E93	1	1789
6C	5E95	1	1789
6C	5E96	1	1789
6C	5E99	1	1789
6C	5E9A	1	1789
6C	5E9B	1	1789
6C	5E9C	1	1789
6C	5E9E	1	1789
6C	5E9F	1	1789
6C	5EA0	1	1789
6C	5EA2	1	1789
6C	5EA4	1	1789
6C	5EA5	1	1789
6C	5EA7	1	1789
6C	5EA9	1	1789
6C	5EAB	1	1789
6C	5EAD	1	1789
6C	5EAE	1	1789
6C	5EB1	1	1789
6C	5EB4	1	1789
6C	5EB7	1	1789
6C	5EBA	1	1789
6C	5EBD	1	1789
6C	5EBF	1	1789
6C	5EC1	1	1789
6C	5EC3	1	1789
6C	5EC9	1	1790
6C	5ECC	1	1790
6C	5ECF	1	1790
6C	5ED1	1	1790
6C	5ED3	1	1790
6C	5ED5	1	1790
6C	5EDB	1	1791
6C	5EDD	1	1791
6C	5EDE	1	1791
6C	5EE0	1	1791
6C	5EE2	1	1791
6C	5EE4	1	1791
6C	5EE5	1	1791
6C	5EE6	1	1791
6C	5EE9	1	1791
6C	5EEA	1	1791
6C	5EEB	1	1791
6C	5EEC	1	1791
6C	5EED	1	1791
6C	5EEE	1	1791
6C	5EEF	1	1791
6C	5EF1	1	1791
6C	5EF3	1	1791
6C	5EF4	1	1791
6C	5EF6	1	1791
6C	5EF8	1	1791
6C	5EFA	1	1791
6C	5EFC	1	1791
6C	5EFF	1	1791
6C	5F02	1	1791
6C	5F05	1	1791
6C	5F0B	1	1791
6C	5F0D	1	1791
6C	5F0E	1	1791
6C	5F10	1	1791
6C	5F12	1	1791
6C	5F14	1	1791
6C	5F17	1	1791
6C	5F1A	1	1791
6C	5F1D	1	1791
6C	5F1E	1	1791
6C	5F24	1	1791
6C	5F26	1	1791
6C	5F29	1	1792
6C	5F2A	1	1792
6C	5F2B	1	1792
6C	5F2C	1	1792
6C	5F2D	1	1792
6C	5F2F	1	1792
6C	5F31	1	1792
6C	5F33	3841	1792
6C	5F35	3841	1792
6C	5F37	3841	1792
6C	5F39	1	1792
6C	5F3C	1	1792
6C	5F3E	1	1792
6C	5F40	1	1792
6C	5F43	1	1792
6C	5F49	1	1793
6C	5F4C	1	1793
6C	5F4D	1	1793
6C	5F50	1	1793
6C	5F52	1	1793
6C	5F54	1	1793
6C	5F57	1	1793
6C	5F5D	1	1794
6C	5F5F	1	1794
6C	5F65	1	1810
6C	5F68	1	1810
6C	5F69	1	1810
6C	5F6C	1	1810
6C	5F6D	1	1810
6C	6009	121	1811
6C	600C	121	1811
6C	600D	121	1811
6C	6010	121	1811
6C	6012	121	1811
6C	6013	21	1811
6C	6016	21	1811
6C	6017	21	1811
6C	601A	21	1811
6C	601B	23	1811
6C	601C	23	1811
6C	601D	23	1811
6C	601F	23	1811
6C	6022	3	1811
6C	6024	3	1811
6C	6026	3	1811
6C	6028	3	1811
6C	602A	2	1811
6C	602C	1	1811
6C	602E	1	1811
6C	6030	1	1811
6C	603A	1	1952
6C	603B	1	1952
6C	603E	1	1952
6C	603F	1	1952
6C	6042	1	1952
6C	6044	1	1952
6C	6045	1	1924
6C	6046	1	1924
6C	6049	1	1924
6C	604C	1	1924
6C	604E	1	1924
6C	6051	1	1924
6C	6054	1	1924
6C	6055	1	1924
6C	6056	1	1924
6C	6059	1	1924
6C	6075	1	1811
6C	6078	1	1812
6C	60AF	20	1812
6C	60B0	20	1812
6C	60B2	20	1812
6C	60B4	17	1833
6C	60B5	17	1833
6C	60B8	17	1833
6C	60BA	17	1833
6C	60BB	17	1833
6C	60BC	17	1833
6C	60BD	17	1833
6C	60BE	17	1833
6C	60C0	17	1833
6C	60C1	17	1833
6C	60C2	17	1833
6C	60C3	17	1833
6C	60C4	17	1833
6C	60C6	3	1812
6C	60C7	3	1812
6C	60C8	3	1812
6C	60C9	20	1812
6C	60CC	20	1812
6C	60CD	20	1812
6C	60D0	20	1812
6C	60D2	20	1812
6C	60EB	20	1812
6C	60EC	20	1812
6C	60EF	20	1812
6C	60F0	20	1812
6C	60F2	20	1812
6C	60F3	20	1812
6C	60F5	20	1812
6C	60F6	20	1812
6C	60F7	20	1812
6C	60F9	20	1812
6C	60FA	20	1812
6C	60FB	20	1812
6C	60FC	20	1812
6C	60FE	20	1812
6C	60FF	20	1812
6C	6100	20	1812
6C	6102	20	1812
6C	6104	20	1812
6C	6105	20	1812
6C	6107	20	1812
6C	6109	20	1812
6C	610B	20	1812
6C	610D	20	1812
6C	6110	20	1812
6C	6111	20	1812
6C	6114	20	1812
6C	6115	20	1812
6C	6116	20	1812
6C	6119	20	1812
6C	611A	20	1812
6C	611B	20	1812
6C	611C	20	1812
6C	6122	20	1812
6C	6124	20	1812
6C	6126	20	1812
6C	6127	20	1812
6C	6129	20	1812
6C	612B	20	1812
6C	612D	20	1812
6C	612E	20	1812
6C	612F	20	1812
6C	6130	20	1812
6C	6131	20	1812
6C	6133	20	1812
6C	6135	20	1812
6C	6136	20	1812
6C	6138	20	1812
6C	613A	20	1812
6C	613C	20	1812
6C	613E	20	1812
6C	6158	20	1812
6C	615B	20	1812
6C	615D	20	1812
6C	615F	20	1812
6C	6161	20	1812
6C	6162	20	1812
6C	6163	20	1812
6C	6165	20	1812
6C	6167	20	1812
6C	6168	20	1812
6C	616E	20	1813
6C	6170	20	1813
6C	6171	20	1813
6C	6173	20	1813
6C	6175	20	1813
6C	6177	20	1813
6C	617A	20	1813
6C	617C	20	1813
6C	617F	20	1813
6C	6183	20	1813
6C	6186	20	1813
6C	6189	20	1813
6C	618A	20	1813
6C	618D	20	1813
6C	618E	20	1813
6C	618F	20	1813
6C	6192	20	1813
6C	6193	20	1813
6C	6196	20	1813
6C	6197	20	1813
72	4015	1	3263
72	401B	1	3275
72	4021	1	4464
72	4027	1	4470
72	4029	1	4470
72	402A	2	3263
72	402B	2	3263
72	402D	2	3263
72	4030	2	3263
72	4031	2	3263
72	4032	2	3263
72	4033	2	3263
72	4034	2	3263
72	4035	2	3263
72	4037	2	3263
72	4038	2	3263
72	4039	2	3263
72	403A	2	3263
72	403B	2	3263
72	403C	2	3263
72	403E	2	3263
72	4040	2	3263
72	4041	2	3263
72	4043	2	3263
72	4044	2	3263
72	4046	2	3263
72	4048	2	3263
72	404A	2	3263
72	404B	2	3263
72	404C	2	3263
72	404E	2	3263
72	4051	1	5911
72	4057	1	5911
72	405D	1	5912
72	4060	1	5912
72	4063	1	5912
72	4065	1	5912
72	4067	1	5912
72	4069	1	5912
72	406F	1	5914
72	4072	1	5914
72	4075	1	5914
72	4078	1	5914
72	407A	1	5914
72	4080	1	5914
72	4083	1	5914
72	4086	1	5914
72	4089	1	5914
72	408B	1	5914
72	4091	1	5914
72	4094	1	5914
72	4097	1	5914
72	409A	1	5914
72	409C	1	5914
72	40A2	1	5914
72	40A4	1	5914
72	40A6	1	5914
72	40A7	1	5914
72	40A9	1	5914
72	40AB	1	5914
72	40AD	1	5914
72	40AF	1	5914
72	40B2	1	5915
72	40B5	1	5915
72	40BB	1	5915
72	40BC	1	5915
72	40BF	1	5915
72	40C1	1	5915
72	40C2	1	5915
72	40C4	1	5915
72	40C6	1	5915
72	40C8	1	5915
72	40CB	1	5915
72	40CE	1	5915
72	40D0	1	5915
72	40D2	1	5915
72	40D8	1	5915
72	40DB	1	5915
72	40DE	1	5915
72	40E0	1	5915
72	40E3	1	5915
72	40E5	1	5915
72	40E7	1	5915
72	40E9	1	5915
72	40EA	1	5915
72	40EB	1	5915
72	40EC	1	5915
72	40EF	1	5915
72	40F0	1	5915
72	40F2	1	5915
72	40F3	1	5915
72	40F6	1	5915
72	40F9	1	5915
72	40FB	1	5915
72	40FD	1	5915
72	40FF	1	5915
72	4102	1	5915
72	4105	1	5915
72	4106	1	5915
72	4109	1	5915
72	410C	1	5915
72	410F	1	5915
72	4112	1	5915
72	4118	1	5915
72	4119	1	5915
72	411C	1	5915
72	411F	1	5915
72	4122	1	5915
72	4124	1	5915
72	4126	1	5915
72	4128	1	5915
72	412E	1	5916
72	4131	1	5916
72	4134	1	5916
72	4136	1	5916
72	4138	1	5916
72	413A	1	5916
72	4140	1	5916
72	4143	1	5916
72	4146	1	5916
72	4148	1	5916
72	414A	1	5916
72	414C	1	5916
72	4152	1	5918
72	4154	1	5918
72	415A	1	5919
72	415C	1	5919
72	415E	1	5919
72	4160	1	5919
72	4163	1	5919
72	4166	1	5919
72	4169	1	5919
72	416C	1	5919
72	416F	1	5919
72	4172	1	5919
72	4175	1	5919
72	4178	1	5919
72	417B	1	5920
72	417D	1	5920
72	417F	1	5920
72	4181	1	5920
72	4182	1	5920
72	4185	1	5920
72	4187	1	5920
72	4189	1	5920
72	418B	1	5920
72	418D	1	5920
72	4190	1	5920
72	4196	1	5922
72	4198	1	5922
72	419B	1	5923
72	419E	1	5924
72	41A0	1	5924
72	41A2	1	5924
72	41A4	1	5924
72	41A5	1	5924
72	41A8	1	5924
72	41AA	1	5924
72	41AB	1	5924
72	41AD	1	5924
72	41AF	1	5924
72	41B2	1	5924
72	41B5	1	5924
72	41B6	1	5924
72	41B8	1	5924
72	41BB	1	5924
72	41BE	1	5924
72	41C1	1	5924
72	41C4	1	5924
72	41C6	1	5924
72	41C8	1	5924
72	41CE	1	5924
72	41D0	1	5924
72	41D1	1	5924
72	41D3	1	5924
72	41D5	1	5924
72	41D7	1	5924
72	41D8	1	3263
72	41DE	1	3263
72	41E4	1	3264
72	41E7	1	3264
72	41EA	1	3264
72	41EC	1	3264
72	41EE	1	3264
72	41F0	1	3264
72	41F6	1	3265
72	41F9	1	3265
72	41FC	1	3265
72	41FF	1	3265
72	4201	1	3265
72	4207	1	3265
72	420A	1	3265
72	420D	1	3265
72	4210	1	3265
72	4212	1	3265
72	4218	1	3265
72	421B	1	3265
72	421E	1	3265
72	4221	1	3265
72	4223	1	3265
72	4229	1	3265
72	422B	1	3265
72	422D	1	3265
72	422E	1	3265
72	4230	1	3265
72	4232	1	3265
72	4234	1	3265
72	4236	1	3265
72	4239	1	3266
72	423C	1	3266
72	4242	1	3266
72	4243	1	3266
72	4246	1	3266
72	4248	1	3266
72	4249	1	3266
72	424B	1	3266
72	424D	1	3266
72	424F	1	3266
72	4252	1	3266
72	4255	1	3266
72	4257	1	3266
72	4259	1	3266
72	425F	1	3266
72	4262	1	3266
72	4265	1	3266
72	4267	1	3266
72	426A	1	3266
72	426C	1	3266
72	426E	1	3266
72	4270	1	3266
72	4271	1	3266
72	4272	1	3266
72	4273	1	3266
72	4276	1	3266
72	4277	1	3266
72	4279	1	3266
72	427A	1	3266
72	427D	1	3266
72	4280	1	3266
72	4283	1	3266
72	4286	1	3266
72	4287	1	3266
72	428A	1	3266
72	428D	1	3266
72	4290	1	3266
72	4293	1	3266
72	4299	1	3266
72	429C	1	3266
72	429F	1	3266
72	42A2	1	3266
72	42A8	1	3266
72	42A9	1	3266
72	42AC	1	3266
72	42AF	1	3266
72	42B2	1	3266
72	42B4	1	3266
72	42B6	1	3266
72	42B8	1	3266
72	42BE	1	3266
72	42C1	1	3266
72	42C4	1	3266
72	42C6	1	3266
72	42C8	1	3266
72	42CA	1	3266
72	42D0	1	3267
72	42D1	1	3267
72	42D4	1	3267
72	42D7	1	3267
72	42D9	1	3267
72	42DB	1	3267
72	42DD	1	3267
72	42E3	1	3268
72	42E5	1	3268
72	42E7	1	3268
72	42E9	1	3268
72	42EC	1	3268
72	42EF	1	3268
72	42F0	1	3268
72	42F3	1	3268
72	42F6	1	3268
72	42F7	1	3268
72	42FA	1	3268
72	42FD	1	3268
72	42FF	1	3268
72	4301	1	3268
72	4303	1	3268
72	4309	1	3268
72	430C	1	3268
72	430F	1	3268
72	4311	1	3268
72	4313	1	3268
72	4315	1	3268
72	431B	1	3269
72	431D	1	3269
72	4323	1	3270
72	4325	1	3270
72	4327	1	3270
72	4329	1	3270
72	432C	1	3270
72	432F	1	3270
72	4332	1	3270
72	4335	1	3270
72	4338	1	3270
72	433B	1	3270
72	433E	1	3270
72	4341	1	3270
72	4344	1	3271
72	4346	1	3271
72	4348	1	3271
72	434A	1	3271
72	434B	1	3271
72	434E	1	3271
72	4350	1	3271
72	4352	1	3271
72	4354	1	3271
72	4356	1	3271
72	4359	1	3271
72	435F	1	3273
72	4361	1	3273
72	4364	1	3274
72	4367	1	3275
72	4369	1	3275
72	436B	1	3275
72	436D	1	3275
72	436E	1	3275
72	4371	1	3275
72	4373	1	3275
72	4374	1	3275
72	4376	1	3275
72	4378	1	3275
72	437B	1	3275
72	437E	1	3275
72	437F	1	3275
72	4381	1	3275
72	4384	1	3275
72	4387	1	3275
72	438A	1	3275
72	438D	1	3275
72	438F	1	3275
72	4391	1	3275
72	4397	1	3275
72	4399	1	3275
72	439A	1	3275
72	439C	1	3275
72	439E	1	3275
72	43A0	1	3275
72	43A7	2	3266
72	43B6	1	5915
72	43B9	1	5915
72	43BC	1	5915
72	43BE	1	5915
72	43C0	1	5915
72	4407	1	3266
72	440A	1	3266
72	440D	1	3266
72	4410	1	3266
72	441B	1	3266
72	441D	1	3266
72	441F	1	3266
72	4422	1	3266
72	4424	1	3266
72	4425	1	3266
72	4426	1	3266
72	4427	1	3266
72	4428	1	3266
72	4429	1	3266
72	442A	1	3266
72	442B	1	3266
72	442C	1	3266
72	442D	1	3266
72	442E	1	3266
72	4431	1	3266
72	4432	1	3266
72	4433	1	3266
72	4435	1	3266
72	4436	1	3266
72	4437	1	3266
72	4438	1	3266
72	4439	1	3266
72	443A	1	3266
72	443B	1	3266
72	443C	1	3266
72	443F	1	3266
72	4440	1	3266
72	4442	1	3266
72	4443	1	3266
72	4444	1	3266
72	4445	1	3266
72	4446	1	3266
72	4449	1	3266
72	444A	1	3266
72	444B	1	3266
72	444C	1	3266
72	444D	1	3266
72	444E	1	3266
72	444F	2	4464
72	4452	2	4464
72	4455	2	4464
72	4457	2	4464
72	445A	1	5984
72	445C	1	5984
72	445E	1	5984
72	445F	1	5984
72	4461	1	5984
72	4463	1	5984
72	4465	1	5984
72	4467	1	5984
72	446A	1	5984
72	446D	1	5984
72	4470	1	5984
72	4473	1	5984
72	4476	1	5984
72	4479	1	5984
72	447C	1	5984
72	447F	1	5984
72	4481	1	5984
72	4487	1	5985
72	448A	1	5985
72	448D	1	5985
72	448F	1	5985
72	4492	1	5985
72	4495	1	5986
72	4497	1	5986
72	4499	1	5986
72	449B	1	5986
72	449C	1	5986
72	449F	1	5986
72	44A5	1	5986
72	44A7	1	5986
72	44AA	1	5987
72	44AC	1	5987
72	44AE	1	5987
72	44B0	1	5987
72	44B2	1	5987
72	44B5	1	5987
72	44BB	1	5989
72	44BE	1	5990
72	44C0	1	5990
72	44C2	1	5990
72	44C4	1	5990
72	44C5	1	5990
72	44C8	1	5990
72	44CB	1	5990
72	44CE	1	5990
72	44D1	1	5990
72	44D2	1	5990
72	44D5	1	5990
72	44D6	1	5990
72	44DC	1	5990
72	44DE	1	5990
72	44DF	1	5990
72	44E1	1	5990
72	44E3	1	5990
72	44E5	1	5990
72	44E6	1	4464
72	44E8	1	4464
72	44EA	1	4464
72	44EB	1	4464
72	44ED	1	4464
72	44EF	1	4464
72	44F1	1	4464
72	44F3	1	4464
72	44F6	1	4464
72	44F9	1	4464
72	44FC	1	4464
72	44FF	1	4464
72	4502	1	4464
72	4505	1	4464
72	4508	1	4464
72	450B	1	4464
72	450D	1	4464
72	4513	1	4465
72	4516	1	4465
72	4519	1	4465
72	451B	1	4465
72	451E	1	4465
72	4521	1	4466
72	4523	1	4466
72	4525	1	4466
72	4527	1	4466
72	4528	1	4466
72	452B	1	4466
72	4531	1	4466
72	4533	1	4466
72	4536	1	4467
72	4538	1	4467
72	453A	1	4467
72	453C	1	4467
72	453E	1	4467
72	4541	1	4467
72	4547	1	4469
72	454A	1	4470
72	454C	1	4470
72	454E	1	4470
72	4550	1	4470
72	4551	1	4470
72	4554	1	4470
72	4557	1	4470
72	455A	1	4470
72	455D	1	4470
72	455E	1	4470
72	4561	1	4470
72	4562	1	4470
72	4568	1	4470
72	456A	1	4470
72	456B	1	4470
72	456D	1	4470
72	456F	1	4470
72	4571	1	4470
72	4578	1189	3275
72	457E	1189	3275
72	4584	1189	3275
72	4587	1189	3276
72	458D	1189	3276
72	4593	1189	3276
72	45A0	1187	3276
72	45A3	1187	3276
72	45A5	1187	3276
72	45A7	1187	3276
72	45A9	1187	3276
72	45EA	1	4464
72	45EC	1	4464
72	45ED	1	4464
72	45EF	1	4464
72	45F1	1	4464
72	45F4	1	4464
72	45F7	1	4464
72	45F8	1	4464
72	45FA	1	4464
72	45FC	1	4464
72	45FD	1	4464
72	45FF	1	4464
72	4600	1	3830
72	472B	1	5911
72	472D	1	5911
72	472F	1	5911
72	4731	1	5911
72	4734	1	5911
72	4737	1	5911
72	473A	1	5911
72	473D	1	5911
72	4740	1	5911
72	4743	1	5911
72	4746	1	5911
72	4749	1	3263
72	474B	1	3263
72	474D	1	3263
72	474F	1	3263
72	4752	1	3263
72	4755	1	3263
72	4758	1	3263
72	475B	1	3263
72	475E	1	3263
72	4761	1	3263
72	4764	1	3263
72	4767	1	5986
72	4769	1	5986
72	476B	1	5986
72	476D	1	5986
72	4770	1	5986
72	4773	1	5986
72	4776	1	5986
72	4779	1	5986
72	477C	1	5986
72	477F	1	5986
72	4782	1	5986
72	4785	1	4466
72	4787	1	4466
72	4789	1	4466
72	478B	1	4466
72	478E	1	4466
72	4791	1	4466
72	4794	1	4466
72	4797	1	4466
72	479A	1	4466
72	479D	1	4466
72	47A0	1	4466
72	47A3	2	5918
72	47A4	2	5918
72	47A6	2	5918
72	47A8	2	5918
72	47AA	2	5918
72	47AB	2	5918
72	47AD	2	5918
72	47AF	2	5918
72	47B1	2	5918
72	47B2	2	5918
72	47B4	2	5918
72	47B5	2	5918
72	47B8	2	5918
72	47BA	2	5918
72	47BC	2	5918
72	47BF	2	5918
72	47C0	2	5918
72	47C3	2	5919
72	47C4	2	5919
72	47C6	2	5919
72	47C8	2	5919
72	47CB	2	5919
72	47CC	2	5919
72	47CF	2	5919
72	47D0	2	5919
72	47D3	2	5919
72	47D4	2	3269
72	47D5	2	3269
72	47D7	2	3269
72	47D9	2	3269
72	47DB	2	3269
72	47DC	2	3269
72	47DE	2	3269
72	47E0	2	3269
72	47E2	2	3269
72	47E3	2	3269
72	47E5	2	3269
72	47E6	2	3269
72	47E9	2	3269
72	47EB	2	3269
72	47ED	2	3269
72	47F0	2	3269
72	47F1	2	3269
72	47F4	2	3270
72	47F5	2	3270
72	47F7	2	3270
72	47F9	2	3270
72	47FC	2	3270
72	47FD	2	3270
72	4800	2	3270
72	4801	2	3270
72	4804	2	3270
72	4805	2	3263
72	4808	2	3264
72	480A	2	3264
72	480C	2	3264
72	480D	2	3264
72	480F	2	3264
72	4811	2	3264
72	4812	2	3264
72	4813	2	3264
72	4814	2	3264
72	4815	2	3264
72	4817	2	3264
72	4819	2	3264
72	481B	2	3264
72	481D	2	3264
72	481F	2	3264
72	4820	2	3264
72	4823	2	3264
72	4824	2	3271
72	4826	2	3271
72	4829	6	3271
72	482A	6	3271
72	482C	6	3271
72	482E	4	3271
72	4831	4	3271
72	4832	4	3271
72	4834	4	3271
72	4837	4	3271
72	4839	4	3271
72	483B	4	3271
72	483C	4	3271
72	483E	4	3271
72	4842	4	3271
72	4844	4	3271
72	4848	4	3271
72	484A	4	3271
72	484B	4	3271
72	484D	4	3271
72	484E	4	3271
72	484F	4	3271
72	4850	4	3271
72	4851	4	3271
72	4857	4	3271
72	485A	4	3272
72	485B	4	3272
72	485D	4	3272
72	485E	4	3272
72	4860	4	3272
72	4862	4	3272
72	4863	4	3272
72	4865	4	3272
72	4866	4	3272
72	4867	4	3272
72	4868	4	3272
72	486B	4	3272
72	486D	2	3273
72	486E	2	3273
72	4871	2	3273
72	4872	2	4467
72	4874	2	4467
72	4877	6	4467
72	4878	6	4467
72	487A	6	4467
72	487C	4	4467
72	487F	4	4467
72	4880	4	4467
72	4882	4	4467
72	4885	4	4467
72	4887	4	4467
72	4889	4	4467
72	488A	4	4467
72	488C	4	4467
72	4890	4	4467
72	4892	4	4467
72	4896	4	4467
72	4898	4	4467
72	4899	4	4467
72	489B	4	4467
72	489C	4	4467
72	489D	4	4467
72	489E	4	4467
72	489F	4	4467
72	48A5	4	4467
72	48A8	4	4468
72	48A9	4	4468
72	48AB	4	4468
72	48AC	4	4468
72	48AE	4	4468
72	48B0	4	4468
72	48B1	4	4468
72	48B3	4	4468
72	48B4	4	4468
72	48B5	4	4468
72	48B6	4	4468
72	48B9	4	4468
72	48BB	2	4469
72	48BC	2	4469
72	48BF	2	4469
75	4000	960	170
75	4001	960	170
75	4002	960	170
75	4003	960	170
75	4004	960	170
75	4006	38	170
75	4007	31	5726
75	4008	31	5726
75	4009	31	5726
75	400A	31	5726
75	400B	27	5726
75	400C	27	5726
75	400D	27	5726
75	400F	9	5589
75	4010	9	5589
75	4012	9	5589
75	4013	9	5589
75	4014	90	5589
75	4015	90	5589
75	4016	90	5589
75	4017	90	5589
75	4019	82	5589
75	401A	82	5589
75	401B	82	5589
75	401C	82	5589
75	401E	1	5725
75	401F	1	5725
75	4020	9	5589
75	4021	9	5589
75	4022	9	5589
75	4023	9	5589
75	4024	9	5589
75	4025	9	5589
75	4027	9	5589
75	4028	9	5589
75	4029	36	44
75	402A	36	44
75	402D	36	44
75	402E	36	44
75	402F	36	44
75	4030	13	44
75	4031	13	44
75	4034	13	44
75	4036	13	44
75	4038	12	44
75	403A	12	44
75	403C	11	44
75	403E	11	44
75	4040	10	44
75	4041	10	44
75	4044	10	44
75	4047	13	44
75	4049	13	44
75	404A	13	44
75	404D	13	44
75	404E	13	44
75	404F	13	44
75	4052	13	44
75	4053	13	44
75	4054	13	44
75	4057	13	44
75	4058	13	44
75	4059	13	44
75	405C	13	44
75	405D	13	44
75	405E	13	44
75	4060	13	44
75	4061	13	44
75	4063	2	44
75	4065	2	44
75	4066	13	44
75	4069	13	44
75	406C	13	44
75	406D	13	44
75	406E	13	44
75	406F	13	44
75	40B4	48	44
75	40B5	48	44
75	40B6	48	44
75	40B9	48	44
75	40BA	48	44
75	40BD	48	44
75	40BE	48	44
75	40C1	48	44
75	40C2	48	44
75	40C3	48	44
75	40C5	48	44
75	40DA	48	44
75	40DB	48	44
75	40DC	5	44
75	40DD	5	44
75	40DF	5	44
75	40E0	5	44
75	40E1	5	44
75	40E4	5	44
75	40E5	5	44
75	40E6	5	44
75	40E7	5	44
75	40E9	5	44
75	40EB	5	44
75	40F9	5	44
75	40FA	5	44
75	40FC	5	44
75	40FE	5	44
75	40FF	5	44
75	4102	5	44
75	4105	5	44
75	4106	5	44
75	4109	5	44
75	410C	5	44
75	410E	5	44
75	4110	5	44
75	4111	5	44
75	4113	5	44
75	4114	5	44
75	4225	1	6174
75	4227	1	6174
75	422A	1	6174
75	422D	1	6174
75	422F	1	6174
75	4235	2	44
75	4238	2	44
75	4239	2	44
75	423A	2	44
75	423B	2	44
75	423C	2	44
75	423E	2	44
75	4240	2	44
75	4242	2	44
75	4244	2	44
75	4247	2	44
75	424A	2	44
75	424D	2208	44
75	424E	2208	44
75	424F	2208	44
75	4250	2208	44
75	4251	2208	44
75	4252	2208	44
75	4254	2	44
75	4257	2	44
75	4259	2	44
75	425C	2	44
75	425D	2	44
75	425E	2	44
75	4260	2	44
75	4261	2	44
75	4263	2	44
75	4264	2	44
75	4267	2	44
75	4268	2	44
75	4269	2	44
75	426A	2	44
75	426B	2	44
75	426E	2	44
75	426F	2	44
75	4270	2	44
75	4271	2	44
75	4272	2	44
75	4275	2	44
75	4277	2	44
75	427A	2	44
75	427D	2	44
75	427E	2	44
75	4280	2	44
75	4286	2	44
75	4288	2	44
75	428B	2	44
75	4329	1	170
75	432C	1	170
75	432E	1	170
75	4331	1	170
75	4333	1	170
75	4336	1	170
75	4339	1	170
75	433B	1	170
75	433E	1	170
75	433F	1	170
75	4341	1	170
75	4344	1	170
75	4347	1	170
75	4348	1	170
75	4349	1	170
75	434A	1	170
75	434B	1	170
75	434C	1	170
75	434D	1	170
75	434E	1	170
75	434F	1	170
75	4352	1	170
75	4353	1	170
75	4354	1	170
75	4355	1	170
75	4356	1	170
75	4359	1	170
75	435A	1	170
75	435D	1	170
75	4360	1	170
75	4362	1	170
75	4365	1	170
75	4368	1	170
75	436B	1	170
75	436C	1	170
75	436D	1	170
75	4370	1	170
75	4371	1	170
75	4372	1	170
75	4374	1	170
75	4376	1	170
75	437C	1	170
75	437E	1	170
75	437F	1	170
75	4380	1	170
75	4382	1	170
75	4385	1	170
75	4388	1	170
75	438A	1	170
75	438D	1	170
75	4390	5	44
75	4392	5	44
75	4393	5	44
75	4395	5	44
75	4396	5	44
75	4397	5	5726
75	4399	52	5726
75	439A	52	5726
75	439C	52	5726
75	439D	52	5726
75	439E	52	5726
75	43A0	5	5726
75	43A1	5	5726
75	43A2	5	5726
75	43A4	5	5726
75	43A6	5	5726
75	43B1	1	5726
75	43B4	1	5726
75	43B6	1	5726
75	43B9	1	5726
75	43BC	1	5726
75	43BE	1	5726
75	43C1	1	5726
75	43C2	1	5726
75	43C4	1	5726
75	43C7	1	5726
75	43C9	1	5726
75	43CB	1	5726
75	43CE	1	5726
75	43D0	1	5726
75	43D2	1	5726
75	43D5	1	5726
75	43DB	1	5726
75	43DC	1	5726
75	43DE	1	5726
75	43E1	1	5726
75	43E4	1	5726
75	43E7	1	5726
75	43E8	1	5726
75	43EB	1	5726
75	43EE	1	5726
75	43F0	1	5726
75	43F1	1	5726
75	43F3	1	5726
75	43F4	1	5726
75	43F7	1	5726
75	43F8	1	5726
75	43F9	1	5726
75	43FC	1	5726
75	43FE	1	5726
75	4401	1	5726
75	4404	1	5726
75	4407	1	5726
75	4408	1	5726
75	4409	1	5726
75	440A	1	5726
75	440D	1	5726
75	4410	1	5726
75	4411	1	5726
75	4414	1	5726
75	4417	1	5726
75	4418	1	5726
75	4419	1	5726
75	441C	1	5726
75	441E	1	5726
75	4421	1	5726
75	4422	1	5726
75	4423	1	5726
75	4424	1	5726
75	4425	1	5726
75	4426	1	5726
75	4429	1	5726
75	442A	1	5726
75	442C	1	5726
75	442F	1	5726
75	4432	1	5726
75	4434	1	5726
75	4437	8	44
75	443A	8	44
75	443C	8	44
75	448A	1	5726
75	448D	1	5726
75	4490	1	5726
75	4492	1	5726
75	4495	1	5726
75	4496	1	5726
75	4497	1	5726
75	4498	1	5726
75	449B	1	5726
75	449D	1	5726
75	44A3	1	5726
75	44A6	1	5726
75	44A7	1	5726
75	44A8	1	5726
75	44AB	1	5726
75	44AD	1	5726
75	44B0	1	5726
75	44B1	1	5726
75	44B4	1	5726
75	44B5	5	44
75	44B6	5	44
75	44B9	5	44
75	44BC	5	44
75	44BD	5	44
75	44C0	5	44
75	44C3	5	44
75	44C6	5	44
75	44C8	5	44
75	44CB	1	6027
75	44CE	1	6027
75	44D0	1	6027
75	44D3	1	6027
75	44D6	1	6027
75	44D8	1	6027
75	452B	1	6027
75	452E	1	6027
75	452F	1	6027
75	4532	1	6027
75	4535	1	6027
75	4538	1	6027
75	453A	1	6027
75	453D	1	6027
75	4540	1	6027
75	4541	1	6027
75	4542	1	6027
75	4544	1	6027
75	4547	1	6027
75	454A	1	6027
75	454D	1	6027
75	454F	1	6027
75	4552	1	6027
75	4554	1	6027
75	4555	1	6027
75	4556	1	6027
75	4559	1	6027
75	455A	1	6027
75	455B	1	6027
75	455E	1	6027
75	4561	1	6027
75	4564	1	6027
75	4565	1	6027
75	4568	1	6027
75	456A	1	6027
75	456D	1	6027
75	4570	1	6027
75	4572	1	6027
75	4575	1	6027
75	4577	1	6027
75	457A	1	6027
75	457D	1	5725
75	457F	1	5725
75	4582	1	5725
75	4583	1	5725
75	4587	1	5563
75	4589	1	5563
75	458C	1	5563
75	458D	1	5563
75	4590	1	5563
75	4591	1	5725
75	4593	1	5725
75	4596	1	5725
75	4597	1	5725
75	459B	3	5563
75	459E	3	5563
75	45A0	3	5563
75	45A2	3	5563
75	45A5	3	5563
75	45A7	3	5563
75	45A9	3	5563
75	45AC	3	5563
75	45AD	3	5563
75	45AE	1	5563
75	45AF	1	5563
75	45B2	1	5563
75	45B3	1	5563
75	45B5	1	5563
75	45B6	1	5563
75	45B9	1	5563
75	45BA	1	5563
75	45BD	1	5563
75	45BE	1	5563
75	45C1	1	5563
75	45C4	1	5563
75	45C5	1	5563
75	45C8	1	5563
75	45CB	1	5563
75	45CD	1	5563
75	45CE	1	5563
75	45D0	1	5563
75	45D1	1	5563
75	45D4	1	5563
75	45D7	1	5563
75	45DA	1	5563
75	45DB	1	5563
75	461A	1	5882
75	461C	1	5882
75	461F	1	5882
75	4620	1	5882
75	4622	1	5882
75	4623	1	5882
75	4631	1	5882
75	4633	1	5882
75	4636	1	5882
75	4637	1	5882
75	4638	1	5882
75	463B	1	5882
75	463E	1	5882
75	4640	1	5882
75	4641	1	5882
75	4643	1	5882
75	4644	1	5882
75	4645	1	5882
75	4648	1	5882
75	464B	1	5882
75	464E	1	5882
75	4651	1	5882
75	4654	1	5882
75	4656	1	5882
75	4659	1	5882
75	465C	1	5882
75	465F	1	5882
75	4661	1	5882
75	4664	1	5882
75	4665	1	5882
75	4666	1	5882
75	4667	1	5882
75	4668	1	5882
75	4669	1	5882
75	466C	1	5882
75	466F	1	5882
75	4670	1	5882
75	4671	1	5882
75	4672	1	5882
75	4673	1	5882
75	4676	1	5882
75	4679	1	5882
75	467B	1	5882
75	46B1	1	5882
75	46B4	1	5882
75	46B6	1	5882
75	46B9	1	5882
75	46BB	1	5882
75	46BE	1	5882
75	46C0	1	5882
75	46C3	1	5882
75	490A	1	5882
75	490D	1	5882
75	490F	1	5882
75	4912	1	5882
75	4915	1	5882
75	4917	1	5882
75	491A	1	5882
75	491D	1	5882
75	491E	1	5882
75	4921	1	5882
75	4922	1	5882
75	4925	1	5882
75	4926	1	5882
75	4928	1	5882
75	492B	1	5882
75	492D	1	5882
75	492F	1	5882
75	4932	1	5882
75	4938	1	5882
75	493B	1	5882
75	493E	1	5882
75	4940	1	5882
75	4943	1	5882
75	4944	1	5882
75	4945	1	5882
75	4948	1	5882
75	494B	1	5882
75	494C	1	5882
75	494D	1	5882
75	494F	9	5882
75	4950	9	5882
75	4951	9	5882
75	4952	9	5882
75	4954	9	5882
75	4956	9	5882
75	4958	1	5882
75	4959	1	5882
75	495B	1	5882
75	495C	1	5882
75	495F	1	5882
75	4960	1	5882
75	4963	1	5882
75	4966	17	5882
75	4967	17	5882
75	4968	17	5882
75	496A	1	5882
75	496D	1	5882
75	496E	1	5882
75	4971	1	5882
75	4974	1	5882
75	4977	1	5882
75	4979	1	5882
75	497C	1	5882
75	497F	1	5882
75	4980	1	5882
75	4983	1	5882
75	4986	1	5882
75	4989	1	5882
75	498B	1	5882
75	498E	1	5882
75	4991	1	5882
75	4994	1	5882
75	4996	1	5882
75	4999	1	5882
75	499C	1	5882
75	499F	1	5882
75	49A1	1	5882
75	49A4	1	5882
75	49A6	1	5882
75	49A9	1	5900
75	49AC	1	5900
75	49AE	1	5900
75	49B1	1	5900
75	49B4	1	5900
75	49B6	1	5900
75	49B9	1	5900
75	49BA	1	5900
75	49BD	1	5900
75	49BE	1	5900
75	49C1	1	5900
75	49C2	1	5900
75	49C5	1	5900
75	49C8	1	5900
75	49CB	1	5900
75	49CE	1	5900
75	49D0	1	5900
75	49D3	1	5900
75	49D5	1	5900
75	49D6	1	5900
75	49D7	1	5900
75	49DA	1	5900
75	49DB	1	5900
75	49DC	1	5900
75	49DF	1	5900
75	49E2	1	5900
75	49E5	1	5900
75	49E6	1	5900
75	49E9	1	5900
75	49EB	1	5900
75	49EE	1	5900
75	49F1	1	5900
75	49F3	1	5900
75	49F6	1	5900
75	49F8	1	5900
75	49FB	1	5900
75	563A	3	308
75	563D	3	308
75	563F	3	308
75	5642	2	308
75	5643	2	308
75	5646	2	308
75	5647	2	308
75	5648	2	308
75	564B	2	308
75	564E	2	308
75	5651	2	308
75	5654	2208	308
75	5655	2208	308
75	5656	2208	308
75	5657	2208	308
75	5658	2208	308
75	5659	2208	308
75	565B	2	308
75	5671	962	52
75	5674	962	52
75	5675	962	52
75	5676	962	52
75	5677	962	52
75	5678	962	52
75	567B	962	52
75	567D	962	52
75	567F	962	52
75	5682	962	52
75	5684	962	52
75	5686	33	5822
75	5689	962	52
75	568A	962	52
75	568B	962	52
75	568C	962	52
75	568F	962	52
75	5690	962	52
75	5691	962	52
75	5692	962	52
75	5693	7	169
75	5694	7	169
75	5696	7	169
75	5698	7	169
75	5699	7	169
75	569B	7	169
75	569C	7	169
75	569F	7	169
75	56A2	7	169
75	56A5	7	169
75	56A6	7	169
75	56A9	7	169
75	56AA	7	169
75	56AB	7	169
75	56AC	7	169
75	56AD	5	54
75	56AF	5	54
75	56B6	5	54
75	56B9	5	54
75	56BC	5	54
75	56BD	5	54
75	56BE	5	54
75	56C1	5	54
75	56C2	5	54
75	56C3	5	54
75	56C6	5	54
75	56C7	5	54
75	56C8	5	54
75	56CA	5	54
75	56CB	5	54
75	56CD	5	54
75	56CE	5	54
75	56D1	5	54
75	56D2	1940	44
75	56D5	1940	44
75	56D6	1940	44
75	56D9	1940	44
75	56DA	1940	44
75	56DD	476	44
75	56E0	476	44
75	56E1	476	44
75	56E2	476	44
75	56E3	476	44
75	56E4	476	44
75	56E5	476	44
75	56E6	476	44
75	56E7	476	44
75	56E8	476	44
75	56EA	476	44
75	56ED	69	44
75	56EE	69	44
75	56EF	69	44
75	56F2	69	44
75	56F5	69	44
75	56F6	69	44
75	56F8	69	44
75	56F9	69	44
75	56FB	69	44
75	56FC	69	44
75	56FF	37	44
75	5702	37	44
75	5704	37	44
75	5706	37	44
75	5708	37	44
75	5709	37	44
75	570C	37	44
75	570D	37	44
75	570E	37	44
75	5711	37	44
75	5712	37	44
75	5713	37	44
75	5716	37	44
75	5719	37	44
75	571B	37	44
75	571D	5	44
75	5720	5	44
75	5721	5	44
75	5723	32	51
75	5726	32	51
75	5728	32	51
75	572A	32	51
75	572C	32	51
75	572E	32	51
75	5730	32	51
75	5734	32	51
75	5735	32	51
75	5737	32	51
75	573A	32	51
75	573B	32	51
75	573D	32	51
75	573E	32	51
75	5741	32	51
75	5743	32	51
75	5746	32	51
75	5747	32	51
75	574A	32	51
75	574B	32	51
75	574C	32	51
75	574D	32	51
75	5750	32	51
75	5751	32	51
75	5752	32	51
75	5753	32	51
75	5756	32	51
75	5757	32	51
75	5758	32	51
75	5759	32	51
75	575C	32	51
75	575E	32	51
75	5760	3	5821
75	5762	3	5821
75	5764	29	51
75	5767	29	51
75	5769	29	51
75	576B	29	51
75	576D	29	51
75	576F	28	51
75	5771	28	51
75	5773	27	51
75	5775	27	51
75	5777	26	51
75	5779	26	51
75	577F	3	5753
75	5781	32	51
75	5782	32	51
75	5785	5	44
75	5786	5	44
75	5789	5	44
75	578C	5	44
75	578D	5	44
75	578E	5	44
75	578F	5	44
75	5790	5	44
75	5792	15	44
75	5793	15	44
75	5794	15	44
75	5796	15	44
75	5797	15	44
75	5799	5	44
75	579A	5	44
75	579B	5	44
75	579E	5	44
75	579F	5	44
75	57A0	5	44
75	57F4	1464	51
75	57F7	1464	51
75	57F8	1464	51
75	57FA	962	52
75	57FB	962	52
75	57FD	834	52
75	57FE	834	52
75	5801	128	52
75	5804	502	51
75	5807	502	51
75	5808	502	51
75	5809	502	51
75	580B	470	51
75	580D	470	51
75	580F	32	52
75	5811	502	51
75	5813	502	51
75	5814	502	51
75	5816	438	51
75	5818	438	51
75	581A	438	51
75	581B	438	51
75	581E	438	51
75	581F	438	51
75	5820	438	51
75	584C	64	52
75	584D	64	52
75	584F	64	52
75	5850	64	52
75	5852	32	52
75	5853	32	52
75	5854	32	52
75	5855	32	52
75	5858	32	52
75	585A	96	52
75	585B	96	52
75	585C	96	52
75	585E	32	52
75	5861	32	52
75	5863	32	52
75	5870	32	52
75	5873	32	52
75	5874	32	52
75	5877	32	52
75	5878	32	52
75	587A	128	52
75	587D	128	52
75	587F	128	52
75	5880	128	52
75	5882	32	52
75	5883	32	52
75	5884	32	52
75	5886	32	52
75	5889	32	52
75	588A	32	52
75	588B	32	52
75	588D	8	54
75	588E	8	54
75	5890	706	52
75	5893	706	52
75	5896	706	52
75	5897	706	52
75	5899	24	52
75	589A	24	52
75	589B	24	52
75	589C	24	52
75	589E	128	52
75	58A0	128	52
75	58A1	128	52
75	58A4	128	52
75	58A7	128	52
75	58A8	128	52
75	58AA	128	52
75	58AB	128	52
75	58AD	64	52
75	58B0	64	52
75	58B2	64	52
75	58B3	64	52
75	58B5	64	52
75	58B6	64	52
75	58B7	64	52
75	58C0	64	52
75	58C2	64	52
75	58C3	64	52
75	58C5	32	52
75	58C6	32	52
75	58C7	32	52
75	58C8	1940	44
75	58CB	1940	44
75	58CD	1940	44
75	58CE	834	52
75	58D0	834	52
75	58D1	834	52
75	58D3	834	52
75	58D6	834	52
75	58D7	834	52
75	58D8	834	52
75	58D9	834	52
75	58DA	834	52
75	58DB	834	52
75	58DE	834	52
75	58DF	834	52
75	58E2	834	52
75	58E5	834	52
75	58E8	834	52
75	58E9	834	52
75	58EA	20656	44
75	58ED	20656	44
75	58EF	20656	44
75	58F2	20656	44
75	58F5	20656	44
75	58F8	20656	44
75	58F9	20656	44
75	58FB	20656	44
75	58FD	19863	51
75	58FE	19863	51
75	58FF	19863	51
75	5900	19863	51
75	5901	19863	51
75	5902	19863	51
75	5904	19863	51
75	5906	19863	51
75	5907	19863	51
75	5908	19863	51
75	5933	20656	44
75	5936	20656	44
75	5938	20656	44
75	593B	20180	44
75	593D	20180	44
75	5940	18716	44
75	5943	18716	44
75	5945	18716	44
75	5948	18713	44
75	594B	18713	44
75	594C	18713	44
75	594F	74	51
75	5950	74	51
75	5951	74	51
75	5954	13	51
75	5957	13	51
75	595A	13	51
75	595C	13	51
75	595F	13	51
75	5961	13	51
75	5963	13	51
75	5964	13	51
75	5966	13	51
75	5969	8	169
75	596B	8	169
75	596D	3	5821
75	596F	3	5821
75	5971	3	5821
75	5974	3	5821
75	5976	3	5821
75	5978	3	5821
75	597A	3	5821
75	5983	3	5821
75	5986	3	5821
75	5990	5	169
75	5991	5	169
75	5992	5	169
75	5995	5	169
75	5997	5	169
75	599A	5	169
75	59FC	5	51
75	59FE	5	51
75	5A01	5	51
75	5A04	5	51
75	5A06	5	51
75	5A09	5	51
75	5A0C	5	51
75	5A0F	5	51
75	5A11	5	51
75	5A14	5	51
75	5A36	1464	51
75	5A39	1464	51
75	5A3A	1464	51
75	5A3B	1464	51
75	5A3D	962	52
75	5A3F	962	52
75	5A41	128	52
75	5A42	128	52
75	5A44	128	52
75	5A46	96	52
75	5A48	96	52
75	5A4A	1400	51
75	5A4C	1464	51
75	5A4E	1464	51
75	5A51	502	51
75	5A54	502	51
75	5A55	502	51
75	5AC3	32	52
75	5AC5	32	52
75	5AC7	32	52
75	5ACA	32	52
75	5ACB	32	52
75	5ACD	32	52
75	5AD0	32	52
75	5AD2	32	52
75	5B2B	476	44
75	5B2E	476	44
75	5B2F	476	44
75	5B30	476	44
75	5B31	476	44
75	5B32	476	44
75	5B34	476	44
75	5B35	476	44
75	5B36	476	44
75	5B37	476	44
75	5B38	1940	44
75	5B3B	1940	44
75	5B3D	1940	44
75	5B3F	1940	44
75	5B41	1940	44
75	5B43	1940	44
75	5B45	20656	44
75	5B46	32	52
75	5B47	32	52
75	5B4A	32	52
75	5B4D	32	52
75	5B50	32	52
75	5B51	32	52
75	5B52	32	52
75	5B55	32	52
75	5B58	32	52
75	5B5A	32	52
75	5B5C	32	52
75	5B5E	3	5822
75	5B61	3	5822
75	5B63	29	52
75	5B66	32	52
75	5B68	32	52
75	5B6C	32	52
75	5B6D	32	52
75	5B70	32	52
75	5B71	32	52
75	5B73	32	52
75	5B76	32	52
75	5B79	32	52
75	5B7B	32	52
75	5B7E	32	52
75	5B80	32	52
75	5B83	27	52
75	5B85	27	52
75	5B88	26	52
75	5B8A	26	52
75	5B8C	25	52
75	5B8E	25	52
75	5B90	24	52
75	5B92	24	52
75	5B94	23	52
75	5B96	23	52
75	5B98	17	52
75	5B9A	17	52
75	5B9C	17	52
75	5B9E	17	52
75	5BA1	13	52
75	5BA3	13	52
75	5BA5	12	52
75	5BA7	12	52
75	5BA9	11	52
75	5BAB	11	52
75	5BAE	6	54
75	5BB0	6	54
75	5BB3	6	54
75	5BB5	6	54
75	5BB8	5	54
75	5BBB	5	54
75	5BBD	5	54
75	5BBF	5	54
75	5BC2	5	54
75	5BC3	5	54
75	5BC6	5	54
75	5BC7	2	5890
75	5BCA	2	5890
75	5BCD	2	5890
75	5BCF	2	5890
75	5BD2	2	5890
75	5BD3	1	6033
75	5BD5	1	6033
75	5BD8	1	6033
75	5BD9	1	5758
75	5BDB	1	5758
75	5BDE	1	5758
75	5BE1	1	5758
75	5BE4	1	5758
75	5BE6	1	5758
75	5BE9	1	6035
75	5BEB	1	6035
75	5BEE	1	6035
75	5BF1	1	6035
75	5BF3	1	6035
75	5BF6	1	6035
75	5BF8	1	6035
75	5BF9	6	186
75	5BFC	6	186
75	5BFD	6	186
75	5BFE	6	186
75	5BFF	6	186
75	5C02	6	186
75	5C03	6	186
75	5C04	6	186
75	5C05	6	186
75	5C06	6	186
75	5C09	6	186
75	5C0B	6	186
75	5C0E	6	186
75	5C20	5	5893
75	5C23	5	5893
75	5C25	5	5893
75	5C28	5	5893
75	5C2B	5	5893
75	5C2C	5	5893
75	5C2F	5	5893
75	5C30	5	5893
75	5C33	5	5893
75	5C36	5	5893
75	5C37	5	5893
75	5C38	5	5893
75	5C39	5	5893
75	5C3C	5	5893
75	5C3D	5	5893
75	5C40	5	5893
75	5C41	5	5893
75	5C44	5	5893
75	5C46	5	5893
75	5CCB	5	5893
75	5CCC	5	5893
75	5CCD	5	5893
75	5CCF	5	5893
75	5CD0	5	5893
75	5CD1	5	5893
75	5CE3	5	5893
75	5CE4	5	5893
75	5CE5	5	5893
75	5CE6	5	5893
75	5CE7	5	5893
75	5CE9	5	5893
75	5CEA	5	5893
75	5CEB	5	5893
75	5CEC	5	5893
75	5CED	5	5893
75	5CF0	5	5893
75	5CF1	5	5893
75	5CF4	5	5893
75	5CF5	5	5893
75	5CF8	5	5893
75	5CF9	5	5893
75	5CFA	5	5893
75	5CFC	5	5893
75	5CFD	5	5893
75	5D00	5	5893
75	5D03	5	5893
75	5D04	5	5893
75	5D05	5	5893
75	5D06	5	5893
75	5D09	5	5893
75	5D0A	5	5893
75	5D0B	5	5893
75	5D0C	5	5893
75	5D0D	5	5893
75	5D10	5	5893
75	5D13	5	5893
75	5D15	5	5893
75	5D25	5	5893
75	5D28	5	5893
75	5D2B	5	5893
75	5D2C	1	5887
75	5D2F	1	5887
75	5D30	1	5887
75	5D33	1	5887
75	5D34	1	5887
75	5D37	1	5887
75	5D39	1	5887
75	5D3C	1	5887
75	5D3E	1	5887
75	5D41	1	5887
75	5D42	5	52
75	5D45	5	52
75	5D48	5	52
75	5D4A	45	52
75	5D4B	45	52
75	5D4C	45	52
75	5D4D	45	52
75	5D4F	45	52
75	5D50	45	52
75	5D51	45	52
75	5D53	5	52
75	5D54	5	52
75	5D55	5	52
75	5D57	5	52
75	5D5A	5	52
75	5D5C	5	52
75	5D5E	5	52
75	5D60	5	52
75	5D62	5	52
75	5D65	5	52
75	5D67	5	52
75	5D6A	5	52
75	5D6E	1	5754
75	5D70	1	5754
75	5D73	1	5754
75	5D76	1	5754
75	5D78	1	5754
75	5D79	4	5752
75	5D7C	4	5752
75	5D7E	4	5752
75	5D80	3	5822
75	5D83	3	5822
75	5D86	3	5822
75	5D89	3	5822
75	5D8A	3	5822
75	5D8D	3	5822
75	5D90	3	5822
75	5D92	3	5822
75	5D93	3	5822
75	5D95	3	5822
75	5D97	3	5822
75	5D98	3	5822
75	5DC9	1	5752
75	5DCC	1	5752
75	5DCD	1	5752
75	5DCE	1	5752
75	5DCF	1	5752
75	5DD2	1	5752
75	5DD3	1	5752
75	5DD6	1	5752
75	5DD9	1	5752
75	5DDA	1	5752
75	5DDB	1	5752
75	5DDE	1	5752
75	5DE1	1	5752
75	5DE2	4	5752
75	5DE4	4	5752
75	5DE6	4	5752
75	5DE7	4	5752
75	5DE8	3	5822
75	5DEA	3	5822
75	5DF3	3	5822
75	5DF5	3	5822
75	5DF8	3	5822
75	5DFA	3	5822
75	5DFC	3	5822
75	5DFF	3	5822
75	5E04	3	5822
75	5E06	3	5822
75	5E07	1	5822
75	5E09	1	5822
75	5E0A	1	5822
75	5E0C	1	5822
75	5E0D	1	5822
75	5E0E	1	5822
75	5E10	1	5822
75	5E11	1	5822
75	5E13	1	5822
75	5E16	1	5822
75	5E18	1	5822
75	5E1E	4	5752
75	5E1F	4	5752
75	5E21	4	5752
75	5E22	4	5752
75	5E23	4	5752
75	5E24	4	5752
75	5E25	4	5752
75	5E26	4	5752
75	5E29	4	5752
75	5E2B	4	5752
75	5E2C	4	5752
75	5E2F	4	5752
75	5E30	4	5752
75	5E31	32	52
75	5F08	8	52
75	5F0B	21	52
75	5F0E	21	52
75	5F10	37	44
75	5F13	37	44
75	5F14	37	44
75	5F17	37	44
75	5F19	37	44
75	5F20	37	44
75	5F22	37	44
75	5F24	37	44
75	5F26	37	44
75	5F27	37	44
75	5F2A	37	44
75	5F2C	37	44
75	5F2E	37	44
75	5F2F	37	44
75	5F32	37	44
75	5F33	37	44
75	5F36	37	44
75	5F37	37	44
75	5F3A	37	44
75	5F3B	37	44
75	5F3E	37	44
75	5F3F	37	44
75	5F42	37	44
75	5F43	37	44
75	5F46	37	44
75	5F47	37	44
75	5F4A	37	44
75	5F4B	37	44
75	5F4E	37	44
75	5F51	37	44
75	5F52	37	44
75	5F53	37	44
75	5F55	37	44
75	5F58	37	44
75	5F59	37	44
75	5F5C	37	44
75	5F5D	37	44
75	5F60	37	44
75	5F62	37	44
75	5F65	37	44
75	5F68	37	44
75	5F6A	37	44
75	5F6B	37	44
75	5F6C	13	170
75	5F6D	13	170
75	5F70	13	170
75	5F71	13	170
75	5F72	13	170
75	5F73	13	170
75	5F75	104	170
75	5F78	104	170
75	5F7A	13	170
75	5F7C	52	170
75	5F7F	52	170
75	5F81	13	170
75	5F82	13	170
75	5F83	13	170
75	5F86	13	170
75	5F87	13	170
75	5F88	13	170
75	5F89	13	170
75	5F8A	13	170
75	5F8B	13	170
75	5F8C	13	170
75	5F8D	13	170
75	5F8E	13	170
75	5F90	13	170
75	5F91	13	170
75	5F92	13	170
75	5F93	13	170
75	5F94	13	170
75	5F95	13	170
75	5F96	156	170
75	5F97	156	170
75	5F98	156	170
75	5F99	156	170
75	5F9A	156	170
75	5F9C	156	170
75	5F9D	156	170
75	5F9E	156	170
75	5F9F	156	170
75	5FA0	3	5821
75	5FA3	3	5821
75	5FA5	3	5821
75	5FA6	3	5821
75	5FA9	3	5821
75	5FAB	3	5821
75	5FAD	3	5821
75	5FAF	3	5821
75	5FB1	3	5821
75	5FB3	3	5821
75	5FD6	3	5821
75	5FD8	3	5821
75	5FDB	3	5821
75	5FDC	3	5821
75	5FDE	3	5821
75	5FE0	3	5821
75	5FE2	3	5821
75	5FE3	3	5821
75	5FE6	3	5821
75	5FE9	3	5821
75	5FEC	3	5821
75	5FEF	3	5821
75	5FF1	3	5821
75	6149	20656	44
75	614C	20656	44
75	614E	20656	44
75	614F	17952	52
75	6152	17952	52
75	6154	17952	52
75	6155	12824	52
75	6156	12824	52
75	6158	12824	52
75	615A	12824	52
75	615C	12824	52
75	615E	12822	52
75	6160	12822	52
75	6162	12822	52
75	6164	12822	52
75	6166	12822	52
75	6168	12822	52
75	616A	12824	52
75	616D	12824	52
75	616F	12824	52
75	6170	12824	52
75	6172	12824	52
75	6174	12824	52
75	6177	12824	52
75	6178	12824	52
75	6179	12824	52
75	617A	12824	52
75	617B	12824	52
75	617C	12824	52
75	617F	12824	52
75	6180	12824	52
75	6181	12824	52
75	6191	2	5887
75	6192	2	5887
75	6195	2	5887
75	6197	2	5887
75	61F1	5122	52
75	61F2	5122	52
75	61F4	5120	54
75	61F5	5120	54
75	61F7	5118	54
75	61F8	5118	54
75	61F9	2	52
75	61FC	2	52
75	61FD	2	52
75	61FF	2	52
75	620B	2	54
75	620E	2	54
75	620F	2	54
75	6210	2	54
75	6211	2	54
75	6214	2	54
75	6216	2	54
75	6218	2	54
75	621A	2	54
75	621B	2	54
75	621D	2	54
75	6221	2	54
75	6223	2	54
75	6226	2	54
75	6227	2	54
75	6229	2	54
75	622A	2	54
75	622B	2	54
75	622C	2	54
75	622D	2	54
75	622E	2	54
75	622F	2	54
75	6230	2	54
75	6235	2	54
75	6238	2	54
75	6239	2	54
75	623A	2	54
75	623D	2	54
75	623F	2	54
75	6241	2	54
75	6264	5	52
75	6266	5	52
75	6269	5	52
75	626C	6	5737
75	626D	6	5737
75	626F	5	5743
75	6270	5	5743
75	6272	4	5750
75	6273	4	5750
75	6275	3	5752
75	6276	3	5752
75	6279	2	5754
75	627A	2	5754
75	627D	1	5758
75	627E	1	5758
75	6287	1	5737
75	628A	1	5737
75	628D	1	5743
75	6290	1	5743
75	6292	1	5743
75	6293	1	5743
75	6295	1	5743
75	6296	1	5743
75	6299	1	5743
75	629C	1	5750
75	629F	1	5750
75	62A0	1	5750
75	62A2	1	5750
75	62A4	1	5750
75	62A5	1	5750
75	62A7	1	5750
75	62A9	1	5750
75	62AB	1	5750
75	62AE	190	5750
75	62AF	190	5750
75	62B0	190	5750
75	62B1	190	5750
75	62B3	190	5750
75	62B4	190	5750
75	62B5	190	5750
75	62B6	190	5750
75	62B8	1	5750
75	62B9	1	5750
75	62BA	1	5750
75	62BC	1	5750
75	62BD	1	5750
75	62BE	1	5750
75	62C0	1	5750
75	62C3	1	5750
75	62C4	1	5750
75	62CB	1	5750
75	62CE	1	5750
75	62D1	1	5750
75	62D3	1	5750
75	62D6	1	5750
75	62D9	1	5750
75	62DB	1	5750
75	62DE	1	5750
75	62E1	1	5750
75	62E2	1	5750
75	62E4	1	5750
75	62E5	1	5750
75	62E7	1	5750
75	62EA	1	5750
75	62EB	1	5750
75	62EC	1	5750
75	62ED	1	5750
75	62F0	1	5750
75	62F2	1	5750
75	62F5	1	5750
75	62F6	1	5750
75	62F9	1	5750
75	630F	1	5752
75	6312	1	5752
75	6314	1	5752
75	6316	1	5752
75	6318	1	5752
75	632C	1	5754
75	632D	1	5754
75	6330	1	5754
75	6332	1	5754
75	6333	1	5754
75	6336	1	5754
75	6338	1	5754
75	633B	1	5758
75	633D	1	5758
75	6340	1	5758
75	6343	1	5758
75	6345	1	5758
75	6347	1	5758
75	6351	1	5752
75	6354	1	5752
75	6356	1	5752
75	6357	1	5752
75	6359	1	5752
75	635C	1	5752
75	635D	1	5752
75	6360	1	5750
75	6363	1	5750
75	6365	1	5750
75	6366	1	5750
75	6368	1	5750
75	6369	1	5750
75	636B	1	5750
75	636E	1	5750
75	6371	6	178
75	6373	6	178
75	6376	6	178
75	63E7	2564	6030
75	63E8	2564	6030
75	63EA	2563	6031
75	63EB	2563	6031
75	63ED	2562	6033
75	63EE	2562	6033
75	63F0	2561	6035
75	63F1	2561	6035
75	63F3	2560	6037
75	63F4	2560	6037
75	63F6	2559	6037
75	63F7	2559	6037
75	63F8	1	6030
75	63FB	1	6030
75	63FD	1	6030
75	63FF	1	6030
75	6402	1	6030
75	640E	1	6030
75	6410	1	6031
75	6411	1	6031
75	6414	1	6031
75	6416	1	6031
75	6419	1	6031
75	641C	1	6033
75	641E	1	6033
75	6421	1	6033
75	6424	1	6035
75	6427	1	6037
75	642A	1	6037
75	642C	1	6037
75	642F	1	6037
75	6430	1	6037
75	6432	1	6037
75	6433	1	6037
75	6436	1	6030
75	6438	1	6030
75	643B	1	6030
75	643E	1	6030
75	6441	1	6030
75	6443	1	6030
75	6446	1	6030
75	6449	1	6030
75	644A	1	6030
75	644B	1	6030
75	644C	1	6030
75	644F	1	6030
75	6451	1	6030
75	6454	1	6030
75	6457	2	5887
75	6458	2	5887
75	645A	1	5890
75	645B	1	5890
75	645E	1	5887
75	6460	1	5887
75	6463	1	5887
75	6466	1	5887
75	6469	1	5887
75	646A	1	5887
75	646C	1	5887
75	6491	1	5887
75	6493	1	5887
75	6496	1	5887
75	6499	1	5887
75	649C	1	5890
75	649F	1	5890
75	64A1	1	5890
75	64D4	1	5890
75	64D5	1	5890
75	64D8	1	5890
75	64DB	1	5890
75	64DC	1	5890
75	64DF	1	5890
75	64E0	1	5890
75	64E3	1	5890
75	64E4	1	5890
75	6654	1	5890
75	6657	1	5890
75	6659	1	5890
75	665A	1	5890
75	665B	1	5890
75	665E	1	5890
75	6661	1	5890
75	6664	1	5890
75	6667	1	5890
75	666A	1	5890
75	666B	1	5890
75	666C	1	5890
75	666E	1	5890
75	6671	1	5890
75	6674	1	5890
75	6677	1	5890
75	6678	1	5890
75	667B	1	5890
75	667C	1	5890
75	667D	1	5890
75	667F	1	5890
75	6680	1	5890
75	6681	1	5890
75	6684	1	5890
75	6687	1	5890
75	6688	1	5890
75	668B	1	5890
75	668C	1	5890
75	668D	1	5890
75	668F	1	5890
75	6690	1	5890
75	6691	1	5890
75	6694	1	5890
75	6697	1	5890
75	669A	1	5890
75	669C	1	5890
75	669F	1	5890
75	673A	4	5890
75	673C	4	5890
75	673F	5	5890
75	6740	5	5890
75	6743	5	5890
75	6744	5	5890
75	6745	5	5890
75	6747	5	5890
75	6748	5	5890
75	674A	5	5890
75	674B	5	5890
75	674D	5	5890
75	674E	5	5890
75	674F	5	5890
75	67DB	1	5890
75	67DE	1	5890
75	67E0	1	5890
75	67F7	5	5893
75	67FA	5	5893
75	67FD	5	5893
75	67FE	5	5893
75	6800	5	5893
75	6801	5	5893
75	6802	5	5893
75	6804	5	5893
75	6805	5	5893
75	6807	5	5893
75	6808	5	5893
75	681D	5	5893
75	681E	5	5893
75	681F	5	5893
75	6822	5	5893
75	6823	5	5893
75	6824	5	5893
75	6826	5	5893
75	6827	5	5893
75	6829	5	5893
75	6840	5	5893
75	6843	5	5893
75	6844	5	5893
75	6845	5	5893
75	6846	5	5893
75	6848	5	5893
75	6849	5	5893
75	684B	5	5893
75	684E	5	5893
75	684F	5	5893
75	6851	5	5893
75	6854	5	5893
75	68E9	2	5899
75	68EC	2	5899
75	68EE	2	5899
75	68F0	2	5899
75	6974	2	5882
75	6976	2	5882
75	6977	2	5882
75	6978	2	5882
75	6979	2	5882
75	697B	2	5882
75	697C	2	5882
75	697D	2	5882
75	697E	2	5882
75	69B2	3	5893
75	69B3	3	5893
75	69B5	2	5896
75	69B6	2	5896
75	69B8	1	5899
75	69B9	1	5899
75	69C0	1	5893
75	69C3	1	5893
75	69C5	1	5893
75	69C8	1	5893
75	69CA	1	5893
75	69CC	1	5893
75	69CF	1	5893
75	69D2	1	5893
75	69D4	1	5893
75	69D5	1	5893
75	69D7	1	5893
75	69D9	1	5893
75	69DC	1	5893
75	69DF	1	5896
75	69E0	1	5896
75	69E3	1	5896
75	69E5	1	5896
75	69E8	1	5896
75	69EA	1	5896
75	69EC	1	5896
75	69EF	1	5896
75	69F2	1	5896
75	69F4	1	5896
75	69F5	1	5896
75	69F7	1	5896
75	69FA	1	5896
75	69FD	1	5899
75	6A00	1	5899
75	6A02	1	5899
75	6A05	1	5899
75	6A07	1	5899
75	6A09	1	5899
75	6A0B	1	5899
75	6A0E	1	5899
75	6A11	1	5899
75	6A13	1	5899
75	6A6C	1	5902
75	6A6D	1	5902
75	6A70	1	5902
75	6A73	1	5902
75	6A75	1	5902
75	6A78	1	5902
75	6A79	1	5902
75	6A7B	1	5902
75	6A7D	3	5902
75	6A7E	3	5902
75	6A80	3	5902
75	6A82	1	5902
75	6A85	1	5902
75	6A88	1	5902
75	6A89	1	5902
75	6A8C	1	5902
75	6A8D	1	5902
75	6A8E	1	5902
75	6A8F	1	5902
75	6A90	1	5902
75	6A91	1	5902
75	6A92	1	5902
75	6A95	1	5902
75	6A98	1	5902
75	6A99	1	5902
75	6A9A	1	5902
75	6A9B	1	5902
75	6A9C	1	5902
75	6A9D	1	5902
75	6A9E	1	5902
75	6A9F	1	5902
75	6AA0	1	5902
75	6AA1	1	5902
75	6AA2	1	5902
75	6AA3	1	5902
75	6AA5	1	5902
75	6AA8	1	5902
75	6AC2	2	5902
75	6AC5	2	5902
75	6AC6	2	5902
75	6AC9	2	5902
75	6ACA	2	5902
75	6ACD	2	5902
75	6ACE	2	5902
75	6AD1	2	5902
75	6AD4	4	5902
75	6AD5	4	5902
75	6AD7	4	5902
75	6AD9	3	5902
75	6ADB	3	5902
75	6ADD	2	5902
75	6ADF	2	5902
75	6AE0	2	5902
75	6AE2	2	5902
75	6AE4	2	5902
75	6AE6	2	5902
75	6AE7	2	5902
75	6AEA	2	5902
75	6AEB	2	5902
75	6AEE	2	5902
75	6AEF	2	5902
75	6AF2	2	5902
75	6AF4	2	5902
75	6AF6	2	5902
75	6AF8	2	5902
75	6AFA	2	5902
75	6AFC	2	5902
75	6AFE	2	5902
75	6B01	2	5902
75	6B02	2	5902
75	6B03	2	5902
75	6B06	2	5902
75	6B07	2	5902
75	6B08	2	5902
75	6B0B	2	5902
75	6B0C	2	5902
75	6B0D	2	5902
75	6B0E	2	5902
75	6B0F	2	5902
75	6B10	2	5902
75	6B12	2	5902
75	6B13	2	5902
75	6B14	2	5902
75	6B16	2	5902
75	6B17	2	5902
75	6B18	2	5902
75	6B1A	2	5902
75	6B1B	2	5902
75	6B1E	2	5902
75	6B1F	2	5902
75	6B22	2	5902
75	6B23	2	5902
75	6B26	2	5902
75	74DB	2563	5573
75	74DC	2563	5573
75	74DE	2562	5580
75	74DF	2562	5580
75	74E1	2561	5587
75	74E2	2561	5587
75	74E4	2560	5589
75	74E5	2560	5589
75	74E7	2559	5589
75	74E8	2559	5589
75	74E9	1	5573
75	74EC	1	5573
75	74EF	1	5580
75	74F2	1	5580
75	74F4	1	5580
75	74F5	1	5580
75	74F7	1	5580
75	74F8	1	5580
75	74FB	1	5580
75	74FE	1	5587
75	7501	1	5589
75	7504	1	5589
75	7505	1	5589
75	7507	1	5589
75	7509	1	5589
75	750A	1	5589
75	750C	1	5589
75	750E	1	5589
75	7510	1	5589
75	7513	190	5589
75	7514	190	5589
75	7515	190	5589
75	7516	190	5589
75	7518	190	5589
75	7519	190	5589
75	751A	190	5589
75	751B	190	5589
75	751D	1	5589
75	751E	1	5589
75	751F	1	5589
75	7521	1	5589
75	7522	1	5589
75	7523	1	5589
75	7525	1	5589
75	7528	1	5589
75	7529	1	5589
75	752C	1	5589
75	752D	1	5589
75	7530	1	5589
75	7531	1	5589
75	7534	1	5589
75	7536	1	5589
75	7538	1	5589
75	753A	1	5589
75	7540	1	5589
75	7542	1	5589
75	7545	1	5589
75	7554	3	5589
75	7555	3	5589
75	7556	3	5589
75	7557	3	5589
75	7558	3	5589
75	7559	3	5589
75	755A	3	5589
75	755D	3	5589
75	755E	3	5589
75	755F	1	5589
75	7561	1	5589
75	7564	1	5589
75	7566	1	5589
75	7569	1	5589
75	756C	1	5589
75	756D	1	5589
75	756E	1	5589
75	756F	1	5725
75	7571	1	5725
75	7574	1	5725
75	7576	1	5725
75	7579	1	5725
75	757C	1	5725
75	757E	1	5725
75	7581	1	5725
75	7584	1	5725
75	7587	1	5725
75	7589	1	5725
75	758C	1	5725
75	758F	1	5725
75	7590	1	5725
75	7593	1	5725
75	7596	1	5725
75	7598	1	5725
75	759B	1	5725
75	759E	1	5725
75	759F	1	5725
75	75A2	1	5725
75	75A5	1	5725
75	75A7	1	5725
75	75AA	1	5725
75	75AD	3	5725
75	75AF	5	5725
75	75B0	5	5725
75	75B2	5	5725
75	75B4	5	5725
75	75B6	5	5725
75	75B8	3	5725
75	75BA	3	5725
75	75BC	3	5725
75	75BF	3	5725
75	75C1	3	5725
75	75C4	3	5725
75	75C5	3	5725
75	75C6	3	5725
75	75C7	3	5725
75	75C9	3	5725
75	75CB	3	5725
75	75CD	2	5725
75	75CF	2	5725
75	75D1	2	5725
75	75D4	2	5725
75	75D6	2	5725
75	75D9	2	5725
75	75DA	2	5725
75	75DB	2	5725
75	75DC	2	5725
75	75DE	3	5725
75	75DF	3	5725
75	75E0	3	5725
75	75E1	3	5725
75	75E2	1	5725
75	75E4	1	5725
75	7634	2563	178
75	7635	2563	178
75	7637	2562	186
75	7638	2562	186
75	763A	2561	190
75	763B	2561	190
75	763D	2560	191
75	763E	2560	191
75	7640	2559	191
75	7641	2559	191
75	7642	1	178
75	7645	1	178
75	7648	1	186
75	764B	1	186
75	764C	1	186
75	764E	1	186
75	7650	1	186
75	7655	1	186
75	7658	1	186
75	765A	1	186
75	765B	1	186
75	765D	1	186
75	765E	1	186
75	7661	1	186
75	7663	1	186
75	7666	1	186
75	7669	1	186
75	766A	1	186
75	766B	1	186
75	766C	1	186
75	766F	1	186
75	7670	1	186
75	7671	1	186
75	7672	1	186
75	7675	1	186
75	7676	1	186
75	7677	1	186
75	767A	1	186
75	767D	1	190
75	7680	1	191
7C	7B7C	1	1112
7C	7B82	1	1112
7C	7B83	1	1112
7C	7B84	1	1112
7C	7B85	1	1112
7C	7B8B	1	1762
7C	7B9A	1	1762
7C	7BB7	1	1762
7C	7BBD	1	2377
7C	7BBE	1	2377
7C	7BBF	1	2377
7C	7BC0	2	2377
7C	7BC6	1	3227
7C	7CF6	1	3227
7C	7CF8	1	3227
7C	7CFA	1	3227
7C	7D00	1	3227
7C	7D06	1	3227
7C	7D08	1	3227
7C	7D0A	1	3227
7C	7D15	1	3227
7C	7D1B	1	6979
7D	7B7C	6673	327
7D	7B7E	6673	327
7D	7B80	6673	327
7D	7B82	6673	327
7D	7B84	6673	327
7D	7B86	6673	327
7D	7B88	6673	327
7D	7B89	6673	327
7D	7B8B	6673	327
7D	7B8D	6673	327
7D	7B8F	6673	327
7D	7B91	6673	327
7D	7B93	6673	327
7D	7B95	6673	327
7D	7B97	6673	327
7D	7B99	6673	327
7D	7B9B	6673	327
7D	7B9C	6673	327
7D	7B9E	6673	327
7D	7B9F	6673	327
7D	7BA1	6673	327
7D	7BA3	6673	327
7D	7BA4	5025	1142
7D	7BA6	5025	1142
7D	7BA7	5025	1142
7D	7BA9	15	1142
7D	7BAA	15	1142
7D	7BAD	5025	1142
7D	7BB0	5025	1142
7D	7BB1	5025	1142
7D	7BB3	2162	1142
7D	7BB6	5025	1142
7D	7BB7	1648	327
7D	7BB8	1648	327
7D	7BB9	1648	327
7D	7BBA	1648	327
7D	7BBD	1648	327
7D	7BBE	1648	327
7D	7BBF	1648	327
7D	7BC0	1648	327
7D	7BC1	6673	327
7D	7BC4	6673	327
7D	7BC6	6673	327
7D	7BC7	6673	327
7D	7BC8	6673	327
7D	7BCA	6673	327
7D	7BCB	6673	327
7D	7BCD	6673	327
7D	7BD0	6673	327
7D	7BD2	6673	327
7D	7BD4	53384	327
7D	7BD7	53384	327
7D	7BD9	53384	327
7D	7BDB	22	460
7D	7BDC	22	460
7D	7BDD	22	460
7D	7BDE	22	460
7D	7BE4	53384	327
7D	7BE5	53384	327
7D	7BE7	53384	327
7D	7BE8	53384	327
7D	7BEA	6673	327
7D	7BEC	6673	327
7D	7BED	6673	327
7D	7BEF	6673	327
7D	7BF0	2	16
7D	7BF1	2	16
7D	7BF3	2	16
7D	7BF5	2	16
7D	7BF7	2	16
7D	7BF9	2	16
7D	7BFC	2	16
7D	7BFE	2	16
7D	7C00	10	16
7D	7C01	10	16
7D	7C04	10	16
7D	7C05	10	16
7D	7C08	10	16
7D	7C0B	10	16
7D	7C0D	80	16
7D	7C0E	80	16
7D	7C0F	80	16
7D	7C11	10	16
7F	61FC	1	5416
7F	61FD	1	5416
7F	61FE	1	5416
7F	61FF	5	5416
7F	6200	5	5416
7F	6201	5	5416
7F	6204	5	5416
7F	6207	5	5416
7F	620A	5	5416
7F	620B	5	5416
7F	7271	6	3228
7F	7272	6	3228
7F	7273	6	3228
7F	7274	6	3228
7F	7275	6	3228
7F	7276	6	3228
7F	7277	6	3228
7F	7278	6	3228
7F	7279	6	3228
7F	727B	6	3228
7F	727C	6	3228
7F	727D	6	3228
7F	727F	6	3228
7F	7282	6	3228
7F	7284	6	3228
7F	7287	6	3228
7F	7289	6	3228
7F	728C	6	3228
7F	728E	6	3228
7F	7290	6	3228
7F	7292	6	3228
7F	7294	6	3228
7F	7297	15001	3228
7F	7299	15001	3228
7F	729B	15001	3228
7F	729D	6	3228
7F	729F	6	3228
7F	72A1	6	3228
7F	72A2	6	3228
7F	72A4	6	3228
7F	72A7	6	3228
7F	72A8	6	3228
7F	72AA	6	3228
7F	72AB	6	3228
7F	72AD	6	3228
7F	72AF	6	3228
7F	72B0	6	3246
7F	72B2	6	3246
7F	72B3	6	3246
7F	72B4	6	3246
7F	72B6	6	3246
7F	72B9	6	3246
7F	72BA	6	3246
7F	72BC	6	3246
7F	72BD	6	3246
7F	72BF	6	3246
7F	72C1	6	3246
7F	72C2	5	5881
7F	72C3	5	5881
7F	72C5	5	5881
7F	72C6	5	5881
7F	72C8	5	5881
7F	72C9	5	5881
7F	72CB	5	5881
7F	72CC	5	5881
7F	72CE	5	5881
7F	72D1	14491	5881
7F	72D2	14491	5881
7F	72D4	14491	5881
7F	72D6	5	5881
7F	72D8	17835	5881
7F	72D9	17835	5881
7F	72DA	17835	5881
7F	72DC	5	5882
7F	72DD	5	5882
7F	72DF	5	5882
7F	72E1	5	5882
WRAM	C133	2312	1141	C3BA03	0	0
WRAM	CBF1	7854	17	C3BA03	2312	0
WRAM	CBF4	335727	1140	C3C416	3098	0
WRAM	CBF7	20656	44	C3ED01	0	0
WRAM	CBFA	1940	44	C3B701	0	0
HRAM	FF80	7854	17	3EC0E0	0	0
HRAM	FF82	7854	17	E0463E	0	0
HRAM	FF84	7854	17	3E283D	0	0
HRAM	FF86	314160	17	3D20FD	0	0
HRAM	FF87	314160	17	20FDC9	0	0
HRAM	FF89	7854	17	C94F00	7362	0
HRAM	FFA8	48174	16	3E0021	27485	0
HRAM	FFAA	48174	16	21B605	48173	0
HRAM	FFAD	48174	16	C3F07B	48172	0
