# bank	addr	count	first_frame	first_bytes	changed	wram_bank
# bank = ROM bank actually mapped (2 hex digits) or WRAM/HRAM/VRAM/SRAM/OTHER; addr = CPU address of an executed instruction start
# first_bytes/changed/wram_bank are present for RAM rows only (3 bytes at addr at first execution; times they differed later; SVBK bank for D000-DFFF)
00	0040	53344	17
00	0048	283377	1140
00	0050	794822	44
00	0058	23604	44
00	0100	1	0
00	0101	1	0
00	0150	11	44
00	0152	11	44
00	0155	11	44
00	0156	11	44
00	0159	11	44
00	015A	11	44
00	015D	11	44
00	015F	2	44
00	0161	2	44
00	0162	2	44
00	0164	2	44
00	0167	2	44
00	0168	2	44
00	0169	2	44
00	016A	2	44
00	016B	11	44
00	016E	11	44
00	0170	11	44
00	0173	11	44
00	0174	11	44
00	0175	11	44
00	0176	11	44
00	0177	11	44
00	017A	11	44
00	017C	11	44
00	017D	11	44
00	017F	11	44
00	0180	11	44
00	0182	11	44
00	0185	11	44
00	0187	11	44
00	018A	11	44
00	018D	11	44
00	0190	11	44
00	0191	11	44
00	0194	11	44
00	0195	11	44
00	0198	11	44
00	0199	11	44
00	019C	11	44
00	019D	11	44
00	019E	11	44
00	019F	11	44
00	01A0	11	44
00	01A1	11	44
00	01A4	11	44
00	01A5	11	44
00	01A8	11	44
00	01AB	11	44
00	01AD	11	44
00	01B0	11	44
00	01B1	11	44
00	01B2	11	44
00	01B3	11	44
00	01B6	11	44
00	01B7	23604	44
00	01B8	23604	44
00	01B9	23604	44
00	01BA	23604	44
00	01BB	23604	44
00	01BE	23604	44
00	01BF	23604	44
00	01C0	23604	44
00	01C1	23604	44
00	01C2	23604	44
00	01C5	23604	44
00	01C7	23604	44
00	01C8	23604	44
00	01CA	23604	44
00	01CB	23604	44
00	01CD	23604	44
00	01D0	23604	44
00	01D2	23604	44
00	01D5	23604	44
00	01D8	23604	44
00	01D9	23604	44
00	01DC	23604	44
00	01DD	23604	44
00	01DE	23604	44
00	01DF	23604	44
00	01E0	23604	44
00	01E1	23604	44
00	01E4	23604	44
00	01E5	23604	44
00	01E8	23604	44
00	01E9	23604	44
00	01EA	23604	44
00	01EB	23604	44
00	01EC	23604	44
00	01ED	794822	44
00	01EE	794822	44
00	01EF	794822	44
00	01F0	794822	44
00	01F1	794822	44
00	01F2	794822	44
00	01F4	794822	44
00	01F6	794822	44
00	01F8	794822	44
00	01FA	794822	44
00	01FD	794822	44
00	01FE	794822	44
00	0200	794822	44
00	0203	794822	44
00	0205	794822	44
00	0207	794745	44
00	0209	794745	44
00	020B	794745	44
00	020D	794745	44
00	0210	794745	44
00	0211	794745	44
00	0212	794745	44
00	0213	794745	44
00	0214	794745	44
00	0217	794745	44
00	0219	794745	44
00	021A	794745	44
00	021C	794745	44
00	021D	794745	44
00	021F	794745	44
00	0222	794745	44
00	0224	794745	44
00	0227	794745	44
00	022A	794745	44
00	022B	794745	44
00	022E	794745	44
00	022F	794745	44
00	0230	794745	44
00	0231	794745	44
00	0232	794745	44
00	0233	794745	44
00	0236	794745	44
00	0237	794745	44
00	023A	794822	44
00	023C	794822	44
00	023E	794822	44
00	0240	794822	44
00	0242	794822	44
00	0243	794822	44
00	0244	794822	44
00	0245	794822	44
00	0246	794822	44
00	0278	1	0
00	0279	1	0
00	027B	1	0
00	027E	1	0
00	027F	1	0
00	0280	1	0
00	0282	1	0
00	0284	1	0
00	0286	1	0
00	0289	1	0
00	028C	1	0
00	028E	1	0
00	0290	1	0
00	0292	1	0
00	0295	1	0
00	0296	1	0
00	0299	1	0
00	029C	1	0
00	029E	1	0
00	02A0	1	0
00	02AE	1	0
00	02B0	1	0
00	02B2	1	0
00	02B5	1	0
00	02B8	1	0
00	02B9	1	0
00	02BC	1	1
00	02BE	1	1
00	02C0	6	1
00	02C1	6	1
00	02C3	6	1
00	02C6	6	1
00	02C9	6	1
00	02CA	6	1
00	02CD	6	2
00	02CE	6	2
00	02CF	6	2
00	02D1	1	5
00	02D2	1	5
00	02D4	1	5
00	02D6	1	5
00	02D9	1	5
00	02DC	1	5
00	02DD	1	5
00	02E0	1	7
00	02E3	1	7
00	02E6	1	7
00	02E7	1	7
00	02EA	1	8
00	02ED	1	8
00	02F0	1	8
00	02F3	1	8
00	02F4	1	8
00	02F7	1	8
00	02FA	1	8
00	02FB	1	8
00	02FD	1	8
00	0300	1	8
00	0302	1	8
00	0303	1	8
00	0305	1	8
00	0307	1	8
00	030A	1	8
00	030B	1	8
00	030D	1	8
00	030F	1	8
00	0311	1	8
00	0314	1	8
00	0317	1	17
00	031A	1	17
00	031B	1	17
00	031C	1	17
00	031E	1	17
00	0321	1	17
00	0322	1	17
00	0324	1	17
00	0327	1	17
00	0328	1	17
00	0331	2	16
00	0333	2	16
00	0335	2	16
00	0338	2	16
00	033A	2	16
00	033D	2	16
00	033F	2	16
00	0341	2	16
00	0344	2	16
00	0346	2	16
00	0349	2	16
00	034A	4	16
00	034C	256	16
00	034D	256	16
00	034E	256	16
00	034F	256	16
00	0351	4	16
00	0392	70457	0
00	0393	70457	0
00	0395	70457	0
00	0397	70457	0
00	0399	168	0
00	039A	70457	0
00	039D	70457	0
00	039E	70457	0
00	03A0	53198	0
00	03A2	53198	0
00	03A5	53198	0
00	03A6	53198	0
00	03A7	53198	0
00	03A8	53198	0
00	03AA	53198	0
00	03AB	53198	0
00	03AD	53198	0
00	03AF	53198	0
00	03B2	53198	0
00	03B3	53198	0
00	03B5	53198	0
00	03B6	53198	0
00	03B7	53198	0
00	03B8	70457	0
00	03B9	70457	0
00	03BA	53344	17
00	03BB	53344	17
00	03BE	53344	17
00	03BF	53344	17
00	03C1	53343	17
00	03C4	53344	17
00	03C5	53344	17
00	03C6	53344	17
00	03C7	53344	17
00	03CA	53344	17
00	03CB	53344	17
00	03CD	53344	17
00	03D0	53344	17
00	03D3	53344	17
00	03D5	53344	17
00	03D7	53344	17
00	03D9	18494	17
00	03DA	53344	17
00	03DD	53344	17
00	03DE	53344	17
00	03E0	53344	17
00	03E2	580	3383
00	03E3	580	3383
00	03E4	580	3383
00	03E6	580	3383
00	03E7	580	3383
00	03E9	580	3383
00	03EB	9	6926
00	03EC	9	6926
00	03ED	9	6926
00	03EF	9	6926
00	03F0	9	6926
00	03F2	9	6926
00	0400	53344	17
00	0401	53344	17
00	0404	53344	17
00	0406	53344	17
00	0408	53344	17
00	040A	52624	17
00	040B	53344	17
00	040E	53344	17
00	040F	53344	17
00	0411	53344	17
00	0413	11	104
00	0414	11	104
00	0415	11	104
00	0417	11	104
00	0418	11	104
00	041A	11	104
00	042E	53344	17
00	042F	53344	17
00	0432	53344	17
00	0433	53344	17
00	0435	149	17
00	0437	149	17
00	0438	149	17
00	043A	149	17
00	043B	149	17
00	043E	149	17
00	0440	53195	18
00	0441	53195	18
00	0443	53195	18
00	0446	53344	17
00	0447	53344	17
00	0448	53344	17
00	0449	53344	17
00	044A	53344	17
00	044B	28261	43
00	044C	28261	43
00	044E	28261	43
00	0450	28261	43
00	0452	28261	43
00	0453	340438	43
00	0454	340437	44
00	0455	340437	44
00	0458	340437	44
00	0459	340437	44
00	045B	28260	44
00	045C	28260	44
00	045F	28260	44
00	0462	28260	44
00	0463	28260	44
00	0464	23955	3032
00	0465	23955	3032
00	0467	23955	3032
00	0469	23955	3032
00	046B	23955	3032
00	046C	401217	3032
00	046D	401217	3033
00	046E	401217	3033
00	0471	401217	3033
00	0472	401217	3033
00	0474	23955	3033
00	0475	23955	3033
00	0478	23955	3033
00	0479	23955	3033
00	047A	362	28
00	047B	362	28
00	047D	362	28
00	047F	362	28
00	0481	7365	28
00	0482	7365	28
00	0483	7365	29
00	0484	7365	29
00	0485	7365	29
00	0488	7365	29
00	0489	7365	29
00	048B	445	29
00	048D	445	29
00	048F	445	29
00	0491	362	29
00	0492	362	29
00	0495	362	29
00	0496	362	29
00	0497	83	1803
00	0498	83	1803
00	049B	83	1803
00	049E	83	1803
00	04A0	2	16
00	04A2	2	16
00	04A5	2	16
00	04A7	2	16
00	04AA	2	16
00	04AC	2	16
00	04AF	2	16
00	04B1	2	16
00	04B4	2	16
00	04B6	2	16
00	04B9	2	16
00	04BB	2	16
00	04BE	2	16
00	04C0	2	16
00	04C3	2	16
00	04C5	2	16
00	04C8	2	16
00	04CA	2	16
00	04CD	2	16
00	04CF	2	16
00	04D2	2	16
00	04D4	2	16
00	04D7	2	16
00	04D8	619	0
00	04D9	619	0
00	04DA	619	0
00	04DC	14786	8
00	04DD	14786	8
00	04DE	14786	8
00	04E0	563	8
00	04E1	56	0
00	04E2	56	0
00	04E3	56	0
00	04E5	2	8
00	04E6	189152	0
00	04E7	189152	0
00	04E8	189152	0
00	04EA	739	0
00	04EB	739	0
00	04ED	56	1
00	050C	137	26
00	050D	137	26
00	050E	137	26
00	0510	5510	26
00	0511	5510	26
00	0512	5510	26
00	0513	5510	26
00	0514	5510	26
00	0516	91	26
00	0517	46	324
00	0518	46	324
00	0519	46	324
00	051B	40	9731
00	051C	13056	324
00	051D	13056	324
00	051E	13056	324
00	051F	13056	324
00	0520	13056	324
00	0522	86	324
00	0523	86	324
00	0525	46	324
00	0526	12	11109
00	0527	12	11109
00	0528	12	11109
00	0531	12	11109
00	0532	12	11109
00	0533	12	11109
00	0535	12	11109
00	0536	3456	11109
00	0537	3456	11109
00	0538	3456	11109
00	0539	3456	11109
00	053A	3456	11109
00	053C	24	11109
00	053D	24	11109
00	053F	12	11109
00	0545	51667	27
00	0546	51667	27
00	0547	51667	27
00	0548	51667	27
00	054A	51667	27
00	054B	51667	27
00	054C	51667	27
00	054D	51667	27
00	054E	51667	27
00	054F	51667	27
00	0550	51667	27
00	056A	27060	1142
00	056C	27060	1142
00	056D	27060	1142
00	056E	27060	1142
00	0570	27060	1142
00	0572	27060	1142
00	0573	27060	1142
00	0575	27060	1142
00	0578	27039	1142
00	057A	27039	1142
00	057D	27039	1142
00	057F	27039	1142
00	0582	27039	1142
00	0584	27039	1142
00	0587	27038	1142
00	0589	27038	1142
00	058C	1	9731
00	058E	1	9731
00	059B	21	1802
00	059C	21	1802
00	059F	3	8
00	05A2	3	8
00	05A5	30	8
00	05A6	30	8
00	05A7	30	8
00	05A8	30	8
00	05A9	30	8
00	05AB	3	8
00	05B6	16	28
00	05B8	16	28
00	05BA	16	28
00	05BC	16	28
00	05BD	4	0
00	05BF	4	0
00	05C1	4	0
00	05C2	4	0
00	05C3	4	0
00	05C5	4	0
00	05C7	4	0
00	05C9	3	3472
00	05CB	3	3472
00	05CC	3	3472
00	05CE	3	3472
00	05D0	3	3472
00	05D2	9674	3472
00	05D4	9674	3472
00	05D6	9674	3472
00	05D8	3	3473
00	05DA	3	3473
00	05DC	3	3473
00	05DE	3	3473
00	05E0	3	3473
00	05E2	3	3473
00	05E3	3	3473
00	05E5	3	3473
00	05E6	3	3473
00	05E8	3	3473
00	05E9	3	3473
00	05EC	3	3473
00	05ED	1	0
00	05EF	1	0
00	05F1	1	0
00	05F3	1	0
00	05F5	1	0
00	05F7	1	0
00	05F9	1	0
00	05FB	1	0
00	05FD	1	0
00	05FE	1	0
00	0601	1	0
00	0602	1	0
00	0603	1	0
00	0605	1	0
00	0606	1	0
00	0608	1	0
00	0609	1	0
00	060A	1	0
00	060C	1	0
00	060E	1	0
00	0610	1	0
00	0611	1	0
00	0613	1	0
00	0615	1	0
00	0617	1	0
00	0619	1	0
00	061B	1	0
00	061C	1	0
00	061E	1	0
00	061F	1	0
00	0621	1	0
00	0622	392486	16
00	0623	392486	16
00	0624	339234	16
00	0626	339234	16
00	0628	2007	1140
00	062A	2007	1140
00	062C	1895	1140
00	062E	1895	1140
00	0630	1895	1140
00	0631	112	3327
00	0633	112	3327
00	0636	112	3327
00	0637	337227	16
00	0639	337227	16
00	063C	337227	16
00	063D	281333	26
00	063E	281333	26
00	063F	40818	26
00	0641	40818	26
00	0643	225	26
00	0645	225	26
00	0647	225	26
00	0649	225	26
00	064B	225	26
00	0652	40593	3526
00	0654	40593	3526
00	0657	40593	3526
00	0658	257452	43
00	0659	257452	43
00	065A	257452	43
00	065C	257452	43
00	066D	257452	43
00	066F	257452	43
00	0672	257452	43
00	0673	194917	16
00	0675	194917	16
00	0681	194917	16
00	0683	194917	16
00	0684	2	16
00	0686	2	16
00	0688	2	16
00	068A	2	16
00	068C	2	16
00	068E	2	16
00	0690	2	16
00	0691	2	16
00	0693	2	16
00	0695	2	16
00	0697	2	16
00	0699	2	16
00	069B	2	16
00	069D	2	16
00	069F	2	16
00	06A1	2	16
00	06A3	2	16
00	06A5	2	16
00	06A7	2	16
00	06AA	2	16
00	06AB	2	16
00	06AD	2	16
00	06B0	2	16
00	06B2	2	16
00	06B4	2	16
00	06B6	2	16
00	06BC	40	26
00	06BE	40	26
00	06BF	40	26
00	06C1	40	26
00	06C2	40	26
00	06C4	40	26
00	06C5	40	26
00	06C6	40	26
00	06C8	40	26
00	06C9	40	26
00	06CB	40	26
00	06CD	40	26
00	06CF	40	26
00	06D1	194877	16
00	06D3	194877	16
00	06D4	194877	16
00	06D6	194877	16
00	06D7	194877	16
00	06D9	194877	16
00	06DA	194877	16
00	06DB	194877	16
00	06DD	194877	16
00	06DE	194877	16
00	06E0	194877	16
00	06E1	194877	16
00	06E3	194877	16
00	06EE	194917	16
00	06EF	194917	16
00	06F2	194917	16
00	06F3	194917	16
00	06F4	194917	16
00	06F6	194917	16
00	06F7	194917	16
00	06F9	194917	16
00	06FC	194917	16
00	06FF	194913	16
00	0701	194913	16
00	0702	194913	16
00	0704	194913	16
00	0705	194913	16
00	0707	194913	16
00	0708	194913	16
00	0709	194913	16
00	070C	194913	16
00	070D	194913	16
00	070E	194913	16
00	0710	194913	16
00	0711	194913	16
00	0713	194913	16
00	0749	202	26
00	074B	202	26
00	074E	202	26
00	074F	202	26
00	0751	202	26
00	0752	202	26
00	0754	202	26
00	0755	202	26
00	0757	202	26
00	0758	202	26
00	075A	202	26
00	075C	202	26
00	075D	202	26
00	075F	202	26
00	0761	202	26
00	0763	202	26
00	0764	202	26
00	0766	202	26
00	0768	202	26
00	076A	314176	26
00	076C	314176	26
00	076E	314176	26
00	0770	202	27
00	0771	202	27
00	0773	202	27
00	0774	202	27
00	0776	202	27
00	0777	202	27
00	0779	202	27
00	0787	304	23
00	0789	304	23
00	078C	304	23
00	078D	304	23
00	078F	304	23
00	0790	304	23
00	0792	304	23
00	0793	304	23
00	0795	304	23
00	0796	304	23
00	0798	304	23
00	079A	304	23
00	079B	304	23
00	079D	304	23
00	079F	304	23
00	07A1	304	23
00	07A2	304	23
00	07A4	304	23
00	07A6	304	23
00	07A8	973930	23
00	07AA	973930	23
00	07AC	973930	23
00	07AE	306	24
00	07AF	306	24
00	07B1	304	24
00	07B2	304	24
00	07B4	304	24
00	07B5	304	24
00	07B8	304	24
00	07BA	304	24
00	07BB	243	3013
00	07BD	243	3013
00	07BF	243	3013
00	07C1	2	3013
00	07C4	2	3013
00	07C6	2	3013
00	07C9	2	3013
00	07CB	21	330
00	07CC	21	330
00	07CE	21	330
00	07D0	21	330
00	07D2	21	330
00	07D3	21	330
00	07D5	21	330
00	07D6	21	330
00	07D8	21	330
00	07D9	21	330
00	07DB	21	330
00	07DC	21	330
00	07DF	21	330
00	07E1	21	330
00	07E3	21	330
00	07E6	21	330
00	07E7	21	330
00	07EA	21	331
00	07EB	21	331
00	07ED	21	331
00	07EF	21	331
00	07F2	21	331
00	07F3	21	331
00	07F6	21	331
00	07F7	21	331
00	07FA	21	331
00	082C	64	26
00	082D	64	26
00	082F	64	26
00	0831	64	26
00	0833	64	26
00	0834	64	26
00	0836	64	26
00	0837	64	26
00	0839	64	26
00	083A	64	26
00	083C	64	26
00	083F	64	26
00	0841	64	26
00	0843	64	26
00	0846	64	26
00	0847	64	26
00	084A	64	27
00	084B	64	27
00	084D	64	27
00	084F	64	27
00	0852	64	27
00	0853	64	27
00	0856	64	27
00	0857	64	27
00	085A	64	27
00	08B7	99	26
00	08B9	99	26
00	08BB	99	26
00	08BC	100	26
00	08BE	100	26
00	08C0	100	26
00	08C1	151	9866
00	08C3	151	9866
00	08C5	151	9866
00	08C7	1	9866
00	08C8	1	9866
00	08EA	48	26
00	08ED	48	26
00	08EF	48	26
00	08F2	48	26
00	08F3	48	26
00	08F5	48	26
00	08F6	48	26
00	08F7	48	26
00	08FA	48	26
00	08FB	48	26
00	08FC	48	26
00	08FD	48	26
00	08FF	48	26
00	0900	48	26
00	0903	48	26
00	0904	21814	26
00	0905	21814	26
00	0906	21814	26
00	0907	21814	26
00	0908	21814	26
00	090A	1476	26
00	090C	1476	26
00	090D	1476	26
00	090F	1476	26
00	0910	1476	26
00	0912	1476	26
00	0913	1476	26
00	0914	1476	26
00	0916	1476	26
00	0917	1476	26
00	0918	1476	26
00	0919	1476	26
00	091B	170	26
00	091C	6	1120
00	091F	6	1120
00	0920	6	1120
00	0922	416	1120
00	0923	416	1120
00	0924	416	1120
00	0925	416	1120
00	0926	416	1120
00	0927	416	1120
00	0929	22	1120
00	092B	22	1120
00	092C	22	1120
00	092E	22	1120
00	092F	22	1120
00	0931	22	1120
00	0932	22	1120
00	0933	22	1120
00	0935	22	1120
00	0936	22	1120
00	0937	22	1120
00	0938	22	1120
00	093A	6	1120
00	0956	52262	43
00	0958	52262	43
00	095B	52262	43
00	095E	52262	43
00	095F	52262	43
00	0960	52262	43
00	0961	52262	43
00	0962	52262	43
00	0964	52262	43
00	0966	52262	43
00	0967	52262	43
00	0969	52262	43
00	096B	52262	43
00	096D	52262	43
00	096F	52262	43
00	0972	52262	43
00	0975	52262	43
00	0977	731668	43
00	0978	731668	43
00	0979	731668	43
00	097C	731668	43
00	097D	731668	43
00	097E	731668	43
00	0980	731668	43
00	0981	731668	43
00	0982	731668	43
00	0983	731668	43
00	0985	731668	43
00	0987	257452	43
00	0988	257452	43
00	098A	257452	43
00	098D	731668	43
00	098E	731668	43
00	098F	731668	43
00	0992	731668	43
00	0993	731668	43
00	0996	731668	43
00	0997	731668	43
00	0998	731668	43
00	0999	731668	43
00	099B	52262	43
00	099C	52262	43
00	099F	52262	43
00	09A0	52262	43
00	09A2	52262	43
00	09A4	52262	43
00	09A5	52262	43
00	09A8	52262	43
00	09AA	52262	43
00	09AB	52262	43
00	09AD	52262	43
00	09AF	52262	43
00	09B1	52262	43
00	09B2	52262	43
00	09B3	52262	43
00	09B4	52262	43
00	09B5	52262	43
00	09B6	22	22
00	09B9	22	23
00	09BA	22	23
00	09BB	22	23
00	09BC	22	23
00	09BE	22	23
00	09C0	22	23
00	09C1	22	23
00	09C3	22	23
00	09C5	22	23
00	09C7	22	23
00	09C9	22	23
00	09CA	22	23
00	09CC	22	23
00	09CE	22	23
00	09D1	22	23
00	09D4	22	23
00	09D6	22	23
00	09D9	22	23
00	09DB	22	23
00	09DC	22	23
00	09DE	22	23
00	09E0	22	23
00	09E2	22	23
00	09E3	22	23
00	09E4	22	23
00	09E5	22	23
00	09E6	18	3402
00	09E7	18	3402
00	09E8	18	3402
00	09EA	18	3402
00	09EC	18	3402
00	09ED	18	3402
00	09EF	18	3402
00	09F1	18	3402
00	09F3	18	3402
00	09F5	18	3402
00	09F8	18	3402
00	09FA	18	3402
00	09FD	18	3402
00	09FF	18	3402
00	0A00	18	3402
00	0A02	18	3402
00	0A04	18	3402
00	0A06	18	3402
00	0A07	18	3402
00	0A08	18	3402
00	0A09	52284	22
00	0A0A	52284	22
00	0A0B	52284	22
00	0A0C	52284	22
00	0A0E	52284	22
00	0A11	52284	22
00	0A12	8365440	22
00	0A13	8365440	22
00	0A14	8365440	22
00	0A16	52284	23
00	0A17	52284	23
00	0A18	52284	23
00	0A19	52284	23
00	0A1A	6717	9739
00	0A1B	6717	9739
00	0A1D	6717	9739
00	0A1E	6717	9739
00	0A1F	6717	9739
00	0A20	6717	9739
00	0A21	6717	9739
00	0A22	6717	9739
00	0A24	6717	9739
00	0A25	6717	9739
00	0A26	6717	9739
00	0A27	6717	9739
00	0A28	6717	9739
00	0A29	6717	9739
00	0A45	402	3524
00	0A47	402	3524
00	0A49	402	3524
00	0A4B	402	3524
00	0A4C	402	3524
00	0A4E	402	3524
00	0A50	402	3524
00	0A52	402	3524
00	0A54	402	3524
00	0A55	402	3524
00	0A56	402	3524
00	0A57	402	3524
00	0A58	402	3524
00	0A5A	402	3524
00	0A5B	402	3524
00	0A5D	402	3524
00	0A5E	402	3524
00	0A60	402	3524
00	0A62	402	3524
00	0A64	402	3524
00	0A65	673	26
00	0A66	673	26
00	0A68	673	26
00	0A6A	673	26
00	0A6B	673	26
00	0A6D	673	26
00	0A6F	673	26
00	0A71	673	26
00	0A73	673	26
00	0A74	673	26
00	0A75	673	26
00	0A76	673	26
00	0A77	673	26
00	0A79	673	26
00	0A7A	673	26
00	0A7C	673	26
00	0A7E	673	26
00	0A80	673	26
00	0A81	673	26
00	0A82	516	26
00	0A84	516	26
00	0A86	516	26
00	0A87	516	26
00	0A89	516	26
00	0A8A	516	26
00	0A8B	516	26
00	0A8D	516	26
00	0A8F	516	26
00	0A92	516	26
00	0A94	516	26
00	0A96	516	26
00	0A98	516	26
00	0A9B	516	26
00	0A9C	516	26
00	0A9F	516	26
00	0AA0	516	26
00	0AA1	516	26
00	0AA4	516	26
00	0AA5	516	26
00	0AA7	516	26
00	0AA8	516	26
00	0AA9	516	26
00	0AAA	516	26
00	0AAB	516	26
00	0AAE	516	26
00	0AB0	516	26
00	0AB1	516	26
00	0AB3	516	26
00	0AB5	516	26
00	0AB7	516	26
00	0AB8	516	26
00	0AB9	516	26
00	0ABA	516	26
00	0ABB	516	26
00	0ABD	516	26
00	0ABE	516	26
00	0ABF	516	26
00	0AC0	516	26
00	0AC1	516	26
00	0AC3	516	26
00	0AC4	516	26
00	0AC5	516	26
00	0AC6	516	26
00	0AC7	516	26
00	0AC8	516	26
00	0AC9	516	26
00	0ACA	516	26
00	0ACB	516	26
00	0ACC	516	26
00	0ACD	516	26
00	0ACE	516	26
00	0ACF	516	26
00	0AD0	516	26
00	0AD1	516	26
00	0AD2	516	26
00	0AD3	516	26
00	0AD4	516	26
00	0AD5	516	26
00	0AD6	516	26
00	0AD7	516	26
00	0AD8	516	26
00	0AD9	516	26
00	0ADA	516	26
00	0ADB	516	26
00	0ADC	516	26
00	0ADD	516	26
00	0ADE	516	26
00	0ADF	516	26
00	0AE0	516	26
00	0AE1	516	26
00	0AE4	516	26
00	0AE5	516	26
00	0AE6	516	26
00	0AE7	516	26
00	0AE8	731668	43
00	0AE9	731668	43
00	0AEA	731668	43
00	0AED	731668	43
00	0AEE	731668	43
00	0AEF	731668	43
00	0AF1	731668	43
00	0AF3	257452	43
00	0AF4	257452	43
00	0AF6	92335	43
00	0AF9	92335	43
00	0AFA	92335	43
00	0AFB	92335	43
00	0AFC	92335	43
00	0AFE	91722	43
00	0AFF	91722	43
00	0B00	91722	43
00	0B02	9136	62
00	0B03	9136	62
00	0B04	9136	62
00	0B05	9136	62
00	0B06	9136	62
00	0B07	9136	62
00	0B08	9136	62
00	0B0A	8520	62
00	0B0B	8520	62
00	0B0C	8520	62
00	0B0D	8520	62
00	0B0E	8520	62
00	0B0F	8520	62
00	0B10	8520	62
00	0B11	8520	62
00	0B13	5983	122
00	0B14	5983	122
00	0B17	5983	122
00	0B18	5983	122
00	0B1A	5983	122
00	0B1C	450	1142
00	0B1D	450	1142
00	0B1E	450	1142
00	0B1F	450	1142
00	0B20	450	1142
00	0B21	450	1142
00	0B23	8070	62
00	0B24	8070	62
00	0B25	8070	62
00	0B26	8070	62
00	0B28	8070	62
00	0B29	8070	62
00	0B2A	8070	62
00	0B2B	8070	62
00	0B2C	8070	62
00	0B2D	8070	62
00	0B2E	8070	62
00	0B2F	8070	62
00	0B32	8070	62
00	0B33	8070	62
00	0B34	8070	62
00	0B35	8070	62
00	0B36	731668	43
00	0B37	731668	43
00	0B38	731668	43
00	0B3B	731668	43
00	0B3C	731668	43
00	0B3D	731668	43
00	0B3E	731668	43
00	0B3F	731668	43
00	0B40	731668	43
00	0B41	731668	43
00	0B43	731668	43
00	0B45	257454	43
00	0B48	257454	43
00	0B49	257454	43
00	0B4A	257454	43
00	0B4C	23656	3526
00	0B4D	23656	3526
00	0B4E	23656	3526
00	0B51	23656	3526
00	0B52	23656	3526
00	0B53	23656	3526
00	0B54	23656	3526
00	0B56	23656	3526
00	0B58	23656	3526
00	0B5A	23656	3526
00	0B5B	23656	3526
00	0B5C	23656	3526
00	0B5F	23656	3526
00	0B60	23656	3526
00	0B61	23656	3526
00	0B64	23656	3526
00	0B65	23656	3526
00	0B66	23656	3526
00	0B67	23656	3526
00	0B69	23656	3526
00	0B6B	23654	3526
00	0B6C	23654	3526
00	0B6E	23654	3526
00	0B71	731668	43
00	0B72	731668	43
00	0B73	731668	43
00	0B74	731668	43
00	0B75	731668	43
00	0B78	731668	43
00	0B79	731668	43
00	0B7A	731668	43
00	0B7C	731668	43
00	0B7D	731668	43
00	0B7F	731668	43
00	0B80	731668	43
00	0B81	731668	43
00	0B83	731668	43
00	0B84	731668	43
00	0B85	731668	43
00	0B87	731668	43
00	0B88	731668	43
00	0B89	731668	43
00	0B8A	731668	43
00	0B8B	731668	43
00	0B8C	731668	43
00	0B8D	731668	43
00	0B8F	731668	43
00	0B91	257452	43
00	0B92	257452	43
00	0B94	257452	43
00	0B95	257452	43
00	0B96	257452	43
00	0B97	257452	43
00	0B98	257452	43
00	0B99	257452	43
00	0B9A	257452	43
00	0B9B	257452	43
00	0B9C	257452	43
00	0B9D	1115538	43
00	0B9E	1115538	43
00	0B9F	1115538	43
00	0BA0	1115538	43
00	0BA1	1115538	43
00	0BA2	1115538	43
00	0BA3	1115538	43
00	0BA4	1115538	43
00	0BA5	1115538	43
00	0BA6	1115538	43
00	0BA7	1115538	43
00	0BA8	1115538	43
00	0BA9	1115538	43
00	0BAA	1115538	43
00	0BAC	1115538	43
00	0BAD	1115538	43
00	0BAF	1115538	43
00	0BB0	1115538	43
00	0BB1	1115538	43
00	0BB2	1115538	43
00	0BB3	1115538	43
00	0BB4	1115538	43
00	0BB5	1115538	43
00	0BB6	1115538	43
00	0BB7	1115538	43
00	0BB8	1115538	43
00	0BBA	256802	43
00	0BBB	474216	43
00	0BBC	474216	43
00	0BE8	2	3380
00	0BEB	2	3380
00	0BED	32	3380
00	0BEF	32	3380
00	0BF1	32	3380
00	0BF3	4	3380
00	0BF4	32	3380
00	0BF6	32	3380
00	0BF8	32	3380
00	0BF9	32	3380
00	0BFB	2	3380
00	0BFC	27	1119
00	0BFF	27	1119
00	0C01	27	1119
00	0C02	216	1119
00	0C03	216	1119
00	0C05	10	1171
00	0C06	216	1119
00	0C08	216	1119
00	0C0A	216	1119
00	0C0B	216	1119
00	0C0D	27	1119
00	0D4D	5	3477
00	0D4E	5	3477
00	0D4F	5	3477
00	0D50	5	3477
00	0D51	5	3477
00	0D52	5	3477
00	0D55	5	3477
00	0D57	80	3477
00	0D58	80	3477
00	0D5A	80	3477
00	0D5C	80	3477
00	0D5E	15	3477
00	0D5F	15	3477
00	0D62	80	3477
00	0D63	80	3477
00	0D65	5	3477
00	0D66	5	3477
00	0D67	2	1729
00	0D68	2	1729
00	0D69	2	1729
00	0D6A	2	1729
00	0D6B	2	1729
00	0D6E	2	1729
00	0D70	32	1729
00	0D71	32	1729
00	0D73	32	1729
00	0D75	32	1729
00	0D76	32	1729
00	0D77	32	1729
00	0D78	32	1729
00	0D79	32	1729
00	0D7A	32	1729
00	0D7B	32	1729
00	0D7C	32	1729
00	0D7D	32	1729
00	0D7E	32	1729
00	0D7F	32	1729
00	0D80	32	1729
00	0D81	32	1729
00	0D83	30	1729
00	0D84	30	1729
00	0D86	2	1729
00	0D87	32	1729
00	0D88	32	1729
00	0D89	32	1729
00	0D8B	2	1729
00	0D8C	2	1729
00	0D8D	2	1729
00	0D8E	2	1729
00	0D8F	2	1729
00	0D90	2	1729
00	0D91	2	1729
00	0D92	5	3477
00	0D94	5	3477
00	0D95	80	3477
00	0D97	80	3477
00	0D99	80	3477
00	0D9B	80	3477
00	0D9D	80	3477
00	0D9F	80	3477
00	0DA0	80	3477
00	0DA1	80	3477
00	0DA2	80	3477
00	0DA3	80	3477
00	0DA4	80	3477
00	0DA5	80	3477
00	0DA7	80	3477
00	0DA8	80	3477
00	0DA9	80	3477
00	0DAA	80	3477
00	0DAB	80	3477
00	0DAC	80	3477
00	0DAD	80	3477
00	0DAE	80	3477
00	0DAF	80	3477
00	0DB1	80	3477
00	0DB2	80	3477
00	0DB4	5	3477
00	0DB6	5	3477
00	0DB8	5	3477
00	0DB9	32	9869
00	0DBB	32	9869
00	0DBE	32	9869
00	0DC0	384	9869
00	0DC1	384	9869
00	0DC2	384	9869
00	0DC3	384	9869
00	0DC4	384	9869
00	0DC5	384	9869
00	0DC7	32	9869
00	0DC8	32	9869
00	0DCA	32	9869
00	0DCD	32	9869
00	0DE2	266	3495
00	0DE4	266	3495
00	0DE7	266	3495
00	0DE8	266	3495
00	0DE9	266	3495
00	0DEB	1596	3495
00	0DEC	1596	3495
00	0DED	1596	3495
00	0DEF	1596	3495
00	0DF0	1596	3495
00	0DF1	1596	3495
00	0DF2	1596	3495
00	0DF3	1596	3495
00	0DF5	1596	3495
00	0DF7	1596	3495
00	0DF8	1596	3495
00	0DF9	1596	3495
00	0DFA	1596	3495
00	0DFC	1596	3495
00	0DFE	1596	3495
00	0DFF	1596	3495
00	0E00	1596	3495
00	0E01	1596	3495
00	0E02	1596	3495
00	0E04	266	3495
00	0E05	266	3495
00	0E06	266	3495
00	0E08	1596	3495
00	0E0A	1596	3495
00	0E0B	1596	3495
00	0E0C	1596	3495
00	0E0E	1596	3495
00	0E10	1596	3495
00	0E12	1596	3495
00	0E14	1596	3495
00	0E15	1596	3495
00	0E16	1596	3495
00	0E18	1596	3495
00	0E1A	1596	3495
00	0E1B	1596	3495
00	0E1D	1596	3495
00	0E1E	1596	3495
00	0E1F	1596	3495
00	0E20	1596	3495
00	0E21	1596	3495
00	0E23	1596	3495
00	0E25	1596	3495
00	0E26	1596	3495
00	0E27	1596	3495
00	0E28	1596	3495
00	0E2A	266	3495
00	0E2C	266	3495
00	0E2E	266	3495
00	0E31	266	3495
00	0E93	55311	9858
00	0E94	55311	9858
00	0E96	55311	9858
00	0E98	55311	9858
00	0E9A	27648	9859
00	0E9C	27648	9859
00	0E9D	27648	9859
00	0E9F	27648	9859
00	0EA1	27648	9859
00	0EA3	27648	9859
00	0EA6	27648	9859
00	0EA8	27648	9859
00	0EA9	27648	9859
00	0EAB	27648	9859
00	0EAD	27648	9859
00	0EAE	27648	9859
00	0EB0	27648	9859
00	0EB1	27648	9859
00	0EB2	27663	9858
00	0EB4	27663	9858
00	0EB5	27663	9858
00	0EB8	27663	9858
00	0EBA	27663	9858
00	0EBB	27663	9858
00	0EBD	27663	9858
00	0EBF	27663	9858
00	0EC1	27663	9858
00	0EC3	27663	9858
00	0EC6	27663	9858
00	0EC7	27663	9858
00	0EC9	23800	9858
00	0ECC	27663	9858
00	0ECD	27663	9858
00	0ECF	27663	9858
00	0ED1	27663	9858
00	0ED2	27663	9858
00	0ED3	18	3495
00	0ED5	18	3495
00	0ED6	18	3495
00	0ED8	106	3495
00	0EDA	106	3495
00	0EDD	106	3495
00	0EDE	106	3495
00	0EE0	106	3495
00	0EE2	16	3502
00	0EE3	16	3502
00	0EE4	16	3502
00	0EE6	16	3502
00	0EE7	16	3502
00	0EE9	16	3502
00	0EEB	16	3502
00	0EEC	16	3502
00	0EED	16	3502
00	0EEE	16	3502
00	0EEF	16	3502
00	0F30	90	3495
00	0F31	90	3495
00	0F33	90	3495
00	0F35	90	3495
00	0F37	90	3495
00	0F4A	90	3495
00	0F53	90	3495
00	0F54	90	3495
00	0F55	90	3495
00	0F56	90	3495
00	0F59	90	3495
00	0F5A	90	3495
00	0F5D	90	3495
00	0F5F	90	3495
00	0F60	90	3495
00	0F62	90	3495
00	0F63	90	3495
00	0F65	88	3495
00	0F69	2	3498
00	0F6B	2	3498
00	0F6D	2	3498
00	0F6F	2	3498
00	0F71	2	3498
00	0F73	2	3498
00	0F74	2	3498
00	0F75	2	3498
00	0F9D	16	3502
00	0F9E	16	3502
00	0FA0	16	3502
00	0FA1	16	3502
00	1044	90	3495
00	1045	90	3495
00	1046	90	3495
00	1048	90	3495
00	104A	90	3495
00	104C	90	3495
00	104F	90	3495
00	1052	90	3495
00	1053	90	3495
00	1059	90	3495
00	105B	90	3495
00	105C	90	3495
00	105E	90	3495
00	1060	90	3495
00	1062	90	3495
00	1064	90	3495
00	1066	90	3495
00	1067	90	3495
00	1069	90	3495
00	106A	90	3495
00	106C	90	3495
00	106D	90	3495
00	106F	90	3495
00	1070	90	3495
00	1073	90	3495
00	1079	90	3495
00	107B	90	3495
00	107D	90	3495
00	107F	90	3495
00	1080	90	3495
00	1082	90	3495
00	1084	90	3495
00	1086	90	3495
00	1088	90	3495
00	1089	90	3495
00	108B	90	3495
00	108D	90	3495
00	108F	90	3495
00	1091	90	3495
00	1093	90	3495
00	1094	90	3495
00	1096	90	3495
00	1097	90	3495
00	1099	90	3495
00	109A	90	3495
00	109D	90	3495
00	10A3	90	3495
00	10A5	90	3495
00	10A7	90	3495
00	10A9	90	3495
00	10AA	90	3495
00	10AC	90	3495
00	10AE	90	3495
00	10B0	90	3495
00	10E9	172	2773
00	10EC	532	2773
00	10ED	532	2773
00	10EE	532	2773
00	10EF	532	2773
00	10F0	532	2773
00	10F1	532	2773
00	10F2	532	2773
00	10F3	532	2773
00	10F4	467	2773
00	10F5	745	2773
00	10F6	745	2773
00	10F7	745	2773
00	10F8	745	2773
00	10F9	745	2773
00	10FA	745	2773
00	10FC	743	2773
00	10FE	743	2773
00	1100	636	2773
00	1102	636	2773
00	1106	743	2773
00	1107	743	2773
00	1109	465	2773
00	110A	467	2773
00	110B	467	2773
00	110C	467	2773
00	110D	467	2773
00	110F	360	3379
00	1111	360	3379
00	1112	360	3379
00	1114	360	3379
00	1115	360	3379
00	1117	107	2773
00	1118	107	2773
00	1119	56	3379
00	111C	142	3379
00	111D	142	3379
00	111E	142	3379
00	1120	142	3379
00	1122	142	3379
00	1124	108	3379
00	1126	108	3379
00	1129	108	3379
00	112B	108	3379
00	112D	86	3379
00	112F	86	3379
00	1145	86	3379
00	1146	86	3379
00	1152	34	3379
00	1153	34	3379
00	1154	34	3379
00	1155	22	3380
00	1156	22	3380
00	1157	22	3380
00	1159	22	3380
00	115B	22	3380
00	115E	22	3380
00	1160	22	3380
00	1162	22	3380
00	1163	22	3380
00	1165	86	3379
00	1166	86	3379
00	1167	86	3379
00	1169	86	3379
00	116A	86	3379
00	116C	86	3379
00	116D	86	3379
00	116E	86	3379
00	1171	86	3379
00	1172	86	3379
00	1173	86	3379
00	1175	64	3379
00	1177	64	3379
00	1178	64	3379
00	117A	64	3379
00	117B	64	3379
00	117C	64	3379
00	117D	64	3379
00	117F	22	3380
00	1180	22	3380
00	1182	22	3380
00	1183	22	3380
00	1185	22	3380
00	1186	22	3380
00	1188	22	3380
00	118B	22	3380
00	118C	22	3380
00	118D	22	3380
00	118F	22	3380
00	1191	22	3380
00	1193	22	3380
00	1195	22	3380
00	1197	22	3380
00	1199	22	3380
00	11B0	22	3380
00	11B1	22	3380
00	11B2	22	3380
00	11B4	22	3380
00	11B6	22	3380
00	11B8	22	3380
00	11BA	22	3380
00	11BD	2	3380
00	11BF	2	3380
00	11C2	2	3380
00	11C4	2	3380
00	11C6	2	3380
00	11C7	8	3380
00	11C8	8	3380
00	11C9	8	3380
00	11CB	8	3380
00	11CD	8	3380
00	11CF	6	3380
00	11D1	6	3380
00	11D3	6	3380
00	11D4	6	3380
00	11D6	6	3380
00	11D7	6	3380
00	11D8	6	3380
00	11DA	6	3380
00	11F0	6	3380
00	11F1	6	3380
00	11FB	2	3380
00	11FC	2	3380
00	11FF	22	3380
00	1200	22	3380
00	1201	22	3380
00	1203	22	3380
00	1204	22	3380
00	1206	22	3380
00	1207	22	3380
00	1208	22	3380
00	1209	22	3380
00	120A	174	3380
00	120B	174	3380
00	120C	174	3380
00	120E	174	3380
00	1210	174	3380
00	1212	174	3380
00	1214	174	3380
00	1216	154	3380
00	1217	154	3380
00	1219	154	3380
00	121B	154	3380
00	121D	154	3380
00	121E	154	3380
00	121F	154	3380
00	1221	154	3380
00	1237	154	3380
00	1238	154	3380
00	1408	16	3500
00	140B	16	3500
00	140C	16	3500
00	140E	16	3500
00	140F	16	3500
00	1411	16	3500
00	1414	70	3500
00	1415	70	3500
00	1417	70	3500
00	144D	70	3500
00	144F	70	3500
00	1451	70	3500
00	1453	70	3500
00	1466	70	3500
00	1486	70	3500
00	1487	70	3500
00	1488	70	3500
00	148A	70	3500
00	148B	70	3500
00	148C	70	3500
00	148E	70	3500
00	148F	70	3500
00	1491	70	3500
00	1493	70	3500
00	1495	70	3500
00	1496	70	3500
00	1498	70	3500
00	1499	70	3500
00	149B	70	3500
00	149D	70	3500
00	149F	70	3500
00	14A0	70	3500
00	14A2	54	3500
00	14A3	54	3500
00	14A4	54	3500
00	14A7	16	3500
00	14A8	16	3500
00	14A9	16	3500
00	14BF	98	2770
00	14C0	98	2770
00	14C1	98	2770
00	14C2	98	2770
00	14C3	98	2770
00	14C5	7	2770
00	151A	1	324
00	151B	1	324
00	151C	1	324
00	151E	16	324
00	151F	16	324
00	1521	15	324
00	1522	15	324
00	1523	15	324
00	1525	15	324
00	1526	15	324
00	1527	15	324
00	1528	15	324
00	152A	15	324
00	152B	15	324
00	152C	15	324
00	152E	1	324
00	152F	1	324
00	1530	1	324
00	1531	1	324
00	1532	1	324
00	1620	2441	326
00	1622	2441	326
00	1624	376	326
00	1626	376	326
00	1628	2	37715
00	162A	2	37715
00	162C	2	37715
00	162D	2	37715
00	162F	2	37715
00	1631	2	37715
00	1633	2	37715
00	1634	2	37715
00	1636	2	37715
00	1637	2	37715
00	1639	2	37715
00	163B	2	37715
00	163D	2	37715
00	163E	374	326
00	1640	374	326
00	1642	374	326
00	1643	374	326
00	1645	374	326
00	1647	374	326
00	164A	374	326
00	164C	374	326
00	164E	374	326
00	1651	374	326
00	1652	374	326
00	1655	374	326
00	1656	374	326
00	1658	374	326
00	165B	374	326
00	165D	374	326
00	165E	374	326
00	1660	374	326
00	1663	374	326
00	1665	374	326
00	1668	374	326
00	1669	2065	1138
00	166A	2065	1138
00	166C	2065	1138
00	166E	2065	1138
00	1670	2065	1138
00	1671	2065	1138
00	1673	2065	1138
00	1675	2065	1138
00	1678	2065	1138
00	1679	2065	1138
00	167B	2065	1138
00	167C	2065	1138
00	167E	2065	1138
00	1681	2065	1138
00	1683	2065	1138
00	16A2	37	1841
00	16A5	37	1841
00	16A7	37	1841
00	16AA	37	1841
00	16AB	37	1841
00	16AD	37	1841
00	16AE	37	1841
00	16AF	37	1841
00	16B2	37	1841
00	16B3	37	1841
00	16B4	37	1841
00	16B7	37	1841
00	16B8	37	1841
00	16BB	37	1841
00	16BC	37	1841
00	16BD	37	1841
00	16BF	37	1841
00	16C0	37	1841
00	16C3	37	1841
00	16C4	228066	1140
00	16C5	228066	1140
00	16C7	228066	1140
00	16C9	228066	1140
00	16CB	226481	1140
00	16CC	226481	1140
00	16CD	1585	1140
00	16D0	1585	1140
00	16D2	1585	1140
00	16D3	1585	1140
00	16D4	1585	1141
00	16D5	1585	1141
00	16D6	1585	1141
00	16D8	1585	1141
00	16D9	1585	1141
00	1711	1	17
00	1713	1	17
00	1715	1	17
00	1716	1	17
00	1718	1	17
00	171A	1	17
00	171C	1	17
00	171F	1	17
00	1722	1	22
00	1724	1	22
00	1725	1	22
00	1727	1	22
00	172A	1	22
00	172C	1	22
00	20A0	1	8
00	20A3	1	8
00	20A6	53198	0
00	20A9	53197	17
00	20AC	48	83
00	20AF	48	83
00	20B2	1	1142
00	20B5	1	1142
00	20C4	1	323
00	20C7	1	323
00	20E8	12	43
00	20EB	12	43
00	20EE	53260	8
00	20F0	53260	8
00	20F3	53260	8
00	20F5	53260	8
00	20F8	100450	8
00	20FA	100450	8
00	20FD	100450	8
00	20FF	200900	8
00	2101	200900	8
00	2104	200900	8
00	2105	200900	8
00	2107	200900	8
00	210A	200900	8
00	210B	53260	8
00	210E	53260	8
00	2111	53260	8
00	2114	53260	8
00	2116	62	43
00	2119	62	43
00	211B	62	43
00	211D	53259	17
00	211F	53259	17
00	2120	53259	17
00	2123	53259	17
00	2124	53259	17
00	2125	1	0
00	2126	1	0
00	2128	1	0
00	2129	53198	0
00	212C	53198	0
00	212E	53198	0
00	2130	1	0
00	2132	1	0
00	2141	53259	17
00	2144	53259	17
00	2146	53259	17
00	2148	53259	17
00	214B	53259	17
00	214D	53259	17
00	214E	53259	17
00	215E	16955	44
00	2161	16955	44
00	2164	16955	44
00	2167	16955	44
00	216A	16955	44
00	216B	16955	44
00	216C	16955	44
00	216F	30235	44
00	2172	30235	44
00	2175	30235	44
00	2178	30235	44
00	217B	30235	44
00	217C	30235	44
00	217D	30235	44
00	217E	30235	44
00	217F	30235	44
00	2180	30235	44
04	4000	1	8
04	4002	1	8
04	4005	1	8
04	4008	1	8
04	4009	1	8
04	400C	1	8
04	400D	1	8
04	4010	1	8
04	4012	1	8
04	4013	63	8
04	4014	63	8
04	4015	63	8
04	4017	1	8
04	4018	1	8
04	401B	1	8
04	401C	1	8
04	401F	1	8
04	4021	1	8
04	4024	1	8
04	4027	1	8
04	402A	1	8
04	402D	1	8
04	402F	1	8
04	4032	1	8
04	4035	1	8
04	4037	1	8
04	403A	1	8
04	403B	1	8
04	403D	1	8
04	4040	1	8
04	4043	8	8
04	4044	8	8
04	4045	8	8
04	4046	8	8
04	4048	1	8
04	4049	1	8
04	404B	1	8
04	404E	1	8
04	4051	4	8
04	4052	4	8
04	4053	4	8
04	4054	4	8
04	4056	1	8
04	4058	1	8
04	405A	1	8
04	405C	1	8
04	405E	1	8
04	4060	1	8
04	4062	1	8
04	4064	1	8
04	4066	1	8
04	4068	1	8
04	406A	1	8
04	406C	1	8
04	406E	1	8
04	4070	1	8
04	4072	1	8
04	4074	1	8
04	4076	1	8
04	4078	1	8
04	407A	1	8
04	407C	1	8
04	407F	1	8
04	4082	53197	17
04	4083	53197	17
04	4084	53197	17
04	4087	53197	17
04	408A	53197	17
04	408C	53197	17
04	408F	53197	17
04	4090	53197	17
04	4091	53197	17
04	4092	53197	17
04	4094	53197	17
04	4095	53197	17
04	4096	53197	17
04	4097	53197	17
04	4099	53197	17
04	409A	53197	17
04	409B	53197	17
04	409D	53197	17
04	40AC	53197	17
04	40AD	53197	17
04	40AE	53197	17
04	40B1	212788	17
04	40B4	212788	17
04	40B7	212788	17
04	40B9	53197	17
04	40BC	212788	17
04	40BF	212788	17
04	40C2	212788	17
04	40C4	53197	17
04	40C7	53197	17
04	40C8	53197	17
04	40CA	53197	17
04	40CB	53197	17
04	40CC	53197	17
04	40CE	53197	17
04	40D0	53197	17
04	40D3	53197	17
04	40D5	53197	17
04	40D8	53197	17
04	40D9	53197	17
04	40DA	53197	17
04	40DB	53197	17
04	40DD	53197	17
04	40DE	53197	17
04	40DF	53197	17
04	40E0	53197	17
04	40E2	53197	17
04	40E3	53197	17
04	40E4	53197	17
04	40E6	53197	17
04	40E8	20501	503
04	40EB	82004	503
04	40EE	82004	503
04	40F1	82004	503
04	40F3	20501	503
04	40F5	32773	17
04	40F6	32773	17
04	40F7	32773	17
04	40FA	131092	17
04	40FD	131092	17
04	4100	131092	17
04	4102	32773	17
04	4105	131092	17
04	4108	131092	17
04	410B	131092	17
04	410D	32773	17
04	4110	32773	17
04	4111	32773	17
04	4113	32773	17
04	4114	32773	17
04	4115	32773	17
04	4117	32773	17
04	4119	53197	17
04	411C	212788	17
04	411F	212788	17
04	4122	212788	17
04	4124	53197	17
04	4127	53197	17
04	4128	53197	17
04	412A	3547	17
04	412C	53197	17
04	412D	53197	17
04	4130	53197	17
04	4132	53197	17
04	4135	53197	17
04	4138	425576	17
04	4139	425576	17
04	413B	425576	17
04	413C	425576	17
04	413D	425576	17
04	413F	425576	17
04	4140	425576	17
04	4141	425576	17
04	4143	53197	17
04	4144	53197	17
04	4147	53197	17
04	4148	53197	17
04	4149	53197	17
04	414C	53245	17
04	414F	53245	17
04	4151	53245	17
04	4153	53287	17
04	4156	53287	17
04	4158	53287	17
04	415F	106532	17
04	4162	106532	17
04	4163	106532	17
04	4164	106532	17
04	4165	106532	17
04	4166	106532	17
04	4167	425958	17
04	416A	425958	17
04	416B	425958	17
04	416C	319474	17
04	416D	319474	17
04	416F	319474	17
04	4170	319474	17
04	4171	319474	17
04	4173	319474	17
04	4174	319474	17
04	4175	319474	17
04	4176	319474	17
04	4177	3291	84
04	417A	3291	84
04	417C	3291	84
04	417E	3291	84
04	4180	2717	44
04	4183	2717	44
04	4185	2717	44
04	4187	2717	44
04	4189	1490	84
04	418C	1490	84
04	418E	1490	84
04	4190	1490	84
04	4192	3837	502
04	4195	3837	502
04	4197	3837	502
04	4199	3837	502
04	419B	139167	17
04	419E	139167	17
04	41A0	139167	17
04	41A2	150502	17
04	41A5	150502	17
04	41A6	150502	17
04	41A7	150502	17
04	41A8	150502	17
04	41A9	150502	17
04	41AA	150502	17
04	41AB	150502	17
04	41AC	556668	17
04	41AF	556668	17
04	41B0	556668	17
04	41B1	417501	17
04	41B2	417501	17
04	41B4	417501	17
04	41B5	417501	17
04	41B6	417501	17
04	41B8	417501	17
04	41B9	417501	17
04	41BA	417501	17
04	41BB	417501	17
04	41BD	417501	17
04	41BE	417501	17
04	41BF	417501	17
04	41C0	48	83
04	41C1	48	83
04	41C2	48	83
04	41C5	48	83
04	41C8	48	83
04	41CB	48	83
04	41CD	48	83
04	4219	48	83
04	421C	48	83
04	421E	48	83
04	4221	48	83
04	4222	48	83
04	4225	70	83
04	4228	70	83
04	4229	70	83
04	422C	70	83
04	422D	70	83
04	422F	70	83
04	4231	67	83
04	4234	67	83
04	4236	19	83
04	4239	19	83
04	423A	19	83
04	423D	19	83
04	423E	19	83
04	4241	22	83
04	4244	22	83
04	4246	22	83
04	4249	22	83
04	424C	22	83
04	4284	48	83
04	4287	12	43
04	4288	12	43
04	4289	12	43
04	428C	12	43
04	428D	12	43
04	4290	12	43
04	4291	12	43
04	4294	12	43
04	4295	12	43
04	4298	12	43
04	4299	12	43
04	429C	12	43
04	429F	12	43
04	42A2	40	43
04	42A5	40	43
04	42A7	28	501
04	42AA	28	501
04	42AE	8	43
04	42B1	8	43
04	42B2	8	43
04	42B5	8	43
04	42B6	8	43
04	42B7	8	43
04	42B8	20	43
04	42BB	20	43
04	42BD	12	43
04	42D6	12	43
04	42D9	12	43
04	42DA	12	43
04	42DC	1	2943
04	42DF	1	2943
04	42E0	1	2943
04	42E2	1	2943
04	42E5	1	2943
04	42E7	1	2943
04	42E9	1	2943
04	430A	60	43
04	430B	60	43
04	430E	60	43
04	4310	60	43
04	4311	60	43
04	4319	60	43
04	431B	60	43
04	431D	60	43
04	4320	60	43
04	4321	60	43
04	4322	60	43
04	4323	60	43
04	4324	60	43
04	4325	60	43
04	4328	60	43
04	4329	60	43
04	432A	60	43
04	432B	60	43
04	432C	60	43
04	432D	60	43
04	432E	60	43
04	4331	60	43
04	4332	60	43
04	4335	60	43
04	4336	60	43
04	4339	60	43
04	433A	60	43
04	433D	60	43
04	433E	60	43
04	4341	60	43
04	4342	60	43
04	4343	60	43
04	4344	60	43
04	4347	60	43
04	4348	60	43
04	434B	60	43
04	434C	107	43
04	434F	107	43
04	4350	107	43
04	4353	107	43
04	4354	107	43
04	4356	107	43
04	4357	107	43
04	4358	107	43
04	435B	107	43
04	435C	107	43
04	435F	107	43
04	4360	107	43
04	4363	107	43
04	4364	107	43
04	4367	107	43
04	4368	107	43
04	436B	107	43
04	436C	107	43
04	436F	107	43
04	4370	107	43
04	4373	107	43
04	4374	107	43
04	4377	107	43
04	4378	107	43
04	4379	47	83
04	437C	47	83
04	437E	47	83
04	437F	47	83
04	4380	47	83
04	4382	47	83
04	4383	47	83
04	4384	47	83
04	4385	47	83
04	4386	107	44
04	4388	107	44
04	4389	107	44
04	438A	107	44
04	438B	107	44
04	438C	107	44
04	438D	107	44
04	438E	107	44
04	438F	107	44
04	4390	107	44
04	4393	107	44
04	4394	107	44
04	4397	107	44
04	4398	107	44
04	439B	107	44
04	439C	107	44
04	439D	107	44
04	439E	107	44
04	43A1	107	44
04	43A2	107	44
04	43A3	107	44
04	43A4	107	44
04	43A5	107	44
04	43A6	107	44
04	43A7	107	44
04	43A8	107	44
04	43A9	107	44
04	43AB	107	44
04	43AC	107	44
04	43AD	107	44
04	43AE	107	44
04	43AF	107	44
04	43B0	107	44
04	43B1	107	44
04	43B2	107	44
04	43B4	107	44
04	43B5	107	44
04	43B7	107	44
04	43B8	107	44
04	43B9	107	44
04	43BA	107	44
04	43BB	107	44
04	43BC	107	44
04	43BE	107	44
04	43BF	107	44
04	43C0	107	44
04	43C1	107	44
04	43C2	107	44
04	43C3	107	44
04	43C4	107	44
04	43C6	107	44
04	43C7	107	44
04	43C8	107	44
04	43C9	107	44
04	43CA	107	44
04	43CB	107	44
04	43CC	107	44
04	43CD	107	44
04	43CE	107	44
04	43CF	107	44
04	43D0	107	44
04	43D1	107	44
04	43D2	107	44
04	43D3	107	44
04	43D4	107	44
04	43D5	107	44
04	43D6	107	44
04	43D7	107	44
04	43D8	107	44
04	43DA	107	44
04	43DB	107	44
04	4429	1	323
04	442C	1	323
04	4433	1	323
04	4435	1	323
04	4438	1	323
04	443B	4	323
04	443E	4	323
04	443F	4	323
04	4442	4	323
04	4443	4	323
04	4445	4	323
04	4448	4	323
04	444A	1	323
04	453A	53197	17
04	453D	53197	17
04	453E	53197	17
04	453F	53158	17
04	4542	53158	17
04	4543	53158	17
04	455A	82004	503
04	455D	82004	503
04	455E	82004	503
04	4561	82004	503
04	4562	82004	503
04	4563	82004	503
04	4565	82004	503
04	4566	77208	503
04	4569	77208	503
04	456C	343880	17
04	456F	343880	17
04	4570	343880	17
04	4573	343880	17
04	4574	343880	17
04	4575	343880	17
04	4577	343880	17
04	4578	102548	44
04	457A	102548	44
04	457C	107	44
04	457D	107	44
04	4580	107	44
04	4581	107	44
04	4582	102548	44
04	4585	102548	44
04	4586	102548	44
04	4587	102548	44
04	4588	102548	44
04	458A	89724	85
04	458B	89724	85
04	458C	89724	85
04	458E	12824	44
04	458F	12824	44
04	4590	12824	44
04	4591	12824	44
04	4592	12824	44
04	4593	12824	44
04	4594	12824	44
04	4597	12824	44
04	4598	12824	44
04	459B	29706	44
04	459E	29706	44
04	459F	29706	44
04	45A2	29706	44
04	45A3	29706	44
04	45A6	29706	44
04	45A7	29706	44
04	45AA	29706	44
04	45AC	29706	44
04	45AE	2544	510
04	45AF	2544	510
04	45B2	2544	510
04	45B3	2544	510
04	45B4	2544	510
04	45B6	27162	44
04	45B7	27162	44
04	45BA	27162	44
04	45BB	27162	44
04	45BD	27162	44
04	45BF	13419	44
04	45C0	29706	44
04	45C2	29706	44
04	45C5	18372	44
04	45C7	18372	44
04	45CA	5628	44
04	45CD	5628	44
04	45CF	5628	44
04	45D0	5628	44
04	45D1	5628	44
04	45D3	5628	44
04	45D4	5628	44
04	45D5	5628	44
04	45D6	5628	44
04	45D7	5628	44
04	45D8	5628	44
04	45D9	5628	44
04	45DA	5628	44
04	45DB	80	44
04	45DE	80	44
04	45DF	80	44
04	45E2	80	44
04	45E3	80	44
04	45E4	80	44
04	45E5	80	44
04	45E6	102468	84
04	45E9	102468	84
04	45EA	102468	84
04	45EB	102468	84
04	45EC	102468	84
04	45EE	643	517
04	45EF	643	517
04	45F2	643	517
04	45F3	643	517
04	45F5	643	517
04	45F7	101825	84
04	45FA	101825	84
04	45FB	101825	84
04	45FC	101825	84
04	45FD	102468	84
04	45FE	102468	84
04	4600	102468	84
04	4602	50894	89
04	4603	102468	84
04	4606	102468	84
04	4609	102468	84
04	460A	102468	84
04	460B	102468	84
04	460C	102468	84
04	460E	1123	502
04	460F	1123	502
04	4612	1123	502
04	4613	1123	502
04	4614	1123	502
04	4615	1123	502
04	4618	1123	502
04	4619	1123	502
04	461A	1123	502
04	461B	1123	502
04	461C	1123	502
04	461D	1123	502
04	461F	1123	502
04	4623	101345	84
04	4626	101345	84
04	4627	101345	84
04	4628	101345	84
04	462A	101345	84
04	462E	1123	502
04	462F	1123	502
04	4631	1123	502
04	4632	1123	502
04	4633	1123	502
04	4635	1123	502
04	4636	1123	502
04	4638	1123	502
04	4639	1123	502
04	463B	1123	502
04	463C	1123	502
04	463E	1123	502
04	463F	1123	502
04	4640	102468	84
04	4641	102468	84
04	4642	102468	84
04	4644	474	502
04	4647	474	502
04	4649	474	502
04	464C	474	502
04	464D	102468	84
04	464E	102468	84
04	464F	102468	84
04	4650	102468	84
04	4652	121	502
04	4655	121	502
04	4657	121	502
04	465A	121	502
04	465B	102468	84
04	465D	102468	84
04	4660	102468	84
04	4661	102468	84
04	4664	102468	84
04	4665	102468	84
04	4668	179676	84
04	466A	179676	84
04	466C	1858	502
04	466F	1858	502
04	4670	1858	502
04	4671	1858	502
04	4673	1858	502
04	4675	1858	502
04	4676	1858	502
04	4677	1858	502
04	467A	1858	502
04	467B	1858	502
04	467C	1858	502
04	467D	1858	502
04	467E	1858	502
04	467F	1858	502
04	4680	1858	502
04	4681	1858	502
04	4684	1858	502
04	4685	1858	502
04	4686	1858	502
04	4687	1858	502
04	4688	1858	502
04	4689	1858	502
04	468A	1858	502
04	468B	1858	502
04	468E	1858	502
04	468F	1858	502
04	4690	1858	502
04	4692	1858	502
04	4694	1858	502
04	4695	1858	502
04	4696	1858	502
04	4697	1858	502
04	4698	1858	502
04	4699	1858	502
04	469A	1858	502
04	469D	1858	502
04	469E	1858	502
04	469F	1858	502
04	46A0	1858	502
04	46A1	1858	502
04	46A4	1858	502
04	46A5	1858	502
04	46A8	179676	84
04	46AA	179676	84
04	46BF	179676	84
04	46C1	179676	84
04	46C3	105	84
04	46C6	105	84
04	46C7	105	84
04	46C8	105	84
04	46C9	105	84
04	46CA	105	84
04	46CD	105	84
04	46CF	105	84
04	46D1	105	84
04	46D3	105	84
04	46D5	105	84
04	46D7	105	84
04	46D8	105	84
04	46D9	105	84
04	46DA	105	84
04	46DD	105	84
04	46DE	105	84
04	46DF	105	84
04	46E2	105	84
04	46E3	105	84
04	46E6	179676	84
04	46E7	179676	84
04	4756	12744	84
04	4758	12744	84
04	475B	12744	84
04	475D	12744	84
04	475E	12744	84
04	4760	12744	84
04	4762	12744	84
04	4763	12744	84
04	4764	12744	84
04	4765	12744	84
04	4768	12744	84
04	4769	12744	84
04	476C	12744	84
04	476D	12744	84
04	476E	12744	84
04	476F	12744	84
04	4770	12744	84
04	4771	12744	84
04	4772	12744	84
04	4773	12744	84
04	4774	12744	84
04	4777	219	1503
04	477A	219	1503
04	477B	219	1503
04	477E	219	1503
04	477F	219	1503
04	4782	219	1503
04	4783	219	1503
04	4784	219	1503
04	4786	219	1503
04	4789	219	1503
04	478A	219	1503
04	478B	219	1503
04	478C	219	1503
04	478D	219	1503
04	478F	219	1503
04	4790	219	1503
04	4793	219	1503
04	4794	219	1503
04	4795	219	1503
04	4796	219	1503
04	4797	219	1503
04	4798	219	1503
04	4799	219	1503
04	479A	219	1503
04	479B	422	1503
04	479E	422	1503
04	479F	422	1503
04	47A0	422	1503
04	47A3	276	1323
04	47A6	276	1323
04	47A7	276	1323
04	47AA	276	1323
04	47AB	276	1323
04	47AE	276	1323
04	47AF	276	1323
04	47B0	276	1323
04	47B1	276	1323
04	47B4	214	1593
04	47B5	214	1593
04	47B6	214	1593
04	47B7	214	1593
04	47B8	214	1593
04	47BA	214	1593
04	47BB	214	1593
04	47BE	214	1593
04	47BF	214	1593
04	47C0	214	1593
04	47C1	214	1593
04	47C2	214	1593
04	47E3	114	44
04	47E6	114	44
04	47E8	114	44
04	47EB	114	44
04	47ED	48	84
04	47F0	114	44
04	47F3	114	44
04	47F4	114	44
04	47F5	114	44
04	47F8	114	44
04	47FB	114	44
04	47FC	114	44
04	47FD	114	44
04	47FE	114	44
04	47FF	114	44
04	4800	114	44
04	4803	114	44
04	4804	114	44
04	4806	114	44
04	480C	114	44
04	480E	114	44
04	480F	114	44
04	4811	114	44
04	4812	114	44
04	4813	114	44
04	4816	114	44
04	4817	114	44
04	4818	114	44
04	483A	107	44
04	483D	107	44
04	484E	3104	44
04	4851	3104	44
04	4852	3104	44
04	4854	3104	44
04	4856	3040	44
04	4859	3040	44
04	485C	3040	44
04	485E	3040	44
04	485F	3040	44
04	4862	3040	44
04	4864	3040	44
04	4865	3040	44
04	4866	3040	44
04	4867	3040	44
04	4868	3040	44
04	4869	3040	44
04	486A	3040	44
04	486B	3040	44
04	486C	3040	44
04	486D	3040	44
04	486E	3040	44
04	486F	3040	44
04	4870	3040	44
04	4871	3040	44
04	4872	3040	44
04	4873	3040	44
04	4876	3040	44
04	4878	3040	44
04	487B	3040	44
04	487E	64	502
04	4881	64	502
04	4883	64	502
04	4886	64	502
04	4889	6874	44
04	488A	6874	44
04	488C	6874	44
04	488D	6874	44
04	488E	6874	44
04	488F	6874	44
04	4890	6874	44
04	4891	6874	44
04	4894	6874	44
04	4895	6874	44
04	4896	1382	532
04	4899	1382	532
04	489A	1382	532
04	489D	1382	532
04	489E	1382	532
04	48A1	1382	532
04	48A2	1382	532
04	48A5	1382	532
04	48A6	1382	532
04	48A7	1382	532
04	48A9	1382	532
04	48AA	1382	532
04	48AB	1382	532
04	48AC	1382	532
04	48AD	1406	532
04	48AE	1406	532
04	48B0	1406	532
04	48B2	746	533
04	48B5	746	533
04	48B6	746	533
04	48B7	746	533
04	48B9	660	532
04	48BA	660	532
04	48BB	660	532
04	48BC	660	532
04	48BF	660	532
04	48C0	660	532
04	48C1	660	532
04	48C2	660	532
04	48C3	660	532
04	48C4	660	532
04	48C5	660	532
04	48C6	1406	532
04	48C7	1406	532
04	48C8	1406	532
04	48C9	1406	532
04	48CA	1406	532
04	48CD	1406	532
04	48CF	1406	532
04	48D2	1406	532
04	48D5	24	1095
04	48D8	24	1095
04	48D9	24	1095
04	48DC	24	1095
04	48DD	24	1095
04	48E0	24	1095
04	48E1	24	1095
04	48E4	24	1095
04	48E5	24	1095
04	48E6	24	1095
04	48E7	24	1095
04	48E8	24	1095
04	48E9	24	1095
04	48EA	24	1095
04	48EC	4	502
04	48EF	4	502
04	48F0	4	502
04	48F3	4	502
04	48F4	4	502
04	48F7	4	502
04	48F8	4	502
04	48FB	4	502
04	48FC	4	502
04	48FD	4	502
04	48FF	4	502
04	4905	4	502
04	4925	3	502
04	4928	3	502
04	492A	107	44
04	492D	107	44
04	492F	107	44
04	4932	107	44
04	4935	107	44
04	4938	107	44
04	4939	107	44
04	493C	107	44
04	493D	107	44
04	493E	107	44
04	4941	107	44
04	4942	107	44
04	4943	107	44
04	4944	107	44
04	4970	4	502
04	4973	114	44
04	4976	114	44
04	4977	114	44
04	497A	114	44
04	497B	114	44
04	497C	114	44
04	497F	114	44
04	4980	114	44
04	4981	114	44
04	4A27	1	2468
04	4A29	1	2468
04	4A2B	11334	44
04	4A2D	11334	44
04	4A2F	11334	44
04	4A30	11334	44
04	4A32	11334	44
04	4A34	11334	44
04	4A35	11334	44
04	4A36	11335	44
04	4A39	11335	44
04	4A3A	11335	44
04	4A3D	11335	44
04	4A3E	11335	44
04	4A3F	11335	44
04	4A42	11335	44
04	4A43	11335	44
04	4A44	11335	44
04	4A46	11335	44
04	4A49	11335	44
04	4A4B	16955	44
04	4A4C	16955	44
04	4A4F	16955	44
04	4A50	28290	44
04	4A52	28290	44
04	4A54	16955	44
04	4A56	16955	44
04	4A58	8455	44
04	4A5A	8455	44
04	4A69	8500	44
04	4A6B	8500	44
04	4A6D	8500	44
04	4A6F	8500	44
04	4A70	8500	44
04	4A71	8500	44
04	4A73	8455	44
04	4A75	8455	44
04	4A77	8455	44
04	4A79	8455	44
04	4A7A	8455	44
04	4A7B	8455	44
04	4A7C	8455	44
04	4A7E	8455	44
04	4A7F	8455	44
04	4A81	11335	44
04	4A82	11335	44
04	4A83	11335	44
04	4A84	11335	44
04	4A87	11335	44
04	4A88	11335	44
04	4A89	11335	44
04	4A8C	11335	44
04	4A8F	11335	44
04	4A92	11335	44
04	4A93	11335	44
04	4A94	11335	44
04	4A95	11335	44
04	4A98	11335	44
04	4A99	11335	44
04	4A9C	11335	44
04	4A9E	11335	44
04	4AA0	3834	502
04	4AA1	3834	502
04	4AA2	3834	502
04	4AA3	3834	502
04	4AA6	3834	502
04	4AA8	3834	502
04	4AAB	3834	502
04	4AAC	3834	502
04	4AAD	3834	502
04	4AAE	3834	502
04	4AAF	3834	502
04	4AB0	3834	502
04	4AB1	3834	502
04	4AB2	3834	502
04	4AB3	3834	502
04	4AB4	3834	502
04	4AB5	3834	502
04	4AB6	3834	502
04	4AB7	3834	502
04	4AB8	3834	502
04	4AB9	3834	502
04	4ABA	3834	502
04	4ABD	3834	502
04	4ABE	11335	44
04	4ABF	11335	44
04	4AC1	11335	44
04	4AC3	6008	44
04	4AC5	6008	44
04	4AC7	3291	84
04	4ACA	3291	84
04	4ACC	2717	44
04	4ACF	2717	44
04	4AD1	5327	84
04	4AD3	5327	84
04	4AD5	1490	84
04	4AD8	1490	84
04	4ADA	3837	502
04	4ADD	11335	44
04	4AE0	11335	44
04	4AE3	11335	44
04	4AE5	11335	44
04	4AE7	227	84
04	4AE9	11335	44
04	4AEC	11335	44
04	4AED	11335	44
04	4AF0	11335	44
04	4AF1	11335	44
04	4AF4	11335	44
04	4AF5	11335	44
04	4AF8	11335	44
04	4AF9	11335	44
04	4AFA	11335	44
04	4AFD	11335	44
04	4AFE	11335	44
04	4B01	11335	44
04	4B02	11335	44
04	4B05	11335	44
04	4B06	11335	44
04	4B07	11335	44
04	4B08	11335	44
04	4B0A	1933	517
04	4B0C	1933	517
04	4B0E	1604	517
04	4B10	329	1729
04	4B11	329	1729
04	4B12	329	1729
04	4B14	323	1729
04	4B16	308	1729
04	4B17	308	1729
04	4B18	308	1729
04	4B1A	11294	44
04	4B1D	11294	44
04	4B20	11294	44
04	4B21	11294	44
04	4B24	11294	44
04	4B25	11294	44
04	4B28	11294	44
04	4B29	11294	44
04	4B2C	11294	44
04	4B2D	11294	44
04	4B2F	11294	44
04	4B30	11294	44
04	4B33	11294	44
04	4B34	11294	44
04	4B37	11294	44
04	4B38	11294	44
04	4B3B	11294	44
04	4B3C	11294	44
04	4B3D	11294	44
04	4B3E	11294	44
04	4B3F	11294	44
04	4B40	11294	44
04	4B42	11294	44
04	4B43	11294	44
04	4B44	11294	44
04	4B46	11294	44
04	4B47	11294	44
04	4B48	11294	44
04	4B49	11294	44
04	4B4A	11294	44
04	4B4B	11294	44
04	4B4C	11294	44
04	4B4D	11294	44
04	4B4E	11294	44
04	4B4F	11294	44
04	4B50	11294	44
04	4B51	11294	44
04	4B52	11294	44
04	4B53	11294	44
04	4B54	11294	44
04	4B55	11294	44
04	4B56	11294	44
04	4B57	11294	44
04	4B58	11294	44
04	4B59	11294	44
04	4B5A	11294	44
04	4B5B	11294	44
04	4B5C	11294	44
04	4B5D	11294	44
04	4B5E	11294	44
04	4B61	11294	44
04	4B62	11335	44
04	4B63	11335	44
04	4BC9	212788	17
04	4BCC	212788	17
04	4BCD	212788	17
04	4BD0	212788	17
04	4BD1	212788	17
04	4BD3	212788	17
04	4BD4	83154	85
04	4BD5	83154	85
04	4BD6	83154	85
04	4BD8	83154	85
04	4BD9	822	85
04	4BDB	131092	17
04	4BDE	131092	17
04	4BDF	131092	17
04	4BE2	131092	17
04	4BE3	131092	17
04	4BE5	131092	17
04	4BE6	47559	84
04	4BE7	47559	84
04	4BE8	47559	84
04	4BEA	47559	84
04	4BEB	47767	85
04	4BEC	47767	85
04	4BED	47767	85
04	4BEE	47767	85
04	4BEF	47767	85
04	4BF0	47767	85
04	4BF1	47767	85
04	4BF2	47767	85
04	4BF4	47767	85
04	4BF6	47756	85
04	4BF7	47756	85
04	4BF8	47756	85
04	4BF9	47756	85
04	4BFA	47669	85
04	4BFB	47669	85
04	4BFC	10986	87
04	4BFF	10986	87
04	4C00	10986	87
04	4C01	10986	87
04	4C03	10986	87
04	4C05	10986	87
04	4C07	10986	87
04	4C09	10986	87
04	4C0A	10986	87
04	4C0B	11	1868
04	4C0E	11	1868
04	4C0F	87	44
04	4C10	87	44
04	4C11	87	44
04	4C14	212788	17
04	4C17	212788	17
04	4C18	212788	17
04	4C1B	212788	17
04	4C1C	212788	17
04	4C1D	212788	17
04	4C1F	212788	17
04	4C20	92545	44
04	4C21	92545	44
04	4C22	92545	44
04	4C25	92545	44
04	4C26	92545	44
04	4C27	92545	44
04	4C2A	92545	44
04	4C2B	92545	44
04	4C2C	92545	44
04	4C2F	92545	44
04	4C30	92545	44
04	4C31	92545	44
04	4C33	92545	44
04	4C35	76	44
04	4C36	76	44
04	4C38	92469	84
04	4C3B	92469	84
04	4C3D	92469	84
04	4C3F	71868	85
04	4C42	71868	85
04	4C43	71868	85
04	4C46	71868	85
04	4C47	71868	85
04	4C49	4767	513
04	4C4A	71868	85
04	4C4B	71868	85
04	4C4C	71868	85
04	4C4E	71868	85
04	4C50	71868	85
04	4C52	71868	85
04	4C54	71868	85
04	4C5F	20601	84
04	4C60	20601	84
04	4C62	20601	84
04	4C64	20601	84
04	4C66	11292	84
04	4C67	11292	84
04	4C6A	11292	84
04	4C6B	11292	84
04	4C6E	11292	84
04	4C70	11292	84
04	4C73	11292	84
04	4C76	11292	84
04	4C79	11292	84
04	4C7A	11292	84
04	4C7B	11292	84
04	4C7E	11292	84
04	4C7F	11292	84
04	4C81	11292	84
04	4C82	11292	84
04	4C83	11292	84
04	4C85	11292	84
04	4C8F	9309	87
04	4C92	9309	87
04	4C93	9309	87
04	4C94	9309	87
04	4C97	9309	87
04	4C98	9309	87
04	4C99	9309	87
04	4C9B	9309	87
04	4C9E	9309	87
04	4C9F	9309	87
04	4CA0	9309	87
04	4CA1	9309	87
04	4CA2	9309	87
04	4CA4	9309	87
04	4CD3	11292	84
04	4CD6	11292	84
04	4CD7	11292	84
04	4CD8	11292	84
04	4CDB	11292	84
04	4CDC	11292	84
04	4CDD	11292	84
04	4CDE	11292	84
04	4CE1	11292	84
04	4CE2	11292	84
04	4CE4	11292	84
04	4CE7	11292	84
04	4CE8	11292	84
04	4CEB	11292	84
04	4CEC	11292	84
04	4CED	11292	84
04	4CEE	11292	84
04	4CEF	11292	84
04	4CF0	11292	84
04	4CF2	11292	84
04	4CF4	169	84
04	4CF7	169	84
04	4CF9	169	84
04	4CFA	169	84
04	4CFB	11292	84
04	4CFC	11292	84
04	4CFD	11292	84
04	4CFE	11292	84
04	4CFF	11292	84
04	4D02	71868	85
04	4D05	71868	85
04	4D07	71868	85
04	4D0A	71868	85
04	4D0D	71868	85
04	4D0E	71868	85
04	4D0F	71868	85
04	4D11	71868	85
04	4D13	51297	85
04	4D14	51297	85
04	4D15	51297	85
04	4D17	42094	85
04	4D18	42094	85
04	4D19	42094	85
04	4D1A	42094	85
04	4D1C	42094	85
04	4D1E	42094	85
04	4D21	42094	85
04	4D22	51297	85
04	4D23	51297	85
04	4D24	51297	85
04	4D25	51297	85
04	4D27	51297	85
04	4D28	51297	85
04	4D2A	5763	507
04	4D2D	5763	507
04	4D2F	5757	507
04	4D30	5757	507
04	4D31	5757	507
04	4D32	5757	507
04	4D34	20571	85
04	4D35	20571	85
04	4D36	20571	85
04	4D37	20571	85
04	4D39	20571	85
04	4D54	9315	87
04	4D55	9315	87
04	4D58	9315	87
04	4D59	9315	87
04	4D5C	9315	87
04	4D5D	9315	87
04	4D60	9315	87
04	4D61	9315	87
04	4D62	9315	87
04	4D65	9315	87
04	4D66	9315	87
04	4D67	9315	87
04	4D68	9315	87
04	4D69	9315	87
04	4D6A	9315	87
04	4D6B	9315	87
04	4D6C	9315	87
04	4D6E	9315	87
04	4D6F	9315	87
04	4D70	9315	87
04	4D90	9315	87
04	4D93	9315	87
04	4D94	9315	87
04	4D97	9315	87
04	4D98	9315	87
04	4D99	9315	87
04	4D9A	9315	87
04	4D9D	45534	85
04	4DA0	45534	85
04	4DA2	45534	85
04	4DA4	38771	85
04	4DA7	38771	85
04	4DA9	38771	85
04	4DAC	38771	85
04	4DAE	17049	84
04	4DB1	17049	84
04	4DB3	17049	84
04	4DB6	83154	84
04	4DB9	83154	84
04	4DBB	83154	84
04	4DBD	12189	84
04	4DC0	12189	84
04	4DC3	83154	84
04	4DC5	83154	84
04	4DC7	11292	84
04	4DCA	11292	84
04	4DCD	83154	84
04	4DCF	83154	84
04	4DD0	17154	84
04	4DD3	5932	84
04	4DD6	5932	84
04	4DD7	5932	84
04	4DD8	5932	84
04	4DDB	5932	84
04	4DDC	5932	84
04	4DDE	5932	84
04	4DDF	11292	84
04	4DE0	11292	84
04	4DE3	11292	84
04	4DE4	11292	84
04	4DE5	11292	84
04	4DE8	11292	84
04	4DE9	11292	84
04	4DEC	11292	84
04	4DED	11292	84
04	4DF0	11292	84
04	4DF1	11292	84
04	4DF2	11292	84
04	4DF5	11292	84
04	4DF7	11292	84
04	4DF9	11292	84
04	4DFA	11292	84
04	4DFD	11292	84
04	4DFE	11292	84
04	4DFF	11292	84
04	4E02	11292	84
04	4E03	11292	84
04	4E04	11292	84
04	4E05	11292	84
04	4E08	11292	84
04	4E09	11292	84
04	4E0A	11292	84
04	4E0D	11292	84
04	4E0E	11292	84
04	4E0F	11292	84
04	4E12	11292	84
04	4E14	11292	84
04	4E15	11292	84
04	4E18	11292	84
04	4E19	11292	84
04	4E1C	11292	84
04	4E1D	11292	84
04	4E20	11292	84
04	4E21	11292	84
04	4E22	11292	84
04	4E25	11292	84
04	4E27	11292	84
04	4E29	11292	84
04	4E2A	11292	84
04	4E2D	11292	84
04	4E2E	11292	84
04	4E2F	11292	84
04	4E32	11292	84
04	4E33	11292	84
04	4E34	42094	85
04	4E35	42094	85
04	4E38	42094	85
04	4E3A	42094	85
04	4E3B	42094	85
04	4E3C	2791	520
04	4E3D	2791	520
04	4E3F	2791	520
04	4E41	432	523
04	4E44	432	523
04	4E46	432	523
04	4E49	2791	520
04	4E4A	2791	520
04	4E4B	11292	84
04	4E4E	11292	84
04	4E4F	11292	84
04	4E52	11292	84
04	4E53	11292	84
04	4E56	11292	84
04	4E57	11292	84
04	4E5A	11292	84
04	4E5B	11292	84
04	4E5D	11292	84
04	4E5F	5318	84
04	4E61	3834	502
04	4E62	3834	502
04	4E63	3834	502
04	4E64	3834	502
04	4E65	3834	502
04	4E67	3834	502
04	4E68	3834	502
04	4E69	3834	502
04	4E6A	3834	502
04	4E6C	3834	502
04	4E6D	3834	502
04	4E6E	3834	502
04	4E6F	3834	502
04	4E70	3834	502
04	4E78	3834	502
04	4E7A	3834	502
04	4E7C	3834	502
04	4E7D	5974	84
04	4E7E	5974	84
04	4E7F	5974	84
04	4E80	5974	84
04	4E82	5974	84
04	4E83	5974	84
04	4E84	5974	84
04	4E85	5974	84
04	4E8F	5974	84
04	4E90	5974	84
04	4E91	5974	84
04	4E92	5974	84
04	4E93	5974	84
04	4E94	5974	84
04	4E95	5974	84
04	4E96	5974	84
04	4E97	5974	84
04	4E98	5974	84
04	4E99	5974	84
04	4E9A	5974	84
04	4E9B	1484	84
04	4E9C	1484	84
04	4E9E	1484	84
04	4E9F	1484	84
04	4EA0	1484	84
04	4EA1	1484	84
04	4EA9	1484	84
04	4EAB	1484	84
04	4EAE	1484	84
04	4EAF	1484	84
04	4EB0	136	84
04	4EB1	136	84
04	4EB4	136	84
04	4EB5	136	84
04	4EB7	136	84
04	4EB8	136	84
04	4EB9	136	84
04	4EBA	136	84
04	4EBB	136	84
04	4EBE	136	84
04	4EBF	136	84
04	4EC1	136	84
04	4EC3	2176	84
04	4EC4	2176	84
04	4EC5	2176	84
04	4EC6	2176	84
04	4EC7	2176	84
04	4EC9	136	84
04	4ECA	12189	84
04	4ECD	12189	84
04	4ECE	12189	84
04	4ED1	12189	84
04	4ED2	12189	84
04	4ED5	12189	84
04	4ED6	12189	84
04	4ED7	12189	84
04	4ED8	12189	84
04	4ED9	12189	84
04	4EDC	12189	84
04	4EDD	12189	84
04	4EE0	12189	84
04	4EE1	12189	84
04	4EE4	12189	84
04	4EE5	12189	84
04	4EE6	12189	84
04	4EE7	12189	84
04	4EE8	12189	84
04	4EEB	12189	84
04	4EED	12189	84
04	4EEF	5966	84
04	4EF1	1513	84
04	4EF2	1513	84
04	4EF4	1513	84
04	4EF5	7736	84
04	4EF6	7736	84
04	4EF7	7736	84
04	4EFA	7736	84
04	4EFB	7736	84
04	4EFE	7736	84
04	4F01	7736	84
04	4F02	7736	84
04	4F03	7736	84
04	4F05	7736	84
04	4F06	7736	84
04	4F09	7736	84
04	4F0A	7736	84
04	4F0B	7736	84
04	4F0C	7736	84
04	4F0D	7736	84
04	4F0E	7736	84
04	4F0F	7736	84
04	4F11	7736	84
04	4F17	7736	84
04	4F18	7736	84
04	4F19	7736	84
04	4F1A	7736	84
04	4F1D	7736	84
04	4F1E	7736	84
04	4F1F	7736	84
04	4F20	7736	84
04	4F22	7736	84
04	4F23	7736	84
04	4F24	7736	84
04	4F25	7736	84
04	4F28	7736	84
04	4F29	7736	84
04	4F2B	7736	84
04	4F2C	7736	84
04	4F2D	4453	502
04	4F2E	4453	502
04	4F2F	4453	502
04	4F30	4453	502
04	4F32	4453	502
04	4F33	4453	502
04	4F34	4453	502
04	4F36	4453	502
04	4F37	4453	502
04	4F38	4453	502
04	4F3A	4453	502
04	4F3C	2769	502
04	4F3E	2769	502
04	4F3F	2769	502
04	4F40	2769	502
04	4F41	2769	502
04	4F43	2769	502
04	4F44	4453	502
04	4F45	4453	502
04	4F47	4453	502
04	4F48	4453	502
04	4F49	4453	502
04	4F4A	4453	502
04	4F4B	4453	502
04	4F4D	4453	502
04	4F4E	4453	502
04	4F4F	11292	84
04	4F52	11292	84
04	4F53	11292	84
04	4F56	11292	84
04	4F57	11292	84
04	4F5A	11292	84
04	4F5B	11292	84
04	4F5E	11292	84
04	4F60	11292	84
04	4F62	8027	84
04	4F64	5318	84
04	4F66	5318	84
04	4F68	3834	502
04	4F6B	3834	502
04	4F6D	3265	84
04	4F70	3265	84
04	4F72	2709	502
04	4F75	2709	502
04	4F77	1484	84
04	4F7A	11292	84
04	4F7C	11292	84
04	4F7E	11292	84
04	4F80	11292	84
04	4F90	11292	84
04	4F92	11292	84
04	4F93	11292	84
04	4F94	11292	84
04	4F95	11292	84
04	4F96	11292	84
04	4F97	17154	84
04	4F9A	17154	84
04	4F9B	17154	84
04	4F9E	17154	84
04	4F9F	17154	84
04	4FA2	17154	84
04	4FA3	17154	84
04	4FA4	17154	84
04	4FA5	17154	84
04	4FA8	17154	84
04	4FA9	17154	84
04	4FAB	17154	84
04	4FAD	7610	84
04	4FAF	5657	502
04	4FB0	5657	502
04	4FB1	5657	502
04	4FB3	5657	502
04	4FB5	5657	502
04	4FB7	5657	502
04	4FB8	9544	84
04	4FB9	9544	84
04	4FBA	9544	84
04	4FBB	9544	84
04	4FBC	9544	84
04	4FBD	9544	84
04	4FBE	9544	84
04	4FBF	9544	84
04	4FC0	1953	84
04	4FC1	1953	84
04	4FC3	1953	84
04	4FC5	1953	84
04	4FC6	1953	84
04	4FC7	1953	84
04	4FC9	1953	84
04	4FCA	1953	84
04	4FCB	1484	84
04	4FCD	1484	84
04	4FCF	1484	84
04	4FD0	1484	84
04	4FD1	1484	84
04	4FD3	1484	84
04	4FD4	20696	44
04	4FD7	20696	44
04	4FD8	20696	44
04	4FDA	20696	44
04	4FDC	17948	44
04	4FDE	17948	44
04	4FDF	17948	44
04	4FE0	17948	44
04	4FE1	17948	44
04	4FE3	17948	44
04	4FE4	17948	44
04	4FE5	2748	84
04	4FE7	2748	84
04	4FE9	2748	84
04	4FEA	7736	84
04	4FEC	7736	84
04	4FEF	7736	84
04	4FF1	7736	84
04	4FF5	7736	84
04	4FF7	7736	84
04	4FF8	7736	84
04	4FF9	7736	84
04	4FFA	7736	84
04	4FFC	7736	84
04	4FFD	7736	84
04	5000	7736	84
04	5001	7736	84
04	5002	7736	84
04	5003	7736	84
04	5004	7736	84
04	5005	7736	84
04	5006	7736	84
04	5007	10379	44
04	5008	10379	44
04	500A	10379	44
04	500B	10379	44
04	500C	10379	44
04	500E	923	504
04	500F	10379	44
04	5010	10379	44
04	5012	1775	44
04	5013	10379	44
04	5014	10379	44
04	5016	1755	502
04	5017	10379	44
04	5018	10379	44
04	501A	4708	502
04	501B	10379	44
04	501C	10379	44
04	501E	3850	44
04	501F	10379	44
04	5020	10379	44
04	5022	4297	84
04	5023	10379	44
04	5024	10379	44
04	5026	4436	44
04	5027	10379	44
04	5028	10379	44
04	5029	4445	84
04	502A	4445	84
04	502B	33981	84
04	502C	33981	84
04	502E	33981	84
04	5030	33981	84
04	5031	33981	84
04	5032	33981	84
04	5034	33981	84
04	5035	33981	84
04	5037	23920	84
04	5038	33981	84
04	5039	33981	84
04	503B	31305	84
04	503C	33981	84
04	503D	33981	84
04	503F	28918	84
04	5040	33981	84
04	5041	33981	84
04	5042	25756	84
04	5043	25756	84
0E	4000	1	327
0E	4003	1	327
0E	4005	1	327
0E	4007	1	327
0E	400D	1	327
0E	4010	1	327
0E	4011	1	327
0E	4013	1	327
0E	4014	1	327
0E	4017	1	327
0E	401E	1	327
0E	4021	1	1112
0E	4024	1	1112
0E	4027	1	1112
0E	4028	1	1112
0E	402A	1	1112
0E	402C	1	1112
0E	402D	1	1112
0E	402F	1	1112
0E	4031	1	1112
0E	4033	1	1112
0E	4034	1	1112
0E	4036	1	1112
0E	4038	1	1112
0E	403A	1	1112
0E	403D	1	1112
0E	403F	1	1112
0E	4041	1	1112
0E	4044	1	1112
0E	4045	1	1112
0E	4046	1	1112
0E	4048	1	1112
0E	4049	1	1112
0E	404B	1	1112
0E	404E	1	1112
0E	4050	1	1112
0E	4052	1	1112
0E	4053	1	1112
0E	4055	1	1112
0E	4058	1	1112
0E	405A	1	1112
0E	405D	1	1112
0E	405E	1	1112
0E	405F	693	327
0E	4065	693	327
0E	4068	693	363
0E	406E	693	363
0E	4071	693	364
0E	4074	693	364
0E	4076	693	364
0E	4078	1	1111
0E	407B	1	1112
0E	407E	1	1112
0E	407F	1	1112
0E	4081	1	1112
0E	4082	1	1112
0E	4083	693	327
0E	4086	693	327
0E	4089	693	327
0E	408A	693	327
0E	408B	693	327
0E	408C	693	327
0E	408E	693	327
0E	408F	693	327
0E	4090	693	327
0E	4091	693	327
0E	4092	693	327
0E	4093	693	327
0E	40A2	1	327
0E	40A5	1	331
0E	40AB	1	363
0E	40AD	1	363
0E	40AE	1	363
0E	40B0	1	363
0E	40B2	1	363
0E	40B5	1	363
0E	40B8	1	363
0E	40B9	1	363
0E	40BB	1	363
0E	40BC	1	363
0E	40BF	1	363
0E	40C2	1	363
0E	40C5	1	363
0E	40C6	1	363
0E	40C9	1	363
0E	40CA	97	364
0E	40CD	97	364
0E	40CE	97	364
0E	40D1	97	364
0E	40D2	97	364
0E	40D3	97	364
0E	40D4	97	364
0E	40D7	97	364
0E	40D8	97	364
0E	40D9	97	364
0E	40DB	97	364
0E	40DC	97	364
0E	40DD	97	364
0E	40DF	97	364
0E	40E0	97	364
0E	40E1	97	364
0E	40E4	97	364
0E	40E5	97	364
0E	40E8	97	364
0E	40EA	97	364
0E	40EC	97	364
0E	40EE	96	364
0E	40F0	96	364
0E	40F2	96	364
0E	40F4	1	460
0E	40FA	1	475
0E	40FD	1	475
0E	40FF	1	475
0E	4102	1	475
0E	410B	97	364
0E	411A	1	476
0E	411D	1	476
0E	411F	1	476
0E	4121	1	476
0E	4122	1	476
0E	4124	1	476
0E	4126	1	476
0E	4128	1	476
0E	4129	1	476
0E	412B	1	476
0E	412D	1	476
0E	412F	1	476
0E	4132	1	476
0E	4134	1	476
0E	4136	1	476
0E	4139	1	476
0E	413A	1	476
0E	413B	1	476
0E	413D	1	476
0E	413E	1	476
0E	4140	1	476
0E	4143	1	476
0E	4145	1	476
0E	4147	1	476
0E	4148	1	476
0E	414A	1	476
0E	414D	1	476
0E	414F	1	476
0E	4150	1	476
0E	4153	1	476
0E	4156	1	485
0E	415C	1	501
0E	415E	1	501
0E	415F	1	501
0E	4161	1	501
0E	4163	1	501
0E	4166	1	501
0E	4169	1	501
0E	416A	1	501
0E	416C	1	501
0E	416D	1	501
0E	4170	1	501
0E	4173	1	501
0E	4176	1	501
0E	4177	1	501
0E	417A	1	501
0E	417B	593	502
0E	417E	593	502
0E	417F	593	502
0E	4181	593	502
0E	4184	593	502
0E	4185	593	502
0E	4188	593	502
0E	4189	593	502
0E	418A	593	502
0E	418B	593	502
0E	418E	593	502
0E	418F	593	502
0E	4190	593	502
0E	4194	593	502
0E	4196	593	502
0E	4197	593	502
0E	4198	593	502
0E	419B	593	502
0E	419C	593	502
0E	419F	593	502
0E	41A1	593	502
0E	41A3	593	502
0E	41A5	592	502
0E	41A7	592	502
0E	41A9	592	502
0E	41AB	592	502
0E	41AD	592	502
0E	41AF	592	502
0E	41B1	592	502
0E	41E6	1	1094
0E	41E8	1	1094
0E	41E9	1	1094
0E	41EB	1	1094
0E	41ED	1	1094
0E	41F0	1	1094
0E	41F3	1	1094
0E	41F4	1	1094
0E	41F6	1	1094
0E	41F9	1	1094
0E	41FA	1	1094
0E	41FD	593	502
0E	41FE	1	1095
0E	4204	1	1110
0E	4206	1	1110
0E	4209	1	1110
0E	4215	1	476
0E	4218	1	477
0E	421B	1	477
0E	421C	1	477
0E	421E	1	477
0E	421F	1	477
0E	4225	1	477
0E	4228	1	477
0E	422B	1	477
0E	422D	1	477
0E	422F	1	477
0E	4231	1	477
0E	4237	1	478
0E	423A	1	478
0E	423D	1	478
0E	423F	1	478
0E	4241	1	478
0E	4243	1	478
0E	4249	1	479
0E	424C	1	479
0E	424F	1	479
0E	4251	1	479
0E	4253	1	479
0E	4255	1	479
0E	425B	1	480
0E	425E	1	480
0E	4261	1	480
0E	4263	1	480
0E	4265	1	480
0E	4267	1	480
0E	426D	1	481
0E	4270	1	481
0E	4273	1	481
0E	4275	1	481
0E	4277	1	481
0E	4279	1	481
0E	427F	1	482
0E	4282	1	482
0E	4285	1	482
0E	4287	1	482
0E	4289	1	482
0E	428B	1	482
0E	4291	1	483
0E	4294	1	483
0E	4297	1	483
0E	4299	1	483
0E	429B	1	483
0E	429D	1	483
0E	42A3	1	484
0E	42A6	1	484
0E	42A9	1	484
0E	42AC	1	484
0E	42AE	1	484
0E	42B4	1	484
0E	42B7	1	484
0E	42BA	1	484
0E	42BD	1	484
0E	42BF	1	484
0E	42C5	1	484
0E	42C8	1	484
0E	42CB	1	484
0E	42CE	1	484
0E	42D0	1	484
0E	42D6	1	484
0E	42D9	1	484
0E	42DB	1	484
0E	42DE	1	485
0E	42E1	1	485
0E	42E4	1	485
0E	42E6	1	485
0E	42E8	1	485
0E	42EE	1	485
0E	42F1	1	485
0E	42F4	1	485
0E	42F7	1	485
0E	42F9	1	485
0E	42FB	1	485
0E	4301	1	485
0E	4304	1	485
0E	4307	1	485
0E	430A	1	485
0E	4310	1	485
0E	4311	1	484
0E	4314	1	484
0E	4317	1	484
0E	431A	1	484
0E	431D	1	484
0E	431E	1	484
0E	431F	1	484
0E	4320	1	484
0E	4322	1	484
0E	4323	1	484
0E	4324	1	484
0E	4325	1	484
0E	4326	1	484
0E	4327	1	484
0E	4329	1	484
0E	432F	1	484
0E	4334	1	485
0E	4337	1	485
0E	433A	1	485
0E	433B	1	485
0E	433C	1	485
0E	433D	1	485
0E	433F	1	485
0E	4340	1	485
0E	4341	1	485
0E	4342	1	485
0E	4343	1	485
0E	4344	1	485
0E	4347	1	485
0E	434A	1	485
0E	434F	1	327
0E	4352	1	328
0E	4355	1	328
0E	4356	1	328
0E	4358	1	328
0E	4359	1	328
0E	435F	1	328
0E	4362	1	328
0E	4365	1	328
0E	4367	1	328
0E	4369	1	328
0E	436B	1	328
0E	4371	1	329
0E	4374	1	329
0E	4377	1	329
0E	4379	1	329
0E	437B	1	329
0E	437D	1	329
0E	4383	1	330
0E	4386	1	330
0E	4389	1	330
0E	438C	1	330
0E	438E	1	330
0E	4394	1	330
0E	4397	1	330
0E	439A	1	330
0E	439D	1	330
0E	439F	1	330
0E	43A5	1	330
0E	43A7	1	330
0E	43AA	1	331
0E	43B0	1	331
1C	4000	1	17
1C	4006	1	327
1C	4007	1	327
1C	400D	1	1112
1C	401D	1	1112
1F	4000	1	1112
1F	4003	1	1112
1F	4004	1	1112
1F	4007	1	1112
1F	400A	1	1112
1F	400D	1	1112
1F	4013	1	1112
1F	4015	1	1112
1F	4018	1	1112
1F	401B	1	1112
1F	401C	1	1112
1F	401E	1	1112
1F	4020	1	1112
1F	4023	1	1112
1F	4025	1	1112
1F	4028	1	1112
1F	402B	1	1112
1F	402D	1	1112
1F	4030	1	1112
1F	4032	1	1112
1F	4035	1	1112
1F	4037	1	1112
1F	4039	1	1112
1F	403B	1	1112
1F	403C	1	1112
1F	403E	1	1112
1F	4040	1	1112
1F	4042	1	1112
1F	4044	1	1112
1F	4046	1	1112
1F	4048	1	1112
1F	404E	1	1112
1F	4051	1	1112
1F	4054	1	1112
1F	4056	1	1112
1F	4058	1	1112
1F	405A	1	1112
1F	4060	1	1113
1F	4063	1	1113
1F	4066	1	1113
1F	4068	1	1113
1F	406A	1	1113
1F	406C	1	1113
1F	4072	1	1114
1F	4075	1	1114
1F	4078	1	1114
1F	407A	1	1114
1F	407C	1	1114
1F	407E	1	1114
1F	4084	1	1115
1F	4087	1	1115
1F	408A	1	1115
1F	408C	1	1115
1F	408E	1	1115
1F	4090	1	1115
1F	4096	1	1116
1F	4099	1	1116
1F	409C	1	1116
1F	409E	1	1116
1F	40A0	1	1116
1F	40A2	1	1116
1F	40A8	1	1117
1F	40AB	1	1117
1F	40AE	1	1117
1F	40B0	1	1117
1F	40B2	1	1117
1F	40B4	1	1117
1F	40BA	1	1118
1F	40BD	1	1118
1F	40C0	1	1118
1F	40C2	1	1118
1F	40C4	1	1118
1F	40C6	1	1118
1F	40CC	1	1119
1F	40CF	1	1119
1F	40D2	1	1119
1F	40D5	1	1119
1F	40D7	1	1119
1F	40DD	1	1119
1F	40E0	1	1119
1F	40E3	1	1119
1F	40E6	1	1119
1F	40E8	1	1119
1F	40EE	1	1119
1F	40F1	1	1119
1F	40F4	1	1119
1F	40F6	1	1119
1F	40F8	1	1119
1F	40FE	1	1119
1F	4101	1	1119
1F	4104	1	1119
1F	4107	1	1119
1F	4109	1	1119
1F	410F	1	1119
1F	4112	1	1119
1F	4115	1	1119
1F	4117	1	1119
1F	4119	1	1119
1F	411F	1	1119
1F	4122	1	1119
1F	4125	1	1119
1F	4128	1	1119
1F	412B	1	1119
1F	412E	1	1119
1F	4130	1	1119
1F	4132	1	1119
1F	4138	1	1119
1F	413B	1	1119
1F	413E	1	1119
1F	4141	1	1119
1F	4142	1	1119
1F	4145	1	1119
1F	4148	1	1119
1F	414B	1	1119
1F	414E	1	1119
1F	4151	1	1119
1F	4154	1	1119
1F	4157	1	1120
1F	4159	1	1120
1F	415C	1	1120
1F	415F	1	1120
1F	4162	1	1120
1F	4168	1	1120
1F	416A	1	1120
1F	416C	1	1120
1F	416D	1	1120
1F	416F	1	1120
1F	4171	1	1120
1F	4173	1	1120
1F	4175	1	1120
1F	4176	1	1120
1F	4179	1	1120
1F	417C	1	1120
1F	417F	1	1120
1F	4182	1	1120
1F	4185	1	1120
1F	4187	1	1120
1F	4189	1	1120
1F	418B	1	1120
1F	4191	1	1121
1F	4193	1	1121
1F	4194	1	1121
1F	4196	1	1121
1F	4198	1	1121
1F	419A	1	1121
1F	419C	1	1121
1F	419F	1	1122
1F	41A5	1	1122
1F	41A7	1	1122
1F	41A9	1	1122
1F	41AB	1	1122
1F	41B1	1	1138
1F	41B4	1	1138
1F	41B5	1	1138
1F	41B6	1	1138
1F	41B9	1	1138
1F	41BB	1	1138
1F	41C1	1	1142
1F	41C3	1	1142
1F	41C4	1	1142
1F	41C6	1	1142
1F	41C8	1	1142
1F	41CB	1	1142
1F	41CE	1	1142
1F	41CF	1	1142
1F	41D1	627	1142
1F	41D7	627	1142
1F	41DA	627	1142
1F	41E0	627	1142
1F	41E6	627	1142
1F	41F3	626	1142
1F	41F9	626	1142
1F	41FC	626	1142
1F	41FE	626	1142
1F	4200	626	1142
1F	4203	626	1142
1F	4206	626	1142
1F	4209	626	1142
1F	420A	626	1142
1F	420D	618	1142
1F	4210	618	1142
1F	4211	618	1142
1F	4214	618	1142
1F	4217	1	1802
1F	421A	1	1802
1F	421B	1	1802
1F	421D	1	1802
1F	421F	1	1802
1F	4220	1	1802
1F	4222	1	1802
1F	4224	1	1802
1F	4227	1	1802
1F	422A	1	1802
1F	422B	1	1802
1F	422D	1	1802
1F	4233	1	1831
1F	4239	1	1833
1F	423B	1	1833
1F	423D	1	1833
1F	423F	1	1833
1F	4242	1	1833
1F	4243	1	1833
1F	4245	1	1833
1F	4248	1	1833
1F	424E	1	1833
1F	4251	1	1833
1F	4291	1	1728
1F	4292	1	1728
1F	4295	1	1728
1F	4296	1	1728
1F	4297	1	1728
1F	4299	1	1728
1F	42C5	1	1728
1F	42C8	1	1728
1F	42CA	1	1728
1F	42CB	1	1728
1F	42CE	1	1728
1F	42D0	1	1728
1F	42D1	1	1728
1F	42D3	1	1728
1F	42D5	1	1728
1F	42D8	1	1728
1F	42DB	1	1728
1F	42DC	1	1728
1F	42DE	1	1728
1F	42E1	1	1729
1F	42E3	1	1729
1F	4325	1	1729
1F	4328	1	1729
1F	432B	1	1729
1F	432C	1	1729
1F	432E	1	1729
1F	432F	1	1729
1F	4330	1	1729
1F	4331	1	1729
1F	4333	1	1729
1F	4334	1	1729
1F	4335	1	1729
1F	4338	1	1729
1F	4339	1	1729
1F	433C	1	1729
1F	433F	1	1729
1F	4341	1	1729
1F	4344	1	1729
1F	434A	1	1731
1F	4351	1	1728
1F	4354	1	1728
1F	4357	1	1728
1F	435A	1	1728
1F	435C	1	1728
1F	4362	1	1728
1F	4364	1	1728
1F	4367	1	1729
1F	436A	1	1729
1F	436D	1	1729
1F	436F	1	1729
1F	4371	1	1729
1F	4377	1	1729
1F	437A	1	1729
1F	437D	1	1729
1F	4380	1	1729
1F	4381	1	1729
1F	4384	1	1729
1F	4387	1	1729
1F	438A	1	1729
1F	438D	1	1729
1F	438E	1	1729
1F	4390	1	1729
1F	4396	1	1729
1F	4399	1	1729
1F	439C	1	1729
1F	439E	1	1729
1F	43A0	1	1729
1F	43A6	1	1729
1F	43A9	1	1729
1F	43AC	1	1729
1F	43AF	1	1729
1F	43B0	1	1729
1F	43B3	1	1729
1F	43B6	1	1729
1F	43B9	1	1729
1F	43F7	2	1119
1F	43FA	2	1119
1F	43FC	2	1119
1F	43FE	2	1119
1F	4401	2	1119
1F	4404	2	1119
1F	4406	2	1119
1F	4408	2	1119
1F	440E	2	1119
1F	4411	2	1119
1F	4414	2	1119
1F	4417	2	1119
1F	441A	2	1119
1F	441B	2	1119
1F	441D	2	1119
1F	441F	1	1739
1F	444F	1	1119
1F	4452	1	1119
1F	4455	1	1119
1F	4457	1	1119
1F	4459	1	1119
1F	445F	1	1119
1F	4462	1	1119
1F	4465	1	1119
1F	4468	1	1119
1F	446A	1	1119
1F	446B	1	1119
1F	446E	1	1119
1F	4470	1	1119
1F	4471	1	1119
1F	4474	1	1119
1F	4477	1	1119
1F	447A	1	1119
1F	447C	1	1739
1F	447F	1	1739
1F	4482	1	1739
1F	4484	1	1739
1F	4486	1	1739
1F	448C	1	1739
1F	448F	1	1739
1F	4492	1	1739
1F	4495	1	1739
1F	4498	1	1739
1F	449B	1	1739
1F	449D	1	1739
1F	449F	1	1739
1F	44A5	1	1739
1F	44A8	1	1739
1F	44AB	1	1739
1F	44AE	1	1739
1F	44B0	1	1739
1F	44B1	1	1739
1F	44B4	1	1739
1F	44B6	1	1739
1F	44B7	1	1739
1F	44BA	1	1739
1F	44BD	1	1739
1F	44C0	2	1119
1F	44C1	2	1119
1F	44C4	2	1119
1F	44C7	2	1119
1F	44C8	2	1119
1F	44CB	2	1119
1F	44D1	2	1119
1F	44D4	2	1120
1F	44D5	628	1119
1F	44D8	628	1119
1F	44D9	628	1119
1F	44DA	620	1119
1F	44DD	620	1119
1F	44DE	620	1119
1F	44DF	21	1119
1F	44E1	21	1119
1F	44E4	21	1119
1F	44E5	21	1119
1F	44E7	21	1119
1F	44E9	2	1739
1F	4503	19	1119
1F	4506	19	1119
1F	4509	19	1119
1F	450C	19	1119
1F	450F	19	1119
1F	4510	19	1119
1F	4513	19	1119
1F	4515	19	1119
1F	4518	19	1119
1F	451E	19	1119
1F	4520	19	1119
1F	4523	19	1120
1F	4526	19	1120
1F	4527	19	1120
1F	452A	19	1120
1F	452C	19	1120
1F	452D	9	1172
1F	452E	9	1172
1F	4531	9	1172
1F	4532	2	1739
1F	4535	2	1739
1F	4538	2	1739
1F	453B	2	1739
1F	453E	2	1739
1F	453F	2	1739
1F	4542	2	1739
1F	4544	2	1739
1F	4547	2	1739
1F	454D	2	1739
1F	454F	2	1739
1F	4552	2	1740
1F	4555	2	1740
1F	4556	2	1740
1F	4559	2	1740
1F	455B	2	1740
1F	4561	626	1142
1F	4564	626	1142
1F	4565	626	1142
1F	4566	8	1732
1F	4567	8	1732
1F	456A	8	1732
1F	456C	1	1739
1F	456F	1	1740
1F	4572	1	1740
1F	4573	1	1740
1F	4574	1	1740
1F	4577	1	1740
1F	4579	1	1740
1F	457F	1	1745
1F	4582	1	1745
1F	4585	1	1745
1F	4586	1	1745
1F	4589	1	1745
1F	458C	1	1745
1F	458D	1	1745
1F	458F	7	1732
1F	4592	7	1732
1F	4593	7	1732
1F	4596	7	1732
1F	4597	7	1732
1F	459A	7	1732
1F	459B	7	1732
1F	459E	7	1732
1F	459F	7	1732
1F	45A0	7	1732
1F	45A1	7	1732
1F	45A4	7	1732
1F	45A5	7	1732
1F	45A8	7	1732
1F	45A9	7	1732
1F	45AC	7	1732
1F	45AD	7	1732
1F	45B0	7	1732
1F	45B1	7	1732
1F	45B4	7	1732
1F	45B5	7	1732
1F	45B8	7	1732
1F	45B9	7	1732
1F	45BA	7	1732
1F	45BB	7	1732
1F	45BE	7	1732
1F	45BF	7	1732
1F	45C2	7	1732
1F	45C3	8	1732
1F	45C6	8	1732
1F	45C9	8	1732
1F	45CA	1	1729
1F	45CB	1	1729
1F	45CE	1	1729
1F	45D1	1	1729
1F	45D2	1	1729
1F	45D5	1	1729
1F	45D6	1	1729
1F	45D7	1	1729
1F	45E2	1	1729
1F	45E5	1	1729
1F	45E6	1	1729
1F	45E9	1	1729
1F	45EA	1	1729
1F	45EB	1	1729
1F	45F9	1	1729
1F	45FA	1	1729
1F	45FB	1	1729
1F	45FD	1	1729
1F	45FF	1	1729
1F	4601	1	1729
1F	4605	1	1729
1F	4606	1	1729
1F	4609	1	1729
1F	460A	1	1729
1F	4610	1	1729
1F	4611	1	1729
1F	4614	1	1729
1F	4615	1	1729
1F	4616	1	1729
1F	4618	1	1729
1F	4619	1	1729
1F	461B	1	1729
1F	461E	1	1729
1F	4621	1	1729
1F	4623	1	1729
1F	4624	1	1729
1F	4627	1	1729
1F	4637	1	1729
1F	4638	1	1729
1F	4639	1	1729
1F	463A	1	1729
1F	4640	1	1729
1F	4641	1	1729
1F	4644	1	1729
1F	4645	1	1729
1F	4647	1	1729
1F	4648	1	1729
1F	464A	1	1729
1F	464D	1	1729
1F	4650	1	1729
1F	4652	1	1729
1F	4653	1	1729
1F	4656	1	1729
1F	4666	1	1729
22	4EF0	1	324
22	4EF2	1	324
22	4EF4	1	324
22	4EF6	1	324
22	4EF7	1	324
22	4EF9	1	324
22	4EFB	1	324
22	4EFD	1	324
22	4F00	1	324
22	4F02	1	324
22	4F04	1	324
22	4F07	1	324
22	4F0A	1	324
22	4F0D	4094	324
22	4F0E	4094	324
22	4F0F	4094	324
22	4F10	4094	324
22	4F12	223	324
22	4F13	4094	324
22	4F14	4094	324
22	4F15	4094	324
22	4F16	4094	324
22	4F18	1	326
22	4F19	1	326
22	4F1A	1	326
22	4F1B	1	326
22	4F1C	1	326
22	4F1D	1	326
22	4F1E	1	326
22	4F20	1	326
22	4F23	1	326
22	4F46	1	326
22	4F47	1	326
22	4F48	1	326
22	4F4A	1	326
22	4F4B	1	326
22	4F4C	1	326
22	4F4E	1	326
22	4F4F	1	326
22	4FF6	1	324
22	4FF7	1	324
22	4FF8	1	324
22	4FF9	1	324
22	4FFB	1	324
22	4FFE	1	326
22	5001	1	326
22	5002	1	326
22	5017	1	326
22	5019	1	326
22	501A	1	326
22	501B	1	326
22	501C	1	326
22	5035	6	11116
22	5037	6	11116
22	5039	6	11116
22	503C	6	11116
22	503E	6	11116
22	5040	6	11116
22	5043	6	11116
22	5046	6	11116
22	5049	6	11116
22	504C	10008	11116
22	504D	10008	11116
22	504E	10008	11116
22	504F	10008	11116
22	5051	346	11116
22	5052	10008	11116
22	5053	10008	11116
22	5054	10008	11116
22	5055	10008	11116
22	5057	6	11117
22	505A	6	11117
22	505D	2880	11117
22	505E	2880	11117
22	505F	2880	11117
22	5060	2880	11117
22	5062	180	11117
22	5063	2880	11117
22	5064	2880	11117
22	5065	2880	11117
22	5066	2880	11117
22	5068	6	11117
22	506B	6	11117
22	506C	6	11117
22	506D	6	11117
22	506E	6	11117
22	506F	6	11117
22	5070	6	11117
22	5071	6	11117
22	5073	6	11117
22	5076	6	11117
22	5077	6	11117
22	507A	6	11117
22	507C	6	11117
22	507E	6	11117
22	5081	6	11117
22	5083	6	11117
22	5085	6	11117
22	5088	6	11117
22	5089	6	11117
22	508A	6	11117
22	508B	6	11117
22	508C	6	11117
22	508D	6	11117
22	508F	6	11117
22	5092	6	11117
22	50FC	6	11116
22	50FD	6	11116
22	50FE	6	11116
22	50FF	6	11116
22	5100	6	11116
22	5103	6	11117
22	5106	6	11117
22	5107	6	11117
22	5108	6	11117
22	5109	6	11117
22	510A	6	11117
24	4018	1	9856
24	401A	1	9856
24	401C	1	9856
24	4022	1	9856
24	4023	1	9856
24	4025	1	9856
24	4026	1	9856
24	4028	1	9856
24	402A	1	9856
24	402C	1	9856
24	402E	1	9856
24	4031	1	9856
24	4033	1	9856
24	4036	1	9856
24	4037	1	9856
24	4039	1	9856
24	403B	1	9856
24	403C	1	9856
24	4042	1	9856
24	4044	1	9856
24	4046	1	9856
24	4048	1	9856
24	404B	1	9856
24	404D	1	9856
24	4053	1	9856
24	4055	1	9856
24	4057	1	9856
24	4059	1	9856
24	405C	1	9856
24	405D	1	9856
24	405F	1	9856
24	4061	1	9856
24	4063	1	9856
24	4064	1	9856
24	4067	1	9856
24	406A	1	9856
24	406D	1	9930
24	406E	1	9930
24	406F	1	9930
24	4071	1	9930
24	4072	1	9930
24	4074	1	9930
24	4076	1	9930
24	4079	1	9930
24	407C	1	9930
24	407D	1	9930
24	407F	1	9930
24	4080	1	9930
24	4081	1	9930
24	4083	602	9930
24	4084	602	9930
24	408A	602	9930
24	408D	602	9930
24	408F	602	9930
24	4092	602	9930
24	4095	602	9930
24	4097	602	9930
24	40AC	602	9930
24	40AF	602	9930
24	40B1	602	9930
24	40B4	602	9930
24	40B5	602	9930
24	40B8	602	9930
24	40BA	602	9930
24	40BC	602	9930
24	40BF	602	9930
24	40C1	602	9930
24	40C3	602	9930
24	40C6	602	9930
24	40C7	602	9930
24	40CA	602	9930
24	40CB	602	9930
24	40FA	602	9930
24	40FB	602	9930
24	40FC	602	9930
24	40FD	602	9930
24	4100	602	9930
24	41D7	602	9930
24	41DA	602	9931
24	41E0	602	9931
24	41E1	602	9931
24	41E3	602	9931
24	41E5	602	9931
24	41E7	5	10007
24	41E8	5	10007
24	41E9	5	10007
24	41EB	5	10007
24	41EC	5	10007
24	41EE	5	10007
24	41F0	5	10007
24	41F3	5	10007
24	41F6	5	10007
24	41F7	5	10007
24	41F9	5	10007
24	41FA	5	10007
24	41FB	5	10007
24	41FC	5	10007
24	41FF	5	10007
24	4202	5	10008
24	4203	5	10008
24	4206	4	13122
24	4207	4	13122
24	4219	4	13122
24	421A	4	13122
24	421B	4	13122
24	421D	4	13122
24	421F	4	13122
24	4222	4	13123
24	4224	4	13123
24	4226	4	13123
24	4229	4	13128
24	422A	601	9931
24	422C	601	9931
24	422E	601	9931
24	4256	601	9931
24	4258	601	9931
24	425A	601	9931
24	4281	601	9931
24	4283	601	9931
24	4285	601	9931
24	4288	4	17636
24	4289	4	17636
24	428A	4	17636
24	428C	4	17636
24	428D	4	17636
24	428F	4	17636
24	4291	4	17636
24	4294	4	17636
24	4297	4	17636
24	4298	4	17636
24	429A	4	17636
24	429B	4	17636
24	429C	4	17636
24	429D	4	17636
24	429E	4	17636
24	42A0	4	17636
24	42A1	4	17636
24	42A5	4	17636
24	42A6	4	17636
24	42A9	4	17648
24	42AC	601	9931
24	42F0	1	9856
24	42F1	1	9856
24	42F3	1	9856
24	42F5	1	9856
24	42F7	1	9856
24	42FA	1	9856
24	42FD	4096	9856
24	42FE	4096	9856
24	42FF	4096	9856
24	4300	4096	9856
24	4301	4096	9856
24	4302	4096	9856
24	4304	1	9857
24	4306	1	9857
24	4308	1	9857
24	430A	1	9857
24	430D	1	9857
24	4310	1920	9857
24	4311	1920	9857
24	4312	1920	9857
24	4313	1920	9857
24	4314	1920	9857
24	4315	1920	9857
24	4317	1	9858
24	431D	1	9858
24	4320	1	9858
24	4323	1	9858
24	4326	1	9858
24	4328	1	9858
24	432A	1	9858
24	432C	1	9858
24	4332	1	9859
24	4335	1	9859
24	4338	1	9859
24	433B	1	9859
24	433D	1	9859
24	433F	1	9859
24	4341	1	9859
24	4347	1	9860
24	434A	1	9860
24	434D	1	9860
24	4350	1	9860
24	4352	1	9860
24	4354	1	9860
24	4356	1	9860
24	435C	1	9861
24	435F	1	9861
24	4362	1	9861
24	4365	1	9861
24	4367	1	9861
24	4369	1	9861
24	436B	1	9861
24	4371	1	9862
24	4374	1	9862
24	4377	1	9862
24	437A	1	9862
24	437D	1	9862
24	437F	1	9862
24	4385	1	9862
24	4388	1	9863
24	438B	1	9863
24	438E	1	9863
24	4391	1	9863
24	4393	1	9863
24	4399	1	9863
24	439C	1	9864
24	439F	1	9864
24	43A2	1	9864
24	43A5	1	9864
24	43A7	1	9864
24	43AD	1	9864
24	43B0	1	9865
24	43B2	1	9865
24	43B4	1	9865
24	43B6	1	9865
24	43B9	1	9865
24	43BA	1	9865
24	43BC	1	9865
24	43BE	1	9865
24	43C1	1	9865
24	43C4	1	9865
24	43C7	1	9865
24	43C9	1	9865
24	43CF	1	9865
24	43D2	1	9866
24	43D4	1	9866
24	43D7	1	9867
24	43DA	1	9867
24	43DD	1	9892
24	43E0	1	9892
24	43E1	1	9892
24	43E2	1	9892
24	43E4	1	9892
24	43E7	1	9906
24	43EA	1	9906
24	43EC	1	9906
24	43EF	1	9906
24	43F2	1	9907
24	43F4	1	9907
24	43F6	1	9907
24	43F9	1	9912
24	43FC	1	9912
24	4402	1	9912
24	4405	1	9913
24	440B	1	9929
24	440C	1	9929
24	440E	1	9929
24	440F	1	9929
24	4411	1	9929
24	4413	1	9929
24	4415	1	9929
24	4417	1	9929
24	441A	1	9929
24	441C	1	9929
24	441F	1	9929
24	4420	1	9929
24	4422	1	9929
24	4424	1	9929
24	4425	1	9929
24	442B	1	9929
24	442D	1	9929
24	442F	1	9929
24	4430	1	9929
24	4432	1	9929
24	4434	1	9929
24	4436	1	9929
24	4438	1	9929
24	443B	1	9930
24	443E	1	9930
24	4444	1	9930
24	4445	1	9930
24	4448	1	9930
24	444A	1	9930
24	444B	1	9930
24	444D	1	9930
24	444F	1	9930
24	4451	1	9930
24	4452	1	9930
24	4453	10	9906
24	4454	10	9906
24	4457	10	9906
24	445A	10	9906
24	445B	10	9906
24	445C	10	9906
24	445D	10	9906
24	445F	10	9906
24	4461	10	9906
24	4463	10	9906
24	4464	10	9906
24	4466	10	9906
24	4468	10	9906
24	446B	10	9906
24	446D	10	9906
24	446F	10	9906
24	4472	10	9906
24	4473	10	9906
24	4476	10	9906
24	4479	10	9906
24	447B	10	9906
24	447D	10	9906
24	4483	10	9906
24	4486	10	9906
24	4489	10	9906
24	448B	10	9906
24	448D	10	9906
24	4493	10	9906
24	4496	10	9906
24	4499	10	9906
24	449B	10	9906
24	449D	10	9906
24	44A3	10	9906
24	44A6	10	9906
24	44A9	10	9906
24	44AB	10	9906
24	44AD	10	9906
24	44B3	10	9906
24	44B6	10	9906
24	44B9	10	9906
24	44BB	10	9906
24	44BD	10	9906
24	44C3	10	9906
24	44C6	10	9906
24	44C9	10	9906
24	44CB	10	9906
24	44CD	10	9906
24	44D3	10	9906
24	44D6	10	9906
24	44D7	10	9906
24	44D8	10	9906
24	44D9	10	9906
24	44DA	10	9906
24	44DB	10	9906
24	44DD	10	9906
24	44DF	5	9906
24	44E2	5	9906
24	44E5	5	9906
24	44E7	5	9906
24	44E9	5	9906
24	44EF	10	9906
24	44F2	10	9906
24	44F3	10	9906
24	44F4	10	9906
24	44F5	10	9906
24	44F6	10	9906
24	44F7	10	9906
24	44F9	10	9906
24	450B	10	9906
24	450E	10	9906
24	450F	10	9906
24	4510	10	9906
24	4511	10	9906
24	4512	10	9906
24	4513	10	9906
24	4515	10	9906
24	4527	10	9906
24	452A	10	9906
24	452B	10	9906
24	452C	10	9906
24	452D	10	9906
24	452E	10	9906
24	452F	10	9906
24	4531	10	9906
24	4533	1	18155
24	4536	1	18155
24	4539	1	18155
24	453B	1	18155
24	453D	1	18155
24	4543	10	9906
24	4546	10	9906
24	4547	10	9906
24	4548	10	9906
24	4549	10	9906
24	454A	10	9906
24	454B	10	9906
24	454D	10	9906
24	455F	10	9906
24	4562	10	9906
24	4563	10	9906
24	4564	10	9906
24	4565	10	9906
24	4566	10	9906
24	4567	10	9906
24	4569	10	9906
24	457B	10	9906
24	457D	10	9906
24	4580	10	9906
24	4582	10	9906
24	4585	10	9906
24	4587	10	9906
24	458A	10	9906
24	458C	10	9906
24	458F	10	9906
24	4591	10	9906
24	4594	10	9906
24	4596	10	9906
24	4599	10	9906
24	459B	10	9906
24	459E	10	9906
24	45A1	10	9906
24	45A4	10	9906
24	45A7	10	9906
24	45AA	10	9906
24	45AD	10	9906
24	45AE	10	9906
24	45AF	10	9906
24	45B1	10	9906
24	45B4	10	9906
24	45B5	10	9906
24	45B6	10	9906
24	45B7	10	9906
24	45B8	10	9906
24	45BA	10	9906
24	45BC	10	9906
24	45BE	10	9906
24	45BF	10	9906
24	45C1	10	9906
24	45C3	10	9906
24	45C6	10	9906
24	45C8	10	9906
24	45CA	10	9906
24	45CD	10	9906
24	45CE	10	9906
24	45CF	10	9906
24	45D0	10	9906
24	45D2	4	9906
24	45D5	4	9906
24	45D6	4	9906
24	45D7	4	9906
24	45D8	4	9906
24	45D9	4	9906
24	45DA	4	9906
24	45DC	4	9906
24	45DE	4	9906
24	45E1	4	9906
24	45E4	4	9906
24	45E6	4	9906
24	45E8	4	9906
24	45EE	4	9906
24	45F0	4	9906
24	45F3	4	9906
24	45F5	4	9906
24	45F8	4	9906
24	4618	6	16273
24	4619	6	16273
24	461A	6	16273
24	461C	1	17648
24	461F	1	17648
24	4620	1	17648
24	4621	1	17648
24	4622	1	17648
24	4623	1	17648
24	4624	1	17648
24	4626	1	17648
24	4645	1	17648
24	4648	1	17648
24	464B	1	17648
24	464D	1	17648
24	464F	1	17648
24	4655	1	17648
24	4657	1	17648
24	465A	1	17648
24	465C	1	17648
24	465F	1	17648
24	4662	5	16273
24	4663	5	16273
24	4664	5	16273
24	4666	1	17682
24	4669	1	17682
24	466A	1	17682
24	466B	1	17682
24	466C	1	17682
24	466D	1	17682
24	466E	1	17682
24	4670	1	17682
24	468F	1	17682
24	4692	1	17682
24	4695	1	17682
24	4697	1	17682
24	4699	1	17682
24	469F	1	17682
24	46A1	1	17682
24	46A4	1	17682
24	46A6	1	17682
24	46A9	1	17682
24	46AC	4	16273
24	46AD	4	16273
24	46AE	4	16273
24	46B0	2	17716
24	46B3	2	17716
24	46B4	2	17716
24	46B5	2	17716
24	46B6	2	17716
24	46B7	2	17716
24	46B8	2	17716
24	46BA	2	17716
24	46D9	2	17716
24	46DC	2	17716
24	46DF	2	17716
24	46E1	2	17716
24	46E3	2	17716
24	46E9	2	17716
24	46EB	2	17716
24	46EE	2	17716
24	46F0	2	17716
24	46F3	2	17716
24	46F6	2	16273
24	46F7	2	16273
24	46F8	2	16273
24	46FA	1	18155
24	46FD	1	18155
24	46FE	1	18155
24	46FF	1	18155
24	4700	1	18155
24	4701	1	18155
24	4702	1	18155
24	4704	1	18155
24	4723	1	18155
24	4726	1	18155
24	4729	1	18155
24	472B	1	18155
24	472D	1	18155
24	4733	1	18155
24	4735	1	18155
24	4738	1	18155
24	473A	1	18155
24	473D	1	18155
24	4740	1	16273
24	4741	1	16273
24	4742	1	16273
24	478A	10	9906
24	478B	10	9906
24	478C	10	9906
24	478E	10	9906
24	4791	10	9906
24	4792	10	9906
24	4793	10	9906
24	4794	9	10007
24	4795	9	10007
24	4796	9	10007
24	4798	9	10007
24	479A	9	10007
24	479D	9	10007
24	479F	9	10007
24	47A1	9	10007
24	47A4	9	10007
24	47A5	9	10007
24	47A6	9	10007
24	47A8	9	10007
24	47AA	9	10007
24	47AD	9	10007
24	47AE	9	10007
24	47AF	9	10007
24	47B0	9	10007
24	47B1	9	10007
24	47B2	9	10007
24	47B3	9	10007
24	47B5	9	10007
24	47B7	3	16406
24	47B9	3	16406
24	47BB	3	16406
24	47BC	3	16406
24	47BD	3	16406
24	47BF	3	16406
24	47C2	3	16406
24	47C3	3	16406
24	47C5	3	16406
24	47C7	3	16406
24	47C9	3	16406
24	47CC	3	16406
24	47CD	3	16406
24	47CF	3	16406
24	47D1	3	16406
24	47D3	3	16406
24	47D4	3	16406
24	47D5	3	16406
24	47D6	3	16406
24	47D7	3	16406
24	47D8	6	10007
24	47DA	6	10007
24	47DC	6	10007
24	47DD	6	10007
24	47DE	6	10007
24	47E0	6	10007
24	47E3	6	10007
24	47E4	6	10007
24	47E6	6	10007
24	47E8	6	10007
24	47EA	6	10007
24	47ED	6	10007
24	47EE	6	10007
24	47F0	6	10007
24	47F2	6	10007
24	47F4	6	10007
24	47F6	6	10007
24	47F7	6	10007
24	47F8	6	10007
24	47F9	6	10007
24	47FA	6	10007
24	47FB	22	9891
24	47FC	22	9891
24	47FD	22	9891
24	47FE	22	9891
24	4800	22	9891
24	4802	79967	9891
24	4804	79967	9891
24	4806	79967	9891
24	4808	22	9892
24	480A	22	9892
24	480B	22	9892
24	480D	16	9892
24	480F	22	9892
24	4812	22	9892
24	4813	22	9892
24	4814	22	9892
24	4817	22	9892
24	4818	22	9892
24	4819	22	9892
24	481B	22	9892
24	481C	22	9892
24	481E	13	9892
24	4820	22	9892
24	4823	22	9892
24	4824	22	9892
24	4825	22	9892
24	4828	22	9892
24	4829	22	9892
24	482A	22	9892
24	482C	22	9892
24	482D	22	9892
24	482F	16	9892
24	4831	22	9892
24	4834	22	9892
24	4835	22	9892
24	4836	22	9892
24	4839	22	9892
24	483A	22	9892
24	483B	22	9892
24	483C	22	9892
24	483D	22	9892
24	483E	8	9892
24	483F	8	9892
24	4841	8	9892
24	4843	8	9892
24	4846	8	9892
24	4848	8	9892
24	484A	8	9892
24	484D	8	9892
24	484E	8	9892
24	484F	8	9892
24	4850	8	9892
24	4851	8	9892
24	4852	8	9892
24	4854	8	9892
24	4856	8	9892
24	4859	8	9892
24	485A	8	9892
24	485B	8	9892
24	485C	8	9892
24	485D	8	9892
24	485E	8	9892
24	485F	8	9892
24	4860	8	9892
24	4863	8	9892
24	4864	8	9892
24	4865	8	9892
24	4866	17	9892
24	4867	17	9892
24	4869	9	17670
24	486B	9	17670
24	486D	8	9892
24	486F	8	9892
24	4870	8	9892
24	4872	8	9892
24	4874	8	9892
24	4877	8	9894
24	4878	8	9894
24	4879	8	9894
24	487A	8	9894
24	487C	8	9894
24	487E	8	9894
24	4881	8	9894
24	4882	8	9894
24	4883	8	9894
24	4884	8	9894
24	4885	8	9894
24	4886	8	9894
24	4887	8	9894
24	4888	8	9894
24	4889	8	9894
24	488C	8	9894
24	488D	8	9894
24	488E	8	9894
24	488F	21	9894
24	4890	21	9894
24	4892	13	17638
24	4894	13	17638
24	4896	8	9894
24	4898	8	9894
24	4899	8	9894
24	489B	8	9894
24	489D	8	9894
24	48A0	8	9897
24	48A1	8	9897
24	48A2	8	9897
24	48A3	8	9897
24	48A5	8	9897
24	48A7	8	9897
24	48AA	8	9897
24	48AD	8	9897
24	48B0	8	9900
24	48B3	8	9905
24	48B4	8	9905
24	48B5	8	9905
24	48B6	8	9905
24	48B8	8	9905
24	48BB	8	9905
24	48BC	8	9905
24	48BD	8	9905
24	48BE	8	9905
24	48C0	8	9905
24	48C2	8	9905
24	48C5	8	9906
24	48C6	8	9906
24	48C7	1	9867
24	48C8	1	9867
24	48C9	1	9867
24	48CB	1	9867
24	48CD	1	9867
24	48D0	1	9867
24	48D2	1	9867
24	48D4	1	9867
24	48D7	1	9867
24	48D8	1	9867
24	48D9	1	9867
24	48DB	6	9867
24	48DC	6	9867
24	48DD	6	9867
24	48DE	6	9867
24	48DF	6	9867
24	48E0	6	9867
24	48E2	6	9867
24	48E4	6	9867
24	48E7	6	9867
24	48E8	6	9867
24	48E9	6	9867
24	48EA	6	9867
24	48EB	6	9867
24	48EC	6	9867
24	48ED	6	9867
24	48EE	6	9867
24	48F1	6	9867
24	48F2	6	9867
24	48F3	6	9867
24	48F4	21	9867
24	48F5	21	9867
24	48F7	15	9869
24	48F9	15	9869
24	48FB	6	9867
24	48FD	6	9867
24	48FE	6	9867
24	4900	6	9867
24	4902	6	9867
24	4905	6	9869
24	4906	6	9869
24	4907	6	9869
24	4908	6	9869
24	4909	6	9869
24	490A	6	9869
24	490C	1	9881
24	490F	1	9881
24	4910	1	9881
24	4911	1	9881
24	4912	1	9881
24	4913	1	9881
24	4914	1	9881
24	4915	1	9881
24	4918	1	9881
24	491A	1	9881
24	491C	1	9881
24	491F	1	9884
24	4920	1	9884
24	4921	1	9884
24	4922	1	9884
24	4924	1	9884
24	4926	1	9884
24	4928	1	9884
24	492A	1	9884
24	492C	1	9884
24	492F	1	9884
24	4932	1	9884
24	4935	1	9886
24	4938	1	9891
24	4939	1	9891
24	493A	1	9891
24	493B	1	9891
24	493D	1	9891
24	4940	1	9891
24	4941	1	9891
24	4942	1	9891
24	4943	1	9891
24	4945	1	9891
24	4947	1	9891
24	494A	1	9892
24	494B	1	9892
24	494C	32	9867
24	494E	32	9867
24	4951	194	9867
24	4953	194	9867
24	4955	194	9867
24	4957	194	9867
24	4958	194	9867
24	495A	194	9867
24	495C	176	9867
24	495D	176	9867
24	4963	176	9867
24	4964	176	9867
24	4966	176	9867
24	4967	176	9867
24	4968	176	9867
24	4969	176	9867
24	496A	176	9867
24	496B	176	9867
24	496C	176	9867
24	496D	176	9867
24	496E	176	9867
24	496F	176	9867
24	4972	176	9867
24	4975	176	9867
24	497B	176	9867
24	497C	176	9867
24	497D	176	9867
24	497E	176	9867
24	497F	176	9867
24	4982	176	9867
24	4983	176	9867
24	4984	176	9867
24	4985	176	9867
24	4988	176	9867
24	498E	176	9867
24	498F	176	9867
24	4990	176	9867
24	4991	176	9867
24	4993	176	9867
24	4994	176	9867
24	4995	176	9867
24	4998	176	9867
24	4999	176	9867
24	499A	176	9867
24	499D	176	9867
24	499F	176	9867
24	49A1	162	9867
24	49A3	162	9867
24	49A5	162	9867
24	49CC	32	9869
24	49CD	32	9869
24	49CE	32	9869
24	49CF	32	9869
24	49D1	32	9869
24	49D4	32	9869
24	49DA	32	9869
24	49DB	32	9869
24	49DC	32	9869
24	49DD	320	9869
24	49E0	320	9869
24	49E2	320	9869
24	49E3	288	9869
24	49E4	288	9869
24	49E7	288	9869
24	49EA	288	9869
24	49EC	464	9867
24	49ED	464	9867
24	49EE	464	9867
24	49EF	464	9867
24	49F2	464	9867
24	49F8	464	9867
24	49F9	464	9867
24	49FA	464	9867
24	49FB	464	9867
24	49FD	464	9867
24	49FE	464	9867
24	49FF	464	9867
24	4A00	30	9886
24	4A02	30	9886
24	4A04	30	9886
24	4A06	30	9886
24	4A07	30	9886
24	4A09	30	9886
24	4A0C	30	9886
24	4A0F	30	9886
24	4A11	30	9886
24	4A14	30	9888
24	4A17	30	9888
24	4A19	30	9888
24	4A1B	30	9888
24	4A1D	30	9888
24	4A20	30	9888
24	4A23	30	9888
24	4A25	30	9888
24	4A28	30	9889
24	4A2B	30	9889
24	4A2D	30	9889
24	4A2F	30	9889
24	4A31	30	9889
24	4A34	30	9889
24	4A37	30	9889
24	4A39	30	9889
24	4A3C	30	9890
24	4A3F	30	9890
24	4A41	30	9890
24	4A43	30	9890
24	4A45	30	9890
24	4A48	30	9890
24	4A4B	30	9890
24	4A4D	30	9890
24	4A50	30	9891
24	4A53	30	9891
24	4A54	120	9886
24	4A55	120	9886
24	4A57	120	9886
24	4A58	120	9886
24	4A5A	120	9886
24	4A5B	120	9886
24	4A5D	120	9886
24	4A5E	120	9886
24	4A60	120	9886
24	4A63	256644	9886
24	4A64	256644	9886
24	4A66	256644	9886
24	4A68	120	9887
24	4A69	120	9887
24	4A6B	236995	9887
24	4A6C	236995	9887
24	4A6D	236995	9887
24	4A6F	120	9888
24	4A70	120	9888
24	4A72	120	9888
24	4A74	120	9888
24	4A75	120	9888
24	4A77	120	9888
24	4A78	120	9888
24	4A79	21	9907
24	4A7A	21	9907
24	4A7B	21	9907
24	4A7C	21	9907
24	4A7D	21	9907
24	4A7E	21	9907
24	4A7F	21	9907
24	4A81	21	9907
24	4A83	21	9907
24	4A86	21	9907
24	4A87	21	9907
24	4A88	21	9907
24	4A89	21	9907
24	4A8A	21	9907
24	4A8B	21	9907
24	4A8D	21	9907
24	4A8F	21	9907
24	4A91	21	9907
24	4A93	21	9907
24	4A96	21	9907
24	4A99	21	9907
24	4A9F	21	9907
24	4AA0	21	9907
24	4AA1	21	9907
24	4AA4	21	9907
24	4AA5	21	9907
24	4AA7	21	9907
24	4AA9	21	9907
24	4AAB	21	9907
24	4AAD	21	9907
24	4AB0	21	9907
24	4AB3	21	9907
24	4AB9	21	9907
24	4ABA	21	9907
24	4ABB	21	9907
24	4ABE	21	9907
24	4ABF	21	9907
24	4AC1	21	9907
24	4AC3	21	9907
24	4AC5	21	9907
24	4AC7	21	9907
24	4ACA	21	9907
24	4ACD	21	9907
24	4AD3	21	9907
24	4AD4	21	9907
24	4AD5	21	9907
24	4AD8	21	9907
24	4AD9	21	9907
24	4ADB	21	9907
24	4ADD	21	9907
24	4ADF	21	9907
24	4AE1	21	9907
24	4AE4	21	9907
24	4AE7	21	9907
24	4AED	21	9907
24	4AEE	21	9907
24	4AEF	21	9907
24	4AF2	21	9907
24	4AF3	21	9907
24	4AF5	21	9907
24	4AF7	21	9907
24	4AF9	21	9907
24	4AFB	21	9907
24	4AFE	21	9907
24	4B01	21	9907
24	4B07	21	9907
24	4B08	21	9907
24	4B0B	21	9912
24	4B0C	21	9912
24	4B0D	21	9912
24	4B0E	21	9912
24	4B0F	21	9912
24	4BCD	5	10008
24	4BD0	5	10013
24	4BD3	5	10013
24	4BD5	22773	10013
24	4BD6	22773	10013
24	4BDC	22773	10013
24	4BDF	22773	10013
24	4BE1	22773	10013
24	4BE4	22773	10013
24	4BE7	22773	10013
24	4BE9	22773	10013
24	4BFE	22773	10013
24	4C01	22773	10013
24	4C03	22773	10013
24	4C06	22773	10013
24	4C07	22773	10013
24	4C0A	22773	10013
24	4C0C	22773	10013
24	4C0E	22773	10013
24	4C11	22773	10013
24	4C13	22773	10013
24	4C15	22773	10013
24	4C18	22773	10013
24	4C19	22773	10013
24	4C1C	22773	10013
24	4C1D	22773	10013
24	4C1F	1801	35879
24	4C21	1801	35879
24	4C24	1801	35879
24	4C26	1801	35879
24	4C28	1	37695
24	4C2B	1	37695
24	4C2D	1	37695
24	4C38	1	37695
24	4C3B	1	37695
24	4C3D	1	37695
24	4C40	1	37695
24	4C41	1	37695
24	4C43	1	37695
24	4C45	1	37695
24	4C47	1	37695
24	4C48	1	37695
24	4C4A	1	37695
24	4C4C	22772	10013
24	4C4D	22773	10013
24	4C4E	22773	10013
24	4C4F	22773	10013
24	4C52	22772	10013
24	4D25	1	37695
24	4D26	1	37695
24	4D27	1	37695
24	4D2D	1	37695
24	4D30	1	37696
24	4D32	1	37696
24	4D35	1	37696
24	4D38	1	37696
24	4D39	22772	10013
24	4D3C	22772	10013
24	4D42	22772	10013
24	4D43	22772	10013
24	4D45	22772	10013
24	4D48	22772	10013
24	4D4A	22772	10013
24	4D4C	22772	10013
24	4D4E	7	10175
24	4D4F	7	10175
24	4D51	7	10175
24	4D53	3	10175
24	4D56	3	11116
24	4D5C	3	11117
24	4D5E	4	13390
24	4D60	4	13390
24	4D62	3	13390
24	4D65	3	14331
24	4D6B	6	11117
24	4D6C	6	11117
24	4D6F	3	11117
24	4D70	3	11117
24	4D73	1	16609
24	4D74	1	16609
24	4D75	1	16609
24	4D77	1	16609
24	4D78	1	16609
24	4D7A	1	16609
24	4D7C	1	16609
24	4D7F	1	16609
24	4D82	1	16609
24	4D83	1	16609
24	4D85	1	16609
24	4D86	1	16609
24	4D87	1	16609
24	4D8A	3	13122
24	4D8D	3	13122
24	4D8E	3	13122
24	4D94	3	13122
24	4D95	3	13122
24	4D96	3	13122
24	4D97	1	18330
24	4D9A	1	18330
24	4D9B	1	18330
24	4D9E	1	18330
24	4D9F	1	18330
24	4DA0	1	18330
24	4DA2	1	18330
24	4DA3	1	18330
24	4DA5	1	18330
24	4DA7	1	18330
24	4DAA	1	18330
24	4DAD	1	18330
24	4DAE	1	18330
24	4DB0	1	18330
24	4DB1	1	18330
24	4DB2	1	18330
24	4DB4	1	18330
24	4DBA	22765	10013
24	4DBC	22765	10013
24	4DBE	22765	10013
24	4DC0	1	17542
24	4DC1	1	17542
24	4DC2	1	17542
24	4DC4	1	17542
24	4DC5	1	17542
24	4DC7	1	17542
24	4DC9	1	17542
24	4DCC	1	17542
24	4DCF	1	17542
24	4DD0	1	17542
24	4DD2	1	17542
24	4DD3	1	17542
24	4DD4	1	17542
24	4DD7	1	17542
24	4DD8	1	17542
24	4DDE	1	17542
24	4DDF	1	17542
24	4DE0	1	17542
24	4DE1	22764	10013
24	4DE3	22764	10013
24	4DE5	22764	10013
24	4E12	22764	10013
24	4E14	22764	10013
24	4E16	22764	10013
24	4E18	6	10101
24	4E19	6	10101
24	4E1A	6	10101
24	4E1B	6	10101
24	4E1D	6	10101
24	4E1E	6	10101
24	4E20	6	10101
24	4E22	6	10101
24	4E25	6	10101
24	4E28	6	10101
24	4E29	6	10101
24	4E2B	6	10101
24	4E2C	6	10101
24	4E2D	6	10101
24	4E2E	6	10101
24	4E2F	6	10101
24	4E30	6	10101
24	4E32	6	10101
24	4E33	6	10101
24	4E37	6	10101
24	4E38	6	10101
24	4E3B	6	10102
24	4E3C	6	10102
24	4E3D	6	10102
24	4E3F	6	10102
24	4E42	6	10107
24	4E43	22764	10013
24	4E46	5	10008
24	4E47	5	10008
24	4E49	5	10008
24	4E4B	5	10008
24	4E4D	5	10008
24	4E50	5	10008
24	4E53	5	10008
24	4E55	5	10008
24	4E57	5	10008
24	4E5D	5	10008
24	4E5F	5	10008
24	4E62	5	10008
24	4E64	5	10008
24	4E67	5	10008
24	4E68	5	10008
24	4E69	5	10008
24	4E6A	5	10008
24	4E6C	5	10008
24	4E6F	5	10013
24	4E70	5	10013
24	4E71	4	13122
24	4E73	4	13122
24	4E75	4	13122
24	4E77	4	13122
24	4E78	4	13122
24	4E7A	4	13122
24	4E7D	4	13122
24	4E83	4	13122
24	4E84	4	13122
24	4E85	6	10101
24	4E86	6	10101
24	4E88	6	10101
24	4E8A	6	10101
24	4E8C	6	10101
24	4E8E	6	10101
24	4E8F	6	10101
24	4EAD	6	10101
24	4EAF	6	10101
24	4EB0	6	10101
24	4EB2	4	10101
24	4EB5	4	10101
24	4EB8	4	10101
24	4EBA	4	10101
24	4EBC	4	10101
24	4EC2	4	10101
24	4EC4	4	10101
24	4EC7	4	10101
24	4EC9	4	10101
24	4ECC	4	10101
24	4ECD	4	10101
24	4ECE	2	13316
24	4ED0	2	13316
24	4ED1	2	13316
24	4ED3	2	13316
24	4ED6	2	13316
24	4ED9	2	13316
24	4EDB	2	13316
24	4EDD	2	13316
24	4EE3	2	13316
24	4EE5	2	13316
24	4EE8	2	13316
24	4EEA	2	13316
24	4EED	2	13316
24	4EEE	2	13316
24	4EF1	6	10101
24	4EF2	6	10101
24	4EF4	6	10101
24	4EF5	6	10101
24	4EF8	6	10101
24	4EF9	6	10101
24	4EFF	6	10101
24	4F02	6	10102
24	4F03	6	10102
24	4F14	3	10175
24	4F16	3	10175
24	4F18	3	10175
24	4F1A	3	10175
24	4F1D	3	10175
24	4F1E	3	10175
24	4F20	3	10175
24	4F21	3	10175
24	4F22	3	10175
24	4F23	3	10175
24	4F25	3	10175
24	4F28	3	10180
24	4F29	3	10180
24	4F2A	3	10180
24	4F2C	3	10180
24	4F2E	3	10180
24	4F31	3	10180
24	4F33	3	10180
24	4F35	3	10180
24	4F38	3	10180
24	4F39	3	10180
24	4F3A	3	10180
24	4F3C	3	10180
24	4F3E	3	10180
24	4F41	3	10180
24	4F42	3	10180
24	4F43	3	10180
24	4F44	3	10180
24	4F45	3	10180
24	4F46	3	10180
24	4F47	3	10180
24	4F48	3	10180
24	4F49	3	10180
24	4F4B	3	10180
24	4F4E	2	10180
24	4F4F	2	10180
24	4F50	2	10180
24	4F52	2	10180
24	4F54	2	10180
24	4F56	2	10180
24	4F59	2	10180
24	4F5A	2	10180
24	4F5C	2	10180
24	4F5F	2	10180
24	4F62	2	10180
24	4F65	2	10180
24	4F68	2	10180
24	4F69	2	10180
24	4F6B	2	10180
24	4F6E	2	10180
24	4F6F	2	10180
24	4F72	2	10180
24	4F73	2	10180
24	4F75	2	10180
24	4F76	2	10180
24	4F78	2	10180
24	4F7A	2	10180
24	4F7C	2	10180
24	4F7D	2	10180
24	4F80	2	10180
24	4F81	2	10180
24	4F83	2	10180
24	4F85	2	10180
24	4F86	2	10180
24	4F87	2	10180
24	4F88	2	10180
24	4F8E	2	11115
24	4F8F	2	11115
24	4F91	2	11115
24	4F92	2	11115
24	4F94	2	11115
24	4F96	2	11115
24	4F98	2	11115
24	4F9A	2	11115
24	4F9D	2	11115
24	4F9E	2	11115
24	4FA0	2	11115
24	4FA2	2	11115
24	4FA3	2	11115
24	4FA4	2	11115
24	4FA5	2	11115
24	4FA6	2	11115
24	4FA9	2	11115
24	4FAC	2	11115
24	4FAF	2	11115
24	4FB0	2	11115
24	4FB3	2	11115
24	4FB4	2	11115
24	4FB5	2	11115
24	4FB6	2	11115
24	4FB7	2	11115
24	4FBA	2	11115
24	4FBD	2	11116
24	4FBE	2	11116
24	4FBF	2	11116
24	4FC1	1	11116
24	4FC2	1	11116
24	4FC4	1	11116
24	4FC6	1	11116
24	4FC8	1	11116
24	4FCB	1	11116
24	4FCE	1	11116
24	4FD0	1	11116
24	4FD2	1	11116
24	4FD8	1	11116
24	4FDA	1	11116
24	4FDC	1	11116
24	4FDE	1	11116
24	4FE0	1	11116
24	4FE3	1	11116
24	4FE5	1	11116
24	4FE8	1	11116
24	4FE9	1	11116
24	4FEA	1	11116
24	4FED	1	11116
24	4FEE	1	11116
24	4FEF	1	11116
24	4FF0	1	11116
24	4FF1	1	11116
24	4FF3	1	11116
24	4FF5	1	11116
24	4FF6	2	13058
24	4FF7	2	13058
24	4FF8	2	13058
24	4FFB	2	13058
24	4FFD	2	13058
24	4FFE	2	13058
24	5000	2	13058
24	5002	2	13058
24	5005	2	13058
24	5008	2	13058
24	5009	2	13058
24	500B	2	13058
24	500C	2	13058
24	500D	2	13058
24	500E	2	13058
24	500F	2	13058
24	5010	2	13058
24	5011	2	13058
24	5012	2	13058
24	5014	2	13058
24	5016	1	13058
24	5019	1	13058
24	501C	1	13058
24	501E	1	13058
24	5020	1	13058
24	5026	1	13058
24	5028	1	13058
24	502A	1	13058
24	502C	1	13058
24	502E	1	13058
24	5031	1	13058
24	5033	1	13058
24	5036	1	13058
24	5039	1	18011
24	503B	1	18011
24	5060	1	18011
24	5062	1	18011
24	5087	1	18011
24	5089	1	18011
24	508B	1	18011
24	508E	1	18011
24	5091	1	18011
24	5093	1	18011
24	5095	1	18011
24	509B	1	18011
24	509D	1	18011
24	509F	1	18011
24	50A1	1	18011
24	50A3	1	18011
24	50A6	1	18011
24	50A8	1	18011
24	50AB	1	18011
24	50FC	2	13058
24	50FD	2	13058
24	50FF	100	13058
24	5100	100	13058
24	5101	100	13058
24	5107	100	13058
24	510A	100	13058
24	510B	100	13058
24	510C	100	13058
24	510D	100	13058
24	510F	2	13107
24	5110	2	13107
24	5112	2	13107
24	5114	2	13107
24	5116	2	13107
24	5117	2	13107
24	5119	2	13107
24	511B	2	13107
24	511E	2	13107
24	5120	2	13107
24	5122	2	13107
24	5125	2	13107
24	5126	2	13107
24	5127	2	13107
24	512A	2	13107
24	512C	512	13107
24	512D	512	13107
24	512E	512	13107
24	512F	512	13107
24	5130	512	13107
24	5132	2	13107
24	5133	2	13107
24	5134	2	13107
24	5136	2	13107
24	5138	2	13107
24	513B	2	13107
24	513C	2	13107
24	513D	2	13107
24	513E	2	13107
24	513F	2	13107
24	5140	2	13107
24	5141	2	13107
24	5144	2	13107
24	5145	2	13107
24	5147	2	13107
24	514C	2	13107
24	514E	44	13107
24	514F	44	13107
24	5150	44	13107
24	5151	44	13107
24	5152	44	13107
24	5154	2	13107
24	5155	2	13107
24	5156	2	13107
24	5157	2	13107
24	5159	2	13107
24	515C	2	13107
24	515D	2	13107
24	515E	2	13107
24	5161	2	13121
24	5163	2	13121
24	5164	1	18330
24	5165	1	18330
24	5167	1	18330
24	5169	1	18330
24	516B	1	18330
24	516E	1	18330
24	516F	1	18330
24	5171	1	18330
24	5173	1	18330
24	5174	1	18330
24	5176	1	18330
24	5178	1	18330
24	517B	1	18330
24	517D	1	18330
24	517F	1	18330
24	5182	1	18330
24	5183	1	18330
24	5185	1	18330
24	5187	1	18330
24	5188	1	18330
24	518A	1	18330
24	518D	1	18330
24	518E	1	18330
24	518F	1	18330
24	5190	1	18330
24	5191	1	18330
24	5192	1	18330
24	5195	1	18330
24	5196	1	18330
24	5197	1	18330
24	5198	1	18330
24	5199	1	18330
24	519A	1	18330
24	519B	1	18330
24	519C	1	18330
24	519D	1	18330
24	519E	1	18330
24	51A0	1	18330
24	51A3	1	18330
24	51A4	1	18330
24	51A5	1	18330
24	51A7	1	18330
24	51CB	3	13390
24	51CC	3	13390
24	51CE	3	13390
24	51D0	3	13390
24	51D3	3	13390
24	51D5	3	13390
24	51D7	3	13390
24	51DA	3	13390
24	51DB	3	13390
24	51DC	3	13390
24	51DE	3	13390
24	51E0	3	13390
24	51E3	3	13390
24	51E4	3	13390
24	51E5	3	13390
24	51E6	3	13390
24	51E7	3	13390
24	51E8	3	13390
24	51E9	3	13390
24	51EA	3	13390
24	51EB	3	13390
24	51EC	3	13390
24	51EE	3	13390
24	51F1	3	13390
24	51F2	3	13390
24	51F4	3	13390
24	51F5	2	13390
24	51F6	2	13390
24	51F7	2	13390
24	51F9	2	13390
24	51FC	2	13395
24	51FD	2	13395
24	51FE	2	13395
24	51FF	2	13395
24	5201	2	13395
24	5203	2	13395
24	5205	2	13395
24	5208	2	13395
24	5209	2	13395
24	520B	2	13395
24	520E	2	13395
24	5211	2	13395
24	5214	2	13395
24	5217	2	13395
24	5218	2	13395
24	521A	2	13395
24	521D	2	13395
24	521E	2	13395
24	5221	2	13395
24	5222	2	13395
24	5224	2	13395
24	5225	2	13395
24	5227	2	13395
24	5229	2	13395
24	522B	2	13395
24	522C	2	13395
24	522F	2	13395
24	5230	2	13395
24	5232	2	13395
24	5234	2	13395
24	5235	2	13395
24	5236	2	13395
24	5237	2	13395
24	523D	2	14330
24	523E	2	14330
24	5240	2	14330
24	5241	2	14330
24	5243	2	14330
24	5245	2	14330
24	5247	2	14330
24	5249	2	14330
24	524C	2	14330
24	524D	2	14330
24	524F	2	14330
24	5251	2	14330
24	5252	2	14330
24	5253	2	14330
24	5254	2	14330
24	5255	2	14330
24	5258	2	14330
24	525B	2	14330
24	525E	2	14330
24	525F	2	14330
24	5262	2	14330
24	5263	2	14330
24	5264	2	14330
24	5265	2	14330
24	5266	2	14330
24	5269	2	14330
24	526C	2	14331
24	526D	2	14331
24	526E	2	14331
24	5270	1	14331
24	5271	1	14331
24	5273	1	14331
24	5275	1	14331
24	5277	1	14331
24	527A	1	14331
24	527D	1	14331
24	527F	1	14331
24	5281	1	14331
24	5287	1	14331
24	5289	1	14331
24	528B	1	14331
24	528D	1	14331
24	528F	1	14331
24	5292	1	14331
24	5294	1	14331
24	5297	1	14331
24	5298	1	14331
24	5299	1	14331
24	529C	1	14331
24	529D	1	14331
24	529E	1	14331
24	52A0	1	14331
24	52A2	1	14331
24	52A3	1	16273
24	52A4	1	16273
24	52A5	1	16273
24	52A7	1	16273
24	52A8	1	16273
24	52AA	1	16273
24	52AC	1	16273
24	52AF	1	16273
24	52B2	1	16273
24	52B3	1	16273
24	52B5	1	16273
24	52B8	1	16273
24	52B9	1	16273
24	52BA	1	16273
24	52BB	1	16273
24	52BC	1	16273
24	52BE	1	16273
24	52C0	1	16273
24	52C3	1	16273
24	52C6	1	16273
24	52C8	1	16273
24	52CA	1	16273
24	52D0	1	16273
24	52D2	1	16273
24	52D4	1	16273
24	52D6	1	16273
24	52D8	1	16273
24	52DB	1	16273
24	52DD	1	16273
24	52E0	1	16273
24	53A6	1	16273
24	53A7	1	16273
24	53A9	50	16273
24	53AA	50	16273
24	53AB	50	16273
24	53B1	50	16273
24	53B4	50	16273
24	53B5	50	16273
24	53B6	50	16273
24	53B7	50	16273
24	53B9	1	16323
24	53BA	1	16323
24	53BC	1	16323
24	53BE	1	16323
24	53C1	1	16323
24	53C3	1	16323
24	53C5	1	16323
24	53C8	1	16323
24	53C9	1	16323
24	53CA	1	16323
24	53CC	1	16323
24	53CE	1	16323
24	53D1	1	16323
24	53D2	1	16323
24	53D3	1	16323
24	53D4	1	16323
24	53D5	1	16323
24	53D6	1	16323
24	53D7	1	16323
24	53D8	1	16323
24	53D9	1	16323
24	53DA	1	16323
24	53DB	1	16323
24	53DC	1	16323
24	53DE	1	16323
24	53E0	1	16323
24	53E3	1	16323
24	53E4	1	16323
24	53E5	1	16323
24	53E6	1	16323
24	53E7	1	16323
24	53E8	1	16323
24	53E9	1	16323
24	53EA	1	16323
24	53EB	1	16323
24	53EC	1	16323
24	53ED	1	16323
24	53EE	1	16323
24	53EF	1	16323
24	53F1	1	16323
24	53F4	1	16323
24	53F5	1	16323
24	53F6	1	16323
24	53F9	1	16335
24	53FB	1	16335
24	53FD	5	10013
48	4000	3	1729
48	4001	3	1729
48	4002	3	1729
48	4003	3	1729
48	4005	3	1729
48	4007	15	1729
48	4009	15	1729
48	400B	12	1729
48	400D	12	1729
48	400F	12	1729
48	4010	12	1729
48	4012	3	1729
48	4013	15	1729
48	4014	15	1729
48	4015	15	1729
48	4016	15	1729
48	4017	15	1729
48	4019	30	1729
48	401B	30	1729
48	401C	30	1729
48	401E	15	1729
48	401F	15	1729
48	4020	15	1729
48	4022	2	1729
48	4023	2	1729
48	4024	2	1729
48	4026	2	1729
48	4027	2	1729
48	4028	2	1729
48	4029	2	1729
48	402B	4	1729
48	402D	4	1729
48	402E	4	1729
48	4030	2	1729
48	4031	2	1729
48	4032	2	1729
48	4033	15	1729
48	4034	15	1729
48	4035	15	1729
48	4037	15	1729
48	4039	3	1729
48	403A	3	1729
48	403B	3	1729
48	403C	3	1729
48	403D	3	1729
48	403E	119	9736
48	4040	119	9736
48	4041	119	9736
48	4043	119	9736
48	4044	119	9736
48	4046	119	9736
48	4047	119	9736
48	4049	119	9736
48	404A	119	9736
48	404C	771	9736
48	404E	771	9736
48	4051	771	9736
48	4052	771	9736
48	4054	652	9736
48	4055	652	9736
48	4057	652	9736
48	405A	652	9736
48	405B	652	9736
48	405D	652	9736
48	405E	652	9736
48	405F	652	9736
48	4061	652	9736
48	4062	652	9736
48	4064	652	9736
48	4065	652	9736
48	4066	652	9736
48	4067	652	9736
48	4069	652	9736
48	406A	652	9736
48	406C	652	9736
48	406D	652	9736
48	406E	652	9736
48	406F	652	9736
48	4075	652	9736
48	4077	652	9736
48	4078	652	9736
48	407A	652	9736
48	407C	652	9736
48	407D	652	9736
48	407F	652	9736
48	4081	56	9736
48	4083	56	9736
48	4084	56	9736
48	4086	652	9736
48	4088	652	9736
48	408A	652	9736
48	408B	652	9736
48	408D	652	9736
48	408F	14	9736
48	4091	14	9736
48	4092	14	9736
48	4094	652	9736
48	4096	652	9736
48	4097	652	9736
48	4099	652	9736
48	409A	652	9736
48	409C	119	9737
48	409E	119	9737
48	409F	119	9737
48	40A1	119	9737
48	40A2	119	9737
48	40A4	119	9737
48	40A5	119	9737
48	40A7	119	9737
48	40A8	119	9737
48	40A9	2	2793
48	40AC	2	2793
48	40AE	2	2793
48	40B1	2	2793
48	40B2	2	2793
48	40B5	2	2793
48	40B6	2	2793
48	40B9	2	2793
48	40BA	2	2793
48	40BD	2	2793
48	40BE	2	2793
48	40C1	2	2793
48	40C4	6	2793
48	40C5	6	2793
48	40C7	6	2793
48	40C8	6	2793
48	40CA	6	2793
48	40CB	6	2793
48	40CC	6	2793
48	40CE	6	2793
48	40CF	6	2793
48	40D0	6	2793
48	40D1	6	2793
48	40D2	6	2793
48	40D3	76	2793
48	40D6	76	2793
48	40D9	76	2793
48	40DA	76	2793
48	40DC	74	2793
48	40DE	74	2793
48	40E0	71	2793
48	40E1	71	2793
48	40E4	71	2793
48	40E7	71	2793
48	40E8	71	2793
48	40EA	71	2793
48	40EB	71	2793
48	40EC	71	2793
48	40ED	71	2793
48	40F0	71	2793
48	40F1	71	2793
48	40F3	71	2793
48	40F4	71	2793
48	40F7	71	2793
48	40F9	71	2793
48	40FA	71	2793
48	40FB	71	2793
48	40FC	71	2793
48	40FE	71	2793
48	40FF	71	2793
48	4100	71	2793
48	4102	71	2793
48	4103	71	2793
48	4104	71	2793
48	4105	71	2793
48	4106	71	2793
48	4107	71	2793
48	4108	71	2793
48	4109	71	2793
48	410A	71	2793
48	410B	71	2793
48	410E	71	2793
48	410F	71	2793
48	4111	71	2793
48	4112	71	2793
48	4113	71	2793
48	4114	71	2793
48	411A	71	2793
48	411C	71	2793
48	411D	71	2793
48	411E	71	2793
48	4120	71	2793
48	4121	71	2793
48	4122	71	2793
48	4123	71	2793
48	4125	71	2793
48	4126	71	2793
48	4129	71	2793
48	412A	71	2793
48	412D	71	2793
48	412E	71	2793
48	412F	71	2793
48	4132	71	2793
48	4134	1	2793
48	4137	1	2793
48	413A	1	2793
48	413B	1	2793
48	413E	1	2793
48	413F	1	2793
48	4141	3	2793
48	4142	3	2793
48	4145	3	2793
48	4146	3	2793
48	4149	3	2793
48	414A	3	2793
48	414B	3	2793
48	414C	3	2793
48	414F	3	2793
48	4152	3	2793
48	4153	3	2793
48	4154	3	2793
48	4155	3	2793
48	4156	3	2793
48	4159	2	2794
48	415A	6	1140
48	415C	6	1140
48	415D	6	1140
48	415F	6	1140
48	4160	6	1140
48	4162	6	1140
48	4163	6	1140
48	4165	6	1140
48	4167	6	1140
48	4168	6	1140
48	416A	6	1140
48	416C	6	1140
48	416D	6	1140
48	416F	6	1140
48	4171	6	1140
48	4172	6	1140
48	4174	6	1140
48	4176	6	1140
48	4177	6	1140
48	4178	6	1140
48	417A	6	1140
48	417C	6	1140
48	417D	6	1140
48	417F	6	1140
48	4180	6	1140
48	4181	6	1140
48	4183	6	1140
48	4184	6	1140
48	4185	6	1140
48	4186	6	1140
48	4188	6	1140
48	418B	6	1140
48	418C	6	1140
48	418D	6	1140
48	418E	6	1140
48	418F	6	1140
48	4191	6	1140
48	4193	6	1140
48	4194	6	1140
48	4196	6	1140
48	4197	6	1140
48	4198	6	1140
48	419A	6	1140
48	419B	6	1140
48	419C	6	1140
48	419D	6	1140
48	419E	6	1140
48	419F	122	1140
48	41A1	122	1140
48	41A4	122	1140
48	41A5	122	1140
48	41A8	116	1140
48	41AA	116	1140
48	41AC	116	1140
48	41AD	116	1140
48	41AF	116	1140
48	41B2	116	1140
48	41B3	116	1140
48	41B5	116	1140
48	41B6	116	1140
48	41B7	116	1140
48	41B8	116	1140
48	41BA	116	1140
48	41BB	116	1140
48	41BD	116	1140
48	41BE	116	1140
48	41C0	116	1140
48	41C1	116	1140
48	41C2	116	1140
48	41C4	116	1140
48	41C5	116	1140
48	41C6	116	1140
48	41C7	116	1140
48	41C9	116	1140
48	41CA	116	1140
48	41CC	116	1140
48	41CD	116	1140
48	41CE	116	1140
48	41CF	116	1140
48	41D5	116	1140
48	41D7	116	1140
48	41D8	116	1140
48	41D9	116	1140
48	41DB	116	1140
48	41DC	116	1140
48	41DD	116	1140
48	41DE	116	1140
48	41E0	116	1140
48	41E1	116	1140
48	41E3	116	1140
48	41E4	116	1140
48	41E6	116	1140
48	41E7	116	1140
48	41E8	116	1140
48	41EA	116	1140
48	4222	6	1140
48	4223	1501	1142
48	4226	1501	1142
48	4227	1501	1142
48	4229	441	1142
48	422A	441	1142
48	422D	441	1142
48	422E	1060	1322
48	4231	1060	1322
48	4232	1060	1322
48	4233	529	1323
48	4235	529	1323
48	4238	529	1323
48	423A	529	1323
48	423C	264	1325
48	423F	264	1325
48	4240	264	1325
48	424F	529	1323
48	4252	529	1323
48	4253	529	1323
48	4256	529	1323
48	4257	529	1323
48	4259	529	1323
48	425A	66	1331
48	425D	66	1331
48	425F	66	1331
48	4261	66	1331
48	4263	66	1331
48	4264	66	1331
48	4266	66	1331
48	4268	66	1331
48	4269	66	1331
48	426A	66	1331
48	426C	66	1331
48	426D	66	1331
48	4270	66	1331
48	4271	66	1331
48	4273	66	1331
48	4274	66	1331
48	4276	66	1331
48	4278	66	1331
48	4279	66	1331
48	427A	66	1331
48	427C	66	1331
48	427D	66	1331
48	427F	66	1331
48	4281	66	1331
48	4282	66	1331
48	4284	66	1331
48	4286	66	1331
48	4288	66	1331
48	428A	66	1331
48	428B	66	1331
48	428C	66	1331
48	428E	66	1331
48	4290	66	1331
48	4292	66	1331
48	4298	66	1332
48	429B	66	1332
48	429C	66	1332
48	429D	66	1332
48	429E	66	1332
48	42A0	66	1332
48	42A1	66	1332
48	42A2	66	1332
48	42A4	66	1332
48	42A5	66	1332
48	42A7	66	1332
48	42A9	66	1332
48	42AB	66	1332
48	42B1	66	1333
48	42B3	66	1333
48	42B4	66	1333
48	42B6	66	1333
48	42B8	66	1333
48	42BA	66	1333
48	42BD	66	1333
48	42BE	66	1333
48	42C0	66	1333
48	42C3	66	1333
48	42C6	66	1333
48	42C7	66	1333
48	42CA	66	1333
48	42CD	66	1333
48	42CE	66	1333
48	42CF	2	1726
48	42D0	2	1726
48	42D3	2	1726
48	42D4	3	1138
48	42D5	3	1138
48	42D8	3	1138
48	42DB	3	1138
48	42DD	3	1138
48	42DF	3	1138
48	42E0	3	1138
48	42E2	3	1138
48	42E4	3	1138
48	42E6	3	1138
48	42E8	3	1138
48	42E9	3	1138
48	42EA	3	1138
48	42EB	3	1138
48	42EC	3	1138
48	42ED	3	1138
48	42EE	3	1138
48	42F0	3	1138
48	42F1	3	1138
48	42F2	3	1138
48	42F5	3	1138
48	42F8	3	1138
48	42F9	3	1138
48	42FA	3	1138
48	42FD	3	1138
48	4300	3	1138
48	4301	3	1138
48	4302	3	1138
48	4303	3	1138
48	4305	3	1138
48	4308	3	1138
48	4309	18	1138
48	430A	18	1138
48	430D	18	1138
48	430E	18	1138
48	4310	15	1138
48	4311	15	1138
48	4314	15	1138
48	4315	15	1138
48	4317	15	1138
48	4318	15	1138
48	431A	3	1138
48	431B	3	1138
48	431D	3	1138
48	431F	3	1138
48	4320	3	1138
48	4322	3	1138
48	4323	3	1138
48	4326	3	1138
48	4328	3	1138
48	432B	3	1138
48	432C	3	1138
48	432D	3	1138
48	4330	3	1138
48	4333	3	1138
48	4334	3	1138
48	4335	3	1138
48	4338	3	1138
48	433B	3	1138
48	433C	3	1138
48	433D	3	1138
48	433F	3	1138
48	4342	3	1138
48	4343	104	1138
48	4344	104	1138
48	4347	104	1138
48	4348	104	1138
48	434A	101	1138
48	434B	101	1138
48	434E	101	1138
48	434F	101	1138
48	4351	101	1138
48	4352	101	1138
48	4354	3	1138
48	4355	3	1138
48	4357	3	1138
48	435A	3	1138
48	435C	3	1138
48	435E	3	1138
48	4360	3	1138
48	4363	3	1138
48	4365	3	1138
48	4368	3	1138
48	436A	3	1138
48	436D	3	1138
48	4370	3	1138
48	4372	3	1138
48	4373	3	1138
48	4375	3	1138
48	4376	3	1138
48	4377	3	1138
48	437A	3	1140
48	437B	3	1140
48	437E	3	1140
48	4381	3	1140
48	4383	3	1140
48	4385	3	1140
48	4387	3	1140
48	4388	3	1140
48	4389	3	1140
48	438C	3	1140
48	438D	3	1140
48	4390	3	1140
48	4391	3	1140
48	4393	3	1140
48	4396	3	1140
48	4398	3	1140
48	439A	3	1140
48	439B	3	1140
48	439D	3	1140
48	439E	3	1140
48	43A0	3	1140
48	43A3	3	1140
48	43A9	3	1140
48	43AB	3	1140
48	43AE	3	1140
48	43AF	3	1140
48	43B2	3	1140
48	43B3	3	1140
48	43B5	3	1140
48	43B8	3	1140
48	43BA	3	1140
48	43BC	3	1140
48	43BD	3	1140
48	43BF	3	1140
48	43C0	3	1140
48	43C2	3	1140
48	43C5	3	1140
48	43CB	3	1140
48	43CD	3	1140
48	43CF	3	1140
48	43D2	3	1140
48	43D3	3	1140
48	43D6	3	1140
48	43D9	3	1140
48	43DC	3	1140
48	43DF	3	1140
48	43E1	3	1140
48	43E3	3	1140
48	43E5	3	1140
48	43EB	3	1141
48	43EE	3	1141
48	43F1	3	1141
48	43F4	3	1141
48	43F6	3	1141
48	43F8	3	1141
48	43FA	3	1141
48	4400	3	1142
48	4402	3	1142
48	4403	3	1142
48	4405	3	1142
48	4407	3	1142
48	4409	3	1142
48	440A	3	1140
48	440B	3	1140
48	440D	3	1140
48	440F	3	1140
48	4411	3	1140
48	4413	3	1140
48	4416	3	1140
48	4419	3	1140
48	441C	3	1140
48	441F	3	1140
48	4422	3	1140
48	4425	3	1140
48	4428	3	1140
48	442B	3	1140
48	442E	3	1140
48	4431	3	1140
48	4434	3	1140
48	4437	3	1140
48	4439	3	1140
48	443C	3	1140
48	443E	3	1140
48	4441	3	1140
48	4443	3	1140
48	4446	3	1140
48	4448	3	1140
48	444B	3	1140
48	444D	3	1140
48	4450	3	1140
48	4452	3	1140
48	4455	3	1140
48	4457	3	1140
48	4459	3	1140
48	445B	3	1140
48	445C	3	1140
48	445E	3	1140
48	445F	3	1140
48	4460	6	1138
48	4462	6	1138
48	4464	6	1138
48	4465	6	1138
48	4467	6	1138
48	4469	6	1138
48	446B	6	1138
48	446D	6	1138
48	446E	6	1138
48	4471	6	1138
48	4474	6	1138
48	4477	6	1138
48	447A	6	1138
48	447D	6	1138
48	4480	6	1138
48	4482	6	1138
48	4484	6	1138
48	4486	6	1138
48	448C	6	1139
48	448F	6	1139
48	4492	6	1139
48	4495	6	1139
48	4497	6	1139
48	4499	6	1139
48	449B	6	1139
48	44A1	6	1140
48	44A3	6	1140
48	44A5	6	1140
48	44A7	3	1731
48	44A8	3	1731
48	44AA	3	1731
48	44AC	3	1731
48	44AE	3	1731
48	44B1	3	1731
48	44B4	3	1731
48	44B5	3	1731
48	44B8	3	1731
48	44B9	3	1731
48	44BC	3	1731
48	44BD	3	1731
48	44C0	3	1731
48	44C3	3	1731
48	44C4	3	1731
48	44C7	3	1731
48	44C8	3	1731
48	44CB	3	1731
48	44CC	3	1731
48	44CE	3	1731
48	44D0	3	1731
48	44D2	3	1731
48	44D3	3	1731
48	44D5	3	1731
48	44D6	6	1140
48	44D8	6	1140
48	44D9	6	1140
48	44DB	6	1140
48	44DD	6	1140
48	44DF	6	1140
48	4616	9	1112
48	4619	9	1112
48	461A	9	1112
48	461C	9	1112
48	461D	9	1112
48	461F	9	1112
48	4621	5	3003
48	4623	5	3003
48	462A	4	1112
48	462C	4	1112
48	462E	4	1112
48	462F	4	1112
48	4631	4	1112
48	4634	4	1112
48	4636	4	1112
48	4639	4	1112
48	463B	4	1112
48	463D	4	1112
48	4640	4	1112
48	4641	4	1112
48	4642	4	1112
48	4643	4	1112
48	4645	4	1112
48	4648	4	1112
48	464A	4	1112
48	464B	4	1112
48	464D	4	1112
48	4650	4	1112
48	4652	4	1112
48	4653	4	1112
48	4654	4	1112
48	4655	4	1112
48	4658	4	1112
48	4659	4	1112
48	465A	4	1112
48	465B	4	1112
48	465C	5	3003
48	465D	5	3003
48	465E	5	3003
48	4679	6	1120
48	467C	6	1120
48	467E	6	1120
48	4681	6	1120
48	4684	6	1120
48	4686	6	1120
48	4688	6	1120
48	4689	6	1120
48	468B	6	1120
48	468E	6	1120
48	4691	6	1120
48	4693	6	1120
48	4695	6	1120
48	4696	6	1120
48	4697	6	1120
48	469A	6	1120
48	469B	22	1120
48	469C	416	1120
48	469D	416	1120
48	469E	416	1120
48	469F	416	1120
48	46A1	22	1120
48	46A2	22	1120
48	46A4	22	1120
48	46A5	22	1120
48	46A6	22	1120
48	46A7	22	1120
48	46A8	22	1120
48	46AA	22	1120
48	46AB	22	1120
48	46AC	22	1120
48	46AD	22	1120
48	46AF	6	1120
48	46B0	6	1120
48	46B3	6	1120
48	46B4	6	1120
48	46B5	6	1120
48	46B6	6	1120
48	46BC	6	1120
48	46BE	6	1120
48	46BF	6	1120
48	46C1	6	1120
48	46C3	6	1120
48	46C5	6	1120
48	46C6	2	1802
48	46C8	2	1802
48	46CA	2	1802
48	46CB	2	1802
48	46CD	2	1802
48	46CF	2	1802
48	46D1	2	1802
48	46D3	2	1802
48	46D5	2	1802
48	46D8	2	1802
48	46DB	2	1802
48	46DE	2	1802
48	46E1	2	1802
48	46E4	2	1802
48	46E6	2	1802
48	46E9	2	1802
48	46EC	2	1802
48	46EE	2	1802
48	46F4	2	1802
48	46FA	48	1803
48	46FD	48	1804
48	4700	48	1804
48	4706	48	1804
48	4707	48	1804
48	470A	48	1804
48	470D	48	1804
48	4710	48	1804
48	4711	48	1804
48	4713	12	1807
48	4715	12	1807
48	471B	12	1808
48	471C	12	1808
48	471E	2	1831
48	4720	2	1831
48	4721	2	1831
48	4723	2	1831
48	4725	2	1831
48	4727	2	1831
48	4748	839	1140
48	474A	839	1140
48	474B	839	1140
48	474E	839	1140
48	474F	839	1140
48	4752	839	1140
48	4753	839	1140
48	4756	839	1140
48	4757	839	1140
48	475A	839	1140
48	475B	839	1140
48	475E	839	1140
48	475F	839	1140
48	4760	839	1140
48	4763	839	1140
48	4764	839	1140
48	4767	839	1140
48	4768	839	1140
48	476B	839	1140
48	476C	839	1140
48	476F	839	1140
48	4770	839	1140
48	4773	839	1140
48	4774	839	1140
48	4777	9713	1140
48	4778	9713	1140
48	4779	9713	1140
48	477A	9713	1140
48	477B	9713	1140
48	477C	9713	1140
48	477F	9713	1140
48	4780	9713	1140
48	4781	9713	1140
48	4783	2664	1140
48	4785	2664	1140
48	4786	2664	1140
48	4787	2664	1140
48	4788	2664	1140
48	478A	7049	1140
48	478B	7049	1140
48	478C	7049	1140
48	478E	6210	1140
48	478F	6210	1140
48	4790	6210	1140
48	4791	6210	1140
48	4793	839	1140
48	4794	839	1140
48	4795	839	1140
48	4796	839	1140
48	4798	839	1140
48	479A	839	1140
48	479C	839	1140
48	479E	839	1140
48	47A0	839	1140
48	47A2	839	1140
48	47A4	839	1140
48	47A6	839	1140
48	47A8	839	1140
48	47A9	839	1140
48	47AA	839	1140
48	47AB	839	1140
48	47AC	839	1140
48	47AD	839	1140
48	47AE	839	1140
48	47B0	839	1140
48	47B2	839	1140
48	47B3	839	1140
48	47B5	839	1140
48	47B7	839	1140
48	47B9	839	1140
48	47BA	839	1140
48	47BC	839	1140
48	47BE	839	1140
48	47C0	839	1140
48	47C3	839	1140
48	47C4	839	1140
48	47C5	839	1140
48	47C8	839	1140
48	47C9	839	1140
48	47CC	839	1140
48	47CD	839	1140
48	47D0	839	1140
48	47D1	839	1140
48	47D4	839	1140
48	47D6	6712	1140
48	47D7	6712	1140
48	47D8	6712	1140
48	47D9	6712	1140
48	47DA	6712	1140
48	47DB	6712	1140
48	47DD	839	1140
48	47E0	839	1140
48	47E1	839	1140
48	47E4	839	1140
48	47E5	839	1140
48	47E8	839	1140
48	47E9	839	1140
48	47EC	839	1140
48	47EE	6712	1140
48	47EF	6712	1140
48	47F0	6712	1140
48	47F1	6712	1140
48	47F2	6712	1140
48	47F3	6712	1140
48	47F5	839	1140
48	47F6	839	1140
48	47F8	839	1140
48	47FB	839	1140
48	47FD	839	1140
48	47FE	839	1140
48	4800	839	1140
48	4803	839	1140
48	4805	839	1140
48	4807	839	1140
48	4808	839	1140
48	480A	839	1140
48	480C	839	1140
48	480E	839	1140
48	4899	1	326
48	489C	1	326
48	489E	1	326
48	48A1	1	326
48	48A4	1	326
48	48A5	1	326
48	48A7	1	326
48	48AA	1	326
48	48AD	1	326
48	48AE	1	326
48	48AF	1	326
48	48B0	1	326
48	48B1	1	326
48	48B2	1	326
48	48B3	1	326
48	48B4	1	326
48	48B5	1	326
48	48B6	1	326
48	48B7	1	326
48	48BB	5	1112
48	48E1	5	326
48	48E2	5	326
48	48E5	5	326
48	48E8	5	326
48	48EA	5	326
48	48EC	5	326
48	48EE	80	326
48	48EF	80	326
48	48F2	80	326
48	48F3	80	326
48	48F4	80	326
48	48F5	80	326
48	48FE	80	326
48	48FF	80	326
48	4901	5	326
48	4904	5	326
48	4906	5	326
48	4908	280	326
48	4909	280	326
48	490C	280	326
48	490D	280	326
48	490E	280	326
48	490F	280	326
48	4911	5	326
48	4914	5	326
48	4915	5	326
48	4918	280	326
48	4919	280	326
48	491B	5	326
48	491E	5	326
48	491F	5	326
48	495C	4	1112
48	495F	4	1112
48	4961	4	1112
48	4963	4	1112
48	4964	4	1112
48	4966	4	1112
48	4968	4	1112
48	496A	4	1112
48	496D	4	1112
48	496F	4	1112
48	4971	4	1112
48	4974	4	1112
48	4977	4	1112
48	4978	4	1112
48	4979	4	1112
48	497A	4	1112
48	497B	4	1112
48	497C	4	1112
48	497E	4	1112
48	4981	4	1112
48	4983	4	1112
48	4984	4	1112
48	4986	4	1112
48	4989	4	1112
48	498B	4	1112
48	498C	1	1834
48	4992	1	1834
48	4994	1	1834
48	4996	1	1834
48	4999	1	1834
48	499C	1	1834
48	499E	1	1834
48	499F	1	1834
48	49A1	1	1834
48	49A3	1	1834
48	49A5	1	1834
48	49A7	1	1834
48	49C3	1	1834
48	49C5	1	1834
48	49C8	1	1834
48	49CB	1	1834
48	49CC	1	1834
48	49CD	1	1834
48	49CF	1	1834
48	49D2	1	1834
48	49D8	1	1834
48	49DA	1	1834
48	4A4E	1	1112
48	4A54	1	1112
48	4A56	1	1112
48	4A58	1	1112
48	4A5B	1	1112
48	4A5E	1	1112
48	4A60	1	1112
48	4A61	1	1112
48	4A63	1	1112
48	4A65	1	1112
48	4A74	1	1112
48	4A76	1	1112
48	4A79	1	1112
48	4A7C	1	1112
48	4A7D	1	1112
48	4A7E	1	1112
48	4A80	1	1112
48	4A83	1	1112
48	4A89	1	1112
48	4A8B	1	1112
48	4AAB	1	22
48	4AAD	1	22
48	4AAF	1	22
48	4AB0	1	22
48	4AB2	1	22
48	4AB4	1	22
48	4AB6	1	22
48	4AB9	1	22
48	4ABB	1	22
48	4ABD	1	22
48	4AC0	1	22
48	4AC3	1	22
48	4AC5	1	22
48	4AC6	32	22
48	4AC7	32	22
48	4AC8	32	22
48	4ACA	1	22
48	4ACB	1	22
48	4ACD	1	22
48	4AD0	1	22
48	4AD2	1	22
48	4AD3	1	22
48	4AD5	1	22
48	4AD8	1	22
48	4ADA	1	22
4C	4000	1	2773
4C	4003	1	2773
4C	4009	1	2773
4C	400B	1	2773
4C	400D	1	2773
4C	4291	1	2773
4C	4294	1	2773
4C	4297	1	2773
4C	429A	1	2773
4C	429C	1	2773
4C	429E	1	2773
4C	42A0	1	2773
4C	42A3	1	2773
4C	42A6	1	2773
4C	42A7	1	2773
4C	42B5	1	2773
4C	42B8	1	2773
4C	42BA	1	2773
4C	42E1	1	2773
4C	42E7	1	2789
4C	42ED	1	2789
4C	42F0	1	2789
4C	42F7	1	2789
4C	42F9	1	2789
4C	42FC	1	2789
4C	4302	1	3003
4C	4303	1	3003
4C	4304	1	3003
4C	4307	1	3003
4C	4330	1	3003
4C	4332	1	3003
4C	4338	1	3003
4C	433A	1	3003
4C	4340	1	3033
4C	4341	1	3033
4C	4344	1	3033
4C	4347	1	3033
4C	4348	1	3033
4C	4349	1	3033
4C	434C	1	3033
4C	434D	1	3033
4C	434E	1	3033
4C	434F	1	3033
4C	4350	1	3033
4C	4352	1	3033
4C	4355	1	3033
4C	4356	1	3033
4C	4359	1	3033
4C	435F	267	3033
4C	4365	267	3033
4C	4366	267	3033
4C	4368	266	3033
4C	436A	266	3033
4C	436D	266	3033
4C	436F	266	3033
4C	4375	266	3034
4C	4377	266	3034
4C	437A	266	3034
4C	437D	1	3299
4C	437F	1	3299
4C	4381	1	3299
4C	4384	1	3299
4C	4386	1	3299
4C	4388	1	3299
4C	438B	1	3299
4C	438E	1	3299
4C	438F	1	3299
4C	4390	1	3299
4C	439B	1	3299
4C	439E	1	3299
4C	43A4	29	3299
4C	43AA	29	3299
4C	43AB	29	3299
4C	43AD	28	3299
4C	43AF	28	3299
4C	43B2	28	3299
4C	43B4	28	3299
4C	43BA	28	3300
4C	43BC	28	3300
4C	43BF	28	3300
4C	43C2	1	3327
4C	43C4	1	3327
4C	43C7	1	3327
4C	43CA	1	3327
4C	43CD	1	3327
4C	43D0	1	3327
4C	43D2	1	3327
4C	43D4	1	3327
4C	43D6	1	3327
4C	43D9	1	3327
4C	43DC	1	3327
4C	43DF	1	3327
4C	43E2	1	3327
4C	43E5	1	3327
4C	43E8	1	3327
4C	43EB	1	3327
4C	43EE	1	3327
4C	43F1	1	3327
4C	43F4	1	3327
4C	43F5	1	3327
4C	43F8	1	3327
4C	43F9	1	3327
4C	4467	1	3327
4C	446A	1	3327
4C	446C	1	3327
4C	446E	1	3327
4C	4471	1	3327
4C	4474	1	3327
4C	4477	1	3327
4C	4479	1	3327
4C	447C	1	3327
4C	447D	1	3327
4C	4480	1	3328
4C	4483	1	3328
4C	4486	1	3328
4C	4488	1	3328
4C	448B	1	3328
4C	448E	1	3328
4C	448F	1	3328
4C	4490	1	3328
4C	4491	1	3328
4C	4492	1	3328
4C	4495	1	3328
4C	4498	1	3328
4C	4499	1	3328
4C	449C	1	3328
4C	449D	1	3328
4C	44A0	1	3328
4C	44A3	1	3328
4C	44A5	1	3328
4C	44A8	1	3328
4C	44AA	1	3328
4C	44AD	1	3328
4C	44B3	1	3328
4C	44B5	1	3328
4C	44B7	1	3328
4C	44BA	50	3328
4C	44C0	50	3328
4C	44C1	50	3328
4C	44C3	49	3328
4C	44C5	49	3328
4C	44C8	49	3328
4C	44CA	49	3328
4C	44D0	49	3328
4C	44D2	49	3328
4C	44D5	49	3328
4C	44D8	49	3328
4C	44D9	49	3328
4C	44DC	49	3328
4C	44DD	49	3328
4C	44DF	49	3328
4C	44E0	49	3328
4C	44E4	49	3328
4C	44E5	49	3328
4C	44E8	49	3328
4C	44E9	49	3328
4C	44EC	49	3328
4C	44EE	49	3328
4C	44F0	49	3328
4C	44F3	49	3328
4C	44F5	49	3328
4C	44F7	49	3328
4C	44FA	49	3328
4C	44FB	49	3328
4C	44FE	49	3328
4C	44FF	49	3328
4C	452E	49	3328
4C	452F	49	3328
4C	4530	49	3328
4C	4531	49	3328
4C	4534	49	3328
4C	4537	1	3376
4C	453D	1	3376
4C	453E	1	3376
4C	4540	1	3376
4C	4542	1	3376
4C	4544	1	3376
4C	4547	1	3376
4C	4549	1	3376
4C	454B	1	3376
4C	454E	1	3376
4C	4551	1	3376
4C	4554	1	3376
4C	4557	1	3376
4C	4559	1	3376
4C	455B	1	3376
4C	455E	1	3376
4C	4564	1	3377
4C	456A	1	3382
4C	456D	1	3382
4C	456F	1	3382
4C	4571	1	3382
4C	4577	1	3382
4C	457A	1	3382
4C	460D	1	3382
4C	4610	1	3382
4C	4612	1	3382
4C	4622	66	3382
4C	4624	66	3382
4C	462A	66	3383
4C	462B	66	3383
4C	462D	1	3465
4C	4630	1	3465
4C	4632	1	3465
4C	4634	1	3465
4C	463A	1	3472
4C	463B	1	3472
4C	463E	1	3472
4C	463F	1	3472
4C	4642	1	3472
4C	4644	1	3472
4C	4646	1	3472
4C	4649	1	3472
4C	464B	1	3472
4C	464D	1	3472
4C	4650	1	3472
4C	4651	1	3472
4C	4654	1	3472
4C	4655	1	3472
4C	4684	1	3472
4C	4685	1	3472
4C	4686	1	3472
4C	4687	1	3472
4C	468A	1	3472
4C	468D	1	3472
4C	468F	1	3472
4C	469B	1	3472
4C	469E	1	3472
4C	469F	1	3472
4C	46A6	1	3328
4C	46A9	1	3328
4C	46AC	55	3328
4C	46AD	55	3328
4C	46AF	55	3328
4C	46B1	55	3328
4C	46B2	55	3328
4C	46B4	1	3328
4C	46B5	1	3328
4C	46B6	1	3328
4C	46B7	1	3328
4C	46B8	1	3003
4C	46BA	1	3003
4C	46BD	1	3003
4C	46C4	1	3003
4C	46C6	1	3003
4C	46CC	1	3003
4C	46D6	410	3003
4C	46D8	410	3003
4C	46DB	410	3003
4C	46E2	410	3003
4C	46E4	410	3003
4C	46EA	410	3033
4C	46F4	1	38343
4C	46F6	1	38343
4C	46F9	1	38343
4C	46FC	1	38343
4C	46FE	1	38343
4C	4700	1	38343
4C	4706	121	38343
4C	470C	121	38343
4C	470D	121	38343
4C	470F	120	38343
4C	4711	120	38343
4C	4713	120	38343
4C	4719	120	38343
4C	471F	120	38343
4C	4722	120	38344
4C	4728	120	38344
4C	476D	1	38463
4C	476F	1	38463
4C	4772	1	38463
4C	4773	1	38463
4C	4776	1	38463
4C	4777	1	38463
4C	477A	1	38463
4C	477D	1	38463
4C	4840	1	3382
4C	4842	1	3382
4C	4844	1	3382
4C	4846	1	3382
4C	4848	1	3382
4C	484A	1	3382
4C	484C	1	3382
4C	484F	1	3382
4C	4852	1	3382
4C	4855	1	3382
4C	4857	1	3382
4C	4859	1	3382
4C	485B	1	3382
4C	485E	1	3382
4C	4861	1	3382
4C	4864	1	3382
4C	4867	1	3382
4C	486A	1	3382
4C	486C	1	3382
4C	486E	1	3382
4C	4870	1	3382
4C	4873	1	3382
4C	4875	1	3382
4C	4878	1	3382
4C	487A	1	3382
4C	487C	1	3382
4C	487F	1	3382
4C	4882	1	3382
4C	4883	1	3382
4C	4886	1	3382
4C	4887	1	3382
4C	488A	1	3382
4C	4890	1	3382
4C	4891	1	3382
4C	4892	1	3382
4C	4893	1	3382
4C	4895	1	3382
4C	4896	1	3382
4C	4898	1	3382
4C	4899	1	3382
4C	489A	1	3382
4C	489B	1	3382
4C	489C	1	3382
4C	489D	1	3382
4C	489F	1	3382
4C	48A2	1	3382
4C	48A5	1	3382
4C	48A7	1	3382
4C	48A8	1	3382
4C	48AA	1	3382
4C	48AB	1	3382
4C	48AD	1	3382
4C	48B0	1	3382
4C	48B1	1	3382
4C	48B2	1	3382
4C	48B3	1	3382
4C	48B4	1	3382
4C	48B5	1	3382
4C	4B54	1	2773
4C	4B56	1	2773
4C	4B58	1	2773
4C	4B5B	1	2773
4C	4B5D	1	2773
4C	4B5F	1	2773
4C	4B62	1	2773
4C	4B65	1	2773
4C	4B68	1	2773
4C	4B69	1	2773
4C	4B6C	1	2773
4C	4B6F	1	2773
4C	4B72	1	2773
4C	4B73	1	2773
4C	4B75	1	2773
4C	4B78	1	2773
4C	4B7B	1	2773
4C	4C4E	1	2770
4C	4C51	1	2770
4C	4C53	1	2770
4C	4C55	1	2770
4C	4C58	1	2770
4C	4C5A	1	2770
4C	4C5C	1	2770
4C	4C5F	1	2770
4C	4C60	1	2770
4C	4C63	1	2770
4C	4C66	1	2770
4C	4C68	1	2770
4C	4C6A	1	2770
4C	4C6D	1	2770
4C	4C70	1	2770
4C	4C73	1	2770
4C	4C74	1	2770
4C	4C77	1	2771
4C	4C7A	1	2771
4C	4C7C	1	2771
4C	4C7E	1	2771
4C	4C81	1	2771
4C	4C84	1	2771
4C	4C87	1	2771
4C	4C88	1	2771
4C	4C8B	1	2773
4C	4C8C	1	2773
4C	4C8E	1	2773
4C	4C91	1	2773
4C	4C94	1	2773
4C	4DFB	1	3376
4C	4DFE	1	3376
4C	4E00	1	3376
4C	4E02	1	3376
4C	4E04	1	3376
4C	4E07	1	3376
4C	4E0A	51	3376
4C	4E0B	51	3376
4C	4E0C	51	3376
4C	4E0D	51	3376
4C	4E10	50	3376
4C	4E12	50	3376
4C	4E14	4	3376
4C	4E15	4	3376
4C	4E16	4	3376
4C	4E18	4	3376
4C	4E1A	4	3376
4C	4E1C	4	3376
4C	4F06	1	3376
4C	4F09	1	3376
4C	4F0A	1	3376
4C	4F0C	1	3376
4C	4F0F	1	3376
4C	4F10	1	3376
4E	4658	1	22
4E	465A	1	22
4E	465C	1	22
4E	465F	1	22
4E	4661	1	22
4E	4663	1	22
4E	4666	1	22
4E	4669	1	22
4E	466C	1	22
4E	466F	1	22
4E	4672	1	22
4E	4675	1	22
4E	4678	1	22
4E	467B	1	22
4E	467E	1	22
4E	4681	1	22
4E	4683	1	22
4E	4687	1	22
4E	468A	1	22
4E	468B	1	22
4E	468E	1	22
4E	4691	1	22
4E	4694	1	22
4E	4697	1	22
4E	469A	1	22
4E	469B	1	22
4E	469D	1	22
4E	46A0	1	22
4E	46A3	1	2769
4E	46A5	1	2769
4E	46A7	1	2769
4E	46AA	1	2769
4E	46AC	1	2769
4E	46AE	1	2769
4E	46B1	1	2769
4E	46B4	1	2769
4E	46B6	1	2769
4E	46BA	1	2769
4E	46BD	1	2769
4E	46C0	1	2769
4E	46C1	1	2769
4E	46C3	1	2769
4E	46C6	1	2769
4E	46CC	1	2769
4E	46CF	3	326
4E	46D1	3	326
4E	46D3	3	326
4E	46D6	3	326
4E	46D8	3	326
4E	46DA	3	326
4E	46DD	3	326
4E	46E0	3	326
4E	46E3	3	326
4E	46E6	3	326
4E	46E9	3	326
4E	46EC	3	326
4E	46ED	3	326
4E	46EF	3	326
4E	46F2	3	326
4E	46F3	3	326
4E	46F5	3	326
4E	46F8	3	326
4E	46FB	3	326
4E	46FE	3	326
4E	4701	3	327
4E	4704	3	327
4E	4707	3	327
4E	470A	3	327
4E	470D	3	327
4E	470E	3	327
4E	4710	3	327
4E	4713	3	327
4E	4714	3	327
4E	4716	3	327
4E	4719	3	327
4E	471B	3	327
4E	471C	3	327
4E	471E	3	327
4E	4720	3	327
4E	4722	3	327
4E	4725	3	327
4E	4726	3	327
4E	4728	3	327
4E	4729	3	327
4E	472B	3	327
4E	472E	3	327
4E	472F	3	327
4E	4739	15	22
4E	473C	8440	22
4E	473D	8440	22
4E	473E	8440	22
4E	473F	8440	22
4E	4741	8440	22
4E	4742	8440	22
4E	4743	8440	22
4E	4744	8440	22
4E	4745	8440	22
4E	4746	8440	22
4E	4748	15	22
4E	4795	2	22
4E	4797	2	22
4E	4799	2	22
4E	479C	2	22
4E	479E	2	22
4E	47A0	2	22
4E	47A3	2	22
4E	47A6	2	22
4E	47A9	2	22
4E	47AC	2	22
4E	47AF	2	22
4E	47B0	2	22
4E	47B3	2	22
4E	47B4	2	22
4E	47B7	2	22
4E	47B8	2	22
4E	47BB	2	22
4E	47BC	2	22
4E	47BF	2	22
4E	47C2	2	22
4E	47C5	2	22
4E	47C8	2	22
4E	47CB	2	22
4E	47CE	2	22
4E	47D1	2	22
4E	47D4	2	22
4E	47D5	2	22
4E	47D8	2	22
4E	47D9	2	22
4E	47DC	2	22
4E	47DD	2	22
4E	47E0	2	22
4E	47E1	2	22
4E	47E4	2	22
4E	47E5	2	22
4E	47E7	2	22
4E	47EA	2	22
4E	48CB	1	2770
4E	48CD	1	2770
4E	48D0	1	2770
4E	48D3	1	2770
4E	48D9	1	2770
4E	48DA	1	2770
4E	48DB	1	2770
4E	48DE	1	2770
4E	48DF	1	2770
4E	48E2	1	2770
4E	48E5	1	2770
4E	48E7	1	2770
4E	48EA	1	2770
4E	48EC	1	2770
4E	48EF	1	2770
4E	48F5	1	2770
4E	48F8	1	2770
4E	48FB	1	2770
4E	4901	1	2770
4E	4962	1	2770
4E	4968	1	2773
4E	496E	1	2773
4E	496F	1	2773
4E	4972	1	2773
4E	4975	1	2773
4E	4978	1	2773
4E	497A	1	2773
4E	497D	1	2773
4E	4980	1	2773
4E	4983	1	2773
4E	4989	1	3472
4E	498A	1	3472
4E	498D	1	3472
4E	4990	1	3472
4E	49A1	2	3472
4E	49A7	2	3472
4E	49AD	2	3495
4E	49AF	2	3495
4E	49B1	2	3495
4E	49B4	2	3495
4E	49B7	2	3495
4E	49BA	2	3495
4E	49C0	2	3524
4E	49C2	2	3524
4E	49C4	2	3524
4E	49CA	2	3524
4E	49D0	2	3526
4E	49D6	2	3526
4E	49DC	2	3542
4E	49DF	2	3542
4E	49E1	2	3542
4E	49E3	1	3542
4E	49E5	1	3542
4E	49E6	1	3542
4E	49E8	1	3542
4E	49EA	1	3542
4E	49ED	1	3542
4E	49F0	1	3542
4E	49F1	1	3542
4E	49F3	1	3542
4E	49F5	1	42879
4E	49F7	1	42879
4E	49F8	1	42879
4E	49FA	1	42879
4E	49FC	1	42879
4E	49FF	1	42879
4E	4A02	1	42879
4E	4A03	1	42879
4E	4A05	2	3542
4E	4A08	2	3542
4E	4A09	2	3542
4E	4A43	2	3542
4E	4A45	2	3542
4E	4A47	2	3542
4E	4A4D	2	3542
4E	4A4E	2	3542
4E	4A51	2	3542
4E	4A53	2	3542
4E	4A55	2	3542
4E	4A58	16842	3542
4E	4A5B	16842	3542
4E	4A5D	16842	3542
4E	4A5F	6185	3542
4E	4A62	6185	3542
4E	4A64	6185	3542
4E	4A67	6185	3542
4E	4A69	6185	3542
4E	4A6C	6185	3542
4E	4A6D	6185	3542
4E	4A70	6185	3542
4E	4A72	6185	3542
4E	4A74	6185	3542
4E	4A77	6185	3542
4E	4A79	6185	3542
4E	4A7B	6185	3542
4E	4A7E	6185	3542
4E	4A7F	6185	3542
4E	4A82	6185	3542
4E	4A83	6185	3542
4E	4AB2	6185	3542
4E	4AB3	6185	3542
4E	4AB4	6185	3542
4E	4AB5	6185	3542
4E	4AB8	16842	3542
4E	4ABB	16842	3542
4E	4ABE	16842	3542
4E	4AC4	16842	3542
4E	4ACA	16842	3542
4E	4AD0	16842	3542
4E	4AD3	16841	3543
4E	4AD9	16841	3543
4E	4ADF	16841	3543
4E	4AEC	16828	3543
4E	4AEE	16828	3543
4E	4AF0	16828	3543
4E	4AF2	16828	3543
4E	4AF4	16828	3543
4E	4AF6	16828	3543
4E	4B0E	12	3927
4E	4B10	12	3927
4E	4B11	12	3927
4E	4CEB	1	9731
4E	4CEC	1	9731
4E	4CEE	1	9731
4E	4CF1	1	9731
4E	4CF4	1	9731
4E	4CF7	1	9731
4E	4CFA	1	9731
4E	4CFD	1	9731
4E	4D00	1	9731
4E	4D02	1	9731
4E	4D24	1	9731
4E	4D26	1	9731
4E	4D27	1	9731
4E	4D29	1	9731
4E	4D2B	1	9731
4E	4D2E	1	9731
4E	4D31	1	9731
4E	4D32	1	9731
4E	4D34	1	9731
4E	4D36	1	9731
4E	4D3C	1	9753
4E	4D42	1	9825
4E	4D44	1	9825
4E	4D45	1	9825
4E	4D47	1	9825
4E	4D49	1	9825
4E	4D4C	1	9825
4E	4D4F	1	9825
4E	4D50	1	9825
4E	4D52	1	9825
4E	4D58	1	9841
4E	4D5A	1	9841
4E	4D5C	1	9841
4E	4D62	1	9841
4E	4D68	1	9841
4E	4D6A	1	9841
4E	4D7B	1	9841
4E	4D81	1	9856
4E	4D87	1	9856
4E	4D89	1	9856
4E	4D8B	1	9856
4E	4D8D	1	9856
4E	4D90	1	9856
4E	4D93	1	9856
4E	4D96	1	9856
4E	4D99	1	9856
4E	4D9B	1	9856
4E	4D9D	1	9856
4E	4D9F	1	9856
4E	4DA2	1	9856
4E	4DA5	1	9856
4E	4DA8	1	9856
4E	4DAB	1	9856
4E	4DAE	1	9856
4E	4DB1	1	9856
4E	4DB7	1	37696
4E	4DBA	1	37696
4E	4DBC	1	37696
4E	4DBE	1	37696
4E	4DC1	1	37696
4E	4DC3	1	37696
4E	4DC6	1	37696
4E	4DC8	1	37696
4E	4DCB	1	37696
4E	4DCC	1	37696
4E	4DCF	1	37696
4E	4DD1	1	37696
4E	4DD3	1	37696
4E	4DD6	1	37696
4E	4DD8	1	37696
4E	4E12	1	37696
4E	4E13	1	37696
4E	4E14	1	37696
4E	50BE	1	37696
4E	50C4	1	37711
4E	50CA	1	37711
4E	50CD	1	37711
4E	50CF	1	37711
4E	50D2	1	37711
4E	50D5	1	37711
4E	50D8	1	37711
4E	50DB	1	37711
4E	50DD	1	37711
4E	50E3	1	41285
4E	50E4	1	41285
4E	50E6	1	41285
4E	50EC	1	42813
4E	50ED	1	42813
4E	50F0	1	42813
4E	50F3	1	42813
4E	50F6	1	42813
4E	50F8	1	42813
4E	50FB	1	42813
4E	50FD	1	42813
4E	5100	1	42813
4E	5101	1	42813
4E	5104	1	42813
4E	5204	2	3495
4E	5206	2	3495
4E	5207	2	3495
4E	5209	2	3495
4E	520A	2	3495
4E	520B	2	3495
4E	520C	2	3495
4E	520E	2	3495
4E	5211	2	3495
4E	5212	2	3495
4E	5213	2	3495
4E	5225	2	3495
4E	5228	2	3495
4E	522B	2	3495
4E	522E	2	3495
4E	5234	2	3495
4E	5236	2	3495
4E	5238	2	3495
4E	523A	2	3495
4E	523C	2	3495
4E	523E	2	3495
4E	5240	2	3495
4E	5242	2	3495
4E	5244	2	3495
4E	5246	2	3495
4E	5248	2	3495
4E	524A	2	3495
4E	524C	2	3495
4E	524E	2	3495
4E	5250	2	3495
4E	5252	2	3495
4E	5254	2	3495
4E	5256	2	3495
4E	5258	2	3495
4E	525A	2	3495
4E	525C	2	3495
4E	525E	2	3495
4E	5260	2	3495
4E	5263	2	3495
4E	5266	2	3495
4E	5267	2	3495
4E	526D	2	3498
4E	5273	2	3500
4E	52E7	2	3495
4E	52ED	2	3500
4E	52F3	2	3500
4E	52F5	2	3500
4E	52F7	2	3500
4E	52F9	2	3500
4E	52FC	110	3500
4E	52FD	110	3500
4E	52FF	110	3500
4E	5301	110	3500
4E	5302	110	3500
4E	5304	2	3500
4E	532B	2	3500
4E	532E	2	3500
4E	5331	2	3500
4E	5337	2	3500
4E	533D	2	3511
4E	5343	2	3523
4E	5345	2	3523
4E	5348	2	3524
4E	5423	4	3377
4E	5424	4	3377
4E	5426	4	3377
4E	5427	4	3377
4E	5429	4	3377
4E	542A	4	3377
4E	542C	4	3377
4E	542D	4	3377
4E	542F	4	3377
4E	5430	4	3377
4E	5432	4	3377
4E	5434	4	3377
4E	5435	4	3377
4E	5437	4	3377
4E	5438	4	3377
4E	543A	4	3377
4E	543C	4	3377
4E	543D	4	3377
4E	543F	4	3377
4E	5441	4	3377
4E	5442	4	3377
4E	5444	4	3377
4E	5446	4	3377
4E	5447	4	3377
4E	5449	4	3377
4E	574D	2	3500
4E	574F	2	3500
4E	5750	2	3500
4E	5752	2	3500
4E	5753	2	3500
4E	5754	2	3500
4E	5755	2	3500
4E	5756	2	3500
4E	5757	2	3500
4E	575A	2	3500
4E	575B	2	3500
4E	575D	2	3500
4E	575F	2	3500
4E	5761	2	3500
4E	5762	2	3500
4E	5763	2	3500
4E	5764	2	3500
4E	5765	2	3500
4E	5766	2	3500
4E	5768	2	3500
4E	5769	2	3500
4E	576A	2	3500
4E	576B	2	3500
4E	576E	2	3500
4E	576F	24	3500
4E	5772	24	3500
4E	5773	24	3500
4E	5774	24	3500
4E	5776	24	3500
4E	5778	24	3500
4E	577A	24	3500
4E	577B	24	3500
4E	577C	24	3500
4E	577D	24	3500
4E	577E	24	3500
4E	5780	24	3500
4E	5781	24	3500
4E	5782	24	3500
4E	5784	24	3500
4E	5785	24	3500
4E	5788	24	3500
4E	5789	24	3500
4E	578C	24	3500
4E	578E	24	3500
4E	5790	24	3500
4E	5792	24	3500
4E	5793	24	3500
4E	5794	24	3500
4E	5795	24	3500
4E	5796	24	3500
4E	5798	24	3500
4E	5799	24	3500
4E	579A	24	3500
4E	579C	24	3500
4E	579D	24	3500
4E	57A0	18	3500
4E	57A1	18	3500
4E	57A4	16	3500
4E	57A6	16	3500
4E	57A8	16	3500
4E	57AA	16	3500
4E	57AB	16	3500
4E	57AC	16	3500
4E	57AD	16	3500
4E	57AE	16	3500
4E	57B0	16	3500
4E	57B1	16	3500
4E	57B3	16	3500
4E	57B4	16	3500
4E	57B7	16	3500
4E	57B9	16	3500
4E	57BB	16	3500
4E	57BD	16	3500
4E	57BE	16	3500
4E	57BF	16	3500
4E	57C0	16	3500
4E	57C1	16	3500
4E	57C3	16	3500
4E	57C4	16	3500
4E	57C6	16	3500
4E	57C7	16	3500
4E	57CA	16	3500
4E	57CB	16	3500
4E	57CC	16	3500
4E	57CF	24	3502
4E	57D0	24	3502
4E	57D3	24	3502
4E	57D4	24	3502
4E	57D5	24	3502
4E	57D6	24	3502
4E	57D7	24	3502
4E	57D8	24	3502
4E	57DB	2	3511
4E	57DC	16	3500
4E	57DF	16	3500
4E	57E2	16	3500
4E	57E3	16	3500
4E	57E4	16	3500
4E	57E6	16	3500
4E	57E8	16	3500
4E	57EA	16	3500
4E	57EB	16	3500
4E	57EC	16	3500
4E	57ED	16	3500
4E	57EE	16	3500
4E	57EF	16	3500
4E	57F1	16	3500
4E	57F2	16	3500
4E	57F4	16	3500
4E	57F5	16	3500
4E	57F7	16	3500
4E	57F8	16	3500
4E	5800	16	3500
4E	5802	16	3500
4E	5803	16	3500
4E	5804	16	3500
4E	5805	16	3500
4E	5807	16	3500
4E	5809	16	3500
4E	580A	16	3500
4E	580B	16	3500
4E	580C	16	3500
4E	580E	16	3500
4E	5811	16	3500
4E	5812	16	3500
4E	5813	16	3500
4E	5815	16	3500
4E	5817	16	3500
4E	5819	16	3500
4E	581A	16	3500
4E	581B	16	3500
4E	581C	16	3500
4E	581D	16	3500
4E	581E	16	3500
4E	5820	16	3500
4E	5821	16	3500
4E	5823	16	3500
4E	5824	16	3500
4E	5826	16	3500
4E	5827	16	3500
4E	5829	16	3500
4E	582A	16	3500
4E	582C	16	3500
4E	582D	16	3500
4E	582F	16	3500
4E	5839	16	3500
4E	583C	16	3500
4E	583D	16	3500
4E	583E	16	3500
4E	5840	16	3500
4E	5842	16	3500
4E	5844	16	3500
4E	5845	16	3500
4E	5846	16	3500
4E	5847	16	3500
4E	5848	16	3500
4E	5849	16	3500
4E	584B	16	3500
4E	584C	16	3500
4E	584E	16	3500
4E	584F	16	3500
4E	5850	16	3500
4E	5851	16	3500
4E	5853	16	3500
4E	5855	16	3500
4E	5856	16	3500
4E	5857	16	3500
4E	5858	16	3500
4E	585A	16	3500
4E	585D	16	3500
4E	585E	16	3500
4E	585F	16	3500
4E	5861	16	3500
4E	5863	16	3500
4E	5865	16	3500
4E	5866	16	3500
4E	5867	16	3500
4E	5868	16	3500
4E	5869	16	3500
4E	586A	16	3500
4E	586C	16	3500
4E	586D	16	3500
4E	586F	16	3500
4E	5870	16	3500
4E	5871	16	3500
4E	5872	16	3500
4E	5874	16	3500
4E	5876	16	3500
4E	5877	16	3500
4E	5878	16	3500
4E	5879	16	3500
4E	587B	16	3500
4E	587E	16	3500
4E	587F	16	3500
4E	5880	16	3500
4E	5882	16	3500
4E	5884	16	3500
4E	5886	16	3500
4E	5887	16	3500
4E	5888	16	3500
4E	5889	16	3500
4E	588A	16	3500
4E	588B	16	3500
4E	588D	16	3500
4E	588E	16	3500
4E	588F	16	3500
4E	5890	16	3500
4E	5892	16	3500
4E	5895	16	3500
4E	5896	16	3500
4E	5897	16	3500
4E	5898	16	3500
4E	5899	16	3500
4E	589A	16	3500
4E	58AC	16	3500
4E	58AD	16	3500
4E	58AE	16	3500
4E	58B1	16	3500
4E	58B2	16	3500
4E	58B3	16	3500
4E	58B5	16	3500
4E	58B7	16	3500
4E	58B9	16	3500
4E	58BA	16	3500
4E	58BB	16	3500
4E	58BC	16	3500
4E	58BD	16	3500
4E	58BE	16	3500
4E	58C0	16	3500
4E	58C1	16	3500
4E	58C2	16	3500
4E	58C4	16	3500
4E	58C5	16	3500
4E	58C7	16	3500
4E	58C9	16	3500
4E	58CB	16	3500
4E	58CD	4	3500
4E	58CF	4	3500
4E	58D1	2	3502
4E	58D3	2	3502
4E	58D5	2	3502
4E	58D7	2	3502
4E	58D9	2	3502
4E	58DB	12	3506
4E	58DD	12	3506
4E	58DE	12	3506
4E	58E0	12	3506
4E	58E1	12	3506
4E	58E3	12	3506
4E	58E5	12	3506
4E	58E7	12	3506
4E	58E9	12	3506
4E	58EB	12	3506
4E	58F7	2	3500
4E	58F9	2	3500
4E	58FB	2	3500
4E	58FD	2	3500
4E	58FF	16	3500
4E	5901	16	3500
4E	5903	16	3500
4E	5905	16	3500
4E	5907	16	3500
4E	5909	16	3500
4E	590B	16	3500
4E	594A	16	3500
4E	594D	16	3500
4E	594E	16	3500
4E	594F	16	3500
4E	5951	16	3500
4E	5953	16	3500
4E	5955	16	3500
4E	5956	16	3500
4E	5957	16	3500
4E	5958	16	3500
4E	5959	16	3500
4E	595A	16	3500
4E	595C	16	3500
4E	595D	16	3500
4E	595F	16	3500
4E	5961	16	3500
4E	5962	16	3500
4E	5963	32	3500
4E	5965	32	3500
4E	5967	32	3500
4E	5993	32	3500
4E	5995	32	3500
4E	5996	32	3500
4E	5998	32	3500
4E	5999	32	3500
4E	599B	32	3500
4E	599C	32	3500
4E	599E	32	3500
4E	599F	32	3500
4E	59A2	32	3500
4E	59A4	32	3500
4E	59A5	32	3500
4E	59A8	16	3500
4E	59AA	16	3500
4E	59AB	16	3500
4E	59AD	16	3500
4E	59AE	16	3500
4E	59B0	16	3500
4E	59B1	16	3500
4E	59B3	16	3500
4E	59B4	16	3500
4E	59B6	16	3500
4E	59B8	16	3500
4E	59BA	16	3500
4E	59BC	16	3500
4E	59F4	16	3500
4E	59F6	16	3500
4E	59F9	16	3500
4E	59FA	16	3500
4E	59FB	16	3500
4E	59FD	16	3500
4E	59FE	16	3500
4E	59FF	16	3500
4E	5A00	16	3500
4E	5A01	16	3500
4E	5A02	16	3500
4E	5A03	16	3500
4E	5A04	16	3500
4E	5A05	16	3500
4E	5A06	16	3500
4E	5A07	16	3500
4E	5A0A	16	3500
4E	5A0C	16	3500
4E	5A0F	16	3500
4E	5A12	16	3500
4E	5A13	16	3500
4E	5A14	16	3500
4E	5A16	16	3500
4E	5A17	16	3500
4E	5A19	16	3500
4E	5A1A	16	3500
4E	5A1C	16	3500
4E	5A1E	16	3500
4E	5A20	16	3500
4E	5A22	16	3500
4E	5A24	16	3500
4E	5A26	16	3500
4E	5A28	16	3500
4E	5A2A	16	3500
4E	5A2B	16	3500
4E	5A2D	16	3500
4E	5A2E	16	3500
4E	5A30	16	3500
4E	5A32	16	3500
4E	5A34	16	3500
4E	5A36	16	3500
4E	5A38	16	3500
4E	5A3A	16	3500
4E	5A3C	16	3500
4E	5A3E	16	3500
4E	5A40	16	3500
4E	5A42	16	3500
4E	5A44	16	3500
4E	5A46	16	3500
4E	5A49	16	3500
4E	5A4A	16	3500
4E	5A50	16	3502
4E	5A51	16	3502
4E	5A53	16	3502
4E	5A55	16	3502
4E	5A57	16	3502
4E	5A59	16	3502
4E	5A5B	16	3502
4E	5A5D	16	3502
4E	5A5F	16	3502
4E	5A62	16	3502
4E	5A63	16	3502
4E	5A65	16	3502
4E	5A68	16	3502
4E	5A69	16	3502
4E	5A6C	16	3502
4E	5CB6	2	3492
4E	5CB9	2	3492
4E	5CBB	2	3492
4E	5CBD	2	3492
4E	5CC0	2	3492
4E	5CC2	2	3492
4E	5CC4	2	3492
4E	5CC7	2	3492
4E	5CCA	2	3492
4E	5CCC	2	3492
4E	5CCE	2	3492
4E	5CD0	2	3492
4E	5CD6	2	3493
4E	5CD9	2	3493
4E	5CDC	2	3493
4E	5CDE	2	3493
4E	5CE0	2	3493
4E	5CE2	2	3493
4E	5CE8	2	3494
4E	5CEB	2	3494
4E	5CEE	2	3494
4E	5CF0	2	3494
4E	5CF2	2	3494
4E	5CF8	2	3494
4E	5D66	2	3494
4E	5D69	2	3494
4E	5D6C	2	3494
4E	5D6F	2	3494
4E	5E11	2	3477
4E	5E14	2	3477
4E	5E15	2	3477
4E	5E16	2	3477
4E	5E18	2	3477
4E	5E1A	2	3477
4E	5E1C	2	3477
4E	5E1F	2	3477
4E	5E20	2	3477
4E	5E22	2	3477
4E	5E23	2	3477
4E	5E25	2	3477
4E	5E28	2	3477
4E	5E29	2	3477
4E	5E2A	2	3477
4E	5E2B	2	3477
4E	5E2C	2	3477
4E	5E2D	2	3477
4E	5E30	2	3477
4E	5E31	2	3477
4E	5E32	2	3477
4E	5E33	2	3477
4E	5E34	2	3477
4E	5E35	2	3477
4E	5E36	2	3477
4E	5E37	2	3477
4E	5E38	2	3477
4E	5E39	2	3477
4E	5E3C	2	3477
4E	5E3E	2	3477
4E	5E40	2	3477
4E	5E41	2	3477
4E	5E42	2	3477
4E	5E43	20	3477
4E	5E44	20	3477
4E	5E45	20	3477
4E	5E46	20	3477
4E	5E48	2	3477
4E	5E49	2	3477
4E	5E4A	2	3477
4E	5E4B	2	3477
4E	5E4E	2	3477
4E	5E4F	2	3477
4E	5E51	2	3477
4E	5E53	2	3477
4E	5E56	24	3477
4E	5E57	24	3477
4E	5E58	24	3477
4E	5E59	24	3477
4E	5E5B	5	3477
4E	5E5E	5	3477
4E	5E5F	5	3477
4E	5E60	5	3477
4E	5E63	5	3477
4E	5E64	5	3477
4E	5E66	5	3477
4E	5E67	5	3477
4E	5E69	5	3477
4E	5E6C	5	3477
4E	5E6D	5	3477
4E	5E6E	5	3477
4E	5E6F	5	3477
4E	5E70	5	3477
4E	5E71	5	3477
4E	5E74	5	3477
4E	5E75	5	3477
4E	5E76	5	3477
4E	5E77	5	3477
4E	5E78	5	3477
4E	5E79	5	3477
4E	5E7A	5	3477
4E	5E7D	5	3477
4E	5E80	5	3477
4E	5E82	5	3477
4E	5E84	5	3477
4E	5E85	5	3477
4E	5E86	5	3477
4E	5E88	5	3477
4E	5E89	5	3477
4E	5E8B	5	3477
4E	5E8C	5	3477
4E	5E8D	5	3477
4E	5E8F	5	3477
4E	5E91	5	3477
4E	5E92	5	3477
4E	5E94	5	3477
4E	5E95	5	3477
4E	5E98	5	3477
4E	5E99	5	3477
4E	5E9A	5	3477
4E	5E9C	5	3477
4E	5E9E	5	3477
4E	5E9F	5	3477
4E	5EA1	5	3477
4E	5EA3	5	3477
4E	5EA4	5	3477
4E	5EA7	5	3477
4E	5EA8	5	3477
4E	5EA9	5	3477
4E	5EAA	5	3477
4E	5EAB	5	3477
4E	5EAC	5	3477
4E	5EAE	5	3477
4E	5EAF	5	3477
4E	5EB0	5	3477
4E	5EB2	5	3477
4E	5EB4	5	3477
4E	5EB5	5	3477
4E	5EB6	5	3477
4E	5EB7	5	3477
4E	5EB8	5	3477
4E	5EC0	3	3524
4E	5EC3	3	3524
4E	5EC6	3	3524
4E	5EC9	3	3524
4E	5ECC	3	3524
4E	5ECF	3	3524
4E	5ED2	3	3524
4E	5ED5	3	3524
4E	5EDB	3	3524
4E	5EDD	3	3524
4E	5EDE	3	3524
4E	5EE0	3	3524
4E	5EE1	3	3524
4E	5EE2	3	3524
4E	5EE4	3	3524
4E	5EE5	3	3524
4E	5EE7	3	3524
4E	5EE8	3	3524
4E	5EE9	3	3524
4E	5EEA	3	3524
4E	5EED	3	3524
4E	5EEE	3	3524
4E	5EF0	3	3524
4E	5EF1	3	3524
4E	5EF2	3	3524
4E	5EF4	3	3524
4E	5EF5	3	3524
4E	5EF6	3	3524
4E	5EF7	3	3524
4E	5EFA	3	3524
4E	5EFC	3	3524
4E	5EFE	3	3524
4E	5F01	3	3524
4E	5F03	3	3524
4E	5F05	3	3524
4E	5F08	3	3524
4E	5F0B	3	3524
4E	5F0D	3	3524
4E	5F0F	3	3524
4E	5F15	3	3524
4E	5F18	3	3524
4E	5F19	3	3524
4E	5F1B	3	3524
4E	5F1C	3	3524
4E	5F1E	3	3524
4E	5F21	3	3524
4E	5F22	3	3524
4E	5F23	3	3524
4E	5F24	3	3524
4E	5F25	3	3524
4E	5F26	3	3524
4E	5F29	3	3524
4E	5F2A	3	3524
4E	5F2B	3	3524
4E	5F2C	3	3524
4E	5F2D	3	3524
4E	5F2E	3	3524
4E	5F31	3	3524
4E	5FB9	16842	3542
4E	5FBF	16842	3542
4E	5FC2	16842	3542
4E	5FC3	16842	3542
4E	5FC5	16842	3542
4E	5FC6	16842	3542
4E	5FC8	105	3542
4E	5FCB	105	3542
4E	5FCD	105	3542
4E	5FD0	105	3542
4E	5FD2	105	3542
4E	5FD5	16842	3542
4E	5FD8	16842	3542
4E	5FD9	16842	3542
4E	5FDB	16842	3542
4E	5FDC	16842	3542
4E	5FDE	16842	3542
4E	5FE1	16842	3542
4E	5FE2	16842	3542
4E	5FE3	16842	3542
4E	5FE4	16842	3542
4E	5FE5	16842	3542
4E	5FE6	16842	3542
4E	5FE9	16842	3542
4E	5FEA	16842	3542
4E	5FEB	16842	3542
4E	5FEC	16842	3542
4E	5FEE	16842	3542
4E	5FEF	16842	3542
4E	5FF0	16842	3542
4E	5FF2	16842	3542
4E	5FF3	16842	3542
4E	5FF5	16842	3542
4E	5FF8	16842	3542
4E	5FFA	16842	3542
4E	5FFB	16842	3542
4E	5FFE	16842	3542
4E	5FFF	16842	3542
4E	6001	3103	3565
4E	6003	3103	3565
4E	6005	3103	3565
4E	6008	3103	3565
4E	600A	3103	3565
4E	600D	3103	3565
4E	600F	3103	3565
4E	6011	3103	3565
4E	6014	13739	3542
4E	6016	13739	3542
4E	6018	13739	3542
4E	601B	13739	3542
4E	601D	13739	3542
4E	6020	13739	3542
4E	6022	13739	3542
4E	6024	90524	3542
4E	6025	90524	3542
4E	6027	90524	3542
4E	6029	33684	3542
4E	602B	33684	3542
4E	602C	33684	3542
4E	602E	33684	3542
4E	6031	33684	3542
4E	6033	33684	3542
4E	6034	84210	3542
4E	6035	84210	3542
4E	6036	84210	3542
4E	6037	84210	3542
4E	6038	84210	3542
4E	6039	84210	3542
4E	603A	84210	3542
4E	603B	84210	3542
4E	603C	84210	3542
4E	603D	84210	3542
4E	603F	84210	3542
4E	6040	84210	3542
4E	6041	84210	3542
4E	6042	84210	3542
4E	6044	84210	3542
4E	6045	84210	3542
4E	6046	84210	3542
4E	6048	84210	3542
4E	6049	84210	3542
4E	604A	84210	3542
4E	604B	84210	3542
4E	604C	388	3524
4E	604F	388	3524
4E	6052	388	3524
4E	6055	388	3524
4E	6057	388	3524
4E	605D	388	3524
4E	6060	388	3524
4E	6063	388	3524
4E	6065	388	3524
4E	6068	388	3524
4E	606B	388	3524
4E	606C	388	3524
4E	606E	388	3524
4E	606F	388	3524
4E	6071	388	3524
4E	6074	388	3524
4E	6075	388	3524
4E	6076	388	3524
4E	6077	388	3524
4E	6078	388	3524
4E	6079	388	3524
4E	607C	388	3524
4E	607D	388	3524
4E	607E	388	3524
4E	607F	388	3524
4E	6080	388	3524
4E	6081	388	3524
4E	6084	388	3524
4E	60A6	4	3490
4E	60A9	4	3490
4E	60AC	4	3490
4E	60AF	4	3490
4E	60B5	4	3491
4E	60B8	4	3491
4E	60BB	4	3491
4E	60BE	4	3491
4E	60C4	4	3492
4E	60C5	4	3477
4E	60C8	4	3477
4E	60CB	4	3477
4E	60CE	4	3477
4E	60D4	4	3483
4E	60D7	4	3483
4E	60DA	4	3483
4E	60DD	4	3483
4E	60E3	4	3490
4E	60E4	4	3477
4E	60E7	4	3477
4E	60E8	4	3477
4E	60EA	4	3477
4E	60EB	4	3477
4E	60ED	4	3477
4E	60F0	4	3477
4E	60F1	4	3477
4E	60F2	4	3477
4E	60F3	4	3477
4E	60F4	4	3477
4E	60F5	4	3477
4E	60F8	4	3477
4E	60F9	4	3477
4E	60FA	4	3477
4E	60FB	4	3477
4E	60FC	4	3477
4E	60FD	4	3477
4E	60FE	4	3477
4E	6101	4	3477
4E	6104	4	3477
4E	610A	4	3477
4E	610B	4	3477
4E	610E	4	3477
4E	610F	4	3477
4E	6112	4	3477
4E	6115	4	3477
4E	611B	4	3477
4E	611E	4	3477
4E	6121	4	3477
4E	6124	4	3477
4E	612A	4	3477
4E	612B	4	3477
4E	612E	4	3477
4E	612F	4	3477
4E	6131	4	3477
4E	6132	4	3477
4E	6134	4	3477
4E	6137	4	3477
4E	6138	4	3477
4E	6139	4	3477
4E	613A	4	3477
4E	613B	4	3477
4E	613C	4	3477
4E	613F	4	3477
4E	6140	4	3477
4E	6141	4	3477
4E	6142	4	3477
4E	6143	4	3477
4E	6144	4	3477
4E	6145	4	3477
4E	6148	4	3477
4E	614B	4	3477
4E	6151	4	3477
4E	6152	4	3477
4E	6155	4	3477
4E	6156	4	3477
4E	6159	4	3477
4E	615C	4	3477
4E	6162	4	3477
4E	6165	4	3477
4E	6168	4	3477
4E	616B	4	3477
4E	6171	4	3477
4E	6196	2	3472
4E	6199	2	3473
4E	619B	2	3473
4E	619D	2	3473
4E	619F	2	3473
4E	61A0	2	3473
4E	61A2	2	3473
4E	61A4	2	3473
4E	61A6	2	3473
4E	61A8	2	3473
4E	61AA	2	3473
4E	61AC	2	3473
4E	61B2	2	3473
4E	61B5	2	3473
4E	61B8	2	3473
4E	61BB	2	3473
4E	61BD	2	3473
4E	61BF	2	3473
4E	61C1	2	3473
4E	61C7	2	3474
4E	61CA	2	3474
4E	61CB	2	3474
4E	61CD	2	3474
4E	61CE	2	3474
4E	61D0	2	3474
4E	61D3	2	3474
4E	61D4	2	3474
4E	61D5	2	3474
4E	61D6	2	3474
4E	61D7	2	3474
4E	61D8	2	3474
4E	61DB	2	3474
4E	61DC	2	3474
4E	61DD	2	3474
4E	61DE	2	3474
4E	61DF	2	3474
4E	61E0	2	3474
4E	61E1	2	3474
4E	61E2	2	3474
4E	61E3	2	3474
4E	61E4	2	3474
4E	61E5	2	3474
4E	61E6	2	3474
4E	61E9	2	3474
4E	61EB	2	3474
4E	61ED	2	3474
4E	61EF	2	3474
4E	61F5	2	3475
4E	61F6	2	3475
4E	61F9	2	3475
4E	61FA	2	3475
4E	61FD	2	3475
4E	61FF	2	3475
4E	6201	2	3475
4E	6203	2	3475
4E	6209	2	3476
4E	620A	2	3476
4E	620B	2	3476
4E	620C	2	3476
4E	620D	2	3476
4E	620E	2	3476
4E	620F	2	3476
4E	6210	2	3476
4E	6211	2	3476
4E	6212	2	3476
4E	6215	2	3476
4E	6218	2	3476
4E	621E	2	3476
4E	621F	2	3476
4E	6220	2	3476
4E	6221	2	3476
4E	6222	2	3476
4E	6223	2	3476
4E	6224	2	3476
4E	6225	2	3476
4E	6226	2	3476
4E	6227	2	3476
4E	622A	2	3476
4E	622D	2	3476
4E	6233	2	3476
4E	6234	2	3476
4E	6235	2	3476
4E	6236	2	3476
4E	6237	2	3476
4E	6238	2	3476
4E	6239	2	3476
4E	623A	2	3476
4E	623B	2	3476
4E	623C	2	3476
4E	623F	2	3476
4E	6241	2	3476
4E	6243	2	3476
4E	6249	2	3477
4E	624A	2	3477
4E	624B	2	3477
4E	624C	2	3477
4E	624D	2	3477
4E	624E	2	3477
4E	624F	2	3477
4E	6250	2	3477
4E	6251	2	3477
4E	6252	2	3477
4E	6255	2	3477
4E	6258	2	3477
4E	625E	2	3477
4E	625F	2	3477
4E	6265	2	3477
4E	626B	2	3477
4E	6271	2	3477
4E	6277	2	3490
4E	627D	2	3492
4E	6283	2	3494
4E	6285	2	3494
4E	6288	2	3495
4E	6289	2	3495
4E	628C	2	3495
4E	628D	2	3495
4E	6290	2	3495
4F	4000	40	26
4F	4002	40	26
4F	4004	40	26
4F	4006	40	26
4F	4008	40	26
4F	400D	40	26
4F	404B	277	29
4F	404C	277	29
4F	404F	277	29
4F	4052	277	29
4F	4053	277	29
4F	4056	277	29
4F	4057	277	29
4F	405A	277	29
4F	405D	277	29
4F	405E	554	29
4F	405F	554	29
4F	4061	554	29
4F	4063	554	29
4F	4065	277	29
4F	4067	277	29
4F	4069	277	29
4F	406B	277	29
4F	406D	277	29
4F	406F	4432	29
4F	4070	4432	29
4F	4071	4432	29
4F	4072	4432	29
4F	4073	4432	29
4F	4074	4432	29
4F	4075	4432	29
4F	4076	4432	29
4F	4077	4432	29
4F	4078	4432	29
4F	4079	4432	29
4F	407A	4432	29
4F	407B	4432	29
4F	407C	4432	29
4F	407D	4432	29
4F	407E	4432	29
4F	407F	4432	29
4F	4080	4432	29
4F	4082	554	29
4F	4083	14912	27
4F	4086	14912	27
4F	4087	14912	27
4F	4088	14912	27
4F	4089	14912	27
4F	408A	14912	27
4F	408B	14912	27
4F	408E	13248	27
4F	408F	13248	27
4F	4090	13248	27
4F	4093	12352	27
4F	4094	12352	27
4F	4097	12352	27
4F	4098	12352	27
4F	4099	12352	27
4F	409B	12352	27
4F	409D	12352	27
4F	409E	12352	27
4F	40A0	12352	27
4F	40A2	12352	27
4F	40A3	12352	27
4F	40A4	12352	27
4F	40A5	12352	27
4F	40A7	12352	27
4F	40A9	12352	27
4F	40AA	12352	27
4F	40AB	12352	27
4F	40AD	12352	27
4F	40AE	12352	27
4F	40B0	12352	27
4F	40B1	12352	27
4F	40B2	12352	27
4F	40B4	12352	27
4F	40B7	12352	27
4F	40B8	12352	27
4F	40B9	12352	27
4F	40BB	12352	27
4F	40BD	12352	27
4F	40BE	12352	27
4F	40C0	12352	27
4F	40C2	12352	27
4F	40C3	12352	27
4F	40C4	12352	27
4F	40C5	12352	27
4F	40C7	12352	27
4F	40C9	12352	27
4F	40CA	12352	27
4F	40CB	12352	27
4F	40CD	12352	27
4F	40CE	12352	27
4F	40D0	12352	27
4F	40D1	12352	27
4F	40D2	12352	27
4F	40D4	12352	27
4F	40D5	12352	27
4F	40D7	12352	27
4F	40D8	12352	27
4F	40DA	12352	27
4F	40DD	12352	27
4F	40DF	12352	27
4F	40E0	12352	27
4F	40E2	12352	27
4F	40E4	12352	27
4F	40E6	12352	27
4F	40E7	12352	27
4F	40E9	12352	27
4F	40EC	12352	27
4F	40EE	12352	27
4F	40EF	12352	27
4F	40F0	12352	27
4F	40F2	12352	27
4F	40F4	12352	27
4F	40F5	12352	27
4F	40F6	12352	27
4F	40F8	12352	27
4F	40F9	12352	27
4F	40FB	12352	27
4F	40FC	12352	27
4F	40FE	12352	27
4F	40FF	12352	27
4F	4101	12352	27
4F	4103	12352	27
4F	4105	12352	27
4F	4106	12352	27
4F	4108	12352	27
4F	410B	12352	27
4F	410D	12352	27
4F	410E	12352	27
4F	4110	12352	27
4F	4111	12352	27
4F	4112	12352	27
4F	4113	12352	27
4F	4115	12352	27
4F	4116	12352	27
4F	4118	12352	27
4F	4119	12352	27
4F	411A	12352	27
4F	411C	1664	41
4F	411F	1664	41
4F	4120	1664	41
4F	4121	1664	41
4F	4123	1664	41
4F	4124	1664	41
4F	4126	14016	27
4F	4129	14016	27
4F	412A	14016	27
4F	412C	14016	27
4F	412D	14016	27
4F	412F	14016	27
4F	4130	14016	27
4F	4131	896	322
4F	4134	896	322
4F	4135	896	322
4F	4136	896	322
4F	4138	896	322
4F	4139	896	322
4F	413B	896	322
4F	413E	896	322
4F	413F	896	322
4F	4141	896	322
4F	4142	896	322
4F	4144	896	322
4F	4145	896	322
4F	4146	37056	27
4F	4147	37056	27
4F	4149	22494	27
4F	414A	22494	27
4F	414B	22494	27
4F	414E	22494	27
4F	414F	22494	27
4F	4150	22494	27
4F	4151	22494	27
4F	4152	22494	27
4F	4153	37056	27
4F	4156	37056	27
4F	4157	37056	27
4F	4158	37056	27
4F	415A	296448	27
4F	415B	296448	27
4F	415D	84499	27
4F	415E	296448	27
4F	4160	296448	27
4F	4162	296448	27
4F	4163	296448	27
4F	4165	37056	27
4F	4166	27	27
4F	4169	27	27
4F	416B	27	27
4F	416D	14	308
4F	416E	14	308
4F	4171	14	308
4F	4172	14	308
4F	4175	14	308
4F	4176	14	308
4F	4179	14	308
4F	417C	14	308
4F	417E	13	27
4F	417F	13	27
4F	4182	13	27
4F	4183	13	27
4F	4186	13	27
4F	4187	13	27
4F	418A	13	27
4F	418B	13	27
4F	418E	27	27
4F	4191	27	27
4F	41C2	27	27
4F	41C5	27	27
4F	41C8	27	27
4F	41CA	1728	27
4F	41CD	1728	27
4F	41CE	1728	27
4F	41D1	1728	27
4F	41D2	1728	27
4F	41D5	1728	27
4F	41D6	1728	27
4F	41D7	1728	27
4F	41DA	1728	27
4F	41DB	1728	27
4F	41DC	1728	27
4F	41DD	1728	27
4F	41DF	27	27
4F	41E0	260	27
4F	41E3	260	27
4F	41E4	260	27
4F	41E5	233	27
4F	41E6	233	27
4F	41E8	233	27
4F	41EA	125	27
4F	41ED	125	27
4F	41EE	125	27
4F	41F0	26	27
4F	41F3	26	27
4F	41F5	26	27
4F	41F7	13	42
4F	41F8	13	42
4F	41FB	13	42
4F	41FE	13	42
4F	4201	13	42
4F	4203	13	27
4F	4206	13	27
4F	4209	13	27
4F	420A	112	27
4F	420D	112	27
4F	420E	112	27
4F	4211	112	27
4F	4213	108	308
4F	4216	108	308
4F	4217	108	308
4F	4219	14	322
4F	421A	14	322
4F	421D	14	322
4F	4220	14	322
4F	4221	14	322
4F	4224	14	322
4F	4226	94	308
4F	4229	94	308
4F	422A	94	308
4F	422D	233	27
4F	4230	233	27
4F	4261	233	27
4F	4264	233	27
4F	4267	233	27
4F	4269	233	27
4F	426A	233	27
4F	426B	233	27
4F	426E	233	27
4F	426F	233	27
4F	4272	233	27
4F	4273	14912	27
4F	4274	14912	27
4F	4275	14912	27
4F	4276	14912	27
4F	4277	14912	27
4F	4278	14912	27
4F	427A	233	27
4F	427B	233	27
4F	427C	233	27
4F	427F	14912	27
4F	4282	14912	27
4F	4283	14912	27
4F	4284	14912	27
4F	4287	14912	27
4F	4288	14912	27
4F	428A	233	28
4F	428C	233	28
4F	428D	233	28
4F	42B4	12	27
4F	42B6	12	27
4F	42B8	12	27
4F	42B9	12	27
4F	42BB	12	27
4F	42BD	12	27
4F	42BF	12	27
4F	42C1	12	27
4F	42C4	12	27
4F	42C7	12	27
4F	42CA	12	27
4F	42CD	12	27
4F	42CF	12	27
4F	42D2	12	27
4F	42D5	12	27
4F	42D7	12	27
4F	42DA	12	27
4F	42DD	12	28
4F	42E0	108	28
4F	42E3	108	29
4F	42E6	108	29
4F	42EC	108	29
4F	42ED	108	29
4F	42F0	108	29
4F	42F3	108	30
4F	42F5	12	43
4F	42F7	12	43
4F	42F8	12	43
4F	42FA	12	43
4F	42FC	12	43
4F	42FE	12	43
4F	42FF	1	331
4F	4301	1	331
4F	4303	1	331
4F	4304	1	331
4F	4306	1	331
4F	4308	1	331
4F	430A	1	331
4F	430C	1	331
4F	430F	1	331
4F	4312	1	331
4F	4315	1	331
4F	4318	1	331
4F	431A	1	331
4F	431D	1	331
4F	4320	1	331
4F	4322	1	331
4F	4325	1	331
4F	4328	1	332
4F	432B	17	332
4F	432E	17	333
4F	4331	17	333
4F	4337	17	333
4F	4338	17	333
4F	433B	17	333
4F	433E	17	334
4F	4340	1	363
4F	4342	1	363
4F	4343	1	363
4F	4345	1	363
4F	4347	1	363
4F	4349	1	363
4F	4370	12	308
4F	4372	12	308
4F	4374	12	308
4F	4375	12	308
4F	4377	12	308
4F	4379	12	308
4F	437B	12	308
4F	437D	12	308
4F	4380	12	308
4F	4383	12	308
4F	4386	12	308
4F	4389	12	308
4F	438B	12	308
4F	438E	12	308
4F	4391	12	308
4F	4393	12	308
4F	4396	12	308
4F	4399	96	309
4F	439C	96	310
4F	439F	96	310
4F	43A5	96	310
4F	43A6	96	310
4F	43A9	96	310
4F	43AC	96	311
4F	43AE	12	323
4F	43B0	12	323
4F	43B1	12	323
4F	43B3	12	323
4F	43B5	12	323
4F	43B7	12	323
4F	4572	16	3478
4F	4573	16	3478
4F	4575	16	3478
4F	4576	16	3478
4F	4578	48	3478
4F	4579	48	3478
4F	457B	48	3478
4F	457D	16	3478
4F	457F	16	3478
4F	4580	16	3478
4F	4582	16	3478
4F	4583	56	3478
4F	4586	56	3478
4F	4587	56	3478
4F	4588	56	3478
4F	4589	56	3478
4F	458A	56	3478
4F	458C	56	3478
4F	458E	56	3478
4F	4590	8	3490
4F	4592	8	3490
4F	4594	8	3490
4F	4595	56	3478
4F	4596	56	3478
4F	4597	56	3478
4F	4598	56	3478
4F	4599	56	3478
4F	459A	56	3478
4F	459B	56	3478
4F	459C	56	3478
4F	459E	56	3478
4F	45A0	56	3478
4F	45A1	56	3478
4F	45A2	56	3478
4F	45A3	56	3478
4F	45A4	56	3478
4F	45A5	56	3478
4F	45A6	56	3478
4F	45A8	56	3478
4F	45A9	56	3478
4F	45AA	56	3478
4F	45AC	56	3478
4F	45AE	56	3478
4F	45AF	56	3478
4F	45B1	56	3478
4F	45B4	56	3479
4F	45B5	56	3479
4F	45B6	56	3479
4F	45B7	56	3479
4F	45B9	56	3479
4F	45BA	56	3479
4F	45BB	56	3479
4F	45BC	56	3479
4F	45BD	56	3479
4F	45BE	56	3479
4F	45BF	56	3479
4F	45C0	56	3479
4F	45C1	56	3479
4F	45C2	56	3479
4F	45C3	56	3479
4F	45C5	16	3483
4F	45C6	23	3477
4F	45C8	23	3477
4F	45CA	23	3477
4F	45CB	23	3477
4F	45CD	23	3477
4F	45CF	23	3477
4F	45D1	23	3477
4F	45D3	82	3477
4F	45D6	82	3477
4F	45D7	1408	3477
4F	45D8	1408	3477
4F	45DA	1408	3477
4F	45DB	1408	3477
4F	45DC	1408	3477
4F	45DE	1408	3477
4F	45DF	1408	3477
4F	45E0	1408	3477
4F	45E1	1408	3477
4F	45E2	1408	3477
4F	45E4	6	10183
4F	45E6	1408	3477
4F	45E7	1408	3477
4F	45E8	1408	3477
4F	45EA	82	3477
4F	45EB	82	3477
4F	45EC	82	3477
4F	45EE	82	3477
4F	45EF	82	3477
4F	45F1	82	3477
4F	45F2	82	3477
4F	45F3	82	3477
4F	45F5	82	3477
4F	45F6	82	3477
4F	45F7	82	3477
4F	45F8	82	3477
4F	45FA	23	3477
4F	45FC	23	3477
4F	45FD	23	3477
4F	45FF	23	3477
4F	4601	23	3477
4F	4603	23	3477
4F	4604	8	3477
4F	4606	8	3477
4F	4608	8	3477
4F	4609	8	3477
4F	460B	56	3477
4F	460C	56	3477
4F	460D	56	3477
4F	460E	56	3477
4F	4610	56	3477
4F	4612	56	3477
4F	4614	8	3477
4F	4616	8	3477
4F	4618	8	3477
4F	4619	56	3477
4F	461A	56	3477
4F	461B	56	3477
4F	461C	56	3477
4F	461D	56	3477
4F	461E	56	3477
4F	461F	56	3477
4F	4620	56	3477
4F	4622	56	3477
4F	4624	56	3477
4F	4625	56	3477
4F	4626	56	3477
4F	4627	56	3477
4F	4628	56	3477
4F	4629	56	3477
4F	462A	56	3477
4F	462C	56	3477
4F	462D	56	3477
4F	462E	56	3477
4F	4630	56	3477
4F	4632	56	3477
4F	4635	1120	3477
4F	4636	1120	3477
4F	4637	1120	3477
4F	4638	1120	3477
4F	4639	1120	3477
4F	463A	1120	3477
4F	463B	1120	3477
4F	463C	1120	3477
4F	463D	1120	3477
4F	463E	1120	3477
4F	463F	1120	3477
4F	4640	1120	3477
4F	4641	1120	3477
4F	4642	1120	3477
4F	4643	1120	3477
4F	4644	1120	3477
4F	4645	1120	3477
4F	4646	1120	3477
4F	4647	1120	3477
4F	4648	1120	3477
4F	4649	1120	3477
4F	464A	1120	3477
4F	464B	1120	3477
4F	464C	1120	3477
4F	464D	1120	3477
4F	464E	1120	3477
4F	464F	1120	3477
4F	4650	1120	3477
4F	4651	1120	3477
4F	4652	1120	3477
4F	4653	1120	3477
4F	4654	1120	3477
4F	4655	1120	3477
4F	4656	1120	3477
4F	4658	56	3477
4F	4659	56	3477
4F	465A	56	3477
4F	465B	56	3477
4F	465C	56	3477
4F	465E	8	3477
4F	4660	8	3477
4F	4661	8	3477
4F	4663	8	3477
4F	4665	8	3477
4F	4667	8	3477
4F	4668	1	1833
4F	466E	1	1834
4F	466F	1	1834
4F	4677	1	1834
4F	467D	1	1834
4F	467E	1	1834
4F	467F	1	1834
4F	4680	1	1834
4F	4686	1	1835
4F	4687	1	1835
4F	468F	1	1835
4F	4695	1	2769
4F	46A5	1	2769
4F	46AB	1	2770
4F	46AE	1	2770
4F	46B1	1	2770
4F	4717	1	8
4F	4718	1	8
4F	4719	1	8
4F	471A	1	8
4F	471C	1	8
4F	471E	1	8
4F	4720	1	8
4F	4722	1	8
4F	4724	1	8
4F	4726	1	8
4F	4728	1	8
4F	472A	1	8
4F	472C	1	8
4F	472E	1	8
4F	4731	1	8
4F	4734	1	8
4F	4735	1	8
4F	4738	1	8
4F	473B	1	8
4F	473E	1	8
4F	473F	1	8
4F	4742	1	8
4F	4744	1	8
4F	4746	1	8
4F	4749	1	8
4F	474C	1	8
4F	474D	1	8
4F	4750	1	10
4F	4752	1	10
4F	4754	6	10
4F	4755	6	10
4F	4757	6	10
4F	475A	6	10
4F	475D	6	10
4F	475E	6	10
4F	4761	6	11
4F	4762	6	11
4F	4763	6	11
4F	4765	1	14
4F	4766	1	14
4F	4768	1	14
4F	476A	1	14
4F	476D	1	14
4F	4770	1	14
4F	4771	1	14
4F	4774	1	15
4F	4776	1	15
4F	4778	1	15
4F	477A	1	15
4F	477C	1	15
4F	477E	1	15
4F	4780	1	16
4F	4783	1	16
4F	4786	1	16
4F	4789	1	16
4F	478A	1	16
4F	478D	1	16
4F	4793	1	16
4F	4796	1	16
4F	4798	1	16
4F	479A	1	16
4F	479B	1	16
4F	479D	1	16
4F	479F	1	16
4F	47A1	1	16
4F	47A2	1	16
4F	47A3	1	17
4F	47A4	1	17
4F	47A5	1	17
4F	47A7	1	17
4F	47A9	1	17
4F	47AC	1	17
4F	47AF	1	17
4F	47B2	1	17
4F	47B5	1	17
4F	47B6	1	17
4F	47B9	1	17
4F	47BC	1	17
4F	47BF	1	17
4F	47C0	1	17
4F	47C3	1	17
4F	47C6	1	17
4F	47C7	1	17
4F	47C8	1	17
4F	47CB	1	17
4F	47CE	1	17
4F	47D1	1	17
4F	47D2	1	17
4F	47D4	1	17
4F	47D6	1	17
4F	47D8	1	17
4F	47D9	1	17
4F	47DA	1	17
4F	47DC	1	17
4F	47DE	6	17
4F	47DF	6	17
4F	47E1	6	17
4F	47E2	6	17
4F	47E5	6	17
4F	47E8	6	17
4F	47EB	6	18
4F	47EE	6	18
4F	47EF	6	18
4F	47F0	6	18
4F	47F2	1	22
4F	47F3	1	22
4F	47F6	1	22
4F	47FC	1	22
50	4000	1	37711
50	4003	1	37711
50	4004	1	37711
50	4005	1	37711
50	4008	1	37711
50	4009	1	37711
50	400A	1	37711
50	400C	1	37711
50	400E	1	37711
50	400F	1	37711
50	4011	1	37711
50	4013	1	37711
50	4015	1	37711
50	4018	1	38332
50	4019	1	38332
50	401B	1	38332
50	4021	1	38332
50	4024	1	38332
50	402A	1	38343
50	4030	1	38463
50	4036	1	38469
50	4039	1	38469
50	403F	1	41270
50	4045	1	41285
50	4046	1	41285
50	4048	1	41285
50	404A	1	41285
50	404B	1	41285
50	404D	1	41285
50	404F	1	41285
50	4061	1	37711
50	4062	1	37711
50	4063	1	37711
50	4066	1	37711
50	4069	1	37711
50	406C	1	37711
50	4072	1	37711
50	4073	1	37711
50	4074	1	37711
50	4075	1	37711
50	4078	1	37711
50	4079	1	37711
50	407A	1	37711
50	407D	1	37711
50	407F	1	37711
50	4082	1	37711
50	4084	1	37711
50	4086	1	37711
50	4088	1	37711
50	4089	1	37711
50	408B	1	37711
50	408D	1	37711
50	408F	1	37711
50	4091	1	37711
50	4093	1	37711
50	4095	1	37711
50	409B	1	37711
50	409E	1	37711
50	409F	1	37711
50	40A2	1	37711
50	40A5	1	37711
50	40A8	1	37711
50	40AA	1	37711
50	40AC	1	37711
50	40AE	1	37711
50	40B4	1	37712
50	40B7	1	37712
50	40BA	1	37712
50	40BC	1	37712
50	40BE	1	37712
50	40C0	1	37712
50	40C6	1	37713
50	40C9	1	37713
50	40CC	1	37713
50	40CE	1	37713
50	40D0	1	37713
50	40D2	1	37713
50	40D8	1	37714
50	40DB	1	37714
50	40DE	1	37714
50	40E0	1	37714
50	40E2	1	37714
50	40E4	1	37714
50	40EA	1	37715
50	40ED	1	37715
50	40F0	1	37715
50	40F3	1	37715
50	40F5	1	37715
50	40FB	1	37715
50	40FE	1	37715
50	40FF	1	37715
50	4129	1	37715
50	412B	1	37715
50	412E	1	37715
50	4131	1	37715
50	4133	1	37715
50	4148	1	37715
50	414A	1	37715
50	414D	1	37715
50	414F	1	37715
50	4152	1	37715
50	4155	1	37715
50	4157	1	37715
50	4159	1	37715
50	415F	1	37715
50	4162	1	37715
50	4165	1	37715
50	4168	1	37715
50	416A	1	37715
50	4170	1	37715
50	4254	1	37715
50	4257	1	37715
50	4258	1	37715
50	4259	1	37715
50	425C	1	37715
50	425D	1	37715
50	425E	1	37715
50	425F	1	37715
50	4261	1	37715
50	4262	1	37715
50	4263	1	37715
50	4264	1	37715
50	4265	1	37715
50	4268	1	37715
50	426B	1	37715
50	426D	1	37715
50	4273	1	37715
50	4276	1	37715
50	4279	1	37715
50	427B	1	37715
50	427E	1	37716
50	4284	1	37716
50	428A	1	37732
50	428C	1	37732
50	428D	1	37732
50	428F	1	37732
50	4291	1	37732
50	4294	1	37732
50	4297	1	37732
50	4298	1	37732
50	429A	600	37732
50	42A0	600	37732
50	42A3	600	37733
50	42A9	600	37733
50	42B6	600	37733
50	42B8	600	37733
50	42BA	600	37733
50	42BD	600	37733
50	42C0	600	37733
50	42C1	600	37733
50	42C4	600	37733
50	42C6	600	37733
50	42C9	10	37792
50	42CA	10	37792
50	42CD	10	37792
50	42D0	10	37792
50	42D1	10	37792
50	42D4	10	37792
50	42D5	10	37792
50	42D8	10	37792
50	42D9	10	37792
50	42DA	10	37792
50	42E4	10	37792
50	42E6	10	37792
50	42E8	9	37792
50	4301	1	38332
50	4303	1	38332
50	4338	1	37715
50	433B	1	37715
50	433C	1	37715
50	433E	1	37715
50	4341	1	37715
50	4344	1	37715
50	4347	1	37715
50	4352	1	37715
50	4355	1	37715
50	4356	1	37715
50	4357	1	37715
50	435A	1	37715
50	435B	1	37715
50	435C	1	37715
50	435D	1	37715
50	435F	1	37715
50	4360	1	37715
50	4361	1	37715
50	4362	1	37715
50	4363	1	37715
50	4364	1	37715
50	4366	1	37715
50	4369	1	37715
50	436C	1	37715
50	436D	1	37715
50	436E	1	37715
50	4370	1	37715
50	4376	1	37715
50	4377	1	37715
50	4378	1	37715
50	4379	1	37715
50	437A	1	37715
50	437C	1	37715
50	437D	1	37715
50	437E	1	37715
50	4380	1	37715
50	4381	1	37715
50	4382	1	37715
50	4385	1	37715
50	4386	1	37715
50	4388	1	37715
50	4389	1	37715
51	4000	1	41285
51	4003	1	42813
51	4006	1	42813
51	4008	1	42813
51	400B	1	42813
51	400D	1	42813
51	4010	1	42813
51	4012	1	42813
51	4015	1	42813
51	4016	1	42813
51	4019	1	42813
51	401C	1	42813
51	401F	1	42813
51	4022	1	42813
51	4024	1	42813
51	4026	1	42813
51	4029	1	42813
51	402B	1	42813
51	402D	1	42813
51	4030	1	42813
51	4033	1	42813
51	4036	1	42813
51	4037	1	42813
51	403A	1	42813
51	403B	1	42813
51	403E	1	42813
51	403F	1	42813
51	4042	1	42813
51	4043	1	42813
51	4044	1	42813
51	4046	1	42813
51	4049	1	42813
51	404A	1	41285
51	404D	1	41286
51	404F	1	41286
51	4051	1	41286
51	4053	1	41286
51	4054	1	41286
51	4056	1	41286
51	4058	1	41286
51	405A	1	41286
51	405C	1	41286
51	405E	1	41286
51	4060	1	41286
51	4066	1	41286
51	4069	1	41286
51	406C	1	41286
51	406D	1	41286
51	4070	1	41286
51	4073	1	41286
51	4075	1	41286
51	4077	1	41286
51	407A	1	41286
51	407D	1	41286
51	407F	1	41286
51	4081	1	41286
51	4083	1	41286
51	4089	1	41287
51	408C	1	41287
51	408F	1	41287
51	4091	1	41287
51	4093	1	41287
51	4095	1	41287
51	409B	1	41288
51	409E	1	41288
51	40A1	1	41288
51	40A4	1	41288
51	40A6	1	41288
51	40AC	1	41288
51	40AF	1	41288
51	40B2	1	41288
51	40B5	1	41288
51	40B7	1	41288
51	40BD	1	41288
51	4105	1	41288
51	4108	1	41288
51	4109	1	41288
51	410B	1	41288
51	410D	1	41288
51	4110	1	41288
51	4117	1	41288
51	4119	1	41288
51	411C	1	41288
51	411E	1	41288
51	4120	1	41288
51	4123	1	41288
51	4128	1	41288
51	4129	1	41288
51	412B	1	41288
51	412E	1	41288
51	4131	1	41288
51	4134	1	41288
51	4137	1	41288
51	4138	1	41288
51	413B	1	41288
51	413E	1	41288
51	4140	1	41288
51	4142	1	41288
51	4145	1	41288
51	414A	1	41288
51	414C	1	41288
51	414D	1	41288
51	414F	1	41288
51	4150	1	41288
51	4152	1	41288
51	4155	1	41288
51	4158	1	41288
51	4159	1	41288
51	415C	1	41288
51	415E	1	41288
51	4161	1	41289
51	4167	1	41289
51	416D	1	41305
51	4170	1	41305
51	4172	1	41305
51	4174	1	41305
51	4176	1	41305
51	4177	1	41305
51	4179	1	41305
51	417B	1	41305
51	417E	1	41305
51	4181	1	41305
51	4182	1	41305
51	4184	1	41305
51	4196	1	41305
51	4197	1	41305
51	4199	1493	41305
51	419F	1493	41305
51	41A2	1493	41306
51	41A8	1493	41306
51	41AE	1493	41306
51	41BB	1	42798
51	41C7	1	42798
51	41CD	1	42813
51	41D3	1	42813
51	41D5	1	42813
51	41D7	1	42813
51	41D8	7	41288
51	41D9	7	41288
51	41DA	7	41288
51	41DC	7	41288
51	41DE	3	41288
51	41DF	3	41288
51	41E1	2	41288
51	41E3	2	41288
51	41E4	2	41288
51	41E8	1	41288
51	41E9	1	41288
51	41EA	1	41288
51	41ED	1	41288
51	41EE	1	41288
51	41EF	1	41288
51	41F1	1	41288
51	41F3	3	41288
51	41F4	3	41288
51	41F5	3	41288
51	41F6	3	41288
51	41F7	3	41288
51	41F8	3	41288
51	41F9	3	41288
51	41FA	3	41288
51	41FB	3	41288
51	41FC	3	41288
51	41FD	3	41288
51	41FE	3	41288
51	41FF	3	41288
51	4200	3	41288
51	4201	3	41288
51	4202	3	41288
51	4203	3	41288
51	4205	3	41288
51	4206	3	41288
51	4208	3	41288
51	420A	3	41288
51	420B	3	41288
51	420C	3	41288
51	420D	3	41288
51	420E	3	41288
51	4211	3	41288
51	4212	3	41288
51	4214	3	41288
51	4215	3	41288
51	4218	3	41288
51	4219	3	41288
51	421A	3	41288
51	421B	3	41288
51	421E	3	41288
51	421F	3	41288
51	4221	3	41288
51	4222	3	41288
51	4223	3	41288
51	4224	3	41288
51	4239	1	41286
51	423A	1	41286
51	423D	1	41286
51	423E	1	41286
51	423F	1	41286
51	4240	1	41286
51	4241	1	41286
51	4242	1	41286
51	4243	1	41286
51	4244	1	41286
51	4245	1	2769
51	4246	1	2769
51	4249	1	2769
51	424C	1	2769
51	424F	1	2769
51	4252	1	2769
51	4255	1	2769
51	4258	1	2769
51	425B	1	2769
51	425E	1	2769
51	425F	16843	3542
51	4262	16843	3542
51	4265	16843	3542
51	4266	16843	3542
51	4268	16843	3542
51	426A	16843	3542
51	426F	16843	3542
51	4270	16843	3542
51	4271	16843	3542
51	4274	16843	3542
51	4275	16843	3542
51	4277	16843	3542
51	4279	16843	3542
51	427E	16843	3542
51	427F	16843	3542
51	4280	16843	3542
51	4283	16843	3542
51	4284	16843	3542
51	4286	16843	3542
51	4288	16843	3542
51	428A	16843	3542
51	4292	16843	3542
51	4294	16843	3542
51	4295	16843	3542
51	4297	16843	3542
51	4299	16843	3542
54	403D	1	3033
54	403F	1	3033
54	4042	1	3033
54	4044	1	3033
54	4047	1	3033
54	4048	1	3033
54	404B	1	3033
54	404E	1	3033
54	404F	1	3033
54	4050	1	3033
54	4051	1	3033
54	4054	1	3033
54	4056	1	3033
54	405C	1	3033
54	405D	296	3033
54	4060	296	3033
54	4062	296	3033
54	4064	296	3033
54	4066	296	3033
54	4068	292	3033
54	406A	292	3033
54	4071	4	3160
54	4074	4	3160
54	4075	4	3160
54	4076	4	3160
54	4077	4	3160
54	4079	3	3299
54	407A	3	3299
54	407C	2	3299
54	407D	2	3299
54	407F	1	3327
54	4080	1	3327
54	4086	1	3160
54	4089	1	3160
54	408B	1	3160
54	4091	1	3160
54	4093	1	3160
54	4094	1	3299
54	4097	1	3299
54	4099	1	3299
54	409F	1	3299
54	40A2	1	3299
54	40A4	1	3299
54	40A5	1	3299
54	40A7	1	3299
54	40B7	1	3299
54	40BA	1	3299
54	40BB	1	3299
54	4102	1	3299
54	4103	1	3299
54	4106	1	3299
54	410C	1	3299
54	410F	1	3299
54	4115	1	3299
54	4118	1	3299
54	411E	1	3299
54	4121	1	3299
54	4127	1	3299
54	4129	1	3299
54	412C	1	3299
54	4132	1	3299
54	4134	1	3299
54	4135	1	3327
54	4138	1	3327
54	4139	1	3327
54	413A	1	3327
54	4141	1	3299
54	4142	1	3299
54	4145	1	3299
54	4147	1	3299
54	414A	1	3299
54	414D	1	3299
54	4153	1	3299
54	4156	1	3299
54	4158	1	3299
54	4176	1	3299
54	4178	1	3299
54	417B	1	3299
54	417D	1	3299
54	4180	1	3299
54	4183	1	3299
54	4185	1	3299
54	418B	1	3299
54	418C	1	38343
54	418E	1	38343
54	4191	1	38343
54	4193	1	38343
54	4196	1	38343
54	4197	1	38343
54	419A	1	38343
54	419C	1	38343
54	41A2	1	38343
54	41A3	121	38343
54	41A6	121	38343
54	41A8	121	38343
54	41AA	121	38343
54	41AC	121	38343
54	41AE	120	38343
54	41B0	120	38343
54	41B7	1	38463
54	41B9	1	38463
54	41BF	1	38463
54	41C2	1	38463
54	41C3	1	38463
54	41C4	1	38463
54	4288	1	3328
54	4289	1	3328
54	428C	1	3328
54	428D	1	3328
54	4290	1	3328
54	4291	1	3328
54	4294	1	3328
54	4295	1	3328
54	4298	1	3328
54	4299	1	3328
54	429C	1	3328
54	429D	1	3328
54	42A0	1	3328
54	42A2	1	3328
54	42A5	1	3328
54	42A7	1	3328
54	42AA	1	3328
54	42AB	1	3328
54	42AE	1	3328
54	42B1	1	3328
54	42B2	1	3328
54	42B3	1	3328
54	42B6	1	3328
54	42B7	1	3328
54	42BA	1	3328
54	42BB	1	3328
54	42BC	1	3328
54	42BD	1	3328
54	42BE	1	3328
54	42BF	1	3328
54	42C0	1	3328
54	42C1	1	3328
54	42C2	1	3328
54	42C3	1	3328
54	42C4	1	3328
54	42C5	1	3328
54	42C8	1	3328
54	42CE	1	3328
54	42D1	1	3328
54	42D7	1	3328
54	42D8	1	3328
54	42DB	1	3328
54	42DD	1	3328
54	42E3	1	3328
54	42E4	1	3328
54	42E6	55	3328
54	42E7	55	3328
54	42E8	55	3328
54	42EA	54	3328
54	42EC	54	3328
54	42EE	5	3328
54	42EF	5	3328
54	42F1	1	3328
54	42F2	1	3328
54	42F4	1	3328
54	4357	50	3328
54	435A	50	3328
54	435C	50	3328
54	435E	50	3328
54	4360	50	3328
54	4363	50	3328
54	4365	50	3328
54	4368	49	3328
54	436A	49	3328
54	43EE	1	3376
54	43F0	1	3376
57	4000	1	2789
57	4001	1	2789
57	4002	1	2789
57	4003	1	2789
57	4006	1	2789
57	4009	1	2789
57	400C	1	2789
57	4012	1	2789
57	4013	1	2789
57	4014	1	2789
57	4015	1	2789
57	4018	1	2789
57	4019	1	2789
57	401C	1	2789
57	401D	1	2789
57	4020	1	2789
57	4021	1	2789
57	4022	1	2789
57	4023	1	2789
57	4026	1	2789
57	4029	2	2789
57	402B	2	2789
57	402D	2	2789
57	402F	2	2789
57	4031	2	2789
57	4032	2	2789
57	4034	2	2789
57	4036	2	2789
57	4038	2	2789
57	403A	2	2789
57	403C	2	2789
57	403E	2	2789
57	4044	2	2789
57	4046	2	2789
57	4049	2	2789
57	404C	2	2814
57	404F	2	2814
57	4051	2	2814
57	4052	2	2814
57	4054	2	2814
57	4056	2	2814
57	4059	2	2814
57	405C	2	2814
57	405D	2	2814
57	405F	114	2814
57	4062	114	2815
57	4063	114	2815
57	4065	112	2815
57	4068	2	2898
57	406B	2	2913
57	4071	2	2913
57	4074	2	2913
57	4075	2	2913
57	4077	2	2913
57	4079	2	2913
57	407B	1	2913
57	407D	1	2913
57	4082	1	2913
57	4085	1	2913
57	4087	1	2913
57	408A	1	2913
57	4096	1	2988
57	409C	1	3003
57	409F	1	3003
57	40A0	1	3003
57	40A3	1	3003
57	40A4	1	3003
57	40A7	1	3003
57	40A8	1	3003
57	40A9	1	3003
57	40AA	1	3003
57	40AB	1	3003
57	40AE	1	3003
57	40B1	1	3003
57	40B2	1	3003
57	40B5	1	3003
57	40B6	1	3003
57	40B7	1	3003
57	40BA	1	3003
57	40BB	1	3003
57	40BC	1	3003
57	40BF	1	3003
57	40C2	1	3003
57	40C3	4	3003
57	40C4	4	3003
57	40C5	4	3003
57	40C6	4	3003
57	40C9	4	3003
57	40CF	4	3003
57	40D0	4	3003
57	40D2	1	3003
57	40D4	1	3003
57	40D7	1	3003
57	40DD	1	3003
57	40DF	1	3003
57	40E0	114	2814
57	40E3	114	2814
57	40E5	114	2814
57	40E8	114	2814
57	40EE	114	2814
57	40F1	114	2815
57	40F7	114	2815
57	40FD	114	2815
57	40FF	114	2815
57	4100	114	2815
57	4101	2	2898
57	4102	2	2898
57	4105	2	2898
57	4107	2	2898
57	4109	2	2898
57	410C	2	2898
57	410E	2	2898
57	4111	1	2973
57	4114	1	2973
57	4116	1	2973
57	4119	1	2973
57	411B	1	2973
57	411E	1	2973
57	4121	1	2973
57	4123	1	2973
57	41CA	1	2898
57	41CC	1	2898
57	41CE	1	2898
57	41D0	1	2898
57	41D2	1	2898
57	41D4	1	2898
57	41D6	1	2898
57	41DE	1	2898
57	41E0	1	2898
57	41E3	1	2898
57	41E6	1	2898
57	41E8	1	2898
57	41EA	1	2898
57	41EC	1	2898
57	41EF	1	2898
57	41F2	1	2898
57	41F4	1	2898
57	41F5	1	2898
57	41F7	1	2898
57	41F9	1	2898
57	41FA	1	2898
57	41FD	1	2898
57	4443	1	2973
57	4445	1	2973
57	4447	1	2973
57	4453	1	2973
57	4455	1	2973
57	4458	1	2973
57	445A	1	2973
57	445D	1	2973
57	44E4	2	2814
57	44E7	2	2814
57	44E9	2	2814
57	44EB	2	2814
57	44EE	2	2814
57	44F0	2	2814
57	44F3	1	2941
57	44F6	1	2941
57	44F8	1	2941
57	44FB	1	2941
57	44FE	1	2941
57	4500	1	2941
57	4503	1	2941
57	4506	1	2941
57	4508	1	2941
57	4511	1	2814
57	459A	1	2941
57	459C	1	2941
57	459F	1	2941
57	45A2	1	2941
57	45A5	1	2941
57	45A6	1	2941
57	45A9	1	2941
57	45AC	4	2941
57	45AE	4	2941
57	45B1	4	2941
57	45B3	4	2941
57	45B4	4	2941
57	45B5	4	2941
57	45B6	4	2941
57	45B8	1	2941
57	45BB	1	2943
57	45E6	2	2898
57	45E9	2	2898
57	45EC	2	2898
57	45ED	2	2898
57	45F0	2	2898
57	45F3	2	2898
57	45F4	2	2898
57	45F6	2	2898
57	45F8	2	2898
57	45FB	2	2898
57	45FD	2	2898
57	4600	1	2973
57	4603	1	2973
57	4605	1	2973
57	4608	1	2973
57	460B	1	2973
57	460D	1	2973
57	4610	1	2973
57	4613	1	2973
57	4615	1	2973
57	4668	1	2898
57	466B	1	2898
57	466C	1	2898
57	466E	1	2898
57	4674	1	2913
57	4677	1	2913
57	467A	1	2913
57	467D	1	2913
57	4771	1	2973
57	4774	1	2973
57	4776	1	2973
57	4777	1	2973
57	477D	1	2988
57	47A6	2	2789
57	47A9	2	2789
57	47AB	2	2789
57	47AD	2	2789
57	47B0	2	2789
57	47B2	2	2789
57	47B5	1	2913
57	47B8	1	2913
57	47BA	1	2913
57	47BD	1	2913
57	47C0	1	2913
57	47C2	1	2913
57	47C5	1	2913
57	47C8	1	2913
57	47CA	1	2913
57	47D1	1	2789
57	47D4	1	2789
57	47D7	1	2789
57	47D9	1	2789
57	47DB	1	2789
57	47DD	1	2789
57	47E3	1	2790
57	47E6	1	2790
57	47E9	1	2790
57	47EB	1	2790
57	47ED	1	2790
57	47EF	1	2790
57	47F5	1	2791
57	47F8	1	2791
57	47FB	1	2791
57	47FE	1	2791
57	4800	1	2791
57	4806	1	2791
57	4809	1	2791
57	480C	1	2791
57	480F	1	2791
57	4811	1	2791
57	4817	1	2791
57	481A	1	2791
57	481D	1	2791
57	481F	1	2791
57	4821	1	2791
57	4827	1	2791
57	482A	1	2791
57	482D	1	2791
57	4830	1	2791
57	4832	1	2791
57	4835	1	2791
57	4838	1	2791
57	483B	1	2791
57	4841	1	2791
57	4843	1	2791
57	4846	1	2791
57	4849	1	2791
57	484C	1	2791
57	4852	1	2791
57	4854	1	2791
57	4856	1	2791
57	4857	1	2791
57	4859	1	2791
57	485B	1	2791
57	485D	1	2791
57	485F	1	2791
57	4860	1	2791
57	4863	1	2791
57	4866	1	2791
57	4869	1	2791
57	486C	1	2791
57	486F	1	2791
57	4871	1	2791
57	4873	1	2791
57	4875	1	2791
57	487B	1	2792
57	487E	1	2792
57	4881	1	2792
57	4883	1	2792
57	4885	1	2792
57	4887	1	2792
57	488D	1	2793
57	488F	1	2793
57	4890	1	2793
57	4892	1	2793
57	4894	1	2793
57	4896	1	2793
57	4898	1	2793
57	489A	1	2793
57	489B	1	2793
57	489D	1	2793
57	489F	1	2793
57	48A1	1	2793
57	48A3	1	2793
57	48A4	1	2793
57	48A7	1	2793
57	48AA	1	2793
57	48AD	1	2793
57	48B0	1	2793
57	48B3	1	2793
57	48B6	1	2793
57	48B8	1	2793
57	48BA	1	2793
57	48BC	1	2793
57	48C2	1	2794
57	48C5	1	2794
57	48C8	1	2794
57	48CA	1	2794
57	48CC	1	2794
57	48CE	1	2794
57	48D4	1	2795
57	48D7	1	2795
57	48DA	1	2795
57	48DC	1	2795
57	48DE	1	2795
57	48E0	1	2795
57	48E6	1	2796
57	48E8	1	2796
57	48E9	1	2796
57	48EB	1	2796
57	48ED	1	2796
57	48EF	1	2796
57	48F2	1	2796
57	48F4	1	2796
57	48F6	1	2796
57	48F8	1	2796
57	48FB	1	2796
57	48FD	1	2796
57	4900	1	2796
57	4903	1	2796
57	4906	1	2796
57	4909	1	2796
57	490B	1	2796
57	4911	1	2796
57	4E4C	1	2913
57	4E4F	1	2913
57	4E52	1	2913
57	4E54	1	2913
57	4E56	1	2913
57	4E58	1	2913
57	4E5E	1	2914
57	4E61	1	2914
57	4E64	1	2914
57	4E66	1	2914
57	4E68	1	2914
57	4E6A	1	2914
57	4E70	1	2915
57	4E73	1	2915
57	4E76	1	2915
57	4E78	1	2915
57	4E7A	1	2915
57	4E7C	1	2915
57	4E82	1	2916
57	4E85	1	2916
57	4E88	1	2916
57	4E8B	1	2916
57	4E8D	1	2916
57	4E93	1	2916
57	4E96	1	2918
57	4E99	1	2918
57	4E9C	1	2918
57	4E9F	1	2918
57	4EA1	1	2918
57	4EA7	1	2918
57	4EA9	1	2918
57	4EAB	1	2918
57	4EAC	1	2918
57	4EAE	1	2918
57	4EB0	1	2918
57	4EB2	1	2918
57	4EB4	1	2918
57	4EB5	1	2918
57	4EB8	1	2918
57	4EBB	1	2918
57	4EBE	1	2918
57	4EC1	1	2918
57	4EC4	1	2918
57	4EC6	1	2918
57	4EC8	1	2918
57	4ECA	1	2918
57	4ED0	1	2919
57	4ED3	1	2919
57	4ED6	1	2919
57	4ED8	1	2919
57	4EDA	1	2919
57	4EDC	1	2919
57	4EE2	1	2920
57	4EE4	1	2920
57	4EE5	1	2920
57	4EE7	1	2920
57	4EE9	1	2920
57	4EEB	1	2920
57	4EED	1	2920
57	4EEF	1	2920
57	4EF0	1	2920
57	4EF2	1	2920
57	4EF4	1	2920
57	4EF6	1	2920
57	4EF8	1	2920
57	4EF9	1	2920
57	4EFC	1	2920
57	4EFF	1	2920
57	4F02	1	2920
57	4F05	1	2920
57	4F08	1	2920
57	4F0B	1	2920
57	4F0D	1	2920
57	4F0F	1	2920
57	4F11	1	2920
57	4F17	1	2921
57	4F1A	1	2921
57	4F1D	1	2921
57	4F1F	1	2921
57	4F21	1	2921
57	4F23	1	2921
57	4F29	1	2922
57	4F2C	1	2922
57	4F2F	1	2922
57	4F31	1	2922
57	4F33	1	2922
57	4F35	1	2922
57	4F3B	1	2923
57	4F3D	1	2923
57	4F3E	1	2923
57	4F40	1	2923
57	4F42	1	2923
57	4F44	1	2923
57	4F46	1	2923
57	4F49	1	2923
57	4F4B	1	2923
57	4F4E	1	2923
57	4F50	1	2923
57	4F53	1	2923
57	4F56	1	2923
57	5077	2	2796
57	507A	2	2796
57	507D	2	2796
57	507F	2	2796
57	5081	2	2796
57	5083	2	2796
57	5089	2	2797
57	508C	2	2797
57	508F	2	2797
57	5092	2	2797
57	5094	2	2797
57	509A	2	2797
57	509C	2	2797
57	509F	2	2798
57	50A2	2	2798
57	50A4	2	2798
57	50A6	2	2798
57	50AC	2	2798
57	50B2	2	2814
57	510F	2	2916
57	5112	2	2916
57	5114	2	2916
57	5116	2	2916
57	5119	2	2916
57	511B	2	2916
57	511E	2	2916
57	5121	2	2916
57	5123	2	2916
57	5126	2	2916
57	5129	2	2916
57	512B	2	2916
57	512E	2	2916
57	5131	2	2916
57	5133	2	2916
57	5187	2	2916
57	518A	2	2916
57	518D	2	2916
57	5190	2	2916
57	5192	2	2916
57	5198	2	2916
57	519A	2	2916
57	519D	2	2916
57	51A0	2	2916
57	51A3	2	2916
57	51A9	2	2916
57	51BC	2	2916
57	51BF	2	2916
57	51C0	2	2916
57	51C2	1	2941
57	51C3	1	2941
57	51C4	1	2941
57	51C7	1	2941
57	51C9	4	2941
57	51CA	4	2941
57	51CB	4	2941
57	51CD	1	2941
57	51CE	1	2941
57	51D1	1	2941
57	51D2	4	2941
57	51D3	4	2941
57	51D4	4	2941
57	51D6	1	2941
57	51D7	1	2941
57	51DA	1	2941
57	51DC	4	2941
57	51DD	4	2941
57	51DE	4	2941
57	51E0	1	2941
57	51E1	1	2941
57	51E4	4	2941
57	51E5	4	2941
57	51E6	4	2941
57	51E8	2	2916
57	51EB	2	2916
57	51EE	2	2916
57	51F0	2	2916
57	51F2	2	2916
57	51F4	2	2916
57	51FA	2	2917
57	51FD	2	2917
57	5200	2	2917
57	5202	2	2917
57	5204	2	2917
57	5206	2	2917
57	520C	2	2918
57	546C	2	2898
57	546D	2	2898
57	5470	2	2898
57	5472	2	2898
57	5474	2	2898
57	5477	2	2898
57	5479	2	2898
57	547C	1	2973
57	547F	1	2973
57	5481	1	2973
57	5484	1	2973
57	5487	1	2973
57	5489	1	2973
57	548C	1	2973
57	548F	1	2973
57	5491	1	2973
57	54E4	1	2898
57	54E5	1	2898
57	54E6	1	2898
57	54E8	1	2898
57	54EA	1	2898
57	54EB	1	2898
57	54ED	1	2898
57	54EF	1	2898
57	54F2	1	2898
57	54F5	1	2898
57	54F6	1	2898
57	54F8	1	2898
57	55E0	1	2973
57	55E1	1	2973
57	55E2	1	2973
57	55E4	1	2973
57	55E6	1	2973
57	55E7	1	2973
57	55E9	1	2973
57	55EB	1	2973
57	55EE	1	2973
57	55F1	1	2973
57	55F2	1	2973
57	55F4	1	2973
63	4000	266	3495
63	4001	266	3495
63	4002	266	3495
63	4003	266	3495
63	4004	266	3495
63	4005	266	3495
63	4007	266	3495
63	4008	266	3495
63	400A	266	3495
63	400C	266	3495
63	400E	266	3495
63	4010	266	3495
63	4012	266	3495
63	4014	266	3495
63	4017	266	3495
63	4018	266	3495
63	4019	266	3495
63	401A	266	3495
63	401B	266	3495
63	401C	266	3495
63	401D	266	3495
63	401E	266	3495
63	401F	266	3495
63	4020	266	3495
63	4021	266	3495
63	4023	266	3495
63	4024	266	3495
63	4026	266	3495
63	4028	266	3495
63	4029	266	3495
63	402A	266	3495
63	402B	266	3495
63	402C	266	3495
63	403D	24	3496
63	403F	24	3496
63	4041	24	3496
63	4043	30	3495
63	4045	30	3495
63	4047	30	3495
63	4049	8	3506
63	404B	8	3506
63	404D	8	3506
63	404F	74	3495
63	4051	74	3495
63	4053	74	3495
63	4055	44	3497
63	4057	44	3497
63	4059	44	3497
63	405B	24	3495
63	405D	24	3495
63	405F	24	3495
63	4061	34	3502
63	4063	34	3502
63	4065	34	3502
63	4067	28	3497
63	4069	28	3497
63	406B	28	3497
63	406D	266	3495
63	406E	266	3495
63	406F	266	3495
63	4070	266	3495
63	4071	266	3495
65	4000	1	17
65	4003	1	22
65	4009	1	22
65	400F	1	22
65	4015	1	22
65	4016	1	22
65	4019	1	22
65	401C	1	22
65	401D	1	22
65	401E	1	22
65	4021	1	22
65	4022	1	22
65	4023	1	22
65	4024	1	22
65	4025	1	22
65	4026	1	22
65	4029	1	22
65	402F	1	324
65	4030	1	324
65	4032	1	324
65	4033	1	324
65	4035	1	324
65	4037	1	324
65	4038	1	324
65	4039	1	324
65	403A	1	324
65	403B	1	324
65	4078	1	324
65	407E	1	324
65	407F	1	324
65	4081	1	324
65	4082	1	324
65	4084	1	324
65	4086	1	324
65	4087	1	324
65	4088	1	324
65	4089	1	324
65	408A	1	324
65	408B	1	324
65	416C	1	324
65	4172	1	326
65	4174	1	326
65	4176	1	326
65	417C	1	326
65	417D	1	326
65	417F	1	326
65	4185	1	327
65	4186	1	327
65	4188	1	327
65	41A7	1	327
65	41A9	1	327
67	6369	1	23
67	636B	1	23
67	636D	1	23
67	6373	1	23
67	6379	1	23
67	637C	1	23
67	637F	1	23
67	6381	1	23
67	6383	1	23
67	6385	1	23
67	638B	1	24
67	638E	1	24
67	6391	1	24
67	6393	1	24
67	6395	1	24
67	6397	1	24
67	639D	1	25
67	63A0	1	25
67	63A3	1	25
67	63A5	1	25
67	63A7	1	25
67	63A9	1	25
67	63AF	1	26
67	63B2	1	26
67	63B5	1	26
67	63B8	1	26
67	63BA	1	26
67	63C0	1	26
67	63C3	1	26
67	63C6	1	26
67	63C9	1	26
67	63CB	1	26
67	63D1	1	26
67	63D4	1	26
67	63D7	1	26
67	63DA	1	26
67	63DC	1	26
67	63E2	1	26
67	63E5	1	26
67	63E8	1	26
67	63EA	1	26
67	63EC	1	26
67	63F2	1	26
67	63F5	1	26
67	63F8	1	26
67	63FB	1	26
67	63FD	1	26
67	6400	1	27
67	6401	1	22
67	6404	1	27
67	640A	1	43
67	640C	1	43
67	640D	1	43
67	640F	1	43
67	6411	1	43
67	6414	1	43
67	6417	1	43
67	6418	1	43
67	641A	1	43
67	641D	1	308
67	6423	1	323
67	6425	1	323
67	6426	1	323
67	6428	1	323
67	642A	1	323
67	642D	1	323
67	642E	1	323
67	6430	1	323
67	6433	1	324
67	6436	1	324
67	6437	1	22
67	6439	1	22
67	643B	1	22
67	6441	1	22
67	6447	1	23
67	644D	1	27
67	644E	1	43
67	644F	1	43
67	6452	265	43
67	6458	265	43
67	645B	265	44
67	645D	265	44
67	645F	265	44
67	6460	265	44
67	6462	265	44
67	6464	265	44
67	6466	265	44
67	6468	265	44
67	646B	265	44
67	646C	265	44
67	646E	265	44
67	646F	265	44
67	6471	265	44
67	6473	265	44
67	6475	265	44
67	6476	265	44
67	6477	265	44
67	6479	186	63
67	647B	186	63
67	647D	60	83
67	6480	60	83
67	6481	60	83
67	6483	3	83
67	6485	3	83
67	6486	3	83
67	6488	3	83
67	648A	3	83
67	648D	3	83
67	6490	3	83
67	6491	3	83
67	6493	3	83
67	6495	3	83
67	6498	3	83
67	649A	79	44
67	649B	79	44
67	649E	265	44
67	64A1	265	44
67	64A2	265	44
67	64A4	265	44
67	64A5	265	44
67	64A7	265	44
67	64A9	265	44
67	64AA	265	44
67	64AB	265	44
67	64AC	265	44
67	64AD	265	44
67	64B4	1	44
67	64B7	1	44
67	64BA	1	44
67	64BC	1	44
67	64BF	1	44
67	64C1	1	44
67	64C4	1	44
67	64C7	126	45
67	64CA	126	45
67	64CC	126	45
67	64CF	126	45
67	64D1	126	45
67	64D4	1	170
67	64D6	1	170
67	64D8	1	170
67	64DB	1	170
67	64DD	1	170
67	64DF	1	170
67	64E2	1	170
67	64E5	1	170
67	64E8	1	170
67	64EA	1	170
67	64ED	1	170
67	64EF	1	170
67	64F2	1	170
67	64F5	138	171
67	64F8	138	171
67	64FA	138	171
67	64FD	138	171
67	64FF	138	171
67	6502	1	308
67	6503	1	308
67	6505	1	308
67	6508	1	308
67	650A	1	308
67	650D	1	308
67	6513	1	308
67	6514	1	308
67	6516	1	308
67	6518	1	308
67	651C	1	308
67	651F	1	308
68	431A	1	308
68	431C	1	308
68	431E	1	308
68	4321	1	308
68	4323	1	308
68	4325	1	308
68	4326	1	308
68	4328	1	308
68	432A	1	308
68	432C	1	308
68	432F	1	308
68	4332	1	308
68	4334	1	308
68	4336	1	308
68	4339	1	308
68	433B	1	308
68	433D	1	308
68	4340	1	308
68	4342	1	308
68	4345	1	308
68	4348	1	308
68	434A	1	308
68	434C	1	308
68	434F	1	308
68	4350	1	308
68	4352	1	308
68	4354	1	308
68	4355	1	308
68	4357	1	308
68	435A	1	308
68	435C	1	308
68	435D	1	308
68	435F	1	308
68	4362	1	308
68	4364	1	308
68	4469	1	3299
68	446A	1	3299
68	446B	1	3299
68	446C	1	3299
68	446D	1	3299
68	44D0	1	2770
68	44D2	1	2770
68	44D4	1	2770
68	44D5	1	2770
68	44D7	1	2770
68	44D9	1	2770
68	44DB	1	2770
68	44DE	1	2770
68	44E0	1	2770
68	44E2	1	2770
68	44E5	1	2770
68	44E8	1	2770
68	44EA	1	2770
68	44EB	1	2770
68	44ED	1	2770
68	44EE	1	2770
68	44F0	1	2770
68	44F3	1	2770
68	44F5	1	2770
68	44F6	1	2770
68	44F8	1	2770
68	459A	1	308
68	459C	1	308
68	459E	1	308
68	45A1	1	308
68	45A3	1	308
68	45A5	1	308
68	45A6	1	308
68	45A8	1	308
68	45AA	1	308
68	45AC	1	308
68	45AF	1	308
68	45B2	1	308
68	45B5	1	308
68	45B7	190	308
68	45B8	190	308
68	45B9	190	308
68	45BA	190	308
68	45BC	190	308
68	45BD	190	308
68	45BE	190	308
68	45BF	190	308
68	45C1	1	308
68	45C2	1	308
68	45C3	1	308
68	45C4	1	308
68	45C5	1	308
68	45C6	1	308
68	45C8	1	308
68	45C9	1	308
68	45CA	1	308
68	45CC	1	308
68	45CE	1	308
68	45CF	1	308
68	45D1	1	308
68	45D4	1	308
68	45D6	1	308
68	45D7	1	308
68	45D9	1	308
68	45DC	1	308
68	45DE	1	308
68	4870	1	324
68	4873	1	324
68	4874	1	324
68	4876	1	324
68	4877	1	324
68	4879	1	324
68	487B	1	324
68	487C	1	324
68	487D	1	324
68	487E	1	324
68	487F	1	324
68	4880	1	324
68	4883	1	324
68	4885	1	324
68	4887	1	324
68	4888	1	324
68	488A	1	324
68	488C	1	324
68	488E	1	324
68	488F	1	324
68	4891	1	324
68	4893	1	324
68	4895	1	324
68	4898	1	324
68	489A	1	324
68	489C	1	324
68	489F	1	324
68	48A0	1	324
68	48A1	1	324
68	48A3	1	324
68	48A4	1	324
68	48A6	1	324
68	48A9	1	324
68	48AB	1	324
68	48AD	1	324
68	48AE	1	324
68	48B0	1	324
68	48B3	1	324
68	48B5	1	324
68	48B6	1	324
68	48B8	1	324
68	48BA	1	324
68	48BC	1	324
68	48BE	1	324
68	48C0	1	324
68	48C2	1	324
68	48CE	1	324
68	48D0	1	324
68	48DE	1	324
68	48E1	1	324
68	48E4	1	324
68	48E5	1	324
68	48ED	1	324
68	48F0	1	324
68	48F2	1	324
68	4950	1	324
68	4952	1	324
68	4954	1	324
68	4955	1	324
68	4957	1	324
68	4959	1	324
68	495B	1	324
68	495E	1	324
68	4960	1	324
68	4962	1	324
68	4963	1	324
68	4965	1	324
68	4967	1	324
68	4969	1	324
68	496C	1	324
68	496D	1	324
68	4970	1	324
68	4973	1	324
68	4974	1	324
68	4975	1	324
68	4976	1	324
68	4977	1	324
68	4978	1	324
68	497A	1	324
68	497B	1	324
68	497C	1	324
68	497E	1	324
68	497F	1	324
68	4982	1	324
68	4984	1	324
68	4987	1	324
68	4988	1	324
68	498A	1	324
68	498C	1	324
68	49A0	1	324
68	49A2	1	324
68	49A3	1	324
68	49A5	1	324
68	49A8	1	324
68	49AA	1	324
68	49AC	1	324
68	49AD	1	324
68	49AF	1	324
68	49B2	1	324
68	49B4	1	324
68	49B5	1	324
68	49B6	1	324
68	49B8	1	324
68	49BA	1	324
68	49BB	1	324
68	49BD	1	324
68	49BF	1	324
68	49C1	1	324
68	49C4	1	324
68	49C6	1	324
68	49C8	1	324
68	49C9	1	324
68	49CB	1	324
68	49CD	1	324
68	49CF	1	324
68	49D2	1	324
68	49D5	1	324
68	49D8	1	324
68	49DB	1	324
68	49DC	1	324
68	49DD	1	324
68	49DE	1	324
68	49E1	1	324
68	49E4	1	324
68	49E7	1	324
68	49EA	1	324
68	49EC	1	324
68	49ED	1	324
68	49EF	1	324
68	49F2	1	324
68	49F4	1	324
68	49F6	1	324
68	49F7	1	324
68	49F9	1	324
68	49FC	1	324
68	49FE	1	324
68	49FF	2	324
68	4A02	508	324
68	4A03	508	324
68	4A04	508	324
68	4A05	508	324
68	4A07	508	324
68	4A08	508	324
68	4A09	508	324
68	4A0A	508	324
68	4A0B	508	324
68	4A0C	508	324
68	4A0E	2	324
68	4A0F	1	22
68	4A11	1	22
68	4A13	1	22
68	4A14	1	22
68	4A16	1	22
68	4A18	1	22
68	4A1A	1	22
68	4A1D	1	22
68	4A1F	1	22
68	4A21	1	22
68	4A22	1	22
68	4A24	1	22
68	4A26	1	22
68	4A28	1	22
68	4A2B	1	22
68	4A2C	1	22
68	4A2F	1	22
68	4A32	1	22
68	4A35	1	22
68	4A37	1	22
68	4A38	1	22
68	4A3A	1	22
68	4A3D	1	22
68	4A3F	1	22
68	4A41	1	22
68	4A42	1	22
68	4A44	1	22
68	4A47	1	22
68	4A49	1	22
69	4000	2	3524
69	4003	2	3524
69	4005	2	3524
69	4013	2	3524
69	4014	2	3524
69	4017	2	3524
69	401A	2	3524
69	401B	2	3524
69	401E	2	3524
69	4020	2	3524
69	4022	2	3524
69	4024	2	3524
69	4025	2	3524
69	4028	2	3524
69	402B	2	3524
69	4031	2	3524
69	4034	16941	3524
69	4037	16941	3524
69	4038	16941	3524
69	4039	16941	3524
69	403B	16941	3524
69	403D	16941	3524
69	403E	16941	3524
69	403F	388	3524
69	4042	388	3524
69	4051	2	3524
69	4054	2	3524
69	4055	2	3524
69	4056	2	3524
69	4058	2	3524
69	405B	2	3524
69	405E	2	3524
69	4060	2	3524
69	4062	197	3524
69	4064	197	3524
69	4066	197	3524
69	406C	197	3524
69	406D	196	3573
69	4070	196	3573
69	4072	196	3573
69	407F	190	42933
69	4082	190	42933
69	4084	190	42933
69	4086	191	42861
69	4088	191	42861
69	408A	191	42861
69	4090	191	42861
69	40D1	23635	3524
69	40D4	23635	3524
69	40D6	23635	3524
69	40D7	23515	3524
69	4118	2	3524
69	411B	2	3524
69	411E	2	3524
69	4120	2	3524
69	4122	2	3524
69	4124	2	3524
69	412A	2	3525
69	412D	2	3525
69	4130	2	3525
69	4132	2	3525
69	4134	2	3525
69	4136	2	3525
69	413C	2	3526
69	413F	2	3526
69	4142	2	3526
69	4145	2	3526
69	4147	2	3526
69	414D	23515	3526
69	414E	23515	3526
69	4151	23515	3526
70	4000	1	3003
70	4003	1	3003
70	4004	1	3003
70	4007	1	3003
70	400A	1	3003
70	400D	1	3003
70	4010	1	3003
70	4011	1	3003
70	401F	1	3003
70	4022	1	3003
70	4023	410	3003
70	4026	410	3003
70	4028	410	3003
70	402B	410	3003
70	4031	410	3003
70	4034	410	3032
70	4037	410	3033
70	403A	410	3033
70	403B	410	3033
70	407B	410	3033
70	407E	410	3033
70	407F	410	3032
70	4082	410	3032
70	4085	410	3033
70	4088	410	3033
70	4089	410	3033
70	408B	410	3033
70	408E	410	3033
70	408F	410	3003
70	4092	410	3003
70	4095	410	3003
70	4096	410	3003
70	4097	410	3003
70	4098	410	3003
70	409A	410	3003
70	409B	410	3003
70	409C	410	3003
70	409D	410	3003
70	409E	410	3003
70	409F	410	3003
70	40A2	410	3003
70	40A3	410	3003
70	40A4	410	3003
70	40A5	410	3003
70	40A7	410	3003
70	40A8	410	3003
70	40A9	410	3003
70	40AA	410	3003
70	40AB	410	3003
70	40AC	410	3003
70	40E3	1	3003
70	40E6	1	3015
70	40E7	1	3015
70	40EA	1	3016
70	40ED	1	3016
70	40EF	1	3016
70	40F2	1	3016
70	40F3	1	3016
70	40F6	1	3016
70	40F8	1	3016
70	40FB	1	3016
70	40FE	1	3016
70	4104	1	3016
70	410A	1	3032
70	410C	1	3032
70	410D	1	3032
70	410F	1	3032
70	4111	1	3032
70	4114	1	3032
70	4117	1	3032
70	4118	1	3032
70	411A	1	3032
70	411B	1	3033
70	411D	1	3033
70	4120	1	3033
70	4121	72	3034
70	4124	72	3034
70	4125	72	3034
70	4128	72	3034
70	412A	72	3034
70	412C	1	3105
70	412E	1	3105
70	4131	72	3034
70	4134	72	3034
70	4135	271	3106
70	4138	271	3106
70	413A	271	3106
70	413C	270	3106
70	413E	270	3106
70	4140	270	3106
70	4142	270	3106
70	4144	1	3382
70	4146	1	3382
70	4147	1	3382
70	4149	1	3382
70	414B	1	3382
70	414E	1	3382
70	4151	1	3382
70	4152	1	3382
70	4154	1	3382
70	4156	1	3382
70	4159	1	3382
70	415C	1	3382
70	415F	1	3382
70	4161	1	3382
70	4163	1	3382
70	4169	1	3382
70	416C	1	3382
70	416F	1	3382
70	4172	1	3382
70	4174	1	3382
70	4177	1	3383
70	4179	1	3383
70	417C	1	3383
70	41BB	271	3106
70	41BE	271	3106
70	41BF	20	3383
70	41C2	20	3383
70	41C3	20	3383
70	41C6	20	3383
70	41C7	20	3383
70	41C9	1	3402
70	41CB	1	3402
70	41CC	1	3402
70	41CE	1	3402
70	41D0	1	3402
70	41D3	1	3402
70	41D6	1	3402
70	41D7	1	3402
70	41D9	1	3402
70	41DC	1	3402
70	41DF	1	3402
70	41E1	1	3402
70	41E4	20	3383
70	41E7	20	3383
70	41E8	44	3403
70	41EB	44	3403
70	41ED	44	3403
70	41F0	44	3403
70	41F2	44	3403
70	41F4	1	3446
70	41F6	1	3446
70	41F9	1	3446
70	41FB	44	3403
70	41FE	44	3403
70	4201	44	3403
70	4202	1	3447
70	4208	1	3462
70	420B	1	3464
70	420D	1	3464
70	4210	1	3464
70	4211	1	3464
70	4214	1	3464
70	4275	1	3016
70	4276	1	3016
70	4279	1	3016
70	427C	1	3016
70	427D	335	3106
70	4280	335	3106
70	4281	335	3106
70	4284	335	3106
70	44B0	1	3003
70	44B6	1	3003
70	44B9	1	3003
70	44BA	1	3003
70	44BB	1	3003
70	44BC	1	3003
70	44BF	1	3003
70	44C0	1	3003
70	44C2	1	3003
70	44C3	1	3003
70	44C5	1	3003
70	44C7	1	3003
70	44C8	1	3003
70	44C9	1	3003
70	44CA	1	3003
70	44CB	1	3003
70	44CD	1	3003
70	44CE	1	3003
70	44D0	1	3003
70	44D2	1	3003
70	44D4	1	3003
70	44D6	1	3003
70	44D9	1	3003
70	44DC	1	3003
70	44DE	1	3003
70	44E0	1	3003
70	44E2	1	3003
70	44E8	1	3004
70	44EB	1	3004
70	44EE	1	3004
70	44F0	1	3004
70	44F2	1	3004
70	44F4	1	3004
70	44FA	1	3005
70	44FD	1	3005
70	4500	1	3005
70	4502	1	3005
70	4504	1	3005
70	4506	1	3005
70	450C	1	3006
70	450F	1	3006
70	4512	1	3006
70	4514	1	3006
70	4516	1	3006
70	4518	1	3006
70	451E	1	3007
70	4521	1	3007
70	4524	1	3007
70	4526	1	3007
70	4528	1	3007
70	452A	1	3007
70	4530	1	3008
70	4533	1	3008
70	4536	1	3008
70	4538	1	3008
70	453A	1	3008
70	453C	1	3008
70	4542	1	3009
70	4545	1	3009
70	4548	1	3009
70	454A	1	3009
70	454C	1	3009
70	454E	1	3009
70	4554	1	3010
70	4557	1	3010
70	455A	1	3010
70	455C	1	3010
70	455E	1	3010
70	4560	1	3010
70	4566	1	3011
70	4569	1	3011
70	456C	1	3011
70	456E	1	3011
70	4570	1	3011
70	4572	1	3011
70	4578	1	3012
70	457B	1	3012
70	457E	1	3012
70	4581	1	3012
70	4583	1	3012
70	4589	1	3012
70	458C	1	3012
70	458F	1	3012
70	4592	1	3012
70	4594	1	3012
70	459A	1	3012
70	459D	1	3012
70	45A0	1	3012
70	45A3	1	3012
70	45A5	1	3012
70	45AB	1	3012
70	45AE	1	3014
70	45B1	1	3014
70	45B4	1	3014
70	45B6	1	3014
70	45B8	1	3014
70	45BE	1	3014
70	45C1	1	3014
70	45C4	1	3014
70	45C7	1	3014
70	45CA	1	3014
70	45CD	1	3014
70	45CF	1	3014
70	45D1	1	3014
70	45D7	1	3014
70	45DA	1	3014
70	45DD	1	3014
70	45E0	1	3014
70	45E3	1	3014
70	45E4	1	3014
70	45EC	1	3014
70	45EF	1	3014
70	45F2	1	3014
70	45F4	1	3014
70	45F6	1	3014
70	45FC	1	3014
70	45FF	1	3014
70	4602	1	3014
70	4605	1	3014
70	4608	1	3015
70	460A	1	3015
70	460C	1	3015
70	460E	1	3015
70	460F	1	3015
70	4612	1	3015
70	4613	1	3462
70	4619	1	3462
70	461C	1	3463
70	461F	1	3463
70	4620	1	3463
70	4622	1	3463
70	4623	1	3463
70	4626	1	3464
70	4628	1	3464
70	462A	1	3464
70	462C	1	3464
70	462D	1	3464
70	4630	1	3464
70	4631	1	3464
70	4634	1	3464
70	4637	1	3464
70	4638	1	3012
70	463A	1	3012
70	463C	1	3012
70	463D	1	3012
70	463F	1	3012
70	4641	1	3012
70	4643	1	3012
70	4645	1	3012
70	4648	1	3012
70	4649	1	3012
70	464B	1	3012
70	464D	1	3012
70	4650	1	3012
70	4651	1	3012
70	4654	1	3013
70	4655	1	3013
70	4657	1	3013
70	4659	1	3013
70	465C	1	3013
70	465D	1	3013
70	4660	1	3014
70	4661	1	3014
70	4663	1	3014
70	4664	1	3014
70	4666	1	3014
70	4668	1	3014
70	466A	1	3014
70	466B	2	3015
70	466D	2	3015
70	466F	2	3015
70	4670	2	3015
70	4672	2	3015
70	4674	2	3015
70	4676	2	3015
70	4678	2	3015
70	467A	2	3015
70	467C	2	3015
70	467E	2	3015
70	4680	2	3015
70	4681	2	3015
70	4683	2	3015
70	4684	2	3015
70	4686	2	3015
70	4688	2	3015
70	468B	2	3015
70	468C	2	3015
70	468F	2	3016
70	4690	2	3016
70	4692	2	3016
70	4694	2	3016
70	4697	2	3016
70	4698	2	3016
70	469B	2	3016
70	469C	2	3016
70	469E	2	3016
70	469F	2	3016
70	46A1	2	3016
70	46A3	2	3016
70	46A5	2	3016
70	477F	117	3016
70	4782	117	3016
70	4783	117	3016
70	4785	117	3016
70	4787	117	3016
70	478A	117	3016
70	478B	117	3016
70	478E	117	3016
70	4791	117	3016
70	4793	117	3016
70	4796	117	3016
70	4798	117	3016
70	4799	117	3016
70	479C	117	3016
70	479F	117	3016
70	47BB	1	3016
70	47BE	1	3016
70	47BF	1	3016
70	47C1	1	3016
70	47C4	1	3016
70	47C7	1	3016
70	47C9	1	3016
70	47CB	1	3016
70	47D1	1	3016
70	47D4	1	3016
70	47D7	1	3016
70	47D9	1	3016
70	47DB	1	3016
70	47E1	1	3016
70	4803	2	3015
70	4806	2	3015
70	4807	2	3015
70	4808	2	3015
70	4809	2	3015
70	480B	2	3015
70	480C	2	3015
70	480D	2	3015
70	480E	2	3015
70	480F	2	3015
70	4810	2	3015
70	4813	2	3015
70	4816	2	3015
70	4818	2	3015
70	481E	2	3015
70	4821	2	3016
72	4015	5	10180
72	401B	5	10192
72	4021	5	11109
72	4027	5	11115
72	4029	5	11115
72	402A	6	10180
72	402B	6	10180
72	402D	6	10180
72	4030	6	10180
72	4031	6	10180
72	4032	6	10180
72	4033	6	10180
72	4034	6	10180
72	4035	6	10180
72	4037	6	10180
72	4038	6	10180
72	4039	6	10180
72	403A	6	10180
72	403B	6	10180
72	403C	6	10180
72	403E	6	10180
72	4040	6	10180
72	4041	6	10180
72	4043	6	10180
72	4044	6	10180
72	4046	6	10180
72	4048	6	10180
72	404A	6	10180
72	404B	6	10180
72	404C	6	10180
72	404E	6	10180
72	4051	6	10180
72	4057	6	10180
72	405D	6	10181
72	4060	6	10181
72	4063	6	10181
72	4065	6	10181
72	4067	6	10181
72	4069	6	10181
72	406F	6	10182
72	4072	6	10182
72	4075	6	10182
72	4078	6	10182
72	407A	6	10182
72	4080	6	10182
72	4083	6	10182
72	4086	6	10182
72	4089	6	10182
72	408B	6	10182
72	4091	6	10182
72	4094	6	10182
72	4097	6	10182
72	409A	6	10182
72	409C	6	10182
72	40A2	6	10182
72	40A4	6	10182
72	40A6	6	10182
72	40A7	6	10182
72	40A9	6	10182
72	40AB	6	10182
72	40AD	6	10182
72	40AF	6	10182
72	40B2	6	10183
72	40B5	6	10183
72	40BB	6	10183
72	40BC	6	10183
72	40BF	6	10183
72	40C1	6	10183
72	40C2	6	10183
72	40C4	6	10183
72	40C6	6	10183
72	40C8	6	10183
72	40CB	6	10183
72	40CE	6	10183
72	40D0	6	10183
72	40D2	6	10183
72	40D8	6	10183
72	40DB	6	10183
72	40DE	6	10183
72	40E0	6	10183
72	40E3	6	10183
72	40E5	6	10183
72	40E7	6	10183
72	40E9	6	10183
72	40EA	6	10183
72	40EB	6	10183
72	40EC	6	10183
72	40EF	6	10183
72	40F0	6	10183
72	40F2	6	10183
72	40F3	6	10183
72	40F6	6	10183
72	40F9	6	10183
72	40FB	6	10183
72	40FD	6	10183
72	40FF	6	10183
72	4102	6	10183
72	4105	6	10183
72	4106	6	10183
72	4109	6	10183
72	410C	6	10183
72	410F	6	10183
72	4112	6	10183
72	4118	6	10183
72	4119	6	10183
72	411C	6	10183
72	411F	6	10183
72	4122	6	10183
72	4124	6	10183
72	4126	6	10183
72	4128	6	10183
72	412E	6	10184
72	4131	6	10184
72	4134	6	10184
72	4136	6	10184
72	4138	6	10184
72	413A	6	10184
72	4140	6	10184
72	4143	6	10184
72	4146	6	10184
72	4148	6	10184
72	414A	6	10184
72	414C	6	10184
72	4152	6	10186
72	4154	6	10186
72	415A	6	10187
72	415C	6	10187
72	415E	6	10187
72	4160	6	10187
72	4163	6	10187
72	4166	6	10187
72	4169	6	10187
72	416C	6	10187
72	416F	6	10187
72	4172	6	10187
72	4175	6	10187
72	4178	6	10187
72	417B	6	10188
72	417D	6	10188
72	417F	6	10188
72	4181	6	10188
72	4182	6	10188
72	4185	6	10188
72	4187	6	10188
72	4189	6	10188
72	418B	6	10188
72	418D	6	10188
72	4190	6	10188
72	4196	6	10190
72	4198	6	10190
72	419B	6	10191
72	419E	6	10192
72	41A0	6	10192
72	41A2	6	10192
72	41A4	6	10192
72	41A5	6	10192
72	41A8	6	10192
72	41AA	6	10192
72	41AB	6	10192
72	41AD	6	10192
72	41AF	6	10192
72	41B2	6	10192
72	41B5	6	10192
72	41B6	6	10192
72	41B8	6	10192
72	41BB	6	10192
72	41BE	6	10192
72	41C1	6	10192
72	41C4	6	10192
72	41C6	6	10192
72	41C8	6	10192
72	41CE	6	10192
72	41D0	6	10192
72	41D1	6	10192
72	41D3	6	10192
72	41D5	6	10192
72	41D7	6	10192
72	43A7	6	10183
72	43B6	1	38335
72	43B9	1	38335
72	43BC	1	38335
72	43BE	1	38335
72	43C0	1	38335
72	43DC	4	10183
72	43DE	4	10183
72	43DF	4	10183
72	43E1	4	10183
72	43E4	4	10183
72	43E7	4	10183
72	43EA	4	10183
72	43F7	4	10183
72	43FA	4	10183
72	43FC	4	10183
72	43FF	4	10183
72	4402	4	10183
72	4404	4	10183
72	4412	1	38472
72	4415	1	38472
72	4418	1	38472
72	441B	1	38472
72	441D	1	38472
72	441F	1	38472
72	4422	1	38472
72	4424	9	10183
72	4425	9	10183
72	4426	9	10183
72	4427	9	10183
72	4428	9	10183
72	4429	9	10183
72	442A	9	10183
72	442B	9	10183
72	442C	9	10183
72	442D	9	10183
72	442E	9	10183
72	4431	9	10183
72	4432	9	10183
72	4433	9	10183
72	4435	9	10183
72	4436	9	10183
72	4437	9	10183
72	4438	9	10183
72	4439	9	10183
72	443A	9	10183
72	443B	9	10183
72	443C	9	10183
72	443F	9	10183
72	4440	9	10183
72	4442	9	10183
72	4443	9	10183
72	4444	9	10183
72	4445	9	10183
72	4446	9	10183
72	4449	9	10183
72	444A	9	10183
72	444B	9	10183
72	444C	9	10183
72	444D	9	10183
72	444E	9	10183
72	444F	6	11109
72	4452	6	11109
72	4455	6	11109
72	4457	6	11109
72	445A	6	11109
72	445C	6	11109
72	445E	6	11109
72	445F	6	11109
72	4461	6	11109
72	4463	6	11109
72	4465	6	11109
72	4467	6	11109
72	446A	6	11109
72	446D	6	11109
72	4470	6	11109
72	4473	6	11109
72	4476	6	11109
72	4479	6	11109
72	447C	6	11109
72	447F	6	11109
72	4481	6	11109
72	4487	6	11110
72	448A	6	11110
72	448D	6	11110
72	448F	6	11110
72	4492	6	11110
72	4495	6	11111
72	4497	6	11111
72	4499	6	11111
72	449B	6	11111
72	449C	6	11111
72	449F	6	11111
72	44A5	6	11111
72	44A7	6	11111
72	44AA	6	11112
72	44AC	6	11112
72	44AE	6	11112
72	44B0	6	11112
72	44B2	6	11112
72	44B5	6	11112
72	44BB	6	11114
72	44BE	6	11115
72	44C0	6	11115
72	44C2	6	11115
72	44C4	6	11115
72	44C5	6	11115
72	44C8	6	11115
72	44CB	6	11115
72	44CE	6	11115
72	44D1	6	11115
72	44D2	6	11115
72	44D5	6	11115
72	44D6	6	11115
72	44DC	6	11115
72	44DE	6	11115
72	44DF	6	11115
72	44E1	6	11115
72	44E3	6	11115
72	44E5	6	11115
72	4578	6600	10192
72	457E	6600	10192
72	4584	6600	10192
72	4587	6600	10193
72	458D	6600	10193
72	4593	6600	10193
72	45A0	6595	10193
72	45A3	6595	10193
72	45A5	6595	10193
72	45A7	6595	10193
72	45A9	6595	10193
72	45AC	3812	10193
72	45AE	3812	10193
72	45B0	3812	10193
72	45B2	3812	10193
72	45B4	3812	10193
72	45B6	3810	10193
72	45B9	2	12977
72	45BB	2	12977
72	45BC	2	12977
72	45BE	2	12977
72	45C0	2	12977
72	45C3	2	12977
72	45C6	2	12977
72	45C7	2	12977
72	45C9	2	12977
72	45CB	2	12977
72	45CD	2	12977
72	45CF	2	12977
72	45D0	2	12977
72	45D2	2	12977
72	45D5	2	12977
72	45D8	2	12977
72	45DB	2	12977
72	45EA	5	11109
72	45EC	5	11109
72	45ED	5	11109
72	45EF	5	11109
72	45F1	5	11109
72	45F4	5	11109
72	45F7	5	11109
72	45F8	5	11109
72	45FA	5	11109
72	45FC	5	11109
72	45FD	5	11109
72	45FF	5	11109
72	472B	7	9731
72	472D	7	9731
72	472F	7	9731
72	4731	7	9731
72	4734	7	9731
72	4737	7	9731
72	473A	7	9731
72	473D	7	9731
72	4740	7	9731
72	4743	7	9731
72	4746	7	9731
72	4767	7	9827
72	4769	7	9827
72	476B	7	9827
72	476D	7	9827
72	4770	7	9827
72	4773	7	9827
72	4776	7	9827
72	4779	7	9827
72	477C	7	9827
72	477F	7	9827
72	4782	7	9827
72	47A3	14	9735
72	47A4	14	9735
72	47A6	14	9735
72	47A8	14	9735
72	47AA	14	9735
72	47AB	14	9735
72	47AD	14	9735
72	47AF	14	9735
72	47B1	14	9735
72	47B2	14	9735
72	47B4	14	9735
72	47B5	14	9735
72	47B8	14	9735
72	47BA	14	9735
72	47BC	14	9735
72	47BF	14	9735
72	47C0	14	9735
72	47C3	14	9736
72	47C4	14	9736
72	47C6	14	9736
72	47C8	14	9736
72	47CB	14	9736
72	47CC	14	9736
72	47CF	14	9736
72	47D0	14	9736
72	47D3	14	9736
72	4805	7	9731
72	4808	7	9732
72	480A	7	9732
72	480C	7	9732
72	480D	7	9732
72	480F	7	9732
72	4811	7	9732
72	4812	7	9732
72	4813	7	9732
72	4814	7	9732
72	4815	7	9732
72	4817	7	9732
72	4819	7	9732
72	481B	7	9732
72	481D	7	9732
72	481F	7	9732
72	4820	7	9732
72	4823	7	9732
72	4824	7	9739
72	4826	7	9739
72	4829	31	9739
72	482A	31	9739
72	482C	31	9739
72	482E	24	9739
72	4831	24	9739
72	4832	24	9739
72	4834	24	9739
72	4837	24	9739
72	4839	24	9739
72	483B	24	9739
72	483C	24	9739
72	483E	24	9739
72	4842	24	9739
72	4844	24	9739
72	4848	24	9739
72	484A	24	9739
72	484B	24	9739
72	484D	24	9739
72	484E	24	9739
72	484F	24	9739
72	4850	24	9739
72	4851	24	9739
72	4857	24	9739
72	485A	24	9740
72	485B	24	9740
72	485D	24	9740
72	485E	24	9740
72	4860	24	9740
72	4862	24	9740
72	4863	24	9740
72	4865	24	9740
72	4866	24	9740
72	4867	24	9740
72	4868	24	9740
72	486B	24	9740
72	486D	7	9751
72	486E	7	9751
72	4871	7	9751
72	4872	7	9828
72	4874	7	9828
72	4877	31	9828
72	4878	31	9828
72	487A	31	9828
72	487C	24	9828
72	487F	24	9828
72	4880	24	9828
72	4882	24	9828
72	4885	24	9828
72	4887	24	9828
72	4889	24	9828
72	488A	24	9828
72	488C	24	9828
72	4890	24	9828
72	4892	24	9828
72	4896	24	9828
72	4898	24	9828
72	4899	24	9828
72	489B	24	9828
72	489C	24	9828
72	489D	24	9828
72	489E	24	9828
72	489F	24	9828
72	48A5	24	9828
72	48A8	24	9829
72	48A9	24	9829
72	48AB	24	9829
72	48AC	24	9829
72	48AE	24	9829
72	48B0	24	9829
72	48B1	24	9829
72	48B3	24	9829
72	48B4	24	9829
72	48B5	24	9829
72	48B6	24	9829
72	48B9	24	9829
72	48BB	7	9840
72	48BC	7	9840
72	48BF	7	9840
72	6712	1	9731
72	6714	1	9731
72	6716	1	9731
72	6718	1	9731
72	6719	1	9731
72	671B	1	9731
72	6721	1	9731
72	6727	1	9732
72	672A	1	9732
72	672D	1	9732
72	672F	1	9732
72	6731	1	9732
72	6733	1	9732
72	6739	1	9733
72	673C	1	9733
72	673F	1	9733
72	6741	1	9733
72	6743	1	9733
72	6745	1	9733
72	674B	1	9734
72	674E	1	9734
72	6751	1	9734
72	6754	1	9734
72	6756	1	9734
72	675C	1	9734
72	675F	1	9734
72	6762	1	9734
72	6765	1	9734
72	6767	1	9734
72	676D	1	9734
72	6770	1	9734
72	6773	1	9734
72	6776	1	9734
72	6778	1	9734
72	677E	1	9734
72	6781	1	9734
72	6783	1	9734
72	6785	1	9734
72	6787	1	9734
72	678A	1	9734
72	678C	1	9734
72	678E	1	9734
72	6790	1	9734
72	6792	1	9734
72	6795	1	9734
72	6796	1	9734
72	6799	1	9734
72	679B	1	9734
72	679E	1	9734
72	679F	1	9734
72	67A2	1	9734
72	67A4	1	9734
72	67A7	1	9734
72	67AA	1	9734
72	67AD	1	9734
72	67B0	1	9734
72	67D1	1	9734
72	67D3	1	9734
72	67D5	1	9734
72	67D6	1	9734
72	67D8	1	9734
72	67DA	1	9734
72	67DC	1	9734
72	67DE	1	9734
72	67E1	1	9735
72	67E4	1	9735
72	67EA	1	9735
72	67EB	1	9735
72	67EE	1	9735
72	67F0	1	9735
72	67F1	1	9735
72	67F3	1	9735
72	67F5	1	9735
72	67F7	1	9735
72	67F9	1	9735
72	67FF	1	9736
72	6802	1	9736
72	6805	1	9736
72	6807	1	9736
72	6809	1	9736
72	680F	1	9736
72	6812	1	9736
72	6815	1	9736
72	6817	1	9736
72	681A	1	9736
72	681C	1	9736
72	6822	1	9738
72	6824	1	9738
72	6826	1	9738
72	6828	1	9738
72	682A	1	9738
72	682D	1	9738
72	6830	1	9738
72	6833	1	9738
72	6836	1	9739
72	6838	1	9739
72	683A	1	9739
72	683C	1	9739
72	683D	1	9739
72	6840	1	9739
72	6842	1	9739
72	6844	1	9739
72	6846	1	9739
72	6848	1	9739
72	684B	1	9739
72	6851	1	9751
72	6854	1	9751
72	6857	1	9751
72	685A	1	9751
72	6860	1	9751
72	6862	1	9751
72	6865	1	9752
72	6868	1	9753
72	686A	1	9753
72	686C	1	9753
72	686E	1	9753
72	686F	1	9753
72	6872	1	9753
72	6875	1	9753
72	6878	1	9753
72	687B	1	9753
72	687E	1	9753
72	6880	1	9753
72	6882	1	9753
72	6888	1	9753
72	688A	1	9753
72	688B	1	9753
72	688D	1	9753
72	688F	1	9753
72	6891	1	9753
72	689F	1	9753
72	68A1	1	9753
72	68A3	1	9753
72	68A9	71	9755
72	68AC	71	9755
72	68AE	71	9755
72	68B0	71	9755
72	68B3	71	9755
72	68B5	71	9755
72	68B8	71	9755
72	68BA	71	9755
72	68BD	71	9755
72	68BE	71	9755
72	68C1	71	9755
72	68C3	71	9755
72	68C5	71	9755
72	68C8	71	9755
72	68CA	71	9755
72	68CC	71	9755
72	68CF	71	9755
72	68D0	71	9755
72	68D3	71	9755
72	68D4	71	9755
72	6903	71	9755
72	6904	71	9755
72	6905	71	9755
72	6906	71	9755
72	6909	71	9755
72	690F	71	9755
72	6915	71	9755
72	6918	71	9755
72	691E	71	9755
72	6924	71	9755
72	6931	70	9755
72	6933	70	9755
72	6935	70	9755
72	6937	70	9755
72	6939	70	9755
72	693B	70	9755
72	697A	1	9825
72	697C	1	9825
72	6998	1	9825
72	699A	1	9825
72	699B	1	9825
72	699D	1	9825
72	699F	1	9825
72	69A2	1	9825
72	69A5	1	9825
72	69A6	1	9825
72	69A8	1	9825
72	69AA	1	9825
72	69AC	1	9825
72	69F3	2	9736
72	69F4	2	9736
72	69F5	2	9736
72	69F7	2	9736
72	69F8	2	9736
72	69F9	2	9736
72	69FA	2	9736
72	69FB	2	9736
72	69FC	2	9736
72	69FF	2	9736
72	6A00	2	9736
72	6A01	2	9736
72	6A02	2	9736
72	6A03	2	9736
72	6A04	2	9736
72	6A05	2	9736
72	6A08	2	9736
72	6A0B	2	9736
72	6A0C	2	9736
72	6A0D	2	9736
72	6A0E	2	9736
72	6A0F	2	9736
72	6A12	2	9736
72	6A15	2	9736
72	6A17	2	9736
72	6A1D	2	9736
72	6A1E	2	9736
72	6A1F	2	9736
72	6A20	2	9736
72	6A21	2	9736
72	6A22	2	9736
72	6A23	2	9736
72	6A26	2	9736
72	6A29	2	9736
72	6A2C	2	9736
72	6A2E	2	9736
72	6A30	2	9736
72	6A32	2	9736
72	6A35	2	9736
72	6A38	2	9736
72	6A39	2	9736
72	6A3C	2	9736
72	6A3D	2	9736
72	6A40	2	9736
72	6A41	2	9736
72	6A42	2	9736
72	6A43	2	9736
72	6A46	2	9736
72	6A49	2	9736
72	6A4B	2	9736
72	6A4D	2	9736
72	6A4F	2	9736
72	6A55	2	9737
72	6A58	2	9737
72	6A5B	2	9737
72	6A5E	2	9737
72	6A60	2	9737
72	6A62	2	9737
72	6A64	2	9737
72	6A6A	2	9738
72	6A6B	1	9825
72	6A6D	1	9825
72	6A6F	1	9825
72	6A70	1	9825
72	6A72	1	9825
72	6A74	1	9825
72	6A7A	1	9826
72	6A7D	1	9826
72	6A80	1	9826
72	6A83	1	9826
72	6A86	1	9826
72	6A88	1	9826
72	6A8B	1	9826
72	6A8E	1	9827
72	6A90	1	9827
72	6A92	1	9827
72	6A94	1	9827
72	6A95	1	9827
72	6A98	1	9827
72	6A9E	1	9827
72	6AA0	1	9827
72	6AA3	1	9828
72	6AA5	1	9828
72	6AA7	1	9828
72	6AA9	1	9828
72	6AAB	1	9828
72	6AAE	1	9828
72	6AB4	1	9840
72	6AB7	1	9841
72	6AB9	1	9841
72	6ABB	1	9841
72	6ABD	1	9841
72	6ABE	1	9841
72	6AC1	1	9841
72	6AC4	1	9841
72	6AC7	1	9841
72	6ACA	1	9841
72	6ACB	1	9841
72	6ACE	1	9841
72	6ACF	1	9841
72	6AD5	1	9841
72	6AD7	1	9841
72	6AD8	1	9841
72	6ADA	1	9841
72	6ADC	1	9841
72	6ADE	1	9841
73	5F17	1	1835
73	5F19	1	1835
73	5F1B	1	1835
73	5F1D	1	1835
73	5F1E	1	1835
73	5F20	1	1835
73	5F22	1	1835
73	5F24	1	1835
73	5F26	1	1835
73	5F28	1	1835
73	5F2A	1	1835
73	5F30	1	1835
73	5F33	1	1836
73	5F34	1	1836
73	5F37	1	1836
73	5F3A	1	1836
73	5F3D	1	1836
73	5F3F	1	1836
73	5F42	1	1836
73	5F45	1	1836
73	5F46	1	1836
73	5F48	1	1836
73	5F4A	1	1836
73	5F4D	1	1836
73	5F4F	1	1836
73	5F52	1	1836
73	5F55	1	1836
73	5F58	1	1836
73	5F5A	1	1836
73	5F5C	1	1836
73	5F5E	1	1836
73	5F64	1	1837
73	5F67	1	1837
73	5F6A	1	1837
73	5F6C	1	1837
73	5F6E	1	1837
73	5F70	1	1837
73	5F76	1	1838
73	5F79	1	1838
73	5F7C	1	1838
73	5F7E	1	1838
73	5F80	1	1838
73	5F82	1	1838
73	5F88	1	1839
73	5F8B	1	1839
73	5F8E	1	1839
73	5F90	1	1839
73	5F92	1	1839
73	5F94	1	1839
73	5F9A	1	1840
73	5F9D	1	1840
73	5FA0	1	1840
73	5FA2	1	1840
73	5FA4	1	1840
73	5FA6	1	1840
73	5FAC	1	1841
73	5FAF	1	1841
73	5FB2	1	1841
73	5FB5	1	1841
73	5FB7	1	1841
73	5FBD	1	1841
73	5FC0	1	1841
73	5FC3	1	1841
73	5FC6	1	1841
73	5FC8	1	1841
73	5FCE	1	1841
73	5FD1	1	1843
73	5FD4	1	1843
73	5FD7	1	1843
73	5FD9	1	1843
73	5FDB	1	1843
73	5FE1	1	1843
73	5FE4	1	1843
73	5FE7	1	1843
73	5FEA	1	1843
73	5FED	1	1843
73	5FF0	1	1843
73	5FF2	1	1843
73	5FF4	1	1843
73	5FFA	1	1843
73	5FFD	1	1843
73	6000	1	1843
73	6003	1	1843
73	6006	1	1843
73	6009	1	1843
73	600C	1	1843
73	600E	1	1843
73	6014	1	1843
73	6016	1	1843
73	6019	1	1843
73	601C	1	1843
73	601F	1	1843
73	6025	1	1843
73	6028	1	1844
73	602A	1	1844
73	602C	1	1844
73	602D	1	1844
73	602F	1	1844
73	6031	1	1844
73	6033	1	1844
73	6035	1	1844
73	6036	1	1844
73	6039	1	1844
73	603C	1	1844
73	603F	1	1844
73	6042	1	1844
73	6045	1	1844
73	6047	1	1844
73	6049	1	1844
73	604B	1	1844
73	6051	1	1845
73	6053	1	1845
73	6054	1	1845
73	6056	1	1845
73	6058	1	1845
73	605A	1	1845
73	605C	1	1845
73	605F	1	1846
73	6065	1	1846
73	606B	1	1862
73	606E	1	1867
73	6070	1	1867
73	6071	1	1867
73	6073	1	1867
73	6075	1	1867
73	6078	1	1867
73	607B	1	1867
73	607C	1	1867
73	607E	828	1867
73	6084	828	1867
73	6087	828	1867
73	608D	828	1867
73	6093	828	1867
73	60A0	827	1867
73	60A3	827	1867
73	60A4	827	1867
73	60D7	827	1867
73	60DD	827	1867
73	60DF	827	1867
73	60E1	827	1867
73	60E4	827	1867
73	60E7	827	1867
73	6114	1	2736
73	6116	1	2736
73	6117	1	2736
73	6119	1	2736
73	611B	1	2736
73	611E	1	2736
73	6121	1	2736
73	6122	1	2736
73	6124	1	2736
73	612A	1	2767
73	6130	1	2769
73	6133	1	2769
73	6134	1	2769
73	6136	1	2769
73	6139	1	2769
73	613F	1	2769
73	6142	1	2769
73	61D5	1	1841
73	61D8	1	1841
73	61D9	1	1841
73	61DB	1	1841
73	61DD	1	1841
73	61E0	1	1841
73	61E2	1	1841
73	61E5	1	1841
73	61E8	1	1841
73	61EB	1	1841
73	61EE	1	1841
73	61F0	1	1841
73	61F6	1	1841
73	61F8	1	1841
73	61FB	1	1841
73	61FD	1	1841
73	6200	1	1841
73	6203	1	1841
73	6206	1	1841
73	6209	1	1841
73	620B	1	1841
73	6211	1	1841
73	6217	1	1841
73	621A	1	1842
73	621C	1	1842
73	621F	1	1843
73	6265	828	1841
73	6268	828	1841
73	6269	828	1841
73	626A	34	1841
73	626C	34	1841
73	626F	34	1841
73	6272	34	1841
73	6275	34	1841
73	6276	34	1841
73	6278	66	1891
73	6279	66	1891
73	627A	66	1891
73	627C	34	1841
73	627E	34	1841
73	627F	34	1841
73	6282	34	1841
73	6283	34	1841
73	6285	34	1841
73	6288	34	1841
73	628B	34	1841
73	628E	34	1841
73	6290	34	1841
73	6296	34	1841
73	6298	34	1841
73	629B	34	1842
73	629E	34	1842
73	629F	34	1842
73	62A2	34	1842
73	62A4	34	1842
73	62A5	6	1967
73	62A6	6	1967
73	62A9	6	1967
73	62AA	1	1862
73	62AD	1	1862
73	62AF	1	1862
73	62B0	1	1862
73	62B2	1	1862
73	62B4	1	1862
73	62B5	1	1862
73	62B7	1	1862
73	62BA	1	1862
73	62BB	1	1862
73	62BD	1	1862
73	62C0	1	1862
73	62C1	1	1862
73	62C3	1	1862
73	62C6	1	1862
73	62C9	1	1862
73	62CB	1	1862
73	62D1	1	1867
74	4165	1	3472
74	4167	1	3472
74	4169	1	3472
74	416B	1	3472
74	416E	1	3472
74	4171	1	3472
74	4172	1	3472
74	4174	1	3472
74	4175	1	3472
74	4177	1	3472
74	417A	1	3472
74	417C	1	3472
74	41EF	1	3472
74	41F1	1	3472
74	4207	1	3465
74	420A	1	3465
74	420D	1	3465
74	4213	1	3465
74	4216	1	3465
74	4219	1	3465
74	421F	1	3465
74	4220	1	3465
74	4223	1	3465
74	4225	1	3465
74	4227	1	3465
74	4229	1	3465
74	422B	1	3465
74	422D	1	3465
74	422F	1	3465
74	4231	1	3465
74	4233	1	3465
74	4235	1	3465
74	4238	1	3465
74	423A	1	3465
74	423C	1	3465
74	423F	1	3465
74	4241	1	3465
74	4247	1	3472
74	424D	1	3472
74	4253	1	3472
74	4254	1	3377
74	4257	1	3377
74	425A	1	3377
74	4260	1	3377
74	4263	1	3377
74	4266	1	3377
74	426C	1	3377
74	426E	1	3377
74	4271	1	3377
74	4273	1	3377
74	4275	1	3377
74	4277	1	3377
74	4279	1	3377
74	427B	1	3377
74	427D	1	3377
74	427F	1	3377
74	4281	1	3377
74	4283	1	3377
74	4286	1	3377
74	4288	1	3377
74	428A	1	3377
74	428D	1	3377
74	428F	1	3377
74	4295	1	3382
74	4296	2	3377
74	4298	2	3377
74	429A	2	3377
74	429C	2	3377
74	429F	2	3377
74	42A0	2	3377
74	42A2	2	3377
74	42A5	2	3377
74	42A8	2	3377
74	42AA	2	3377
74	42AC	2	3377
74	42AD	2	3377
74	42B0	2	3377
74	42B3	2	3377
74	42B5	2	3377
74	42B6	2	3377
74	42B8	2	3377
74	42B9	2	3377
74	42BB	2	3377
74	42BE	2	3377
74	42C1	2	3377
74	42C2	2	3377
74	42C5	2	3378
74	42C8	2	3378
74	42C9	2	3378
74	42CA	2	3378
74	42CC	2	3378
74	42CD	2	3378
74	42CF	2	3378
74	42D1	2	3378
74	42D4	2	3378
74	42D5	2	3378
74	42D6	2	3378
74	42D7	2	3378
74	42DA	2	3378
74	42DB	2	3378
74	42DE	2	3379
74	42E1	2	3379
74	42E7	2	3379
74	42ED	2	3379
74	42F3	2	3379
74	42F4	2	3379
74	42F5	2	3379
74	42F7	2	3379
74	42FD	2	3379
74	42FE	2	3379
74	4300	2	3379
74	4303	2	3379
74	4305	2	3379
74	4307	244	3379
74	430A	244	3379
74	430B	244	3379
74	430C	244	3379
74	430F	244	3379
74	4311	244	3379
74	4313	212	3379
74	4315	212	3379
74	4318	128	3380
74	431A	128	3380
74	431C	128	3380
74	431E	128	3380
74	4320	128	3380
74	4322	106	3380
74	4324	106	3380
74	4336	22	3382
74	4337	128	3380
74	4339	106	3380
74	433A	106	3380
74	433B	106	3380
74	433D	106	3380
74	433E	106	3380
74	433F	106	3380
74	4340	106	3380
74	4343	106	3380
74	4345	106	3380
74	4346	106	3380
74	4347	106	3380
74	4348	106	3380
74	4349	106	3380
74	434A	106	3380
74	434C	22	3382
74	434D	22	3382
74	434F	22	3382
74	4350	22	3382
74	4351	22	3382
74	4353	22	3382
74	4355	22	3382
74	4356	22	3382
74	4357	22	3382
74	4359	32	3379
74	435A	32	3379
74	435D	32	3379
74	435F	32	3379
74	4374	32	3379
74	4375	32	3379
74	4376	32	3379
74	4378	30	3379
74	437A	30	3379
74	437C	30	3379
74	437D	30	3379
74	437F	30	3379
74	4381	30	3379
74	43C4	2	3382
74	43C7	2	3382
74	43CD	2	3382
74	43D3	2	3382
74	43D5	2	3382
74	43D6	2	3382
74	43D8	2	3382
74	43D9	2	3382
74	43DC	2	3382
74	43DD	2	3382
74	43DF	2	3382
74	43E2	2	3382
74	43E4	2	3382
74	43E5	2	3382
74	43E7	2	3382
74	43E8	2	3382
74	43E9	2	3382
74	43EB	2	3382
74	43EE	2	3382
74	43F0	2	3382
74	43F1	2	3382
74	43F3	2	3382
74	43F4	2	3382
74	43F7	2	3382
74	43F8	2	3382
74	43FA	2	3382
74	43FC	1	3382
74	43FF	2	3382
74	4400	2	3382
74	4402	2	3382
74	4403	2	3382
74	4405	2	3382
74	4406	84	3379
74	4407	84	3379
74	4408	84	3379
74	440A	84	3379
74	440C	84	3379
74	440D	84	3379
74	440E	84	3379
74	4410	84	3379
74	4412	84	3379
74	4414	32	3380
74	4415	84	3379
74	4416	84	3379
74	4418	84	3379
74	4419	84	3379
74	441B	84	3379
74	441C	84	3379
74	441E	84	3379
74	441F	84	3379
74	4420	84	3379
74	4423	84	3379
74	4424	84	3379
74	4425	84	3379
74	4427	84	3379
74	4428	84	3379
74	442A	84	3379
74	442B	84	3379
74	442E	82	3379
74	4431	82	3379
74	4432	82	3379
74	4435	82	3379
74	4436	82	3379
74	4437	82	3379
74	4439	12	3379
74	443B	12	3379
74	443C	12	3379
74	443E	12	3379
74	443F	78	3379
74	4441	78	3379
74	4444	78	3379
74	4446	78	3379
74	4449	82	3379
74	444B	82	3379
74	444D	98	3379
74	444E	98	3379
74	444F	98	3379
74	4452	98	3379
74	4454	98	3379
74	4457	16	3379
74	4459	16	3379
74	446F	16	3379
74	4470	16	3379
74	4477	16	3379
74	4478	16	3379
74	447B	16	3379
74	447E	16	3379
74	4481	82	3379
74	4483	82	3379
74	4485	82	3379
74	4486	82	3379
74	4487	82	3379
74	4489	82	3379
74	448B	26	3380
74	448D	26	3380
74	448F	78	3379
74	4490	78	3379
74	4491	78	3379
74	4492	78	3379
74	4494	78	3379
74	4495	78	3379
74	4497	78	3379
74	4499	78	3379
74	449A	78	3379
74	449B	78	3379
74	449C	78	3379
74	449D	78	3379
74	449E	78	3379
74	449F	78	3379
74	44C4	2	3379
74	44C6	2	3379
74	44C8	2	3379
74	44CB	2	3379
74	44CC	2	3379
74	44CE	2	3379
74	44CF	2	3379
74	44D1	2	3379
74	44D4	2	3380
74	44D7	2	3380
74	44D8	2	3380
74	44DB	2	3380
74	44DC	2	3380
74	44DD	2	3380
74	44DF	2	3380
74	44E1	2	3380
74	44E3	2	3380
74	44E5	2	3380
74	44E8	2	3380
74	4530	2	3380
74	4532	2	3380
74	4533	2	3380
74	4535	2	3380
74	4536	2	3380
74	4538	2	3380
74	453B	2	3380
74	453C	2	3380
74	453D	2	3380
74	453E	2	3380
74	4540	2	3380
74	4541	2	3380
74	4543	2	3380
74	4544	2	3380
74	4546	2	3380
74	4549	2	3380
74	454A	2	3380
74	454B	2	3380
74	454C	2	3380
74	454D	2	3380
74	454E	2	3380
74	454F	22	3380
74	4550	22	3380
74	4551	22	3380
74	4553	22	3380
74	4555	22	3380
74	4557	22	3380
74	4559	22	3380
74	456C	22	3380
74	457A	22	3380
74	457B	22	3380
74	457D	22	3380
74	457F	20	3380
74	4580	20	3380
74	4581	20	3380
74	4582	20	3380
74	4583	20	3380
74	4584	20	3380
74	4585	20	3380
74	4587	2	3380
74	4588	2	3380
74	458A	2	3380
74	4592	2	3380
74	4595	2	3380
74	4596	2	3380
74	4597	2	3380
74	4599	2	3380
74	459A	2	3380
74	459D	2	3380
74	459E	2	3380
74	45A0	2	3380
74	45A1	2	3380
74	45A2	2	3380
74	45A4	2	3380
74	45A5	2	3380
74	45A6	2	3380
74	45A7	2	3380
74	45A8	2	3380
74	45B9	2	3380
74	45BA	2	3380
74	45BB	2	3380
74	45BE	2	3380
74	45C0	2	3380
74	45C1	2	3380
74	45C3	2	3380
74	45C4	2	3380
74	45C6	2	3380
74	45C9	2	3380
74	45CA	2	3380
74	45CD	2	3380
74	45CF	2	3380
74	45D0	2	3380
74	45D2	2	3380
74	45D3	2	3380
74	45D4	2	3380
74	45D6	2	3380
74	45D8	2	3380
74	4623	4	3379
74	4626	4	3379
74	4628	4	3379
74	462B	4	3379
74	462E	4	3379
74	4630	4	3379
74	4632	4	3379
74	4634	2	3379
74	4637	2	3379
74	4639	2	3379
74	463C	2	3379
74	463F	2	3380
74	4642	2	3380
74	4644	2	3380
74	4647	2	3380
74	4718	4	3380
74	471E	4	3380
74	4724	4	3380
74	4726	4	3380
74	4728	4	3380
74	472A	2	3380
74	472C	2	3380
74	4740	2	3380
74	4743	2	3380
74	4746	2	3380
74	4747	2	3380
74	474A	2	3380
74	474B	2	3380
74	474D	2	3380
74	474E	2	3380
74	474F	2	3380
74	4751	2	3380
74	4753	2	3380
74	4755	2	3380
74	4756	2	3380
74	4759	2	3380
74	475A	2	3380
74	475D	2	3380
74	475E	2	3380
74	4788	2	3380
74	478B	2	3380
74	478D	2	3380
74	4790	2	3380
74	4791	2	3380
74	4793	2	3380
74	4794	2	3380
74	4796	2	3380
74	4798	2	3380
74	479A	2	3380
74	479D	2	3380
74	479E	2	3380
74	479F	2	3380
74	47A2	2	3380
74	47A3	2	3380
74	47A6	2	3380
74	47A7	2	3380
74	4A32	4	3380
74	4A38	4	3380
74	4A3A	4	3380
74	4A3C	4	3380
74	4A3E	2	3380
74	4A41	2	3380
74	4A42	2	3380
74	4A45	2	3380
74	4A46	2	3380
74	4A49	2	3380
74	4A4C	2	3380
74	4A4E	2	3380
74	4A51	2	3380
74	4A54	2	3380
74	4A56	2	3380
74	4A59	2	3380
74	4A5B	2	3380
74	4A5D	2	3380
74	4A5F	2	3380
74	4A62	2	3380
74	4A64	2	3380
74	4A66	2	3380
74	4A68	2	3380
74	4A6A	2	3380
74	4A6D	2	3380
74	4A70	2	3380
74	4A72	2	3380
74	4A75	2	3380
74	4A78	2	3380
74	4A7A	2	3380
74	4A7D	2	3380
74	4A7F	2	3380
74	4A81	2	3380
74	4A83	2	3380
74	4A86	2	3380
74	4A88	2	3380
74	4A8A	2	3380
74	4A8C	2	3380
74	4A8E	2	3380
74	4A91	40	3380
74	4A93	40	3380
74	4A95	40	3380
74	4A97	20	3380
74	4A99	20	3380
74	4A9A	20	3380
74	4A9C	20	3380
74	4A9D	20	3380
74	4A9E	20	3380
74	4AA0	20	3380
74	4AA1	20	3380
74	4AA2	20	3380
74	4AB8	20	3380
74	4ABE	20	3380
74	4AC0	20	3380
74	4AC2	20	3380
74	4AC4	20	3380
74	4AC7	18	3380
74	4AC9	18	3380
74	4ACB	18	3380
74	4ACD	18	3380
74	4ACE	18	3380
74	4AD0	18	3380
74	4AD2	18	3380
74	4AD5	20	3380
74	4ADB	20	3380
74	4ADE	20	3380
74	4AE1	20	3380
74	4AE3	20	3380
74	4AE5	2	3382
74	4AE7	2	3382
74	4AEA	2	3382
74	4AEB	2	3382
74	4AEC	2	3382
74	4AEF	2	3382
74	4AF0	2	3382
74	4AF3	2	3382
74	4AF4	2	3382
74	4AF6	2	3382
74	4AF9	2	3382
74	4AFB	2	3382
74	4AFD	2	3382
74	4AFF	2	3382
74	4B01	2	3382
74	4B02	2	3382
74	4B05	2	3382
74	4B08	2	3382
74	4B0E	2	3382
74	4B0F	2	3382
74	4B11	2	3382
74	4B13	2	3382
74	4B14	2	3382
74	4B16	2	3382
74	4B17	2	3382
74	4B18	2	3382
74	4B1B	2	3382
74	4B1C	2	3382
74	4B1F	2	3382
74	4B21	18	3380
74	4B23	18	3380
74	4B25	18	3380
74	4B27	18	3380
74	4B29	18	3380
74	4B2B	18	3380
74	4B2C	18	3380
74	4B2E	18	3380
74	4B2F	18	3380
74	4B30	18	3380
74	4B33	18	3380
74	4B34	18	3380
74	4B37	18	3380
74	4B38	18	3380
74	4B3A	18	3380
74	4B3C	18	3380
74	4B3D	18	3380
74	4B3E	18	3380
74	4B41	18	3380
74	4B47	18	3380
74	4B48	18	3380
74	4B49	18	3380
74	4B4B	18	3380
74	4B4D	18	3380
74	4B4F	18	3380
74	4B51	18	3380
74	4B53	18	3380
74	4B55	18	3380
74	4B56	18	3380
74	4B59	18	3380
74	4B5C	18	3380
74	4B62	18	3380
74	4B63	18	3380
74	4B65	18	3380
74	4B66	18	3380
74	4B69	18	3380
74	4B6A	18	3380
74	4B6D	20	3380
74	4B6E	20	3380
74	4B6F	20	3380
74	4B71	20	3380
74	4B72	20	3380
74	4B74	20	3380
74	4B75	20	3380
74	4B76	20	3380
74	4B78	20	3380
74	4B7A	20	3380
74	4B7C	20	3380
74	4B7E	20	3380
74	4B98	18	3380
74	4B9B	18	3380
74	4B9E	18	3380
74	4B9F	18	3380
74	4BB9	18	3380
74	4BBC	18	3380
74	4BBE	18	3380
74	4BBF	18	3380
74	4BC1	18	3380
74	4BC2	18	3380
74	4BC3	18	3380
74	4BC4	18	3380
74	4BC6	9	3468
74	4BC7	9	3468
74	4BC8	9	3468
74	4BCA	9	3468
74	4BCC	9	3468
74	4BCD	9	3468
74	4BCF	9	3468
74	4BD0	9	3468
74	4BD8	18	3380
74	4BDE	18	3380
74	4BE4	18	3380
74	4BE5	18	3380
74	4BE6	18	3380
74	4BE9	18	3380
74	4C2E	18	3380
74	4C2F	18	3380
74	4C30	18	3380
74	4CA6	2	3380
74	4CAC	2	3380
74	4CB2	2	3380
74	4CB5	2	3380
74	4CB6	2	3380
74	4CB8	2	3380
74	4CB9	2	3380
74	4CBB	2	3380
74	4CBC	2	3380
74	4CBD	2	3380
74	4CBF	2	3380
74	4CC0	2	3380
74	4CC2	2	3380
74	4CC3	2	3380
74	4CC4	2	3380
74	4CC5	2	3380
74	4CC8	2	3380
74	4CCB	2	3380
74	4CCC	2	3380
74	4CCD	2	3380
74	4CCE	2	3380
74	4CCF	2	3380
74	4CD1	2	3380
74	4CD2	2	3380
74	4CD5	2	3380
74	4CDB	2	3380
74	4CDC	2	3380
74	4CDD	2	3380
74	4CDE	2	3380
74	4CE2	2	3380
74	4CE4	2	3380
74	4CE6	2	3380
74	4CEC	2	3380
74	4CED	2	3380
74	4CEE	2	3380
74	4CF2	2	3380
74	4CF3	2	3380
74	4CF5	2	3380
74	4CF6	2	3380
74	4CF8	2	3380
74	4CF9	2	3380
74	4CFF	2	3380
74	4D01	2	3380
74	4D02	2	3380
74	4D04	2	3380
74	4D05	2	3380
74	4D07	2	3380
74	4D09	2	3380
74	4D0A	2	3380
74	4D0C	2	3380
74	4D0D	2	3380
74	4D0F	2	3380
74	4D10	2	3380
74	4D12	2	3380
74	4D13	2	3380
74	4D15	2	3380
74	4D16	2	3380
74	4D19	2	3380
74	4D1C	2	3380
74	4D1E	2	3380
74	4D20	2	3380
74	4D21	2	3380
74	4D23	2	3380
74	4D24	26	3380
74	4D25	26	3380
74	4D26	26	3380
74	4D28	24	3380
74	4D29	24	3380
74	4D2A	24	3380
74	4D2C	2	3380
74	4D2D	2	3380
74	4D30	2	3380
74	4D32	2	3380
74	4D34	2	3380
74	4D37	2	3380
74	4D39	2	3380
74	4D3B	2	3380
74	4D3E	2	3380
74	4D44	2	3380
74	4D45	2	3380
74	4D46	2	3380
74	4D47	2	3380
74	4D49	2	3380
74	4D4A	2	3380
74	4D4B	2	3380
74	4D4D	2	3380
74	4D4E	2	3380
74	4D51	2	3380
74	4D52	2	3380
74	4D53	2	3380
74	4D55	2	3380
74	4D58	2	3380
74	4D59	2	3380
74	4D5A	2	3380
74	4D5C	22	3380
74	4D5D	22	3380
74	4D5E	22	3380
74	4D5F	22	3380
74	4D61	22	3380
74	4D62	22	3380
74	4D63	22	3380
74	4D64	22	3380
74	4D65	22	3380
74	4D68	22	3380
74	4D6A	22	3380
74	4D6B	22	3380
74	4D6C	22	3380
74	4D6E	22	3380
74	4D6F	22	3380
74	4D70	22	3380
74	4D71	22	3380
74	4D73	2	3380
74	4D74	2	3380
74	4D75	2	3380
74	4D76	2	3380
74	4D78	2	3380
74	4D79	2	3380
74	4D7A	2	3380
74	4D7B	2	3380
74	4D7C	2	3380
74	4D7F	2	3380
74	4D80	2	3380
74	4D82	2	3380
74	4D84	2	3380
74	4D86	2	3380
74	4D88	2	3380
74	4D89	2	3380
74	4D8A	2	3380
74	4D8B	2	3380
74	4D8C	2	3380
74	4D8D	2	3380
74	4D8E	2	3380
74	4D8F	2	3380
74	4D90	2	3380
74	4D91	2	3380
74	4D92	2	3380
74	4D94	2	3380
74	4D95	2	3380
74	4D97	2	3380
74	4D99	2	3380
74	4D9F	2	3380
74	4DA5	2	3380
74	4DA6	2	3380
74	4DA8	2	3380
74	4DAA	2	3380
74	4DAB	2	3380
74	4DAD	2	3380
74	4DAE	2	3380
74	4DB1	2	3380
74	4DB3	2	3380
74	4DB5	2	3380
74	4DB6	2	3380
74	4DB7	2	3380
74	4DBA	2	3380
74	4DBC	2	3380
74	4DE8	2	3380
74	4DE9	2	3380
74	4DEB	2	3380
74	4DF0	2	3380
74	4DF2	2	3380
74	4DF5	2	3380
74	4DF6	2	3380
74	4F4F	2	3379
74	4F50	2	3379
74	4F52	2	3379
74	4F54	2	3379
74	4F56	2	3379
74	4F58	2	3379
74	4F5A	2	3379
74	4F5C	2	3379
74	4F5F	2	3379
74	4F62	2	3379
74	4F64	2	3379
74	4F66	2	3379
74	4F69	2	3379
74	4F6B	2	3379
74	4F6D	2	3379
74	4F70	2	3379
74	4F73	2	3379
74	4F76	2	3379
74	4F79	2	3379
74	4F7B	2	3379
74	4F7D	2	3379
74	4F80	2	3379
74	4F83	2	3379
74	4F86	2	3379
74	4F88	2	3379
74	4F8A	2	3379
74	4F8C	2	3379
74	4F8E	2	3379
74	4F90	2	3379
74	4F92	2	3379
74	4F94	2	3379
74	4F96	2	3379
74	5252	2	3382
74	5258	2	3382
74	5259	2	3382
74	525A	2	3382
74	525C	2	3382
74	525D	2	3382
74	525F	2	3382
74	5260	2	3382
74	5266	2	3382
74	5268	2	3382
74	5269	2	3382
74	526B	2	3382
74	526C	2	3382
74	526E	2	3382
74	526F	2	3382
74	5271	2	3382
74	5273	2	3382
74	5274	2	3382
74	5276	2	3382
74	5278	2	3382
74	5279	2	3382
74	527B	2	3382
74	527C	2	3382
74	527E	2	3382
74	527F	2	3382
74	5281	2	3382
74	5283	2	3382
74	5284	2	3382
74	5286	2	3382
74	5287	2	3382
74	5288	2	3382
74	528A	2	3382
74	528D	2	3382
74	528F	2	3382
74	5292	2	3382
74	537D	1	3472
74	537F	1	3472
74	5381	1	3472
74	5384	1	3472
74	5386	1	3472
74	5387	1	3472
74	5389	1	3472
74	538A	1	3472
74	538B	1	3472
74	538D	1	3472
74	538F	1	3472
74	5390	1	3472
74	5392	1	3472
74	5393	12	3472
74	5396	12	3472
74	5398	12	3472
74	539B	12	3472
74	539C	12	3472
74	539D	12	3472
74	53A0	12	3472
74	53A1	12	3472
74	53A2	12	3472
74	53A4	12	3472
74	53D1	12	3472
74	53D2	12	3472
74	53D5	12	3472
74	53D6	12	3472
74	53D7	12	3472
74	53D8	12	3472
74	53D9	12	3472
74	53DA	12	3472
74	53DC	1	3472
74	53DD	1	3472
74	53DF	1	3472
74	53E2	1	3472
74	53E3	2	3379
74	53E4	2	3379
74	53E6	2	3379
74	53E8	2	3379
74	53EA	2	3379
74	53EC	2	3379
74	53EE	2	3379
74	53F0	2	3379
74	53F2	2	3379
74	53F4	2	3379
74	53F6	2	3379
74	53F8	2	3379
74	53FA	2	3379
74	53FC	2	3379
74	53FE	2	3379
74	5400	2	3379
74	5402	2	3379
74	5404	2	3379
74	5406	2	3379
74	5408	2	3379
74	540A	2	3379
74	540C	2	3379
74	540E	2	3379
74	5410	2	3379
74	5412	2	3379
74	5414	2	3379
74	5416	2	3379
74	5417	28	3380
74	541A	28	3380
74	541B	28	3380
74	541C	14	3467
74	541D	14	3467
74	541E	14	3467
74	5420	14	3467
74	5421	14	3467
74	5423	14	3467
74	5424	14	3467
74	5425	14	3467
74	5427	14	3467
74	5428	14	3467
74	542A	14	3467
74	542B	14	3467
74	542C	14	3467
74	542E	14	3467
74	5431	14	3467
74	5434	14	3467
74	5435	14	3467
74	5436	14	3467
74	5438	14	3467
74	543B	14	3467
74	543D	14	3467
74	5440	72	3380
74	5443	72	3380
74	5444	72	3380
74	5445	36	3467
74	5446	36	3467
74	5447	37	3467
74	544A	37	3467
74	544C	37	3467
74	544D	37	3467
74	544F	37	3467
74	5450	37	3467
74	5452	37	3467
74	5454	37	3467
74	5456	37	3467
74	5459	37	3467
74	545A	37	3467
74	545B	37	3467
74	545E	12	3468
74	5460	12	3468
74	5463	12	3468
74	5465	12	3468
74	5466	12	3468
74	5468	12	3468
74	5469	12	3468
74	546B	12	3468
74	546C	12	3468
74	546D	12	3468
74	546F	12	3468
74	5471	12	3468
74	5472	12	3468
74	5473	12	3468
74	5475	12	3468
74	5476	12	3468
74	5478	12	3468
74	5479	12	3468
74	547B	12	3468
74	547D	12	3468
74	547E	12	3468
74	5480	12	3468
74	5481	12	3468
74	5483	12	3468
74	5486	65	3468
74	5489	65	3468
74	548A	65	3468
74	548C	65	3468
74	548E	11	3468
74	548F	11	3468
74	54AA	54	3468
74	54AC	54	3468
74	54AE	43	3468
74	54B0	43	3468
74	54C2	11	3470
74	54C3	54	3468
74	54C6	11	3470
74	54C7	11	3470
74	54C9	11	3470
74	54CA	11	3470
74	54CB	11	3470
74	54CD	11	3470
74	54CE	11	3470
74	54D9	43	3468
74	54DA	43	3468
74	54DB	43	3468
74	54DD	43	3468
74	54DE	43	3468
74	54DF	43	3468
74	54E1	43	3468
74	54E2	43	3468
74	54EE	11	3468
74	54F1	11	3468
74	54F4	36	3467
74	54F5	36	3467
74	54F6	36	3467
74	54F7	36	3467
74	54F8	36	3467
74	54FA	36	3467
74	54FB	36	3467
74	54FD	36	3467
74	54FE	54	3468
74	54FF	54	3468
74	5502	1	3468
74	5505	1	3468
74	5508	1	3468
74	550B	1	3468
74	550E	1	3468
74	5510	1	3468
74	5511	1	3468
74	5513	1	3468
74	5514	1	3468
74	5516	1	3468
74	5519	1	3468
74	551A	1	3468
74	551C	1	3468
74	5525	1	3468
74	5528	12	3468
74	5529	12	3468
74	552B	12	3468
74	552C	12	3468
74	552E	12	3468
74	5530	12	3468
74	5531	12	3468
74	5533	12	3468
74	5534	12	3468
74	5535	12	3468
74	5538	12	3468
74	5539	12	3468
74	553B	12	3468
74	553E	12	3468
74	5540	12	3468
74	5541	12	3468
74	5542	12	3468
74	5544	12	3468
74	5545	12	3468
74	5546	12	3468
74	5547	12	3468
74	5548	12	3468
74	554A	12	3468
74	554C	12	3468
74	554D	12	3468
74	554F	12	3468
74	5551	12	3468
74	5553	12	3468
74	5554	12	3468
74	5556	12	3468
74	5558	12	3468
74	555A	12	3468
74	556B	12	3468
74	556D	12	3468
74	556F	12	3468
74	5571	12	3468
74	5573	12	3468
74	5575	12	3468
74	5577	12	3468
74	5579	12	3468
74	557B	12	3468
74	557D	12	3468
74	5580	12	3468
74	5581	12	3468
74	5582	12	3468
74	5583	12	3468
74	5584	12	3468
74	5585	12	3468
74	5586	12	3468
74	5587	12	3468
74	5588	12	3468
74	5589	12	3468
74	558A	12	3468
74	558B	12	3468
74	558C	12	3468
74	558D	12	3468
74	558E	12	3468
74	5590	12	3468
74	5591	12	3468
74	5593	12	3468
74	5595	12	3468
74	5596	12	3468
74	5598	12	3468
74	559A	9	3468
74	559C	12	3468
74	559D	12	3468
74	559E	12	3468
74	559F	12	3468
74	55A0	12	3468
74	55A1	12	3468
74	55A3	12	3468
74	55A4	12	3468
74	55A6	12	3468
74	55A8	12	3468
74	55AA	9	3468
74	55AC	12	3468
74	55AD	12	3468
74	55AE	12	3468
74	55B0	12	3468
74	55B2	12	3468
74	55B4	12	3468
74	55B6	12	3468
74	55B8	12	3468
74	55BA	12	3468
74	55BD	12	3468
74	55BE	24	3468
74	55C0	24	3468
74	55C1	24	3468
74	55C3	24	3468
74	55C4	24	3468
74	55C6	12	3468
74	55C7	12	3468
74	55CA	12	3468
74	55CB	24	3468
74	55CE	24	3468
74	55CF	24	3468
74	55D2	24	3468
74	55D3	24	3468
74	55D4	24	3468
74	55D5	24	3468
74	55D7	24	3468
74	55D8	24	3468
74	55D9	24	3468
74	55DC	24	3468
74	55DD	24	3468
74	55DF	24	3468
74	55E0	24	3468
74	55E2	24	3468
74	55E3	24	3468
74	55E4	24	3468
74	55E6	24	3468
74	55E7	24	3468
74	55E9	24	3468
74	55EA	24	3468
74	55EB	24	3468
74	55EC	24	3468
74	55ED	24	3468
74	55EE	24	3468
74	55EF	24	3468
74	55F0	24	3468
74	55F1	24	3468
74	55F2	24	3468
74	55F3	24	3468
74	55F6	24	3468
74	55F8	24	3468
74	55F9	24	3468
74	55FB	24	3468
74	55FC	24	3468
74	55FE	24	3468
74	55FF	24	3468
74	5601	24	3468
74	5602	24	3468
74	5603	24	3468
74	5604	24	3468
74	5605	24	3468
74	5606	24	3468
74	5607	24	3468
74	5608	24	3468
74	560A	24	3468
74	560B	24	3468
74	560D	24	3468
74	5622	24	3468
74	5624	24	3468
74	5625	24	3468
74	5626	24	3468
74	5628	24	3468
74	5629	24	3468
74	562A	12	3468
74	562B	12	3468
74	562D	12	3468
74	5663	15	3467
74	5665	15	3467
74	5666	15	3467
74	5668	15	3467
74	5669	15	3467
74	566A	15	3467
74	566C	15	3467
74	566D	15	3467
74	566F	15	3467
74	5670	15	3467
74	5671	15	3467
74	5674	15	3467
74	5675	15	3467
74	5676	15	3467
74	5677	15	3467
74	5679	13	3467
74	567C	13	3467
74	567E	13	3467
74	5680	13	3467
74	5682	12	3467
74	5684	12	3467
74	569A	1	3468
74	569C	1	3468
74	569D	1	3468
74	569E	1	3468
74	56A0	1	3468
74	56A1	1	3468
74	56A2	1	3468
74	56A4	1	3468
74	56A6	1	3468
74	56A8	1	3468
74	56A9	1	3468
74	56AB	1	3468
74	56AD	1	3468
74	56AE	1	3468
74	56B0	15	3467
74	56B1	15	3467
74	56B2	15	3467
74	56B4	15	3467
74	56B5	15	3467
74	56B7	15	3467
74	56B8	15	3467
74	56B9	15	3467
74	56BA	15	3467
74	56BB	15	3467
74	56BD	15	3467
74	56BE	15	3467
74	56C0	15	3467
74	56C1	15	3467
74	56C3	15	3467
74	56C4	15	3467
74	56C5	15	3467
74	56C8	14	3468
74	56CA	14	3468
74	56CB	14	3468
74	56CD	14	3468
74	56CE	14	3468
74	56D0	14	3468
74	56D3	81	3468
74	56D6	81	3468
74	56D7	81	3468
74	56D8	81	3468
74	56DB	81	3468
74	56DC	81	3468
74	56DD	81	3468
74	56DF	81	3468
74	56E2	12	3468
74	56E4	12	3468
74	56E6	12	3468
74	56E9	12	3468
74	56EB	12	3468
74	56EE	12	3468
74	56EF	12	3468
74	56F0	12	3468
74	56F1	12	3468
74	56F2	12	3468
74	56F4	12	3468
74	572F	12	3468
74	5731	12	3468
74	5732	12	3468
74	5734	12	3468
74	5737	12	3468
74	5738	12	3468
74	573A	12	3468
74	573B	12	3468
74	573D	12	3468
74	5755	12	3468
74	5756	12	3468
74	5757	12	3468
74	5759	12	3468
74	575A	12	3468
74	575C	12	3468
74	575D	12	3468
74	575E	12	3468
74	575F	12	3468
74	5760	12	3468
74	5761	12	3468
74	5762	12	3468
74	5763	12	3468
74	5765	12	3468
74	5766	12	3468
74	5767	12	3468
74	5769	12	3468
74	576A	12	3468
74	576C	12	3468
74	576D	12	3468
74	576E	12	3468
74	5770	12	3468
74	5771	12	3468
74	5773	12	3468
74	5774	12	3468
74	5775	12	3468
74	5777	12	3468
74	5778	12	3468
74	5779	12	3468
74	577A	12	3468
74	577C	12	3468
74	577D	12	3468
74	577F	12	3468
74	5780	12	3468
74	5782	12	3468
74	5783	12	3468
74	5785	1	3468
74	5786	1	3468
74	5787	1	3468
74	5789	80	3468
74	578A	80	3468
74	578D	80	3468
74	578E	80	3468
74	578F	80	3468
74	5790	80	3468
74	5791	80	3468
74	5792	80	3468
74	5795	15	3467
74	5797	15	3467
74	5798	15	3467
74	579A	15	3467
74	579B	15	3467
74	579C	15	3467
74	579E	15	3467
74	57A0	15	3467
74	57A1	15	3467
74	57A3	15	3467
74	57A5	15	3467
74	57A7	15	3467
74	57A8	15	3467
74	57AA	15	3467
74	57AC	15	3467
74	57AD	12	3468
74	57AF	12	3468
74	57B0	12	3468
74	57B2	12	3468
74	57B3	12	3468
74	57B6	12	3468
74	57B8	12	3468
74	57B9	12	3468
74	57BB	12	3468
74	57BC	12	3468
74	57BD	12	3468
74	57BE	12	3468
74	57C0	12	3468
74	57C1	12	3468
74	57C3	12	3468
74	57C4	12	3468
74	57C6	12	3468
74	57C9	78	3468
74	57CC	78	3468
74	57CD	78	3468
74	57CE	78	3468
74	57D1	78	3468
74	57D2	78	3468
74	57D3	78	3468
74	57D5	78	3468
74	57D8	12	3468
74	57DA	12	3468
74	57DD	12	3468
74	57DE	12	3468
74	57E0	12	3468
74	57E1	12	3468
74	57E3	12	3468
74	57E4	12	3468
74	57E5	12	3468
74	57E7	12	3468
74	57E8	12	3468
74	57EA	12	3468
74	57EB	12	3468
74	57EC	12	3468
74	57ED	12	3468
74	57EE	12	3468
74	57EF	12	3468
74	57F0	12	3468
74	57F2	12	3468
74	57F3	12	3468
74	57F4	12	3468
74	57F5	12	3468
74	57F7	12	3468
74	57F9	12	3468
74	57FB	12	3468
74	57FD	12	3468
74	57FF	12	3468
74	5801	12	3468
74	5861	78	3468
74	5862	78	3468
74	5865	78	3468
74	5866	78	3468
74	5867	78	3468
74	5868	78	3468
74	5869	78	3468
74	586A	78	3468
74	586D	12	3468
74	586E	31	3380
74	5870	31	3380
74	5872	31	3380
74	5874	31	3380
74	5876	31	3380
74	5878	31	3380
74	587A	31	3380
74	587C	31	3380
74	587E	31	3380
74	5880	31	3380
74	5881	31	3380
74	5883	31	3380
74	5884	31	3380
74	5886	31	3380
74	5888	31	3380
74	588A	31	3380
74	588C	31	3380
74	588E	31	3380
74	588F	31	3380
74	5891	31	3380
74	5892	31	3380
74	5893	31	3380
74	5895	28	3468
74	5897	28	3468
74	5898	28	3468
74	589A	28	3468
74	589B	28	3468
74	589D	28	3468
74	58A0	28	3468
74	58A1	172	3468
74	58A4	172	3468
74	58A5	172	3468
74	58A6	172	3468
74	58A7	172	3468
74	58A8	172	3468
74	58A9	172	3468
74	58AA	172	3468
74	58AB	172	3468
74	58AC	172	3468
74	58AD	172	3468
74	58AE	172	3468
74	58B0	172	3468
74	58B1	172	3468
74	58B3	172	3468
74	58B4	172	3468
74	58B6	172	3468
74	58B7	172	3468
74	58B8	172	3468
74	58B9	172	3468
74	58BA	172	3468
74	58BC	2	3468
74	58BD	2	3468
74	58BE	2	3468
74	58C0	2	3468
74	58F4	172	3468
74	58F5	172	3468
74	58F8	172	3468
74	58F9	172	3468
74	58FA	172	3468
74	58FB	172	3468
74	58FC	172	3468
74	58FD	172	3468
74	58FF	28	3468
74	5900	31	3380
74	5902	31	3380
74	5904	31	3380
74	5969	19	2773
74	596A	165	2773
74	596B	165	2773
74	596C	165	2773
74	596E	147	2773
74	5970	147	2773
74	5972	1	2773
74	5973	1	2773
74	5974	1	2773
74	5976	1	2773
74	5977	1	2773
74	5979	1	2773
74	597C	1	2773
74	597F	18	3380
74	5980	18	3380
74	5A96	2	3379
74	5A98	2	3379
74	5A9A	2	3379
74	5A9C	2	3379
74	5A9E	2	3379
74	5AA1	2	3379
74	5AA3	2	3379
74	5AA6	2	3379
74	5AA7	2	3379
74	5AAA	2	3379
74	5AAD	2	3379
74	5AAE	20	3380
74	5AAF	20	3380
74	5AB2	20	3380
74	5AB3	20	3380
74	5AB6	20	3380
74	5AB7	20	3380
74	5AB8	20	3380
74	5ABA	20	3380
74	5ABB	20	3380
74	5ABC	20	3380
74	5ABD	20	3380
74	5ABE	20	3380
74	5ABF	20	3380
74	5AC0	20	3380
74	5AC1	20	3380
74	5AC2	20	3380
74	5AC3	20	3380
74	5AC4	20	3380
74	5AC5	20	3380
74	5AC6	20	3380
74	5AC7	20	3380
74	5AC8	20	3380
74	5AC9	20	3380
74	5ACA	20	3380
74	5ACB	20	3380
74	5ACC	20	3380
74	5ACE	20	3380
74	5AD7	20	3380
74	5AD8	20	3380
74	5ADB	174	3380
74	5ADC	174	3380
74	5ADD	174	3380
74	5ADF	154	3380
74	5AE0	154	3380
74	5AE1	154	3380
74	5AE2	154	3380
74	5AE3	154	3380
74	5AE4	154	3380
74	5AE5	154	3380
74	5AE6	154	3380
74	5AE7	154	3380
74	5AE9	154	3380
74	5AF3	20	3380
74	5AF4	20	3380
74	5AF5	20	3380
74	5AF8	20	3380
74	5AF9	20	3380
74	5AFB	20	3380
74	5AFC	20	3380
74	5AFE	20	3380
74	5B01	110	3380
74	5B02	110	3380
74	5B03	110	3380
74	5B04	110	3380
74	5B06	110	3380
74	5B07	110	3380
74	5B08	110	3380
74	5B09	110	3380
74	5B0A	110	3380
74	5B0B	110	3380
74	5B0C	110	3380
74	5B0D	110	3380
74	5B0E	110	3380
74	5B10	90	3380
74	5B11	90	3380
74	5B12	90	3380
74	5B14	124	3380
74	5B15	124	3380
74	5B17	124	3380
74	5B18	124	3380
74	5B19	124	3380
74	5B1B	124	3380
74	5B1D	90	3380
74	5B1F	90	3380
74	5B23	124	3380
74	5B24	124	3380
74	5B25	124	3380
74	5B26	124	3380
74	5B28	124	3380
74	5B2A	124	3380
74	5B2C	92	3380
74	5B2E	92	3380
74	5B32	124	3380
74	5B33	124	3380
74	5B35	90	3380
74	5B36	90	3380
74	5B3F	90	3380
74	5B40	90	3380
74	5B42	90	3380
74	5B43	90	3380
74	5B45	90	3380
74	5B46	90	3380
74	5B49	20	3380
74	5B4A	20	3380
74	5B4F	3	3379
74	5B52	3	3379
74	5B53	3	3379
74	5B54	3	3379
74	5B55	3	3379
74	5B56	3	3379
74	5B57	3	3379
74	5B58	3	3379
74	5B59	3	3379
74	5B5A	3	3379
74	5B5B	3	3379
74	5B5C	2	3380
74	5B5F	2	3380
74	5B62	6	3380
74	5B63	6	3380
74	5B65	6	3380
74	5B66	4	3380
74	5B68	4	3380
74	5B69	4	3380
74	5B6B	4	3380
74	5B6C	4	3380
74	5B6E	4	3380
74	5B70	4	3380
74	5B72	4	3380
74	5B73	4	3380
74	5B75	4	3380
74	5B76	4	3380
74	5B78	4	3380
74	5B79	4	3380
74	5B7B	4	3380
74	5B7D	4	3380
74	5B7F	4	3380
74	5B81	4	3380
74	5B83	4	3380
74	5B85	4	3380
74	5B87	4	3380
74	5B89	4	3380
74	5B8A	4	3380
74	5B8B	4	3380
74	5B8D	4	3380
74	5B8E	4	3380
74	5B8F	4	3380
74	5B91	4	3380
74	5B92	4	3380
74	5B93	4	3380
74	5B94	4	3380
74	5B95	4	3380
74	5B96	4	3380
74	5B98	4	3380
74	5B99	4	3380
74	5B9A	4	3380
74	5B9C	4	3380
74	5B9D	4	3380
74	5B9E	4	3380
75	4000	1628	170
75	4001	1628	170
75	4002	1628	170
75	4003	1628	170
75	4004	1628	170
75	4006	32	170
75	4007	50	3299
75	4008	50	3299
75	4009	50	3299
75	400A	50	3299
75	400B	45	3299
75	400C	45	3299
75	400D	45	3299
75	400F	8	3182
75	4010	8	3182
75	4012	8	3182
75	4013	8	3182
75	4014	90	3182
75	4015	90	3182
75	4016	90	3182
75	4017	90	3182
75	4019	83	3182
75	401A	83	3182
75	401B	83	3182
75	401C	83	3182
75	401E	1	3299
75	401F	1	3299
75	4020	8	3182
75	4021	8	3182
75	4022	8	3182
75	4023	8	3182
75	4024	8	3182
75	4025	8	3182
75	4027	8	3182
75	4028	8	3182
75	4029	634	44
75	402A	634	44
75	402D	634	44
75	402E	634	44
75	402F	634	44
75	4030	11	44
75	4031	11	44
75	4034	11	44
75	4036	11	44
75	4038	10	44
75	403A	10	44
75	403C	9	44
75	403E	9	44
75	4040	8	44
75	4041	8	44
75	4044	8	44
75	4047	11	44
75	4049	11	44
75	404A	11	44
75	404D	11	44
75	404E	11	44
75	404F	11	44
75	4052	11	44
75	4053	11	44
75	4054	11	44
75	4057	11	44
75	4058	11	44
75	4059	11	44
75	405C	11	44
75	405D	11	44
75	405E	11	44
75	4060	11	44
75	4061	11	44
75	4063	2	44
75	4065	2	44
75	4066	11	44
75	4069	11	44
75	406C	11	44
75	406D	11	44
75	406E	11	44
75	406F	11	44
75	40B4	644	44
75	40B5	644	44
75	40B6	644	44
75	40B9	644	44
75	40BA	644	44
75	40BD	644	44
75	40BE	644	44
75	40C1	644	44
75	40C2	644	44
75	40C3	644	44
75	40C5	644	44
75	40DA	644	44
75	40DB	644	44
75	40DC	5	44
75	40DD	5	44
75	40DF	5	44
75	40E0	5	44
75	40E1	5	44
75	40E4	5	44
75	40E5	5	44
75	40E6	5	44
75	40E7	5	44
75	40E9	5	44
75	40EB	5	44
75	40F9	5	44
75	40FA	5	44
75	40FC	5	44
75	40FE	5	44
75	40FF	5	44
75	4102	5	44
75	4105	5	44
75	4106	5	44
75	4109	5	44
75	410C	5	44
75	410E	5	44
75	4110	5	44
75	4111	5	44
75	4113	5	44
75	4114	5	44
75	4235	2	44
75	4238	2	44
75	4239	2	44
75	423A	2	44
75	423B	2	44
75	423C	2	44
75	423E	2	44
75	4240	2	44
75	4242	2	44
75	4244	2	44
75	4247	2	44
75	424A	2	44
75	424D	2208	44
75	424E	2208	44
75	424F	2208	44
75	4250	2208	44
75	4251	2208	44
75	4252	2208	44
75	4254	2	44
75	4257	2	44
75	4259	2	44
75	425C	2	44
75	425D	2	44
75	425E	2	44
75	4260	2	44
75	4261	2	44
75	4263	2	44
75	4264	2	44
75	4267	2	44
75	4268	2	44
75	4269	2	44
75	426A	2	44
75	426B	2	44
75	426E	2	44
75	426F	2	44
75	4270	2	44
75	4271	2	44
75	4272	2	44
75	4275	2	44
75	4277	2	44
75	427A	2	44
75	427D	2	44
75	427E	2	44
75	4280	2	44
75	4286	2	44
75	4288	2	44
75	428B	2	44
75	4329	1	170
75	432C	1	170
75	432E	1	170
75	4331	1	170
75	4333	1	170
75	4336	1	170
75	4339	1	170
75	433B	1	170
75	433E	1	170
75	433F	1	170
75	4341	1	170
75	4344	1	170
75	4347	1	170
75	4348	1	170
75	4349	1	170
75	434A	1	170
75	434B	1	170
75	434C	1	170
75	434D	1	170
75	434E	1	170
75	434F	1	170
75	4352	1	170
75	4353	1	170
75	4354	1	170
75	4355	1	170
75	4356	1	170
75	4359	1	170
75	435A	1	170
75	435D	1	170
75	4360	1	170
75	4362	1	170
75	4365	1	170
75	4368	1	170
75	436B	1	170
75	436C	1	170
75	436D	1	170
75	4370	1	170
75	4371	1	170
75	4372	1	170
75	4374	1	170
75	4376	1	170
75	437C	1	170
75	437E	1	170
75	437F	1	170
75	4380	1	170
75	4382	1	170
75	4385	1	170
75	4388	1	170
75	438A	1	170
75	438D	1	170
75	4390	5	44
75	4392	5	44
75	4393	5	44
75	4395	5	44
75	4396	5	44
75	4397	3	3299
75	4399	22	3299
75	439A	22	3299
75	439C	22	3299
75	439D	22	3299
75	439E	22	3299
75	43A0	3	3299
75	43A1	3	3299
75	43A2	3	3299
75	43A4	3	3299
75	43A6	3	3299
75	43B1	1	3299
75	43B4	1	3299
75	43B6	1	3299
75	43B9	1	3299
75	43BC	1	3299
75	43BE	1	3299
75	43C1	1	3299
75	43C2	1	3299
75	43C4	1	3299
75	43C7	1	3299
75	43C9	1	3299
75	43CB	1	3299
75	43CE	1	3299
75	43D0	1	3299
75	43D2	1	3299
75	43D5	1	3299
75	43DB	1	3299
75	43DC	1	3299
75	43DE	1	3299
75	43E1	1	3299
75	43E4	1	3299
75	43E7	1	3299
75	43E8	1	3299
75	43EB	1	3299
75	43EE	1	3299
75	43F0	1	3299
75	43F1	1	3299
75	43F3	1	3299
75	43F4	1	3299
75	43F7	1	3299
75	43F8	1	3299
75	43F9	1	3299
75	43FC	1	3299
75	43FE	1	3299
75	4401	1	3299
75	4404	1	3299
75	4407	1	3299
75	4408	1	3299
75	4409	1	3299
75	440A	1	3299
75	440D	1	3299
75	4410	1	3299
75	4411	1	3299
75	4414	1	3299
75	4417	1	3299
75	4418	1	3299
75	4419	1	3299
75	441C	1	3299
75	441E	1	3299
75	4421	1	3299
75	4422	1	3299
75	4423	1	3299
75	4424	1	3299
75	4425	1	3299
75	4426	1	3299
75	4429	1	3299
75	442A	1	3299
75	442C	1	3299
75	442F	1	3299
75	4432	1	3299
75	4434	1	3299
75	4437	6	44
75	443A	6	44
75	443C	6	44
75	448A	1	3299
75	448D	1	3299
75	4490	1	3299
75	4492	1	3299
75	4495	1	3299
75	4496	1	3299
75	4497	1	3299
75	4498	1	3299
75	449B	1	3299
75	449D	1	3299
75	44A3	1	3299
75	44A6	1	3299
75	44A7	1	3299
75	44A8	1	3299
75	44AB	1	3299
75	44AD	1	3299
75	44B0	1	3299
75	44B1	1	3299
75	44B4	1	3299
75	44B5	5	44
75	44B6	5	44
75	44B9	5	44
75	44BC	5	44
75	44BD	5	44
75	44C0	5	44
75	44C3	5	44
75	44C6	5	44
75	44C8	5	44
75	44CB	1	38343
75	44CE	1	38343
75	44D0	1	38343
75	44D3	1	38343
75	44D6	1	38343
75	44D8	1	38343
75	44DA	1	38343
75	44DC	1	38343
75	44DE	1	38343
75	44E0	1	38343
75	44E3	1	38343
75	44E6	1	38343
75	44E8	1	38343
75	44EA	1	38343
75	44EC	1	38343
75	44EF	1	38343
75	44F1	1	38343
75	44F4	1	38343
75	44F7	1	38343
75	44FA	1	38343
75	44FC	1	38343
75	44FF	1	38343
75	4501	1	38343
75	4504	1	38343
75	4507	1	38343
75	4509	1	38343
75	450B	1	38343
75	457D	1	3299
75	457F	1	3299
75	4582	1	3299
75	4583	1	3299
75	4587	1	3160
75	4589	1	3160
75	458C	1	3160
75	458D	1	3160
75	4590	1	3160
75	4591	1	3299
75	4593	1	3299
75	4596	1	3299
75	4597	1	3299
75	459B	3	3160
75	459E	3	3160
75	45A0	3	3160
75	45A2	3	3160
75	45A5	3	3160
75	45A7	3	3160
75	45A9	3	3160
75	45AC	3	3160
75	45AD	3	3160
75	45AE	1	3160
75	45AF	1	3160
75	45B2	1	3160
75	45B3	1	3160
75	45B5	1	3160
75	45B6	1	3160
75	45B9	1	3160
75	45BA	1	3160
75	45BD	1	3160
75	45BE	1	3160
75	45C1	1	3160
75	45C4	1	3160
75	45C5	1	3160
75	45C8	1	3160
75	45CB	1	3160
75	45CD	1	3160
75	45CE	1	3160
75	45D0	1	3160
75	45D1	1	3160
75	45D4	1	3160
75	45D7	1	3160
75	45DA	1	3160
75	45DB	1	3160
75	461A	1	3328
75	461C	1	3328
75	461F	1	3328
75	4620	1	3328
75	4622	1	3328
75	4623	1	3328
75	4625	1	3328
75	4626	1	3328
75	4636	1	3328
75	4637	1	3328
75	4638	1	3328
75	463B	1	3328
75	463E	1	3328
75	4640	1	3328
75	4641	1	3328
75	4643	1	3328
75	4644	1	3328
75	4645	1	3328
75	4648	1	3328
75	464B	1	3328
75	464E	1	3328
75	4651	1	3328
75	4654	1	3328
75	4656	1	3328
75	4659	1	3328
75	465C	1	3328
75	465F	1	3328
75	4661	1	3328
75	4664	1	3328
75	4665	1	3328
75	4666	1	3328
75	4667	1	3328
75	4668	1	3328
75	4669	1	3328
75	466C	1	3328
75	466F	1	3328
75	4670	1	3328
75	4671	1	3328
75	4672	1	3328
75	4673	1	3328
75	4676	1	3328
75	4679	1	3328
75	467B	1	3328
75	467D	1	3328
75	4680	1	3328
75	4681	1	3328
75	46B1	1	3328
75	46B4	1	3328
75	46B6	1	3328
75	46B9	1	3328
75	46BB	1	3328
75	46BE	1	3328
75	46C0	1	3328
75	46C3	1	3328
75	46C6	1	3328
75	46C8	1	3328
75	46CB	1	3328
75	46CC	1	3328
75	46CD	1	3328
75	46CE	1	3328
75	46D1	1	3328
75	46D2	1	3328
75	46D5	25	3328
75	46D6	25	3328
75	46D7	25	3328
75	46D9	25	3328
75	46DB	24	3328
75	46DC	24	3328
75	46DD	24	3328
75	46DF	1	3328
75	46E0	1	3328
75	46E1	1	3328
75	46E2	1	3328
75	46E3	1	3328
75	46E6	1	3328
75	46E7	1	3328
75	46EA	1	3328
75	46ED	1	3328
75	46EF	1	3328
75	46F1	1	3328
75	4DE2	1	3328
75	4DE5	1	3328
75	4DE7	1	3328
75	4DEA	1	3328
75	4E05	1	3328
75	4E07	1	3328
75	4E0A	1	3328
75	4E0D	1	3328
75	4E0F	1	3328
75	4E12	1	3328
75	4E15	1	3328
75	4E16	1	3328
75	4E19	1	3328
75	4E1A	1	3328
75	4E1D	1	3328
75	4E1E	1	3328
75	4E21	1	3328
75	4E22	1	3328
75	4E25	1	3328
75	4E28	1	3328
75	4E2B	1	3328
75	4E2E	1	3328
75	4E2F	1	3328
75	4E32	1	3328
75	4E33	1	3328
75	4E36	1	3328
75	4E37	1	3328
75	4E38	1	3328
75	4E39	1	3328
75	4E3C	1	3328
75	4E3D	1	3328
75	4E40	1	3328
75	4E41	1	3328
75	4E42	1	3328
75	4E43	1	3328
75	4E44	1	3328
75	4E45	1	3328
75	4E47	1	3328
75	4E48	1	3328
75	4E4F	1	3328
75	4E50	1	3328
75	4E51	1	3328
75	4E52	1	3328
75	4E53	1	3328
75	4E55	1	3328
75	4E58	7	3328
75	4E59	7	3328
75	4E5A	7	3328
75	4E5B	7	3328
75	4E5D	7	3328
75	4E5E	7	3328
75	4E5F	7	3328
75	4E61	1	3328
75	4E62	1	3328
75	4E64	1	3328
75	4E66	1	3328
75	4E69	26	3328
75	4E6A	26	3328
75	4E6B	26	3328
75	4E6C	26	3328
75	4E6E	25	3328
75	4E6F	25	3328
75	4E70	25	3328
75	4E75	1	3328
75	4E76	1	3328
75	4E77	1	3328
75	4E79	1	3328
75	4E7B	1	3328
75	4E7E	26	3328
75	4E7F	26	3328
75	4E80	26	3328
75	4E81	26	3328
75	4E83	25	3328
75	4E84	25	3328
75	4E85	25	3328
75	4E8B	1	3328
75	4E8C	1	3328
75	4E8D	1	3328
75	4E8F	1	3328
75	4E91	1	3328
75	4E94	26	3328
75	4E95	26	3328
75	4E96	26	3328
75	4E97	26	3328
75	4E99	25	3328
75	4E9A	25	3328
75	4E9B	25	3328
75	4EA7	1	3328
75	4EA8	1	3328
75	4EAA	1	3328
75	4EAC	1	3328
75	4EAF	26	3328
75	4EB0	26	3328
75	4EB1	26	3328
75	4EB2	26	3328
75	4EB4	25	3328
75	4EB5	25	3328
75	4EB6	25	3328
75	4ED0	1	3328
75	4ED1	1	3328
75	4ED4	1	3328
75	4ED7	1	3328
75	4ED8	1	3328
75	4EDB	1	3328
75	4EDC	1	3328
75	4EDE	1	3328
75	4EE8	1	3328
75	4EEB	1	3328
75	4EEC	1	3328
75	4EED	1	3328
75	4EEE	1	3328
75	4EEF	1	3328
75	4EF0	1	3328
75	4EF1	1	3328
75	4EF2	1	3328
75	4EF3	1	3328
75	4EF4	1	3328
75	4EF7	1	3328
75	4EF8	1	3328
75	4EFB	1	3328
75	4EFE	1	3328
75	4EFF	1	3328
75	4F00	1	3328
75	4F01	1	3328
75	4F02	1	3328
75	4F03	1	3328
75	4F04	1	3328
75	4F05	1	3328
75	4F06	1	3328
75	4F07	1	3328
75	4F08	1	3328
75	4F09	1	3328
75	4F0C	1	3328
75	4F0F	1	3328
75	4F10	1	3328
75	4F11	1	3328
75	4F12	1	3328
75	4F13	1	3328
75	4F17	1	3328
75	4F1A	1	3328
75	4F1B	1	3328
75	4F1C	1	3328
75	4F1D	1	3328
75	4F20	1	3328
75	4F21	1	3328
75	4F22	1	3328
75	4F23	1	3328
75	4F24	1	3328
75	4F25	1	3328
75	4F26	1	3328
75	4F28	1	3328
75	4F2A	1	3328
75	51DC	1	3328
75	51DD	1	3328
75	51E0	1	3328
75	51E1	1	3328
75	51E2	1	3328
75	51E3	1	3328
75	51E4	1	3328
75	51E5	1	3328
75	51E6	1	3328
75	51E7	1	3328
75	51E9	1	3328
75	51EC	1	3328
75	51ED	25	3328
75	51EE	25	3328
75	51F0	25	3328
75	51F2	1	3328
75	51F3	1	3328
75	51F6	24	3328
75	51F7	24	3328
75	51F8	24	3328
75	51F9	24	3328
75	51FB	1	3328
75	51FE	1	3328
75	51FF	1	3328
75	5200	1	3328
75	5201	1	3328
75	5202	1	3328
75	563A	2	308
75	563D	2	308
75	563F	2	308
75	5642	2	308
75	5643	2	308
75	5646	2	308
75	5647	2	308
75	5648	2	308
75	564B	2	308
75	564E	2	308
75	5651	2	308
75	5654	2208	308
75	5655	2208	308
75	5656	2208	308
75	5657	2208	308
75	5658	2208	308
75	5659	2208	308
75	565B	2	308
75	5671	8043	52
75	5674	8043	52
75	5675	8043	52
75	5676	8043	52
75	5677	8043	52
75	5678	8043	52
75	567B	8043	52
75	567D	8043	52
75	567F	8043	52
75	5682	8043	52
75	5684	8043	52
75	5686	6600	3431
75	5689	8043	52
75	568A	8043	52
75	568B	8043	52
75	568C	8043	52
75	568F	8043	52
75	5690	8043	52
75	5691	8043	52
75	5692	8043	52
75	5693	7	169
75	5694	7	169
75	5696	7	169
75	5698	7	169
75	5699	7	169
75	569B	7	169
75	569C	7	169
75	569F	7	169
75	56A2	7	169
75	56A5	7	169
75	56A6	7	169
75	56A9	7	169
75	56AA	7	169
75	56AB	7	169
75	56AC	7	169
75	56AD	5	54
75	56AF	5	54
75	56B6	5	54
75	56B9	5	54
75	56BC	5	54
75	56BD	5	54
75	56BE	5	54
75	56C1	5	54
75	56C2	5	54
75	56C3	5	54
75	56C6	5	54
75	56C7	5	54
75	56C8	5	54
75	56CA	5	54
75	56CB	5	54
75	56CD	5	54
75	56CE	5	54
75	56D1	5	54
75	56D2	23604	44
75	56D5	23604	44
75	56D6	23604	44
75	56D9	23604	44
75	56DA	23604	44
75	56DD	6489	44
75	56E0	6489	44
75	56E1	6489	44
75	56E2	6489	44
75	56E3	6489	44
75	56E4	6489	44
75	56E5	6489	44
75	56E6	6489	44
75	56E7	6489	44
75	56E8	6489	44
75	56EA	6489	44
75	56ED	1265	44
75	56EE	1265	44
75	56EF	1265	44
75	56F2	1265	44
75	56F5	1265	44
75	56F6	1265	44
75	56F8	1265	44
75	56F9	1265	44
75	56FB	1265	44
75	56FC	1265	44
75	56FF	635	44
75	5702	635	44
75	5704	635	44
75	5706	635	44
75	5708	635	44
75	5709	635	44
75	570C	635	44
75	570D	635	44
75	570E	635	44
75	5711	635	44
75	5712	635	44
75	5713	635	44
75	5716	635	44
75	5719	635	44
75	571B	635	44
75	571D	5	44
75	5720	5	44
75	5721	5	44
75	5723	630	51
75	5726	630	51
75	5728	630	51
75	572A	630	51
75	572C	630	51
75	572E	630	51
75	5730	630	51
75	5734	630	51
75	5735	630	51
75	5737	630	51
75	573A	630	51
75	573B	630	51
75	573D	630	51
75	573E	630	51
75	5741	630	51
75	5743	630	51
75	5746	630	51
75	5747	630	51
75	574A	630	51
75	574B	630	51
75	574C	630	51
75	574D	630	51
75	5750	630	51
75	5751	630	51
75	5752	630	51
75	5753	630	51
75	5756	630	51
75	5757	630	51
75	5758	630	51
75	5759	630	51
75	575C	630	51
75	575E	630	51
75	5760	600	3430
75	5762	600	3430
75	5764	30	51
75	5767	30	51
75	5769	30	51
75	576B	30	51
75	576D	30	51
75	576F	29	51
75	5771	29	51
75	5773	28	51
75	5775	28	51
75	5777	27	51
75	5779	27	51
75	577F	3	3322
75	5781	630	51
75	5782	630	51
75	5785	5	44
75	5786	5	44
75	5789	5	44
75	578C	5	44
75	578D	5	44
75	578E	5	44
75	578F	5	44
75	5790	5	44
75	5792	15	44
75	5793	15	44
75	5794	15	44
75	5796	15	44
75	5797	15	44
75	5799	5	44
75	579A	5	44
75	579B	5	44
75	579E	5	44
75	579F	5	44
75	57A0	5	44
75	57F4	17115	51
75	57F7	17115	51
75	57F8	17115	51
75	57FA	8043	52
75	57FB	8043	52
75	57FD	5523	52
75	57FE	5523	52
75	5801	2520	52
75	5804	9072	51
75	5807	9072	51
75	5808	9072	51
75	5809	9072	51
75	580B	8442	51
75	580D	8442	51
75	580F	630	52
75	5811	9072	51
75	5813	9072	51
75	5814	9072	51
75	5816	7812	51
75	5818	7812	51
75	581A	7812	51
75	581B	7812	51
75	581E	7812	51
75	581F	7812	51
75	5820	7812	51
75	584C	1260	52
75	584D	1260	52
75	584F	1260	52
75	5850	1260	52
75	5852	630	52
75	5853	630	52
75	5854	630	52
75	5855	630	52
75	5858	630	52
75	585A	1890	52
75	585B	1890	52
75	585C	1890	52
75	585E	630	52
75	5861	630	52
75	5863	630	52
75	5870	630	52
75	5873	630	52
75	5874	630	52
75	5877	630	52
75	5878	630	52
75	587A	2520	52
75	587D	2520	52
75	587F	2520	52
75	5880	2520	52
75	5882	630	52
75	5883	630	52
75	5884	630	52
75	5886	630	52
75	5889	630	52
75	588A	630	52
75	588B	630	52
75	588D	8	54
75	588E	8	54
75	5890	3003	52
75	5893	3003	52
75	5896	3003	52
75	5897	3003	52
75	5899	622	52
75	589A	622	52
75	589B	622	52
75	589C	622	52
75	589E	2520	52
75	58A0	2520	52
75	58A1	2520	52
75	58A4	2520	52
75	58A7	2520	52
75	58A8	2520	52
75	58AA	2520	52
75	58AB	2520	52
75	58AD	1260	52
75	58B0	1260	52
75	58B2	1260	52
75	58B3	1260	52
75	58B5	1260	52
75	58B6	1260	52
75	58B7	1260	52
75	58C0	1260	52
75	58C2	1260	52
75	58C3	1260	52
75	58C5	630	52
75	58C6	630	52
75	58C7	630	52
75	58C8	23604	44
75	58CB	23604	44
75	58CD	23604	44
75	58CE	5523	52
75	58D0	5523	52
75	58D1	5523	52
75	58D3	5523	52
75	58D6	5523	52
75	58D7	5523	52
75	58D8	5523	52
75	58D9	5523	52
75	58DA	5523	52
75	58DB	5523	52
75	58DE	5523	52
75	58DF	5523	52
75	58E2	5523	52
75	58E5	5523	52
75	58E8	5523	52
75	58E9	5523	52
75	58EA	794745	44
75	58ED	794745	44
75	58EF	794745	44
75	58F2	794745	44
75	58F5	794745	44
75	58F8	794745	44
75	58F9	794745	44
75	58FB	794745	44
75	58FD	793952	51
75	58FE	793952	51
75	58FF	793952	51
75	5900	793952	51
75	5901	793952	51
75	5902	793952	51
75	5904	793952	51
75	5906	793952	51
75	5907	793952	51
75	5908	793952	51
75	5933	794745	44
75	5936	794745	44
75	5938	794745	44
75	593B	788256	44
75	593D	788256	44
75	5940	771141	44
75	5943	771141	44
75	5945	771141	44
75	5948	771138	44
75	594B	771138	44
75	594C	771138	44
75	594F	3056	51
75	5950	3056	51
75	5951	3056	51
75	5954	610	51
75	5957	610	51
75	595A	610	51
75	595C	610	51
75	595F	610	51
75	5961	610	51
75	5963	610	51
75	5964	610	51
75	5966	610	51
75	5969	605	169
75	596B	605	169
75	596D	600	3429
75	596F	600	3429
75	5971	600	3429
75	5974	600	3429
75	5976	600	3429
75	5978	600	3429
75	597A	600	3429
75	5983	600	3429
75	5986	600	3429
75	5990	5	169
75	5991	5	169
75	5992	5	169
75	5995	5	169
75	5997	5	169
75	599A	5	169
75	59FC	5	51
75	59FE	5	51
75	5A01	5	51
75	5A04	5	51
75	5A06	5	51
75	5A09	5	51
75	5A0C	5	51
75	5A0F	5	51
75	5A11	5	51
75	5A14	5	51
75	5A36	17115	51
75	5A39	17115	51
75	5A3A	17115	51
75	5A3B	17115	51
75	5A3D	8043	52
75	5A3F	8043	52
75	5A41	2520	52
75	5A42	2520	52
75	5A44	2520	52
75	5A46	1890	52
75	5A48	1890	52
75	5A4A	15855	51
75	5A4C	17115	51
75	5A4E	17115	51
75	5A51	9072	51
75	5A54	9072	51
75	5A55	9072	51
75	5AC3	630	52
75	5AC5	630	52
75	5AC7	630	52
75	5ACA	630	52
75	5ACB	630	52
75	5ACD	630	52
75	5AD0	630	52
75	5AD2	630	52
75	5B2B	6489	44
75	5B2E	6489	44
75	5B2F	6489	44
75	5B30	6489	44
75	5B31	6489	44
75	5B32	6489	44
75	5B34	6489	44
75	5B35	6489	44
75	5B36	6489	44
75	5B37	6489	44
75	5B38	23604	44
75	5B3B	23604	44
75	5B3D	23604	44
75	5B3F	23604	44
75	5B41	23604	44
75	5B43	23604	44
75	5B45	794745	44
75	5B46	630	52
75	5B47	630	52
75	5B4A	630	52
75	5B4D	630	52
75	5B50	630	52
75	5B51	630	52
75	5B52	630	52
75	5B55	630	52
75	5B58	630	52
75	5B5A	630	52
75	5B5C	630	52
75	5B5E	600	3431
75	5B61	600	3431
75	5B63	30	52
75	5B66	630	52
75	5B68	630	52
75	5B6A	1	3375
75	5B6C	630	52
75	5B6D	630	52
75	5B70	630	52
75	5B71	630	52
75	5B73	630	52
75	5B76	630	52
75	5B79	630	52
75	5B7B	630	52
75	5B7E	630	52
75	5B80	630	52
75	5B83	623	52
75	5B85	623	52
75	5B88	622	52
75	5B8A	622	52
75	5B8C	621	52
75	5B8E	621	52
75	5B90	621	52
75	5B92	621	52
75	5B94	620	52
75	5B96	620	52
75	5B98	614	52
75	5B9A	614	52
75	5B9C	614	52
75	5B9E	614	52
75	5BA1	13	52
75	5BA3	13	52
75	5BA5	12	52
75	5BA7	12	52
75	5BA9	11	52
75	5BAB	11	52
75	5BAE	6	54
75	5BB0	6	54
75	5BB3	6	54
75	5BB5	6	54
75	5BB8	5	54
75	5BBB	5	54
75	5BBD	5	54
75	5BBF	5	54
75	5BC2	5	54
75	5BC3	5	54
75	5BC6	5	54
75	5BC7	1	3335
75	5BCA	1	3335
75	5BCD	1	3335
75	5BCF	1	3335
75	5BD2	1	3335
75	5BD3	1	38344
75	5BD5	1	38344
75	5BD8	1	38344
75	5BD9	1	3327
75	5BDB	1	3327
75	5BDE	1	3327
75	5BE1	1	3327
75	5BE4	1	3327
75	5BE6	1	3327
75	5BE9	1	38345
75	5BEB	1	38345
75	5BEE	1	38345
75	5BF1	1	38345
75	5BF3	1	38345
75	5BF6	1	38345
75	5BF8	1	38345
75	5BF9	6	186
75	5BFC	6	186
75	5BFD	6	186
75	5BFE	6	186
75	5BFF	6	186
75	5C02	6	186
75	5C03	6	186
75	5C04	6	186
75	5C05	6	186
75	5C06	6	186
75	5C09	6	186
75	5C0B	6	186
75	5C0E	6	186
75	5C20	7	3337
75	5C23	7	3337
75	5C25	7	3337
75	5C28	6	3337
75	5C2B	6	3337
75	5C2C	6	3337
75	5C2F	6	3337
75	5C30	6	3337
75	5C33	6	3337
75	5C36	6	3337
75	5C37	6	3337
75	5C38	6	3337
75	5C39	6	3337
75	5C3C	6	3337
75	5C3D	6	3337
75	5C40	3	3356
75	5C41	3	3356
75	5C44	3	3356
75	5C46	3	3356
75	5CCB	3	3356
75	5CCC	3	3356
75	5CCD	3	3356
75	5CCF	1	3356
75	5CD0	1	3356
75	5CD1	1	3356
75	5CD3	1	3356
75	5CD5	1	3356
75	5CD8	1	3356
75	5CDA	1	3356
75	5CDD	1	3356
75	5CDE	1	3356
75	5CDF	1	3356
75	5CE0	1	3356
75	5CE1	1	3356
75	5CE3	2	3369
75	5CE4	2	3369
75	5CE5	2	3369
75	5CE6	2	3369
75	5CE7	2	3369
75	5CE9	2	3369
75	5CEA	3	3356
75	5CEB	3	3356
75	5CEC	3	3356
75	5CED	3	3356
75	5CF0	3	3356
75	5CF1	3	3356
75	5CF4	3	3356
75	5CF5	3	3356
75	5CF8	3	3356
75	5CF9	3	3356
75	5CFA	3	3356
75	5CFC	3	3356
75	5CFD	3	3356
75	5D00	3	3356
75	5D03	3	3356
75	5D04	3	3356
75	5D05	3	3356
75	5D06	3	3356
75	5D09	3	3356
75	5D0A	3	3356
75	5D0B	3	3356
75	5D0C	3	3356
75	5D0D	3	3356
75	5D0F	1	3369
75	5D10	7	3337
75	5D13	7	3337
75	5D15	7	3337
75	5D25	7	3337
75	5D28	7	3337
75	5D2B	7	3337
75	5D2C	1	3332
75	5D2F	1	3332
75	5D30	1	3332
75	5D33	1	3332
75	5D34	1	3332
75	5D37	1	3332
75	5D39	1	3332
75	5D3C	1	3332
75	5D3E	1	3332
75	5D41	1	3332
75	5D42	5	52
75	5D45	5	52
75	5D48	5	52
75	5D4A	45	52
75	5D4B	45	52
75	5D4C	45	52
75	5D4D	45	52
75	5D4F	45	52
75	5D50	45	52
75	5D51	45	52
75	5D53	5	52
75	5D54	5	52
75	5D55	5	52
75	5D57	5	52
75	5D5A	5	52
75	5D5C	5	52
75	5D5E	5	52
75	5D60	5	52
75	5D62	5	52
75	5D65	5	52
75	5D67	5	52
75	5D6A	5	52
75	5D6E	1	3323
75	5D70	1	3323
75	5D73	1	3323
75	5D76	1	3323
75	5D78	1	3323
75	5D79	601	3321
75	5D7C	601	3321
75	5D7E	601	3321
75	5D80	600	3431
75	5D83	600	3431
75	5D86	600	3431
75	5D89	600	3431
75	5D8A	600	3431
75	5D8D	600	3431
75	5D90	600	3431
75	5D92	600	3431
75	5D93	600	3431
75	5D95	600	3431
75	5D97	600	3431
75	5D98	600	3431
75	5DC9	1	3321
75	5DCC	1	3321
75	5DCD	1	3321
75	5DCE	1	3321
75	5DCF	1	3321
75	5DD2	1	3321
75	5DD3	1	3321
75	5DD6	1	3321
75	5DD9	1	3321
75	5DDA	1	3321
75	5DDB	1	3321
75	5DDE	1	3321
75	5DE1	1	3321
75	5DE2	601	3321
75	5DE4	601	3321
75	5DE6	601	3321
75	5DE7	601	3321
75	5DE8	600	3431
75	5DEA	600	3431
75	5DF3	600	3431
75	5DF5	600	3431
75	5DF8	600	3431
75	5DFA	600	3431
75	5DFC	600	3431
75	5DFF	600	3431
75	5E04	600	3431
75	5E06	600	3431
75	5E07	600	3431
75	5E09	600	3431
75	5E0A	600	3431
75	5E0C	600	3431
75	5E0D	600	3431
75	5E0E	600	3431
75	5E10	600	3431
75	5E11	600	3431
75	5E13	600	3431
75	5E16	600	3431
75	5E18	600	3431
75	5E1E	601	3321
75	5E1F	601	3321
75	5E21	601	3321
75	5E22	601	3321
75	5E23	601	3321
75	5E24	601	3321
75	5E25	601	3321
75	5E26	601	3321
75	5E29	601	3321
75	5E2B	601	3321
75	5E2C	601	3321
75	5E2F	601	3321
75	5E30	601	3321
75	5E31	630	52
75	5F08	7	52
75	5F0B	19	52
75	5F0E	19	52
75	5F10	635	44
75	5F13	635	44
75	5F14	635	44
75	5F17	635	44
75	5F19	635	44
75	5F20	635	44
75	5F22	635	44
75	5F24	635	44
75	5F26	635	44
75	5F27	635	44
75	5F2A	635	44
75	5F2C	635	44
75	5F2E	635	44
75	5F2F	635	44
75	5F32	635	44
75	5F33	635	44
75	5F36	635	44
75	5F37	635	44
75	5F3A	635	44
75	5F3B	635	44
75	5F3E	635	44
75	5F3F	635	44
75	5F42	635	44
75	5F43	635	44
75	5F46	635	44
75	5F47	635	44
75	5F4A	635	44
75	5F4B	635	44
75	5F4E	635	44
75	5F51	635	44
75	5F52	635	44
75	5F53	635	44
75	5F55	635	44
75	5F58	635	44
75	5F59	635	44
75	5F5C	635	44
75	5F5D	635	44
75	5F60	635	44
75	5F62	635	44
75	5F65	635	44
75	5F68	635	44
75	5F6A	635	44
75	5F6B	635	44
75	5F6C	11	170
75	5F6D	11	170
75	5F70	11	170
75	5F71	11	170
75	5F72	11	170
75	5F73	11	170
75	5F75	134	170
75	5F78	134	170
75	5F7A	11	170
75	5F7C	44	170
75	5F7F	44	170
75	5F81	11	170
75	5F82	11	170
75	5F83	11	170
75	5F86	11	170
75	5F87	11	170
75	5F88	11	170
75	5F89	11	170
75	5F8A	11	170
75	5F8B	11	170
75	5F8C	11	170
75	5F8D	11	170
75	5F8E	11	170
75	5F90	11	170
75	5F91	11	170
75	5F92	11	170
75	5F93	11	170
75	5F94	11	170
75	5F95	11	170
75	5F96	178	170
75	5F97	178	170
75	5F98	178	170
75	5F99	178	170
75	5F9A	178	170
75	5F9C	178	170
75	5F9D	178	170
75	5F9E	178	170
75	5F9F	178	170
75	5FA0	600	3429
75	5FA3	600	3429
75	5FA5	600	3429
75	5FA6	600	3429
75	5FA9	600	3429
75	5FAB	600	3429
75	5FAD	600	3429
75	5FAF	600	3429
75	5FB1	600	3429
75	5FB3	600	3429
75	5FD6	600	3429
75	5FD8	600	3429
75	5FDB	600	3429
75	5FDC	600	3429
75	5FDE	600	3429
75	5FE0	600	3429
75	5FE2	600	3429
75	5FE3	600	3429
75	5FE6	600	3429
75	5FE9	600	3429
75	5FEC	600	3429
75	5FEF	600	3429
75	5FF1	600	3429
75	6149	794745	44
75	614C	794745	44
75	614E	794745	44
75	614F	770379	52
75	6152	770379	52
75	6154	770379	52
75	6155	12827	52
75	6156	12827	52
75	6158	12827	52
75	615A	12827	52
75	615C	12827	52
75	615E	12825	52
75	6160	12825	52
75	6162	12825	52
75	6164	12825	52
75	6166	12825	52
75	6168	12825	52
75	616A	12827	52
75	616D	12827	52
75	616F	12827	52
75	6170	12827	52
75	6172	12827	52
75	6174	12827	52
75	6177	12827	52
75	6178	12827	52
75	6179	12827	52
75	617A	12827	52
75	617B	12827	52
75	617C	12827	52
75	617F	12827	52
75	6180	12827	52
75	6181	12827	52
75	6191	2	3332
75	6192	2	3332
75	6195	2	3332
75	6197	2	3332
75	61F1	5122	52
75	61F2	5122	52
75	61F4	5120	54
75	61F5	5120	54
75	61F7	5118	54
75	61F8	5118	54
75	61F9	2	52
75	61FC	2	52
75	61FD	2	52
75	61FF	2	52
75	620B	2	54
75	620E	2	54
75	620F	2	54
75	6210	2	54
75	6211	2	54
75	6214	2	54
75	6216	2	54
75	6218	2	54
75	621A	2	54
75	621B	2	54
75	621D	2	54
75	6221	2	54
75	6223	2	54
75	6226	2	54
75	6227	2	54
75	6229	2	54
75	622A	2	54
75	622B	2	54
75	622C	2	54
75	622D	2	54
75	622E	2	54
75	622F	2	54
75	6230	2	54
75	6235	2	54
75	6238	2	54
75	6239	2	54
75	623A	2	54
75	623D	2	54
75	623F	2	54
75	6241	2	54
75	6264	5	52
75	6266	5	52
75	6269	5	52
75	626C	6	3307
75	626D	6	3307
75	626F	5	3313
75	6270	5	3313
75	6272	4	3319
75	6273	4	3319
75	6275	3	3321
75	6276	3	3321
75	6279	2	3323
75	627A	2	3323
75	627D	1	3327
75	627E	1	3327
75	6287	1	3307
75	628A	1	3307
75	628D	1	3313
75	6290	1	3313
75	6292	1	3313
75	6293	1	3313
75	6295	1	3313
75	6296	1	3313
75	6299	1	3313
75	629C	1	3319
75	629F	1	3319
75	62A0	1	3319
75	62A2	1	3319
75	62A4	1	3319
75	62A5	1	3319
75	62A7	1	3319
75	62A9	1	3319
75	62AB	1	3319
75	62AE	190	3319
75	62AF	190	3319
75	62B0	190	3319
75	62B1	190	3319
75	62B3	190	3319
75	62B4	190	3319
75	62B5	190	3319
75	62B6	190	3319
75	62B8	1	3319
75	62B9	1	3319
75	62BA	1	3319
75	62BC	1	3319
75	62BD	1	3319
75	62BE	1	3319
75	62C0	1	3319
75	62C3	1	3319
75	62C4	1	3319
75	62CB	1	3319
75	62CE	1	3319
75	62D1	1	3319
75	62D3	1	3319
75	62D6	1	3319
75	62D9	1	3319
75	62DB	1	3319
75	62DE	1	3319
75	62E1	1	3319
75	62E2	1	3319
75	62E4	1	3319
75	62E5	1	3319
75	62E7	1	3319
75	62EA	1	3319
75	62EB	1	3319
75	62EC	1	3319
75	62ED	1	3319
75	62F0	1	3319
75	62F2	1	3319
75	62F5	1	3319
75	62F6	1	3319
75	62F9	1	3319
75	630F	1	3321
75	6312	1	3321
75	6314	1	3321
75	6316	1	3321
75	6318	1	3321
75	632C	1	3323
75	632D	1	3323
75	6330	1	3323
75	6332	1	3323
75	6333	1	3323
75	6336	1	3323
75	6338	1	3323
75	633B	1	3327
75	633D	1	3327
75	6340	1	3327
75	6343	1	3327
75	6345	1	3327
75	6347	1	3327
75	6351	1	3321
75	6354	1	3321
75	6356	1	3321
75	6357	1	3321
75	6359	1	3321
75	635C	1	3321
75	635D	1	3321
75	6360	1	3319
75	6363	1	3319
75	6365	1	3319
75	6366	1	3319
75	6368	1	3319
75	6369	1	3319
75	636B	1	3319
75	636E	1	3319
75	6371	6	178
75	6373	6	178
75	6376	6	178
75	63E7	2562	38344
75	63E8	2562	38344
75	63EA	2562	38344
75	63EB	2562	38344
75	63ED	2562	38344
75	63EE	2562	38344
75	63F0	2561	38345
75	63F1	2561	38345
75	63F3	2560	38346
75	63F4	2560	38346
75	63F6	2559	38346
75	63F7	2559	38346
75	641C	1	38344
75	641E	1	38344
75	6421	1	38344
75	6424	1	38345
75	6427	1	38346
75	642A	1	38346
75	642C	1	38346
75	642F	1	38346
75	6430	1	38346
75	6432	1	38346
75	6433	1	38346
75	6457	2	3332
75	6458	2	3332
75	645A	1	3335
75	645B	1	3335
75	645E	1	3332
75	6460	1	3332
75	6463	1	3332
75	6466	1	3332
75	6469	1	3332
75	646A	1	3332
75	646C	1	3332
75	646E	1	3332
75	6471	1	3332
75	6472	1	3332
75	6491	1	3332
75	6493	1	3332
75	6496	1	3332
75	6499	1	3332
75	649C	1	3335
75	649F	1	3335
75	64A1	1	3335
75	64D4	1	3335
75	64D5	1	3335
75	64D8	1	3335
75	64DB	1	3335
75	64DC	1	3335
75	64DF	1	3335
75	64E0	1	3335
75	64E3	1	3335
75	64E4	1	3335
75	64E7	1	3335
75	64E8	1	3335
75	653A	1	3335
75	653C	1	3335
75	653F	1	3335
75	6540	250	3335
75	6541	250	3335
75	6542	250	3335
75	6544	1	3335
75	6547	1	3335
75	654A	1	3335
75	654D	1	3335
75	6550	1	3335
75	6553	1	3335
75	6556	1	3335
75	6559	1	3335
75	655C	1	3335
75	655D	1	3335
75	6560	1	3335
75	6561	1	3335
75	6564	1	3335
75	6566	1	3335
75	6569	1	3335
75	659D	1	3335
75	65A0	1	3335
75	65A3	1	3335
75	65A5	1	3335
75	65A8	1	3335
75	65AB	1	3335
75	65AE	1	3335
75	65AF	1	3335
75	65B2	1	3335
75	65B4	1	3335
75	65B6	1	3335
75	65B8	1	3335
75	65C2	1	3335
75	65C5	1	3335
75	65C8	1	3335
75	65CA	1	3335
75	65CC	1	3335
75	65CD	1	3335
75	65D0	1	3335
75	65D1	1	3335
75	65D2	1	3335
75	65D3	1	3335
75	65D4	1	3335
75	65D5	1	3335
75	65D6	1	3335
75	65D7	1	3335
75	65DA	1	3335
75	65DC	1	3335
75	65DE	1	3335
75	65E1	1	3335
75	65E4	1	3335
75	65E5	1	3335
75	65E6	1	3335
75	65E7	1	3335
75	65E8	1	3335
75	65E9	1	3335
75	65EA	1	3335
75	65EC	1	3335
75	65ED	1	3335
75	65EF	1	3335
75	65F0	1	3335
75	65F1	1	3335
75	65F2	1	3335
75	65F4	1	3335
75	65F5	1	3335
75	65F7	1	3335
75	65F8	1	3335
75	65F9	1	3335
75	65FA	1	3335
75	65FB	1	3335
75	65FE	1	3335
75	6601	1	3335
75	6603	1	3335
75	6606	1	3335
75	6609	1	3335
75	660A	1	3335
75	660B	1	3335
75	660D	1	3335
75	6610	1	3335
75	6613	1	3335
75	6616	1	3335
75	6618	1	3335
75	661B	1	3335
75	661C	1	3335
75	661F	1	3335
75	6620	1	3335
75	6621	1	3335
75	66A1	1	3335
75	66A4	1	3335
75	66A7	1	3335
75	66AA	1	3335
75	66AB	1	3335
75	66AE	1	3335
75	66B1	1	3335
75	66B6	1	3340
75	66B9	1	3340
75	66BC	1	3340
75	66BF	1	3340
75	66C2	1	3340
75	66C5	1	3340
75	66C7	1	3340
75	66CA	1	3340
75	66CC	1	3340
75	66CD	1	3340
75	66CE	1	3340
75	66D1	1	3340
75	66D3	1	3340
75	66D5	1	3340
75	66D7	1	3340
75	66DD	1	3340
75	66DF	1	3340
75	66E0	1	3340
75	66E1	1	3340
75	66E4	1	3340
75	66E6	1	3340
75	66E8	1	3340
75	66EE	1	3340
75	66F0	1	3340
75	66F1	1	3340
75	66F2	1	3340
75	66F4	1	3340
75	66F5	1	3340
75	66F6	1	3340
75	66F9	1	3340
75	6B27	1	3356
75	6B2A	1	3356
75	6B2B	1	3356
75	6B2E	1	3356
75	6B2F	1	3356
75	6B32	1	3356
75	6B33	1	3356
75	6B36	1	3356
75	6B39	1	3356
75	6B3C	1	3356
75	6B3F	1	3356
75	6B42	1	3356
75	6B43	2	3356
75	6B44	2	3356
75	6B46	2	3356
75	6B48	2	3356
75	6B4A	2	3356
75	6B4C	1	3356
75	6B4D	1	3356
75	6B50	1	3356
75	6B53	1	3356
75	6B54	1	3356
75	6B55	1	3356
75	6B5F	1	3356
75	6B60	1	3356
75	6B61	1	3356
75	6B62	1	3356
75	6B64	1	3356
75	6B65	1	3356
75	6B66	1	3356
75	6B67	1	3356
75	6B68	1	3356
75	6B69	1	3356
75	6B6A	1	3356
75	6B6D	1	3356
75	6B6E	1	3356
75	6B71	1	3356
75	6B72	1	3356
75	6B75	1	3356
75	6B76	3	3356
75	6B77	3	3356
75	6B79	3	3356
75	6B7B	3	3356
75	6B7D	3	3356
75	6B7F	3	3356
75	6B81	3	3356
75	6B82	3	3356
75	6B83	3	3356
75	6B84	3	3356
75	6D49	9	3337
75	6D4A	9	3337
75	6D4C	9	3337
75	6D4D	9	3337
75	6D4F	3	3337
75	6D50	3	3337
75	6D53	2	3337
75	6D54	2	3337
75	6D56	2	3337
75	6D57	2	3337
75	6D5A	2	3337
75	6D5B	2	3337
75	6DB5	6	3343
75	6DB8	6	3343
75	6DBA	6	3343
75	6DBC	1	3356
75	6DBE	1	3356
75	6DBF	1	3356
75	6DC1	5	3343
75	6DC4	5	3343
75	6DC6	5	3343
75	6DC8	4	3343
75	6DCB	4	3343
75	6DCC	4	3343
75	6DCF	4	3343
75	6DD2	4	3343
75	6DD4	4	3343
75	6DD7	2	3356
75	6DDA	2	3356
75	6DDC	2	3356
75	6DDE	1	3356
75	6DE1	1	3356
75	6DE3	1	3356
75	6DE4	1	3356
75	6DE6	1	3356
75	6DE8	1	3356
75	6DEA	1	3356
75	6E08	2	3356
75	6E0B	2	3356
75	6E0C	2	3356
75	6E0F	2	3356
75	6E10	2	3356
75	6E11	2	3356
75	6E14	2	3356
75	6E16	2	3356
75	6E37	2	3356
75	6E39	2	3356
75	6E40	2	3356
75	6E43	2	3356
75	6E44	2	3356
75	6E45	2	3356
75	6E46	2	3356
75	6E49	2	3356
75	6E4B	2	3356
75	6E5C	1	3375
75	6E5F	1	3375
75	6E61	1	3375
75	6E63	1	3375
75	6E65	1	3375
75	6E67	1	3375
75	6E6A	1	3375
75	6E6C	1	3375
75	6E6E	1	3375
75	6E71	1	3375
75	6E73	1	3375
75	6E76	1	3375
75	6E78	1	3375
75	6E7B	1	3375
75	6E7E	1	3375
75	6E7F	1	3375
75	6F53	1	3375
75	6F56	1	3375
75	6F58	1	3375
75	6F68	1	3375
75	6F6A	1	3375
75	6F6D	1	3375
75	6F6E	1	3375
75	6F71	1	3375
75	6F74	1	3375
75	6F76	1	3375
75	6F77	1	3356
75	6F7A	1	3356
75	6F7B	1	3356
75	6F7C	1	3356
75	6F7E	1	3356
75	6F7F	1	3356
75	6F82	1	3356
75	6F85	1	3356
75	6F86	2	3356
75	6F87	2	3356
75	6F89	2	3356
75	6F8B	1	3356
75	6F8C	1	3356
75	6F8E	1	3356
75	6F90	1	3356
75	6F93	1	3356
75	6F94	1	3356
75	6F97	1	3356
75	6F9A	1	3356
75	6F9D	1	3356
75	6F9E	1	3356
75	6F9F	1	3356
75	6FA0	1	3356
75	6FA3	1	3356
75	6FA6	1	3356
75	6FA7	1	3356
75	6FA8	1	3356
75	6FB7	3	3356
75	6FBA	3	3356
75	6FBD	3	3356
75	6FC0	3	3356
75	6FC3	3	3356
75	6FC6	3	3356
75	6FC9	3	3356
75	6FCA	3	3356
75	6FCD	3	3356
75	6FCF	3	3356
75	6FD0	3	3356
75	6FD2	3	3356
75	6FD3	3	3356
75	6FD5	2	3356
75	6FD7	2	3356
75	6FD8	2	3356
75	6FDA	1	3356
75	6FDD	1	3356
75	6FDF	1	3356
75	7006	1	3356
75	7009	1	3356
75	700C	1	3356
75	700D	3	3356
75	7010	3	3356
75	7011	3	3356
75	7014	3	3356
75	7016	3	3356
75	7017	3	3356
75	7040	3	3356
75	7043	3	3356
75	7044	3	3356
75	7047	3	3356
75	7049	3	3356
75	704A	3	3356
75	705E	3	3356
75	7061	3	3356
75	7062	3	3356
75	7065	3	3356
75	7067	3	3356
75	7068	3	3356
75	708C	3	3356
75	708F	3	3356
75	7090	3	3356
75	7093	3	3356
75	7095	3	3356
75	7096	3	3356
75	70A3	1	3356
75	70A6	1	3356
75	70A9	1	3356
75	70AA	3	3356
75	70AD	3	3356
75	70C1	3	3356
75	70C2	3	3356
75	70C4	3	3356
75	70C6	2	3356
75	70C8	2	3356
75	70CA	2	3356
75	70CC	1	3356
75	70CD	1	3356
75	70CE	1	3356
75	70CF	1	3356
75	70D2	1	3356
75	70D3	1	3356
75	70D6	1	3356
75	70D7	1	3356
75	70D8	1	3356
75	70DA	1	3356
75	70DD	1	3356
75	70DF	1	3356
75	70E1	1	3356
75	70E3	1	3356
75	70E5	1	3356
75	70E7	1	3356
75	70E9	1	3356
75	710E	1	3356
75	7111	1	3356
75	7112	1	3356
75	7113	1	3356
75	7114	1	3356
75	7115	1	3356
75	7118	1	3356
75	711A	1	3356
75	711D	1	3356
75	711E	1	3356
75	7121	1	3356
75	7122	1	3356
75	7123	1	3356
75	7124	1	3356
75	7125	1	3356
75	7126	1	3356
75	712D	1	3356
75	712E	1	3356
75	712F	1	3356
75	7132	1	3356
75	7133	1	3356
75	7135	1	3356
75	7138	1	3356
75	713B	1	3356
75	713C	1	3356
75	713F	1	3356
75	7140	1	3356
75	7141	1	3356
75	7142	1	3356
75	7145	1	3356
75	7148	1	3356
75	714A	1	3356
75	714C	1	3356
75	714F	1	3356
75	7150	1	3356
75	7152	1	3356
75	7153	1	3356
75	7154	1	3356
75	7155	1	3356
75	7156	1	3356
75	7159	1	3356
75	715A	1	3356
75	715B	1	3356
75	715C	1	3356
75	715F	1	3356
75	7160	1	3356
75	7163	1	3356
75	7164	1	3356
75	7165	1	3356
75	7166	1	3356
75	716D	1	3356
75	716E	1	3356
75	716F	1	3356
75	7172	1	3356
75	7173	1	3356
75	7174	1	3356
75	7175	1	3356
75	7176	1	3356
75	7178	1	3356
75	7179	1	3356
75	717A	1	3356
75	717B	1	3356
75	717E	1	3356
75	7181	1	3356
75	7182	1	3356
75	7183	1	3356
75	7184	1	3356
75	7185	1	3356
75	7187	1	3356
75	7188	1	3356
75	718B	1	3356
75	718C	1	3356
75	718D	1	3356
75	718E	1	3356
75	718F	1	3356
75	7192	1	3356
75	7194	1	3356
75	7196	1	3356
75	7199	1	3356
75	719B	1	3356
75	719E	1	3356
75	719F	3	3356
75	71A2	3	3356
75	71A3	3	3356
75	71A6	3	3356
75	71A8	3	3356
75	71A9	3	3356
75	71B8	3	3356
75	71BB	3	3356
75	71BC	3	3356
75	71BF	3	3356
75	71C1	3	3356
75	71C2	3	3356
75	72A0	126	3356
75	72A1	126	3356
75	72A2	126	3356
75	72A4	126	3356
75	72A5	120	3356
75	72A6	120	3356
75	72A7	120	3356
75	72AB	15	3356
75	72AD	15	3356
75	72AE	15	3356
75	72AF	15	3356
75	72B0	15	3356
75	72B1	15	3356
75	72B2	15	3356
75	72B3	15	3356
75	72B4	15	3356
75	72B5	15	3356
75	72B7	15	3356
75	72B8	15	3356
75	72B9	3	3356
75	72BB	3	3356
75	72BC	3	3356
75	72BD	3	3356
75	72BE	3	3356
75	72BF	3	3356
75	72C0	3	3356
75	72C1	3	3356
75	72C4	3	3356
75	72C5	3	3356
75	72C6	3	3356
75	72C7	3	3356
75	72C8	3	3356
75	72C9	3	3356
75	72CA	3	3356
75	72CC	3	3356
75	72CD	3	3356
75	72CF	3	3356
75	72D0	3	3356
75	72D1	3	3356
75	72D2	3	3356
75	72D3	3	3356
75	72D4	3	3356
75	72D5	3	3356
75	72D7	3	3356
75	72D8	3	3356
75	72DA	3	3356
75	72DB	3	3356
75	72DD	3	3356
75	73BE	2	3337
75	73C1	1	3340
75	73C3	1	3340
75	73C6	1	3340
75	73C9	1	3340
75	73CC	1	3340
75	73CE	1	3340
75	73D1	1	3340
75	73D4	1	3340
75	73D5	1	3340
75	73D6	1	3340
75	73D8	1	3340
75	73DB	1	3340
75	73DE	1	3340
75	73E1	1	3340
75	73E3	1	3340
75	73E6	1	3340
75	73E9	1	3340
75	73EB	1	3340
75	73EE	1	3340
75	73F1	1	3340
75	73F4	1	3340
75	73F5	1	3340
75	73F6	1	3340
75	73F9	1	3340
75	73FC	1	3340
75	73FF	1	3340
75	7400	1	3340
75	7403	1	3340
75	7406	1	3340
75	7407	1	3340
75	740A	1	3340
75	740B	1	3340
75	740E	1	3340
75	7410	1	3340
75	7413	1	3340
75	7444	2	3337
75	7447	2	3337
75	7448	2	3337
75	7449	2	3337
75	744A	2	3337
75	744B	2	3337
75	744C	2	3337
75	744D	2	3337
75	744E	1	3337
75	744F	1	3337
75	7452	1	3337
75	7453	1	3337
75	7455	1	3337
75	7456	1	3337
75	7457	1	3337
75	7458	1	3337
75	7459	1	3337
75	745A	1	3337
75	745D	1	3337
75	745E	1	3337
75	745F	1	3337
75	7460	1	3337
75	7461	1	3337
75	7465	1	3337
75	7466	1	3337
75	7467	1	3337
75	7468	1	3337
75	7469	1	3337
75	746A	1	3337
75	746D	1	3337
75	7470	1	3337
75	7471	1	3337
75	7474	1	3337
75	7475	1	3337
75	7478	1	3337
75	7479	1	3337
75	747C	1	3337
75	747D	1	3337
75	747E	1	3337
75	7481	1	3337
75	7484	1	3337
75	7485	1	3337
75	7488	1	3337
75	748A	1	3337
75	74DB	2563	3168
75	74DC	2563	3168
75	74DE	2562	3174
75	74DF	2562	3174
75	74E1	2561	3180
75	74E2	2561	3180
75	74E4	2560	3182
75	74E5	2560	3182
75	74E7	2559	3182
75	74E8	2559	3182
75	74E9	1	3168
75	74EC	1	3168
75	74EF	1	3174
75	74F2	1	3174
75	74F4	1	3174
75	74F5	1	3174
75	74F7	1	3174
75	74F8	1	3174
75	74FB	1	3174
75	74FE	1	3180
75	7501	1	3182
75	7504	1	3182
75	7505	1	3182
75	7507	1	3182
75	7509	1	3182
75	750A	1	3182
75	750C	1	3182
75	750E	1	3182
75	7510	1	3182
75	7513	190	3182
75	7514	190	3182
75	7515	190	3182
75	7516	190	3182
75	7518	190	3182
75	7519	190	3182
75	751A	190	3182
75	751B	190	3182
75	751D	1	3182
75	751E	1	3182
75	751F	1	3182
75	7521	1	3182
75	7522	1	3182
75	7523	1	3182
75	7525	1	3182
75	7528	1	3182
75	7529	1	3182
75	752C	1	3182
75	752D	1	3182
75	7530	1	3182
75	7531	1	3182
75	7534	1	3182
75	7536	1	3182
75	7538	1	3182
75	753A	1	3182
75	7540	1	3182
75	7542	1	3182
75	7545	1	3182
75	7554	3	3182
75	7555	3	3182
75	7556	3	3182
75	7557	3	3182
75	7558	3	3182
75	7559	3	3182
75	755A	3	3182
75	755D	3	3182
75	755E	3	3182
75	755F	1	3182
75	7561	1	3182
75	7564	1	3182
75	7566	1	3182
75	7569	1	3182
75	756C	1	3182
75	756D	1	3182
75	756E	1	3182
75	756F	1	3299
75	7571	1	3299
75	7574	1	3299
75	7576	1	3299
75	7579	1	3299
75	757C	1	3299
75	757E	1	3299
75	7581	1	3299
75	7584	1	3299
75	7587	1	3299
75	7589	1	3299
75	758C	1	3299
75	758F	1	3299
75	7590	1	3299
75	7593	1	3299
75	7596	1	3299
75	7598	1	3299
75	759B	1	3299
75	759E	1	3299
75	759F	1	3299
75	75A2	1	3299
75	75A5	1	3299
75	75A7	1	3299
75	75AA	1	3299
75	75AD	3	3299
75	75AF	5	3299
75	75B0	5	3299
75	75B2	5	3299
75	75B4	5	3299
75	75B6	5	3299
75	75B8	3	3299
75	75BA	3	3299
75	75BC	3	3299
75	75BF	3	3299
75	75C1	3	3299
75	75C4	3	3299
75	75C5	3	3299
75	75C6	3	3299
75	75C7	3	3299
75	75C9	3	3299
75	75CB	3	3299
75	75CD	2	3299
75	75CF	2	3299
75	75D1	2	3299
75	75D4	2	3299
75	75D6	2	3299
75	75D9	2	3299
75	75DA	2	3299
75	75DB	2	3299
75	75DC	2	3299
75	75DE	3	3299
75	75DF	3	3299
75	75E0	3	3299
75	75E1	3	3299
75	75E2	1	3299
75	75E4	1	3299
75	7634	2563	178
75	7635	2563	178
75	7637	2562	186
75	7638	2562	186
75	763A	2561	190
75	763B	2561	190
75	763D	2560	191
75	763E	2560	191
75	7640	2559	191
75	7641	2559	191
75	7642	1	178
75	7645	1	178
75	7648	1	186
75	764B	1	186
75	764C	1	186
75	764E	1	186
75	7650	1	186
75	7655	1	186
75	7658	1	186
75	765A	1	186
75	765B	1	186
75	765D	1	186
75	765E	1	186
75	7661	1	186
75	7663	1	186
75	7666	1	186
75	7669	1	186
75	766A	1	186
75	766B	1	186
75	766C	1	186
75	766F	1	186
75	7670	1	186
75	7671	1	186
75	7672	1	186
75	7675	1	186
75	7676	1	186
75	7677	1	186
75	767A	1	186
75	767D	1	190
75	7680	1	191
7C	7B7C	1	1112
7C	7B82	1	1112
7C	7B83	1	1112
7C	7B84	1	1112
7C	7B85	1	1112
7C	7B8B	1	1833
7C	7BA3	1	1833
7D	7B7C	51656	327
7D	7B7E	51656	327
7D	7B80	51656	327
7D	7B82	51656	327
7D	7B84	51656	327
7D	7B86	51656	327
7D	7B88	51656	327
7D	7B89	51656	327
7D	7B8B	51656	327
7D	7B8D	51656	327
7D	7B8F	51656	327
7D	7B91	51656	327
7D	7B93	51656	327
7D	7B95	51656	327
7D	7B97	51656	327
7D	7B99	51656	327
7D	7B9B	51656	327
7D	7B9C	51656	327
7D	7B9E	51656	327
7D	7B9F	51656	327
7D	7BA1	51656	327
7D	7BA3	51656	327
7D	7BA4	26694	1142
7D	7BA6	26694	1142
7D	7BA7	26694	1142
7D	7BA9	67	1142
7D	7BAA	67	1142
7D	7BAD	26694	1142
7D	7BB0	26694	1142
7D	7BB1	26694	1142
7D	7BB3	5860	1142
7D	7BB6	26694	1142
7D	7BB7	24481	327
7D	7BB8	24481	327
7D	7BB9	24481	327
7D	7BBA	24481	327
7D	7BBD	24481	327
7D	7BBE	24481	327
7D	7BBF	24481	327
7D	7BC0	24481	327
7D	7BC1	51656	327
7D	7BC4	51656	327
7D	7BC6	51656	327
7D	7BC7	51656	327
7D	7BC8	51656	327
7D	7BCA	51656	327
7D	7BCB	51656	327
7D	7BCD	51656	327
7D	7BD0	51656	327
7D	7BD2	51656	327
7D	7BD4	413248	327
7D	7BD7	413248	327
7D	7BD9	413248	327
7D	7BDB	106	460
7D	7BDC	106	460
7D	7BDD	106	460
7D	7BDE	106	460
7D	7BE4	413248	327
7D	7BE5	413248	327
7D	7BE7	413248	327
7D	7BE8	413248	327
7D	7BEA	51656	327
7D	7BEC	51656	327
7D	7BED	51656	327
7D	7BEF	51656	327
7D	7BF0	2	16
7D	7BF1	2	16
7D	7BF3	2	16
7D	7BF5	2	16
7D	7BF7	2	16
7D	7BF9	2	16
7D	7BFC	2	16
7D	7BFE	2	16
7D	7C00	25	16
7D	7C01	25	16
7D	7C04	25	16
7D	7C05	25	16
7D	7C08	25	16
7D	7C0B	25	16
7D	7C0D	200	16
7D	7C0E	200	16
7D	7C0F	200	16
7D	7C11	25	16
7E	7D19	1	3376
7E	7D1A	1	3376
7E	7D1B	1	3376
7E	7D26	1	3376
7E	7D27	1	3376
7E	7D28	1	3376
7E	7D29	1	3376
7E	7D2A	1	3376
7E	7D2B	1	3376
7E	7D2C	1	3376
7E	7D2D	1	3376
7E	7D2E	1	3376
7E	7D31	1	3376
7E	7D33	1	3376
7E	7D5A	1	3376
7E	7D5C	1	3376
7E	7D5F	1	3376
7E	7D66	1	3376
7E	7D67	1	3376
7E	7D69	1	3376
7E	7D6A	1	3376
7E	7D6C	1	3376
7E	7D6D	1	3376
7E	7D6E	1	3376
7E	7D71	1	3376
7E	7D73	1	3376
7E	7D75	490	3376
7E	7D78	490	3376
7E	7D79	490	3376
7E	7D7A	490	3376
7E	7D7D	489	3376
7E	7D7F	489	3376
7E	7D80	489	3376
7E	7D82	489	3376
7E	7D83	489	3376
7E	7D85	489	3376
7E	7D86	489	3376
7E	7D88	489	3376
7E	7D8A	489	3376
7E	7D8B	489	3376
7E	7D8C	489	3376
7E	7D8D	489	3376
7E	7D8E	489	3376
7E	7D99	489	3376
7E	7D9A	489	3376
7E	7D9C	489	3376
7E	7D9E	489	3376
7E	7DA0	489	3376
7E	7DA1	489	3376
7E	7DA2	489	3376
7E	7DA3	489	3376
7E	7DA4	489	3376
7E	7DA5	489	3376
7E	7DA8	489	3376
7E	7E37	1	3377
7E	7E3A	1	3377
7E	7E3B	1	3377
7E	7E4C	1	3377
7E	7E4D	1	3377
7E	7E4E	1	3377
7E	7E4F	1	3377
7E	7E50	1	3377
7E	7E51	1	3377
7E	7E53	1	3377
7E	7E54	1	3377
7E	7E56	1	3377
7E	7E57	1	3377
7E	7E58	1	3377
7E	7E59	1	3377
7E	7E5A	1	3377
7E	7E5B	1	3377
7E	7E5C	1	3377
7E	7E5D	1	3377
7E	7E5E	1	3377
7E	7E5F	1	3377
7E	7E60	1	3377
7E	7E63	1	3377
7E	7E64	1	3377
7E	7E67	1	3377
7F	4007	32	9869
7F	400A	32	9869
7F	400D	32	9869
7F	400E	32	9869
7F	400F	32	9869
7F	4011	32	9869
7F	4013	32	9869
7F	4015	32	9869
7F	4017	32	9869
7F	401B	32	9869
7F	401D	32	9869
7F	401E	32	9869
7F	4020	32	9869
7F	4021	32	9869
7F	4022	32	9869
7F	4024	32	9869
7F	4027	32	9869
7F	4029	256	9869
7F	402A	256	9869
7F	402D	256	9869
7F	402F	256	9869
7F	4031	256	9869
7F	4032	256	9869
7F	4034	32	9869
7F	4035	32	9869
7F	4036	32	9869
7F	4039	32	9869
7F	403A	32	9869
7F	403B	32	9869
7F	403C	32	9869
7F	403D	32	9869
7F	403F	32	9869
7F	4041	32	9869
7F	405F	266	3495
7F	4065	266	3495
7F	4068	266	3495
7F	406B	266	3495
7F	406E	266	3495
7F	4071	266	3495
7F	4072	266	3495
7F	4073	266	3495
7F	4074	266	3495
7F	4076	266	3495
7F	4078	120	3497
7F	407A	120	3497
7F	407C	146	3495
7F	407E	266	3495
7F	407F	266	3495
7F	4081	266	3495
7F	4087	266	3495
7F	4089	266	3495
7F	408A	266	3495
7F	408C	266	3495
7F	408E	120	3497
7F	4090	120	3497
7F	4092	120	3497
7F	4094	146	3495
7F	4095	146	3495
7F	4097	146	3495
7F	4099	106	3495
7F	409B	106	3495
7F	409D	106	3495
7F	409F	40	3495
7F	40A1	40	3495
7F	40A3	266	3495
7F	40A4	266	3495
7F	40A5	266	3495
7F	40A6	266	3495
7F	40A7	266	3495
7F	40A8	266	3495
7F	40AA	266	3495
7F	40AB	266	3495
7F	40AC	266	3495
7F	40AD	266	3495
7F	40AE	266	3495
7F	40AF	266	3495
7F	40B0	266	3495
7F	40B1	266	3495
7F	40B3	266	3495
7F	40B4	266	3495
7F	40B5	266	3495
7F	40B7	266	3495
7F	40B8	266	3495
7F	40B9	266	3495
7F	40BA	266	3495
7F	40BB	266	3495
7F	40BC	266	3495
7F	40BD	266	3495
7F	40C0	266	3495
7F	40C1	266	3495
7F	40C2	266	3495
7F	40C3	266	3495
7F	40C4	266	3495
7F	40C6	266	3495
7F	40C7	266	3495
7F	40C8	266	3495
7F	40C9	266	3495
7F	40CA	266	3495
7F	40CD	266	3495
7F	40CE	266	3495
7F	40CF	266	3495
7F	40D0	266	3495
7F	40D1	266	3495
7F	40D3	266	3495
7F	40D4	266	3495
7F	40D5	266	3495
7F	40D6	266	3495
7F	40D7	266	3495
7F	40D8	266	3495
7F	40D9	266	3495
7F	40DA	266	3495
7F	40DB	266	3495
7F	40DC	266	3495
7F	40DF	266	3495
7F	40E2	266	3495
7F	40E3	266	3495
7F	40E4	266	3495
7F	40E5	266	3495
7F	40E6	266	3495
7F	40E7	266	3495
7F	40E8	266	3495
7F	40E9	266	3495
7F	40EC	266	3495
7F	40EF	266	3495
7F	40F2	266	3495
7F	40F3	266	3495
7F	40F4	266	3495
7F	40F5	266	3495
7F	40F6	266	3495
7F	40F7	266	3495
7F	40F8	266	3495
7F	41A7	176	9867
7F	41A8	176	9867
7F	41A9	176	9867
7F	41AA	176	9867
7F	41AB	176	9867
7F	41AD	176	9867
7F	41AF	176	9867
7F	41B1	176	9867
7F	41CA	176	9867
7F	41CB	176	9867
7F	41CD	176	9867
7F	41CE	176	9867
7F	41CF	176	9867
7F	41D0	532	3495
7F	41D1	532	3495
7F	41D2	532	3495
7F	41D3	532	3495
7F	41D6	532	3495
7F	41D8	8512	3495
7F	41DA	8512	3495
7F	41DC	8512	3495
7F	41DE	1862	3495
7F	41DF	8512	3495
7F	41E1	8512	3495
7F	41E3	8512	3495
7F	41E4	8512	3495
7F	41E6	532	3495
7F	41E7	532	3495
7F	41E8	532	3495
7F	41E9	532	3495
7F	41EA	820	3495
7F	41EB	820	3495
7F	41ED	820	3495
7F	41EF	820	3495
7F	41F1	820	3495
7F	41F3	820	3495
7F	41F4	820	3495
7F	41F5	820	3495
7F	41F6	820	3495
7F	41F8	820	3495
7F	41FB	820	3495
7F	41FC	820	3495
7F	41FD	820	3495
7F	41FE	820	3495
7F	41FF	820	3495
7F	4200	820	3495
7F	4201	820	3495
7F	4204	20	3500
7F	4206	20	3500
7F	4207	20	3500
7F	4208	240	3500
7F	4209	240	3500
7F	420A	240	3500
7F	420B	240	3500
7F	420D	20	3500
7F	420E	72	3506
7F	4210	72	3506
7F	4211	72	3506
7F	4212	864	3506
7F	4213	864	3506
7F	4214	864	3506
7F	4215	864	3506
7F	4217	72	3506
7F	4218	548	3495
7F	4219	548	3495
7F	421A	180	9881
7F	421C	180	9881
7F	421D	180	9881
7F	421E	2160	9881
7F	4220	2160	9881
7F	4221	2160	9881
7F	4222	2160	9881
7F	4223	2160	9881
7F	4224	2160	9881
7F	4225	2160	9881
7F	4226	2160	9881
7F	4227	2160	9881
7F	4228	2160	9881
7F	422A	180	9881
7F	42C3	820	3495
7F	42C4	820	3495
7F	42C5	820	3495
7F	42C8	820	3495
7F	42C9	820	3495
7F	42CA	820	3495
7F	42CB	820	3495
7F	42CD	820	3495
7F	42CF	820	3495
7F	42D1	820	3495
7F	42D2	820	3495
7F	42D4	820	3495
7F	42D6	820	3495
7F	42D8	820	3495
7F	42DA	820	3495
7F	42DB	820	3495
7F	42DE	820	3495
7F	42E1	3900	3495
7F	42E2	3900	3495
7F	42E4	3080	3495
7F	42E5	3080	3495
7F	42E7	820	3495
7F	42E9	820	3495
7F	42EA	820	3495
7F	42EB	820	3495
7F	42EC	820	3495
7F	42EE	820	3495
7F	42F0	40	3495
7F	42F2	40	3495
7F	42F3	40	3495
7F	42F5	40	3495
7F	42F7	40	3495
7F	42F9	820	3495
7F	42FA	820	3495
7F	42FC	820	3495
7F	42FE	820	3495
7F	4300	820	3495
7F	4302	820	3495
7F	4304	820	3495
7F	4306	820	3495
7F	4308	820	3495
7F	430A	820	3495
7F	430C	820	3495
7F	430D	820	3495
7F	430E	820	3495
7F	430F	820	3495
7F	4311	820	3495
7F	4314	820	3495
7F	4315	820	3495
7F	4316	820	3495
7F	4319	820	3495
7F	431C	820	3495
7F	431D	820	3495
7F	431E	820	3495
7F	4321	820	3495
7F	4322	820	3495
7F	4323	820	3495
7F	4324	820	3495
7F	4325	820	3495
7F	4326	820	3495
7F	4327	820	3495
7F	4328	820	3495
7F	432B	820	3495
7F	432C	820	3495
7F	432E	820	3495
7F	432F	820	3495
7F	4330	3272	3495
7F	4331	3272	3495
7F	4333	2452	3495
7F	4335	2452	3495
7F	4337	2452	3495
7F	4339	820	3495
7F	433A	820	3495
7F	433D	820	3495
7F	433E	820	3495
7F	433F	820	3495
7F	4340	820	3495
7F	4341	820	3495
7F	4342	820	3495
7F	4343	820	3495
7F	4344	820	3495
7F	4345	820	3495
7F	4348	820	3495
7F	4349	820	3495
7F	434A	820	3495
7F	434B	820	3495
7F	434C	820	3495
7F	434D	820	3495
7F	434E	820	3495
7F	434F	820	3495
7F	4350	820	3495
7F	4352	820	3495
7F	4368	820	3495
7F	4369	820	3495
7F	436A	820	3495
7F	436B	820	3495
7F	436C	820	3495
7F	436D	820	3495
7F	4370	820	3495
7F	4371	820	3495
7F	4373	820	3495
7F	4374	820	3495
7F	4375	3272	3495
7F	4376	3272	3495
7F	4378	2452	3495
7F	437A	2452	3495
7F	437C	2452	3495
7F	437E	820	3495
7F	437F	820	3495
7F	4382	820	3495
7F	4383	820	3495
7F	4384	820	3495
7F	4385	820	3495
7F	4386	820	3495
7F	4387	820	3495
7F	4388	820	3495
7F	4389	820	3495
7F	438A	820	3495
7F	438D	820	3495
7F	438E	820	3495
7F	438F	820	3495
7F	4390	820	3495
7F	4391	820	3495
7F	4392	820	3495
7F	4393	820	3495
7F	4394	820	3495
7F	4395	820	3495
7F	4397	820	3495
7F	43AD	820	3495
7F	43AE	820	3495
7F	43AF	820	3495
7F	43B0	820	3495
7F	43B1	820	3495
7F	43B2	820	3495
7F	43B5	820	3495
7F	43B6	820	3495
7F	43B8	820	3495
7F	43B9	820	3495
7F	43BA	3272	3495
7F	43BB	3272	3495
7F	43BD	2452	3495
7F	43BF	2452	3495
7F	43C1	2452	3495
7F	43C3	820	3495
7F	43C4	820	3495
7F	43C7	820	3495
7F	43C8	820	3495
7F	43C9	820	3495
7F	43CA	820	3495
7F	43CB	820	3495
7F	43CC	820	3495
7F	43CD	820	3495
7F	43CE	820	3495
7F	43CF	820	3495
7F	43D2	820	3495
7F	43D3	820	3495
7F	43D4	820	3495
7F	43D5	820	3495
7F	43D6	820	3495
7F	43D7	820	3495
7F	43D8	820	3495
7F	43D9	820	3495
7F	43DA	820	3495
7F	43DC	820	3495
7F	43F2	820	3495
7F	43F3	820	3495
7F	43F4	820	3495
7F	43F5	820	3495
7F	43F6	820	3495
7F	43F7	820	3495
7F	43FA	820	3495
7F	43FB	820	3495
7F	43FD	820	3495
7F	43FE	820	3495
7F	43FF	3272	3495
7F	4400	3272	3495
7F	4402	2452	3495
7F	4404	2452	3495
7F	4406	2452	3495
7F	4408	820	3495
7F	4409	820	3495
7F	440C	820	3495
7F	440D	820	3495
7F	440E	820	3495
7F	440F	820	3495
7F	4410	820	3495
7F	4411	820	3495
7F	4412	820	3495
7F	4413	820	3495
7F	4414	820	3495
7F	4417	820	3495
7F	4418	820	3495
7F	4419	820	3495
7F	441A	820	3495
7F	441B	820	3495
7F	441C	820	3495
7F	441D	820	3495
7F	441E	820	3495
7F	441F	820	3495
7F	4421	820	3495
7F	4437	820	3495
7F	4438	820	3495
7F	4439	820	3495
7F	443A	820	3495
7F	443B	820	3495
7F	443C	820	3495
7F	443F	820	3495
7F	4440	820	3495
7F	4442	820	3495
7F	4443	820	3495
7F	4444	3272	3495
7F	4445	3272	3495
7F	4447	2452	3495
7F	4449	2452	3495
7F	444B	2452	3495
7F	444D	820	3495
7F	444E	820	3495
7F	4451	820	3495
7F	4452	820	3495
7F	4453	820	3495
7F	4454	820	3495
7F	4455	820	3495
7F	4456	820	3495
7F	4457	820	3495
7F	4458	820	3495
7F	4459	820	3495
7F	445C	820	3495
7F	445D	820	3495
7F	445E	820	3495
7F	445F	820	3495
7F	4460	820	3495
7F	4461	820	3495
7F	4462	820	3495
7F	4463	820	3495
7F	4464	820	3495
7F	4466	820	3495
7F	447C	820	3495
7F	447D	820	3495
7F	447E	820	3495
7F	447F	820	3495
7F	4480	820	3495
7F	4481	820	3495
7F	4484	820	3495
7F	4485	820	3495
7F	4487	820	3495
7F	4488	820	3495
7F	4489	3272	3495
7F	448A	3272	3495
7F	448C	2452	3495
7F	448E	2452	3495
7F	4490	2452	3495
7F	4492	820	3495
7F	4493	820	3495
7F	4496	820	3495
7F	4497	820	3495
7F	4498	820	3495
7F	4499	820	3495
7F	449A	820	3495
7F	449B	820	3495
7F	449C	820	3495
7F	449D	820	3495
7F	449E	820	3495
7F	44A1	820	3495
7F	44A2	820	3495
7F	44A3	820	3495
7F	44A4	820	3495
7F	44A5	820	3495
7F	44A6	820	3495
7F	44A7	820	3495
7F	44A8	820	3495
7F	44A9	820	3495
7F	44AB	820	3495
7F	44C1	820	3495
7F	44C2	820	3495
7F	44C3	820	3495
7F	44C4	820	3495
7F	44C5	820	3495
7F	44C6	820	3495
7F	44C9	820	3495
7F	44CA	820	3495
7F	44CC	820	3495
7F	44CD	820	3495
7F	44CE	3272	3495
7F	44CF	3272	3495
7F	44D1	2452	3495
7F	44D3	2452	3495
7F	44D5	2452	3495
7F	44D7	820	3495
7F	44D8	820	3495
7F	44DB	820	3495
7F	44DC	820	3495
7F	44DD	820	3495
7F	44DE	820	3495
7F	44DF	820	3495
7F	44E0	820	3495
7F	44E1	820	3495
7F	44E2	820	3495
7F	44E3	820	3495
7F	44E6	820	3495
7F	44E7	820	3495
7F	44E8	820	3495
7F	44E9	820	3495
7F	44EA	820	3495
7F	44EB	820	3495
7F	44EC	820	3495
7F	44ED	820	3495
7F	44EE	820	3495
7F	44F0	820	3495
7F	4506	820	3495
7F	4507	820	3495
7F	4508	820	3495
7F	4509	820	3495
7F	450A	820	3495
7F	450B	820	3495
7F	450E	820	3495
7F	450F	820	3495
7F	4511	820	3495
7F	4512	820	3495
7F	4513	3272	3495
7F	4514	3272	3495
7F	4516	2452	3495
7F	4518	2452	3495
7F	451A	2452	3495
7F	451C	820	3495
7F	451D	820	3495
7F	4520	820	3495
7F	4521	820	3495
7F	4522	820	3495
7F	4523	820	3495
7F	4524	820	3495
7F	4525	820	3495
7F	4526	820	3495
7F	4527	820	3495
7F	4528	820	3495
7F	452B	820	3495
7F	452C	820	3495
7F	452D	820	3495
7F	452E	820	3495
7F	452F	820	3495
7F	4530	820	3495
7F	4531	820	3495
7F	4532	820	3495
7F	4533	820	3495
7F	4535	820	3495
7F	4537	260	3502
7F	4538	260	3502
7F	453B	260	3502
7F	453C	260	3502
7F	453D	260	3502
7F	453E	260	3502
7F	4540	260	3502
7F	454B	820	3495
7F	454C	820	3495
7F	454D	820	3495
7F	454E	820	3495
7F	454F	820	3495
7F	4550	820	3495
7F	4553	820	3495
7F	4554	820	3495
7F	4556	820	3495
7F	4557	820	3495
7F	4558	3272	3495
7F	4559	3272	3495
7F	455B	2452	3495
7F	455D	2452	3495
7F	455F	2452	3495
7F	4561	820	3495
7F	4562	820	3495
7F	4565	820	3495
7F	4566	820	3495
7F	4567	820	3495
7F	4568	820	3495
7F	4569	820	3495
7F	456A	820	3495
7F	456B	820	3495
7F	456C	820	3495
7F	456D	820	3495
7F	4570	820	3495
7F	4571	820	3495
7F	4572	820	3495
7F	4573	820	3495
7F	4574	820	3495
7F	4575	820	3495
7F	4576	820	3495
7F	4577	820	3495
7F	4578	820	3495
7F	457A	820	3495
7F	4590	820	3495
7F	4591	820	3495
7F	4592	820	3495
7F	4593	820	3495
7F	4594	820	3495
7F	4595	820	3495
7F	4598	820	3495
7F	4599	820	3495
7F	459B	820	3495
7F	459C	820	3495
7F	459D	3272	3495
7F	459E	3272	3495
7F	45A0	2452	3495
7F	45A2	2452	3495
7F	45A4	2452	3495
7F	45A6	820	3495
7F	45A7	820	3495
7F	45AA	820	3495
7F	45AB	820	3495
7F	45AC	820	3495
7F	45AD	820	3495
7F	45AE	820	3495
7F	45AF	820	3495
7F	45B0	820	3495
7F	45B1	820	3495
7F	45B2	820	3495
7F	45B5	820	3495
7F	45B6	820	3495
7F	45B7	820	3495
7F	45B8	820	3495
7F	45B9	820	3495
7F	45BA	820	3495
7F	45BB	820	3495
7F	45BC	820	3495
7F	45BD	820	3495
7F	45BF	820	3495
7F	45D5	820	3495
7F	45D6	820	3495
7F	45D7	820	3495
7F	45D8	820	3495
7F	45D9	820	3495
7F	45DA	820	3495
7F	45DD	820	3495
7F	45DE	820	3495
7F	45E0	820	3495
7F	45E1	820	3495
7F	45E2	3272	3495
7F	45E3	3272	3495
7F	45E5	2452	3495
7F	45E7	2452	3495
7F	45E9	2452	3495
7F	45EB	820	3495
7F	45EC	820	3495
7F	45EF	820	3495
7F	45F0	820	3495
7F	45F1	820	3495
7F	45F2	820	3495
7F	45F3	820	3495
7F	45F4	820	3495
7F	45F5	820	3495
7F	45F6	820	3495
7F	45F7	820	3495
7F	45FA	820	3495
7F	45FB	820	3495
7F	45FC	820	3495
7F	45FD	820	3495
7F	45FE	820	3495
7F	45FF	820	3495
7F	4600	820	3495
7F	4601	820	3495
7F	4602	820	3495
7F	4604	820	3495
7F	461A	820	3495
7F	461B	820	3495
7F	461C	820	3495
7F	461D	820	3495
7F	461E	820	3495
7F	461F	820	3495
7F	4622	820	3495
7F	4623	820	3495
7F	4625	820	3495
7F	4626	820	3495
7F	4627	3272	3495
7F	4628	3272	3495
7F	462A	2452	3495
7F	462C	2452	3495
7F	462E	2452	3495
7F	4630	820	3495
7F	4631	820	3495
7F	4634	820	3495
7F	4635	820	3495
7F	4636	820	3495
7F	4637	820	3495
7F	4638	820	3495
7F	4639	820	3495
7F	463A	820	3495
7F	463B	820	3495
7F	463C	820	3495
7F	463F	820	3495
7F	4640	820	3495
7F	4641	820	3495
7F	4642	820	3495
7F	4643	820	3495
7F	4644	820	3495
7F	4645	820	3495
7F	4646	820	3495
7F	4647	820	3495
7F	4649	820	3495
7F	464B	220	3495
7F	464C	220	3495
7F	464F	220	3495
7F	4650	220	3495
7F	4651	220	3495
7F	4652	220	3495
7F	4654	220	3495
7F	465F	820	3495
7F	4660	820	3495
7F	4661	820	3495
7F	4662	820	3495
7F	4663	820	3495
7F	4664	820	3495
7F	4667	820	3495
7F	4668	820	3495
7F	466A	820	3495
7F	466B	820	3495
7F	466C	3272	3495
7F	466D	3272	3495
7F	466F	2452	3495
7F	4671	2452	3495
7F	4673	2452	3495
7F	4675	820	3495
7F	4676	820	3495
7F	4679	820	3495
7F	467A	820	3495
7F	467B	820	3495
7F	467C	820	3495
7F	467D	820	3495
7F	467E	820	3495
7F	467F	820	3495
7F	4680	820	3495
7F	4681	820	3495
7F	4684	820	3495
7F	4685	820	3495
7F	4686	820	3495
7F	4687	820	3495
7F	4688	820	3495
7F	4689	820	3495
7F	468A	820	3495
7F	468B	820	3495
7F	468C	820	3495
7F	468E	820	3495
7F	46A4	820	3495
7F	46A5	820	3495
7F	46A6	820	3495
7F	46A7	820	3495
7F	46A8	820	3495
7F	46A9	820	3495
7F	46AC	820	3495
7F	46AD	820	3495
7F	46AF	820	3495
7F	46B0	820	3495
7F	46B1	3272	3495
7F	46B2	3272	3495
7F	46B4	2452	3495
7F	46B6	2452	3495
7F	46B8	2452	3495
7F	46BA	820	3495
7F	46BB	820	3495
7F	46BE	820	3495
7F	46BF	820	3495
7F	46C0	820	3495
7F	46C1	820	3495
7F	46C2	820	3495
7F	46C3	820	3495
7F	46C4	820	3495
7F	46C5	820	3495
7F	46C6	820	3495
7F	46C9	820	3495
7F	46CA	820	3495
7F	46CB	820	3495
7F	46CC	820	3495
7F	46CD	820	3495
7F	46CE	820	3495
7F	46CF	820	3495
7F	46D0	820	3495
7F	46D1	820	3495
7F	46D3	820	3495
7F	46E9	820	3495
7F	46EA	820	3495
7F	46EB	820	3495
7F	46EC	820	3495
7F	46ED	820	3495
7F	46EE	820	3495
7F	46F1	820	3495
7F	46F2	820	3495
7F	46F4	820	3495
7F	46F5	820	3495
7F	46F6	3272	3495
7F	46F7	3272	3495
7F	46F9	2452	3495
7F	46FB	2452	3495
7F	46FD	2452	3495
7F	46FF	820	3495
7F	4700	820	3495
7F	4703	820	3495
7F	4704	820	3495
7F	4705	820	3495
7F	4706	820	3495
7F	4707	820	3495
7F	4708	820	3495
7F	4709	820	3495
7F	470A	820	3495
7F	470B	820	3495
7F	470E	820	3495
7F	470F	820	3495
7F	4710	820	3495
7F	4711	820	3495
7F	4712	820	3495
7F	4713	820	3495
7F	4714	820	3495
7F	4715	820	3495
7F	4716	820	3495
7F	4718	820	3495
7F	472E	820	3495
7F	472F	820	3495
7F	4730	820	3495
7F	4731	820	3495
7F	4732	820	3495
7F	4733	820	3495
7F	4736	820	3495
7F	4737	820	3495
7F	4739	820	3495
7F	473A	820	3495
7F	473B	3272	3495
7F	473C	3272	3495
7F	473E	2452	3495
7F	4740	2452	3495
7F	4742	2452	3495
7F	4744	820	3495
7F	4745	820	3495
7F	4748	820	3495
7F	4749	820	3495
7F	474A	820	3495
7F	474B	820	3495
7F	474C	820	3495
7F	474D	820	3495
7F	474E	820	3495
7F	474F	820	3495
7F	4750	820	3495
7F	4753	820	3495
7F	4754	820	3495
7F	4755	820	3495
7F	4756	820	3495
7F	4757	820	3495
7F	4758	820	3495
7F	4759	820	3495
7F	475A	820	3495
7F	475B	820	3495
7F	475D	820	3495
7F	475F	340	3500
7F	4760	340	3500
7F	4763	340	3500
7F	4764	340	3500
7F	4765	340	3500
7F	4766	340	3500
7F	4768	340	3500
7F	4773	820	3495
7F	4774	820	3495
7F	4775	820	3495
7F	4776	820	3495
7F	4777	820	3495
7F	4778	820	3495
7F	477B	820	3495
7F	477C	820	3495
7F	477E	820	3495
7F	477F	820	3495
7F	4780	3272	3495
7F	4781	3272	3495
7F	4783	2452	3495
7F	4785	2452	3495
7F	4787	2452	3495
7F	4789	820	3495
7F	478A	820	3495
7F	478D	820	3495
7F	478E	820	3495
7F	478F	820	3495
7F	4790	820	3495
7F	4791	820	3495
7F	4792	820	3495
7F	4793	820	3495
7F	4794	820	3495
7F	4795	820	3495
7F	4798	820	3495
7F	4799	820	3495
7F	479A	820	3495
7F	479B	820	3495
7F	479C	820	3495
7F	479D	820	3495
7F	479E	820	3495
7F	479F	820	3495
7F	47A0	820	3495
7F	47A2	820	3495
7F	47B8	820	3495
7F	47B9	820	3495
7F	47BA	820	3495
7F	47BB	820	3495
7F	47BC	820	3495
7F	47BD	820	3495
7F	47C0	820	3495
7F	47C1	820	3495
7F	47C3	820	3495
7F	47C4	820	3495
7F	47C5	3272	3495
7F	47C6	3272	3495
7F	47C8	2452	3495
7F	47CA	2452	3495
7F	47CC	2452	3495
7F	47CE	820	3495
7F	47CF	820	3495
7F	47D2	820	3495
7F	47D3	820	3495
7F	47D4	820	3495
7F	47D5	820	3495
7F	47D6	820	3495
7F	47D7	820	3495
7F	47D8	820	3495
7F	47D9	820	3495
7F	47DA	820	3495
7F	47DD	820	3495
7F	47DE	820	3495
7F	47DF	820	3495
7F	47E0	820	3495
7F	47E1	820	3495
7F	47E2	820	3495
7F	47E3	820	3495
7F	47E4	820	3495
7F	47E5	820	3495
7F	47E7	820	3495
7F	47FD	820	3495
7F	47FE	820	3495
7F	47FF	820	3495
7F	4800	820	3495
7F	4801	820	3495
7F	4802	820	3495
7F	4805	820	3495
7F	4806	820	3495
7F	4808	820	3495
7F	4809	820	3495
7F	480A	3272	3495
7F	480B	3272	3495
7F	480D	2452	3495
7F	480F	2452	3495
7F	4811	2452	3495
7F	4813	820	3495
7F	4814	820	3495
7F	4817	820	3495
7F	4818	820	3495
7F	4819	820	3495
7F	481A	820	3495
7F	481B	820	3495
7F	481C	820	3495
7F	481D	820	3495
7F	481E	820	3495
7F	481F	820	3495
7F	4822	820	3495
7F	4823	820	3495
7F	4824	820	3495
7F	4825	820	3495
7F	4826	820	3495
7F	4827	820	3495
7F	4828	820	3495
7F	4829	820	3495
7F	482A	820	3495
7F	482C	820	3495
7F	4842	820	3495
7F	4843	820	3495
7F	4844	820	3495
7F	4845	820	3495
7F	4846	820	3495
7F	4847	820	3495
7F	484A	820	3495
7F	484B	820	3495
7F	484D	820	3495
7F	484E	820	3495
7F	484F	3272	3495
7F	4850	3272	3495
7F	4852	2452	3495
7F	4854	2452	3495
7F	4856	2452	3495
7F	4858	820	3495
7F	4859	820	3495
7F	485C	820	3495
7F	485D	820	3495
7F	485E	820	3495
7F	485F	820	3495
7F	4860	820	3495
7F	4861	820	3495
7F	4862	820	3495
7F	4863	820	3495
7F	4864	820	3495
7F	4867	820	3495
7F	4868	820	3495
7F	4869	820	3495
7F	486A	820	3495
7F	486B	820	3495
7F	486C	820	3495
7F	486D	820	3495
7F	486E	820	3495
7F	486F	820	3495
7F	4871	820	3495
7F	4887	820	3495
7F	4888	820	3495
7F	4889	820	3495
7F	488A	820	3495
7F	488B	820	3495
7F	488C	820	3495
7F	488F	820	3495
7F	4890	820	3495
7F	4892	820	3495
7F	4893	820	3495
7F	4894	3272	3495
7F	4895	3272	3495
7F	4897	2452	3495
7F	4899	2452	3495
7F	489B	2452	3495
7F	489D	820	3495
7F	489E	820	3495
7F	48A1	820	3495
7F	48A2	820	3495
7F	48A3	820	3495
7F	48A4	820	3495
7F	48A5	820	3495
7F	48A6	820	3495
7F	48A7	820	3495
7F	48A8	820	3495
7F	48A9	820	3495
7F	48AC	820	3495
7F	48AD	820	3495
7F	48AE	820	3495
7F	48AF	820	3495
7F	48B0	820	3495
7F	48B1	820	3495
7F	48B2	820	3495
7F	48B3	820	3495
7F	48B4	820	3495
7F	48B6	820	3495
7F	48CC	820	3495
7F	48CD	820	3495
7F	48CE	820	3495
7F	48CF	820	3495
7F	48D0	820	3495
7F	48D1	820	3495
7F	48D4	820	3495
7F	48D5	820	3495
7F	48D7	820	3495
7F	48D8	820	3495
7F	48D9	3272	3495
7F	48DA	3272	3495
7F	48DC	2452	3495
7F	48DE	2452	3495
7F	48E0	2452	3495
7F	48E2	820	3495
7F	48E3	820	3495
7F	48E6	820	3495
7F	48E7	820	3495
7F	48E8	820	3495
7F	48E9	820	3495
7F	48EA	820	3495
7F	48EB	820	3495
7F	48EC	820	3495
7F	48ED	820	3495
7F	48EE	820	3495
7F	48F1	820	3495
7F	48F2	820	3495
7F	48F3	820	3495
7F	48F4	820	3495
7F	48F5	820	3495
7F	48F6	820	3495
7F	48F7	820	3495
7F	48F8	820	3495
7F	48F9	820	3495
7F	48FB	820	3495
7F	4911	820	3495
7F	4912	820	3495
7F	4913	820	3495
7F	4914	820	3495
7F	4915	820	3495
7F	4916	820	3495
7F	4919	820	3495
7F	491A	820	3495
7F	491C	820	3495
7F	491D	820	3495
7F	491E	3272	3495
7F	491F	3272	3495
7F	4921	2452	3495
7F	4923	2452	3495
7F	4925	2452	3495
7F	4927	820	3495
7F	4928	820	3495
7F	492B	820	3495
7F	492C	820	3495
7F	492D	820	3495
7F	492E	820	3495
7F	492F	820	3495
7F	4930	820	3495
7F	4931	820	3495
7F	4932	820	3495
7F	4933	820	3495
7F	4936	820	3495
7F	4937	820	3495
7F	4938	820	3495
7F	4939	820	3495
7F	493A	820	3495
7F	493B	820	3495
7F	493C	820	3495
7F	493D	820	3495
7F	493E	820	3495
7F	4940	820	3495
7F	4956	820	3495
7F	4957	820	3495
7F	4958	820	3495
7F	4959	820	3495
7F	495A	820	3495
7F	495B	820	3495
7F	495E	820	3495
7F	495F	820	3495
7F	4961	820	3495
7F	4962	820	3495
7F	4963	3272	3495
7F	4964	3272	3495
7F	4966	2452	3495
7F	4968	2452	3495
7F	496A	2452	3495
7F	496C	820	3495
7F	496D	820	3495
7F	4970	820	3495
7F	4971	820	3495
7F	4972	820	3495
7F	4973	820	3495
7F	4974	820	3495
7F	4975	820	3495
7F	4976	820	3495
7F	4977	820	3495
7F	4978	820	3495
7F	497B	820	3495
7F	497C	820	3495
7F	497D	820	3495
7F	497E	820	3495
7F	497F	820	3495
7F	4980	820	3495
7F	4981	820	3495
7F	4982	820	3495
7F	4983	820	3495
7F	4985	820	3495
7F	4987	260	3502
7F	4988	260	3502
7F	498B	260	3502
7F	498C	260	3502
7F	498D	260	3502
7F	498E	260	3502
7F	4990	260	3502
7F	4992	8	3511
7F	4994	8	3511
7F	4995	8	3511
7F	4997	8	3511
7F	4999	8	3511
7F	499B	820	3495
7F	7271	2	9856
7F	7272	2	9856
7F	7273	2	9856
7F	7274	2	9856
7F	7275	2	9856
7F	7276	2	9856
7F	7277	2	9856
7F	7278	2	9856
7F	7279	2	9856
7F	727B	2	9856
7F	727C	2	9856
7F	727D	2	9856
7F	727F	2	9856
7F	7282	2	9856
7F	7284	2	9856
7F	7287	2	9856
7F	7289	2	9856
7F	728C	2	9856
7F	728E	2	9856
7F	7290	2	9856
7F	7292	2	9856
7F	7294	2	9856
7F	7297	4086	9856
7F	7299	4086	9856
7F	729B	4086	9856
7F	729D	2	9856
7F	729F	2	9856
7F	72A1	2	9856
7F	72A2	2	9856
7F	72A4	2	9856
7F	72A7	2	9856
7F	72A8	2	9856
7F	72AA	2	9856
7F	72AB	2	9856
7F	72AD	2	9856
7F	72AF	2	9856
7F	72B0	2	9912
7F	72B2	2	9912
7F	72B3	2	9912
7F	72B4	2	9912
7F	72B6	2	9912
7F	72B9	2	9912
7F	72BA	2	9912
7F	72BC	2	9912
7F	72BD	2	9912
7F	72BF	2	9912
7F	72C1	2	9912
WRAM	C133	1585	1141	C3BA03	0	0
WRAM	CBF1	53344	17	C3BA03	1585	0
WRAM	CBF4	283377	1140	C3C416	55311	0
WRAM	CBF7	794822	44	C3ED01	0	0
WRAM	CBFA	23604	44	C3B701	0	0
HRAM	FF80	53343	17	3EC0E0	0	0
HRAM	FF82	53343	17	E0463E	0	0
HRAM	FF84	53343	17	3E283D	0	0
HRAM	FF86	2133720	17	3D20FD	0	0
HRAM	FF87	2133720	17	20FDC9	0	0
HRAM	FF89	53343	17	C94F00	52866	0
HRAM	FFA8	389830	16	3E0021	148249	0
HRAM	FFAA	389830	16	21B605	389829	0
HRAM	FFAD	389830	16	C3F07B	389828	0
