# bank	addr	count	first_frame	first_bytes	changed	wram_bank
# bank = ROM bank actually mapped (2 hex digits) or WRAM/HRAM/VRAM/SRAM/OTHER; addr = CPU address of an executed instruction start
# first_bytes/changed/wram_bank are present for RAM rows only (3 bytes at addr at first execution; times they differed later; SVBK bank for D000-DFFF)
00	0040	23147	17
00	0050	64326	44
00	0058	4541	44
00	0100	3	0
00	0101	3	0
00	0150	33	44
00	0152	33	44
00	0155	33	44
00	0156	33	44
00	0159	33	44
00	015A	33	44
00	015D	33	44
00	015F	11	44
00	0161	11	44
00	0162	11	44
00	0164	11	44
00	0167	11	44
00	0168	11	44
00	0169	11	44
00	016A	11	44
00	016B	33	44
00	016E	33	44
00	0170	33	44
00	0173	33	44
00	0174	33	44
00	0175	33	44
00	0176	33	44
00	0177	33	44
00	017A	33	44
00	017C	33	44
00	017D	33	44
00	017F	33	44
00	0180	33	44
00	0182	33	44
00	0185	33	44
00	0187	33	44
00	018A	33	44
00	018D	33	44
00	0190	33	44
00	0191	33	44
00	0194	33	44
00	0195	33	44
00	0198	33	44
00	0199	33	44
00	019C	33	44
00	019D	33	44
00	019E	33	44
00	019F	33	44
00	01A0	33	44
00	01A1	33	44
00	01A4	33	44
00	01A5	33	44
00	01A8	33	44
00	01AB	33	44
00	01AD	33	44
00	01B0	33	44
00	01B1	33	44
00	01B2	33	44
00	01B3	33	44
00	01B6	33	44
00	01B7	4541	44
00	01B8	4541	44
00	01B9	4541	44
00	01BA	4541	44
00	01BB	4541	44
00	01BE	4541	44
00	01BF	4541	44
00	01C0	4541	44
00	01C1	4541	44
00	01C2	4541	44
00	01C5	4541	44
00	01C7	4541	44
00	01C8	4541	44
00	01CA	4541	44
00	01CB	4541	44
00	01CD	4541	44
00	01D0	4541	44
00	01D2	4541	44
00	01D5	4541	44
00	01D8	4541	44
00	01D9	4541	44
00	01DC	4541	44
00	01DD	4541	44
00	01DE	4541	44
00	01DF	4541	44
00	01E0	4541	44
00	01E1	4541	44
00	01E4	4541	44
00	01E5	4541	44
00	01E8	4541	44
00	01E9	4541	44
00	01EA	4541	44
00	01EB	4541	44
00	01EC	4541	44
00	01ED	64326	44
00	01EE	64326	44
00	01EF	64326	44
00	01F0	64326	44
00	01F1	64326	44
00	01F2	64326	44
00	01F4	64326	44
00	01F6	64326	44
00	01F8	64326	44
00	01FA	64326	44
00	01FD	64326	44
00	01FE	64326	44
00	0200	64326	44
00	0203	64326	44
00	0205	64326	44
00	0207	64326	44
00	0209	64326	44
00	020B	64326	44
00	020D	64326	44
00	0210	64326	44
00	0211	64326	44
00	0212	64326	44
00	0213	64326	44
00	0214	64326	44
00	0217	64326	44
00	0219	64326	44
00	021A	64326	44
00	021C	64326	44
00	021D	64326	44
00	021F	64326	44
00	0222	64326	44
00	0224	64326	44
00	0227	64326	44
00	022A	64326	44
00	022B	64326	44
00	022E	64326	44
00	022F	64326	44
00	0230	64326	44
00	0231	64326	44
00	0232	64326	44
00	0233	64326	44
00	0236	64326	44
00	0237	64326	44
00	023A	64326	44
00	023C	64326	44
00	023E	64326	44
00	0240	64326	44
00	0242	64326	44
00	0243	64326	44
00	0244	64326	44
00	0245	64326	44
00	0246	64326	44
00	0278	3	0
00	0279	3	0
00	027B	3	0
00	027E	3	0
00	027F	3	0
00	0280	3	0
00	0282	3	0
00	0284	3	0
00	0286	3	0
00	0289	3	0
00	028C	3	0
00	028E	3	0
00	0290	3	0
00	0292	3	0
00	0295	3	0
00	0296	3	0
00	0299	3	0
00	029C	3	0
00	029E	3	0
00	02A0	3	0
00	02AE	3	0
00	02B0	3	0
00	02B2	3	0
00	02B5	3	0
00	02B8	3	0
00	02B9	3	0
00	02BC	3	1
00	02BE	3	1
00	02C0	18	1
00	02C1	18	1
00	02C3	18	1
00	02C6	18	1
00	02C9	18	1
00	02CA	18	1
00	02CD	18	2
00	02CE	18	2
00	02CF	18	2
00	02D1	3	5
00	02D2	3	5
00	02D4	3	5
00	02D6	3	5
00	02D9	3	5
00	02DC	3	5
00	02DD	3	5
00	02E0	3	7
00	02E3	3	7
00	02E6	3	7
00	02E7	3	7
00	02EA	3	8
00	02ED	3	8
00	02F0	3	8
00	02F3	3	8
00	02F4	3	8
00	02F7	3	8
00	02FA	3	8
00	02FB	3	8
00	02FD	3	8
00	0300	3	8
00	0302	3	8
00	0303	3	8
00	0305	3	8
00	0307	3	8
00	030A	3	8
00	030B	3	8
00	030D	3	8
00	030F	3	8
00	0311	3	8
00	0314	3	8
00	0317	3	17
00	031A	3	17
00	031B	3	17
00	031C	3	17
00	031E	3	17
00	0321	3	17
00	0322	3	17
00	0324	3	17
00	0327	3	17
00	0328	3	17
00	0331	6	16
00	0333	6	16
00	0335	6	16
00	0338	6	16
00	033A	6	16
00	033D	6	16
00	033F	6	16
00	0341	6	16
00	0344	6	16
00	0346	6	16
00	0349	6	16
00	034A	12	16
00	034C	768	16
00	034D	768	16
00	034E	768	16
00	034F	768	16
00	0351	12	16
00	0392	73232	0
00	0393	73232	0
00	0395	73232	0
00	0397	73232	0
00	0399	15	0
00	039A	73232	0
00	039D	73232	0
00	039E	73232	0
00	03A0	23147	0
00	03A2	23147	0
00	03A5	23147	0
00	03A6	23147	0
00	03A7	23147	0
00	03A8	23147	0
00	03AA	23147	0
00	03AB	23147	0
00	03AD	23147	0
00	03AF	23147	0
00	03B2	23147	0
00	03B3	23147	0
00	03B5	23147	0
00	03B6	23147	0
00	03B7	23147	0
00	03B8	73232	0
00	03B9	73232	0
00	03BA	23147	17
00	03BB	23147	17
00	03BE	23147	17
00	03BF	23147	17
00	03C1	23147	17
00	03C4	23147	17
00	03C5	23147	17
00	03C6	23147	17
00	03C7	23147	17
00	03CA	23147	17
00	03CB	23147	17
00	03CD	23147	17
00	03D0	23147	17
00	03D3	23147	17
00	03D5	23147	17
00	03D7	23147	17
00	03D9	23147	17
00	03DA	23147	17
00	03DD	23147	17
00	03DE	23147	17
00	03E0	23147	17
00	0400	23147	17
00	0401	23147	17
00	0404	23147	17
00	0406	23147	17
00	0408	23147	17
00	040A	20272	17
00	040B	23147	17
00	040E	23147	17
00	040F	23147	17
00	0411	23147	17
00	0413	47	104
00	0414	47	104
00	0415	47	104
00	0417	47	104
00	0418	47	104
00	041A	47	104
00	042E	23147	17
00	042F	23147	17
00	0432	23147	17
00	0433	23147	17
00	0435	9	17
00	0437	9	17
00	0438	9	17
00	043A	9	17
00	043B	9	17
00	043E	9	17
00	0440	23138	18
00	0441	23138	18
00	0443	23138	18
00	0446	23147	17
00	0447	23147	17
00	0448	23147	17
00	0449	23147	17
00	044A	23147	17
00	044B	21125	43
00	044C	21125	43
00	044E	21125	43
00	0450	21125	43
00	0452	21125	43
00	0453	70085	43
00	0454	70082	44
00	0455	70082	44
00	0458	70082	44
00	0459	70082	44
00	045B	21122	44
00	045C	21122	44
00	045F	21122	44
00	0462	21122	44
00	0463	21122	44
00	047A	790	28
00	047B	790	28
00	047D	790	28
00	047F	790	28
00	0481	790	28
00	0482	790	28
00	0483	790	29
00	0484	790	29
00	0485	790	29
00	0488	790	29
00	0489	790	29
00	048B	790	29
00	048D	790	29
00	048F	790	29
00	0491	790	29
00	0492	790	29
00	0495	790	29
00	0496	790	29
00	04A0	6	16
00	04A2	6	16
00	04A5	6	16
00	04A7	6	16
00	04AA	6	16
00	04AC	6	16
00	04AF	6	16
00	04B1	6	16
00	04B4	6	16
00	04B6	6	16
00	04B9	6	16
00	04BB	6	16
00	04BE	6	16
00	04C0	6	16
00	04C3	6	16
00	04C5	6	16
00	04C8	6	16
00	04CA	6	16
00	04CD	6	16
00	04CF	6	16
00	04D2	6	16
00	04D4	6	16
00	04D7	6	16
00	04D8	321	0
00	04D9	321	0
00	04DA	321	0
00	04DC	14629	8
00	04DD	14629	8
00	04DE	14629	8
00	04E0	231	8
00	04E1	90	0
00	04E2	90	0
00	04E3	90	0
00	04E5	12	8
00	04E6	365298	0
00	04E7	365298	0
00	04E8	365298	0
00	04EA	1431	0
00	04EB	1431	0
00	04ED	90	1
00	050C	181	26
00	050D	181	26
00	050E	181	26
00	0510	14976	26
00	0511	14976	26
00	0512	14976	26
00	0513	14976	26
00	0514	14976	26
00	0516	172	26
00	0517	9	324
00	0518	9	324
00	0519	9	324
00	051C	2304	324
00	051D	2304	324
00	051E	2304	324
00	051F	2304	324
00	0520	2304	324
00	0522	9	324
00	0523	9	324
00	0525	9	324
00	0545	979	27
00	0546	979	27
00	0547	979	27
00	0548	979	27
00	054A	979	27
00	054B	979	27
00	054C	979	27
00	054D	979	27
00	054E	979	27
00	054F	979	27
00	0550	979	27
00	056A	120	11128
00	056C	120	11128
00	056D	120	11128
00	056E	120	11128
00	0570	120	11128
00	0572	120	11128
00	0573	120	11128
00	0575	120	11128
00	0578	118	11128
00	057A	118	11128
00	057D	118	11128
00	057F	118	11128
00	0582	118	11128
00	0584	118	11128
00	0587	118	11128
00	0589	118	11128
00	059B	2	11187
00	059C	2	11187
00	059F	9	8
00	05A2	9	8
00	05A5	90	8
00	05A6	90	8
00	05A7	90	8
00	05A8	90	8
00	05A9	90	8
00	05AB	9	8
00	05B6	45	28
00	05B8	45	28
00	05BA	45	28
00	05BC	45	28
00	05BD	3	0
00	05BF	3	0
00	05C1	3	0
00	05C2	3	0
00	05C3	3	0
00	05C5	3	0
00	05C7	3	0
00	05ED	3	0
00	05EF	3	0
00	05F1	3	0
00	05F3	3	0
00	05F5	3	0
00	05F7	3	0
00	05F9	3	0
00	05FB	3	0
00	05FD	3	0
00	05FE	3	0
00	0601	3	0
00	0602	3	0
00	0603	3	0
00	0605	3	0
00	0606	3	0
00	0608	3	0
00	0609	3	0
00	060A	3	0
00	060C	3	0
00	060E	3	0
00	0610	3	0
00	0611	3	0
00	0613	3	0
00	0615	3	0
00	0617	3	0
00	0619	3	0
00	061B	3	0
00	061C	3	0
00	061E	3	0
00	061F	3	0
00	0621	3	0
00	0622	87530	16
00	0623	87530	16
00	0624	65770	16
00	0626	65770	16
00	0628	754	2306
00	062A	754	2306
00	062C	754	2306
00	062E	754	2306
00	0630	754	2306
00	0637	65016	16
00	0639	65016	16
00	063C	65016	16
00	063D	27820	26
00	063E	27820	26
00	063F	103	26
00	0641	103	26
00	0643	103	26
00	0645	103	26
00	0647	103	26
00	0649	103	26
00	064B	103	26
00	0658	27717	43
00	0659	27717	43
00	065A	27717	43
00	065C	27717	43
00	066D	27717	43
00	066F	27717	43
00	0672	27717	43
00	0673	43116	16
00	0675	43116	16
00	0681	43116	16
00	0683	43116	16
00	0684	6	16
00	0686	6	16
00	0688	6	16
00	068A	6	16
00	068C	6	16
00	068E	6	16
00	0690	6	16
00	0691	6	16
00	0693	6	16
00	0695	6	16
00	0697	6	16
00	0699	6	16
00	069B	6	16
00	069D	6	16
00	069F	6	16
00	06A1	6	16
00	06A3	6	16
00	06A5	6	16
00	06A7	6	16
00	06AA	6	16
00	06AB	6	16
00	06AD	6	16
00	06B0	6	16
00	06B2	6	16
00	06B4	6	16
00	06B6	6	16
00	06BC	85	26
00	06BE	85	26
00	06BF	85	26
00	06C1	85	26
00	06C2	85	26
00	06C4	85	26
00	06C5	85	26
00	06C6	85	26
00	06C8	85	26
00	06C9	85	26
00	06CB	85	26
00	06CD	85	26
00	06CF	85	26
00	06D1	43031	16
00	06D3	43031	16
00	06D4	43031	16
00	06D6	43031	16
00	06D7	43031	16
00	06D9	43031	16
00	06DA	43031	16
00	06DB	43031	16
00	06DD	43031	16
00	06DE	43031	16
00	06E0	43031	16
00	06E1	43031	16
00	06E3	43031	16
00	06EE	43116	16
00	06EF	43116	16
00	06F2	43116	16
00	06F3	43116	16
00	06F4	43116	16
00	06F6	43116	16
00	06F7	43116	16
00	06F9	43116	16
00	06FC	43116	16
00	06FF	43104	16
00	0701	43104	16
00	0702	43104	16
00	0704	43104	16
00	0705	43104	16
00	0707	43104	16
00	0708	43104	16
00	0709	43104	16
00	070C	43104	16
00	070D	43104	16
00	070E	43104	16
00	0710	43104	16
00	0711	43104	16
00	0713	43104	16
00	0749	132	26
00	074B	132	26
00	074E	132	26
00	074F	132	26
00	0751	132	26
00	0752	132	26
00	0754	132	26
00	0755	132	26
00	0757	132	26
00	0758	132	26
00	075A	132	26
00	075C	132	26
00	075D	132	26
00	075F	132	26
00	0761	132	26
00	0763	132	26
00	0764	132	26
00	0766	132	26
00	0768	132	26
00	076A	207524	26
00	076C	207524	26
00	076E	207524	26
00	0770	132	27
00	0771	132	27
00	0773	132	27
00	0774	132	27
00	0776	132	27
00	0777	132	27
00	0779	132	27
00	0787	398	23
00	0789	398	23
00	078C	398	23
00	078D	398	23
00	078F	398	23
00	0790	398	23
00	0792	398	23
00	0793	398	23
00	0795	398	23
00	0796	398	23
00	0798	398	23
00	079A	398	23
00	079B	398	23
00	079D	398	23
00	079F	398	23
00	07A1	398	23
00	07A2	398	23
00	07A4	398	23
00	07A6	398	23
00	07A8	1439703	23
00	07AA	1439703	23
00	07AC	1439703	23
00	07AE	398	24
00	07AF	398	24
00	07B1	398	24
00	07B2	398	24
00	07B4	398	24
00	07B5	398	24
00	07B8	398	24
00	07BA	398	24
00	07CB	9	330
00	07CC	9	330
00	07CE	9	330
00	07D0	9	330
00	07D2	9	330
00	07D3	9	330
00	07D5	9	330
00	07D6	9	330
00	07D8	9	330
00	07D9	9	330
00	07DB	9	330
00	07DC	9	330
00	07DF	9	330
00	07E1	9	330
00	07E3	9	330
00	07E6	9	330
00	07E7	9	330
00	07EA	9	331
00	07EB	9	331
00	07ED	9	331
00	07EF	9	331
00	07F2	9	331
00	07F3	9	331
00	07F6	9	331
00	07F7	9	331
00	07FA	9	331
00	082C	57	26
00	082D	57	26
00	082F	57	26
00	0831	57	26
00	0833	57	26
00	0834	57	26
00	0836	57	26
00	0837	57	26
00	0839	57	26
00	083A	57	26
00	083C	57	26
00	083F	57	26
00	0841	57	26
00	0843	57	26
00	0846	57	26
00	0847	57	26
00	084A	57	27
00	084B	57	27
00	084D	57	27
00	084F	57	27
00	0852	57	27
00	0853	57	27
00	0856	57	27
00	0857	57	27
00	085A	57	27
00	08B7	66	26
00	08B9	66	26
00	08BB	66	26
00	08BC	66	26
00	08BE	66	26
00	08C0	66	26
00	08EA	103	26
00	08ED	103	26
00	08EF	103	26
00	08F2	103	26
00	08F3	103	26
00	08F5	103	26
00	08F6	103	26
00	08F7	103	26
00	08FA	103	26
00	08FB	103	26
00	08FC	103	26
00	08FD	103	26
00	08FF	103	26
00	0900	103	26
00	0903	103	26
00	0904	44348	26
00	0905	44348	26
00	0906	44348	26
00	0907	44348	26
00	0908	44348	26
00	090A	2314	26
00	090C	2314	26
00	090D	2314	26
00	090F	2314	26
00	0910	2314	26
00	0912	2314	26
00	0913	2314	26
00	0914	2314	26
00	0916	2314	26
00	0917	2314	26
00	0918	2314	26
00	0919	2314	26
00	091B	206	26
00	0956	21047	43
00	0958	21047	43
00	095B	21047	43
00	095E	21047	43
00	095F	21047	43
00	0960	21047	43
00	0961	21047	43
00	0962	21047	43
00	0964	21047	43
00	0966	21047	43
00	0967	21047	43
00	0969	21047	43
00	096B	21047	43
00	096D	21047	43
00	096F	21047	43
00	0972	21047	43
00	0975	21047	43
00	0977	294658	43
00	0978	294658	43
00	0979	294658	43
00	097C	294658	43
00	097D	294658	43
00	097E	294658	43
00	0980	294658	43
00	0981	294658	43
00	0982	294658	43
00	0983	294658	43
00	0985	294658	43
00	0987	27717	43
00	0988	27717	43
00	098A	27717	43
00	098D	294658	43
00	098E	294658	43
00	098F	294658	43
00	0992	294658	43
00	0993	294658	43
00	0996	294658	43
00	0997	294658	43
00	0998	294658	43
00	0999	294658	43
00	099B	21047	43
00	099C	21047	43
00	099F	21047	43
00	09A0	21047	43
00	09A2	21047	43
00	09A4	21047	43
00	09A5	21047	43
00	09A8	21047	43
00	09AA	21047	43
00	09AB	21047	43
00	09AD	21047	43
00	09AF	21047	43
00	09B1	21047	43
00	09B2	21047	43
00	09B3	21047	43
00	09B4	21047	43
00	09B5	21047	43
00	09B6	48	22
00	09B9	48	23
00	09BA	48	23
00	09BB	48	23
00	09BC	48	23
00	09BE	48	23
00	09C0	48	23
00	09C1	48	23
00	09C3	48	23
00	09C5	48	23
00	09C7	48	23
00	09C9	48	23
00	09CA	48	23
00	09CC	48	23
00	09CE	48	23
00	09D1	48	23
00	09D4	48	23
00	09D6	48	23
00	09D9	48	23
00	09DB	48	23
00	09DC	48	23
00	09DE	48	23
00	09E0	48	23
00	09E2	48	23
00	09E3	48	23
00	09E4	48	23
00	09E5	48	23
00	09E6	99	2633
00	09E7	99	2633
00	09E8	99	2633
00	09EA	99	2633
00	09EC	99	2633
00	09ED	99	2633
00	09EF	99	2633
00	09F1	99	2633
00	09F3	99	2633
00	09F5	99	2633
00	09F8	99	2633
00	09FA	99	2633
00	09FD	99	2633
00	09FF	99	2633
00	0A00	99	2633
00	0A02	99	2633
00	0A04	99	2633
00	0A06	99	2633
00	0A07	99	2633
00	0A08	99	2633
00	0A09	21095	22
00	0A0A	21095	22
00	0A0B	21095	22
00	0A0C	21095	22
00	0A0E	21095	22
00	0A11	21095	22
00	0A12	3375200	22
00	0A13	3375200	22
00	0A14	3375200	22
00	0A16	21095	23
00	0A17	21095	23
00	0A18	21095	23
00	0A19	21095	23
00	0A65	57	26
00	0A66	57	26
00	0A68	57	26
00	0A6A	57	26
00	0A6B	57	26
00	0A6D	57	26
00	0A6F	57	26
00	0A71	57	26
00	0A73	57	26
00	0A74	57	26
00	0A75	57	26
00	0A76	57	26
00	0A77	57	26
00	0A79	57	26
00	0A7A	57	26
00	0A7C	57	26
00	0A7E	57	26
00	0A80	57	26
00	0A81	57	26
00	0A82	70	26
00	0A84	70	26
00	0A86	70	26
00	0A87	70	26
00	0A89	70	26
00	0A8A	70	26
00	0A8B	70	26
00	0A8D	70	26
00	0A8F	70	26
00	0A92	70	26
00	0A94	70	26
00	0A96	70	26
00	0A98	70	26
00	0A9B	70	26
00	0A9C	70	26
00	0A9F	70	26
00	0AA0	70	26
00	0AA1	70	26
00	0AA4	70	26
00	0AA5	70	26
00	0AA7	70	26
00	0AA8	70	26
00	0AA9	70	26
00	0AAA	70	26
00	0AAB	70	26
00	0AAE	70	26
00	0AB0	70	26
00	0AB1	70	26
00	0AB3	70	26
00	0AB5	70	26
00	0AB7	70	26
00	0AB8	70	26
00	0AB9	70	26
00	0ABA	70	26
00	0ABB	70	26
00	0ABD	70	26
00	0ABE	70	26
00	0ABF	70	26
00	0AC0	70	26
00	0AC1	70	26
00	0AC3	70	26
00	0AC4	70	26
00	0AC5	70	26
00	0AC6	70	26
00	0AC7	70	26
00	0AC8	70	26
00	0AC9	70	26
00	0ACA	70	26
00	0ACB	70	26
00	0ACC	70	26
00	0ACD	70	26
00	0ACE	70	26
00	0ACF	70	26
00	0AD0	70	26
00	0AD1	70	26
00	0AD2	70	26
00	0AD3	70	26
00	0AD4	70	26
00	0AD5	70	26
00	0AD6	70	26
00	0AD7	70	26
00	0AD8	70	26
00	0AD9	70	26
00	0ADA	70	26
00	0ADB	70	26
00	0ADC	70	26
00	0ADD	70	26
00	0ADE	70	26
00	0ADF	70	26
00	0AE0	70	26
00	0AE1	70	26
00	0AE4	70	26
00	0AE5	70	26
00	0AE6	70	26
00	0AE7	70	26
00	0AE8	294658	43
00	0AE9	294658	43
00	0AEA	294658	43
00	0AED	294658	43
00	0AEE	294658	43
00	0AEF	294658	43
00	0AF1	294658	43
00	0AF3	27717	43
00	0AF4	27717	43
00	0AF6	27717	43
00	0AF9	27717	43
00	0AFA	27717	43
00	0AFB	27717	43
00	0AFC	27717	43
00	0AFE	27717	43
00	0AFF	27717	43
00	0B00	27717	43
00	0B02	2534	62
00	0B03	2534	62
00	0B04	2534	62
00	0B05	2534	62
00	0B06	2534	62
00	0B07	2534	62
00	0B08	2534	62
00	0B0A	2534	62
00	0B0B	2534	62
00	0B0C	2534	62
00	0B0D	2534	62
00	0B0E	2534	62
00	0B0F	2534	62
00	0B10	2534	62
00	0B11	2534	62
00	0B13	1533	122
00	0B14	1533	122
00	0B17	1533	122
00	0B18	1533	122
00	0B1A	1533	122
00	0B23	2534	62
00	0B24	2534	62
00	0B25	2534	62
00	0B26	2534	62
00	0B28	2534	62
00	0B29	2534	62
00	0B2A	2534	62
00	0B2B	2534	62
00	0B2C	2534	62
00	0B2D	2534	62
00	0B2E	2534	62
00	0B2F	2534	62
00	0B32	2534	62
00	0B33	2534	62
00	0B34	2534	62
00	0B35	2534	62
00	0B36	294658	43
00	0B37	294658	43
00	0B38	294658	43
00	0B3B	294658	43
00	0B3C	294658	43
00	0B3D	294658	43
00	0B3E	294658	43
00	0B3F	294658	43
00	0B40	294658	43
00	0B41	294658	43
00	0B43	294658	43
00	0B45	27717	43
00	0B48	27717	43
00	0B49	27717	43
00	0B4A	27717	43
00	0B71	294658	43
00	0B72	294658	43
00	0B73	294658	43
00	0B74	294658	43
00	0B75	294658	43
00	0B78	294658	43
00	0B79	294658	43
00	0B7A	294658	43
00	0B7C	294658	43
00	0B7D	294658	43
00	0B7F	294658	43
00	0B80	294658	43
00	0B81	294658	43
00	0B83	294658	43
00	0B84	294658	43
00	0B85	294658	43
00	0B87	294658	43
00	0B88	294658	43
00	0B89	294658	43
00	0B8A	294658	43
00	0B8B	294658	43
00	0B8C	294658	43
00	0B8D	294658	43
00	0B8F	294658	43
00	0B91	27711	43
00	0B92	27711	43
00	0B94	27711	43
00	0B95	27711	43
00	0B96	27711	43
00	0B97	27711	43
00	0B98	27711	43
00	0B99	27711	43
00	0B9A	27711	43
00	0B9B	27711	43
00	0B9C	27711	43
00	0B9D	150225	43
00	0B9E	150225	43
00	0B9F	150225	43
00	0BA0	150225	43
00	0BA1	150225	43
00	0BA2	150225	43
00	0BA3	150225	43
00	0BA4	150225	43
00	0BA5	150225	43
00	0BA6	150225	43
00	0BA7	150225	43
00	0BA8	150225	43
00	0BA9	150225	43
00	0BAA	150225	43
00	0BAC	150225	43
00	0BAD	150225	43
00	0BAF	150225	43
00	0BB0	150225	43
00	0BB1	150225	43
00	0BB2	150225	43
00	0BB3	150225	43
00	0BB4	150225	43
00	0BB5	150225	43
00	0BB6	150225	43
00	0BB7	150225	43
00	0BB8	150225	43
00	0BBA	27051	43
00	0BBB	266947	43
00	0BBC	266947	43
00	0BE8	6	11074
00	0BEB	6	11074
00	0BED	96	11074
00	0BEF	96	11074
00	0BF1	96	11074
00	0BF3	14	11074
00	0BF4	96	11074
00	0BF6	96	11074
00	0BF8	96	11074
00	0BF9	96	11074
00	0BFB	6	11074
00	0BFC	27	1181
00	0BFF	27	1181
00	0C01	27	1181
00	0C02	216	1181
00	0C03	216	1181
00	0C05	26	1818
00	0C06	216	1181
00	0C08	216	1181
00	0C0A	216	1181
00	0C0B	216	1181
00	0C0D	27	1181
00	0DB9	213	2640
00	0DBB	213	2640
00	0DBE	213	2640
00	0DC0	2556	2640
00	0DC1	2556	2640
00	0DC2	2556	2640
00	0DC3	2556	2640
00	0DC4	2556	2640
00	0DC5	2556	2640
00	0DC7	213	2640
00	0DC8	213	2640
00	0DCA	213	2640
00	0DCD	213	2640
00	0DE2	347	2306
00	0DE4	347	2306
00	0DE7	347	2306
00	0DE8	347	2306
00	0DE9	347	2306
00	0DEB	2082	2306
00	0DEC	2082	2306
00	0DED	2082	2306
00	0DEF	2082	2306
00	0DF0	2082	2306
00	0DF1	2082	2306
00	0DF2	2082	2306
00	0DF3	2082	2306
00	0DF5	2082	2306
00	0DF7	2082	2306
00	0DF8	2082	2306
00	0DF9	2082	2306
00	0DFA	2082	2306
00	0DFC	2082	2306
00	0DFE	2082	2306
00	0DFF	2082	2306
00	0E00	2082	2306
00	0E01	2082	2306
00	0E02	2082	2306
00	0E04	347	2306
00	0E05	347	2306
00	0E06	347	2306
00	0E08	2082	2306
00	0E0A	2082	2306
00	0E0B	2082	2306
00	0E0C	2082	2306
00	0E0E	2082	2306
00	0E10	2082	2306
00	0E12	2082	2306
00	0E14	2082	2306
00	0E15	2082	2306
00	0E16	2082	2306
00	0E18	2082	2306
00	0E1A	2082	2306
00	0E1B	2082	2306
00	0E1D	2082	2306
00	0E1E	2082	2306
00	0E1F	2082	2306
00	0E20	2082	2306
00	0E21	2082	2306
00	0E23	2082	2306
00	0E25	2082	2306
00	0E26	2082	2306
00	0E27	2082	2306
00	0E28	2082	2306
00	0E2A	347	2306
00	0E2C	347	2306
00	0E2E	347	2306
00	0E31	347	2306
00	0ED3	56	2306
00	0ED5	56	2306
00	0ED6	56	2306
00	0ED8	641	2306
00	0EDA	641	2306
00	0EDD	641	2306
00	0EDE	641	2306
00	0EE0	641	2306
00	0EE2	81	2309
00	0EE3	81	2309
00	0EE4	81	2309
00	0EE6	81	2309
00	0EE7	81	2309
00	0EE9	81	2309
00	0EEB	81	2309
00	0EEC	81	2309
00	0EED	81	2309
00	0EEE	81	2309
00	0EEF	81	2309
00	0F30	560	2306
00	0F31	560	2306
00	0F33	560	2306
00	0F35	347	2306
00	0F37	347	2306
00	0F49	213	2640
00	0F4A	560	2306
00	0F4C	213	2640
00	0F4D	213	2640
00	0F50	213	2640
00	0F51	213	2640
00	0F53	347	2306
00	0F54	347	2306
00	0F55	347	2306
00	0F56	347	2306
00	0F59	347	2306
00	0F5A	560	2306
00	0F5D	560	2306
00	0F5F	560	2306
00	0F60	560	2306
00	0F62	560	2306
00	0F63	560	2306
00	0F65	560	2306
00	0F68	25	2309
00	0F69	25	2309
00	0F6B	25	2309
00	0F6D	25	2309
00	0F6F	25	2309
00	0F71	25	2309
00	0F73	25	2309
00	0F74	25	2309
00	0F75	25	2309
00	0F76	25	2309
00	0F78	25	2309
00	0F79	25	2309
00	0F7B	25	2309
00	0F7C	25	2309
00	0F7E	25	2309
00	0F7F	25	2309
00	0F9D	56	2309
00	0F9E	56	2309
00	0FA0	56	2309
00	0FA1	56	2309
00	1044	347	2306
00	1045	347	2306
00	1046	347	2306
00	1048	347	2306
00	104A	347	2306
00	104C	347	2306
00	104F	347	2306
00	1052	347	2306
00	1053	347	2306
00	1059	347	2306
00	105B	347	2306
00	105C	347	2306
00	105E	347	2306
00	1060	347	2306
00	1062	347	2306
00	1064	347	2306
00	1066	347	2306
00	1067	347	2306
00	1069	347	2306
00	106A	347	2306
00	106C	347	2306
00	106D	347	2306
00	106F	347	2306
00	1070	347	2306
00	1073	347	2306
00	1079	347	2306
00	107B	347	2306
00	107D	347	2306
00	107F	347	2306
00	1080	347	2306
00	1082	347	2306
00	1084	347	2306
00	1086	347	2306
00	1088	347	2306
00	1089	347	2306
00	108B	347	2306
00	108D	347	2306
00	108F	347	2306
00	1091	347	2306
00	1093	347	2306
00	1094	347	2306
00	1096	347	2306
00	1097	347	2306
00	1099	347	2306
00	109A	347	2306
00	109D	347	2306
00	10A3	347	2306
00	10A5	347	2306
00	10A7	347	2306
00	10A9	347	2306
00	10AA	347	2306
00	10AC	347	2306
00	10AE	347	2306
00	10B0	347	2306
00	10B1	213	2640
00	10B2	213	2640
00	10B4	213	2640
00	10B5	213	2640
00	10B7	213	2640
00	10B9	213	2640
00	10BB	213	2640
00	10BD	213	2640
00	10C0	213	2640
00	10C6	213	2640
00	10C8	213	2640
00	10C9	213	2640
00	10CB	213	2640
00	10CC	213	2640
00	10CE	213	2640
00	10CF	213	2640
00	10D1	213	2640
00	10D2	213	2640
00	10D5	213	2640
00	10DB	213	2640
00	10DD	213	2640
00	10DF	213	2640
00	10E1	213	2640
00	10E2	213	2640
00	10E4	213	2640
00	10E6	213	2640
00	10E8	213	2640
00	14BF	763	2301
00	14C0	763	2301
00	14C1	763	2301
00	14C2	763	2301
00	14C3	763	2301
00	14C5	29	2301
00	14C6	142	2301
00	14C7	142	2301
00	14C8	142	2301
00	14C9	134	2301
00	14CA	134	2301
00	14CB	134	2301
00	14CC	134	2301
00	14CD	134	2301
00	14CE	134	2301
00	14D0	4	15135
00	14D1	19	2301
00	14D2	19	2301
00	14D3	19	2301
00	14D5	19	2301
00	14D6	19	2301
00	14D7	19	2301
00	14D8	19	2301
00	14D9	19	2301
00	14DA	19	2301
00	14DC	9	2301
00	14E0	9	5002
00	14E1	9	5002
00	14E3	9	5002
00	14E4	9	5002
00	14E5	9	5002
00	14E7	9	5002
00	14E9	2	5002
00	14EA	54	2301
00	14EB	54	2301
00	14ED	54	2301
00	14EE	54	2301
00	14EF	54	2301
00	14F0	54	2301
00	14F2	18	2301
00	151A	3	324
00	151B	3	324
00	151C	3	324
00	151E	48	324
00	151F	48	324
00	1521	45	324
00	1522	45	324
00	1523	45	324
00	1525	45	324
00	1526	45	324
00	1527	45	324
00	1528	45	324
00	152A	45	324
00	152B	45	324
00	152C	45	324
00	152E	3	324
00	152F	3	324
00	1530	3	324
00	1531	3	324
00	1532	3	324
00	153D	13	2306
00	153E	13	2306
00	1540	13	2306
00	1542	13	2306
00	1543	13	2306
00	1545	13	2306
00	1547	13	2306
00	1549	13	2306
00	154B	13	2306
00	154D	13	2306
00	154F	13	2306
00	1550	13	2306
00	1552	13	2306
00	1554	13	2306
00	1556	13	2306
00	1559	13	2306
00	155A	13	2306
00	155D	13	2306
00	155E	13	2306
00	155F	13	2306
00	1560	13	2306
00	1562	13	2306
00	1563	13	2306
00	1564	13	2306
00	1565	13	2306
00	1566	13	2306
00	1567	13	2306
00	156A	13	2306
00	156D	13	2306
00	156F	13	2306
00	1570	13	2306
00	1572	13	2306
00	1575	13	2306
00	1577	13	2306
00	1579	13	2306
00	157A	13	2306
00	157C	13	2306
00	157E	13	2306
00	1580	13	2306
00	1583	13	2306
00	1585	13	2306
00	1620	222	326
00	1622	222	326
00	1624	222	326
00	1626	222	326
00	163E	222	326
00	1640	222	326
00	1642	222	326
00	1643	222	326
00	1645	222	326
00	1647	222	326
00	164A	222	326
00	164C	222	326
00	164E	222	326
00	1651	222	326
00	1652	222	326
00	1655	222	326
00	1656	222	326
00	1658	222	326
00	165B	222	326
00	165D	222	326
00	165E	222	326
00	1660	222	326
00	1663	222	326
00	1665	222	326
00	1668	222	326
00	1711	3	17
00	1713	3	17
00	1715	3	17
00	1716	3	17
00	1718	3	17
00	171A	3	17
00	171C	3	17
00	171F	3	17
00	1722	3	22
00	1724	3	22
00	1725	3	22
00	1727	3	22
00	172A	3	22
00	172C	3	22
00	20A0	3	8
00	20A3	3	8
00	20A6	23147	0
00	20A9	23144	17
00	20AC	95	83
00	20AF	95	83
00	20C4	3	323
00	20C7	3	323
00	20E8	30	43
00	20EB	30	43
00	20EE	23275	8
00	20F0	23275	8
00	20F3	23275	8
00	20F5	23275	8
00	20F8	42125	8
00	20FA	42125	8
00	20FD	42125	8
00	20FF	84250	8
00	2101	84250	8
00	2104	84250	8
00	2105	84250	8
00	2107	84250	8
00	210A	84250	8
00	210B	23275	8
00	210E	23275	8
00	2111	23275	8
00	2114	23275	8
00	2116	128	43
00	2119	128	43
00	211B	128	43
00	211D	23272	17
00	211F	23272	17
00	2120	23272	17
00	2123	23272	17
00	2124	23272	17
00	2125	3	0
00	2126	3	0
00	2128	3	0
00	2129	23147	0
00	212C	23147	0
00	212E	23147	0
00	2130	3	0
00	2132	3	0
00	2141	23272	17
00	2144	23272	17
00	2146	23272	17
00	2148	23272	17
00	214B	23272	17
00	214D	23272	17
00	214E	23272	17
00	215E	6274	44
00	2161	6274	44
00	2164	6274	44
00	2167	6274	44
00	216A	6274	44
00	216B	6274	44
00	216C	6274	44
00	216F	12576	44
00	2172	12576	44
00	2175	12576	44
00	2178	12576	44
00	217B	12576	44
00	217C	12576	44
00	217D	12576	44
00	217E	12576	44
00	217F	12576	44
00	2180	12576	44
04	4000	3	8
04	4002	3	8
04	4005	3	8
04	4008	3	8
04	4009	3	8
04	400C	3	8
04	400D	3	8
04	4010	3	8
04	4012	3	8
04	4013	189	8
04	4014	189	8
04	4015	189	8
04	4017	3	8
04	4018	3	8
04	401B	3	8
04	401C	3	8
04	401F	3	8
04	4021	3	8
04	4024	3	8
04	4027	3	8
04	402A	3	8
04	402D	3	8
04	402F	3	8
04	4032	3	8
04	4035	3	8
04	4037	3	8
04	403A	3	8
04	403B	3	8
04	403D	3	8
04	4040	3	8
04	4043	24	8
04	4044	24	8
04	4045	24	8
04	4046	24	8
04	4048	3	8
04	4049	3	8
04	404B	3	8
04	404E	3	8
04	4051	12	8
04	4052	12	8
04	4053	12	8
04	4054	12	8
04	4056	3	8
04	4058	3	8
04	405A	3	8
04	405C	3	8
04	405E	3	8
04	4060	3	8
04	4062	3	8
04	4064	3	8
04	4066	3	8
04	4068	3	8
04	406A	3	8
04	406C	3	8
04	406E	3	8
04	4070	3	8
04	4072	3	8
04	4074	3	8
04	4076	3	8
04	4078	3	8
04	407A	3	8
04	407C	3	8
04	407F	3	8
04	4082	23144	17
04	4083	23144	17
04	4084	23144	17
04	4087	23144	17
04	408A	23144	17
04	408C	23144	17
04	408F	23144	17
04	4090	23144	17
04	4091	23144	17
04	4092	23144	17
04	4094	23144	17
04	4095	23144	17
04	4096	23144	17
04	4097	23144	17
04	4099	23144	17
04	409A	23144	17
04	409B	23144	17
04	409D	23144	17
04	40AC	23144	17
04	40AD	23144	17
04	40AE	23144	17
04	40B1	92576	17
04	40B4	92576	17
04	40B7	92576	17
04	40B9	23144	17
04	40BC	92576	17
04	40BF	92576	17
04	40C2	92576	17
04	40C4	23144	17
04	40C7	23144	17
04	40C8	23144	17
04	40CA	23144	17
04	40CB	23144	17
04	40CC	23144	17
04	40CE	23144	17
04	40D0	23144	17
04	40D3	23144	17
04	40D5	23144	17
04	40D8	23144	17
04	40D9	23144	17
04	40DA	23144	17
04	40DB	23144	17
04	40DD	23144	17
04	40DE	23144	17
04	40DF	23144	17
04	40E0	23144	17
04	40E2	23144	17
04	40E3	23144	17
04	40E4	23144	17
04	40E6	23144	17
04	40E8	6224	503
04	40EB	24896	503
04	40EE	24896	503
04	40F1	24896	503
04	40F3	6224	503
04	40F5	16920	17
04	40F6	16920	17
04	40F7	16920	17
04	40FA	67680	17
04	40FD	67680	17
04	4100	67680	17
04	4102	16920	17
04	4105	67680	17
04	4108	67680	17
04	410B	67680	17
04	410D	16920	17
04	4110	16920	17
04	4111	16920	17
04	4113	16920	17
04	4114	16920	17
04	4115	16920	17
04	4117	16920	17
04	4119	23144	17
04	411C	92576	17
04	411F	92576	17
04	4122	92576	17
04	4124	23144	17
04	4127	23144	17
04	4128	23144	17
04	412A	1545	17
04	412C	23144	17
04	412D	23144	17
04	4130	23144	17
04	4132	23144	17
04	4135	23144	17
04	4138	185152	17
04	4139	185152	17
04	413B	185152	17
04	413C	185152	17
04	413D	185152	17
04	413F	185152	17
04	4140	185152	17
04	4141	185152	17
04	4143	23144	17
04	4144	23144	17
04	4147	23144	17
04	4148	23144	17
04	4149	23144	17
04	414C	23239	17
04	414F	23239	17
04	4151	23239	17
04	4153	23172	17
04	4156	23172	17
04	4158	23172	17
04	415F	46411	17
04	4162	46411	17
04	4163	46411	17
04	4164	46411	17
04	4165	46411	17
04	4166	46411	17
04	4167	185297	17
04	416A	185297	17
04	416B	185297	17
04	416C	138981	17
04	416D	138981	17
04	416F	138981	17
04	4170	138981	17
04	4171	138981	17
04	4173	138981	17
04	4174	138981	17
04	4175	138981	17
04	4176	138981	17
04	4177	1241	84
04	417A	1241	84
04	417C	1241	84
04	417E	1241	84
04	4180	641	44
04	4183	641	44
04	4185	641	44
04	4187	641	44
04	4189	1121	84
04	418C	1121	84
04	418E	1121	84
04	4190	1121	84
04	4192	1484	502
04	4195	1484	502
04	4197	1484	502
04	4199	1484	502
04	419B	63208	17
04	419E	63208	17
04	41A0	63208	17
04	41A2	67695	17
04	41A5	67695	17
04	41A6	67695	17
04	41A7	67695	17
04	41A8	67695	17
04	41A9	67695	17
04	41AA	67695	17
04	41AB	67695	17
04	41AC	252832	17
04	41AF	252832	17
04	41B0	252832	17
04	41B1	189624	17
04	41B2	189624	17
04	41B4	189624	17
04	41B5	189624	17
04	41B6	189624	17
04	41B8	189624	17
04	41B9	189624	17
04	41BA	189624	17
04	41BB	189624	17
04	41BD	189624	17
04	41BE	189624	17
04	41BF	189624	17
04	41C0	95	83
04	41C1	95	83
04	41C2	95	83
04	41C5	95	83
04	41C8	95	83
04	41CB	95	83
04	41CD	95	83
04	4219	95	83
04	421C	95	83
04	421E	95	83
04	4221	95	83
04	4222	95	83
04	4225	128	83
04	4228	128	83
04	4229	128	83
04	422C	128	83
04	422D	128	83
04	422F	128	83
04	4231	128	83
04	4234	128	83
04	4236	33	83
04	4239	33	83
04	423A	33	83
04	423D	33	83
04	423E	33	83
04	4241	33	83
04	4244	33	83
04	4246	33	83
04	4249	33	83
04	424C	33	83
04	4284	95	83
04	4287	25	43
04	4288	25	43
04	4289	25	43
04	428C	25	43
04	428D	25	43
04	4290	25	43
04	4291	25	43
04	4294	25	43
04	4295	25	43
04	4298	25	43
04	4299	25	43
04	429C	25	43
04	429F	25	43
04	42A2	64	43
04	42A5	64	43
04	42A7	39	501
04	42AA	39	501
04	42AE	36	43
04	42B1	36	43
04	42B2	36	43
04	42B5	36	43
04	42B6	36	43
04	42B7	36	43
04	42B8	61	43
04	42BB	61	43
04	42BD	25	43
04	42D6	30	43
04	42D9	30	43
04	42DA	30	43
04	42DC	5	3301
04	42DF	5	3301
04	42E0	5	3301
04	42E2	5	3301
04	42E5	5	3301
04	42E7	5	3301
04	42E9	5	3301
04	430A	120	43
04	430B	120	43
04	430E	120	43
04	4310	120	43
04	4311	120	43
04	4319	120	43
04	431B	120	43
04	431D	120	43
04	4320	120	43
04	4321	120	43
04	4322	120	43
04	4323	120	43
04	4324	120	43
04	4325	120	43
04	4328	120	43
04	4329	120	43
04	432A	120	43
04	432B	120	43
04	432C	120	43
04	432D	120	43
04	432E	120	43
04	4331	120	43
04	4332	120	43
04	4335	120	43
04	4336	120	43
04	4339	120	43
04	433A	120	43
04	433D	120	43
04	433E	120	43
04	4341	120	43
04	4342	120	43
04	4343	120	43
04	4344	120	43
04	4347	120	43
04	4348	120	43
04	434B	120	43
04	434C	192	43
04	434F	192	43
04	4350	192	43
04	4353	192	43
04	4354	192	43
04	4356	192	43
04	4357	192	43
04	4358	192	43
04	435B	192	43
04	435C	192	43
04	435F	192	43
04	4360	192	43
04	4363	192	43
04	4364	192	43
04	4367	192	43
04	4368	192	43
04	436B	192	43
04	436C	192	43
04	436F	192	43
04	4370	192	43
04	4373	192	43
04	4374	192	43
04	4377	192	43
04	4378	192	43
04	4379	72	83
04	437C	72	83
04	437E	72	83
04	437F	72	83
04	4380	72	83
04	4382	72	83
04	4383	72	83
04	4384	72	83
04	4385	72	83
04	4386	192	44
04	4388	192	44
04	4389	192	44
04	438A	192	44
04	438B	192	44
04	438C	192	44
04	438D	192	44
04	438E	192	44
04	438F	192	44
04	4390	192	44
04	4393	192	44
04	4394	192	44
04	4397	192	44
04	4398	192	44
04	439B	192	44
04	439C	192	44
04	439D	192	44
04	439E	192	44
04	43A1	192	44
04	43A2	192	44
04	43A3	192	44
04	43A4	192	44
04	43A5	192	44
04	43A6	192	44
04	43A7	192	44
04	43A8	192	44
04	43A9	192	44
04	43AB	192	44
04	43AC	192	44
04	43AD	192	44
04	43AE	192	44
04	43AF	192	44
04	43B0	192	44
04	43B1	192	44
04	43B2	192	44
04	43B4	192	44
04	43B5	192	44
04	43B7	192	44
04	43B8	192	44
04	43B9	192	44
04	43BA	192	44
04	43BB	192	44
04	43BC	192	44
04	43BE	192	44
04	43BF	192	44
04	43C0	192	44
04	43C1	192	44
04	43C2	192	44
04	43C3	192	44
04	43C4	192	44
04	43C6	192	44
04	43C7	192	44
04	43C8	192	44
04	43C9	192	44
04	43CA	192	44
04	43CB	192	44
04	43CC	192	44
04	43CD	192	44
04	43CE	192	44
04	43CF	192	44
04	43D0	192	44
04	43D1	192	44
04	43D2	192	44
04	43D3	192	44
04	43D4	192	44
04	43D5	192	44
04	43D6	192	44
04	43D7	192	44
04	43D8	192	44
04	43DA	192	44
04	43DB	192	44
04	4429	3	323
04	442C	3	323
04	4433	3	323
04	4435	3	323
04	4438	3	323
04	443B	12	323
04	443E	12	323
04	443F	12	323
04	4442	12	323
04	4443	12	323
04	4445	12	323
04	4448	12	323
04	444A	3	323
04	453A	23144	17
04	453D	23144	17
04	453E	23144	17
04	453F	23027	17
04	4542	23027	17
04	4543	23027	17
04	455A	24896	503
04	455D	24896	503
04	455E	24896	503
04	4561	24896	503
04	4562	24896	503
04	4563	24896	503
04	4565	24896	503
04	4566	23932	503
04	4569	23932	503
04	456C	160256	17
04	456F	160256	17
04	4570	160256	17
04	4573	160256	17
04	4574	160256	17
04	4575	160256	17
04	4577	160256	17
04	4578	51252	44
04	457A	51252	44
04	457C	192	44
04	457D	192	44
04	4580	192	44
04	4581	192	44
04	4582	51252	44
04	4585	51252	44
04	4586	51252	44
04	4587	51252	44
04	4588	51252	44
04	458A	46044	85
04	458B	46044	85
04	458C	46044	85
04	458E	5208	44
04	458F	5208	44
04	4590	5208	44
04	4591	5208	44
04	4592	5208	44
04	4593	5208	44
04	4594	5208	44
04	4597	5208	44
04	4598	5208	44
04	459B	12286	44
04	459E	12286	44
04	459F	12286	44
04	45A2	12286	44
04	45A3	12286	44
04	45A6	12286	44
04	45A7	12286	44
04	45AA	12286	44
04	45AC	12286	44
04	45AE	1023	510
04	45AF	1023	510
04	45B2	1023	510
04	45B3	1023	510
04	45B4	1023	510
04	45B6	11263	44
04	45B7	11263	44
04	45BA	11263	44
04	45BB	11263	44
04	45BD	11263	44
04	45BF	5550	44
04	45C0	12286	44
04	45C2	12286	44
04	45C5	7799	44
04	45C7	7799	44
04	45CA	2743	44
04	45CD	2743	44
04	45CF	2743	44
04	45D0	2743	44
04	45D1	2743	44
04	45D3	2743	44
04	45D4	2743	44
04	45D5	2743	44
04	45D6	2743	44
04	45D7	2743	44
04	45D8	2743	44
04	45D9	2743	44
04	45DA	2743	44
04	45DB	152	44
04	45DE	152	44
04	45DF	152	44
04	45E2	152	44
04	45E3	152	44
04	45E4	152	44
04	45E5	152	44
04	45E6	51100	84
04	45E9	51100	84
04	45EA	51100	84
04	45EB	51100	84
04	45EC	51100	84
04	45EE	8641	517
04	45EF	8641	517
04	45F2	8641	517
04	45F3	8641	517
04	45F5	8641	517
04	45F7	42459	84
04	45FA	42459	84
04	45FB	42459	84
04	45FC	42459	84
04	45FD	51100	84
04	45FE	51100	84
04	4600	51100	84
04	4602	21226	89
04	4603	51100	84
04	4606	51100	84
04	4609	51100	84
04	460A	51100	84
04	460B	51100	84
04	460C	51100	84
04	460E	12484	502
04	460F	12484	502
04	4612	12484	502
04	4613	12484	502
04	4614	12484	502
04	4615	12484	502
04	4618	12484	502
04	4619	12484	502
04	461A	12484	502
04	461B	12484	502
04	461C	12484	502
04	461D	12484	502
04	461F	12484	502
04	4623	38616	84
04	4626	38616	84
04	4627	38616	84
04	4628	38616	84
04	462A	38616	84
04	462E	12484	502
04	462F	12484	502
04	4631	12484	502
04	4632	12484	502
04	4633	12484	502
04	4635	12484	502
04	4636	12484	502
04	4638	12484	502
04	4639	12484	502
04	463B	12484	502
04	463C	12484	502
04	463E	12484	502
04	463F	12484	502
04	4640	51100	84
04	4641	51100	84
04	4642	51100	84
04	4644	3842	502
04	4647	3842	502
04	4649	3842	502
04	464C	3842	502
04	464D	51100	84
04	464E	51100	84
04	464F	51100	84
04	4650	51100	84
04	4652	978	502
04	4655	978	502
04	4657	978	502
04	465A	978	502
04	465B	51100	84
04	465D	51100	84
04	4660	51100	84
04	4661	51100	84
04	4664	51100	84
04	4665	51100	84
04	4668	75032	84
04	466A	75032	84
04	466C	4624	502
04	466F	4624	502
04	4670	4624	502
04	4671	4624	502
04	4673	4624	502
04	4675	4624	502
04	4676	4624	502
04	4677	4624	502
04	467A	4624	502
04	467B	4624	502
04	467C	4624	502
04	467D	4624	502
04	467E	4624	502
04	467F	4624	502
04	4680	4624	502
04	4681	4624	502
04	4684	4624	502
04	4685	4624	502
04	4686	4624	502
04	4687	4624	502
04	4688	4624	502
04	4689	4624	502
04	468A	4624	502
04	468B	4624	502
04	468E	4624	502
04	468F	4624	502
04	4690	4624	502
04	4692	4624	502
04	4694	4624	502
04	4695	4624	502
04	4696	4624	502
04	4697	4624	502
04	4698	4624	502
04	4699	4624	502
04	469A	4624	502
04	469D	4624	502
04	469E	4624	502
04	469F	4624	502
04	46A0	4624	502
04	46A1	4624	502
04	46A4	4624	502
04	46A5	4624	502
04	46A8	75032	84
04	46AA	75032	84
04	46BF	75032	84
04	46C1	75032	84
04	46C3	180	84
04	46C6	180	84
04	46C7	180	84
04	46C8	180	84
04	46C9	180	84
04	46CA	180	84
04	46CD	180	84
04	46CF	180	84
04	46D1	180	84
04	46D3	180	84
04	46D5	180	84
04	46D7	180	84
04	46D8	180	84
04	46D9	180	84
04	46DA	180	84
04	46DD	180	84
04	46DE	180	84
04	46DF	180	84
04	46E2	180	84
04	46E3	180	84
04	46E6	75032	84
04	46E7	75032	84
04	4756	5056	84
04	4758	5056	84
04	475B	5056	84
04	475D	5056	84
04	475E	5056	84
04	4760	5056	84
04	4762	5056	84
04	4763	5056	84
04	4764	5056	84
04	4765	5056	84
04	4768	5056	84
04	4769	5056	84
04	476C	5056	84
04	476D	5056	84
04	476E	5056	84
04	476F	5056	84
04	4770	5056	84
04	4771	5056	84
04	4772	5056	84
04	4773	5056	84
04	4774	5056	84
04	4777	54	1449
04	477A	54	1449
04	477B	54	1449
04	477E	54	1449
04	477F	54	1449
04	4782	54	1449
04	4783	54	1449
04	4784	54	1449
04	4786	54	1449
04	4789	54	1449
04	478A	54	1449
04	478B	54	1449
04	478C	54	1449
04	478D	54	1449
04	478F	54	1449
04	4790	54	1449
04	4793	54	1449
04	4794	54	1449
04	4795	54	1449
04	4796	54	1449
04	4797	54	1449
04	4798	54	1449
04	4799	54	1449
04	479A	54	1449
04	479B	98	1449
04	479E	98	1449
04	479F	98	1449
04	47A0	98	1449
04	47A3	84	1325
04	47A6	84	1325
04	47A7	84	1325
04	47AA	84	1325
04	47AB	84	1325
04	47AE	84	1325
04	47AF	84	1325
04	47B0	84	1325
04	47B1	84	1325
04	47B4	50	1574
04	47B5	50	1574
04	47B6	50	1574
04	47B7	50	1574
04	47B8	50	1574
04	47BA	50	1574
04	47BB	50	1574
04	47BE	50	1574
04	47BF	50	1574
04	47C0	50	1574
04	47C1	50	1574
04	47C2	50	1574
04	47E3	131	44
04	47E6	131	44
04	47E8	131	44
04	47EB	131	44
04	47ED	95	84
04	47F0	131	44
04	47F3	131	44
04	47F4	131	44
04	47F5	131	44
04	47F8	131	44
04	47FB	131	44
04	47FC	131	44
04	47FD	131	44
04	47FE	131	44
04	47FF	131	44
04	4800	131	44
04	4803	131	44
04	4804	131	44
04	4806	131	44
04	480C	131	44
04	480E	131	44
04	480F	131	44
04	4811	131	44
04	4812	131	44
04	4813	131	44
04	4816	131	44
04	4817	131	44
04	4818	131	44
04	483A	192	44
04	483D	192	44
04	484E	1004	44
04	4851	1004	44
04	4852	1004	44
04	4854	1004	44
04	4856	980	44
04	4859	980	44
04	485C	980	44
04	485E	980	44
04	485F	980	44
04	4862	980	44
04	4864	980	44
04	4865	980	44
04	4866	980	44
04	4867	980	44
04	4868	980	44
04	4869	980	44
04	486A	980	44
04	486B	980	44
04	486C	980	44
04	486D	980	44
04	486E	980	44
04	486F	980	44
04	4870	980	44
04	4871	980	44
04	4872	980	44
04	4873	980	44
04	4876	980	44
04	4878	980	44
04	487B	980	44
04	487E	24	502
04	4881	24	502
04	4883	24	502
04	4886	24	502
04	4889	2456	44
04	488A	2456	44
04	488C	2456	44
04	488D	2456	44
04	488E	2456	44
04	488F	2456	44
04	4890	2456	44
04	4891	2456	44
04	4894	2456	44
04	4895	2456	44
04	4896	782	532
04	4899	782	532
04	489A	782	532
04	489D	782	532
04	489E	782	532
04	48A1	782	532
04	48A2	782	532
04	48A5	782	532
04	48A6	782	532
04	48A7	782	532
04	48A9	782	532
04	48AA	782	532
04	48AB	782	532
04	48AC	782	532
04	48AD	818	532
04	48AE	818	532
04	48B0	818	532
04	48B2	466	533
04	48B5	466	533
04	48B6	466	533
04	48B7	466	533
04	48B9	352	532
04	48BA	352	532
04	48BB	352	532
04	48BC	352	532
04	48BF	352	532
04	48C0	352	532
04	48C1	352	532
04	48C2	352	532
04	48C3	352	532
04	48C4	352	532
04	48C5	352	532
04	48C6	818	532
04	48C7	818	532
04	48C8	818	532
04	48C9	818	532
04	48CA	818	532
04	48CD	818	532
04	48CF	818	532
04	48D2	818	532
04	48D5	36	1159
04	48D8	36	1159
04	48D9	36	1159
04	48DC	36	1159
04	48DD	36	1159
04	48E0	36	1159
04	48E1	36	1159
04	48E4	36	1159
04	48E5	36	1159
04	48E6	36	1159
04	48E7	36	1159
04	48E8	36	1159
04	48E9	36	1159
04	48EA	36	1159
04	48EC	24	502
04	48EF	24	502
04	48F0	24	502
04	48F3	24	502
04	48F4	24	502
04	48F7	24	502
04	48F8	24	502
04	48FB	24	502
04	48FC	24	502
04	48FD	24	502
04	48FF	24	502
04	4905	24	502
04	4925	24	502
04	4928	24	502
04	492A	192	44
04	492D	192	44
04	492F	192	44
04	4932	192	44
04	4935	192	44
04	4938	192	44
04	4939	192	44
04	493C	192	44
04	493D	192	44
04	493E	192	44
04	4941	192	44
04	4942	192	44
04	4943	192	44
04	4944	192	44
04	4970	24	502
04	4973	240	44
04	4976	240	44
04	4977	240	44
04	497A	240	44
04	497B	240	44
04	497C	240	44
04	497F	240	44
04	4980	240	44
04	4981	240	44
04	4A2B	4487	44
04	4A2D	4487	44
04	4A2F	4487	44
04	4A30	4487	44
04	4A32	4487	44
04	4A34	4487	44
04	4A35	4487	44
04	4A36	4487	44
04	4A39	4487	44
04	4A3A	4487	44
04	4A3D	4487	44
04	4A3E	4487	44
04	4A3F	4487	44
04	4A42	4487	44
04	4A43	4487	44
04	4A44	4487	44
04	4A46	4487	44
04	4A49	4487	44
04	4A4B	6274	44
04	4A4C	6274	44
04	4A4F	6274	44
04	4A50	10761	44
04	4A52	10761	44
04	4A54	6274	44
04	4A56	6274	44
04	4A58	2528	44
04	4A5A	2528	44
04	4A69	3746	44
04	4A6B	3746	44
04	4A6D	3746	44
04	4A6F	3746	44
04	4A70	3746	44
04	4A71	3746	44
04	4A73	2528	44
04	4A75	2528	44
04	4A77	2528	44
04	4A79	2528	44
04	4A7A	2528	44
04	4A7B	2528	44
04	4A7C	2528	44
04	4A7E	2528	44
04	4A7F	2528	44
04	4A81	4487	44
04	4A82	4487	44
04	4A83	4487	44
04	4A84	4487	44
04	4A87	4487	44
04	4A88	4487	44
04	4A89	4487	44
04	4A8C	4487	44
04	4A8F	4487	44
04	4A92	4487	44
04	4A93	4487	44
04	4A94	4487	44
04	4A95	4487	44
04	4A98	4487	44
04	4A99	4487	44
04	4A9C	4487	44
04	4A9E	4487	44
04	4AA0	1476	502
04	4AA1	1476	502
04	4AA2	1476	502
04	4AA3	1476	502
04	4AA6	1476	502
04	4AA8	1476	502
04	4AAB	1476	502
04	4AAC	1476	502
04	4AAD	1476	502
04	4AAE	1476	502
04	4AAF	1476	502
04	4AB0	1476	502
04	4AB1	1476	502
04	4AB2	1476	502
04	4AB3	1476	502
04	4AB4	1476	502
04	4AB5	1476	502
04	4AB6	1476	502
04	4AB7	1476	502
04	4AB8	1476	502
04	4AB9	1476	502
04	4ABA	1476	502
04	4ABD	1476	502
04	4ABE	4487	44
04	4ABF	4487	44
04	4AC1	4487	44
04	4AC3	1882	44
04	4AC5	1882	44
04	4AC7	1241	84
04	4ACA	1241	84
04	4ACC	641	44
04	4ACF	641	44
04	4AD1	2605	84
04	4AD3	2605	84
04	4AD5	1121	84
04	4AD8	1121	84
04	4ADA	1484	502
04	4ADD	4487	44
04	4AE0	4487	44
04	4AE3	4487	44
04	4AE5	4487	44
04	4AE7	258	84
04	4AE9	4487	44
04	4AEC	4487	44
04	4AED	4487	44
04	4AF0	4487	44
04	4AF1	4487	44
04	4AF4	4487	44
04	4AF5	4487	44
04	4AF8	4487	44
04	4AF9	4487	44
04	4AFA	4487	44
04	4AFD	4487	44
04	4AFE	4487	44
04	4B01	4487	44
04	4B02	4487	44
04	4B05	4487	44
04	4B06	4487	44
04	4B07	4487	44
04	4B08	4487	44
04	4B0A	1733	517
04	4B0C	1733	517
04	4B0E	1654	517
04	4B10	79	1819
04	4B11	79	1819
04	4B12	79	1819
04	4B14	79	1819
04	4B16	79	1819
04	4B17	79	1819
04	4B18	79	1819
04	4B1A	4468	44
04	4B1D	4468	44
04	4B20	4468	44
04	4B21	4468	44
04	4B24	4468	44
04	4B25	4468	44
04	4B28	4468	44
04	4B29	4468	44
04	4B2C	4468	44
04	4B2D	4468	44
04	4B2F	4468	44
04	4B30	4468	44
04	4B33	4468	44
04	4B34	4468	44
04	4B37	4468	44
04	4B38	4468	44
04	4B3B	4468	44
04	4B3C	4468	44
04	4B3D	4468	44
04	4B3E	4468	44
04	4B3F	4468	44
04	4B40	4468	44
04	4B42	4468	44
04	4B43	4468	44
04	4B44	4468	44
04	4B46	4468	44
04	4B47	4468	44
04	4B48	4468	44
04	4B49	4468	44
04	4B4A	4468	44
04	4B4B	4468	44
04	4B4C	4468	44
04	4B4D	4468	44
04	4B4E	4468	44
04	4B4F	4468	44
04	4B50	4468	44
04	4B51	4468	44
04	4B52	4468	44
04	4B53	4468	44
04	4B54	4468	44
04	4B55	4468	44
04	4B56	4468	44
04	4B57	4468	44
04	4B58	4468	44
04	4B59	4468	44
04	4B5A	4468	44
04	4B5B	4468	44
04	4B5C	4468	44
04	4B5D	4468	44
04	4B5E	4468	44
04	4B61	4468	44
04	4B62	4487	44
04	4B63	4487	44
04	4BC9	92576	17
04	4BCC	92576	17
04	4BCD	92576	17
04	4BD0	92576	17
04	4BD1	92576	17
04	4BD3	92576	17
04	4BD4	52809	85
04	4BD5	52809	85
04	4BD6	52809	85
04	4BD8	52809	85
04	4BD9	714	85
04	4BDB	67680	17
04	4BDE	67680	17
04	4BDF	67680	17
04	4BE2	67680	17
04	4BE3	67680	17
04	4BE5	67680	17
04	4BE6	35490	84
04	4BE7	35490	84
04	4BE8	35490	84
04	4BEA	35490	84
04	4BEB	35437	85
04	4BEC	35437	85
04	4BED	35437	85
04	4BEE	35437	85
04	4BEF	35437	85
04	4BF0	35437	85
04	4BF1	35437	85
04	4BF2	35437	85
04	4BF4	35437	85
04	4BF6	35428	85
04	4BF7	35428	85
04	4BF8	35428	85
04	4BF9	35428	85
04	4BFA	35428	85
04	4BFB	35428	85
04	4BFC	4374	87
04	4BFF	4374	87
04	4C00	4374	87
04	4C01	4374	87
04	4C03	4374	87
04	4C05	4374	87
04	4C07	4374	87
04	4C09	4374	87
04	4C0A	4374	87
04	4C0B	9	5492
04	4C0E	9	5492
04	4C0F	164	44
04	4C10	164	44
04	4C11	164	44
04	4C14	92576	17
04	4C17	92576	17
04	4C18	92576	17
04	4C1B	92576	17
04	4C1C	92576	17
04	4C1D	92576	17
04	4C1F	92576	17
04	4C20	55554	44
04	4C21	55554	44
04	4C22	55554	44
04	4C25	55554	44
04	4C26	55554	44
04	4C27	55554	44
04	4C2A	55554	44
04	4C2B	55554	44
04	4C2C	55554	44
04	4C2F	55554	44
04	4C30	55554	44
04	4C31	55554	44
04	4C33	55554	44
04	4C35	155	44
04	4C36	155	44
04	4C38	55399	84
04	4C3B	55399	84
04	4C3D	55399	84
04	4C3F	48362	85
04	4C42	48362	85
04	4C43	48362	85
04	4C46	48362	85
04	4C47	48362	85
04	4C49	3206	513
04	4C4A	48362	85
04	4C4B	48362	85
04	4C4C	48362	85
04	4C4E	48362	85
04	4C50	48362	85
04	4C52	48362	85
04	4C54	48362	85
04	4C5F	7037	84
04	4C60	7037	84
04	4C62	7037	84
04	4C64	7037	84
04	4C66	4456	84
04	4C67	4456	84
04	4C6A	4456	84
04	4C6B	4456	84
04	4C6E	4456	84
04	4C70	4456	84
04	4C73	4456	84
04	4C76	4456	84
04	4C79	4456	84
04	4C7A	4456	84
04	4C7B	4456	84
04	4C7E	4456	84
04	4C7F	4456	84
04	4C81	4456	84
04	4C82	4456	84
04	4C83	4456	84
04	4C85	4456	84
04	4C8F	2581	87
04	4C92	2581	87
04	4C93	2581	87
04	4C94	2581	87
04	4C97	2581	87
04	4C98	2581	87
04	4C99	2581	87
04	4C9B	2581	87
04	4C9E	2581	87
04	4C9F	2581	87
04	4CA0	2581	87
04	4CA1	2581	87
04	4CA2	2581	87
04	4CA4	2581	87
04	4CD3	4456	84
04	4CD6	4456	84
04	4CD7	4456	84
04	4CD8	4456	84
04	4CDB	4456	84
04	4CDC	4456	84
04	4CDD	4456	84
04	4CDE	4456	84
04	4CE1	4456	84
04	4CE2	4456	84
04	4CE4	4456	84
04	4CE7	4456	84
04	4CE8	4456	84
04	4CEB	4456	84
04	4CEC	4456	84
04	4CED	4456	84
04	4CEE	4456	84
04	4CEF	4456	84
04	4CF0	4456	84
04	4CF2	4456	84
04	4CF4	640	84
04	4CF7	640	84
04	4CF9	640	84
04	4CFA	640	84
04	4CFB	4456	84
04	4CFC	4456	84
04	4CFD	4456	84
04	4CFE	4456	84
04	4CFF	4456	84
04	4D02	48362	85
04	4D05	48362	85
04	4D07	48362	85
04	4D0A	48362	85
04	4D0D	48362	85
04	4D0E	48362	85
04	4D0F	48362	85
04	4D11	48362	85
04	4D13	24083	85
04	4D14	24083	85
04	4D15	24083	85
04	4D17	17129	85
04	4D18	17129	85
04	4D19	17129	85
04	4D1A	17129	85
04	4D1C	17129	85
04	4D1E	17129	85
04	4D21	17129	85
04	4D22	24083	85
04	4D23	24083	85
04	4D24	24083	85
04	4D25	24083	85
04	4D27	24083	85
04	4D28	24083	85
04	4D2A	3161	507
04	4D2D	3161	507
04	4D2F	3161	507
04	4D30	3161	507
04	4D31	3161	507
04	4D32	3161	507
04	4D34	24279	85
04	4D35	24279	85
04	4D36	24279	85
04	4D37	24279	85
04	4D39	24279	85
04	4D54	2581	87
04	4D55	2581	87
04	4D58	2581	87
04	4D59	2581	87
04	4D5C	2581	87
04	4D5D	2581	87
04	4D60	2581	87
04	4D61	2581	87
04	4D62	2581	87
04	4D65	2581	87
04	4D66	2581	87
04	4D67	2581	87
04	4D68	2581	87
04	4D69	2581	87
04	4D6A	2581	87
04	4D6B	2581	87
04	4D6C	2581	87
04	4D6E	2581	87
04	4D6F	2581	87
04	4D70	2581	87
04	4D90	2581	87
04	4D93	2581	87
04	4D94	2581	87
04	4D97	2581	87
04	4D98	2581	87
04	4D99	2581	87
04	4D9A	2581	87
04	4D9D	20922	85
04	4DA0	20922	85
04	4DA2	20922	85
04	4DA4	15278	85
04	4DA7	15278	85
04	4DA9	15278	85
04	4DAC	15278	85
04	4DAE	7617	84
04	4DB1	7617	84
04	4DB3	7617	84
04	4DB6	52818	84
04	4DB9	52818	84
04	4DBB	52818	84
04	4DBD	7774	84
04	4DC0	7774	84
04	4DC3	52818	84
04	4DC5	52818	84
04	4DC7	4456	84
04	4DCA	4456	84
04	4DCD	52818	84
04	4DCF	52818	84
04	4DD0	8290	84
04	4DD3	3801	84
04	4DD6	3801	84
04	4DD7	3801	84
04	4DD8	3801	84
04	4DDB	3801	84
04	4DDC	3801	84
04	4DDE	3801	84
04	4DDF	4456	84
04	4DE0	4456	84
04	4DE3	4456	84
04	4DE4	4456	84
04	4DE5	4456	84
04	4DE8	4456	84
04	4DE9	4456	84
04	4DEC	4456	84
04	4DED	4456	84
04	4DF0	4456	84
04	4DF1	4456	84
04	4DF2	4456	84
04	4DF5	4456	84
04	4DF7	4456	84
04	4DF9	4456	84
04	4DFA	4456	84
04	4DFD	4456	84
04	4DFE	4456	84
04	4DFF	4456	84
04	4E02	4456	84
04	4E03	4456	84
04	4E04	4456	84
04	4E05	4456	84
04	4E08	4456	84
04	4E09	4456	84
04	4E0A	4456	84
04	4E0D	4456	84
04	4E0E	4456	84
04	4E0F	4456	84
04	4E12	4456	84
04	4E14	4456	84
04	4E15	4456	84
04	4E18	4456	84
04	4E19	4456	84
04	4E1C	4456	84
04	4E1D	4456	84
04	4E20	4456	84
04	4E21	4456	84
04	4E22	4456	84
04	4E25	4456	84
04	4E27	4456	84
04	4E29	4456	84
04	4E2A	4456	84
04	4E2D	4456	84
04	4E2E	4456	84
04	4E2F	4456	84
04	4E32	4456	84
04	4E33	4456	84
04	4E34	17129	85
04	4E35	17129	85
04	4E38	17129	85
04	4E3A	17129	85
04	4E3B	17129	85
04	4E3C	3575	520
04	4E3D	3575	520
04	4E3F	3575	520
04	4E41	724	523
04	4E44	724	523
04	4E46	724	523
04	4E49	3575	520
04	4E4A	3575	520
04	4E4B	4456	84
04	4E4E	4456	84
04	4E4F	4456	84
04	4E52	4456	84
04	4E53	4456	84
04	4E56	4456	84
04	4E57	4456	84
04	4E5A	4456	84
04	4E5B	4456	84
04	4E5D	4456	84
04	4E5F	2600	84
04	4E61	1480	502
04	4E62	1480	502
04	4E63	1480	502
04	4E64	1480	502
04	4E65	1480	502
04	4E67	1480	502
04	4E68	1480	502
04	4E69	1480	502
04	4E6A	1480	502
04	4E6C	1480	502
04	4E6D	1480	502
04	4E6E	1480	502
04	4E6F	1480	502
04	4E70	1480	502
04	4E78	1480	502
04	4E7A	1480	502
04	4E7C	1480	502
04	4E7D	1856	84
04	4E7E	1856	84
04	4E7F	1856	84
04	4E80	1856	84
04	4E82	1856	84
04	4E83	1856	84
04	4E84	1856	84
04	4E85	1856	84
04	4E8F	1856	84
04	4E90	1856	84
04	4E91	1856	84
04	4E92	1856	84
04	4E93	1856	84
04	4E94	1856	84
04	4E95	1856	84
04	4E96	1856	84
04	4E97	1856	84
04	4E98	1856	84
04	4E99	1856	84
04	4E9A	1856	84
04	4E9B	1120	84
04	4E9C	1120	84
04	4E9E	1120	84
04	4E9F	1120	84
04	4EA0	1120	84
04	4EA1	1120	84
04	4EA9	1120	84
04	4EAB	1120	84
04	4EAE	1120	84
04	4EAF	1120	84
04	4EB0	570	84
04	4EB1	570	84
04	4EB4	570	84
04	4EB5	570	84
04	4EB7	570	84
04	4EB8	570	84
04	4EB9	570	84
04	4EBA	570	84
04	4EBB	570	84
04	4EBE	570	84
04	4EBF	570	84
04	4EC1	570	84
04	4EC3	9120	84
04	4EC4	9120	84
04	4EC5	9120	84
04	4EC6	9120	84
04	4EC7	9120	84
04	4EC9	570	84
04	4ECA	7774	84
04	4ECD	7774	84
04	4ECE	7774	84
04	4ED1	7774	84
04	4ED2	7774	84
04	4ED5	7774	84
04	4ED6	7774	84
04	4ED7	7774	84
04	4ED8	7774	84
04	4ED9	7774	84
04	4EDC	7774	84
04	4EDD	7774	84
04	4EE0	7774	84
04	4EE1	7774	84
04	4EE4	7774	84
04	4EE5	7774	84
04	4EE6	7774	84
04	4EE7	7774	84
04	4EE8	7774	84
04	4EEB	7774	84
04	4EED	7774	84
04	4EEF	2955	84
04	4EF1	1180	84
04	4EF2	1180	84
04	4EF4	1180	84
04	4EF5	5999	84
04	4EF6	5999	84
04	4EF7	5999	84
04	4EFA	5999	84
04	4EFB	5999	84
04	4EFE	5999	84
04	4F01	5999	84
04	4F02	5999	84
04	4F03	5999	84
04	4F05	5999	84
04	4F06	5999	84
04	4F09	5999	84
04	4F0A	5999	84
04	4F0B	5999	84
04	4F0C	5999	84
04	4F0D	5999	84
04	4F0E	5999	84
04	4F0F	5999	84
04	4F11	5999	84
04	4F17	5999	84
04	4F18	5999	84
04	4F19	5999	84
04	4F1A	5999	84
04	4F1D	5999	84
04	4F1E	5999	84
04	4F1F	5999	84
04	4F20	5999	84
04	4F22	5999	84
04	4F23	5999	84
04	4F24	5999	84
04	4F25	5999	84
04	4F28	5999	84
04	4F29	5999	84
04	4F2B	5999	84
04	4F2C	5999	84
04	4F2D	1775	502
04	4F2E	1775	502
04	4F2F	1775	502
04	4F30	1775	502
04	4F32	1775	502
04	4F33	1775	502
04	4F34	1775	502
04	4F36	1775	502
04	4F37	1775	502
04	4F38	1775	502
04	4F3A	1775	502
04	4F3C	945	502
04	4F3E	945	502
04	4F3F	945	502
04	4F40	945	502
04	4F41	945	502
04	4F43	945	502
04	4F44	1775	502
04	4F45	1775	502
04	4F47	1775	502
04	4F48	1775	502
04	4F49	1775	502
04	4F4A	1775	502
04	4F4B	1775	502
04	4F4D	1775	502
04	4F4E	1775	502
04	4F4F	4456	84
04	4F52	4456	84
04	4F53	4456	84
04	4F56	4456	84
04	4F57	4456	84
04	4F5A	4456	84
04	4F5B	4456	84
04	4F5E	4456	84
04	4F60	4456	84
04	4F62	3229	84
04	4F64	2600	84
04	4F66	2600	84
04	4F68	1480	502
04	4F6B	1480	502
04	4F6D	1227	84
04	4F70	1227	84
04	4F72	629	502
04	4F75	629	502
04	4F77	1120	84
04	4F7A	4456	84
04	4F7C	4456	84
04	4F7E	4456	84
04	4F80	4456	84
04	4F90	4456	84
04	4F92	4456	84
04	4F93	4456	84
04	4F94	4456	84
04	4F95	4456	84
04	4F96	4456	84
04	4F97	8290	84
04	4F9A	8290	84
04	4F9B	8290	84
04	4F9E	8290	84
04	4F9F	8290	84
04	4FA2	8290	84
04	4FA3	8290	84
04	4FA4	8290	84
04	4FA5	8290	84
04	4FA8	8290	84
04	4FA9	8290	84
04	4FAB	8290	84
04	4FAD	5080	84
04	4FAF	2567	502
04	4FB0	2567	502
04	4FB1	2567	502
04	4FB3	2567	502
04	4FB5	2567	502
04	4FB7	2567	502
04	4FB8	3210	84
04	4FB9	3210	84
04	4FBA	3210	84
04	4FBB	3210	84
04	4FBC	3210	84
04	4FBD	3210	84
04	4FBE	3210	84
04	4FBF	3210	84
04	4FC0	2513	84
04	4FC1	2513	84
04	4FC3	2513	84
04	4FC5	2513	84
04	4FC6	2513	84
04	4FC7	2513	84
04	4FC9	2513	84
04	4FCA	2513	84
04	4FCB	1120	84
04	4FCD	1120	84
04	4FCF	1120	84
04	4FD0	1120	84
04	4FD1	1120	84
04	4FD3	1120	84
04	4FD4	7213	44
04	4FD7	7213	44
04	4FD8	7213	44
04	4FDA	7213	44
04	4FDC	5741	44
04	4FDE	5741	44
04	4FDF	5741	44
04	4FE0	5741	44
04	4FE1	5741	44
04	4FE3	5741	44
04	4FE4	5741	44
04	4FE5	1472	84
04	4FE7	1472	84
04	4FE9	1472	84
04	4FEA	5999	84
04	4FEC	5999	84
04	4FEF	5999	84
04	4FF1	5999	84
04	4FF5	5999	84
04	4FF7	5999	84
04	4FF8	5999	84
04	4FF9	5999	84
04	4FFA	5999	84
04	4FFC	5999	84
04	4FFD	5999	84
04	5000	5999	84
04	5001	5999	84
04	5002	5999	84
04	5003	5999	84
04	5004	5999	84
04	5005	5999	84
04	5006	5999	84
04	5007	19432	44
04	5008	19432	44
04	500A	19432	44
04	500B	19432	44
04	500C	19432	44
04	500E	10596	504
04	500F	19432	44
04	5010	19432	44
04	5012	2357	44
04	5013	19432	44
04	5014	19432	44
04	5016	2569	502
04	5017	19432	44
04	5018	19432	44
04	501A	6841	502
04	501B	19432	44
04	501C	19432	44
04	501E	4595	44
04	501F	19432	44
04	5020	19432	44
04	5022	4658	84
04	5023	19432	44
04	5024	19432	44
04	5026	4373	44
04	5027	19432	44
04	5028	19432	44
04	5029	4895	84
04	502A	4895	84
04	502B	13548	84
04	502C	13548	84
04	502E	13548	84
04	5030	13548	84
04	5031	13548	84
04	5032	13548	84
04	5034	13548	84
04	5035	13548	84
04	5037	9783	84
04	5038	13548	84
04	5039	13548	84
04	503B	12334	84
04	503C	13548	84
04	503D	13548	84
04	503F	12425	84
04	5040	13548	84
04	5041	13548	84
04	5042	10952	84
04	5043	10952	84
0E	4000	3	327
0E	4003	3	327
0E	4005	3	327
0E	4007	3	327
0E	400D	3	327
0E	4010	3	327
0E	4011	3	327
0E	4013	3	327
0E	4014	3	327
0E	4017	3	327
0E	401E	3	327
0E	4021	3	1176
0E	4024	3	1176
0E	4027	3	1176
0E	4028	3	1176
0E	402A	3	1176
0E	402C	3	1176
0E	402D	3	1176
0E	402F	3	1176
0E	4031	3	1176
0E	4033	3	1176
0E	4034	3	1176
0E	4036	3	1176
0E	4038	3	1176
0E	403A	3	1176
0E	403D	3	1176
0E	403F	3	1176
0E	4041	3	1176
0E	4044	3	1176
0E	4045	3	1176
0E	4046	3	1176
0E	4048	3	1176
0E	4049	3	1176
0E	404B	3	1176
0E	404E	3	1176
0E	4050	3	1176
0E	4052	3	1176
0E	4053	3	1176
0E	4055	3	1176
0E	4058	3	1176
0E	405A	3	1176
0E	405D	3	1176
0E	405E	3	1176
0E	405F	2268	327
0E	4065	2268	327
0E	4068	2268	363
0E	406E	2268	363
0E	4071	2268	364
0E	4074	2268	364
0E	4076	2268	364
0E	4078	3	1175
0E	407B	3	1176
0E	407E	3	1176
0E	407F	3	1176
0E	4081	3	1176
0E	4082	3	1176
0E	4083	2268	327
0E	4086	2268	327
0E	4089	2268	327
0E	408A	2268	327
0E	408B	2268	327
0E	408C	2268	327
0E	408E	2268	327
0E	408F	2268	327
0E	4090	2268	327
0E	4091	2268	327
0E	4092	2268	327
0E	4093	2268	327
0E	40A2	3	327
0E	40A5	3	331
0E	40AB	3	363
0E	40AD	3	363
0E	40AE	3	363
0E	40B0	3	363
0E	40B2	3	363
0E	40B5	3	363
0E	40B8	3	363
0E	40B9	3	363
0E	40BB	3	363
0E	40BC	3	363
0E	40BF	3	363
0E	40C2	3	363
0E	40C5	3	363
0E	40C6	3	363
0E	40C9	3	363
0E	40CA	291	364
0E	40CD	291	364
0E	40CE	291	364
0E	40D1	291	364
0E	40D2	291	364
0E	40D3	291	364
0E	40D4	291	364
0E	40D7	291	364
0E	40D8	291	364
0E	40D9	291	364
0E	40DB	291	364
0E	40DC	291	364
0E	40DD	291	364
0E	40DF	291	364
0E	40E0	291	364
0E	40E1	291	364
0E	40E4	291	364
0E	40E5	291	364
0E	40E8	291	364
0E	40EA	291	364
0E	40EC	291	364
0E	40EE	288	364
0E	40F0	288	364
0E	40F2	288	364
0E	40F4	3	460
0E	40FA	3	475
0E	40FD	3	475
0E	40FF	3	475
0E	4102	3	475
0E	410B	291	364
0E	411A	3	476
0E	411D	3	476
0E	411F	3	476
0E	4121	3	476
0E	4122	3	476
0E	4124	3	476
0E	4126	3	476
0E	4128	3	476
0E	4129	3	476
0E	412B	3	476
0E	412D	3	476
0E	412F	3	476
0E	4132	3	476
0E	4134	3	476
0E	4136	3	476
0E	4139	3	476
0E	413A	3	476
0E	413B	3	476
0E	413D	3	476
0E	413E	3	476
0E	4140	3	476
0E	4143	3	476
0E	4145	3	476
0E	4147	3	476
0E	4148	3	476
0E	414A	3	476
0E	414D	3	476
0E	414F	3	476
0E	4150	3	476
0E	4153	3	476
0E	4156	3	485
0E	415C	3	501
0E	415E	3	501
0E	415F	3	501
0E	4161	3	501
0E	4163	3	501
0E	4166	3	501
0E	4169	3	501
0E	416A	3	501
0E	416C	3	501
0E	416D	3	501
0E	4170	3	501
0E	4173	3	501
0E	4176	3	501
0E	4177	3	501
0E	417A	3	501
0E	417B	1968	502
0E	417E	1968	502
0E	417F	1968	502
0E	4181	1968	502
0E	4184	1968	502
0E	4185	1968	502
0E	4188	1968	502
0E	4189	1968	502
0E	418A	1968	502
0E	418B	1968	502
0E	418E	1968	502
0E	418F	1968	502
0E	4190	1968	502
0E	4194	1968	502
0E	4196	1968	502
0E	4197	1968	502
0E	4198	1968	502
0E	419B	1968	502
0E	419C	1968	502
0E	419F	1968	502
0E	41A1	1968	502
0E	41A3	1968	502
0E	41A5	1965	502
0E	41A7	1965	502
0E	41A9	1965	502
0E	41AB	1965	502
0E	41AD	1965	502
0E	41AF	1965	502
0E	41B1	1962	502
0E	41BA	3	1094
0E	41BB	3	1094
0E	41BE	3	1094
0E	41C1	3	1094
0E	41C3	3	1094
0E	41C4	3	1094
0E	41C6	3	1094
0E	41C8	3	1094
0E	41CB	3	1094
0E	41CE	3	1094
0E	41CF	3	1094
0E	41D1	3	1094
0E	41D4	3	1094
0E	41D6	3	1094
0E	41D9	3	1094
0E	41DC	3	1094
0E	41DF	3	1094
0E	41E1	3	1094
0E	41E4	3	1095
0E	41E6	3	1158
0E	41E8	3	1158
0E	41E9	3	1158
0E	41EB	3	1158
0E	41ED	3	1158
0E	41F0	3	1158
0E	41F3	3	1158
0E	41F4	3	1158
0E	41F6	3	1158
0E	41F9	3	1158
0E	41FA	3	1158
0E	41FD	1968	502
0E	41FE	3	1159
0E	4204	3	1174
0E	4206	3	1174
0E	4209	3	1174
0E	4215	3	476
0E	4218	3	477
0E	421B	3	477
0E	421C	3	477
0E	421E	3	477
0E	421F	3	477
0E	4225	3	477
0E	4228	3	477
0E	422B	3	477
0E	422D	3	477
0E	422F	3	477
0E	4231	3	477
0E	4237	3	478
0E	423A	3	478
0E	423D	3	478
0E	423F	3	478
0E	4241	3	478
0E	4243	3	478
0E	4249	3	479
0E	424C	3	479
0E	424F	3	479
0E	4251	3	479
0E	4253	3	479
0E	4255	3	479
0E	425B	3	480
0E	425E	3	480
0E	4261	3	480
0E	4263	3	480
0E	4265	3	480
0E	4267	3	480
0E	426D	3	481
0E	4270	3	481
0E	4273	3	481
0E	4275	3	481
0E	4277	3	481
0E	4279	3	481
0E	427F	3	482
0E	4282	3	482
0E	4285	3	482
0E	4287	3	482
0E	4289	3	482
0E	428B	3	482
0E	4291	3	483
0E	4294	3	483
0E	4297	3	483
0E	4299	3	483
0E	429B	3	483
0E	429D	3	483
0E	42A3	3	484
0E	42A6	3	484
0E	42A9	3	484
0E	42AC	3	484
0E	42AE	3	484
0E	42B4	3	484
0E	42B7	3	484
0E	42BA	3	484
0E	42BD	3	484
0E	42BF	3	484
0E	42C5	3	484
0E	42C8	3	484
0E	42CB	3	484
0E	42CE	3	484
0E	42D0	3	484
0E	42D6	3	484
0E	42D9	3	484
0E	42DB	3	484
0E	42DE	3	485
0E	42E1	3	485
0E	42E4	3	485
0E	42E6	3	485
0E	42E8	3	485
0E	42EE	3	485
0E	42F1	3	485
0E	42F4	3	485
0E	42F7	3	485
0E	42F9	3	485
0E	42FB	3	485
0E	4301	3	485
0E	4304	3	485
0E	4307	3	485
0E	430A	3	485
0E	4310	3	485
0E	4311	6	484
0E	4314	6	484
0E	4317	6	484
0E	431A	6	484
0E	431D	6	484
0E	431E	6	484
0E	431F	6	484
0E	4320	6	484
0E	4322	6	484
0E	4323	6	484
0E	4324	6	484
0E	4325	6	484
0E	4326	6	484
0E	4327	6	484
0E	4329	6	484
0E	432F	6	484
0E	4334	6	485
0E	4337	6	485
0E	433A	6	485
0E	433B	6	485
0E	433C	6	485
0E	433D	6	485
0E	433F	6	485
0E	4340	6	485
0E	4341	6	485
0E	4342	6	485
0E	4343	6	485
0E	4344	6	485
0E	4347	6	485
0E	434A	6	485
0E	434F	3	327
0E	4352	3	328
0E	4355	3	328
0E	4356	3	328
0E	4358	3	328
0E	4359	3	328
0E	435F	3	328
0E	4362	3	328
0E	4365	3	328
0E	4367	3	328
0E	4369	3	328
0E	436B	3	328
0E	4371	3	329
0E	4374	3	329
0E	4377	3	329
0E	4379	3	329
0E	437B	3	329
0E	437D	3	329
0E	4383	3	330
0E	4386	3	330
0E	4389	3	330
0E	438C	3	330
0E	438E	3	330
0E	4394	3	330
0E	4397	3	330
0E	439A	3	330
0E	439D	3	330
0E	439F	3	330
0E	43A5	3	330
0E	43A7	3	330
0E	43AA	3	331
0E	43B0	3	331
1C	4000	3	17
1C	4006	3	327
1C	4007	3	327
1C	400D	3	1176
1C	4028	3	1176
22	4EF0	3	324
22	4EF2	3	324
22	4EF4	3	324
22	4EF6	3	324
22	4EF7	3	324
22	4EF9	3	324
22	4EFB	3	324
22	4EFD	3	324
22	4F00	3	324
22	4F02	3	324
22	4F04	3	324
22	4F07	3	324
22	4F0A	3	324
22	4F0D	12282	324
22	4F0E	12282	324
22	4F0F	12282	324
22	4F10	12282	324
22	4F12	27	325
22	4F13	12282	324
22	4F14	12282	324
22	4F15	12282	324
22	4F16	12282	324
22	4F18	3	326
22	4F19	3	326
22	4F1A	3	326
22	4F1B	3	326
22	4F1C	3	326
22	4F1D	3	326
22	4F1E	3	326
22	4F20	3	326
22	4F23	3	326
22	4F46	3	326
22	4F47	3	326
22	4F48	3	326
22	4F4A	3	326
22	4F4B	3	326
22	4F4C	3	326
22	4F4E	3	326
22	4F4F	3	326
22	4FF6	3	324
22	4FF7	3	324
22	4FF8	3	324
22	4FF9	3	324
22	4FFB	3	324
22	4FFE	3	326
22	5001	3	326
22	5002	3	326
22	5017	3	326
22	5019	3	326
22	501A	3	326
22	501B	3	326
22	501C	3	326
48	4748	18	11231
48	474A	18	11231
48	474B	18	11231
48	474E	18	11231
48	474F	18	11231
48	4752	18	11231
48	4753	18	11231
48	4756	18	11231
48	4757	18	11231
48	475A	18	11231
48	475B	18	11231
48	475E	18	11231
48	475F	18	11231
48	4760	18	11231
48	4763	18	11231
48	4764	18	11231
48	4767	18	11231
48	4768	18	11231
48	476B	18	11231
48	476C	18	11231
48	476F	18	11231
48	4770	18	11231
48	4773	18	11231
48	4774	18	11231
48	4777	89	11231
48	4778	89	11231
48	4779	89	11231
48	477A	89	11231
48	477B	89	11231
48	477C	89	11231
48	477F	89	11231
48	4780	89	11231
48	4781	89	11231
48	4783	33	11231
48	4785	30	11231
48	4786	30	11231
48	4787	30	11231
48	4788	30	11231
48	478A	56	11231
48	478B	56	11231
48	478C	56	11231
48	478E	41	11231
48	478F	41	11231
48	4790	41	11231
48	4791	41	11231
48	4793	18	11231
48	4794	18	11231
48	4795	18	11231
48	4796	18	11231
48	4798	18	11231
48	479A	18	11231
48	479C	18	11231
48	479E	18	11231
48	47A0	18	11231
48	47A2	18	11231
48	47A4	18	11231
48	47A6	18	11231
48	47A8	18	11231
48	47A9	18	11231
48	47AA	18	11231
48	47AB	18	11231
48	47AC	18	11231
48	47AD	18	11231
48	47AE	18	11231
48	47B0	18	11231
48	47B2	18	11231
48	47B3	18	11231
48	47B5	18	11231
48	47B7	18	11231
48	47B9	18	11231
48	47BA	18	11231
48	47BC	18	11231
48	47BE	18	11231
48	47C0	18	11231
48	47C3	18	11231
48	47C4	18	11231
48	47C5	18	11231
48	47C8	18	11231
48	47C9	18	11231
48	47CC	18	11231
48	47CD	18	11231
48	47D0	18	11231
48	47D1	18	11231
48	47D4	18	11231
48	47D6	144	11231
48	47D7	144	11231
48	47D8	144	11231
48	47D9	144	11231
48	47DA	144	11231
48	47DB	144	11231
48	47DD	18	11231
48	47E0	18	11231
48	47E1	18	11231
48	47E4	18	11231
48	47E5	18	11231
48	47E8	18	11231
48	47E9	18	11231
48	47EC	18	11231
48	47EE	144	11231
48	47EF	144	11231
48	47F0	144	11231
48	47F1	144	11231
48	47F2	144	11231
48	47F3	144	11231
48	47F5	18	11231
48	47F6	18	11231
48	47F8	18	11231
48	47FB	18	11231
48	47FD	18	11231
48	47FE	18	11231
48	4800	18	11231
48	4803	18	11231
48	4805	18	11231
48	4807	18	11231
48	4808	18	11231
48	480A	18	11231
48	480C	18	11231
48	480E	18	11231
48	4899	3	326
48	489C	3	326
48	489E	3	326
48	48A1	3	326
48	48A4	3	326
48	48A5	3	326
48	48A7	3	326
48	48AA	3	326
48	48AD	3	326
48	48AE	3	326
48	48AF	3	326
48	48B0	3	326
48	48B1	3	326
48	48B2	3	326
48	48B3	3	326
48	48B4	3	326
48	48B5	3	326
48	48B6	3	326
48	48B7	3	326
48	48E1	3	326
48	48E2	3	326
48	48E5	3	326
48	48E8	3	326
48	48EA	3	326
48	48EC	3	326
48	48EE	48	326
48	48EF	48	326
48	48F2	48	326
48	48F3	48	326
48	48F4	48	326
48	48F5	48	326
48	48FE	48	326
48	48FF	48	326
48	4901	3	326
48	4904	3	326
48	4906	3	326
48	4908	168	326
48	4909	168	326
48	490C	168	326
48	490D	168	326
48	490E	168	326
48	490F	168	326
48	4911	3	326
48	4914	3	326
48	4915	3	326
48	4918	168	326
48	4919	168	326
48	491B	3	326
48	491E	3	326
48	491F	3	326
48	4AAB	3	22
48	4AAD	3	22
48	4AAF	3	22
48	4AB0	3	22
48	4AB2	3	22
48	4AB4	3	22
48	4AB6	3	22
48	4AB9	3	22
48	4ABB	3	22
48	4ABD	3	22
48	4AC0	3	22
48	4AC3	3	22
48	4AC5	3	22
48	4AC6	96	22
48	4AC7	96	22
48	4AC8	96	22
48	4ACA	3	22
48	4ACB	3	22
48	4ACD	3	22
48	4AD0	3	22
48	4AD2	3	22
48	4AD3	3	22
48	4AD5	3	22
48	4AD8	3	22
48	4ADA	3	22
4E	4658	3	22
4E	465A	3	22
4E	465C	3	22
4E	465F	3	22
4E	4661	3	22
4E	4663	3	22
4E	4666	3	22
4E	4669	3	22
4E	466C	3	22
4E	466F	3	22
4E	4672	3	22
4E	4675	3	22
4E	4678	3	22
4E	467B	3	22
4E	467E	3	22
4E	4681	3	22
4E	4683	3	22
4E	4687	3	22
4E	468A	3	22
4E	468B	3	22
4E	468E	3	22
4E	4691	3	22
4E	4694	3	22
4E	4697	3	22
4E	469A	3	22
4E	469B	3	22
4E	469D	3	22
4E	46A0	3	22
4E	46CF	3	326
4E	46D1	3	326
4E	46D3	3	326
4E	46D6	3	326
4E	46D8	3	326
4E	46DA	3	326
4E	46DD	3	326
4E	46E0	3	326
4E	46E3	3	326
4E	46E6	3	326
4E	46E9	3	326
4E	46EC	3	326
4E	46ED	3	326
4E	46EF	3	326
4E	46F2	3	326
4E	46F3	3	326
4E	46F5	3	326
4E	46F8	3	326
4E	46FB	3	326
4E	46FE	3	326
4E	4701	3	327
4E	4704	3	327
4E	4707	3	327
4E	470A	3	327
4E	470D	3	327
4E	470E	3	327
4E	4710	3	327
4E	4713	3	327
4E	4714	3	327
4E	4716	3	327
4E	4719	3	327
4E	471B	3	327
4E	471C	3	327
4E	471E	3	327
4E	4720	3	327
4E	4722	3	327
4E	4725	3	327
4E	4726	3	327
4E	4728	3	327
4E	4729	3	327
4E	472B	3	327
4E	472E	3	327
4E	472F	3	327
4E	4739	18	22
4E	473C	10128	22
4E	473D	10128	22
4E	473E	10128	22
4E	473F	10128	22
4E	4741	10128	22
4E	4742	10128	22
4E	4743	10128	22
4E	4744	10128	22
4E	4745	10128	22
4E	4746	10128	22
4E	4748	18	22
4E	4795	3	22
4E	4797	3	22
4E	4799	3	22
4E	479C	3	22
4E	479E	3	22
4E	47A0	3	22
4E	47A3	3	22
4E	47A6	3	22
4E	47A9	3	22
4E	47AC	3	22
4E	47AF	3	22
4E	47B0	3	22
4E	47B3	3	22
4E	47B4	3	22
4E	47B7	3	22
4E	47B8	3	22
4E	47BB	3	22
4E	47BC	3	22
4E	47BF	3	22
4E	47C2	3	22
4E	47C5	3	22
4E	47C8	3	22
4E	47CB	3	22
4E	47CE	3	22
4E	47D1	3	22
4E	47D4	3	22
4E	47D5	3	22
4E	47D8	3	22
4E	47D9	3	22
4E	47DC	3	22
4E	47DD	3	22
4E	47E0	3	22
4E	47E1	3	22
4E	47E4	3	22
4E	47E5	3	22
4E	47E7	3	22
4E	47EA	3	22
4F	4000	85	26
4F	4002	85	26
4F	4004	85	26
4F	4006	85	26
4F	4008	85	26
4F	400D	85	26
4F	404B	765	29
4F	404C	765	29
4F	404F	765	29
4F	4052	765	29
4F	4053	765	29
4F	4056	765	29
4F	4057	765	29
4F	405A	765	29
4F	405D	765	29
4F	405E	1530	29
4F	405F	1530	29
4F	4061	1530	29
4F	4063	1530	29
4F	4065	765	29
4F	4067	765	29
4F	4069	765	29
4F	406B	765	29
4F	406D	765	29
4F	406F	12240	29
4F	4070	12240	29
4F	4071	12240	29
4F	4072	12240	29
4F	4073	12240	29
4F	4074	12240	29
4F	4075	12240	29
4F	4076	12240	29
4F	4077	12240	29
4F	4078	12240	29
4F	4079	12240	29
4F	407A	12240	29
4F	407B	12240	29
4F	407C	12240	29
4F	407D	12240	29
4F	407E	12240	29
4F	407F	12240	29
4F	4080	12240	29
4F	4082	1530	29
4F	4083	48960	27
4F	4086	48960	27
4F	4087	48960	27
4F	4088	48960	27
4F	4089	48960	27
4F	408A	48960	27
4F	408B	48960	27
4F	408E	43200	27
4F	408F	43200	27
4F	4090	43200	27
4F	4093	40512	27
4F	4094	40512	27
4F	4097	40512	27
4F	4098	40512	27
4F	4099	40512	27
4F	409B	40512	27
4F	409D	40512	27
4F	409E	40512	27
4F	40A0	40512	27
4F	40A2	40512	27
4F	40A3	40512	27
4F	40A4	40512	27
4F	40A5	40512	27
4F	40A7	40512	27
4F	40A9	40512	27
4F	40AA	40512	27
4F	40AB	40512	27
4F	40AD	40512	27
4F	40AE	40512	27
4F	40B0	40512	27
4F	40B1	40512	27
4F	40B2	40512	27
4F	40B4	40512	27
4F	40B7	40512	27
4F	40B8	40512	27
4F	40B9	40512	27
4F	40BB	40512	27
4F	40BD	40512	27
4F	40BE	40512	27
4F	40C0	40512	27
4F	40C2	40512	27
4F	40C3	40512	27
4F	40C4	40512	27
4F	40C5	40512	27
4F	40C7	40512	27
4F	40C9	40512	27
4F	40CA	40512	27
4F	40CB	40512	27
4F	40CD	40512	27
4F	40CE	40512	27
4F	40D0	40512	27
4F	40D1	40512	27
4F	40D2	40512	27
4F	40D4	40512	27
4F	40D5	40512	27
4F	40D7	40512	27
4F	40D8	40512	27
4F	40DA	40512	27
4F	40DD	40512	27
4F	40DF	40512	27
4F	40E0	40512	27
4F	40E2	40512	27
4F	40E4	40512	27
4F	40E6	40512	27
4F	40E7	40512	27
4F	40E9	40512	27
4F	40EC	40512	27
4F	40EE	40512	27
4F	40EF	40512	27
4F	40F0	40512	27
4F	40F2	40512	27
4F	40F4	40512	27
4F	40F5	40512	27
4F	40F6	40512	27
4F	40F8	40512	27
4F	40F9	40512	27
4F	40FB	40512	27
4F	40FC	40512	27
4F	40FE	40512	27
4F	40FF	40512	27
4F	4101	40512	27
4F	4103	40512	27
4F	4105	40512	27
4F	4106	40512	27
4F	4108	40512	27
4F	410B	40512	27
4F	410D	40512	27
4F	410E	40512	27
4F	4110	40512	27
4F	4111	40512	27
4F	4112	40512	27
4F	4113	40512	27
4F	4115	40512	27
4F	4116	40512	27
4F	4118	40512	27
4F	4119	40512	27
4F	411A	40512	27
4F	411C	5760	41
4F	411F	5760	41
4F	4120	5760	41
4F	4121	5760	41
4F	4123	5760	41
4F	4124	5760	41
4F	4126	46272	27
4F	4129	46272	27
4F	412A	46272	27
4F	412C	46272	27
4F	412D	46272	27
4F	412F	46272	27
4F	4130	46272	27
4F	4131	2688	322
4F	4134	2688	322
4F	4135	2688	322
4F	4136	2688	322
4F	4138	2688	322
4F	4139	2688	322
4F	413B	2688	322
4F	413E	2688	322
4F	413F	2688	322
4F	4141	2688	322
4F	4142	2688	322
4F	4144	2688	322
4F	4145	2688	322
4F	4146	121536	27
4F	4147	121536	27
4F	4149	64107	27
4F	414A	64107	27
4F	414B	64107	27
4F	414E	64107	27
4F	414F	64107	27
4F	4150	64107	27
4F	4151	64107	27
4F	4152	64107	27
4F	4153	121536	27
4F	4156	121536	27
4F	4157	121536	27
4F	4158	121536	27
4F	415A	972288	27
4F	415B	972288	27
4F	415D	268630	27
4F	415E	972288	27
4F	4160	972288	27
4F	4162	972288	27
4F	4163	972288	27
4F	4165	121536	27
4F	4166	87	27
4F	4169	87	27
4F	416B	87	27
4F	416D	42	308
4F	416E	42	308
4F	4171	42	308
4F	4172	42	308
4F	4175	42	308
4F	4176	42	308
4F	4179	42	308
4F	417C	42	308
4F	417E	45	27
4F	417F	45	27
4F	4182	45	27
4F	4183	45	27
4F	4186	45	27
4F	4187	45	27
4F	418A	45	27
4F	418B	45	27
4F	418E	87	27
4F	4191	87	27
4F	41C2	87	27
4F	41C5	87	27
4F	41C8	87	27
4F	41CA	5568	27
4F	41CD	5568	27
4F	41CE	5568	27
4F	41D1	5568	27
4F	41D2	5568	27
4F	41D5	5568	27
4F	41D6	5568	27
4F	41D7	5568	27
4F	41DA	5568	27
4F	41DB	5568	27
4F	41DC	5568	27
4F	41DD	5568	27
4F	41DF	87	27
4F	41E0	852	27
4F	41E3	852	27
4F	41E4	852	27
4F	41E5	765	27
4F	41E6	765	27
4F	41E8	765	27
4F	41EA	429	27
4F	41ED	429	27
4F	41EE	429	27
4F	41F0	90	27
4F	41F3	90	27
4F	41F5	90	27
4F	41F7	45	42
4F	41F8	45	42
4F	41FB	45	42
4F	41FE	45	42
4F	4201	45	42
4F	4203	45	27
4F	4206	45	27
4F	4209	45	27
4F	420A	384	27
4F	420D	384	27
4F	420E	384	27
4F	4211	384	27
4F	4213	336	308
4F	4216	336	308
4F	4217	336	308
4F	4219	42	322
4F	421A	42	322
4F	421D	42	322
4F	4220	42	322
4F	4221	42	322
4F	4224	42	322
4F	4226	294	308
4F	4229	294	308
4F	422A	294	308
4F	422D	765	27
4F	4230	765	27
4F	4261	765	27
4F	4264	765	27
4F	4267	765	27
4F	4269	765	27
4F	426A	765	27
4F	426B	765	27
4F	426E	765	27
4F	426F	765	27
4F	4272	765	27
4F	4273	48960	27
4F	4274	48960	27
4F	4275	48960	27
4F	4276	48960	27
4F	4277	48960	27
4F	4278	48960	27
4F	427A	765	27
4F	427B	765	27
4F	427C	765	27
4F	427F	48960	27
4F	4282	48960	27
4F	4283	48960	27
4F	4284	48960	27
4F	4287	48960	27
4F	4288	48960	27
4F	428A	765	28
4F	428C	765	28
4F	428D	765	28
4F	42B4	42	27
4F	42B6	42	27
4F	42B8	42	27
4F	42B9	42	27
4F	42BB	42	27
4F	42BD	42	27
4F	42BF	42	27
4F	42C1	42	27
4F	42C4	42	27
4F	42C7	42	27
4F	42CA	42	27
4F	42CD	42	27
4F	42CF	42	27
4F	42D2	42	27
4F	42D5	42	27
4F	42D7	42	27
4F	42DA	42	27
4F	42DD	42	28
4F	42E0	378	28
4F	42E3	378	29
4F	42E6	378	29
4F	42EC	378	29
4F	42ED	378	29
4F	42F0	378	29
4F	42F3	378	30
4F	42F5	42	43
4F	42F7	42	43
4F	42F8	42	43
4F	42FA	42	43
4F	42FC	42	43
4F	42FE	42	43
4F	42FF	3	331
4F	4301	3	331
4F	4303	3	331
4F	4304	3	331
4F	4306	3	331
4F	4308	3	331
4F	430A	3	331
4F	430C	3	331
4F	430F	3	331
4F	4312	3	331
4F	4315	3	331
4F	4318	3	331
4F	431A	3	331
4F	431D	3	331
4F	4320	3	331
4F	4322	3	331
4F	4325	3	331
4F	4328	3	332
4F	432B	51	332
4F	432E	51	333
4F	4331	51	333
4F	4337	51	333
4F	4338	51	333
4F	433B	51	333
4F	433E	51	334
4F	4340	3	363
4F	4342	3	363
4F	4343	3	363
4F	4345	3	363
4F	4347	3	363
4F	4349	3	363
4F	4370	42	308
4F	4372	42	308
4F	4374	42	308
4F	4375	42	308
4F	4377	42	308
4F	4379	42	308
4F	437B	42	308
4F	437D	42	308
4F	4380	42	308
4F	4383	42	308
4F	4386	42	308
4F	4389	42	308
4F	438B	42	308
4F	438E	42	308
4F	4391	42	308
4F	4393	42	308
4F	4396	42	308
4F	4399	336	309
4F	439C	336	310
4F	439F	336	310
4F	43A5	336	310
4F	43A6	336	310
4F	43A9	336	310
4F	43AC	336	311
4F	43AE	42	323
4F	43B0	42	323
4F	43B1	42	323
4F	43B3	42	323
4F	43B5	42	323
4F	43B7	42	323
4F	4572	58	2309
4F	4573	58	2309
4F	4575	58	2309
4F	4576	58	2309
4F	4578	174	2309
4F	4579	174	2309
4F	457B	174	2309
4F	457D	58	2309
4F	457F	58	2309
4F	4580	58	2309
4F	4582	58	2309
4F	4583	184	2309
4F	4586	184	2309
4F	4587	184	2309
4F	4588	184	2309
4F	4589	184	2309
4F	458A	184	2309
4F	458C	184	2309
4F	458E	184	2309
4F	4590	73	2312
4F	4592	73	2312
4F	4594	73	2312
4F	4595	184	2309
4F	4596	184	2309
4F	4597	184	2309
4F	4598	184	2309
4F	4599	184	2309
4F	459A	184	2309
4F	459B	184	2309
4F	459C	184	2309
4F	459E	184	2309
4F	45A0	184	2309
4F	45A1	184	2309
4F	45A2	184	2309
4F	45A3	184	2309
4F	45A4	184	2309
4F	45A5	184	2309
4F	45A6	184	2309
4F	45A8	184	2309
4F	45A9	184	2309
4F	45AA	184	2309
4F	45AC	184	2309
4F	45AE	184	2309
4F	45AF	184	2309
4F	45B1	184	2309
4F	45B4	184	2310
4F	45B5	184	2310
4F	45B6	184	2310
4F	45B7	184	2310
4F	45B9	184	2310
4F	45BA	184	2310
4F	45BB	184	2310
4F	45BC	184	2310
4F	45BD	184	2310
4F	45BE	184	2310
4F	45BF	184	2310
4F	45C0	184	2310
4F	45C1	184	2310
4F	45C2	184	2310
4F	45C3	184	2310
4F	45C5	58	2315
4F	45C6	44	2315
4F	45C8	44	2315
4F	45CA	44	2315
4F	45CB	44	2315
4F	45CD	44	2315
4F	45CF	44	2315
4F	45D1	44	2315
4F	45D3	156	2315
4F	45D6	156	2315
4F	45D7	2484	2315
4F	45D8	2484	2315
4F	45DA	2484	2315
4F	45DB	2484	2315
4F	45DC	2484	2315
4F	45DE	2484	2315
4F	45DF	2484	2315
4F	45E0	2484	2315
4F	45E1	2484	2315
4F	45E2	2484	2315
4F	45E6	2484	2315
4F	45E7	2484	2315
4F	45E8	2484	2315
4F	45EA	156	2315
4F	45EB	156	2315
4F	45EC	156	2315
4F	45EE	156	2315
4F	45EF	156	2315
4F	45F1	156	2315
4F	45F2	156	2315
4F	45F3	156	2315
4F	45F5	156	2315
4F	45F6	156	2315
4F	45F7	156	2315
4F	45F8	156	2315
4F	45FA	44	2315
4F	45FC	44	2315
4F	45FD	44	2315
4F	45FF	44	2315
4F	4601	44	2315
4F	4603	44	2315
4F	4604	56	2306
4F	4606	56	2306
4F	4608	56	2306
4F	4609	56	2306
4F	460B	184	2306
4F	460C	184	2306
4F	460D	184	2306
4F	460E	184	2306
4F	4610	184	2306
4F	4612	184	2306
4F	4614	73	2306
4F	4616	73	2306
4F	4618	73	2306
4F	4619	184	2306
4F	461A	184	2306
4F	461B	184	2306
4F	461C	184	2306
4F	461D	184	2306
4F	461E	184	2306
4F	461F	184	2306
4F	4620	184	2306
4F	4622	184	2306
4F	4624	184	2306
4F	4625	184	2306
4F	4626	184	2306
4F	4627	184	2306
4F	4628	184	2306
4F	4629	184	2306
4F	462A	184	2306
4F	462C	184	2306
4F	462D	184	2306
4F	462E	184	2306
4F	4630	184	2306
4F	4632	184	2306
4F	4635	2920	2306
4F	4636	2920	2306
4F	4637	2920	2306
4F	4638	2920	2306
4F	4639	2920	2306
4F	463A	2920	2306
4F	463B	2920	2306
4F	463C	2920	2306
4F	463D	2920	2306
4F	463E	2920	2306
4F	463F	2920	2306
4F	4640	2920	2306
4F	4641	2920	2306
4F	4642	2920	2306
4F	4643	2920	2306
4F	4644	2920	2306
4F	4645	2920	2306
4F	4646	2920	2306
4F	4647	2920	2306
4F	4648	2920	2306
4F	4649	2920	2306
4F	464A	2920	2306
4F	464B	2920	2306
4F	464C	2920	2306
4F	464D	2920	2306
4F	464E	2920	2306
4F	464F	2920	2306
4F	4650	2920	2306
4F	4651	2920	2306
4F	4652	2920	2306
4F	4653	2920	2306
4F	4654	2920	2306
4F	4655	2920	2306
4F	4656	2920	2306
4F	4658	184	2306
4F	4659	184	2306
4F	465A	184	2306
4F	465B	184	2306
4F	465C	184	2306
4F	465E	56	2306
4F	4660	56	2306
4F	4661	56	2306
4F	4663	56	2306
4F	4665	56	2306
4F	4667	56	2306
4F	4717	3	8
4F	4718	3	8
4F	4719	3	8
4F	471A	3	8
4F	471C	3	8
4F	471E	3	8
4F	4720	3	8
4F	4722	3	8
4F	4724	3	8
4F	4726	3	8
4F	4728	3	8
4F	472A	3	8
4F	472C	3	8
4F	472E	3	8
4F	4731	3	8
4F	4734	3	8
4F	4735	3	8
4F	4738	3	8
4F	473B	3	8
4F	473E	3	8
4F	473F	3	8
4F	4742	3	8
4F	4744	3	8
4F	4746	3	8
4F	4749	3	8
4F	474C	3	8
4F	474D	3	8
4F	4750	3	10
4F	4752	3	10
4F	4754	18	10
4F	4755	18	10
4F	4757	18	10
4F	475A	18	10
4F	475D	18	10
4F	475E	18	10
4F	4761	18	11
4F	4762	18	11
4F	4763	18	11
4F	4765	3	14
4F	4766	3	14
4F	4768	3	14
4F	476A	3	14
4F	476D	3	14
4F	4770	3	14
4F	4771	3	14
4F	4774	3	15
4F	4776	3	15
4F	4778	3	15
4F	477A	3	15
4F	477C	3	15
4F	477E	3	15
4F	4780	3	16
4F	4783	3	16
4F	4786	3	16
4F	4789	3	16
4F	478A	3	16
4F	478D	3	16
4F	4793	3	16
4F	4796	3	16
4F	4798	3	16
4F	479A	3	16
4F	479B	3	16
4F	479D	3	16
4F	479F	3	16
4F	47A1	3	16
4F	47A2	3	16
4F	47A3	3	17
4F	47A4	3	17
4F	47A5	3	17
4F	47A7	3	17
4F	47A9	3	17
4F	47AC	3	17
4F	47AF	3	17
4F	47B2	3	17
4F	47B5	3	17
4F	47B6	3	17
4F	47B9	3	17
4F	47BC	3	17
4F	47BF	3	17
4F	47C0	3	17
4F	47C3	3	17
4F	47C6	3	17
4F	47C7	3	17
4F	47C8	3	17
4F	47CB	3	17
4F	47CE	3	17
4F	47D1	3	17
4F	47D2	3	17
4F	47D4	3	17
4F	47D6	3	17
4F	47D8	3	17
4F	47D9	3	17
4F	47DA	3	17
4F	47DC	3	17
4F	47DE	18	17
4F	47DF	18	17
4F	47E1	18	17
4F	47E2	18	17
4F	47E5	18	17
4F	47E8	18	17
4F	47EB	18	18
4F	47EE	18	18
4F	47EF	18	18
4F	47F0	18	18
4F	47F2	3	22
4F	47F3	3	22
4F	47F6	3	22
4F	47FC	3	22
55	5BA2	3	11209
55	5BA5	3	11209
55	5BA6	3	11209
55	5BA9	3	11209
55	5BAA	3	11209
55	5BAD	3	11209
55	5BAF	3	11209
55	5BB1	3	11209
55	5BB7	3	11209
55	5BB8	3	11209
55	5BBB	3	11209
55	5BBE	3	11209
55	5BC1	3	11209
55	5BC2	3	11209
55	5BC3	3	11209
55	5BC5	3	11209
55	5BC6	3	11209
55	5BC7	3	11209
55	5BC8	3	11209
55	5BCB	3	11209
55	5BCD	3	11209
55	5BD0	3	11209
55	5BD3	3	11209
55	5BD6	3	11209
55	5BD8	3	11209
55	5BDB	3	11209
55	5BDD	3	11209
55	5BDF	3	11209
55	5BE1	3	11209
55	5BE2	3	11209
55	5BE4	3	11209
55	5BE6	3	11209
55	5BE7	3	11209
55	5BE8	3	11209
55	5BE9	3	11209
55	5BEA	3	11209
55	5BEC	3	11209
55	5BEE	3	11209
55	5BF0	3	11209
55	5BF2	3	11209
55	5BF4	3	11209
55	5BF7	3	11209
55	5BFA	3	11209
55	5BFC	3	11209
55	5BFE	3	11209
55	5C00	3	11209
55	5C06	3	11210
55	5C09	3	11210
55	5C0C	3	11210
55	5C0F	3	11210
55	5C11	3	11210
55	5C17	3	11210
55	5C1A	3	11210
55	5C1D	3	11210
55	5C1E	3	11210
55	5C5A	3	11210
55	5C5D	3	11210
55	5C5F	3	11210
55	5C61	3	11210
55	5C64	3	11212
55	5C67	3	11213
55	5C69	3	11213
55	5C6B	3	11213
55	5C6D	3	11213
55	5C6E	3	11213
55	5C71	3	11213
55	5C73	3	11213
55	5C76	3	11215
55	5C79	3	11215
55	5C7C	3	11215
55	5C7E	3	11215
55	5C80	3	11215
55	5C86	3	11215
55	5C88	3	11215
55	5C8B	3	11215
55	5C8E	3	11215
55	5C8F	11	11231
55	5C90	11	11231
55	5C93	11	11231
55	5C95	11	11231
55	5C98	11	11231
55	5C9B	11	11231
55	5C9D	11	11231
55	5CA3	11	11231
55	5CA4	11	11231
55	5CA7	11	11231
55	5CAA	11	11231
55	5CAC	11	11231
55	5CAF	11	11231
55	5CB2	11	11231
55	5CB4	11	11231
55	5CB6	8	11824
55	5CB8	8	11824
55	5CBA	8	11824
55	5CBC	3	11231
55	5CBF	3	11231
55	5CC2	3	11231
55	5CC3	3	11231
55	5CE0	11	11231
55	5CE3	11	11231
55	5CE6	11	11231
55	5CE7	11	11231
55	5CE9	11	11231
55	5CEC	11	11231
55	5CED	11	11231
55	5D05	11	11231
55	5D07	11	11231
55	5D0A	11	11231
55	5D0D	11	11231
55	5D10	11	11231
55	5D13	11	11231
55	5D15	11	11231
55	5D36	11	11231
55	5D39	11	11231
55	5D3B	11	11231
55	5D49	2963	11231
55	5D4C	2963	11232
55	5D52	2963	11232
55	5D58	2963	11232
55	5D5B	2963	11232
55	5D5E	2963	11232
55	5D5F	2963	11232
55	5D61	2963	11232
55	5D64	2963	11233
55	5D69	2963	11233
55	5D6C	2963	11233
55	5D6E	2963	11233
55	5D76	2963	11233
55	5D78	2963	11233
55	5D7A	2963	11233
55	5D7C	2952	11233
55	5D7E	2952	11233
55	5D80	2952	11233
55	5D82	2952	11233
55	5D84	2952	11233
55	5D86	2952	11233
55	5D88	2950	11233
55	5D8A	2950	11233
55	5D8C	2950	11233
55	5D8E	2950	11233
55	5D90	2948	11233
55	5D92	2948	11233
55	5D94	2945	11233
55	5D96	2945	11233
55	5D98	2945	11233
55	5D9A	11	11822
55	5DAB	2	11856
55	5DAD	2	11856
55	5DB0	2	11856
55	5DB3	2	11856
55	5DC1	2	11924
55	5DC3	2	11924
55	5DC6	2	11924
55	5DC9	2	11924
55	5DCC	3	11992
55	5DCF	3	11992
55	5DD2	3	11992
55	5DD3	3	11992
55	5DD4	3	11992
55	5DD6	3	11992
55	5DD7	3	11992
55	5DD8	3	11992
55	5DD9	3	11992
55	5DDC	3	11992
55	5DDF	3	11992
55	5DE2	3	11992
55	5DE4	3	11992
55	5DE5	3	11992
55	5DE7	3	11992
55	5DE9	3	11992
55	5DEC	3	11992
55	5DEF	3	11992
55	5DF0	3	11992
55	5DF2	3	11992
55	5E5A	7	11856
55	5E5D	11	11822
55	5E60	11	11822
55	5E61	11	11822
55	5E63	11	11822
55	5E65	11	11822
55	5E67	11	11822
55	5E69	8	11822
55	5E99	3	12066
55	5E9A	3	12066
55	5E9C	3	12066
55	5E9E	3	12066
55	5EA0	3	12066
55	5EA2	3	12066
55	5EA4	3	12066
55	5EB9	3	12066
55	5EBC	3	12066
55	5EBD	3	12066
55	5ED3	3	12066
55	5ED6	3	12066
55	5ED9	3	12066
55	5EDA	3	12066
55	5F09	8	11822
55	5F0C	8	11822
55	5F0E	8	11822
55	5F17	8	11822
55	5F19	8	11822
55	5F23	3	12066
55	5F25	3	12066
55	5F35	18	11231
55	5F38	18	11231
55	5F3B	18	11231
55	5F3C	18	11231
55	5F3D	18	11231
55	5F3E	18	11231
55	5F40	18	11231
55	5F41	18	11231
55	5F42	18	11231
55	5F43	18	11231
55	5F44	18	11231
55	5F45	18	11231
55	5F48	18	11231
55	5F49	18	11231
55	5F4A	18	11231
55	5F4B	18	11231
55	5F4D	18	11231
55	5F4E	18	11231
55	5F4F	18	11231
55	5F50	18	11231
55	5F51	18	11231
55	5F52	18	11231
55	5F55	18	11231
55	5F57	18	11231
55	5F58	18	11231
55	5F59	18	11231
55	5F5A	18	11231
55	5F5D	18	11231
55	5F5E	18	11231
55	5F5F	18	11231
55	5F60	18	11231
55	5F61	18	11231
55	5F62	18	11231
55	5F65	18	11231
55	5F66	4	11856
55	5F67	4	11856
55	5F69	4	11856
55	5F6A	4	11856
55	5F6C	4	11856
55	5F6E	4	11856
55	5F71	4	11856
55	5F74	4	11856
55	5F75	4	11856
55	5F77	4	11856
55	5F78	4	11856
55	5F7B	4	11856
55	5F7C	4	11856
55	5F7F	4	11856
55	5F81	4	11856
55	5F82	4	11856
55	5F84	4	11856
55	5F86	4	11856
55	5F89	4	11856
55	5F8A	4	11856
55	5F8B	4	11856
55	5F8E	4	11856
55	5F91	4	11856
55	5F92	4	11856
55	5F93	4	11856
55	5F94	4	11856
55	5F96	4	11856
55	5F97	4	11856
55	5F98	4	11856
55	5F99	4	11856
55	5F9A	4	11856
55	5F9B	4	11856
55	5F9C	4	11856
55	5F9E	4	11856
55	5F9F	4	11856
55	5FA0	4	11856
55	5FA1	4	11856
55	5FA2	4	11856
55	5FA4	4	11856
55	5FA5	4	11856
55	5FA6	4	11856
55	5FA9	4	11856
55	5FAA	4	11856
55	5FAD	4	11856
55	5FAE	4	11856
55	5FAF	4	11856
55	5FB0	4	11856
55	5FB1	4	11856
55	5FB2	4	11856
55	5FB3	4	11856
55	5FB5	4	11856
55	5FB6	4	11856
55	5FB7	4	11856
55	5FBA	4	11856
55	5FBB	4	11856
55	5FBC	4	11856
55	5FBE	4	11856
55	5FBF	4	11856
55	5FC1	4	11856
55	5FC3	4	11856
55	5FC4	4	11856
55	5FC5	4	11856
55	5FC6	4	11856
55	5FC7	4	11856
55	5FF4	2	11856
55	5FF7	2	11856
55	5FF9	2	11856
55	6020	2	11924
55	6023	2	11924
55	6025	2	11924
55	602E	4	11856
55	6031	4	11856
55	6034	4	11856
55	6037	4	11856
55	603A	4	11856
55	603D	4	11856
55	6040	4	11856
55	6068	4	11856
55	606B	4	11856
55	606D	4	11856
55	606F	4	11856
55	6071	4	11856
55	6074	4	11856
55	6077	4	11856
55	607A	4	11856
55	607B	4	11856
55	607D	4	11856
55	607E	4	11856
55	6080	4	11856
55	6082	4	11856
55	6083	4	11856
55	6084	4	11856
55	6085	4	11856
55	6086	4	11856
55	60A0	2	11856
55	60A3	2	11856
55	60A5	2	11856
55	60A8	2	11856
55	60AB	2	11856
55	60AD	2	11856
55	60B0	2	11856
55	60C2	2	11924
55	60C5	2	11924
55	60C7	2	11924
55	60CA	2	11924
55	60CD	2	11924
55	60CF	2	11924
55	60D2	2	11924
55	6149	22	11231
55	614C	22	11231
55	614E	38	11231
55	6150	38	11231
55	6152	16	11924
55	6153	16	11924
55	6155	22	11231
55	6157	22	11231
55	615A	22	11231
55	615B	22	11231
55	615E	22	11231
55	617B	3	11215
55	617D	3	11215
55	6180	3	11215
55	6183	3	11215
55	6190	18	11231
55	6193	18	11231
55	6196	18	11231
55	6199	18	11231
55	619A	18	11231
55	619B	18	11231
55	619C	18	11231
55	619E	18	11231
55	619F	18	11231
55	61A0	18	11231
55	61A1	18	11231
55	61A2	18	11231
55	61A3	18	11231
55	61A6	18	11231
55	61A7	18	11231
55	61A9	18	11231
55	61AB	15	11231
55	61AC	15	11231
55	61AF	15	11231
55	61B2	15	11231
55	61B4	15	11231
55	61B6	15	11231
55	61BC	15	11231
55	61BD	15	11231
55	61BF	3	11992
55	61C0	3	11992
55	61C3	3	11992
55	61C6	3	11992
55	61C8	3	11992
55	61CA	3	11992
55	61D0	3	11992
55	61D1	3	11992
55	61D4	3	11992
55	61D7	3	11992
55	61D8	3	11992
55	61D9	3	11992
55	61DA	3	11992
55	61DC	3	11992
55	61DD	3	11992
55	61DE	3	11992
55	61DF	3	11992
55	61E0	3	11992
55	61E1	3	11992
55	61E4	3	11992
55	61E6	3	11992
55	61E7	3	11992
55	61E8	3	11992
55	61E9	3	11992
55	61EA	3	11992
55	61EC	3	11992
55	61ED	3	11992
55	61EE	3	11992
55	61EF	3	11992
55	61F0	3	11992
55	61F1	3	11992
55	61F2	3	11992
55	61F3	3	11992
55	61F4	3	11992
55	61F5	3	11992
55	61F6	18	11231
55	61F9	18	11231
55	61FB	18	11231
55	61FD	18	11231
55	61FF	18	11231
55	6201	18	11231
55	6202	18	11231
55	6203	18	11231
55	6206	18	11231
55	6208	18	11231
55	620A	18	11231
55	620C	18	11231
55	620D	18	11231
55	620E	18	11231
55	620F	18	11231
55	6212	18	11231
55	6213	18	11231
55	6216	18	11231
55	6219	18	11231
55	621B	18	11231
55	621D	3	11992
55	621F	3	11992
55	6221	3	11992
55	6222	3	11992
55	6224	3	11992
55	6226	3	11992
55	6228	3	11992
55	622A	3	11992
55	622B	3	11992
55	622E	3	11992
55	622F	3	11992
55	6232	3	11992
55	6234	3	11992
55	6235	3	11992
55	6237	3	11992
55	6239	3	11992
55	623B	18	11231
55	623E	18	11231
55	6240	18	11231
55	6242	3	11992
55	6245	3	11992
55	6247	3	11992
55	624F	3	11992
55	6252	3	11992
55	6255	3	11992
55	6257	3	11992
55	6259	3	11992
55	625F	3	11992
55	6271	3	11992
55	6273	3	11992
55	6275	3	11992
55	6276	3	11992
55	6278	3	11992
55	627A	3	11992
55	627C	3	11992
55	627E	3	11992
55	6281	3	11992
55	6283	3	11992
55	6286	3	11992
55	6289	3	11992
55	628B	3	11992
55	628E	3	11992
55	6290	3	11992
55	6291	3	11992
55	6293	3	11992
55	6295	3	11992
55	6297	3	11992
55	6299	15	11231
55	629C	15	11231
55	629F	18	11231
55	63E7	3	11210
55	63EA	3	11210
55	63ED	3	11210
55	63EE	3	11210
55	63F0	3	11210
55	63F3	3	11211
55	63F8	3	11211
55	63FB	3	11211
55	63FD	3	11211
55	6400	3	11212
55	6402	3	11212
55	6404	3	11212
55	6406	3	11212
55	6407	3	11212
55	640A	3	11212
55	640D	3	11212
55	640E	3	11211
55	6411	3	11211
55	6414	3	11211
55	6415	3	11211
55	6416	3	11211
55	6418	3	11211
55	6419	3	11211
55	641A	3	11211
55	641B	3	11211
55	651C	19	2633
55	651F	19	2633
55	6522	19	2633
55	6525	19	2633
55	6528	19	2633
55	652B	19	2633
55	652E	19	2633
55	6531	19	2633
55	6534	19	2633
55	653A	19	2633
55	653D	19	2633
55	6540	19	2633
55	6541	19	2633
55	6543	19	2633
55	6546	19	2634
55	654B	19	2634
55	654E	19	2635
55	6550	19	2635
55	6552	19	2635
55	6554	19	2635
55	6555	19	2635
55	6558	19	2635
55	66C6	3	11213
55	66C8	3	11213
55	66CB	3	11213
55	66CE	3	11213
55	66CF	3	11213
55	66D0	3	11213
55	66D1	3	11213
55	66D3	3	11213
55	66D4	3	11213
55	66D5	3	11213
55	66D6	3	11213
55	66D7	3	11213
55	66D8	3	11213
55	672B	2	11213
55	672E	2	11213
55	6731	2	11213
55	6734	2	11213
55	6736	2	11213
55	673C	2	11213
55	673F	2	11215
55	6740	1	12938
55	6743	1	12938
55	6746	1	12938
55	6749	1	12938
55	674B	1	12938
55	6751	1	12938
55	6754	1	12940
55	6B51	3	11213
55	6B53	3	11213
55	6B55	3	11213
55	6B56	3	11213
55	6B58	3	11213
55	6B5A	3	11213
55	6B5C	3	11213
55	6B5E	3	11213
55	6B60	3	11213
55	6B62	3	11213
55	6B64	3	11213
55	6B66	3	11213
55	6B67	3	11213
55	6B69	3	11213
55	6B6B	3	11213
55	6B6D	3	11213
55	6B70	3	11213
55	6B73	3	11213
55	6B76	3	11213
55	6B77	3	11213
55	6B79	3	11213
55	6B7A	3	11213
55	6B80	3	11214
55	6B88	3	11214
55	6B89	3	11214
55	6B8B	3	11214
55	6B8D	3	11214
55	6B90	3	11214
55	6B93	3	11214
55	6B96	3	11214
55	6B97	3	11214
55	6B99	3	11214
55	6B9A	3	11214
55	6BA0	3	11215
55	6BA8	3	11215
55	6BAA	3	11215
55	6BAB	3	11215
55	6BAD	3	11215
55	6BAF	3	11215
55	6BB1	3	11215
55	6BB2	3	11212
55	6BB5	3	11212
55	6BB8	3	11212
55	6BB9	3	11212
55	6C10	18	11231
55	6C12	18	11231
55	6C15	18	11231
55	6C16	2963	11231
55	6C19	2963	11231
55	6C1A	2963	11231
55	6C1B	18	11231
55	6C1E	18	11231
55	6C1F	18	11231
55	6C20	18	11231
55	6C22	3	11992
55	6C24	3	11992
55	6C26	3	11992
55	6C28	15	11231
55	6C29	15	11231
55	6C2A	15	11231
55	6C2D	15	11231
55	6C45	3	11992
55	6C46	3	11992
55	6C47	3	11992
55	6C48	18	11231
55	6C4B	18	11231
55	6C4C	18	11231
55	6C4F	18	11231
55	6C50	18	11231
55	6C53	18	11231
55	6C54	18	11231
55	6C57	18	11231
55	6C58	18	11231
55	6C59	18	11231
55	6C5F	18	11231
55	6C61	18	11231
55	6C63	18	11231
55	6C65	18	11231
55	6C66	18	11231
55	6C68	18	11231
55	6C6A	18	11231
55	6C6C	18	11231
55	6C6E	18	11231
55	6C71	18	11231
55	6C74	18	11231
55	6C77	18	11231
55	6C7A	18	11231
55	6C7C	18	11231
55	6C7D	18	11231
55	6C7F	18	11231
55	6C81	18	11231
55	6C83	18	11231
55	6C89	18	11231
55	6C8B	18	11231
55	6C8D	18	11231
55	6C8E	18	11231
55	6C90	18	11231
55	6C92	18	11231
55	6C94	18	11231
55	6C96	18	11231
55	6C99	18	11231
55	6C9C	18	11231
55	6C9E	18	11231
55	6CA0	18	11231
55	6CA3	18	11231
55	6CA6	18	11231
55	6CA7	18	11231
55	6CA9	18	11231
55	6CAA	18	11231
55	6CB0	18	11232
55	6CB8	18	11232
55	6CBA	18	11232
55	6CBB	18	11232
55	6CBD	18	11232
55	6CBF	18	11232
55	6CC1	18	11232
55	6CC2	18	11232
55	6CC5	18	11232
55	6CC6	15	11231
55	6CC8	15	11231
55	6CCA	15	11231
55	6CCB	15	11231
55	6CCC	15	11231
55	6CCF	15	11231
55	6CD0	15	11231
55	6CD1	15	11231
55	6CD2	15	11231
55	6CD3	15	11231
55	6E94	3	11212
55	6E97	3	11212
55	6E98	3	11212
55	6E99	3	11212
55	6E9B	3	11212
55	6E9C	3	11212
55	6E9D	3	11212
55	6E9E	3	11212
55	6EAA	3	11231
55	6EAD	3	11231
55	6EAE	3	11231
55	6EAF	3	11231
55	6EB1	3	11231
55	6EB2	3	11231
55	6EB3	3	11231
55	6EB4	3	11231
55	6EC0	11	11231
55	6EC3	11	11231
55	6EC4	11	11231
55	6EC5	11	11231
55	6EC7	11	11231
55	6EC8	11	11231
55	6EC9	11	11231
55	6ECA	11	11231
55	6ED6	3	11210
55	6ED9	3	11210
55	6EDA	3	11210
55	6EDB	3	11210
55	6EDD	3	11210
55	6EDE	3	11210
55	6EDF	3	11210
55	6EE0	3	11210
55	6F02	3	12066
55	6F05	3	12066
55	6F06	3	12066
55	6F07	3	12066
55	6F09	3	12066
55	6F0A	3	12066
55	6F0B	3	12066
55	6F0C	3	12066
55	6F2E	3009	2633
55	6F2F	3009	2633
55	6F32	3009	2633
55	6F33	3009	2633
55	6F34	3009	2633
55	6F36	3009	2633
55	6F37	3009	2633
55	6F38	3009	2633
55	6F39	3009	2633
55	6F3A	3009	2633
55	6FCD	3	11215
55	6FD0	3	11215
55	6FD3	3	11215
55	6FD5	3	11215
55	6FD7	3	11215
55	6FDD	3	11215
55	6FE0	3	11215
55	6FE3	3	11215
55	6FE4	3	11215
55	6FE5	3	11215
55	6FE6	3	11215
55	6FE8	3	11215
55	6FE9	3	11215
55	6FEA	3	11215
55	6FEB	3	11215
55	6FEC	3	11215
55	6FED	3	11215
55	6FF0	3	11215
55	6FF3	3	11215
55	7000	8	11822
55	7003	8	11822
55	7006	8	11822
55	7007	3	11209
55	7008	3	11209
55	700E	3	11209
55	7011	3	11209
55	7013	3	11209
55	7015	3	11209
55	7016	3	11209
55	7018	3	11209
55	701A	3	11209
55	701C	3	11209
55	701D	3	11209
55	701F	3	11209
55	7021	3	11209
55	7023	3	11209
55	7026	3	11209
55	7028	3	11209
55	702A	3	11209
55	702D	3	11209
55	702E	3	11209
55	702F	3	11209
55	7031	3	11209
55	7032	3	11209
55	7034	3	11209
55	7037	3	11209
55	7039	3	11209
55	703B	3	11209
55	703C	3	11209
55	703E	3	11209
55	7041	3	11209
55	7043	3	11209
55	7044	3	11209
55	7047	3	11209
63	4000	347	2306
63	4001	347	2306
63	4002	347	2306
63	4003	347	2306
63	4004	347	2306
63	4005	347	2306
63	4007	347	2306
63	4008	347	2306
63	400A	347	2306
63	400C	347	2306
63	400E	347	2306
63	4010	347	2306
63	4012	347	2306
63	4014	347	2306
63	4017	347	2306
63	4018	347	2306
63	4019	347	2306
63	401A	347	2306
63	401B	347	2306
63	401C	347	2306
63	401D	347	2306
63	401E	347	2306
63	401F	347	2306
63	4020	347	2306
63	4021	347	2306
63	4023	347	2306
63	4024	347	2306
63	4026	347	2306
63	4028	347	2306
63	4029	347	2306
63	402A	347	2306
63	402B	347	2306
63	402C	347	2306
63	403D	34	2307
63	403F	34	2307
63	4041	34	2307
63	4043	49	2306
63	4045	49	2306
63	4047	49	2306
63	4049	57	2306
63	404B	57	2306
63	404D	57	2306
63	404F	45	2307
63	4051	45	2307
63	4053	45	2307
63	4055	46	3274
63	4057	46	3274
63	4059	46	3274
63	405B	70	2306
63	405D	70	2306
63	405F	70	2306
63	4061	35	2308
63	4063	35	2308
63	4065	35	2308
63	4067	11	4840
63	4069	11	4840
63	406B	11	4840
63	406D	347	2306
63	406E	347	2306
63	406F	347	2306
63	4070	347	2306
63	4071	347	2306
65	4000	3	17
65	4003	3	22
65	4009	3	22
65	400F	3	22
65	4015	3	22
65	4016	3	22
65	4019	3	22
65	401C	3	22
65	401D	3	22
65	401E	3	22
65	4021	3	22
65	4022	3	22
65	4023	3	22
65	4024	3	22
65	4025	3	22
65	4026	3	22
65	4029	3	22
65	402F	3	324
65	4030	3	324
65	4032	3	324
65	4033	3	324
65	4035	3	324
65	4037	3	324
65	4038	3	324
65	4039	3	324
65	403A	3	324
65	403B	3	324
65	4078	3	324
65	407E	3	324
65	407F	3	324
65	4081	3	324
65	4082	3	324
65	4084	3	324
65	4086	3	324
65	4087	3	324
65	4088	3	324
65	4089	3	324
65	408A	3	324
65	408B	3	324
65	416C	3	324
65	4172	3	326
65	4174	3	326
65	4176	3	326
65	417C	3	326
65	417D	3	326
65	417F	3	326
65	4185	3	327
65	4186	3	327
65	4188	3	327
65	41A7	3	327
65	41A9	3	327
65	487C	2	11073
65	487F	2	11073
65	4881	2	11073
65	4883	2	11073
65	4889	2	11073
65	488C	2	11074
65	488E	2	11074
65	4890	2	11074
65	4892	2	11074
65	4893	2	11074
65	4895	2	11074
65	4897	2	11074
65	4899	2	11074
65	489B	2	11074
65	489D	2	11074
65	489F	2	11074
65	48A5	2	11074
65	48A8	2	11074
65	48AB	2	11074
65	48AD	2	11074
65	48AE	2	11074
65	48B1	2	11074
65	48B4	2	11074
65	48B7	2	11074
65	48B8	2	11074
65	48B9	2	11074
65	48BC	2	11074
65	48BD	2	11074
65	48C0	2	11074
65	48C1	2	11074
65	48C2	2	11074
65	48C5	2	11074
65	48C8	2	11074
65	48CB	2	11074
65	48CD	2	11074
65	48CF	2	11074
65	48D1	2	11074
65	48D7	2	11075
65	48DA	2	11075
65	48DD	2	11075
65	48E0	2	11075
65	48E2	2	11075
65	48E8	2	11075
65	48EB	2	11075
65	48EC	2	11075
65	48EF	2	11075
65	48F0	2	11075
65	48F1	2	11075
65	48F3	2	11075
65	48F5	2	11075
65	48F8	2	11075
65	48FB	2	11075
65	48FE	2	11075
65	4900	2	11075
65	4906	2	11075
65	4919	2	11075
65	491B	2	11075
65	491E	2	11076
65	4921	2	11078
65	4924	2	11078
65	4927	2	11110
65	4929	2	11110
65	492C	2	11111
65	4932	2	11127
65	4935	2	11127
65	4938	2	11127
65	493A	2	11127
65	493C	120	11127
65	493F	120	11128
65	4945	120	11128
65	494B	120	11128
65	4958	118	11128
65	495B	2	11187
65	495D	2	11187
65	495E	2	11187
65	4960	2	11187
65	4962	2	11187
65	4965	2	11187
65	4968	2	11187
65	4969	2	11187
65	496B	2	11187
65	4971	2	11202
65	4973	2	11202
65	49A2	2	11078
65	49A5	2	11078
65	49A8	2	11078
65	49AB	2	11078
65	49B1	2	11078
65	49B4	2	11078
65	49B5	2	11078
65	49B8	2	11078
65	49B9	2	11078
65	49BC	2	11078
65	49BD	2	11078
65	49BE	2	11078
65	49BF	2	11078
65	49C0	2	11078
65	49C1	2	11078
65	49C2	2	11078
65	49C4	2	11078
65	49C6	2	11078
65	49C8	2	11078
65	49CA	2	11078
65	49CC	2	11078
65	49CE	2	11078
65	49D0	2	11078
65	49D2	2	11078
65	49D4	2	11078
65	49D6	2	11078
65	49D8	2	11078
65	49DA	2	11078
65	49DC	2	11078
65	49DE	2	11078
65	49E0	2	11078
65	49E2	2	11078
65	49E4	2	11078
65	49E6	2	11078
65	49E8	2	11078
65	49EA	2	11078
65	49EC	2	11078
65	49EE	2	11078
65	49F0	2	11078
65	49F2	2	11078
65	49F4	2	11078
65	49F6	2	11078
65	49F7	2	11078
65	49FA	2	11098
65	49FD	2	11098
65	4A00	2	11098
65	4A03	2	11098
65	4A09	2	11105
65	4A0C	2	11105
65	4A0F	2	11105
65	4A12	2	11105
65	4A18	2	11110
65	4A1B	2	11110
65	4A1E	2	11110
65	4A21	2	11110
65	4A27	2	11110
65	4A2A	2	11110
65	4A2D	2	11110
65	4A30	2	11110
65	4A36	2	11110
65	4A37	2	11076
65	4A3A	2	11076
65	4A3B	2	11076
65	4A3E	2	11076
65	4A3F	2	11076
65	4A40	2	11076
65	4A41	2	11076
65	4A44	2	11076
65	4A45	2	11076
65	4A46	2	11076
65	4A47	2	11076
65	4A49	2	11076
65	4A4A	2	11076
65	4A4B	2	11076
65	4A4C	2	11076
65	4A4D	2	11076
65	4A4E	2	11076
65	4A4F	2	11076
65	4A50	2	11076
65	4A51	2	11076
65	4A52	2	11076
65	4A53	2	11076
65	4A54	2	11076
65	4A57	2	11076
65	4A59	2	11076
65	4A5B	2	11076
65	4A61	2	11077
65	4A62	2	11077
65	4A63	2	11077
65	4A64	2	11077
65	4A67	2	11077
65	4A68	2	11077
65	4A69	2	11077
65	4A6A	2	11077
65	4A6C	2	11077
65	4A6D	2	11077
65	4A6E	2	11077
65	4A6F	2	11077
65	4A70	2	11077
65	4A71	2	11077
65	4A74	2	11077
65	4A76	2	11077
65	4A78	2	11077
65	4A7A	2	11077
65	4A80	2	11078
65	4AD7	2	11078
65	4ADA	2	11078
65	4ADB	2	11078
65	4ADE	2	11078
65	4ADF	2	11078
65	4AE0	2	11078
65	4AE2	2	11078
65	4AEB	2	11078
65	4AEC	2	11078
65	4AEF	2	11078
65	4AF0	2	11078
65	4AF1	2	11078
65	4AF2	2	11078
65	4AF3	2	11078
65	4BA8	2	11127
65	4BAB	2	11127
65	4BAE	2	11127
65	4BAF	2	11127
65	4BB0	2	11127
65	4BB2	2	11127
65	4BB3	2	11127
65	4BB4	2	11127
65	4BB5	2	11127
65	4BB7	2	11127
65	4BB8	2	11127
65	4BBA	2	11127
65	4BBB	2	11127
65	4BBD	2	11127
65	4BBF	2	11127
65	4BC2	2	11127
65	4BC3	2	11127
65	4BC5	2	11127
67	4000	6	2001
67	4003	6	2001
67	4006	6	2001
67	4009	6	2001
67	400A	6	2001
67	400D	6	2001
67	4013	6	2001
67	4019	6	2001
67	401F	6	2301
67	4020	6	2301
67	4023	6	2301
67	4029	7	2301
67	402B	7	2301
67	4031	6	2635
67	4032	6	2635
67	4035	6	2635
67	4037	6	2635
67	4039	1	19864
67	403B	1	19864
67	4041	5	2635
67	4044	5	2635
67	4046	1	19864
67	404C	1	19864
67	404D	1	19864
67	4050	1	19864
67	4051	1	19864
67	4053	1	19864
67	4055	1	19864
67	4056	1	19864
67	4058	1	19864
67	405A	1	19864
67	405C	1	19864
67	405D	1	19864
67	405F	1	19864
67	4061	1	19864
67	4063	1	19864
67	4066	1	19864
67	4068	1	19864
67	406A	1	19864
67	406D	1	19864
67	406E	1	19864
67	406F	1	19864
67	4071	1	19864
67	4072	1	19864
67	4074	1	19864
67	4077	1	19864
67	4079	1	19864
67	407B	1	19864
67	407C	1	19864
67	407E	1	19864
67	4081	1	19864
67	4083	1	19864
67	4086	5	2635
67	4089	5	2635
67	408A	5	2635
67	4090	3	3269
67	4091	3	3269
67	4093	2	3269
67	4094	2	3269
67	4097	2	3269
67	409A	2	3269
67	409C	2	3269
67	40A2	2	3903
67	40A3	2	3903
67	40A5	2	3903
67	40A7	2	3903
67	40A9	1	11073
67	40AB	1	11073
67	40B0	1	3903
67	40B6	1	3903
67	40B9	1	3903
67	40BF	1	4837
67	40C0	1	4837
67	40C2	1	4837
67	40C4	1	4837
67	40C7	1	4837
67	40C9	1	4837
67	40CC	1	4837
67	40D3	1	11073
67	40D5	1	11073
67	40DB	1	11202
67	40DC	1	11202
67	40DE	1	11202
67	40E0	1	11202
67	40E6	1	12083
67	40E7	1	12083
67	40E9	1	12083
67	40EB	1	12083
67	40F1	1	12927
67	40F2	1	12927
67	40F4	1	12927
67	40FA	1	14337
67	40FB	1	14337
67	40FD	1	14337
67	4100	1	14337
67	4106	1	14970
67	4107	1	14970
67	4109	1	14970
67	410B	1	14970
67	410D	1	14970
67	410F	1	14970
67	4112	2	4837
67	4115	2	4837
67	411B	2	5155
67	411C	2	5155
67	411E	2	5155
67	4124	2	5471
67	4125	2	5471
67	412A	1	19864
67	412C	1	19864
67	4132	1	20572
67	4133	1	20572
67	4136	1	20572
67	4137	1	20572
67	4138	1	20572
67	413E	1	20572
67	4144	1	20572
67	4146	1	20572
67	414C	1	20685
67	4156	6	2001
67	4157	6	2001
67	415A	6	2001
67	415B	6	2001
67	415D	6	2001
67	415F	6	2001
67	4160	6	2001
67	4162	6	2001
67	4164	6	2001
67	4166	6	2001
67	4167	6	2001
67	4169	6	2001
67	416B	6	2001
67	416D	6	2001
67	4170	6	2001
67	4172	6	2001
67	4174	6	2001
67	4177	6	2001
67	4178	6	2001
67	4179	6	2001
67	417B	6	2001
67	417C	6	2001
67	417E	6	2001
67	4181	6	2001
67	4183	6	2001
67	4185	6	2001
67	4186	6	2001
67	4188	6	2001
67	418B	6	2001
67	418D	6	2001
67	418E	11	2001
67	418F	11	2001
67	4192	11	2001
67	4193	11	2001
67	4195	11	2001
67	4197	11	2001
67	4198	11	2001
67	419A	11	2001
67	419C	11	2001
67	419E	11	2001
67	419F	11	2001
67	41A1	11	2001
67	41A3	11	2001
67	41A5	11	2001
67	41A8	11	2001
67	41AA	11	2001
67	41AC	11	2001
67	41AF	11	2001
67	41B0	11	2001
67	41B1	11	2001
67	41B3	11	2001
67	41B4	11	2001
67	41B6	11	2001
67	41B9	11	2001
67	41BB	11	2001
67	41BD	11	2001
67	41BE	11	2001
67	41C0	11	2001
67	41C3	11	2001
67	41C5	11	2001
67	41C6	8	2001
67	41C7	8	2001
67	41CA	8	2001
67	41CB	8	2001
67	41CD	8	2001
67	41CF	8	2001
67	41D0	8	2001
67	41D2	8	2001
67	41D4	8	2001
67	41D6	8	2001
67	41D7	8	2001
67	41D9	8	2001
67	41DB	8	2001
67	41DD	8	2001
67	41E0	8	2001
67	41E2	8	2001
67	41E4	8	2001
67	41E7	8	2001
67	41E8	8	2001
67	41E9	8	2001
67	41EB	8	2001
67	41EC	8	2001
67	41EE	8	2001
67	41F1	8	2001
67	41F3	8	2001
67	41F5	8	2001
67	41F6	8	2001
67	41F8	8	2001
67	41FB	8	2001
67	41FD	8	2001
67	41FE	5	2635
67	4200	5	2635
67	4202	5	2635
67	4203	5	2635
67	4205	5	2635
67	4207	5	2635
67	4209	5	2635
67	420B	5	2635
67	420C	5	2635
67	420F	5	2635
67	4212	5	2635
67	4215	5	2635
67	4218	5	2635
67	4219	5	2635
67	421B	5	2635
67	421D	5	2635
67	421E	5	2635
67	4221	5	2635
67	4223	5	2635
67	4224	5	2635
67	4226	5	2635
67	4228	5	2635
67	422A	5	2635
67	422B	2	11202
67	422E	2	11202
67	4231	2	11215
67	4237	2	11231
67	423A	2	12066
67	4240	2	12081
67	4246	2	12083
67	4249	2	12083
67	431F	2	11202
67	4321	2	11202
67	4323	2	11202
67	4329	2	11202
67	432F	2	11202
67	4330	2	11202
67	4333	2	11202
67	4336	2	11202
67	4339	2	11202
67	433B	2	11202
67	4341	2	11202
67	4344	2	11202
67	4345	2	11202
67	4347	1	11202
67	434A	1	11202
67	434D	1	11202
67	4353	1	11202
67	4355	1	12083
67	4358	1	12083
67	435B	1	12083
67	4361	2	11202
67	4364	2	11202
67	4367	2	11202
67	436A	2	11202
67	436C	2	11202
67	436E	2	11202
67	4370	2	11202
67	4376	2	11203
67	4379	2	11203
67	437C	2	11203
67	437E	2	11203
67	4380	2	11203
67	4382	2	11203
67	4388	2	11204
67	438B	2	11204
67	438E	2	11204
67	4390	2	11204
67	4392	2	11204
67	4394	2	11204
67	439A	2	11205
67	439D	2	11205
67	43A0	2	11205
67	43A2	2	11205
67	43A4	2	11205
67	43A6	2	11205
67	43AC	2	11206
67	43AF	2	11206
67	43B2	2	11206
67	43B5	2	11206
67	43B7	2	11206
67	43BD	2	11206
67	43C0	2	11206
67	43C1	2	11206
67	43C3	1	11206
67	43C6	1	11206
67	43C9	1	11206
67	43CC	1	11206
67	43CE	1	11206
67	43D4	1	11206
67	43D6	1	12087
67	43D9	1	12087
67	43DC	1	12087
67	43DF	1	12087
67	43E1	1	12087
67	43E7	2	11206
67	43E9	2	11206
67	43EC	2	11206
67	43EF	2	11206
67	43F2	2	11208
67	43F5	2	11208
67	43F7	2	11208
67	43FA	2	11209
67	43FC	2	11209
67	43FE	2	11209
67	4404	2	11215
67	4407	2	11215
67	440A	2	11215
67	440C	2	11215
67	440E	2	11215
67	4414	2	11215
67	4416	2	11215
67	4418	2	11215
67	441B	2	11215
67	4421	2	11215
67	4424	2	11215
67	442A	2	11215
67	442C	2	11215
67	442F	2	11215
67	4435	2	11215
67	443B	2	11215
67	443C	7	11231
67	4442	7	11231
67	4445	7	11231
67	4446	7	11231
67	444C	7	11822
67	444E	7	11822
67	4450	2	12066
67	4452	2	12066
67	4454	2	12066
67	4456	2	12066
67	4461	5	11822
67	4464	5	11822
67	4467	5	11822
67	4468	5	11822
67	446E	5	11822
67	446F	5	11822
67	4471	5	11822
67	4473	5	11822
67	4474	5	11822
67	4476	5	11822
67	4478	5	11822
67	447B	5	11822
67	447E	5	11822
67	447F	5	11822
67	4481	5	11822
67	4493	5	11822
67	4496	5	11822
67	449C	5	11822
67	449E	5	11822
67	44A0	5	11822
67	44A6	5	11822
67	44EB	2	12066
67	44EE	2	12066
67	44F4	2	12066
67	44F6	2	12066
67	450A	2	12066
67	450C	2	12066
67	450D	2	12066
67	450F	2	12066
67	4511	2	12066
67	4514	2	12066
67	4517	2	12066
67	4518	2	12066
67	451A	2	12066
67	451D	2	12066
67	451F	2	12066
67	4522	2	12066
67	453B	5	11822
67	453D	5	11822
67	453F	5	11822
67	4542	5	11822
67	4548	5	11822
67	454A	5	11822
67	454D	5	11822
67	4550	5	11822
67	4553	5	11824
67	4556	5	11824
67	4559	2	12066
67	455C	2	12066
67	455F	2	12066
67	4560	2	12066
67	4562	1	12066
67	4565	1	12066
67	4567	1	12910
67	456A	2	12066
67	4570	2	12066
67	4593	5	11824
67	4596	5	11824
67	459C	5	11824
67	459D	5	11824
67	459F	5	11824
67	45A1	5	11824
67	45A4	5	11824
67	45AB	2	11202
67	45AE	2	11202
67	45B4	2	11202
67	45B6	2	11202
67	45B8	2	11202
67	45BA	2	11202
67	45BD	2	11202
67	45C4	2	11208
67	45C7	2	11208
67	45CA	2	11208
67	45CD	2	11208
67	45D3	2	11208
67	45D4	7	11206
67	45D5	7	11206
67	45D6	7	11206
67	45D9	7	11206
67	45DC	7	11206
67	45DF	7	11206
67	45E5	7	11206
67	45E7	7	11206
67	45E9	7	11206
67	45EB	7	11206
67	45ED	7	11206
67	45EF	7	11206
67	45F1	7	11206
67	45F3	7	11206
67	45F5	7	11206
67	45F7	7	11206
67	45F9	7	11206
67	45FB	7	11206
67	45FD	7	11206
67	45FF	7	11206
67	4601	7	11206
67	4603	7	11206
67	4605	7	11206
67	4607	7	11206
67	4609	7	11206
67	460B	7	11206
67	460D	7	11206
67	460F	7	11206
67	4611	7	11206
67	4613	7	11206
67	4615	7	11206
67	4617	7	11206
67	4619	7	11206
67	461A	7	11206
67	461B	7	11206
67	461D	7	11206
67	4620	7	11206
67	4621	7	11206
67	4624	7	11206
67	4627	7	11206
67	462A	7	11206
67	4630	7	11208
67	4631	9	2301
67	4634	9	2301
67	4637	9	2316
67	463D	9	2332
67	463F	9	2332
67	4640	9	2332
67	4642	9	2332
67	4644	9	2332
67	4647	9	2332
67	464A	9	2332
67	464B	9	2332
67	464D	9	2332
67	4650	8	2618
67	4656	8	2633
67	465C	8	2635
67	465E	8	2635
67	4660	8	2635
67	4663	8	2635
67	4665	8	2635
67	4667	8	2635
67	466A	8	2635
67	466D	8	2635
67	466E	8	2635
67	4670	6	2635
67	4673	6	2635
67	4676	6	2635
67	4678	2	3903
67	467B	2	3903
67	467E	8	2635
67	467F	8	2635
67	4681	8	2635
67	4684	8	2635
67	4687	8	2635
67	4688	9	2301
67	468A	9	2301
67	468C	9	2301
67	4692	9	2301
67	4698	9	2301
67	4699	9	2301
67	469C	9	2301
67	469E	9	2301
67	46A0	9	2301
67	46A3	9	2301
67	46A5	9	2301
67	46A7	9	2301
67	46AA	9	2301
67	46AD	9	2301
67	46AE	9	2301
67	46B0	7	2301
67	46B3	7	2301
67	46B5	2	3269
67	46B8	9	2301
67	46B9	9	2301
67	46BA	9	2301
67	46BC	9	2301
67	46BF	9	2301
67	46C0	9	2301
67	46C3	9	2301
67	46C6	9	2301
67	46C7	9	2301
67	46C9	7	2301
67	46CC	7	2301
67	46CF	7	2301
67	46D1	7	2301
67	46D3	7	2301
67	46D5	7	2301
67	46DB	7	2302
67	46DE	7	2302
67	46E1	7	2302
67	46E3	7	2302
67	46E5	7	2302
67	46E7	7	2302
67	46ED	7	2303
67	46F0	7	2303
67	46F3	7	2303
67	46F5	7	2303
67	46F7	7	2303
67	46F9	7	2303
67	46FF	7	2304
67	4702	7	2304
67	4705	7	2304
67	4707	7	2304
67	4709	7	2304
67	470B	7	2304
67	4711	7	2305
67	4714	7	2305
67	4717	7	2305
67	471A	7	2305
67	471C	7	2305
67	4722	7	2305
67	4724	2	3269
67	4727	2	3269
67	472A	2	3269
67	472C	2	3269
67	472E	2	3269
67	4730	2	3269
67	4736	2	3270
67	4739	2	3270
67	473C	2	3270
67	473E	2	3270
67	4740	2	3270
67	4742	2	3270
67	4748	2	3271
67	474B	2	3271
67	474E	2	3271
67	4750	2	3271
67	4752	2	3271
67	4754	2	3271
67	475A	2	3272
67	475D	2	3272
67	4760	2	3272
67	4762	2	3272
67	4764	2	3272
67	4766	2	3272
67	476C	2	3273
67	476F	2	3273
67	4772	2	3273
67	4775	2	3273
67	4777	2	3273
67	477D	9	2305
67	4780	9	2305
67	4783	9	2305
67	4785	9	2305
67	4787	9	2305
67	4789	9	2305
67	478F	9	2306
67	4792	9	2306
67	4795	9	2306
67	4798	9	2306
67	479A	9	2306
67	47A0	9	2306
67	47A3	9	2306
67	47A6	9	2306
67	47A9	9	2306
67	47AB	9	2306
67	47B1	9	2306
67	47B4	9	2306
67	47B7	9	2309
67	47BA	9	2315
67	47BD	9	2315
67	47BF	9	2315
67	47C2	9	2316
67	47C5	9	2316
67	47C8	9	2316
67	47CA	9	2316
67	47CC	9	2316
67	47D2	9	2316
67	47D5	9	2316
67	47DB	9	2316
67	47DC	4217	2332
67	47E2	4217	2332
67	47E5	4216	2333
67	47EB	4216	2333
67	47ED	4216	2333
67	47EF	4216	2333
67	47F1	4208	2333
67	47F3	4208	2333
67	47F5	4208	2333
67	47F7	4208	2333
67	47F9	4208	2333
67	47FB	4208	2333
67	47FD	4206	2333
67	47FF	8	2618
67	4801	8	2618
67	4802	8	2618
67	4804	8	2618
67	4806	8	2618
67	4809	8	2618
67	480C	8	2618
67	480D	8	2618
67	480F	8	2618
67	4812	8	2618
67	4813	8	2618
67	4816	8	2618
67	482C	2	10982
67	482E	2	10982
67	482F	2	10982
67	4831	2	10982
67	4833	2	10982
67	4836	2	10982
67	4839	2	10982
67	483A	2	10982
67	483C	2	10982
67	483F	2	10982
67	4841	2	10982
67	4842	2	10982
67	4845	2	10982
67	4848	2	10982
67	484B	2	10982
67	484D	2	10982
67	4850	2	10983
67	4852	2	10983
67	4855	11	2316
67	4858	11	2316
67	4859	11	2316
67	485C	11	2316
67	485D	11	2316
67	485E	11	2316
67	485F	11	2316
67	4861	11	2316
67	4862	11	2316
67	4863	11	2316
67	4864	11	2316
67	4865	11	2316
67	4866	11	2316
67	4869	11	2316
67	486C	11	2316
67	4871	9	2315
67	4874	9	2315
67	4877	9	2315
67	487A	9	2315
67	4880	9	2315
67	4881	9	2306
67	4884	9	2306
67	4887	9	2306
67	488A	9	2306
67	4890	9	2306
67	4892	9	2306
67	4894	9	2306
67	4896	9	2306
67	4898	9	2306
67	489A	9	2306
67	489C	9	2306
67	489E	9	2306
67	48A0	9	2306
67	48A2	9	2306
67	48A4	9	2306
67	48A6	9	2306
67	48A8	9	2306
67	48AA	9	2306
67	48AC	9	2306
67	48AE	9	2306
67	48B0	9	2306
67	48B2	9	2306
67	48B4	9	2306
67	48B6	9	2306
67	48B8	9	2306
67	48BA	9	2306
67	48BC	9	2306
67	48BE	9	2306
67	48C0	9	2306
67	48C2	9	2306
67	48C4	9	2306
67	48C7	9	2306
67	48C8	9	2306
67	48CA	7	2306
67	48CC	7	2306
67	48D2	7	2306
67	48D4	2	3274
67	48D6	2	3274
67	48DC	9	2306
67	48DF	9	2309
67	48E0	9	2309
67	48E3	9	2309
67	48E6	9	2309
67	48E9	9	2309
67	48EF	9	2315
67	48F0	11	2306
67	48F3	11	2306
67	48F4	11	2306
67	48F7	11	2306
67	48F8	11	2306
67	48FA	8	2306
67	48FB	8	2306
67	48FD	3	3274
67	48FF	11	2306
67	4900	11	2306
67	4903	11	2306
67	4906	11	2306
67	4909	11	2306
67	490A	11	2306
67	490B	11	2306
67	490C	11	2306
67	490E	11	2306
67	490F	11	2306
67	4910	11	2306
67	4911	11	2306
67	4912	11	2306
67	4913	11	2306
67	4915	11	2306
67	491B	11	2306
67	4924	1	12927
67	4927	1	12940
67	492D	1	12956
67	4930	1	14320
67	4936	1	14335
67	493C	1	14337
67	493F	1	14337
67	49A8	1	12927
67	49AA	1	12927
67	49AC	1	12927
67	49B2	1	12927
67	49B8	1	12927
67	49B9	1	12927
67	49BC	1	12927
67	49BF	1	12927
67	49C2	1	12927
67	49C4	1	12927
67	49CA	1	12927
67	49CD	1	12927
67	49D0	1	12927
67	49D6	1	12927
67	49D9	1	12927
67	49DC	1	12927
67	49DF	1	12927
67	49E1	1	12927
67	49E3	1	12927
67	49E5	1	12927
67	49EB	1	12928
67	49EE	1	12928
67	49F1	1	12928
67	49F3	1	12928
67	49F5	1	12928
67	49F7	1	12928
67	49FD	1	12929
67	4A00	1	12929
67	4A03	1	12929
67	4A05	1	12929
67	4A07	1	12929
67	4A09	1	12929
67	4A0F	1	12930
67	4A12	1	12930
67	4A15	1	12930
67	4A17	1	12930
67	4A19	1	12930
67	4A1B	1	12930
67	4A21	1	12931
67	4A24	1	12931
67	4A27	1	12931
67	4A2A	1	12931
67	4A2C	1	12931
67	4A32	1	12931
67	4A35	1	12931
67	4A38	1	12931
67	4A3B	1	12931
67	4A3D	1	12931
67	4A43	1	12931
67	4A45	1	12931
67	4A48	1	12931
67	4A4B	1	12931
67	4A4E	1	12933
67	4A51	1	12933
67	4A53	1	12933
67	4A56	1	12934
67	4A58	1	12934
67	4A5A	1	12934
67	4A60	1	12940
67	4A63	1	12940
67	4A66	1	12940
67	4A68	1	12940
67	4A6A	1	12940
67	4A70	1	12940
67	4A72	1	12940
67	4A74	1	12940
67	4A77	1	12940
67	4A7D	1	12940
67	4A80	1	12940
67	4A86	1	12940
67	4A88	1	12940
67	4A8B	1	12940
67	4A91	1	12940
67	4A97	1	12940
67	4A98	4	12956
67	4A9E	4	12956
67	4AA1	4	12956
67	4AA2	4	12956
67	4AA8	4	13544
67	4AAA	4	13544
67	4AAC	1	14320
67	4AAE	1	14320
67	4AB0	1	14320
67	4AB2	1	14320
67	4ABD	3	13544
67	4AC0	3	13544
67	4AC3	3	13544
67	4AC4	3	13544
67	4ACA	3	13544
67	4ACB	3	13544
67	4ACD	3	13544
67	4ACF	3	13544
67	4AD0	3	13544
67	4AD2	3	13544
67	4AD4	3	13544
67	4AD7	3	13544
67	4ADA	3	13544
67	4ADB	3	13544
67	4ADD	3	13544
67	4AEF	3	13544
67	4AF2	3	13544
67	4AF8	3	13544
67	4AFA	3	13544
67	4AFC	3	13544
67	4B02	3	13544
67	4B47	1	14320
67	4B4A	1	14320
67	4B50	1	14320
67	4B52	1	14320
67	4B66	1	14320
67	4B68	1	14320
67	4B69	1	14320
67	4B6B	1	14320
67	4B6D	1	14320
67	4B70	1	14320
67	4B73	1	14320
67	4B74	1	14320
67	4B76	1	14320
67	4B79	1	14320
67	4B7B	1	14320
67	4B7E	1	14320
67	4B97	3	13544
67	4B99	3	13544
67	4B9B	3	13544
67	4B9E	3	13544
67	4BA4	3	13544
67	4BA6	3	13544
67	4BA9	3	13544
67	4BAC	3	13544
67	4BAF	3	13546
67	4BB2	3	13546
67	4BB5	1	14320
67	4BB8	1	14320
67	4BBB	1	14320
67	4BC1	1	14320
67	4BD5	3	13546
67	4BD8	3	13546
67	4BDE	3	13546
67	4BDF	3	13546
67	4BE1	3	13546
67	4BE3	3	13546
67	4BE6	3	13546
67	4BED	1	12927
67	4BF0	1	12927
67	4BF6	1	12927
67	4BF8	1	12927
67	4BFA	1	12927
67	4BFC	1	12927
67	4BFF	1	12927
67	4C06	1	12933
67	4C09	1	12933
67	4C0C	1	12933
67	4C0F	1	12933
67	4C15	1	12933
67	4C16	4	12931
67	4C17	4	12931
67	4C18	4	12931
67	4C1B	4	12931
67	4C1E	4	12931
67	4C21	4	12931
67	4C27	4	12931
67	4C29	4	12931
67	4C2B	4	12931
67	4C2D	4	12931
67	4C2F	4	12931
67	4C31	4	12931
67	4C33	4	12931
67	4C35	4	12931
67	4C37	4	12931
67	4C39	4	12931
67	4C3B	4	12931
67	4C3D	4	12931
67	4C3F	4	12931
67	4C41	4	12931
67	4C43	4	12931
67	4C45	4	12931
67	4C47	4	12931
67	4C49	4	12931
67	4C4B	4	12931
67	4C4D	4	12931
67	4C4F	4	12931
67	4C51	4	12931
67	4C53	4	12931
67	4C55	4	12931
67	4C57	4	12931
67	4C59	4	12931
67	4C5B	4	12931
67	4C5C	4	12931
67	4C5D	4	12931
67	4C5F	4	12931
67	4C62	4	12931
67	4C63	4	12931
67	4C66	4	12931
67	4C69	4	12931
67	4C6C	4	12931
67	4C72	4	12933
67	4C73	6	2635
67	4C76	6	2635
67	4C79	6	2650
67	4C7F	6	2666
67	4C82	4	3252
67	4C88	4	3267
67	4C8E	4	3269
67	4C91	4	3269
67	4C94	4	3269
67	4C95	4	3269
67	4C97	4	3269
67	4C99	4	3269
67	4C9A	4	3269
67	4C9C	4	3269
67	4C9E	4	3269
67	4CA0	4	3269
67	4CA1	4	3269
67	4CA3	4	3269
67	4CA5	4	3269
67	4CA7	4	3269
67	4CAA	4	3269
67	4CAC	4	3269
67	4CAE	4	3269
67	4CB1	4	3269
67	4CB2	4	3269
67	4CB3	4	3269
67	4CB5	4	3269
67	4CB6	4	3269
67	4CB8	4	3269
67	4CBB	4	3269
67	4CBD	4	3269
67	4CBF	4	3269
67	4CC0	4	3269
67	4CC2	4	3269
67	4CC5	4	3269
67	4CC7	4	3269
67	4CCA	4	3269
67	4CCB	6	2635
67	4CCD	6	2635
67	4CCF	6	2635
67	4CD5	6	2635
67	4CDB	6	2635
67	4CDC	6	2635
67	4CDF	6	2635
67	4CE2	6	2635
67	4CE4	6	2635
67	4CE6	6	2635
67	4CE7	6	2635
67	4CE9	6	2635
67	4CEB	6	2635
67	4CED	6	2635
67	4CEE	6	2635
67	4CF0	6	2635
67	4CF2	6	2635
67	4CF4	6	2635
67	4CF7	6	2635
67	4CF9	6	2635
67	4CFB	6	2635
67	4CFE	6	2635
67	4CFF	6	2635
67	4D00	6	2635
67	4D02	6	2635
67	4D03	6	2635
67	4D05	6	2635
67	4D08	6	2635
67	4D0A	6	2635
67	4D0C	6	2635
67	4D0D	6	2635
67	4D0F	6	2635
67	4D12	6	2635
67	4D14	6	2635
67	4D15	6	2635
67	4D18	6	2635
67	4D1B	6	2635
67	4D1C	6	2635
67	4D1E	1	19864
67	4D21	1	19864
67	4D24	1	19864
67	4D26	1	19864
67	4D28	1	19864
67	4D2A	1	19864
67	4D30	1	19865
67	4D33	1	19865
67	4D36	1	19865
67	4D38	1	19865
67	4D3A	1	19865
67	4D3C	1	19865
67	4D42	1	19866
67	4D45	1	19866
67	4D48	1	19866
67	4D4A	1	19866
67	4D4C	1	19866
67	4D4E	1	19866
67	4D54	1	19867
67	4D57	1	19867
67	4D5A	1	19867
67	4D5C	1	19867
67	4D5E	1	19867
67	4D60	1	19867
67	4D66	1	19868
67	4D68	5	2635
67	4D6B	5	2635
67	4D6E	5	2635
67	4D70	5	2635
67	4D72	5	2635
67	4D74	5	2635
67	4D7A	5	2636
67	4D7D	5	2636
67	4D80	5	2636
67	4D82	5	2636
67	4D84	5	2636
67	4D86	5	2636
67	4D8C	5	2637
67	4D8F	5	2637
67	4D92	5	2637
67	4D94	5	2637
67	4D96	5	2637
67	4D98	5	2637
67	4D9E	5	2638
67	4DA1	5	2638
67	4DA4	5	2638
67	4DA6	5	2638
67	4DA8	5	2638
67	4DAA	5	2638
67	4DB0	6	2639
67	4DB3	6	2639
67	4DB6	6	2639
67	4DB8	6	2639
67	4DBA	6	2639
67	4DBC	6	2639
67	4DC2	6	2640
67	4DC5	6	2640
67	4DC8	6	2640
67	4DCB	6	2640
67	4DCD	6	2640
67	4DD3	6	2640
67	4DD6	6	2640
67	4DD9	6	2640
67	4DDC	6	2640
67	4DDE	6	2640
67	4DE4	6	2640
67	4DE7	6	2640
67	4DEA	6	2640
67	4DED	6	2640
67	4DEF	6	2640
67	4DF5	6	2640
67	4DF8	6	2640
67	4DFB	6	2643
67	4DFE	6	2649
67	4E01	6	2649
67	4E03	6	2649
67	4E06	6	2650
67	4E09	6	2650
67	4E0C	6	2650
67	4E0E	6	2650
67	4E10	6	2650
67	4E16	6	2650
67	4E19	6	2650
67	4E1F	6	2650
67	4E20	3649	2666
67	4E26	3649	2666
67	4E29	3647	2667
67	4E2F	3647	2667
67	4E31	3647	2667
67	4E33	3647	2667
67	4E35	3644	2667
67	4E37	3644	2667
67	4E39	3643	2667
67	4E3B	3643	2667
67	4E3D	3643	2667
67	4E3F	3643	2667
67	4E42	3641	2667
67	4E44	3	3252
67	4E47	3	3252
67	4E48	3	3252
67	4E4A	1	20555
67	4E4D	1	20555
67	4E53	1	20555
67	4E54	1	20555
67	4E69	3	3252
67	4E6B	3	3252
67	4E6C	3	3252
67	4E6E	3	3252
67	4E70	3	3252
67	4E73	3	3252
67	4E76	3	3252
67	4E77	3	3252
67	4E79	3	3252
67	4E7C	3	3252
67	4E7D	3	3252
67	4E80	3	3252
67	4E81	1	22572
67	4E83	1	22572
67	4E84	1	22572
67	4E86	1	22572
67	4E88	1	22572
67	4E8B	1	22572
67	4E8E	1	22572
67	4E8F	1	22572
67	4E91	1	22572
67	4E92	1	22572
67	4E95	1	22572
67	4EE4	2	10274
67	4EE6	2	10274
67	4EE7	2	10274
67	4EE9	2	10274
67	4EEB	2	10274
67	4EEE	2	10274
67	4EF1	2	10274
67	4EF2	2	10274
67	4EF4	2	10274
67	4EF7	2	10274
67	4EF8	2	10274
67	4EFA	1	10274
67	4EFC	1	10274
67	4F02	1	10274
67	4F03	1	10274
67	4F05	2	10274
67	4F08	2	10274
67	4F0A	2	10274
67	4F0D	2	10274
67	4F1B	1	20481
67	4F1D	1	20481
67	4F23	1	20481
67	4F24	1	20481
67	4F26	1	20481
67	4F28	1	20481
67	4F2E	1	20481
67	4F2F	1	20481
67	4F36	2	10274
67	4F39	2	10274
67	4F3F	2	10274
67	4F42	2	10274
67	4F44	2	10274
67	4F47	2	10275
67	4F4A	2	10275
67	4F4D	2	10281
67	4F50	8	2650
67	4F53	8	2650
67	4F54	8	2650
67	4F57	8	2650
67	4F58	8	2650
67	4F59	8	2650
67	4F5A	8	2650
67	4F5C	8	2650
67	4F5D	8	2650
67	4F5E	8	2650
67	4F5F	8	2650
67	4F60	8	2650
67	4F61	8	2650
67	4F64	8	2650
67	4F67	8	2650
67	4F6E	6	2649
67	4F71	6	2649
67	4F74	6	2649
67	4F77	6	2649
67	4F7D	6	2649
67	4F80	6	2649
67	4F83	6	2649
67	4F86	6	2649
67	4F8C	6	2649
67	4F8F	6	2649
67	4F92	6	2649
67	4F95	6	2649
67	4F9B	6	2649
67	4F9C	8	2640
67	4F9F	8	2640
67	4FA2	8	2640
67	4FA5	8	2640
67	4FAB	8	2640
67	4FAD	8	2640
67	4FAF	8	2640
67	4FB1	8	2640
67	4FB3	8	2640
67	4FB5	8	2640
67	4FB7	8	2640
67	4FB9	8	2640
67	4FBB	8	2640
67	4FBD	8	2640
67	4FBF	8	2640
67	4FC1	8	2640
67	4FC3	8	2640
67	4FC5	8	2640
67	4FC7	8	2640
67	4FC9	8	2640
67	4FCB	8	2640
67	4FCD	8	2640
67	4FCF	8	2640
67	4FD1	8	2640
67	4FD3	8	2640
67	4FD5	8	2640
67	4FD7	8	2640
67	4FD9	8	2640
67	4FDB	8	2640
67	4FDD	8	2640
67	4FDF	8	2640
67	4FE2	8	2640
67	4FE5	8	2640
67	4FE6	8	2640
67	4FE7	8	2640
67	4FE8	8	2640
67	4FEA	8	2640
67	4FEB	8	2640
67	4FEC	8	2640
67	4FED	8	2640
67	4FEE	8	2640
67	4FEF	8	2640
67	4FF1	8	2640
67	4FF4	8	2640
67	4FF7	8	2640
67	4FFA	8	2640
67	4FFD	8	2640
67	5003	8	2640
67	5005	8	2640
67	5007	8	2640
67	5009	8	2640
67	500B	8	2640
67	500D	8	2640
67	500F	8	2640
67	5011	8	2640
67	5013	8	2640
67	5015	8	2640
67	5017	8	2640
67	5019	8	2640
67	501B	8	2640
67	501D	8	2640
67	501F	8	2640
67	5021	8	2640
67	5023	8	2640
67	5025	8	2640
67	5027	8	2640
67	5029	8	2640
67	502B	8	2640
67	502D	8	2640
67	502F	8	2640
67	5031	8	2640
67	5033	8	2640
67	5035	8	2640
67	5037	8	2640
67	503A	8	2640
67	503D	8	2640
67	503E	8	2640
67	503F	8	2640
67	5040	8	2640
67	5042	8	2640
67	5043	8	2640
67	5044	8	2640
67	5045	8	2640
67	5046	8	2640
67	5047	8	2640
67	5049	8	2640
67	504C	8	2641
67	504F	8	2641
67	5052	8	2641
67	5055	8	2641
67	505B	8	2641
67	505D	8	2641
67	505F	8	2641
67	5061	8	2641
67	5063	8	2641
67	5065	8	2641
67	5067	8	2641
67	5069	8	2641
67	506B	8	2641
67	506D	8	2641
67	506F	8	2641
67	5071	8	2641
67	5073	8	2641
67	5075	8	2641
67	5077	8	2641
67	5079	8	2641
67	507B	8	2641
67	507D	8	2641
67	507F	8	2641
67	5081	8	2641
67	5083	8	2641
67	5085	8	2641
67	5087	8	2641
67	5089	8	2641
67	508B	8	2641
67	508D	8	2641
67	508F	8	2641
67	5092	8	2641
67	5095	8	2641
67	5096	8	2641
67	5097	8	2641
67	5098	8	2641
67	509A	8	2641
67	509B	8	2641
67	509C	8	2641
67	509D	8	2641
67	509E	8	2641
67	509F	8	2641
67	50A1	8	2641
67	50A4	8	2643
67	50B7	8	2643
67	50BA	8	2643
67	50BD	8	2643
67	50C0	8	2643
67	50C6	8	2645
67	50C9	8	2645
67	50CC	8	2645
67	50CF	8	2645
67	50D5	8	2647
67	50D8	8	2647
67	50DB	8	2647
67	50DE	8	2647
67	50E4	8	2649
67	50E5	8	2640
67	50E8	8	2640
67	50EB	8	2640
67	50EE	8	2640
67	50F1	8	2640
67	50F2	8	2640
67	50F3	8	2640
67	50F4	8	2640
67	50F6	8	2640
67	50F7	8	2640
67	50F8	8	2640
67	50F9	8	2640
67	50FA	8	2640
67	50FB	8	2640
67	50FD	8	2640
67	5103	8	2640
67	510A	2	3903
67	510D	2	3903
67	5110	2	3917
67	5116	2	3933
67	5119	2	4820
67	511F	2	4835
67	5125	2	4837
67	5128	2	4837
67	5129	2	3903
67	512B	2	3903
67	512D	2	3903
67	5133	2	3903
67	5139	2	3903
67	513A	2	3903
67	513D	2	3903
67	513F	2	3903
67	5142	2	3903
67	5145	2	3903
67	5148	2	3903
67	514A	2	3903
67	514C	2	3903
67	514E	2	3903
67	5154	2	3904
67	5157	2	3904
67	515A	2	3904
67	515C	2	3904
67	515E	2	3904
67	5160	2	3904
67	5166	2	3905
67	5169	2	3905
67	516C	2	3905
67	516E	2	3905
67	5170	2	3905
67	5172	2	3905
67	5178	2	3906
67	517B	2	3906
67	517E	2	3906
67	5180	2	3906
67	5182	2	3906
67	5184	2	3906
67	518A	2	3907
67	518D	2	3907
67	5190	2	3907
67	5193	2	3907
67	5195	2	3907
67	519B	2	3907
67	519E	2	3907
67	51A1	2	3907
67	51A4	2	3907
67	51A6	2	3907
67	51AC	2	3907
67	51AF	2	3907
67	51B2	2	3907
67	51B5	2	3907
67	51B7	2	3907
67	51BD	2	3907
67	51C0	2	3907
67	51C3	2	3910
67	51C6	2	3916
67	51C9	2	3916
67	51CB	2	3916
67	51CE	2	3917
67	51D1	2	3917
67	51D4	2	3917
67	51D6	2	3917
67	51D8	2	3917
67	51DE	2	3917
67	51E1	2	3917
67	51E2	1475	3933
67	51E8	1475	3933
67	51EB	1475	3934
67	51F1	1475	3934
67	51F3	1475	3934
67	51F5	1475	3934
67	51F7	1473	3934
67	51F9	1473	3934
67	51FB	1473	3934
67	51FD	1473	3934
67	51FF	1473	3934
67	5201	1473	3934
67	5203	1473	3934
67	5205	2	4820
67	5207	2	4820
67	5208	2	4820
67	520A	2	4820
67	520C	2	4820
67	520F	2	4820
67	5212	2	4820
67	5213	2	4820
67	5215	2	4820
67	5218	2	4820
67	5219	2	4820
67	521B	2	4820
67	521D	2	4820
67	5220	2	4820
67	525D	2	3917
67	5260	2	3917
67	5261	2	3917
67	5264	2	3917
67	5265	2	3917
67	5266	2	3917
67	5267	2	3917
67	5269	2	3917
67	526A	2	3917
67	526B	2	3917
67	526C	2	3917
67	526D	2	3917
67	526E	2	3917
67	5271	2	3917
67	5274	2	3917
67	5279	2	3916
67	527C	2	3916
67	527F	2	3916
67	5282	2	3916
67	5288	2	3916
67	528B	2	3916
67	528E	2	3916
67	5291	2	3916
67	5297	2	3916
67	529A	2	3916
67	529D	2	3916
67	52A0	2	3916
67	52A6	2	3916
67	52A7	2	3907
67	52AA	2	3907
67	52AD	2	3907
67	52B0	2	3907
67	52B6	2	3907
67	52B8	2	3907
67	52BA	2	3907
67	52BC	2	3907
67	52BE	2	3907
67	52C0	2	3907
67	52C2	2	3907
67	52C4	2	3907
67	52C6	2	3907
67	52C8	2	3907
67	52CA	2	3907
67	52CC	2	3907
67	52CE	2	3907
67	52D0	2	3907
67	52D2	2	3907
67	52D4	2	3907
67	52D6	2	3907
67	52D8	2	3907
67	52DA	2	3907
67	52DC	2	3907
67	52DE	2	3907
67	52E0	2	3907
67	52E2	2	3907
67	52E4	2	3907
67	52E6	2	3907
67	52E8	2	3907
67	52EA	2	3907
67	52EC	2	3907
67	52EF	2	3907
67	52F2	2	3907
67	52F5	2	3907
67	52F8	2	3907
67	52FB	2	3907
67	5301	2	3907
67	5303	2	3908
67	5305	2	3908
67	5307	2	3908
67	5309	2	3908
67	530B	2	3908
67	530D	2	3908
67	530F	2	3908
67	5311	2	3908
67	5313	2	3908
67	5315	2	3908
67	5317	2	3908
67	5319	2	3908
67	531B	2	3908
67	531D	2	3908
67	531F	2	3908
67	5321	2	3908
67	5323	2	3908
67	5325	2	3908
67	5327	2	3908
67	5329	2	3908
67	532B	2	3908
67	532D	2	3908
67	532F	2	3908
67	5331	2	3908
67	5333	2	3908
67	5335	2	3908
67	5337	2	3908
67	533A	2	3908
67	533D	2	3908
67	5340	2	3908
67	5343	2	3908
67	5346	2	3908
67	534C	2	3908
67	534E	2	3908
67	5350	2	3908
67	5352	2	3908
67	5354	2	3908
67	5356	2	3908
67	5358	2	3908
67	535A	2	3908
67	535C	2	3908
67	535E	2	3908
67	5360	2	3908
67	5362	2	3908
67	5364	2	3908
67	5366	2	3908
67	5368	2	3908
67	536A	2	3908
67	536C	2	3908
67	536E	2	3908
67	5370	2	3908
67	5372	2	3908
67	5374	2	3908
67	5376	2	3908
67	5378	2	3908
67	537A	2	3908
67	537C	2	3908
67	537E	2	3908
67	5380	2	3908
67	5382	2	3908
67	5385	2	3908
67	5388	2	3910
67	5389	2	3910
67	538C	2	3910
67	538F	2	3910
67	5392	2	3910
67	5398	2	3912
67	539B	2	3912
67	539E	2	3912
67	53A1	2	3912
67	53A7	2	3914
67	53AA	2	3914
67	53AD	2	3914
67	53B0	2	3914
67	53B6	2	3916
67	53B7	2	3907
67	53BA	2	3907
67	53BD	2	3907
67	53BE	2	3907
67	53BF	2	3907
67	53C0	2	3907
67	53C2	2	3907
67	53C3	2	3907
67	53C4	2	3907
67	53C5	2	3907
67	53C6	2	3907
67	53C7	2	3907
67	53CA	2	3907
67	53CD	2	3907
67	53CF	2	3907
67	53D5	2	3907
67	53DC	6	2001
67	53DF	6	2005
67	53E5	6	2021
67	53E7	6	2021
67	53E8	6	2021
67	53EA	6	2021
67	53EC	6	2021
67	53EF	6	2021
67	53F2	6	2021
67	53F3	6	2021
67	53F5	6	2021
67	53F8	6	2286
67	53FE	6	2301
67	5401	6	2301
67	5402	6	2001
67	5403	6	2001
67	5406	6	2001
67	5409	6	2001
67	540F	6	2005
67	5410	1584	2021
67	5416	1584	2021
67	5419	1584	2022
67	541B	1584	2022
67	541D	1584	2022
67	541E	1584	2022
67	5420	1584	2022
67	5422	1584	2022
67	5424	1584	2022
67	5426	1584	2022
67	5429	1584	2022
67	542A	1584	2022
67	542C	1584	2022
67	542D	1584	2022
67	542F	1584	2022
67	5431	1584	2022
67	5433	1584	2022
67	5434	1584	2022
67	5435	1584	2022
67	5437	1110	2041
67	5439	1110	2041
67	543B	360	2061
67	543E	360	2061
67	543F	360	2061
67	5441	18	2061
67	5443	18	2061
67	5444	18	2061
67	5446	18	2061
67	5448	18	2061
67	544B	18	2061
67	544E	18	2061
67	544F	18	2061
67	5451	18	2061
67	5453	18	2061
67	5456	18	2061
67	5458	474	2022
67	5459	474	2022
67	545C	1584	2022
67	545F	1584	2022
67	5460	1584	2022
67	5462	1584	2022
67	5463	1584	2022
67	5465	1584	2022
67	5467	1584	2022
67	5468	1584	2022
67	5469	1584	2022
67	546A	1584	2022
67	546B	1584	2022
67	5472	6	2022
67	5475	6	2022
67	5478	6	2022
67	547A	6	2022
67	547D	6	2022
67	547F	6	2022
67	5482	6	2022
67	5484	750	2023
67	5487	750	2023
67	5489	750	2023
67	548C	750	2023
67	548E	750	2023
67	5491	6	2148
67	5493	6	2148
67	5495	6	2148
67	5498	6	2148
67	549A	6	2148
67	549C	6	2148
67	549D	6	2148
67	549F	6	2148
67	54A1	6	2148
67	54A3	6	2148
67	54A6	6	2148
67	54A9	6	2148
67	54AC	6	2148
67	54AE	6	2148
67	54B1	6	2148
67	54B3	6	2148
67	54B6	6	2148
67	54B9	828	2149
67	54BC	828	2149
67	54BE	828	2149
67	54C1	828	2149
67	54C3	828	2149
67	54C6	6	2286
67	54C8	6	2286
67	54C9	6	2286
67	54CB	6	2286
67	54CE	6	2286
67	54D0	6	2286
67	54D1	6	2286
67	54D3	6	2286
67	54D6	6	2286
67	54D8	6	2286
67	54DB	6	2286
67	54E1	6	2286
67	54E2	6	2286
67	54E4	6	2286
67	54EA	6	2286
67	54EB	6	2286
67	5503	6	2286
67	5505	6	2286
67	5508	6	2286
67	5535	2	4837
67	5538	2	4837
67	553E	2	4859
67	5541	2	4859
67	5547	2	4875
67	554A	2	5140
67	5550	2	5155
67	5553	2	5155
67	5554	2	4859
67	5555	2	4859
67	5558	2	4859
67	555B	2	4859
67	555C	529	4875
67	5562	529	4875
67	5565	529	4876
67	5567	529	4876
67	5569	529	4876
67	556A	529	4876
67	556C	529	4876
67	556E	529	4876
67	5570	529	4876
67	5572	529	4876
67	5575	529	4876
67	5576	529	4876
67	5578	529	4876
67	5579	529	4876
67	557B	529	4876
67	557D	529	4876
67	557F	529	4876
67	5580	529	4876
67	5581	529	4876
67	5583	371	4895
67	5585	371	4895
67	5587	120	4915
67	558A	120	4915
67	558B	120	4915
67	558D	6	4915
67	558F	6	4915
67	5590	6	4915
67	5592	6	4915
67	5594	6	4915
67	5597	6	4915
67	559A	6	4915
67	559B	6	4915
67	559D	6	4915
67	559F	6	4915
67	55A2	6	4915
67	55A4	158	4876
67	55A5	158	4876
67	55A8	529	4876
67	55AB	529	4876
67	55AC	529	4876
67	55AE	529	4876
67	55AF	529	4876
67	55B1	529	4876
67	55B3	529	4876
67	55B4	529	4876
67	55B5	529	4876
67	55B6	529	4876
67	55B7	529	4876
67	55BE	2	4876
67	55C1	2	4876
67	55C4	2	4876
67	55C6	2	4876
67	55C9	2	4876
67	55CB	2	4876
67	55CE	2	4876
67	55D0	251	4877
67	55D3	251	4877
67	55D5	251	4877
67	55D8	251	4877
67	55DA	251	4877
67	55DD	2	5002
67	55DF	2	5002
67	55E1	2	5002
67	55E4	2	5002
67	55E6	2	5002
67	55E8	2	5002
67	55E9	2	5002
67	55EB	2	5002
67	55ED	2	5002
67	55EF	2	5002
67	55F2	2	5002
67	55F5	2	5002
67	55F7	2	5002
67	55FA	2	5002
67	55FD	2	5002
67	55FF	2	5002
67	5602	2	5002
67	5604	2	5002
67	5607	2	5002
67	560A	276	5003
67	560D	276	5003
67	560F	276	5003
67	5612	276	5003
67	5614	276	5003
67	5617	2	5140
67	5619	2	5140
67	561C	2	5140
67	561E	2	5140
67	561F	2	5140
67	5621	2	5140
67	5624	2	5140
67	5626	2	5140
67	5627	2	5140
67	5629	2	5140
67	562C	2	5140
67	5632	2	5140
67	5634	2	5140
67	5637	2	5140
67	5664	2	5002
67	5666	2	5002
67	5668	2	5002
67	5669	2	5002
67	566B	2	5002
67	566D	2	5002
67	566F	2	5002
67	5671	2	5002
67	5674	2	5002
67	5675	2	5002
67	5677	2	5002
67	567A	2	5002
67	567D	2	5002
67	567E	2	5002
67	567F	2	5002
67	5680	2	5002
67	5682	2	5002
67	5683	2	5002
67	5684	2	5002
67	5685	2	5002
67	5686	2	5002
67	5687	2	5002
67	5688	2	5002
67	5689	2	5002
67	568C	2	5002
67	5692	2	5002
67	5695	2	5002
67	5698	2	5002
67	5699	2	5002
67	569A	2	5002
67	569B	2	5002
67	569D	2	5002
67	569E	2	5002
67	569F	2	5002
67	56A0	2	5002
67	56A1	2	5002
67	56A2	2	5002
67	56A3	2	5002
67	56A4	2	5002
67	56A7	2	5002
67	56AA	2	5002
67	56AD	2	5002
67	56AF	2	5002
67	56B1	2	5002
67	56B2	2	5002
67	56B4	2	5002
67	56B6	2	5002
67	56B8	2	5002
67	56BB	2	5002
67	56BE	2	5002
67	56C1	2	5002
67	56C2	2	5002
67	56C3	2	5002
67	56C4	2	5002
67	56C6	2	5002
67	56C7	2	5002
67	56C8	2	5002
67	56C9	2	5002
67	56CA	2	5002
67	56CB	2	5002
67	56CE	2	5002
67	56D1	2	5002
67	56D3	2	5002
67	56D4	2	5002
67	56D6	2	5002
67	56D9	2	5002
67	56DB	2	5002
67	56DE	2	5002
67	56E1	2	5002
67	56E3	380	5002
67	56E4	380	5002
67	56E5	380	5002
67	56E6	380	5002
67	56E8	380	5002
67	56E9	380	5002
67	56EA	380	5002
67	56EB	380	5002
67	56ED	2	5002
67	56EE	2	5002
67	56EF	2	5002
67	56F0	2	5002
67	56F2	2	5002
67	56F3	2	5002
67	56F5	2	5002
67	56F7	2	5002
67	56F9	2	5002
67	570C	2	5155
67	570F	2	5169
67	5715	2	5185
67	5718	2	5454
67	571E	2	5469
67	5724	2	5471
67	5727	2	5471
67	5728	2	5155
67	572A	2	5155
67	572C	2	5155
67	5732	2	5155
67	5738	2	5155
67	5739	2	5155
67	573C	2	5155
67	573E	2	5155
67	5741	2	5155
67	5744	2	5155
67	5747	2	5155
67	5749	2	5155
67	574B	2	5155
67	574D	2	5155
67	5753	2	5156
67	5756	2	5156
67	5759	2	5156
67	575B	2	5156
67	575D	2	5156
67	575F	2	5156
67	5765	2	5157
67	5768	2	5157
67	576B	2	5157
67	576D	2	5157
67	576F	2	5157
67	5771	2	5157
67	5777	2	5158
67	577A	2	5158
67	577D	2	5158
67	5780	2	5158
67	5782	2	5158
67	5788	2	5158
67	578B	2	5158
67	578E	2	5158
67	5791	2	5158
67	5793	2	5158
67	5799	2	5158
67	579C	2	5158
67	579F	2	5158
67	57A2	2	5158
67	57A4	2	5158
67	57AA	2	5158
67	57AD	2	5162
67	57B0	2	5168
67	57B3	2	5168
67	57B5	2	5168
67	57B8	2	5169
67	57BB	2	5169
67	57BE	2	5169
67	57C0	2	5169
67	57C2	2	5169
67	57C8	2	5169
67	57CB	2	5169
67	57CC	538	5185
67	57D2	538	5185
67	57D5	538	5186
67	57DB	538	5186
67	57DD	538	5186
67	57DF	538	5186
67	57E1	536	5186
67	57E3	536	5186
67	57E5	536	5186
67	57E7	536	5186
67	57E9	536	5186
67	57EB	2	5454
67	57ED	2	5454
67	57EE	2	5454
67	57F0	2	5454
67	57F2	2	5454
67	57F5	2	5454
67	57F8	2	5454
67	57F9	2	5454
67	57FB	2	5454
67	57FE	2	5454
67	57FF	2	5454
67	5801	2	5454
67	5803	2	5454
67	5806	2	5454
67	5842	2	5169
67	5845	2	5169
67	5846	2	5169
67	5849	2	5169
67	584A	2	5169
67	584B	2	5169
67	584C	2	5169
67	584E	2	5169
67	584F	2	5169
67	5850	2	5169
67	5851	2	5169
67	5852	2	5169
67	5853	2	5169
67	5856	2	5169
67	5859	2	5169
67	585E	2	5168
67	5861	2	5168
67	5864	2	5168
67	5867	2	5168
67	586D	2	5168
67	586E	2	5158
67	5871	2	5158
67	5874	2	5158
67	5877	2	5158
67	587D	2	5158
67	587F	2	5158
67	5881	2	5158
67	5883	2	5158
67	5885	2	5158
67	5887	2	5158
67	5889	2	5158
67	588B	2	5158
67	588D	2	5158
67	588F	2	5158
67	5891	2	5158
67	5893	2	5158
67	5895	2	5158
67	5897	2	5158
67	5899	2	5158
67	589B	2	5158
67	589D	2	5158
67	589F	2	5158
67	58A1	2	5158
67	58A3	2	5158
67	58A5	2	5158
67	58A7	2	5158
67	58A9	2	5158
67	58AB	2	5158
67	58AD	2	5158
67	58AF	2	5158
67	58B1	2	5158
67	58B3	2	5158
67	58B9	2	5158
67	58BC	2	5162
67	58BD	2	5162
67	58C0	2	5162
67	58C3	2	5162
67	58C6	2	5162
67	58CC	2	5168
67	6369	9	23
67	636B	9	23
67	636D	9	23
67	6373	9	23
67	6379	9	23
67	637C	9	23
67	637F	9	23
67	6381	9	23
67	6383	9	23
67	6385	9	23
67	638B	9	24
67	638E	9	24
67	6391	9	24
67	6393	9	24
67	6395	9	24
67	6397	9	24
67	639D	9	25
67	63A0	9	25
67	63A3	9	25
67	63A5	9	25
67	63A7	9	25
67	63A9	9	25
67	63AF	9	26
67	63B2	9	26
67	63B5	9	26
67	63B8	9	26
67	63BA	9	26
67	63C0	9	26
67	63C3	9	26
67	63C6	9	26
67	63C9	9	26
67	63CB	9	26
67	63D1	9	26
67	63D4	9	26
67	63D7	9	26
67	63DA	9	26
67	63DC	9	26
67	63E2	9	26
67	63E5	9	26
67	63E8	9	26
67	63EA	9	26
67	63EC	9	26
67	63F2	9	26
67	63F5	9	26
67	63F8	9	26
67	63FB	9	26
67	63FD	9	26
67	6400	9	27
67	6401	3	22
67	6404	3	27
67	640A	3	43
67	640C	3	43
67	640D	3	43
67	640F	3	43
67	6411	3	43
67	6414	3	43
67	6417	3	43
67	6418	3	43
67	641A	3	43
67	641D	3	308
67	6423	3	323
67	6425	3	323
67	6426	3	323
67	6428	3	323
67	642A	3	323
67	642D	3	323
67	642E	3	323
67	6430	3	323
67	6433	3	324
67	6436	3	324
67	6437	3	22
67	6439	3	22
67	643B	3	22
67	6441	3	22
67	6447	3	23
67	644D	3	27
67	644E	3	43
67	644F	3	43
67	6452	795	43
67	6458	795	43
67	645B	795	44
67	645D	795	44
67	645F	795	44
67	6460	795	44
67	6462	795	44
67	6464	795	44
67	6466	795	44
67	6468	795	44
67	646B	795	44
67	646C	795	44
67	646E	795	44
67	646F	795	44
67	6471	795	44
67	6473	795	44
67	6475	795	44
67	6476	795	44
67	6477	795	44
67	6479	558	63
67	647B	558	63
67	647D	180	83
67	6480	180	83
67	6481	180	83
67	6483	9	83
67	6485	9	83
67	6486	9	83
67	6488	9	83
67	648A	9	83
67	648D	9	83
67	6490	9	83
67	6491	9	83
67	6493	9	83
67	6495	9	83
67	6498	9	83
67	649A	237	44
67	649B	237	44
67	649E	795	44
67	64A1	795	44
67	64A2	795	44
67	64A4	795	44
67	64A5	795	44
67	64A7	795	44
67	64A9	795	44
67	64AA	795	44
67	64AB	795	44
67	64AC	795	44
67	64AD	795	44
67	64B4	3	44
67	64B7	3	44
67	64BA	3	44
67	64BC	3	44
67	64BF	3	44
67	64C1	3	44
67	64C4	3	44
67	64C7	378	45
67	64CA	378	45
67	64CC	378	45
67	64CF	378	45
67	64D1	378	45
67	64D4	3	170
67	64D6	3	170
67	64D8	3	170
67	64DB	3	170
67	64DD	3	170
67	64DF	3	170
67	64E2	3	170
67	64E5	3	170
67	64E8	3	170
67	64EA	3	170
67	64ED	3	170
67	64EF	3	170
67	64F2	3	170
67	64F5	414	171
67	64F8	414	171
67	64FA	414	171
67	64FD	414	171
67	64FF	414	171
67	6502	3	308
67	6503	3	308
67	6505	3	308
67	6508	3	308
67	650A	3	308
67	650D	3	308
67	6513	3	308
67	6514	3	308
67	6516	3	308
67	6518	3	308
67	651C	3	308
67	651F	3	308
67	6731	3	11202
67	6733	3	11202
67	6735	3	11202
67	6736	3	11202
67	6738	3	11202
67	673A	3	11202
67	673C	3	11202
67	673E	3	11202
67	673F	3	11202
67	6740	3	11202
67	6741	3	11202
67	6742	3	11202
67	6743	3	11202
67	6744	3	11202
67	6745	3	11202
67	6747	3	11202
67	6748	3	11202
67	674A	3	11202
67	674C	3	11202
67	674E	3	11202
67	674F	8	11822
67	6751	8	11822
67	6753	8	11822
67	6754	8	11822
67	6756	8	11822
67	6758	8	11822
67	675A	8	11822
67	675C	8	11822
67	675D	8	11822
67	675E	8	11822
67	675F	8	11822
67	6761	8	11822
67	6762	8	11822
67	6763	8	11822
67	6764	8	11822
67	6765	8	11822
67	6766	8	11822
67	6767	8	11822
67	6768	8	11822
67	6769	8	11822
67	676A	8	11822
67	676C	8	11822
67	676D	8	11822
67	676E	8	11822
67	676F	8	11822
67	6771	8	11822
67	6772	8	11822
67	6773	8	11822
67	6774	8	11822
67	6776	8	11822
67	6777	8	11822
67	6778	8	11822
67	6779	8	11822
67	677A	8	11822
67	677B	8	11822
67	677C	8	11822
67	677D	8	11822
67	677F	8	11822
67	6780	8	11822
67	6781	8	11822
67	6782	8	11822
67	6784	8	11822
67	6785	8	11822
67	6787	8	11822
67	6789	8	11822
67	678B	8	11822
67	678C	8	11822
67	6807	11	11215
67	6809	11	11215
67	680B	11	11215
67	680C	11	11215
67	680E	11	11215
67	6810	11	11215
67	6812	11	11215
67	6814	11	11215
67	6816	11	11215
67	6817	11	11215
67	6818	11	11215
67	6819	11	11215
67	681B	11	11215
67	681C	11	11215
67	681D	11	11215
67	681F	11	11215
67	6820	11	11215
67	6822	11	11215
67	6824	11	11215
67	6826	11	11215
67	6827	11	11215
67	6828	8	11824
67	682A	8	11824
67	682C	8	11824
67	682D	8	11824
67	682F	8	11824
67	6831	8	11824
67	6833	8	11824
67	6835	8	11824
67	6836	8	11824
67	6837	8	11824
67	6839	8	11824
67	683A	8	11824
67	683C	8	11824
67	683E	8	11824
67	6840	8	11824
67	6841	8	11824
67	6842	17	11202
67	6844	17	11202
67	6846	17	11202
67	6847	17	11202
67	6849	17	11202
67	684B	17	11202
67	684D	17	11202
67	684F	17	11202
67	6850	17	11202
67	6851	17	11202
67	6852	17	11202
67	6853	17	11202
67	6854	17	11202
67	6856	17	11202
67	6857	17	11202
67	6859	17	11202
67	685B	17	11202
67	685D	17	11202
67	685E	17	11202
68	4054	19	2301
68	4056	36	2301
68	4057	36	2301
68	4059	36	2301
68	405B	36	2301
68	405C	36	2301
68	405D	36	2301
68	405F	36	2301
68	4061	36	2301
68	4063	36	2301
68	4065	27	2301
68	4066	27	2301
68	4069	27	2301
68	406A	27	2301
68	406B	27	2301
68	406D	27	2301
68	406E	27	2301
68	406F	27	2301
68	4070	27	2301
68	4071	27	2301
68	4072	27	2301
68	4073	27	2301
68	4074	27	2301
68	4076	27	2301
68	4078	27	2301
68	407A	17	2301
68	407B	17	2301
68	407E	17	2301
68	407F	17	2301
68	4080	17	2301
68	4082	17	2301
68	4083	17	2301
68	4084	17	2301
68	4085	17	2301
68	4086	17	2301
68	4087	17	2301
68	4088	17	2301
68	4089	17	2301
68	408B	19	2301
68	408C	19	2301
68	408D	19	2301
68	409A	2	5002
68	409C	10	5002
68	409D	10	5002
68	409E	10	5002
68	40A0	8	5002
68	40A2	8	5002
68	40A4	7	5002
68	40A6	7	5002
68	40A8	7	5002
68	40AA	7	5002
68	40AB	7	5002
68	40AD	2	5002
68	40AF	2	5002
68	40B1	1	5002
68	40B3	1	5002
68	40B7	10	5002
68	40B8	10	5002
68	40B9	10	5002
68	40BB	5	5002
68	40BD	5	5002
68	40BE	5	5002
68	40C0	5	5002
68	40C2	5	5002
68	40C3	5	5002
68	40C4	5	5002
68	40C6	5	5002
68	40C8	5	5002
68	40CA	5	5002
68	40CC	5	5002
68	40CD	5	5002
68	40CE	5	5002
68	40CF	5	5002
68	40D0	5	5002
68	40D1	5	5002
68	40D3	5	5002
68	40D5	3	5002
68	40D7	2	5002
68	40D8	11	11215
68	40DE	11	11215
68	40DF	11	11215
68	40E2	11	11215
68	40E5	11	11215
68	40E6	11	11215
68	40E7	11	11215
68	40E8	11	11215
68	40E9	11	11215
68	40EA	11	11215
68	40ED	11	11215
68	40F0	11	11215
68	4106	6	2001
68	4108	6	2001
68	410A	6	2001
68	410B	6	2001
68	410D	6	2001
68	410F	6	2001
68	4111	6	2001
68	4113	6	2001
68	4114	6	2001
68	4117	6	2001
68	411A	6	2001
68	411D	6	2001
68	411F	6	2001
68	4120	6	2001
68	4122	6	2001
68	4124	6	2001
68	4126	6	2001
68	4127	3	11202
68	4129	3	11202
68	412B	3	11202
68	412C	3	11202
68	412E	3	11202
68	4130	3	11202
68	4132	3	11202
68	4134	3	11202
68	4135	3	11202
68	4136	3	11202
68	4137	3	11202
68	4138	3	11202
68	4148	3	11202
68	414A	3	11202
68	414B	3	11202
68	414D	3	11202
68	414F	3	11202
68	4151	3	11202
68	417F	3	12066
68	4181	3	12066
68	4183	3	12066
68	4184	3	12066
68	4186	3	12066
68	4188	3	12066
68	418A	3	12066
68	418C	3	12066
68	418D	3	12066
68	418E	3	12066
68	418F	3	12066
68	4192	3	12066
68	4194	3	12066
68	4195	3	12066
68	4197	3	12066
68	4199	3	12066
68	419B	3	12066
68	4252	6	2001
68	4254	6	2001
68	4256	6	2001
68	4259	6	2001
68	425B	6	2001
68	425D	6	2001
68	425E	6	2001
68	4260	6	2001
68	4262	6	2001
68	4264	6	2001
68	4267	6	2001
68	4268	6	2001
68	426B	6	2001
68	426E	6	2001
68	4271	6	2001
68	4273	6	2001
68	4274	6	2001
68	4276	6	2001
68	4279	6	2001
68	427B	6	2001
68	427C	6	2001
68	427E	6	2001
68	4281	6	2001
68	431A	9	308
68	431C	9	308
68	431E	9	308
68	4321	9	308
68	4323	9	308
68	4325	9	308
68	4326	9	308
68	4328	9	308
68	432A	9	308
68	432C	9	308
68	432F	9	308
68	4332	9	308
68	4334	9	308
68	4336	9	308
68	4339	9	308
68	433B	9	308
68	433D	9	308
68	4340	9	308
68	4342	9	308
68	4345	9	308
68	4348	9	308
68	434A	9	308
68	434C	9	308
68	434F	9	308
68	4350	9	308
68	4352	9	308
68	4354	9	308
68	4355	9	308
68	4357	9	308
68	435A	9	308
68	435C	9	308
68	435D	9	308
68	435F	9	308
68	4362	9	308
68	4364	9	308
68	4499	1	20572
68	449B	1	20572
68	449D	1	20572
68	449E	1	20572
68	44A0	1	20572
68	44A2	1	20572
68	44A4	1	20572
68	44A7	1	20572
68	44A9	1	20572
68	44AB	1	20572
68	44AC	1	20572
68	44AE	1	20572
68	44B0	1	20572
68	44B2	1	20572
68	44B5	1	20572
68	44B6	1	20572
68	44B8	1	20572
68	44BB	1	20572
68	44BD	1	20572
68	44BE	1	20572
68	44C0	1	20572
68	44C3	1	20572
68	44C5	1	20572
68	44C7	1	20572
68	44C8	1	20572
68	44CA	1	20572
68	44CD	1	20572
68	44CF	1	20572
68	44D0	1	19864
68	44D2	1	19864
68	44D4	1	19864
68	44D5	1	19864
68	44D7	1	19864
68	44D9	1	19864
68	44DB	1	19864
68	44DE	1	19864
68	44E0	1	19864
68	44E2	1	19864
68	44E5	1	19864
68	44E8	1	19864
68	44EA	1	19864
68	44EB	1	19864
68	44ED	1	19864
68	44EE	1	19864
68	44F0	1	19864
68	44F3	1	19864
68	44F5	1	19864
68	44F6	1	19864
68	44F8	1	19864
68	44FC	4	1176
68	44FE	4	1176
68	4500	4	1176
68	4501	4	1176
68	4503	4	1176
68	4505	4	1176
68	4507	4	1176
68	4508	4	1176
68	450A	4	1176
68	450C	4	1176
68	450E	4	1176
68	4511	4	1176
68	4513	4	1176
68	4515	4	1176
68	4518	4	1176
68	451B	4	1176
68	451D	4	1176
68	451E	4	1176
68	4520	4	1176
68	4521	4	1176
68	4523	4	1176
68	4526	4	1176
68	4528	4	1176
68	452A	4	1176
68	452B	4	1176
68	452D	4	1176
68	4530	4	1176
68	4532	4	1176
68	4533	4	1176
68	4534	4	1176
68	4536	4	1176
68	4538	4	1176
68	4539	4	1176
68	453A	4	1176
68	453B	3	1176
68	453C	3	1176
68	453E	3	1176
68	4540	3	1176
68	4543	3	1176
68	4545	3	1176
68	4547	3	1176
68	4548	3	1176
68	454A	3	1176
68	454C	3	1176
68	454E	3	1176
68	4551	3	1176
68	4552	3	1176
68	4554	3	1176
68	4557	3	1176
68	4559	3	1176
68	455A	3	1176
68	455C	3	1176
68	455F	3	1176
68	4561	3	1176
68	4562	3	1176
68	4564	3	1176
68	4567	3	1176
68	4568	4	10274
68	4569	4	10274
68	456B	4	10274
68	456D	4	10274
68	456E	4	10274
68	4570	4	10274
68	4572	4	10274
68	4574	4	10274
68	4576	4	10274
68	4577	4	10274
68	457A	4	10274
68	457B	4	10274
68	457C	4	10274
68	457D	4	10274
68	457F	4	10274
68	4580	4	10274
68	4581	4	10274
68	4582	4	10274
68	4583	4	10274
68	4584	4	10274
68	4585	4	10274
68	4587	4	10274
68	4588	4	10274
68	458A	4	10274
68	458C	4	10274
68	458E	4	10274
68	458F	4	10274
68	4590	4	10274
68	4591	2	20481
68	4593	2	20481
68	459A	15	308
68	459C	15	308
68	459E	15	308
68	45A1	15	308
68	45A3	15	308
68	45A5	15	308
68	45A6	15	308
68	45A8	15	308
68	45AA	15	308
68	45AC	15	308
68	45AF	15	308
68	45B2	15	308
68	45B5	15	308
68	45B7	2850	308
68	45B8	2850	308
68	45B9	2850	308
68	45BA	2850	308
68	45BC	2850	308
68	45BD	2850	308
68	45BE	2850	308
68	45BF	2850	308
68	45C1	15	308
68	45C2	15	308
68	45C3	15	308
68	45C4	15	308
68	45C5	15	308
68	45C6	15	308
68	45C8	15	308
68	45C9	15	308
68	45CA	15	308
68	45CC	15	308
68	45CE	15	308
68	45CF	15	308
68	45D1	15	308
68	45D4	15	308
68	45D6	15	308
68	45D7	15	308
68	45D9	15	308
68	45DC	15	308
68	45DE	15	308
68	4608	6	2301
68	460A	6	2301
68	460C	6	2301
68	460D	6	2301
68	460F	6	2301
68	4611	6	2301
68	4613	6	2301
68	4615	6	2301
68	4617	6	2301
68	4619	6	2301
68	461C	6	2301
68	461E	6	2301
68	4620	6	2301
68	4621	6	2301
68	4623	6	2301
68	4625	6	2301
68	4627	6	2301
68	462A	6	2301
68	462D	6	2301
68	4630	6	2301
68	4633	6	2301
68	4636	6	2301
68	4639	6	2301
68	463C	6	2301
68	463F	6	2301
68	4642	6	2301
68	4645	6	2301
68	4648	6	2301
68	464B	6	2301
68	464E	6	2301
68	4651	6	2301
68	4654	6	2301
68	4657	6	2301
68	465A	6	2301
68	465D	6	2301
68	4660	6	2301
68	4663	6	2301
68	4666	6	2301
68	4669	6	2301
68	466C	6	2301
68	466F	6	2301
68	4672	6	2301
68	4675	6	2301
68	4678	6	2301
68	467B	6	2301
68	467D	6	2301
68	467E	6	2301
68	4680	6	2301
68	4683	6	2301
68	4685	6	2301
68	4687	6	2301
68	4689	6	2301
68	468A	6	2301
68	468C	6	2301
68	468E	6	2301
68	4690	6	2301
68	4693	6	2301
68	4696	6	2301
68	4699	6	2301
68	469C	6	2301
68	469F	6	2301
68	46A2	6	2301
68	46A5	6	2301
68	46A8	6	2301
68	46AB	6	2301
68	46AE	6	2301
68	46B0	6	2301
68	46B1	6	2301
68	46B3	6	2301
68	46B6	6	2301
68	46B8	6	2301
68	46B9	6	2301
68	46BB	6	2301
68	46BE	6	2301
68	46C0	6	2301
68	46C1	6	2301
68	46C3	6	2301
68	46C5	6	2301
68	46C7	6	2301
68	46C8	1	3903
68	46CA	1	3903
68	46CC	1	3903
68	46CD	1	3903
68	46CF	1	3903
68	46D1	1	3903
68	46D3	1	3903
68	46D5	1	3903
68	46D8	1	3903
68	46DB	1	3903
68	46DC	1	3903
68	46DD	1	3903
68	46DE	1	3903
68	46E0	1	3903
68	46E1	1	3903
68	46E2	1	3903
68	46E3	1	3903
68	46E4	1	3903
68	46E5	1	3903
68	46E8	1	3903
68	46E9	1	3903
68	46EC	1	3903
68	46F2	1	3903
68	46F5	1	3903
68	46F8	1	3903
68	46F9	1	3903
68	46FA	1	3903
68	46FB	1	3903
68	46FD	1	3903
68	46FE	1	3903
68	46FF	1	3903
68	4700	1	3903
68	4701	1	3903
68	4702	1	3903
68	4705	1	3903
68	470B	1	3903
68	470E	1	3903
68	4711	1	3903
68	4712	1	3903
68	4713	1	3903
68	4714	1	3903
68	4716	1	3903
68	4717	1	3903
68	4718	1	3903
68	4719	1	3903
68	471A	1	3903
68	471B	1	3903
68	471E	1	3903
68	471F	1	3903
68	4722	1	3903
68	4725	1	3903
68	472B	1	3903
68	472D	1	3903
68	472E	1	3903
68	4730	1	3903
68	4732	1	3903
68	4734	1	3903
68	4870	3	324
68	4873	3	324
68	4874	3	324
68	4876	3	324
68	4877	3	324
68	4879	3	324
68	487B	3	324
68	487C	3	324
68	487D	3	324
68	487E	3	324
68	487F	3	324
68	4880	3	324
68	4883	3	324
68	4885	3	324
68	4887	3	324
68	4888	3	324
68	488A	3	324
68	488C	3	324
68	488E	3	324
68	488F	3	324
68	4891	3	324
68	4893	3	324
68	4895	3	324
68	4898	3	324
68	489A	3	324
68	489C	3	324
68	489F	3	324
68	48A0	3	324
68	48A1	3	324
68	48A3	3	324
68	48A4	3	324
68	48A6	3	324
68	48A9	3	324
68	48AB	3	324
68	48AD	3	324
68	48AE	3	324
68	48B0	3	324
68	48B3	3	324
68	48B5	3	324
68	48B6	3	324
68	48B8	3	324
68	48BA	3	324
68	48BC	3	324
68	48BE	3	324
68	48C0	3	324
68	48C2	3	324
68	48CE	3	324
68	48D0	3	324
68	48DE	3	324
68	48E1	3	324
68	48E4	3	324
68	48E5	3	324
68	48ED	3	324
68	48F0	3	324
68	48F2	3	324
68	4950	3	324
68	4952	3	324
68	4954	3	324
68	4955	3	324
68	4957	3	324
68	4959	3	324
68	495B	3	324
68	495E	3	324
68	4960	3	324
68	4962	3	324
68	4963	3	324
68	4965	3	324
68	4967	3	324
68	4969	3	324
68	496C	3	324
68	496D	3	324
68	4970	3	324
68	4973	3	324
68	4974	3	324
68	4975	3	324
68	4976	3	324
68	4977	3	324
68	4978	3	324
68	497A	3	324
68	497B	3	324
68	497C	3	324
68	497E	3	324
68	497F	3	324
68	4982	3	324
68	4984	3	324
68	4987	3	324
68	4988	3	324
68	498A	3	324
68	498C	3	324
68	49A0	3	324
68	49A2	3	324
68	49A3	3	324
68	49A5	3	324
68	49A8	3	324
68	49AA	3	324
68	49AC	3	324
68	49AD	3	324
68	49AF	3	324
68	49B2	3	324
68	49B4	3	324
68	49B5	3	324
68	49B6	9	324
68	49B8	9	324
68	49BA	9	324
68	49BB	9	324
68	49BD	9	324
68	49BF	9	324
68	49C1	9	324
68	49C4	9	324
68	49C6	9	324
68	49C8	9	324
68	49C9	9	324
68	49CB	9	324
68	49CD	9	324
68	49CF	9	324
68	49D2	9	324
68	49D5	9	324
68	49D8	9	324
68	49DB	9	324
68	49DC	9	324
68	49DD	9	324
68	49DE	9	324
68	49E1	9	324
68	49E4	9	324
68	49E7	9	324
68	49EA	9	324
68	49EC	9	324
68	49ED	9	324
68	49EF	9	324
68	49F2	9	324
68	49F4	9	324
68	49F6	9	324
68	49F7	9	324
68	49F9	9	324
68	49FC	9	324
68	49FE	9	324
68	49FF	12	324
68	4A02	3048	324
68	4A03	3048	324
68	4A04	3048	324
68	4A05	3048	324
68	4A07	3048	324
68	4A08	3048	324
68	4A09	3048	324
68	4A0A	3048	324
68	4A0B	3048	324
68	4A0C	3048	324
68	4A0E	12	324
68	4A0F	3	22
68	4A11	3	22
68	4A13	3	22
68	4A14	3	22
68	4A16	3	22
68	4A18	3	22
68	4A1A	3	22
68	4A1D	3	22
68	4A1F	3	22
68	4A21	3	22
68	4A22	3	22
68	4A24	3	22
68	4A26	3	22
68	4A28	3	22
68	4A2B	3	22
68	4A2C	3	22
68	4A2F	3	22
68	4A32	3	22
68	4A35	3	22
68	4A37	3	22
68	4A38	3	22
68	4A3A	3	22
68	4A3D	3	22
68	4A3F	3	22
68	4A41	3	22
68	4A42	3	22
68	4A44	3	22
68	4A47	3	22
68	4A49	3	22
68	4F9E	4	1176
68	4F9F	4	1176
68	4FA2	4	1176
68	4FA5	4	1176
68	4FA7	4	1176
68	4FAA	4	1176
68	4FAB	4	1176
68	4FAE	4	1176
68	4FB1	4	1176
68	4FB2	4	1176
68	4FB3	4	1176
68	4FB6	4	1176
68	4FB7	4	1176
68	4FB8	4	1176
68	4FB9	4	1176
68	4FBA	4	1176
68	4FC0	4	1176
68	4FC2	4	1176
68	4FC4	4	1176
68	4FC6	4	1176
68	4FC8	3	1176
68	4FCA	3	1176
68	4FD0	3	1176
68	4FD6	4	1176
68	4FDC	4	1176
68	4FDF	4	1176
68	4FE0	4	1176
68	4FE3	4	1176
68	4FE5	4	1176
68	4FE8	4	1176
68	4FEA	4	1176
68	4FED	4	1176
68	4FF0	4	2001
68	4FF3	4	2001
68	4FF6	4	2001
68	4FF7	4	2001
68	4FF9	4	2001
68	4FFB	4	2001
68	4FFC	4	2001
68	4FFE	4	2001
68	5000	4	2001
68	5002	4	2001
68	5003	4	2001
68	5005	4	2001
68	5007	4	2001
68	5009	4	2001
68	500C	4	2001
68	500E	4	2001
68	5010	4	2001
68	5013	4	2001
68	5014	4	2001
68	5015	4	2001
68	5017	4	2001
68	5018	4	2001
68	501A	4	2001
68	501D	4	2001
68	501F	4	2001
68	5021	4	2001
68	5022	4	2001
68	5024	4	2001
68	5027	4	2001
68	5029	4	2001
68	502C	4	2001
68	502D	4	2001
68	502E	4	2001
68	5031	4	2001
68	5032	4	2001
68	5033	2951	1176
68	5039	2951	1176
68	503C	2951	1182
68	5042	2951	1182
68	5045	2951	1183
68	5048	2951	1183
68	504A	2951	1183
68	504C	4	2001
68	504D	2951	1176
68	5050	2951	1176
68	5053	2951	1176
68	5054	2951	1176
68	5055	2951	1176
68	5056	2951	1176
68	5058	2951	1176
68	5059	2951	1176
68	505A	2951	1176
68	505B	2951	1176
68	505C	2951	1176
68	505D	2951	1176
68	5066	4	1176
68	5068	4	1176
68	506A	4	1176
68	5070	4	1176
68	5076	4	1176
68	5077	4	1176
68	507A	4	1176
68	507D	4	1176
68	507F	4	1176
68	5081	4	1176
68	5082	4	1176
68	5084	4	1176
68	5086	4	1176
68	5088	4	1176
68	5089	4	1176
68	508B	4	1176
68	508D	4	1176
68	508F	4	1176
68	5092	4	1176
68	5094	4	1176
68	5096	4	1176
68	5099	4	1176
68	509A	4	1176
68	509B	4	1176
68	509D	4	1176
68	509E	4	1176
68	50A0	4	1176
68	50A3	4	1176
68	50A5	4	1176
68	50A7	4	1176
68	50A8	4	1176
68	50AA	4	1176
68	50AD	4	1176
68	50AF	4	1176
68	50B0	4	1176
68	50B3	4	1176
68	50B6	4	1176
68	50B9	4	1176
68	50BB	4	1176
68	50BD	4	1176
68	50BF	4	1176
68	50C5	4	1177
68	50C8	4	1177
68	50CB	4	1177
68	50CD	4	1177
68	50CF	4	1177
68	50D1	4	1177
68	50D7	4	1178
68	50DA	4	1178
68	50DD	4	1178
68	50DF	4	1178
68	50E1	4	1178
68	50E3	4	1178
68	50E9	4	1179
68	50EC	4	1179
68	50EF	4	1179
68	50F1	4	1179
68	50F3	4	1179
68	50F5	4	1179
68	50FB	4	1180
68	50FE	4	1180
68	5101	4	1180
68	5103	4	1180
68	5105	4	1180
68	5107	4	1180
68	510D	4	1181
68	5110	4	1181
68	5113	4	1181
68	5116	4	1181
68	5118	4	1181
68	511E	4	1181
68	5121	4	1181
68	5124	4	1181
68	5127	4	1181
68	5129	4	1181
68	512F	4	1181
68	5132	4	1181
68	5134	4	1181
68	5137	4	1182
68	513A	4	1182
68	513D	4	1182
68	513F	4	1182
68	5141	4	1182
68	5147	4	1182
68	514A	4	1182
68	5150	4	1182
68	5152	4	1182
68	5155	4	1182
68	5156	4	1183
68	515C	4	1199
68	515E	4	1199
68	515F	4	1199
68	5161	4	1199
68	5163	4	1199
68	5166	4	1199
68	5169	4	1199
68	516A	4	1199
68	516C	4	1199
68	516E	4	1199
68	5171	4	1199
68	5172	2939	1200
68	5174	2939	1200
68	5176	2939	1200
68	5178	2935	1200
68	517A	2935	1200
68	517C	2935	1200
68	517E	2935	1200
68	5180	2935	1200
68	5182	2935	1200
68	5184	2923	1200
68	5187	4	1984
68	5189	4	1984
68	518A	4	1984
68	518C	4	1984
68	518E	4	1984
68	5191	4	1984
68	5194	4	1984
68	5195	4	1984
68	5197	4	1984
68	5199	4	1984
68	519C	4	1984
68	51CF	12	1818
68	51D2	12	1818
68	51D4	12	1818
68	51D5	12	1818
68	51D8	12	1818
68	51D9	12	1818
68	51DD	12	1818
68	51DE	12	1818
68	51E1	12	1818
68	51E3	12	1818
68	51E4	12	1818
68	51E6	12	1818
68	51E8	12	1818
68	51EB	12	1818
68	51EE	12	1818
68	51EF	12	1818
68	51F1	12	1818
68	51F4	12	1818
68	51F6	12	1818
68	51F9	12	1819
68	51FC	2939	1200
68	51FD	4	1985
68	5203	4	2000
68	5205	4	2000
68	5208	4	2000
68	5209	16	1182
68	520C	16	1182
68	520E	16	1182
68	5210	16	1182
68	5212	16	1182
68	5214	16	1182
68	5215	16	1182
68	5218	16	1182
68	5219	16	1182
68	5220	16	1182
68	5221	16	1182
68	5223	16	1182
68	5226	16	1182
68	5228	16	1182
68	522B	16	1182
68	522C	16	1181
68	522F	16	1181
68	5230	16	1181
68	5245	16	1181
68	5248	16	1181
68	524B	16	1181
68	524E	16	1181
68	5250	16	1181
68	5256	16	1181
68	5259	16	1181
68	525C	16	1181
68	525F	16	1181
68	5262	16	1181
68	5263	16	1181
68	526A	16	1181
68	526D	16	1181
68	526E	16	1181
68	526F	16	1181
68	5270	16	1181
68	5273	16	1181
68	5276	16	1181
68	5279	16	1181
68	527A	16	1181
68	527B	16	1181
68	527C	16	1181
68	527E	16	1181
68	527F	16	1181
68	5280	16	1181
68	5281	16	1181
68	5282	16	1181
68	5283	16	1181
68	5285	16	1181
68	528B	16	1181
68	6AF6	2	4837
68	6AF8	2	4837
68	6AFA	2	4837
68	6B00	2	4837
68	6B06	2	4837
68	6B07	2	4837
68	6B0A	2	4837
68	6B0D	2	4837
68	6B10	2	4837
68	6B13	2	4837
68	6B15	2	4837
68	6B17	2	4837
68	6B19	2	4837
68	6B1F	2	4838
68	6B22	2	4838
68	6B25	2	4838
68	6B27	2	4838
68	6B29	2	4838
68	6B2B	2	4838
68	6B31	2	4839
68	6B34	2	4839
68	6B37	2	4839
68	6B39	2	4839
68	6B3B	2	4839
68	6B3D	2	4839
68	6B43	2	4840
68	6B46	2	4840
68	6B49	2	4840
68	6B4C	2	4840
68	6B4E	2	4840
68	6B54	2	4840
68	6B57	2	4840
68	6B5A	2	4840
68	6B5D	2	4840
68	6B5F	2	4840
68	6B65	2	4840
68	6B68	2	4840
68	6B6B	2	4840
68	6B6E	2	4840
68	6B70	2	4840
68	6B76	2	4840
68	6B79	2	4858
68	6B7B	2	4858
68	6B7E	2	4859
68	6B81	2	4859
68	6B84	2	4859
68	6B86	2	4859
68	6B88	2	4859
68	6B8E	2	4859
68	6B91	2	4859
68	6B94	2	4859
68	6B97	2	4859
68	6C7F	2	4840
68	6C81	2	4840
68	6C87	2	4840
68	6C88	2	4840
68	6C89	2	4840
68	6C8C	2	4840
68	6C8F	2	4840
68	6C92	2	4840
68	6C98	2	4840
68	6C9A	2	4840
68	6C9C	2	4840
68	6C9E	2	4840
68	6CA0	2	4840
68	6CA2	2	4840
68	6CA4	2	4840
68	6CA6	2	4840
68	6CA8	2	4840
68	6CAA	2	4840
68	6CAC	2	4840
68	6CAE	2	4840
68	6CB0	2	4840
68	6CB2	2	4840
68	6CB4	2	4840
68	6CB6	2	4840
68	6CB8	2	4840
68	6CBA	2	4840
68	6CBC	2	4840
68	6CBE	2	4840
68	6CC0	2	4840
68	6CC2	2	4840
68	6CC4	2	4840
68	6CC6	2	4840
68	6CC8	2	4840
68	6CCA	2	4840
68	6CCC	2	4840
68	6CCD	2	4840
68	6CCE	2	4840
68	6CD1	2	4852
68	6CD4	2	4852
68	6CD7	2	4852
68	6CDA	2	4852
68	6CE0	2	4858
68	6CE3	2	4858
68	6CE6	2	4858
68	6CE9	2	4858
68	6CEF	2	4858
75	4000	2184	170
75	4001	2184	170
75	4002	2184	170
75	4003	2184	170
75	4004	2184	170
75	4006	37	170
75	4029	88	44
75	402A	88	44
75	402D	88	44
75	402E	88	44
75	402F	88	44
75	4030	33	44
75	4031	33	44
75	4034	33	44
75	4036	33	44
75	4038	33	44
75	403A	33	44
75	403C	33	44
75	403E	33	44
75	4040	33	44
75	4041	33	44
75	4044	33	44
75	4047	33	44
75	4049	33	44
75	404A	33	44
75	404D	33	44
75	404E	33	44
75	404F	33	44
75	4052	33	44
75	4053	33	44
75	4054	33	44
75	4057	33	44
75	4058	33	44
75	4059	33	44
75	405C	33	44
75	405D	33	44
75	405E	33	44
75	4060	33	44
75	4061	33	44
75	4063	11	44
75	4065	11	44
75	4066	33	44
75	4069	33	44
75	406C	33	44
75	406D	33	44
75	406E	33	44
75	406F	33	44
75	40B4	110	44
75	40B5	110	44
75	40B6	110	44
75	40B9	110	44
75	40BA	110	44
75	40BD	110	44
75	40BE	110	44
75	40C1	110	44
75	40C2	110	44
75	40C3	110	44
75	40C5	110	44
75	40DA	110	44
75	40DB	110	44
75	40DC	22	44
75	40DD	22	44
75	40DF	22	44
75	40E0	22	44
75	40E1	22	44
75	40E4	22	44
75	40E5	22	44
75	40E6	22	44
75	40E7	22	44
75	40E9	22	44
75	40EB	22	44
75	40F9	22	44
75	40FA	22	44
75	40FC	22	44
75	40FE	22	44
75	40FF	22	44
75	4102	22	44
75	4105	22	44
75	4106	22	44
75	4109	22	44
75	410C	22	44
75	410E	22	44
75	4110	22	44
75	4111	22	44
75	4113	22	44
75	4114	22	44
75	4235	11	44
75	4238	11	44
75	4239	11	44
75	423A	11	44
75	423B	11	44
75	423C	11	44
75	423E	11	44
75	4240	11	44
75	4242	11	44
75	4244	11	44
75	4247	11	44
75	424A	11	44
75	424D	12144	44
75	424E	12144	44
75	424F	12144	44
75	4250	12144	44
75	4251	12144	44
75	4252	12144	44
75	4254	11	44
75	4257	11	44
75	4259	11	44
75	425C	11	44
75	425D	11	44
75	425E	11	44
75	4260	11	44
75	4261	11	44
75	4263	11	44
75	4264	11	44
75	4267	11	44
75	4268	11	44
75	4269	11	44
75	426A	11	44
75	426B	11	44
75	426E	11	44
75	426F	11	44
75	4270	11	44
75	4271	11	44
75	4272	11	44
75	4275	11	44
75	4277	11	44
75	427A	11	44
75	427D	11	44
75	427E	11	44
75	4280	11	44
75	4286	11	44
75	4288	11	44
75	428B	11	44
75	428E	2	5002
75	4291	2	5002
75	4293	2	5002
75	42A3	2	5002
75	42A5	2	5002
75	42A8	2	5002
75	42AB	2	5002
75	42AD	2	5002
75	42B0	2	5002
75	42B1	2	5002
75	42B3	2	5002
75	42B4	2	5002
75	42B7	2	5002
75	42B8	2	5002
75	42B9	2	5002
75	42BC	2	5002
75	42BD	2	5002
75	42BE	2	5002
75	42BF	2	5002
75	42C0	2	5002
75	42C1	2	5002
75	42C2	2	5002
75	42C3	2	5002
75	42C4	2	5002
75	42C5	2	5002
75	42C8	2	5002
75	42C9	2	5002
75	42CC	2	5002
75	42CF	2	5002
75	42D1	2	5002
75	42D2	2	5002
75	42D4	2	5002
75	42D5	2	5002
75	42D8	2	5002
75	42DA	2	5002
75	42DD	2	5002
75	42E0	2	5002
75	42E3	2	5002
75	42E4	2	5002
75	42E5	2	5002
75	42E7	2	5002
75	42E9	2	5002
75	42EF	2	5002
75	42F1	2	5002
75	42F2	2	5002
75	42F3	2	5002
75	42F4	2	5002
75	42F5	2	5002
75	42F7	2	5002
75	42F8	2	5002
75	42FB	2	5002
75	42FC	2	5002
75	42FD	2	5002
75	42FE	2	5002
75	42FF	2	5002
75	4301	2	5002
75	4302	2	5002
75	4305	2	5002
75	4306	2	5002
75	4307	2	5002
75	4308	2	5002
75	4309	2	5002
75	430C	2	5002
75	430D	2	5002
75	4310	2	5002
75	4311	2	5002
75	4314	2	5002
75	4315	2	5002
75	4316	2	5002
75	4319	2	5002
75	431C	2	5002
75	431E	2	5002
75	4321	2	5002
75	4324	2	5002
75	4326	2	5002
75	4328	2	5002
75	4329	9	170
75	432C	9	170
75	432E	9	170
75	4331	9	170
75	4333	9	170
75	4336	9	170
75	4339	9	170
75	433B	9	170
75	433E	9	170
75	433F	9	170
75	4341	9	170
75	4344	9	170
75	4347	9	170
75	4348	9	170
75	4349	9	170
75	434A	9	170
75	434B	9	170
75	434C	9	170
75	434D	9	170
75	434E	9	170
75	434F	9	170
75	4352	9	170
75	4353	9	170
75	4354	9	170
75	4355	9	170
75	4356	9	170
75	4359	9	170
75	435A	9	170
75	435D	9	170
75	4360	9	170
75	4362	9	170
75	4365	9	170
75	4368	9	170
75	436B	9	170
75	436C	9	170
75	436D	9	170
75	4370	9	170
75	4371	9	170
75	4372	9	170
75	4374	9	170
75	4376	9	170
75	437C	9	170
75	437E	9	170
75	437F	9	170
75	4380	9	170
75	4382	9	170
75	4385	9	170
75	4388	9	170
75	438A	9	170
75	438D	9	170
75	4390	22	44
75	4392	22	44
75	4393	22	44
75	4395	22	44
75	4396	22	44
75	4437	20	44
75	443A	20	44
75	443C	20	44
75	44B5	22	44
75	44B6	22	44
75	44B9	22	44
75	44BC	22	44
75	44BD	22	44
75	44C0	22	44
75	44C3	22	44
75	44C6	22	44
75	44C8	22	44
75	563A	11	308
75	563D	11	308
75	563F	11	308
75	5642	11	308
75	5643	11	308
75	5646	11	308
75	5647	11	308
75	5648	11	308
75	564B	11	308
75	564E	11	308
75	5651	11	308
75	5654	12144	308
75	5655	12144	308
75	5656	12144	308
75	5657	12144	308
75	5658	12144	308
75	5659	12144	308
75	565B	11	308
75	5671	2458	52
75	5674	2458	52
75	5675	2458	52
75	5676	2458	52
75	5677	2458	52
75	5678	2458	52
75	567B	2458	52
75	567D	2458	52
75	567F	2458	52
75	5682	2458	52
75	5684	2458	52
75	5689	2458	52
75	568A	2458	52
75	568B	2458	52
75	568C	2458	52
75	568F	2458	52
75	5690	2458	52
75	5691	2458	52
75	5692	2458	52
75	5693	33	169
75	5694	33	169
75	5696	33	169
75	5698	33	169
75	5699	33	169
75	569B	33	169
75	569C	33	169
75	569F	33	169
75	56A2	33	169
75	56A5	33	169
75	56A6	33	169
75	56A9	33	169
75	56AA	33	169
75	56AB	33	169
75	56AC	33	169
75	56AD	22	54
75	56AF	22	54
75	56B6	22	54
75	56B9	22	54
75	56BC	22	54
75	56BD	22	54
75	56BE	22	54
75	56C1	22	54
75	56C2	22	54
75	56C3	22	54
75	56C6	22	54
75	56C7	22	54
75	56C8	22	54
75	56CA	22	54
75	56CB	22	54
75	56CD	22	54
75	56CE	22	54
75	56D1	22	54
75	56D2	4541	44
75	56D5	4541	44
75	56D6	4541	44
75	56D9	4541	44
75	56DA	4541	44
75	56DD	1282	44
75	56E0	1282	44
75	56E1	1282	44
75	56E2	1282	44
75	56E3	1282	44
75	56E4	1282	44
75	56E5	1282	44
75	56E6	1282	44
75	56E7	1282	44
75	56E8	1282	44
75	56EA	1282	44
75	56ED	154	44
75	56EE	154	44
75	56EF	154	44
75	56F2	154	44
75	56F5	154	44
75	56F6	154	44
75	56F8	154	44
75	56F9	154	44
75	56FB	154	44
75	56FC	154	44
75	56FF	88	44
75	5702	88	44
75	5704	88	44
75	5706	88	44
75	5708	88	44
75	5709	88	44
75	570C	88	44
75	570D	88	44
75	570E	88	44
75	5711	88	44
75	5712	88	44
75	5713	88	44
75	5716	88	44
75	5719	88	44
75	571B	88	44
75	571D	22	44
75	5720	22	44
75	5721	22	44
75	5723	66	51
75	5726	66	51
75	5728	66	51
75	572A	66	51
75	572C	66	51
75	572E	66	51
75	5730	66	51
75	5734	66	51
75	5735	66	51
75	5737	66	51
75	573A	66	51
75	573B	66	51
75	573D	66	51
75	573E	66	51
75	5741	66	51
75	5743	66	51
75	5746	66	51
75	5747	66	51
75	574A	66	51
75	574B	66	51
75	574C	66	51
75	574D	66	51
75	5750	66	51
75	5751	66	51
75	5752	66	51
75	5753	66	51
75	5756	66	51
75	5757	66	51
75	5758	66	51
75	5759	66	51
75	575C	66	51
75	575E	66	51
75	5764	66	51
75	5767	66	51
75	5769	66	51
75	576B	66	51
75	576D	66	51
75	576F	66	51
75	5771	66	51
75	5773	66	51
75	5775	66	51
75	5777	66	51
75	5779	66	51
75	5781	66	51
75	5782	66	51
75	5785	22	44
75	5786	22	44
75	5789	22	44
75	578C	22	44
75	578D	22	44
75	578E	22	44
75	578F	22	44
75	5790	22	44
75	5792	66	44
75	5793	66	44
75	5794	66	44
75	5796	66	44
75	5797	66	44
75	5799	22	44
75	579A	22	44
75	579B	22	44
75	579E	22	44
75	579F	22	44
75	57A0	22	44
75	57F4	3259	51
75	57F7	3259	51
75	57F8	3259	51
75	57FA	2458	52
75	57FB	2458	52
75	57FD	2194	52
75	57FE	2194	52
75	5801	264	52
75	5804	801	51
75	5807	801	51
75	5808	801	51
75	5809	801	51
75	580B	735	51
75	580D	735	51
75	580F	66	52
75	5811	801	51
75	5813	801	51
75	5814	801	51
75	5816	669	51
75	5818	669	51
75	581A	669	51
75	581B	669	51
75	581E	669	51
75	581F	669	51
75	5820	669	51
75	584C	132	52
75	584D	132	52
75	584F	132	52
75	5850	132	52
75	5852	66	52
75	5853	66	52
75	5854	66	52
75	5855	66	52
75	5858	66	52
75	585A	198	52
75	585B	198	52
75	585C	198	52
75	585E	66	52
75	5861	66	52
75	5863	66	52
75	5870	66	52
75	5873	66	52
75	5874	66	52
75	5877	66	52
75	5878	66	52
75	587A	264	52
75	587D	264	52
75	587F	264	52
75	5880	264	52
75	5882	66	52
75	5883	66	52
75	5884	66	52
75	5886	66	52
75	5889	66	52
75	588A	66	52
75	588B	66	52
75	588D	22	54
75	588E	22	54
75	5890	1930	52
75	5893	1930	52
75	5896	1930	52
75	5897	1930	52
75	5899	44	52
75	589A	44	52
75	589B	44	52
75	589C	44	52
75	589E	264	52
75	58A0	264	52
75	58A1	264	52
75	58A4	264	52
75	58A7	264	52
75	58A8	264	52
75	58AA	264	52
75	58AB	264	52
75	58AD	132	52
75	58B0	132	52
75	58B2	132	52
75	58B3	132	52
75	58B5	132	52
75	58B6	132	52
75	58B7	132	52
75	58C0	132	52
75	58C2	132	52
75	58C3	132	52
75	58C5	66	52
75	58C6	66	52
75	58C7	66	52
75	58C8	4541	44
75	58CB	4541	44
75	58CD	4541	44
75	58CE	2194	52
75	58D0	2194	52
75	58D1	2194	52
75	58D3	2194	52
75	58D6	2194	52
75	58D7	2194	52
75	58D8	2194	52
75	58D9	2194	52
75	58DA	2194	52
75	58DB	2194	52
75	58DE	2194	52
75	58DF	2194	52
75	58E2	2194	52
75	58E5	2194	52
75	58E8	2194	52
75	58E9	2194	52
75	58EA	64326	44
75	58ED	64326	44
75	58EF	64326	44
75	58F2	64326	44
75	58F5	64326	44
75	58F8	64326	44
75	58F9	64326	44
75	58FB	64326	44
75	58FD	60839	51
75	58FE	60839	51
75	58FF	60839	51
75	5900	60839	51
75	5901	60839	51
75	5902	60839	51
75	5904	60839	51
75	5906	60839	51
75	5907	60839	51
75	5908	60839	51
75	5933	64326	44
75	5936	64326	44
75	5938	64326	44
75	593B	63044	44
75	593D	63044	44
75	5940	59785	44
75	5943	59785	44
75	5945	59785	44
75	5948	59774	44
75	594B	59774	44
75	594C	59774	44
75	594F	242	51
75	5950	242	51
75	5951	242	51
75	5954	44	51
75	5957	44	51
75	595A	44	51
75	595C	44	51
75	595F	44	51
75	5961	44	51
75	5963	44	51
75	5964	44	51
75	5966	44	51
75	5969	22	169
75	596B	22	169
75	5990	22	169
75	5991	22	169
75	5992	22	169
75	5995	22	169
75	5997	22	169
75	599A	22	169
75	59FC	22	51
75	59FE	22	51
75	5A01	22	51
75	5A04	22	51
75	5A06	22	51
75	5A09	22	51
75	5A0C	22	51
75	5A0F	22	51
75	5A11	22	51
75	5A14	22	51
75	5A36	3259	51
75	5A39	3259	51
75	5A3A	3259	51
75	5A3B	3259	51
75	5A3D	2458	52
75	5A3F	2458	52
75	5A41	264	52
75	5A42	264	52
75	5A44	264	52
75	5A46	198	52
75	5A48	198	52
75	5A4A	3127	51
75	5A4C	3259	51
75	5A4E	3259	51
75	5A51	801	51
75	5A54	801	51
75	5A55	801	51
75	5AC3	66	52
75	5AC5	66	52
75	5AC7	66	52
75	5ACA	66	52
75	5ACB	66	52
75	5ACD	66	52
75	5AD0	66	52
75	5AD2	66	52
75	5B2B	1282	44
75	5B2E	1282	44
75	5B2F	1282	44
75	5B30	1282	44
75	5B31	1282	44
75	5B32	1282	44
75	5B34	1282	44
75	5B35	1282	44
75	5B36	1282	44
75	5B37	1282	44
75	5B38	4541	44
75	5B3B	4541	44
75	5B3D	4541	44
75	5B3F	4541	44
75	5B41	4541	44
75	5B43	4541	44
75	5B45	64326	44
75	5B46	66	52
75	5B47	66	52
75	5B4A	66	52
75	5B4D	66	52
75	5B50	66	52
75	5B51	66	52
75	5B52	66	52
75	5B55	66	52
75	5B58	66	52
75	5B5A	66	52
75	5B5C	66	52
75	5B63	66	52
75	5B66	66	52
75	5B68	66	52
75	5B6C	66	52
75	5B6D	66	52
75	5B70	66	52
75	5B71	66	52
75	5B73	66	52
75	5B76	66	52
75	5B79	66	52
75	5B7B	66	52
75	5B7E	66	52
75	5B80	66	52
75	5B83	66	52
75	5B85	66	52
75	5B88	66	52
75	5B8A	66	52
75	5B8C	66	52
75	5B8E	66	52
75	5B90	66	52
75	5B92	66	52
75	5B94	66	52
75	5B96	66	52
75	5B98	48	52
75	5B9A	48	52
75	5B9C	44	52
75	5B9E	44	52
75	5BA1	44	52
75	5BA3	44	52
75	5BA5	44	52
75	5BA7	44	52
75	5BA9	44	52
75	5BAB	44	52
75	5BAE	22	54
75	5BB0	22	54
75	5BB3	22	54
75	5BB5	22	54
75	5BB8	22	54
75	5BBB	22	54
75	5BBD	22	54
75	5BBF	22	54
75	5BC2	22	54
75	5BC3	22	54
75	5BC6	22	54
75	5BF9	18	186
75	5BFC	18	186
75	5BFD	18	186
75	5BFE	18	186
75	5BFF	18	186
75	5C02	18	186
75	5C03	18	186
75	5C04	18	186
75	5C05	18	186
75	5C06	18	186
75	5C09	18	186
75	5C0B	18	186
75	5C0E	18	186
75	5C0F	4	5017
75	5C12	4	5017
75	5C15	4	5017
75	5C17	4	5017
75	5C1A	4	5017
75	5C1C	4	5017
75	5C1F	4	5017
75	5D42	22	52
75	5D45	22	52
75	5D48	22	52
75	5D4A	198	52
75	5D4B	198	52
75	5D4C	198	52
75	5D4D	198	52
75	5D4F	198	52
75	5D50	198	52
75	5D51	198	52
75	5D53	22	52
75	5D54	22	52
75	5D55	22	52
75	5D57	22	52
75	5D5A	22	52
75	5D5C	22	52
75	5D5E	22	52
75	5D60	22	52
75	5D62	22	52
75	5D65	22	52
75	5D67	22	52
75	5D6A	22	52
75	5E31	66	52
75	5F08	22	52
75	5F0B	44	52
75	5F0E	44	52
75	5F10	88	44
75	5F13	88	44
75	5F14	88	44
75	5F17	88	44
75	5F19	88	44
75	5F20	88	44
75	5F22	88	44
75	5F24	88	44
75	5F26	88	44
75	5F27	88	44
75	5F2A	88	44
75	5F2C	88	44
75	5F2E	88	44
75	5F2F	88	44
75	5F32	88	44
75	5F33	88	44
75	5F36	88	44
75	5F37	88	44
75	5F3A	88	44
75	5F3B	88	44
75	5F3E	88	44
75	5F3F	88	44
75	5F42	88	44
75	5F43	88	44
75	5F46	88	44
75	5F47	88	44
75	5F4A	88	44
75	5F4B	88	44
75	5F4E	88	44
75	5F51	88	44
75	5F52	88	44
75	5F53	88	44
75	5F55	88	44
75	5F58	88	44
75	5F59	88	44
75	5F5C	88	44
75	5F5D	88	44
75	5F60	88	44
75	5F62	88	44
75	5F65	88	44
75	5F68	88	44
75	5F6A	88	44
75	5F6B	88	44
75	5F6C	22	170
75	5F6D	22	170
75	5F70	22	170
75	5F71	22	170
75	5F72	22	170
75	5F73	22	170
75	5F75	424	170
75	5F78	424	170
75	5F7A	22	170
75	5F7C	88	170
75	5F7F	88	170
75	5F81	22	170
75	5F82	22	170
75	5F83	22	170
75	5F86	22	170
75	5F87	22	170
75	5F88	22	170
75	5F89	22	170
75	5F8A	22	170
75	5F8B	22	170
75	5F8C	22	170
75	5F8D	22	170
75	5F8E	22	170
75	5F90	22	170
75	5F91	22	170
75	5F92	22	170
75	5F93	22	170
75	5F94	22	170
75	5F95	22	170
75	5F96	512	170
75	5F97	512	170
75	5F98	512	170
75	5F99	512	170
75	5F9A	512	170
75	5F9C	512	170
75	5F9D	512	170
75	5F9E	512	170
75	5F9F	512	170
75	6149	64326	44
75	614C	64326	44
75	614E	64326	44
75	614F	56375	52
75	6152	56375	52
75	6154	56375	52
75	6155	56364	52
75	6156	56364	52
75	6158	56364	52
75	615A	56364	52
75	615C	56364	52
75	615E	56364	52
75	6160	56364	52
75	6162	56364	52
75	6164	56364	52
75	6166	56364	52
75	6168	56364	52
75	616A	56364	52
75	616D	56364	52
75	616F	56364	52
75	6170	56364	52
75	6172	56364	52
75	6174	56364	52
75	6177	56364	52
75	6178	56364	52
75	6179	56364	52
75	617A	56364	52
75	617B	56364	52
75	617C	56364	52
75	617F	56364	52
75	6180	56364	52
75	6181	56364	52
75	61F1	28171	52
75	61F2	28171	52
75	61F4	28160	54
75	61F5	28160	54
75	61F7	28149	54
75	61F8	28149	54
75	61F9	11	52
75	61FC	11	52
75	61FD	11	52
75	61FF	11	52
75	620B	11	54
75	620E	11	54
75	620F	11	54
75	6210	11	54
75	6211	11	54
75	6214	11	54
75	6216	11	54
75	6218	11	54
75	621A	11	54
75	621B	11	54
75	621D	11	54
75	6221	11	54
75	6223	11	54
75	6226	11	54
75	6227	11	54
75	6229	11	54
75	622A	11	54
75	622B	11	54
75	622C	11	54
75	622D	11	54
75	622E	11	54
75	622F	11	54
75	6230	11	54
75	6235	11	54
75	6238	11	54
75	6239	11	54
75	623A	11	54
75	623D	11	54
75	623F	11	54
75	6241	11	54
75	6264	22	52
75	6266	22	52
75	6269	22	52
75	6351	2	5010
75	6354	2	5010
75	6356	2	5010
75	6357	2	5010
75	6359	2	5010
75	635C	2	5010
75	635D	2	5010
75	6371	18	178
75	6373	18	178
75	6376	18	178
75	75E8	5126	5010
75	75E9	5126	5010
75	75EB	5124	5017
75	75EC	5124	5017
75	75EE	5122	5021
75	75EF	5122	5021
75	75F1	5120	5023
75	75F2	5120	5023
75	75F4	5118	5023
75	75F5	5118	5023
75	75F6	2	5010
75	75F8	2	5010
75	75FB	2	5017
75	75FE	2	5017
75	75FF	2	5017
75	7604	2	5017
75	7607	2	5017
75	7608	2	5017
75	7609	2	5017
75	760A	2	5017
75	760B	2	5017
75	760D	2	5017
75	760E	2	5017
75	760F	2	5017
75	7612	2	5017
75	7613	2	5017
75	7614	2	5017
75	7615	2	5017
75	7616	2	5017
75	7619	2	5017
75	761A	2	5017
75	761B	2	5017
75	761E	2	5017
75	7621	2	5017
75	7623	2	5017
75	7624	2	5017
75	7626	2	5017
75	7628	2	5017
75	762B	2	5017
75	762E	2	5021
75	7631	2	5023
75	7634	23067	178
75	7635	23067	178
75	7637	23058	186
75	7638	23058	186
75	763A	23049	190
75	763B	23049	190
75	763D	23040	191
75	763E	23040	191
75	7640	23031	191
75	7641	23031	191
75	7642	9	178
75	7645	9	178
75	7648	9	186
75	764B	9	186
75	764C	9	186
75	764E	9	186
75	7650	9	186
75	7655	9	186
75	7658	9	186
75	765A	9	186
75	765B	9	186
75	765D	9	186
75	765E	9	186
75	7661	9	186
75	7663	9	186
75	7666	9	186
75	7669	9	186
75	766A	9	186
75	766B	9	186
75	766C	9	186
75	766F	9	186
75	7670	9	186
75	7671	9	186
75	7672	9	186
75	7675	9	186
75	7676	9	186
75	7677	9	186
75	767A	9	186
75	767D	9	190
75	7680	9	191
7C	7D1F	3	1176
7C	7D21	3	1176
7C	7D23	3	1176
7C	7D24	3	1176
7C	7D26	3	1176
7C	7D28	3	1176
7C	7D2A	3	1176
7C	7D2D	3	1176
7C	7D2F	3	1176
7C	7D31	3	1176
7C	7D32	3	1176
7C	7D34	3	1176
7C	7D36	3	1176
7C	7D38	3	1176
7C	7D3B	3	1176
7C	7D3C	3	1176
7C	7D3F	3	1176
7C	7D41	3	1176
7C	7D42	3	1176
7C	7D44	3	1176
7C	7D47	3	1176
7C	7D49	3	1176
7C	7D4B	3	1176
7C	7D4C	3	1176
7C	7D4E	3	1176
7C	7D51	3	1176
7C	7D53	3	1176
7C	7D54	3	1176
7C	7D57	4	1176
7C	7D5D	4	2001
7C	7E08	4	2001
7C	7E0E	1	20685
7D	7B7C	18182	327
7D	7B7E	18182	327
7D	7B80	18182	327
7D	7B82	18182	327
7D	7B84	18182	327
7D	7B86	18182	327
7D	7B88	18182	327
7D	7B89	18182	327
7D	7B8B	18182	327
7D	7B8D	18182	327
7D	7B8F	18182	327
7D	7B91	18182	327
7D	7B93	18182	327
7D	7B95	18182	327
7D	7B97	18182	327
7D	7B99	18182	327
7D	7B9B	18182	327
7D	7B9C	18182	327
7D	7B9E	18182	327
7D	7B9F	18182	327
7D	7BA1	18182	327
7D	7BA3	18182	327
7D	7BA4	120	11128
7D	7BA6	120	11128
7D	7BA7	120	11128
7D	7BA9	2	11128
7D	7BAA	2	11128
7D	7BAD	120	11128
7D	7BB0	120	11128
7D	7BB1	120	11128
7D	7BB3	120	11128
7D	7BB6	120	11128
7D	7BB7	18062	327
7D	7BB8	18062	327
7D	7BB9	18062	327
7D	7BBA	18062	327
7D	7BBD	18062	327
7D	7BBE	18062	327
7D	7BBF	18062	327
7D	7BC0	18062	327
7D	7BC1	18182	327
7D	7BC4	18182	327
7D	7BC6	18182	327
7D	7BC7	18182	327
7D	7BC8	18182	327
7D	7BCA	18182	327
7D	7BCB	18182	327
7D	7BCD	18182	327
7D	7BD0	18182	327
7D	7BD2	18182	327
7D	7BD4	145456	327
7D	7BD7	145456	327
7D	7BD9	145456	327
7D	7BDB	174	460
7D	7BDC	174	460
7D	7BDD	174	460
7D	7BDE	174	460
7D	7BE4	145456	327
7D	7BE5	145456	327
7D	7BE7	145456	327
7D	7BE8	145456	327
7D	7BEA	18182	327
7D	7BEC	18182	327
7D	7BED	18182	327
7D	7BEF	18182	327
7D	7BF0	6	16
7D	7BF1	6	16
7D	7BF3	6	16
7D	7BF5	6	16
7D	7BF7	6	16
7D	7BF9	6	16
7D	7BFC	6	16
7D	7BFE	6	16
7D	7C00	54	16
7D	7C01	54	16
7D	7C04	54	16
7D	7C05	54	16
7D	7C08	54	16
7D	7C0B	54	16
7D	7C0D	432	16
7D	7C0E	432	16
7D	7C0F	432	16
7D	7C11	54	16
7F	4007	213	2640
7F	400A	213	2640
7F	400D	213	2640
7F	400E	213	2640
7F	400F	213	2640
7F	4011	213	2640
7F	4013	213	2640
7F	4015	213	2640
7F	4017	213	2640
7F	401B	213	2640
7F	401D	213	2640
7F	401E	213	2640
7F	4020	213	2640
7F	4021	213	2640
7F	4022	213	2640
7F	4024	213	2640
7F	4027	213	2640
7F	4029	1704	2640
7F	402A	1704	2640
7F	402C	621	2640
7F	402D	1704	2640
7F	402F	1704	2640
7F	4031	1704	2640
7F	4032	1704	2640
7F	4034	213	2640
7F	4035	213	2640
7F	4036	213	2640
7F	4039	213	2640
7F	403A	213	2640
7F	403B	213	2640
7F	403C	213	2640
7F	403D	213	2640
7F	403F	213	2640
7F	4041	213	2640
7F	405F	347	2306
7F	4065	347	2306
7F	4068	347	2306
7F	406B	347	2306
7F	406E	347	2306
7F	4071	347	2306
7F	4072	347	2306
7F	4073	347	2306
7F	4074	347	2306
7F	4076	347	2306
7F	4078	184	2307
7F	407A	184	2307
7F	407C	163	2306
7F	407E	347	2306
7F	407F	347	2306
7F	4081	347	2306
7F	4087	347	2306
7F	4089	347	2306
7F	408A	347	2306
7F	408C	347	2306
7F	408E	184	2307
7F	4090	184	2307
7F	4092	184	2307
7F	4094	163	2306
7F	4095	163	2306
7F	4097	163	2306
7F	4099	129	2306
7F	409B	129	2306
7F	409D	129	2306
7F	409F	34	2306
7F	40A1	34	2306
7F	40A3	347	2306
7F	40A4	347	2306
7F	40A5	347	2306
7F	40A6	347	2306
7F	40A7	347	2306
7F	40A8	347	2306
7F	40AA	347	2306
7F	40AB	347	2306
7F	40AC	347	2306
7F	40AD	347	2306
7F	40AE	347	2306
7F	40AF	347	2306
7F	40B0	347	2306
7F	40B1	347	2306
7F	40B3	347	2306
7F	40B4	347	2306
7F	40B5	347	2306
7F	40B7	347	2306
7F	40B8	347	2306
7F	40B9	347	2306
7F	40BA	347	2306
7F	40BB	347	2306
7F	40BC	347	2306
7F	40BD	347	2306
7F	40C0	347	2306
7F	40C1	347	2306
7F	40C2	347	2306
7F	40C3	347	2306
7F	40C4	347	2306
7F	40C6	347	2306
7F	40C7	347	2306
7F	40C8	347	2306
7F	40C9	347	2306
7F	40CA	347	2306
7F	40CD	347	2306
7F	40CE	347	2306
7F	40CF	347	2306
7F	40D0	347	2306
7F	40D1	347	2306
7F	40D3	347	2306
7F	40D4	347	2306
7F	40D5	347	2306
7F	40D6	347	2306
7F	40D7	347	2306
7F	40D8	347	2306
7F	40D9	347	2306
7F	40DA	347	2306
7F	40DB	347	2306
7F	40DC	347	2306
7F	40DF	347	2306
7F	40E2	347	2306
7F	40E3	347	2306
7F	40E4	347	2306
7F	40E5	347	2306
7F	40E6	347	2306
7F	40E7	347	2306
7F	40E8	347	2306
7F	40E9	347	2306
7F	40EC	347	2306
7F	40EF	347	2306
7F	40F2	347	2306
7F	40F3	347	2306
7F	40F4	347	2306
7F	40F5	347	2306
7F	40F6	347	2306
7F	40F7	347	2306
7F	40F8	347	2306
7F	41D0	694	2306
7F	41D1	694	2306
7F	41D2	694	2306
7F	41D3	694	2306
7F	41D6	694	2306
7F	41D8	11104	2306
7F	41DA	11104	2306
7F	41DC	11104	2306
7F	41DE	2429	2306
7F	41DF	11104	2306
7F	41E1	11104	2306
7F	41E3	11104	2306
7F	41E4	11104	2306
7F	41E6	694	2306
7F	41E7	694	2306
7F	41E8	694	2306
7F	41E9	694	2306
7F	41EA	907	2306
7F	41EB	907	2306
7F	41ED	907	2306
7F	41EF	907	2306
7F	41F1	907	2306
7F	41F3	907	2306
7F	41F4	907	2306
7F	41F5	907	2306
7F	41F6	907	2306
7F	41F8	907	2306
7F	41FB	907	2306
7F	41FC	907	2306
7F	41FD	907	2306
7F	41FE	907	2306
7F	41FF	907	2306
7F	4200	907	2306
7F	4201	907	2306
7F	4275	907	2306
7F	4277	907	2306
7F	4278	10884	2306
7F	427A	10884	2306
7F	427B	10884	2306
7F	427C	10884	2306
7F	427D	10884	2306
7F	427E	10884	2306
7F	427F	10884	2306
7F	4280	10884	2306
7F	4281	10884	2306
7F	4283	907	2306
7F	42C3	907	2306
7F	42C4	907	2306
7F	42C5	907	2306
7F	42C8	907	2306
7F	42C9	907	2306
7F	42CA	907	2306
7F	42CB	907	2306
7F	42CD	907	2306
7F	42CF	907	2306
7F	42D1	907	2306
7F	42D2	907	2306
7F	42D4	907	2306
7F	42D6	907	2306
7F	42D8	907	2306
7F	42DA	907	2306
7F	42DB	907	2306
7F	42DE	907	2306
7F	42E1	9883	2306
7F	42E2	9883	2306
7F	42E4	8976	2306
7F	42E5	8976	2306
7F	42E7	907	2306
7F	42E9	907	2306
7F	42EA	907	2306
7F	42EB	907	2306
7F	42EC	907	2306
7F	42EE	907	2306
7F	42F0	289	2641
7F	42F2	289	2641
7F	42F3	289	2641
7F	42F5	289	2641
7F	42F7	289	2641
7F	42F9	907	2306
7F	42FA	907	2306
7F	42FC	907	2306
7F	42FE	907	2306
7F	4300	907	2306
7F	4302	907	2306
7F	4304	907	2306
7F	4306	907	2306
7F	4308	907	2306
7F	430A	907	2306
7F	430C	907	2306
7F	430D	907	2306
7F	430E	907	2306
7F	430F	907	2306
7F	4311	907	2306
7F	4314	907	2306
7F	4315	907	2306
7F	4316	907	2306
7F	4319	907	2306
7F	431C	907	2306
7F	431D	907	2306
7F	431E	907	2306
7F	4321	907	2306
7F	4322	907	2306
7F	4323	907	2306
7F	4324	907	2306
7F	4325	907	2306
7F	4326	907	2306
7F	4327	907	2306
7F	4328	907	2306
7F	432B	907	2306
7F	432C	907	2306
7F	432E	907	2306
7F	432F	907	2306
7F	4330	3583	2306
7F	4331	3583	2306
7F	4333	2676	2306
7F	4335	2676	2306
7F	4337	2676	2306
7F	4339	907	2306
7F	433A	907	2306
7F	433D	907	2306
7F	433E	907	2306
7F	433F	907	2306
7F	4340	907	2306
7F	4341	907	2306
7F	4342	907	2306
7F	4343	907	2306
7F	4344	907	2306
7F	4345	907	2306
7F	4348	907	2306
7F	4349	907	2306
7F	434A	907	2306
7F	434B	907	2306
7F	434C	907	2306
7F	434D	907	2306
7F	434E	907	2306
7F	434F	907	2306
7F	4350	907	2306
7F	4352	907	2306
7F	4368	907	2306
7F	4369	907	2306
7F	436A	907	2306
7F	436B	907	2306
7F	436C	907	2306
7F	436D	907	2306
7F	4370	907	2306
7F	4371	907	2306
7F	4373	907	2306
7F	4374	907	2306
7F	4375	3583	2306
7F	4376	3583	2306
7F	4378	2676	2306
7F	437A	2676	2306
7F	437C	2676	2306
7F	437E	907	2306
7F	437F	907	2306
7F	4382	907	2306
7F	4383	907	2306
7F	4384	907	2306
7F	4385	907	2306
7F	4386	907	2306
7F	4387	907	2306
7F	4388	907	2306
7F	4389	907	2306
7F	438A	907	2306
7F	438D	907	2306
7F	438E	907	2306
7F	438F	907	2306
7F	4390	907	2306
7F	4391	907	2306
7F	4392	907	2306
7F	4393	907	2306
7F	4394	907	2306
7F	4395	907	2306
7F	4397	907	2306
7F	43AD	907	2306
7F	43AE	907	2306
7F	43AF	907	2306
7F	43B0	907	2306
7F	43B1	907	2306
7F	43B2	907	2306
7F	43B5	907	2306
7F	43B6	907	2306
7F	43B8	907	2306
7F	43B9	907	2306
7F	43BA	3583	2306
7F	43BB	3583	2306
7F	43BD	2676	2306
7F	43BF	2676	2306
7F	43C1	2676	2306
7F	43C3	907	2306
7F	43C4	907	2306
7F	43C7	907	2306
7F	43C8	907	2306
7F	43C9	907	2306
7F	43CA	907	2306
7F	43CB	907	2306
7F	43CC	907	2306
7F	43CD	907	2306
7F	43CE	907	2306
7F	43CF	907	2306
7F	43D2	907	2306
7F	43D3	907	2306
7F	43D4	907	2306
7F	43D5	907	2306
7F	43D6	907	2306
7F	43D7	907	2306
7F	43D8	907	2306
7F	43D9	907	2306
7F	43DA	907	2306
7F	43DC	907	2306
7F	43F2	907	2306
7F	43F3	907	2306
7F	43F4	907	2306
7F	43F5	907	2306
7F	43F6	907	2306
7F	43F7	907	2306
7F	43FA	907	2306
7F	43FB	907	2306
7F	43FD	907	2306
7F	43FE	907	2306
7F	43FF	3583	2306
7F	4400	3583	2306
7F	4402	2676	2306
7F	4404	2676	2306
7F	4406	2676	2306
7F	4408	907	2306
7F	4409	907	2306
7F	440C	907	2306
7F	440D	907	2306
7F	440E	907	2306
7F	440F	907	2306
7F	4410	907	2306
7F	4411	907	2306
7F	4412	907	2306
7F	4413	907	2306
7F	4414	907	2306
7F	4417	907	2306
7F	4418	907	2306
7F	4419	907	2306
7F	441A	907	2306
7F	441B	907	2306
7F	441C	907	2306
7F	441D	907	2306
7F	441E	907	2306
7F	441F	907	2306
7F	4421	907	2306
7F	4437	907	2306
7F	4438	907	2306
7F	4439	907	2306
7F	443A	907	2306
7F	443B	907	2306
7F	443C	907	2306
7F	443F	907	2306
7F	4440	907	2306
7F	4442	907	2306
7F	4443	907	2306
7F	4444	3583	2306
7F	4445	3583	2306
7F	4447	2676	2306
7F	4449	2676	2306
7F	444B	2676	2306
7F	444D	907	2306
7F	444E	907	2306
7F	4451	907	2306
7F	4452	907	2306
7F	4453	907	2306
7F	4454	907	2306
7F	4455	907	2306
7F	4456	907	2306
7F	4457	907	2306
7F	4458	907	2306
7F	4459	907	2306
7F	445C	907	2306
7F	445D	907	2306
7F	445E	907	2306
7F	445F	907	2306
7F	4460	907	2306
7F	4461	907	2306
7F	4462	907	2306
7F	4463	907	2306
7F	4464	907	2306
7F	4466	907	2306
7F	447C	907	2306
7F	447D	907	2306
7F	447E	907	2306
7F	447F	907	2306
7F	4480	907	2306
7F	4481	907	2306
7F	4484	907	2306
7F	4485	907	2306
7F	4487	907	2306
7F	4488	907	2306
7F	4489	3583	2306
7F	448A	3583	2306
7F	448C	2676	2306
7F	448E	2676	2306
7F	4490	2676	2306
7F	4492	907	2306
7F	4493	907	2306
7F	4496	907	2306
7F	4497	907	2306
7F	4498	907	2306
7F	4499	907	2306
7F	449A	907	2306
7F	449B	907	2306
7F	449C	907	2306
7F	449D	907	2306
7F	449E	907	2306
7F	44A1	907	2306
7F	44A2	907	2306
7F	44A3	907	2306
7F	44A4	907	2306
7F	44A5	907	2306
7F	44A6	907	2306
7F	44A7	907	2306
7F	44A8	907	2306
7F	44A9	907	2306
7F	44AB	907	2306
7F	44AD	15	11822
7F	44AE	15	11822
7F	44B1	15	11822
7F	44B2	15	11822
7F	44B3	15	11822
7F	44B4	15	11822
7F	44B6	15	11822
7F	44C1	907	2306
7F	44C2	907	2306
7F	44C3	907	2306
7F	44C4	907	2306
7F	44C5	907	2306
7F	44C6	907	2306
7F	44C9	907	2306
7F	44CA	907	2306
7F	44CC	907	2306
7F	44CD	907	2306
7F	44CE	3583	2306
7F	44CF	3583	2306
7F	44D1	2676	2306
7F	44D3	2676	2306
7F	44D5	2676	2306
7F	44D7	907	2306
7F	44D8	907	2306
7F	44DB	907	2306
7F	44DC	907	2306
7F	44DD	907	2306
7F	44DE	907	2306
7F	44DF	907	2306
7F	44E0	907	2306
7F	44E1	907	2306
7F	44E2	907	2306
7F	44E3	907	2306
7F	44E6	907	2306
7F	44E7	907	2306
7F	44E8	907	2306
7F	44E9	907	2306
7F	44EA	907	2306
7F	44EB	907	2306
7F	44EC	907	2306
7F	44ED	907	2306
7F	44EE	907	2306
7F	44F0	907	2306
7F	4506	907	2306
7F	4507	907	2306
7F	4508	907	2306
7F	4509	907	2306
7F	450A	907	2306
7F	450B	907	2306
7F	450E	907	2306
7F	450F	907	2306
7F	4511	907	2306
7F	4512	907	2306
7F	4513	3583	2306
7F	4514	3583	2306
7F	4516	2676	2306
7F	4518	2676	2306
7F	451A	2676	2306
7F	451C	907	2306
7F	451D	907	2306
7F	4520	907	2306
7F	4521	907	2306
7F	4522	907	2306
7F	4523	907	2306
7F	4524	907	2306
7F	4525	907	2306
7F	4526	907	2306
7F	4527	907	2306
7F	4528	907	2306
7F	452B	907	2306
7F	452C	907	2306
7F	452D	907	2306
7F	452E	907	2306
7F	452F	907	2306
7F	4530	907	2306
7F	4531	907	2306
7F	4532	907	2306
7F	4533	907	2306
7F	4535	907	2306
7F	4537	224	3277
7F	4538	224	3277
7F	453B	224	3277
7F	453C	224	3277
7F	453D	224	3277
7F	453E	224	3277
7F	4540	224	3277
7F	454B	907	2306
7F	454C	907	2306
7F	454D	907	2306
7F	454E	907	2306
7F	454F	907	2306
7F	4550	907	2306
7F	4553	907	2306
7F	4554	907	2306
7F	4556	907	2306
7F	4557	907	2306
7F	4558	3583	2306
7F	4559	3583	2306
7F	455B	2676	2306
7F	455D	2676	2306
7F	455F	2676	2306
7F	4561	907	2306
7F	4562	907	2306
7F	4565	907	2306
7F	4566	907	2306
7F	4567	907	2306
7F	4568	907	2306
7F	4569	907	2306
7F	456A	907	2306
7F	456B	907	2306
7F	456C	907	2306
7F	456D	907	2306
7F	4570	907	2306
7F	4571	907	2306
7F	4572	907	2306
7F	4573	907	2306
7F	4574	907	2306
7F	4575	907	2306
7F	4576	907	2306
7F	4577	907	2306
7F	4578	907	2306
7F	457A	907	2306
7F	4590	907	2306
7F	4591	907	2306
7F	4592	907	2306
7F	4593	907	2306
7F	4594	907	2306
7F	4595	907	2306
7F	4598	907	2306
7F	4599	907	2306
7F	459B	907	2306
7F	459C	907	2306
7F	459D	3583	2306
7F	459E	3583	2306
7F	45A0	2676	2306
7F	45A2	2676	2306
7F	45A4	2676	2306
7F	45A6	907	2306
7F	45A7	907	2306
7F	45AA	907	2306
7F	45AB	907	2306
7F	45AC	907	2306
7F	45AD	907	2306
7F	45AE	907	2306
7F	45AF	907	2306
7F	45B0	907	2306
7F	45B1	907	2306
7F	45B2	907	2306
7F	45B5	907	2306
7F	45B6	907	2306
7F	45B7	907	2306
7F	45B8	907	2306
7F	45B9	907	2306
7F	45BA	907	2306
7F	45BB	907	2306
7F	45BC	907	2306
7F	45BD	907	2306
7F	45BF	907	2306
7F	45C1	164	2640
7F	45C2	164	2640
7F	45C5	164	2640
7F	45C6	164	2640
7F	45C7	164	2640
7F	45C8	164	2640
7F	45CA	164	2640
7F	45CC	32	2641
7F	45CE	32	2641
7F	45CF	32	2641
7F	45D1	32	2641
7F	45D3	32	2641
7F	45D5	907	2306
7F	45D6	907	2306
7F	45D7	907	2306
7F	45D8	907	2306
7F	45D9	907	2306
7F	45DA	907	2306
7F	45DD	907	2306
7F	45DE	907	2306
7F	45E0	907	2306
7F	45E1	907	2306
7F	45E2	3583	2306
7F	45E3	3583	2306
7F	45E5	2676	2306
7F	45E7	2676	2306
7F	45E9	2676	2306
7F	45EB	907	2306
7F	45EC	907	2306
7F	45EF	907	2306
7F	45F0	907	2306
7F	45F1	907	2306
7F	45F2	907	2306
7F	45F3	907	2306
7F	45F4	907	2306
7F	45F5	907	2306
7F	45F6	907	2306
7F	45F7	907	2306
7F	45FA	907	2306
7F	45FB	907	2306
7F	45FC	907	2306
7F	45FD	907	2306
7F	45FE	907	2306
7F	45FF	907	2306
7F	4600	907	2306
7F	4601	907	2306
7F	4602	907	2306
7F	4604	907	2306
7F	461A	907	2306
7F	461B	907	2306
7F	461C	907	2306
7F	461D	907	2306
7F	461E	907	2306
7F	461F	907	2306
7F	4622	907	2306
7F	4623	907	2306
7F	4625	907	2306
7F	4626	907	2306
7F	4627	3583	2306
7F	4628	3583	2306
7F	462A	2676	2306
7F	462C	2676	2306
7F	462E	2676	2306
7F	4630	907	2306
7F	4631	907	2306
7F	4634	907	2306
7F	4635	907	2306
7F	4636	907	2306
7F	4637	907	2306
7F	4638	907	2306
7F	4639	907	2306
7F	463A	907	2306
7F	463B	907	2306
7F	463C	907	2306
7F	463F	907	2306
7F	4640	907	2306
7F	4641	907	2306
7F	4642	907	2306
7F	4643	907	2306
7F	4644	907	2306
7F	4645	907	2306
7F	4646	907	2306
7F	4647	907	2306
7F	4649	907	2306
7F	464B	34	3907
7F	464C	34	3907
7F	464F	34	3907
7F	4650	34	3907
7F	4651	34	3907
7F	4652	34	3907
7F	4654	34	3907
7F	465F	907	2306
7F	4660	907	2306
7F	4661	907	2306
7F	4662	907	2306
7F	4663	907	2306
7F	4664	907	2306
7F	4667	907	2306
7F	4668	907	2306
7F	466A	907	2306
7F	466B	907	2306
7F	466C	3583	2306
7F	466D	3583	2306
7F	466F	2676	2306
7F	4671	2676	2306
7F	4673	2676	2306
7F	4675	907	2306
7F	4676	907	2306
7F	4679	907	2306
7F	467A	907	2306
7F	467B	907	2306
7F	467C	907	2306
7F	467D	907	2306
7F	467E	907	2306
7F	467F	907	2306
7F	4680	907	2306
7F	4681	907	2306
7F	4684	907	2306
7F	4685	907	2306
7F	4686	907	2306
7F	4687	907	2306
7F	4688	907	2306
7F	4689	907	2306
7F	468A	907	2306
7F	468B	907	2306
7F	468C	907	2306
7F	468E	907	2306
7F	46A4	907	2306
7F	46A5	907	2306
7F	46A6	907	2306
7F	46A7	907	2306
7F	46A8	907	2306
7F	46A9	907	2306
7F	46AC	907	2306
7F	46AD	907	2306
7F	46AF	907	2306
7F	46B0	907	2306
7F	46B1	3583	2306
7F	46B2	3583	2306
7F	46B4	2676	2306
7F	46B6	2676	2306
7F	46B8	2676	2306
7F	46BA	907	2306
7F	46BB	907	2306
7F	46BE	907	2306
7F	46BF	907	2306
7F	46C0	907	2306
7F	46C1	907	2306
7F	46C2	907	2306
7F	46C3	907	2306
7F	46C4	907	2306
7F	46C5	907	2306
7F	46C6	907	2306
7F	46C9	907	2306
7F	46CA	907	2306
7F	46CB	907	2306
7F	46CC	907	2306
7F	46CD	907	2306
7F	46CE	907	2306
7F	46CF	907	2306
7F	46D0	907	2306
7F	46D1	907	2306
7F	46D3	907	2306
7F	46E9	907	2306
7F	46EA	907	2306
7F	46EB	907	2306
7F	46EC	907	2306
7F	46ED	907	2306
7F	46EE	907	2306
7F	46F1	907	2306
7F	46F2	907	2306
7F	46F4	907	2306
7F	46F5	907	2306
7F	46F6	3583	2306
7F	46F7	3583	2306
7F	46F9	2676	2306
7F	46FB	2676	2306
7F	46FD	2676	2306
7F	46FF	907	2306
7F	4700	907	2306
7F	4703	907	2306
7F	4704	907	2306
7F	4705	907	2306
7F	4706	907	2306
7F	4707	907	2306
7F	4708	907	2306
7F	4709	907	2306
7F	470A	907	2306
7F	470B	907	2306
7F	470E	907	2306
7F	470F	907	2306
7F	4710	907	2306
7F	4711	907	2306
7F	4712	907	2306
7F	4713	907	2306
7F	4714	907	2306
7F	4715	907	2306
7F	4716	907	2306
7F	4718	907	2306
7F	472E	907	2306
7F	472F	907	2306
7F	4730	907	2306
7F	4731	907	2306
7F	4732	907	2306
7F	4733	907	2306
7F	4736	907	2306
7F	4737	907	2306
7F	4739	907	2306
7F	473A	907	2306
7F	473B	3583	2306
7F	473C	3583	2306
7F	473E	2676	2306
7F	4740	2676	2306
7F	4742	2676	2306
7F	4744	907	2306
7F	4745	907	2306
7F	4748	907	2306
7F	4749	907	2306
7F	474A	907	2306
7F	474B	907	2306
7F	474C	907	2306
7F	474D	907	2306
7F	474E	907	2306
7F	474F	907	2306
7F	4750	907	2306
7F	4753	907	2306
7F	4754	907	2306
7F	4755	907	2306
7F	4756	907	2306
7F	4757	907	2306
7F	4758	907	2306
7F	4759	907	2306
7F	475A	907	2306
7F	475B	907	2306
7F	475D	907	2306
7F	475F	470	2306
7F	4760	470	2306
7F	4763	470	2306
7F	4764	470	2306
7F	4765	470	2306
7F	4766	470	2306
7F	4768	470	2306
7F	476A	44	4840
7F	476C	44	4840
7F	476D	44	4840
7F	476F	44	4840
7F	4771	44	4840
7F	4773	907	2306
7F	4774	907	2306
7F	4775	907	2306
7F	4776	907	2306
7F	4777	907	2306
7F	4778	907	2306
7F	477B	907	2306
7F	477C	907	2306
7F	477E	907	2306
7F	477F	907	2306
7F	4780	3583	2306
7F	4781	3583	2306
7F	4783	2676	2306
7F	4785	2676	2306
7F	4787	2676	2306
7F	4789	907	2306
7F	478A	907	2306
7F	478D	907	2306
7F	478E	907	2306
7F	478F	907	2306
7F	4790	907	2306
7F	4791	907	2306
7F	4792	907	2306
7F	4793	907	2306
7F	4794	907	2306
7F	4795	907	2306
7F	4798	907	2306
7F	4799	907	2306
7F	479A	907	2306
7F	479B	907	2306
7F	479C	907	2306
7F	479D	907	2306
7F	479E	907	2306
7F	479F	907	2306
7F	47A0	907	2306
7F	47A2	907	2306
7F	47B8	907	2306
7F	47B9	907	2306
7F	47BA	907	2306
7F	47BB	907	2306
7F	47BC	907	2306
7F	47BD	907	2306
7F	47C0	907	2306
7F	47C1	907	2306
7F	47C3	907	2306
7F	47C4	907	2306
7F	47C5	3583	2306
7F	47C6	3583	2306
7F	47C8	2676	2306
7F	47CA	2676	2306
7F	47CC	2676	2306
7F	47CE	907	2306
7F	47CF	907	2306
7F	47D2	907	2306
7F	47D3	907	2306
7F	47D4	907	2306
7F	47D5	907	2306
7F	47D6	907	2306
7F	47D7	907	2306
7F	47D8	907	2306
7F	47D9	907	2306
7F	47DA	907	2306
7F	47DD	907	2306
7F	47DE	907	2306
7F	47DF	907	2306
7F	47E0	907	2306
7F	47E1	907	2306
7F	47E2	907	2306
7F	47E3	907	2306
7F	47E4	907	2306
7F	47E5	907	2306
7F	47E7	907	2306
7F	47FD	907	2306
7F	47FE	907	2306
7F	47FF	907	2306
7F	4800	907	2306
7F	4801	907	2306
7F	4802	907	2306
7F	4805	907	2306
7F	4806	907	2306
7F	4808	907	2306
7F	4809	907	2306
7F	480A	3583	2306
7F	480B	3583	2306
7F	480D	2676	2306
7F	480F	2676	2306
7F	4811	2676	2306
7F	4813	907	2306
7F	4814	907	2306
7F	4817	907	2306
7F	4818	907	2306
7F	4819	907	2306
7F	481A	907	2306
7F	481B	907	2306
7F	481C	907	2306
7F	481D	907	2306
7F	481E	907	2306
7F	481F	907	2306
7F	4822	907	2306
7F	4823	907	2306
7F	4824	907	2306
7F	4825	907	2306
7F	4826	907	2306
7F	4827	907	2306
7F	4828	907	2306
7F	4829	907	2306
7F	482A	907	2306
7F	482C	907	2306
7F	4842	907	2306
7F	4843	907	2306
7F	4844	907	2306
7F	4845	907	2306
7F	4846	907	2306
7F	4847	907	2306
7F	484A	907	2306
7F	484B	907	2306
7F	484D	907	2306
7F	484E	907	2306
7F	484F	3583	2306
7F	4850	3583	2306
7F	4852	2676	2306
7F	4854	2676	2306
7F	4856	2676	2306
7F	4858	907	2306
7F	4859	907	2306
7F	485C	907	2306
7F	485D	907	2306
7F	485E	907	2306
7F	485F	907	2306
7F	4860	907	2306
7F	4861	907	2306
7F	4862	907	2306
7F	4863	907	2306
7F	4864	907	2306
7F	4867	907	2306
7F	4868	907	2306
7F	4869	907	2306
7F	486A	907	2306
7F	486B	907	2306
7F	486C	907	2306
7F	486D	907	2306
7F	486E	907	2306
7F	486F	907	2306
7F	4871	907	2306
7F	4887	907	2306
7F	4888	907	2306
7F	4889	907	2306
7F	488A	907	2306
7F	488B	907	2306
7F	488C	907	2306
7F	488F	907	2306
7F	4890	907	2306
7F	4892	907	2306
7F	4893	907	2306
7F	4894	3583	2306
7F	4895	3583	2306
7F	4897	2676	2306
7F	4899	2676	2306
7F	489B	2676	2306
7F	489D	907	2306
7F	489E	907	2306
7F	48A1	907	2306
7F	48A2	907	2306
7F	48A3	907	2306
7F	48A4	907	2306
7F	48A5	907	2306
7F	48A6	907	2306
7F	48A7	907	2306
7F	48A8	907	2306
7F	48A9	907	2306
7F	48AC	907	2306
7F	48AD	907	2306
7F	48AE	907	2306
7F	48AF	907	2306
7F	48B0	907	2306
7F	48B1	907	2306
7F	48B2	907	2306
7F	48B3	907	2306
7F	48B4	907	2306
7F	48B6	907	2306
7F	48CC	907	2306
7F	48CD	907	2306
7F	48CE	907	2306
7F	48CF	907	2306
7F	48D0	907	2306
7F	48D1	907	2306
7F	48D4	907	2306
7F	48D5	907	2306
7F	48D7	907	2306
7F	48D8	907	2306
7F	48D9	3583	2306
7F	48DA	3583	2306
7F	48DC	2676	2306
7F	48DE	2676	2306
7F	48E0	2676	2306
7F	48E2	907	2306
7F	48E3	907	2306
7F	48E6	907	2306
7F	48E7	907	2306
7F	48E8	907	2306
7F	48E9	907	2306
7F	48EA	907	2306
7F	48EB	907	2306
7F	48EC	907	2306
7F	48ED	907	2306
7F	48EE	907	2306
7F	48F1	907	2306
7F	48F2	907	2306
7F	48F3	907	2306
7F	48F4	907	2306
7F	48F5	907	2306
7F	48F6	907	2306
7F	48F7	907	2306
7F	48F8	907	2306
7F	48F9	907	2306
7F	48FB	907	2306
7F	48FD	15	11822
7F	48FE	15	11822
7F	4901	15	11822
7F	4902	15	11822
7F	4903	15	11822
7F	4904	15	11822
7F	4906	15	11822
7F	4911	907	2306
7F	4912	907	2306
7F	4913	907	2306
7F	4914	907	2306
7F	4915	907	2306
7F	4916	907	2306
7F	4919	907	2306
7F	491A	907	2306
7F	491C	907	2306
7F	491D	907	2306
7F	491E	3583	2306
7F	491F	3583	2306
7F	4921	2676	2306
7F	4923	2676	2306
7F	4925	2676	2306
7F	4927	907	2306
7F	4928	907	2306
7F	492B	907	2306
7F	492C	907	2306
7F	492D	907	2306
7F	492E	907	2306
7F	492F	907	2306
7F	4930	907	2306
7F	4931	907	2306
7F	4932	907	2306
7F	4933	907	2306
7F	4936	907	2306
7F	4937	907	2306
7F	4938	907	2306
7F	4939	907	2306
7F	493A	907	2306
7F	493B	907	2306
7F	493C	907	2306
7F	493D	907	2306
7F	493E	907	2306
7F	4940	907	2306
7F	4956	907	2306
7F	4957	907	2306
7F	4958	907	2306
7F	4959	907	2306
7F	495A	907	2306
7F	495B	907	2306
7F	495E	907	2306
7F	495F	907	2306
7F	4961	907	2306
7F	4962	907	2306
7F	4963	3583	2306
7F	4964	3583	2306
7F	4966	2676	2306
7F	4968	2676	2306
7F	496A	2676	2306
7F	496C	907	2306
7F	496D	907	2306
7F	4970	907	2306
7F	4971	907	2306
7F	4972	907	2306
7F	4973	907	2306
7F	4974	907	2306
7F	4975	907	2306
7F	4976	907	2306
7F	4977	907	2306
7F	4978	907	2306
7F	497B	907	2306
7F	497C	907	2306
7F	497D	907	2306
7F	497E	907	2306
7F	497F	907	2306
7F	4980	907	2306
7F	4981	907	2306
7F	4982	907	2306
7F	4983	907	2306
7F	4985	907	2306
7F	4987	224	3277
7F	4988	224	3277
7F	498B	224	3277
7F	498C	224	3277
7F	498D	224	3277
7F	498E	224	3277
7F	4990	224	3277
7F	4992	68	3277
7F	4994	68	3277
7F	4995	68	3277
7F	4997	68	3277
7F	4999	68	3277
7F	499B	907	2306
WRAM	CBF1	23147	17	C3BA03	0	0
WRAM	CBF7	64326	44	C3ED01	0	0
WRAM	CBFA	4541	44	C3B701	0	0
HRAM	FF80	23147	17	3EC0E0	0	0
HRAM	FF82	23147	17	E0463E	0	0
HRAM	FF84	23147	17	3E283D	0	0
HRAM	FF86	925880	17	3D20FD	0	0
HRAM	FF87	925880	17	20FDC9	0	0
HRAM	FF89	23147	17	C94F00	21546	0
HRAM	FFA8	86220	16	3E0021	45489	0
HRAM	FFAA	86220	16	21B605	86217	0
HRAM	FFAD	86220	16	C3F07B	86214	0
