# bank	addr	count	first_frame	first_bytes	changed	wram_bank
# bank = ROM bank actually mapped (2 hex digits) or WRAM/HRAM/VRAM/SRAM/OTHER; addr = CPU address of an executed instruction start
# first_bytes/changed/wram_bank are present for RAM rows only (3 bytes at addr at first execution; times they differed later; SVBK bank for D000-DFFF)
00	0040	23154	17
00	0050	138980	44
00	0058	8058	44
00	0100	1	0
00	0101	1	0
00	0150	33	44
00	0152	33	44
00	0155	33	44
00	0156	33	44
00	0159	33	44
00	015A	33	44
00	015D	33	44
00	015F	5	44
00	0161	5	44
00	0162	5	44
00	0164	5	44
00	0167	5	44
00	0168	5	44
00	0169	5	44
00	016A	5	44
00	016B	33	44
00	016E	33	44
00	0170	33	44
00	0173	33	44
00	0174	33	44
00	0175	33	44
00	0176	33	44
00	0177	33	44
00	017A	33	44
00	017C	33	44
00	017D	33	44
00	017F	33	44
00	0180	33	44
00	0182	33	44
00	0185	33	44
00	0187	33	44
00	018A	33	44
00	018D	33	44
00	0190	33	44
00	0191	33	44
00	0194	33	44
00	0195	33	44
00	0198	33	44
00	0199	33	44
00	019C	33	44
00	019D	33	44
00	019E	33	44
00	019F	33	44
00	01A0	33	44
00	01A1	33	44
00	01A4	33	44
00	01A5	33	44
00	01A8	33	44
00	01AB	33	44
00	01AD	33	44
00	01B0	33	44
00	01B1	33	44
00	01B2	33	44
00	01B3	33	44
00	01B6	33	44
00	01B7	8058	44
00	01B8	8058	44
00	01B9	8058	44
00	01BA	8058	44
00	01BB	8058	44
00	01BE	8058	44
00	01BF	8058	44
00	01C0	8058	44
00	01C1	8058	44
00	01C2	8058	44
00	01C5	8058	44
00	01C7	8058	44
00	01C8	8058	44
00	01CA	8058	44
00	01CB	8058	44
00	01CD	8058	44
00	01D0	8058	44
00	01D2	8058	44
00	01D5	8058	44
00	01D8	8058	44
00	01D9	8058	44
00	01DC	8058	44
00	01DD	8058	44
00	01DE	8058	44
00	01DF	8058	44
00	01E0	8058	44
00	01E1	8058	44
00	01E4	8058	44
00	01E5	8058	44
00	01E8	8058	44
00	01E9	8058	44
00	01EA	8058	44
00	01EB	8058	44
00	01EC	8058	44
00	01ED	138980	44
00	01EE	138980	44
00	01EF	138980	44
00	01F0	138980	44
00	01F1	138980	44
00	01F2	138980	44
00	01F4	138980	44
00	01F6	138980	44
00	01F8	138980	44
00	01FA	138980	44
00	01FD	138980	44
00	01FE	138980	44
00	0200	138980	44
00	0203	138980	44
00	0205	138980	44
00	0207	138980	44
00	0209	138980	44
00	020B	138980	44
00	020D	138980	44
00	0210	138980	44
00	0211	138980	44
00	0212	138980	44
00	0213	138980	44
00	0214	138980	44
00	0217	138980	44
00	0219	138980	44
00	021A	138980	44
00	021C	138980	44
00	021D	138980	44
00	021F	138980	44
00	0222	138980	44
00	0224	138980	44
00	0227	138980	44
00	022A	138980	44
00	022B	138980	44
00	022E	138980	44
00	022F	138980	44
00	0230	138980	44
00	0231	138980	44
00	0232	138980	44
00	0233	138980	44
00	0236	138980	44
00	0237	138980	44
00	023A	138980	44
00	023C	138980	44
00	023E	138980	44
00	0240	138980	44
00	0242	138980	44
00	0243	138980	44
00	0244	138980	44
00	0245	138980	44
00	0246	138980	44
00	0278	1	0
00	0279	1	0
00	027B	1	0
00	027E	1	0
00	027F	1	0
00	0280	1	0
00	0282	1	0
00	0284	1	0
00	0286	1	0
00	0289	1	0
00	028C	1	0
00	028E	1	0
00	0290	1	0
00	0292	1	0
00	0295	1	0
00	0296	1	0
00	0299	1	0
00	029C	1	0
00	029E	1	0
00	02A0	1	0
00	02AE	1	0
00	02B0	1	0
00	02B2	1	0
00	02B5	1	0
00	02B8	1	0
00	02B9	1	0
00	02BC	1	1
00	02BE	1	1
00	02C0	6	1
00	02C1	6	1
00	02C3	6	1
00	02C6	6	1
00	02C9	6	1
00	02CA	6	1
00	02CD	6	2
00	02CE	6	2
00	02CF	6	2
00	02D1	1	5
00	02D2	1	5
00	02D4	1	5
00	02D6	1	5
00	02D9	1	5
00	02DC	1	5
00	02DD	1	5
00	02E0	1	7
00	02E3	1	7
00	02E6	1	7
00	02E7	1	7
00	02EA	1	8
00	02ED	1	8
00	02F0	1	8
00	02F3	1	8
00	02F4	1	8
00	02F7	1	8
00	02FA	1	8
00	02FB	1	8
00	02FD	1	8
00	0300	1	8
00	0302	1	8
00	0303	1	8
00	0305	1	8
00	0307	1	8
00	030A	1	8
00	030B	1	8
00	030D	1	8
00	030F	1	8
00	0311	1	8
00	0314	1	8
00	0317	1	17
00	031A	1	17
00	031B	1	17
00	031C	1	17
00	031E	1	17
00	0321	1	17
00	0322	1	17
00	0324	1	17
00	0327	1	17
00	0328	1	17
00	0331	2	16
00	0333	2	16
00	0335	2	16
00	0338	2	16
00	033A	2	16
00	033D	2	16
00	033F	2	16
00	0341	2	16
00	0344	2	16
00	0346	2	16
00	0349	2	16
00	034A	4	16
00	034C	256	16
00	034D	256	16
00	034E	256	16
00	034F	256	16
00	0351	4	16
00	0392	69617	0
00	0393	69617	0
00	0395	69617	0
00	0397	69617	0
00	0399	15	0
00	039A	69617	0
00	039D	69617	0
00	039E	69617	0
00	03A0	23148	0
00	03A2	23148	0
00	03A5	23148	0
00	03A6	23148	0
00	03A7	23148	0
00	03A8	23148	0
00	03AA	23148	0
00	03AB	23148	0
00	03AD	23148	0
00	03AF	23148	0
00	03B2	23148	0
00	03B3	23148	0
00	03B5	23148	0
00	03B6	23148	0
00	03B7	23148	0
00	03B8	69617	0
00	03B9	69617	0
00	03BA	23154	17
00	03BB	23154	17
00	03BE	23154	17
00	03BF	23154	17
00	03C1	23154	17
00	03C4	23154	17
00	03C5	23154	17
00	03C6	23154	17
00	03C7	23154	17
00	03CA	23154	17
00	03CB	23154	17
00	03CD	23154	17
00	03D0	23154	17
00	03D3	23154	17
00	03D5	23154	17
00	03D7	23154	17
00	03D9	18838	17
00	03DA	23154	17
00	03DD	23154	17
00	03DE	23154	17
00	03E0	23154	17
00	03E2	70	10874
00	03E3	70	10874
00	03E4	70	10874
00	03E6	70	10874
00	03E7	70	10874
00	03E9	70	10874
00	0400	23154	17
00	0401	23154	17
00	0404	23154	17
00	0406	23154	17
00	0408	23154	17
00	040A	21344	17
00	040B	23154	17
00	040E	23154	17
00	040F	23154	17
00	0411	23154	17
00	0413	29	104
00	0414	29	104
00	0415	29	104
00	0417	29	104
00	0418	29	104
00	041A	29	104
00	042E	23154	17
00	042F	23154	17
00	0432	23154	17
00	0433	23154	17
00	0435	9	17
00	0437	9	17
00	0438	9	17
00	043A	9	17
00	043B	9	17
00	043E	9	17
00	0440	23145	18
00	0441	23145	18
00	0443	23145	18
00	0446	23154	17
00	0447	23154	17
00	0448	23154	17
00	0449	23154	17
00	044A	23154	17
00	044B	20904	43
00	044C	20904	43
00	044E	20904	43
00	0450	20904	43
00	0452	20904	43
00	0453	119013	43
00	0454	119012	44
00	0455	119012	44
00	0458	119012	44
00	0459	119012	44
00	045B	20903	44
00	045C	20903	44
00	045F	20903	44
00	0462	20903	44
00	0463	20903	44
00	0464	3	7197
00	0465	3	7197
00	0467	3	7197
00	0469	3	7197
00	046B	3	7197
00	046C	3	7197
00	046D	3	7198
00	046E	3	7198
00	0471	3	7198
00	0472	3	7198
00	0474	3	7198
00	0475	3	7198
00	0478	3	7198
00	0479	3	7198
00	047A	717	28
00	047B	717	28
00	047D	717	28
00	047F	717	28
00	0481	1567	28
00	0482	1567	28
00	0483	1567	29
00	0484	1567	29
00	0485	1567	29
00	0488	1567	29
00	0489	1567	29
00	048B	793	29
00	048D	793	29
00	048F	793	29
00	0491	717	29
00	0492	717	29
00	0495	717	29
00	0496	717	29
00	0497	76	6226
00	0498	76	6226
00	049B	76	6226
00	049E	76	6226
00	04A0	2	16
00	04A2	2	16
00	04A5	2	16
00	04A7	2	16
00	04AA	2	16
00	04AC	2	16
00	04AF	2	16
00	04B1	2	16
00	04B4	2	16
00	04B6	2	16
00	04B9	2	16
00	04BB	2	16
00	04BE	2	16
00	04C0	2	16
00	04C3	2	16
00	04C5	2	16
00	04C8	2	16
00	04CA	2	16
00	04CD	2	16
00	04CF	2	16
00	04D2	2	16
00	04D4	2	16
00	04D7	2	16
00	04D8	387	0
00	04D9	387	0
00	04DA	387	0
00	04DC	17222	8
00	04DD	17222	8
00	04DE	17222	8
00	04E0	340	8
00	04E1	47	0
00	04E2	47	0
00	04E3	47	0
00	04E5	2	8
00	04E6	218336	0
00	04E7	218336	0
00	04E8	218336	0
00	04EA	853	0
00	04EB	853	0
00	04ED	47	1
00	050C	161	26
00	050D	161	26
00	050E	161	26
00	0510	13360	26
00	0511	13360	26
00	0512	13360	26
00	0513	13360	26
00	0514	13360	26
00	0516	154	26
00	0517	7	324
00	0518	7	324
00	0519	7	324
00	051C	1792	324
00	051D	1792	324
00	051E	1792	324
00	051F	1792	324
00	0520	1792	324
00	0522	7	324
00	0523	7	324
00	0525	7	324
00	0545	6735	27
00	0546	6735	27
00	0547	6735	27
00	0548	6735	27
00	054A	6735	27
00	054B	6735	27
00	054C	6735	27
00	054D	6735	27
00	054E	6735	27
00	054F	6735	27
00	0550	6735	27
00	056A	5137	1863
00	056C	5137	1863
00	056D	5137	1863
00	056E	5137	1863
00	0570	5137	1863
00	0572	5137	1863
00	0573	5137	1863
00	0575	5137	1863
00	0578	5122	1863
00	057A	5122	1863
00	057D	5122	1863
00	057F	5122	1863
00	0582	5122	1863
00	0584	5122	1863
00	0587	5122	1863
00	0589	5122	1863
00	059B	15	1922
00	059C	15	1922
00	059F	3	8
00	05A2	3	8
00	05A5	30	8
00	05A6	30	8
00	05A7	30	8
00	05A8	30	8
00	05A9	30	8
00	05AB	3	8
00	05B6	39	28
00	05B8	39	28
00	05BA	39	28
00	05BC	39	28
00	05BD	1	0
00	05BF	1	0
00	05C1	1	0
00	05C2	1	0
00	05C3	1	0
00	05C5	1	0
00	05C7	1	0
00	05ED	1	0
00	05EF	1	0
00	05F1	1	0
00	05F3	1	0
00	05F5	1	0
00	05F7	1	0
00	05F9	1	0
00	05FB	1	0
00	05FD	1	0
00	05FE	1	0
00	0601	1	0
00	0602	1	0
00	0603	1	0
00	0605	1	0
00	0606	1	0
00	0608	1	0
00	0609	1	0
00	060A	1	0
00	060C	1	0
00	060E	1	0
00	0610	1	0
00	0611	1	0
00	0613	1	0
00	0615	1	0
00	0617	1	0
00	0619	1	0
00	061B	1	0
00	061C	1	0
00	061E	1	0
00	061F	1	0
00	0621	1	0
00	0622	110131	16
00	0623	110131	16
00	0624	89279	16
00	0626	89279	16
00	0628	1030	1833
00	062A	1030	1833
00	062C	1028	1833
00	062E	1028	1833
00	0630	1028	1833
00	0631	2	10817
00	0633	2	10817
00	0636	2	10817
00	0637	88249	16
00	0639	88249	16
00	063C	88249	16
00	063D	31465	26
00	063E	31465	26
00	063F	83	26
00	0641	83	26
00	0643	83	26
00	0645	83	26
00	0647	83	26
00	0649	83	26
00	064B	83	26
00	0658	31382	43
00	0659	31382	43
00	065A	31382	43
00	065C	31382	43
00	066D	31382	43
00	066F	31382	43
00	0672	31382	43
00	0673	53900	16
00	0675	53900	16
00	0681	53900	16
00	0683	53900	16
00	0684	2	16
00	0686	2	16
00	0688	2	16
00	068A	2	16
00	068C	2	16
00	068E	2	16
00	0690	2	16
00	0691	2	16
00	0693	2	16
00	0695	2	16
00	0697	2	16
00	0699	2	16
00	069B	2	16
00	069D	2	16
00	069F	2	16
00	06A1	2	16
00	06A3	2	16
00	06A5	2	16
00	06A7	2	16
00	06AA	2	16
00	06AB	2	16
00	06AD	2	16
00	06B0	2	16
00	06B2	2	16
00	06B4	2	16
00	06B6	2	16
00	06BC	71	26
00	06BE	71	26
00	06BF	71	26
00	06C1	71	26
00	06C2	71	26
00	06C4	71	26
00	06C5	71	26
00	06C6	71	26
00	06C8	71	26
00	06C9	71	26
00	06CB	71	26
00	06CD	71	26
00	06CF	71	26
00	06D1	53829	16
00	06D3	53829	16
00	06D4	53829	16
00	06D6	53829	16
00	06D7	53829	16
00	06D9	53829	16
00	06DA	53829	16
00	06DB	53829	16
00	06DD	53829	16
00	06DE	53829	16
00	06E0	53829	16
00	06E1	53829	16
00	06E3	53829	16
00	06EE	53900	16
00	06EF	53900	16
00	06F2	53900	16
00	06F3	53900	16
00	06F4	53900	16
00	06F6	53900	16
00	06F7	53900	16
00	06F9	53900	16
00	06FC	53900	16
00	06FF	53896	16
00	0701	53896	16
00	0702	53896	16
00	0704	53896	16
00	0705	53896	16
00	0707	53896	16
00	0708	53896	16
00	0709	53896	16
00	070C	53896	16
00	070D	53896	16
00	070E	53896	16
00	0710	53896	16
00	0711	53896	16
00	0713	53896	16
00	0749	126	26
00	074B	126	26
00	074E	126	26
00	074F	126	26
00	0751	126	26
00	0752	126	26
00	0754	126	26
00	0755	126	26
00	0757	126	26
00	0758	126	26
00	075A	126	26
00	075C	126	26
00	075D	126	26
00	075F	126	26
00	0761	126	26
00	0763	126	26
00	0764	126	26
00	0766	126	26
00	0768	126	26
00	076A	208076	26
00	076C	208076	26
00	076E	208076	26
00	0770	128	27
00	0771	128	27
00	0773	126	27
00	0774	126	27
00	0776	126	27
00	0777	126	27
00	0779	126	27
00	077A	150	10898
00	077C	150	10898
00	077E	150	10898
00	0780	2	10898
00	0782	2	10898
00	0785	2	10898
00	0787	554	23
00	0789	554	23
00	078C	554	23
00	078D	554	23
00	078F	554	23
00	0790	554	23
00	0792	554	23
00	0793	554	23
00	0795	554	23
00	0796	554	23
00	0798	554	23
00	079A	554	23
00	079B	554	23
00	079D	554	23
00	079F	554	23
00	07A1	554	23
00	07A2	554	23
00	07A4	554	23
00	07A6	554	23
00	07A8	1906283	23
00	07AA	1906283	23
00	07AC	1906283	23
00	07AE	554	24
00	07AF	554	24
00	07B1	554	24
00	07B2	554	24
00	07B4	554	24
00	07B5	554	24
00	07B8	554	24
00	07BA	554	24
00	07CB	10	330
00	07CC	10	330
00	07CE	10	330
00	07D0	10	330
00	07D2	10	330
00	07D3	10	330
00	07D5	10	330
00	07D6	10	330
00	07D8	10	330
00	07D9	10	330
00	07DB	10	330
00	07DC	10	330
00	07DF	10	330
00	07E1	10	330
00	07E3	10	330
00	07E6	10	330
00	07E7	10	330
00	07EA	10	331
00	07EB	10	331
00	07ED	10	331
00	07EF	10	331
00	07F2	10	331
00	07F3	10	331
00	07F6	10	331
00	07F7	10	331
00	07FA	10	331
00	082C	53	26
00	082D	53	26
00	082F	53	26
00	0831	53	26
00	0833	53	26
00	0834	53	26
00	0836	53	26
00	0837	53	26
00	0839	53	26
00	083A	53	26
00	083C	53	26
00	083F	53	26
00	0841	53	26
00	0843	53	26
00	0846	53	26
00	0847	53	26
00	084A	53	27
00	084B	53	27
00	084D	53	27
00	084F	53	27
00	0852	53	27
00	0853	53	27
00	0856	53	27
00	0857	53	27
00	085A	53	27
00	08B7	63	26
00	08B9	63	26
00	08BB	63	26
00	08BC	63	26
00	08BE	63	26
00	08C0	63	26
00	08EA	83	26
00	08ED	83	26
00	08EF	83	26
00	08F2	83	26
00	08F3	83	26
00	08F5	83	26
00	08F6	83	26
00	08F7	83	26
00	08FA	83	26
00	08FB	83	26
00	08FC	83	26
00	08FD	83	26
00	08FF	83	26
00	0900	83	26
00	0903	83	26
00	0904	31584	26
00	0905	31584	26
00	0906	31584	26
00	0907	31584	26
00	0908	31584	26
00	090A	1692	26
00	090C	1692	26
00	090D	1692	26
00	090F	1692	26
00	0910	1692	26
00	0912	1692	26
00	0913	1692	26
00	0914	1692	26
00	0916	1692	26
00	0917	1692	26
00	0918	1692	26
00	0919	1692	26
00	091B	166	26
00	091C	3	6729
00	091F	3	6729
00	0920	3	6729
00	0922	48	6729
00	0923	48	6729
00	0924	48	6729
00	0925	48	6729
00	0926	48	6729
00	0927	48	6729
00	0929	6	6729
00	092B	6	6729
00	092C	6	6729
00	092E	6	6729
00	092F	6	6729
00	0931	6	6729
00	0932	6	6729
00	0933	6	6729
00	0935	6	6729
00	0936	6	6729
00	0937	6	6729
00	0938	6	6729
00	093A	3	6729
00	0956	19446	43
00	0958	19446	43
00	095B	19446	43
00	095E	19446	43
00	095F	19446	43
00	0960	19446	43
00	0961	19446	43
00	0962	19446	43
00	0964	19446	43
00	0966	19446	43
00	0967	19446	43
00	0969	19446	43
00	096B	19446	43
00	096D	19446	43
00	096F	19446	43
00	0972	19446	43
00	0975	19446	43
00	0977	272244	43
00	0978	272244	43
00	0979	272244	43
00	097C	272244	43
00	097D	272244	43
00	097E	272244	43
00	0980	272244	43
00	0981	272244	43
00	0982	272244	43
00	0983	272244	43
00	0985	272244	43
00	0987	31382	43
00	0988	31382	43
00	098A	31382	43
00	098D	272244	43
00	098E	272244	43
00	098F	272244	43
00	0992	272244	43
00	0993	272244	43
00	0996	272244	43
00	0997	272244	43
00	0998	272244	43
00	0999	272244	43
00	099B	19446	43
00	099C	19446	43
00	099F	19446	43
00	09A0	19446	43
00	09A2	19446	43
00	09A4	19446	43
00	09A5	19446	43
00	09A8	19446	43
00	09AA	19446	43
00	09AB	19446	43
00	09AD	19446	43
00	09AF	19446	43
00	09B1	19446	43
00	09B2	19446	43
00	09B3	19446	43
00	09B4	19446	43
00	09B5	19446	43
00	09B6	52	22
00	09B9	52	23
00	09BA	52	23
00	09BB	52	23
00	09BC	52	23
00	09BE	52	23
00	09C0	52	23
00	09C1	52	23
00	09C3	52	23
00	09C5	52	23
00	09C7	52	23
00	09C9	52	23
00	09CA	52	23
00	09CC	52	23
00	09CE	52	23
00	09D1	52	23
00	09D4	52	23
00	09D6	52	23
00	09D9	52	23
00	09DB	52	23
00	09DC	52	23
00	09DE	52	23
00	09E0	52	23
00	09E2	52	23
00	09E3	52	23
00	09E4	52	23
00	09E5	52	23
00	09E6	134	2095
00	09E7	134	2095
00	09E8	134	2095
00	09EA	134	2095
00	09EC	134	2095
00	09ED	134	2095
00	09EF	134	2095
00	09F1	134	2095
00	09F3	134	2095
00	09F5	134	2095
00	09F8	134	2095
00	09FA	134	2095
00	09FD	134	2095
00	09FF	134	2095
00	0A00	134	2095
00	0A02	134	2095
00	0A04	134	2095
00	0A06	134	2095
00	0A07	134	2095
00	0A08	134	2095
00	0A09	19498	22
00	0A0A	19498	22
00	0A0B	19498	22
00	0A0C	19498	22
00	0A0E	19498	22
00	0A11	19498	22
00	0A12	3119680	22
00	0A13	3119680	22
00	0A14	3119680	22
00	0A16	19498	23
00	0A17	19498	23
00	0A18	19498	23
00	0A19	19498	23
00	0A65	65	26
00	0A66	65	26
00	0A68	65	26
00	0A6A	65	26
00	0A6B	65	26
00	0A6D	65	26
00	0A6F	65	26
00	0A71	65	26
00	0A73	65	26
00	0A74	65	26
00	0A75	65	26
00	0A76	65	26
00	0A77	65	26
00	0A79	65	26
00	0A7A	65	26
00	0A7C	65	26
00	0A7E	65	26
00	0A80	65	26
00	0A81	65	26
00	0A82	148	26
00	0A84	148	26
00	0A86	148	26
00	0A87	148	26
00	0A89	148	26
00	0A8A	148	26
00	0A8B	148	26
00	0A8D	148	26
00	0A8F	148	26
00	0A92	148	26
00	0A94	148	26
00	0A96	148	26
00	0A98	148	26
00	0A9B	148	26
00	0A9C	148	26
00	0A9F	148	26
00	0AA0	148	26
00	0AA1	148	26
00	0AA4	148	26
00	0AA5	148	26
00	0AA7	148	26
00	0AA8	148	26
00	0AA9	148	26
00	0AAA	148	26
00	0AAB	148	26
00	0AAE	148	26
00	0AB0	148	26
00	0AB1	148	26
00	0AB3	148	26
00	0AB5	148	26
00	0AB7	148	26
00	0AB8	148	26
00	0AB9	148	26
00	0ABA	148	26
00	0ABB	148	26
00	0ABD	148	26
00	0ABE	148	26
00	0ABF	148	26
00	0AC0	148	26
00	0AC1	148	26
00	0AC3	148	26
00	0AC4	148	26
00	0AC5	148	26
00	0AC6	148	26
00	0AC7	148	26
00	0AC8	148	26
00	0AC9	148	26
00	0ACA	148	26
00	0ACB	148	26
00	0ACC	148	26
00	0ACD	148	26
00	0ACE	148	26
00	0ACF	148	26
00	0AD0	148	26
00	0AD1	148	26
00	0AD2	148	26
00	0AD3	148	26
00	0AD4	148	26
00	0AD5	148	26
00	0AD6	148	26
00	0AD7	148	26
00	0AD8	148	26
00	0AD9	148	26
00	0ADA	148	26
00	0ADB	148	26
00	0ADC	148	26
00	0ADD	148	26
00	0ADE	148	26
00	0ADF	148	26
00	0AE0	148	26
00	0AE1	148	26
00	0AE4	148	26
00	0AE5	148	26
00	0AE6	148	26
00	0AE7	148	26
00	0AE8	272244	43
00	0AE9	272244	43
00	0AEA	272244	43
00	0AED	272244	43
00	0AEE	272244	43
00	0AEF	272244	43
00	0AF1	272244	43
00	0AF3	31382	43
00	0AF4	31382	43
00	0AF6	31382	43
00	0AF9	31382	43
00	0AFA	31382	43
00	0AFB	31382	43
00	0AFC	31382	43
00	0AFE	31382	43
00	0AFF	31382	43
00	0B00	31382	43
00	0B02	2873	62
00	0B03	2873	62
00	0B04	2873	62
00	0B05	2873	62
00	0B06	2873	62
00	0B07	2873	62
00	0B08	2873	62
00	0B0A	2873	62
00	0B0B	2873	62
00	0B0C	2873	62
00	0B0D	2873	62
00	0B0E	2873	62
00	0B0F	2873	62
00	0B10	2873	62
00	0B11	2873	62
00	0B13	2157	122
00	0B14	2157	122
00	0B17	2157	122
00	0B18	2157	122
00	0B1A	2157	122
00	0B23	2873	62
00	0B24	2873	62
00	0B25	2873	62
00	0B26	2873	62
00	0B28	2873	62
00	0B29	2873	62
00	0B2A	2873	62
00	0B2B	2873	62
00	0B2C	2873	62
00	0B2D	2873	62
00	0B2E	2873	62
00	0B2F	2873	62
00	0B32	2873	62
00	0B33	2873	62
00	0B34	2873	62
00	0B35	2873	62
00	0B36	272244	43
00	0B37	272244	43
00	0B38	272244	43
00	0B3B	272244	43
00	0B3C	272244	43
00	0B3D	272244	43
00	0B3E	272244	43
00	0B3F	272244	43
00	0B40	272244	43
00	0B41	272244	43
00	0B43	272244	43
00	0B45	31382	43
00	0B48	31382	43
00	0B49	31382	43
00	0B4A	31382	43
00	0B71	272244	43
00	0B72	272244	43
00	0B73	272244	43
00	0B74	272244	43
00	0B75	272244	43
00	0B78	272244	43
00	0B79	272244	43
00	0B7A	272244	43
00	0B7C	272244	43
00	0B7D	272244	43
00	0B7F	272244	43
00	0B80	272244	43
00	0B81	272244	43
00	0B83	272244	43
00	0B84	272244	43
00	0B85	272244	43
00	0B87	272244	43
00	0B88	272244	43
00	0B89	272244	43
00	0B8A	272244	43
00	0B8B	272244	43
00	0B8C	272244	43
00	0B8D	272244	43
00	0B8F	272244	43
00	0B91	31372	43
00	0B92	31372	43
00	0B94	31372	43
00	0B95	31372	43
00	0B96	31372	43
00	0B97	31372	43
00	0B98	31372	43
00	0B99	31372	43
00	0B9A	31372	43
00	0B9B	31372	43
00	0B9C	31372	43
00	0B9D	136989	43
00	0B9E	136989	43
00	0B9F	136989	43
00	0BA0	136989	43
00	0BA1	136989	43
00	0BA2	136989	43
00	0BA3	136989	43
00	0BA4	136989	43
00	0BA5	136989	43
00	0BA6	136989	43
00	0BA7	136989	43
00	0BA8	136989	43
00	0BA9	136989	43
00	0BAA	136989	43
00	0BAC	136989	43
00	0BAD	136989	43
00	0BAF	136989	43
00	0BB0	136989	43
00	0BB1	136989	43
00	0BB2	136989	43
00	0BB3	136989	43
00	0BB4	136989	43
00	0BB5	136989	43
00	0BB6	136989	43
00	0BB7	136989	43
00	0BB8	136989	43
00	0BBA	29200	43
00	0BBB	240872	43
00	0BBC	240872	43
00	0BE8	72	1810
00	0BEB	72	1810
00	0BED	1152	1810
00	0BEF	1152	1810
00	0BF1	1152	1810
00	0BF3	130	1810
00	0BF4	1152	1810
00	0BF6	1152	1810
00	0BF8	1152	1810
00	0BF9	1152	1810
00	0BFB	72	1810
00	0BFC	33	1181
00	0BFF	33	1181
00	0C01	33	1181
00	0C02	264	1181
00	0C03	264	1181
00	0C05	33	2684
00	0C06	264	1181
00	0C08	264	1181
00	0C0A	264	1181
00	0C0B	264	1181
00	0C0D	33	1181
00	0DB9	55	2684
00	0DBB	55	2684
00	0DBE	55	2684
00	0DC0	660	2684
00	0DC1	660	2684
00	0DC2	660	2684
00	0DC3	660	2684
00	0DC4	660	2684
00	0DC5	660	2684
00	0DC7	55	2684
00	0DC8	55	2684
00	0DCA	55	2684
00	0DCD	55	2684
00	0DE2	1179	1814
00	0DE4	1179	1814
00	0DE7	1179	1814
00	0DE8	1179	1814
00	0DE9	1179	1814
00	0DEB	7074	1814
00	0DEC	7074	1814
00	0DED	7074	1814
00	0DEF	7074	1814
00	0DF0	7074	1814
00	0DF1	7074	1814
00	0DF2	7074	1814
00	0DF3	7074	1814
00	0DF5	7074	1814
00	0DF7	7074	1814
00	0DF8	7074	1814
00	0DF9	7074	1814
00	0DFA	7074	1814
00	0DFC	7074	1814
00	0DFE	7074	1814
00	0DFF	7074	1814
00	0E00	7074	1814
00	0E01	7074	1814
00	0E02	7074	1814
00	0E04	1179	1814
00	0E05	1179	1814
00	0E06	1179	1814
00	0E08	7074	1814
00	0E0A	7074	1814
00	0E0B	7074	1814
00	0E0C	7074	1814
00	0E0E	7074	1814
00	0E10	7074	1814
00	0E12	7074	1814
00	0E14	7074	1814
00	0E15	7074	1814
00	0E16	7074	1814
00	0E18	7074	1814
00	0E1A	7074	1814
00	0E1B	7074	1814
00	0E1D	7074	1814
00	0E1E	7074	1814
00	0E1F	7074	1814
00	0E20	7074	1814
00	0E21	7074	1814
00	0E23	7074	1814
00	0E25	7074	1814
00	0E26	7074	1814
00	0E27	7074	1814
00	0E28	7074	1814
00	0E2A	1179	1814
00	0E2C	1179	1814
00	0E2E	1179	1814
00	0E31	1179	1814
00	0ED3	53	1814
00	0ED5	53	1814
00	0ED6	53	1814
00	0ED8	1379	1814
00	0EDA	1379	1814
00	0EDD	1379	1814
00	0EDE	1379	1814
00	0EE0	1379	1814
00	0EE2	145	1817
00	0EE3	145	1817
00	0EE4	145	1817
00	0EE6	145	1817
00	0EE7	145	1817
00	0EE9	145	1817
00	0EEB	145	1817
00	0EEC	145	1817
00	0EED	145	1817
00	0EEE	145	1817
00	0EEF	145	1817
00	0F30	1234	1814
00	0F31	1234	1814
00	0F33	1234	1814
00	0F35	1179	1814
00	0F37	1179	1814
00	0F49	55	2684
00	0F4A	1234	1814
00	0F4C	55	2684
00	0F4D	55	2684
00	0F50	55	2684
00	0F51	55	2684
00	0F53	1179	1814
00	0F54	1179	1814
00	0F55	1179	1814
00	0F56	1179	1814
00	0F59	1179	1814
00	0F5A	1234	1814
00	0F5D	1234	1814
00	0F5F	1234	1814
00	0F60	1234	1814
00	0F62	1234	1814
00	0F63	1234	1814
00	0F65	1234	1814
00	0F68	92	1817
00	0F69	92	1817
00	0F6B	92	1817
00	0F6D	92	1817
00	0F6F	92	1817
00	0F71	92	1817
00	0F73	92	1817
00	0F74	92	1817
00	0F75	92	1817
00	0F76	92	1817
00	0F78	92	1817
00	0F79	92	1817
00	0F7B	92	1817
00	0F7C	92	1817
00	0F7E	92	1817
00	0F7F	92	1817
00	0F9D	53	1833
00	0F9E	53	1833
00	0FA0	53	1833
00	0FA1	53	1833
00	1044	1179	1814
00	1045	1179	1814
00	1046	1179	1814
00	1048	1179	1814
00	104A	1179	1814
00	104C	1179	1814
00	104F	1179	1814
00	1052	1179	1814
00	1053	1179	1814
00	1059	1179	1814
00	105B	1179	1814
00	105C	1179	1814
00	105E	1179	1814
00	1060	1179	1814
00	1062	1179	1814
00	1064	1179	1814
00	1066	1179	1814
00	1067	1179	1814
00	1069	1179	1814
00	106A	1179	1814
00	106C	1179	1814
00	106D	1179	1814
00	106F	1179	1814
00	1070	1179	1814
00	1073	1179	1814
00	1079	1179	1814
00	107B	1179	1814
00	107D	1179	1814
00	107F	1179	1814
00	1080	1179	1814
00	1082	1179	1814
00	1084	1179	1814
00	1086	1179	1814
00	1088	1179	1814
00	1089	1179	1814
00	108B	1179	1814
00	108D	1179	1814
00	108F	1179	1814
00	1091	1179	1814
00	1093	1179	1814
00	1094	1179	1814
00	1096	1179	1814
00	1097	1179	1814
00	1099	1179	1814
00	109A	1179	1814
00	109D	1179	1814
00	10A3	1179	1814
00	10A5	1179	1814
00	10A7	1179	1814
00	10A9	1179	1814
00	10AA	1179	1814
00	10AC	1179	1814
00	10AE	1179	1814
00	10B0	1179	1814
00	10B1	55	2684
00	10B2	55	2684
00	10B4	55	2684
00	10B5	55	2684
00	10B7	55	2684
00	10B9	55	2684
00	10BB	55	2684
00	10BD	55	2684
00	10C0	55	2684
00	10C6	55	2684
00	10C8	55	2684
00	10C9	55	2684
00	10CB	55	2684
00	10CC	55	2684
00	10CE	55	2684
00	10CF	55	2684
00	10D1	55	2684
00	10D2	55	2684
00	10D5	55	2684
00	10DB	55	2684
00	10DD	55	2684
00	10DF	55	2684
00	10E1	55	2684
00	10E2	55	2684
00	10E4	55	2684
00	10E6	55	2684
00	10E8	55	2684
00	10E9	2	8635
00	10EC	2	8635
00	10ED	2	8635
00	10EE	2	8635
00	10EF	2	8635
00	10F0	2	8635
00	10F1	2	8635
00	10F2	2	8635
00	10F3	2	8635
00	10F4	2	8635
00	10F5	10	8635
00	10F6	10	8635
00	10F7	10	8635
00	10F8	10	8635
00	10F9	10	8635
00	10FA	10	8635
00	10FC	10	8635
00	10FE	10	8635
00	1100	8	8635
00	1102	8	8635
00	1106	10	8635
00	1107	10	8635
00	1109	2	8635
00	110A	2	8635
00	110B	2	8635
00	110C	2	8635
00	110D	2	8635
00	1117	2	8635
00	1118	2	8635
00	14BF	1361	3916
00	14C0	1361	3916
00	14C1	1361	3916
00	14C2	1361	3916
00	14C3	1361	3916
00	14C5	51	3916
00	14F3	8	6516
00	14F4	8	6516
00	14F5	8	6516
00	14F6	8	6516
00	14F7	177	6516
00	14F8	177	6516
00	14F9	177	6516
00	14FB	8	6516
00	14FC	8	6516
00	14FD	8	6516
00	14FE	8	6516
00	14FF	8	6516
00	1500	68	6516
00	1501	68	6516
00	1502	68	6516
00	1503	68	6516
00	1504	68	6516
00	1505	68	6516
00	1506	68	6516
00	1508	8	6516
00	1509	2	4899
00	150A	2	4899
00	150B	2	4899
00	150C	2	4899
00	150D	2	4899
00	150E	2	4899
00	150F	6	4899
00	1510	6	4899
00	1511	6	4899
00	1512	6	4899
00	1513	6	4899
00	1515	5	4899
00	1516	5	4899
00	1518	2	4899
00	1519	2	4899
00	151A	1	324
00	151B	1	324
00	151C	1	324
00	151E	16	324
00	151F	16	324
00	1521	15	324
00	1522	15	324
00	1523	15	324
00	1525	15	324
00	1526	15	324
00	1527	15	324
00	1528	15	324
00	152A	15	324
00	152B	15	324
00	152C	15	324
00	152E	1	324
00	152F	1	324
00	1530	1	324
00	1531	1	324
00	1532	1	324
00	1533	2	6517
00	1534	2	6517
00	1537	76	6517
00	1538	76	6517
00	1539	76	6517
00	153A	76	6517
00	153C	2	6517
00	153D	14	5868
00	153E	14	5868
00	1540	14	5868
00	1542	14	5868
00	1543	14	5868
00	1545	14	5868
00	1547	14	5868
00	1549	14	5868
00	154B	14	5868
00	154D	14	5868
00	154F	14	5868
00	1550	14	5868
00	1552	14	5868
00	1554	14	5868
00	1556	14	5868
00	1559	14	5868
00	155A	14	5868
00	155D	14	5868
00	155E	14	5868
00	155F	14	5868
00	1560	14	5868
00	1562	14	5868
00	1563	14	5868
00	1564	14	5868
00	1565	14	5868
00	1566	14	5868
00	1567	14	5868
00	156A	14	5868
00	156D	14	5868
00	156F	14	5868
00	1570	14	5868
00	1572	14	5868
00	1575	14	5868
00	1577	14	5868
00	1579	14	5868
00	157A	14	5868
00	157C	14	5868
00	157E	14	5868
00	1580	14	5868
00	1583	14	5868
00	1585	14	5868
00	1586	3	6489
00	1587	3	6489
00	158D	3	6489
00	158E	3	6489
00	1590	3	6489
00	1591	3	6489
00	1593	3	6489
00	1595	3	6489
00	1596	3	6489
00	1598	3	6489
00	159A	3	6489
00	159C	3	6489
00	159F	3	6489
00	15A2	3	6489
00	15A5	3	6489
00	15A6	3	6489
00	15A7	3	6489
00	15A8	3	6489
00	15AA	3	6489
00	15AB	3	6489
00	15AC	3	6489
00	15AD	3	6489
00	15AE	3	6489
00	15AF	3	6489
00	15B2	3	6489
00	15B4	3	6489
00	15B5	3	6489
00	15B7	3	6489
00	15BA	3	6489
00	15BC	3	6489
00	1620	74	326
00	1622	74	326
00	1624	74	326
00	1626	74	326
00	163E	74	326
00	1640	74	326
00	1642	74	326
00	1643	74	326
00	1645	74	326
00	1647	74	326
00	164A	74	326
00	164C	74	326
00	164E	74	326
00	1651	74	326
00	1652	74	326
00	1655	74	326
00	1656	74	326
00	1658	74	326
00	165B	74	326
00	165D	74	326
00	165E	74	326
00	1660	74	326
00	1663	74	326
00	1665	74	326
00	1668	74	326
00	1711	1	17
00	1713	1	17
00	1715	1	17
00	1716	1	17
00	1718	1	17
00	171A	1	17
00	171C	1	17
00	171F	1	17
00	1722	1	22
00	1724	1	22
00	1725	1	22
00	1727	1	22
00	172A	1	22
00	172C	1	22
00	20A0	1	8
00	20A3	1	8
00	20A6	23148	0
00	20A9	23147	17
00	20AC	127	83
00	20AF	127	83
00	20B2	3	6747
00	20B5	3	6747
00	20C4	1	323
00	20C7	1	323
00	20E8	30	43
00	20EB	30	43
00	20EE	23309	8
00	20F0	23309	8
00	20F3	23309	8
00	20F5	23309	8
00	20F8	41693	8
00	20FA	41693	8
00	20FD	41693	8
00	20FF	83386	8
00	2101	83386	8
00	2104	83386	8
00	2105	83386	8
00	2107	83386	8
00	210A	83386	8
00	210B	23309	8
00	210E	23309	8
00	2111	23309	8
00	2114	23309	8
00	2116	161	43
00	2119	161	43
00	211B	161	43
00	211D	23308	17
00	211F	23308	17
00	2120	23308	17
00	2123	23308	17
00	2124	23308	17
00	2125	1	0
00	2126	1	0
00	2128	1	0
00	2129	23148	0
00	212C	23148	0
00	212E	23148	0
00	2130	1	0
00	2132	1	0
00	2141	23308	17
00	2144	23308	17
00	2146	23308	17
00	2148	23308	17
00	214B	23308	17
00	214D	23308	17
00	214E	23308	17
00	215E	6064	44
00	2161	6064	44
00	2164	6064	44
00	2167	6064	44
00	216A	6064	44
00	216B	6064	44
00	216C	6064	44
00	216F	12320	44
00	2172	12320	44
00	2175	12320	44
00	2178	12320	44
00	217B	12320	44
00	217C	12320	44
00	217D	12320	44
00	217E	12320	44
00	217F	12320	44
00	2180	12320	44
04	4000	1	8
04	4002	1	8
04	4005	1	8
04	4008	1	8
04	4009	1	8
04	400C	1	8
04	400D	1	8
04	4010	1	8
04	4012	1	8
04	4013	63	8
04	4014	63	8
04	4015	63	8
04	4017	1	8
04	4018	1	8
04	401B	1	8
04	401C	1	8
04	401F	1	8
04	4021	1	8
04	4024	1	8
04	4027	1	8
04	402A	1	8
04	402D	1	8
04	402F	1	8
04	4032	1	8
04	4035	1	8
04	4037	1	8
04	403A	1	8
04	403B	1	8
04	403D	1	8
04	4040	1	8
04	4043	8	8
04	4044	8	8
04	4045	8	8
04	4046	8	8
04	4048	1	8
04	4049	1	8
04	404B	1	8
04	404E	1	8
04	4051	4	8
04	4052	4	8
04	4053	4	8
04	4054	4	8
04	4056	1	8
04	4058	1	8
04	405A	1	8
04	405C	1	8
04	405E	1	8
04	4060	1	8
04	4062	1	8
04	4064	1	8
04	4066	1	8
04	4068	1	8
04	406A	1	8
04	406C	1	8
04	406E	1	8
04	4070	1	8
04	4072	1	8
04	4074	1	8
04	4076	1	8
04	4078	1	8
04	407A	1	8
04	407C	1	8
04	407F	1	8
04	4082	23147	17
04	4083	23147	17
04	4084	23147	17
04	4087	23147	17
04	408A	23147	17
04	408C	23147	17
04	408F	23147	17
04	4090	23147	17
04	4091	23147	17
04	4092	23147	17
04	4094	23147	17
04	4095	23147	17
04	4096	23147	17
04	4097	23147	17
04	4099	23147	17
04	409A	23147	17
04	409B	23147	17
04	409D	23147	17
04	40AC	23147	17
04	40AD	23147	17
04	40AE	23147	17
04	40B1	92588	17
04	40B4	92588	17
04	40B7	92588	17
04	40B9	23147	17
04	40BC	92588	17
04	40BF	92588	17
04	40C2	92588	17
04	40C4	23147	17
04	40C7	23147	17
04	40C8	23147	17
04	40CA	23147	17
04	40CB	23147	17
04	40CC	23147	17
04	40CE	23147	17
04	40D0	23147	17
04	40D3	23147	17
04	40D5	23147	17
04	40D8	23147	17
04	40D9	23147	17
04	40DA	23147	17
04	40DB	23147	17
04	40DD	23147	17
04	40DE	23147	17
04	40DF	23147	17
04	40E0	23147	17
04	40E2	23147	17
04	40E3	23147	17
04	40E4	23147	17
04	40E6	23147	17
04	40E8	5496	503
04	40EB	21984	503
04	40EE	21984	503
04	40F1	21984	503
04	40F3	5496	503
04	40F5	17651	17
04	40F6	17651	17
04	40F7	17651	17
04	40FA	70604	17
04	40FD	70604	17
04	4100	70604	17
04	4102	17651	17
04	4105	70604	17
04	4108	70604	17
04	410B	70604	17
04	410D	17651	17
04	4110	17651	17
04	4111	17651	17
04	4113	17651	17
04	4114	17651	17
04	4115	17651	17
04	4117	17651	17
04	4119	23147	17
04	411C	92588	17
04	411F	92588	17
04	4122	92588	17
04	4124	23147	17
04	4127	23147	17
04	4128	23147	17
04	412A	1544	17
04	412C	23147	17
04	412D	23147	17
04	4130	23147	17
04	4132	23147	17
04	4135	23147	17
04	4138	185176	17
04	4139	185176	17
04	413B	185176	17
04	413C	185176	17
04	413D	185176	17
04	413F	185176	17
04	4140	185176	17
04	4141	185176	17
04	4143	23147	17
04	4144	23147	17
04	4147	23147	17
04	4148	23147	17
04	4149	23147	17
04	414C	23274	17
04	414F	23274	17
04	4151	23274	17
04	4153	23174	17
04	4156	23174	17
04	4158	23174	17
04	415F	46448	17
04	4162	46448	17
04	4163	46448	17
04	4164	46448	17
04	4165	46448	17
04	4166	46448	17
04	4167	185287	17
04	416A	185287	17
04	416B	185287	17
04	416C	138966	17
04	416D	138966	17
04	416F	138966	17
04	4170	138966	17
04	4171	138966	17
04	4173	138966	17
04	4174	138966	17
04	4175	138966	17
04	4176	138966	17
04	4177	1316	84
04	417A	1316	84
04	417C	1316	84
04	417E	1316	84
04	4180	774	44
04	4183	774	44
04	4185	774	44
04	4187	774	44
04	4189	898	84
04	418C	898	84
04	418E	898	84
04	4190	898	84
04	4192	1246	502
04	4195	1246	502
04	4197	1246	502
04	4199	1246	502
04	419B	63945	17
04	419E	63945	17
04	41A0	63945	17
04	41A2	68179	17
04	41A5	68179	17
04	41A6	68179	17
04	41A7	68179	17
04	41A8	68179	17
04	41A9	68179	17
04	41AA	68179	17
04	41AB	68179	17
04	41AC	255780	17
04	41AF	255780	17
04	41B0	255780	17
04	41B1	191835	17
04	41B2	191835	17
04	41B4	191835	17
04	41B5	191835	17
04	41B6	191835	17
04	41B8	191835	17
04	41B9	191835	17
04	41BA	191835	17
04	41BB	191835	17
04	41BD	191835	17
04	41BE	191835	17
04	41BF	191835	17
04	41C0	127	83
04	41C1	127	83
04	41C2	127	83
04	41C5	127	83
04	41C8	127	83
04	41CB	127	83
04	41CD	127	83
04	4219	127	83
04	421C	127	83
04	421E	127	83
04	4221	127	83
04	4222	127	83
04	4225	130	83
04	4228	130	83
04	4229	130	83
04	422C	130	83
04	422D	130	83
04	422F	130	83
04	4231	130	83
04	4234	130	83
04	4236	3	83
04	4239	3	83
04	423A	3	83
04	423D	3	83
04	423E	3	83
04	4241	3	83
04	4244	3	83
04	4246	3	83
04	4249	3	83
04	424C	3	83
04	4284	127	83
04	4287	26	43
04	4288	26	43
04	4289	26	43
04	428C	26	43
04	428D	26	43
04	4290	26	43
04	4291	26	43
04	4294	26	43
04	4295	26	43
04	4298	26	43
04	4299	26	43
04	429C	26	43
04	429F	26	43
04	42A2	93	43
04	42A5	93	43
04	42A7	67	501
04	42AA	67	501
04	42AE	11	43
04	42B1	11	43
04	42B2	11	43
04	42B5	11	43
04	42B6	11	43
04	42B7	11	43
04	42B8	37	43
04	42BB	37	43
04	42BD	26	43
04	42D6	30	43
04	42D9	30	43
04	42DA	30	43
04	42DC	7	1989
04	42DF	7	1989
04	42E0	7	1989
04	42E2	7	1989
04	42E5	7	1989
04	42E7	7	1989
04	42E9	7	1989
04	430A	153	43
04	430B	153	43
04	430E	153	43
04	4310	153	43
04	4311	153	43
04	4319	153	43
04	431B	153	43
04	431D	153	43
04	4320	153	43
04	4321	153	43
04	4322	153	43
04	4323	153	43
04	4324	153	43
04	4325	153	43
04	4328	153	43
04	4329	153	43
04	432A	153	43
04	432B	153	43
04	432C	153	43
04	432D	153	43
04	432E	153	43
04	4331	153	43
04	4332	153	43
04	4335	153	43
04	4336	153	43
04	4339	153	43
04	433A	153	43
04	433D	153	43
04	433E	153	43
04	4341	153	43
04	4342	153	43
04	4343	153	43
04	4344	153	43
04	4347	153	43
04	4348	153	43
04	434B	153	43
04	434C	223	43
04	434F	223	43
04	4350	223	43
04	4353	223	43
04	4354	223	43
04	4356	223	43
04	4357	223	43
04	4358	223	43
04	435B	223	43
04	435C	223	43
04	435F	223	43
04	4360	223	43
04	4363	223	43
04	4364	223	43
04	4367	223	43
04	4368	223	43
04	436B	223	43
04	436C	223	43
04	436F	223	43
04	4370	223	43
04	4373	223	43
04	4374	223	43
04	4377	223	43
04	4378	223	43
04	4379	70	83
04	437C	70	83
04	437E	70	83
04	437F	70	83
04	4380	70	83
04	4382	70	83
04	4383	70	83
04	4384	70	83
04	4385	70	83
04	4386	223	44
04	4388	223	44
04	4389	223	44
04	438A	223	44
04	438B	223	44
04	438C	223	44
04	438D	223	44
04	438E	223	44
04	438F	223	44
04	4390	223	44
04	4393	223	44
04	4394	223	44
04	4397	223	44
04	4398	223	44
04	439B	223	44
04	439C	223	44
04	439D	223	44
04	439E	223	44
04	43A1	223	44
04	43A2	223	44
04	43A3	223	44
04	43A4	223	44
04	43A5	223	44
04	43A6	223	44
04	43A7	223	44
04	43A8	223	44
04	43A9	223	44
04	43AB	223	44
04	43AC	223	44
04	43AD	223	44
04	43AE	223	44
04	43AF	223	44
04	43B0	223	44
04	43B1	223	44
04	43B2	223	44
04	43B4	223	44
04	43B5	223	44
04	43B7	223	44
04	43B8	223	44
04	43B9	223	44
04	43BA	223	44
04	43BB	223	44
04	43BC	223	44
04	43BE	223	44
04	43BF	223	44
04	43C0	223	44
04	43C1	223	44
04	43C2	223	44
04	43C3	223	44
04	43C4	223	44
04	43C6	223	44
04	43C7	223	44
04	43C8	223	44
04	43C9	223	44
04	43CA	223	44
04	43CB	223	44
04	43CC	223	44
04	43CD	223	44
04	43CE	223	44
04	43CF	223	44
04	43D0	223	44
04	43D1	223	44
04	43D2	223	44
04	43D3	223	44
04	43D4	223	44
04	43D5	223	44
04	43D6	223	44
04	43D7	223	44
04	43D8	223	44
04	43DA	223	44
04	43DB	223	44
04	4429	1	323
04	442C	1	323
04	4433	1	323
04	4435	1	323
04	4438	1	323
04	443B	4	323
04	443E	4	323
04	443F	4	323
04	4442	4	323
04	4443	4	323
04	4445	4	323
04	4448	4	323
04	444A	1	323
04	453A	23147	17
04	453D	23147	17
04	453E	23147	17
04	453F	23108	17
04	4542	23108	17
04	4543	23108	17
04	455A	21984	503
04	455D	21984	503
04	455E	21984	503
04	4561	21984	503
04	4562	21984	503
04	4563	21984	503
04	4565	21984	503
04	4566	19718	503
04	4569	19718	503
04	456C	163192	17
04	456F	163192	17
04	4570	163192	17
04	4573	163192	17
04	4574	163192	17
04	4575	163192	17
04	4577	163192	17
04	4578	47916	44
04	457A	47916	44
04	457C	223	44
04	457D	223	44
04	4580	223	44
04	4581	223	44
04	4582	47916	44
04	4585	47916	44
04	4586	47916	44
04	4587	47916	44
04	4588	47916	44
04	458A	42877	85
04	458B	42877	85
04	458C	42877	85
04	458E	5039	44
04	458F	5039	44
04	4590	5039	44
04	4591	5039	44
04	4592	5039	44
04	4593	5039	44
04	4594	5039	44
04	4597	5039	44
04	4598	5039	44
04	459B	12012	44
04	459E	12012	44
04	459F	12012	44
04	45A2	12012	44
04	45A3	12012	44
04	45A6	12012	44
04	45A7	12012	44
04	45AA	12012	44
04	45AC	12012	44
04	45AE	1313	510
04	45AF	1313	510
04	45B2	1313	510
04	45B3	1313	510
04	45B4	1313	510
04	45B6	10699	44
04	45B7	10699	44
04	45BA	10699	44
04	45BB	10699	44
04	45BD	10699	44
04	45BF	5096	44
04	45C0	12012	44
04	45C2	12012	44
04	45C5	7778	44
04	45C7	7778	44
04	45CA	2903	44
04	45CD	2903	44
04	45CF	2903	44
04	45D0	2903	44
04	45D1	2903	44
04	45D3	2903	44
04	45D4	2903	44
04	45D5	2903	44
04	45D6	2903	44
04	45D7	2903	44
04	45D8	2903	44
04	45D9	2903	44
04	45DA	2903	44
04	45DB	164	44
04	45DE	164	44
04	45DF	164	44
04	45E2	164	44
04	45E3	164	44
04	45E4	164	44
04	45E5	164	44
04	45E6	47752	84
04	45E9	47752	84
04	45EA	47752	84
04	45EB	47752	84
04	45EC	47752	84
04	45EE	7975	517
04	45EF	7975	517
04	45F2	7975	517
04	45F3	7975	517
04	45F5	7975	517
04	45F7	39777	84
04	45FA	39777	84
04	45FB	39777	84
04	45FC	39777	84
04	45FD	47752	84
04	45FE	47752	84
04	4600	47752	84
04	4602	19746	89
04	4603	47752	84
04	4606	47752	84
04	4609	47752	84
04	460A	47752	84
04	460B	47752	84
04	460C	47752	84
04	460E	11563	502
04	460F	11563	502
04	4612	11563	502
04	4613	11563	502
04	4614	11563	502
04	4615	11563	502
04	4618	11563	502
04	4619	11563	502
04	461A	11563	502
04	461B	11563	502
04	461C	11563	502
04	461D	11563	502
04	461F	11563	502
04	4623	36189	84
04	4626	36189	84
04	4627	36189	84
04	4628	36189	84
04	462A	36189	84
04	462E	11563	502
04	462F	11563	502
04	4631	11563	502
04	4632	11563	502
04	4633	11563	502
04	4635	11563	502
04	4636	11563	502
04	4638	11563	502
04	4639	11563	502
04	463B	11563	502
04	463C	11563	502
04	463E	11563	502
04	463F	11563	502
04	4640	47752	84
04	4641	47752	84
04	4642	47752	84
04	4644	3596	502
04	4647	3596	502
04	4649	3596	502
04	464C	3596	502
04	464D	47752	84
04	464E	47752	84
04	464F	47752	84
04	4650	47752	84
04	4652	875	502
04	4655	875	502
04	4657	875	502
04	465A	875	502
04	465B	47752	84
04	465D	47752	84
04	4660	47752	84
04	4661	47752	84
04	4664	47752	84
04	4665	47752	84
04	4668	67470	84
04	466A	67470	84
04	466C	4448	502
04	466F	4448	502
04	4670	4448	502
04	4671	4448	502
04	4673	4448	502
04	4675	4448	502
04	4676	4448	502
04	4677	4448	502
04	467A	4448	502
04	467B	4448	502
04	467C	4448	502
04	467D	4448	502
04	467E	4448	502
04	467F	4448	502
04	4680	4448	502
04	4681	4448	502
04	4684	4448	502
04	4685	4448	502
04	4686	4448	502
04	4687	4448	502
04	4688	4448	502
04	4689	4448	502
04	468A	4448	502
04	468B	4448	502
04	468E	4448	502
04	468F	4448	502
04	4690	4448	502
04	4692	4448	502
04	4694	4448	502
04	4695	4448	502
04	4696	4448	502
04	4697	4448	502
04	4698	4448	502
04	4699	4448	502
04	469A	4448	502
04	469D	4448	502
04	469E	4448	502
04	469F	4448	502
04	46A0	4448	502
04	46A1	4448	502
04	46A4	4448	502
04	46A5	4448	502
04	46A8	67470	84
04	46AA	67470	84
04	46BF	67470	84
04	46C1	67470	84
04	46C3	221	84
04	46C6	221	84
04	46C7	221	84
04	46C8	221	84
04	46C9	221	84
04	46CA	221	84
04	46CD	221	84
04	46CF	221	84
04	46D1	221	84
04	46D3	221	84
04	46D5	221	84
04	46D7	221	84
04	46D8	221	84
04	46D9	221	84
04	46DA	221	84
04	46DD	221	84
04	46DE	221	84
04	46DF	221	84
04	46E2	221	84
04	46E3	221	84
04	46E6	67470	84
04	46E7	67470	84
04	4756	4875	84
04	4758	4875	84
04	475B	4875	84
04	475D	4875	84
04	475E	4875	84
04	4760	4875	84
04	4762	4875	84
04	4763	4875	84
04	4764	4875	84
04	4765	4875	84
04	4768	4875	84
04	4769	4875	84
04	476C	4875	84
04	476D	4875	84
04	476E	4875	84
04	476F	4875	84
04	4770	4875	84
04	4771	4875	84
04	4772	4875	84
04	4773	4875	84
04	4774	4875	84
04	4777	49	1449
04	477A	49	1449
04	477B	49	1449
04	477E	49	1449
04	477F	49	1449
04	4782	49	1449
04	4783	49	1449
04	4784	49	1449
04	4786	49	1449
04	4789	49	1449
04	478A	49	1449
04	478B	49	1449
04	478C	49	1449
04	478D	49	1449
04	478F	49	1449
04	4790	49	1449
04	4793	49	1449
04	4794	49	1449
04	4795	49	1449
04	4796	49	1449
04	4797	49	1449
04	4798	49	1449
04	4799	49	1449
04	479A	49	1449
04	479B	85	1449
04	479E	85	1449
04	479F	85	1449
04	47A0	85	1449
04	47A3	94	1325
04	47A6	94	1325
04	47A7	94	1325
04	47AA	94	1325
04	47AB	94	1325
04	47AE	94	1325
04	47AF	94	1325
04	47B0	94	1325
04	47B1	94	1325
04	47B4	45	1574
04	47B5	45	1574
04	47B6	45	1574
04	47B7	45	1574
04	47B8	45	1574
04	47BA	45	1574
04	47BB	45	1574
04	47BE	45	1574
04	47BF	45	1574
04	47C0	45	1574
04	47C1	45	1574
04	47C2	45	1574
04	47E3	162	44
04	47E6	162	44
04	47E8	162	44
04	47EB	162	44
04	47ED	127	84
04	47F0	162	44
04	47F3	162	44
04	47F4	162	44
04	47F5	162	44
04	47F8	162	44
04	47FB	162	44
04	47FC	162	44
04	47FD	162	44
04	47FE	162	44
04	47FF	162	44
04	4800	162	44
04	4803	162	44
04	4804	162	44
04	4806	162	44
04	480C	162	44
04	480E	162	44
04	480F	162	44
04	4811	162	44
04	4812	162	44
04	4813	162	44
04	4816	162	44
04	4817	162	44
04	4818	162	44
04	483A	223	44
04	483D	223	44
04	484E	976	44
04	4851	976	44
04	4852	976	44
04	4854	976	44
04	4856	948	44
04	4859	948	44
04	485C	948	44
04	485E	948	44
04	485F	948	44
04	4862	948	44
04	4864	948	44
04	4865	948	44
04	4866	948	44
04	4867	948	44
04	4868	948	44
04	4869	948	44
04	486A	948	44
04	486B	948	44
04	486C	948	44
04	486D	948	44
04	486E	948	44
04	486F	948	44
04	4870	948	44
04	4871	948	44
04	4872	948	44
04	4873	948	44
04	4876	948	44
04	4878	948	44
04	487B	948	44
04	487E	28	502
04	4881	28	502
04	4883	28	502
04	4886	28	502
04	4889	2173	44
04	488A	2173	44
04	488C	2173	44
04	488D	2173	44
04	488E	2173	44
04	488F	2173	44
04	4890	2173	44
04	4891	2173	44
04	4894	2173	44
04	4895	2173	44
04	4896	852	532
04	4899	852	532
04	489A	852	532
04	489D	852	532
04	489E	852	532
04	48A1	852	532
04	48A2	852	532
04	48A5	852	532
04	48A6	852	532
04	48A7	852	532
04	48A9	852	532
04	48AA	852	532
04	48AB	852	532
04	48AC	852	532
04	48AD	903	532
04	48AE	903	532
04	48B0	903	532
04	48B2	507	533
04	48B5	507	533
04	48B6	507	533
04	48B7	507	533
04	48B9	396	532
04	48BA	396	532
04	48BB	396	532
04	48BC	396	532
04	48BF	396	532
04	48C0	396	532
04	48C1	396	532
04	48C2	396	532
04	48C3	396	532
04	48C4	396	532
04	48C5	396	532
04	48C6	903	532
04	48C7	903	532
04	48C8	903	532
04	48C9	903	532
04	48CA	903	532
04	48CD	903	532
04	48CF	903	532
04	48D2	903	532
04	48D5	51	1159
04	48D8	51	1159
04	48D9	51	1159
04	48DC	51	1159
04	48DD	51	1159
04	48E0	51	1159
04	48E1	51	1159
04	48E4	51	1159
04	48E5	51	1159
04	48E6	51	1159
04	48E7	51	1159
04	48E8	51	1159
04	48E9	51	1159
04	48EA	51	1159
04	48EC	21	502
04	48EF	21	502
04	48F0	21	502
04	48F3	21	502
04	48F4	21	502
04	48F7	21	502
04	48F8	21	502
04	48FB	21	502
04	48FC	21	502
04	48FD	21	502
04	48FF	21	502
04	4905	21	502
04	4925	26	502
04	4928	26	502
04	492A	223	44
04	492D	223	44
04	492F	223	44
04	4932	223	44
04	4935	223	44
04	4938	223	44
04	4939	223	44
04	493C	223	44
04	493D	223	44
04	493E	223	44
04	4941	223	44
04	4942	223	44
04	4943	223	44
04	4944	223	44
04	4970	26	502
04	4973	275	44
04	4976	275	44
04	4977	275	44
04	497A	275	44
04	497B	275	44
04	497C	275	44
04	497F	275	44
04	4980	275	44
04	4981	275	44
04	4A2B	4234	44
04	4A2D	4234	44
04	4A2F	4234	44
04	4A30	4234	44
04	4A32	4234	44
04	4A34	4234	44
04	4A35	4234	44
04	4A36	4234	44
04	4A39	4234	44
04	4A3A	4234	44
04	4A3D	4234	44
04	4A3E	4234	44
04	4A3F	4234	44
04	4A42	4234	44
04	4A43	4234	44
04	4A44	4234	44
04	4A46	4234	44
04	4A49	4234	44
04	4A4B	6064	44
04	4A4C	6064	44
04	4A4F	6064	44
04	4A50	10298	44
04	4A52	10298	44
04	4A54	6064	44
04	4A56	6064	44
04	4A58	2507	44
04	4A5A	2507	44
04	4A69	3557	44
04	4A6B	3557	44
04	4A6D	3557	44
04	4A6F	3557	44
04	4A70	3557	44
04	4A71	3557	44
04	4A73	2507	44
04	4A75	2507	44
04	4A77	2507	44
04	4A79	2507	44
04	4A7A	2507	44
04	4A7B	2507	44
04	4A7C	2507	44
04	4A7E	2507	44
04	4A7F	2507	44
04	4A81	4234	44
04	4A82	4234	44
04	4A83	4234	44
04	4A84	4234	44
04	4A87	4234	44
04	4A88	4234	44
04	4A89	4234	44
04	4A8C	4234	44
04	4A8F	4234	44
04	4A92	4234	44
04	4A93	4234	44
04	4A94	4234	44
04	4A95	4234	44
04	4A98	4234	44
04	4A99	4234	44
04	4A9C	4234	44
04	4A9E	4234	44
04	4AA0	1225	502
04	4AA1	1225	502
04	4AA2	1225	502
04	4AA3	1225	502
04	4AA6	1225	502
04	4AA8	1225	502
04	4AAB	1225	502
04	4AAC	1225	502
04	4AAD	1225	502
04	4AAE	1225	502
04	4AAF	1225	502
04	4AB0	1225	502
04	4AB1	1225	502
04	4AB2	1225	502
04	4AB3	1225	502
04	4AB4	1225	502
04	4AB5	1225	502
04	4AB6	1225	502
04	4AB7	1225	502
04	4AB8	1225	502
04	4AB9	1225	502
04	4ABA	1225	502
04	4ABD	1225	502
04	4ABE	4234	44
04	4ABF	4234	44
04	4AC1	4234	44
04	4AC3	2090	44
04	4AC5	2090	44
04	4AC7	1316	84
04	4ACA	1316	84
04	4ACC	774	44
04	4ACF	774	44
04	4AD1	2144	84
04	4AD3	2144	84
04	4AD5	898	84
04	4AD8	898	84
04	4ADA	1246	502
04	4ADD	4234	44
04	4AE0	4234	44
04	4AE3	4234	44
04	4AE5	4234	44
04	4AE7	260	84
04	4AE9	4234	44
04	4AEC	4234	44
04	4AED	4234	44
04	4AF0	4234	44
04	4AF1	4234	44
04	4AF4	4234	44
04	4AF5	4234	44
04	4AF8	4234	44
04	4AF9	4234	44
04	4AFA	4234	44
04	4AFD	4234	44
04	4AFE	4234	44
04	4B01	4234	44
04	4B02	4234	44
04	4B05	4234	44
04	4B06	4234	44
04	4B07	4234	44
04	4B08	4234	44
04	4B0A	1673	517
04	4B0C	1673	517
04	4B0E	1542	517
04	4B10	131	1793
04	4B11	131	1793
04	4B12	131	1793
04	4B14	131	1793
04	4B16	131	1793
04	4B17	131	1793
04	4B18	131	1793
04	4B1A	4204	44
04	4B1D	4204	44
04	4B20	4204	44
04	4B21	4204	44
04	4B24	4204	44
04	4B25	4204	44
04	4B28	4204	44
04	4B29	4204	44
04	4B2C	4204	44
04	4B2D	4204	44
04	4B2F	4204	44
04	4B30	4204	44
04	4B33	4204	44
04	4B34	4204	44
04	4B37	4204	44
04	4B38	4204	44
04	4B3B	4204	44
04	4B3C	4204	44
04	4B3D	4204	44
04	4B3E	4204	44
04	4B3F	4204	44
04	4B40	4204	44
04	4B42	4204	44
04	4B43	4204	44
04	4B44	4204	44
04	4B46	4204	44
04	4B47	4204	44
04	4B48	4204	44
04	4B49	4204	44
04	4B4A	4204	44
04	4B4B	4204	44
04	4B4C	4204	44
04	4B4D	4204	44
04	4B4E	4204	44
04	4B4F	4204	44
04	4B50	4204	44
04	4B51	4204	44
04	4B52	4204	44
04	4B53	4204	44
04	4B54	4204	44
04	4B55	4204	44
04	4B56	4204	44
04	4B57	4204	44
04	4B58	4204	44
04	4B59	4204	44
04	4B5A	4204	44
04	4B5B	4204	44
04	4B5C	4204	44
04	4B5D	4204	44
04	4B5E	4204	44
04	4B61	4204	44
04	4B62	4234	44
04	4B63	4234	44
04	4BC9	92588	17
04	4BCC	92588	17
04	4BCD	92588	17
04	4BD0	92588	17
04	4BD1	92588	17
04	4BD3	92588	17
04	4BD4	46106	85
04	4BD5	46106	85
04	4BD6	46106	85
04	4BD8	46106	85
04	4BD9	572	85
04	4BDB	70604	17
04	4BDE	70604	17
04	4BDF	70604	17
04	4BE2	70604	17
04	4BE3	70604	17
04	4BE5	70604	17
04	4BE6	32342	84
04	4BE7	32342	84
04	4BE8	32342	84
04	4BEA	32342	84
04	4BEB	32382	85
04	4BEC	32382	85
04	4BED	32382	85
04	4BEE	32382	85
04	4BEF	32382	85
04	4BF0	32382	85
04	4BF1	32382	85
04	4BF2	32382	85
04	4BF4	32382	85
04	4BF6	32355	85
04	4BF7	32355	85
04	4BF8	32355	85
04	4BF9	32355	85
04	4BFA	32355	85
04	4BFB	32355	85
04	4BFC	4065	87
04	4BFF	4065	87
04	4C00	4065	87
04	4C01	4065	87
04	4C03	4065	87
04	4C05	4065	87
04	4C07	4065	87
04	4C09	4065	87
04	4C0A	4065	87
04	4C0B	27	1863
04	4C0E	27	1863
04	4C0F	196	44
04	4C10	196	44
04	4C11	196	44
04	4C14	92588	17
04	4C17	92588	17
04	4C18	92588	17
04	4C1B	92588	17
04	4C1C	92588	17
04	4C1D	92588	17
04	4C1F	92588	17
04	4C20	48640	44
04	4C21	48640	44
04	4C22	48640	44
04	4C25	48640	44
04	4C26	48640	44
04	4C27	48640	44
04	4C2A	48640	44
04	4C2B	48640	44
04	4C2C	48640	44
04	4C2F	48640	44
04	4C30	48640	44
04	4C31	48640	44
04	4C33	48640	44
04	4C35	169	44
04	4C36	169	44
04	4C38	48471	84
04	4C3B	48471	84
04	4C3D	48471	84
04	4C3F	41904	85
04	4C42	41904	85
04	4C43	41904	85
04	4C46	41904	85
04	4C47	41904	85
04	4C49	2801	513
04	4C4A	41904	85
04	4C4B	41904	85
04	4C4C	41904	85
04	4C4E	41904	85
04	4C50	41904	85
04	4C52	41904	85
04	4C54	41904	85
04	4C5F	6567	84
04	4C60	6567	84
04	4C62	6567	84
04	4C64	6567	84
04	4C66	4202	84
04	4C67	4202	84
04	4C6A	4202	84
04	4C6B	4202	84
04	4C6E	4202	84
04	4C70	4202	84
04	4C73	4202	84
04	4C76	4202	84
04	4C79	4202	84
04	4C7A	4202	84
04	4C7B	4202	84
04	4C7E	4202	84
04	4C7F	4202	84
04	4C81	4202	84
04	4C82	4202	84
04	4C83	4202	84
04	4C85	4202	84
04	4C8F	2365	87
04	4C92	2365	87
04	4C93	2365	87
04	4C94	2365	87
04	4C97	2365	87
04	4C98	2365	87
04	4C99	2365	87
04	4C9B	2365	87
04	4C9E	2365	87
04	4C9F	2365	87
04	4CA0	2365	87
04	4CA1	2365	87
04	4CA2	2365	87
04	4CA4	2365	87
04	4CD3	4202	84
04	4CD6	4202	84
04	4CD7	4202	84
04	4CD8	4202	84
04	4CDB	4202	84
04	4CDC	4202	84
04	4CDD	4202	84
04	4CDE	4202	84
04	4CE1	4202	84
04	4CE2	4202	84
04	4CE4	4202	84
04	4CE7	4202	84
04	4CE8	4202	84
04	4CEB	4202	84
04	4CEC	4202	84
04	4CED	4202	84
04	4CEE	4202	84
04	4CEF	4202	84
04	4CF0	4202	84
04	4CF2	4202	84
04	4CF4	643	84
04	4CF7	643	84
04	4CF9	643	84
04	4CFA	643	84
04	4CFB	4202	84
04	4CFC	4202	84
04	4CFD	4202	84
04	4CFE	4202	84
04	4CFF	4202	84
04	4D02	41904	85
04	4D05	41904	85
04	4D07	41904	85
04	4D0A	41904	85
04	4D0D	41904	85
04	4D0E	41904	85
04	4D0F	41904	85
04	4D11	41904	85
04	4D13	20720	85
04	4D14	20720	85
04	4D15	20720	85
04	4D17	14465	85
04	4D18	14465	85
04	4D19	14465	85
04	4D1A	14465	85
04	4D1C	14465	85
04	4D1E	14465	85
04	4D21	14465	85
04	4D22	20720	85
04	4D23	20720	85
04	4D24	20720	85
04	4D25	20720	85
04	4D27	20720	85
04	4D28	20720	85
04	4D2A	2690	507
04	4D2D	2690	507
04	4D2F	2690	507
04	4D30	2690	507
04	4D31	2690	507
04	4D32	2690	507
04	4D34	21184	85
04	4D35	21184	85
04	4D36	21184	85
04	4D37	21184	85
04	4D39	21184	85
04	4D54	2365	87
04	4D55	2365	87
04	4D58	2365	87
04	4D59	2365	87
04	4D5C	2365	87
04	4D5D	2365	87
04	4D60	2365	87
04	4D61	2365	87
04	4D62	2365	87
04	4D65	2365	87
04	4D66	2365	87
04	4D67	2365	87
04	4D68	2365	87
04	4D69	2365	87
04	4D6A	2365	87
04	4D6B	2365	87
04	4D6C	2365	87
04	4D6E	2365	87
04	4D6F	2365	87
04	4D70	2365	87
04	4D90	2365	87
04	4D93	2365	87
04	4D94	2365	87
04	4D97	2365	87
04	4D98	2365	87
04	4D99	2365	87
04	4D9A	2365	87
04	4D9D	18030	85
04	4DA0	18030	85
04	4DA2	18030	85
04	4DA4	13572	85
04	4DA7	13572	85
04	4DA9	13572	85
04	4DAC	13572	85
04	4DAE	6892	84
04	4DB1	6892	84
04	4DB3	6892	84
04	4DB6	46106	84
04	4DB9	46106	84
04	4DBB	46106	84
04	4DBD	7038	84
04	4DC0	7038	84
04	4DC3	46106	84
04	4DC5	46106	84
04	4DC7	4202	84
04	4DCA	4202	84
04	4DCD	46106	84
04	4DCF	46106	84
04	4DD0	7402	84
04	4DD3	3333	84
04	4DD6	3333	84
04	4DD7	3333	84
04	4DD8	3333	84
04	4DDB	3333	84
04	4DDC	3333	84
04	4DDE	3333	84
04	4DDF	4202	84
04	4DE0	4202	84
04	4DE3	4202	84
04	4DE4	4202	84
04	4DE5	4202	84
04	4DE8	4202	84
04	4DE9	4202	84
04	4DEC	4202	84
04	4DED	4202	84
04	4DF0	4202	84
04	4DF1	4202	84
04	4DF2	4202	84
04	4DF5	4202	84
04	4DF7	4202	84
04	4DF9	4202	84
04	4DFA	4202	84
04	4DFD	4202	84
04	4DFE	4202	84
04	4DFF	4202	84
04	4E02	4202	84
04	4E03	4202	84
04	4E04	4202	84
04	4E05	4202	84
04	4E08	4202	84
04	4E09	4202	84
04	4E0A	4202	84
04	4E0D	4202	84
04	4E0E	4202	84
04	4E0F	4202	84
04	4E12	4202	84
04	4E14	4202	84
04	4E15	4202	84
04	4E18	4202	84
04	4E19	4202	84
04	4E1C	4202	84
04	4E1D	4202	84
04	4E20	4202	84
04	4E21	4202	84
04	4E22	4202	84
04	4E25	4202	84
04	4E27	4202	84
04	4E29	4202	84
04	4E2A	4202	84
04	4E2D	4202	84
04	4E2E	4202	84
04	4E2F	4202	84
04	4E32	4202	84
04	4E33	4202	84
04	4E34	14465	85
04	4E35	14465	85
04	4E38	14465	85
04	4E3A	14465	85
04	4E3B	14465	85
04	4E3C	2753	520
04	4E3D	2753	520
04	4E3F	2753	520
04	4E41	557	523
04	4E44	557	523
04	4E46	557	523
04	4E49	2753	520
04	4E4A	2753	520
04	4E4B	4202	84
04	4E4E	4202	84
04	4E4F	4202	84
04	4E52	4202	84
04	4E53	4202	84
04	4E56	4202	84
04	4E57	4202	84
04	4E5A	4202	84
04	4E5B	4202	84
04	4E5D	4202	84
04	4E5F	2132	84
04	4E61	1234	502
04	4E62	1234	502
04	4E63	1234	502
04	4E64	1234	502
04	4E65	1234	502
04	4E67	1234	502
04	4E68	1234	502
04	4E69	1234	502
04	4E6A	1234	502
04	4E6C	1234	502
04	4E6D	1234	502
04	4E6E	1234	502
04	4E6F	1234	502
04	4E70	1234	502
04	4E78	1234	502
04	4E7A	1234	502
04	4E7C	1234	502
04	4E7D	2070	84
04	4E7E	2070	84
04	4E7F	2070	84
04	4E80	2070	84
04	4E82	2070	84
04	4E83	2070	84
04	4E84	2070	84
04	4E85	2070	84
04	4E8F	2070	84
04	4E90	2070	84
04	4E91	2070	84
04	4E92	2070	84
04	4E93	2070	84
04	4E94	2070	84
04	4E95	2070	84
04	4E96	2070	84
04	4E97	2070	84
04	4E98	2070	84
04	4E99	2070	84
04	4E9A	2070	84
04	4E9B	898	84
04	4E9C	898	84
04	4E9E	898	84
04	4E9F	898	84
04	4EA0	898	84
04	4EA1	898	84
04	4EA9	898	84
04	4EAB	898	84
04	4EAE	898	84
04	4EAF	898	84
04	4EB0	469	84
04	4EB1	469	84
04	4EB4	469	84
04	4EB5	469	84
04	4EB7	469	84
04	4EB8	469	84
04	4EB9	469	84
04	4EBA	469	84
04	4EBB	469	84
04	4EBE	469	84
04	4EBF	469	84
04	4EC1	469	84
04	4EC3	7504	84
04	4EC4	7504	84
04	4EC5	7504	84
04	4EC6	7504	84
04	4EC7	7504	84
04	4EC9	469	84
04	4ECA	7038	84
04	4ECD	7038	84
04	4ECE	7038	84
04	4ED1	7038	84
04	4ED2	7038	84
04	4ED5	7038	84
04	4ED6	7038	84
04	4ED7	7038	84
04	4ED8	7038	84
04	4ED9	7038	84
04	4EDC	7038	84
04	4EDD	7038	84
04	4EE0	7038	84
04	4EE1	7038	84
04	4EE4	7038	84
04	4EE5	7038	84
04	4EE6	7038	84
04	4EE7	7038	84
04	4EE8	7038	84
04	4EEB	7038	84
04	4EED	7038	84
04	4EEF	2719	84
04	4EF1	1152	84
04	4EF2	1152	84
04	4EF4	1152	84
04	4EF5	5471	84
04	4EF6	5471	84
04	4EF7	5471	84
04	4EFA	5471	84
04	4EFB	5471	84
04	4EFE	5471	84
04	4F01	5471	84
04	4F02	5471	84
04	4F03	5471	84
04	4F05	5471	84
04	4F06	5471	84
04	4F09	5471	84
04	4F0A	5471	84
04	4F0B	5471	84
04	4F0C	5471	84
04	4F0D	5471	84
04	4F0E	5471	84
04	4F0F	5471	84
04	4F11	5471	84
04	4F17	5471	84
04	4F18	5471	84
04	4F19	5471	84
04	4F1A	5471	84
04	4F1D	5471	84
04	4F1E	5471	84
04	4F1F	5471	84
04	4F20	5471	84
04	4F22	5471	84
04	4F23	5471	84
04	4F24	5471	84
04	4F25	5471	84
04	4F28	5471	84
04	4F29	5471	84
04	4F2B	5471	84
04	4F2C	5471	84
04	4F2D	1567	502
04	4F2E	1567	502
04	4F2F	1567	502
04	4F30	1567	502
04	4F32	1567	502
04	4F33	1567	502
04	4F34	1567	502
04	4F36	1567	502
04	4F37	1567	502
04	4F38	1567	502
04	4F3A	1567	502
04	4F3C	922	502
04	4F3E	922	502
04	4F3F	922	502
04	4F40	922	502
04	4F41	922	502
04	4F43	922	502
04	4F44	1567	502
04	4F45	1567	502
04	4F47	1567	502
04	4F48	1567	502
04	4F49	1567	502
04	4F4A	1567	502
04	4F4B	1567	502
04	4F4D	1567	502
04	4F4E	1567	502
04	4F4F	4202	84
04	4F52	4202	84
04	4F53	4202	84
04	4F56	4202	84
04	4F57	4202	84
04	4F5A	4202	84
04	4F5B	4202	84
04	4F5E	4202	84
04	4F60	4202	84
04	4F62	2904	84
04	4F64	2132	84
04	4F66	2132	84
04	4F68	1234	502
04	4F6B	1234	502
04	4F6D	1298	84
04	4F70	1298	84
04	4F72	772	502
04	4F75	772	502
04	4F77	898	84
04	4F7A	4202	84
04	4F7C	4202	84
04	4F7E	4202	84
04	4F80	4202	84
04	4F90	4202	84
04	4F92	4202	84
04	4F93	4202	84
04	4F94	4202	84
04	4F95	4202	84
04	4F96	4202	84
04	4F97	7402	84
04	4F9A	7402	84
04	4F9B	7402	84
04	4F9E	7402	84
04	4F9F	7402	84
04	4FA2	7402	84
04	4FA3	7402	84
04	4FA4	7402	84
04	4FA5	7402	84
04	4FA8	7402	84
04	4FA9	7402	84
04	4FAB	7402	84
04	4FAD	4008	84
04	4FAF	2044	502
04	4FB0	2044	502
04	4FB1	2044	502
04	4FB3	2044	502
04	4FB5	2044	502
04	4FB7	2044	502
04	4FB8	3394	84
04	4FB9	3394	84
04	4FBA	3394	84
04	4FBB	3394	84
04	4FBC	3394	84
04	4FBD	3394	84
04	4FBE	3394	84
04	4FBF	3394	84
04	4FC0	1964	84
04	4FC1	1964	84
04	4FC3	1964	84
04	4FC5	1964	84
04	4FC6	1964	84
04	4FC7	1964	84
04	4FC9	1964	84
04	4FCA	1964	84
04	4FCB	898	84
04	4FCD	898	84
04	4FCF	898	84
04	4FD0	898	84
04	4FD1	898	84
04	4FD3	898	84
04	4FD4	6765	44
04	4FD7	6765	44
04	4FD8	6765	44
04	4FDA	6765	44
04	4FDC	5551	44
04	4FDE	5551	44
04	4FDF	5551	44
04	4FE0	5551	44
04	4FE1	5551	44
04	4FE3	5551	44
04	4FE4	5551	44
04	4FE5	1214	84
04	4FE7	1214	84
04	4FE9	1214	84
04	4FEA	5471	84
04	4FEC	5471	84
04	4FEF	5471	84
04	4FF1	5471	84
04	4FF5	5471	84
04	4FF7	5471	84
04	4FF8	5471	84
04	4FF9	5471	84
04	4FFA	5471	84
04	4FFC	5471	84
04	4FFD	5471	84
04	5000	5471	84
04	5001	5471	84
04	5002	5471	84
04	5003	5471	84
04	5004	5471	84
04	5005	5471	84
04	5006	5471	84
04	5007	18099	44
04	5008	18099	44
04	500A	18099	44
04	500B	18099	44
04	500C	18099	44
04	500E	9817	504
04	500F	18099	44
04	5010	18099	44
04	5012	2247	44
04	5013	18099	44
04	5014	18099	44
04	5016	2445	502
04	5017	18099	44
04	5018	18099	44
04	501A	5938	502
04	501B	18099	44
04	501C	18099	44
04	501E	4306	44
04	501F	18099	44
04	5020	18099	44
04	5022	4727	84
04	5023	18099	44
04	5024	18099	44
04	5026	4347	44
04	5027	18099	44
04	5028	18099	44
04	5029	4671	84
04	502A	4671	84
04	502B	12827	84
04	502C	12827	84
04	502E	12827	84
04	5030	12827	84
04	5031	12827	84
04	5032	12827	84
04	5034	12827	84
04	5035	12827	84
04	5037	9345	84
04	5038	12827	84
04	5039	12827	84
04	503B	11826	84
04	503C	12827	84
04	503D	12827	84
04	503F	11789	84
04	5040	12827	84
04	5041	12827	84
04	5042	10366	84
04	5043	10366	84
0E	4000	1	327
0E	4003	1	327
0E	4005	1	327
0E	4007	1	327
0E	400D	1	327
0E	4010	1	327
0E	4011	1	327
0E	4013	1	327
0E	4014	1	327
0E	4017	1	327
0E	401E	1	327
0E	4021	1	1176
0E	4024	1	1176
0E	4027	1	1176
0E	4028	1	1176
0E	402A	1	1176
0E	402C	1	1176
0E	402D	1	1176
0E	402F	1	1176
0E	4031	1	1176
0E	4033	1	1176
0E	4034	1	1176
0E	4036	1	1176
0E	4038	1	1176
0E	403A	1	1176
0E	403D	1	1176
0E	403F	1	1176
0E	4041	1	1176
0E	4044	1	1176
0E	4045	1	1176
0E	4046	1	1176
0E	4048	1	1176
0E	4049	1	1176
0E	404B	1	1176
0E	404E	1	1176
0E	4050	1	1176
0E	4052	1	1176
0E	4053	1	1176
0E	4055	1	1176
0E	4058	1	1176
0E	405A	1	1176
0E	405D	1	1176
0E	405E	1	1176
0E	405F	756	327
0E	4065	756	327
0E	4068	756	363
0E	406E	756	363
0E	4071	756	364
0E	4074	756	364
0E	4076	756	364
0E	4078	1	1175
0E	407B	1	1176
0E	407E	1	1176
0E	407F	1	1176
0E	4081	1	1176
0E	4082	1	1176
0E	4083	756	327
0E	4086	756	327
0E	4089	756	327
0E	408A	756	327
0E	408B	756	327
0E	408C	756	327
0E	408E	756	327
0E	408F	756	327
0E	4090	756	327
0E	4091	756	327
0E	4092	756	327
0E	4093	756	327
0E	40A2	1	327
0E	40A5	1	331
0E	40AB	1	363
0E	40AD	1	363
0E	40AE	1	363
0E	40B0	1	363
0E	40B2	1	363
0E	40B5	1	363
0E	40B8	1	363
0E	40B9	1	363
0E	40BB	1	363
0E	40BC	1	363
0E	40BF	1	363
0E	40C2	1	363
0E	40C5	1	363
0E	40C6	1	363
0E	40C9	1	363
0E	40CA	97	364
0E	40CD	97	364
0E	40CE	97	364
0E	40D1	97	364
0E	40D2	97	364
0E	40D3	97	364
0E	40D4	97	364
0E	40D7	97	364
0E	40D8	97	364
0E	40D9	97	364
0E	40DB	97	364
0E	40DC	97	364
0E	40DD	97	364
0E	40DF	97	364
0E	40E0	97	364
0E	40E1	97	364
0E	40E4	97	364
0E	40E5	97	364
0E	40E8	97	364
0E	40EA	97	364
0E	40EC	97	364
0E	40EE	96	364
0E	40F0	96	364
0E	40F2	96	364
0E	40F4	1	460
0E	40FA	1	475
0E	40FD	1	475
0E	40FF	1	475
0E	4102	1	475
0E	410B	97	364
0E	411A	1	476
0E	411D	1	476
0E	411F	1	476
0E	4121	1	476
0E	4122	1	476
0E	4124	1	476
0E	4126	1	476
0E	4128	1	476
0E	4129	1	476
0E	412B	1	476
0E	412D	1	476
0E	412F	1	476
0E	4132	1	476
0E	4134	1	476
0E	4136	1	476
0E	4139	1	476
0E	413A	1	476
0E	413B	1	476
0E	413D	1	476
0E	413E	1	476
0E	4140	1	476
0E	4143	1	476
0E	4145	1	476
0E	4147	1	476
0E	4148	1	476
0E	414A	1	476
0E	414D	1	476
0E	414F	1	476
0E	4150	1	476
0E	4153	1	476
0E	4156	1	485
0E	415C	1	501
0E	415E	1	501
0E	415F	1	501
0E	4161	1	501
0E	4163	1	501
0E	4166	1	501
0E	4169	1	501
0E	416A	1	501
0E	416C	1	501
0E	416D	1	501
0E	4170	1	501
0E	4173	1	501
0E	4176	1	501
0E	4177	1	501
0E	417A	1	501
0E	417B	656	502
0E	417E	656	502
0E	417F	656	502
0E	4181	656	502
0E	4184	656	502
0E	4185	656	502
0E	4188	656	502
0E	4189	656	502
0E	418A	656	502
0E	418B	656	502
0E	418E	656	502
0E	418F	656	502
0E	4190	656	502
0E	4194	656	502
0E	4196	656	502
0E	4197	656	502
0E	4198	656	502
0E	419B	656	502
0E	419C	656	502
0E	419F	656	502
0E	41A1	656	502
0E	41A3	656	502
0E	41A5	655	502
0E	41A7	655	502
0E	41A9	655	502
0E	41AB	655	502
0E	41AD	655	502
0E	41AF	655	502
0E	41B1	654	502
0E	41BA	1	1094
0E	41BB	1	1094
0E	41BE	1	1094
0E	41C1	1	1094
0E	41C3	1	1094
0E	41C4	1	1094
0E	41C6	1	1094
0E	41C8	1	1094
0E	41CB	1	1094
0E	41CE	1	1094
0E	41CF	1	1094
0E	41D1	1	1094
0E	41D4	1	1094
0E	41D6	1	1094
0E	41D9	1	1094
0E	41DC	1	1094
0E	41DF	1	1094
0E	41E1	1	1094
0E	41E4	1	1095
0E	41E6	1	1158
0E	41E8	1	1158
0E	41E9	1	1158
0E	41EB	1	1158
0E	41ED	1	1158
0E	41F0	1	1158
0E	41F3	1	1158
0E	41F4	1	1158
0E	41F6	1	1158
0E	41F9	1	1158
0E	41FA	1	1158
0E	41FD	656	502
0E	41FE	1	1159
0E	4204	1	1174
0E	4206	1	1174
0E	4209	1	1174
0E	4215	1	476
0E	4218	1	477
0E	421B	1	477
0E	421C	1	477
0E	421E	1	477
0E	421F	1	477
0E	4225	1	477
0E	4228	1	477
0E	422B	1	477
0E	422D	1	477
0E	422F	1	477
0E	4231	1	477
0E	4237	1	478
0E	423A	1	478
0E	423D	1	478
0E	423F	1	478
0E	4241	1	478
0E	4243	1	478
0E	4249	1	479
0E	424C	1	479
0E	424F	1	479
0E	4251	1	479
0E	4253	1	479
0E	4255	1	479
0E	425B	1	480
0E	425E	1	480
0E	4261	1	480
0E	4263	1	480
0E	4265	1	480
0E	4267	1	480
0E	426D	1	481
0E	4270	1	481
0E	4273	1	481
0E	4275	1	481
0E	4277	1	481
0E	4279	1	481
0E	427F	1	482
0E	4282	1	482
0E	4285	1	482
0E	4287	1	482
0E	4289	1	482
0E	428B	1	482
0E	4291	1	483
0E	4294	1	483
0E	4297	1	483
0E	4299	1	483
0E	429B	1	483
0E	429D	1	483
0E	42A3	1	484
0E	42A6	1	484
0E	42A9	1	484
0E	42AC	1	484
0E	42AE	1	484
0E	42B4	1	484
0E	42B7	1	484
0E	42BA	1	484
0E	42BD	1	484
0E	42BF	1	484
0E	42C5	1	484
0E	42C8	1	484
0E	42CB	1	484
0E	42CE	1	484
0E	42D0	1	484
0E	42D6	1	484
0E	42D9	1	484
0E	42DB	1	484
0E	42DE	1	485
0E	42E1	1	485
0E	42E4	1	485
0E	42E6	1	485
0E	42E8	1	485
0E	42EE	1	485
0E	42F1	1	485
0E	42F4	1	485
0E	42F7	1	485
0E	42F9	1	485
0E	42FB	1	485
0E	4301	1	485
0E	4304	1	485
0E	4307	1	485
0E	430A	1	485
0E	4310	1	485
0E	4311	2	484
0E	4314	2	484
0E	4317	2	484
0E	431A	2	484
0E	431D	2	484
0E	431E	2	484
0E	431F	2	484
0E	4320	2	484
0E	4322	2	484
0E	4323	2	484
0E	4324	2	484
0E	4325	2	484
0E	4326	2	484
0E	4327	2	484
0E	4329	2	484
0E	432F	2	484
0E	4334	2	485
0E	4337	2	485
0E	433A	2	485
0E	433B	2	485
0E	433C	2	485
0E	433D	2	485
0E	433F	2	485
0E	4340	2	485
0E	4341	2	485
0E	4342	2	485
0E	4343	2	485
0E	4344	2	485
0E	4347	2	485
0E	434A	2	485
0E	434F	1	327
0E	4352	1	328
0E	4355	1	328
0E	4356	1	328
0E	4358	1	328
0E	4359	1	328
0E	435F	1	328
0E	4362	1	328
0E	4365	1	328
0E	4367	1	328
0E	4369	1	328
0E	436B	1	328
0E	4371	1	329
0E	4374	1	329
0E	4377	1	329
0E	4379	1	329
0E	437B	1	329
0E	437D	1	329
0E	4383	1	330
0E	4386	1	330
0E	4389	1	330
0E	438C	1	330
0E	438E	1	330
0E	4394	1	330
0E	4397	1	330
0E	439A	1	330
0E	439D	1	330
0E	439F	1	330
0E	43A5	1	330
0E	43A7	1	330
0E	43AA	1	331
0E	43B0	1	331
1C	4000	1	17
1C	4006	1	327
1C	4007	1	327
1C	400D	1	1176
1C	4028	1	1176
22	4EF0	1	324
22	4EF2	1	324
22	4EF4	1	324
22	4EF6	1	324
22	4EF7	1	324
22	4EF9	1	324
22	4EFB	1	324
22	4EFD	1	324
22	4F00	1	324
22	4F02	1	324
22	4F04	1	324
22	4F07	1	324
22	4F0A	1	324
22	4F0D	4094	324
22	4F0E	4094	324
22	4F0F	4094	324
22	4F10	4094	324
22	4F12	9	325
22	4F13	4094	324
22	4F14	4094	324
22	4F15	4094	324
22	4F16	4094	324
22	4F18	1	326
22	4F19	1	326
22	4F1A	1	326
22	4F1B	1	326
22	4F1C	1	326
22	4F1D	1	326
22	4F1E	1	326
22	4F20	1	326
22	4F23	1	326
22	4F46	1	326
22	4F47	1	326
22	4F48	1	326
22	4F4A	1	326
22	4F4B	1	326
22	4F4C	1	326
22	4F4E	1	326
22	4F4F	1	326
22	4FF6	1	324
22	4FF7	1	324
22	4FF8	1	324
22	4FF9	1	324
22	4FFB	1	324
22	4FFE	1	326
22	5001	1	326
22	5002	1	326
22	5017	1	326
22	5019	1	326
22	501A	1	326
22	501B	1	326
22	501C	1	326
48	4748	93	2095
48	474A	93	2095
48	474B	93	2095
48	474E	93	2095
48	474F	93	2095
48	4752	93	2095
48	4753	93	2095
48	4756	93	2095
48	4757	93	2095
48	475A	93	2095
48	475B	93	2095
48	475E	93	2095
48	475F	93	2095
48	4760	93	2095
48	4763	93	2095
48	4764	93	2095
48	4767	93	2095
48	4768	93	2095
48	476B	93	2095
48	476C	93	2095
48	476F	93	2095
48	4770	93	2095
48	4773	93	2095
48	4774	93	2095
48	4777	437	2095
48	4778	437	2095
48	4779	437	2095
48	477A	437	2095
48	477B	437	2095
48	477C	437	2095
48	477F	437	2095
48	4780	437	2095
48	4781	437	2095
48	4783	181	2095
48	4785	176	2095
48	4786	176	2095
48	4787	176	2095
48	4788	176	2095
48	478A	256	2095
48	478B	256	2095
48	478C	256	2095
48	478E	168	2095
48	478F	168	2095
48	4790	168	2095
48	4791	168	2095
48	4793	93	2095
48	4794	93	2095
48	4795	93	2095
48	4796	93	2095
48	4798	93	2095
48	479A	93	2095
48	479C	93	2095
48	479E	93	2095
48	47A0	93	2095
48	47A2	93	2095
48	47A4	93	2095
48	47A6	93	2095
48	47A8	93	2095
48	47A9	93	2095
48	47AA	93	2095
48	47AB	93	2095
48	47AC	93	2095
48	47AD	93	2095
48	47AE	93	2095
48	47B0	93	2095
48	47B2	93	2095
48	47B3	93	2095
48	47B5	93	2095
48	47B7	93	2095
48	47B9	93	2095
48	47BA	93	2095
48	47BC	93	2095
48	47BE	93	2095
48	47C0	93	2095
48	47C3	93	2095
48	47C4	93	2095
48	47C5	93	2095
48	47C8	93	2095
48	47C9	93	2095
48	47CC	93	2095
48	47CD	93	2095
48	47D0	93	2095
48	47D1	93	2095
48	47D4	93	2095
48	47D6	744	2095
48	47D7	744	2095
48	47D8	744	2095
48	47D9	744	2095
48	47DA	744	2095
48	47DB	744	2095
48	47DD	93	2095
48	47E0	93	2095
48	47E1	93	2095
48	47E4	93	2095
48	47E5	93	2095
48	47E8	93	2095
48	47E9	93	2095
48	47EC	93	2095
48	47EE	744	2095
48	47EF	744	2095
48	47F0	744	2095
48	47F1	744	2095
48	47F2	744	2095
48	47F3	744	2095
48	47F5	93	2095
48	47F6	93	2095
48	47F8	93	2095
48	47FB	93	2095
48	47FD	93	2095
48	47FE	93	2095
48	4800	93	2095
48	4803	93	2095
48	4805	93	2095
48	4807	93	2095
48	4808	93	2095
48	480A	93	2095
48	480C	93	2095
48	480E	93	2095
48	4899	1	326
48	489C	1	326
48	489E	1	326
48	48A1	1	326
48	48A4	1	326
48	48A5	1	326
48	48A7	1	326
48	48AA	1	326
48	48AD	1	326
48	48AE	1	326
48	48AF	1	326
48	48B0	1	326
48	48B1	1	326
48	48B2	1	326
48	48B3	1	326
48	48B4	1	326
48	48B5	1	326
48	48B6	1	326
48	48B7	1	326
48	48BB	3	6693
48	48E1	1	326
48	48E2	1	326
48	48E5	1	326
48	48E8	1	326
48	48EA	1	326
48	48EC	1	326
48	48EE	16	326
48	48EF	16	326
48	48F2	16	326
48	48F3	16	326
48	48F4	16	326
48	48F5	16	326
48	48FE	16	326
48	48FF	16	326
48	4901	1	326
48	4904	1	326
48	4906	1	326
48	4908	56	326
48	4909	56	326
48	490C	56	326
48	490D	56	326
48	490E	56	326
48	490F	56	326
48	4911	1	326
48	4914	1	326
48	4915	1	326
48	4918	56	326
48	4919	56	326
48	491B	1	326
48	491E	1	326
48	491F	1	326
48	4AAB	1	22
48	4AAD	1	22
48	4AAF	1	22
48	4AB0	1	22
48	4AB2	1	22
48	4AB4	1	22
48	4AB6	1	22
48	4AB9	1	22
48	4ABB	1	22
48	4ABD	1	22
48	4AC0	1	22
48	4AC3	1	22
48	4AC5	1	22
48	4AC6	32	22
48	4AC7	32	22
48	4AC8	32	22
48	4ACA	1	22
48	4ACB	1	22
48	4ACD	1	22
48	4AD0	1	22
48	4AD2	1	22
48	4AD3	1	22
48	4AD5	1	22
48	4AD8	1	22
48	4ADA	1	22
4C	4000	2	8635
4C	4003	2	8635
4C	4009	2	8635
4C	400B	2	8635
4C	400D	2	8635
4C	404D	2	10840
4C	404E	2	10840
4C	4050	2	10840
4C	4053	2	10840
4C	4056	2	10840
4C	4059	2	10840
4C	405C	2	10840
4C	405F	2	10840
4C	4062	2	10840
4C	4065	2	10840
4C	406B	2	10840
4C	406D	2	10840
4C	40D3	2	10840
4C	40D6	2	10840
4C	40D8	2	10840
4C	40E4	2	10840
4C	40EA	2	10857
4C	40ED	2	10857
4C	40EF	2	10857
4C	40F2	2	10857
4C	40F5	2	10857
4C	40F8	2	10857
4C	40FE	2	12930
4C	4104	2	12930
4C	410A	2	12930
4C	410D	2	12930
4C	410F	2	12930
4C	4123	2	12930
4C	4126	2	12930
4C	412C	2	12930
4C	412E	2	12930
4C	4131	2	12930
4C	4291	2	8635
4C	4294	2	8635
4C	4297	2	8635
4C	429A	2	8635
4C	429C	2	8635
4C	429E	2	8635
4C	42A0	2	8635
4C	42A3	2	8635
4C	42A6	2	8635
4C	42A7	2	8635
4C	42B5	2	8635
4C	42B8	2	8635
4C	42BA	2	8635
4C	42E1	2	8635
4C	42E7	2	8651
4C	42ED	2	8651
4C	42F0	2	8651
4C	4312	2	8651
4C	4314	2	8651
4C	4316	2	8651
4C	4319	2	8651
4C	431B	2	8651
4C	431D	2	8651
4C	4320	2	8651
4C	4326	2	10499
4C	4327	2	10499
4C	432A	2	10499
4C	432B	2	10499
4C	432D	2	10499
4C	4330	2	10499
4C	4332	2	10499
4C	4338	2	10499
4C	433A	2	10499
4C	4340	2	10525
4C	4341	2	10525
4C	4344	2	10525
4C	4347	2	10525
4C	4348	2	10525
4C	4349	2	10525
4C	434C	2	10525
4C	434D	2	10525
4C	434E	2	10525
4C	434F	2	10525
4C	4350	2	10525
4C	4352	2	10525
4C	4355	2	10525
4C	4356	2	10525
4C	4359	2	10525
4C	435F	496	10525
4C	4365	496	10525
4C	4366	496	10525
4C	4368	494	10525
4C	436A	494	10525
4C	436D	494	10525
4C	436F	494	10525
4C	4375	494	10543
4C	4377	494	10543
4C	437A	494	10543
4C	437D	2	10790
4C	437F	2	10790
4C	4381	2	10790
4C	4384	2	10790
4C	4386	2	10790
4C	4388	2	10790
4C	438B	2	10790
4C	438E	2	10790
4C	438F	2	10790
4C	4390	2	10790
4C	4392	1	10790
4C	4395	1	10790
4C	439B	2	10790
4C	439E	2	10790
4C	43A4	57	10790
4C	43AA	57	10790
4C	43AB	57	10790
4C	43AD	55	10790
4C	43AF	55	10790
4C	43B2	55	10790
4C	43B4	55	10790
4C	43BA	55	10791
4C	43BC	55	10791
4C	43BF	55	10791
4C	43C2	2	10817
4C	43C4	2	10817
4C	43C7	2	10817
4C	43CA	2	10817
4C	43CD	2	10817
4C	43D0	2	10817
4C	43D2	2	10817
4C	43D4	2	10817
4C	43D6	2	10817
4C	43D9	2	10817
4C	43DC	2	10817
4C	43DF	2	10817
4C	43E2	2	10817
4C	43E5	2	10817
4C	43E8	2	10817
4C	43EB	2	10817
4C	43EE	2	10817
4C	43F1	2	10817
4C	43F4	2	10817
4C	43F5	2	10817
4C	43F8	2	10817
4C	43F9	2	10817
4C	43FB	1	10817
4C	43FC	1	10817
4C	43FE	1	10817
4C	4401	1	10817
4C	4403	1	10817
4C	4406	1	10817
4C	4409	1	10817
4C	440B	1	10817
4C	440D	1	10817
4C	4410	1	10817
4C	4413	1	10817
4C	4416	1	10817
4C	4418	1	10817
4C	441B	1	10817
4C	441C	1	10817
4C	441F	1	10818
4C	4422	1	10818
4C	4428	1	10818
4C	4429	1	10818
4C	442C	1	10818
4C	442D	1	10818
4C	4430	1	10818
4C	4432	1	10818
4C	4435	1	10818
4C	4438	1	10818
4C	4439	1	10818
4C	443A	1	10818
4C	443B	1	10818
4C	443C	1	10818
4C	443F	1	10818
4C	4442	1	10818
4C	4443	1	10818
4C	4446	1	10818
4C	4447	1	10818
4C	444A	1	10818
4C	444D	1	10818
4C	444F	1	10818
4C	4452	1	10818
4C	4454	1	10818
4C	4457	1	10818
4C	445D	1	10818
4C	445F	1	10818
4C	4461	1	10818
4C	4464	1	10818
4C	4467	1	16720
4C	446A	1	16720
4C	446C	1	16720
4C	446E	1	16720
4C	4471	1	16720
4C	4474	1	16720
4C	4477	1	16720
4C	4479	1	16720
4C	447C	1	16720
4C	447D	1	16720
4C	4480	1	16721
4C	4483	1	16721
4C	4486	1	16721
4C	4488	1	16721
4C	448B	1	16721
4C	448E	1	16721
4C	448F	1	16721
4C	4490	1	16721
4C	4491	1	16721
4C	4492	1	16721
4C	4495	1	16721
4C	4498	1	16721
4C	4499	1	16721
4C	449C	1	16721
4C	449D	1	16721
4C	44A0	1	16721
4C	44A3	1	16721
4C	44A5	1	16721
4C	44A8	1	16721
4C	44AA	1	16721
4C	44AD	1	16721
4C	44B3	1	16721
4C	44B5	1	16721
4C	44B7	1	16721
4C	44BA	46	10818
4C	44C0	46	10818
4C	44C1	46	10818
4C	44C3	46	10818
4C	44C5	46	10818
4C	44C8	44	10818
4C	44CA	44	10818
4C	44D0	44	10818
4C	44D2	44	10818
4C	44D5	44	10818
4C	44D8	44	10818
4C	44D9	44	10818
4C	44DC	44	10818
4C	44DD	44	10818
4C	44DF	44	10818
4C	44E0	44	10818
4C	44E4	44	10818
4C	44E5	44	10818
4C	44E8	44	10818
4C	44E9	44	10818
4C	44EC	44	10818
4C	44EE	44	10818
4C	44F0	44	10818
4C	44F3	44	10818
4C	44F5	44	10818
4C	44F7	44	10818
4C	44FA	44	10818
4C	44FB	44	10818
4C	44FE	44	10818
4C	44FF	44	10818
4C	452E	44	10818
4C	452F	44	10818
4C	4530	44	10818
4C	4531	44	10818
4C	4534	44	10818
4C	46A6	1	16721
4C	46A9	1	16721
4C	46AC	60	16721
4C	46AD	60	16721
4C	46AF	60	16721
4C	46B1	60	16721
4C	46B2	60	16721
4C	46B4	1	16721
4C	46B5	1	16721
4C	46B6	1	16721
4C	46B7	1	16721
4C	46B8	4	10499
4C	46BA	4	10499
4C	46BD	4	10499
4C	46CD	4	10499
4C	46CF	4	10499
4C	46D5	4	10499
4C	46D6	807	10499
4C	46D8	807	10499
4C	46DB	807	10499
4C	46EB	807	10499
4C	46ED	807	10499
4C	46F3	807	10525
4C	47C4	2	12930
4C	47C6	2	12930
4C	47CC	2	12930
4C	47CE	2	12930
4C	47D4	2	12956
4C	47DA	208	12956
4C	47E0	208	12956
4C	47E1	208	12956
4C	47E3	206	12956
4C	47E5	206	12956
4C	47E7	206	12956
4C	47E9	206	12956
4C	47EF	206	12974
4C	4811	4	13076
4C	4813	4	13076
4C	4819	4	13077
4C	481A	4	13077
4C	481C	2	13093
4C	481F	2	13093
4C	4821	2	13093
4C	482A	2	13093
4C	482C	2	13093
4C	4832	2	13093
4C	4834	2	13093
4C	4837	2	13093
4C	4838	2	13093
4C	483B	2	13093
4C	483C	2	13093
4C	483F	2	13093
4C	4B54	2	8635
4C	4B56	2	8635
4C	4B58	2	8635
4C	4B5B	2	8635
4C	4B5D	2	8635
4C	4B5F	2	8635
4C	4B62	2	8635
4C	4B65	2	8635
4C	4B68	2	8635
4C	4B69	2	8635
4C	4B6C	2	8635
4C	4B6F	2	8635
4C	4B72	2	8635
4C	4B73	2	8635
4C	4B75	2	8635
4C	4B78	2	8635
4C	4B7B	2	8635
4C	4C4E	2	8632
4C	4C51	2	8632
4C	4C53	2	8632
4C	4C55	2	8632
4C	4C58	2	8632
4C	4C5A	2	8632
4C	4C5C	2	8632
4C	4C5F	2	8632
4C	4C60	2	8632
4C	4C63	2	8632
4C	4C66	2	8632
4C	4C68	2	8632
4C	4C6A	2	8632
4C	4C6D	2	8632
4C	4C70	2	8632
4C	4C73	2	8632
4C	4C74	2	8632
4C	4C77	2	8633
4C	4C7A	2	8634
4C	4C7C	2	8634
4C	4C7E	2	8634
4C	4C81	2	8634
4C	4C84	2	8634
4C	4C87	2	8634
4C	4C88	2	8634
4C	4C8B	2	8635
4C	4C8C	2	8635
4C	4C8E	2	8635
4C	4C91	2	8635
4C	4C94	2	8635
4C	4DB2	4	10840
4C	4DB4	4	10840
4C	4DB6	4	10840
4C	4DB8	4	10840
4C	4DBA	4	10840
4C	4DBC	4	10840
4C	4DC7	4	10840
4C	4DC9	4	10840
4C	4DCB	4	10840
4C	4DCC	4	10840
4C	4DCE	4	10840
4C	4DD0	4	10840
4C	4DD1	4	10840
4C	4DD2	4	10840
4E	4658	1	22
4E	465A	1	22
4E	465C	1	22
4E	465F	1	22
4E	4661	1	22
4E	4663	1	22
4E	4666	1	22
4E	4669	1	22
4E	466C	1	22
4E	466F	1	22
4E	4672	1	22
4E	4675	1	22
4E	4678	1	22
4E	467B	1	22
4E	467E	1	22
4E	4681	1	22
4E	4683	1	22
4E	4687	1	22
4E	468A	1	22
4E	468B	1	22
4E	468E	1	22
4E	4691	1	22
4E	4694	1	22
4E	4697	1	22
4E	469A	1	22
4E	469B	1	22
4E	469D	1	22
4E	46A0	1	22
4E	46A3	2	8630
4E	46A5	2	8630
4E	46A7	2	8630
4E	46AA	2	8630
4E	46AC	2	8630
4E	46AE	2	8630
4E	46B1	2	8630
4E	46B4	2	8630
4E	46B6	2	8630
4E	46BA	2	8630
4E	46BD	2	8630
4E	46C0	2	8630
4E	46C1	2	8630
4E	46C3	2	8630
4E	46C6	2	8630
4E	46CC	2	8630
4E	46CF	1	326
4E	46D1	1	326
4E	46D3	1	326
4E	46D6	1	326
4E	46D8	1	326
4E	46DA	1	326
4E	46DD	1	326
4E	46E0	1	326
4E	46E3	1	326
4E	46E6	1	326
4E	46E9	1	326
4E	46EC	1	326
4E	46ED	1	326
4E	46EF	1	326
4E	46F2	1	326
4E	46F3	1	326
4E	46F5	1	326
4E	46F8	1	326
4E	46FB	1	326
4E	46FE	1	326
4E	4701	1	327
4E	4704	1	327
4E	4707	1	327
4E	470A	1	327
4E	470D	1	327
4E	470E	1	327
4E	4710	1	327
4E	4713	1	327
4E	4714	1	327
4E	4716	1	327
4E	4719	1	327
4E	471B	1	327
4E	471C	1	327
4E	471E	1	327
4E	4720	1	327
4E	4722	1	327
4E	4725	1	327
4E	4726	1	327
4E	4728	1	327
4E	4729	1	327
4E	472B	1	327
4E	472E	1	327
4E	472F	1	327
4E	4739	12	22
4E	473C	6752	22
4E	473D	6752	22
4E	473E	6752	22
4E	473F	6752	22
4E	4741	6752	22
4E	4742	6752	22
4E	4743	6752	22
4E	4744	6752	22
4E	4745	6752	22
4E	4746	6752	22
4E	4748	12	22
4E	4795	3	22
4E	4797	3	22
4E	4799	3	22
4E	479C	3	22
4E	479E	3	22
4E	47A0	3	22
4E	47A3	3	22
4E	47A6	3	22
4E	47A9	3	22
4E	47AC	3	22
4E	47AF	3	22
4E	47B0	3	22
4E	47B3	3	22
4E	47B4	3	22
4E	47B7	3	22
4E	47B8	3	22
4E	47BB	3	22
4E	47BC	3	22
4E	47BF	3	22
4E	47C2	3	22
4E	47C5	3	22
4E	47C8	3	22
4E	47CB	3	22
4E	47CE	3	22
4E	47D1	3	22
4E	47D4	3	22
4E	47D5	3	22
4E	47D8	3	22
4E	47D9	3	22
4E	47DC	3	22
4E	47DD	3	22
4E	47E0	3	22
4E	47E1	3	22
4E	47E4	3	22
4E	47E5	3	22
4E	47E7	3	22
4E	47EA	3	22
4E	4866	2	12930
4E	4868	2	12930
4E	486A	2	12930
4E	486D	2	12930
4E	486F	2	12930
4E	4871	2	12930
4E	4874	2	12930
4E	4877	2	12930
4E	4879	2	12930
4E	487B	2	12930
4E	487D	2	12930
4E	4886	2	12930
4E	4887	2	12930
4E	4889	2	12930
4E	488C	2	12930
4E	488D	2	8632
4E	488E	2	8632
4E	4891	2	8632
4E	4892	2	8632
4E	4895	2	8632
4E	4896	2	8632
4E	4899	2	8632
4E	489B	2	8632
4E	489E	2	8632
4E	48A0	2	8632
4E	48A3	2	8632
4E	48A5	2	8632
4E	48A8	2	8632
4E	48AA	2	8632
4E	48AC	2	8632
4E	48AF	2	8632
4E	48B1	2	8632
4E	48B3	2	8632
4E	48B6	2	8632
4E	48B9	2	8632
4E	48BC	2	8632
4E	48C2	2	8632
4E	48C3	2	8632
4E	48C5	2	8632
4E	48C8	2	8632
4E	4962	2	8632
4E	4968	2	8635
4E	496E	2	8635
4E	496F	2	8635
4E	4972	2	8635
4E	4975	2	8635
4E	4978	2	8635
4E	497A	2	8635
4E	497D	2	8635
4E	4980	2	8635
4E	4983	2	8635
4E	4989	2	12930
4E	498A	2	12930
4E	498D	2	12930
4E	4990	2	12930
4E	4FF6	2	12930
4E	4FFC	2	13093
4E	4FFF	2	13093
4E	5001	2	13093
4E	5009	2	13093
4E	500F	2	13093
4E	5010	2	13093
4E	5013	2	13093
4E	5015	2	13093
4E	5017	2	13093
4E	5018	2	12930
4E	501B	2	12930
4E	501D	2	12930
4F	4000	71	26
4F	4002	71	26
4F	4004	71	26
4F	4006	71	26
4F	4008	71	26
4F	400D	71	26
4F	404B	695	29
4F	404C	695	29
4F	404F	695	29
4F	4052	695	29
4F	4053	695	29
4F	4056	695	29
4F	4057	695	29
4F	405A	695	29
4F	405D	695	29
4F	405E	1390	29
4F	405F	1390	29
4F	4061	1390	29
4F	4063	1390	29
4F	4065	695	29
4F	4067	695	29
4F	4069	695	29
4F	406B	695	29
4F	406D	695	29
4F	406F	11120	29
4F	4070	11120	29
4F	4071	11120	29
4F	4072	11120	29
4F	4073	11120	29
4F	4074	11120	29
4F	4075	11120	29
4F	4076	11120	29
4F	4077	11120	29
4F	4078	11120	29
4F	4079	11120	29
4F	407A	11120	29
4F	407B	11120	29
4F	407C	11120	29
4F	407D	11120	29
4F	407E	11120	29
4F	407F	11120	29
4F	4080	11120	29
4F	4082	1390	29
4F	4083	44480	27
4F	4086	44480	27
4F	4087	44480	27
4F	4088	44480	27
4F	4089	44480	27
4F	408A	44480	27
4F	408B	44480	27
4F	408E	39488	27
4F	408F	39488	27
4F	4090	39488	27
4F	4093	36800	27
4F	4094	36800	27
4F	4097	36800	27
4F	4098	36800	27
4F	4099	36800	27
4F	409B	36800	27
4F	409D	36800	27
4F	409E	36800	27
4F	40A0	36800	27
4F	40A2	36800	27
4F	40A3	36800	27
4F	40A4	36800	27
4F	40A5	36800	27
4F	40A7	36800	27
4F	40A9	36800	27
4F	40AA	36800	27
4F	40AB	36800	27
4F	40AD	36800	27
4F	40AE	36800	27
4F	40B0	36800	27
4F	40B1	36800	27
4F	40B2	36800	27
4F	40B4	36800	27
4F	40B7	36800	27
4F	40B8	36800	27
4F	40B9	36800	27
4F	40BB	36800	27
4F	40BD	36800	27
4F	40BE	36800	27
4F	40C0	36800	27
4F	40C2	36800	27
4F	40C3	36800	27
4F	40C4	36800	27
4F	40C5	36800	27
4F	40C7	36800	27
4F	40C9	36800	27
4F	40CA	36800	27
4F	40CB	36800	27
4F	40CD	36800	27
4F	40CE	36800	27
4F	40D0	36800	27
4F	40D1	36800	27
4F	40D2	36800	27
4F	40D4	36800	27
4F	40D5	36800	27
4F	40D7	36800	27
4F	40D8	36800	27
4F	40DA	36800	27
4F	40DD	36800	27
4F	40DF	36800	27
4F	40E0	36800	27
4F	40E2	36800	27
4F	40E4	36800	27
4F	40E6	36800	27
4F	40E7	36800	27
4F	40E9	36800	27
4F	40EC	36800	27
4F	40EE	36800	27
4F	40EF	36800	27
4F	40F0	36800	27
4F	40F2	36800	27
4F	40F4	36800	27
4F	40F5	36800	27
4F	40F6	36800	27
4F	40F8	36800	27
4F	40F9	36800	27
4F	40FB	36800	27
4F	40FC	36800	27
4F	40FE	36800	27
4F	40FF	36800	27
4F	4101	36800	27
4F	4103	36800	27
4F	4105	36800	27
4F	4106	36800	27
4F	4108	36800	27
4F	410B	36800	27
4F	410D	36800	27
4F	410E	36800	27
4F	4110	36800	27
4F	4111	36800	27
4F	4112	36800	27
4F	4113	36800	27
4F	4115	36800	27
4F	4116	36800	27
4F	4118	36800	27
4F	4119	36800	27
4F	411A	36800	27
4F	411C	4992	41
4F	411F	4992	41
4F	4120	4992	41
4F	4121	4992	41
4F	4123	4992	41
4F	4124	4992	41
4F	4126	41792	27
4F	4129	41792	27
4F	412A	41792	27
4F	412C	41792	27
4F	412D	41792	27
4F	412F	41792	27
4F	4130	41792	27
4F	4131	2688	322
4F	4134	2688	322
4F	4135	2688	322
4F	4136	2688	322
4F	4138	2688	322
4F	4139	2688	322
4F	413B	2688	322
4F	413E	2688	322
4F	413F	2688	322
4F	4141	2688	322
4F	4142	2688	322
4F	4144	2688	322
4F	4145	2688	322
4F	4146	110400	27
4F	4147	110400	27
4F	4149	45358	27
4F	414A	45358	27
4F	414B	45358	27
4F	414E	45358	27
4F	414F	45358	27
4F	4150	45358	27
4F	4151	45358	27
4F	4152	45358	27
4F	4153	110400	27
4F	4156	110400	27
4F	4157	110400	27
4F	4158	110400	27
4F	415A	883200	27
4F	415B	883200	27
4F	415D	192637	27
4F	415E	883200	27
4F	4160	883200	27
4F	4162	883200	27
4F	4163	883200	27
4F	4165	110400	27
4F	4166	81	27
4F	4169	81	27
4F	416B	81	27
4F	416D	42	308
4F	416E	42	308
4F	4171	42	308
4F	4172	42	308
4F	4175	42	308
4F	4176	42	308
4F	4179	42	308
4F	417C	42	308
4F	417E	39	27
4F	417F	39	27
4F	4182	39	27
4F	4183	39	27
4F	4186	39	27
4F	4187	39	27
4F	418A	39	27
4F	418B	39	27
4F	418E	81	27
4F	4191	81	27
4F	41C2	81	27
4F	41C5	81	27
4F	41C8	81	27
4F	41CA	5184	27
4F	41CD	5184	27
4F	41CE	5184	27
4F	41D1	5184	27
4F	41D2	5184	27
4F	41D5	5184	27
4F	41D6	5184	27
4F	41D7	5184	27
4F	41DA	5184	27
4F	41DB	5184	27
4F	41DC	5184	27
4F	41DD	5184	27
4F	41DF	81	27
4F	41E0	776	27
4F	41E3	776	27
4F	41E4	776	27
4F	41E5	695	27
4F	41E6	695	27
4F	41E8	695	27
4F	41EA	359	27
4F	41ED	359	27
4F	41EE	359	27
4F	41F0	78	27
4F	41F3	78	27
4F	41F5	78	27
4F	41F7	39	42
4F	41F8	39	42
4F	41FB	39	42
4F	41FE	39	42
4F	4201	39	42
4F	4203	39	27
4F	4206	39	27
4F	4209	39	27
4F	420A	320	27
4F	420D	320	27
4F	420E	320	27
4F	4211	320	27
4F	4213	336	308
4F	4216	336	308
4F	4217	336	308
4F	4219	42	322
4F	421A	42	322
4F	421D	42	322
4F	4220	42	322
4F	4221	42	322
4F	4224	42	322
4F	4226	294	308
4F	4229	294	308
4F	422A	294	308
4F	422D	695	27
4F	4230	695	27
4F	4261	695	27
4F	4264	695	27
4F	4267	695	27
4F	4269	695	27
4F	426A	695	27
4F	426B	695	27
4F	426E	695	27
4F	426F	695	27
4F	4272	695	27
4F	4273	44480	27
4F	4274	44480	27
4F	4275	44480	27
4F	4276	44480	27
4F	4277	44480	27
4F	4278	44480	27
4F	427A	695	27
4F	427B	695	27
4F	427C	695	27
4F	427F	44480	27
4F	4282	44480	27
4F	4283	44480	27
4F	4284	44480	27
4F	4287	44480	27
4F	4288	44480	27
4F	428A	695	28
4F	428C	695	28
4F	428D	695	28
4F	42B4	38	27
4F	42B6	38	27
4F	42B8	38	27
4F	42B9	38	27
4F	42BB	38	27
4F	42BD	38	27
4F	42BF	38	27
4F	42C1	38	27
4F	42C4	38	27
4F	42C7	38	27
4F	42CA	38	27
4F	42CD	38	27
4F	42CF	38	27
4F	42D2	38	27
4F	42D5	38	27
4F	42D7	38	27
4F	42DA	38	27
4F	42DD	38	28
4F	42E0	342	28
4F	42E3	342	29
4F	42E6	342	29
4F	42EC	342	29
4F	42ED	342	29
4F	42F0	342	29
4F	42F3	342	30
4F	42F5	38	43
4F	42F7	38	43
4F	42F8	38	43
4F	42FA	38	43
4F	42FC	38	43
4F	42FE	38	43
4F	42FF	1	331
4F	4301	1	331
4F	4303	1	331
4F	4304	1	331
4F	4306	1	331
4F	4308	1	331
4F	430A	1	331
4F	430C	1	331
4F	430F	1	331
4F	4312	1	331
4F	4315	1	331
4F	4318	1	331
4F	431A	1	331
4F	431D	1	331
4F	4320	1	331
4F	4322	1	331
4F	4325	1	331
4F	4328	1	332
4F	432B	17	332
4F	432E	17	333
4F	4331	17	333
4F	4337	17	333
4F	4338	17	333
4F	433B	17	333
4F	433E	17	334
4F	4340	1	363
4F	4342	1	363
4F	4343	1	363
4F	4345	1	363
4F	4347	1	363
4F	4349	1	363
4F	4370	42	308
4F	4372	42	308
4F	4374	42	308
4F	4375	42	308
4F	4377	42	308
4F	4379	42	308
4F	437B	42	308
4F	437D	42	308
4F	4380	42	308
4F	4383	42	308
4F	4386	42	308
4F	4389	42	308
4F	438B	42	308
4F	438E	42	308
4F	4391	42	308
4F	4393	42	308
4F	4396	42	308
4F	4399	336	309
4F	439C	336	310
4F	439F	336	310
4F	43A5	336	310
4F	43A6	336	310
4F	43A9	336	310
4F	43AC	336	311
4F	43AE	42	323
4F	43B0	42	323
4F	43B1	42	323
4F	43B3	42	323
4F	43B5	42	323
4F	43B7	42	323
4F	4572	66	1833
4F	4573	66	1833
4F	4575	66	1833
4F	4576	66	1833
4F	4578	172	1833
4F	4579	172	1833
4F	457B	172	1833
4F	457D	66	1833
4F	457F	66	1833
4F	4580	66	1833
4F	4582	66	1833
4F	4583	292	1833
4F	4586	292	1833
4F	4587	292	1833
4F	4588	292	1833
4F	4589	292	1833
4F	458A	292	1833
4F	458C	292	1833
4F	458E	292	1833
4F	4590	83	1842
4F	4592	83	1842
4F	4594	83	1842
4F	4595	292	1833
4F	4596	292	1833
4F	4597	292	1833
4F	4598	292	1833
4F	4599	292	1833
4F	459A	292	1833
4F	459B	292	1833
4F	459C	292	1833
4F	459E	292	1833
4F	45A0	292	1833
4F	45A1	292	1833
4F	45A2	292	1833
4F	45A3	292	1833
4F	45A4	292	1833
4F	45A5	292	1833
4F	45A6	292	1833
4F	45A8	292	1833
4F	45A9	292	1833
4F	45AA	292	1833
4F	45AC	292	1833
4F	45AE	292	1833
4F	45AF	292	1833
4F	45B1	292	1833
4F	45B4	292	1834
4F	45B5	292	1834
4F	45B6	292	1834
4F	45B7	292	1834
4F	45B9	292	1834
4F	45BA	292	1834
4F	45BB	292	1834
4F	45BC	292	1834
4F	45BD	292	1834
4F	45BE	292	1834
4F	45BF	292	1834
4F	45C0	292	1834
4F	45C1	292	1834
4F	45C2	292	1834
4F	45C3	292	1834
4F	45C5	66	1840
4F	45C6	45	1845
4F	45C8	45	1845
4F	45CA	45	1845
4F	45CB	45	1845
4F	45CD	45	1845
4F	45CF	45	1845
4F	45D1	45	1845
4F	45D3	250	1845
4F	45D6	250	1845
4F	45D7	4380	1845
4F	45D8	4380	1845
4F	45DA	4380	1845
4F	45DB	4380	1845
4F	45DC	4380	1845
4F	45DE	4380	1845
4F	45DF	4380	1845
4F	45E0	4380	1845
4F	45E1	4380	1845
4F	45E2	4380	1845
4F	45E6	4380	1845
4F	45E7	4380	1845
4F	45E8	4380	1845
4F	45EA	250	1845
4F	45EB	250	1845
4F	45EC	250	1845
4F	45EE	250	1845
4F	45EF	250	1845
4F	45F1	250	1845
4F	45F2	250	1845
4F	45F3	250	1845
4F	45F5	250	1845
4F	45F6	250	1845
4F	45F7	250	1845
4F	45F8	250	1845
4F	45FA	45	1845
4F	45FC	45	1845
4F	45FD	45	1845
4F	45FF	45	1845
4F	4601	45	1845
4F	4603	45	1845
4F	4604	53	1814
4F	4606	53	1814
4F	4608	53	1814
4F	4609	53	1814
4F	460B	292	1814
4F	460C	292	1814
4F	460D	292	1814
4F	460E	292	1814
4F	4610	292	1814
4F	4612	292	1814
4F	4614	83	1814
4F	4616	83	1814
4F	4618	83	1814
4F	4619	292	1814
4F	461A	292	1814
4F	461B	292	1814
4F	461C	292	1814
4F	461D	292	1814
4F	461E	292	1814
4F	461F	292	1814
4F	4620	292	1814
4F	4622	292	1814
4F	4624	292	1814
4F	4625	292	1814
4F	4626	292	1814
4F	4627	292	1814
4F	4628	292	1814
4F	4629	292	1814
4F	462A	292	1814
4F	462C	292	1814
4F	462D	292	1814
4F	462E	292	1814
4F	4630	292	1814
4F	4632	292	1814
4F	4635	4632	1814
4F	4636	4632	1814
4F	4637	4632	1814
4F	4638	4632	1814
4F	4639	4632	1814
4F	463A	4632	1814
4F	463B	4632	1814
4F	463C	4632	1814
4F	463D	4632	1814
4F	463E	4632	1814
4F	463F	4632	1814
4F	4640	4632	1814
4F	4641	4632	1814
4F	4642	4632	1814
4F	4643	4632	1814
4F	4644	4632	1814
4F	4645	4632	1814
4F	4646	4632	1814
4F	4647	4632	1814
4F	4648	4632	1814
4F	4649	4632	1814
4F	464A	4632	1814
4F	464B	4632	1814
4F	464C	4632	1814
4F	464D	4632	1814
4F	464E	4632	1814
4F	464F	4632	1814
4F	4650	4632	1814
4F	4651	4632	1814
4F	4652	4632	1814
4F	4653	4632	1814
4F	4654	4632	1814
4F	4655	4632	1814
4F	4656	4632	1814
4F	4658	292	1814
4F	4659	292	1814
4F	465A	292	1814
4F	465B	292	1814
4F	465C	292	1814
4F	465E	53	1814
4F	4660	53	1814
4F	4661	53	1814
4F	4663	53	1814
4F	4665	53	1814
4F	4667	53	1814
4F	4717	1	8
4F	4718	1	8
4F	4719	1	8
4F	471A	1	8
4F	471C	1	8
4F	471E	1	8
4F	4720	1	8
4F	4722	1	8
4F	4724	1	8
4F	4726	1	8
4F	4728	1	8
4F	472A	1	8
4F	472C	1	8
4F	472E	1	8
4F	4731	1	8
4F	4734	1	8
4F	4735	1	8
4F	4738	1	8
4F	473B	1	8
4F	473E	1	8
4F	473F	1	8
4F	4742	1	8
4F	4744	1	8
4F	4746	1	8
4F	4749	1	8
4F	474C	1	8
4F	474D	1	8
4F	4750	1	10
4F	4752	1	10
4F	4754	6	10
4F	4755	6	10
4F	4757	6	10
4F	475A	6	10
4F	475D	6	10
4F	475E	6	10
4F	4761	6	11
4F	4762	6	11
4F	4763	6	11
4F	4765	1	14
4F	4766	1	14
4F	4768	1	14
4F	476A	1	14
4F	476D	1	14
4F	4770	1	14
4F	4771	1	14
4F	4774	1	15
4F	4776	1	15
4F	4778	1	15
4F	477A	1	15
4F	477C	1	15
4F	477E	1	15
4F	4780	1	16
4F	4783	1	16
4F	4786	1	16
4F	4789	1	16
4F	478A	1	16
4F	478D	1	16
4F	4793	1	16
4F	4796	1	16
4F	4798	1	16
4F	479A	1	16
4F	479B	1	16
4F	479D	1	16
4F	479F	1	16
4F	47A1	1	16
4F	47A2	1	16
4F	47A3	1	17
4F	47A4	1	17
4F	47A5	1	17
4F	47A7	1	17
4F	47A9	1	17
4F	47AC	1	17
4F	47AF	1	17
4F	47B2	1	17
4F	47B5	1	17
4F	47B6	1	17
4F	47B9	1	17
4F	47BC	1	17
4F	47BF	1	17
4F	47C0	1	17
4F	47C3	1	17
4F	47C6	1	17
4F	47C7	1	17
4F	47C8	1	17
4F	47CB	1	17
4F	47CE	1	17
4F	47D1	1	17
4F	47D2	1	17
4F	47D4	1	17
4F	47D6	1	17
4F	47D8	1	17
4F	47D9	1	17
4F	47DA	1	17
4F	47DC	1	17
4F	47DE	6	17
4F	47DF	6	17
4F	47E1	6	17
4F	47E2	6	17
4F	47E5	6	17
4F	47E8	6	17
4F	47EB	6	18
4F	47EE	6	18
4F	47EF	6	18
4F	47F0	6	18
4F	47F2	1	22
4F	47F3	1	22
4F	47F6	1	22
4F	47FC	1	22
51	4245	2	8630
51	4246	2	8630
51	4249	2	8630
51	424C	2	8630
51	424F	2	8630
51	4252	2	8630
51	4255	2	8630
51	4258	2	8630
51	425B	2	8630
51	425E	2	8630
51	425F	3	7202
51	4262	3	7202
51	4265	3	7202
51	4266	3	7202
51	4268	3	7202
51	426A	3	7202
51	426F	3	7202
51	4270	3	7202
51	4271	3	7202
51	4274	3	7202
51	4275	3	7202
51	4277	3	7202
51	4279	3	7202
51	427E	3	7202
51	427F	3	7202
51	4280	3	7202
51	4283	3	7202
51	4284	3	7202
51	4286	3	7202
51	4288	3	7202
51	428A	3	7202
51	4292	3	7202
51	4294	3	7202
51	4295	3	7202
51	4297	3	7202
51	4299	3	7202
54	403D	2	10525
54	403F	2	10525
54	4042	2	10525
54	4044	2	10525
54	4047	2	10525
54	4048	2	10525
54	404B	2	10525
54	404E	2	10525
54	404F	2	10525
54	4050	2	10525
54	4051	2	10525
54	4054	2	10525
54	4056	2	10525
54	405C	2	10525
54	405D	553	10525
54	4060	553	10525
54	4062	553	10525
54	4064	553	10525
54	4066	553	10525
54	4068	545	10525
54	406A	545	10525
54	4071	8	10651
54	4074	8	10651
54	4075	8	10651
54	4076	8	10651
54	4077	8	10651
54	4079	6	10790
54	407A	6	10790
54	407C	4	10790
54	407D	4	10790
54	407F	2	10817
54	4080	2	10817
54	4086	2	10651
54	4089	2	10651
54	408B	2	10651
54	4091	2	10651
54	4093	2	10651
54	4094	2	10790
54	4097	2	10790
54	4099	2	10790
54	409F	2	10790
54	40A2	2	10790
54	40A4	2	10790
54	40A5	2	10790
54	40A7	2	10790
54	40B7	2	10790
54	40BA	2	10790
54	40BB	2	10790
54	40BD	1	10790
54	40C0	1	10790
54	40C2	6	10790
54	40C3	6	10790
54	40C4	6	10790
54	40C5	6	10790
54	40C7	1	10790
54	40C8	1	10790
54	40C9	1	10790
54	40CC	1	10790
54	40CD	1	10790
54	40CE	1	10790
54	40CF	1	10790
54	40D0	1	10790
54	40D1	6	10790
54	40D2	6	10790
54	40D3	6	10790
54	40D4	6	10790
54	40D5	6	10790
54	40D7	1	10790
54	40DA	1	10790
54	40E0	1	10790
54	40E1	1	10790
54	40E2	1	10790
54	40E5	1	10790
54	40EB	1	10790
54	40EE	1	10790
54	40F4	1	10790
54	40F6	1	10790
54	40F9	1	10790
54	40FF	1	10790
54	4101	1	10790
54	4102	1	16692
54	4103	1	16692
54	4106	1	16692
54	410C	1	16692
54	410F	1	16692
54	4115	1	16692
54	4118	1	16692
54	411E	1	16692
54	4121	1	16692
54	4127	1	16692
54	4129	1	16692
54	412C	1	16692
54	4132	1	16692
54	4134	1	16692
54	4135	2	10817
54	4138	2	10817
54	4139	2	10817
54	413A	2	10817
54	4141	2	10790
54	4142	2	10790
54	4145	2	10790
54	4147	2	10790
54	414A	2	10790
54	414D	2	10790
54	4153	2	10790
54	4156	2	10790
54	4158	2	10790
54	4176	2	10790
54	4178	2	10790
54	417B	2	10790
54	417D	2	10790
54	4180	2	10790
54	4183	2	10790
54	4185	2	10790
54	418B	2	10790
54	418C	2	12956
54	418E	2	12956
54	4191	2	12956
54	4193	2	12956
54	4196	2	12956
54	4197	2	12956
54	419A	2	12956
54	419C	2	12956
54	41A2	2	12956
54	41A3	208	12956
54	41A6	208	12956
54	41A8	208	12956
54	41AA	208	12956
54	41AC	208	12956
54	41AE	206	12956
54	41B0	206	12956
54	41B7	2	13076
54	41B9	2	13076
54	41BF	2	13076
54	41C2	2	13076
54	41C3	2	13076
54	41C4	2	13076
54	4288	1	16721
54	4289	1	16721
54	428C	1	16721
54	428D	1	16721
54	4290	1	16721
54	4291	1	16721
54	4294	1	16721
54	4295	1	16721
54	4298	1	16721
54	4299	1	16721
54	429C	1	16721
54	429D	1	16721
54	42A0	1	16721
54	42A2	1	16721
54	42A5	1	16721
54	42A7	1	16721
54	42AA	1	16721
54	42AB	1	16721
54	42AE	1	16721
54	42B1	1	16721
54	42B2	1	16721
54	42B3	1	16721
54	42B6	1	16721
54	42B7	1	16721
54	42BA	1	16721
54	42BB	1	16721
54	42BC	1	16721
54	42BD	1	16721
54	42BE	1	16721
54	42BF	1	16721
54	42C0	1	16721
54	42C1	1	16721
54	42C2	1	16721
54	42C3	1	16721
54	42C4	1	16721
54	42C5	1	16721
54	42C8	1	16721
54	42CE	1	16721
54	42D1	1	16721
54	42D7	1	16721
54	42D8	1	16721
54	42DB	1	16721
54	42DD	1	16721
54	42E3	1	16721
54	42E4	2	10818
54	42E6	111	10818
54	42E7	111	10818
54	42E8	111	10818
54	42EA	109	10818
54	42EC	109	10818
54	42EE	9	10818
54	42EF	9	10818
54	42F1	2	10818
54	42F2	2	10818
54	42F4	2	10818
54	42FB	1	10818
54	42FC	1	10818
54	42FF	1	10818
54	4300	1	10818
54	4303	1	10818
54	4304	1	10818
54	4307	1	10818
54	4308	1	10818
54	430B	1	10818
54	430C	1	10818
54	430F	1	10818
54	4310	1	10818
54	4313	1	10818
54	4315	1	10818
54	4318	1	10818
54	431A	1	10818
54	431D	1	10818
54	431E	1	10818
54	4321	1	10818
54	4324	1	10818
54	4325	1	10818
54	4326	1	10818
54	4329	1	10818
54	432A	1	10818
54	432D	1	10818
54	432E	1	10818
54	432F	1	10818
54	4330	1	10818
54	4331	1	10818
54	4332	1	10818
54	4333	1	10818
54	4334	1	10818
54	4335	1	10818
54	4336	1	10818
54	4337	1	10818
54	4338	1	10818
54	433B	1	10818
54	4341	1	10818
54	4344	1	10818
54	434A	1	10818
54	434B	1	10818
54	434E	1	10818
54	4350	1	10818
54	4356	1	10818
54	4357	46	10818
54	435A	46	10818
54	435C	46	10818
54	435E	44	10818
54	4360	44	10818
54	4363	44	10818
54	4365	44	10818
54	4368	44	10818
54	436A	44	10818
54	436B	2	10840
54	436D	2	10840
54	4373	2	10840
54	4375	2	10840
54	4377	2	10840
54	4379	2	10840
54	437A	2	10840
54	4383	2	10840
54	4385	2	10840
54	4388	2	10840
54	4389	2	10840
54	438C	2	10840
54	438D	2	10840
54	4390	2	10840
54	4392	2	10840
55	5BA2	5	2071
55	5BA5	5	2071
55	5BA6	5	2071
55	5BA9	5	2071
55	5BAA	5	2071
55	5BAD	5	2071
55	5BAF	5	2071
55	5BB1	5	2071
55	5BB7	5	2071
55	5BB8	5	2071
55	5BBB	5	2071
55	5BBE	5	2071
55	5BC1	5	2071
55	5BC2	5	2071
55	5BC3	5	2071
55	5BC5	5	2071
55	5BC6	5	2071
55	5BC7	5	2071
55	5BC8	5	2071
55	5BCB	5	2071
55	5BCD	5	2071
55	5BD0	5	2071
55	5BD3	5	2071
55	5BD6	5	2071
55	5BD8	5	2071
55	5BDB	5	2071
55	5BDD	5	2071
55	5BDF	5	2071
55	5BE1	5	2071
55	5BE2	5	2071
55	5BE4	5	2071
55	5BE6	5	2071
55	5BE7	5	2071
55	5BE8	5	2071
55	5BE9	5	2071
55	5BEA	5	2071
55	5BEC	5	2071
55	5BEE	5	2071
55	5BF0	5	2071
55	5BF2	5	2071
55	5BF4	5	2071
55	5BF7	5	2071
55	5BFA	5	2071
55	5BFC	5	2071
55	5BFE	5	2071
55	5C00	5	2071
55	5C06	5	2072
55	5C09	5	2072
55	5C0C	5	2072
55	5C0F	5	2072
55	5C11	5	2072
55	5C17	5	2072
55	5C1A	5	2072
55	5C1D	5	2072
55	5C1E	5	2072
55	5C5A	5	2072
55	5C5D	5	2072
55	5C5F	5	2072
55	5C61	5	2072
55	5C64	5	2074
55	5C67	5	2075
55	5C69	5	2075
55	5C6B	5	2075
55	5C6D	5	2075
55	5C6E	5	2075
55	5C71	5	2075
55	5C73	5	2075
55	5C76	5	2079
55	5C79	5	2079
55	5C7C	5	2079
55	5C7E	5	2079
55	5C80	5	2079
55	5C86	5	2079
55	5C88	5	2079
55	5C8B	5	2079
55	5C8E	5	2079
55	5C8F	26	2095
55	5C90	26	2095
55	5C93	26	2095
55	5C95	26	2095
55	5C98	26	2095
55	5C9B	26	2095
55	5C9D	26	2095
55	5CA3	26	2095
55	5CA4	26	2095
55	5CA7	26	2095
55	5CAA	26	2095
55	5CAC	26	2095
55	5CAF	26	2095
55	5CB2	26	2095
55	5CB4	26	2095
55	5CB6	21	2686
55	5CB8	21	2686
55	5CBA	21	2686
55	5CBC	5	2095
55	5CBF	5	2095
55	5CC2	5	2095
55	5CC3	5	2095
55	5CE0	26	2095
55	5CE3	26	2095
55	5CE6	26	2095
55	5CE7	26	2095
55	5CE9	26	2095
55	5CEC	26	2095
55	5CED	26	2095
55	5D05	26	2095
55	5D07	26	2095
55	5D0A	26	2095
55	5D0D	26	2095
55	5D10	26	2095
55	5D13	26	2095
55	5D15	26	2095
55	5D36	26	2095
55	5D39	26	2095
55	5D3B	26	2095
55	5D49	5892	2095
55	5D4C	5892	2096
55	5D52	5892	2096
55	5D58	5892	2096
55	5D5B	5892	2096
55	5D5E	5892	2096
55	5D5F	5892	2096
55	5D61	5892	2096
55	5D64	5892	2097
55	5D69	5892	2097
55	5D6C	5892	2097
55	5D6E	5892	2097
55	5D76	5892	2097
55	5D78	5892	2097
55	5D7A	5892	2097
55	5D7C	5866	2097
55	5D7E	5866	2097
55	5D80	5866	2097
55	5D82	5866	2097
55	5D84	5866	2097
55	5D86	5866	2097
55	5D88	5866	2097
55	5D8A	5866	2097
55	5D8C	5866	2097
55	5D8E	5866	2097
55	5D90	5804	2097
55	5D92	5804	2097
55	5D94	5799	2097
55	5D96	5799	2097
55	5D98	5799	2097
55	5D9A	26	2684
55	5DAB	62	3318
55	5DAD	62	3318
55	5DB0	62	3318
55	5DB3	62	3318
55	5DCC	5	3862
55	5DCF	5	3862
55	5DD2	5	3862
55	5DD3	5	3862
55	5DD4	5	3862
55	5DD6	5	3862
55	5DD7	5	3862
55	5DD8	5	3862
55	5DD9	5	3862
55	5DDC	5	3862
55	5DDF	5	3862
55	5DE2	5	3862
55	5DE4	5	3862
55	5DE5	5	3862
55	5DE7	5	3862
55	5DE9	5	3862
55	5DEC	5	3862
55	5DEF	5	3862
55	5DF0	5	3862
55	5DF2	5	3862
55	5E5A	67	3318
55	5E5D	26	2684
55	5E60	26	2684
55	5E61	26	2684
55	5E63	26	2684
55	5E65	26	2684
55	5E67	26	2684
55	5E69	21	2684
55	5E99	5	3916
55	5E9A	5	3916
55	5E9C	5	3916
55	5E9E	5	3916
55	5EA0	5	3916
55	5EA2	5	3916
55	5EA4	5	3916
55	5EB9	5	3916
55	5EBC	5	3916
55	5EBD	5	3916
55	5ED3	5	3916
55	5ED6	5	3916
55	5ED9	5	3916
55	5EDA	5	3916
55	5F09	21	2684
55	5F0C	21	2684
55	5F0E	21	2684
55	5F17	21	2684
55	5F19	21	2684
55	5F23	5	3916
55	5F25	5	3916
55	5F35	93	2095
55	5F38	93	2095
55	5F3B	93	2095
55	5F3C	93	2095
55	5F3D	93	2095
55	5F3E	93	2095
55	5F40	93	2095
55	5F41	93	2095
55	5F42	93	2095
55	5F43	93	2095
55	5F44	93	2095
55	5F45	93	2095
55	5F48	93	2095
55	5F49	93	2095
55	5F4A	93	2095
55	5F4B	93	2095
55	5F4D	93	2095
55	5F4E	93	2095
55	5F4F	93	2095
55	5F50	93	2095
55	5F51	93	2095
55	5F52	93	2095
55	5F55	93	2095
55	5F57	93	2095
55	5F58	93	2095
55	5F59	93	2095
55	5F5A	93	2095
55	5F5D	93	2095
55	5F5E	93	2095
55	5F5F	93	2095
55	5F60	93	2095
55	5F61	93	2095
55	5F62	93	2095
55	5F65	93	2095
55	5F66	62	3318
55	5F67	62	3318
55	5F69	62	3318
55	5F6A	62	3318
55	5F6C	62	3318
55	5F6E	62	3318
55	5F71	62	3318
55	5F74	62	3318
55	5F75	62	3318
55	5F77	62	3318
55	5F78	62	3318
55	5F7B	62	3318
55	5F7C	62	3318
55	5F7F	62	3318
55	5F81	62	3318
55	5F82	62	3318
55	5F84	62	3318
55	5F86	62	3318
55	5F89	62	3318
55	5F8A	62	3318
55	5F8B	62	3318
55	5F8E	62	3318
55	5F91	62	3318
55	5F92	62	3318
55	5F93	62	3318
55	5F94	62	3318
55	5F96	62	3318
55	5F97	62	3318
55	5F98	62	3318
55	5F99	62	3318
55	5F9A	62	3318
55	5F9B	62	3318
55	5F9C	62	3318
55	5F9E	62	3318
55	5F9F	62	3318
55	5FA0	62	3318
55	5FA1	62	3318
55	5FA2	62	3318
55	5FA4	62	3318
55	5FA5	62	3318
55	5FA6	62	3318
55	5FA9	62	3318
55	5FAA	62	3318
55	5FAD	62	3318
55	5FAE	62	3318
55	5FAF	62	3318
55	5FB0	62	3318
55	5FB1	62	3318
55	5FB2	62	3318
55	5FB3	62	3318
55	5FB5	62	3318
55	5FB6	62	3318
55	5FB7	62	3318
55	5FBA	62	3318
55	5FBB	62	3318
55	5FBC	62	3318
55	5FBE	62	3318
55	5FBF	62	3318
55	5FC1	62	3318
55	5FC3	62	3318
55	5FC4	62	3318
55	5FC5	62	3318
55	5FC6	62	3318
55	5FC7	62	3318
55	5FF4	62	3318
55	5FF7	62	3318
55	5FF9	62	3318
55	602E	62	3318
55	6031	62	3318
55	6034	62	3318
55	6037	62	3318
55	603A	62	3318
55	603D	62	3318
55	6040	62	3318
55	6068	62	3318
55	606B	62	3318
55	606D	62	3318
55	606F	62	3318
55	6071	62	3318
55	6074	62	3318
55	6077	62	3318
55	607A	62	3318
55	607B	62	3318
55	607D	62	3318
55	607E	62	3318
55	6080	62	3318
55	6082	62	3318
55	6083	62	3318
55	6084	62	3318
55	6085	62	3318
55	6086	62	3318
55	60A0	62	3318
55	60A3	62	3318
55	60A5	62	3318
55	60A8	62	3318
55	60AB	62	3318
55	60AD	62	3318
55	60B0	62	3318
55	6149	155	2095
55	614C	155	2095
55	614E	175	2095
55	6150	175	2095
55	6152	20	3862
55	6153	20	3862
55	6155	155	2095
55	6157	155	2095
55	615A	155	2095
55	615B	155	2095
55	615E	155	2095
55	617B	5	2079
55	617D	5	2079
55	6180	5	2079
55	6183	5	2079
55	6190	93	2095
55	6193	93	2095
55	6196	93	2095
55	6199	93	2095
55	619A	93	2095
55	619B	93	2095
55	619C	93	2095
55	619E	93	2095
55	619F	93	2095
55	61A0	93	2095
55	61A1	93	2095
55	61A2	93	2095
55	61A3	93	2095
55	61A6	93	2095
55	61A7	93	2095
55	61A9	93	2095
55	61AB	88	2095
55	61AC	88	2095
55	61AF	88	2095
55	61B2	88	2095
55	61B4	88	2095
55	61B6	88	2095
55	61BC	88	2095
55	61BD	88	2095
55	61BF	5	3862
55	61C0	5	3862
55	61C3	5	3862
55	61C6	5	3862
55	61C8	5	3862
55	61CA	5	3862
55	61D0	5	3862
55	61D1	5	3862
55	61D4	5	3862
55	61D7	5	3862
55	61D8	5	3862
55	61D9	5	3862
55	61DA	5	3862
55	61DC	5	3862
55	61DD	5	3862
55	61DE	5	3862
55	61DF	5	3862
55	61E0	5	3862
55	61E1	5	3862
55	61E4	5	3862
55	61E6	5	3862
55	61E7	5	3862
55	61E8	5	3862
55	61E9	5	3862
55	61EA	5	3862
55	61EC	5	3862
55	61ED	5	3862
55	61EE	5	3862
55	61EF	5	3862
55	61F0	5	3862
55	61F1	5	3862
55	61F2	5	3862
55	61F3	5	3862
55	61F4	5	3862
55	61F5	5	3862
55	61F6	93	2095
55	61F9	93	2095
55	61FB	93	2095
55	61FD	93	2095
55	61FF	93	2095
55	6201	93	2095
55	6202	93	2095
55	6203	93	2095
55	6206	93	2095
55	6208	93	2095
55	620A	93	2095
55	620C	93	2095
55	620D	93	2095
55	620E	93	2095
55	620F	93	2095
55	6212	93	2095
55	6213	93	2095
55	6216	93	2095
55	6219	93	2095
55	621B	93	2095
55	621D	5	3862
55	621F	5	3862
55	6221	5	3862
55	6222	5	3862
55	6224	5	3862
55	6226	5	3862
55	6228	5	3862
55	622A	5	3862
55	622B	5	3862
55	622E	5	3862
55	622F	5	3862
55	6232	5	3862
55	6234	5	3862
55	6235	5	3862
55	6237	5	3862
55	6239	5	3862
55	623B	93	2095
55	623E	93	2095
55	6240	93	2095
55	6242	5	3862
55	6245	5	3862
55	6247	5	3862
55	624F	5	3862
55	6252	5	3862
55	6255	5	3862
55	6257	5	3862
55	6259	5	3862
55	625F	5	3862
55	6271	5	3862
55	6273	5	3862
55	6275	5	3862
55	6276	5	3862
55	6278	5	3862
55	627A	5	3862
55	627C	5	3862
55	627E	5	3862
55	6281	5	3862
55	6283	5	3862
55	6286	5	3862
55	6289	5	3862
55	628B	5	3862
55	628E	5	3862
55	6290	5	3862
55	6291	5	3862
55	6293	5	3862
55	6295	5	3862
55	6297	5	3862
55	6299	88	2095
55	629C	88	2095
55	629F	93	2095
55	63E7	5	2072
55	63EA	5	2072
55	63ED	5	2072
55	63EE	5	2072
55	63F0	5	2072
55	63F3	5	2073
55	63F8	5	2073
55	63FB	5	2073
55	63FD	5	2073
55	6400	5	2074
55	6402	5	2074
55	6404	5	2074
55	6406	5	2074
55	6407	5	2074
55	640A	5	2074
55	640D	5	2074
55	640E	5	2073
55	6411	5	2073
55	6414	5	2073
55	6415	5	2073
55	6416	5	2073
55	6418	5	2073
55	6419	5	2073
55	641A	5	2073
55	641B	5	2073
55	651C	10	3931
55	651F	10	3931
55	6522	10	3931
55	6525	10	3931
55	6528	10	3931
55	652B	10	3931
55	652E	10	3931
55	6531	10	3931
55	6534	10	3931
55	653A	10	3931
55	653D	10	3931
55	6540	10	3931
55	6541	10	3931
55	6543	10	3931
55	6546	10	3932
55	654B	10	3932
55	654E	10	3933
55	6550	10	3933
55	6552	10	3933
55	6554	10	3933
55	6555	10	3933
55	6558	10	3933
55	66C6	5	2075
55	66C8	5	2075
55	66CB	5	2075
55	66CE	5	2075
55	66CF	5	2075
55	66D0	5	2075
55	66D1	5	2075
55	66D3	5	2075
55	66D4	5	2075
55	66D5	5	2075
55	66D6	5	2075
55	66D7	5	2075
55	66D8	5	2075
55	6755	5	2075
55	6758	5	2075
55	675B	5	2075
55	675D	5	2075
55	675F	5	2075
55	6761	5	2075
55	6767	5	2076
55	676A	5	2076
55	676D	5	2076
55	676F	5	2076
55	6771	5	2076
55	6773	5	2076
55	6779	5	2077
55	677C	5	2077
55	677F	5	2077
55	6782	5	2077
55	6784	5	2077
55	678A	5	2077
55	678D	5	2077
55	6790	5	2077
55	6793	5	2077
55	6795	5	2077
55	679B	5	2077
55	679E	5	2079
55	6B51	5	2077
55	6B53	5	2077
55	6B55	5	2077
55	6B56	5	2077
55	6B58	5	2077
55	6B5A	5	2077
55	6B5C	5	2077
55	6B5E	5	2077
55	6B60	5	2077
55	6B62	5	2077
55	6B64	5	2077
55	6B66	5	2077
55	6B67	5	2077
55	6B69	5	2077
55	6B6B	5	2077
55	6B6D	5	2077
55	6B70	5	2077
55	6B73	5	2077
55	6B76	5	2077
55	6B77	5	2077
55	6B79	5	2077
55	6B7A	5	2077
55	6B80	5	2078
55	6B88	5	2078
55	6B89	5	2078
55	6B8B	5	2078
55	6B8D	5	2078
55	6B90	5	2078
55	6B93	5	2078
55	6B96	5	2078
55	6B97	5	2078
55	6B99	5	2078
55	6B9A	5	2078
55	6BA0	5	2079
55	6BA8	5	2079
55	6BAA	5	2079
55	6BAB	5	2079
55	6BAD	5	2079
55	6BAF	5	2079
55	6BB1	5	2079
55	6BB2	5	2074
55	6BB5	5	2074
55	6BB8	5	2074
55	6BB9	5	2074
55	6C10	93	2095
55	6C12	93	2095
55	6C15	93	2095
55	6C16	5892	2095
55	6C19	5892	2095
55	6C1A	5892	2095
55	6C1B	93	2095
55	6C1E	93	2095
55	6C1F	93	2095
55	6C20	93	2095
55	6C22	5	3862
55	6C24	5	3862
55	6C26	5	3862
55	6C28	88	2095
55	6C29	88	2095
55	6C2A	88	2095
55	6C2D	88	2095
55	6C45	5	3862
55	6C46	5	3862
55	6C47	5	3862
55	6C48	93	2095
55	6C4B	93	2095
55	6C4C	93	2095
55	6C4F	93	2095
55	6C50	93	2095
55	6C53	93	2095
55	6C54	93	2095
55	6C57	93	2095
55	6C58	93	2095
55	6C59	93	2095
55	6C5F	93	2095
55	6C61	93	2095
55	6C63	93	2095
55	6C65	93	2095
55	6C66	93	2095
55	6C68	93	2095
55	6C6A	93	2095
55	6C6C	93	2095
55	6C6E	93	2095
55	6C71	93	2095
55	6C74	93	2095
55	6C77	93	2095
55	6C7A	93	2095
55	6C7C	93	2095
55	6C7D	93	2095
55	6C7F	93	2095
55	6C81	93	2095
55	6C83	93	2095
55	6C89	93	2095
55	6C8B	93	2095
55	6C8D	93	2095
55	6C8E	93	2095
55	6C90	93	2095
55	6C92	93	2095
55	6C94	93	2095
55	6C96	93	2095
55	6C99	93	2095
55	6C9C	93	2095
55	6C9E	93	2095
55	6CA0	93	2095
55	6CA3	93	2095
55	6CA6	93	2095
55	6CA7	93	2095
55	6CA9	93	2095
55	6CAA	93	2095
55	6CB0	93	2096
55	6CB8	93	2096
55	6CBA	93	2096
55	6CBB	93	2096
55	6CBD	93	2096
55	6CBF	93	2096
55	6CC1	93	2096
55	6CC2	93	2096
55	6CC5	93	2096
55	6CC6	88	2095
55	6CC8	88	2095
55	6CCA	88	2095
55	6CCB	88	2095
55	6CCC	88	2095
55	6CCF	88	2095
55	6CD0	88	2095
55	6CD1	88	2095
55	6CD2	88	2095
55	6CD3	88	2095
55	6E94	5	2074
55	6E97	5	2074
55	6E98	5	2074
55	6E99	5	2074
55	6E9B	5	2074
55	6E9C	5	2074
55	6E9D	5	2074
55	6E9E	5	2074
55	6EAA	5	2095
55	6EAD	5	2095
55	6EAE	5	2095
55	6EAF	5	2095
55	6EB1	5	2095
55	6EB2	5	2095
55	6EB3	5	2095
55	6EB4	5	2095
55	6EC0	26	2095
55	6EC3	26	2095
55	6EC4	26	2095
55	6EC5	26	2095
55	6EC7	26	2095
55	6EC8	26	2095
55	6EC9	26	2095
55	6ECA	26	2095
55	6ED6	5	2072
55	6ED9	5	2072
55	6EDA	5	2072
55	6EDB	5	2072
55	6EDD	5	2072
55	6EDE	5	2072
55	6EDF	5	2072
55	6EE0	5	2072
55	6F02	5	3916
55	6F05	5	3916
55	6F06	5	3916
55	6F07	5	3916
55	6F09	5	3916
55	6F0A	5	3916
55	6F0B	5	3916
55	6F0C	5	3916
55	6F2E	6010	2072
55	6F2F	6010	2072
55	6F32	6010	2072
55	6F33	6010	2072
55	6F34	6010	2072
55	6F36	6010	2072
55	6F37	6010	2072
55	6F38	6010	2072
55	6F39	6010	2072
55	6F3A	6010	2072
55	6FCD	20	2079
55	6FD0	20	2079
55	6FD3	20	2079
55	6FD5	20	2079
55	6FD7	20	2079
55	6FDD	20	2079
55	6FE0	20	2079
55	6FE3	20	2079
55	6FE4	20	2079
55	6FE5	20	2079
55	6FE6	20	2079
55	6FE8	20	2079
55	6FE9	20	2079
55	6FEA	20	2079
55	6FEB	20	2079
55	6FEC	20	2079
55	6FED	20	2079
55	6FF0	20	2079
55	6FF3	20	2079
55	7000	6	3760
55	7003	6	3760
55	7006	6	3760
55	7007	5	2071
55	7008	5	2071
55	700E	5	2071
55	7011	5	2071
55	7013	5	2071
55	7015	5	2071
55	7016	5	2071
55	7018	5	2071
55	701A	5	2071
55	701C	5	2071
55	701D	5	2071
55	701F	5	2071
55	7021	5	2071
55	7023	5	2071
55	7026	5	2071
55	7028	5	2071
55	702A	5	2071
55	702D	5	2071
55	702E	5	2071
55	702F	5	2071
55	7031	5	2071
55	7032	5	2071
55	7034	5	2071
55	7037	5	2071
55	7039	5	2071
55	703B	5	2071
55	703C	5	2071
55	703E	5	2071
55	7041	5	2071
55	7043	5	2071
55	7044	5	2071
55	7047	5	2071
5C	5150	3	6693
5C	5151	3	6693
5C	5152	3	6693
5C	5153	3	6693
5C	5156	3	6693
5C	5159	3	6693
5C	515C	3	6693
5C	5162	3	6693
5C	5163	3	6693
5C	5164	3	6693
5C	5167	3	6693
5C	5168	3	6693
5C	516B	3	6693
5C	516C	3	6693
5C	516F	3	6693
5C	5171	3	6693
5C	5173	3	6693
5C	5175	3	6693
5C	5176	3	6693
5C	5178	3	6693
5C	517A	3	6693
5C	517C	3	6693
5C	517E	3	6693
5C	5180	3	6693
5C	5182	3	6693
5C	5188	3	6693
5C	518B	3	6693
5C	518E	3	6693
5C	5190	3	6693
5C	5192	3	6693
5C	5194	3	6693
5C	519A	3	6694
5C	519D	3	6694
5C	51A0	3	6694
5C	51A2	3	6694
5C	51A4	3	6694
5C	51A6	3	6694
5C	51AC	3	6695
5C	51AF	3	6695
5C	51B2	3	6695
5C	51B4	3	6695
5C	51B6	3	6695
5C	51B8	3	6695
5C	51BE	3	6696
5C	51C1	3	6696
5C	51C4	3	6696
5C	51C6	3	6696
5C	51C8	3	6696
5C	51CA	3	6696
5C	51D0	3	6697
5C	51D3	3	6697
5C	51D6	3	6697
5C	51D9	3	6697
5C	51DB	3	6697
5C	51E1	3	6697
5C	51E4	3	6697
5C	51E7	3	6697
5C	51EA	3	6697
5C	51EC	3	6697
5C	51F2	3	6697
5C	51F5	3	6729
5C	51F8	3	6730
5C	51FA	3	6730
5C	51FD	3	6731
5C	5203	3	6731
5C	5209	3	6747
5C	520B	3	6747
5C	520C	3	6747
5C	520E	3	6747
5C	5210	3	6747
5C	5213	3	6747
5C	5216	3	6747
5C	5217	3	6747
5C	5219	4417	6747
5C	521F	4417	6747
5C	5222	4417	6748
5C	5228	4417	6748
5C	522E	4417	6748
5C	523B	4414	6748
5C	523E	4414	6748
5C	523F	4414	6748
5C	5242	4414	6748
5C	5244	4414	6748
5C	5246	4414	6748
5C	5249	4414	6748
5C	524C	3	7167
5C	524E	3	7167
5C	524F	3	7167
5C	5251	3	7167
5C	5253	3	7167
5C	5256	3	7167
5C	5259	3	7167
5C	525A	3	7167
5C	525C	3	7167
5C	5262	3	7182
5C	5263	3	7182
5C	5267	3	6697
5C	526A	3	6697
5C	526D	3	6697
5C	5270	3	6697
5C	5276	3	6697
5C	5279	3	6697
5C	527A	3	6697
5C	527D	54	6697
5C	527E	54	6697
5C	5280	54	6697
5C	5283	54	6697
5C	5284	54	6697
5C	5286	51	6697
5C	5287	51	6697
5C	5288	51	6697
5C	5289	51	6697
5C	528B	3	6697
5C	528C	3	6697
5C	528D	3	6697
5C	528F	3	6697
5C	5292	3	6697
5C	5294	3	6697
5C	5296	1	6697
5C	5297	1	6697
5C	529A	1	6697
5C	529D	1	6697
5C	52A0	1	6697
5C	52A2	1	6697
5C	52A8	1	6697
5C	52A9	1	6697
5C	52AB	2	10861
5C	52AC	2	10861
5C	52AF	2	10861
5C	52B2	2	10861
5C	52B5	2	10861
5C	52B7	2	10861
5C	52BD	2	10861
5C	52C0	2	10861
5C	52C3	2	10861
5C	52C5	2	10861
5C	52C7	2	10861
5C	52CD	2	10861
5C	52D0	2	10861
5C	52D3	2	10861
5C	52D6	2	10861
5C	52D9	2	10861
5C	52DC	2	10861
5C	52DF	2	10861
5C	52E1	2	10861
5C	52E7	2	10861
5C	52E8	2	10861
5C	52EA	2	10861
5C	52ED	2	10861
5C	5302	3	6697
5C	5303	3	6697
5C	5304	3	6697
5C	5305	3	6697
5C	5308	3	6697
5C	5309	3	6697
5C	530C	3	6697
5C	530D	21	6697
5C	530E	21	6697
5C	5310	21	6697
5C	5313	21	6697
5C	5314	21	6697
5C	5316	12	6697
5C	5317	12	6697
5C	5318	12	6697
5C	531A	18	6697
5C	531B	18	6697
5C	531C	18	6697
5C	531E	3	6697
5C	531F	3	6697
5C	5320	3	6697
5C	5323	3	6697
5C	5324	3	6697
5C	5325	3	6697
5C	5326	3	6697
5C	5327	3	6697
5C	5329	3	6697
5C	532A	3	6697
5C	532B	3	6697
5C	532C	3	6697
5C	532D	3	6697
5C	532F	3	6697
5C	5331	3	6697
5C	5333	3	6697
5C	5335	3	6697
5C	5337	3	6697
5C	5339	3	6697
5C	533B	3	6697
5C	533D	3	6697
5C	533E	3	6697
5C	5340	3	6697
5C	5342	3	6697
5C	5344	3	6697
5C	5346	3	6697
5C	5348	3	6697
5C	5349	3	6697
5C	534B	3	6697
5C	534D	3	6697
5C	534F	3	6697
5C	5351	3	6697
5C	5353	3	6697
5C	5355	3	6697
5C	5357	3	6697
5C	5359	3	6697
5C	535B	3	6697
5C	535D	3	6697
5C	535F	3	6697
5C	5361	3	6697
5C	5364	3	6717
5C	5367	3	6717
5C	536A	3	6717
5C	536D	3	6717
5C	5373	3	6724
5C	5376	3	6724
5C	5379	3	6724
5C	537C	3	6724
5C	5382	3	6729
5C	5385	3	6729
5C	5388	3	6729
5C	538B	3	6729
5C	5391	3	6729
5C	5394	3	6729
5C	5397	3	6729
5C	539A	3	6729
5C	53A0	3	6729
5C	53B3	3	6729
5C	53B5	3	6729
5C	53B7	3	6729
5C	53B8	3	6729
5C	53BA	3	6729
5C	53BC	3	6729
5C	53BE	3	6729
5C	53C0	3	6729
5C	53C3	3	6729
5C	53C4	3	6729
5C	53C6	3	6729
5C	53C8	3	6729
5C	53CB	3	6729
5C	53CE	3	6729
5C	53CF	3	6729
5C	53D0	3	6729
5C	53D2	3	6729
5C	53D5	3	6729
5C	53D8	3	6729
5C	53DA	3	6729
5C	53E1	3	6729
5C	53E2	3	6729
5C	53E4	3	6729
5C	53E5	3	6729
5C	53E7	3	6729
5C	53E8	3	6729
5C	53E9	3	6729
5C	53EA	3	6729
5C	53EC	3	6729
5C	53ED	3	6729
5C	53EF	3	6729
5C	53F0	3	6729
5C	53F3	3	6729
5C	53F4	3	6729
5C	53F6	3	6729
5C	53F8	3	6729
5C	53FB	3	6729
5C	53FC	3	6729
5C	53FF	3	6729
5C	5401	3	6729
5C	5407	3	6729
5C	5408	3	6729
5C	5409	3	6729
5C	540B	3	6729
5C	540E	3	6729
5C	540F	3	6729
5C	5412	3	6729
5C	5413	3	6729
5C	5415	3	6729
5C	5417	3	6729
5C	541A	3	6729
5C	541B	3	6729
5C	541C	3	6729
5C	541E	3	6729
5C	5421	3	6729
5C	5423	3	6729
5C	5424	3	6729
5C	5426	3	6729
5C	5428	3	6729
5C	542A	3	6729
5C	542D	3	6729
5C	5430	3	6729
5C	5433	3	6729
5C	5435	3	6729
5C	543B	3	6729
5C	543D	3	6729
5C	5440	3	6730
5C	5441	15	6729
5C	5442	15	6729
5C	5443	15	6729
5C	5446	15	6729
5C	5447	15	6729
5C	5448	15	6729
5C	5449	15	6729
5C	544B	15	6729
5C	544C	15	6729
5C	544D	15	6729
5C	544E	15	6729
5C	544F	15	6729
5C	5451	15	6729
5C	5452	15	6729
5C	5453	15	6729
5C	5454	15	6729
5C	5456	15	6729
5C	5457	15	6729
5C	5458	15	6729
5C	5459	15	6729
5C	545A	15	6729
5C	546F	3995	10917
5C	5472	3995	10917
5C	5474	3995	10917
5C	54A5	3995	10917
5C	54A6	3995	10917
5C	54A9	3995	10917
5C	54AB	3995	10917
5C	54AD	3995	10917
5C	54B0	3995	10917
5C	54B2	3995	10917
5C	54B4	3995	10917
5C	54B7	3995	10917
5C	54B8	3995	10917
5C	54BB	3995	10917
5C	54BC	3995	10917
5C	54EB	3995	10917
5C	54EC	3995	10917
5C	54ED	3995	10917
5C	54EE	3995	10917
63	4000	1179	1814
63	4001	1179	1814
63	4002	1179	1814
63	4003	1179	1814
63	4004	1179	1814
63	4005	1179	1814
63	4007	1179	1814
63	4008	1179	1814
63	400A	1179	1814
63	400C	1179	1814
63	400E	1179	1814
63	4010	1179	1814
63	4012	1179	1814
63	4014	1179	1814
63	4017	1179	1814
63	4018	1179	1814
63	4019	1179	1814
63	401A	1179	1814
63	401B	1179	1814
63	401C	1179	1814
63	401D	1179	1814
63	401E	1179	1814
63	401F	1179	1814
63	4020	1179	1814
63	4021	1179	1814
63	4023	1179	1814
63	4024	1179	1814
63	4026	1179	1814
63	4028	1179	1814
63	4029	1179	1814
63	402A	1179	1814
63	402B	1179	1814
63	402C	1179	1814
63	403D	170	1814
63	403F	170	1814
63	4041	170	1814
63	4043	132	1820
63	4045	132	1820
63	4047	132	1820
63	4049	188	1817
63	404B	188	1817
63	404D	188	1817
63	404F	169	1815
63	4051	169	1815
63	4053	169	1815
63	4055	117	1816
63	4057	117	1816
63	4059	117	1816
63	405B	176	1816
63	405D	176	1816
63	405F	176	1816
63	4061	125	1822
63	4063	125	1822
63	4065	125	1822
63	4067	102	1814
63	4069	102	1814
63	406B	102	1814
63	406D	1179	1814
63	406E	1179	1814
63	406F	1179	1814
63	4070	1179	1814
63	4071	1179	1814
65	4000	1	17
65	4003	1	22
65	4009	1	22
65	400F	1	22
65	4015	1	22
65	4016	1	22
65	4019	1	22
65	401C	1	22
65	401D	1	22
65	401E	1	22
65	4021	1	22
65	4022	1	22
65	4023	1	22
65	4024	1	22
65	4025	1	22
65	4026	1	22
65	4029	1	22
65	402F	1	324
65	4030	1	324
65	4032	1	324
65	4033	1	324
65	4035	1	324
65	4037	1	324
65	4038	1	324
65	4039	1	324
65	403A	1	324
65	403B	1	324
65	4078	1	324
65	407E	1	324
65	407F	1	324
65	4081	1	324
65	4082	1	324
65	4084	1	324
65	4086	1	324
65	4087	1	324
65	4088	1	324
65	4089	1	324
65	408A	1	324
65	408B	1	324
65	416C	1	324
65	4172	1	326
65	4174	1	326
65	4176	1	326
65	417C	1	326
65	417D	1	326
65	417F	1	326
65	4185	1	327
65	4186	1	327
65	4188	1	327
65	41A7	1	327
65	41A9	1	327
65	473F	1	4899
65	4741	1	4899
65	4743	1	4899
65	4744	1	4899
65	4746	1	4899
65	4748	1	4899
65	474A	1	4899
65	474C	1	4899
65	474F	1	4899
65	4752	1	4899
65	4755	1	4899
65	4756	1	4899
65	4758	1	4899
65	4759	1	4899
65	475B	1	4899
65	475D	1	4899
65	475F	1	4899
65	4760	1	4899
65	47C8	1	5865
65	47CA	1	5865
65	47CC	1	5865
65	47CD	1	5865
65	47CF	1	5865
65	47D1	1	5865
65	47D3	1	5865
65	47D5	1	5865
65	47D8	1	5865
65	47DB	1	5865
65	47DE	1	5865
65	47DF	1	5865
65	47E1	1	5865
65	47E2	1	5865
65	47E4	1	5865
65	47E6	1	5865
65	47E8	1	5865
65	47E9	1	5865
65	487C	10	1809
65	487F	10	1809
65	4881	10	1809
65	4883	10	1809
65	4889	10	1809
65	488C	10	1810
65	488E	10	1810
65	4890	10	1810
65	4892	10	1810
65	4893	10	1810
65	4895	10	1810
65	4897	10	1810
65	4899	10	1810
65	489B	10	1810
65	489D	10	1810
65	489F	10	1810
65	48A5	10	1810
65	48A8	10	1810
65	48AB	10	1810
65	48AD	10	1810
65	48AE	10	1810
65	48B1	10	1810
65	48B4	10	1810
65	48B7	10	1810
65	48B8	10	1810
65	48B9	10	1810
65	48BC	10	1810
65	48BD	10	1810
65	48C0	10	1810
65	48C1	10	1810
65	48C2	10	1810
65	48C5	10	1810
65	48C8	10	1810
65	48CB	10	1810
65	48CD	10	1810
65	48CF	10	1810
65	48D1	10	1810
65	48D7	10	1811
65	48DA	10	1811
65	48DD	10	1811
65	48E0	10	1811
65	48E2	10	1811
65	48E8	10	1811
65	48EB	10	1811
65	48EC	10	1811
65	48EF	10	1811
65	48F0	10	1811
65	48F1	10	1811
65	48F3	10	1811
65	48F5	10	1811
65	48F8	10	1811
65	48FB	10	1811
65	48FE	10	1811
65	4900	10	1811
65	4906	10	1811
65	4919	10	1811
65	491B	10	1811
65	491E	10	1812
65	4921	10	1814
65	4924	10	1814
65	4927	10	1845
65	4929	10	1845
65	492C	10	1846
65	4932	10	1862
65	4935	10	1862
65	4938	10	1862
65	493A	10	1862
65	493C	540	1862
65	493F	540	1863
65	4945	540	1863
65	494B	540	1863
65	4958	531	1863
65	495B	9	1922
65	495D	9	1922
65	495E	9	1922
65	4960	9	1922
65	4962	9	1922
65	4965	9	1922
65	4968	9	1922
65	4969	9	1922
65	496B	9	1922
65	4971	9	1937
65	4973	9	1937
65	499D	848	22328
65	49A0	847	22329
65	49A2	10	1814
65	49A5	10	1814
65	49A8	10	1814
65	49AB	10	1814
65	49B1	10	1814
65	49B4	10	1814
65	49B5	10	1814
65	49B8	10	1814
65	49B9	10	1814
65	49BC	10	1814
65	49BD	10	1814
65	49BE	10	1814
65	49BF	10	1814
65	49C0	10	1814
65	49C1	10	1814
65	49C2	10	1814
65	49C4	10	1814
65	49C6	10	1814
65	49C8	10	1814
65	49CA	10	1814
65	49CC	10	1814
65	49CE	10	1814
65	49D0	10	1814
65	49D2	10	1814
65	49D4	10	1814
65	49D6	10	1814
65	49D8	10	1814
65	49DA	10	1814
65	49DC	10	1814
65	49DE	10	1814
65	49E0	10	1814
65	49E2	10	1814
65	49E4	10	1814
65	49E6	10	1814
65	49E8	10	1814
65	49EA	10	1814
65	49EC	10	1814
65	49EE	10	1814
65	49F0	10	1814
65	49F2	10	1814
65	49F4	10	1814
65	49F6	10	1814
65	49F7	10	1814
65	49FA	10	1833
65	49FD	10	1833
65	4A00	10	1833
65	4A03	10	1833
65	4A09	10	1840
65	4A0C	10	1840
65	4A0F	10	1840
65	4A12	10	1840
65	4A18	10	1845
65	4A1B	10	1845
65	4A1E	10	1845
65	4A21	10	1845
65	4A27	10	1845
65	4A2A	10	1845
65	4A2D	10	1845
65	4A30	10	1845
65	4A36	10	1845
65	4A37	10	1812
65	4A3A	10	1812
65	4A3B	10	1812
65	4A3E	10	1812
65	4A3F	10	1812
65	4A40	10	1812
65	4A41	10	1812
65	4A44	10	1812
65	4A45	10	1812
65	4A46	10	1812
65	4A47	10	1812
65	4A49	10	1812
65	4A4A	10	1812
65	4A4B	10	1812
65	4A4C	10	1812
65	4A4D	10	1812
65	4A4E	10	1812
65	4A4F	10	1812
65	4A50	10	1812
65	4A51	10	1812
65	4A52	10	1812
65	4A53	10	1812
65	4A54	10	1812
65	4A57	10	1812
65	4A59	10	1812
65	4A5B	10	1812
65	4A61	10	1813
65	4A62	10	1813
65	4A63	10	1813
65	4A64	10	1813
65	4A67	10	1813
65	4A68	10	1813
65	4A69	10	1813
65	4A6A	10	1813
65	4A6C	10	1813
65	4A6D	10	1813
65	4A6E	10	1813
65	4A6F	10	1813
65	4A70	10	1813
65	4A71	10	1813
65	4A74	10	1813
65	4A76	10	1813
65	4A78	10	1813
65	4A7A	10	1813
65	4A80	10	1814
65	4AD7	10	1814
65	4ADA	10	1814
65	4ADB	10	1814
65	4ADE	10	1814
65	4ADF	10	1814
65	4AE0	10	1814
65	4AE2	10	1814
65	4AEB	10	1814
65	4AEC	10	1814
65	4AEF	10	1814
65	4AF0	10	1814
65	4AF1	10	1814
65	4AF2	10	1814
65	4AF3	10	1814
65	4AF4	2	20310
65	4AF5	2	20310
65	4AF6	2	20310
65	4AF9	2	20310
65	4AFC	2	20310
65	4AFD	2	20310
65	4AFE	2	20310
65	4AFF	2	20310
65	4B01	2	20310
65	4B02	2	20310
65	4B03	2	20310
65	4B04	2	20310
65	4B05	2	20310
65	4B06	2	20310
65	4B07	2	20310
65	4B08	2	20310
65	4B09	2	20310
65	4B0A	2	20310
65	4B0C	2	20310
65	4B0D	2	20310
65	4B0E	2	20310
65	4B0F	2	20310
65	4B10	2	20310
65	4B11	2	20310
65	4B14	2	20310
65	4B17	2	20310
65	4B19	2	20310
65	4B1F	2	20310
65	4B20	2	20310
65	4B21	2	20310
65	4B22	2	20310
65	4B25	2	20310
65	4B28	2	20310
65	4B29	2	20310
65	4B2A	2	20310
65	4B2B	2	20310
65	4B2D	2	20310
65	4B2E	2	20310
65	4B2F	2	20310
65	4B30	2	20310
65	4B31	2	20310
65	4B32	2	20310
65	4B33	2	20310
65	4B34	2	20310
65	4B35	2	20310
65	4B36	2	20310
65	4B38	2	20310
65	4B39	2	20310
65	4B3A	2	20310
65	4B3B	2	20310
65	4B3C	2	20310
65	4B3D	2	20310
65	4B40	2	20310
65	4B43	2	20310
65	4B45	2	20310
65	4B4B	2	20310
65	4B4D	2	20310
65	4B4E	2	20310
65	4B51	2	20310
65	4B54	2	20310
65	4B55	2	20310
65	4B56	2	20310
65	4B57	2	20310
65	4B59	2	20310
65	4B5A	2	20310
65	4B5B	2	20310
65	4B5C	2	20310
65	4B5D	2	20310
65	4B5E	2	20310
65	4B5F	2	20310
65	4B60	2	20310
65	4B61	2	20310
65	4B62	2	20310
65	4B64	2	20310
65	4B65	2	20310
65	4B66	2	20310
65	4B67	2	20310
65	4B68	2	20310
65	4B69	2	20310
65	4B6C	2	20310
65	4B6F	2	20310
65	4B71	2	20310
65	4B77	2	20310
65	4BA8	10	1862
65	4BAB	10	1862
65	4BAE	10	1862
65	4BAF	10	1862
65	4BB0	10	1862
65	4BB2	10	1862
65	4BB3	10	1862
65	4BB4	10	1862
65	4BB5	10	1862
65	4BB7	10	1862
65	4BB8	10	1862
65	4BBA	10	1862
65	4BBB	10	1862
65	4BBD	10	1862
65	4BBF	10	1862
65	4BC2	10	1862
65	4BC3	10	1862
65	4BC5	10	1862
67	58CD	1	1809
67	58D3	1	1809
67	58D5	1	1809
67	58DB	1	1937
67	58DC	1	1937
67	58DD	1	1937
67	58DF	1	1937
67	58E5	1	2064
67	58E6	1	2064
67	58E8	1	2064
67	58EB	1	2064
67	58F1	1	2064
67	58F3	1	2064
67	58F9	1	3933
67	58FA	1	3933
67	58FC	1	3933
67	58FF	1	3933
67	5902	1	3933
67	5908	1	3933
67	590B	1	3933
67	5911	1	3933
67	5913	1	3933
67	5919	1	4899
67	591A	1	4899
67	591C	1	4899
67	591F	1	4899
67	5922	1	4899
67	5928	1	4899
67	592E	1	4899
67	592F	1	4899
67	593E	1	4899
67	5941	1	4899
67	5944	1	4899
67	594A	1	4899
67	594D	1	4899
67	5953	1	4899
67	5955	1	4899
67	595B	1	5865
67	595C	1	5865
67	595E	1	5865
67	5961	1	5865
67	5964	1	5865
67	596A	1	5865
67	5970	1	5865
67	5971	1	5865
67	5980	1	5865
67	5982	1	5865
67	5988	1	6198
67	5989	1	6198
67	598C	1	6198
67	598E	1	6198
67	5990	1	6198
67	5993	1	7197
67	5994	1	7197
67	59CB	1	7197
67	59D1	1	7197
67	59D2	1	7197
67	59D4	1	7197
67	59D6	1	7197
67	59D8	1	7197
67	59DE	1	7304
67	59E0	1	7304
67	59E6	1	7417
67	5A3E	1	6198
67	5A41	1	6198
67	5A44	1	7182
67	5A4A	1	7197
67	5A4D	1	7197
67	5A4E	1	6198
67	5A50	1	6198
67	5A52	1	6198
67	5A58	1	6198
67	5A5E	1	6198
67	5A5F	1	6198
67	5A62	1	6198
67	5A65	1	6198
67	5A67	1	6198
67	5A6D	1	6198
67	5A6E	1	6198
67	5A74	1	6198
67	5A75	1	6198
67	5A76	1	6198
67	5A79	1	6198
67	5A7C	1	6198
67	5A7D	1	6198
67	5A7E	1	6198
67	5A81	1	6198
67	5A82	1	6198
67	5A83	1	6198
67	5A84	1	6198
67	5A85	1	6198
67	5A87	1	6198
67	5A8A	1	6198
67	5A8B	1	6198
67	5A8E	297	6198
67	5A91	297	6198
67	5A92	297	6198
67	5A94	297	6198
67	5A95	297	6198
67	5A97	297	6198
67	5A99	297	6198
67	5A9A	297	6198
67	5A9B	297	6198
67	5A9C	297	6198
67	5A9D	297	6198
67	5AAA	1	6198
67	5AAB	1	6198
67	5AAD	1	6198
67	5AB3	1	6224
67	5AB5	1	6224
67	5AB8	1	6224
67	5ABB	1	6224
67	5ABE	1	6224
67	5AC0	1	6224
67	5AC3	1	6224
67	5AC5	1	6224
67	5AC8	1	6224
67	5ACA	108	6224
67	5ACB	108	6224
67	5AD1	108	6242
67	5AD3	108	6242
67	5AD6	108	6242
67	5AD9	108	6242
67	5ADB	108	6242
67	5ADE	108	6242
67	5AE0	108	6242
67	5AE3	1	6350
67	5AE5	1	6350
67	5AE7	1	6350
67	5AE9	1	6350
67	5AEB	1	6350
67	5AED	1	6350
67	5AF0	1	6350
67	5AF2	1	6350
67	5AF4	1	6350
67	5AF5	1	6350
67	5AF7	1	6350
67	5AF9	1	6350
67	5AFB	1	6350
67	5AFE	1	6350
67	5B01	1	6350
67	5B03	1	6350
67	5B06	1	6350
67	5B08	1	6350
67	5B0B	1	6350
67	5B0E	139	6350
67	5B0F	139	6350
67	5B15	139	6351
67	5B17	139	6351
67	5B1A	139	6351
67	5B1D	139	6351
67	5B1F	139	6351
67	5B22	139	6351
67	5B24	139	6351
67	5B27	1	6489
67	5B2A	1	6489
67	5B30	1	6489
67	5B33	1	6489
67	5B36	1	6489
67	5B39	1	6489
67	5B3C	1	6489
67	5B3F	1	6489
67	5B42	1	6489
67	5B45	1	6489
67	5B48	1	6489
67	5B4B	1	6489
67	5B4E	1	6489
67	5B50	1	6489
67	5B53	1	6489
67	5B55	1	6489
67	5B58	1	6489
67	5B5B	27	6489
67	5B5C	27	6489
67	5B62	27	6490
67	5B64	27	6490
67	5B67	27	6490
67	5B6A	27	6490
67	5B6C	27	6490
67	5B6F	27	6490
67	5B71	27	6490
67	5B74	1	6516
67	5B75	1	6516
67	5B78	1	6516
67	5B7B	1	6516
67	5B7E	1	6516
67	5B81	1	6516
67	5B84	1	6516
67	5B87	1	6516
67	5B8A	1	6517
67	5B8D	1	6517
67	5B8F	1	6517
67	5B90	1	6517
67	5B92	1	6517
67	5B93	1	6517
67	5B94	1	6517
67	5B97	1	6517
67	5B9A	1	6517
67	5B9B	1	6517
67	5B9C	1	6517
67	5B9D	1	6517
67	5B9E	1	6517
67	5B9F	1	6517
67	5BA1	1	6517
67	5BA2	1	6517
67	5BA4	1	6517
67	5BA5	1	6517
67	5BA7	1	6517
67	5BA8	1	6517
67	5BAA	1	6517
67	5BAB	1	6517
67	5BAC	1	6517
67	5BAD	1	6517
67	5BAE	1	6517
67	5BB0	1	6517
67	5BB3	1	6517
67	5BB6	1	6517
67	5BB7	1	6517
67	5BB8	1	6517
67	5BB9	1	6517
67	5BBA	1	6517
67	5BBD	1	6517
67	5BC0	1	6517
67	5BC3	1	6517
67	5BC5	1	6517
67	5BC8	1	6517
67	5BCA	1	6517
67	5BCD	1	6517
67	5BCF	1	6517
67	5BD5	1	6518
67	5BD8	22	6518
67	5BD9	22	6518
67	5BDF	22	6518
67	5BE1	22	6518
67	5BE4	22	6518
67	5BE5	22	6518
67	5BE8	22	6518
67	5BEA	22	6518
67	5BEC	22	6518
67	5BEF	22	6518
67	5BF1	22	6518
67	5BF3	22	6518
67	5BF6	22	6518
67	5BF7	22	6518
67	5BFA	22	6518
67	5BFB	22	6518
67	5C2A	22	6518
67	5C2B	22	6518
67	5C2C	22	6518
67	5C2D	22	6518
67	5C30	22	6518
67	5C33	22	6518
67	5C34	22	6518
67	5C37	22	6518
67	5C38	22	6518
67	5C3A	22	6518
67	5C3B	22	6518
67	5C3F	22	6518
67	5C40	22	6518
67	5C43	22	6518
67	5C46	22	6518
67	5C48	22	6518
67	5C4B	21	6518
67	5C4D	21	6518
67	5CF4	2	6661
67	5CF6	2	6661
67	5CFC	2	6662
67	5CFD	2	6662
67	5CFF	1	6678
67	5D26	1	6539
67	5D2C	1	6539
67	5D2F	1	6539
67	5D31	1	6539
67	5D33	1	6539
67	5D36	1	6539
67	5D38	1	6539
67	5D99	1	6539
67	5D9C	1	6539
67	5D9E	1	6539
67	5DA0	1	6539
67	5DA2	1	6539
67	5DA8	1	6541
67	5DAB	1	6541
67	5DAD	1	6541
67	5DB6	1	6541
67	5DB8	1	6541
67	5DBB	121	6541
67	5DBC	121	6541
67	5DC2	121	6541
67	5DC5	121	6541
67	5DC7	121	6541
67	5DCA	121	6541
67	5DCC	121	6541
67	5DCF	1	6661
67	5DD2	1	6678
67	5DD8	1	6693
67	5DDE	1	7182
67	5DE4	1	7182
67	5DE6	1	7182
67	5DE7	1	7182
67	5DE9	1	7182
67	5DEC	1	7182
67	5DEE	1	7182
67	5DEF	1	7182
67	5DF1	1	7182
67	5DF4	1	7182
67	5DF6	1	7182
67	5DF9	1	7182
67	5DFA	1	7182
67	5DFD	1	7182
67	5E7D	1	6516
67	5E80	1	6516
67	5E83	1	6516
67	5E86	1	6516
67	5E89	1	6516
67	5E8C	1	6516
67	5E8F	1	6516
67	5E92	1	6516
67	5E95	1	6516
67	5E98	1	6516
67	5E9B	1	6516
67	5E9E	1	6516
67	5EA1	1	6516
67	5EA4	1	6516
67	5EA7	1	6516
67	5EAA	1	6516
67	5EAD	1	6516
67	5EB0	1	6516
67	5EB3	1	6517
67	5F54	2	6489
67	5F57	2	6489
67	5F5A	2	6489
67	5F5D	2	6489
67	60BA	1	8507
67	60BB	1	8507
67	60BE	1	8507
67	60C0	1	8507
67	60C6	1	8630
67	60C7	1	8630
67	60C8	1	8630
67	60CB	1	13093
67	60CC	1	13093
67	60DD	1	13093
67	60E3	1	13093
67	60E4	1	13093
67	60E6	1	13093
67	60E8	1	13093
67	60EA	1	13093
67	60F0	1	13200
67	60F2	1	13200
67	60F8	1	13313
67	611C	2	8651
67	611F	2	8651
67	6121	2	8651
67	6127	2	9266
67	6128	2	9266
67	612A	2	9266
67	612C	2	9266
67	612E	2	9266
67	6131	2	9266
67	6137	2	9266
67	6138	2	9266
67	613E	2	10499
67	613F	2	10499
67	6141	2	10499
67	6144	2	10499
67	6147	2	10499
67	614D	2	10499
67	614F	2	10499
67	6151	2	10499
67	6152	2	10499
67	6154	2	10499
67	6156	2	10499
67	6158	2	10499
67	615A	2	10499
67	615D	2	10499
67	6160	2	10499
67	6163	2	10499
67	6165	2	10499
67	6166	2	10499
67	6168	2	10499
67	616A	2	10499
67	616C	2	10499
67	616E	2	10499
67	6171	1	8630
67	6177	1	8630
67	6179	1	8630
67	617B	1	8630
67	617E	1	8630
67	6180	1	8630
67	6182	1	8630
67	6185	1	8630
67	6187	1	8630
67	6189	1	8630
67	618B	1	8630
67	618C	1	8630
67	618F	1	8630
67	6192	1	8630
67	6195	1	8632
67	6198	1	8632
67	619B	1	8632
67	619E	1	8632
67	61A1	1	8632
67	61A7	1	8632
67	61A9	1	8632
67	61AF	1	8632
67	61B2	1	8632
67	61B4	1	8632
67	61B5	1	8632
67	61B7	1	8632
67	61BA	1	8632
67	61C0	1	13093
67	61C3	1	13093
67	61C5	1	13093
67	61C7	1	13093
67	61C8	1	13093
67	61CD	1	13093
67	61CE	1	13093
67	6205	1	10818
67	6207	1	10818
67	6209	1	10818
67	620A	1	10818
67	620C	1	10818
67	620E	1	10818
67	6210	1	10818
67	6212	1	10818
67	6215	1	10818
67	6218	1	10818
67	621B	1	10818
67	621E	1	10818
67	6221	1	10818
67	6224	1	10818
67	6227	1	10818
67	622A	1	10818
67	622D	1	10818
67	6230	1	10818
67	6233	1	10818
67	6236	1	10818
67	6239	1	10818
67	623C	1	10818
67	623E	1	10818
67	623F	1	10818
67	6241	1	10818
67	6243	1	10818
67	6245	1	10818
67	626F	1	14403
67	6271	1	14403
67	6274	1	14403
67	6276	1	14403
67	627C	1	14532
67	627D	1	14532
67	627E	1	14532
67	6284	1	18995
67	6285	1	18995
67	6296	1	18995
67	629C	1	18995
67	629D	1	18995
67	629F	1	18995
67	62A1	1	18995
67	62A3	1	18995
67	62A9	1	19102
67	62AB	1	19102
67	62B1	1	19215
67	62D5	1	14532
67	62DB	1	14532
67	62DD	1	14532
67	62DF	1	14532
67	62E2	1	14532
67	62E4	1	14532
67	62E6	1	14532
67	62E9	1	14532
67	62EB	1	14532
67	62ED	1	14532
67	62EF	1	14532
67	62F0	1	14532
67	62F3	1	14533
67	62F6	1	14533
67	62F9	1	14534
67	62FC	1	14534
67	62FF	1	14534
67	6302	1	14534
67	6304	1	14534
67	630A	1	14534
67	630D	1	14534
67	630F	1	14534
67	6310	1	14534
67	6312	1	14534
67	6315	1	14534
67	631B	1	18995
67	631E	1	18995
67	6320	1	18995
67	6322	1	18995
67	6323	1	18995
67	6328	1	18995
67	6329	1	18995
67	6369	1	23
67	636B	1	23
67	636D	1	23
67	6373	1	23
67	6379	1	23
67	637C	1	23
67	637F	1	23
67	6381	1	23
67	6383	1	23
67	6385	1	23
67	638B	1	24
67	638E	1	24
67	6391	1	24
67	6393	1	24
67	6395	1	24
67	6397	1	24
67	639D	1	25
67	63A0	1	25
67	63A3	1	25
67	63A5	1	25
67	63A7	1	25
67	63A9	1	25
67	63AF	1	26
67	63B2	1	26
67	63B5	1	26
67	63B8	1	26
67	63BA	1	26
67	63C0	1	26
67	63C3	1	26
67	63C6	1	26
67	63C9	1	26
67	63CB	1	26
67	63D1	1	26
67	63D4	1	26
67	63D7	1	26
67	63DA	1	26
67	63DC	1	26
67	63E2	1	26
67	63E5	1	26
67	63E8	1	26
67	63EA	1	26
67	63EC	1	26
67	63F2	1	26
67	63F5	1	26
67	63F8	1	26
67	63FB	1	26
67	63FD	1	26
67	6400	1	27
67	6401	1	22
67	6404	1	27
67	640A	1	43
67	640C	1	43
67	640D	1	43
67	640F	1	43
67	6411	1	43
67	6414	1	43
67	6417	1	43
67	6418	1	43
67	641A	1	43
67	641D	1	308
67	6423	1	323
67	6425	1	323
67	6426	1	323
67	6428	1	323
67	642A	1	323
67	642D	1	323
67	642E	1	323
67	6430	1	323
67	6433	1	324
67	6436	1	324
67	6437	1	22
67	6439	1	22
67	643B	1	22
67	6441	1	22
67	6447	1	23
67	644D	1	27
67	644E	1	43
67	644F	1	43
67	6452	265	43
67	6458	265	43
67	645B	265	44
67	645D	265	44
67	645F	265	44
67	6460	265	44
67	6462	265	44
67	6464	265	44
67	6466	265	44
67	6468	265	44
67	646B	265	44
67	646C	265	44
67	646E	265	44
67	646F	265	44
67	6471	265	44
67	6473	265	44
67	6475	265	44
67	6476	265	44
67	6477	265	44
67	6479	186	63
67	647B	186	63
67	647D	60	83
67	6480	60	83
67	6481	60	83
67	6483	3	83
67	6485	3	83
67	6486	3	83
67	6488	3	83
67	648A	3	83
67	648D	3	83
67	6490	3	83
67	6491	3	83
67	6493	3	83
67	6495	3	83
67	6498	3	83
67	649A	79	44
67	649B	79	44
67	649E	265	44
67	64A1	265	44
67	64A2	265	44
67	64A4	265	44
67	64A5	265	44
67	64A7	265	44
67	64A9	265	44
67	64AA	265	44
67	64AB	265	44
67	64AC	265	44
67	64AD	265	44
67	64B4	1	44
67	64B7	1	44
67	64BA	1	44
67	64BC	1	44
67	64BF	1	44
67	64C1	1	44
67	64C4	1	44
67	64C7	126	45
67	64CA	126	45
67	64CC	126	45
67	64CF	126	45
67	64D1	126	45
67	64D4	1	170
67	64D6	1	170
67	64D8	1	170
67	64DB	1	170
67	64DD	1	170
67	64DF	1	170
67	64E2	1	170
67	64E5	1	170
67	64E8	1	170
67	64EA	1	170
67	64ED	1	170
67	64EF	1	170
67	64F2	1	170
67	64F5	138	171
67	64F8	138	171
67	64FA	138	171
67	64FD	138	171
67	64FF	138	171
67	6502	1	308
67	6503	1	308
67	6505	1	308
67	6508	1	308
67	650A	1	308
67	650D	1	308
67	6513	1	308
67	6514	1	308
67	6516	1	308
67	6518	1	308
67	651C	1	308
67	651F	1	308
67	6731	5	2064
67	6733	5	2064
67	6735	5	2064
67	6736	5	2064
67	6738	5	2064
67	673A	5	2064
67	673C	5	2064
67	673E	5	2064
67	673F	5	2064
67	6740	5	2064
67	6741	5	2064
67	6742	5	2064
67	6743	5	2064
67	6744	5	2064
67	6745	5	2064
67	6747	5	2064
67	6748	5	2064
67	674A	5	2064
67	674C	5	2064
67	674E	5	2064
67	674F	21	2684
67	6751	21	2684
67	6753	21	2684
67	6754	21	2684
67	6756	21	2684
67	6758	21	2684
67	675A	21	2684
67	675C	21	2684
67	675D	21	2684
67	675E	21	2684
67	675F	21	2684
67	6761	21	2684
67	6762	21	2684
67	6763	21	2684
67	6764	21	2684
67	6765	21	2684
67	6766	21	2684
67	6767	21	2684
67	6768	21	2684
67	6769	21	2684
67	676A	21	2684
67	676C	21	2684
67	676D	21	2684
67	676E	21	2684
67	676F	21	2684
67	6771	21	2684
67	6772	21	2684
67	6773	21	2684
67	6774	21	2684
67	6776	21	2684
67	6777	21	2684
67	6778	21	2684
67	6779	21	2684
67	677A	21	2684
67	677B	21	2684
67	677C	21	2684
67	677D	21	2684
67	677F	21	2684
67	6780	21	2684
67	6781	21	2684
67	6782	21	2684
67	6784	21	2684
67	6785	21	2684
67	6787	21	2684
67	6789	21	2684
67	678B	21	2684
67	678C	21	2684
67	6807	26	2079
67	6809	26	2079
67	680B	26	2079
67	680C	26	2079
67	680E	26	2079
67	6810	26	2079
67	6812	26	2079
67	6814	26	2079
67	6816	26	2079
67	6817	26	2079
67	6818	26	2079
67	6819	26	2079
67	681B	26	2079
67	681C	26	2079
67	681D	26	2079
67	681F	26	2079
67	6820	26	2079
67	6822	26	2079
67	6824	26	2079
67	6826	26	2079
67	6827	26	2079
67	6828	26	2064
67	682A	26	2064
67	682C	26	2064
67	682D	26	2064
67	682F	26	2064
67	6831	26	2064
67	6833	26	2064
67	6835	26	2064
67	6836	26	2064
67	6837	26	2064
67	6839	26	2064
67	683A	26	2064
67	683C	26	2064
67	683E	26	2064
67	6840	26	2064
67	6841	26	2064
67	6842	31	2079
67	6844	31	2079
67	6846	31	2079
67	6847	31	2079
67	6849	31	2079
67	684B	31	2079
67	684D	31	2079
67	684F	31	2079
67	6850	31	2079
67	6851	31	2079
67	6852	31	2079
67	6853	31	2079
67	6854	31	2079
67	6856	31	2079
67	6857	31	2079
67	6859	31	2079
67	685B	31	2079
67	685D	31	2079
67	685E	31	2079
68	4021	6	3933
68	4023	6	3933
68	4025	6	3933
68	4026	6	3933
68	4028	6	3933
68	402A	6	3933
68	402C	6	3933
68	402E	6	3933
68	4031	6	3933
68	4033	6	3933
68	4034	6	3933
68	4036	6	3933
68	4038	6	3933
68	403A	6	3933
68	403B	5	2064
68	403D	5	2064
68	403F	5	2064
68	4040	5	2064
68	4042	5	2064
68	4044	5	2064
68	4046	5	2064
68	4048	5	2064
68	4049	5	2064
68	404A	5	2064
68	404C	5	2064
68	404D	5	2064
68	404F	5	2064
68	4051	5	2064
68	4053	5	2064
68	40D8	26	2079
68	40DE	26	2079
68	40DF	26	2079
68	40E2	26	2079
68	40E5	26	2079
68	40E6	26	2079
68	40E7	26	2079
68	40E8	26	2079
68	40E9	26	2079
68	40EA	26	2079
68	40ED	26	2079
68	40F0	26	2079
68	40F1	3	7197
68	40F2	3	7197
68	40F5	3	7197
68	40F6	3	7197
68	40F7	3	7197
68	40F8	3	7197
68	40F9	3	7197
68	40FA	3	7197
68	40FB	3	7197
68	40FC	3	7197
68	40FD	3	7197
68	40FE	3	7197
68	40FF	3	7197
68	4100	3	7197
68	4127	5	2064
68	4129	5	2064
68	412B	5	2064
68	412C	5	2064
68	412E	5	2064
68	4130	5	2064
68	4132	5	2064
68	4134	5	2064
68	4135	5	2064
68	4136	5	2064
68	4137	5	2064
68	4138	5	2064
68	4148	5	2064
68	414A	5	2064
68	414B	5	2064
68	414D	5	2064
68	414F	5	2064
68	4151	5	2064
68	417F	5	3916
68	4181	5	3916
68	4183	5	3916
68	4184	5	3916
68	4186	5	3916
68	4188	5	3916
68	418A	5	3916
68	418C	5	3916
68	418D	5	3916
68	418E	5	3916
68	418F	5	3916
68	4192	5	3916
68	4194	5	3916
68	4195	5	3916
68	4197	5	3916
68	4199	5	3916
68	419B	5	3916
68	4252	2	7182
68	4254	2	7182
68	4256	2	7182
68	4259	2	7182
68	425B	2	7182
68	425D	2	7182
68	425E	2	7182
68	4260	2	7182
68	4262	2	7182
68	4264	2	7182
68	4267	2	7182
68	4268	2	7182
68	426B	2	7182
68	426E	2	7182
68	4271	2	7182
68	4273	2	7182
68	4274	2	7182
68	4276	2	7182
68	4279	2	7182
68	427B	2	7182
68	427C	2	7182
68	427E	2	7182
68	4281	2	7182
68	4282	1	1809
68	42E4	1	22256
68	42E6	1	22256
68	42E8	1	22256
68	42EB	1	22256
68	42ED	4	22256
68	42EE	4	22256
68	42F0	4	22256
68	42F3	4	22256
68	42F4	4	22256
68	42F7	4	22256
68	42FA	4	22256
68	42FD	4	22257
68	4300	4	22257
68	4301	4	22257
68	4304	4	22257
68	4307	4	22257
68	430A	4	22257
68	430D	4	22257
68	430E	4	22257
68	430F	4	22257
68	4311	4	22257
68	4313	1	22262
68	4314	1	22262
68	4316	1	22262
68	4319	1	22262
68	431A	1	308
68	431C	1	308
68	431E	1	308
68	4321	1	308
68	4323	1	308
68	4325	1	308
68	4326	1	308
68	4328	1	308
68	432A	1	308
68	432C	1	308
68	432F	1	308
68	4332	1	308
68	4334	1	308
68	4336	1	308
68	4339	1	308
68	433B	1	308
68	433D	1	308
68	4340	1	308
68	4342	1	308
68	4345	1	308
68	4348	1	308
68	434A	1	308
68	434C	1	308
68	434F	1	308
68	4350	1	308
68	4352	1	308
68	4354	1	308
68	4355	1	308
68	4357	1	308
68	435A	1	308
68	435C	1	308
68	435D	1	308
68	435F	1	308
68	4362	1	308
68	4364	1	308
68	4469	1	16692
68	446A	1	16692
68	446B	1	16692
68	446C	1	16692
68	446D	1	16692
68	44FC	7	1176
68	44FE	7	1176
68	4500	7	1176
68	4501	7	1176
68	4503	7	1176
68	4505	7	1176
68	4507	7	1176
68	4508	7	1176
68	450A	7	1176
68	450C	7	1176
68	450E	7	1176
68	4511	7	1176
68	4513	7	1176
68	4515	7	1176
68	4518	7	1176
68	451B	7	1176
68	451D	7	1176
68	451E	7	1176
68	4520	7	1176
68	4521	7	1176
68	4523	7	1176
68	4526	7	1176
68	4528	7	1176
68	452A	7	1176
68	452B	7	1176
68	452D	7	1176
68	4530	7	1176
68	4532	7	1176
68	4533	7	1176
68	4534	7	1176
68	4539	7	1176
68	453A	7	1176
68	459A	1	308
68	459C	1	308
68	459E	1	308
68	45A1	1	308
68	45A3	1	308
68	45A5	1	308
68	45A6	1	308
68	45A8	1	308
68	45AA	1	308
68	45AC	1	308
68	45AF	1	308
68	45B2	1	308
68	45B5	1	308
68	45B7	190	308
68	45B8	190	308
68	45B9	190	308
68	45BA	190	308
68	45BC	190	308
68	45BD	190	308
68	45BE	190	308
68	45BF	190	308
68	45C1	1	308
68	45C2	1	308
68	45C3	1	308
68	45C4	1	308
68	45C5	1	308
68	45C6	1	308
68	45C8	1	308
68	45C9	1	308
68	45CA	1	308
68	45CC	1	308
68	45CE	1	308
68	45CF	1	308
68	45D1	1	308
68	45D4	1	308
68	45D6	1	308
68	45D7	1	308
68	45D9	1	308
68	45DC	1	308
68	45DE	1	308
68	4870	1	324
68	4873	1	324
68	4874	1	324
68	4876	1	324
68	4877	1	324
68	4879	1	324
68	487B	1	324
68	487C	1	324
68	487D	1	324
68	487E	1	324
68	487F	1	324
68	4880	1	324
68	4883	1	324
68	4885	1	324
68	4887	1	324
68	4888	1	324
68	488A	1	324
68	488C	1	324
68	488E	1	324
68	488F	1	324
68	4891	1	324
68	4893	1	324
68	4895	1	324
68	4898	1	324
68	489A	1	324
68	489C	1	324
68	489F	1	324
68	48A0	1	324
68	48A1	1	324
68	48A3	1	324
68	48A4	1	324
68	48A6	1	324
68	48A9	1	324
68	48AB	1	324
68	48AD	1	324
68	48AE	1	324
68	48B0	1	324
68	48B3	1	324
68	48B5	1	324
68	48B6	1	324
68	48B8	1	324
68	48BA	1	324
68	48BC	1	324
68	48BE	1	324
68	48C0	1	324
68	48C2	1	324
68	48CE	1	324
68	48D0	1	324
68	48DE	1	324
68	48E1	1	324
68	48E4	1	324
68	48E5	1	324
68	48ED	1	324
68	48F0	1	324
68	48F2	1	324
68	4950	1	324
68	4952	1	324
68	4954	1	324
68	4955	1	324
68	4957	1	324
68	4959	1	324
68	495B	1	324
68	495E	1	324
68	4960	1	324
68	4962	1	324
68	4963	1	324
68	4965	1	324
68	4967	1	324
68	4969	1	324
68	496C	1	324
68	496D	1	324
68	4970	1	324
68	4973	1	324
68	4974	1	324
68	4975	1	324
68	4976	1	324
68	4977	1	324
68	4978	1	324
68	497A	1	324
68	497B	1	324
68	497C	1	324
68	497E	1	324
68	497F	1	324
68	4982	1	324
68	4984	1	324
68	4987	1	324
68	4988	1	324
68	498A	1	324
68	498C	1	324
68	49A0	1	324
68	49A2	1	324
68	49A3	1	324
68	49A5	1	324
68	49A8	1	324
68	49AA	1	324
68	49AC	1	324
68	49AD	1	324
68	49AF	1	324
68	49B2	1	324
68	49B4	1	324
68	49B5	1	324
68	49B6	1	324
68	49B8	1	324
68	49BA	1	324
68	49BB	1	324
68	49BD	1	324
68	49BF	1	324
68	49C1	1	324
68	49C4	1	324
68	49C6	1	324
68	49C8	1	324
68	49C9	1	324
68	49CB	1	324
68	49CD	1	324
68	49CF	1	324
68	49D2	1	324
68	49D5	1	324
68	49D8	1	324
68	49DB	1	324
68	49DC	1	324
68	49DD	1	324
68	49DE	1	324
68	49E1	1	324
68	49E4	1	324
68	49E7	1	324
68	49EA	1	324
68	49EC	1	324
68	49ED	1	324
68	49EF	1	324
68	49F2	1	324
68	49F4	1	324
68	49F6	1	324
68	49F7	1	324
68	49F9	1	324
68	49FC	1	324
68	49FE	1	324
68	49FF	2	324
68	4A02	508	324
68	4A03	508	324
68	4A04	508	324
68	4A05	508	324
68	4A07	508	324
68	4A08	508	324
68	4A09	508	324
68	4A0A	508	324
68	4A0B	508	324
68	4A0C	508	324
68	4A0E	2	324
68	4A0F	1	22
68	4A11	1	22
68	4A13	1	22
68	4A14	1	22
68	4A16	1	22
68	4A18	1	22
68	4A1A	1	22
68	4A1D	1	22
68	4A1F	1	22
68	4A21	1	22
68	4A22	1	22
68	4A24	1	22
68	4A26	1	22
68	4A28	1	22
68	4A2B	1	22
68	4A2C	1	22
68	4A2F	1	22
68	4A32	1	22
68	4A35	1	22
68	4A37	1	22
68	4A38	1	22
68	4A3A	1	22
68	4A3D	1	22
68	4A3F	1	22
68	4A41	1	22
68	4A42	1	22
68	4A44	1	22
68	4A47	1	22
68	4A49	1	22
68	4F71	1	6539
68	4F73	1	6539
68	4F76	1	6539
68	4F79	1	6539
68	4F7A	1	6539
68	4F7D	1	6539
68	4F7E	1	6539
68	4F81	1	6539
68	4F82	1	6539
68	4F85	1	6539
68	4F86	1	6539
68	4F89	1	6539
68	4F8B	1	6539
68	4F8C	3	6693
68	4F8F	3	6693
68	4F90	3	6693
68	4F93	3	6693
68	4F94	3	6693
68	4F97	3	6693
68	4F9D	3	7182
68	4F9E	4	1176
68	4F9F	4	1176
68	4FA2	4	1176
68	4FA5	4	1176
68	4FA7	4	1176
68	4FAA	4	1176
68	4FAB	4	1176
68	4FAE	4	1176
68	4FB1	4	1176
68	4FB2	4	1176
68	4FB3	4	1176
68	4FB6	4	1176
68	4FB7	4	1176
68	4FB8	4	1176
68	4FB9	4	1176
68	4FBA	4	1176
68	4FC0	4	1176
68	4FC2	4	1176
68	4FC4	4	1176
68	4FC6	4	1176
68	4FD6	4	1176
68	4FDC	4	1176
68	4FDF	4	1176
68	4FE0	4	1176
68	4FE3	4	1176
68	4FE5	4	1176
68	4FE8	4	1176
68	4FEA	4	1176
68	4FED	4	1176
68	4FF0	4	1809
68	4FF3	4	1809
68	4FF6	4	1809
68	4FF7	4	1809
68	4FF9	4	1809
68	4FFB	4	1809
68	4FFC	4	1809
68	4FFE	4	1809
68	5000	4	1809
68	5002	4	1809
68	5003	4	1809
68	5005	4	1809
68	5007	4	1809
68	5009	4	1809
68	500C	4	1809
68	500E	4	1809
68	5010	4	1809
68	5013	4	1809
68	5014	4	1809
68	5015	4	1809
68	5017	4	1809
68	5018	4	1809
68	501A	4	1809
68	501D	4	1809
68	501F	4	1809
68	5021	4	1809
68	5022	4	1809
68	5024	4	1809
68	5027	4	1809
68	5029	4	1809
68	502C	4	1809
68	502D	4	1809
68	502E	4	1809
68	5031	4	1809
68	5032	4	1809
68	5033	3752	1176
68	5039	3752	1176
68	503C	3752	1182
68	5042	3752	1182
68	5045	3752	1183
68	5048	3752	1183
68	504A	3752	1183
68	504C	4	1809
68	504D	3752	1176
68	5050	3752	1176
68	5053	3752	1176
68	5054	3752	1176
68	5055	3752	1176
68	5056	3752	1176
68	5058	3752	1176
68	5059	3752	1176
68	505A	3752	1176
68	505B	3752	1176
68	505C	3752	1176
68	505D	3752	1176
68	5066	4	1176
68	5068	4	1176
68	506A	4	1176
68	5070	4	1176
68	5076	4	1176
68	5077	4	1176
68	507A	4	1176
68	507D	4	1176
68	507F	4	1176
68	5081	4	1176
68	5082	4	1176
68	5084	4	1176
68	5086	4	1176
68	5088	4	1176
68	5089	4	1176
68	508B	4	1176
68	508D	4	1176
68	508F	4	1176
68	5092	4	1176
68	5094	4	1176
68	5096	4	1176
68	5099	4	1176
68	509A	4	1176
68	509B	4	1176
68	509D	4	1176
68	509E	4	1176
68	50A0	4	1176
68	50A3	4	1176
68	50A5	4	1176
68	50A7	4	1176
68	50A8	4	1176
68	50AA	4	1176
68	50AD	4	1176
68	50AF	4	1176
68	50B0	4	1176
68	50B3	4	1176
68	50B6	4	1176
68	50B9	4	1176
68	50BB	4	1176
68	50BD	4	1176
68	50BF	4	1176
68	50C5	4	1177
68	50C8	4	1177
68	50CB	4	1177
68	50CD	4	1177
68	50CF	4	1177
68	50D1	4	1177
68	50D7	4	1178
68	50DA	4	1178
68	50DD	4	1178
68	50DF	4	1178
68	50E1	4	1178
68	50E3	4	1178
68	50E9	4	1179
68	50EC	4	1179
68	50EF	4	1179
68	50F1	4	1179
68	50F3	4	1179
68	50F5	4	1179
68	50FB	4	1180
68	50FE	4	1180
68	5101	4	1180
68	5103	4	1180
68	5105	4	1180
68	5107	4	1180
68	510D	4	1181
68	5110	4	1181
68	5113	4	1181
68	5116	4	1181
68	5118	4	1181
68	511E	4	1181
68	5121	4	1181
68	5124	4	1181
68	5127	4	1181
68	5129	4	1181
68	512F	4	1181
68	5132	4	1181
68	5134	4	1181
68	5137	4	1182
68	513A	4	1182
68	513D	4	1182
68	513F	4	1182
68	5141	4	1182
68	5147	4	1182
68	514A	4	1182
68	5150	4	1182
68	5152	4	1182
68	5155	4	1182
68	5156	4	1183
68	515C	4	1199
68	515E	4	1199
68	515F	4	1199
68	5161	4	1199
68	5163	4	1199
68	5166	4	1199
68	5169	4	1199
68	516A	4	1199
68	516C	4	1199
68	516E	4	1199
68	5171	4	1199
68	5172	3740	1200
68	5174	3740	1200
68	5176	3740	1200
68	5178	3736	1200
68	517A	3736	1200
68	517C	3736	1200
68	517E	3736	1200
68	5180	3736	1200
68	5182	3736	1200
68	5184	3733	1200
68	5187	4	1792
68	5189	4	1792
68	518A	4	1792
68	518C	4	1792
68	518E	4	1792
68	5191	4	1792
68	5194	4	1792
68	5195	4	1792
68	5197	4	1792
68	5199	4	1792
68	519C	4	1792
68	51CF	3	8426
68	51D2	3	8426
68	51D4	3	8426
68	51D5	3	8426
68	51D8	3	8426
68	51D9	3	8426
68	51DD	3	8426
68	51DE	3	8426
68	51E1	3	8426
68	51E3	3	8426
68	51E4	3	8426
68	51E6	3	8426
68	51E8	3	8426
68	51EB	3	8426
68	51EE	3	8426
68	51EF	3	8426
68	51F1	3	8426
68	51F4	3	8426
68	51F6	3	8426
68	51F9	3	8427
68	51FC	3740	1200
68	51FD	4	1793
68	5203	4	1808
68	5205	4	1808
68	5208	4	1808
68	5209	7	1182
68	520C	7	1182
68	520E	7	1182
68	5210	7	1182
68	5212	7	1182
68	5214	7	1182
68	5215	7	1182
68	5218	7	1182
68	5219	7	1182
68	521B	7	1182
68	521C	7	1182
68	521E	7	1182
68	5223	7	1182
68	5226	7	1182
68	5228	7	1182
68	522B	7	1182
68	522C	7	1181
68	522F	7	1181
68	5230	7	1181
68	5232	7	1181
68	5235	7	1181
68	5238	7	1181
68	523B	7	1181
68	523D	7	1181
68	5243	7	1181
68	5256	7	1181
68	5259	7	1181
68	525C	7	1181
68	525F	7	1181
68	5262	7	1181
68	5263	7	1181
68	5265	7	1181
68	5268	7	1181
68	526D	7	1181
68	526E	7	1181
68	526F	7	1181
68	5270	7	1181
68	5273	7	1181
68	5276	7	1181
68	5279	7	1181
68	527A	7	1181
68	527B	7	1181
68	527C	7	1181
68	527E	7	1181
68	527F	7	1181
68	5280	7	1181
68	5281	7	1181
68	5282	7	1181
68	5283	7	1181
68	5285	7	1181
68	528B	7	1181
68	5D00	5	2064
68	5D03	5	2064
68	5D06	5	2079
68	5D0C	5	2095
68	5D0E	5	2095
68	5D0F	5	2095
68	5D11	5	2095
68	5D13	5	2095
68	5D16	5	2095
68	5D19	5	2095
68	5D1A	5	2095
68	5D1C	5	2095
68	5D1F	5	3916
68	5D25	5	3931
68	5D2B	5	3933
68	5D2E	5	3933
68	5D9C	5	2064
68	5D9E	5	2064
68	5DA0	5	2064
68	5DA6	5	2064
68	5DAC	5	2064
68	5DAD	5	2064
68	5DB0	5	2064
68	5DB3	5	2064
68	5DB5	5	2064
68	5DBB	5	2064
68	5DBE	5	2064
68	5DC1	5	2064
68	5DC4	5	2064
68	5DC7	5	2064
68	5DCA	5	2064
68	5DCB	5	2064
68	5DCD	5	2064
68	5DD0	5	2064
68	5DD3	5	2064
68	5DD5	5	2064
68	5DD7	5	2064
68	5DD9	5	2064
68	5DDF	5	2065
68	5DE2	5	2065
68	5DE5	5	2065
68	5DE7	5	2065
68	5DE9	5	2065
68	5DEB	5	2065
68	5DF1	5	2066
68	5DF4	5	2066
68	5DF7	5	2066
68	5DF9	5	2066
68	5DFB	5	2066
68	5DFD	5	2066
68	5E03	5	2067
68	5E06	5	2067
68	5E09	5	2067
68	5E0B	5	2067
68	5E0D	5	2067
68	5E0F	5	2067
68	5E15	5	2068
68	5E18	5	2068
68	5E1B	5	2068
68	5E1E	5	2068
68	5E20	5	2068
68	5E26	5	2068
68	5E29	5	2068
68	5E2C	5	2068
68	5E2D	5	2068
68	5E2E	5	2068
68	5E2F	5	2068
68	5E31	5	2068
68	5E32	5	2068
68	5E33	5	2068
68	5E34	5	2068
68	5E35	5	2068
68	5E36	5	2068
68	5E39	5	2068
68	5E3C	5	2068
68	5E3E	5	2068
68	5E44	5	2068
68	5E46	5	2068
68	5E49	5	2068
68	5E4C	5	2068
68	5E4F	5	2070
68	5E52	5	2070
68	5E54	5	2070
68	5E57	5	2071
68	5E59	5	2071
68	5E5B	5	2071
68	5E61	5	2079
68	5E64	5	2079
68	5E67	5	2079
68	5E69	5	2079
68	5E6B	5	2079
68	5E71	5	2079
68	5E73	5	2079
68	5E75	5	2079
68	5E78	5	2079
68	5E7E	5	2079
68	5E81	5	2079
68	5E82	5	2079
68	5E85	5	2079
68	5E8B	5	2079
68	5E91	5	2079
68	5EAE	26	2064
68	5EB1	26	2064
68	5EB7	26	2064
68	5EB8	26	2064
68	5EBA	26	2064
68	5EBC	26	2064
68	5EBF	26	2064
68	5EC7	26	2095
68	5ECD	26	2095
68	5ED0	26	2095
68	5ED1	26	2095
68	5ED7	26	2684
68	5ED9	26	2684
68	5EDB	5	3916
68	5EDD	5	3916
68	5EDF	5	3916
68	5EE1	5	3916
68	5EEC	21	2684
68	5EEF	21	2684
68	5EF2	21	2684
68	5EF3	21	2684
68	5EF9	21	2684
68	5EFA	21	2684
68	5EFC	21	2684
68	5EFE	21	2684
68	5EFF	21	2684
68	5F01	21	2684
68	5F03	21	2684
68	5F06	21	2684
68	5F09	21	2684
68	5F0A	21	2684
68	5F0C	21	2684
68	5F1E	21	2684
68	5F21	21	2684
68	5F22	21	2684
68	5F24	6	3760
68	5F2A	6	3760
68	5F2D	15	2684
68	5F33	15	2684
68	5F68	5	3916
68	5F6B	5	3916
68	5F6C	5	3916
68	5F80	5	3916
68	5F82	5	3916
68	5F83	5	3916
68	5F85	5	3916
68	5F87	5	3916
68	5F8A	5	3916
68	5F8D	5	3916
68	5F8E	5	3916
68	5F90	5	3916
68	5F93	5	3916
68	5F96	5	3916
68	5F9C	5	3916
68	5F9E	5	3916
68	5FA1	5	3916
68	5FC3	21	2684
68	5FC5	21	2684
68	5FC7	21	2684
68	5FCA	21	2684
68	5FD0	21	2684
68	5FD2	21	2684
68	5FD5	21	2684
68	5FD8	21	2684
68	5FDB	21	2686
68	5FDE	21	2686
68	5FE1	31	2079
68	5FE4	31	2079
68	5FEA	31	2079
68	5FEC	31	2079
68	5FEF	11	3760
68	5FF1	11	3760
68	5FF3	11	3760
68	5FF4	11	3760
68	5FF6	11	3760
68	5FF8	11	3760
68	5FFA	11	3760
68	5FFC	11	3760
68	5FFD	11	3760
68	5FFF	11	3760
68	6001	11	3760
68	6004	57	3760
68	6005	57	3760
68	6006	57	3760
68	6008	46	3760
68	600A	46	3760
68	600C	46	3760
68	600E	46	3760
68	6010	25	3760
68	6012	25	3760
68	6014	25	3760
68	6016	25	3760
68	6018	11	3760
68	601A	11	3760
68	601C	11	3760
68	601E	11	3760
68	6022	21	3760
68	6024	21	3760
68	6026	21	3760
68	6028	25	3760
68	602A	25	3760
68	602C	25	3760
68	602E	11	3760
68	6031	11	3760
68	6032	11	3760
68	6033	11	3760
68	6035	11	3760
68	6036	11	3760
68	6037	11	3760
68	6039	11	3760
68	603B	11	3760
68	603C	11	3760
68	603E	11	3760
68	6040	11	3760
68	6042	11	3760
68	6044	11	3760
68	604E	20	2079
68	604F	20	2079
68	6050	5	2070
68	6053	5	2070
68	6056	5	2070
68	6059	5	2070
68	605F	5	2070
68	6060	26	2068
68	6061	26	2068
68	6062	26	2068
68	6065	26	2068
68	6068	26	2068
68	606B	26	2068
68	6071	26	2068
68	6073	26	2068
68	6075	26	2068
68	6077	26	2068
68	6079	26	2068
68	607B	26	2068
68	607D	26	2068
68	607F	26	2068
68	6081	26	2068
68	6083	26	2068
68	6085	26	2068
68	6087	26	2068
68	6089	26	2068
68	608B	26	2068
68	608D	26	2068
68	608F	26	2068
68	6091	26	2068
68	6093	26	2068
68	6095	26	2068
68	6097	26	2068
68	6099	26	2068
68	609B	26	2068
68	609D	26	2068
68	609F	26	2068
68	60A1	26	2068
68	60A3	26	2068
68	60A5	26	2068
68	60A6	26	2068
68	60A7	26	2068
68	60AA	26	2068
68	60AB	26	2068
68	60AE	26	2068
68	60B1	26	2068
68	60B4	26	2068
68	60BA	26	2070
68	6E1A	3	5865
68	6E1D	3	5865
68	6E20	3	5878
68	6E26	3	5894
68	6E29	3	6181
68	6E2F	3	6196
68	6E35	3	6198
68	6E38	3	6198
68	6E39	3	5865
68	6E3B	3	5865
68	6E3D	3	5865
68	6E43	3	5865
68	6E49	3	5865
68	6E4A	3	5865
68	6E4D	3	5865
68	6E4F	3	5865
68	6E52	3	5865
68	6E55	3	5865
68	6E58	3	5865
68	6E5A	3	5865
68	6E5C	3	5865
68	6E5E	3	5865
68	6E64	3	5866
68	6E67	3	5866
68	6E6A	3	5866
68	6E6C	3	5866
68	6E6E	3	5866
68	6E70	3	5866
68	6E76	3	5867
68	6E79	3	5867
68	6E7C	3	5867
68	6E7E	3	5867
68	6E80	3	5867
68	6E82	3	5867
68	6E88	3	5868
68	6E8B	3	5868
68	6E8E	3	5868
68	6E91	3	5868
68	6E93	3	5868
68	6E99	3	5868
68	6E9C	3	5868
68	6E9F	3	5868
68	6EA2	3	5868
68	6EA4	3	5868
68	6EAA	3	5868
68	6EAD	3	5868
68	6EAE	3	5868
68	6EB0	3	5868
68	6EB3	3	5868
68	6EB6	3	5868
68	6EB9	3	5868
68	6EBB	3	5868
68	6EC1	3	5868
68	6ED4	3	5868
68	6ED7	3	5871
68	6EDA	3	5877
68	6EDD	3	5877
68	6EDF	3	5877
68	6EE2	3	5878
68	6EE5	3	5878
68	6EE8	3	5878
68	6EEA	3	5878
68	6EEC	3	5878
68	6EF2	3	5878
68	6EF5	3	5878
68	6EF6	1427	5894
68	6EFC	1427	5894
68	6EFF	1427	5895
68	6F05	1427	5895
68	6F07	1427	5895
68	6F09	1427	5895
68	6F0B	1424	5895
68	6F0D	1424	5895
68	6F0F	1424	5895
68	6F11	1424	5895
68	6F13	1424	5895
68	6F15	1424	5895
68	6F17	1424	5895
68	6F19	3	6181
68	6F1B	3	6181
68	6F1C	3	6181
68	6F1E	3	6181
68	6F20	3	6181
68	6F23	3	6181
68	6F26	3	6181
68	6F27	3	6181
68	6F29	3	6181
68	6F2C	3	6181
68	6F2D	3	6181
68	6F2F	3	6181
68	6F31	3	6181
68	6F34	3	6181
68	6F7F	3	5878
68	6F82	3	5878
68	6F83	3	5878
68	6F86	3	5878
68	6F87	3	5878
68	6F88	3	5878
68	6F89	3	5878
68	6F8B	3	5878
68	6F8C	3	5878
68	6F8D	3	5878
68	6F8E	3	5878
68	6F8F	3	5878
68	6F90	3	5878
68	6F93	3	5878
68	6F96	3	5878
68	6F9B	3	5877
68	6F9E	3	5877
68	6FA1	3	5877
68	6FA4	3	5877
68	6FAA	3	5877
68	6FAB	3	5868
68	6FAE	3	5868
68	6FB1	3	5868
68	6FB4	3	5868
68	6FBA	3	5868
68	6FBC	3	5868
68	6FBE	3	5868
68	6FC0	3	5868
68	6FC2	3	5868
68	6FC4	3	5868
68	6FC6	3	5868
68	6FC8	3	5868
68	6FCA	3	5868
68	6FCC	3	5868
68	6FCE	3	5868
68	6FD0	3	5868
68	6FD2	3	5868
68	6FD4	3	5868
68	6FD6	3	5868
68	6FD8	3	5868
68	6FDA	3	5868
68	6FDC	3	5868
68	6FDE	3	5868
68	6FE0	3	5868
68	6FE2	3	5868
68	6FE4	3	5868
68	6FE6	3	5868
68	6FE8	3	5868
68	6FEA	3	5868
68	6FEC	3	5868
68	6FEE	3	5868
68	6FF1	3	5868
68	6FF4	3	5868
68	6FF5	3	5868
68	6FF6	3	5868
68	6FF8	3	5868
68	6FF9	3	5868
68	6FFA	3	5868
68	6FFB	3	5868
68	7001	3	5868
68	7004	3	5871
68	7009	3	5871
68	700C	3	5871
68	700F	3	5871
68	7012	3	5871
68	7018	3	5877
68	73DD	2	10840
68	73E3	2	10855
68	73E9	2	10855
68	73EC	2	10856
68	73EF	2	10856
68	73F0	2	10856
68	73F2	2	10856
68	73F3	2	10856
68	73F6	2	10857
68	73F8	2	10857
68	73FA	2	10857
68	73FC	2	10857
68	73FD	2	10857
68	7400	2	10857
68	7401	3	6198
68	7404	3	6198
68	7405	5	6198
68	7408	5	6198
68	7409	5	6198
68	740C	5	6198
68	740F	5	6198
68	7412	5	6198
68	7413	1227	6198
68	7416	1227	6198
68	7418	1227	6198
68	741B	1227	6198
68	7421	1227	6198
68	7424	1227	6223
68	742A	1227	6223
68	742D	1227	6224
68	7430	1227	6224
68	7431	1227	6198
68	7434	1227	6198
68	7437	1227	6198
68	7438	1227	6198
68	7439	1227	6198
68	743A	1227	6198
68	743C	1227	6198
68	743D	1227	6198
68	743E	1227	6198
68	743F	1227	6198
68	7440	1227	6198
68	7441	1227	6198
68	744C	5	6198
68	744E	5	6198
68	7450	5	6198
68	7456	5	6198
68	745C	5	6198
68	745F	5	6198
68	7462	5	6198
68	7464	5	6198
68	7466	5	6198
68	7468	5	6198
68	746E	5	6199
68	7471	5	6199
68	7474	5	6199
68	7476	5	6199
68	7478	5	6199
68	747A	5	6199
68	7480	5	6200
68	7483	5	6200
68	7486	5	6200
68	7488	5	6200
68	748A	5	6200
68	748C	5	6200
68	7492	5	6201
68	7495	5	6201
68	7498	5	6201
68	749A	5	6201
68	749C	5	6201
68	749E	5	6201
68	74A4	5	6202
68	74A7	5	6202
68	74AA	5	6202
68	74AD	5	6202
68	74AF	5	6202
68	74B5	5	6202
68	74B8	5	6202
68	74BB	5	6202
68	74BE	5	6202
68	74C0	5	6202
68	74C6	5	6202
68	74C9	5	6202
68	74CC	5	6202
68	74CF	5	6202
68	74D1	5	6202
68	74D7	5	6202
68	74DA	5	6202
68	74DD	5	6204
68	74E0	5	6204
68	74E2	5	6204
68	74E4	3	6204
68	74E7	3	6204
68	74E8	3	6204
68	74EA	2	12935
68	74ED	2	12935
68	74F0	2	12935
68	74F3	2	12935
68	74F5	2	12935
68	74FB	5	6204
68	74FE	5	6222
68	7500	5	6222
68	7503	5	6223
68	7506	5	6223
68	7509	5	6223
68	750B	5	6223
68	750D	5	6223
68	7513	5	6223
68	7516	5	6223
68	7519	5	6223
68	751C	5	6223
68	751E	5	6223
68	7521	5	6223
68	7522	5	6224
68	7528	5	6224
68	752E	5	6241
68	7530	5	6241
68	7531	5	6241
68	7533	5	6241
68	7535	5	6241
68	7538	5	6241
68	753B	5	6241
68	753C	5	6241
68	753E	5	6241
68	7540	5	6241
68	7543	5	6241
68	7544	1214	6242
68	7546	1214	6242
68	7548	1214	6242
68	754A	1214	6242
68	754D	1214	6242
68	754E	1214	6242
68	7550	3	6661
68	7552	3	6661
68	7554	3	6661
68	7556	3	6661
68	7559	3	6661
68	7582	1214	6242
68	7583	3	6662
68	7589	3	6677
68	758F	3	6677
68	7590	3	6677
68	7593	3	6677
68	75A4	5	6204
68	75A7	5	6204
68	75AA	5	6204
68	75AD	5	6204
68	75B3	5	6204
68	75B5	5	6204
68	75B7	5	6204
68	75B9	5	6204
68	75BB	5	6204
68	75BD	5	6204
68	75BF	5	6204
68	75C1	5	6204
68	75C3	5	6204
68	75C5	5	6204
68	75C7	5	6204
68	75C9	5	6204
68	75CB	5	6204
68	75CD	5	6204
68	75CF	5	6204
68	75D1	5	6204
68	75D3	5	6204
68	75D5	5	6204
68	75D7	5	6204
68	75D9	5	6204
68	75DB	5	6204
68	75DD	5	6204
68	75DF	5	6204
68	75E1	5	6204
68	75E3	5	6204
68	75E5	5	6204
68	75E7	5	6204
68	75E9	5	6204
68	75EF	5	6204
68	75F2	5	6216
68	75F5	5	6216
68	75F8	5	6216
68	75FB	5	6216
68	7601	5	6222
68	7604	5	6222
68	7607	5	6222
68	760A	5	6222
68	7610	5	6222
68	7611	7	6202
68	7614	7	6202
68	7615	7	6202
68	7616	7	6202
68	7617	7	6202
68	7619	7	6202
68	761A	7	6202
68	761B	7	6202
68	761C	7	6202
68	761D	7	6202
68	761E	7	6202
68	7621	7	6202
68	7622	7	6202
68	7623	7	6202
68	7625	7	6202
68	7626	7	6202
68	7627	7	6202
68	7628	7	6202
68	762B	7	6202
68	762C	7	6202
68	762D	7	6202
68	762E	7	6202
68	7630	7	6202
68	7631	7	6202
68	7632	7	6202
68	7633	7	6202
68	7634	7	6202
68	7635	7	6202
68	7638	7	6202
68	763B	7	6202
68	763D	7	6202
68	7643	7	6202
68	7646	7	6203
68	7648	7	6203
68	764B	7	6204
68	766E	3	7197
68	7671	3	7197
68	7672	3	7197
68	7675	3	7197
68	7677	3	7197
68	7679	3	7197
68	767F	3	7197
68	7682	3	7198
68	7684	3	7198
68	7686	3	7198
68	7688	3	7198
68	7689	3	7198
68	768B	3	7198
68	768D	3	7198
68	768F	3	7198
68	7691	3	7198
68	7693	3	7198
68	7695	3	7198
68	769B	3	7198
68	769E	3	7198
68	76A1	3	7198
68	76A4	3	7198
68	76A6	3	7198
68	76A8	3	7198
68	76AA	3	7198
68	76B0	3	7199
68	76B3	3	7199
68	76B6	3	7199
68	76B8	3	7199
68	76BA	3	7199
68	76BC	3	7199
68	76C2	3	7200
68	76C5	3	7202
68	76C8	3	7202
68	76CB	3	7202
68	76CE	3	7202
68	76D0	3	7202
68	76D6	3	7202
68	76D9	3	7202
68	76DC	3	7202
68	76DF	3	7202
68	76E1	3	7202
68	76E7	3	7202
68	76EA	3	7202
68	76ED	3	7212
68	76EF	3	7212
68	76F2	3	7213
68	76F8	3	7229
68	76FA	3	7229
68	76FB	3	7229
68	76FD	3	7229
68	76FF	3	7229
68	7702	3	7229
68	7705	3	7229
68	7706	3	7229
68	7708	180	7229
68	770B	180	7230
68	7711	180	7230
68	7717	180	7230
68	7724	177	7230
68	7727	3	7289
68	7729	3	7289
68	772A	3	7289
68	772C	3	7289
68	772E	3	7289
68	7731	3	7289
68	7734	3	7289
68	7735	3	7289
68	7737	3	7289
68	773D	3	7304
68	7745	3	7202
68	7748	3	7202
68	774B	3	7202
68	774E	3	7202
68	7754	3	7202
68	7756	3	7202
68	7758	3	7202
68	775A	3	7202
68	775C	3	7202
68	775E	3	7202
68	7760	3	7202
68	7762	3	7202
68	7764	3	7202
68	7766	3	7202
68	7768	3	7202
68	776A	3	7202
68	776C	3	7202
68	776E	3	7202
68	7770	3	7202
68	7772	3	7202
68	7774	3	7202
68	7776	3	7202
68	7778	3	7202
68	777A	3	7202
68	777C	3	7202
68	777E	3	7202
68	7780	3	7202
68	7782	3	7202
68	7784	3	7202
68	7786	3	7202
68	7788	3	7202
68	778B	3	7202
68	778D	3	7202
68	7798	3	7202
68	779A	3	7202
68	779E	3	7202
68	77A1	3	7202
68	77A2	3	7202
68	77A3	3	7202
68	77A5	3	7202
68	77A6	3	7202
68	77A7	3	7202
68	77A8	3	7202
68	77AE	3	7202
68	77B1	3	7206
68	77B4	3	7206
68	77B7	3	7206
68	77BA	3	7206
68	77C0	3	7212
68	77C3	3	7212
68	77C6	3	7212
68	77C9	3	7212
68	77CF	3	7212
68	77D6	3	7200
68	77D9	3	7200
68	77DC	3	7200
68	77DD	3	7200
68	77DE	3	7200
68	77DF	3	7200
68	77E1	3	7200
68	77E2	3	7200
68	77E3	3	7200
68	77E4	3	7200
68	77E5	3	7200
68	77E6	3	7200
68	77E7	3	7200
68	77E8	3	7200
68	77E9	3	7200
68	77EA	3	7200
68	77EB	3	7200
68	77EC	3	7200
68	77EF	3	7200
68	77F1	3	7200
68	77F3	3	7200
68	77F9	3	7201
68	77FC	3	7201
68	77FD	3	7201
68	780E	3	7201
68	7810	3	7201
68	7813	3	7201
68	7814	3	7201
68	7815	3	7201
68	7816	3	7201
68	7818	3	7201
68	7819	3	7201
68	781A	3	7201
68	781B	3	7201
68	781C	3	7201
68	781D	3	7201
68	781E	3	7201
68	781F	3	7201
68	7820	3	7201
68	7821	3	7201
68	7822	3	7201
68	7823	3	7201
68	7826	3	7201
68	7828	3	7201
68	782A	3	7201
68	7830	3	7202
68	784E	3	7202
68	7854	3	7202
68	7856	3	7202
68	7859	3	7202
68	785B	3	7202
68	785E	3	7202
68	7860	3	7202
68	7863	3	7202
68	7866	3	7202
68	7868	3	7202
68	786A	2	7202
68	786C	2	7202
68	786E	1	7202
68	7871	1	7202
68	7873	2	13098
68	7874	2	13098
68	7877	2	13098
68	7878	2	13098
68	7879	2	13098
68	787A	2	13098
68	787B	2	13098
68	787C	2	13098
68	787D	2	13098
68	787E	2	13098
68	787F	2	13098
68	7881	2	13098
68	7884	3	7202
68	7885	3	7202
68	7888	3	7202
68	7889	3	7202
68	788B	3	7202
68	788D	3	7202
68	7890	3	7202
68	7891	3	7202
68	7892	3	7202
68	7893	3	7202
68	7895	3	7202
68	7896	3	7202
68	7897	3	7202
68	7898	3	7202
68	7899	3	7202
68	789A	3	7202
68	789D	3	7202
68	78A0	3	7202
68	78A2	3	7202
68	78A8	3	7202
68	78A9	3	7202
68	78AB	3	7202
68	78AE	3	7202
68	78AF	3	7202
68	78B0	3	7202
68	78B1	3	7202
68	78B3	3	7202
68	78B4	3	7202
68	78B5	3	7202
68	78B6	3	7202
68	78B7	3	7202
68	78B8	3	7202
68	78BB	3	7202
68	78BE	3	7202
68	78C0	3	7202
68	78C6	3	7202
68	78C9	3	7202
68	78CB	3	7202
68	78CD	2	7202
68	78CF	2	7202
68	78D1	1	7202
68	78D4	1	7202
68	78D6	2	13098
68	78D7	2	13098
68	78DA	2	13098
68	78DB	2	13098
68	78DC	2	13098
68	78DD	2	13098
68	78DE	2	13098
68	78DF	2	13098
68	78E0	2	13098
68	78E1	2	13098
68	78E2	2	13098
68	78E4	2	13098
68	78E7	3	7202
68	78E8	3	7202
68	78EB	3	7202
68	78EC	3	7202
68	78EE	3	7202
68	78F0	3	7202
68	78F3	3	7202
68	78F4	3	7202
68	78F5	3	7202
68	78F6	3	7202
68	78F8	3	7202
68	78F9	3	7202
68	78FA	3	7202
68	78FB	3	7202
68	78FC	3	7202
68	78FD	3	7202
68	7900	3	7202
68	7903	3	7202
68	7905	3	7202
68	790B	3	7202
68	790C	3	7202
68	790E	3	7202
68	7911	3	7202
68	7912	3	7202
68	7913	3	7202
68	7914	3	7202
68	7916	3	7202
68	7917	3	7202
68	7918	3	7202
68	7919	3	7202
68	791A	3	7202
68	791B	3	7202
68	791E	3	7202
68	7921	3	7202
68	7923	3	7202
68	7929	3	7202
68	792A	6	7202
68	792B	6	7202
68	792D	12	7202
68	792E	12	7202
68	7930	12	7202
68	7931	12	7202
68	7932	12	7202
68	7934	6	7202
68	7935	6	7202
68	7937	6	7202
68	7938	6	7202
68	7939	6	7202
68	793B	6	7202
68	793C	6	7202
68	7951	1	20305
68	7953	1	20305
68	7959	1	20432
68	795A	1	20432
68	795C	1	20432
68	795E	1	20432
68	7964	1	20553
68	7965	1	20553
68	7967	1	20553
68	7968	1	20553
68	796B	1	21254
68	796C	1	21254
68	796E	1	21254
68	7970	1	21254
68	7972	1	21254
68	7974	1	21254
68	7977	1	21952
68	7978	1	21952
68	797A	1	21952
68	797C	1	21952
68	797E	1	21952
68	7984	1	22278
68	7985	1	22278
68	7987	1	22278
68	7989	1	22278
68	799A	2	20553
68	799D	2	20553
68	79A0	2	20570
68	79A6	2	20586
68	79A9	2	21237
68	79AA	2	21237
68	79B0	2	21252
68	79B6	2	21254
68	79B7	2	21254
68	79B8	2	20553
68	79BA	2	20553
68	79BC	2	20553
68	79C2	2	20553
68	79C8	2	20553
68	79CA	2	20553
68	79CD	2	20553
68	79D0	2	20553
68	79D1	2	20553
68	79D3	1	20553
68	79D6	1	20553
68	79D9	1	20553
68	79DB	1	20553
68	79DD	1	20553
68	79DF	1	20553
68	79E5	1	20554
68	79E8	1	20554
68	79EB	1	20554
68	79ED	1	20554
68	79EF	1	20554
68	79F1	1	20554
68	79F7	1	20555
68	79FA	1	20555
68	79FD	1	20555
68	7A00	1	20555
68	7A02	1	20555
68	7A08	1	20555
68	7A0A	1	21254
68	7A0D	1	21254
68	7A10	1	21254
68	7A12	1	21254
68	7A14	1	21254
68	7A16	1	21254
68	7A1C	1	21255
68	7A1F	1	21255
68	7A22	1	21255
68	7A24	1	21255
68	7A26	1	21255
68	7A28	1	21255
68	7A2E	1	21256
68	7A31	1	21256
68	7A34	1	21256
68	7A37	1	21256
68	7A39	1	21256
68	7A3F	2	20555
68	7A42	2	20555
68	7A45	2	20555
68	7A47	2	20555
68	7A49	2	20555
68	7A4B	2	20555
68	7A51	2	20556
68	7A54	2	20556
68	7A57	2	20556
68	7A5A	2	20556
68	7A5C	2	20556
68	7A62	2	20556
68	7A65	2	20556
68	7A68	2	20556
68	7A6B	2	20556
68	7A6D	2	20556
68	7A73	2	20556
68	7A76	2	20569
68	7A78	2	20569
68	7A7B	2	20570
68	7A7E	2	20570
68	7A81	2	20570
68	7A83	2	20570
68	7A85	2	20570
68	7A8B	2	20570
68	7A8E	2	20570
68	7A8F	1297	20586
68	7A95	1297	20586
68	7A9B	1297	20586
68	7A9E	1297	20587
68	7AA0	1297	20587
68	7AA2	1297	20587
68	7AA4	1295	20587
68	7AA6	1295	20587
68	7AA8	1295	20587
68	7AAA	1295	20587
68	7AAC	1293	20587
68	7AAE	1293	20587
68	7AB0	1293	20587
68	7AB2	2	21237
68	7AB4	2	21237
68	7AB5	2	21237
68	7AB7	2	21237
68	7AB9	2	21237
68	7ABC	2	21237
68	7ABF	2	21237
68	7AC0	2	21237
68	7AC2	2	21237
68	7AC5	2	21237
68	7AC6	2	21237
68	7AC8	2	21237
68	7ACA	2	21237
68	7AE0	2	21173
68	7AE2	2	21173
68	7AE3	2	21173
68	7AE5	2	21173
68	7AE7	2	21173
68	7AEA	2	21173
68	7AED	2	21173
68	7AEE	2	21173
68	7AF0	2	21173
68	7AF3	2	21173
68	7AF5	2	21173
68	7AF6	2	21173
68	7AF9	2	21173
68	7AFC	2	21173
68	7AFE	2	21173
68	7B01	4	20570
68	7B04	4	20570
68	7B05	4	20570
68	7B08	4	20570
68	7B09	4	20570
68	7B0A	4	20570
68	7B0B	4	20570
68	7B0D	4	20570
68	7B0E	4	20570
68	7B0F	4	20570
68	7B10	4	20570
68	7B11	4	20570
68	7B12	4	20570
68	7B15	4	20570
68	7B18	4	20570
68	7B1D	2	20556
68	7B20	2	20556
68	7B23	2	20556
68	7B26	2	20556
68	7B2C	2	20556
68	7B2E	2	20556
68	7B30	2	20556
68	7B32	2	20556
68	7B34	2	20556
68	7B36	2	20556
68	7B38	2	20556
68	7B3A	2	20556
68	7B3C	2	20556
68	7B3E	2	20556
68	7B40	2	20556
68	7B42	2	20556
68	7B44	2	20556
68	7B46	2	20556
68	7B48	2	20556
68	7B4A	2	20556
68	7B4C	2	20556
68	7B4E	2	20556
68	7B50	2	20556
68	7B52	2	20556
68	7B54	2	20556
68	7B56	2	20556
68	7B58	2	20556
68	7B5A	2	20556
68	7B5C	2	20556
68	7B5E	2	20556
68	7B60	2	20556
68	7B63	2	20556
68	7B64	2	20556
68	7B66	1	20556
68	7B68	1	20556
68	7B6E	1	20556
68	7B70	1	21257
68	7B72	1	21257
68	7B78	2	20556
68	7B7B	2	20563
68	7B7E	2	20563
68	7B81	2	20563
68	7B84	2	20563
68	7B8A	2	20569
68	7B8D	2	20569
68	7B90	2	20569
68	7B93	2	20569
68	7B99	2	20569
68	7B9A	1	21952
68	7B9D	1	21974
68	7BA3	1	21990
68	7BA6	1	22262
68	7BAC	1	22278
68	7BAF	1	22278
68	7BB0	1	21952
68	7BB2	1	21952
68	7BB4	1	21952
68	7BBA	1	21952
68	7BC0	1	21952
68	7BC1	1	21952
68	7BC4	1	21952
68	7BC7	1	21952
68	7BCA	1	21952
68	7BCD	1	21952
68	7BCF	1	21952
68	7BD1	1	21952
68	7BD3	1	21952
68	7BD9	1	21953
68	7BDC	1	21953
68	7BDF	1	21953
68	7BE1	1	21953
68	7BE3	1	21953
68	7BE5	1	21953
68	7BEB	1	21954
68	7BEE	1	21954
68	7BF1	1	21954
68	7BF3	1	21954
68	7BF5	1	21954
68	7BF7	1	21954
68	7BFD	1	21955
68	7C00	1	21955
68	7C03	1	21955
68	7C06	1	21955
68	7C08	1	21955
68	7C0E	1	21955
68	7C11	1	21955
68	7C14	1	21955
68	7C17	1	21955
68	7C19	1	21955
68	7C1F	1	21955
68	7C22	1	21955
68	7C25	1	21955
68	7C28	1	21955
68	7C2A	1	21955
68	7C30	1	21955
68	7C33	1	21973
68	7C35	1	21973
68	7C38	1	21974
68	7C3B	1	21974
68	7C3E	1	21974
68	7C40	1	21974
68	7C42	1	21974
68	7C48	1	21974
68	7C4B	1	21974
68	7C4E	1	21974
68	7C51	1	21974
68	7C52	265	21990
68	7C58	265	21990
68	7C5B	265	21991
68	7C5E	265	21991
68	7C5F	265	21991
68	7C61	265	21991
68	7C62	265	21991
68	7C64	265	21991
68	7C66	265	21991
68	7C67	265	21991
68	7C68	265	21991
68	7C69	265	21991
68	7C6A	265	21991
68	7C71	1	21991
68	7C74	1	21991
68	7C77	1	21991
68	7C7A	1	21991
68	7C7C	1	21991
68	7C7F	1	21991
68	7C81	1	21991
68	7C84	1	21991
68	7C86	126	21992
68	7C89	126	21992
68	7C8B	126	21992
68	7C8E	126	21992
68	7C90	126	21992
68	7C93	1	22118
68	7C95	1	22118
68	7C97	1	22118
68	7C9A	1	22118
68	7C9C	1	22118
68	7C9E	1	22118
68	7C9F	1	22118
68	7CA1	1	22118
68	7CA3	1	22118
68	7CA5	1	22118
68	7CA8	1	22118
68	7CAA	1	22118
68	7CAD	1	22118
68	7CB0	1	22118
68	7CB2	1	22118
68	7CB5	1	22118
68	7CB7	1	22118
68	7CBA	1	22118
68	7CBD	138	22119
68	7CC0	138	22119
68	7CC2	138	22119
68	7CC5	138	22119
68	7CC7	138	22119
68	7CCA	1	22256
68	7CCC	1	22256
68	7CCD	1	22256
68	7CCF	1	22256
68	7CD2	1	22256
68	7CD4	1	22256
68	7CD5	1	22256
68	7CD7	1	22256
68	7CDA	1	22256
68	7CDC	1	22256
68	7CDF	1	22256
68	7CE2	1	22262
68	7CE4	1	22262
68	7CE7	1	22262
68	7D1C	1	21955
68	7D1E	1	21955
68	7D24	1	21955
68	7D25	1	21955
68	7D26	1	21955
68	7D29	1	21955
68	7D2C	1	21955
68	7D2F	1	21955
68	7D35	1	21955
68	7D37	1	21955
68	7D39	1	21955
68	7D3B	1	21955
68	7D3D	1	21955
68	7D3F	1	21955
68	7D41	1	21955
68	7D43	1	21955
68	7D45	1	21955
68	7D47	1	21955
68	7D49	1	21955
68	7D4B	1	21955
68	7D4D	1	21955
68	7D4F	1	21955
68	7D51	1	21955
68	7D53	1	21955
68	7D55	1	21955
68	7D57	1	21955
68	7D59	1	21955
68	7D5B	1	21955
68	7D5D	1	21955
68	7D5F	1	21955
68	7D61	1	21955
68	7D63	1	21955
68	7D65	1	21955
68	7D67	1	21955
68	7D69	1	21955
68	7D6A	1	21955
68	7D6B	1	21955
68	7D6E	1	21967
68	7D71	1	21967
68	7D74	1	21967
68	7D77	1	21967
68	7D7D	1	21973
68	7D80	1	21973
68	7D83	1	21973
68	7D86	1	21973
68	7D8C	1	21973
74	5969	2	8635
74	596A	10	8635
74	596B	10	8635
74	596C	10	8635
74	596E	10	8635
74	5970	10	8635
74	5972	2	8635
74	5973	2	8635
74	5974	2	8635
74	5976	2	8635
74	5977	2	8635
74	5979	2	8635
74	597C	2	8635
75	4000	2596	170
75	4001	2596	170
75	4002	2596	170
75	4003	2596	170
75	4004	2596	170
75	4006	86	170
75	4007	176	6489
75	4008	176	6489
75	4009	176	6489
75	400A	176	6489
75	400B	159	6489
75	400C	159	6489
75	400D	159	6489
75	400F	20	6372
75	4010	20	6372
75	4012	20	6372
75	4013	20	6372
75	4014	209	6372
75	4015	209	6372
75	4016	209	6372
75	4017	209	6372
75	4019	191	6372
75	401A	191	6372
75	401B	191	6372
75	401C	191	6372
75	401E	2	10790
75	401F	2	10790
75	4020	20	6372
75	4021	20	6372
75	4022	20	6372
75	4023	20	6372
75	4024	20	6372
75	4025	20	6372
75	4027	20	6372
75	4028	20	6372
75	4029	159	44
75	402A	159	44
75	402D	159	44
75	402E	159	44
75	402F	159	44
75	4030	33	44
75	4031	33	44
75	4034	33	44
75	4036	33	44
75	4038	31	44
75	403A	31	44
75	403C	28	44
75	403E	28	44
75	4040	26	44
75	4041	26	44
75	4044	26	44
75	4047	33	44
75	4049	33	44
75	404A	33	44
75	404D	33	44
75	404E	33	44
75	404F	33	44
75	4052	33	44
75	4053	33	44
75	4054	33	44
75	4057	33	44
75	4058	33	44
75	4059	33	44
75	405C	33	44
75	405D	33	44
75	405E	33	44
75	4060	33	44
75	4061	33	44
75	4063	5	44
75	4065	5	44
75	4066	33	44
75	4069	33	44
75	406C	33	44
75	406D	33	44
75	406E	33	44
75	406F	33	44
75	40B4	190	44
75	40B5	190	44
75	40B6	190	44
75	40B9	190	44
75	40BA	190	44
75	40BD	190	44
75	40BE	190	44
75	40C1	190	44
75	40C2	190	44
75	40C3	190	44
75	40C5	190	44
75	40DA	190	44
75	40DB	190	44
75	40DC	13	44
75	40DD	13	44
75	40DF	13	44
75	40E0	13	44
75	40E1	13	44
75	40E4	13	44
75	40E5	13	44
75	40E6	13	44
75	40E7	13	44
75	40E9	13	44
75	40EB	13	44
75	40F9	13	44
75	40FA	13	44
75	40FC	13	44
75	40FE	13	44
75	40FF	13	44
75	4102	13	44
75	4105	13	44
75	4106	13	44
75	4109	13	44
75	410C	13	44
75	410E	13	44
75	4110	13	44
75	4111	13	44
75	4113	13	44
75	4114	13	44
75	4115	3	6539
75	4118	3	6539
75	411A	3	6539
75	4120	3	6539
75	4122	3	6539
75	4125	3	6539
75	4126	3	6539
75	4128	3	6539
75	412A	3	6539
75	412C	3	6539
75	412E	3	6539
75	4130	3	6539
75	4132	3	6539
75	4134	3	6539
75	4136	3	6539
75	4138	3	6539
75	413A	3	6539
75	413C	3	6539
75	413F	3	6539
75	4141	3	6539
75	4144	3	6539
75	4146	3	6539
75	415B	3	6539
75	415C	3	6539
75	41A4	3	6539
75	41A6	3	6539
75	41A9	3	6539
75	41AB	3	6539
75	41AE	3	6539
75	41B0	3	6539
75	41B2	3	6539
75	41B4	3	6539
75	41B5	3	6539
75	41B8	3	6539
75	41BB	3	6539
75	41BD	3	6539
75	41C0	3	6539
75	41C2	3	6539
75	41C5	3	6539
75	41C6	3	6539
75	41C8	3	6539
75	41D6	3	6539
75	41D9	3	6539
75	41DA	3	6539
75	41DB	3	6539
75	41DC	3	6539
75	41DE	3	6539
75	41DF	3	6539
75	41E2	3	6539
75	41E4	3	6539
75	41E5	3	6539
75	4225	2	13093
75	4227	2	13093
75	422A	2	13093
75	422D	2	13093
75	422F	2	13093
75	4235	5	44
75	4238	5	44
75	4239	5	44
75	423A	5	44
75	423B	5	44
75	423C	5	44
75	423E	5	44
75	4240	5	44
75	4242	5	44
75	4244	5	44
75	4247	5	44
75	424A	5	44
75	424D	5520	44
75	424E	5520	44
75	424F	5520	44
75	4250	5520	44
75	4251	5520	44
75	4252	5520	44
75	4254	5	44
75	4257	5	44
75	4259	5	44
75	425C	5	44
75	425D	5	44
75	425E	5	44
75	4260	5	44
75	4261	5	44
75	4263	5	44
75	4264	5	44
75	4267	5	44
75	4268	5	44
75	4269	5	44
75	426A	5	44
75	426B	5	44
75	426E	5	44
75	426F	5	44
75	4270	5	44
75	4271	5	44
75	4272	5	44
75	4275	5	44
75	4277	5	44
75	427A	5	44
75	427D	5	44
75	427E	5	44
75	4280	5	44
75	4286	5	44
75	4288	5	44
75	428B	5	44
75	428E	1	22118
75	4291	1	22118
75	4293	1	22118
75	42A3	1	22118
75	42A5	1	22118
75	42A8	1	22118
75	42AB	1	22118
75	42AD	1	22118
75	42B0	1	22118
75	42B1	1	22118
75	42B3	1	22118
75	42B4	1	22118
75	42B7	1	22118
75	42B8	1	22118
75	42B9	1	22118
75	42BC	1	22118
75	42BD	1	22118
75	42BE	1	22118
75	42BF	1	22118
75	42C0	1	22118
75	42C1	1	22118
75	42C2	1	22118
75	42C3	1	22118
75	42C4	1	22118
75	42C5	1	22118
75	42C8	1	22118
75	42C9	1	22118
75	42CC	1	22118
75	42CF	1	22118
75	42D1	1	22118
75	42D2	1	22118
75	42D4	1	22118
75	42D5	1	22118
75	42D8	1	22118
75	42DA	1	22118
75	42DD	1	22118
75	42E0	1	22118
75	42E3	1	22118
75	42E4	1	22118
75	42E5	1	22118
75	42E7	1	22118
75	42E9	1	22118
75	42EF	1	22118
75	42F1	1	22118
75	42F2	1	22118
75	42F3	1	22118
75	42F4	1	22118
75	42F5	1	22118
75	42F7	1	22118
75	42F8	1	22118
75	42FB	1	22118
75	42FC	1	22118
75	42FD	1	22118
75	42FE	1	22118
75	42FF	1	22118
75	4301	1	22118
75	4302	1	22118
75	4305	1	22118
75	4306	1	22118
75	4307	1	22118
75	4308	1	22118
75	4309	1	22118
75	430C	1	22118
75	430D	1	22118
75	4310	1	22118
75	4311	1	22118
75	4314	1	22118
75	4315	1	22118
75	4316	1	22118
75	4319	1	22118
75	431C	1	22118
75	431E	1	22118
75	4321	1	22118
75	4324	1	22118
75	4326	1	22118
75	4328	1	22118
75	4329	1	170
75	432C	1	170
75	432E	1	170
75	4331	1	170
75	4333	1	170
75	4336	1	170
75	4339	1	170
75	433B	1	170
75	433E	1	170
75	433F	1	170
75	4341	1	170
75	4344	1	170
75	4347	1	170
75	4348	1	170
75	4349	1	170
75	434A	1	170
75	434B	1	170
75	434C	1	170
75	434D	1	170
75	434E	1	170
75	434F	1	170
75	4352	1	170
75	4353	1	170
75	4354	1	170
75	4355	1	170
75	4356	1	170
75	4359	1	170
75	435A	1	170
75	435D	1	170
75	4360	1	170
75	4362	1	170
75	4365	1	170
75	4368	1	170
75	436B	1	170
75	436C	1	170
75	436D	1	170
75	4370	1	170
75	4371	1	170
75	4372	1	170
75	4374	1	170
75	4376	1	170
75	437C	1	170
75	437E	1	170
75	437F	1	170
75	4380	1	170
75	4382	1	170
75	4385	1	170
75	4388	1	170
75	438A	1	170
75	438D	1	170
75	4390	13	44
75	4392	13	44
75	4393	13	44
75	4395	13	44
75	4396	13	44
75	4397	11	6489
75	4399	74	6489
75	439A	74	6489
75	439C	74	6489
75	439D	74	6489
75	439E	74	6489
75	43A0	11	6489
75	43A1	11	6489
75	43A2	11	6489
75	43A4	11	6489
75	43A6	11	6489
75	43A9	2	6489
75	43AC	2	6489
75	43AE	2	6489
75	43B1	3	6489
75	43B4	3	6489
75	43B6	3	6489
75	43B9	3	6489
75	43BC	3	6489
75	43BE	3	6489
75	43C1	3	6489
75	43C2	3	6489
75	43C4	3	6489
75	43C7	3	6489
75	43C9	3	6489
75	43CB	3	6489
75	43CE	3	6489
75	43D0	3	6489
75	43D2	3	6489
75	43D5	3	6489
75	43DB	3	6489
75	43DC	3	6489
75	43DE	3	6489
75	43E1	3	6489
75	43E4	3	6489
75	43E7	3	6489
75	43E8	3	6489
75	43EB	3	6489
75	43EE	3	6489
75	43F0	3	6489
75	43F1	3	6489
75	43F3	3	6489
75	43F4	3	6489
75	43F7	3	6489
75	43F8	3	6489
75	43F9	3	6489
75	43FC	3	6489
75	43FE	3	6489
75	4401	3	6489
75	4404	3	6489
75	4407	3	6489
75	4408	3	6489
75	4409	3	6489
75	440A	3	6489
75	440D	3	6489
75	4410	3	6489
75	4411	3	6489
75	4414	3	6489
75	4417	3	6489
75	4418	3	6489
75	4419	3	6489
75	441C	3	6489
75	441E	3	6489
75	4421	3	6489
75	4422	3	6489
75	4423	3	6489
75	4424	3	6489
75	4425	3	6489
75	4426	3	6489
75	4429	3	6489
75	442A	3	6489
75	442C	3	6489
75	442F	3	6489
75	4432	3	6489
75	4434	3	6489
75	4437	15	44
75	443A	15	44
75	443C	15	44
75	448A	3	6489
75	448D	3	6489
75	4490	3	6489
75	4492	3	6489
75	4495	3	6489
75	4496	3	6489
75	4497	3	6489
75	4498	3	6489
75	449B	3	6489
75	449D	3	6489
75	44A3	3	6489
75	44A6	3	6489
75	44A7	3	6489
75	44A8	3	6489
75	44AB	3	6489
75	44AD	3	6489
75	44B0	3	6489
75	44B1	3	6489
75	44B4	3	6489
75	44B5	13	44
75	44B6	13	44
75	44B9	13	44
75	44BC	13	44
75	44BD	13	44
75	44C0	13	44
75	44C3	13	44
75	44C6	13	44
75	44C8	13	44
75	44CB	3	6541
75	44CE	3	6541
75	44D0	3	6541
75	44D3	3	6541
75	44D6	3	6541
75	44D8	3	6541
75	44DA	3	6541
75	44DC	3	6541
75	44DE	3	6541
75	44E0	3	6541
75	44E3	3	6541
75	44E6	3	6541
75	44E8	3	6541
75	44EA	3	6541
75	44EC	3	6541
75	44EF	3	6541
75	44F1	3	6541
75	44F4	3	6541
75	44F7	3	6541
75	44FA	3	6541
75	44FC	3	6541
75	44FF	3	6541
75	4501	3	6541
75	4504	3	6541
75	4507	3	6541
75	4509	3	6541
75	450B	3	6541
75	457D	2	10790
75	457F	2	10790
75	4582	2	10790
75	4583	2	10790
75	4587	3	6350
75	4589	3	6350
75	458C	3	6350
75	458D	3	6350
75	4590	3	6350
75	4591	2	10790
75	4593	2	10790
75	4596	2	10790
75	4597	2	10790
75	459B	7	6350
75	459E	7	6350
75	45A0	7	6350
75	45A2	7	6350
75	45A5	7	6350
75	45A7	7	6350
75	45A9	7	6350
75	45AC	7	6350
75	45AD	7	6350
75	45AE	3	6350
75	45AF	3	6350
75	45B2	3	6350
75	45B3	3	6350
75	45B5	3	6350
75	45B6	3	6350
75	45B9	3	6350
75	45BA	3	6350
75	45BD	3	6350
75	45BE	3	6350
75	45C1	3	6350
75	45C4	3	6350
75	45C5	3	6350
75	45C8	3	6350
75	45CB	3	6350
75	45CD	3	6350
75	45CE	3	6350
75	45D0	3	6350
75	45D1	3	6350
75	45D4	3	6350
75	45D7	3	6350
75	45DA	3	6350
75	45DB	3	6350
75	461A	3	6517
75	461C	3	6517
75	461F	3	6517
75	4620	3	6517
75	4622	3	6517
75	4623	3	6517
75	4625	3	6517
75	4626	3	6517
75	4636	3	6517
75	4637	3	6517
75	4638	3	6517
75	463B	3	6517
75	463E	3	6517
75	4640	3	6517
75	4641	3	6517
75	4643	3	6517
75	4644	3	6517
75	4645	3	6517
75	4648	3	6517
75	464B	3	6517
75	464E	3	6517
75	4651	3	6517
75	4654	3	6517
75	4656	3	6517
75	4659	3	6517
75	465C	3	6517
75	465F	3	6517
75	4661	3	6517
75	4664	3	6517
75	4665	3	6517
75	4666	3	6517
75	4667	3	6517
75	4668	3	6517
75	4669	3	6517
75	466C	3	6517
75	466F	3	6517
75	4670	3	6517
75	4671	3	6517
75	4672	3	6517
75	4673	3	6517
75	4676	3	6517
75	4679	3	6517
75	467B	3	6517
75	467D	3	6517
75	4680	3	6517
75	4681	3	6517
75	4683	1	16721
75	4686	1	16721
75	4687	1	16721
75	4689	1	16721
75	46B1	3	6517
75	46B4	3	6517
75	46B6	3	6517
75	46B9	3	6517
75	46BB	3	6517
75	46BE	3	6517
75	46C0	3	6517
75	46C3	3	6517
75	46C6	3	6517
75	46C8	3	6517
75	46CB	3	6517
75	46CC	3	6517
75	46CD	3	6517
75	46CE	3	6517
75	46D1	3	6517
75	46D2	3	6517
75	46D5	55	6517
75	46D6	55	6517
75	46D7	55	6517
75	46D9	55	6517
75	46DB	52	6517
75	46DC	52	6517
75	46DD	52	6517
75	46DF	3	6517
75	46E0	3	6517
75	46E1	3	6517
75	46E2	3	6517
75	46E3	3	6517
75	46E6	3	6517
75	46E7	3	6517
75	46EA	3	6517
75	46ED	3	6517
75	46EF	3	6517
75	46F1	3	6517
75	4DE2	1	16721
75	4DE5	1	16721
75	4DE7	1	16721
75	4DEA	1	16721
75	4E05	1	16721
75	4E07	1	16721
75	4E0A	1	16721
75	4E0D	1	16721
75	4E0F	1	16721
75	4E12	1	16721
75	4E15	1	16721
75	4E16	1	16721
75	4E19	1	16721
75	4E1A	1	16721
75	4E1D	1	16721
75	4E1E	1	16721
75	4E21	1	16721
75	4E22	1	16721
75	4E25	1	16721
75	4E28	1	16721
75	4E2B	1	16721
75	4E2E	1	16721
75	4E2F	1	16721
75	4E32	1	16721
75	4E33	1	16721
75	4E36	1	16721
75	4E37	1	16721
75	4E38	1	16721
75	4E39	1	16721
75	4E3C	1	16721
75	4E3D	1	16721
75	4E40	1	16721
75	4E41	1	16721
75	4E42	1	16721
75	4E43	1	16721
75	4E44	1	16721
75	4E45	1	16721
75	4E47	1	16721
75	4E48	1	16721
75	4E4F	1	16721
75	4E50	1	16721
75	4E51	1	16721
75	4E52	1	16721
75	4E53	1	16721
75	4E55	1	16721
75	4E58	7	16721
75	4E59	7	16721
75	4E5A	7	16721
75	4E5B	7	16721
75	4E5D	7	16721
75	4E5E	7	16721
75	4E5F	7	16721
75	4E61	1	16721
75	4E62	1	16721
75	4E64	1	16721
75	4E66	1	16721
75	4E69	31	16721
75	4E6A	31	16721
75	4E6B	31	16721
75	4E6C	31	16721
75	4E6E	30	16721
75	4E6F	30	16721
75	4E70	30	16721
75	4E75	1	16721
75	4E76	1	16721
75	4E77	1	16721
75	4E79	1	16721
75	4E7B	1	16721
75	4E7E	30	16721
75	4E7F	30	16721
75	4E80	30	16721
75	4E81	30	16721
75	4E83	29	16721
75	4E84	29	16721
75	4E85	29	16721
75	4E8B	1	16721
75	4E8C	1	16721
75	4E8D	1	16721
75	4E8F	1	16721
75	4E91	1	16721
75	4E94	36	16721
75	4E95	36	16721
75	4E96	36	16721
75	4E97	36	16721
75	4E99	36	16721
75	4E9A	36	16721
75	4E9B	36	16721
75	4E9D	1	16721
75	4E9E	1	16721
75	4EA0	1	16721
75	4EA3	1	16721
75	4EA5	1	16721
75	4EB8	1	16721
75	4EBB	1	16721
75	4EBC	1	16721
75	4EBD	1	16721
75	4EBE	1	16721
75	4EC0	1	16721
75	4EC3	1	16721
75	4EC6	1	16721
75	4EC8	1	16721
75	4ECB	1	16721
75	4ECE	1	16721
75	4ED0	1	16721
75	4ED1	1	16721
75	4ED4	1	16721
75	4ED7	1	16721
75	4ED8	1	16721
75	4EDB	1	16721
75	4EDC	1	16721
75	4EDE	1	16721
75	4EE8	1	16721
75	4EEB	1	16721
75	4EEC	1	16721
75	4EED	1	16721
75	4EEE	1	16721
75	4EEF	1	16721
75	4EF0	1	16721
75	4EF1	1	16721
75	4EF2	1	16721
75	4EF3	1	16721
75	4EF4	1	16721
75	4EF7	1	16721
75	4EF8	1	16721
75	4EFB	1	16721
75	4EFE	1	16721
75	4EFF	1	16721
75	4F00	1	16721
75	4F01	1	16721
75	4F02	1	16721
75	4F03	1	16721
75	4F04	1	16721
75	4F05	1	16721
75	4F06	1	16721
75	4F07	1	16721
75	4F08	1	16721
75	4F09	1	16721
75	4F0C	3	6517
75	4F0F	3	6517
75	4F10	3	6517
75	4F11	3	6517
75	4F12	3	6517
75	4F13	3	6517
75	4F15	1	6517
75	4F16	1	6517
75	4F17	3	6517
75	4F1A	3	6517
75	4F1B	3	6517
75	4F1C	3	6517
75	4F1D	3	6517
75	4F20	3	6517
75	4F21	3	6517
75	4F22	3	6517
75	4F23	3	6517
75	4F24	3	6517
75	4F25	3	6517
75	4F26	3	6517
75	4F28	3	6517
75	4F2A	3	6517
75	51DC	3	6517
75	51DD	3	6517
75	51E0	3	6517
75	51E1	3	6517
75	51E2	3	6517
75	51E3	3	6517
75	51E4	3	6517
75	51E5	3	6517
75	51E6	3	6517
75	51E7	3	6517
75	51E9	3	6517
75	51EC	3	6517
75	51ED	55	6517
75	51EE	55	6517
75	51F0	55	6517
75	51F2	3	6517
75	51F3	3	6517
75	51F6	90	6517
75	51F7	90	6517
75	51F8	90	6517
75	51F9	90	6517
75	51FB	3	6517
75	51FE	3	6517
75	51FF	3	6517
75	5200	3	6517
75	5201	3	6517
75	5202	3	6517
75	5203	2	6517
75	5206	2	6517
75	5208	2	6517
75	520B	2	6517
75	520E	2	6517
75	5210	2	6517
75	5213	2	6517
75	5216	2	6517
75	5218	2	6517
75	521B	2	6517
75	521E	2	6517
75	521F	2	6517
75	5222	2	6517
75	5223	2	6517
75	5226	2	6517
75	5229	2	6517
75	522C	2	6517
75	522D	2	6517
75	522E	2	6517
75	522F	2	6517
75	5230	2	6517
75	5231	2	6517
75	5232	2	6517
75	5233	2	6517
75	5234	2	6517
75	5235	2	6517
75	5238	2	6517
75	5239	2	6517
75	523C	2	6517
75	523D	2	6517
75	5240	2	6517
75	5241	2	6517
75	5244	2	6517
75	5245	2	6517
75	5246	2	6517
75	5247	2	6517
75	524A	2	6517
75	524B	2	6517
75	524E	2	6517
75	524F	2	6517
75	5250	2	6517
75	5251	2	6517
75	5252	2	6517
75	5253	2	6517
75	5255	2	6517
75	5256	2	6517
75	525E	2	6517
75	5260	2	6517
75	5263	14	6517
75	5264	14	6517
75	5265	14	6517
75	5266	14	6517
75	5269	14	6517
75	526A	14	6517
75	526B	14	6517
75	526D	2	6517
75	526E	2	6517
75	5270	2	6517
75	5272	2	6517
75	5275	2	6517
75	5276	2	6517
75	5277	2	6517
75	5278	2	6517
75	5282	2	6517
75	5283	2	6517
75	5284	2	6517
75	5286	2	6517
75	5288	2	6517
75	528B	2	6517
75	528C	2	6517
75	528D	2	6517
75	528E	2	6517
75	529C	2	6517
75	529D	2	6517
75	529F	2	6517
75	52A1	2	6517
75	52A4	2	6517
75	52A5	2	6517
75	52A6	2	6517
75	52A7	2	6517
75	52D9	2	6517
75	52DA	2	6517
75	52DD	2	6517
75	52E0	2	6517
75	52E1	2	6517
75	52E4	2	6517
75	52E5	2	6517
75	52E6	2	6517
75	52E7	2	6517
75	52E8	2	6517
75	52EB	2	6517
75	52EC	2	6517
75	52EE	2	6517
75	52F8	2	6517
75	52F9	2	6517
75	52FA	2	6517
75	52FB	2	6517
75	52FC	2	6517
75	52FF	2	6517
75	5300	2	6517
75	5303	2	6517
75	5306	2	6517
75	5307	2	6517
75	5308	2	6517
75	5309	2	6517
75	530A	2	6517
75	530B	2	6517
75	530C	2	6517
75	530D	2	6517
75	530E	2	6517
75	530F	2	6517
75	5310	2	6517
75	5311	2	6517
75	5312	2	6517
75	5313	2	6517
75	5314	2	6517
75	5317	2	6517
75	531A	2	6517
75	531B	2	6517
75	531C	2	6517
75	531D	2	6517
75	531E	2	6517
75	5321	2	6517
75	5322	2	6517
75	5325	2	6517
75	5326	2	6517
75	5329	2	6517
75	532A	2	6517
75	532D	2	6517
75	532E	2	6517
75	532F	2	6517
75	5330	2	6517
75	5333	2	6517
75	5334	2	6517
75	5337	2	6517
75	533A	2	6517
75	533C	2	6517
75	533F	2	6517
75	5342	2	6517
75	5345	2	6517
75	5346	2	6517
75	5347	2	6517
75	5348	2	6517
75	5349	2	6517
75	534A	2	6517
75	534B	2	6517
75	534C	2	6517
75	534D	2	6517
75	534E	2	6517
75	5351	2	6517
75	5354	2	6517
75	5355	2	6517
75	535B	2	6517
75	535E	2	6517
75	535F	2	6517
75	5362	2	6517
75	5363	2	6517
75	5368	2	6517
75	536B	2	6517
75	536C	2	6517
75	536F	2	6517
75	5370	2	6517
75	5373	2	6517
75	5374	2	6517
75	537A	2	6517
75	537D	2	6517
75	537E	2	6517
75	5381	2	6517
75	5382	2	6517
75	5388	2	6517
75	538B	2	6517
75	538C	2	6517
75	538F	2	6517
75	5390	2	6517
75	5396	2	6517
75	5399	2	6517
75	539A	2	6517
75	539D	2	6517
75	539E	2	6517
75	53A3	2	6517
75	53A6	2	6517
75	53A7	2	6517
75	53AA	2	6517
75	53AB	3	6517
75	53AE	3	6517
75	53AF	3	6517
75	53B1	1	6517
75	53B3	1	6517
75	53B5	2	6517
75	53B8	2	6517
75	53B9	5	6517
75	53BC	5	6517
75	53BD	5	6517
75	53BF	3	6517
75	53C1	3	6517
75	53C3	2	6517
75	53C6	2	6517
75	53C7	2	6517
75	53C8	2	6517
75	53CB	2	6517
75	53CE	2	6517
75	53D1	2	6517
75	53D2	2	6517
75	53D4	2	6517
75	53D5	2	6517
75	53D6	2	6517
75	53D7	2	6517
75	53D9	2	6517
75	53DB	2	6517
75	53DD	2	6517
75	53DE	2	6517
75	53DF	2	6517
75	53E0	2	6517
75	53E2	2	6517
75	53E4	2	6517
75	53E5	2	6517
75	53E6	2	6517
75	53E7	2	6517
75	53E9	2	6517
75	53EB	2	6517
75	53ED	2	6517
75	53EE	2	6517
75	53EF	2	6517
75	53F0	2	6517
75	53F2	2	6517
75	53F4	2	6517
75	53F5	2	6517
75	53F6	2	6517
75	563A	7	308
75	563D	7	308
75	563F	7	308
75	5642	5	308
75	5643	5	308
75	5646	5	308
75	5647	5	308
75	5648	5	308
75	564B	5	308
75	564E	5	308
75	5651	5	308
75	5654	5520	308
75	5655	5520	308
75	5656	5520	308
75	5657	5520	308
75	5658	5520	308
75	5659	5520	308
75	565B	5	308
75	5671	3087	52
75	5674	3087	52
75	5675	3087	52
75	5676	3087	52
75	5677	3087	52
75	5678	3087	52
75	567B	3087	52
75	567D	3087	52
75	567F	3087	52
75	5682	3087	52
75	5684	3087	52
75	5686	814	10895
75	5689	3087	52
75	568A	3087	52
75	568B	3087	52
75	568C	3087	52
75	568F	3087	52
75	5690	3087	52
75	5691	3087	52
75	5692	3087	52
75	5693	18	169
75	5694	18	169
75	5696	18	169
75	5698	18	169
75	5699	18	169
75	569B	18	169
75	569C	18	169
75	569F	18	169
75	56A2	18	169
75	56A5	18	169
75	56A6	18	169
75	56A9	18	169
75	56AA	18	169
75	56AB	18	169
75	56AC	18	169
75	56AD	13	54
75	56AF	13	54
75	56B6	13	54
75	56B9	13	54
75	56BC	13	54
75	56BD	13	54
75	56BE	13	54
75	56C1	13	54
75	56C2	13	54
75	56C3	13	54
75	56C6	13	54
75	56C7	13	54
75	56C8	13	54
75	56CA	13	54
75	56CB	13	54
75	56CD	13	54
75	56CE	13	54
75	56D1	13	54
75	56D2	8058	44
75	56D5	8058	44
75	56D6	8058	44
75	56D9	8058	44
75	56DA	8058	44
75	56DD	2322	44
75	56E0	2322	44
75	56E1	2322	44
75	56E2	2322	44
75	56E3	2322	44
75	56E4	2322	44
75	56E5	2322	44
75	56E6	2322	44
75	56E7	2322	44
75	56E8	2322	44
75	56EA	2322	44
75	56ED	311	44
75	56EE	311	44
75	56EF	311	44
75	56F2	311	44
75	56F5	311	44
75	56F6	311	44
75	56F8	311	44
75	56F9	311	44
75	56FB	311	44
75	56FC	311	44
75	56FF	162	44
75	5702	162	44
75	5704	162	44
75	5706	162	44
75	5708	162	44
75	5709	162	44
75	570C	162	44
75	570D	162	44
75	570E	162	44
75	5711	162	44
75	5712	162	44
75	5713	162	44
75	5716	162	44
75	5719	162	44
75	571B	162	44
75	571D	13	44
75	5720	13	44
75	5721	13	44
75	5723	149	51
75	5726	149	51
75	5728	149	51
75	572A	149	51
75	572C	149	51
75	572E	149	51
75	5730	149	51
75	5734	149	51
75	5735	149	51
75	5737	149	51
75	573A	149	51
75	573B	149	51
75	573D	149	51
75	573E	149	51
75	5741	149	51
75	5743	149	51
75	5746	149	51
75	5747	149	51
75	574A	149	51
75	574B	149	51
75	574C	149	51
75	574D	149	51
75	5750	149	51
75	5751	149	51
75	5752	149	51
75	5753	149	51
75	5756	149	51
75	5757	149	51
75	5758	149	51
75	5759	149	51
75	575C	149	51
75	575E	149	51
75	5760	74	10894
75	5762	74	10894
75	5764	75	51
75	5767	75	51
75	5769	75	51
75	576B	75	51
75	576D	75	51
75	576F	72	51
75	5771	72	51
75	5773	69	51
75	5775	69	51
75	5777	66	51
75	5779	66	51
75	577F	9	6512
75	5781	149	51
75	5782	149	51
75	5785	13	44
75	5786	13	44
75	5789	13	44
75	578C	13	44
75	578D	13	44
75	578E	13	44
75	578F	13	44
75	5790	13	44
75	5792	39	44
75	5793	39	44
75	5794	39	44
75	5796	39	44
75	5797	39	44
75	5799	13	44
75	579A	13	44
75	579B	13	44
75	579E	13	44
75	579F	13	44
75	57A0	13	44
75	57F4	5736	51
75	57F7	5736	51
75	57F8	5736	51
75	57FA	3087	52
75	57FB	3087	52
75	57FD	2491	52
75	57FE	2491	52
75	5801	596	52
75	5804	2649	51
75	5807	2649	51
75	5808	2649	51
75	5809	2649	51
75	580B	2500	51
75	580D	2500	51
75	580F	149	52
75	5811	2649	51
75	5813	2649	51
75	5814	2649	51
75	5816	2351	51
75	5818	2351	51
75	581A	2351	51
75	581B	2351	51
75	581E	2351	51
75	581F	2351	51
75	5820	2351	51
75	584C	298	52
75	584D	298	52
75	584F	298	52
75	5850	298	52
75	5852	149	52
75	5853	149	52
75	5854	149	52
75	5855	149	52
75	5858	149	52
75	585A	447	52
75	585B	447	52
75	585C	447	52
75	585E	149	52
75	5861	149	52
75	5863	149	52
75	5870	149	52
75	5873	149	52
75	5874	149	52
75	5877	149	52
75	5878	149	52
75	587A	596	52
75	587D	596	52
75	587F	596	52
75	5880	596	52
75	5882	149	52
75	5883	149	52
75	5884	149	52
75	5886	149	52
75	5889	149	52
75	588A	149	52
75	588B	149	52
75	588D	22	54
75	588E	22	54
75	5890	1895	52
75	5893	1895	52
75	5896	1895	52
75	5897	1895	52
75	5899	127	52
75	589A	127	52
75	589B	127	52
75	589C	127	52
75	589E	596	52
75	58A0	596	52
75	58A1	596	52
75	58A4	596	52
75	58A7	596	52
75	58A8	596	52
75	58AA	596	52
75	58AB	596	52
75	58AD	298	52
75	58B0	298	52
75	58B2	298	52
75	58B3	298	52
75	58B5	298	52
75	58B6	298	52
75	58B7	298	52
75	58C0	298	52
75	58C2	298	52
75	58C3	298	52
75	58C5	149	52
75	58C6	149	52
75	58C7	149	52
75	58C8	8058	44
75	58CB	8058	44
75	58CD	8058	44
75	58CE	2491	52
75	58D0	2491	52
75	58D1	2491	52
75	58D3	2491	52
75	58D6	2491	52
75	58D7	2491	52
75	58D8	2491	52
75	58D9	2491	52
75	58DA	2491	52
75	58DB	2491	52
75	58DE	2491	52
75	58DF	2491	52
75	58E2	2491	52
75	58E5	2491	52
75	58E8	2491	52
75	58E9	2491	52
75	58EA	138980	44
75	58ED	138980	44
75	58EF	138980	44
75	58F2	138980	44
75	58F5	138980	44
75	58F8	138980	44
75	58F9	138980	44
75	58FB	138980	44
75	58FD	136918	51
75	58FE	136918	51
75	58FF	136918	51
75	5900	136918	51
75	5901	136918	51
75	5902	136918	51
75	5904	136918	51
75	5906	136918	51
75	5907	136918	51
75	5908	136918	51
75	5933	138980	44
75	5936	138980	44
75	5938	138980	44
75	593B	136658	44
75	593D	136658	44
75	5940	130922	44
75	5943	130922	44
75	5945	130922	44
75	5948	130914	44
75	594B	130914	44
75	594C	130914	44
75	594F	521	51
75	5950	521	51
75	5951	521	51
75	5954	100	51
75	5957	100	51
75	595A	100	51
75	595C	100	51
75	595F	100	51
75	5961	100	51
75	5963	100	51
75	5964	100	51
75	5966	100	51
75	5969	87	169
75	596B	87	169
75	596D	74	10893
75	596F	74	10893
75	5971	74	10893
75	5974	74	10893
75	5976	74	10893
75	5978	74	10893
75	597A	74	10893
75	5983	74	10893
75	5986	74	10893
75	5990	13	169
75	5991	13	169
75	5992	13	169
75	5995	13	169
75	5997	13	169
75	599A	13	169
75	59FC	13	51
75	59FE	13	51
75	5A01	13	51
75	5A04	13	51
75	5A06	13	51
75	5A09	13	51
75	5A0C	13	51
75	5A0F	13	51
75	5A11	13	51
75	5A14	13	51
75	5A36	5736	51
75	5A39	5736	51
75	5A3A	5736	51
75	5A3B	5736	51
75	5A3D	3087	52
75	5A3F	3087	52
75	5A41	596	52
75	5A42	596	52
75	5A44	596	52
75	5A46	447	52
75	5A48	447	52
75	5A4A	5438	51
75	5A4C	5736	51
75	5A4E	5736	51
75	5A51	2649	51
75	5A54	2649	51
75	5A55	2649	51
75	5AC3	149	52
75	5AC5	149	52
75	5AC7	149	52
75	5ACA	149	52
75	5ACB	149	52
75	5ACD	149	52
75	5AD0	149	52
75	5AD2	149	52
75	5B2B	2322	44
75	5B2E	2322	44
75	5B2F	2322	44
75	5B30	2322	44
75	5B31	2322	44
75	5B32	2322	44
75	5B34	2322	44
75	5B35	2322	44
75	5B36	2322	44
75	5B37	2322	44
75	5B38	8058	44
75	5B3B	8058	44
75	5B3D	8058	44
75	5B3F	8058	44
75	5B41	8058	44
75	5B43	8058	44
75	5B45	138980	44
75	5B46	149	52
75	5B47	149	52
75	5B4A	149	52
75	5B4D	149	52
75	5B50	149	52
75	5B51	149	52
75	5B52	149	52
75	5B55	149	52
75	5B58	149	52
75	5B5A	149	52
75	5B5C	149	52
75	5B5E	74	10895
75	5B61	74	10895
75	5B63	75	52
75	5B66	149	52
75	5B68	149	52
75	5B6A	3	6538
75	5B6C	149	52
75	5B6D	149	52
75	5B70	149	52
75	5B71	149	52
75	5B73	149	52
75	5B76	149	52
75	5B79	149	52
75	5B7B	149	52
75	5B7E	149	52
75	5B80	149	52
75	5B83	137	52
75	5B85	137	52
75	5B88	134	52
75	5B8A	134	52
75	5B8C	131	52
75	5B8E	131	52
75	5B90	131	52
75	5B92	131	52
75	5B94	128	52
75	5B96	128	52
75	5B98	114	52
75	5B9A	114	52
75	5B9C	112	52
75	5B9E	112	52
75	5BA1	35	52
75	5BA3	35	52
75	5BA5	32	52
75	5BA7	32	52
75	5BA9	29	52
75	5BAB	29	52
75	5BAE	16	54
75	5BB0	16	54
75	5BB3	16	54
75	5BB5	16	54
75	5BB8	13	54
75	5BBB	13	54
75	5BBD	13	54
75	5BBF	13	54
75	5BC2	13	54
75	5BC3	13	54
75	5BC6	13	54
75	5BC7	3	6524
75	5BCA	3	6524
75	5BCD	3	6524
75	5BCF	3	6524
75	5BD2	3	6524
75	5BD3	3	6542
75	5BD5	3	6542
75	5BD8	3	6542
75	5BD9	3	6516
75	5BDB	3	6516
75	5BDE	3	6516
75	5BE1	3	6516
75	5BE4	3	6516
75	5BE6	3	6516
75	5BE9	3	6543
75	5BEB	3	6543
75	5BEE	3	6543
75	5BF1	3	6543
75	5BF3	3	6543
75	5BF6	3	6543
75	5BF8	3	6543
75	5BF9	14	186
75	5BFC	14	186
75	5BFD	14	186
75	5BFE	14	186
75	5BFF	14	186
75	5C02	14	186
75	5C03	14	186
75	5C04	14	186
75	5C05	14	186
75	5C06	14	186
75	5C09	14	186
75	5C0B	14	186
75	5C0E	14	186
75	5C0F	2	22133
75	5C12	2	22133
75	5C15	2	22133
75	5C17	2	22133
75	5C1A	2	22133
75	5C1C	2	22133
75	5C1F	2	22133
75	5C20	12	6526
75	5C23	12	6526
75	5C25	12	6526
75	5C28	9	6526
75	5C2B	9	6526
75	5C2C	9	6526
75	5C2F	9	6526
75	5C30	9	6526
75	5C33	9	6526
75	5C36	9	6526
75	5C37	9	6526
75	5C38	9	6526
75	5C39	9	6526
75	5C3C	9	6526
75	5C3D	9	6526
75	5C40	3	6535
75	5C41	3	6535
75	5C44	3	6535
75	5C46	3	6535
75	5CCB	3	6535
75	5CCC	3	6535
75	5CCD	3	6535
75	5CCF	3	6535
75	5CD0	3	6535
75	5CD1	3	6535
75	5CE3	3	6535
75	5CE4	3	6535
75	5CE5	3	6535
75	5CE6	3	6535
75	5CE7	3	6535
75	5CE9	3	6535
75	5CEA	3	6535
75	5CEB	3	6535
75	5CEC	3	6535
75	5CED	3	6535
75	5CF0	3	6535
75	5CF1	3	6535
75	5CF4	3	6535
75	5CF5	3	6535
75	5CF8	3	6535
75	5CF9	3	6535
75	5CFA	3	6535
75	5CFC	3	6535
75	5CFD	3	6535
75	5D00	3	6535
75	5D03	3	6535
75	5D04	3	6535
75	5D05	3	6535
75	5D06	3	6535
75	5D09	3	6535
75	5D0A	3	6535
75	5D0B	3	6535
75	5D0C	3	6535
75	5D0D	3	6535
75	5D10	12	6526
75	5D13	12	6526
75	5D15	12	6526
75	5D25	12	6526
75	5D28	12	6526
75	5D2B	12	6526
75	5D2C	3	6521
75	5D2F	3	6521
75	5D30	3	6521
75	5D33	3	6521
75	5D34	3	6521
75	5D37	3	6521
75	5D39	3	6521
75	5D3C	3	6521
75	5D3E	3	6521
75	5D41	3	6521
75	5D42	13	52
75	5D45	13	52
75	5D48	13	52
75	5D4A	117	52
75	5D4B	117	52
75	5D4C	117	52
75	5D4D	117	52
75	5D4F	117	52
75	5D50	117	52
75	5D51	117	52
75	5D53	13	52
75	5D54	13	52
75	5D55	13	52
75	5D57	13	52
75	5D5A	13	52
75	5D5C	13	52
75	5D5E	13	52
75	5D60	13	52
75	5D62	13	52
75	5D65	13	52
75	5D67	13	52
75	5D6A	13	52
75	5D6E	3	6513
75	5D70	3	6513
75	5D73	3	6513
75	5D76	3	6513
75	5D78	3	6513
75	5D79	77	6511
75	5D7C	77	6511
75	5D7E	77	6511
75	5D80	74	10895
75	5D83	74	10895
75	5D86	74	10895
75	5D89	74	10895
75	5D8A	74	10895
75	5D8D	74	10895
75	5D90	74	10895
75	5D92	74	10895
75	5D93	74	10895
75	5D95	74	10895
75	5D97	74	10895
75	5D98	74	10895
75	5DC9	3	6511
75	5DCC	3	6511
75	5DCD	3	6511
75	5DCE	3	6511
75	5DCF	3	6511
75	5DD2	3	6511
75	5DD3	3	6511
75	5DD6	3	6511
75	5DD9	3	6511
75	5DDA	3	6511
75	5DDB	3	6511
75	5DDE	3	6511
75	5DE1	3	6511
75	5DE2	77	6511
75	5DE4	77	6511
75	5DE6	77	6511
75	5DE7	77	6511
75	5DE8	74	10895
75	5DEA	74	10895
75	5DF3	74	10895
75	5DF5	74	10895
75	5DF8	74	10895
75	5DFA	74	10895
75	5DFC	74	10895
75	5DFF	74	10895
75	5E04	74	10895
75	5E06	74	10895
75	5E07	74	10895
75	5E09	74	10895
75	5E0A	74	10895
75	5E0C	74	10895
75	5E0D	74	10895
75	5E0E	74	10895
75	5E10	74	10895
75	5E11	74	10895
75	5E13	74	10895
75	5E16	74	10895
75	5E18	74	10895
75	5E1E	77	6511
75	5E1F	77	6511
75	5E21	77	6511
75	5E22	77	6511
75	5E23	77	6511
75	5E24	77	6511
75	5E25	77	6511
75	5E26	77	6511
75	5E29	77	6511
75	5E2B	77	6511
75	5E2C	77	6511
75	5E2F	77	6511
75	5E30	77	6511
75	5E31	149	52
75	5F08	19	52
75	5F0B	55	52
75	5F0E	55	52
75	5F10	162	44
75	5F13	162	44
75	5F14	162	44
75	5F17	162	44
75	5F19	162	44
75	5F20	162	44
75	5F22	162	44
75	5F24	162	44
75	5F26	162	44
75	5F27	162	44
75	5F2A	162	44
75	5F2C	162	44
75	5F2E	162	44
75	5F2F	162	44
75	5F32	162	44
75	5F33	162	44
75	5F36	162	44
75	5F37	162	44
75	5F3A	162	44
75	5F3B	162	44
75	5F3E	162	44
75	5F3F	162	44
75	5F42	162	44
75	5F43	162	44
75	5F46	162	44
75	5F47	162	44
75	5F4A	162	44
75	5F4B	162	44
75	5F4E	162	44
75	5F51	162	44
75	5F52	162	44
75	5F53	162	44
75	5F55	162	44
75	5F58	162	44
75	5F59	162	44
75	5F5C	162	44
75	5F5D	162	44
75	5F60	162	44
75	5F62	162	44
75	5F65	162	44
75	5F68	162	44
75	5F6A	162	44
75	5F6B	162	44
75	5F6C	35	170
75	5F6D	35	170
75	5F70	35	170
75	5F71	35	170
75	5F72	35	170
75	5F73	35	170
75	5F75	698	170
75	5F78	698	170
75	5F7A	35	170
75	5F7C	140	170
75	5F7F	140	170
75	5F81	35	170
75	5F82	35	170
75	5F83	35	170
75	5F86	35	170
75	5F87	35	170
75	5F88	35	170
75	5F89	35	170
75	5F8A	35	170
75	5F8B	35	170
75	5F8C	35	170
75	5F8D	35	170
75	5F8E	35	170
75	5F90	35	170
75	5F91	35	170
75	5F92	35	170
75	5F93	35	170
75	5F94	35	170
75	5F95	35	170
75	5F96	838	170
75	5F97	838	170
75	5F98	838	170
75	5F99	838	170
75	5F9A	838	170
75	5F9C	838	170
75	5F9D	838	170
75	5F9E	838	170
75	5F9F	838	170
75	5FA0	74	10893
75	5FA3	74	10893
75	5FA5	74	10893
75	5FA6	74	10893
75	5FA9	74	10893
75	5FAB	74	10893
75	5FAD	74	10893
75	5FAF	74	10893
75	5FB1	74	10893
75	5FB3	74	10893
75	5FD6	74	10893
75	5FD8	74	10893
75	5FDB	74	10893
75	5FDC	74	10893
75	5FDE	74	10893
75	5FE0	74	10893
75	5FE2	74	10893
75	5FE3	74	10893
75	5FE6	74	10893
75	5FE9	74	10893
75	5FEC	74	10893
75	5FEF	74	10893
75	5FF1	74	10893
75	6149	138980	44
75	614C	138980	44
75	614E	138980	44
75	614F	128937	52
75	6152	128937	52
75	6154	128937	52
75	6155	33348	52
75	6156	33348	52
75	6158	33348	52
75	615A	33348	52
75	615C	33348	52
75	615E	33342	52
75	6160	33342	52
75	6162	33342	52
75	6164	33342	52
75	6166	33342	52
75	6168	33342	52
75	616A	33348	52
75	616D	33348	52
75	616F	33348	52
75	6170	33348	52
75	6172	33348	52
75	6174	33348	52
75	6177	33348	52
75	6178	33348	52
75	6179	33348	52
75	617A	33348	52
75	617B	33348	52
75	617C	33348	52
75	617F	33348	52
75	6180	33348	52
75	6181	33348	52
75	6191	6	6521
75	6192	6	6521
75	6195	6	6521
75	6197	6	6521
75	61F1	12805	52
75	61F2	12805	52
75	61F4	12800	54
75	61F5	12800	54
75	61F7	12795	54
75	61F8	12795	54
75	61F9	5	52
75	61FC	5	52
75	61FD	5	52
75	61FF	5	52
75	620B	5	54
75	620E	5	54
75	620F	5	54
75	6210	5	54
75	6211	5	54
75	6214	5	54
75	6216	5	54
75	6218	5	54
75	621A	5	54
75	621B	5	54
75	621D	5	54
75	6221	5	54
75	6223	5	54
75	6226	5	54
75	6227	5	54
75	6229	5	54
75	622A	5	54
75	622B	5	54
75	622C	5	54
75	622D	5	54
75	622E	5	54
75	622F	5	54
75	6230	5	54
75	6235	5	54
75	6238	5	54
75	6239	5	54
75	623A	5	54
75	623D	5	54
75	623F	5	54
75	6241	5	54
75	6264	13	52
75	6266	13	52
75	6269	13	52
75	626C	18	6497
75	626D	18	6497
75	626F	15	6503
75	6270	15	6503
75	6272	12	6509
75	6273	12	6509
75	6275	9	6511
75	6276	9	6511
75	6279	6	6513
75	627A	6	6513
75	627D	3	6516
75	627E	3	6516
75	6287	3	6497
75	628A	3	6497
75	628D	3	6503
75	6290	3	6503
75	6292	3	6503
75	6293	3	6503
75	6295	3	6503
75	6296	3	6503
75	6299	3	6503
75	629C	3	6509
75	629F	3	6509
75	62A0	3	6509
75	62A2	3	6509
75	62A4	3	6509
75	62A5	3	6509
75	62A7	3	6509
75	62A9	3	6509
75	62AB	3	6509
75	62AE	570	6509
75	62AF	570	6509
75	62B0	570	6509
75	62B1	570	6509
75	62B3	570	6509
75	62B4	570	6509
75	62B5	570	6509
75	62B6	570	6509
75	62B8	3	6509
75	62B9	3	6509
75	62BA	3	6509
75	62BC	3	6509
75	62BD	3	6509
75	62BE	3	6509
75	62C0	3	6509
75	62C3	3	6509
75	62C4	3	6509
75	62C6	2	6509
75	62C9	2	6509
75	62CB	1	16712
75	62CE	1	16712
75	62D1	1	16712
75	62D3	1	16712
75	62D6	3	6509
75	62D9	3	6509
75	62DB	3	6509
75	62DE	3	6509
75	62E1	3	6509
75	62E2	3	6509
75	62E4	3	6509
75	62E5	3	6509
75	62E7	3	6509
75	62EA	3	6509
75	62EB	3	6509
75	62EC	3	6509
75	62ED	3	6509
75	62F0	3	6509
75	62F2	3	6509
75	62F5	3	6509
75	62F6	3	6509
75	62F9	3	6509
75	630F	3	6511
75	6312	3	6511
75	6314	3	6511
75	6316	3	6511
75	6318	3	6511
75	632C	3	6513
75	632D	3	6513
75	6330	3	6513
75	6332	3	6513
75	6333	3	6513
75	6336	3	6513
75	6338	3	6513
75	633B	3	6516
75	633D	3	6516
75	6340	3	6516
75	6343	3	6516
75	6345	3	6516
75	6347	3	6516
75	6351	4	6511
75	6354	4	6511
75	6356	4	6511
75	6357	4	6511
75	6359	4	6511
75	635C	4	6511
75	635D	4	6511
75	6360	3	6509
75	6363	3	6509
75	6365	3	6509
75	6366	3	6509
75	6368	3	6509
75	6369	3	6509
75	636B	3	6509
75	636E	3	6509
75	6371	14	178
75	6373	14	178
75	6376	14	178
75	63E7	7686	6542
75	63E8	7686	6542
75	63EA	7686	6542
75	63EB	7686	6542
75	63ED	7686	6542
75	63EE	7686	6542
75	63F0	7683	6543
75	63F1	7683	6543
75	63F3	7680	6544
75	63F4	7680	6544
75	63F6	7677	6544
75	63F7	7677	6544
75	641C	3	6542
75	641E	3	6542
75	6421	3	6542
75	6424	3	6543
75	6427	3	6544
75	642A	3	6544
75	642C	3	6544
75	642F	3	6544
75	6430	3	6544
75	6432	3	6544
75	6433	3	6544
75	6457	6	6521
75	6458	6	6521
75	645A	3	6524
75	645B	3	6524
75	645E	3	6521
75	6460	3	6521
75	6463	3	6521
75	6466	3	6521
75	6469	3	6521
75	646A	3	6521
75	646C	3	6521
75	646E	3	6521
75	6471	3	6521
75	6472	3	6521
75	6474	1	16725
75	6477	1	16725
75	6478	1	16725
75	647A	1	16725
75	6486	1	16725
75	6489	1	16725
75	648C	1	16725
75	648E	1	16725
75	6491	3	6521
75	6493	3	6521
75	6496	3	6521
75	6499	3	6521
75	649C	3	6524
75	649F	3	6524
75	64A1	3	6524
75	64D4	3	6524
75	64D5	3	6524
75	64D8	3	6524
75	64DB	3	6524
75	64DC	3	6524
75	64DF	3	6524
75	64E0	3	6524
75	64E3	3	6524
75	64E4	3	6524
75	64E7	3	6524
75	64E8	3	6524
75	653A	3	6524
75	653C	3	6524
75	653F	3	6524
75	6540	750	6524
75	6541	750	6524
75	6542	750	6524
75	6544	3	6524
75	6547	3	6524
75	654A	3	6524
75	654D	3	6524
75	6550	3	6524
75	6553	3	6524
75	6556	3	6524
75	6559	3	6524
75	655C	3	6524
75	655D	3	6524
75	6560	3	6524
75	6561	3	6524
75	6564	3	6524
75	6566	3	6524
75	6569	3	6524
75	659D	3	6524
75	65A0	3	6524
75	65A3	3	6524
75	65A5	3	6524
75	65A8	3	6524
75	65AB	3	6524
75	65AE	3	6524
75	65AF	3	6524
75	65B2	3	6524
75	65B4	3	6524
75	65B6	3	6524
75	65B8	3	6524
75	65BA	1	16728
75	65BC	1	16728
75	65BE	1	16728
75	65BF	1	16728
75	65C1	1	16728
75	65C2	3	6524
75	65C5	3	6524
75	65C8	3	6524
75	65CA	3	6524
75	65CC	3	6524
75	65CD	3	6524
75	65D0	3	6524
75	65D1	3	6524
75	65D2	3	6524
75	65D3	3	6524
75	65D4	3	6524
75	65D5	3	6524
75	65D6	3	6524
75	65D7	3	6524
75	65DA	3	6524
75	65DC	3	6524
75	65DE	3	6524
75	65E1	3	6524
75	65E4	3	6524
75	65E5	3	6524
75	65E6	3	6524
75	65E7	3	6524
75	65E8	3	6524
75	65E9	3	6524
75	65EA	3	6524
75	65EC	3	6524
75	65ED	3	6524
75	65EF	3	6524
75	65F0	3	6524
75	65F1	3	6524
75	65F2	3	6524
75	65F4	3	6524
75	65F5	3	6524
75	65F7	3	6524
75	65F8	3	6524
75	65F9	3	6524
75	65FA	3	6524
75	65FB	3	6524
75	65FE	3	6524
75	6601	3	6524
75	6603	3	6524
75	6606	3	6524
75	6609	3	6524
75	660A	3	6524
75	660B	3	6524
75	660D	3	6524
75	6610	3	6524
75	6613	3	6524
75	6616	3	6524
75	6618	3	6524
75	661B	3	6524
75	661C	3	6524
75	661F	3	6524
75	6620	3	6524
75	6621	3	6524
75	66A1	3	6524
75	66A4	3	6524
75	66A7	3	6524
75	66AA	3	6524
75	66AB	3	6524
75	66AE	3	6524
75	66B1	3	6524
75	66B2	2	6524
75	66B5	2	6524
75	66B6	3	6529
75	66B9	3	6529
75	66BC	3	6529
75	66BF	3	6529
75	66C2	3	6529
75	66C5	3	6529
75	66C7	3	6529
75	66CA	3	6529
75	66CC	3	6529
75	66CD	3	6529
75	66CE	3	6529
75	66D1	3	6529
75	66D3	3	6529
75	66D5	3	6529
75	66D7	3	6529
75	66DD	3	6529
75	66DF	3	6529
75	66E0	3	6529
75	66E1	3	6529
75	66E4	3	6529
75	66E6	3	6529
75	66E8	3	6529
75	66EE	3	6529
75	66F0	3	6529
75	66F1	3	6529
75	66F2	3	6529
75	66F4	3	6529
75	66F5	3	6529
75	66F6	3	6529
75	66F9	3	6529
75	66FC	2	6529
75	66FD	2	6529
75	6700	2	6529
75	6703	2	6529
75	6706	2	6529
75	6709	2	6529
75	670B	8	6529
75	670C	8	6529
75	670E	8	6529
75	6710	6	6529
75	6711	6	6529
75	6712	6	6529
75	6714	6	6529
75	6715	6	6529
75	6717	2	6529
75	6718	2	6529
75	671B	2	6529
75	671D	2	6529
75	671E	2	6529
75	671F	2	6529
75	6721	2	6529
75	6722	2	6529
75	6723	2	6529
75	6724	2	6529
75	6725	2	6529
75	6727	2	6529
75	6728	2	6529
75	6729	2	6529
75	672A	2	6529
75	6B27	3	6538
75	6B2A	3	6538
75	6B2B	3	6538
75	6B2E	3	6538
75	6B2F	3	6538
75	6B32	3	6538
75	6B33	3	6538
75	6B36	3	6538
75	6B39	3	6538
75	6B3C	3	6538
75	6B3F	3	6538
75	6B42	3	6538
75	6B43	6	6538
75	6B44	6	6538
75	6B46	6	6538
75	6B48	6	6538
75	6B4A	6	6538
75	6B4C	3	6538
75	6B4D	3	6538
75	6B50	3	6538
75	6B53	3	6538
75	6B54	3	6538
75	6B55	3	6538
75	6B5F	3	6538
75	6B60	3	6538
75	6B61	3	6538
75	6B62	3	6538
75	6B64	3	6538
75	6B65	3	6538
75	6B66	3	6538
75	6B67	3	6538
75	6B68	3	6538
75	6B69	3	6538
75	6B6A	3	6538
75	6B6D	3	6538
75	6B6E	3	6538
75	6B71	3	6538
75	6B72	3	6538
75	6B75	3	6538
75	6B76	9	6538
75	6B77	9	6538
75	6B79	9	6538
75	6B7B	9	6538
75	6B7D	9	6538
75	6B7F	9	6538
75	6B81	9	6538
75	6B82	9	6538
75	6B83	9	6538
75	6B84	9	6538
75	6D49	18	6526
75	6D4A	18	6526
75	6D4C	14	6526
75	6D4D	14	6526
75	6D4F	9	6526
75	6D50	9	6526
75	6D53	6	6526
75	6D54	6	6526
75	6D56	6	6526
75	6D57	6	6526
75	6D5A	6	6526
75	6D5B	6	6526
75	6D9D	4	6535
75	6DA0	2	6538
75	6DA3	2	6538
75	6DA6	2	6538
75	6DA8	2	6538
75	6DAB	2	6538
75	6DAE	2	6538
75	6DAF	2	6538
75	6DB0	2	6538
75	6DB2	2	6538
75	6DB5	7	6538
75	6DB8	7	6538
75	6DBA	7	6538
75	6DC1	7	6538
75	6DC4	7	6538
75	6DC6	7	6538
75	6DC8	1	16738
75	6DCB	1	16738
75	6DCC	1	16738
75	6DCF	1	16738
75	6DD2	1	16738
75	6DD4	1	16738
75	6DD7	6	6538
75	6DDA	6	6538
75	6DDC	6	6538
75	6DDE	3	6538
75	6DE1	3	6538
75	6DE3	3	6538
75	6DE4	3	6538
75	6DE6	3	6538
75	6DE8	3	6538
75	6DEA	3	6538
75	6DEC	3	6538
75	6DEF	3	6538
75	6DF1	3	6538
75	6DF3	2	6538
75	6DF5	2	6538
75	6DF7	1	16740
75	6DFA	1	16740
75	6DFB	1	16740
75	6DFD	1	16740
75	6E08	6	6538
75	6E0B	6	6538
75	6E0C	6	6538
75	6E0F	6	6538
75	6E10	6	6538
75	6E11	6	6538
75	6E14	6	6538
75	6E16	6	6538
75	6E18	6	6538
75	6E1A	6	6538
75	6E1C	2	16740
75	6E1E	2	16740
75	6E1F	2	16740
75	6E21	2	16740
75	6E22	2	16740
75	6E24	2	16740
75	6E25	2	16740
75	6E27	2	16740
75	6E29	2	16740
75	6E2C	2	16740
75	6E2D	2	16740
75	6E2F	2	16740
75	6E37	4	6538
75	6E39	4	6538
75	6E40	4	6538
75	6E43	4	6538
75	6E44	4	6538
75	6E45	4	6538
75	6E46	4	6538
75	6E49	4	6538
75	6E4B	4	6538
75	6E5C	3	6538
75	6E5F	3	6538
75	6E61	3	6538
75	6E63	2	6538
75	6E65	2	6538
75	6E67	2	6538
75	6E6A	2	6538
75	6E6C	2	6538
75	6E6E	2	6538
75	6E71	2	6538
75	6E73	2	6538
75	6E76	2	6538
75	6E78	2	6538
75	6E7B	2	6538
75	6E7E	2	6538
75	6E7F	2	6538
75	6E82	3	6538
75	6E85	3	6538
75	6E86	3	6538
75	6E88	3	6538
75	6E95	3	6538
75	6E98	3	6538
75	6E9A	3	6538
75	6E9C	3	6538
75	6E9F	3	6538
75	6EA2	3	6538
75	6EA4	3	6538
75	6EA6	3	6538
75	6EAB	3	6538
75	6EAE	3	6538
75	6EB1	3	6538
75	6EB2	3	6538
75	6EB3	3	6538
75	6EB4	3	6538
75	6EB5	3	6538
75	6EB6	3	6538
75	6EB8	3	6538
75	6EBB	3	6538
75	6EBC	1	16740
75	6EBF	1	16740
75	6EC0	1	16740
75	6EC1	1	16740
75	6EC2	1	16740
75	6EC4	1	16740
75	6ED7	1	16740
75	6ED9	1	16740
75	6EDA	1	16740
75	6F77	3	6538
75	6F7A	3	6538
75	6F7B	3	6538
75	6F7C	3	6538
75	6F7E	3	6538
75	6F7F	3	6538
75	6F82	3	6538
75	6F85	3	6538
75	6F86	6	6538
75	6F87	6	6538
75	6F89	6	6538
75	6F8B	3	6538
75	6F8C	3	6538
75	6F8E	3	6538
75	6F90	3	6538
75	6F92	3	6538
75	6F93	3	6538
75	6F94	3	6538
75	6F97	3	6538
75	6F9A	3	6538
75	6F9D	3	6538
75	6F9E	3	6538
75	6F9F	3	6538
75	6FA0	3	6538
75	6FA3	3	6538
75	6FA6	3	6538
75	6FA7	3	6538
75	6FA8	3	6538
75	6FB7	6	6538
75	6FBA	6	6538
75	6FBD	6	6538
75	6FC0	6	6538
75	6FC3	6	6538
75	6FC6	6	6538
75	6FC9	6	6538
75	6FCA	6	6538
75	6FCD	6	6538
75	6FCF	6	6538
75	6FD0	6	6538
75	6FD2	6	6538
75	6FD3	6	6538
75	6FD5	3	6538
75	6FD7	3	6538
75	6FD8	3	6538
75	6FDA	3	6538
75	6FDD	3	6538
75	6FDF	3	6538
75	7006	3	6538
75	7009	3	6538
75	700C	3	6538
75	700D	6	6538
75	7010	6	6538
75	7011	6	6538
75	7014	6	6538
75	7016	6	6538
75	7017	6	6538
75	7040	6	6538
75	7043	6	6538
75	7044	6	6538
75	7047	6	6538
75	7049	6	6538
75	704A	6	6538
75	705E	6	6538
75	7061	6	6538
75	7062	6	6538
75	7065	6	6538
75	7067	6	6538
75	7068	6	6538
75	708C	6	6538
75	708F	6	6538
75	7090	6	6538
75	7093	6	6538
75	7095	6	6538
75	7096	6	6538
75	70A3	3	6538
75	70A6	3	6538
75	70A9	3	6538
75	70AA	6	6538
75	70AD	6	6538
75	70C1	6	6538
75	70C2	6	6538
75	70C4	6	6538
75	70C6	3	6538
75	70C8	3	6538
75	70CA	3	6538
75	70CC	3	6538
75	70CD	3	6538
75	70CE	3	6538
75	70CF	3	6538
75	70D2	3	6538
75	70D3	3	6538
75	70D6	3	6538
75	70D7	3	6538
75	70D8	3	6538
75	70DA	3	6538
75	70DD	3	6538
75	70DF	3	6538
75	70E1	3	6538
75	70E3	3	6538
75	70E5	3	6538
75	70E7	3	6538
75	70E9	3	6538
75	710E	3	6538
75	7111	3	6538
75	7112	3	6538
75	7113	3	6538
75	7114	3	6538
75	7115	3	6538
75	7118	3	6538
75	7145	3	6538
75	7148	3	6538
75	714A	3	6538
75	7188	3	6538
75	718B	3	6538
75	718C	3	6538
75	718D	3	6538
75	718E	3	6538
75	718F	3	6538
75	7192	3	6538
75	7194	3	6538
75	7196	3	6538
75	7199	3	6538
75	719B	3	6538
75	719E	3	6538
75	719F	6	6538
75	71A2	6	6538
75	71A3	6	6538
75	71A6	6	6538
75	71A8	6	6538
75	71A9	6	6538
75	71B8	6	6538
75	71BB	6	6538
75	71BC	6	6538
75	71BF	6	6538
75	71C1	6	6538
75	71C2	6	6538
75	72A0	258	6538
75	72A1	258	6538
75	72A2	258	6538
75	72A4	258	6538
75	72A5	246	6538
75	72A6	246	6538
75	72A7	246	6538
75	72AB	30	6538
75	72AD	30	6538
75	72AE	30	6538
75	72AF	30	6538
75	72B0	30	6538
75	72B1	30	6538
75	72B2	30	6538
75	72B3	30	6538
75	72B4	30	6538
75	72B5	30	6538
75	72B7	30	6538
75	72B8	30	6538
75	72B9	6	6538
75	72BB	6	6538
75	72BC	6	6538
75	72BD	6	6538
75	72BE	6	6538
75	72BF	6	6538
75	72C0	6	6538
75	72C1	6	6538
75	72C4	6	6538
75	72C5	6	6538
75	72C6	6	6538
75	72C7	6	6538
75	72C8	6	6538
75	72C9	6	6538
75	72CA	6	6538
75	72CC	6	6538
75	72CD	6	6538
75	72CF	6	6538
75	72D0	6	6538
75	72D1	6	6538
75	72D2	6	6538
75	72D3	6	6538
75	72D4	6	6538
75	72D5	6	6538
75	72D7	6	6538
75	72D8	6	6538
75	72DA	6	6538
75	72DB	6	6538
75	72DD	6	6538
75	73BE	6	6526
75	73C1	3	6529
75	73C3	3	6529
75	73C6	3	6529
75	73C9	3	6529
75	73CC	3	6529
75	73CE	3	6529
75	73D1	3	6529
75	73D4	3	6529
75	73D5	3	6529
75	73D6	3	6529
75	73D8	3	6529
75	73DB	3	6529
75	73DE	3	6529
75	73E1	3	6529
75	73E3	3	6529
75	73E6	3	6529
75	73E9	3	6529
75	73EB	3	6529
75	73EE	3	6529
75	73F1	3	6529
75	73F4	3	6529
75	73F5	3	6529
75	73F6	3	6529
75	73F9	3	6529
75	73FC	3	6529
75	73FF	3	6529
75	7400	3	6529
75	7403	3	6529
75	7406	3	6529
75	7407	3	6529
75	740A	3	6529
75	740B	3	6529
75	740E	3	6529
75	7410	3	6529
75	7413	3	6529
75	7416	2	6529
75	7419	2	6529
75	741A	2	6529
75	741D	2	6529
75	7420	2	6529
75	7423	2	6529
75	7426	2	6529
75	7429	2	6529
75	742C	2	6529
75	742F	2	6529
75	7432	2	6529
75	7435	2	6529
75	7444	10	6526
75	7447	10	6526
75	7448	10	6526
75	7449	10	6526
75	744A	10	6526
75	744B	10	6526
75	744C	10	6526
75	744D	10	6526
75	744E	5	6526
75	744F	5	6526
75	7452	5	6526
75	7453	5	6526
75	7455	5	6526
75	7456	5	6526
75	7457	5	6526
75	7458	5	6526
75	7459	5	6526
75	745A	5	6526
75	745D	5	6526
75	745E	5	6526
75	745F	5	6526
75	7460	5	6526
75	7461	5	6526
75	7465	5	6526
75	7466	5	6526
75	7467	5	6526
75	7468	5	6526
75	7469	5	6526
75	746A	5	6526
75	746D	5	6526
75	7470	5	6526
75	7471	5	6526
75	7474	5	6526
75	7475	5	6526
75	7478	5	6526
75	7479	5	6526
75	747C	5	6526
75	747D	5	6526
75	747E	5	6526
75	7481	5	6526
75	7484	5	6526
75	7485	5	6526
75	7488	5	6526
75	748A	5	6526
75	74DB	7689	6358
75	74DC	7689	6358
75	74DE	7686	6364
75	74DF	7686	6364
75	74E1	7683	6370
75	74E2	7683	6370
75	74E4	7680	6372
75	74E5	7680	6372
75	74E7	7677	6372
75	74E8	7677	6372
75	74E9	3	6358
75	74EC	3	6358
75	74EF	3	6364
75	74F2	3	6364
75	74F4	3	6364
75	74F5	3	6364
75	74F7	3	6364
75	74F8	3	6364
75	74FB	3	6364
75	74FE	3	6370
75	7501	3	6372
75	7504	3	6372
75	7505	3	6372
75	7507	3	6372
75	7509	3	6372
75	750A	3	6372
75	750C	3	6372
75	750E	3	6372
75	7510	3	6372
75	7513	570	6372
75	7514	570	6372
75	7515	570	6372
75	7516	570	6372
75	7518	570	6372
75	7519	570	6372
75	751A	570	6372
75	751B	570	6372
75	751D	3	6372
75	751E	3	6372
75	751F	3	6372
75	7521	3	6372
75	7522	3	6372
75	7523	3	6372
75	7525	3	6372
75	7528	3	6372
75	7529	3	6372
75	752C	3	6372
75	752D	3	6372
75	7530	3	6372
75	7531	3	6372
75	7534	3	6372
75	7536	3	6372
75	7538	3	6372
75	753A	3	6372
75	7540	3	6372
75	7542	3	6372
75	7545	3	6372
75	7554	7	6372
75	7555	7	6372
75	7556	7	6372
75	7557	7	6372
75	7558	7	6372
75	7559	7	6372
75	755A	7	6372
75	755D	7	6372
75	755E	7	6372
75	755F	3	6372
75	7561	3	6372
75	7564	3	6372
75	7566	3	6372
75	7569	3	6372
75	756C	3	6372
75	756D	3	6372
75	756E	3	6372
75	756F	2	10790
75	7571	2	10790
75	7574	2	10790
75	7576	2	10790
75	7579	2	10790
75	757C	2	10790
75	757E	2	10790
75	7581	2	10790
75	7584	2	10790
75	7587	2	10790
75	7589	2	10790
75	758C	2	10790
75	758F	2	10790
75	7590	2	10790
75	7593	2	10790
75	7596	2	10790
75	7598	2	10790
75	759B	2	10790
75	759E	2	10790
75	759F	2	10790
75	75A2	2	10790
75	75A5	2	10790
75	75A7	2	10790
75	75AA	2	10790
75	75AD	6	10790
75	75AF	10	10790
75	75B0	10	10790
75	75B2	10	10790
75	75B4	10	10790
75	75B6	10	10790
75	75B8	6	10790
75	75BA	6	10790
75	75BC	6	10790
75	75BF	6	10790
75	75C1	6	10790
75	75C4	6	10790
75	75C5	6	10790
75	75C6	6	10790
75	75C7	6	10790
75	75C9	6	10790
75	75CB	6	10790
75	75CD	4	10790
75	75CF	4	10790
75	75D1	4	10790
75	75D4	4	10790
75	75D6	4	10790
75	75D9	4	10790
75	75DA	4	10790
75	75DB	4	10790
75	75DC	4	10790
75	75DE	6	10790
75	75DF	6	10790
75	75E0	6	10790
75	75E1	6	10790
75	75E2	2	10790
75	75E4	2	10790
75	75E8	2563	22126
75	75E9	2563	22126
75	75EB	2562	22133
75	75EC	2562	22133
75	75EE	2561	22137
75	75EF	2561	22137
75	75F1	2560	22139
75	75F2	2560	22139
75	75F4	2559	22139
75	75F5	2559	22139
75	75F6	1	22126
75	75F8	1	22126
75	75FB	1	22133
75	75FE	1	22133
75	75FF	1	22133
75	7604	1	22133
75	7607	1	22133
75	7608	1	22133
75	7609	1	22133
75	760A	1	22133
75	760B	1	22133
75	760D	1	22133
75	760E	1	22133
75	760F	1	22133
75	7612	1	22133
75	7613	1	22133
75	7614	1	22133
75	7615	1	22133
75	7616	1	22133
75	7619	1	22133
75	761A	1	22133
75	761B	1	22133
75	761E	1	22133
75	7621	1	22133
75	7623	1	22133
75	7624	1	22133
75	7626	1	22133
75	7628	1	22133
75	762B	1	22133
75	762E	1	22137
75	7631	1	22139
75	7634	2563	178
75	7635	2563	178
75	7637	2562	186
75	7638	2562	186
75	763A	2561	190
75	763B	2561	190
75	763D	2560	191
75	763E	2560	191
75	7640	2559	191
75	7641	2559	191
75	7642	1	178
75	7645	1	178
75	7648	1	186
75	764B	1	186
75	764C	1	186
75	764E	1	186
75	7650	1	186
75	7655	1	186
75	7658	1	186
75	765A	1	186
75	765B	1	186
75	765D	1	186
75	765E	1	186
75	7661	1	186
75	7663	1	186
75	7666	1	186
75	7669	1	186
75	766A	1	186
75	766B	1	186
75	766C	1	186
75	766F	1	186
75	7670	1	186
75	7671	1	186
75	7672	1	186
75	7675	1	186
75	7676	1	186
75	7677	1	186
75	767A	1	186
75	767D	1	190
75	7680	1	191
7C	7D1F	1	1176
7C	7D21	1	1176
7C	7D23	1	1176
7C	7D24	1	1176
7C	7D26	1	1176
7C	7D28	1	1176
7C	7D2A	1	1176
7C	7D2D	1	1176
7C	7D2F	1	1176
7C	7D31	1	1176
7C	7D32	1	1176
7C	7D34	1	1176
7C	7D36	1	1176
7C	7D38	1	1176
7C	7D3B	1	1176
7C	7D3C	1	1176
7C	7D3F	1	1176
7C	7D41	1	1176
7C	7D42	1	1176
7C	7D44	1	1176
7C	7D47	1	1176
7C	7D49	1	1176
7C	7D4B	1	1176
7C	7D4C	1	1176
7C	7D4E	1	1176
7C	7D51	1	1176
7C	7D53	1	1176
7C	7D54	1	1176
7C	7D57	4	1176
7C	7D5D	4	1809
7C	7D70	1	1809
7C	7D76	1	7417
7C	7D79	1	8507
7C	7D7F	1	13313
7C	7D82	1	14403
7C	7D88	1	19215
7C	7DFF	1	20305
7D	7B7C	19492	327
7D	7B7E	19492	327
7D	7B80	19492	327
7D	7B82	19492	327
7D	7B84	19492	327
7D	7B86	19492	327
7D	7B88	19492	327
7D	7B89	19492	327
7D	7B8B	19492	327
7D	7B8D	19492	327
7D	7B8F	19492	327
7D	7B91	19492	327
7D	7B93	19492	327
7D	7B95	19492	327
7D	7B97	19492	327
7D	7B99	19492	327
7D	7B9B	19492	327
7D	7B9C	19492	327
7D	7B9E	19492	327
7D	7B9F	19492	327
7D	7BA1	19492	327
7D	7BA3	19492	327
7D	7BA4	5137	1863
7D	7BA6	5137	1863
7D	7BA7	5137	1863
7D	7BA9	10	1863
7D	7BAA	10	1863
7D	7BAD	5137	1863
7D	7BB0	5137	1863
7D	7BB1	5137	1863
7D	7BB3	1185	1863
7D	7BB6	5137	1863
7D	7BB7	14355	327
7D	7BB8	14355	327
7D	7BB9	14355	327
7D	7BBA	14355	327
7D	7BBD	14355	327
7D	7BBE	14355	327
7D	7BBF	14355	327
7D	7BC0	14355	327
7D	7BC1	19492	327
7D	7BC4	19492	327
7D	7BC6	19492	327
7D	7BC7	19492	327
7D	7BC8	19492	327
7D	7BCA	19492	327
7D	7BCB	19492	327
7D	7BCD	19492	327
7D	7BD0	19492	327
7D	7BD2	19492	327
7D	7BD4	155936	327
7D	7BD7	155936	327
7D	7BD9	155936	327
7D	7BDB	278	460
7D	7BDC	278	460
7D	7BDD	278	460
7D	7BDE	278	460
7D	7BE4	155936	327
7D	7BE5	155936	327
7D	7BE7	155936	327
7D	7BE8	155936	327
7D	7BEA	19492	327
7D	7BEC	19492	327
7D	7BED	19492	327
7D	7BEF	19492	327
7D	7BF0	2	16
7D	7BF1	2	16
7D	7BF3	2	16
7D	7BF5	2	16
7D	7BF7	2	16
7D	7BF9	2	16
7D	7BFC	2	16
7D	7BFE	2	16
7D	7C00	44	16
7D	7C01	44	16
7D	7C04	44	16
7D	7C05	44	16
7D	7C08	44	16
7D	7C0B	44	16
7D	7C0D	352	16
7D	7C0E	352	16
7D	7C0F	352	16
7D	7C11	44	16
7F	4007	55	2684
7F	400A	55	2684
7F	400D	55	2684
7F	400E	55	2684
7F	400F	55	2684
7F	4011	55	2684
7F	4013	55	2684
7F	4015	55	2684
7F	4017	55	2684
7F	401B	55	2684
7F	401D	55	2684
7F	401E	55	2684
7F	4020	55	2684
7F	4021	55	2684
7F	4022	55	2684
7F	4024	55	2684
7F	4027	55	2684
7F	4029	440	2684
7F	402A	440	2684
7F	402C	130	2684
7F	402D	440	2684
7F	402F	440	2684
7F	4031	440	2684
7F	4032	440	2684
7F	4034	55	2684
7F	4035	55	2684
7F	4036	55	2684
7F	4039	55	2684
7F	403A	55	2684
7F	403B	55	2684
7F	403C	55	2684
7F	403D	55	2684
7F	403F	55	2684
7F	4041	55	2684
7F	405F	1179	1814
7F	4065	1179	1814
7F	4068	1179	1814
7F	406B	1179	1814
7F	406E	1179	1814
7F	4071	1179	1814
7F	4072	1179	1814
7F	4073	1179	1814
7F	4074	1179	1814
7F	4076	1179	1814
7F	4078	617	1815
7F	407A	617	1815
7F	407C	562	1814
7F	407E	1179	1814
7F	407F	1179	1814
7F	4081	1179	1814
7F	4087	1179	1814
7F	4089	1179	1814
7F	408A	1179	1814
7F	408C	1179	1814
7F	408E	617	1815
7F	4090	617	1815
7F	4092	617	1815
7F	4094	562	1814
7F	4095	562	1814
7F	4097	562	1814
7F	4099	435	1814
7F	409B	435	1814
7F	409D	435	1814
7F	409F	127	1814
7F	40A1	127	1814
7F	40A3	1179	1814
7F	40A4	1179	1814
7F	40A5	1179	1814
7F	40A6	1179	1814
7F	40A7	1179	1814
7F	40A8	1179	1814
7F	40AA	1179	1814
7F	40AB	1179	1814
7F	40AC	1179	1814
7F	40AD	1179	1814
7F	40AE	1179	1814
7F	40AF	1179	1814
7F	40B0	1179	1814
7F	40B1	1179	1814
7F	40B3	1179	1814
7F	40B4	1179	1814
7F	40B5	1179	1814
7F	40B7	1179	1814
7F	40B8	1179	1814
7F	40B9	1179	1814
7F	40BA	1179	1814
7F	40BB	1179	1814
7F	40BC	1179	1814
7F	40BD	1179	1814
7F	40C0	1179	1814
7F	40C1	1179	1814
7F	40C2	1179	1814
7F	40C3	1179	1814
7F	40C4	1179	1814
7F	40C6	1179	1814
7F	40C7	1179	1814
7F	40C8	1179	1814
7F	40C9	1179	1814
7F	40CA	1179	1814
7F	40CD	1179	1814
7F	40CE	1179	1814
7F	40CF	1179	1814
7F	40D0	1179	1814
7F	40D1	1179	1814
7F	40D3	1179	1814
7F	40D4	1179	1814
7F	40D5	1179	1814
7F	40D6	1179	1814
7F	40D7	1179	1814
7F	40D8	1179	1814
7F	40D9	1179	1814
7F	40DA	1179	1814
7F	40DB	1179	1814
7F	40DC	1179	1814
7F	40DF	1179	1814
7F	40E2	1179	1814
7F	40E3	1179	1814
7F	40E4	1179	1814
7F	40E5	1179	1814
7F	40E6	1179	1814
7F	40E7	1179	1814
7F	40E8	1179	1814
7F	40E9	1179	1814
7F	40EC	1179	1814
7F	40EF	1179	1814
7F	40F2	1179	1814
7F	40F3	1179	1814
7F	40F4	1179	1814
7F	40F5	1179	1814
7F	40F6	1179	1814
7F	40F7	1179	1814
7F	40F8	1179	1814
7F	41D0	2358	1814
7F	41D1	2358	1814
7F	41D2	2358	1814
7F	41D3	2358	1814
7F	41D6	2358	1814
7F	41D8	37728	1814
7F	41DA	37728	1814
7F	41DC	37728	1814
7F	41DE	8253	1814
7F	41DF	37728	1814
7F	41E1	37728	1814
7F	41E3	37728	1814
7F	41E4	37728	1814
7F	41E6	2358	1814
7F	41E7	2358	1814
7F	41E8	2358	1814
7F	41E9	2358	1814
7F	41EA	2413	1814
7F	41EB	2413	1814
7F	41ED	2413	1814
7F	41EF	2413	1814
7F	41F1	2413	1814
7F	41F3	2413	1814
7F	41F4	2413	1814
7F	41F5	2413	1814
7F	41F6	2413	1814
7F	41F8	2413	1814
7F	41FB	2413	1814
7F	41FC	2413	1814
7F	41FD	2413	1814
7F	41FE	2413	1814
7F	41FF	2413	1814
7F	4200	2413	1814
7F	4201	2413	1814
7F	4275	2413	1814
7F	4277	2413	1814
7F	4278	28956	1814
7F	427A	28956	1814
7F	427B	28956	1814
7F	427C	28956	1814
7F	427D	28956	1814
7F	427E	28956	1814
7F	427F	28956	1814
7F	4280	28956	1814
7F	4281	28956	1814
7F	4283	2413	1814
7F	42C3	2413	1814
7F	42C4	2413	1814
7F	42C5	2413	1814
7F	42C8	2413	1814
7F	42C9	2413	1814
7F	42CA	2413	1814
7F	42CB	2413	1814
7F	42CD	2413	1814
7F	42CF	2413	1814
7F	42D1	2413	1814
7F	42D2	2413	1814
7F	42D4	2413	1814
7F	42D6	2413	1814
7F	42D8	2413	1814
7F	42DA	2413	1814
7F	42DB	2413	1814
7F	42DE	2413	1814
7F	42E1	21947	1814
7F	42E2	21947	1814
7F	42E4	19534	1814
7F	42E5	19534	1814
7F	42E7	2413	1814
7F	42E9	2413	1814
7F	42EA	2413	1814
7F	42EB	2413	1814
7F	42EC	2413	1814
7F	42EE	2413	1814
7F	42F0	472	1832
7F	42F2	472	1832
7F	42F3	472	1832
7F	42F5	472	1832
7F	42F7	472	1832
7F	42F9	2413	1814
7F	42FA	2413	1814
7F	42FC	2413	1814
7F	42FE	2413	1814
7F	4300	2413	1814
7F	4302	2413	1814
7F	4304	2413	1814
7F	4306	2413	1814
7F	4308	2413	1814
7F	430A	2413	1814
7F	430C	2413	1814
7F	430D	2413	1814
7F	430E	2413	1814
7F	430F	2413	1814
7F	4311	2413	1814
7F	4314	2413	1814
7F	4315	2413	1814
7F	4316	2413	1814
7F	4319	2413	1814
7F	431C	2413	1814
7F	431D	2413	1814
7F	431E	2413	1814
7F	4321	2413	1814
7F	4322	2413	1814
7F	4323	2413	1814
7F	4324	2413	1814
7F	4325	2413	1814
7F	4326	2413	1814
7F	4327	2413	1814
7F	4328	2413	1814
7F	432B	2413	1814
7F	432C	2413	1814
7F	432E	2413	1814
7F	432F	2413	1814
7F	4330	9639	1814
7F	4331	9639	1814
7F	4333	7226	1814
7F	4335	7226	1814
7F	4337	7226	1814
7F	4339	2413	1814
7F	433A	2413	1814
7F	433D	2413	1814
7F	433E	2413	1814
7F	433F	2413	1814
7F	4340	2413	1814
7F	4341	2413	1814
7F	4342	2413	1814
7F	4343	2413	1814
7F	4344	2413	1814
7F	4345	2413	1814
7F	4348	2413	1814
7F	4349	2413	1814
7F	434A	2413	1814
7F	434B	2413	1814
7F	434C	2413	1814
7F	434D	2413	1814
7F	434E	2413	1814
7F	434F	2413	1814
7F	4350	2413	1814
7F	4352	2413	1814
7F	4368	2413	1814
7F	4369	2413	1814
7F	436A	2413	1814
7F	436B	2413	1814
7F	436C	2413	1814
7F	436D	2413	1814
7F	4370	2413	1814
7F	4371	2413	1814
7F	4373	2413	1814
7F	4374	2413	1814
7F	4375	9639	1814
7F	4376	9639	1814
7F	4378	7226	1814
7F	437A	7226	1814
7F	437C	7226	1814
7F	437E	2413	1814
7F	437F	2413	1814
7F	4382	2413	1814
7F	4383	2413	1814
7F	4384	2413	1814
7F	4385	2413	1814
7F	4386	2413	1814
7F	4387	2413	1814
7F	4388	2413	1814
7F	4389	2413	1814
7F	438A	2413	1814
7F	438D	2413	1814
7F	438E	2413	1814
7F	438F	2413	1814
7F	4390	2413	1814
7F	4391	2413	1814
7F	4392	2413	1814
7F	4393	2413	1814
7F	4394	2413	1814
7F	4395	2413	1814
7F	4397	2413	1814
7F	43AD	2413	1814
7F	43AE	2413	1814
7F	43AF	2413	1814
7F	43B0	2413	1814
7F	43B1	2413	1814
7F	43B2	2413	1814
7F	43B5	2413	1814
7F	43B6	2413	1814
7F	43B8	2413	1814
7F	43B9	2413	1814
7F	43BA	9639	1814
7F	43BB	9639	1814
7F	43BD	7226	1814
7F	43BF	7226	1814
7F	43C1	7226	1814
7F	43C3	2413	1814
7F	43C4	2413	1814
7F	43C7	2413	1814
7F	43C8	2413	1814
7F	43C9	2413	1814
7F	43CA	2413	1814
7F	43CB	2413	1814
7F	43CC	2413	1814
7F	43CD	2413	1814
7F	43CE	2413	1814
7F	43CF	2413	1814
7F	43D2	2413	1814
7F	43D3	2413	1814
7F	43D4	2413	1814
7F	43D5	2413	1814
7F	43D6	2413	1814
7F	43D7	2413	1814
7F	43D8	2413	1814
7F	43D9	2413	1814
7F	43DA	2413	1814
7F	43DC	2413	1814
7F	43F2	2413	1814
7F	43F3	2413	1814
7F	43F4	2413	1814
7F	43F5	2413	1814
7F	43F6	2413	1814
7F	43F7	2413	1814
7F	43FA	2413	1814
7F	43FB	2413	1814
7F	43FD	2413	1814
7F	43FE	2413	1814
7F	43FF	9639	1814
7F	4400	9639	1814
7F	4402	7226	1814
7F	4404	7226	1814
7F	4406	7226	1814
7F	4408	2413	1814
7F	4409	2413	1814
7F	440C	2413	1814
7F	440D	2413	1814
7F	440E	2413	1814
7F	440F	2413	1814
7F	4410	2413	1814
7F	4411	2413	1814
7F	4412	2413	1814
7F	4413	2413	1814
7F	4414	2413	1814
7F	4417	2413	1814
7F	4418	2413	1814
7F	4419	2413	1814
7F	441A	2413	1814
7F	441B	2413	1814
7F	441C	2413	1814
7F	441D	2413	1814
7F	441E	2413	1814
7F	441F	2413	1814
7F	4421	2413	1814
7F	4437	2413	1814
7F	4438	2413	1814
7F	4439	2413	1814
7F	443A	2413	1814
7F	443B	2413	1814
7F	443C	2413	1814
7F	443F	2413	1814
7F	4440	2413	1814
7F	4442	2413	1814
7F	4443	2413	1814
7F	4444	9639	1814
7F	4445	9639	1814
7F	4447	7226	1814
7F	4449	7226	1814
7F	444B	7226	1814
7F	444D	2413	1814
7F	444E	2413	1814
7F	4451	2413	1814
7F	4452	2413	1814
7F	4453	2413	1814
7F	4454	2413	1814
7F	4455	2413	1814
7F	4456	2413	1814
7F	4457	2413	1814
7F	4458	2413	1814
7F	4459	2413	1814
7F	445C	2413	1814
7F	445D	2413	1814
7F	445E	2413	1814
7F	445F	2413	1814
7F	4460	2413	1814
7F	4461	2413	1814
7F	4462	2413	1814
7F	4463	2413	1814
7F	4464	2413	1814
7F	4466	2413	1814
7F	447C	2413	1814
7F	447D	2413	1814
7F	447E	2413	1814
7F	447F	2413	1814
7F	4480	2413	1814
7F	4481	2413	1814
7F	4484	2413	1814
7F	4485	2413	1814
7F	4487	2413	1814
7F	4488	2413	1814
7F	4489	9639	1814
7F	448A	9639	1814
7F	448C	7226	1814
7F	448E	7226	1814
7F	4490	7226	1814
7F	4492	2413	1814
7F	4493	2413	1814
7F	4496	2413	1814
7F	4497	2413	1814
7F	4498	2413	1814
7F	4499	2413	1814
7F	449A	2413	1814
7F	449B	2413	1814
7F	449C	2413	1814
7F	449D	2413	1814
7F	449E	2413	1814
7F	44A1	2413	1814
7F	44A2	2413	1814
7F	44A3	2413	1814
7F	44A4	2413	1814
7F	44A5	2413	1814
7F	44A6	2413	1814
7F	44A7	2413	1814
7F	44A8	2413	1814
7F	44A9	2413	1814
7F	44AB	2413	1814
7F	44AD	55	2684
7F	44AE	55	2684
7F	44B1	55	2684
7F	44B2	55	2684
7F	44B3	55	2684
7F	44B4	55	2684
7F	44B6	55	2684
7F	44C1	2413	1814
7F	44C2	2413	1814
7F	44C3	2413	1814
7F	44C4	2413	1814
7F	44C5	2413	1814
7F	44C6	2413	1814
7F	44C9	2413	1814
7F	44CA	2413	1814
7F	44CC	2413	1814
7F	44CD	2413	1814
7F	44CE	9639	1814
7F	44CF	9639	1814
7F	44D1	7226	1814
7F	44D3	7226	1814
7F	44D5	7226	1814
7F	44D7	2413	1814
7F	44D8	2413	1814
7F	44DB	2413	1814
7F	44DC	2413	1814
7F	44DD	2413	1814
7F	44DE	2413	1814
7F	44DF	2413	1814
7F	44E0	2413	1814
7F	44E1	2413	1814
7F	44E2	2413	1814
7F	44E3	2413	1814
7F	44E6	2413	1814
7F	44E7	2413	1814
7F	44E8	2413	1814
7F	44E9	2413	1814
7F	44EA	2413	1814
7F	44EB	2413	1814
7F	44EC	2413	1814
7F	44ED	2413	1814
7F	44EE	2413	1814
7F	44F0	2413	1814
7F	4506	2413	1814
7F	4507	2413	1814
7F	4508	2413	1814
7F	4509	2413	1814
7F	450A	2413	1814
7F	450B	2413	1814
7F	450E	2413	1814
7F	450F	2413	1814
7F	4511	2413	1814
7F	4512	2413	1814
7F	4513	9639	1814
7F	4514	9639	1814
7F	4516	7226	1814
7F	4518	7226	1814
7F	451A	7226	1814
7F	451C	2413	1814
7F	451D	2413	1814
7F	4520	2413	1814
7F	4521	2413	1814
7F	4522	2413	1814
7F	4523	2413	1814
7F	4524	2413	1814
7F	4525	2413	1814
7F	4526	2413	1814
7F	4527	2413	1814
7F	4528	2413	1814
7F	452B	2413	1814
7F	452C	2413	1814
7F	452D	2413	1814
7F	452E	2413	1814
7F	452F	2413	1814
7F	4530	2413	1814
7F	4531	2413	1814
7F	4532	2413	1814
7F	4533	2413	1814
7F	4535	2413	1814
7F	4537	1038	1817
7F	4538	1038	1817
7F	453B	1038	1817
7F	453C	1038	1817
7F	453D	1038	1817
7F	453E	1038	1817
7F	4540	1038	1817
7F	454B	2413	1814
7F	454C	2413	1814
7F	454D	2413	1814
7F	454E	2413	1814
7F	454F	2413	1814
7F	4550	2413	1814
7F	4553	2413	1814
7F	4554	2413	1814
7F	4556	2413	1814
7F	4557	2413	1814
7F	4558	9639	1814
7F	4559	9639	1814
7F	455B	7226	1814
7F	455D	7226	1814
7F	455F	7226	1814
7F	4561	2413	1814
7F	4562	2413	1814
7F	4565	2413	1814
7F	4566	2413	1814
7F	4567	2413	1814
7F	4568	2413	1814
7F	4569	2413	1814
7F	456A	2413	1814
7F	456B	2413	1814
7F	456C	2413	1814
7F	456D	2413	1814
7F	4570	2413	1814
7F	4571	2413	1814
7F	4572	2413	1814
7F	4573	2413	1814
7F	4574	2413	1814
7F	4575	2413	1814
7F	4576	2413	1814
7F	4577	2413	1814
7F	4578	2413	1814
7F	457A	2413	1814
7F	4590	2413	1814
7F	4591	2413	1814
7F	4592	2413	1814
7F	4593	2413	1814
7F	4594	2413	1814
7F	4595	2413	1814
7F	4598	2413	1814
7F	4599	2413	1814
7F	459B	2413	1814
7F	459C	2413	1814
7F	459D	9639	1814
7F	459E	9639	1814
7F	45A0	7226	1814
7F	45A2	7226	1814
7F	45A4	7226	1814
7F	45A6	2413	1814
7F	45A7	2413	1814
7F	45AA	2413	1814
7F	45AB	2413	1814
7F	45AC	2413	1814
7F	45AD	2413	1814
7F	45AE	2413	1814
7F	45AF	2413	1814
7F	45B0	2413	1814
7F	45B1	2413	1814
7F	45B2	2413	1814
7F	45B5	2413	1814
7F	45B6	2413	1814
7F	45B7	2413	1814
7F	45B8	2413	1814
7F	45B9	2413	1814
7F	45BA	2413	1814
7F	45BB	2413	1814
7F	45BC	2413	1814
7F	45BD	2413	1814
7F	45BF	2413	1814
7F	45D5	2413	1814
7F	45D6	2413	1814
7F	45D7	2413	1814
7F	45D8	2413	1814
7F	45D9	2413	1814
7F	45DA	2413	1814
7F	45DD	2413	1814
7F	45DE	2413	1814
7F	45E0	2413	1814
7F	45E1	2413	1814
7F	45E2	9639	1814
7F	45E3	9639	1814
7F	45E5	7226	1814
7F	45E7	7226	1814
7F	45E9	7226	1814
7F	45EB	2413	1814
7F	45EC	2413	1814
7F	45EF	2413	1814
7F	45F0	2413	1814
7F	45F1	2413	1814
7F	45F2	2413	1814
7F	45F3	2413	1814
7F	45F4	2413	1814
7F	45F5	2413	1814
7F	45F6	2413	1814
7F	45F7	2413	1814
7F	45FA	2413	1814
7F	45FB	2413	1814
7F	45FC	2413	1814
7F	45FD	2413	1814
7F	45FE	2413	1814
7F	45FF	2413	1814
7F	4600	2413	1814
7F	4601	2413	1814
7F	4602	2413	1814
7F	4604	2413	1814
7F	461A	2413	1814
7F	461B	2413	1814
7F	461C	2413	1814
7F	461D	2413	1814
7F	461E	2413	1814
7F	461F	2413	1814
7F	4622	2413	1814
7F	4623	2413	1814
7F	4625	2413	1814
7F	4626	2413	1814
7F	4627	9639	1814
7F	4628	9639	1814
7F	462A	7226	1814
7F	462C	7226	1814
7F	462E	7226	1814
7F	4630	2413	1814
7F	4631	2413	1814
7F	4634	2413	1814
7F	4635	2413	1814
7F	4636	2413	1814
7F	4637	2413	1814
7F	4638	2413	1814
7F	4639	2413	1814
7F	463A	2413	1814
7F	463B	2413	1814
7F	463C	2413	1814
7F	463F	2413	1814
7F	4640	2413	1814
7F	4641	2413	1814
7F	4642	2413	1814
7F	4643	2413	1814
7F	4644	2413	1814
7F	4645	2413	1814
7F	4646	2413	1814
7F	4647	2413	1814
7F	4649	2413	1814
7F	465F	2413	1814
7F	4660	2413	1814
7F	4661	2413	1814
7F	4662	2413	1814
7F	4663	2413	1814
7F	4664	2413	1814
7F	4667	2413	1814
7F	4668	2413	1814
7F	466A	2413	1814
7F	466B	2413	1814
7F	466C	9639	1814
7F	466D	9639	1814
7F	466F	7226	1814
7F	4671	7226	1814
7F	4673	7226	1814
7F	4675	2413	1814
7F	4676	2413	1814
7F	4679	2413	1814
7F	467A	2413	1814
7F	467B	2413	1814
7F	467C	2413	1814
7F	467D	2413	1814
7F	467E	2413	1814
7F	467F	2413	1814
7F	4680	2413	1814
7F	4681	2413	1814
7F	4684	2413	1814
7F	4685	2413	1814
7F	4686	2413	1814
7F	4687	2413	1814
7F	4688	2413	1814
7F	4689	2413	1814
7F	468A	2413	1814
7F	468B	2413	1814
7F	468C	2413	1814
7F	468E	2413	1814
7F	46A4	2413	1814
7F	46A5	2413	1814
7F	46A6	2413	1814
7F	46A7	2413	1814
7F	46A8	2413	1814
7F	46A9	2413	1814
7F	46AC	2413	1814
7F	46AD	2413	1814
7F	46AF	2413	1814
7F	46B0	2413	1814
7F	46B1	9639	1814
7F	46B2	9639	1814
7F	46B4	7226	1814
7F	46B6	7226	1814
7F	46B8	7226	1814
7F	46BA	2413	1814
7F	46BB	2413	1814
7F	46BE	2413	1814
7F	46BF	2413	1814
7F	46C0	2413	1814
7F	46C1	2413	1814
7F	46C2	2413	1814
7F	46C3	2413	1814
7F	46C4	2413	1814
7F	46C5	2413	1814
7F	46C6	2413	1814
7F	46C9	2413	1814
7F	46CA	2413	1814
7F	46CB	2413	1814
7F	46CC	2413	1814
7F	46CD	2413	1814
7F	46CE	2413	1814
7F	46CF	2413	1814
7F	46D0	2413	1814
7F	46D1	2413	1814
7F	46D3	2413	1814
7F	46E9	2413	1814
7F	46EA	2413	1814
7F	46EB	2413	1814
7F	46EC	2413	1814
7F	46ED	2413	1814
7F	46EE	2413	1814
7F	46F1	2413	1814
7F	46F2	2413	1814
7F	46F4	2413	1814
7F	46F5	2413	1814
7F	46F6	9639	1814
7F	46F7	9639	1814
7F	46F9	7226	1814
7F	46FB	7226	1814
7F	46FD	7226	1814
7F	46FF	2413	1814
7F	4700	2413	1814
7F	4703	2413	1814
7F	4704	2413	1814
7F	4705	2413	1814
7F	4706	2413	1814
7F	4707	2413	1814
7F	4708	2413	1814
7F	4709	2413	1814
7F	470A	2413	1814
7F	470B	2413	1814
7F	470E	2413	1814
7F	470F	2413	1814
7F	4710	2413	1814
7F	4711	2413	1814
7F	4712	2413	1814
7F	4713	2413	1814
7F	4714	2413	1814
7F	4715	2413	1814
7F	4716	2413	1814
7F	4718	2413	1814
7F	472E	2413	1814
7F	472F	2413	1814
7F	4730	2413	1814
7F	4731	2413	1814
7F	4732	2413	1814
7F	4733	2413	1814
7F	4736	2413	1814
7F	4737	2413	1814
7F	4739	2413	1814
7F	473A	2413	1814
7F	473B	9639	1814
7F	473C	9639	1814
7F	473E	7226	1814
7F	4740	7226	1814
7F	4742	7226	1814
7F	4744	2413	1814
7F	4745	2413	1814
7F	4748	2413	1814
7F	4749	2413	1814
7F	474A	2413	1814
7F	474B	2413	1814
7F	474C	2413	1814
7F	474D	2413	1814
7F	474E	2413	1814
7F	474F	2413	1814
7F	4750	2413	1814
7F	4753	2413	1814
7F	4754	2413	1814
7F	4755	2413	1814
7F	4756	2413	1814
7F	4757	2413	1814
7F	4758	2413	1814
7F	4759	2413	1814
7F	475A	2413	1814
7F	475B	2413	1814
7F	475D	2413	1814
7F	475F	1320	1814
7F	4760	1320	1814
7F	4763	1320	1814
7F	4764	1320	1814
7F	4765	1320	1814
7F	4766	1320	1814
7F	4768	1320	1814
7F	476A	22	21955
7F	476C	22	21955
7F	476D	22	21955
7F	476F	22	21955
7F	4771	22	21955
7F	4773	2413	1814
7F	4774	2413	1814
7F	4775	2413	1814
7F	4776	2413	1814
7F	4777	2413	1814
7F	4778	2413	1814
7F	477B	2413	1814
7F	477C	2413	1814
7F	477E	2413	1814
7F	477F	2413	1814
7F	4780	9639	1814
7F	4781	9639	1814
7F	4783	7226	1814
7F	4785	7226	1814
7F	4787	7226	1814
7F	4789	2413	1814
7F	478A	2413	1814
7F	478D	2413	1814
7F	478E	2413	1814
7F	478F	2413	1814
7F	4790	2413	1814
7F	4791	2413	1814
7F	4792	2413	1814
7F	4793	2413	1814
7F	4794	2413	1814
7F	4795	2413	1814
7F	4798	2413	1814
7F	4799	2413	1814
7F	479A	2413	1814
7F	479B	2413	1814
7F	479C	2413	1814
7F	479D	2413	1814
7F	479E	2413	1814
7F	479F	2413	1814
7F	47A0	2413	1814
7F	47A2	2413	1814
7F	47B8	2413	1814
7F	47B9	2413	1814
7F	47BA	2413	1814
7F	47BB	2413	1814
7F	47BC	2413	1814
7F	47BD	2413	1814
7F	47C0	2413	1814
7F	47C1	2413	1814
7F	47C3	2413	1814
7F	47C4	2413	1814
7F	47C5	9639	1814
7F	47C6	9639	1814
7F	47C8	7226	1814
7F	47CA	7226	1814
7F	47CC	7226	1814
7F	47CE	2413	1814
7F	47CF	2413	1814
7F	47D2	2413	1814
7F	47D3	2413	1814
7F	47D4	2413	1814
7F	47D5	2413	1814
7F	47D6	2413	1814
7F	47D7	2413	1814
7F	47D8	2413	1814
7F	47D9	2413	1814
7F	47DA	2413	1814
7F	47DD	2413	1814
7F	47DE	2413	1814
7F	47DF	2413	1814
7F	47E0	2413	1814
7F	47E1	2413	1814
7F	47E2	2413	1814
7F	47E3	2413	1814
7F	47E4	2413	1814
7F	47E5	2413	1814
7F	47E7	2413	1814
7F	47FD	2413	1814
7F	47FE	2413	1814
7F	47FF	2413	1814
7F	4800	2413	1814
7F	4801	2413	1814
7F	4802	2413	1814
7F	4805	2413	1814
7F	4806	2413	1814
7F	4808	2413	1814
7F	4809	2413	1814
7F	480A	9639	1814
7F	480B	9639	1814
7F	480D	7226	1814
7F	480F	7226	1814
7F	4811	7226	1814
7F	4813	2413	1814
7F	4814	2413	1814
7F	4817	2413	1814
7F	4818	2413	1814
7F	4819	2413	1814
7F	481A	2413	1814
7F	481B	2413	1814
7F	481C	2413	1814
7F	481D	2413	1814
7F	481E	2413	1814
7F	481F	2413	1814
7F	4822	2413	1814
7F	4823	2413	1814
7F	4824	2413	1814
7F	4825	2413	1814
7F	4826	2413	1814
7F	4827	2413	1814
7F	4828	2413	1814
7F	4829	2413	1814
7F	482A	2413	1814
7F	482C	2413	1814
7F	4842	2413	1814
7F	4843	2413	1814
7F	4844	2413	1814
7F	4845	2413	1814
7F	4846	2413	1814
7F	4847	2413	1814
7F	484A	2413	1814
7F	484B	2413	1814
7F	484D	2413	1814
7F	484E	2413	1814
7F	484F	9639	1814
7F	4850	9639	1814
7F	4852	7226	1814
7F	4854	7226	1814
7F	4856	7226	1814
7F	4858	2413	1814
7F	4859	2413	1814
7F	485C	2413	1814
7F	485D	2413	1814
7F	485E	2413	1814
7F	485F	2413	1814
7F	4860	2413	1814
7F	4861	2413	1814
7F	4862	2413	1814
7F	4863	2413	1814
7F	4864	2413	1814
7F	4867	2413	1814
7F	4868	2413	1814
7F	4869	2413	1814
7F	486A	2413	1814
7F	486B	2413	1814
7F	486C	2413	1814
7F	486D	2413	1814
7F	486E	2413	1814
7F	486F	2413	1814
7F	4871	2413	1814
7F	4887	2413	1814
7F	4888	2413	1814
7F	4889	2413	1814
7F	488A	2413	1814
7F	488B	2413	1814
7F	488C	2413	1814
7F	488F	2413	1814
7F	4890	2413	1814
7F	4892	2413	1814
7F	4893	2413	1814
7F	4894	9639	1814
7F	4895	9639	1814
7F	4897	7226	1814
7F	4899	7226	1814
7F	489B	7226	1814
7F	489D	2413	1814
7F	489E	2413	1814
7F	48A1	2413	1814
7F	48A2	2413	1814
7F	48A3	2413	1814
7F	48A4	2413	1814
7F	48A5	2413	1814
7F	48A6	2413	1814
7F	48A7	2413	1814
7F	48A8	2413	1814
7F	48A9	2413	1814
7F	48AC	2413	1814
7F	48AD	2413	1814
7F	48AE	2413	1814
7F	48AF	2413	1814
7F	48B0	2413	1814
7F	48B1	2413	1814
7F	48B2	2413	1814
7F	48B3	2413	1814
7F	48B4	2413	1814
7F	48B6	2413	1814
7F	48CC	2413	1814
7F	48CD	2413	1814
7F	48CE	2413	1814
7F	48CF	2413	1814
7F	48D0	2413	1814
7F	48D1	2413	1814
7F	48D4	2413	1814
7F	48D5	2413	1814
7F	48D7	2413	1814
7F	48D8	2413	1814
7F	48D9	9639	1814
7F	48DA	9639	1814
7F	48DC	7226	1814
7F	48DE	7226	1814
7F	48E0	7226	1814
7F	48E2	2413	1814
7F	48E3	2413	1814
7F	48E6	2413	1814
7F	48E7	2413	1814
7F	48E8	2413	1814
7F	48E9	2413	1814
7F	48EA	2413	1814
7F	48EB	2413	1814
7F	48EC	2413	1814
7F	48ED	2413	1814
7F	48EE	2413	1814
7F	48F1	2413	1814
7F	48F2	2413	1814
7F	48F3	2413	1814
7F	48F4	2413	1814
7F	48F5	2413	1814
7F	48F6	2413	1814
7F	48F7	2413	1814
7F	48F8	2413	1814
7F	48F9	2413	1814
7F	48FB	2413	1814
7F	48FD	55	2684
7F	48FE	55	2684
7F	4901	55	2684
7F	4902	55	2684
7F	4903	55	2684
7F	4904	55	2684
7F	4906	55	2684
7F	4911	2413	1814
7F	4912	2413	1814
7F	4913	2413	1814
7F	4914	2413	1814
7F	4915	2413	1814
7F	4916	2413	1814
7F	4919	2413	1814
7F	491A	2413	1814
7F	491C	2413	1814
7F	491D	2413	1814
7F	491E	9639	1814
7F	491F	9639	1814
7F	4921	7226	1814
7F	4923	7226	1814
7F	4925	7226	1814
7F	4927	2413	1814
7F	4928	2413	1814
7F	492B	2413	1814
7F	492C	2413	1814
7F	492D	2413	1814
7F	492E	2413	1814
7F	492F	2413	1814
7F	4930	2413	1814
7F	4931	2413	1814
7F	4932	2413	1814
7F	4933	2413	1814
7F	4936	2413	1814
7F	4937	2413	1814
7F	4938	2413	1814
7F	4939	2413	1814
7F	493A	2413	1814
7F	493B	2413	1814
7F	493C	2413	1814
7F	493D	2413	1814
7F	493E	2413	1814
7F	4940	2413	1814
7F	4956	2413	1814
7F	4957	2413	1814
7F	4958	2413	1814
7F	4959	2413	1814
7F	495A	2413	1814
7F	495B	2413	1814
7F	495E	2413	1814
7F	495F	2413	1814
7F	4961	2413	1814
7F	4962	2413	1814
7F	4963	9639	1814
7F	4964	9639	1814
7F	4966	7226	1814
7F	4968	7226	1814
7F	496A	7226	1814
7F	496C	2413	1814
7F	496D	2413	1814
7F	4970	2413	1814
7F	4971	2413	1814
7F	4972	2413	1814
7F	4973	2413	1814
7F	4974	2413	1814
7F	4975	2413	1814
7F	4976	2413	1814
7F	4977	2413	1814
7F	4978	2413	1814
7F	497B	2413	1814
7F	497C	2413	1814
7F	497D	2413	1814
7F	497E	2413	1814
7F	497F	2413	1814
7F	4980	2413	1814
7F	4981	2413	1814
7F	4982	2413	1814
7F	4983	2413	1814
7F	4985	2413	1814
7F	4987	1038	1817
7F	4988	1038	1817
7F	498B	1038	1817
7F	498C	1038	1817
7F	498D	1038	1817
7F	498E	1038	1817
7F	4990	1038	1817
7F	4992	388	1829
7F	4994	388	1829
7F	4995	388	1829
7F	4997	388	1829
7F	4999	388	1829
7F	499B	2413	1814
WRAM	CBF1	23154	17	C3BA03	0	0
WRAM	CBF7	138980	44	C3ED01	0	0
WRAM	CBFA	8058	44	C3B701	0	0
HRAM	FF80	23154	17	3EC0E0	0	0
HRAM	FF82	23154	17	E0463E	0	0
HRAM	FF84	23154	17	3E283D	0	0
HRAM	FF86	926160	17	3D20FD	0	0
HRAM	FF87	926160	17	20FDC9	0	0
HRAM	FF89	23154	17	C94F00	21577	0
HRAM	FFA8	107796	16	3E0021	49451	0
HRAM	FFAA	107796	16	21B605	107795	0
HRAM	FFAD	107796	16	C3F07B	107794	0
