# bank	addr	count	first_frame	first_bytes	changed	wram_bank
# bank = ROM bank actually mapped (2 hex digits) or WRAM/HRAM/VRAM/SRAM/OTHER; addr = CPU address of an executed instruction start
# first_bytes/changed/wram_bank are present for RAM rows only (3 bytes at addr at first execution; times they differed later; SVBK bank for D000-DFFF)
00	0040	129149	17
00	0050	184266	44
00	0058	14928	44
00	0100	20	0
00	0101	20	0
00	0150	113	44
00	0152	113	44
00	0155	113	44
00	0156	113	44
00	0159	113	44
00	015A	113	44
00	015D	113	44
00	015F	31	44
00	0161	31	44
00	0162	31	44
00	0164	31	44
00	0167	31	44
00	0168	31	44
00	0169	31	44
00	016A	31	44
00	016B	113	44
00	016E	113	44
00	0170	113	44
00	0173	113	44
00	0174	113	44
00	0175	113	44
00	0176	113	44
00	0177	113	44
00	017A	113	44
00	017C	113	44
00	017D	113	44
00	017F	113	44
00	0180	113	44
00	0182	113	44
00	0185	113	44
00	0187	113	44
00	018A	113	44
00	018D	113	44
00	0190	113	44
00	0191	113	44
00	0194	113	44
00	0195	113	44
00	0198	113	44
00	0199	113	44
00	019C	113	44
00	019D	113	44
00	019E	113	44
00	019F	113	44
00	01A0	113	44
00	01A1	113	44
00	01A4	113	44
00	01A5	113	44
00	01A8	113	44
00	01AB	113	44
00	01AD	113	44
00	01B0	113	44
00	01B1	113	44
00	01B2	113	44
00	01B3	113	44
00	01B6	113	44
00	01B7	14928	44
00	01B8	14928	44
00	01B9	14928	44
00	01BA	14928	44
00	01BB	14928	44
00	01BE	14928	44
00	01BF	14928	44
00	01C0	14928	44
00	01C1	14928	44
00	01C2	14928	44
00	01C5	14928	44
00	01C7	14928	44
00	01C8	14928	44
00	01CA	14928	44
00	01CB	14928	44
00	01CD	14928	44
00	01D0	14928	44
00	01D2	14928	44
00	01D5	14928	44
00	01D8	14928	44
00	01D9	14928	44
00	01DC	14928	44
00	01DD	14928	44
00	01DE	14928	44
00	01DF	14928	44
00	01E0	14928	44
00	01E1	14928	44
00	01E4	14928	44
00	01E5	14928	44
00	01E8	14928	44
00	01E9	14928	44
00	01EA	14928	44
00	01EB	14928	44
00	01EC	14928	44
00	01ED	184266	44
00	01EE	184266	44
00	01EF	184266	44
00	01F0	184266	44
00	01F1	184266	44
00	01F2	184266	44
00	01F4	184266	44
00	01F6	184266	44
00	01F8	184266	44
00	01FA	184266	44
00	01FD	184266	44
00	01FE	184266	44
00	0200	184266	44
00	0203	184266	44
00	0205	184266	44
00	0207	184266	44
00	0209	184266	44
00	020B	184266	44
00	020D	184266	44
00	0210	184266	44
00	0211	184266	44
00	0212	184266	44
00	0213	184266	44
00	0214	184266	44
00	0217	184266	44
00	0219	184266	44
00	021A	184266	44
00	021C	184266	44
00	021D	184266	44
00	021F	184266	44
00	0222	184266	44
00	0224	184266	44
00	0227	184266	44
00	022A	184266	44
00	022B	184266	44
00	022E	184266	44
00	022F	184266	44
00	0230	184266	44
00	0231	184266	44
00	0232	184266	44
00	0233	184266	44
00	0236	184266	44
00	0237	184266	44
00	023A	184266	44
00	023C	184266	44
00	023E	184266	44
00	0240	184266	44
00	0242	184266	44
00	0243	184266	44
00	0244	184266	44
00	0245	184266	44
00	0246	184266	44
00	0278	20	0
00	0279	20	0
00	027B	20	0
00	027E	20	0
00	027F	20	0
00	0280	20	0
00	0282	20	0
00	0284	20	0
00	0286	20	0
00	0289	20	0
00	028C	20	0
00	028E	20	0
00	0290	20	0
00	0292	20	0
00	0295	20	0
00	0296	20	0
00	0299	20	0
00	029C	20	0
00	029E	20	0
00	02A0	20	0
00	02AE	20	0
00	02B0	20	0
00	02B2	20	0
00	02B5	20	0
00	02B8	20	0
00	02B9	20	0
00	02BC	20	1
00	02BE	20	1
00	02C0	120	1
00	02C1	120	1
00	02C3	120	1
00	02C6	120	1
00	02C9	120	1
00	02CA	120	1
00	02CD	120	2
00	02CE	120	2
00	02CF	120	2
00	02D1	20	5
00	02D2	20	5
00	02D4	20	5
00	02D6	20	5
00	02D9	20	5
00	02DC	20	5
00	02DD	20	5
00	02E0	20	7
00	02E3	20	7
00	02E6	20	7
00	02E7	20	7
00	02EA	20	8
00	02ED	20	8
00	02F0	20	8
00	02F3	20	8
00	02F4	20	8
00	02F7	20	8
00	02FA	20	8
00	02FB	20	8
00	02FD	20	8
00	0300	20	8
00	0302	20	8
00	0303	20	8
00	0305	20	8
00	0307	20	8
00	030A	20	8
00	030B	20	8
00	030D	20	8
00	030F	20	8
00	0311	20	8
00	0314	20	8
00	0317	20	17
00	031A	20	17
00	031B	20	17
00	031C	20	17
00	031E	20	17
00	0321	20	17
00	0322	20	17
00	0324	20	17
00	0327	20	17
00	0328	20	17
00	0331	40	16
00	0333	40	16
00	0335	40	16
00	0338	40	16
00	033A	40	16
00	033D	40	16
00	033F	40	16
00	0341	40	16
00	0344	40	16
00	0346	40	16
00	0349	40	16
00	034A	80	16
00	034C	5120	16
00	034D	5120	16
00	034E	5120	16
00	034F	5120	16
00	0351	80	16
00	0392	745851	0
00	0393	745851	0
00	0395	745851	0
00	0397	745851	0
00	0399	86	0
00	039A	745851	0
00	039D	745851	0
00	039E	745851	0
00	03A0	129083	0
00	03A2	129083	0
00	03A5	129083	0
00	03A6	129083	0
00	03A7	129083	0
00	03A8	129083	0
00	03AA	129083	0
00	03AB	129083	0
00	03AD	129083	0
00	03AF	129083	0
00	03B2	129083	0
00	03B3	129083	0
00	03B5	129083	0
00	03B6	129083	0
00	03B7	129083	0
00	03B8	745851	0
00	03B9	745851	0
00	03BA	129149	17
00	03BB	129149	17
00	03BE	129149	17
00	03BF	129149	17
00	03C1	129149	17
00	03C4	129149	17
00	03C5	129149	17
00	03C6	129149	17
00	03C7	129149	17
00	03CA	129149	17
00	03CB	129149	17
00	03CD	129149	17
00	03D0	129149	17
00	03D3	129149	17
00	03D5	129149	17
00	03D7	129149	17
00	03D9	129149	17
00	03DA	129149	17
00	03DD	129149	17
00	03DE	129149	17
00	03E0	129149	17
00	0400	129149	17
00	0401	129149	17
00	0404	129149	17
00	0406	129149	17
00	0408	129149	17
00	040A	120900	17
00	040B	129149	17
00	040E	129149	17
00	040F	129149	17
00	0411	129149	17
00	0413	129	104
00	0414	129	104
00	0415	129	104
00	0417	129	104
00	0418	129	104
00	041A	129	104
00	042E	129149	17
00	042F	129149	17
00	0432	129149	17
00	0433	129149	17
00	0435	126	17
00	0437	126	17
00	0438	126	17
00	043A	126	17
00	043B	126	17
00	043E	126	17
00	0440	129023	18
00	0441	129023	18
00	0443	129023	18
00	0446	129149	17
00	0447	129149	17
00	0448	129149	17
00	0449	129149	17
00	044A	129149	17
00	044B	95576	43
00	044C	95576	43
00	044E	95576	43
00	0450	95576	43
00	0452	95576	43
00	0453	231792	43
00	0454	231774	44
00	0455	231774	44
00	0458	231774	44
00	0459	231774	44
00	045B	95558	44
00	045C	95558	44
00	045F	95558	44
00	0462	95558	44
00	0463	95558	44
00	047A	9678	28
00	047B	9678	28
00	047D	9678	28
00	047F	9678	28
00	0481	10081	28
00	0482	10081	28
00	0483	10081	29
00	0484	10081	29
00	0485	10081	29
00	0488	10081	29
00	0489	10081	29
00	048B	9713	29
00	048D	9713	29
00	048F	9713	29
00	0491	9678	29
00	0492	9678	29
00	0495	9678	29
00	0496	9678	29
00	0497	35	7613
00	0498	35	7613
00	049B	35	7613
00	049E	35	7613
00	04A0	40	16
00	04A2	40	16
00	04A5	40	16
00	04A7	40	16
00	04AA	40	16
00	04AC	40	16
00	04AF	40	16
00	04B1	40	16
00	04B4	40	16
00	04B6	40	16
00	04B9	40	16
00	04BB	40	16
00	04BE	40	16
00	04C0	40	16
00	04C3	40	16
00	04C5	40	16
00	04C8	40	16
00	04CA	40	16
00	04CD	40	16
00	04CF	40	16
00	04D2	40	16
00	04D4	40	16
00	04D7	40	16
00	04D8	9126	0
00	04D9	9126	0
00	04DA	9126	0
00	04DC	266711	8
00	04DD	266711	8
00	04DE	266711	8
00	04E0	8541	8
00	04E1	585	0
00	04E2	585	0
00	04E3	585	0
00	04E5	80	8
00	04E6	2457740	0
00	04E7	2457740	0
00	04E8	2457740	0
00	04EA	9625	0
00	04EB	9625	0
00	04ED	585	1
00	050C	2167	26
00	050D	2167	26
00	050E	2167	26
00	0510	177512	26
00	0511	177512	26
00	0512	177512	26
00	0513	177512	26
00	0514	177512	26
00	0516	1969	26
00	0517	198	324
00	0518	198	324
00	0519	198	324
00	051C	50688	324
00	051D	50688	324
00	051E	50688	324
00	051F	50688	324
00	0520	50688	324
00	0522	198	324
00	0523	198	324
00	0525	198	324
00	0545	17880	27
00	0546	17880	27
00	0547	17880	27
00	0548	17880	27
00	054A	17880	27
00	054B	17880	27
00	054C	17880	27
00	054D	17880	27
00	054E	17880	27
00	054F	17880	27
00	0550	17880	27
00	056A	7730	375
00	056C	7730	375
00	056D	7730	375
00	056E	7730	375
00	0570	7730	375
00	0572	7730	375
00	0573	7730	375
00	0575	7730	375
00	0578	7583	375
00	057A	7583	375
00	057D	7534	375
00	057F	7534	375
00	0582	7520	375
00	0584	7520	375
00	0587	7500	375
00	0589	7500	375
00	058C	20	524
00	058E	20	524
00	0591	14	19924
00	0593	14	19924
00	0596	49	476
00	0598	49	476
00	059B	147	532
00	059C	147	532
00	059F	60	8
00	05A2	60	8
00	05A5	600	8
00	05A6	600	8
00	05A7	600	8
00	05A8	600	8
00	05A9	600	8
00	05AB	60	8
00	05B6	538	28
00	05B8	538	28
00	05BA	538	28
00	05BC	538	28
00	05BD	20	0
00	05BF	20	0
00	05C1	20	0
00	05C2	20	0
00	05C3	20	0
00	05C5	20	0
00	05C7	20	0
00	05ED	20	0
00	05EF	20	0
00	05F1	20	0
00	05F3	20	0
00	05F5	20	0
00	05F7	20	0
00	05F9	20	0
00	05FB	20	0
00	05FD	20	0
00	05FE	20	0
00	0601	20	0
00	0602	20	0
00	0603	20	0
00	0605	20	0
00	0606	20	0
00	0608	20	0
00	0609	20	0
00	060A	20	0
00	060C	20	0
00	060E	20	0
00	0610	20	0
00	0611	20	0
00	0613	20	0
00	0615	20	0
00	0617	20	0
00	0619	20	0
00	061B	20	0
00	061C	20	0
00	061E	20	0
00	061F	20	0
00	0621	20	0
00	0622	548100	16
00	0623	548100	16
00	0624	458722	16
00	0626	458722	16
00	0628	23503	345
00	062A	23503	345
00	062C	23503	345
00	062E	23503	345
00	0630	23503	345
00	0637	435219	16
00	0639	435219	16
00	063C	435219	16
00	063D	161248	26
00	063E	161248	26
00	063F	1037	26
00	0641	1037	26
00	0643	1037	26
00	0645	1037	26
00	0647	1037	26
00	0649	1037	26
00	064B	1037	26
00	0658	160211	43
00	0659	160211	43
00	065A	160211	43
00	065C	160211	43
00	066D	160211	43
00	066F	160211	43
00	0672	160211	43
00	0673	251786	16
00	0675	251786	16
00	0681	251786	16
00	0683	251786	16
00	0684	40	16
00	0686	40	16
00	0688	40	16
00	068A	40	16
00	068C	40	16
00	068E	40	16
00	0690	40	16
00	0691	40	16
00	0693	40	16
00	0695	40	16
00	0697	40	16
00	0699	40	16
00	069B	40	16
00	069D	40	16
00	069F	40	16
00	06A1	40	16
00	06A3	40	16
00	06A5	40	16
00	06A7	40	16
00	06AA	40	16
00	06AB	40	16
00	06AD	40	16
00	06B0	40	16
00	06B2	40	16
00	06B4	40	16
00	06B6	40	16
00	06BC	875	26
00	06BE	875	26
00	06BF	875	26
00	06C1	875	26
00	06C2	875	26
00	06C4	875	26
00	06C5	875	26
00	06C6	875	26
00	06C8	875	26
00	06C9	875	26
00	06CB	875	26
00	06CD	875	26
00	06CF	875	26
00	06D1	250911	16
00	06D3	250911	16
00	06D4	250911	16
00	06D6	250911	16
00	06D7	250911	16
00	06D9	250911	16
00	06DA	250911	16
00	06DB	250911	16
00	06DD	250911	16
00	06DE	250911	16
00	06E0	250911	16
00	06E1	250911	16
00	06E3	250911	16
00	06EE	251786	16
00	06EF	251786	16
00	06F2	251786	16
00	06F3	251786	16
00	06F4	251786	16
00	06F6	251786	16
00	06F7	251786	16
00	06F9	251786	16
00	06FC	251786	16
00	06FF	251713	16
00	0701	251713	16
00	0702	251713	16
00	0704	251713	16
00	0705	251713	16
00	0707	251713	16
00	0708	251713	16
00	0709	251713	16
00	070C	251713	16
00	070D	251713	16
00	070E	251713	16
00	0710	251713	16
00	0711	251713	16
00	0713	251713	16
00	0749	1508	26
00	074B	1508	26
00	074E	1508	26
00	074F	1508	26
00	0751	1508	26
00	0752	1508	26
00	0754	1508	26
00	0755	1508	26
00	0757	1508	26
00	0758	1508	26
00	075A	1508	26
00	075C	1508	26
00	075D	1508	26
00	075F	1508	26
00	0761	1508	26
00	0763	1508	26
00	0764	1508	26
00	0766	1508	26
00	0768	1508	26
00	076A	2483200	26
00	076C	2483200	26
00	076E	2483200	26
00	0770	1508	27
00	0771	1508	27
00	0773	1508	27
00	0774	1508	27
00	0776	1508	27
00	0777	1508	27
00	0779	1508	27
00	0787	10737	23
00	0789	10737	23
00	078C	10737	23
00	078D	10737	23
00	078F	10737	23
00	0790	10737	23
00	0792	10737	23
00	0793	10737	23
00	0795	10737	23
00	0796	10737	23
00	0798	10737	23
00	079A	10737	23
00	079B	10737	23
00	079D	10737	23
00	079F	10737	23
00	07A1	10737	23
00	07A2	10737	23
00	07A4	10737	23
00	07A6	10737	23
00	07A8	35154730	23
00	07AA	35154729	23
00	07AC	35154729	23
00	07AE	10736	24
00	07AF	10736	24
00	07B1	10736	24
00	07B2	10736	24
00	07B4	10736	24
00	07B5	10736	24
00	07B8	10736	24
00	07BA	10736	24
00	07CB	5	7590
00	07CC	5	7590
00	07CE	5	7590
00	07D0	5	7590
00	07D2	5	7590
00	07D3	5	7590
00	07D5	5	7590
00	07D6	5	7590
00	07D8	5	7590
00	07D9	5	7590
00	07DB	5	7590
00	07DC	5	7590
00	07DF	5	7590
00	07E1	5	7590
00	07E3	5	7590
00	07E6	5	7590
00	07E7	5	7590
00	07EA	5	7591
00	07EB	5	7591
00	07ED	5	7591
00	07EF	5	7591
00	07F2	5	7591
00	07F3	5	7591
00	07F6	5	7591
00	07F7	5	7591
00	07FA	5	7591
00	082C	749	26
00	082D	749	26
00	082F	749	26
00	0831	749	26
00	0833	749	26
00	0834	749	26
00	0836	749	26
00	0837	749	26
00	0839	749	26
00	083A	749	26
00	083C	749	26
00	083F	749	26
00	0841	749	26
00	0843	749	26
00	0846	749	26
00	0847	749	26
00	084A	749	27
00	084B	749	27
00	084D	749	27
00	084F	749	27
00	0852	749	27
00	0853	749	27
00	0856	749	27
00	0857	749	27
00	085A	749	27
00	08B7	754	26
00	08B9	754	26
00	08BB	754	26
00	08BC	754	26
00	08BE	754	26
00	08C0	754	26
00	08EA	1037	26
00	08ED	1037	26
00	08EF	1037	26
00	08F2	1037	26
00	08F3	1037	26
00	08F5	1037	26
00	08F6	1037	26
00	08F7	1037	26
00	08FA	1037	26
00	08FB	1037	26
00	08FC	1037	26
00	08FD	1037	26
00	08FF	1037	26
00	0900	1037	26
00	0903	1037	26
00	0904	396748	26
00	0905	396748	26
00	0906	396748	26
00	0907	396748	26
00	0908	396748	26
00	090A	20952	26
00	090C	20952	26
00	090D	20952	26
00	090F	20952	26
00	0910	20952	26
00	0912	20952	26
00	0913	20952	26
00	0914	20952	26
00	0916	20952	26
00	0917	20952	26
00	0918	20952	26
00	0919	20952	26
00	091B	2074	26
00	091C	17	7969
00	091F	17	7969
00	0920	17	7969
00	0922	272	7969
00	0923	272	7969
00	0924	272	7969
00	0925	272	7969
00	0926	272	7969
00	0927	272	7969
00	0929	34	7969
00	092B	34	7969
00	092C	34	7969
00	092E	34	7969
00	092F	34	7969
00	0931	34	7969
00	0932	34	7969
00	0933	34	7969
00	0935	34	7969
00	0936	34	7969
00	0937	34	7969
00	0938	34	7969
00	093A	17	7969
00	0956	60250	43
00	0958	60250	43
00	095B	60250	43
00	095E	60250	43
00	095F	60250	43
00	0960	60250	43
00	0961	60250	43
00	0962	60250	43
00	0964	60250	43
00	0966	60250	43
00	0967	60250	43
00	0969	60250	43
00	096B	60250	43
00	096D	60250	43
00	096F	60250	43
00	0972	60250	43
00	0975	60250	43
00	0977	843500	43
00	0978	843500	43
00	0979	843500	43
00	097C	843500	43
00	097D	843500	43
00	097E	843500	43
00	0980	843500	43
00	0981	843500	43
00	0982	843500	43
00	0983	843500	43
00	0985	843500	43
00	0987	160211	43
00	0988	160211	43
00	098A	160211	43
00	098D	843500	43
00	098E	843500	43
00	098F	843500	43
00	0992	843500	43
00	0993	843500	43
00	0996	843500	43
00	0997	843500	43
00	0998	843500	43
00	0999	843500	43
00	099B	60250	43
00	099C	60250	43
00	099F	60250	43
00	09A0	60250	43
00	09A2	60250	43
00	09A4	60250	43
00	09A5	60250	43
00	09A8	60250	43
00	09AA	60250	43
00	09AB	60250	43
00	09AD	60250	43
00	09AF	60250	43
00	09B1	60250	43
00	09B2	60250	43
00	09B3	60250	43
00	09B4	60250	43
00	09B5	60250	43
00	09B6	570	22
00	09B9	570	23
00	09BA	570	23
00	09BB	570	23
00	09BC	570	23
00	09BE	570	23
00	09C0	570	23
00	09C1	570	23
00	09C3	570	23
00	09C5	570	23
00	09C7	570	23
00	09C9	570	23
00	09CA	570	23
00	09CC	570	23
00	09CE	570	23
00	09D1	570	23
00	09D4	570	23
00	09D6	570	23
00	09D9	570	23
00	09DB	570	23
00	09DC	570	23
00	09DE	570	23
00	09E0	570	23
00	09E2	570	23
00	09E3	570	23
00	09E4	570	23
00	09E5	570	23
00	09E6	2684	603
00	09E7	2684	603
00	09E8	2684	603
00	09EA	2684	603
00	09EC	2684	603
00	09ED	2684	603
00	09EF	2684	603
00	09F1	2684	603
00	09F3	2684	603
00	09F5	2684	603
00	09F8	2684	603
00	09FA	2684	603
00	09FD	2684	603
00	09FF	2684	603
00	0A00	2684	603
00	0A02	2684	603
00	0A04	2684	603
00	0A06	2684	603
00	0A07	2684	603
00	0A08	2684	603
00	0A09	60820	22
00	0A0A	60820	22
00	0A0B	60820	22
00	0A0C	60820	22
00	0A0E	60820	22
00	0A11	60820	22
00	0A12	9731200	22
00	0A13	9731200	22
00	0A14	9731200	22
00	0A16	60820	23
00	0A17	60820	23
00	0A18	60820	23
00	0A19	60820	23
00	0A65	2037	26
00	0A66	2037	26
00	0A68	2037	26
00	0A6A	2037	26
00	0A6B	2037	26
00	0A6D	2037	26
00	0A6F	2037	26
00	0A71	2037	26
00	0A73	2037	26
00	0A74	2037	26
00	0A75	2037	26
00	0A76	2037	26
00	0A77	2037	26
00	0A79	2037	26
00	0A7A	2037	26
00	0A7C	2037	26
00	0A7E	2037	26
00	0A80	2037	26
00	0A81	2037	26
00	0A82	5155	26
00	0A84	5155	26
00	0A86	5155	26
00	0A87	5155	26
00	0A89	5155	26
00	0A8A	5155	26
00	0A8B	5155	26
00	0A8D	5155	26
00	0A8F	5155	26
00	0A92	5155	26
00	0A94	5155	26
00	0A96	5155	26
00	0A98	5155	26
00	0A9B	5155	26
00	0A9C	5155	26
00	0A9F	5155	26
00	0AA0	5155	26
00	0AA1	5155	26
00	0AA4	5155	26
00	0AA5	5155	26
00	0AA7	5155	26
00	0AA8	5155	26
00	0AA9	5155	26
00	0AAA	5155	26
00	0AAB	5155	26
00	0AAE	5155	26
00	0AB0	5155	26
00	0AB1	5155	26
00	0AB3	5155	26
00	0AB5	5155	26
00	0AB7	5155	26
00	0AB8	5155	26
00	0AB9	5155	26
00	0ABA	5155	26
00	0ABB	5155	26
00	0ABD	5155	26
00	0ABE	5155	26
00	0ABF	5155	26
00	0AC0	5155	26
00	0AC1	5155	26
00	0AC3	5155	26
00	0AC4	5155	26
00	0AC5	5155	26
00	0AC6	5155	26
00	0AC7	5155	26
00	0AC8	5155	26
00	0AC9	5155	26
00	0ACA	5155	26
00	0ACB	5155	26
00	0ACC	5155	26
00	0ACD	5155	26
00	0ACE	5155	26
00	0ACF	5155	26
00	0AD0	5155	26
00	0AD1	5155	26
00	0AD2	5155	26
00	0AD3	5155	26
00	0AD4	5155	26
00	0AD5	5155	26
00	0AD6	5155	26
00	0AD7	5155	26
00	0AD8	5155	26
00	0AD9	5155	26
00	0ADA	5155	26
00	0ADB	5155	26
00	0ADC	5155	26
00	0ADD	5155	26
00	0ADE	5155	26
00	0ADF	5155	26
00	0AE0	5155	26
00	0AE1	5155	26
00	0AE4	5155	26
00	0AE5	5155	26
00	0AE6	5155	26
00	0AE7	5155	26
00	0AE8	843500	43
00	0AE9	843500	43
00	0AEA	843500	43
00	0AED	843500	43
00	0AEE	843500	43
00	0AEF	843500	43
00	0AF1	843500	43
00	0AF3	160211	43
00	0AF4	160211	43
00	0AF6	160211	43
00	0AF9	160211	43
00	0AFA	160211	43
00	0AFB	160211	43
00	0AFC	160211	43
00	0AFE	160211	43
00	0AFF	160211	43
00	0B00	160211	43
00	0B02	15268	62
00	0B03	15268	62
00	0B04	15268	62
00	0B05	15268	62
00	0B06	15268	62
00	0B07	15268	62
00	0B08	15268	62
00	0B0A	15268	62
00	0B0B	15268	62
00	0B0C	15268	62
00	0B0D	15268	62
00	0B0E	15268	62
00	0B0F	15268	62
00	0B10	15268	62
00	0B11	15268	62
00	0B13	13712	122
00	0B14	13712	122
00	0B17	13712	122
00	0B18	13712	122
00	0B1A	13712	122
00	0B23	15268	62
00	0B24	15268	62
00	0B25	15268	62
00	0B26	15268	62
00	0B28	15268	62
00	0B29	15268	62
00	0B2A	15268	62
00	0B2B	15268	62
00	0B2C	15268	62
00	0B2D	15268	62
00	0B2E	15268	62
00	0B2F	15268	62
00	0B32	15268	62
00	0B33	15268	62
00	0B34	15268	62
00	0B35	15268	62
00	0B36	843500	43
00	0B37	843500	43
00	0B38	843500	43
00	0B3B	843500	43
00	0B3C	843500	43
00	0B3D	843500	43
00	0B3E	843500	43
00	0B3F	843500	43
00	0B40	843500	43
00	0B41	843500	43
00	0B43	843500	43
00	0B45	160211	43
00	0B48	160211	43
00	0B49	160211	43
00	0B4A	160211	43
00	0B71	843500	43
00	0B72	843500	43
00	0B73	843500	43
00	0B74	843500	43
00	0B75	843500	43
00	0B78	843500	43
00	0B79	843500	43
00	0B7A	843500	43
00	0B7C	843500	43
00	0B7D	843500	43
00	0B7F	843500	43
00	0B80	843500	43
00	0B81	843500	43
00	0B83	843500	43
00	0B84	843500	43
00	0B85	843500	43
00	0B87	843500	43
00	0B88	843500	43
00	0B89	843500	43
00	0B8A	843500	43
00	0B8B	843500	43
00	0B8C	843500	43
00	0B8D	843500	43
00	0B8F	843500	43
00	0B91	159945	43
00	0B92	159945	43
00	0B94	159945	43
00	0B95	159945	43
00	0B96	159945	43
00	0B97	159945	43
00	0B98	159945	43
00	0B99	159945	43
00	0B9A	159945	43
00	0B9B	159945	43
00	0B9C	159945	43
00	0B9D	554734	43
00	0B9E	554734	43
00	0B9F	554734	43
00	0BA0	554734	43
00	0BA1	554734	43
00	0BA2	554734	43
00	0BA3	554734	43
00	0BA4	554734	43
00	0BA5	554734	43
00	0BA6	554734	43
00	0BA7	554734	43
00	0BA8	554734	43
00	0BA9	554734	43
00	0BAA	554734	43
00	0BAC	554734	43
00	0BAD	554734	43
00	0BAF	554734	43
00	0BB0	554734	43
00	0BB1	554734	43
00	0BB2	554734	43
00	0BB3	554734	43
00	0BB4	554734	43
00	0BB5	554734	43
00	0BB6	554734	43
00	0BB7	554734	43
00	0BB8	554734	43
00	0BBA	158385	43
00	0BBB	683555	43
00	0BBC	683555	43
00	0BE8	1185	331
00	0BEB	1185	331
00	0BED	18960	331
00	0BEF	18960	331
00	0BF1	18960	331
00	0BF3	2891	331
00	0BF4	18960	331
00	0BF6	18960	331
00	0BF8	18960	331
00	0BF9	18960	331
00	0BFB	1185	331
00	0BFC	1172	39549
00	0BFF	1172	39549
00	0C01	1172	39549
00	0C02	9376	39549
00	0C03	9376	39549
00	0C05	1606	39549
00	0C06	9376	39549
00	0C08	9376	39549
00	0C0A	9376	39549
00	0C0B	9376	39549
00	0C0D	1172	39549
00	0DB9	6312	551
00	0DBB	6312	551
00	0DBE	6312	551
00	0DC0	75744	551
00	0DC1	75744	551
00	0DC2	75744	551
00	0DC3	75744	551
00	0DC4	75744	551
00	0DC5	75744	551
00	0DC7	6312	551
00	0DC8	6312	551
00	0DCA	6312	551
00	0DCD	6312	551
00	0DE2	16946	335
00	0DE4	16946	335
00	0DE7	16946	335
00	0DE8	16946	335
00	0DE9	16946	335
00	0DEB	101676	335
00	0DEC	101676	335
00	0DED	101676	335
00	0DEF	101676	335
00	0DF0	101676	335
00	0DF1	101676	335
00	0DF2	101676	335
00	0DF3	101676	335
00	0DF5	101676	335
00	0DF7	101676	335
00	0DF8	101676	335
00	0DF9	101676	335
00	0DFA	101676	335
00	0DFC	101676	335
00	0DFE	101676	335
00	0DFF	101676	335
00	0E00	101676	335
00	0E01	101676	335
00	0E02	101676	335
00	0E04	16946	335
00	0E05	16946	335
00	0E06	16946	335
00	0E08	101676	335
00	0E0A	101676	335
00	0E0B	101676	335
00	0E0C	101676	335
00	0E0E	101676	335
00	0E10	101676	335
00	0E12	101676	335
00	0E14	101676	335
00	0E15	101676	335
00	0E16	101676	335
00	0E18	101676	335
00	0E1A	101676	335
00	0E1B	101676	335
00	0E1D	101676	335
00	0E1E	101676	335
00	0E1F	101676	335
00	0E20	101676	335
00	0E21	101676	335
00	0E23	101676	335
00	0E25	101676	335
00	0E26	101676	335
00	0E27	101676	335
00	0E28	101676	335
00	0E2A	16946	335
00	0E2C	16946	335
00	0E2E	16946	335
00	0E31	16946	335
00	0ED3	1521	335
00	0ED5	1521	335
00	0ED6	1521	335
00	0ED8	26108	335
00	0EDA	26108	335
00	0EDD	26108	335
00	0EDE	26108	335
00	0EE0	26108	335
00	0EE2	2850	338
00	0EE3	2850	338
00	0EE4	2850	338
00	0EE6	2850	338
00	0EE7	2850	338
00	0EE9	2850	338
00	0EEB	2850	338
00	0EEC	2850	338
00	0EED	2850	338
00	0EEE	2850	338
00	0EEF	2850	338
00	0F30	23258	335
00	0F31	23258	335
00	0F33	23258	335
00	0F35	16946	335
00	0F37	16946	335
00	0F49	6312	551
00	0F4A	23258	335
00	0F4C	6312	551
00	0F4D	6312	551
00	0F50	6312	551
00	0F51	6312	551
00	0F53	16946	335
00	0F54	16946	335
00	0F55	16946	335
00	0F56	16946	335
00	0F59	16945	335
00	0F5A	23257	335
00	0F5D	23257	335
00	0F5F	23257	335
00	0F60	23257	335
00	0F62	23257	335
00	0F63	23257	335
00	0F65	23257	335
00	0F68	1330	338
00	0F69	1330	338
00	0F6B	1330	338
00	0F6D	1330	338
00	0F6F	1330	338
00	0F71	1330	338
00	0F73	1330	338
00	0F74	1330	338
00	0F75	1330	338
00	0F76	1330	338
00	0F78	1330	338
00	0F79	1330	338
00	0F7B	1330	338
00	0F7C	1330	338
00	0F7E	1330	338
00	0F7F	1330	338
00	0F9D	1520	345
00	0F9E	1520	345
00	0FA0	1520	345
00	0FA1	1520	345
00	1044	16946	335
00	1045	16946	335
00	1046	16946	335
00	1048	16946	335
00	104A	16946	335
00	104C	16946	335
00	104F	16946	335
00	1052	16946	335
00	1053	16946	335
00	1059	16946	335
00	105B	16946	335
00	105C	16946	335
00	105E	16946	335
00	1060	16946	335
00	1062	16946	335
00	1064	16946	335
00	1066	16946	335
00	1067	16946	335
00	1069	16946	335
00	106A	16946	335
00	106C	16946	335
00	106D	16946	335
00	106F	16946	335
00	1070	16946	335
00	1073	16946	335
00	1079	16946	335
00	107B	16946	335
00	107D	16946	335
00	107F	16946	335
00	1080	16946	335
00	1082	16946	335
00	1084	16946	335
00	1086	16946	335
00	1088	16946	335
00	1089	16946	335
00	108B	16946	335
00	108D	16946	335
00	108F	16946	335
00	1091	16946	335
00	1093	16946	335
00	1094	16946	335
00	1096	16946	335
00	1097	16946	335
00	1099	16946	335
00	109A	16946	335
00	109D	16946	335
00	10A3	16945	335
00	10A5	16945	335
00	10A7	16945	335
00	10A9	16945	335
00	10AA	16945	335
00	10AC	16945	335
00	10AE	16945	335
00	10B0	16945	335
00	10B1	6312	551
00	10B2	6312	551
00	10B4	6312	551
00	10B5	6312	551
00	10B7	6312	551
00	10B9	6312	551
00	10BB	6312	551
00	10BD	6312	551
00	10C0	6312	551
00	10C6	6312	551
00	10C8	6312	551
00	10C9	6312	551
00	10CB	6312	551
00	10CC	6312	551
00	10CE	6312	551
00	10CF	6312	551
00	10D1	6312	551
00	10D2	6312	551
00	10D5	6312	551
00	10DB	6312	551
00	10DD	6312	551
00	10DF	6312	551
00	10E1	6312	551
00	10E2	6312	551
00	10E4	6312	551
00	10E6	6312	551
00	10E8	6312	551
00	14BF	12340	324
00	14C0	12340	324
00	14C1	12340	324
00	14C2	12340	324
00	14C3	12340	324
00	14C5	517	324
00	14C6	270	771
00	14C7	270	771
00	14C8	270	771
00	14C9	264	771
00	14CA	264	771
00	14CB	264	771
00	14CC	264	771
00	14CD	264	771
00	14CE	264	771
00	14D0	12	771
00	14E0	658	771
00	14E1	658	771
00	14E3	658	771
00	14E4	658	771
00	14E5	658	771
00	14E7	658	771
00	14E9	103	771
00	14EA	938	324
00	14EB	938	324
00	14ED	938	324
00	14EE	938	324
00	14EF	938	324
00	14F0	938	324
00	14F2	160	324
00	14F3	132	324
00	14F4	132	324
00	14F5	132	324
00	14F6	132	324
00	14F7	1348	324
00	14F8	1348	324
00	14F9	1348	324
00	14FB	132	324
00	14FC	132	324
00	14FD	132	324
00	14FE	132	324
00	14FF	132	324
00	1500	868	324
00	1501	868	324
00	1502	868	324
00	1503	868	324
00	1504	868	324
00	1505	868	324
00	1506	868	324
00	1508	132	324
00	1509	41	40426
00	150A	41	40426
00	150B	41	40426
00	150C	41	40426
00	150D	41	40426
00	150E	41	40426
00	150F	144	40426
00	1510	144	40426
00	1511	144	40426
00	1512	144	40426
00	1513	144	40426
00	1515	120	40426
00	1516	120	40426
00	1518	41	40426
00	1519	41	40426
00	151A	20	324
00	151B	20	324
00	151C	20	324
00	151E	320	324
00	151F	320	324
00	1521	300	324
00	1522	300	324
00	1523	300	324
00	1525	300	324
00	1526	300	324
00	1527	300	324
00	1528	300	324
00	152A	300	324
00	152B	300	324
00	152C	300	324
00	152E	20	324
00	152F	20	324
00	1530	20	324
00	1531	20	324
00	1532	20	324
00	1533	6	605
00	1534	6	605
00	1537	30	605
00	1538	30	605
00	1539	30	605
00	153A	30	605
00	153C	6	605
00	153D	132	609
00	153E	132	609
00	1540	132	609
00	1542	132	609
00	1543	132	609
00	1545	132	609
00	1547	132	609
00	1549	132	609
00	154B	132	609
00	154D	132	609
00	154F	132	609
00	1550	132	609
00	1552	132	609
00	1554	132	609
00	1556	132	609
00	1559	132	609
00	155A	132	609
00	155D	132	609
00	155E	132	609
00	155F	132	609
00	1560	132	609
00	1562	132	609
00	1563	132	609
00	1564	132	609
00	1565	132	609
00	1566	132	609
00	1567	132	609
00	156A	132	609
00	156D	132	609
00	156F	132	609
00	1570	132	609
00	1572	132	609
00	1575	132	609
00	1577	132	609
00	1579	132	609
00	157A	132	609
00	157C	132	609
00	157E	132	609
00	1580	132	609
00	1583	132	609
00	1585	132	609
00	1620	4032	329
00	1622	4032	329
00	1624	4032	329
00	1626	4032	329
00	163E	4032	329
00	1640	4032	329
00	1642	4032	329
00	1643	4032	329
00	1645	4032	329
00	1647	4032	329
00	164A	4032	329
00	164C	4032	329
00	164E	4032	329
00	1651	4032	329
00	1652	4032	329
00	1655	4032	329
00	1656	4032	329
00	1658	4032	329
00	165B	4032	329
00	165D	4032	329
00	165E	4032	329
00	1660	4032	329
00	1663	4032	329
00	1665	4032	329
00	1668	4032	329
00	1711	20	17
00	1713	20	17
00	1715	20	17
00	1716	20	17
00	1718	20	17
00	171A	20	17
00	171C	20	17
00	171F	20	17
00	1722	20	22
00	1724	20	22
00	1725	20	22
00	1727	20	22
00	172A	20	22
00	172C	20	22
00	20A0	20	8
00	20A3	20	8
00	20A6	129083	0
00	20A9	129063	17
00	20AC	3006	83
00	20AF	3006	83
00	20B2	17	7987
00	20B5	17	7987
00	20C4	20	323
00	20C7	20	323
00	20E8	282	43
00	20EB	282	43
00	20EE	132408	8
00	20F0	132408	8
00	20F3	132408	8
00	20F5	132408	8
00	20F8	306730	8
00	20FA	306730	8
00	20FD	306730	8
00	20FF	613460	8
00	2101	613460	8
00	2104	613460	8
00	2105	613460	8
00	2107	613460	8
00	210A	613460	8
00	210B	132408	8
00	210E	132408	8
00	2111	132408	8
00	2114	132408	8
00	2116	3325	43
00	2119	3325	43
00	211B	3325	43
00	211D	132388	17
00	211F	132388	17
00	2120	132388	17
00	2123	132388	17
00	2124	132388	17
00	2125	20	0
00	2126	20	0
00	2128	20	0
00	2129	129083	0
00	212C	129083	0
00	212E	129083	0
00	2130	20	0
00	2132	20	0
00	2141	132388	17
00	2144	132388	17
00	2146	132388	17
00	2148	132388	17
00	214B	132388	17
00	214D	132388	17
00	214E	132388	17
00	215E	48558	44
00	2161	48558	44
00	2164	48558	44
00	2167	48558	44
00	216A	48558	44
00	216B	48558	44
00	216C	48558	44
00	216F	125764	44
00	2172	125764	44
00	2175	125764	44
00	2178	125764	44
00	217B	125764	44
00	217C	125764	44
00	217D	125764	44
00	217E	125764	44
00	217F	125764	44
00	2180	125764	44
04	4000	20	8
04	4002	20	8
04	4005	20	8
04	4008	20	8
04	4009	20	8
04	400C	20	8
04	400D	20	8
04	4010	20	8
04	4012	20	8
04	4013	1260	8
04	4014	1260	8
04	4015	1260	8
04	4017	20	8
04	4018	20	8
04	401B	20	8
04	401C	20	8
04	401F	20	8
04	4021	20	8
04	4024	20	8
04	4027	20	8
04	402A	20	8
04	402D	20	8
04	402F	20	8
04	4032	20	8
04	4035	20	8
04	4037	20	8
04	403A	20	8
04	403B	20	8
04	403D	20	8
04	4040	20	8
04	4043	160	8
04	4044	160	8
04	4045	160	8
04	4046	160	8
04	4048	20	8
04	4049	20	8
04	404B	20	8
04	404E	20	8
04	4051	80	8
04	4052	80	8
04	4053	80	8
04	4054	80	8
04	4056	20	8
04	4058	20	8
04	405A	20	8
04	405C	20	8
04	405E	20	8
04	4060	20	8
04	4062	20	8
04	4064	20	8
04	4066	20	8
04	4068	20	8
04	406A	20	8
04	406C	20	8
04	406E	20	8
04	4070	20	8
04	4072	20	8
04	4074	20	8
04	4076	20	8
04	4078	20	8
04	407A	20	8
04	407C	20	8
04	407F	20	8
04	4082	129063	17
04	4083	129063	17
04	4084	129063	17
04	4087	129063	17
04	408A	129063	17
04	408C	129063	17
04	408F	129063	17
04	4090	129063	17
04	4091	129063	17
04	4092	129063	17
04	4094	129063	17
04	4095	129063	17
04	4096	129063	17
04	4097	129063	17
04	4099	129063	17
04	409A	129063	17
04	409B	129063	17
04	409D	129063	17
04	40AC	129063	17
04	40AD	129063	17
04	40AE	129063	17
04	40B1	516252	17
04	40B4	516252	17
04	40B7	516252	17
04	40B9	129063	17
04	40BC	516252	17
04	40BF	516252	17
04	40C2	516252	17
04	40C4	129063	17
04	40C7	129063	17
04	40C8	129063	17
04	40CA	129063	17
04	40CB	129063	17
04	40CC	129063	17
04	40CE	129063	17
04	40D0	129063	17
04	40D3	129063	17
04	40D5	129063	17
04	40D8	129063	17
04	40D9	129063	17
04	40DA	129063	17
04	40DB	129063	17
04	40DD	129063	17
04	40DE	129063	17
04	40DF	129063	17
04	40E0	129063	17
04	40E2	129063	17
04	40E3	129063	17
04	40E4	129063	17
04	40E6	129063	17
04	40E8	41920	376
04	40EB	167680	376
04	40EE	167680	376
04	40F1	167680	376
04	40F3	41920	376
04	40F5	87143	17
04	40F6	87143	17
04	40F7	87143	17
04	40FA	348572	17
04	40FD	348572	17
04	4100	348572	17
04	4102	87143	17
04	4105	348572	17
04	4108	348572	17
04	410B	348572	17
04	410D	87143	17
04	4110	87143	17
04	4111	87143	17
04	4113	87143	17
04	4114	87143	17
04	4115	87143	17
04	4117	87143	17
04	4119	129063	17
04	411C	516252	17
04	411F	516252	17
04	4122	516252	17
04	4124	129063	17
04	4127	129063	17
04	4128	129063	17
04	412A	8618	17
04	412C	129063	17
04	412D	129063	17
04	4130	129063	17
04	4132	129063	17
04	4135	129063	17
04	4138	1032504	17
04	4139	1032504	17
04	413B	1032504	17
04	413C	1032504	17
04	413D	1032504	17
04	413F	1032504	17
04	4140	1032504	17
04	4141	1032504	17
04	4143	129063	17
04	4144	129063	17
04	4147	129063	17
04	4148	129063	17
04	4149	129063	17
04	414C	132093	17
04	414F	132093	17
04	4151	132093	17
04	4153	129162	17
04	4156	129162	17
04	4158	129162	17
04	415F	261255	17
04	4162	261255	17
04	4163	261255	17
04	4164	261255	17
04	4165	261255	17
04	4166	261255	17
04	4167	1034439	17
04	416A	1034439	17
04	416B	1034439	17
04	416C	776178	17
04	416D	776178	17
04	416F	776178	17
04	4170	776178	17
04	4171	776178	17
04	4173	776178	17
04	4174	776178	17
04	4175	776178	17
04	4176	776178	17
04	4177	11346	84
04	417A	11346	84
04	417C	11346	84
04	417E	11346	84
04	4180	4220	44
04	4183	4220	44
04	4185	4220	44
04	4187	4220	44
04	4189	7368	84
04	418C	7368	84
04	418E	7368	84
04	4190	7368	84
04	4192	11671	375
04	4195	11671	375
04	4197	11671	375
04	4199	11671	375
04	419B	345269	17
04	419E	345269	17
04	41A0	345269	17
04	41A2	379874	17
04	41A5	379874	17
04	41A6	379874	17
04	41A7	379874	17
04	41A8	379874	17
04	41A9	379874	17
04	41AA	379874	17
04	41AB	379874	17
04	41AC	1381076	17
04	41AF	1381076	17
04	41B0	1381076	17
04	41B1	1035807	17
04	41B2	1035807	17
04	41B4	1035807	17
04	41B5	1035807	17
04	41B6	1035807	17
04	41B8	1035807	17
04	41B9	1035807	17
04	41BA	1035807	17
04	41BB	1035807	17
04	41BD	1035807	17
04	41BE	1035807	17
04	41BF	1035807	17
04	41C0	3006	83
04	41C1	3006	83
04	41C2	3006	83
04	41C5	3006	83
04	41C8	3006	83
04	41CB	3006	83
04	41CD	3006	83
04	4219	3006	83
04	421C	3006	83
04	421E	3006	83
04	4221	3006	83
04	4222	3006	83
04	4225	4467	83
04	4228	4467	83
04	4229	4467	83
04	422C	4467	83
04	422D	4467	83
04	422F	4467	83
04	4231	3583	83
04	4234	3583	83
04	4236	601	83
04	4239	601	83
04	423A	601	83
04	423D	601	83
04	423E	601	83
04	4241	1485	83
04	4244	1485	83
04	4246	1485	83
04	4249	1485	83
04	424C	1485	83
04	424E	24	79921
04	4251	24	79921
04	4253	24	79921
04	4256	66	79921
04	4259	66	79921
04	425A	66	79921
04	425D	66	79921
04	425E	66	79921
04	4260	66	79921
04	4263	66	79921
04	4264	66	79921
04	4267	66	79921
04	4268	66	79921
04	426B	66	79921
04	426C	66	79921
04	426F	66	79921
04	4270	66	79921
04	4272	18	79921
04	4275	18	79921
04	4277	54	79929
04	427A	54	79929
04	427C	54	79929
04	427F	54	79929
04	4282	54	79929
04	4284	3006	83
04	4287	79	43
04	4288	79	43
04	4289	79	43
04	428C	79	43
04	428D	79	43
04	4290	79	43
04	4291	79	43
04	4294	79	43
04	4295	79	43
04	4298	79	43
04	4299	79	43
04	429C	79	43
04	429F	79	43
04	42A2	251	43
04	42A5	251	43
04	42A7	172	374
04	42AA	172	374
04	42AE	65	43
04	42B1	65	43
04	42B2	65	43
04	42B5	65	43
04	42B6	65	43
04	42B7	65	43
04	42B8	144	43
04	42BB	144	43
04	42BD	79	43
04	42D6	282	43
04	42D9	282	43
04	42DA	282	43
04	42DC	220	1040
04	42DF	220	1040
04	42E0	220	1040
04	42E2	220	1040
04	42E5	220	1040
04	42E7	220	1040
04	42E9	220	1040
04	430A	3085	43
04	430B	3085	43
04	430E	3085	43
04	4310	3085	43
04	4311	3085	43
04	4319	3085	43
04	431B	3085	43
04	431D	3085	43
04	4320	3085	43
04	4321	3085	43
04	4322	3085	43
04	4323	3085	43
04	4324	3085	43
04	4325	3085	43
04	4328	3085	43
04	4329	3085	43
04	432A	3085	43
04	432B	3085	43
04	432C	3085	43
04	432D	3085	43
04	432E	3085	43
04	4331	3085	43
04	4332	3085	43
04	4335	3085	43
04	4336	3085	43
04	4339	3085	43
04	433A	3085	43
04	433D	3085	43
04	433E	3085	43
04	4341	3085	43
04	4342	3085	43
04	4343	3085	43
04	4344	3085	43
04	4347	3085	43
04	4348	3085	43
04	434B	3085	43
04	434C	3852	43
04	434F	3852	43
04	4350	3852	43
04	4353	3852	43
04	4354	3852	43
04	4356	3852	43
04	4357	3852	43
04	4358	3852	43
04	435B	3852	43
04	435C	3852	43
04	435F	3852	43
04	4360	3852	43
04	4363	3852	43
04	4364	3852	43
04	4367	3852	43
04	4368	3852	43
04	436B	3852	43
04	436C	3852	43
04	436F	3852	43
04	4370	3852	43
04	4373	3852	43
04	4374	3852	43
04	4377	3852	43
04	4378	3852	43
04	4379	779	83
04	437C	779	83
04	437E	779	83
04	437F	779	83
04	4380	779	83
04	4382	779	83
04	4383	779	83
04	4384	779	83
04	4385	779	83
04	4386	3852	44
04	4388	3852	44
04	4389	3852	44
04	438A	3852	44
04	438B	3852	44
04	438C	3852	44
04	438D	3852	44
04	438E	3852	44
04	438F	3852	44
04	4390	3852	44
04	4393	3852	44
04	4394	3852	44
04	4397	3852	44
04	4398	3852	44
04	439B	3852	44
04	439C	3852	44
04	439D	3852	44
04	439E	3852	44
04	43A1	3852	44
04	43A2	3852	44
04	43A3	3852	44
04	43A4	3852	44
04	43A5	3852	44
04	43A6	3852	44
04	43A7	3852	44
04	43A8	3852	44
04	43A9	3852	44
04	43AB	3852	44
04	43AC	3852	44
04	43AD	3852	44
04	43AE	3852	44
04	43AF	3852	44
04	43B0	3852	44
04	43B1	3852	44
04	43B2	3852	44
04	43B4	3852	44
04	43B5	3852	44
04	43B7	3852	44
04	43B8	3852	44
04	43B9	3852	44
04	43BA	3852	44
04	43BB	3852	44
04	43BC	3852	44
04	43BE	3852	44
04	43BF	3852	44
04	43C0	3852	44
04	43C1	3852	44
04	43C2	3852	44
04	43C3	3852	44
04	43C4	3852	44
04	43C6	3852	44
04	43C7	3852	44
04	43C8	3852	44
04	43C9	3852	44
04	43CA	3852	44
04	43CB	3852	44
04	43CC	3852	44
04	43CD	3852	44
04	43CE	3852	44
04	43CF	3852	44
04	43D0	3852	44
04	43D1	3852	44
04	43D2	3852	44
04	43D3	3852	44
04	43D4	3852	44
04	43D5	3852	44
04	43D6	3852	44
04	43D7	3852	44
04	43D8	3852	44
04	43DA	3852	44
04	43DB	3852	44
04	4429	20	323
04	442C	20	323
04	4433	20	323
04	4435	20	323
04	4438	20	323
04	443B	80	323
04	443E	80	323
04	443F	80	323
04	4442	80	323
04	4443	80	323
04	4445	80	323
04	4448	80	323
04	444A	20	323
04	453A	129063	17
04	453D	129063	17
04	453E	129063	17
04	453F	128045	17
04	4542	128045	17
04	4543	128045	17
04	455A	167680	376
04	455D	167680	376
04	455E	167680	376
04	4561	167680	376
04	4562	167680	376
04	4563	167680	376
04	4565	167680	376
04	4566	167367	376
04	4569	167367	376
04	456C	864824	17
04	456F	864824	17
04	4570	864824	17
04	4573	864824	17
04	4574	864824	17
04	4575	864824	17
04	4577	864824	17
04	4578	364283	44
04	457A	364283	44
04	457C	3852	44
04	457D	3852	44
04	4580	3852	44
04	4581	3852	44
04	4582	364283	44
04	4585	364283	44
04	4586	364283	44
04	4587	364283	44
04	4588	364283	44
04	458A	315163	85
04	458B	315163	85
04	458C	315163	85
04	458E	49120	44
04	458F	49120	44
04	4590	49120	44
04	4591	49120	44
04	4592	49120	44
04	4593	49120	44
04	4594	49120	44
04	4597	49120	44
04	4598	49120	44
04	459B	121291	44
04	459E	121291	44
04	459F	121291	44
04	45A2	121291	44
04	45A3	121291	44
04	45A6	121291	44
04	45A7	121291	44
04	45AA	121291	44
04	45AC	121291	44
04	45AE	12378	474
04	45AF	12378	474
04	45B2	12378	474
04	45B3	12378	474
04	45B4	12378	474
04	45B6	108913	44
04	45B7	108913	44
04	45BA	108913	44
04	45BB	108913	44
04	45BD	108913	44
04	45BF	51649	44
04	45C0	121291	44
04	45C2	121291	44
04	45C5	86686	44
04	45C7	86686	44
04	45CA	41211	44
04	45CD	41211	44
04	45CF	41211	44
04	45D0	41211	44
04	45D1	41211	44
04	45D3	41211	44
04	45D4	41211	44
04	45D5	41211	44
04	45D6	41211	44
04	45D7	41211	44
04	45D8	41211	44
04	45D9	41211	44
04	45DA	41211	44
04	45DB	3645	44
04	45DE	3645	44
04	45DF	3645	44
04	45E2	3645	44
04	45E3	3645	44
04	45E4	3645	44
04	45E5	3645	44
04	45E6	360638	84
04	45E9	360638	84
04	45EA	360638	84
04	45EB	360638	84
04	45EC	360638	84
04	45EE	52254	375
04	45EF	52254	375
04	45F2	52254	375
04	45F3	52254	375
04	45F5	52254	375
04	45F7	308384	84
04	45FA	308384	84
04	45FB	308384	84
04	45FC	308384	84
04	45FD	360638	84
04	45FE	360638	84
04	4600	360638	84
04	4602	151944	89
04	4603	360638	84
04	4606	360638	84
04	4609	360638	84
04	460A	360638	84
04	460B	360638	84
04	460C	360638	84
04	460E	78462	375
04	460F	78462	375
04	4612	78462	375
04	4613	78462	375
04	4614	78462	375
04	4615	78462	375
04	4618	78462	375
04	4619	78462	375
04	461A	78462	375
04	461B	78462	375
04	461C	78462	375
04	461D	78462	375
04	461F	78462	375
04	4623	282176	84
04	4626	282176	84
04	4627	282176	84
04	4628	282176	84
04	462A	282176	84
04	462E	78462	375
04	462F	78462	375
04	4631	78462	375
04	4632	78462	375
04	4633	78462	375
04	4635	78462	375
04	4636	78462	375
04	4638	78462	375
04	4639	78462	375
04	463B	78462	375
04	463C	78462	375
04	463E	78462	375
04	463F	78462	375
04	4640	360638	84
04	4641	360638	84
04	4642	360638	84
04	4644	26223	412
04	4647	26223	412
04	4649	26223	412
04	464C	26223	412
04	464D	360638	84
04	464E	360638	84
04	464F	360638	84
04	4650	360638	84
04	4652	6508	417
04	4655	6508	417
04	4657	6508	417
04	465A	6508	417
04	465B	360638	84
04	465D	360638	84
04	4660	360638	84
04	4661	360638	84
04	4664	360638	84
04	4665	360638	84
04	4668	528005	84
04	466A	528005	84
04	466C	41441	412
04	466F	41441	412
04	4670	41441	412
04	4671	41441	412
04	4673	41441	412
04	4675	41441	412
04	4676	41441	412
04	4677	41441	412
04	467A	41441	412
04	467B	41441	412
04	467C	41441	412
04	467D	41441	412
04	467E	41441	412
04	467F	41441	412
04	4680	41441	412
04	4681	41441	412
04	4684	41441	412
04	4685	41441	412
04	4686	41441	412
04	4687	41441	412
04	4688	41441	412
04	4689	41441	412
04	468A	41441	412
04	468B	41441	412
04	468E	41441	412
04	468F	41441	412
04	4690	41441	412
04	4692	41441	412
04	4694	41441	412
04	4695	41441	412
04	4696	41441	412
04	4697	41441	412
04	4698	41441	412
04	4699	41441	412
04	469A	41441	412
04	469D	41441	412
04	469E	41441	412
04	469F	41441	412
04	46A0	41441	412
04	46A1	41441	412
04	46A4	41441	412
04	46A5	41441	412
04	46A8	528005	84
04	46AA	528005	84
04	46BF	528005	84
04	46C1	528005	84
04	46C3	3832	84
04	46C6	3832	84
04	46C7	3832	84
04	46C8	3832	84
04	46C9	3832	84
04	46CA	3832	84
04	46CD	3832	84
04	46CF	3832	84
04	46D1	3832	84
04	46D3	3832	84
04	46D5	3832	84
04	46D7	3832	84
04	46D8	3832	84
04	46D9	3832	84
04	46DA	3832	84
04	46DD	3832	84
04	46DE	3832	84
04	46DF	3832	84
04	46E2	3832	84
04	46E3	3832	84
04	46E6	528005	84
04	46E7	528005	84
04	4756	45475	84
04	4758	45475	84
04	475B	45475	84
04	475D	45475	84
04	475E	45475	84
04	4760	45475	84
04	4762	45475	84
04	4763	45475	84
04	4764	45475	84
04	4765	45475	84
04	4768	45475	84
04	4769	45475	84
04	476C	45475	84
04	476D	45475	84
04	476E	45475	84
04	476F	45475	84
04	4770	45475	84
04	4771	45475	84
04	4772	45475	84
04	4773	45475	84
04	4774	45475	84
04	4777	293	970
04	477A	293	970
04	477B	293	970
04	477E	293	970
04	477F	293	970
04	4782	293	970
04	4783	293	970
04	4784	293	970
04	4786	293	970
04	4789	293	970
04	478A	293	970
04	478B	293	970
04	478C	293	970
04	478D	293	970
04	478F	293	970
04	4790	293	970
04	4793	293	970
04	4794	293	970
04	4795	293	970
04	4796	293	970
04	4797	293	970
04	4798	293	970
04	4799	293	970
04	479A	293	970
04	479B	621	970
04	479E	621	970
04	479F	621	970
04	47A0	621	970
04	47A3	516	672
04	47A6	516	672
04	47A7	516	672
04	47AA	516	672
04	47AB	516	672
04	47AE	516	672
04	47AF	516	672
04	47B0	516	672
04	47B1	516	672
04	47B4	279	1118
04	47B5	279	1118
04	47B6	279	1118
04	47B7	279	1118
04	47B8	279	1118
04	47BA	279	1118
04	47BB	279	1118
04	47BE	279	1118
04	47BF	279	1118
04	47C0	279	1118
04	47C1	279	1118
04	47C2	279	1118
04	47E3	3155	44
04	47E6	3155	44
04	47E8	3155	44
04	47EB	3155	44
04	47ED	2994	84
04	47F0	3155	44
04	47F3	3155	44
04	47F4	3155	44
04	47F5	3155	44
04	47F8	3155	44
04	47FB	3155	44
04	47FC	3155	44
04	47FD	3155	44
04	47FE	3155	44
04	47FF	3155	44
04	4800	3155	44
04	4803	3155	44
04	4804	3155	44
04	4806	3155	44
04	480C	3155	44
04	480E	3155	44
04	480F	3155	44
04	4811	3155	44
04	4812	3155	44
04	4813	3155	44
04	4816	3155	44
04	4817	3155	44
04	4818	3155	44
04	483A	3852	44
04	483D	3852	44
04	484E	8795	44
04	4851	8795	44
04	4852	8795	44
04	4854	8795	44
04	4856	8659	44
04	4859	8659	44
04	485C	8659	44
04	485E	8659	44
04	485F	8659	44
04	4862	8659	44
04	4864	8659	44
04	4865	8659	44
04	4866	8659	44
04	4867	8659	44
04	4868	8659	44
04	4869	8659	44
04	486A	8659	44
04	486B	8659	44
04	486C	8659	44
04	486D	8659	44
04	486E	8659	44
04	486F	8659	44
04	4870	8659	44
04	4871	8659	44
04	4872	8659	44
04	4873	8659	44
04	4876	8659	44
04	4878	8659	44
04	487B	8659	44
04	487E	136	375
04	4881	136	375
04	4883	136	375
04	4886	136	375
04	4889	18478	44
04	488A	18478	44
04	488C	18478	44
04	488D	18478	44
04	488E	18478	44
04	488F	18478	44
04	4890	18478	44
04	4891	18478	44
04	4894	18478	44
04	4895	18478	44
04	4896	15218	412
04	4899	15218	412
04	489A	15218	412
04	489D	15218	412
04	489E	15218	412
04	48A1	15218	412
04	48A2	15218	412
04	48A5	15218	412
04	48A6	15218	412
04	48A7	15218	412
04	48A9	15218	412
04	48AA	15218	412
04	48AB	15218	412
04	48AC	15218	412
04	48AD	16408	412
04	48AE	16408	412
04	48B0	16408	412
04	48B2	10346	414
04	48B5	10346	414
04	48B6	10346	414
04	48B7	10346	414
04	48B9	6062	412
04	48BA	6062	412
04	48BB	6062	412
04	48BC	6062	412
04	48BF	6062	412
04	48C0	6062	412
04	48C1	6062	412
04	48C2	6062	412
04	48C3	6062	412
04	48C4	6062	412
04	48C5	6062	412
04	48C6	16408	412
04	48C7	16408	412
04	48C8	16408	412
04	48C9	16408	412
04	48CA	16408	412
04	48CD	16408	412
04	48CF	16408	412
04	48D2	16408	412
04	48D5	1190	533
04	48D8	1190	533
04	48D9	1190	533
04	48DC	1190	533
04	48DD	1190	533
04	48E0	1190	533
04	48E1	1190	533
04	48E4	1190	533
04	48E5	1190	533
04	48E6	1190	533
04	48E7	1190	533
04	48E8	1190	533
04	48E9	1190	533
04	48EA	1190	533
04	48EC	119	375
04	48EF	119	375
04	48F0	119	375
04	48F3	119	375
04	48F4	119	375
04	48F7	119	375
04	48F8	119	375
04	48FB	119	375
04	48FC	119	375
04	48FD	119	375
04	48FF	119	375
04	4905	119	375
04	4925	124	375
04	4928	124	375
04	492A	3852	44
04	492D	3852	44
04	492F	3852	44
04	4932	3852	44
04	4935	3852	44
04	4938	3852	44
04	4939	3852	44
04	493C	3852	44
04	493D	3852	44
04	493E	3852	44
04	4941	3852	44
04	4942	3852	44
04	4943	3852	44
04	4944	3852	44
04	4970	124	375
04	4973	4100	44
04	4976	4100	44
04	4977	4100	44
04	497A	4100	44
04	497B	4100	44
04	497C	4100	44
04	497F	4100	44
04	4980	4100	44
04	4981	4100	44
04	4A2B	34605	44
04	4A2D	34605	44
04	4A2F	34605	44
04	4A30	34605	44
04	4A32	34605	44
04	4A34	34605	44
04	4A35	34605	44
04	4A36	34605	44
04	4A39	34605	44
04	4A3A	34605	44
04	4A3D	34605	44
04	4A3E	34605	44
04	4A3F	34605	44
04	4A42	34605	44
04	4A43	34605	44
04	4A44	34605	44
04	4A46	34605	44
04	4A49	34605	44
04	4A4B	48558	44
04	4A4C	48558	44
04	4A4F	48558	44
04	4A50	83163	44
04	4A52	83163	44
04	4A54	48558	44
04	4A56	48558	44
04	4A58	17867	44
04	4A5A	17867	44
04	4A69	30691	44
04	4A6B	30691	44
04	4A6D	30691	44
04	4A6F	30691	44
04	4A70	30691	44
04	4A71	30691	44
04	4A73	17867	44
04	4A75	17867	44
04	4A77	17867	44
04	4A79	17867	44
04	4A7A	17867	44
04	4A7B	17867	44
04	4A7C	17867	44
04	4A7E	17867	44
04	4A7F	17867	44
04	4A81	34605	44
04	4A82	34605	44
04	4A83	34605	44
04	4A84	34605	44
04	4A87	34605	44
04	4A88	34605	44
04	4A89	34605	44
04	4A8C	34605	44
04	4A8F	34605	44
04	4A92	34605	44
04	4A93	34605	44
04	4A94	34605	44
04	4A95	34605	44
04	4A98	34605	44
04	4A99	34605	44
04	4A9C	34605	44
04	4A9E	34605	44
04	4AA0	9819	375
04	4AA1	9819	375
04	4AA2	9819	375
04	4AA3	9819	375
04	4AA6	9819	375
04	4AA8	9819	375
04	4AAB	9819	375
04	4AAC	9819	375
04	4AAD	9819	375
04	4AAE	9819	375
04	4AAF	9819	375
04	4AB0	9819	375
04	4AB1	9819	375
04	4AB2	9819	375
04	4AB3	9819	375
04	4AB4	9819	375
04	4AB5	9819	375
04	4AB6	9819	375
04	4AB7	9819	375
04	4AB8	9819	375
04	4AB9	9819	375
04	4ABA	9819	375
04	4ABD	9819	375
04	4ABE	34605	44
04	4ABF	34605	44
04	4AC1	34605	44
04	4AC3	15566	44
04	4AC5	15566	44
04	4AC7	11346	84
04	4ACA	11346	84
04	4ACC	4220	44
04	4ACF	4220	44
04	4AD1	19039	84
04	4AD3	19039	84
04	4AD5	7368	84
04	4AD8	7368	84
04	4ADA	11671	375
04	4ADD	34605	44
04	4AE0	34605	44
04	4AE3	34605	44
04	4AE5	34605	44
04	4AE7	8370	84
04	4AE9	34605	44
04	4AEC	34605	44
04	4AED	34605	44
04	4AF0	34605	44
04	4AF1	34605	44
04	4AF4	34605	44
04	4AF5	34605	44
04	4AF8	34605	44
04	4AF9	34605	44
04	4AFA	34605	44
04	4AFD	34605	44
04	4AFE	34605	44
04	4B01	34605	44
04	4B02	34605	44
04	4B05	34605	44
04	4B06	34605	44
04	4B07	34605	44
04	4B08	34605	44
04	4B0A	18282	412
04	4B0C	18282	412
04	4B0E	14109	412
04	4B10	4173	589
04	4B11	4173	589
04	4B12	4173	589
04	4B14	3714	589
04	4B16	2884	589
04	4B17	2884	589
04	4B18	2884	589
04	4B1A	32587	44
04	4B1D	32587	44
04	4B20	32587	44
04	4B21	32587	44
04	4B24	32587	44
04	4B25	32587	44
04	4B28	32587	44
04	4B29	32587	44
04	4B2C	32587	44
04	4B2D	32587	44
04	4B2F	32587	44
04	4B30	32587	44
04	4B33	32587	44
04	4B34	32587	44
04	4B37	32587	44
04	4B38	32587	44
04	4B3B	32587	44
04	4B3C	32587	44
04	4B3D	32587	44
04	4B3E	32587	44
04	4B3F	32587	44
04	4B40	32587	44
04	4B42	32587	44
04	4B43	32587	44
04	4B44	32587	44
04	4B46	32587	44
04	4B47	32587	44
04	4B48	32587	44
04	4B49	32587	44
04	4B4A	32587	44
04	4B4B	32587	44
04	4B4C	32587	44
04	4B4D	32587	44
04	4B4E	32587	44
04	4B4F	32587	44
04	4B50	32587	44
04	4B51	32587	44
04	4B52	32587	44
04	4B53	32587	44
04	4B54	32587	44
04	4B55	32587	44
04	4B56	32587	44
04	4B57	32587	44
04	4B58	32587	44
04	4B59	32587	44
04	4B5A	32587	44
04	4B5B	32587	44
04	4B5C	32587	44
04	4B5D	32587	44
04	4B5E	32587	44
04	4B61	32587	44
04	4B62	34605	44
04	4B63	34605	44
04	4BC9	516252	17
04	4BCC	516252	17
04	4BCD	516252	17
04	4BD0	516252	17
04	4BD1	516252	17
04	4BD3	516252	17
04	4BD4	358674	85
04	4BD5	358674	85
04	4BD6	358674	85
04	4BD8	358674	85
04	4BD9	29925	85
04	4BDB	348572	17
04	4BDE	348572	17
04	4BDF	348572	17
04	4BE2	348572	17
04	4BE3	348572	17
04	4BE5	348572	17
04	4BE6	236684	84
04	4BE7	236684	84
04	4BE8	236684	84
04	4BEA	236684	84
04	4BEB	243431	85
04	4BEC	243431	85
04	4BED	243431	85
04	4BEE	243431	85
04	4BEF	243431	85
04	4BF0	243431	85
04	4BF1	243431	85
04	4BF2	243431	85
04	4BF4	243431	85
04	4BF6	243358	85
04	4BF7	243358	85
04	4BF8	243358	85
04	4BF9	243358	85
04	4BFA	243358	85
04	4BFB	243358	85
04	4BFC	30257	87
04	4BFF	30257	87
04	4C00	30257	87
04	4C01	30257	87
04	4C03	30257	87
04	4C05	30257	87
04	4C07	30257	87
04	4C09	30257	87
04	4C0A	30257	87
04	4C0B	73	7629
04	4C0E	73	7629
04	4C0F	3028	44
04	4C10	3028	44
04	4C11	3028	44
04	4C14	516252	17
04	4C17	516252	17
04	4C18	516252	17
04	4C1B	516252	17
04	4C1C	516252	17
04	4C1D	516252	17
04	4C1F	516252	17
04	4C20	374924	44
04	4C21	374924	44
04	4C22	374924	44
04	4C25	374924	44
04	4C26	374924	44
04	4C27	374924	44
04	4C2A	374924	44
04	4C2B	374924	44
04	4C2C	374924	44
04	4C2F	374924	44
04	4C30	374924	44
04	4C31	374924	44
04	4C33	374924	44
04	4C35	2955	44
04	4C36	2955	44
04	4C38	371969	84
04	4C3B	371969	84
04	4C3D	371969	84
04	4C3F	326171	85
04	4C42	326171	85
04	4C43	326171	85
04	4C46	326171	85
04	4C47	326171	85
04	4C49	21734	381
04	4C4A	326171	85
04	4C4B	326171	85
04	4C4C	326171	85
04	4C4E	326171	85
04	4C50	326171	85
04	4C52	326171	85
04	4C54	326171	85
04	4C5F	45798	84
04	4C60	45798	84
04	4C62	45798	84
04	4C64	45798	84
04	4C66	32560	84
04	4C67	32560	84
04	4C6A	32560	84
04	4C6B	32560	84
04	4C6E	32560	84
04	4C70	32560	84
04	4C73	32560	84
04	4C76	32560	84
04	4C79	32560	84
04	4C7A	32560	84
04	4C7B	32560	84
04	4C7E	32560	84
04	4C7F	32560	84
04	4C81	32560	84
04	4C82	32560	84
04	4C83	32560	84
04	4C85	32560	84
04	4C8F	13238	87
04	4C92	13238	87
04	4C93	13238	87
04	4C94	13238	87
04	4C97	13238	87
04	4C98	13238	87
04	4C99	13238	87
04	4C9B	13238	87
04	4C9E	13238	87
04	4C9F	13238	87
04	4CA0	13238	87
04	4CA1	13238	87
04	4CA2	13238	87
04	4CA4	13238	87
04	4CD3	32560	84
04	4CD6	32560	84
04	4CD7	32560	84
04	4CD8	32560	84
04	4CDB	32560	84
04	4CDC	32560	84
04	4CDD	32560	84
04	4CDE	32560	84
04	4CE1	32560	84
04	4CE2	32560	84
04	4CE4	32560	84
04	4CE7	32560	84
04	4CE8	32560	84
04	4CEB	32560	84
04	4CEC	32560	84
04	4CED	32560	84
04	4CEE	32560	84
04	4CEF	32560	84
04	4CF0	32560	84
04	4CF2	32560	84
04	4CF4	4118	84
04	4CF7	4118	84
04	4CF9	4118	84
04	4CFA	4118	84
04	4CFB	32560	84
04	4CFC	32560	84
04	4CFD	32560	84
04	4CFE	32560	84
04	4CFF	32560	84
04	4D02	326171	85
04	4D05	326171	85
04	4D07	326171	85
04	4D0A	326171	85
04	4D0D	326171	85
04	4D0E	326171	85
04	4D0F	326171	85
04	4D11	326171	85
04	4D13	162212	85
04	4D14	162212	85
04	4D15	162212	85
04	4D17	110514	85
04	4D18	110514	85
04	4D19	110514	85
04	4D1A	110514	85
04	4D1C	110514	85
04	4D1E	110514	85
04	4D21	110514	85
04	4D22	162212	85
04	4D23	162212	85
04	4D24	162212	85
04	4D25	162212	85
04	4D27	162212	85
04	4D28	162212	85
04	4D2A	18266	382
04	4D2D	18266	382
04	4D2F	18266	382
04	4D30	18266	382
04	4D31	18266	382
04	4D32	18266	382
04	4D34	163959	85
04	4D35	163959	85
04	4D36	163959	85
04	4D37	163959	85
04	4D39	163959	85
04	4D54	13238	87
04	4D55	13238	87
04	4D58	13238	87
04	4D59	13238	87
04	4D5C	13238	87
04	4D5D	13238	87
04	4D60	13238	87
04	4D61	13238	87
04	4D62	13238	87
04	4D65	13238	87
04	4D66	13238	87
04	4D67	13238	87
04	4D68	13238	87
04	4D69	13238	87
04	4D6A	13238	87
04	4D6B	13238	87
04	4D6C	13238	87
04	4D6E	13238	87
04	4D6F	13238	87
04	4D70	13238	87
04	4D90	13238	87
04	4D93	13238	87
04	4D94	13238	87
04	4D97	13238	87
04	4D98	13238	87
04	4D99	13238	87
04	4D9A	13238	87
04	4D9D	143946	85
04	4DA0	143946	85
04	4DA2	143946	85
04	4DA4	101756	85
04	4DA7	101756	85
04	4DA9	101756	85
04	4DAC	101756	85
04	4DAE	50826	84
04	4DB1	50826	84
04	4DB3	50826	84
04	4DB6	358731	84
04	4DB9	358731	84
04	4DBB	358731	84
04	4DBD	61172	84
04	4DC0	61172	84
04	4DC3	358731	84
04	4DC5	358731	84
04	4DC7	32560	84
04	4DCA	32560	84
04	4DCD	358731	84
04	4DCF	358731	84
04	4DD0	55890	84
04	4DD3	22384	84
04	4DD6	22384	84
04	4DD7	22384	84
04	4DD8	22384	84
04	4DDB	22384	84
04	4DDC	22384	84
04	4DDE	22384	84
04	4DDF	32560	84
04	4DE0	32560	84
04	4DE3	32560	84
04	4DE4	32560	84
04	4DE5	32560	84
04	4DE8	32560	84
04	4DE9	32560	84
04	4DEC	32560	84
04	4DED	32560	84
04	4DF0	32560	84
04	4DF1	32560	84
04	4DF2	32560	84
04	4DF5	32560	84
04	4DF7	32560	84
04	4DF9	32560	84
04	4DFA	32560	84
04	4DFD	32560	84
04	4DFE	32560	84
04	4DFF	32560	84
04	4E02	32560	84
04	4E03	32560	84
04	4E04	32560	84
04	4E05	32560	84
04	4E08	32560	84
04	4E09	32560	84
04	4E0A	32560	84
04	4E0D	32560	84
04	4E0E	32560	84
04	4E0F	32560	84
04	4E12	32560	84
04	4E14	32560	84
04	4E15	32560	84
04	4E18	32560	84
04	4E19	32560	84
04	4E1C	32560	84
04	4E1D	32560	84
04	4E20	32560	84
04	4E21	32560	84
04	4E22	32560	84
04	4E25	32560	84
04	4E27	32560	84
04	4E29	32560	84
04	4E2A	32560	84
04	4E2D	32560	84
04	4E2E	32560	84
04	4E2F	32560	84
04	4E32	32560	84
04	4E33	32560	84
04	4E34	110514	85
04	4E35	110514	85
04	4E38	110514	85
04	4E3A	110514	85
04	4E3B	110514	85
04	4E3C	25943	402
04	4E3D	25943	402
04	4E3F	25943	402
04	4E41	5094	404
04	4E44	5094	404
04	4E46	5094	404
04	4E49	25943	402
04	4E4A	25943	402
04	4E4B	32560	84
04	4E4E	32560	84
04	4E4F	32560	84
04	4E52	32560	84
04	4E53	32560	84
04	4E56	32560	84
04	4E57	32560	84
04	4E5A	32560	84
04	4E5B	32560	84
04	4E5D	32560	84
04	4E5F	18528	84
04	4E61	11166	375
04	4E62	11166	375
04	4E63	11166	375
04	4E64	11166	375
04	4E65	11166	375
04	4E67	11166	375
04	4E68	11166	375
04	4E69	11166	375
04	4E6A	11166	375
04	4E6C	11166	375
04	4E6D	11166	375
04	4E6E	11166	375
04	4E6F	11166	375
04	4E70	11166	375
04	4E78	11166	375
04	4E7A	11166	375
04	4E7C	11166	375
04	4E7D	14032	84
04	4E7E	14032	84
04	4E7F	14032	84
04	4E80	14032	84
04	4E82	14032	84
04	4E83	14032	84
04	4E84	14032	84
04	4E85	14032	84
04	4E8F	14032	84
04	4E90	14032	84
04	4E91	14032	84
04	4E92	14032	84
04	4E93	14032	84
04	4E94	14032	84
04	4E95	14032	84
04	4E96	14032	84
04	4E97	14032	84
04	4E98	14032	84
04	4E99	14032	84
04	4E9A	14032	84
04	4E9B	7362	84
04	4E9C	7362	84
04	4E9E	7362	84
04	4E9F	7362	84
04	4EA0	7362	84
04	4EA1	7362	84
04	4EA9	7362	84
04	4EAB	7362	84
04	4EAE	7362	84
04	4EAF	7362	84
04	4EB0	3810	84
04	4EB1	3810	84
04	4EB4	3810	84
04	4EB5	3810	84
04	4EB7	3810	84
04	4EB8	3810	84
04	4EB9	3810	84
04	4EBA	3810	84
04	4EBB	3810	84
04	4EBE	3810	84
04	4EBF	3810	84
04	4EC1	3810	84
04	4EC3	60960	84
04	4EC4	60960	84
04	4EC5	60960	84
04	4EC6	60960	84
04	4EC7	60960	84
04	4EC9	3810	84
04	4ECA	61172	84
04	4ECD	61172	84
04	4ECE	61172	84
04	4ED1	61172	84
04	4ED2	61172	84
04	4ED5	61172	84
04	4ED6	61172	84
04	4ED7	61172	84
04	4ED8	61172	84
04	4ED9	61172	84
04	4EDC	61172	84
04	4EDD	61172	84
04	4EE0	61172	84
04	4EE1	61172	84
04	4EE4	61172	84
04	4EE5	61172	84
04	4EE6	61172	84
04	4EE7	61172	84
04	4EE8	61172	84
04	4EEB	61172	84
04	4EED	61172	84
04	4EEF	23260	84
04	4EF1	7662	84
04	4EF2	7662	84
04	4EF4	7662	84
04	4EF5	45574	84
04	4EF6	45574	84
04	4EF7	45574	84
04	4EFA	45574	84
04	4EFB	45574	84
04	4EFE	45574	84
04	4F01	45574	84
04	4F02	45574	84
04	4F03	45574	84
04	4F05	45574	84
04	4F06	45574	84
04	4F09	45574	84
04	4F0A	45574	84
04	4F0B	45574	84
04	4F0C	45574	84
04	4F0D	45574	84
04	4F0E	45574	84
04	4F0F	45574	84
04	4F11	45574	84
04	4F17	45574	84
04	4F18	45574	84
04	4F19	45574	84
04	4F1A	45574	84
04	4F1D	45574	84
04	4F1E	45574	84
04	4F1F	45574	84
04	4F20	45574	84
04	4F22	45574	84
04	4F23	45574	84
04	4F24	45574	84
04	4F25	45574	84
04	4F28	45574	84
04	4F29	45574	84
04	4F2B	45574	84
04	4F2C	45574	84
04	4F2D	15598	375
04	4F2E	15598	375
04	4F2F	15598	375
04	4F30	15598	375
04	4F32	15598	375
04	4F33	15598	375
04	4F34	15598	375
04	4F36	15598	375
04	4F37	15598	375
04	4F38	15598	375
04	4F3A	15598	375
04	4F3C	8706	375
04	4F3E	8706	375
04	4F3F	8706	375
04	4F40	8706	375
04	4F41	8706	375
04	4F43	8706	375
04	4F44	15598	375
04	4F45	15598	375
04	4F47	15598	375
04	4F48	15598	375
04	4F49	15598	375
04	4F4A	15598	375
04	4F4B	15598	375
04	4F4D	15598	375
04	4F4E	15598	375
04	4F4F	32560	84
04	4F52	32560	84
04	4F53	32560	84
04	4F56	32560	84
04	4F57	32560	84
04	4F5A	32560	84
04	4F5B	32560	84
04	4F5E	32560	84
04	4F60	32560	84
04	4F62	22443	84
04	4F64	18528	84
04	4F66	18528	84
04	4F68	11166	375
04	4F6B	11166	375
04	4F6D	10117	84
04	4F70	10117	84
04	4F72	3915	375
04	4F75	3915	375
04	4F77	7362	84
04	4F7A	32560	84
04	4F7C	32560	84
04	4F7E	32560	84
04	4F80	32560	84
04	4F90	32560	84
04	4F92	32560	84
04	4F93	32560	84
04	4F94	32560	84
04	4F95	32560	84
04	4F96	32560	84
04	4F97	55890	84
04	4F9A	55890	84
04	4F9B	55890	84
04	4F9E	55890	84
04	4F9F	55890	84
04	4FA2	55890	84
04	4FA3	55890	84
04	4FA4	55890	84
04	4FA5	55890	84
04	4FA8	55890	84
04	4FA9	55890	84
04	4FAB	55890	84
04	4FAD	35231	84
04	4FAF	17719	375
04	4FB0	17719	375
04	4FB1	17719	375
04	4FB3	17719	375
04	4FB5	17719	375
04	4FB7	17719	375
04	4FB8	20659	84
04	4FB9	20659	84
04	4FBA	20659	84
04	4FBB	20659	84
04	4FBC	20659	84
04	4FBD	20659	84
04	4FBE	20659	84
04	4FBF	20659	84
04	4FC0	17512	84
04	4FC1	17512	84
04	4FC3	17512	84
04	4FC5	17512	84
04	4FC6	17512	84
04	4FC7	17512	84
04	4FC9	17512	84
04	4FCA	17512	84
04	4FCB	7362	84
04	4FCD	7362	84
04	4FCF	7362	84
04	4FD0	7362	84
04	4FD1	7362	84
04	4FD3	7362	84
04	4FD4	48853	44
04	4FD7	48853	44
04	4FD8	48853	44
04	4FDA	48853	44
04	4FDC	40131	44
04	4FDE	40131	44
04	4FDF	40131	44
04	4FE0	40131	44
04	4FE1	40131	44
04	4FE3	40131	44
04	4FE4	40131	44
04	4FE5	8722	84
04	4FE7	8722	84
04	4FE9	8722	84
04	4FEA	45574	84
04	4FEC	45574	84
04	4FEF	45574	84
04	4FF1	45574	84
04	4FF5	45574	84
04	4FF7	45574	84
04	4FF8	45574	84
04	4FF9	45574	84
04	4FFA	45574	84
04	4FFC	45574	84
04	4FFD	45574	84
04	5000	45574	84
04	5001	45574	84
04	5002	45574	84
04	5003	45574	84
04	5004	45574	84
04	5005	45574	84
04	5006	45574	84
04	5007	143599	44
04	5008	143599	44
04	500A	143599	44
04	500B	143599	44
04	500C	143599	44
04	500E	66250	375
04	500F	143599	44
04	5010	143599	44
04	5012	20212	44
04	5013	143599	44
04	5014	143599	44
04	5016	23084	375
04	5017	143599	44
04	5018	143599	44
04	501A	51818	375
04	501B	143599	44
04	501C	143599	44
04	501E	42968	44
04	501F	143599	44
04	5020	143599	44
04	5022	40881	84
04	5023	143599	44
04	5024	143599	44
04	5026	39053	44
04	5027	143599	44
04	5028	143599	44
04	5029	37275	84
04	502A	37275	84
04	502B	101512	84
04	502C	101512	84
04	502E	101512	84
04	5030	101512	84
04	5031	101512	84
04	5032	101512	84
04	5034	101512	84
04	5035	101512	84
04	5037	73262	84
04	5038	101512	84
04	5039	101512	84
04	503B	91383	84
04	503C	101512	84
04	503D	101512	84
04	503F	92511	84
04	5040	101512	84
04	5041	101512	84
04	5042	81668	84
04	5043	81668	84
1C	4000	20	17
22	4EF0	20	324
22	4EF2	20	324
22	4EF4	20	324
22	4EF6	20	324
22	4EF7	20	324
22	4EF9	20	324
22	4EFB	20	324
22	4EFD	20	324
22	4F00	20	324
22	4F02	20	324
22	4F04	20	324
22	4F07	20	324
22	4F0A	20	324
22	4F0D	81880	324
22	4F0E	81880	324
22	4F0F	81880	324
22	4F10	81880	324
22	4F13	81880	324
22	4F14	81880	324
22	4F15	81880	324
22	4F16	81880	324
22	4F18	20	326
22	4F19	20	326
22	4F1A	20	326
22	4F1B	20	326
22	4F1C	20	326
22	4F1D	20	326
22	4F1E	20	326
22	4F20	20	326
22	4F23	20	326
22	4F46	20	326
22	4F47	20	326
22	4F48	20	326
22	4F4A	20	326
22	4F4B	20	326
22	4F4C	20	326
22	4F4E	20	326
22	4F4F	20	326
22	4F7B	20	326
22	4F7D	20	326
22	4F7F	20	326
22	4F81	20	326
22	4F82	20	326
22	4F84	20	326
22	4F86	20	326
22	4F87	20	326
22	4F89	20	326
22	4F8B	20	326
22	4F8D	20	326
22	4F90	20	326
22	4F92	20	326
22	4F94	20	326
22	4F97	20	326
22	4F9A	81920	326
22	4F9B	81920	326
22	4F9C	81920	326
22	4F9D	81920	326
22	4F9E	81920	326
22	4F9F	81920	326
22	4FA0	81920	326
22	4FA2	20	327
22	4FA3	20	327
22	4FA5	20	327
22	4FA8	20	327
22	4FA9	20	324
22	4FAA	20	324
22	4FAB	20	324
22	4FAC	20	324
22	4FAD	20	324
22	4FAF	20	324
22	4FB2	20	326
22	4FB5	20	326
22	4FB6	20	326
22	4FD6	20	326
22	4FD8	20	326
22	4FDB	20	327
22	4FDC	20	327
22	4FDD	20	327
22	4FDE	20	327
22	4FDF	20	327
22	4FE0	20	327
22	4FE1	20	327
22	4FE2	20	327
22	4FE3	20	327
22	4FE6	20	328
22	4FE9	20	328
22	4FEA	20	328
22	4FEC	20	328
22	4FEF	20	329
22	4FF1	20	329
22	4FF2	20	329
22	4FF3	20	329
22	4FF4	20	329
22	4FF5	20	329
22	5035	20	327
22	5037	20	327
22	5039	20	327
22	503C	20	327
22	503E	20	327
22	5040	20	327
22	5043	20	327
22	5046	20	327
22	5049	20	327
22	504C	33360	327
22	504D	33360	327
22	504E	33360	327
22	504F	33360	327
22	5052	33360	327
22	5053	33360	327
22	5054	33360	327
22	5055	33360	327
22	5057	20	328
22	505A	20	328
22	505D	9600	328
22	505E	9600	328
22	505F	9600	328
22	5060	9600	328
22	5063	9600	328
22	5064	9600	328
22	5065	9600	328
22	5066	9600	328
22	5068	20	328
22	506B	20	328
22	506C	20	328
22	506D	20	328
22	506E	20	328
22	506F	20	328
22	5070	20	328
22	5071	20	328
22	5073	20	328
22	5076	20	328
22	5093	20	328
22	5094	20	328
22	5095	20	328
22	509D	20	328
22	509F	20	328
22	50A0	20	328
22	50A2	20	328
22	50A4	20	328
22	50A7	20	328
22	50A9	20	328
22	50AB	20	328
22	50AE	20	328
22	50B1	20	328
22	50B4	33360	328
22	50B5	33360	328
22	50B6	33360	328
22	50B7	33360	328
22	50B8	33360	328
22	50B9	33360	328
22	50BB	20	329
22	50BE	20	329
22	50C1	9600	329
22	50C2	9600	329
22	50C3	9600	329
22	50C4	9600	329
22	50C5	9600	329
22	50C6	9600	329
22	50C8	20	329
22	50C9	20	329
22	50CB	20	329
22	50CE	20	329
48	4616	36	605
48	4619	36	605
48	461A	36	605
48	461C	36	605
48	461D	36	605
48	461F	36	605
48	462A	36	605
48	462C	36	605
48	462E	36	605
48	462F	36	605
48	4631	36	605
48	4634	36	605
48	4636	36	605
48	4639	36	605
48	463B	36	605
48	463D	36	605
48	4640	36	605
48	4641	36	605
48	4642	36	605
48	4643	36	605
48	4645	36	605
48	4648	36	605
48	464A	36	605
48	464B	36	605
48	464D	36	605
48	4650	36	605
48	4652	36	605
48	4653	36	605
48	4654	36	605
48	4655	36	605
48	4658	36	605
48	4659	36	605
48	465A	36	605
48	465B	36	605
48	4748	2597	39565
48	474A	2597	39565
48	474B	2597	39565
48	474E	2597	39565
48	474F	2597	39565
48	4752	2597	39565
48	4753	2597	39565
48	4756	2597	39565
48	4757	2597	39565
48	475A	2597	39565
48	475B	2597	39565
48	475E	2597	39565
48	475F	2597	39565
48	4760	2597	39565
48	4763	2597	39565
48	4764	2597	39565
48	4767	2597	39565
48	4768	2597	39565
48	476B	2597	39565
48	476C	2597	39565
48	476F	2597	39565
48	4770	2597	39565
48	4773	2597	39565
48	4774	2597	39565
48	4777	9634	39565
48	4778	9634	39565
48	4779	9634	39565
48	477A	9634	39565
48	477B	9634	39565
48	477C	9634	39565
48	477F	9634	39565
48	4780	9634	39565
48	4781	9634	39565
48	4783	4302	39565
48	4785	3254	39833
48	4786	3254	39833
48	4787	3254	39833
48	4788	3254	39833
48	478A	5332	39833
48	478B	5332	39833
48	478C	5332	39833
48	478E	3783	39833
48	478F	3783	39833
48	4790	3783	39833
48	4791	3783	39833
48	4793	2597	39565
48	4794	2597	39565
48	4795	2597	39565
48	4796	2597	39565
48	4798	2597	39565
48	479A	2597	39565
48	479C	2597	39565
48	479E	2597	39565
48	47A0	2597	39565
48	47A2	2597	39565
48	47A4	2597	39565
48	47A6	2597	39565
48	47A8	2597	39565
48	47A9	2597	39565
48	47AA	2597	39565
48	47AB	2597	39565
48	47AC	2597	39565
48	47AD	2597	39565
48	47AE	2597	39565
48	47B0	2597	39565
48	47B2	2597	39565
48	47B3	2597	39565
48	47B5	2597	39565
48	47B7	2597	39565
48	47B9	2597	39565
48	47BA	2597	39565
48	47BC	2597	39565
48	47BE	2597	39565
48	47C0	2597	39565
48	47C3	2597	39565
48	47C4	2597	39565
48	47C5	2597	39565
48	47C8	2597	39565
48	47C9	2597	39565
48	47CC	2597	39565
48	47CD	2597	39565
48	47D0	2597	39565
48	47D1	2597	39565
48	47D4	2597	39565
48	47D6	20776	39565
48	47D7	20776	39565
48	47D8	20776	39565
48	47D9	20776	39565
48	47DA	20776	39565
48	47DB	20776	39565
48	47DD	2597	39565
48	47E0	2597	39565
48	47E1	2597	39565
48	47E4	2597	39565
48	47E5	2597	39565
48	47E8	2597	39565
48	47E9	2597	39565
48	47EC	2597	39565
48	47EE	20776	39565
48	47EF	20776	39565
48	47F0	20776	39565
48	47F1	20776	39565
48	47F2	20776	39565
48	47F3	20776	39565
48	47F5	2597	39565
48	47F6	2597	39565
48	47F8	2597	39565
48	47FB	2597	39565
48	47FD	2597	39565
48	47FE	2597	39565
48	4800	2597	39565
48	4803	2597	39565
48	4805	2597	39565
48	4807	2597	39565
48	4808	2597	39565
48	480A	2597	39565
48	480C	2597	39565
48	480E	2597	39565
48	48BB	17	7935
48	48E1	56	329
48	48E2	56	329
48	48E5	56	329
48	48E8	56	329
48	48EA	56	329
48	48EC	56	329
48	48EE	896	329
48	48EF	896	329
48	48F2	896	329
48	48F3	896	329
48	48F4	896	329
48	48F5	896	329
48	48FE	896	329
48	48FF	896	329
48	4901	56	329
48	4904	56	329
48	4906	56	329
48	4908	3136	329
48	4909	3136	329
48	490C	3136	329
48	490D	3136	329
48	490E	3136	329
48	490F	3136	329
48	4911	12	606
48	4914	12	606
48	4915	12	606
48	4918	3136	329
48	4919	3136	329
48	491B	56	329
48	491E	56	329
48	491F	56	329
48	4920	20	329
48	4922	20	329
48	4924	20	329
48	4925	20	329
48	4927	20	329
48	4929	20	329
48	492B	20	329
48	492E	20	329
48	4930	20	329
48	4932	20	329
48	4935	20	329
48	4938	20	329
48	4939	20	329
48	493B	320	329
48	493C	320	329
48	493D	320	329
48	493F	20	329
48	4942	20	329
48	4944	1120	329
48	4945	1120	329
48	4946	1120	329
48	4948	20	329
48	4949	20	329
48	494B	20	329
48	494E	20	329
48	4950	20	329
48	4951	20	329
48	4953	20	329
48	4956	20	329
48	4958	20	329
48	495B	20	329
48	495C	56	329
48	495F	56	329
48	4961	56	329
48	4963	56	329
48	4964	56	329
48	4966	56	329
48	4968	56	329
48	496A	56	329
48	496D	56	329
48	496F	56	329
48	4971	56	329
48	4974	56	329
48	4977	56	329
48	4978	56	329
48	4979	56	329
48	497A	56	329
48	497B	56	329
48	497C	56	329
48	497E	56	329
48	4981	56	329
48	4983	56	329
48	4984	56	329
48	4986	56	329
48	4989	56	329
48	498B	56	329
48	4AAB	20	22
48	4AAD	20	22
48	4AAF	20	22
48	4AB0	20	22
48	4AB2	20	22
48	4AB4	20	22
48	4AB6	20	22
48	4AB9	20	22
48	4ABB	20	22
48	4ABD	20	22
48	4AC0	20	22
48	4AC3	20	22
48	4AC5	20	22
48	4AC6	640	22
48	4AC7	640	22
48	4AC8	640	22
48	4ACA	20	22
48	4ACB	20	22
48	4ACD	20	22
48	4AD0	20	22
48	4AD2	20	22
48	4AD3	20	22
48	4AD5	20	22
48	4AD8	20	22
48	4ADA	20	22
4E	4658	20	22
4E	465A	20	22
4E	465C	20	22
4E	465F	20	22
4E	4661	20	22
4E	4663	20	22
4E	4666	20	22
4E	4669	20	22
4E	466C	20	22
4E	466F	20	22
4E	4672	20	22
4E	4675	20	22
4E	4678	20	22
4E	467B	20	22
4E	467E	20	22
4E	4681	20	22
4E	4683	20	22
4E	4687	20	22
4E	468A	20	22
4E	468B	20	22
4E	468E	20	22
4E	4691	20	22
4E	4694	20	22
4E	4697	20	22
4E	469A	20	22
4E	469B	20	22
4E	469D	20	22
4E	46A0	20	22
4E	4739	120	22
4E	473C	67520	22
4E	473D	67520	22
4E	473E	67520	22
4E	473F	67520	22
4E	4741	67520	22
4E	4742	67520	22
4E	4743	67520	22
4E	4744	67520	22
4E	4745	67520	22
4E	4746	67520	22
4E	4748	120	22
4E	4749	20	329
4E	474B	20	329
4E	474D	20	329
4E	4750	20	329
4E	4752	20	329
4E	4754	20	329
4E	4757	20	329
4E	475A	20	329
4E	475D	20	329
4E	475E	20	329
4E	4761	20	329
4E	4762	20	329
4E	4765	20	329
4E	4768	20	329
4E	4769	20	329
4E	476C	20	329
4E	476F	20	329
4E	4771	20	329
4E	4774	20	329
4E	4777	20	329
4E	477A	20	329
4E	477D	20	329
4E	477E	20	329
4E	4781	20	329
4E	4782	20	329
4E	4785	20	329
4E	4788	20	329
4E	4789	20	329
4E	478C	20	329
4E	478F	20	329
4E	4790	20	329
4E	4792	20	329
4E	4795	40	22
4E	4797	40	22
4E	4799	40	22
4E	479C	40	22
4E	479E	40	22
4E	47A0	40	22
4E	47A3	40	22
4E	47A6	40	22
4E	47A9	40	22
4E	47AC	40	22
4E	47AF	40	22
4E	47B0	40	22
4E	47B3	40	22
4E	47B4	40	22
4E	47B7	40	22
4E	47B8	40	22
4E	47BB	40	22
4E	47BC	40	22
4E	47BF	40	22
4E	47C2	40	22
4E	47C5	40	22
4E	47C8	40	22
4E	47CB	40	22
4E	47CE	40	22
4E	47D1	40	22
4E	47D4	40	22
4E	47D5	40	22
4E	47D8	40	22
4E	47D9	40	22
4E	47DC	40	22
4E	47DD	40	22
4E	47E0	40	22
4E	47E1	40	22
4E	47E4	40	22
4E	47E5	40	22
4E	47E7	40	22
4E	47EA	40	22
4F	4000	875	26
4F	4002	875	26
4F	4004	875	26
4F	4006	875	26
4F	4008	875	26
4F	400D	875	26
4F	404B	9082	29
4F	404C	9082	29
4F	404F	9082	29
4F	4052	9082	29
4F	4053	9082	29
4F	4056	9082	29
4F	4057	9082	29
4F	405A	9082	29
4F	405D	9082	29
4F	405E	18164	29
4F	405F	18164	29
4F	4061	18164	29
4F	4063	18164	29
4F	4065	9082	29
4F	4067	9082	29
4F	4069	9082	29
4F	406B	9082	29
4F	406D	9082	29
4F	406F	145312	29
4F	4070	145312	29
4F	4071	145312	29
4F	4072	145312	29
4F	4073	145312	29
4F	4074	145312	29
4F	4075	145312	29
4F	4076	145312	29
4F	4077	145312	29
4F	4078	145312	29
4F	4079	145312	29
4F	407A	145312	29
4F	407B	145312	29
4F	407C	145312	29
4F	407D	145312	29
4F	407E	145312	29
4F	407F	145312	29
4F	4080	145312	29
4F	4082	18164	29
4F	4083	581248	27
4F	4086	581248	27
4F	4087	581248	27
4F	4088	581248	27
4F	4089	581248	27
4F	408A	581248	27
4F	408B	581248	27
4F	408E	512384	27
4F	408F	512384	27
4F	4090	512384	27
4F	4093	478464	27
4F	4094	478464	27
4F	4097	478464	27
4F	4098	478464	27
4F	4099	478464	27
4F	409B	478464	27
4F	409D	478464	27
4F	409E	478464	27
4F	40A0	478464	27
4F	40A2	478464	27
4F	40A3	478464	27
4F	40A4	478464	27
4F	40A5	478464	27
4F	40A7	478464	27
4F	40A9	478464	27
4F	40AA	478464	27
4F	40AB	478464	27
4F	40AD	478464	27
4F	40AE	478464	27
4F	40B0	478464	27
4F	40B1	478464	27
4F	40B2	478464	27
4F	40B4	478464	27
4F	40B7	478464	27
4F	40B8	478464	27
4F	40B9	478464	27
4F	40BB	478464	27
4F	40BD	478464	27
4F	40BE	478464	27
4F	40C0	478464	27
4F	40C2	478464	27
4F	40C3	478464	27
4F	40C4	478464	27
4F	40C5	478464	27
4F	40C7	478464	27
4F	40C9	478464	27
4F	40CA	478464	27
4F	40CB	478464	27
4F	40CD	478464	27
4F	40CE	478464	27
4F	40D0	478464	27
4F	40D1	478464	27
4F	40D2	478464	27
4F	40D4	478464	27
4F	40D5	478464	27
4F	40D7	478464	27
4F	40D8	478464	27
4F	40DA	478464	27
4F	40DD	478464	27
4F	40DF	478464	27
4F	40E0	478464	27
4F	40E2	478464	27
4F	40E4	478464	27
4F	40E6	478464	27
4F	40E7	478464	27
4F	40E9	478464	27
4F	40EC	478464	27
4F	40EE	478464	27
4F	40EF	478464	27
4F	40F0	478464	27
4F	40F2	478464	27
4F	40F4	478464	27
4F	40F5	478464	27
4F	40F6	478464	27
4F	40F8	478464	27
4F	40F9	478464	27
4F	40FB	478464	27
4F	40FC	478464	27
4F	40FE	478464	27
4F	40FF	478464	27
4F	4101	478464	27
4F	4103	478464	27
4F	4105	478464	27
4F	4106	478464	27
4F	4108	478464	27
4F	410B	478464	27
4F	410D	478464	27
4F	410E	478464	27
4F	4110	478464	27
4F	4111	478464	27
4F	4112	478464	27
4F	4113	478464	27
4F	4115	478464	27
4F	4116	478464	27
4F	4118	478464	27
4F	4119	478464	27
4F	411A	478464	27
4F	411C	68864	41
4F	411F	68864	41
4F	4120	68864	41
4F	4121	68864	41
4F	4123	68864	41
4F	4124	68864	41
4F	4126	547328	27
4F	4129	547328	27
4F	412A	547328	27
4F	412C	547328	27
4F	412D	547328	27
4F	412F	547328	27
4F	4130	547328	27
4F	4131	33920	322
4F	4134	33920	322
4F	4135	33920	322
4F	4136	33920	322
4F	4138	33920	322
4F	4139	33920	322
4F	413B	33920	322
4F	413E	33920	322
4F	413F	33920	322
4F	4141	33920	322
4F	4142	33920	322
4F	4144	33920	322
4F	4145	33920	322
4F	4146	1435392	27
4F	4147	1435392	27
4F	4149	578704	27
4F	414A	578704	27
4F	414B	578704	27
4F	414E	578704	27
4F	414F	578704	27
4F	4150	578704	27
4F	4151	578704	27
4F	4152	578704	27
4F	4153	1435392	27
4F	4156	1435392	27
4F	4157	1435392	27
4F	4158	1435392	27
4F	415A	11483136	27
4F	415B	11483136	27
4F	415D	2378747	27
4F	415E	11483136	27
4F	4160	11483136	27
4F	4162	11483136	27
4F	4163	11483136	27
4F	4165	1435392	27
4F	4166	1068	27
4F	4169	1068	27
4F	416B	1068	27
4F	416D	530	308
4F	416E	530	308
4F	4171	530	308
4F	4172	530	308
4F	4175	530	308
4F	4176	530	308
4F	4179	530	308
4F	417C	530	308
4F	417E	538	27
4F	417F	538	27
4F	4182	538	27
4F	4183	538	27
4F	4186	538	27
4F	4187	538	27
4F	418A	538	27
4F	418B	538	27
4F	418E	1068	27
4F	4191	1068	27
4F	41C2	1068	27
4F	41C5	1068	27
4F	41C8	1068	27
4F	41CA	68352	27
4F	41CD	68352	27
4F	41CE	68352	27
4F	41D1	68352	27
4F	41D2	68352	27
4F	41D5	68352	27
4F	41D6	68352	27
4F	41D7	68352	27
4F	41DA	68352	27
4F	41DB	68352	27
4F	41DC	68352	27
4F	41DD	68352	27
4F	41DF	1068	27
4F	41E0	10150	27
4F	41E3	10150	27
4F	41E4	10150	27
4F	41E5	9082	27
4F	41E6	9082	27
4F	41E8	9082	27
4F	41EA	4842	27
4F	41ED	4842	27
4F	41EE	4842	27
4F	41F0	1076	27
4F	41F3	1076	27
4F	41F5	1076	27
4F	41F7	538	42
4F	41F8	538	42
4F	41FB	538	42
4F	41FE	538	42
4F	4201	538	42
4F	4203	538	27
4F	4206	538	27
4F	4209	538	27
4F	420A	4304	27
4F	420D	4304	27
4F	420E	4304	27
4F	4211	4304	27
4F	4213	4240	308
4F	4216	4240	308
4F	4217	4240	308
4F	4219	530	322
4F	421A	530	322
4F	421D	530	322
4F	4220	530	322
4F	4221	530	322
4F	4224	530	322
4F	4226	3710	308
4F	4229	3710	308
4F	422A	3710	308
4F	422D	9082	27
4F	4230	9082	27
4F	4261	9082	27
4F	4264	9082	27
4F	4267	9082	27
4F	4269	9082	27
4F	426A	9082	27
4F	426B	9082	27
4F	426E	9082	27
4F	426F	9082	27
4F	4272	9082	27
4F	4273	581248	27
4F	4274	581248	27
4F	4275	581248	27
4F	4276	581248	27
4F	4277	581248	27
4F	4278	581248	27
4F	427A	9082	27
4F	427B	9082	27
4F	427C	9082	27
4F	427F	581248	27
4F	4282	581248	27
4F	4283	581248	27
4F	4284	581248	27
4F	4287	581248	27
4F	4288	581248	27
4F	428A	9082	28
4F	428C	9082	28
4F	428D	9082	28
4F	42B4	538	27
4F	42B6	538	27
4F	42B8	538	27
4F	42B9	538	27
4F	42BB	538	27
4F	42BD	538	27
4F	42BF	538	27
4F	42C1	538	27
4F	42C4	538	27
4F	42C7	538	27
4F	42CA	538	27
4F	42CD	538	27
4F	42CF	538	27
4F	42D2	538	27
4F	42D5	538	27
4F	42D7	538	27
4F	42DA	538	27
4F	42DD	538	28
4F	42E0	4842	28
4F	42E3	4842	29
4F	42E6	4842	29
4F	42EC	4842	29
4F	42ED	4842	29
4F	42F0	4842	29
4F	42F3	4842	30
4F	42F5	538	43
4F	42F7	538	43
4F	42F8	538	43
4F	42FA	538	43
4F	42FC	538	43
4F	42FE	538	43
4F	4370	530	308
4F	4372	530	308
4F	4374	530	308
4F	4375	530	308
4F	4377	530	308
4F	4379	530	308
4F	437B	530	308
4F	437D	530	308
4F	4380	530	308
4F	4383	530	308
4F	4386	530	308
4F	4389	530	308
4F	438B	530	308
4F	438E	530	308
4F	4391	530	308
4F	4393	530	308
4F	4396	530	308
4F	4399	4240	309
4F	439C	4240	310
4F	439F	4240	310
4F	43A5	4240	310
4F	43A6	4240	310
4F	43A9	4240	310
4F	43AC	4240	311
4F	43AE	530	323
4F	43B0	530	323
4F	43B1	530	323
4F	43B3	530	323
4F	43B5	530	323
4F	43B7	530	323
4F	4572	1796	345
4F	4573	1796	345
4F	4575	1796	345
4F	4576	1796	345
4F	4578	4399	345
4F	4579	4399	345
4F	457B	4399	345
4F	457D	1796	345
4F	457F	1796	345
4F	4580	1796	345
4F	4582	1796	345
4F	4583	5636	345
4F	4586	5636	345
4F	4587	5636	345
4F	4588	5636	345
4F	4589	5636	345
4F	458A	5636	345
4F	458C	5636	345
4F	458E	5636	345
4F	4590	993	354
4F	4592	993	354
4F	4594	993	354
4F	4595	5636	345
4F	4596	5636	345
4F	4597	5636	345
4F	4598	5636	345
4F	4599	5636	345
4F	459A	5636	345
4F	459B	5636	345
4F	459C	5636	345
4F	459E	5636	345
4F	45A0	5636	345
4F	45A1	5636	345
4F	45A2	5636	345
4F	45A3	5636	345
4F	45A4	5636	345
4F	45A5	5636	345
4F	45A6	5636	345
4F	45A8	5636	345
4F	45A9	5636	345
4F	45AA	5636	345
4F	45AC	5636	345
4F	45AE	5636	345
4F	45AF	5636	345
4F	45B1	5636	345
4F	45B4	5635	346
4F	45B5	5635	346
4F	45B6	5635	346
4F	45B7	5635	346
4F	45B9	5635	346
4F	45BA	5635	346
4F	45BB	5635	346
4F	45BC	5635	346
4F	45BD	5635	346
4F	45BE	5635	346
4F	45BF	5635	346
4F	45C0	5635	346
4F	45C1	5635	346
4F	45C2	5635	346
4F	45C3	5635	346
4F	45C5	1795	352
4F	45C6	853	357
4F	45C8	853	357
4F	45CA	853	357
4F	45CB	853	357
4F	45CD	853	357
4F	45CF	853	357
4F	45D1	853	357
4F	45D3	3750	357
4F	45D6	3750	357
4F	45D7	62720	357
4F	45D8	62720	357
4F	45DA	62720	357
4F	45DB	62720	357
4F	45DC	62720	357
4F	45DE	62720	357
4F	45DF	62720	357
4F	45E0	62720	357
4F	45E1	62720	357
4F	45E2	62720	357
4F	45E6	62720	357
4F	45E7	62720	357
4F	45E8	62720	357
4F	45EA	3750	357
4F	45EB	3750	357
4F	45EC	3750	357
4F	45EE	3750	357
4F	45EF	3750	357
4F	45F1	3750	357
4F	45F2	3750	357
4F	45F3	3750	357
4F	45F5	3750	357
4F	45F6	3750	357
4F	45F7	3750	357
4F	45F8	3750	357
4F	45FA	853	357
4F	45FC	853	357
4F	45FD	853	357
4F	45FF	853	357
4F	4601	853	357
4F	4603	853	357
4F	4604	1521	335
4F	4606	1521	335
4F	4608	1521	335
4F	4609	1521	335
4F	460B	5644	335
4F	460C	5644	335
4F	460D	5644	335
4F	460E	5644	335
4F	4610	5644	335
4F	4612	5644	335
4F	4614	996	335
4F	4616	996	335
4F	4618	996	335
4F	4619	5644	335
4F	461A	5644	335
4F	461B	5644	335
4F	461C	5644	335
4F	461D	5644	335
4F	461E	5644	335
4F	461F	5644	335
4F	4620	5644	335
4F	4622	5644	335
4F	4624	5644	335
4F	4625	5644	335
4F	4626	5644	335
4F	4627	5644	335
4F	4628	5644	335
4F	4629	5644	335
4F	462A	5644	335
4F	462C	5644	335
4F	462D	5644	335
4F	462E	5644	335
4F	4630	5644	335
4F	4632	5644	335
4F	4635	75552	335
4F	4636	75552	335
4F	4637	75552	335
4F	4638	75552	335
4F	4639	75552	335
4F	463A	75552	335
4F	463B	75552	335
4F	463C	75552	335
4F	463D	75552	335
4F	463E	75552	335
4F	463F	75552	335
4F	4640	75552	335
4F	4641	75552	335
4F	4642	75552	335
4F	4643	75552	335
4F	4644	75552	335
4F	4645	75552	335
4F	4646	75552	335
4F	4647	75552	335
4F	4648	75552	335
4F	4649	75552	335
4F	464A	75552	335
4F	464B	75552	335
4F	464C	75552	335
4F	464D	75552	335
4F	464E	75552	335
4F	464F	75552	335
4F	4650	75552	335
4F	4651	75552	335
4F	4652	75552	335
4F	4653	75552	335
4F	4654	75552	335
4F	4655	75552	335
4F	4656	75552	335
4F	4658	5644	335
4F	4659	5644	335
4F	465A	5644	335
4F	465B	5644	335
4F	465C	5644	335
4F	465E	1521	335
4F	4660	1521	335
4F	4661	1521	335
4F	4663	1521	335
4F	4665	1521	335
4F	4667	1521	335
4F	4717	20	8
4F	4718	20	8
4F	4719	20	8
4F	471A	20	8
4F	471C	20	8
4F	471E	20	8
4F	4720	20	8
4F	4722	20	8
4F	4724	20	8
4F	4726	20	8
4F	4728	20	8
4F	472A	20	8
4F	472C	20	8
4F	472E	20	8
4F	4731	20	8
4F	4734	20	8
4F	4735	20	8
4F	4738	20	8
4F	473B	20	8
4F	473E	20	8
4F	473F	20	8
4F	4742	20	8
4F	4744	20	8
4F	4746	20	8
4F	4749	20	8
4F	474C	20	8
4F	474D	20	8
4F	4750	20	10
4F	4752	20	10
4F	4754	120	10
4F	4755	120	10
4F	4757	120	10
4F	475A	120	10
4F	475D	120	10
4F	475E	120	10
4F	4761	120	11
4F	4762	120	11
4F	4763	120	11
4F	4765	20	14
4F	4766	20	14
4F	4768	20	14
4F	476A	20	14
4F	476D	20	14
4F	4770	20	14
4F	4771	20	14
4F	4774	20	15
4F	4776	20	15
4F	4778	20	15
4F	477A	20	15
4F	477C	20	15
4F	477E	20	15
4F	4780	20	16
4F	4783	20	16
4F	4786	20	16
4F	4789	20	16
4F	478A	20	16
4F	478D	20	16
4F	4793	20	16
4F	4796	20	16
4F	4798	20	16
4F	479A	20	16
4F	479B	20	16
4F	479D	20	16
4F	479F	20	16
4F	47A1	20	16
4F	47A2	20	16
4F	47A3	20	17
4F	47A4	20	17
4F	47A5	20	17
4F	47A7	20	17
4F	47A9	20	17
4F	47AC	20	17
4F	47AF	20	17
4F	47B2	20	17
4F	47B5	20	17
4F	47B6	20	17
4F	47B9	20	17
4F	47BC	20	17
4F	47BF	20	17
4F	47C0	20	17
4F	47C3	20	17
4F	47C6	20	17
4F	47C7	20	17
4F	47C8	20	17
4F	47CB	20	17
4F	47CE	20	17
4F	47D1	20	17
4F	47D2	20	17
4F	47D4	20	17
4F	47D6	20	17
4F	47D8	20	17
4F	47D9	20	17
4F	47DA	20	17
4F	47DC	20	17
4F	47DE	120	17
4F	47DF	120	17
4F	47E1	120	17
4F	47E2	120	17
4F	47E5	120	17
4F	47E8	120	17
4F	47EB	120	18
4F	47EE	120	18
4F	47EF	120	18
4F	47F0	120	18
4F	47F2	20	22
4F	47F3	20	22
4F	47F6	20	22
4F	47FC	20	22
55	5BA2	188	39543
55	5BA5	188	39543
55	5BA6	188	39543
55	5BA9	188	39543
55	5BAA	188	39543
55	5BAD	188	39543
55	5BAF	188	39543
55	5BB1	188	39543
55	5BB7	188	39543
55	5BB8	188	39543
55	5BBB	188	39543
55	5BBE	188	39543
55	5BC1	188	39543
55	5BC2	188	39543
55	5BC3	188	39543
55	5BC5	188	39543
55	5BC6	188	39543
55	5BC7	188	39543
55	5BC8	188	39543
55	5BCB	188	39543
55	5BCD	188	39543
55	5BD0	188	39543
55	5BD3	188	39543
55	5BD6	188	39543
55	5BD8	188	39543
55	5BDB	188	39543
55	5BDD	188	39543
55	5BDF	188	39543
55	5BE1	188	39543
55	5BE2	188	39543
55	5BE4	188	39543
55	5BE6	188	39543
55	5BE7	188	39543
55	5BE8	188	39543
55	5BE9	188	39543
55	5BEA	188	39543
55	5BEC	188	39543
55	5BEE	188	39543
55	5BF0	188	39543
55	5BF2	188	39543
55	5BF4	188	39543
55	5BF7	188	39543
55	5BFA	188	39543
55	5BFC	188	39543
55	5BFE	188	39543
55	5C00	188	39543
55	5C06	188	39544
55	5C09	188	39544
55	5C0C	188	39544
55	5C0F	188	39544
55	5C11	188	39544
55	5C17	188	39544
55	5C1A	188	39544
55	5C1D	188	39544
55	5C1E	188	39544
55	5C5A	188	39544
55	5C5D	188	39544
55	5C5F	188	39544
55	5C61	188	39544
55	5C64	188	39546
55	5C67	188	39547
55	5C69	188	39547
55	5C6B	188	39547
55	5C6D	188	39547
55	5C6E	188	39547
55	5C71	188	39547
55	5C73	188	39547
55	5C76	188	39549
55	5C79	188	39549
55	5C7C	188	39549
55	5C7E	188	39549
55	5C80	188	39549
55	5C86	188	39549
55	5C88	188	39549
55	5C8B	188	39549
55	5C8E	188	39549
55	5C8F	1422	39565
55	5C90	1422	39565
55	5C93	1422	39565
55	5C95	1422	39565
55	5C98	1422	39565
55	5C9B	1422	39565
55	5C9D	1422	39565
55	5CA3	1422	39565
55	5CA4	1422	39565
55	5CA7	1422	39565
55	5CAA	1422	39565
55	5CAC	1422	39565
55	5CAF	1422	39565
55	5CB2	1422	39565
55	5CB4	1422	39565
55	5CB6	1234	39824
55	5CB8	1234	39824
55	5CBA	1234	39824
55	5CBC	188	39565
55	5CBF	188	39565
55	5CC2	188	39565
55	5CC3	188	39565
55	5CE0	1422	39565
55	5CE3	1422	39565
55	5CE6	1422	39565
55	5CE7	1422	39565
55	5CE9	1422	39565
55	5CEC	1422	39565
55	5CED	1422	39565
55	5CEF	149	39565
55	5CF2	149	39565
55	5CF5	149	39565
55	5CF6	149	39565
55	5CF7	149	39565
55	5CF9	149	39565
55	5CFA	149	39565
55	5CFB	149	39565
55	5CFC	149	39565
55	5CFF	149	39565
55	5D02	149	39565
55	5D05	1422	39565
55	5D07	1422	39565
55	5D0A	1422	39565
55	5D0D	1422	39565
55	5D10	1422	39565
55	5D13	1422	39565
55	5D15	1422	39565
55	5D36	1422	39565
55	5D39	1422	39565
55	5D3B	1422	39565
55	5D49	44358	39565
55	5D4C	44358	39566
55	5D52	44358	39566
55	5D58	44358	39566
55	5D5B	44358	39566
55	5D5E	44358	39566
55	5D5F	44358	39566
55	5D61	44358	39566
55	5D64	44347	39567
55	5D69	44347	39567
55	5D6C	44347	39567
55	5D6E	44347	39567
55	5D76	44347	39567
55	5D78	44347	39567
55	5D7A	44347	39567
55	5D7C	43199	39567
55	5D7E	43199	39567
55	5D80	42936	39567
55	5D82	42936	39567
55	5D84	42670	39567
55	5D86	42670	39567
55	5D88	42408	39567
55	5D8A	42408	39567
55	5D8C	42181	39567
55	5D8E	42181	39567
55	5D90	41945	39567
55	5D92	41945	39567
55	5D94	41761	39567
55	5D96	41761	39567
55	5D98	41694	39567
55	5D9A	1148	39569
55	5D9D	263	39822
55	5DA0	227	39689
55	5DA2	227	39689
55	5DA5	227	39689
55	5DA8	227	39689
55	5DAB	236	39833
55	5DAD	236	39833
55	5DB0	236	39833
55	5DB3	236	39833
55	5DB6	266	40553
55	5DB8	266	40553
55	5DBB	266	40553
55	5DBE	266	40553
55	5DC1	262	40517
55	5DC3	262	40517
55	5DC6	262	40517
55	5DC9	262	40517
55	5DCC	184	39845
55	5DCF	184	39845
55	5DD2	184	39845
55	5DD3	184	39845
55	5DD4	184	39845
55	5DD6	184	39845
55	5DD7	184	39845
55	5DD8	184	39845
55	5DD9	184	39845
55	5DDC	184	39845
55	5DDF	184	39845
55	5DE2	184	39845
55	5DE4	184	39845
55	5DE5	184	39845
55	5DE7	184	39845
55	5DE9	184	39845
55	5DEC	184	39845
55	5DEF	184	39845
55	5DF0	184	39845
55	5DF2	184	39845
55	5E02	67	66637
55	5E05	67	66637
55	5E07	67	66637
55	5E09	67	66637
55	5E0B	67	66637
55	5E0D	65	66637
55	5E10	65	66637
55	5E13	65	66637
55	5E14	65	66637
55	5E57	2	120289
55	5E5A	1177	39689
55	5E5D	1148	39569
55	5E60	1148	39569
55	5E61	1148	39569
55	5E63	1148	39569
55	5E65	1148	39569
55	5E67	1148	39569
55	5E69	711	40349
55	5E99	437	39569
55	5E9A	437	39569
55	5E9C	437	39569
55	5E9E	437	39569
55	5EA0	437	39569
55	5EA2	437	39569
55	5EA4	437	39569
55	5EA6	37	39701
55	5EA8	37	39701
55	5EB9	400	39569
55	5EBC	400	39569
55	5EBD	400	39569
55	5ED3	400	39569
55	5ED6	400	39569
55	5ED9	400	39569
55	5EDA	400	39569
55	5EE7	37	39701
55	5EEA	37	39701
55	5EEC	37	39701
55	5EF5	37	39701
55	5EF8	37	39701
55	5EFB	37	39701
55	5EFC	37	39701
55	5F09	711	40349
55	5F0C	711	40349
55	5F0E	711	40349
55	5F10	18	53261
55	5F13	18	53261
55	5F14	18	53261
55	5F17	709	40349
55	5F19	709	40349
55	5F1A	263	39822
55	5F1C	263	39822
55	5F20	37	39701
55	5F22	37	39701
55	5F23	400	39569
55	5F25	400	39569
55	5F26	2	120289
55	5F28	2	120289
55	5F35	2746	39565
55	5F38	2746	39565
55	5F3B	2746	39565
55	5F3C	2746	39565
55	5F3D	2746	39565
55	5F3E	2746	39565
55	5F40	2746	39565
55	5F41	2746	39565
55	5F42	2746	39565
55	5F43	2746	39565
55	5F44	2746	39565
55	5F45	2746	39565
55	5F48	2746	39565
55	5F49	2746	39565
55	5F4A	2746	39565
55	5F4B	2746	39565
55	5F4D	2746	39565
55	5F4E	2746	39565
55	5F4F	2746	39565
55	5F50	2746	39565
55	5F51	2746	39565
55	5F52	2746	39565
55	5F55	2746	39565
55	5F57	2746	39565
55	5F58	2746	39565
55	5F59	2746	39565
55	5F5A	2746	39565
55	5F5D	2746	39565
55	5F5E	2746	39565
55	5F5F	2746	39565
55	5F60	2746	39565
55	5F61	2746	39565
55	5F62	2746	39565
55	5F65	2746	39565
55	5F66	991	39689
55	5F67	991	39689
55	5F69	991	39689
55	5F6A	991	39689
55	5F6C	991	39689
55	5F6E	991	39689
55	5F71	991	39689
55	5F74	991	39689
55	5F75	991	39689
55	5F77	991	39689
55	5F78	991	39689
55	5F7B	991	39689
55	5F7C	991	39689
55	5F7F	991	39689
55	5F81	991	39689
55	5F82	991	39689
55	5F84	991	39689
55	5F86	991	39689
55	5F89	991	39689
55	5F8A	991	39689
55	5F8B	991	39689
55	5F8E	991	39689
55	5F91	991	39689
55	5F92	991	39689
55	5F93	991	39689
55	5F94	991	39689
55	5F96	991	39689
55	5F97	991	39689
55	5F98	991	39689
55	5F99	991	39689
55	5F9A	991	39689
55	5F9B	991	39689
55	5F9C	991	39689
55	5F9E	991	39689
55	5F9F	991	39689
55	5FA0	991	39689
55	5FA1	991	39689
55	5FA2	991	39689
55	5FA4	991	39689
55	5FA5	991	39689
55	5FA6	991	39689
55	5FA9	991	39689
55	5FAA	991	39689
55	5FAD	991	39689
55	5FAE	991	39689
55	5FAF	991	39689
55	5FB0	991	39689
55	5FB1	991	39689
55	5FB2	991	39689
55	5FB3	991	39689
55	5FB5	991	39689
55	5FB6	991	39689
55	5FB7	991	39689
55	5FBA	991	39689
55	5FBB	991	39689
55	5FBC	991	39689
55	5FBE	991	39689
55	5FBF	991	39689
55	5FC1	991	39689
55	5FC3	991	39689
55	5FC4	991	39689
55	5FC5	991	39689
55	5FC6	991	39689
55	5FC7	991	39689
55	5FD0	227	39689
55	5FD3	227	39689
55	5FD5	227	39689
55	5FD8	96	39833
55	5FDB	96	39833
55	5FDD	96	39833
55	5FDF	8	40613
55	5FE2	8	40613
55	5FE5	8	40613
55	5FE8	8	40613
55	5FEB	8	40613
55	5FEC	8	40613
55	5FEF	8	40613
55	5FF2	8	40613
55	5FF4	236	39833
55	5FF7	236	39833
55	5FF9	236	39833
55	5FFB	77	39833
55	5FFD	266	40553
55	6000	266	40553
55	6002	266	40553
55	6004	69	40517
55	6007	69	40517
55	6009	69	40517
55	600B	13	41441
55	600E	13	41441
55	6011	13	41441
55	6014	13	41441
55	6017	13	41441
55	6018	13	41441
55	601B	13	41441
55	601E	13	41441
55	6020	262	40517
55	6023	262	40517
55	6025	262	40517
55	6027	35	40517
55	6029	21	40613
55	602C	21	40613
55	602E	970	39689
55	6031	970	39689
55	6034	970	39689
55	6037	970	39689
55	603A	970	39689
55	603D	991	39689
55	6040	991	39689
55	6041	21	40613
55	6044	21	40613
55	6046	21	40613
55	6048	20	40613
55	604A	20	40613
55	604C	20	40613
55	604D	1	122789
55	6050	1	122789
55	6051	1	122789
55	6068	991	39689
55	606B	991	39689
55	606D	991	39689
55	606F	582	40469
55	6071	582	40469
55	6074	582	40469
55	6077	582	40469
55	607A	582	40469
55	607B	582	40469
55	607D	582	40469
55	607E	582	40469
55	6080	582	40469
55	6082	582	40469
55	6083	582	40469
55	6084	582	40469
55	6085	582	40469
55	6086	582	40469
55	608F	137	40469
55	6092	137	40469
55	6094	137	40469
55	6097	137	40469
55	609A	137	40469
55	609C	137	40469
55	609F	137	40469
55	60A0	147	40769
55	60A3	147	40769
55	60A5	147	40769
55	60A8	147	40769
55	60AB	147	40769
55	60AD	147	40769
55	60B0	147	40769
55	60B1	147	40553
55	60B4	147	40553
55	60B6	147	40553
55	60B9	147	40553
55	60BC	147	40553
55	60BE	147	40553
55	60C1	147	40553
55	60C2	151	40649
55	60C5	151	40649
55	60C7	151	40649
55	60CA	151	40649
55	60CD	151	40649
55	60CF	151	40649
55	60D2	151	40649
55	60D3	33	40553
55	60D6	33	40553
55	60D9	33	40553
55	60DA	42	40601
55	60DD	42	40601
55	60E0	42	40601
55	60E1	409	39689
55	60E4	409	39689
55	60E5	409	39689
55	60E7	409	39689
55	60E8	409	39689
55	60EA	409	39689
55	60EC	409	39689
55	60ED	409	39689
55	60EE	409	39689
55	60EF	409	39689
55	60F0	409	39689
55	60F9	90	39689
55	60FC	90	39689
55	60FE	90	39689
55	6101	90	39689
55	6104	90	39689
55	6106	90	39689
55	6109	90	39689
55	610A	89	39833
55	610D	89	39833
55	610F	89	39833
55	6112	89	39833
55	6115	89	39833
55	6117	89	39833
55	611A	89	39833
55	611B	119	41657
55	611E	119	41657
55	6120	119	41657
55	6123	119	41657
55	6126	119	41657
55	6128	119	41657
55	612B	119	41657
55	612C	111	40517
55	612F	111	40517
55	6131	111	40517
55	6134	111	40517
55	6137	111	40517
55	6139	111	40517
55	613C	111	40517
55	613D	340	39689
55	613F	340	39689
55	6142	340	39689
55	6143	230	40517
55	6145	230	40517
55	6148	230	40517
55	6149	3716	39565
55	614C	3716	39565
55	614E	11618	39565
55	6150	11618	39565
55	6152	7902	39565
55	6153	7902	39565
55	6155	3716	39565
55	6157	3716	39565
55	615A	3716	39565
55	615B	3716	39565
55	615E	3716	39565
55	615F	21	40613
55	6161	52	40613
55	6163	52	40613
55	6165	31	40613
55	6166	31	40613
55	6168	21	40613
55	616A	21	40613
55	616B	21	40613
55	616C	21	40613
55	616D	21	40613
55	616E	21	40613
55	6170	21	40613
55	6171	21	40613
55	6174	21	40613
55	6177	21	40613
55	6178	21	40613
55	6179	21	40613
55	617A	21	40613
55	617B	188	39549
55	617D	188	39549
55	6180	188	39549
55	6183	188	39549
55	6190	2746	39565
55	6193	2746	39565
55	6196	2746	39565
55	6199	2746	39565
55	619A	2746	39565
55	619B	2746	39565
55	619C	2746	39565
55	619E	2746	39565
55	619F	2746	39565
55	61A0	2746	39565
55	61A1	2746	39565
55	61A2	2746	39565
55	61A3	2746	39565
55	61A6	2746	39565
55	61A7	2746	39565
55	61A9	2746	39565
55	61AB	1549	39833
55	61AC	1549	39833
55	61AF	1549	39833
55	61B2	1549	39833
55	61B4	1549	39833
55	61B6	1549	39833
55	61BC	1549	39833
55	61BD	1549	39833
55	61BF	1197	39565
55	61C0	1197	39565
55	61C3	1197	39565
55	61C6	1197	39565
55	61C8	1197	39565
55	61CA	1197	39565
55	61D0	1197	39565
55	61D1	1197	39565
55	61D4	1197	39565
55	61D7	1197	39565
55	61D8	1197	39565
55	61D9	1197	39565
55	61DA	1197	39565
55	61DC	1197	39565
55	61DD	1197	39565
55	61DE	1197	39565
55	61DF	1197	39565
55	61E0	1197	39565
55	61E1	1197	39565
55	61E4	1197	39565
55	61E6	1197	39565
55	61E7	1197	39565
55	61E8	1197	39565
55	61E9	1197	39565
55	61EA	1197	39565
55	61EC	1197	39565
55	61ED	1197	39565
55	61EE	1197	39565
55	61EF	1197	39565
55	61F0	1197	39565
55	61F1	1197	39565
55	61F2	1197	39565
55	61F3	1197	39565
55	61F4	1197	39565
55	61F5	1197	39565
55	61F6	2746	39565
55	61F9	2746	39565
55	61FB	2746	39565
55	61FD	2746	39565
55	61FF	2746	39565
55	6201	2746	39565
55	6202	2746	39565
55	6203	2746	39565
55	6206	2746	39565
55	6208	2746	39565
55	620A	2746	39565
55	620C	2746	39565
55	620D	2746	39565
55	620E	2746	39565
55	620F	2746	39565
55	6212	2746	39565
55	6213	2746	39565
55	6216	2746	39565
55	6219	2746	39565
55	621B	2746	39565
55	621D	1197	39565
55	621F	1197	39565
55	6221	1197	39565
55	6222	1197	39565
55	6224	1197	39565
55	6226	1197	39565
55	6228	1197	39565
55	622A	1197	39565
55	622B	1197	39565
55	622E	1197	39565
55	622F	1197	39565
55	6232	1197	39565
55	6234	1197	39565
55	6235	1197	39565
55	6237	1197	39565
55	6239	1197	39565
55	623B	2746	39565
55	623E	2746	39565
55	6240	2746	39565
55	6242	1197	39565
55	6245	1197	39565
55	6247	1197	39565
55	6249	112	39689
55	624B	112	39689
55	624F	1085	39565
55	6252	1085	39565
55	6255	1085	39565
55	6257	1085	39565
55	6259	1085	39565
55	625F	1085	39565
55	6261	112	39689
55	6264	112	39689
55	6267	112	39689
55	6269	112	39689
55	626B	112	39689
55	6271	1197	39565
55	6273	1197	39565
55	6275	1197	39565
55	6276	1197	39565
55	6278	1197	39565
55	627A	1197	39565
55	627C	1197	39565
55	627E	1197	39565
55	6281	1197	39565
55	6283	1197	39565
55	6286	1197	39565
55	6289	1197	39565
55	628B	1197	39565
55	628E	1197	39565
55	6290	1197	39565
55	6291	1197	39565
55	6293	1197	39565
55	6295	1197	39565
55	6297	1197	39565
55	6299	1549	39833
55	629C	1549	39833
55	629F	2746	39565
55	63E7	188	39544
55	63EA	188	39544
55	63ED	188	39544
55	63EE	188	39544
55	63F0	188	39544
55	63F3	188	39545
55	63F8	188	39545
55	63FB	188	39545
55	63FD	188	39545
55	6400	188	39546
55	6402	188	39546
55	6404	188	39546
55	6406	188	39546
55	6407	188	39546
55	640A	188	39546
55	640D	188	39546
55	640E	188	39545
55	6411	188	39545
55	6414	188	39545
55	6415	188	39545
55	6416	188	39545
55	6418	188	39545
55	6419	188	39545
55	641A	188	39545
55	641B	188	39545
55	651C	220	603
55	651F	220	603
55	6522	220	603
55	6525	220	603
55	6528	220	603
55	652B	220	603
55	652E	220	603
55	6531	220	603
55	6534	220	603
55	653A	220	603
55	653D	220	603
55	6540	220	603
55	6541	220	603
55	6543	220	603
55	6546	220	604
55	654B	220	604
55	654E	220	605
55	6550	220	605
55	6552	220	605
55	6554	220	605
55	6555	220	605
55	6558	220	605
55	66C6	188	39547
55	66C8	188	39547
55	66CB	188	39547
55	66CE	188	39547
55	66CF	188	39547
55	66D0	188	39547
55	66D1	188	39547
55	66D3	188	39547
55	66D4	188	39547
55	66D5	188	39547
55	66D6	188	39547
55	66D7	188	39547
55	66D8	188	39547
55	66EF	40	39547
55	66F2	40	39547
55	66F5	40	39547
55	66F8	40	39547
55	66FA	40	39547
55	6700	40	39547
55	6703	40	39549
55	6704	23	39657
55	6707	23	39657
55	670A	23	39657
55	670C	23	39657
55	670E	23	39657
55	6710	23	39657
55	6716	23	39658
55	6719	23	39658
55	671C	23	39658
55	671F	23	39658
55	6721	23	39658
55	6727	23	39658
55	672A	23	39660
55	672B	58	40050
55	672E	58	40050
55	6731	58	40050
55	6734	58	40050
55	6736	58	40050
55	673C	58	40050
55	673F	58	40052
55	6740	11	40185
55	6743	11	40185
55	6746	11	40185
55	6749	11	40185
55	674B	11	40185
55	6751	11	40185
55	6754	11	40187
55	6755	56	40326
55	6758	56	40326
55	675B	56	40326
55	675D	56	40326
55	675F	56	40326
55	6761	56	40326
55	6767	56	40327
55	676A	56	40327
55	676D	56	40327
55	676F	56	40327
55	6771	56	40327
55	6773	56	40327
55	6779	56	40328
55	677C	56	40328
55	677F	56	40328
55	6782	56	40328
55	6784	56	40328
55	678A	56	40328
55	678D	56	40328
55	6790	56	40328
55	6793	56	40328
55	6795	56	40328
55	679B	56	40328
55	679E	56	40330
55	6B51	188	39547
55	6B53	188	39547
55	6B55	188	39547
55	6B56	188	39547
55	6B58	188	39547
55	6B5A	188	39547
55	6B5C	188	39547
55	6B5E	188	39547
55	6B60	188	39547
55	6B62	188	39547
55	6B64	188	39547
55	6B66	188	39547
55	6B67	188	39547
55	6B69	188	39547
55	6B6B	188	39547
55	6B6D	188	39547
55	6B70	188	39547
55	6B73	188	39547
55	6B76	188	39547
55	6B77	188	39547
55	6B79	188	39547
55	6B7A	188	39547
55	6B80	188	39548
55	6B88	188	39548
55	6B89	188	39548
55	6B8B	188	39548
55	6B8D	188	39548
55	6B90	188	39548
55	6B93	188	39548
55	6B96	188	39548
55	6B97	188	39548
55	6B99	188	39548
55	6B9A	188	39548
55	6BA0	188	39549
55	6BA8	188	39549
55	6BAA	188	39549
55	6BAB	188	39549
55	6BAD	188	39549
55	6BAF	188	39549
55	6BB1	188	39549
55	6BB2	188	39546
55	6BB5	188	39546
55	6BB8	188	39546
55	6BB9	188	39546
55	6C10	2746	39565
55	6C12	2746	39565
55	6C15	2746	39565
55	6C16	44358	39565
55	6C19	44358	39565
55	6C1A	44358	39565
55	6C1B	2597	39565
55	6C1E	2597	39565
55	6C1F	2597	39565
55	6C20	2597	39565
55	6C22	1048	39565
55	6C24	1048	39565
55	6C26	1048	39565
55	6C28	1549	39833
55	6C29	1549	39833
55	6C2A	1549	39833
55	6C2D	1549	39833
55	6C45	1048	39565
55	6C46	1048	39565
55	6C47	1048	39565
55	6C48	2597	39565
55	6C4B	2597	39565
55	6C4C	2597	39565
55	6C4F	2597	39565
55	6C50	2597	39565
55	6C53	2597	39565
55	6C54	2597	39565
55	6C57	2597	39565
55	6C58	2597	39565
55	6C59	2597	39565
55	6C5F	2597	39565
55	6C61	2597	39565
55	6C63	2597	39565
55	6C65	2597	39565
55	6C66	2597	39565
55	6C68	2597	39565
55	6C6A	2597	39565
55	6C6C	2597	39565
55	6C6E	2597	39565
55	6C71	2597	39565
55	6C74	2597	39565
55	6C77	2597	39565
55	6C7A	2597	39565
55	6C7C	2597	39565
55	6C7D	2597	39565
55	6C7F	2597	39565
55	6C81	2597	39565
55	6C83	2597	39565
55	6C89	2597	39565
55	6C8B	2597	39565
55	6C8D	2597	39565
55	6C8E	2597	39565
55	6C90	2597	39565
55	6C92	2597	39565
55	6C94	2597	39565
55	6C96	2597	39565
55	6C99	2597	39565
55	6C9C	2597	39565
55	6C9E	2597	39565
55	6CA0	2597	39565
55	6CA3	2597	39565
55	6CA6	2597	39565
55	6CA7	2597	39565
55	6CA9	2597	39565
55	6CAA	2597	39565
55	6CB0	2597	39566
55	6CB8	2597	39566
55	6CBA	2597	39566
55	6CBB	2597	39566
55	6CBD	2597	39566
55	6CBF	2597	39566
55	6CC1	2597	39566
55	6CC2	2597	39566
55	6CC5	2597	39566
55	6CC6	1549	39833
55	6CC8	1549	39833
55	6CCA	1549	39833
55	6CCB	1549	39833
55	6CCC	1549	39833
55	6CCF	1549	39833
55	6CD0	1549	39833
55	6CD1	1549	39833
55	6CD2	1549	39833
55	6CD3	1549	39833
55	6E94	253	39546
55	6E97	253	39546
55	6E98	253	39546
55	6E99	253	39546
55	6E9B	253	39546
55	6E9C	253	39546
55	6E9D	253	39546
55	6E9E	253	39546
55	6EAA	188	39565
55	6EAD	188	39565
55	6EAE	188	39565
55	6EAF	188	39565
55	6EB1	188	39565
55	6EB2	188	39565
55	6EB3	188	39565
55	6EB4	188	39565
55	6EC0	1422	39565
55	6EC3	1422	39565
55	6EC4	1422	39565
55	6EC5	1422	39565
55	6EC7	1422	39565
55	6EC8	1422	39565
55	6EC9	1422	39565
55	6ECA	1422	39565
55	6ED6	188	39544
55	6ED9	188	39544
55	6EDA	188	39544
55	6EDB	188	39544
55	6EDD	188	39544
55	6EDE	188	39544
55	6EDF	188	39544
55	6EE0	188	39544
55	6F02	400	39569
55	6F05	400	39569
55	6F06	400	39569
55	6F07	400	39569
55	6F09	400	39569
55	6F0A	400	39569
55	6F0B	400	39569
55	6F0C	400	39569
55	6F18	37	39701
55	6F1B	37	39701
55	6F1C	37	39701
55	6F1D	37	39701
55	6F1F	37	39701
55	6F20	37	39701
55	6F21	37	39701
55	6F22	37	39701
55	6F2E	47739	603
55	6F2F	47739	603
55	6F32	47739	603
55	6F33	47739	603
55	6F34	47739	603
55	6F36	47739	603
55	6F37	47739	603
55	6F38	47739	603
55	6F39	47739	603
55	6F3A	47739	603
55	6FA1	18	53261
55	6FA4	18	53261
55	6FA5	18	53261
55	6FA7	18	53261
55	6FAA	102	53261
55	6FAB	102	53261
55	6FAC	102	53261
55	6FAE	86	53261
55	6FAF	86	53261
55	6FB1	84	53261
55	6FB3	2	112361
55	6FB5	2	112361
55	6FB6	2	112361
55	6FB8	2	112361
55	6FBA	2	112361
55	6FBD	2	112361
55	6FC0	2	112361
55	6FC1	2	112361
55	6FC3	2	112361
55	6FC5	18	53261
55	6FC6	18	53261
55	6FCD	762	40441
55	6FD0	762	40441
55	6FD3	762	40441
55	6FD5	762	40441
55	6FD7	762	40441
55	6FDD	762	40441
55	6FE0	762	40441
55	6FE3	762	40441
55	6FE4	762	40441
55	6FE5	762	40441
55	6FE6	762	40441
55	6FE8	762	40441
55	6FE9	762	40441
55	6FEA	762	40441
55	6FEB	762	40441
55	6FEC	762	40441
55	6FED	762	40441
55	6FF0	762	40441
55	6FF3	762	40441
55	7000	255	39822
55	7003	255	39822
55	7006	255	39822
55	7007	188	39543
55	7008	188	39543
55	700E	188	39543
55	7011	188	39543
55	7013	188	39543
55	7015	188	39543
55	7016	188	39543
55	7018	188	39543
55	701A	188	39543
55	701C	188	39543
55	701D	188	39543
55	701F	188	39543
55	7021	188	39543
55	7023	188	39543
55	7026	188	39543
55	7028	188	39543
55	702A	188	39543
55	702D	188	39543
55	702E	188	39543
55	702F	188	39543
55	7031	188	39543
55	7032	188	39543
55	7034	188	39543
55	7037	188	39543
55	7039	188	39543
55	703B	188	39543
55	703C	188	39543
55	703E	188	39543
55	7041	188	39543
55	7043	188	39543
55	7044	188	39543
55	7047	188	39543
57	541C	6	605
57	541D	6	605
57	541F	6	605
57	5421	6	605
57	5422	6	605
57	5423	6	605
57	5426	6	605
57	5427	24	605
57	5428	24	605
57	542A	24	605
57	542B	24	605
57	542C	24	605
57	542E	24	605
57	5434	24	605
57	5435	24	605
57	5437	6	606
57	5438	6	606
57	543A	6	606
57	543D	6	606
57	5443	6	606
5C	5150	17	7935
5C	5151	17	7935
5C	5152	17	7935
5C	5153	17	7935
5C	5156	17	7935
5C	5159	17	7935
5C	515C	17	7935
5C	5162	17	7935
5C	5163	17	7935
5C	5164	17	7935
5C	5167	17	7935
5C	5168	17	7935
5C	516B	17	7935
5C	516C	17	7935
5C	516F	17	7935
5C	5171	17	7935
5C	5173	17	7935
5C	5175	17	7935
5C	5176	17	7935
5C	5178	17	7935
5C	517A	17	7935
5C	517C	17	7935
5C	517E	17	7935
5C	5180	17	7935
5C	5182	17	7935
5C	5188	17	7935
5C	518B	17	7935
5C	518E	17	7935
5C	5190	17	7935
5C	5192	17	7935
5C	5194	17	7935
5C	519A	17	7936
5C	519D	17	7936
5C	51A0	17	7936
5C	51A2	17	7936
5C	51A4	17	7936
5C	51A6	17	7936
5C	51AC	17	7937
5C	51AF	17	7937
5C	51B2	17	7937
5C	51B4	17	7937
5C	51B6	17	7937
5C	51B8	17	7937
5C	51BE	17	7938
5C	51C1	17	7938
5C	51C4	17	7938
5C	51C6	17	7938
5C	51C8	17	7938
5C	51CA	17	7938
5C	51D0	17	7939
5C	51D3	17	7939
5C	51D6	17	7939
5C	51D9	17	7939
5C	51DB	17	7939
5C	51E1	17	7939
5C	51E4	17	7939
5C	51E7	17	7939
5C	51EA	17	7939
5C	51EC	17	7939
5C	51F2	17	7939
5C	51F5	17	7969
5C	51F8	17	7970
5C	51FA	17	7970
5C	51FD	17	7971
5C	5203	17	7971
5C	5209	17	7987
5C	520B	17	7987
5C	520C	17	7987
5C	520E	17	7987
5C	5210	17	7987
5C	5213	17	7987
5C	5216	17	7987
5C	5217	17	7987
5C	5219	700	7987
5C	521F	700	7987
5C	5222	700	7988
5C	5228	700	7988
5C	522E	700	7988
5C	523B	677	7988
5C	523E	677	7988
5C	523F	677	7988
5C	5242	677	7988
5C	5244	677	7988
5C	5246	677	7988
5C	5249	677	7988
5C	524C	17	8144
5C	524E	17	8144
5C	524F	17	8144
5C	5251	17	8144
5C	5253	17	8144
5C	5256	17	8144
5C	5259	17	8144
5C	525A	17	8144
5C	525C	17	8144
5C	5262	17	8159
5C	5263	17	8159
5C	5264	6	8036
5C	5266	13	8000
5C	5267	17	7939
5C	526A	17	7939
5C	526D	17	7939
5C	5270	17	7939
5C	5276	17	7939
5C	5279	17	7939
5C	527A	17	7939
5C	527D	272	7939
5C	527E	272	7939
5C	5280	272	7939
5C	5283	272	7939
5C	5284	272	7939
5C	5286	255	7939
5C	5287	255	7939
5C	5288	255	7939
5C	5289	255	7939
5C	528B	17	7939
5C	528C	17	7939
5C	528D	17	7939
5C	528F	5	7939
5C	5292	5	7939
5C	5294	5	7939
5C	5296	5	7939
5C	5297	5	7939
5C	529A	5	7939
5C	529D	5	7939
5C	52A0	5	7939
5C	52A2	5	7939
5C	52A8	5	7939
5C	52A9	5	7939
5C	52EF	12	40826
5C	52F0	12	40826
5C	52F3	12	40826
5C	52F6	12	40826
5C	52F9	12	40826
5C	52FB	12	40826
5C	5301	12	40826
5C	5302	17	7939
5C	5303	17	7939
5C	5304	17	7939
5C	5305	17	7939
5C	5308	17	7939
5C	5309	17	7939
5C	530C	17	7939
5C	530D	29	7939
5C	530E	29	7939
5C	5310	29	7939
5C	5313	29	7939
5C	5314	29	7939
5C	5316	29	7939
5C	5317	29	7939
5C	5318	29	7939
5C	531A	12	40826
5C	531B	12	40826
5C	531C	12	40826
5C	531E	17	7939
5C	531F	17	7939
5C	5320	17	7939
5C	5323	17	7939
5C	5324	17	7939
5C	5325	17	7939
5C	5326	17	7939
5C	5327	17	7939
5C	5329	17	7939
5C	532A	17	7939
5C	532B	17	7939
5C	532C	17	7939
5C	532D	17	7939
5C	532F	17	7939
5C	5331	17	7939
5C	5333	17	7939
5C	5335	17	7939
5C	5337	17	7939
5C	5339	17	7939
5C	533B	17	7939
5C	533D	17	7939
5C	533E	17	7939
5C	5340	17	7939
5C	5342	17	7939
5C	5344	17	7939
5C	5346	17	7939
5C	5348	17	7939
5C	5349	17	7939
5C	534B	17	7939
5C	534D	17	7939
5C	534F	17	7939
5C	5351	17	7939
5C	5353	17	7939
5C	5355	17	7939
5C	5357	17	7939
5C	5359	17	7939
5C	535B	17	7939
5C	535D	17	7939
5C	535F	17	7939
5C	5361	17	7939
5C	5364	17	7957
5C	5367	17	7957
5C	536A	17	7957
5C	536D	17	7957
5C	5373	17	7964
5C	5376	17	7964
5C	5379	17	7964
5C	537C	17	7964
5C	5382	17	7969
5C	5385	17	7969
5C	5388	17	7969
5C	538B	17	7969
5C	5391	17	7969
5C	5394	17	7969
5C	5397	17	7969
5C	539A	17	7969
5C	53A0	17	7969
5C	53B3	17	7969
5C	53B5	17	7969
5C	53B7	17	7969
5C	53B8	17	7969
5C	53BA	17	7969
5C	53BC	17	7969
5C	53BE	17	7969
5C	53C0	17	7969
5C	53C3	17	7969
5C	53C4	17	7969
5C	53C6	17	7969
5C	53C8	17	7969
5C	53CB	17	7969
5C	53CE	17	7969
5C	53CF	17	7969
5C	53D0	17	7969
5C	53D2	17	7969
5C	53D5	17	7969
5C	53D8	17	7969
5C	53DA	17	7969
5C	53DC	12	40846
5C	53DD	12	40846
5C	53E0	12	40846
5C	53E1	17	7969
5C	53E2	17	7969
5C	53E4	17	7969
5C	53E5	17	7969
5C	53E7	17	7969
5C	53E8	17	7969
5C	53E9	17	7969
5C	53EA	17	7969
5C	53EC	17	7969
5C	53ED	17	7969
5C	53EF	17	7969
5C	53F0	17	7969
5C	53F3	17	7969
5C	53F4	17	7969
5C	53F6	17	7969
5C	53F8	17	7969
5C	53FB	17	7969
5C	53FC	17	7969
5C	53FF	17	7969
5C	5401	17	7969
5C	5407	17	7969
5C	5408	17	7969
5C	5409	17	7969
5C	540B	17	7969
5C	540E	17	7969
5C	540F	17	7969
5C	5412	17	7969
5C	5413	17	7969
5C	5415	17	7969
5C	5417	17	7969
5C	541A	17	7969
5C	541B	17	7969
5C	541C	17	7969
5C	541E	17	7969
5C	5421	17	7969
5C	5423	17	7969
5C	5424	17	7969
5C	5426	17	7969
5C	5428	17	7969
5C	542A	17	7969
5C	542D	17	7969
5C	5430	17	7969
5C	5433	17	7969
5C	5435	17	7969
5C	543B	17	7969
5C	543D	17	7969
5C	5440	17	7970
5C	5441	85	7969
5C	5442	85	7969
5C	5443	85	7969
5C	5446	85	7969
5C	5447	85	7969
5C	5448	85	7969
5C	5449	85	7969
5C	544B	85	7969
5C	544C	85	7969
5C	544D	85	7969
5C	544E	85	7969
5C	544F	85	7969
5C	5451	85	7969
5C	5452	85	7969
5C	5453	85	7969
5C	5454	85	7969
5C	5456	85	7969
5C	5457	85	7969
5C	5458	85	7969
5C	5459	85	7969
5C	545A	85	7969
5C	5504	12	40846
5C	5506	12	40846
5C	5509	12	40846
5C	550A	12	40846
5C	550B	12	40846
5C	550C	12	40846
5C	550F	12	40846
5C	5510	12	40846
5C	5512	12	40846
5C	5513	12	40846
5C	5514	12	40846
5C	5515	12	40846
63	4000	16946	335
63	4001	16946	335
63	4002	16946	335
63	4003	16946	335
63	4004	16946	335
63	4005	16946	335
63	4007	16946	335
63	4008	16946	335
63	400A	16946	335
63	400C	16946	335
63	400E	16946	335
63	4010	16946	335
63	4012	16946	335
63	4014	16946	335
63	4017	16946	335
63	4018	16946	335
63	4019	16946	335
63	401A	16946	335
63	401B	16946	335
63	401C	16946	335
63	401D	16946	335
63	401E	16946	335
63	401F	16946	335
63	4020	16946	335
63	4021	16946	335
63	4023	16946	335
63	4024	16946	335
63	4026	16946	335
63	4028	16946	335
63	4029	16946	335
63	402A	16946	335
63	402B	16946	335
63	402C	16946	335
63	403D	2188	340
63	403F	2188	340
63	4041	2188	340
63	4043	2248	335
63	4045	2248	335
63	4047	2248	335
63	4049	2580	336
63	404B	2580	336
63	404D	2580	336
63	404F	2304	337
63	4051	2304	337
63	4053	2304	337
63	4055	1914	335
63	4057	1914	335
63	4059	1914	335
63	405B	2299	337
63	405D	2299	337
63	405F	2299	337
63	4061	2046	336
63	4063	2046	336
63	4065	2046	336
63	4067	1367	335
63	4069	1367	335
63	406B	1367	335
63	406D	16946	335
63	406E	16946	335
63	406F	16946	335
63	4070	16946	335
63	4071	16946	335
65	4000	20	17
65	4003	20	22
65	4009	20	22
65	400F	20	22
65	4015	20	22
65	4016	20	22
65	4019	20	22
65	401C	20	22
65	401D	20	22
65	401E	20	22
65	4021	20	22
65	4022	20	22
65	4023	20	22
65	4024	20	22
65	4025	20	22
65	4026	20	22
65	4029	20	22
65	402F	20	324
65	4030	20	324
65	4032	20	324
65	4033	20	324
65	4035	20	324
65	4037	20	324
65	4038	20	324
65	4039	20	324
65	403A	20	324
65	403B	20	324
65	40CF	20	324
65	40D5	20	324
65	40D6	20	324
65	40D8	20	324
65	40D9	20	324
65	40DB	20	324
65	40DD	20	324
65	40DE	20	324
65	40DF	20	324
65	40E0	20	324
65	40E1	20	324
65	4107	13	45652
65	410A	13	45652
65	4110	7	324
65	4113	7	324
65	4123	20	324
65	4126	20	324
65	4128	20	324
65	412A	20	324
65	412B	20	324
65	412D	20	324
65	412F	20	324
65	4131	20	324
65	4132	20	324
65	4134	20	324
65	4136	20	324
65	4138	20	324
65	413B	20	324
65	413D	20	324
65	413F	20	324
65	4142	20	324
65	4143	20	324
65	4144	20	324
65	4146	20	324
65	4147	20	324
65	4149	20	324
65	414C	20	324
65	414E	20	324
65	4150	20	324
65	4151	20	324
65	4153	20	324
65	4156	20	324
65	4158	20	324
65	4159	20	324
65	415B	20	324
65	415E	20	324
65	4160	20	324
65	4161	7	324
65	4163	7	324
65	41DA	20	324
65	41E0	20	324
65	41E6	20	324
65	41E7	20	324
65	41EA	20	324
65	41ED	20	324
65	41F0	20	324
65	41F2	20	324
65	41F5	20	324
65	41FB	20	324
65	4201	20	324
65	4207	20	324
65	420A	20	324
65	420C	20	324
65	420E	7	324
65	4210	7	324
65	421A	20	324
65	4220	20	324
65	4226	20	324
65	4229	20	324
65	422B	20	324
65	422D	20	324
65	422E	20	324
65	4230	20	324
65	4232	20	324
65	4234	20	324
65	4235	20	324
65	4237	20	324
65	4239	20	324
65	423B	20	324
65	423E	20	324
65	4240	20	324
65	4242	20	324
65	4245	20	324
65	4246	20	324
65	4247	20	324
65	4249	20	324
65	424A	20	324
65	424C	20	324
65	424F	20	324
65	4251	20	324
65	4253	20	324
65	4254	20	324
65	4256	20	324
65	4259	20	324
65	425B	20	324
65	425C	20	324
65	425E	20	324
65	4261	20	324
65	4267	20	329
65	426D	20	329
65	4273	20	330
65	4275	20	330
65	4278	20	330
65	427A	20	330
65	427D	20	330
65	4280	20	330
65	4282	20	330
65	4284	7	330
65	4286	7	330
65	428C	7	547
65	428F	7	547
65	4290	7	547
65	4293	7	547
65	4296	7	547
65	4297	7	547
65	42A3	13	45658
65	42A5	13	45658
65	42A7	13	45658
65	42AD	13	45803
65	42B3	13	45803
65	42B5	13	45803
65	42B7	13	45803
65	42B9	13	45803
65	42C3	4	97883
65	42C5	4	97883
65	42C7	4	97883
65	42CD	4	97955
65	42D3	4	97955
65	42D5	4	97955
65	42D7	4	97955
65	42D9	4	97955
65	42E3	27	45803
65	42E6	27	45803
65	42E9	27	45803
65	42EB	27	45803
65	42F1	27	45803
65	42F3	27	45803
65	42F9	27	45891
65	42FA	27	45891
65	42FC	27	45891
65	42FE	27	45891
65	4304	27	46023
65	4305	27	46023
65	4307	21	46023
65	4309	21	46023
65	430F	21	46111
65	4310	21	46111
65	4312	17	46111
65	4314	17	46111
65	431A	17	46199
65	431B	17	46199
65	431D	13	46551
65	4320	13	46551
65	4321	13	46551
65	4372	4	68513
65	4375	4	68513
65	4376	4	68513
65	4378	4	68513
65	437E	4	68611
65	437F	4	68611
65	4382	2	101267
65	438D	5	101267
65	4390	5	101267
65	4393	5	101267
65	4399	5	101267
65	439A	5	101267
65	43A0	3	101954
65	43A1	3	101954
65	43A4	3	101954
65	43A7	3	101954
65	43AA	3	101954
65	43B0	3	101954
65	43B1	3	101954
65	43B2	3	101954
65	43B4	3	101954
65	43B7	3	101954
65	43BA	3	101954
65	43C0	3	101954
65	43C2	3	101954
65	43C8	3	103034
65	43C9	3	103034
65	43CC	3	103034
65	43CF	3	103034
65	43D5	3	103034
65	43D6	3	103034
65	43D7	3	103034
65	43D9	3	103034
65	43DF	3	103034
65	43E0	3	103034
65	43E1	3	103034
65	43E3	3	103034
65	43E5	3	103034
65	43E8	3	103034
65	43EE	3	103103
65	43F1	3	103103
65	43F7	3	103103
65	43FA	3	103103
65	4400	3	103103
65	446E	2	87963
65	4470	2	87963
65	4476	2	88075
65	4477	2	88075
65	4479	7	79159
65	447B	7	79159
65	4481	7	79224
65	4482	7	79224
65	4484	13	72211
65	4486	13	72211
65	448C	13	72283
65	448D	13	72283
65	448F	43	39477
65	4495	42	39535
65	4496	42	39535
65	4498	40	39535
65	449E	39	39586
65	449F	39	39586
65	44A1	18	39586
65	44A4	18	39586
65	44A7	18	39586
65	44A9	18	39586
65	44AF	24	39586
65	44B5	24	39643
65	44B6	24	39643
65	44B8	23	39643
65	44BE	22	39718
65	44BF	22	39718
65	44C1	16	39874
65	44C4	16	39874
65	44C7	16	39874
65	44C9	16	39874
65	44CF	16	39874
65	44D2	16	39874
65	44D5	16	39874
65	44D7	16	39874
65	44DD	26	39874
65	44DF	26	39874
65	44E5	26	39957
65	44E6	26	39957
65	44E8	21	39957
65	44EA	21	39957
65	44ED	17	39957
65	44F0	17	39957
65	44F2	17	39957
65	44F4	17	39957
65	44FA	17	39957
65	44FC	5	67533
65	44FF	5	67533
65	4501	5	67533
65	4503	5	67533
65	4509	5	67533
65	450F	5	67533
65	4511	4	68513
65	4514	4	68513
65	4515	4	68513
65	4517	4	68513
65	451D	4	68513
65	4523	4	68513
65	4526	29	39957
65	4528	29	39957
65	452E	29	40039
65	452F	29	40039
65	4531	35	40039
65	4533	35	40039
65	4539	34	40090
65	453A	34	40090
65	453C	22	40090
65	453F	22	40090
65	4542	22	40090
65	4544	22	40090
65	454A	23	40090
65	454C	23	40090
65	4552	23	40174
65	4553	23	40174
65	4555	9	40174
65	4558	9	40174
65	455B	9	40174
65	455D	9	40174
65	4563	11	40174
65	4569	11	40234
65	456A	11	40234
65	456C	10	40234
65	456F	10	40234
65	4572	10	40234
65	4574	10	40234
65	457A	16	40234
65	457B	16	40234
65	4581	15	40315
65	4582	15	40315
65	4584	29	40315
65	4587	29	40315
65	458A	29	40315
65	4590	29	40315
65	4591	29	40315
65	4597	26	40426
65	4598	26	40426
65	459B	26	40426
65	459E	26	40426
65	45A1	26	40426
65	45A7	26	40426
65	45A8	26	40426
65	45A9	26	40426
65	45AB	20	40426
65	45AE	20	40426
65	45B1	20	40426
65	45B7	20	40426
65	45B9	20	40426
65	45BF	16	40822
65	45C0	16	40822
65	45C3	16	40822
65	45C6	16	40822
65	45CC	16	40822
65	45CD	16	40822
65	45CE	16	40822
65	45D0	9	40822
65	45D6	9	40822
65	45D7	9	40822
65	45D8	9	40822
65	45DA	9	40822
65	45DC	9	40822
65	45DF	9	40822
65	45E5	9	40915
65	45E8	9	40915
65	45EE	9	40915
65	45F1	9	40915
65	45F7	9	40915
65	4607	2	13505
65	4608	2	13505
65	460E	2	13577
65	460F	2	13577
65	4612	2	13577
65	4614	2	13577
65	4616	2	13577
65	4618	2	13577
65	461B	2	13577
65	461E	2	13577
65	4621	2	13577
65	4624	2	13577
65	4626	2	13577
65	462C	9	547
65	4632	9	605
65	4633	9	605
65	4636	7	605
65	4638	7	605
65	463B	6	605
65	463D	6	605
65	4640	6	605
65	4642	6	605
65	4648	6	605
65	464A	6	605
65	464C	6	605
65	464F	6	605
65	4655	6	605
65	4658	6	605
65	4659	6	605
65	465B	6	605
65	4661	6	606
65	4667	6	924
65	4668	6	924
65	466B	6	924
65	4671	6	924
65	4672	6	924
65	4678	6	997
65	467A	6	997
65	467C	5	7585
65	4682	5	8174
65	4683	5	8174
65	46CA	6	997
65	46D0	6	997
65	46D1	6	997
65	46DD	6	997
65	46DF	6	997
65	473F	12	40822
65	4741	12	40822
65	4743	12	40822
65	4744	12	40822
65	4746	12	40822
65	4748	12	40822
65	474A	12	40822
65	474C	12	40822
65	474F	12	40822
65	4752	12	40822
65	4755	12	40822
65	4756	12	40822
65	4758	12	40822
65	4759	12	40822
65	475B	12	40822
65	475D	12	40822
65	475F	12	40822
65	4760	12	40822
65	4761	29	40426
65	4763	29	40426
65	4765	29	40426
65	4766	29	40426
65	4768	29	40426
65	476A	29	40426
65	476C	29	40426
65	476E	29	40426
65	4771	29	40426
65	4774	29	40426
65	4777	29	40426
65	4778	29	40426
65	477A	29	40426
65	477B	29	40426
65	477D	29	40426
65	477F	29	40426
65	4781	29	40426
65	4782	29	40426
65	4783	29	40426
65	4785	21	40426
65	4788	21	40426
65	478E	21	40426
65	4790	21	40426
65	4792	21	40426
65	4793	21	40426
65	4795	21	40426
65	4797	21	40426
65	4799	21	40426
65	479C	21	40426
65	479E	21	40426
65	47A0	21	40426
65	47A1	21	40426
65	47A3	21	40426
65	47A4	21	40426
65	47A7	21	40426
65	47AA	21	40426
65	47AB	21	40426
65	47AD	21	40426
65	47AF	21	40426
65	47B0	21	40426
65	47B3	21	40426
65	47B5	21	40426
65	47B6	21	40426
65	47B8	21	40426
65	47BB	21	40426
65	47BD	21	40426
65	47BF	21	40426
65	47C0	21	40426
65	47C2	21	40426
65	47C5	21	40426
65	47C7	29	40426
65	47EA	6	605
65	47EC	6	605
65	47EE	6	605
65	47EF	6	605
65	47F1	6	605
65	47F3	6	605
65	47F5	6	605
65	47F7	6	605
65	47FA	6	605
65	47FD	6	605
65	4800	6	605
65	4802	6	605
65	4803	6	605
65	4805	6	605
65	4807	6	605
65	4809	6	605
65	480C	6	605
65	480F	6	605
65	4810	6	605
65	4813	6	605
65	4819	6	606
65	487C	173	330
65	487F	173	330
65	4881	173	330
65	4883	173	330
65	4889	173	330
65	488C	173	331
65	488E	173	331
65	4890	173	331
65	4892	173	331
65	4893	173	331
65	4895	173	331
65	4897	173	331
65	4899	173	331
65	489B	173	331
65	489D	173	331
65	489F	173	331
65	48A5	173	331
65	48A8	173	331
65	48AB	173	331
65	48AD	173	331
65	48AE	173	331
65	48B1	173	331
65	48B4	173	331
65	48B7	173	331
65	48B8	173	331
65	48B9	173	331
65	48BC	173	331
65	48BD	173	331
65	48C0	173	331
65	48C1	173	331
65	48C2	173	331
65	48C5	173	331
65	48C8	173	331
65	48CB	173	331
65	48CD	173	331
65	48CF	173	331
65	48D1	173	331
65	48D7	173	332
65	48DA	173	332
65	48DD	173	332
65	48E0	173	332
65	48E2	173	332
65	48E8	173	332
65	48EB	173	332
65	48EC	173	332
65	48EF	173	332
65	48F0	173	332
65	48F1	173	332
65	48F3	173	332
65	48F5	173	332
65	48F8	173	332
65	48FB	173	332
65	48FE	173	332
65	4900	173	332
65	4906	173	332
65	4919	173	332
65	491B	173	332
65	491E	173	333
65	4921	173	335
65	4924	173	335
65	4927	173	357
65	4929	173	357
65	492C	173	358
65	4932	173	374
65	4935	173	374
65	4938	173	374
65	493A	173	374
65	493C	7030	374
65	493F	7030	375
65	4945	7030	375
65	494B	7030	375
65	4958	6823	375
65	495B	130	532
65	495D	130	532
65	495E	130	532
65	4960	130	532
65	4962	130	532
65	4965	130	532
65	4968	130	532
65	4969	130	532
65	496B	130	532
65	4971	130	547
65	4973	130	547
65	4974	44	476
65	4977	44	476
65	4979	44	476
65	497B	7	476
65	497D	7	476
65	497F	7	476
65	4981	37	46184
65	4983	37	46184
65	4984	37	46184
65	4986	37	46184
65	4988	37	46184
65	498B	37	46184
65	498E	37	46184
65	498F	37	46184
65	4991	37	46184
65	4997	37	46199
65	4998	37	46199
65	4999	14	19924
65	499B	19	524
65	499D	29256	1040
65	49A0	29250	1041
65	49A2	173	335
65	49A5	173	335
65	49A8	173	335
65	49AB	173	335
65	49B1	173	335
65	49B4	173	335
65	49B5	173	335
65	49B8	173	335
65	49B9	173	335
65	49BC	173	335
65	49BD	173	335
65	49BE	173	335
65	49BF	173	335
65	49C0	173	335
65	49C1	173	335
65	49C2	173	335
65	49C4	173	335
65	49C6	173	335
65	49C8	173	335
65	49CA	173	335
65	49CC	173	335
65	49CE	173	335
65	49D0	173	335
65	49D2	173	335
65	49D4	173	335
65	49D6	173	335
65	49D8	173	335
65	49DA	173	335
65	49DC	173	335
65	49DE	173	335
65	49E0	173	335
65	49E2	173	335
65	49E4	173	335
65	49E6	173	335
65	49E8	173	335
65	49EA	173	335
65	49EC	173	335
65	49EE	173	335
65	49F0	173	335
65	49F2	173	335
65	49F4	173	335
65	49F6	173	335
65	49F7	173	335
65	49FA	173	345
65	49FD	173	345
65	4A00	173	345
65	4A03	173	345
65	4A09	173	352
65	4A0C	173	352
65	4A0F	173	352
65	4A12	173	352
65	4A18	173	357
65	4A1B	173	357
65	4A1E	173	357
65	4A21	173	357
65	4A27	173	357
65	4A2A	173	357
65	4A2D	173	357
65	4A30	173	357
65	4A36	173	357
65	4A37	173	333
65	4A3A	173	333
65	4A3B	173	333
65	4A3E	173	333
65	4A3F	173	333
65	4A40	173	333
65	4A41	173	333
65	4A44	173	333
65	4A45	173	333
65	4A46	173	333
65	4A47	173	333
65	4A49	173	333
65	4A4A	173	333
65	4A4B	173	333
65	4A4C	173	333
65	4A4D	173	333
65	4A4E	173	333
65	4A4F	173	333
65	4A50	173	333
65	4A51	173	333
65	4A52	173	333
65	4A53	173	333
65	4A54	173	333
65	4A57	173	333
65	4A59	173	333
65	4A5B	173	333
65	4A61	173	334
65	4A62	173	334
65	4A63	173	334
65	4A64	173	334
65	4A67	173	334
65	4A68	173	334
65	4A69	173	334
65	4A6A	173	334
65	4A6C	173	334
65	4A6D	173	334
65	4A6E	173	334
65	4A6F	173	334
65	4A70	173	334
65	4A71	173	334
65	4A74	173	334
65	4A76	173	334
65	4A78	173	334
65	4A7A	173	334
65	4A80	173	335
65	4AD7	173	335
65	4ADA	173	335
65	4ADB	173	335
65	4ADE	173	335
65	4ADF	173	335
65	4AE0	173	335
65	4AE2	173	335
65	4AEB	173	335
65	4AEC	173	335
65	4AEF	173	335
65	4AF0	173	335
65	4AF1	173	335
65	4AF2	173	335
65	4AF3	173	335
65	4AF4	84	45808
65	4AF5	84	45808
65	4AF6	84	45808
65	4AF9	84	45808
65	4AFC	84	45808
65	4AFD	84	45808
65	4AFE	84	45808
65	4AFF	84	45808
65	4B01	84	45808
65	4B02	84	45808
65	4B03	84	45808
65	4B04	84	45808
65	4B05	84	45808
65	4B06	84	45808
65	4B07	84	45808
65	4B08	84	45808
65	4B09	84	45808
65	4B0A	84	45808
65	4B0C	84	45808
65	4B0D	84	45808
65	4B0E	84	45808
65	4B0F	84	45808
65	4B10	84	45808
65	4B11	84	45808
65	4B14	84	45808
65	4B17	84	45808
65	4B19	84	45808
65	4B1F	84	45808
65	4B20	84	45808
65	4B21	84	45808
65	4B22	84	45808
65	4B25	84	45808
65	4B28	84	45808
65	4B29	84	45808
65	4B2A	84	45808
65	4B2B	84	45808
65	4B2D	84	45808
65	4B2E	84	45808
65	4B2F	84	45808
65	4B30	84	45808
65	4B31	84	45808
65	4B32	84	45808
65	4B33	84	45808
65	4B34	84	45808
65	4B35	84	45808
65	4B36	84	45808
65	4B38	84	45808
65	4B39	84	45808
65	4B3A	84	45808
65	4B3B	84	45808
65	4B3C	84	45808
65	4B3D	84	45808
65	4B40	84	45808
65	4B43	84	45808
65	4B45	84	45808
65	4B4B	84	45808
65	4B4D	84	45808
65	4B4E	84	45808
65	4B51	84	45808
65	4B54	84	45808
65	4B55	84	45808
65	4B56	84	45808
65	4B57	84	45808
65	4B59	84	45808
65	4B5A	84	45808
65	4B5B	84	45808
65	4B5C	84	45808
65	4B5D	84	45808
65	4B5E	84	45808
65	4B5F	84	45808
65	4B60	84	45808
65	4B61	84	45808
65	4B62	84	45808
65	4B64	84	45808
65	4B65	84	45808
65	4B66	84	45808
65	4B67	84	45808
65	4B68	84	45808
65	4B69	84	45808
65	4B6C	84	45808
65	4B6F	84	45808
65	4B71	84	45808
65	4B77	84	45808
65	4BA8	173	374
65	4BAB	173	374
65	4BAE	173	374
65	4BAF	173	374
65	4BB0	173	374
65	4BB2	173	374
65	4BB3	173	374
65	4BB4	173	374
65	4BB5	173	374
65	4BB7	173	374
65	4BB8	173	374
65	4BBA	173	374
65	4BBB	173	374
65	4BBD	173	374
65	4BBF	173	374
65	4BC2	173	374
65	4BC3	173	374
65	4BC5	173	374
67	4156	20	324
67	4157	20	324
67	415A	20	324
67	415B	20	324
67	415D	20	324
67	415F	20	324
67	4160	20	324
67	4162	20	324
67	4164	20	324
67	4166	20	324
67	4167	20	324
67	4169	20	324
67	416B	20	324
67	416D	20	324
67	4170	20	324
67	4172	20	324
67	4174	20	324
67	4177	20	324
67	4178	20	324
67	4179	20	324
67	417B	20	324
67	417C	20	324
67	417E	20	324
67	4181	20	324
67	4183	20	324
67	4185	20	324
67	4186	20	324
67	4188	20	324
67	418B	20	324
67	418D	20	324
67	418E	20	324
67	418F	20	324
67	4192	20	324
67	4193	20	324
67	4195	20	324
67	4197	20	324
67	4198	20	324
67	419A	20	324
67	419C	20	324
67	419E	20	324
67	419F	20	324
67	41A1	20	324
67	41A3	20	324
67	41A5	20	324
67	41A8	20	324
67	41AA	20	324
67	41AC	20	324
67	41AF	20	324
67	41B0	20	324
67	41B1	20	324
67	41B3	20	324
67	41B4	20	324
67	41B6	20	324
67	41B9	20	324
67	41BB	20	324
67	41BD	20	324
67	41BE	20	324
67	41C0	20	324
67	41C3	20	324
67	41C5	20	324
67	41C6	20	324
67	41C7	20	324
67	41CA	20	324
67	41CB	20	324
67	41CD	20	324
67	41CF	20	324
67	41D0	20	324
67	41D2	20	324
67	41D4	20	324
67	41D6	20	324
67	41D7	20	324
67	41D9	20	324
67	41DB	20	324
67	41DD	20	324
67	41E0	20	324
67	41E2	20	324
67	41E4	20	324
67	41E7	20	324
67	41E8	20	324
67	41E9	20	324
67	41EB	20	324
67	41EC	20	324
67	41EE	20	324
67	41F1	20	324
67	41F3	20	324
67	41F5	20	324
67	41F6	20	324
67	41F8	20	324
67	41FB	20	324
67	41FD	20	324
67	41FE	9	67533
67	4200	9	67533
67	4202	9	67533
67	4203	9	67533
67	4205	9	67533
67	4207	9	67533
67	4209	9	67533
67	420B	9	67533
67	420C	9	67533
67	420F	9	67533
67	4212	9	67533
67	4215	9	67533
67	4218	9	67533
67	4219	9	67533
67	421B	9	67533
67	421D	9	67533
67	421E	9	67533
67	4221	9	67533
67	4223	9	67533
67	4224	9	67533
67	4226	9	67533
67	4228	9	67533
67	422A	9	67533
67	422B	58	40039
67	422E	58	40039
67	4231	58	40052
67	4237	58	40068
67	423A	57	40073
67	4240	57	40088
67	4246	57	40090
67	4249	57	40090
67	431F	58	40039
67	4321	58	40039
67	4323	58	40039
67	4329	58	40039
67	432F	58	40039
67	4330	58	40039
67	4333	58	40039
67	4336	58	40039
67	4339	58	40039
67	433B	58	40039
67	4341	58	40039
67	4344	58	40039
67	4345	58	40039
67	4347	35	40039
67	434A	35	40039
67	434D	35	40039
67	4353	35	40039
67	4355	23	40090
67	4358	23	40090
67	435B	23	40090
67	4361	58	40039
67	4364	58	40039
67	4367	58	40039
67	436A	58	40039
67	436C	58	40039
67	436E	58	40039
67	4370	58	40039
67	4376	58	40040
67	4379	58	40040
67	437C	58	40040
67	437E	58	40040
67	4380	58	40040
67	4382	58	40040
67	4388	58	40041
67	438B	58	40041
67	438E	58	40041
67	4390	58	40041
67	4392	58	40041
67	4394	58	40041
67	439A	58	40042
67	439D	58	40042
67	43A0	58	40042
67	43A2	58	40042
67	43A4	58	40042
67	43A6	58	40042
67	43AC	58	40043
67	43AF	58	40043
67	43B2	58	40043
67	43B5	58	40043
67	43B7	58	40043
67	43BD	58	40043
67	43C0	58	40043
67	43C1	58	40043
67	43C3	35	40043
67	43C6	35	40043
67	43C9	35	40043
67	43CC	35	40043
67	43CE	35	40043
67	43D4	35	40043
67	43D6	23	40094
67	43D9	23	40094
67	43DC	23	40094
67	43DF	23	40094
67	43E1	23	40094
67	43E7	58	40043
67	43E9	58	40043
67	43EC	58	40043
67	43EF	58	40043
67	43F2	58	40045
67	43F5	58	40045
67	43F7	58	40045
67	43FA	58	40046
67	43FC	58	40046
67	43FE	58	40046
67	4404	58	40052
67	4407	58	40052
67	440A	58	40052
67	440C	58	40052
67	440E	58	40052
67	4414	58	40052
67	4416	58	40052
67	4418	58	40052
67	441B	58	40052
67	4421	58	40052
67	4424	58	40052
67	442A	58	40052
67	442C	58	40052
67	442E	39	40052
67	442F	19	68824
67	4435	19	68824
67	443B	19	68824
67	443C	138	40068
67	4442	138	40068
67	4445	138	40068
67	4446	138	40068
67	444C	137	40073
67	444E	137	40073
67	4450	93	40073
67	4452	93	40073
67	4454	56	40073
67	4456	56	40073
67	4459	14	53621
67	445B	14	53621
67	4461	44	68877
67	4464	44	68877
67	4467	44	68877
67	4468	44	68877
67	446E	44	68877
67	446F	44	68877
67	4471	44	68877
67	4473	44	68877
67	4474	44	68877
67	4476	44	68877
67	4478	44	68877
67	447B	44	68877
67	447E	44	68877
67	447F	44	68877
67	4481	44	68877
67	4493	44	68877
67	4496	44	68877
67	449C	44	68877
67	449E	44	68877
67	44A0	44	68877
67	44A6	44	68877
67	44B2	37	53549
67	44B5	37	53549
67	44BB	37	53549
67	44BC	37	53549
67	44BE	25	53549
67	44C0	25	53549
67	44C1	25	53549
67	44C3	25	53549
67	44C5	25	53549
67	44C8	25	53549
67	44CB	25	53549
67	44CC	25	53549
67	44CE	25	53549
67	44D1	25	53549
67	44D7	25	53549
67	44D9	25	53549
67	44DB	23	53549
67	44E1	23	53549
67	44E3	2	112697
67	44E9	2	112697
67	44EB	42	40073
67	44EE	42	40073
67	44F4	42	40073
67	44F6	42	40073
67	44F8	11	113093
67	44FA	11	113093
67	44FB	11	113093
67	44FD	11	113093
67	44FF	11	113093
67	4502	11	113093
67	4505	11	113093
67	4506	11	113093
67	4508	11	113093
67	450A	31	40073
67	450C	31	40073
67	450D	31	40073
67	450F	31	40073
67	4511	31	40073
67	4514	31	40073
67	4517	31	40073
67	4518	31	40073
67	451A	31	40073
67	451D	31	40073
67	451F	31	40073
67	4522	31	40073
67	4523	26	53621
67	4525	26	53621
67	4526	26	53621
67	4528	26	53621
67	452A	26	53621
67	452D	26	53621
67	4530	26	53621
67	4531	26	53621
67	4533	26	53621
67	4536	26	53621
67	4537	26	53621
67	453A	26	53621
67	453B	69	53549
67	453D	69	53549
67	453F	69	53549
67	4542	69	53549
67	4548	69	53549
67	454A	69	53549
67	454D	69	53549
67	4550	69	53549
67	4553	69	53551
67	4556	80	53551
67	4559	57	40073
67	455C	57	40073
67	455F	57	40073
67	4560	57	40073
67	4562	34	40073
67	4565	34	40073
67	4567	23	40157
67	456A	57	40073
67	4570	57	40073
67	4593	69	53551
67	4596	69	53551
67	459C	69	53551
67	459D	69	53551
67	459F	69	53551
67	45A1	69	53551
67	45A4	69	53551
67	45AB	58	40039
67	45AE	58	40039
67	45B4	58	40039
67	45B6	58	40039
67	45B8	19	68811
67	45BA	19	68811
67	45BD	19	68811
67	45BE	39	40039
67	45C0	39	40039
67	45C3	39	40039
67	45C4	58	40045
67	45C7	58	40045
67	45CA	58	40045
67	45CD	58	40045
67	45D3	58	40045
67	45D4	127	40043
67	45D5	127	40043
67	45D6	127	40043
67	45D9	127	40043
67	45DC	127	40043
67	45DF	127	40043
67	45E5	127	40043
67	45E7	127	40043
67	45E9	127	40043
67	45EB	127	40043
67	45ED	127	40043
67	45EF	127	40043
67	45F1	127	40043
67	45F3	127	40043
67	45F5	127	40043
67	45F7	127	40043
67	45F9	127	40043
67	45FB	127	40043
67	45FD	127	40043
67	45FF	127	40043
67	4601	127	40043
67	4603	127	40043
67	4605	127	40043
67	4607	127	40043
67	4609	127	40043
67	460B	127	40043
67	460D	127	40043
67	460F	127	40043
67	4611	127	40043
67	4613	127	40043
67	4615	127	40043
67	4617	127	40043
67	4619	127	40043
67	461A	127	40043
67	461B	127	40043
67	461D	127	40043
67	4620	127	40043
67	4621	127	40043
67	4624	127	40043
67	4627	127	40043
67	462A	127	40043
67	4630	127	40045
67	4631	26	39874
67	4634	26	39874
67	4637	26	39890
67	463D	26	39906
67	463F	26	39906
67	4640	26	39906
67	4642	26	39906
67	4644	26	39906
67	4647	26	39906
67	464A	26	39906
67	464B	26	39906
67	464D	26	39906
67	4650	26	39940
67	4656	26	39955
67	465C	26	39957
67	465E	26	39957
67	4660	26	39957
67	4663	26	39957
67	4665	26	39957
67	4667	26	39957
67	466A	26	39957
67	466D	26	39957
67	466E	26	39957
67	4678	26	39957
67	467B	26	39957
67	467E	26	39957
67	467F	26	39957
67	4681	26	39957
67	4684	26	39957
67	4687	26	39957
67	4688	26	39874
67	468A	26	39874
67	468C	26	39874
67	4692	26	39874
67	4698	26	39874
67	4699	26	39874
67	469C	26	39874
67	469E	26	39874
67	46A0	26	39874
67	46A3	26	39874
67	46A5	26	39874
67	46A7	26	39874
67	46AA	26	39874
67	46AD	26	39874
67	46AE	26	39874
67	46B5	26	39874
67	46B8	26	39874
67	46B9	26	39874
67	46BA	26	39874
67	46BC	26	39874
67	46BF	26	39874
67	46C0	26	39874
67	46C3	26	39874
67	46C6	26	39874
67	46C7	26	39874
67	4724	26	39874
67	4727	26	39874
67	472A	26	39874
67	472C	26	39874
67	472E	26	39874
67	4730	26	39874
67	4736	26	39875
67	4739	26	39875
67	473C	26	39875
67	473E	26	39875
67	4740	26	39875
67	4742	26	39875
67	4748	26	39876
67	474B	26	39876
67	474E	26	39876
67	4750	26	39876
67	4752	26	39876
67	4754	26	39876
67	475A	26	39877
67	475D	26	39877
67	4760	26	39877
67	4762	26	39877
67	4764	26	39877
67	4766	26	39877
67	476C	26	39878
67	476F	26	39878
67	4772	26	39878
67	4775	26	39878
67	4777	26	39878
67	477D	26	39878
67	4780	26	39878
67	4783	26	39878
67	4785	26	39878
67	4787	26	39878
67	4789	26	39878
67	478F	26	39879
67	4792	26	39879
67	4795	26	39879
67	4798	26	39879
67	479A	26	39879
67	47A0	26	39879
67	47A3	26	39879
67	47A6	26	39879
67	47A9	26	39879
67	47AB	26	39879
67	47B1	26	39879
67	47B4	26	39879
67	47B7	26	39883
67	47BA	26	39889
67	47BD	26	39889
67	47BF	26	39889
67	47C2	26	39890
67	47C5	26	39890
67	47C8	26	39890
67	47CA	26	39890
67	47CC	26	39890
67	47D2	26	39890
67	47D5	26	39890
67	47DB	26	39890
67	47DC	1628	39906
67	47E2	1628	39906
67	47E5	1628	39907
67	47EB	1628	39907
67	47ED	1628	39907
67	47EF	1628	39907
67	47F1	1607	39907
67	47F3	1607	39907
67	47F5	1602	39907
67	47F7	1602	39907
67	47F9	1596	39907
67	47FB	1596	39907
67	47FD	1581	39907
67	47FF	21	39940
67	4801	21	39940
67	4802	21	39940
67	4804	21	39940
67	4806	21	39940
67	4809	21	39940
67	480C	21	39940
67	480D	21	39940
67	480F	21	39940
67	4812	21	39940
67	4813	21	39940
67	4816	21	39940
67	4817	5	67516
67	4819	5	67516
67	481A	5	67516
67	481C	5	67516
67	481E	5	67516
67	4821	5	67516
67	4824	5	67516
67	4825	5	67516
67	4827	5	67516
67	4828	5	67516
67	482B	5	67516
67	482C	21	67476
67	482E	21	67476
67	482F	21	67476
67	4831	21	67476
67	4833	21	67476
67	4836	21	67476
67	4839	21	67476
67	483A	21	67476
67	483C	21	67476
67	483F	21	67476
67	4841	21	67476
67	4842	21	67476
67	4845	21	67476
67	4848	21	67476
67	484B	21	67476
67	484D	21	67476
67	4850	21	67477
67	4852	21	67477
67	4855	47	39890
67	4858	47	39890
67	4859	47	39890
67	485C	47	39890
67	485D	47	39890
67	485E	47	39890
67	485F	47	39890
67	4861	47	39890
67	4862	47	39890
67	4863	47	39890
67	4864	47	39890
67	4865	47	39890
67	4866	47	39890
67	4869	47	39890
67	486C	47	39890
67	4871	26	39889
67	4874	26	39889
67	4877	26	39889
67	487A	26	39889
67	4880	26	39889
67	4881	26	39879
67	4884	26	39879
67	4887	26	39879
67	488A	26	39879
67	4890	26	39879
67	4892	26	39879
67	4894	26	39879
67	4896	26	39879
67	4898	26	39879
67	489A	26	39879
67	489C	26	39879
67	489E	26	39879
67	48A0	26	39879
67	48A2	26	39879
67	48A4	26	39879
67	48A6	26	39879
67	48A8	26	39879
67	48AA	26	39879
67	48AC	26	39879
67	48AE	26	39879
67	48B0	26	39879
67	48B2	26	39879
67	48B4	26	39879
67	48B6	26	39879
67	48B8	26	39879
67	48BA	26	39879
67	48BC	26	39879
67	48BE	26	39879
67	48C0	26	39879
67	48C2	26	39879
67	48C4	26	39879
67	48C7	26	39879
67	48C8	26	39879
67	48D4	26	39879
67	48D6	26	39879
67	48DC	26	39879
67	48DF	26	39883
67	48E0	26	39883
67	48E3	26	39883
67	48E6	26	39883
67	48E9	26	39883
67	48EF	26	39889
67	48F0	47	39879
67	48F3	47	39879
67	48F4	47	39879
67	48F7	47	39879
67	48F8	47	39879
67	48FD	47	39879
67	48FF	47	39879
67	4900	47	39879
67	4903	47	39879
67	4906	47	39879
67	4909	47	39879
67	490A	47	39879
67	490B	47	39879
67	490C	47	39879
67	490E	47	39879
67	490F	47	39879
67	4910	47	39879
67	4911	47	39879
67	4912	47	39879
67	4913	47	39879
67	4915	47	39879
67	491B	47	39879
67	4924	11	40174
67	4927	11	40187
67	492D	11	40203
67	4930	11	40217
67	4936	11	40232
67	493C	11	40234
67	493F	11	40234
67	49A8	11	40174
67	49AA	11	40174
67	49AC	11	40174
67	49B2	11	40174
67	49B8	11	40174
67	49B9	11	40174
67	49BC	11	40174
67	49BF	11	40174
67	49C2	11	40174
67	49C4	11	40174
67	49CA	11	40174
67	49CD	11	40174
67	49D0	11	40174
67	49D6	11	40174
67	49D9	11	40174
67	49DC	11	40174
67	49DF	11	40174
67	49E1	11	40174
67	49E3	11	40174
67	49E5	11	40174
67	49EB	11	40175
67	49EE	11	40175
67	49F1	11	40175
67	49F3	11	40175
67	49F5	11	40175
67	49F7	11	40175
67	49FD	11	40176
67	4A00	11	40176
67	4A03	11	40176
67	4A05	11	40176
67	4A07	11	40176
67	4A09	11	40176
67	4A0F	11	40177
67	4A12	11	40177
67	4A15	11	40177
67	4A17	11	40177
67	4A19	11	40177
67	4A1B	11	40177
67	4A21	11	40178
67	4A24	11	40178
67	4A27	11	40178
67	4A2A	11	40178
67	4A2C	11	40178
67	4A32	11	40178
67	4A35	11	40178
67	4A38	11	40178
67	4A3B	11	40178
67	4A3D	11	40178
67	4A43	11	40178
67	4A45	11	40178
67	4A48	11	40178
67	4A4B	11	40178
67	4A4E	11	40180
67	4A51	11	40180
67	4A53	11	40180
67	4A56	11	40181
67	4A58	11	40181
67	4A5A	11	40181
67	4A60	11	40187
67	4A63	11	40187
67	4A66	11	40187
67	4A68	11	40187
67	4A6A	11	40187
67	4A70	11	40187
67	4A72	11	40187
67	4A74	11	40187
67	4A77	11	40187
67	4A7D	11	40187
67	4A80	11	40187
67	4A86	11	40187
67	4A88	11	40187
67	4A8A	10	40187
67	4A8B	1	69567
67	4A91	1	69567
67	4A97	1	69567
67	4A98	47	40203
67	4A9E	47	40203
67	4AA1	47	40203
67	4AA2	47	40203
67	4AA8	47	40217
67	4AAA	47	40217
67	4AAC	20	40217
67	4AAE	20	40217
67	4AB0	11	40217
67	4AB2	11	40217
67	4AB5	1	115757
67	4AB7	1	115757
67	4ABD	27	53933
67	4AC0	27	53933
67	4AC3	27	53933
67	4AC4	27	53933
67	4ACA	27	53933
67	4ACB	27	53933
67	4ACD	26	53933
67	4ACF	26	53933
67	4AD0	26	53933
67	4AD2	26	53933
67	4AD4	26	53933
67	4AD7	26	53933
67	4ADA	26	53933
67	4ADB	26	53933
67	4ADD	26	53933
67	4ADF	1	55661
67	4AE1	1	55661
67	4AE2	1	55661
67	4AE4	1	55661
67	4AE6	1	55661
67	4AE9	1	55661
67	4AEC	1	55661
67	4AED	1	55661
67	4AEF	27	53933
67	4AF2	27	53933
67	4AF8	27	53933
67	4AFA	27	53933
67	4AFC	27	53933
67	4B02	27	53933
67	4B0E	9	47461
67	4B11	9	47461
67	4B17	9	47461
67	4B18	9	47461
67	4B1A	9	47461
67	4B1C	9	47461
67	4B1D	9	47461
67	4B1F	9	47461
67	4B21	9	47461
67	4B24	9	47461
67	4B27	9	47461
67	4B28	9	47461
67	4B2A	9	47461
67	4B2D	9	47461
67	4B33	9	47461
67	4B35	9	47461
67	4B37	9	47461
67	4B3D	9	47461
67	4B47	10	40217
67	4B4A	10	40217
67	4B50	10	40217
67	4B52	10	40217
67	4B66	10	40217
67	4B68	10	40217
67	4B69	10	40217
67	4B6B	10	40217
67	4B6D	10	40217
67	4B70	10	40217
67	4B73	10	40217
67	4B74	10	40217
67	4B76	10	40217
67	4B79	10	40217
67	4B7B	10	40217
67	4B7E	10	40217
67	4B7F	1	115757
67	4B81	1	115757
67	4B82	1	115757
67	4B84	1	115757
67	4B86	1	115757
67	4B89	1	115757
67	4B8C	1	115757
67	4B8D	1	115757
67	4B8F	1	115757
67	4B92	1	115757
67	4B93	1	115757
67	4B96	1	115757
67	4B97	36	47461
67	4B99	36	47461
67	4B9B	36	47461
67	4B9E	36	47461
67	4BA4	36	47461
67	4BA6	36	47461
67	4BA9	36	47461
67	4BAC	36	47461
67	4BAF	36	47463
67	4BB2	36	47463
67	4BB5	11	40217
67	4BB8	11	40217
67	4BBB	11	40217
67	4BC1	11	40217
67	4BD5	36	47463
67	4BD8	36	47463
67	4BDE	36	47463
67	4BDF	36	47463
67	4BE1	34	47463
67	4BE3	34	47463
67	4BE6	34	47463
67	4BE7	2	55617
67	4BE9	2	55617
67	4BEC	2	55617
67	4BED	11	40174
67	4BF0	11	40174
67	4BF6	11	40174
67	4BF8	11	40174
67	4BFA	1	69554
67	4BFC	1	69554
67	4BFF	1	69554
67	4C00	10	40174
67	4C02	10	40174
67	4C05	10	40174
67	4C06	11	40180
67	4C09	11	40180
67	4C0C	11	40180
67	4C0F	11	40180
67	4C15	11	40180
67	4C16	47	40178
67	4C17	47	40178
67	4C18	47	40178
67	4C1B	47	40178
67	4C1E	47	40178
67	4C21	47	40178
67	4C27	47	40178
67	4C29	47	40178
67	4C2B	47	40178
67	4C2D	47	40178
67	4C2F	47	40178
67	4C31	47	40178
67	4C33	47	40178
67	4C35	47	40178
67	4C37	47	40178
67	4C39	47	40178
67	4C3B	47	40178
67	4C3D	47	40178
67	4C3F	47	40178
67	4C41	47	40178
67	4C43	47	40178
67	4C45	47	40178
67	4C47	47	40178
67	4C49	47	40178
67	4C4B	47	40178
67	4C4D	47	40178
67	4C4F	47	40178
67	4C51	47	40178
67	4C53	47	40178
67	4C55	47	40178
67	4C57	47	40178
67	4C59	47	40178
67	4C5B	47	40178
67	4C5C	47	40178
67	4C5D	47	40178
67	4C5F	47	40178
67	4C62	47	40178
67	4C63	47	40178
67	4C66	47	40178
67	4C69	47	40178
67	4C6C	47	40178
67	4C72	47	40180
67	6369	20	23
67	636B	20	23
67	636D	20	23
67	6373	20	23
67	6379	20	23
67	637C	20	23
67	637F	20	23
67	6381	20	23
67	6383	20	23
67	6385	20	23
67	638B	20	24
67	638E	20	24
67	6391	20	24
67	6393	20	24
67	6395	20	24
67	6397	20	24
67	639D	20	25
67	63A0	20	25
67	63A3	20	25
67	63A5	20	25
67	63A7	20	25
67	63A9	20	25
67	63AF	20	26
67	63B2	20	26
67	63B5	20	26
67	63B8	20	26
67	63BA	20	26
67	63C0	20	26
67	63C3	20	26
67	63C6	20	26
67	63C9	20	26
67	63CB	20	26
67	63D1	20	26
67	63D4	20	26
67	63D7	20	26
67	63DA	20	26
67	63DC	20	26
67	63E2	20	26
67	63E5	20	26
67	63E8	20	26
67	63EA	20	26
67	63EC	20	26
67	63F2	20	26
67	63F5	20	26
67	63F8	20	26
67	63FB	20	26
67	63FD	20	26
67	6400	20	27
67	6401	20	22
67	6404	20	27
67	640A	20	43
67	640C	20	43
67	640D	20	43
67	640F	20	43
67	6411	20	43
67	6414	20	43
67	6417	20	43
67	6418	20	43
67	641A	20	43
67	641D	20	308
67	6423	20	323
67	6425	20	323
67	6426	20	323
67	6428	20	323
67	642A	20	323
67	642D	20	323
67	642E	20	323
67	6430	20	323
67	6433	20	324
67	6436	20	324
67	6437	20	22
67	6439	20	22
67	643B	20	22
67	6441	20	22
67	6447	20	23
67	644D	20	27
67	644E	20	43
67	644F	20	43
67	6452	5300	43
67	6458	5300	43
67	645B	5300	44
67	645D	5300	44
67	645F	5300	44
67	6460	5300	44
67	6462	5300	44
67	6464	5300	44
67	6466	5300	44
67	6468	5300	44
67	646B	5300	44
67	646C	5300	44
67	646E	5300	44
67	646F	5300	44
67	6471	5300	44
67	6473	5300	44
67	6475	5300	44
67	6476	5300	44
67	6477	5300	44
67	6479	3720	63
67	647B	3720	63
67	647D	1200	83
67	6480	1200	83
67	6481	1200	83
67	6483	60	83
67	6485	60	83
67	6486	60	83
67	6488	60	83
67	648A	60	83
67	648D	60	83
67	6490	60	83
67	6491	60	83
67	6493	60	83
67	6495	60	83
67	6498	60	83
67	649A	1580	44
67	649B	1580	44
67	649E	5300	44
67	64A1	5300	44
67	64A2	5300	44
67	64A4	5300	44
67	64A5	5300	44
67	64A7	5300	44
67	64A9	5300	44
67	64AA	5300	44
67	64AB	5300	44
67	64AC	5300	44
67	64AD	5300	44
67	64B4	20	44
67	64B7	20	44
67	64BA	20	44
67	64BC	20	44
67	64BF	20	44
67	64C1	20	44
67	64C4	20	44
67	64C7	2520	45
67	64CA	2520	45
67	64CC	2520	45
67	64CF	2520	45
67	64D1	2520	45
67	64D4	20	170
67	64D6	20	170
67	64D8	20	170
67	64DB	20	170
67	64DD	20	170
67	64DF	20	170
67	64E2	20	170
67	64E5	20	170
67	64E8	20	170
67	64EA	20	170
67	64ED	20	170
67	64EF	20	170
67	64F2	20	170
67	64F5	2760	171
67	64F8	2760	171
67	64FA	2760	171
67	64FD	2760	171
67	64FF	2760	171
67	6502	20	308
67	6503	20	308
67	6505	20	308
67	6508	20	308
67	650A	20	308
67	650D	20	308
67	6513	20	308
67	6514	20	308
67	651A	20	308
67	651C	20	308
67	651F	20	308
67	6536	2	13505
67	6539	2	13505
67	653C	2	13523
67	6542	2	13539
67	6544	2	13539
67	6545	2	13539
67	6547	2	13539
67	6549	2	13539
67	654C	2	13539
67	654F	2	13539
67	6550	2	13539
67	6552	2	13539
67	6555	2	13560
67	655B	2	13575
67	6561	2	13577
67	6564	2	13577
67	6565	2	13505
67	6567	2	13505
67	6569	2	13505
67	656F	2	13505
67	6575	2	13505
67	6576	2	13505
67	6579	2	13505
67	657C	2	13505
67	657E	2	13505
67	6581	2	13505
67	6584	2	13505
67	6587	2	13505
67	6589	2	13505
67	658B	2	13505
67	658D	2	13505
67	6593	2	13506
67	6596	2	13506
67	6599	2	13506
67	659B	2	13506
67	659D	2	13506
67	659F	2	13506
67	65A5	2	13507
67	65A8	2	13507
67	65AB	2	13507
67	65AD	2	13507
67	65AF	2	13507
67	65B1	2	13507
67	65B7	2	13508
67	65BA	2	13508
67	65BD	2	13508
67	65C0	2	13508
67	65C2	2	13508
67	65C8	2	13508
67	65CB	2	13508
67	65CE	2	13508
67	65D1	2	13508
67	65D3	2	13508
67	65D9	2	13508
67	65DC	2	13508
67	65DD	2	13508
67	65DF	2	13508
67	65E2	2	13508
67	65E5	2	13508
67	65E8	2	13508
67	65EA	2	13508
67	65F0	2	13508
67	6603	2	13508
67	6606	2	13516
67	6609	2	13522
67	660C	2	13522
67	660E	2	13522
67	6611	2	13523
67	6614	2	13523
67	6617	2	13523
67	6619	2	13523
67	661B	2	13523
67	6621	2	13523
67	6624	2	13523
67	6625	90	13539
67	662B	90	13539
67	662E	90	13540
67	6634	90	13540
67	6636	90	13540
67	6638	90	13540
67	663A	88	13540
67	663C	88	13540
67	663E	88	13540
67	6640	88	13540
67	6642	88	13540
67	6644	88	13540
67	6646	88	13540
67	6648	2	13560
67	664A	2	13560
67	664B	2	13560
67	664D	2	13560
67	664F	2	13560
67	6652	2	13560
67	6655	2	13560
67	6656	2	13560
67	6658	2	13560
67	665B	2	13560
67	665C	2	13560
67	665E	2	13560
67	6660	2	13560
67	6663	2	13560
67	66A6	2	13523
67	66A9	2	13523
67	66AA	2	13523
67	66AD	2	13523
67	66AE	2	13523
67	66AF	2	13523
67	66B0	2	13523
67	66B2	2	13523
67	66B3	2	13523
67	66B4	2	13523
67	66B5	2	13523
67	66B6	2	13523
67	66B7	2	13523
67	66BA	2	13523
67	66BD	2	13523
67	66C2	2	13522
67	66C5	2	13522
67	66C8	2	13522
67	66CB	2	13522
67	66D1	2	13522
67	66D2	2	13508
67	66D5	2	13508
67	66D8	2	13508
67	66DB	2	13508
67	66E1	2	13508
67	66E3	2	13508
67	66E5	2	13508
67	66E7	2	13508
67	66E9	2	13508
67	66EB	2	13508
67	66ED	2	13508
67	66EF	2	13508
67	66F1	2	13508
67	66F3	2	13508
67	66F5	2	13508
67	66F7	2	13508
67	66F9	2	13508
67	66FB	2	13508
67	66FD	2	13508
67	66FF	2	13508
67	6701	2	13508
67	6703	2	13508
67	6705	2	13508
67	6707	2	13508
67	6709	2	13508
67	670B	2	13508
67	670D	2	13508
67	670F	2	13508
67	6711	2	13508
67	6713	2	13508
67	6715	2	13508
67	6717	2	13508
67	671D	2	13508
67	6720	2	13516
67	6721	2	13516
67	6724	2	13516
67	6727	2	13516
67	672A	2	13516
67	6730	2	13522
67	6731	212	39535
67	6733	212	39535
67	6735	212	39535
67	6736	212	39535
67	6738	212	39535
67	673A	212	39535
67	673C	212	39535
67	673E	212	39535
67	673F	212	39535
67	6740	212	39535
67	6741	212	39535
67	6742	212	39535
67	6743	212	39535
67	6744	212	39535
67	6745	212	39535
67	6747	212	39535
67	6748	212	39535
67	674A	212	39535
67	674C	212	39535
67	674E	212	39535
67	674F	1472	39535
67	6751	1472	39535
67	6753	1472	39535
67	6754	1472	39535
67	6756	1472	39535
67	6758	1472	39535
67	675A	1472	39535
67	675C	1472	39535
67	675D	1472	39535
67	675E	1472	39535
67	675F	1472	39535
67	6761	1235	39535
67	6762	1235	39535
67	6763	1235	39535
67	6764	1235	39535
67	6765	1235	39535
67	6766	1235	39535
67	6767	1235	39535
67	6768	1235	39535
67	6769	1235	39535
67	676A	1235	39535
67	676C	1235	39535
67	676D	1235	39535
67	676E	1235	39535
67	676F	1235	39535
67	6771	1235	39535
67	6772	1235	39535
67	6773	1235	39535
67	6774	1235	39535
67	6776	1235	39535
67	6777	1235	39535
67	6778	1235	39535
67	6779	1235	39535
67	677A	1235	39535
67	677B	1235	39535
67	677C	1235	39535
67	677D	1235	39535
67	677F	1235	39535
67	6780	1235	39535
67	6781	1235	39535
67	6782	1235	39535
67	6784	1235	39535
67	6785	1235	39535
67	6787	1235	39535
67	6789	1235	39535
67	678B	1235	39535
67	678C	1235	39535
67	678D	237	41117
67	678F	237	41117
67	6790	237	41117
67	6792	237	41117
67	6794	237	41117
67	6796	237	41117
67	6798	237	41117
67	6799	264	39822
67	679B	264	39822
67	679D	264	39822
67	679E	264	39822
67	67A0	264	39822
67	67A2	264	39822
67	67A4	264	39822
67	67A6	264	39822
67	67A7	264	39822
67	67A8	264	39822
67	67A9	264	39822
67	67AA	264	39822
67	67AB	264	39822
67	67AD	233	39822
67	67AE	233	39822
67	67AF	233	39822
67	67B0	233	39822
67	67B2	233	39822
67	67B3	233	39822
67	67B4	233	39822
67	67B5	233	39822
67	67B6	233	39822
67	67B7	233	39822
67	67B8	233	39822
67	67B9	233	39822
67	67BA	233	39822
67	67BC	233	39822
67	67BD	233	39822
67	67BE	233	39822
67	67BF	233	39822
67	67C0	233	39822
67	67C1	233	39822
67	67C2	233	39822
67	67C3	233	39822
67	67C5	233	39822
67	67C6	233	39822
67	67C8	233	39822
67	67CA	233	39822
67	67CC	233	39822
67	67CD	233	39822
67	67CE	31	44741
67	67D0	31	44741
67	67D1	31	44741
67	67D3	31	44741
67	67D5	31	44741
67	67D7	31	44741
67	67D8	31	44741
67	67DA	31	44741
67	6807	1172	39549
67	6809	1172	39549
67	680B	1172	39549
67	680C	1172	39549
67	680E	1172	39549
67	6810	1172	39549
67	6812	1172	39549
67	6814	1172	39549
67	6816	1172	39549
67	6817	1172	39549
67	6818	1172	39549
67	6819	1172	39549
67	681B	1172	39549
67	681C	1172	39549
67	681D	1172	39549
67	681F	1172	39549
67	6820	1172	39549
67	6822	1172	39549
67	6824	1172	39549
67	6826	1172	39549
67	6827	1172	39549
67	6828	1039	39535
67	682A	1039	39535
67	682C	1039	39535
67	682D	1039	39535
67	682F	1039	39535
67	6831	1039	39535
67	6833	1039	39535
67	6835	1039	39535
67	6836	1039	39535
67	6837	1039	39535
67	6839	1039	39535
67	683A	1039	39535
67	683C	1039	39535
67	683E	1039	39535
67	6840	1039	39535
67	6841	1039	39535
67	6842	1946	39549
67	6844	1946	39549
67	6846	1946	39549
67	6847	1946	39549
67	6849	1946	39549
67	684B	1946	39549
67	684D	1946	39549
67	684F	1946	39549
67	6850	1946	39549
67	6851	1946	39549
67	6852	1946	39549
67	6853	1946	39549
67	6854	1946	39549
67	6856	1946	39549
67	6857	1946	39549
67	6859	1946	39549
67	685B	1946	39549
67	685D	1946	39549
67	685E	1946	39549
68	4021	105	40315
68	4023	105	40315
68	4025	105	40315
68	4026	105	40315
68	4028	105	40315
68	402A	105	40315
68	402C	105	40315
68	402E	105	40315
68	4031	105	40315
68	4033	105	40315
68	4034	105	40315
68	4036	105	40315
68	4038	105	40315
68	403A	105	40315
68	403B	45	40426
68	403D	45	40426
68	403F	45	40426
68	4040	45	40426
68	4042	45	40426
68	4044	45	40426
68	4046	45	40426
68	4048	45	40426
68	4049	45	40426
68	404A	45	40426
68	404C	45	40426
68	404D	45	40426
68	404F	45	40426
68	4051	45	40426
68	4053	45	40426
68	409A	6	771
68	409C	24	771
68	409D	24	771
68	409E	24	771
68	40A0	18	771
68	40A2	18	771
68	40A4	18	771
68	40A6	18	771
68	40A8	18	771
68	40AA	18	771
68	40AB	18	771
68	40AD	6	771
68	40AF	6	771
68	40B7	24	771
68	40B8	24	771
68	40B9	24	771
68	40BB	12	771
68	40BD	12	771
68	40BE	12	771
68	40C0	12	771
68	40C2	12	771
68	40C3	12	771
68	40C4	12	771
68	40C6	12	771
68	40C8	12	771
68	40CA	12	771
68	40CC	12	771
68	40CD	12	771
68	40CE	12	771
68	40CF	12	771
68	40D0	12	771
68	40D1	12	771
68	40D3	12	771
68	40D5	6	771
68	40D7	6	771
68	40D8	1172	39549
68	40DE	1172	39549
68	40DF	1172	39549
68	40E2	1172	39549
68	40E5	1172	39549
68	40E6	1172	39549
68	40E7	1172	39549
68	40E8	1172	39549
68	40E9	1172	39549
68	40EA	1172	39549
68	40ED	1172	39549
68	40F0	1172	39549
68	40F1	6	997
68	40F2	6	997
68	40F5	6	997
68	40F6	6	997
68	40F7	6	997
68	40F8	6	997
68	40F9	6	997
68	40FA	6	997
68	40FB	6	997
68	40FC	6	997
68	40FD	6	997
68	40FE	6	997
68	40FF	6	997
68	4100	6	997
68	4101	5	7903
68	4102	5	7903
68	4105	5	7903
68	4106	20	324
68	4108	20	324
68	410A	20	324
68	410B	20	324
68	410D	20	324
68	410F	20	324
68	4111	20	324
68	4113	20	324
68	4114	20	324
68	4117	20	324
68	411A	20	324
68	411D	20	324
68	411F	20	324
68	4120	20	324
68	4122	20	324
68	4124	20	324
68	4126	20	324
68	4127	212	39535
68	4129	212	39535
68	412B	212	39535
68	412C	212	39535
68	412E	212	39535
68	4130	212	39535
68	4132	212	39535
68	4134	212	39535
68	4135	212	39535
68	4136	975	39535
68	4137	975	39535
68	4138	975	39535
68	413A	763	39535
68	413B	763	39535
68	413C	763	39535
68	413D	763	39535
68	413E	763	39535
68	4144	763	39535
68	4145	763	39535
68	4146	763	39535
68	4148	212	39535
68	414A	212	39535
68	414B	212	39535
68	414D	212	39535
68	414F	212	39535
68	4151	212	39535
68	417F	199	39569
68	4181	199	39569
68	4183	199	39569
68	4184	199	39569
68	4186	199	39569
68	4188	199	39569
68	418A	199	39569
68	418C	199	39569
68	418D	199	39569
68	418E	199	39569
68	418F	199	39569
68	4192	199	39569
68	4194	199	39569
68	4195	199	39569
68	4197	199	39569
68	4199	199	39569
68	419B	199	39569
68	419C	36	324
68	419E	36	324
68	41A0	36	324
68	41A1	36	324
68	41A3	36	324
68	41A5	36	324
68	41A7	36	324
68	41A9	36	324
68	41AA	36	324
68	41AD	36	324
68	41B0	36	324
68	41B3	36	324
68	41B6	36	324
68	41B9	36	324
68	41BC	36	324
68	41BF	36	324
68	41C2	36	324
68	41C5	36	324
68	41C8	36	324
68	41CB	36	324
68	41CE	36	324
68	41D1	36	324
68	41D3	36	324
68	41D4	36	324
68	41D6	36	324
68	41D8	36	324
68	41DA	36	324
68	4252	25	324
68	4254	25	324
68	4256	25	324
68	4259	25	324
68	425B	25	324
68	425D	25	324
68	425E	25	324
68	4260	25	324
68	4262	25	324
68	4264	25	324
68	4267	25	324
68	4268	25	324
68	426B	25	324
68	426E	25	324
68	4271	25	324
68	4273	25	324
68	4274	25	324
68	4276	25	324
68	4279	25	324
68	427B	25	324
68	427C	25	324
68	427E	25	324
68	4281	25	324
68	431A	20	308
68	431C	20	308
68	431E	20	308
68	4321	20	308
68	4323	20	308
68	4325	20	308
68	4326	20	308
68	4328	20	308
68	432A	20	308
68	432C	20	308
68	432F	20	308
68	4332	20	308
68	4334	20	308
68	4336	20	308
68	4339	20	308
68	433B	20	308
68	433D	20	308
68	4340	20	308
68	4342	20	308
68	4365	20	308
68	4367	20	308
68	4368	20	308
68	436A	20	308
68	436D	20	308
68	436F	20	308
68	4370	20	308
68	4372	20	308
68	4375	20	308
68	4376	20	308
68	45F1	6	771
68	45F4	6	771
68	45F7	6	771
68	45F9	1140	771
68	45FA	1140	771
68	45FB	1140	771
68	45FC	1140	771
68	45FE	1140	771
68	45FF	1140	771
68	4600	1140	771
68	4601	1140	771
68	4604	6	771
68	4605	6	771
68	4606	6	771
68	4607	6	771
68	480A	20	324
68	480C	20	324
68	480E	20	324
68	480F	20	324
68	4811	20	324
68	4813	20	324
68	4815	20	324
68	4818	20	324
68	481A	20	324
68	481C	20	324
68	481D	20	324
68	481F	20	324
68	4821	20	324
68	4823	20	324
68	4826	20	324
68	4829	20	324
68	482A	20	324
68	482B	20	324
68	482E	20	324
68	4831	20	324
68	4833	20	324
68	4836	20	324
68	4837	20	324
68	4838	20	324
68	483A	20	324
68	483C	20	324
68	483E	7	324
68	4840	7	324
68	4847	20	324
68	4849	20	324
68	484C	20	324
68	484F	20	324
68	4852	20	324
68	4855	20	324
68	4858	20	324
68	485A	20	324
68	485B	20	324
68	485D	20	324
68	4860	20	324
68	4862	20	324
68	4864	20	324
68	4865	20	324
68	4867	20	324
68	486A	20	324
68	486C	20	324
68	486F	20	324
68	4870	20	324
68	4873	20	324
68	4874	20	324
68	4876	20	324
68	4877	20	324
68	4879	20	324
68	487B	20	324
68	487C	20	324
68	487D	20	324
68	487E	20	324
68	487F	20	324
68	4880	20	324
68	4883	20	324
68	4885	20	324
68	4887	20	324
68	4888	20	324
68	488A	20	324
68	488C	20	324
68	488E	20	324
68	488F	20	324
68	4891	20	324
68	4893	20	324
68	4895	20	324
68	4898	20	324
68	489A	20	324
68	489C	20	324
68	489F	20	324
68	48A0	20	324
68	48A1	20	324
68	48A3	20	324
68	48A4	20	324
68	48A6	20	324
68	48A9	20	324
68	48AB	20	324
68	48AD	20	324
68	48AE	20	324
68	48B0	20	324
68	48B3	20	324
68	48B5	20	324
68	48B6	20	324
68	48B8	20	324
68	48BA	20	324
68	48BC	7	324
68	48BE	7	324
68	48C8	13	45652
68	48CA	13	45652
68	48CB	7	324
68	48CD	7	324
68	48DE	20	324
68	48E1	20	324
68	48E4	20	324
68	48E5	20	324
68	48ED	20	324
68	48F0	20	324
68	48F2	20	324
68	4950	20	324
68	4952	20	324
68	4954	20	324
68	4955	20	324
68	4957	20	324
68	4959	20	324
68	495B	20	324
68	495E	20	324
68	4960	20	324
68	4962	20	324
68	4963	20	324
68	4965	20	324
68	4967	20	324
68	4969	20	324
68	496C	20	324
68	496D	20	324
68	4970	20	324
68	4973	20	324
68	4974	20	324
68	4975	20	324
68	4976	20	324
68	4977	20	324
68	4978	20	324
68	497A	20	324
68	497B	20	324
68	497C	20	324
68	497E	20	324
68	497F	20	324
68	4982	20	324
68	4984	20	324
68	4987	20	324
68	4988	20	324
68	498A	20	324
68	498C	20	324
68	49A0	20	324
68	49A2	20	324
68	49A3	20	324
68	49A5	20	324
68	49A8	20	324
68	49AA	20	324
68	49AC	20	324
68	49AD	20	324
68	49AF	20	324
68	49B2	20	324
68	49B4	20	324
68	49B5	20	324
68	49B6	198	324
68	49B8	198	324
68	49BA	198	324
68	49BB	198	324
68	49BD	198	324
68	49BF	198	324
68	49C1	198	324
68	49C4	198	324
68	49C6	198	324
68	49C8	198	324
68	49C9	198	324
68	49CB	198	324
68	49CD	198	324
68	49CF	198	324
68	49D2	198	324
68	49D5	198	324
68	49D8	198	324
68	49DB	198	324
68	49DC	198	324
68	49DD	198	324
68	49DE	198	324
68	49E1	198	324
68	49E4	198	324
68	49E7	198	324
68	49EA	198	324
68	49EC	198	324
68	49ED	198	324
68	49EF	198	324
68	49F2	198	324
68	49F4	198	324
68	49F6	198	324
68	49F7	198	324
68	49F9	198	324
68	49FC	198	324
68	49FE	198	324
68	49FF	218	324
68	4A02	55372	324
68	4A03	55372	324
68	4A04	55372	324
68	4A05	55372	324
68	4A07	55372	324
68	4A08	55372	324
68	4A09	55372	324
68	4A0A	55372	324
68	4A0B	55372	324
68	4A0C	55372	324
68	4A0E	218	324
68	4A0F	20	22
68	4A11	20	22
68	4A13	20	22
68	4A14	20	22
68	4A16	20	22
68	4A18	20	22
68	4A1A	20	22
68	4A1D	20	22
68	4A1F	20	22
68	4A21	20	22
68	4A22	20	22
68	4A24	20	22
68	4A26	20	22
68	4A28	20	22
68	4A2B	20	22
68	4A2C	20	22
68	4A2F	20	22
68	4A32	20	22
68	4A35	20	22
68	4A37	20	22
68	4A38	20	22
68	4A3A	20	22
68	4A3D	20	22
68	4A3F	20	22
68	4A41	20	22
68	4A42	20	22
68	4A44	20	22
68	4A47	20	22
68	4A49	20	22
68	4A4A	91	39586
68	4A4B	91	39586
68	4A4D	91	39586
68	4A4F	91	39586
68	4A50	91	39586
68	4A52	91	39586
68	4A54	91	39586
68	4A56	91	39586
68	4A58	91	39586
68	4A5A	91	39586
68	4A5C	91	39586
68	4A5D	91	39586
68	4A5F	91	39586
68	4A61	91	39586
68	4A63	91	39586
68	4A66	91	39586
68	4A68	91	39586
68	4A6A	91	39586
68	4A6B	91	39586
68	4A6D	91	39586
68	4A6F	91	39586
68	4A71	91	39586
68	4A74	91	39586
68	4A77	91	39586
68	4A7A	91	39586
68	4A7B	91	39586
68	4A7E	91	39586
68	4A80	91	39586
68	4A81	91	39586
68	4A83	91	39586
68	4A86	91	39586
68	4A88	91	39586
68	4A8A	91	39586
68	4A8B	91	39586
68	4A8D	91	39586
68	4A90	91	39586
68	4A92	91	39586
68	4A94	91	39586
68	4A95	91	39586
68	4A97	91	39586
68	4A99	91	39586
68	4A9B	91	39586
68	4A9E	91	39586
68	4AA0	91	39586
68	4AA2	91	39586
68	4AA3	91	39586
68	4AA5	91	39586
68	4AA7	91	39586
68	4AA8	91	39586
68	4AAA	91	39586
68	4AAC	91	39586
68	4AAE	91	39586
68	4AAF	91	39586
68	4AB1	91	39586
68	4AB3	91	39586
68	4AB5	91	39586
68	4AB8	91	39586
68	4ABA	91	39586
68	4ABC	91	39586
68	4ABF	91	39586
68	4AC0	91	39586
68	4AC1	91	39586
68	4AC3	91	39586
68	4AC4	91	39586
68	4AC6	91	39586
68	4AC9	91	39586
68	4ACB	91	39586
68	4ACD	91	39586
68	4ACE	91	39586
68	4AD0	91	39586
68	4AD3	91	39586
68	4AD5	91	39586
68	4AD8	91	39586
68	4ADA	91	39586
68	4ADC	91	39586
68	4ADD	91	39586
68	4ADF	91	39586
68	4AE1	91	39586
68	4AE3	91	39586
68	4AE4	91	39586
68	4AE6	91	39586
68	4AE8	91	39586
68	4AEA	91	39586
68	4AED	91	39586
68	4AEF	91	39586
68	4AF1	91	39586
68	4AF4	91	39586
68	4AF5	91	39586
68	4AF6	91	39586
68	4AF8	91	39586
68	4AF9	91	39586
68	4AFB	91	39586
68	4AFE	91	39586
68	4B00	91	39586
68	4B02	91	39586
68	4B03	91	39586
68	4B05	91	39586
68	4B08	91	39586
68	4B0A	91	39586
68	4B0B	91	39586
68	4B0D	91	39586
68	4B0E	91	39586
68	4B0F	91	39586
68	4B11	91	39586
68	4B12	91	39586
68	4B14	91	39586
68	4B16	91	39586
68	4B17	91	39586
68	4B19	91	39586
68	4B1B	91	39586
68	4B1D	91	39586
68	4B1E	91	39586
68	4B20	91	39586
68	4B22	91	39586
68	4B24	91	39586
68	4B27	91	39586
68	4B29	91	39586
68	4B2B	91	39586
68	4B2E	91	39586
68	4B2F	91	39586
68	4B30	91	39586
68	4B32	91	39586
68	4B33	91	39586
68	4B35	91	39586
68	4B38	91	39586
68	4B3A	91	39586
68	4B3C	91	39586
68	4B3D	91	39586
68	4B3F	91	39586
68	4B42	91	39586
68	4B44	91	39586
68	4B47	91	39586
68	4B48	55	13577
68	4B49	55	13577
68	4B4B	55	13577
68	4B4C	55	13577
68	4B4E	55	13577
68	4B50	55	13577
68	4B51	55	13577
68	4B53	55	13577
68	4B55	55	13577
68	4B57	55	13577
68	4B58	55	13577
68	4B5A	55	13577
68	4B5C	55	13577
68	4B5E	55	13577
68	4B61	55	13577
68	4B63	55	13577
68	4B65	55	13577
68	4B68	55	13577
68	4B69	55	13577
68	4B6A	55	13577
68	4B6C	55	13577
68	4B6D	55	13577
68	4B6F	55	13577
68	4B72	55	13577
68	4B74	55	13577
68	4B76	55	13577
68	4B77	55	13577
68	4B79	55	13577
68	4B7C	55	13577
68	4B7E	55	13577
68	4B81	55	13577
68	4B83	55	13577
68	4B85	55	13577
68	4B86	55	13577
68	4B88	55	13577
68	4B8A	55	13577
68	4B8B	55	13577
68	4B8D	55	13577
68	4B8F	55	13577
68	4B91	55	13577
68	4B92	55	13577
68	4B94	55	13577
68	4B96	55	13577
68	4B98	55	13577
68	4B9B	55	13577
68	4B9D	55	13577
68	4B9F	55	13577
68	4BA2	55	13577
68	4BA3	55	13577
68	4BA4	55	13577
68	4BA6	55	13577
68	4BA7	55	13577
68	4BA9	55	13577
68	4BAC	55	13577
68	4BAE	55	13577
68	4BB0	55	13577
68	4BB1	55	13577
68	4BB3	55	13577
68	4BB6	55	13577
68	4BB8	55	13577
68	4BBB	55	13577
68	4BBD	55	13577
68	4BBF	55	13577
68	4BC0	55	13577
68	4BC2	55	13577
68	4BC4	55	13577
68	4BC6	55	13577
68	4BC7	55	13577
68	4BC9	55	13577
68	4BCB	55	13577
68	4BCD	55	13577
68	4BD0	55	13577
68	4BD2	55	13577
68	4BD4	55	13577
68	4BD7	55	13577
68	4BD8	55	13577
68	4BD9	55	13577
68	4BDB	55	13577
68	4BDC	55	13577
68	4BDE	55	13577
68	4BE1	55	13577
68	4BE3	55	13577
68	4BE5	55	13577
68	4BE6	55	13577
68	4BE8	55	13577
68	4BEB	55	13577
68	4BED	55	13577
68	4BEE	55	13577
68	4BF0	55	13577
68	4BF1	55	13577
68	4BF2	55	13577
68	4BF4	55	13577
68	4BF5	55	13577
68	4BF7	55	13577
68	4BF9	55	13577
68	4BFA	55	13577
68	4BFC	55	13577
68	4BFE	55	13577
68	4C00	55	13577
68	4C01	55	13577
68	4C03	55	13577
68	4C05	55	13577
68	4C07	55	13577
68	4C0A	55	13577
68	4C0C	55	13577
68	4C0E	55	13577
68	4C11	55	13577
68	4C12	55	13577
68	4C13	55	13577
68	4C15	55	13577
68	4C16	55	13577
68	4C18	55	13577
68	4C1B	55	13577
68	4C1D	55	13577
68	4C1F	55	13577
68	4C20	55	13577
68	4C22	55	13577
68	4C25	55	13577
68	4C27	55	13577
68	4C2A	55	13577
68	4C2B	6	605
68	4C2E	6	605
68	4C30	6	605
68	4C32	6	605
68	4C33	6	605
68	4C35	6	605
68	4C37	6	605
68	4C38	6	605
68	4C3A	6	605
68	4C3C	6	605
68	4C3E	6	605
68	4C3F	6	605
68	4C41	6	605
68	4C43	6	605
68	4C45	6	605
68	4C48	6	605
68	4C4A	6	605
68	4C4C	6	605
68	4C4F	6	605
68	4C50	6	605
68	4C51	6	605
68	4C53	6	605
68	4C54	6	605
68	4C56	6	605
68	4C59	6	605
68	4C5B	6	605
68	4C5D	6	605
68	4C5E	6	605
68	4C60	6	605
68	4C63	6	605
68	4C65	6	605
68	4C68	6	605
68	4C69	20	324
68	4C6B	20	324
68	4C6D	20	324
68	4C6E	20	324
68	4C70	20	324
68	4C72	20	324
68	4C74	20	324
68	4C76	20	324
68	4C78	20	324
68	4C7A	20	324
68	4C7B	20	324
68	4C7D	20	324
68	4C7F	20	324
68	4C81	20	324
68	4C84	20	324
68	4C86	20	324
68	4C88	20	324
68	4C89	20	324
68	4C8B	20	324
68	4C8D	20	324
68	4C8F	20	324
68	4C92	20	324
68	4C95	20	324
68	4C98	20	324
68	4C9B	20	324
68	4C9E	20	324
68	4CA1	20	324
68	4CA4	20	324
68	4CA7	20	324
68	4CAA	20	324
68	4CAD	20	324
68	4CB0	20	324
68	4CB3	20	324
68	4CB6	20	324
68	4CB9	20	324
68	4CBC	20	324
68	4CBF	20	324
68	4CC2	20	324
68	4CC5	20	324
68	4CC8	20	324
68	4CCB	20	324
68	4CCE	20	324
68	4CD1	20	324
68	4CD4	20	324
68	4CD7	20	324
68	4CDA	20	324
68	4CDD	20	324
68	4CDF	20	324
68	4CE1	20	324
68	4CE2	20	324
68	4CE4	20	324
68	4CE6	20	324
68	4CE8	20	324
68	4CE9	20	324
68	4CEB	20	324
68	4CED	20	324
68	4CEF	20	324
68	4CF2	20	324
68	4CF4	20	324
68	4CF6	20	324
68	4CF9	20	324
68	4CFA	20	324
68	4CFB	20	324
68	4CFD	20	324
68	4CFE	20	324
68	4D00	20	324
68	4D03	20	324
68	4D05	20	324
68	4D07	20	324
68	4D08	20	324
68	4D0A	20	324
68	4D0D	20	324
68	4D0F	20	324
68	4D10	20	324
68	4D12	20	324
68	4D15	20	324
68	4D18	20	324
68	4D1A	20	324
68	4D1C	20	324
68	4D1D	20	324
68	4D1F	20	324
68	4D21	20	324
68	4D23	20	324
68	4D24	20	324
68	4D26	20	324
68	4D28	20	324
68	4D2A	20	324
68	4D2D	20	324
68	4D2F	20	324
68	4D31	20	324
68	4D34	20	324
68	4D35	20	324
68	4D36	20	324
68	4D38	20	324
68	4D39	20	324
68	4D3B	20	324
68	4D3E	20	324
68	4D40	20	324
68	4D42	20	324
68	4D43	20	324
68	4D45	20	324
68	4D48	20	324
68	4D4A	20	324
68	4D4B	20	324
68	4D4D	20	324
68	4D50	20	324
68	4D53	20	324
68	4D56	20	324
68	4D58	20	324
68	4D5A	20	324
68	4D5B	20	324
68	4D5D	20	324
68	4D5F	20	324
68	4D61	20	324
68	4D62	20	324
68	4D64	20	324
68	4D66	20	324
68	4D68	20	324
68	4D6B	20	324
68	4D6D	20	324
68	4D6F	20	324
68	4D72	20	324
68	4D73	20	324
68	4D74	20	324
68	4D76	20	324
68	4D77	20	324
68	4D79	20	324
68	4D7C	20	324
68	4D7E	20	324
68	4D80	20	324
68	4D81	20	324
68	4D83	20	324
68	4D86	20	324
68	4D88	20	324
68	4D89	20	324
68	4D8B	20	324
68	4D8E	20	324
68	4D91	20	324
68	4D93	20	324
68	4D96	20	324
68	4D98	20	324
68	4D99	20	324
68	4D9B	20	324
68	4D9E	20	324
68	4DA0	20	324
68	4DA2	20	324
68	4DA3	20	324
68	4DA5	20	324
68	4DA8	20	324
68	4DAA	20	324
68	4DAC	20	324
68	4DAD	20	324
68	4DAF	20	324
68	4DB1	20	324
68	4DB3	20	324
68	4F71	5	7903
68	4F73	5	7903
68	4F76	5	7903
68	4F79	5	7903
68	4F7A	5	7903
68	4F7D	5	7903
68	4F7E	5	7903
68	4F81	5	7903
68	4F82	5	7903
68	4F85	5	7903
68	4F86	5	7903
68	4F89	5	7903
68	4F8B	5	7903
68	4F8C	5	7935
68	4F8F	5	7935
68	4F90	5	7935
68	4F93	5	7935
68	4F94	5	7935
68	4F97	5	7935
68	4F9D	5	8159
68	5296	40	39535
68	5299	40	39549
68	529F	40	39565
68	52A2	39	39569
68	52A8	39	39584
68	52AE	39	39586
68	52B1	39	39586
68	531A	40	39535
68	531C	40	39535
68	531E	40	39535
68	5324	40	39535
68	532A	40	39535
68	532B	40	39535
68	532E	40	39535
68	5331	40	39535
68	5333	40	39535
68	5339	40	39535
68	533C	40	39535
68	533F	40	39535
68	5342	40	39535
68	5345	40	39535
68	5348	40	39535
68	534B	40	39535
68	534D	40	39535
68	534F	40	39535
68	5351	40	39535
68	5357	40	39536
68	535A	40	39536
68	535D	40	39536
68	535F	40	39536
68	5361	40	39536
68	5363	40	39536
68	5369	40	39537
68	536C	40	39537
68	536F	40	39537
68	5371	40	39537
68	5373	40	39537
68	5375	40	39537
68	537B	40	39538
68	537E	40	39538
68	5381	40	39538
68	5383	40	39538
68	5385	40	39538
68	5387	40	39538
68	538D	40	39539
68	5390	40	39539
68	5393	40	39539
68	5396	40	39539
68	5398	40	39539
68	539E	40	39539
68	53A1	40	39539
68	53A4	40	39539
68	53A7	40	39539
68	53A9	40	39539
68	53AF	40	39539
68	53B1	40	39539
68	53B4	40	39539
68	53B7	40	39540
68	53BA	40	39542
68	53BD	40	39542
68	53BF	40	39542
68	53C2	40	39543
68	53C4	40	39543
68	53C6	40	39543
68	53CC	40	39549
68	53CF	40	39549
68	53D2	40	39549
68	53D4	40	39549
68	53D6	40	39549
68	53DC	40	39549
68	53DE	40	39549
68	53E0	40	39549
68	53E3	40	39549
68	53E9	40	39549
68	53EC	40	39549
68	53F2	40	39549
68	53F4	40	39549
68	53F6	21	39549
68	53F7	19	66204
68	53FD	19	66204
68	5403	19	66204
68	5417	189	39535
68	541A	189	39535
68	5420	189	39535
68	5421	189	39535
68	5423	157	65980
68	5425	157	65980
68	5428	157	65980
68	5429	32	39535
68	542B	32	39535
68	542E	32	39535
68	542F	275	39565
68	5435	275	39565
68	5438	275	39565
68	5439	275	39565
68	543F	274	39569
68	5441	274	39569
68	5443	203	39569
68	5445	203	39569
68	5447	110	39569
68	5449	110	39569
68	544C	6	66077
68	544E	6	66077
68	5454	71	66257
68	5457	71	66257
68	545A	71	66257
68	545B	71	66257
68	5461	71	66257
68	5462	71	66257
68	5464	67	66257
68	5466	67	66257
68	5467	67	66257
68	5469	67	66257
68	546B	67	66257
68	546E	67	66257
68	5471	67	66257
68	5472	67	66257
68	5474	67	66257
68	5476	4	90161
68	5478	4	90161
68	5479	4	90161
68	547B	4	90161
68	547D	4	90161
68	5480	4	90161
68	5483	4	90161
68	5484	4	90161
68	5486	71	66257
68	5489	71	66257
68	548F	71	66257
68	5491	71	66257
68	5493	11	66817
68	5499	11	66817
68	549C	60	66257
68	54A2	60	66257
68	54A5	93	65977
68	54A8	93	65977
68	54AE	93	65977
68	54AF	93	65977
68	54B1	78	65977
68	54B3	78	65977
68	54B4	78	65977
68	54B6	78	65977
68	54B8	78	65977
68	54BB	78	65977
68	54BE	78	65977
68	54BF	78	65977
68	54C1	78	65977
68	54C4	78	65977
68	54CA	78	65977
68	54CC	78	65977
68	54D6	78	65977
68	54DC	78	65977
68	54DE	104	39569
68	54E1	104	39569
68	54E7	104	39569
68	54E9	104	39569
68	54EB	86	66317
68	54ED	86	66317
68	54EE	86	66317
68	54F0	86	66317
68	54F2	86	66317
68	54F5	86	66317
68	54F8	86	66317
68	54F9	86	66317
68	54FB	86	66317
68	54FD	18	39569
68	54FF	18	39569
68	5500	18	39569
68	5502	18	39569
68	5504	18	39569
68	5507	18	39569
68	550A	18	39569
68	550B	18	39569
68	550D	18	39569
68	5510	18	39569
68	5512	18	39569
68	5515	18	39569
68	5516	21	66077
68	5518	21	66077
68	5519	21	66077
68	551B	21	66077
68	551D	21	66077
68	5520	21	66077
68	5523	21	66077
68	5524	21	66077
68	5526	21	66077
68	5529	21	66077
68	552A	21	66077
68	552D	21	66077
68	552E	149	65977
68	5530	149	65977
68	5532	149	65977
68	5535	149	65977
68	553B	149	65977
68	553D	149	65977
68	5540	149	65977
68	5543	149	65978
68	5546	149	65980
68	5549	235	65980
68	554C	39	39569
68	554E	39	39569
68	5550	39	39569
68	5551	39	39569
68	5553	39	39569
68	5555	39	39569
68	5557	39	39569
68	5559	39	39569
68	555B	39	39569
68	555E	39	39569
68	5560	39	39569
68	5561	39	39569
68	5563	39	39569
68	5565	39	39569
68	5567	39	39569
68	556A	39	39569
68	556D	39	39569
68	5573	39	39569
68	5574	40	39542
68	5577	40	39542
68	557A	40	39542
68	557D	40	39542
68	5583	40	39542
68	5584	189	39539
68	5585	189	39539
68	5586	189	39539
68	5589	189	39539
68	558C	189	39539
68	558F	189	39539
68	5595	189	39539
68	5597	189	39539
68	5599	189	39539
68	559B	189	39539
68	559D	189	39539
68	559F	189	39539
68	55A1	189	39539
68	55A3	189	39539
68	55A5	189	39539
68	55A7	189	39539
68	55A9	189	39539
68	55AB	189	39539
68	55AD	189	39539
68	55AF	189	39539
68	55B1	189	39539
68	55B3	189	39539
68	55B5	189	39539
68	55B7	189	39539
68	55B9	189	39539
68	55BB	189	39539
68	55BD	189	39539
68	55BF	189	39539
68	55C1	189	39539
68	55C3	189	39539
68	55C5	189	39539
68	55C7	189	39539
68	55C9	189	39539
68	55CA	189	39539
68	55CB	189	39539
68	55CD	189	39539
68	55D0	189	39540
68	55D1	189	39540
68	55D4	189	39540
68	55D7	189	39540
68	55DA	189	39540
68	55E0	189	39542
68	55E1	43	39477
68	55E4	42	39498
68	55EA	1122	39514
68	55ED	1122	39515
68	55F3	1122	39515
68	55F5	1122	39515
68	55F7	1122	39515
68	55F9	1088	39515
68	55FB	1088	39515
68	55FD	1080	39515
68	55FF	34	39520
68	5601	34	39520
68	5602	34	39520
68	5604	34	39520
68	5606	34	39520
68	5609	34	39520
68	560C	34	39520
68	560D	34	39520
68	560F	34	39520
68	5611	34	39520
68	5613	8	72196
68	5615	8	72196
68	5616	8	72196
68	5618	8	72196
68	561A	8	72196
68	561D	8	72196
68	5620	8	72196
68	5621	8	72196
68	5623	8	72196
68	5624	8	72196
68	5626	42	39520
68	5627	42	39520
68	562D	42	39535
68	562E	42	39535
68	562F	43	39477
68	5631	43	39477
68	5633	43	39477
68	5639	43	39477
68	563F	43	39477
68	5642	43	39477
68	5645	43	39477
68	5647	43	39477
68	5649	43	39477
68	564B	43	39477
68	5651	43	39478
68	5654	43	39478
68	5657	43	39478
68	5659	43	39478
68	565B	43	39478
68	565D	43	39478
68	5663	43	39479
68	5666	43	39479
68	5669	43	39479
68	566C	43	39479
68	566E	43	39479
68	5674	43	39479
68	5677	43	39479
68	567A	43	39479
68	567D	43	39479
68	567F	43	39479
68	5685	43	39479
68	5688	42	39497
68	568A	42	39497
68	568D	42	39498
68	568E	43	39479
68	5690	43	39479
68	5696	43	39479
68	5697	43	39479
68	5698	43	39479
68	569B	43	39479
68	569E	43	39479
68	56A1	43	39479
68	56A7	43	39479
68	56A9	43	39479
68	56AB	43	39479
68	56AD	43	39479
68	56AF	43	39479
68	56B1	43	39479
68	56B3	43	39479
68	56B5	43	39479
68	56B7	43	39479
68	56B9	43	39479
68	56BB	43	39479
68	56BD	43	39479
68	56BF	43	39479
68	56C1	43	39479
68	56C3	43	39479
68	56C5	43	39479
68	56C7	43	39479
68	56C9	43	39479
68	56CB	43	39479
68	56CD	43	39479
68	56CF	43	39479
68	56D1	43	39479
68	56D3	43	39479
68	56D5	43	39479
68	56D7	43	39479
68	56D9	43	39479
68	56DB	43	39479
68	56DC	43	39479
68	56DD	43	39479
68	56E0	42	39489
68	56E3	42	39489
68	56E6	42	39489
68	56E9	42	39489
68	56EF	42	39496
68	56F2	42	39496
68	56F5	42	39496
68	56F8	42	39496
68	56FE	42	39497
68	5701	42	39497
68	5704	42	39497
68	5707	42	39497
68	570D	42	39497
68	5710	42	39497
68	5713	42	39497
68	5716	42	39497
68	571C	42	39497
68	571D	23	39643
68	5720	23	39660
68	5726	23	39676
68	5729	22	39701
68	572F	22	39716
68	5735	22	39718
68	5738	22	39718
68	57B6	23	39643
68	57B8	23	39643
68	57BA	23	39643
68	57C0	23	39643
68	57C6	23	39643
68	57C7	23	39643
68	57CA	23	39643
68	57CD	23	39643
68	57D0	23	39643
68	57D2	23	39643
68	57D8	23	39643
68	57DB	23	39643
68	57DD	23	39643
68	57E3	23	39643
68	57E6	23	39643
68	57E9	23	39643
68	57EC	23	39643
68	57EF	23	39643
68	57F2	23	39643
68	57F5	23	39643
68	57F8	23	39643
68	57FB	23	39643
68	57FE	23	39643
68	5800	23	39643
68	5802	23	39643
68	5804	23	39643
68	580A	23	39644
68	580D	23	39644
68	5810	23	39644
68	5812	23	39644
68	5814	23	39644
68	5816	23	39644
68	581C	23	39645
68	581F	23	39645
68	5822	23	39645
68	5824	23	39645
68	5826	23	39645
68	5828	23	39645
68	582E	23	39646
68	5831	23	39646
68	5834	23	39646
68	5836	23	39646
68	5838	23	39646
68	583A	23	39646
68	5840	23	39647
68	5843	23	39647
68	5846	23	39647
68	5849	23	39647
68	584B	23	39647
68	5851	23	39647
68	5854	23	39647
68	5857	23	39647
68	585A	23	39647
68	585C	23	39647
68	5862	23	39647
68	5864	23	39647
68	5867	23	39647
68	586A	23	39648
68	586C	23	39648
68	586F	23	39648
68	5872	23	39648
68	5875	23	39650
68	5878	23	39652
68	587B	23	39652
68	587D	23	39652
68	5880	23	39653
68	5882	23	39653
68	5884	23	39653
68	588A	23	39660
68	588D	23	39660
68	5890	23	39660
68	5892	23	39660
68	5894	23	39660
68	589A	23	39660
68	589D	23	39660
68	58A3	23	39660
68	58A4	23	39660
68	58A6	2	120579
68	58A9	2	120579
68	58AF	2	120579
68	58B0	2	120579
68	58B2	2	120579
68	58B4	2	120579
68	58B6	2	120579
68	58B9	2	120579
68	58BB	21	39660
68	58BD	21	39660
68	58C0	21	39660
68	58C2	21	39660
68	58C4	21	39660
68	58C7	23	39660
68	58CD	23	39660
68	58D0	23	39660
68	58D6	23	39660
68	58D8	23	39660
68	58DA	20	39660
68	58DB	3	67948
68	58E1	3	67948
68	58E7	3	67948
68	58FB	31	39824
68	58FE	31	39824
68	5904	31	39824
68	5905	31	39824
68	5907	27	39824
68	5909	27	39824
68	590C	27	39824
68	590D	4	53263
68	590F	4	53263
68	5912	4	53263
68	5913	23	39643
68	5916	23	39643
68	591C	23	39643
68	591E	23	39643
68	5920	3	67931
68	5922	3	67931
68	5925	3	67931
68	5926	20	39643
68	5928	20	39643
68	592B	20	39643
68	592C	100	39676
68	5932	100	39676
68	5935	100	39676
68	5936	100	39676
68	593C	99	39701
68	593E	99	39701
68	5940	83	39701
68	5942	83	39701
68	5945	64	39701
68	5947	64	39701
68	594A	8	39701
68	594C	8	39701
68	594F	2	120289
68	5952	16	53261
68	5955	16	53261
68	5956	16	53261
68	5959	16	53261
68	595A	16	53261
68	595C	2	120609
68	595F	2	120609
68	5965	2	120609
68	5967	2	120609
68	5968	2	120609
68	596A	2	120609
68	596C	2	120609
68	596F	2	120609
68	5972	2	120609
68	5973	2	120609
68	5975	2	120609
68	5978	2	120609
68	597E	2	120609
68	597F	2	120609
68	5982	1	122309
68	5984	1	122309
68	5987	1	122309
68	598A	14	53261
68	598D	14	53261
68	5993	14	53261
68	5994	14	53261
68	5996	14	53261
68	5998	14	53261
68	5999	14	53261
68	599B	14	53261
68	599D	14	53261
68	59A0	14	53261
68	59A3	14	53261
68	59A4	14	53261
68	59A6	14	53261
68	59B8	14	53261
68	59BB	14	53261
68	59C1	14	53261
68	59C3	14	53261
68	59C5	6	53261
68	59CB	6	53261
68	59CE	8	59961
68	59D4	8	59961
68	59D7	20	39822
68	59DA	20	39822
68	59DB	20	39822
68	59DD	2	120169
68	59E0	2	120169
68	59E6	2	120169
68	59E7	2	120169
68	59EA	2	120169
68	59EC	2	120169
68	59ED	2	120169
68	59EF	2	120169
68	59F1	2	120169
68	59F4	2	120169
68	59F7	2	120169
68	59F8	2	120169
68	59FA	2	120169
68	59FD	18	39822
68	59FF	18	39822
68	5A00	18	39822
68	5A02	18	39822
68	5A04	18	39822
68	5A07	18	39822
68	5A0A	18	39822
68	5A0B	18	39822
68	5A0D	18	39822
68	5A10	18	39822
68	5A16	18	39822
68	5A17	18	39822
68	5A19	17	39822
68	5A1C	17	39822
68	5A22	17	39822
68	5A24	17	39822
68	5A26	4	39822
68	5A2C	4	39822
68	5A2E	13	59506
68	5A34	13	59506
68	5A36	1	120169
68	5A37	1	120169
68	5A3A	1	120169
68	5A40	1	120169
68	5A42	56	39857
68	5A45	56	39857
68	5A4B	56	39857
68	5A4D	56	39857
68	5A4F	40	59553
68	5A51	40	59553
68	5A52	40	59553
68	5A54	40	59553
68	5A56	40	59553
68	5A59	40	59553
68	5A5C	40	59553
68	5A5D	40	59553
68	5A5F	40	59553
68	5A61	16	39857
68	5A63	16	39857
68	5A64	16	39857
68	5A66	16	39857
68	5A68	16	39857
68	5A6B	16	39857
68	5A6E	16	39857
68	5A6F	16	39857
68	5A71	16	39857
68	5A74	16	39857
68	5A77	16	39857
68	5A79	16	39857
68	5A7C	16	39857
68	5A7D	6	39701
68	5A7F	6	39701
68	5A80	6	39701
68	5A82	6	39701
68	5A84	6	39701
68	5A87	6	39701
68	5A8A	6	39701
68	5A8B	6	39701
68	5A8D	6	39701
68	5A90	6	39701
68	5A91	6	39701
68	5A94	6	39701
68	5A95	4	120169
68	5A97	4	120169
68	5A9A	4	120169
68	5A9D	4	120169
68	5AA0	4	120171
68	5AA2	31	39822
68	5AA4	31	39822
68	5AA7	31	39822
68	5AAA	31	39822
68	5AAD	31	39824
68	5AB0	77	39824
68	5AB3	77	39824
68	5AB4	77	39824
68	5AB6	6	120171
68	5AB8	6	120171
68	5ABA	6	120171
68	5ABD	6	120171
68	5AC3	6	120171
68	5AC6	71	39824
68	5AC8	71	39824
68	5ACA	71	39824
68	5ACD	71	39824
68	5AD3	71	39824
68	5AD6	22	39701
68	5AD9	22	39701
68	5ADC	22	39701
68	5AE2	22	39701
68	5AE5	22	39701
68	5AE8	22	39701
68	5AEE	22	39701
68	5AEF	23	39652
68	5AF2	23	39652
68	5AF5	23	39652
68	5AF8	23	39652
68	5AFE	23	39652
68	5B01	23	39652
68	5B04	23	39652
68	5B07	23	39652
68	5B0D	23	39652
68	5B0E	27	39647
68	5B0F	27	39647
68	5B10	27	39647
68	5B13	27	39647
68	5B16	27	39647
68	5B19	27	39647
68	5B1F	27	39647
68	5B21	27	39647
68	5B23	27	39647
68	5B25	27	39647
68	5B27	27	39647
68	5B29	27	39647
68	5B2B	27	39647
68	5B2D	27	39647
68	5B2F	27	39647
68	5B31	27	39647
68	5B33	27	39647
68	5B35	27	39647
68	5B37	27	39647
68	5B39	27	39647
68	5B3B	27	39647
68	5B3D	27	39647
68	5B3F	27	39647
68	5B41	27	39647
68	5B43	27	39647
68	5B45	27	39647
68	5B47	27	39647
68	5B49	27	39647
68	5B4B	27	39647
68	5B4D	27	39647
68	5B4F	27	39647
68	5B51	27	39647
68	5B53	27	39647
68	5B54	27	39647
68	5B55	27	39647
68	5B58	27	39648
68	5B59	54	39648
68	5B5A	54	39648
68	5B5B	54	39648
68	5B5E	54	39648
68	5B61	54	39648
68	5B64	54	39648
68	5B6A	54	39648
68	5B6C	54	39648
68	5B6E	54	39648
68	5B70	54	39648
68	5B72	54	39648
68	5B74	54	39648
68	5B76	54	39648
68	5B78	54	39648
68	5B7A	54	39648
68	5B7C	54	39648
68	5B7E	54	39648
68	5B80	54	39648
68	5B82	54	39648
68	5B84	54	39648
68	5B86	54	39648
68	5B88	54	39648
68	5B8A	54	39648
68	5B8C	54	39648
68	5B8E	54	39648
68	5B90	54	39648
68	5B92	54	39648
68	5B94	54	39648
68	5B96	54	39648
68	5B98	54	39648
68	5B9A	54	39648
68	5B9C	54	39648
68	5B9E	54	39648
68	5B9F	54	39648
68	5BA0	54	39648
68	5BA3	54	39648
68	5BA4	27	39648
68	5BA7	27	39648
68	5BAA	27	39648
68	5BAD	27	39648
68	5BB3	27	39650
68	5BB4	54	39650
68	5BB7	54	39650
68	5BBA	54	39650
68	5BBD	54	39650
68	5BC3	54	39652
68	5BC4	24	39586
68	5BC7	24	39607
68	5BCD	1124	39623
68	5BD0	1124	39624
68	5BD6	1124	39624
68	5BD8	1124	39624
68	5BDA	1124	39624
68	5BDC	1106	39624
68	5BDE	1106	39624
68	5BE0	1100	39624
68	5BE2	18	39628
68	5BE4	18	39628
68	5BE5	18	39628
68	5BE7	18	39628
68	5BE9	18	39628
68	5BEC	18	39628
68	5BEF	18	39628
68	5BF0	18	39628
68	5BF2	18	39628
68	5BF4	18	39628
68	5BF6	6	67776
68	5BF8	6	67776
68	5BF9	6	67776
68	5BFB	6	67776
68	5BFD	6	67776
68	5C00	6	67776
68	5C03	6	67776
68	5C04	6	67776
68	5C06	6	67776
68	5C07	6	67776
68	5C09	24	39628
68	5C0A	24	39628
68	5C10	24	39643
68	5C11	24	39643
68	5C12	24	39586
68	5C14	24	39586
68	5C16	24	39586
68	5C1C	24	39586
68	5C22	24	39586
68	5C25	24	39586
68	5C28	24	39586
68	5C2A	24	39586
68	5C2C	24	39586
68	5C2E	24	39586
68	5C34	24	39587
68	5C37	24	39587
68	5C3A	24	39587
68	5C3C	24	39587
68	5C3E	24	39587
68	5C40	24	39587
68	5C46	24	39588
68	5C49	24	39588
68	5C4C	24	39588
68	5C4F	24	39588
68	5C51	24	39588
68	5C57	24	39588
68	5C5A	24	39588
68	5C5D	24	39588
68	5C60	24	39588
68	5C62	24	39588
68	5C68	24	39588
68	5C6B	24	39606
68	5C6D	24	39606
68	5C70	24	39607
68	5C71	24	39588
68	5C73	24	39588
68	5C79	24	39588
68	5C7A	24	39588
68	5C7B	24	39588
68	5C7E	24	39588
68	5C81	24	39588
68	5C84	24	39588
68	5C8A	24	39588
68	5C8C	24	39588
68	5C8E	24	39588
68	5C90	24	39588
68	5C92	24	39588
68	5C94	24	39588
68	5C96	24	39588
68	5C98	24	39588
68	5C9A	24	39588
68	5C9C	24	39588
68	5C9E	24	39588
68	5CA0	24	39588
68	5CA2	24	39588
68	5CA4	24	39588
68	5CA6	24	39588
68	5CA8	24	39588
68	5CAA	24	39588
68	5CAC	24	39588
68	5CAE	24	39588
68	5CB0	24	39588
68	5CB2	24	39588
68	5CB4	24	39588
68	5CB6	24	39588
68	5CB8	24	39588
68	5CBA	24	39588
68	5CBC	24	39588
68	5CBE	24	39588
68	5CBF	24	39588
68	5CC0	24	39588
68	5CC3	24	39598
68	5CC6	24	39598
68	5CC9	24	39598
68	5CCC	24	39598
68	5CD2	24	39605
68	5CD5	24	39605
68	5CD8	24	39605
68	5CDB	24	39605
68	5CE1	24	39606
68	5CE4	24	39606
68	5CE7	24	39606
68	5CEA	24	39606
68	5CF0	24	39606
68	5CF3	24	39606
68	5CF6	24	39606
68	5CF9	24	39606
68	5CFF	24	39606
68	5D00	57	40315
68	5D03	57	40315
68	5D06	56	40330
68	5D0C	56	40346
68	5D0E	56	40346
68	5D0F	56	40346
68	5D11	56	40346
68	5D13	56	40346
68	5D16	56	40346
68	5D19	56	40346
68	5D1A	56	40346
68	5D1C	56	40346
68	5D1F	48	40409
68	5D25	48	40424
68	5D2B	48	40426
68	5D2E	48	40426
68	5D9C	57	40315
68	5D9E	57	40315
68	5DA0	57	40315
68	5DA6	57	40315
68	5DAC	57	40315
68	5DAD	57	40315
68	5DB0	57	40315
68	5DB3	57	40315
68	5DB5	57	40315
68	5DBB	57	40315
68	5DBE	57	40315
68	5DC1	57	40315
68	5DC4	57	40315
68	5DC7	57	40315
68	5DCA	57	40315
68	5DCB	57	40315
68	5DCD	57	40315
68	5DD0	57	40315
68	5DD3	57	40315
68	5DD5	57	40315
68	5DD7	57	40315
68	5DD9	57	40315
68	5DDF	57	40316
68	5DE2	57	40316
68	5DE5	57	40316
68	5DE7	57	40316
68	5DE9	57	40316
68	5DEB	57	40316
68	5DF1	57	40317
68	5DF4	57	40317
68	5DF7	57	40317
68	5DF9	57	40317
68	5DFB	57	40317
68	5DFD	57	40317
68	5E03	57	40318
68	5E06	57	40318
68	5E09	57	40318
68	5E0B	57	40318
68	5E0D	57	40318
68	5E0F	57	40318
68	5E15	57	40319
68	5E18	57	40319
68	5E1B	57	40319
68	5E1E	57	40319
68	5E20	57	40319
68	5E26	57	40319
68	5E29	57	40319
68	5E2C	57	40319
68	5E2D	57	40319
68	5E2E	57	40319
68	5E2F	57	40319
68	5E31	57	40319
68	5E32	57	40319
68	5E33	57	40319
68	5E34	57	40319
68	5E35	57	40319
68	5E36	57	40319
68	5E39	57	40319
68	5E3C	57	40319
68	5E3E	57	40319
68	5E44	57	40319
68	5E46	57	40319
68	5E49	57	40319
68	5E4C	57	40319
68	5E4F	56	40321
68	5E52	56	40321
68	5E54	56	40321
68	5E57	56	40322
68	5E59	56	40322
68	5E5B	56	40322
68	5E61	56	40330
68	5E64	56	40330
68	5E67	56	40330
68	5E69	56	40330
68	5E6B	56	40330
68	5E71	56	40330
68	5E73	56	40330
68	5E75	56	40330
68	5E78	56	40330
68	5E7E	56	40330
68	5E81	56	40330
68	5E82	56	40330
68	5E84	20	40330
68	5E85	36	40441
68	5E8B	36	40441
68	5E91	36	40441
68	5EAE	710	40315
68	5EB1	710	40315
68	5EB7	710	40315
68	5EB8	710	40315
68	5EBA	405	40315
68	5EBC	405	40315
68	5EBF	405	40315
68	5EC0	305	40388
68	5EC3	305	40388
68	5EC6	305	40388
68	5EC7	862	40346
68	5ECD	862	40346
68	5ED0	862	40346
68	5ED1	862	40346
68	5ED7	854	40349
68	5ED9	854	40349
68	5EDB	303	40409
68	5EDD	303	40409
68	5EDF	198	40409
68	5EE1	198	40409
68	5EE4	10	42773
68	5EE6	10	42773
68	5EEC	551	40349
68	5EEF	551	40349
68	5EF2	551	40349
68	5EF3	551	40349
68	5EF9	551	40349
68	5EFA	551	40349
68	5EFC	319	40349
68	5EFE	319	40349
68	5EFF	319	40349
68	5F01	319	40349
68	5F03	319	40349
68	5F06	319	40349
68	5F09	319	40349
68	5F0A	319	40349
68	5F0C	319	40349
68	5F0E	232	41117
68	5F10	232	41117
68	5F11	232	41117
68	5F13	232	41117
68	5F15	232	41117
68	5F18	232	41117
68	5F1B	232	41117
68	5F1C	232	41117
68	5F1E	551	40349
68	5F21	551	40349
68	5F22	551	40349
68	5F24	120	40349
68	5F2A	120	40349
68	5F2D	431	40481
68	5F33	431	40481
68	5F36	105	40589
68	5F39	105	40589
68	5F3F	105	40589
68	5F40	105	40589
68	5F42	102	40589
68	5F44	102	40589
68	5F45	102	40589
68	5F47	102	40589
68	5F49	102	40589
68	5F4C	102	40589
68	5F4F	102	40589
68	5F50	102	40589
68	5F52	102	40589
68	5F55	102	40589
68	5F56	102	40589
68	5F58	11	40721
68	5F5E	11	40721
68	5F60	91	40589
68	5F66	91	40589
68	5F68	188	40409
68	5F6B	188	40409
68	5F6C	188	40409
68	5F6E	153	41405
68	5F70	153	41405
68	5F71	153	41405
68	5F73	153	41405
68	5F75	153	41405
68	5F78	153	41405
68	5F7B	153	41405
68	5F7C	153	41405
68	5F7E	153	41405
68	5F80	35	40409
68	5F82	35	40409
68	5F83	35	40409
68	5F85	35	40409
68	5F87	35	40409
68	5F8A	35	40409
68	5F8D	35	40409
68	5F8E	35	40409
68	5F90	35	40409
68	5F93	35	40409
68	5F96	35	40409
68	5F9C	35	40409
68	5F9E	35	40409
68	5FA1	35	40409
68	5FA2	13	42773
68	5FA4	13	42773
68	5FA5	13	42773
68	5FA7	13	42773
68	5FA9	13	42773
68	5FAC	13	42773
68	5FAF	13	42773
68	5FB0	13	42773
68	5FB2	13	42773
68	5FB5	13	42773
68	5FB8	13	42773
68	5FBE	13	42773
68	5FBF	13	42773
68	5FC2	13	42773
68	5FC3	653	40349
68	5FC5	653	40349
68	5FC7	653	40349
68	5FCA	653	40349
68	5FD0	653	40349
68	5FD2	653	40349
68	5FD5	653	40349
68	5FD8	653	40349
68	5FDB	653	40351
68	5FDE	806	40351
68	5FE1	1202	40330
68	5FE4	1202	40330
68	5FEA	1202	40330
68	5FEC	1202	40330
68	5FEF	969	40330
68	5FF1	969	40330
68	5FF3	969	40330
68	5FF4	969	40330
68	5FF6	969	40330
68	5FF8	969	40330
68	5FFA	969	40330
68	5FFC	969	40330
68	5FFD	969	40330
68	5FFF	969	40330
68	6001	969	40330
68	6004	8045	40330
68	6005	8045	40330
68	6006	8045	40330
68	6008	7076	40330
68	600A	7076	40330
68	600C	7076	40330
68	600E	7076	40330
68	6010	5521	40330
68	6012	5521	40330
68	6014	5521	40330
68	6016	5521	40330
68	6018	349	40330
68	601A	349	40330
68	601C	349	40330
68	601E	349	40330
68	6022	1555	40330
68	6024	1555	40330
68	6026	1555	40330
68	6028	5521	40330
68	602A	5521	40330
68	602C	5521	40330
68	602E	969	40330
68	6031	969	40330
68	6032	969	40330
68	6033	969	40330
68	6035	355	40330
68	6036	355	40330
68	6037	355	40330
68	6039	228	40330
68	603B	228	40330
68	603C	228	40330
68	603E	228	40330
68	6040	228	40330
68	6042	228	40330
68	6044	228	40330
68	6045	741	41021
68	6047	741	41021
68	6048	741	41021
68	604A	741	41021
68	604C	741	41021
68	604E	974	40441
68	604F	974	40441
68	6050	56	40321
68	6053	56	40321
68	6056	56	40321
68	6059	56	40321
68	605F	56	40321
68	6060	710	40319
68	6061	710	40319
68	6062	710	40319
68	6065	710	40319
68	6068	710	40319
68	606B	710	40319
68	6071	710	40319
68	6073	710	40319
68	6075	710	40319
68	6077	710	40319
68	6079	710	40319
68	607B	710	40319
68	607D	710	40319
68	607F	710	40319
68	6081	710	40319
68	6083	710	40319
68	6085	710	40319
68	6087	710	40319
68	6089	710	40319
68	608B	710	40319
68	608D	710	40319
68	608F	710	40319
68	6091	710	40319
68	6093	710	40319
68	6095	710	40319
68	6097	710	40319
68	6099	710	40319
68	609B	710	40319
68	609D	710	40319
68	609F	710	40319
68	60A1	710	40319
68	60A3	710	40319
68	60A5	710	40319
68	60A6	710	40319
68	60A7	710	40319
68	60AA	710	40319
68	60AB	710	40319
68	60AE	710	40319
68	60B1	710	40319
68	60B4	710	40319
68	60BA	709	40321
68	60BB	20	40234
68	60BE	20	40255
68	60C4	553	40271
68	60C7	552	40272
68	60CD	552	40272
68	60CF	552	40272
68	60D1	552	40272
68	60D3	537	40272
68	60D5	537	40272
68	60D7	533	40272
68	60D9	15	40300
68	60DB	15	40300
68	60DC	15	40300
68	60DE	15	40300
68	60E0	15	40300
68	60E3	15	40300
68	60E6	15	40300
68	60E7	15	40300
68	60E9	15	40300
68	60EB	15	40300
68	60ED	4	55036
68	60EF	4	55036
68	60F0	4	55036
68	60F2	4	55036
68	60F4	4	55036
68	60F7	4	55036
68	60FA	4	55036
68	60FB	4	55036
68	60FD	4	55036
68	60FE	4	55036
68	6100	19	40300
68	6101	19	40300
68	6107	19	40315
68	6108	19	40315
68	6109	20	40234
68	610B	20	40234
68	610D	20	40234
68	6113	20	40234
68	6119	20	40234
68	611C	20	40234
68	611F	20	40234
68	6121	20	40234
68	6123	20	40234
68	6125	20	40234
68	612B	20	40235
68	612E	20	40235
68	6131	20	40235
68	6133	20	40235
68	6135	20	40235
68	6137	20	40235
68	613D	20	40236
68	6140	20	40236
68	6143	20	40236
68	6146	20	40236
68	6148	20	40236
68	614E	20	40236
68	6151	20	40236
68	6154	20	40236
68	6157	20	40236
68	6159	20	40236
68	615F	20	40236
68	6162	20	40254
68	6164	20	40254
68	6167	20	40255
68	6168	20	40236
68	616A	20	40236
68	6170	20	40236
68	6171	20	40236
68	6172	20	40236
68	6175	20	40236
68	6178	20	40236
68	617B	20	40236
68	6181	20	40236
68	6183	20	40236
68	6185	20	40236
68	6187	20	40236
68	6189	20	40236
68	618B	20	40236
68	618D	20	40236
68	618F	20	40236
68	6191	20	40236
68	6193	20	40236
68	6195	20	40236
68	6197	20	40236
68	6199	20	40236
68	619B	20	40236
68	619D	20	40236
68	619F	20	40236
68	61A1	20	40236
68	61A3	20	40236
68	61A5	20	40236
68	61A7	20	40236
68	61A9	20	40236
68	61AB	20	40236
68	61AD	20	40236
68	61AF	20	40236
68	61B1	20	40236
68	61B3	20	40236
68	61B5	20	40236
68	61B6	20	40236
68	61B7	20	40236
68	61BA	20	40246
68	61BD	20	40246
68	61C0	20	40246
68	61C3	20	40246
68	61C9	20	40253
68	61CC	20	40253
68	61CF	20	40253
68	61D2	20	40253
68	61D8	20	40254
68	61DB	20	40254
68	61DE	20	40254
68	61E1	20	40254
68	61E7	20	40254
68	61EA	20	40254
68	61ED	20	40254
68	61F0	20	40254
68	61F6	20	40254
68	6435	9	547
68	6438	9	567
68	643E	9	583
68	6441	9	588
68	6447	9	603
68	644D	9	605
68	6450	9	605
68	6451	9	547
68	6453	9	547
68	6455	9	547
68	645B	9	547
68	6461	9	547
68	6462	9	547
68	6465	9	547
68	6467	9	547
68	646A	9	547
68	646D	9	547
68	6470	9	547
68	6472	9	547
68	6474	9	547
68	6476	9	547
68	647C	9	548
68	647F	9	548
68	6482	9	548
68	6484	9	548
68	6486	9	548
68	6488	9	548
68	648E	9	549
68	6491	9	549
68	6494	9	549
68	6496	9	549
68	6498	9	549
68	649A	9	549
68	64A0	9	550
68	64A3	9	550
68	64A6	9	550
68	64A8	9	550
68	64AA	9	550
68	64AC	9	550
68	64B2	9	551
68	64B5	9	551
68	64B8	9	551
68	64BB	9	551
68	64BD	9	551
68	64C3	9	551
68	64C6	9	551
68	64C9	9	551
68	64CC	9	551
68	64CE	9	551
68	64D4	9	551
68	64D7	9	551
68	64DA	9	551
68	64DD	9	551
68	64DF	9	551
68	64E5	9	551
68	64E8	9	556
68	64EB	9	566
68	64EE	9	566
68	64F0	9	566
68	64F3	9	567
68	64F6	9	567
68	64F9	9	567
68	64FB	9	567
68	64FD	9	567
68	6503	9	567
68	6506	9	567
68	6507	521	583
68	650D	521	583
68	6510	521	584
68	6516	521	584
68	6518	521	584
68	651A	521	584
68	651C	514	584
68	651E	514	584
68	6520	512	584
68	6522	512	584
68	6524	510	584
68	6526	510	584
68	6528	505	584
68	652A	7	588
68	652C	7	588
68	652D	7	588
68	652F	7	588
68	6531	7	588
68	6534	7	588
68	6537	7	588
68	6538	7	588
68	653A	7	588
68	653D	7	588
68	653E	7	588
68	6540	6	588
68	6542	6	588
68	6545	6	588
68	6546	1	39460
68	6548	1	39460
68	654B	1	39460
68	654C	2	13488
68	654E	2	13488
68	654F	2	13488
68	6551	2	13488
68	6553	2	13488
68	6556	2	13488
68	6559	2	13488
68	655A	2	13488
68	655C	2	13488
68	655D	2	13488
68	6560	2	13488
68	6561	7	13632
68	6563	7	13632
68	6564	7	13632
68	6566	7	13632
68	6568	7	13632
68	656B	7	13632
68	656E	7	13632
68	656F	7	13632
68	6571	7	13632
68	6574	7	13632
68	6576	7	13632
68	6577	7	13632
68	657A	7	13632
68	657D	7	13632
68	657F	7	13632
68	6582	16	567
68	6585	16	567
68	6586	16	567
68	6589	16	567
68	658A	16	567
68	658B	16	567
68	658C	16	567
68	658E	16	567
68	658F	16	567
68	6590	16	567
68	6591	16	567
68	6592	16	567
68	6593	16	567
68	6596	16	567
68	6599	16	567
68	659E	9	566
68	65A1	9	566
68	65A4	9	566
68	65A7	9	566
68	65AD	9	566
68	65B0	9	566
68	65B3	9	566
68	65B6	9	566
68	65BC	9	566
68	65BF	9	566
68	65C2	9	566
68	65C5	9	566
68	65CB	9	566
68	65CE	9	566
68	65D1	9	566
68	65D4	9	566
68	65DA	9	566
68	65DD	9	566
68	65E0	9	566
68	65E3	9	566
68	65E9	9	566
68	65EA	9	551
68	65ED	9	551
68	65F0	9	551
68	65F3	9	551
68	65F9	9	551
68	65FB	9	551
68	65FD	9	551
68	65FF	9	551
68	6601	9	551
68	6603	9	551
68	6605	9	551
68	6607	9	551
68	6609	9	551
68	660B	9	551
68	660D	9	551
68	660F	9	551
68	6611	9	551
68	6613	9	551
68	6615	9	551
68	6617	9	551
68	6619	9	551
68	661B	9	551
68	661D	9	551
68	661F	9	551
68	6621	9	551
68	6623	9	551
68	6625	9	551
68	6627	9	551
68	6629	9	551
68	662B	9	551
68	662D	9	551
68	662F	9	551
68	6632	9	551
68	6635	9	552
68	6638	9	552
68	663B	9	552
68	663E	9	552
68	6644	9	552
68	6646	9	552
68	6648	9	552
68	664A	9	552
68	664C	9	552
68	664E	9	552
68	6650	9	552
68	6652	9	552
68	6654	9	552
68	6656	9	552
68	6658	9	552
68	665A	9	552
68	665C	9	552
68	665E	9	552
68	6660	9	552
68	6662	9	552
68	6664	9	552
68	6666	9	552
68	6668	9	552
68	666A	9	552
68	666C	9	552
68	666E	9	552
68	6670	9	552
68	6672	9	552
68	6674	9	552
68	6676	9	552
68	6678	9	552
68	667A	9	552
68	667D	9	552
68	6680	9	555
68	6683	9	555
68	6686	9	555
68	6689	9	555
68	668F	9	555
68	6691	9	555
68	6693	9	555
68	6695	9	555
68	6697	9	555
68	6699	9	555
68	669B	9	555
68	669D	9	555
68	669F	9	555
68	66A1	9	555
68	66A3	9	555
68	66A5	9	555
68	66A7	9	555
68	66A9	9	555
68	66AB	9	555
68	66AD	9	555
68	66AF	9	555
68	66B1	9	555
68	66B3	9	555
68	66B5	9	555
68	66B7	9	555
68	66B9	9	555
68	66BB	9	555
68	66BD	9	555
68	66BF	9	555
68	66C1	9	555
68	66C3	9	555
68	66C5	9	555
68	66C8	9	555
68	66CB	9	555
68	66CE	9	555
68	66D1	9	555
68	66D4	9	555
68	66DA	9	555
68	66DC	9	555
68	66DE	9	555
68	66E0	9	555
68	66E2	9	555
68	66E4	9	555
68	66E6	9	555
68	66E8	9	555
68	66EA	9	555
68	66EC	9	555
68	66EE	9	555
68	66F0	9	555
68	66F2	9	555
68	66F4	9	555
68	66F6	9	555
68	66F8	9	555
68	66FA	9	555
68	66FC	9	555
68	66FE	9	555
68	6700	9	555
68	6702	9	555
68	6704	9	555
68	6706	9	555
68	6708	9	555
68	670A	9	555
68	670C	9	555
68	670E	9	555
68	6710	9	555
68	6713	9	555
68	6716	9	555
68	6719	9	555
68	671C	9	555
68	671F	9	555
68	6725	9	555
68	6727	9	555
68	6729	9	555
68	672B	9	555
68	672D	9	555
68	672F	9	555
68	6731	9	555
68	6733	9	555
68	6735	9	555
68	6737	9	555
68	6739	9	555
68	673B	9	555
68	673D	9	555
68	673F	9	555
68	6741	9	555
68	6743	9	555
68	6745	9	555
68	6747	9	555
68	6749	9	555
68	674B	9	555
68	674D	9	555
68	674F	9	555
68	6751	9	555
68	6753	9	555
68	6755	9	555
68	6757	9	555
68	6759	9	555
68	675B	9	555
68	675E	9	555
68	6761	9	556
68	6762	9	556
68	6765	9	556
68	6768	9	556
68	676B	9	556
68	6771	9	558
68	6774	9	558
68	6777	9	558
68	677A	9	558
68	6780	9	560
68	6783	9	560
68	6786	9	560
68	6789	9	560
68	678F	9	562
68	6792	9	562
68	6795	9	562
68	6798	9	562
68	679E	9	564
68	67A1	9	564
68	67A4	9	564
68	67A7	9	564
68	67AD	9	566
68	6AE0	6	606
68	6AE3	6	628
68	6AE9	6	644
68	6AEC	6	909
68	6AF2	6	924
68	6AF5	6	924
68	6AF6	6	606
68	6AF8	6	606
68	6AFA	6	606
68	6B00	6	606
68	6B06	6	606
68	6B07	6	606
68	6B0A	6	606
68	6B0D	6	606
68	6B10	6	606
68	6B13	6	606
68	6B15	6	606
68	6B17	6	606
68	6B19	6	606
68	6B1F	6	607
68	6B22	6	607
68	6B25	6	607
68	6B27	6	607
68	6B29	6	607
68	6B2B	6	607
68	6B31	6	608
68	6B34	6	608
68	6B37	6	608
68	6B39	6	608
68	6B3B	6	608
68	6B3D	6	608
68	6B43	6	609
68	6B46	6	609
68	6B49	6	609
68	6B4C	6	609
68	6B4E	6	609
68	6B54	6	609
68	6B57	6	609
68	6B5A	6	609
68	6B5D	6	609
68	6B5F	6	609
68	6B65	6	609
68	6B68	6	609
68	6B6B	6	609
68	6B6E	6	609
68	6B70	6	609
68	6B76	6	609
68	6B79	6	627
68	6B7B	6	627
68	6B7E	6	628
68	6B81	6	628
68	6B84	6	628
68	6B86	6	628
68	6B88	6	628
68	6B8E	6	628
68	6B91	6	628
68	6B94	6	628
68	6B97	6	628
68	6B98	1590	644
68	6B9E	1590	644
68	6BA1	1590	645
68	6BA3	1590	645
68	6BA5	1590	645
68	6BA6	1590	645
68	6BA8	1590	645
68	6BAA	1590	645
68	6BAC	1590	645
68	6BAE	1590	645
68	6BB1	1590	645
68	6BB2	1590	645
68	6BB4	1590	645
68	6BB5	1590	645
68	6BB7	1590	645
68	6BB9	1590	645
68	6BBB	1590	645
68	6BBC	1590	645
68	6BBD	1590	645
68	6BBF	1116	664
68	6BC1	1116	664
68	6BC3	360	686
68	6BC6	360	686
68	6BC7	360	686
68	6BC9	18	686
68	6BCB	18	686
68	6BCC	18	686
68	6BCE	18	686
68	6BD0	18	686
68	6BD3	18	686
68	6BD6	18	686
68	6BD7	18	686
68	6BD9	18	686
68	6BDB	18	686
68	6BDE	18	686
68	6BE0	474	645
68	6BE1	474	645
68	6BE4	1590	645
68	6BE7	1590	645
68	6BE8	1590	645
68	6BEA	1590	645
68	6BEB	1590	645
68	6BED	1590	645
68	6BEF	1590	645
68	6BF0	1590	645
68	6BF1	1590	645
68	6BF2	1590	645
68	6BF3	1590	645
68	6BFA	6	645
68	6BFD	6	645
68	6C00	6	645
68	6C02	6	645
68	6C05	6	645
68	6C07	6	645
68	6C0A	6	645
68	6C0C	753	646
68	6C0F	753	646
68	6C11	753	646
68	6C14	753	646
68	6C16	753	646
68	6C19	6	771
68	6C1B	6	771
68	6C1D	6	771
68	6C20	6	771
68	6C22	6	771
68	6C24	6	771
68	6C27	6	771
68	6C2A	6	771
68	6C2C	6	771
68	6C2F	6	771
68	6C32	6	771
68	6C34	6	771
68	6C37	6	771
68	6C39	6	771
68	6C3C	6	771
68	6C3F	831	772
68	6C42	831	772
68	6C44	831	772
68	6C47	831	772
68	6C49	831	772
68	6C4C	6	909
68	6C4E	6	909
68	6C51	6	909
68	6C52	6	909
68	6C54	6	909
68	6C57	6	909
68	6C59	6	909
68	6C5C	6	909
68	6C7F	6	609
68	6C81	6	609
68	6C87	6	609
68	6C88	6	609
68	6C89	6	609
68	6C8C	6	609
68	6C8F	6	609
68	6C92	6	609
68	6C98	6	609
68	6C9A	6	609
68	6C9C	6	609
68	6C9E	6	609
68	6CA0	6	609
68	6CA2	6	609
68	6CA4	6	609
68	6CA6	6	609
68	6CA8	6	609
68	6CAA	6	609
68	6CAC	6	609
68	6CAE	6	609
68	6CB0	6	609
68	6CB2	6	609
68	6CB4	6	609
68	6CB6	6	609
68	6CB8	6	609
68	6CBA	6	609
68	6CBC	6	609
68	6CBE	6	609
68	6CC0	6	609
68	6CC2	6	609
68	6CC4	6	609
68	6CC6	6	609
68	6CC8	6	609
68	6CCA	6	609
68	6CCC	6	609
68	6CCD	6	609
68	6CCE	6	609
68	6CD1	6	621
68	6CD4	6	621
68	6CD7	6	621
68	6CDA	6	621
68	6CE0	6	627
68	6CE3	6	627
68	6CE6	6	627
68	6CE9	6	627
68	6CEF	6	627
68	6CF0	6	771
68	6CF3	6	771
68	6CF4	6	771
68	6CF7	6	771
68	6CFA	6	771
68	6CFB	6	771
68	6CFC	6	771
68	6CFD	6	771
68	6CFF	6	771
68	6D00	6	771
68	6D01	6	771
68	6D02	6	771
68	6D03	6	771
68	6D04	6	771
68	6D07	6	771
68	6D0A	6	771
68	6D0D	6	771
68	6D0F	6	771
68	6D12	6	771
68	6D15	6	771
68	6D18	6	771
68	6D19	6	771
68	6D1C	6	771
68	6D1E	6	771
68	6D20	6	771
68	6D21	6	771
68	6D23	6	771
68	6D25	6	771
68	6D27	6	771
68	6D29	6	771
68	6D2C	6	771
68	6D2F	6	771
68	6D32	6	771
68	6D35	6	771
68	6D38	6	771
68	6D3B	6	771
68	6D3E	6	771
68	6D41	6	771
68	6D44	6	771
68	6D47	6	771
68	6D4A	6	771
68	6D4D	6	771
68	6D50	6	771
68	6D53	6	771
68	6D56	6	771
68	6D59	6	771
68	6D5C	6	771
68	6D5F	6	771
68	6D62	6	771
68	6D65	6	771
68	6D68	6	771
68	6D6B	6	771
68	6D6E	6	771
68	6D71	6	771
68	6D74	6	771
68	6D77	6	771
68	6D7A	6	771
68	6D7D	6	771
68	6D80	6	771
68	6D83	6	771
68	6D86	6	771
68	6D89	6	771
68	6D8B	6	771
68	6D8D	6	771
68	6D8E	6	771
68	6D90	6	771
68	6D92	6	771
68	6D94	6	771
68	6D97	6	771
68	6D9A	6	771
68	6D9D	6	771
68	6D9E	6	771
68	6D9F	6	771
68	6DA0	6	771
68	6DA2	6	771
68	6DA3	6	771
68	6DA4	6	771
68	6DA5	6	771
68	6DA6	6	771
68	6DA7	6	771
68	6DAA	6	771
68	6DAD	6	771
68	6DAF	6	771
68	6DB0	6	771
68	6DB2	6	771
68	6DB5	6	771
68	6DB7	6	771
68	6DBA	6	771
68	6DBB	6	771
68	6DBD	6	771
68	6DC0	6	771
68	6DC3	6	771
68	6DC6	6	771
68	6DC9	6	771
68	6DCC	6	771
68	6DCF	6	771
68	6DD2	6	771
68	6DD4	6	771
68	6DD6	6	771
68	6DD7	6	771
68	6DD9	6	771
68	6DDB	6	771
68	6DDD	6	771
68	6DE0	6	771
68	6DE3	6	771
68	6DE6	6	771
68	6DE9	6	771
68	6DEB	6	771
68	6DEC	6	771
68	6DEE	6	771
68	6DF1	6	771
68	6DF3	6	771
68	6DF5	6	771
68	6DF6	6	771
68	6DF8	6	771
68	6DFA	6	771
68	6DFC	6	771
68	6E02	6	771
68	6E1A	6	924
68	6E1D	6	924
68	6E20	6	940
68	6E26	6	956
68	6E29	6	980
68	6E2F	6	995
68	6E35	6	997
68	6E38	6	997
68	6E39	6	924
68	6E3B	6	924
68	6E3D	6	924
68	6E43	6	924
68	6E49	6	924
68	6E4A	6	924
68	6E4D	6	924
68	6E4F	6	924
68	6E52	6	924
68	6E55	6	924
68	6E58	6	924
68	6E5A	6	924
68	6E5C	6	924
68	6E5E	6	924
68	6E64	6	925
68	6E67	6	925
68	6E6A	6	925
68	6E6C	6	925
68	6E6E	6	925
68	6E70	6	925
68	6E76	6	926
68	6E79	6	926
68	6E7C	6	926
68	6E7E	6	926
68	6E80	6	926
68	6E82	6	926
68	6E88	6	927
68	6E8B	6	927
68	6E8E	6	927
68	6E91	6	927
68	6E93	6	927
68	6E99	6	927
68	6E9C	6	927
68	6E9F	6	927
68	6EA2	6	927
68	6EA4	6	927
68	6EAA	6	927
68	6EAD	6	927
68	6EAE	6	927
68	6EC3	6	927
68	6EC6	6	927
68	6EC9	6	927
68	6ECC	6	927
68	6ECE	6	927
68	6ED4	6	927
68	6ED7	6	933
68	6EDA	6	939
68	6EDD	6	939
68	6EDF	6	939
68	6EE2	6	940
68	6EE5	6	940
68	6EE8	6	940
68	6EEA	6	940
68	6EEC	6	940
68	6EF2	6	940
68	6EF5	6	940
68	6EF6	313	956
68	6EFC	313	956
68	6EFF	313	957
68	6F05	313	957
68	6F07	313	957
68	6F09	313	957
68	6F0B	307	957
68	6F0D	307	957
68	6F0F	304	957
68	6F11	304	957
68	6F13	304	957
68	6F15	304	957
68	6F17	303	957
68	6F19	6	980
68	6F1B	6	980
68	6F1C	6	980
68	6F1E	6	980
68	6F20	6	980
68	6F23	6	980
68	6F26	6	980
68	6F27	6	980
68	6F29	6	980
68	6F2C	6	980
68	6F2D	6	980
68	6F2F	5	7568
68	6F31	5	7568
68	6F34	5	7568
68	6F35	1	980
68	6F37	1	980
68	6F3A	1	980
68	6F3C	1	980
68	6F3F	1	980
68	6F40	3	20644
68	6F43	3	20644
68	6F44	3	20644
68	6F5E	1	972
68	6F60	1	972
68	6F61	1	972
68	6F63	1	972
68	6F65	1	972
68	6F68	1	972
68	6F6B	1	972
68	6F6C	1	972
68	6F6E	1	972
68	6F71	1	972
68	6F73	1	972
68	6F74	1	972
68	6F77	1	972
68	6F7A	1	972
68	6F7C	1	972
68	6F7F	7	940
68	6F82	7	940
68	6F83	7	940
68	6F86	7	940
68	6F87	7	940
68	6F88	7	940
68	6F89	7	940
68	6F8B	7	940
68	6F8C	7	940
68	6F8D	7	940
68	6F8E	7	940
68	6F8F	7	940
68	6F90	7	940
68	6F93	7	940
68	6F96	7	940
68	6F9B	6	939
68	6F9E	6	939
68	6FA1	6	939
68	6FA4	6	939
68	6FAA	6	939
68	6FAB	6	927
68	6FAE	6	927
68	6FB1	6	927
68	6FB4	6	927
68	6FBA	6	927
68	6FBC	6	927
68	6FBE	6	927
68	6FC0	6	927
68	6FC2	6	927
68	6FC4	6	927
68	6FC6	6	927
68	6FC8	6	927
68	6FCA	6	927
68	6FCC	6	927
68	6FCE	6	927
68	6FD0	6	927
68	6FD2	6	927
68	6FD4	6	927
68	6FD6	6	927
68	6FD8	6	927
68	6FDA	6	927
68	6FDC	6	927
68	6FDE	6	927
68	6FE0	6	927
68	6FE2	6	927
68	6FE4	6	927
68	6FE6	6	927
68	6FE8	6	927
68	6FEA	6	927
68	6FEC	6	927
68	6FEE	6	927
68	6FF1	6	927
68	6FF4	6	927
68	6FF5	6	927
68	6FF6	6	927
68	6FF8	6	927
68	6FF9	6	927
68	6FFA	6	927
68	6FFB	6	927
68	7001	6	927
68	7004	6	933
68	7009	6	933
68	700C	6	933
68	700F	6	933
68	7012	6	933
68	7018	6	939
68	7019	5	7585
68	701C	5	7585
68	701F	5	8159
68	7025	5	8174
68	7028	5	8174
68	7029	5	7585
68	702B	5	7585
68	702D	5	7585
68	7033	5	7585
68	7039	5	7585
68	703A	5	7585
68	703D	5	7585
68	7040	5	7585
68	7042	5	7585
68	7048	5	7585
68	7049	5	7585
68	704F	5	7585
68	7050	5	7585
68	7051	5	7585
68	7054	5	7585
68	7057	5	7585
68	7058	5	7585
68	7059	5	7585
68	705C	5	7585
68	705D	5	7585
68	705E	5	7585
68	705F	5	7585
68	7060	5	7585
68	7062	5	7585
68	7065	5	7585
68	7066	5	7585
68	7069	1375	7585
68	706C	1375	7585
68	706D	1375	7585
68	706F	1375	7585
68	7070	1375	7585
68	7072	1375	7585
68	7074	1375	7585
68	7075	1375	7585
68	7076	1375	7585
68	7077	1375	7585
68	7078	1375	7585
68	708D	5	7585
68	708E	5	7585
68	7094	5	7611
68	7097	5	7611
68	709A	5	7611
68	709C	5	7611
68	709F	5	7611
68	70A1	5	7611
68	70A4	5	7611
68	70A6	540	7611
68	70A7	540	7611
68	70AD	540	7629
68	70B0	540	7629
68	70B2	540	7629
68	70B5	540	7629
68	70B7	540	7629
68	70BA	5	7737
68	70BC	5	7737
68	70BE	5	7737
68	70C0	5	7737
68	70C2	5	7737
68	70C4	5	7737
68	70C5	5	7737
68	70C7	5	7737
68	70C9	5	7737
68	70CB	5	7737
68	70CE	5	7737
68	70D0	5	7737
68	70D2	5	7737
68	70D5	5	7737
68	70D8	5	7737
68	70DA	5	7737
68	70DD	5	7737
68	70DF	5	7737
68	70E2	5	7737
68	70E5	695	7737
68	70E6	695	7737
68	70EC	695	7738
68	70EF	695	7738
68	70F1	695	7738
68	70F4	695	7738
68	70F6	695	7738
68	70F9	5	7876
68	70FC	5	7876
68	70FE	5	7876
68	7101	5	7876
68	7103	5	7876
68	7106	5	7876
68	7109	5	7876
68	710A	5	7876
68	7110	5	7877
68	7113	5	7877
68	7115	5	7877
68	7118	5	7877
68	711A	5	7877
68	711D	5	7877
68	7120	5	7877
68	7122	5	7877
68	7125	5	7877
68	7127	5	7877
68	712A	5	7877
68	712D	5	7877
68	712E	5	7877
68	7134	5	7878
68	7137	5	7878
68	7139	5	7878
68	713C	5	7878
68	713E	5	7878
68	7141	5	7878
68	7144	5	7878
68	7147	5	7878
68	714A	5	7878
68	714D	5	7878
68	7150	5	7878
68	7153	5	7878
68	7156	5	7878
68	7159	5	7878
68	715B	5	7878
68	715E	5	7878
68	7160	5	7878
68	7163	5	7878
68	7166	125	7878
68	7167	125	7878
68	716D	125	7879
68	7170	125	7879
68	7172	125	7879
68	7175	120	7879
68	7177	120	7879
68	733C	10	7903
68	733E	10	7903
68	7344	10	7904
68	7345	10	7904
68	7347	5	7920
68	7349	5	7920
68	734C	5	7920
68	7372	5	7903
68	7375	5	7903
68	737B	5	7903
68	737E	5	7903
68	7380	5	7903
68	73B1	5	7903
68	73B4	5	7920
68	73BA	5	7935
68	73C0	5	8159
68	73C3	5	8159
68	73C5	5	8159
68	73C6	5	8159
68	73C8	5	8159
68	73CB	5	8159
68	73CD	5	8159
68	73CE	5	8159
68	73D0	5	8159
68	73D3	5	8159
68	73D5	5	8159
68	73D8	5	8159
68	73D9	5	8159
68	73DC	5	8159
68	7401	5	7585
68	7404	5	7585
68	7405	5	7585
68	7408	5	7585
68	7409	5	7585
68	740C	5	7585
68	740F	5	7585
68	7412	5	7585
68	7413	1385	7585
68	7416	1385	7585
68	7418	1385	7585
68	741B	1385	7585
68	7421	1385	7585
68	7424	1385	7610
68	742A	1385	7610
68	742D	1385	7611
68	7430	1385	7611
68	7431	1385	7585
68	7434	1385	7585
68	7437	1385	7585
68	7438	1385	7585
68	7439	1385	7585
68	743A	1385	7585
68	743C	1385	7585
68	743D	1385	7585
68	743E	1385	7585
68	743F	1385	7585
68	7440	1385	7585
68	7441	1385	7585
68	744C	5	7585
68	744E	5	7585
68	7450	5	7585
68	7456	5	7585
68	745C	5	7585
68	745F	5	7585
68	7462	5	7585
68	7464	5	7585
68	7466	5	7585
68	7468	5	7585
68	746E	5	7586
68	7471	5	7586
68	7474	5	7586
68	7476	5	7586
68	7478	5	7586
68	747A	5	7586
68	7480	5	7587
68	7483	5	7587
68	7486	5	7587
68	7488	5	7587
68	748A	5	7587
68	748C	5	7587
68	7492	5	7588
68	7495	5	7588
68	7498	5	7588
68	749A	5	7588
68	749C	5	7588
68	749E	5	7588
68	74A4	5	7589
68	74A7	5	7589
68	74AA	5	7589
68	74AD	5	7589
68	74AF	5	7589
68	74B5	5	7589
68	74B8	5	7589
68	74BB	5	7589
68	74BE	5	7589
68	74C0	5	7589
68	74C6	5	7589
68	74C9	5	7589
68	74CC	5	7589
68	74CF	5	7589
68	74D1	5	7589
68	74D7	5	7589
68	74DA	5	7589
68	74DD	5	7591
68	74E0	5	7591
68	74E2	5	7591
68	74E4	5	7591
68	74E7	5	7591
68	74E8	5	7591
68	74EA	5	7591
68	74ED	5	7591
68	74F0	5	7591
68	74F3	5	7591
68	74F5	5	7591
68	74FB	5	7591
68	74FE	5	7609
68	7500	5	7609
68	7503	5	7610
68	7506	5	7610
68	7509	5	7610
68	750B	5	7610
68	750D	5	7610
68	7513	5	7610
68	7516	5	7610
68	7519	5	7610
68	751C	5	7610
68	751E	5	7610
68	7521	5	7610
68	7522	5	7611
68	7528	5	7611
68	752E	5	7628
68	7530	5	7628
68	7531	5	7628
68	7533	5	7628
68	7535	5	7628
68	7538	5	7628
68	753B	5	7628
68	753C	5	7628
68	753E	5	7628
68	7540	5	7628
68	7543	5	7628
68	7544	1370	7629
68	7546	1370	7629
68	7548	1370	7629
68	754A	1347	7629
68	754D	1347	7629
68	754E	1347	7629
68	7550	5	7903
68	7552	5	7903
68	7554	5	7903
68	7556	5	7903
68	7559	5	7903
68	755B	23	14592
68	755E	23	14592
68	755F	23	14592
68	7582	1370	7629
68	7583	5	7904
68	7589	5	7919
68	758F	5	7919
68	7590	5	7919
68	7593	5	7919
68	75A4	5	7591
68	75A7	5	7591
68	75AA	5	7591
68	75AD	5	7591
68	75B3	5	7591
68	75B5	5	7591
68	75B7	5	7591
68	75B9	5	7591
68	75BB	5	7591
68	75BD	5	7591
68	75BF	5	7591
68	75C1	5	7591
68	75C3	5	7591
68	75C5	5	7591
68	75C7	5	7591
68	75C9	5	7591
68	75CB	5	7591
68	75CD	5	7591
68	75CF	5	7591
68	75D1	5	7591
68	75D3	5	7591
68	75D5	5	7591
68	75D7	5	7591
68	75D9	5	7591
68	75DB	5	7591
68	75DD	5	7591
68	75DF	5	7591
68	75E1	5	7591
68	75E3	5	7591
68	75E5	5	7591
68	75E7	5	7591
68	75E9	5	7591
68	75EF	5	7591
68	75F2	5	7603
68	75F5	5	7603
68	75F8	5	7603
68	75FB	5	7603
68	7601	5	7609
68	7604	5	7609
68	7607	5	7609
68	760A	5	7609
68	7610	5	7609
68	7611	5	7589
68	7614	5	7589
68	7615	5	7589
68	7616	5	7589
68	7617	5	7589
68	7619	5	7589
68	761A	5	7589
68	761B	5	7589
68	761C	5	7589
68	761D	5	7589
68	761E	5	7589
68	7621	5	7589
68	7622	5	7589
68	7623	5	7589
68	7625	5	7589
68	7626	5	7589
68	7627	5	7589
68	7628	5	7589
68	762B	5	7589
68	762C	5	7589
68	762D	5	7589
68	762E	5	7589
68	7630	5	7589
68	7631	5	7589
68	7632	5	7589
68	7633	5	7589
68	7634	5	7589
68	7635	5	7589
68	7638	5	7589
68	763B	5	7589
68	763D	5	7589
68	7643	5	7589
68	7646	5	7590
68	7648	5	7590
68	764B	5	7591
75	4000	8256	170
75	4001	8256	170
75	4002	8256	170
75	4003	8256	170
75	4004	8256	170
75	4006	150	170
75	4007	55	7878
75	4008	55	7878
75	4009	55	7878
75	400A	55	7878
75	400B	50	7878
75	400C	50	7878
75	400D	50	7878
75	400F	35	7759
75	4010	35	7759
75	4012	35	7759
75	4013	35	7759
75	4014	255	7759
75	4015	255	7759
75	4016	255	7759
75	4017	255	7759
75	4019	220	7759
75	401A	220	7759
75	401B	220	7759
75	401C	220	7759
75	4020	35	7759
75	4021	35	7759
75	4022	35	7759
75	4023	35	7759
75	4024	35	7759
75	4025	35	7759
75	4027	35	7759
75	4028	35	7759
75	4029	273	44
75	402A	273	44
75	402D	273	44
75	402E	273	44
75	402F	273	44
75	4030	113	44
75	4031	113	44
75	4034	113	44
75	4036	113	44
75	4038	108	44
75	403A	108	44
75	403C	103	44
75	403E	103	44
75	4040	98	44
75	4041	98	44
75	4044	98	44
75	4047	113	44
75	4049	113	44
75	404A	113	44
75	404D	113	44
75	404E	113	44
75	404F	113	44
75	4052	113	44
75	4053	113	44
75	4054	113	44
75	4057	113	44
75	4058	113	44
75	4059	113	44
75	405C	113	44
75	405D	113	44
75	405E	113	44
75	4060	113	44
75	4061	113	44
75	4063	31	44
75	4065	31	44
75	4066	113	44
75	4069	113	44
75	406C	113	44
75	406D	113	44
75	406E	113	44
75	406F	113	44
75	40B4	360	44
75	40B5	360	44
75	40B6	360	44
75	40B9	360	44
75	40BA	360	44
75	40BD	360	44
75	40BE	360	44
75	40C1	360	44
75	40C2	360	44
75	40C3	360	44
75	40C5	360	44
75	40DA	360	44
75	40DB	360	44
75	40DC	67	44
75	40DD	67	44
75	40DF	67	44
75	40E0	67	44
75	40E1	67	44
75	40E4	67	44
75	40E5	67	44
75	40E6	67	44
75	40E7	67	44
75	40E9	67	44
75	40EB	67	44
75	40F9	67	44
75	40FA	67	44
75	40FC	67	44
75	40FE	67	44
75	40FF	67	44
75	4102	67	44
75	4105	67	44
75	4106	67	44
75	4109	67	44
75	410C	67	44
75	410E	67	44
75	4110	67	44
75	4111	67	44
75	4113	67	44
75	4114	67	44
75	4115	5	7903
75	4118	5	7903
75	411A	5	7903
75	4120	5	7903
75	4122	5	7903
75	4125	5	7903
75	4126	5	7903
75	4128	5	7903
75	412A	5	7903
75	412C	5	7903
75	412E	5	7903
75	4130	5	7903
75	4132	5	7903
75	4134	5	7903
75	4136	5	7903
75	4138	5	7903
75	413A	5	7903
75	413C	5	7903
75	413F	5	7903
75	4141	5	7903
75	4144	5	7903
75	4146	5	7903
75	4148	5	7903
75	414A	5	7903
75	414C	5	7903
75	414E	5	7903
75	4150	5	7903
75	4152	5	7903
75	4158	5	7903
75	415B	5	7903
75	415C	5	7903
75	416A	5	7903
75	416B	5	7903
75	416E	5	7903
75	416F	5	7903
75	4172	5	7903
75	4173	5	7903
75	4176	5	7903
75	4179	5	7903
75	417B	5	7903
75	417D	5	7903
75	4180	5	7903
75	4181	5	7903
75	4182	5	7903
75	4183	5	7903
75	4184	5	7903
75	4187	5	7903
75	4189	5	7903
75	418A	5	7903
75	4235	31	44
75	4238	31	44
75	4239	31	44
75	423A	31	44
75	423B	31	44
75	423C	31	44
75	423E	31	44
75	4240	31	44
75	4242	31	44
75	4244	31	44
75	4247	31	44
75	424A	31	44
75	424D	34224	44
75	424E	34224	44
75	424F	34224	44
75	4250	34224	44
75	4251	34224	44
75	4252	34224	44
75	4254	31	44
75	4257	31	44
75	4259	31	44
75	425C	31	44
75	425D	31	44
75	425E	31	44
75	4260	31	44
75	4261	31	44
75	4263	31	44
75	4264	31	44
75	4267	31	44
75	4268	31	44
75	4269	31	44
75	426A	31	44
75	426B	31	44
75	426E	31	44
75	426F	31	44
75	4270	31	44
75	4271	31	44
75	4272	31	44
75	4275	31	44
75	4277	31	44
75	427A	31	44
75	427D	31	44
75	427E	31	44
75	4280	31	44
75	4286	31	44
75	4288	31	44
75	428B	31	44
75	428E	6	771
75	4291	6	771
75	4293	6	771
75	42A3	6	771
75	42A5	6	771
75	42A8	6	771
75	42AB	6	771
75	42AD	6	771
75	42B0	6	771
75	42B1	6	771
75	42B3	6	771
75	42B4	6	771
75	42B7	6	771
75	42B8	6	771
75	42B9	6	771
75	42BC	6	771
75	42BD	6	771
75	42BE	6	771
75	42BF	6	771
75	42C0	6	771
75	42C1	6	771
75	42C2	6	771
75	42C3	6	771
75	42C4	6	771
75	42C5	6	771
75	42C8	6	771
75	42C9	6	771
75	42CC	6	771
75	42CF	6	771
75	42D1	6	771
75	42D2	6	771
75	42D4	6	771
75	42D5	6	771
75	42D8	6	771
75	42DA	6	771
75	42DD	6	771
75	42E0	6	771
75	42E3	6	771
75	42E4	6	771
75	42E5	6	771
75	42E7	6	771
75	42E9	6	771
75	42EF	6	771
75	42F1	6	771
75	42F2	6	771
75	42F3	6	771
75	42F4	6	771
75	42F5	6	771
75	42F7	6	771
75	42F8	6	771
75	42FB	6	771
75	42FC	6	771
75	42FD	6	771
75	42FE	6	771
75	42FF	6	771
75	4301	6	771
75	4302	6	771
75	4305	6	771
75	4306	6	771
75	4307	6	771
75	4308	6	771
75	4309	6	771
75	430C	6	771
75	430D	6	771
75	4310	6	771
75	4311	6	771
75	4314	6	771
75	4315	6	771
75	4316	6	771
75	4319	6	771
75	431C	6	771
75	431E	6	771
75	4321	6	771
75	4324	6	771
75	4326	6	771
75	4328	6	771
75	4329	20	170
75	432C	20	170
75	432E	20	170
75	4331	20	170
75	4333	20	170
75	4336	20	170
75	4339	20	170
75	433B	20	170
75	433E	20	170
75	433F	20	170
75	4341	20	170
75	4344	20	170
75	4347	20	170
75	4348	20	170
75	4349	20	170
75	434A	20	170
75	434B	20	170
75	434C	20	170
75	434D	20	170
75	434E	20	170
75	434F	20	170
75	4352	20	170
75	4353	20	170
75	4354	20	170
75	4355	20	170
75	4356	20	170
75	4359	20	170
75	435A	20	170
75	435D	20	170
75	4360	20	170
75	4362	20	170
75	4365	20	170
75	4368	20	170
75	436B	20	170
75	436C	20	170
75	436D	20	170
75	4370	20	170
75	4371	20	170
75	4372	20	170
75	4374	20	170
75	4376	20	170
75	437C	20	170
75	437E	20	170
75	437F	20	170
75	4380	20	170
75	4382	20	170
75	4385	20	170
75	4388	20	170
75	438A	20	170
75	438D	20	170
75	4390	67	44
75	4392	67	44
75	4393	67	44
75	4395	67	44
75	4396	67	44
75	4397	15	7878
75	4399	100	7878
75	439A	100	7878
75	439C	100	7878
75	439D	100	7878
75	439E	100	7878
75	43A0	15	7878
75	43A1	15	7878
75	43A2	15	7878
75	43A4	15	7878
75	43A6	15	7878
75	43B1	5	7878
75	43B4	5	7878
75	43B6	5	7878
75	43B9	5	7878
75	43BC	5	7878
75	43BE	5	7878
75	43C1	5	7878
75	43C2	5	7878
75	43C4	5	7878
75	43C7	5	7878
75	43C9	5	7878
75	43CB	5	7878
75	43CE	5	7878
75	43D0	5	7878
75	43D2	5	7878
75	43D5	5	7878
75	43DB	5	7878
75	43DC	5	7878
75	43DE	5	7878
75	43E1	5	7878
75	43E4	5	7878
75	43E7	5	7878
75	43E8	5	7878
75	43EB	5	7878
75	43EE	5	7878
75	43F0	5	7878
75	43F1	5	7878
75	43F3	5	7878
75	43F4	5	7878
75	43F7	5	7878
75	43F8	5	7878
75	43F9	5	7878
75	43FC	5	7878
75	43FE	5	7878
75	4401	5	7878
75	4404	5	7878
75	4407	5	7878
75	4408	5	7878
75	4409	5	7878
75	440A	5	7878
75	440D	5	7878
75	4410	5	7878
75	4411	5	7878
75	4414	5	7878
75	4417	5	7878
75	4418	5	7878
75	4419	5	7878
75	441C	5	7878
75	441E	5	7878
75	4421	5	7878
75	4422	5	7878
75	4423	5	7878
75	4424	5	7878
75	4425	5	7878
75	4426	5	7878
75	4429	5	7878
75	442A	5	7878
75	442C	5	7878
75	442F	5	7878
75	4432	5	7878
75	4434	5	7878
75	4437	61	44
75	443A	61	44
75	443C	61	44
75	448A	5	7878
75	448D	5	7878
75	4490	5	7878
75	4492	5	7878
75	4495	5	7878
75	4496	5	7878
75	4497	5	7878
75	4498	5	7878
75	449B	5	7878
75	449D	5	7878
75	44A3	5	7878
75	44A6	5	7878
75	44A7	5	7878
75	44A8	5	7878
75	44AB	5	7878
75	44AD	5	7878
75	44B0	5	7878
75	44B1	5	7878
75	44B4	5	7878
75	44B5	67	44
75	44B6	67	44
75	44B9	67	44
75	44BC	67	44
75	44BD	67	44
75	44C0	67	44
75	44C3	67	44
75	44C6	67	44
75	44C8	67	44
75	457D	5	7876
75	457F	5	7876
75	4582	5	7876
75	4583	5	7876
75	4587	5	7737
75	4589	5	7737
75	458C	5	7737
75	458D	5	7737
75	4590	5	7737
75	4591	5	7877
75	4593	5	7877
75	4596	5	7877
75	4597	5	7877
75	459B	15	7737
75	459E	15	7737
75	45A0	15	7737
75	45A2	15	7737
75	45A5	15	7737
75	45A7	15	7737
75	45A9	15	7737
75	45AC	15	7737
75	45AD	15	7737
75	45AE	5	7737
75	45AF	5	7737
75	45B2	5	7737
75	45B3	5	7737
75	45B5	5	7737
75	45B6	5	7737
75	45B9	5	7737
75	45BA	5	7737
75	45BD	5	7737
75	45BE	5	7737
75	45C1	5	7737
75	45C4	5	7737
75	45C5	5	7737
75	45C8	5	7737
75	45CB	5	7737
75	45CD	5	7737
75	45CE	5	7737
75	45D0	5	7737
75	45D1	5	7737
75	45D4	5	7737
75	45D7	5	7737
75	45DA	5	7737
75	45DB	5	7737
75	563A	31	308
75	563D	31	308
75	563F	31	308
75	5642	31	308
75	5643	31	308
75	5646	31	308
75	5647	31	308
75	5648	31	308
75	564B	31	308
75	564E	31	308
75	5651	31	308
75	5654	34224	308
75	5655	34224	308
75	5656	34224	308
75	5657	34224	308
75	5658	34224	308
75	5659	34224	308
75	565B	31	308
75	5671	8093	52
75	5674	8093	52
75	5675	8093	52
75	5676	8093	52
75	5677	8093	52
75	5678	8093	52
75	567B	8093	52
75	567D	8093	52
75	567F	8093	52
75	5682	8093	52
75	5684	8093	52
75	5689	8093	52
75	568A	8093	52
75	568B	8093	52
75	568C	8093	52
75	568F	8093	52
75	5690	8093	52
75	5691	8093	52
75	5692	8093	52
75	5693	98	169
75	5694	98	169
75	5696	98	169
75	5698	98	169
75	5699	98	169
75	569B	98	169
75	569C	98	169
75	569F	98	169
75	56A2	98	169
75	56A5	98	169
75	56A6	98	169
75	56A9	98	169
75	56AA	98	169
75	56AB	98	169
75	56AC	98	169
75	56AD	62	54
75	56AF	62	54
75	56B6	62	54
75	56B9	62	54
75	56BC	62	54
75	56BD	62	54
75	56BE	62	54
75	56C1	62	54
75	56C2	62	54
75	56C3	62	54
75	56C6	62	54
75	56C7	62	54
75	56C8	62	54
75	56CA	62	54
75	56CB	62	54
75	56CD	62	54
75	56CE	62	54
75	56D1	62	54
75	56D2	14928	44
75	56D5	14928	44
75	56D6	14928	44
75	56D9	14928	44
75	56DA	14928	44
75	56DD	4017	44
75	56E0	4017	44
75	56E1	4017	44
75	56E2	4017	44
75	56E3	4017	44
75	56E4	4017	44
75	56E5	4017	44
75	56E6	4017	44
75	56E7	4017	44
75	56E8	4017	44
75	56EA	4017	44
75	56ED	489	44
75	56EE	489	44
75	56EF	489	44
75	56F2	489	44
75	56F5	489	44
75	56F6	489	44
75	56F8	489	44
75	56F9	489	44
75	56FB	489	44
75	56FC	489	44
75	56FF	278	44
75	5702	278	44
75	5704	278	44
75	5706	278	44
75	5708	278	44
75	5709	278	44
75	570C	278	44
75	570D	278	44
75	570E	278	44
75	5711	278	44
75	5712	278	44
75	5713	278	44
75	5716	278	44
75	5719	278	44
75	571B	278	44
75	571D	67	44
75	5720	67	44
75	5721	67	44
75	5723	211	51
75	5726	211	51
75	5728	211	51
75	572A	211	51
75	572C	211	51
75	572E	211	51
75	5730	211	51
75	5734	211	51
75	5735	211	51
75	5737	211	51
75	573A	211	51
75	573B	211	51
75	573D	211	51
75	573E	211	51
75	5741	211	51
75	5743	211	51
75	5746	211	51
75	5747	211	51
75	574A	211	51
75	574B	211	51
75	574C	211	51
75	574D	211	51
75	5750	211	51
75	5751	211	51
75	5752	211	51
75	5753	211	51
75	5756	211	51
75	5757	211	51
75	5758	211	51
75	5759	211	51
75	575C	211	51
75	575E	211	51
75	5764	211	51
75	5767	211	51
75	5769	211	51
75	576B	211	51
75	576D	211	51
75	576F	206	51
75	5771	206	51
75	5773	206	51
75	5775	206	51
75	5777	206	51
75	5779	206	51
75	577F	5	7901
75	5781	211	51
75	5782	211	51
75	5785	67	44
75	5786	67	44
75	5789	67	44
75	578C	67	44
75	578D	67	44
75	578E	67	44
75	578F	67	44
75	5790	67	44
75	5792	201	44
75	5793	201	44
75	5794	201	44
75	5796	201	44
75	5797	201	44
75	5799	67	44
75	579A	67	44
75	579B	67	44
75	579E	67	44
75	579F	67	44
75	57A0	67	44
75	57F4	10911	51
75	57F7	10911	51
75	57F8	10911	51
75	57FA	8093	52
75	57FB	8093	52
75	57FD	7249	52
75	57FE	7249	52
75	5801	844	52
75	5804	2818	51
75	5807	2818	51
75	5808	2818	51
75	5809	2818	51
75	580B	2607	51
75	580D	2607	51
75	580F	211	52
75	5811	2818	51
75	5813	2818	51
75	5814	2818	51
75	5816	2396	51
75	5818	2396	51
75	581A	2396	51
75	581B	2396	51
75	581E	2396	51
75	581F	2396	51
75	5820	2396	51
75	584C	422	52
75	584D	422	52
75	584F	422	52
75	5850	422	52
75	5852	211	52
75	5853	211	52
75	5854	211	52
75	5855	211	52
75	5858	211	52
75	585A	633	52
75	585B	633	52
75	585C	633	52
75	585E	211	52
75	5861	211	52
75	5863	211	52
75	5870	211	52
75	5873	211	52
75	5874	211	52
75	5877	211	52
75	5878	211	52
75	587A	844	52
75	587D	844	52
75	587F	844	52
75	5880	844	52
75	5882	211	52
75	5883	211	52
75	5884	211	52
75	5886	211	52
75	5889	211	52
75	588A	211	52
75	588B	211	52
75	588D	62	54
75	588E	62	54
75	5890	6405	52
75	5893	6405	52
75	5896	6405	52
75	5897	6405	52
75	5899	149	52
75	589A	149	52
75	589B	149	52
75	589C	149	52
75	589E	844	52
75	58A0	844	52
75	58A1	844	52
75	58A4	844	52
75	58A7	844	52
75	58A8	844	52
75	58AA	844	52
75	58AB	844	52
75	58AD	422	52
75	58B0	422	52
75	58B2	422	52
75	58B3	422	52
75	58B5	422	52
75	58B6	422	52
75	58B7	422	52
75	58C0	422	52
75	58C2	422	52
75	58C3	422	52
75	58C5	211	52
75	58C6	211	52
75	58C7	211	52
75	58C8	14928	44
75	58CB	14928	44
75	58CD	14928	44
75	58CE	7249	52
75	58D0	7249	52
75	58D1	7249	52
75	58D3	7249	52
75	58D6	7249	52
75	58D7	7249	52
75	58D8	7249	52
75	58D9	7249	52
75	58DA	7249	52
75	58DB	7249	52
75	58DE	7249	52
75	58DF	7249	52
75	58E2	7249	52
75	58E5	7249	52
75	58E8	7249	52
75	58E9	7249	52
75	58EA	184266	44
75	58ED	184266	44
75	58EF	184266	44
75	58F2	184266	44
75	58F5	184266	44
75	58F8	184266	44
75	58F9	184266	44
75	58FB	184266	44
75	58FD	173643	51
75	58FE	173643	51
75	58FF	173643	51
75	5900	173643	51
75	5901	173643	51
75	5902	173643	51
75	5904	173643	51
75	5906	173643	51
75	5907	173643	51
75	5908	173643	51
75	5933	184266	44
75	5936	184266	44
75	5938	184266	44
75	593B	180249	44
75	593D	180249	44
75	5940	169338	44
75	5943	169338	44
75	5945	169338	44
75	5948	169301	44
75	594B	169301	44
75	594C	169301	44
75	594F	687	51
75	5950	687	51
75	5951	687	51
75	5954	129	51
75	5957	129	51
75	595A	129	51
75	595C	129	51
75	595F	129	51
75	5961	129	51
75	5963	129	51
75	5964	129	51
75	5966	129	51
75	5969	62	169
75	596B	62	169
75	5990	62	169
75	5991	62	169
75	5992	62	169
75	5995	62	169
75	5997	62	169
75	599A	62	169
75	59FC	67	51
75	59FE	67	51
75	5A01	67	51
75	5A04	67	51
75	5A06	67	51
75	5A09	67	51
75	5A0C	67	51
75	5A0F	67	51
75	5A11	67	51
75	5A14	67	51
75	5A36	10911	51
75	5A39	10911	51
75	5A3A	10911	51
75	5A3B	10911	51
75	5A3D	8093	52
75	5A3F	8093	52
75	5A41	844	52
75	5A42	844	52
75	5A44	844	52
75	5A46	633	52
75	5A48	633	52
75	5A4A	10489	51
75	5A4C	10911	51
75	5A4E	10911	51
75	5A51	2818	51
75	5A54	2818	51
75	5A55	2818	51
75	5AC3	211	52
75	5AC5	211	52
75	5AC7	211	52
75	5ACA	211	52
75	5ACB	211	52
75	5ACD	211	52
75	5AD0	211	52
75	5AD2	211	52
75	5B2B	4017	44
75	5B2E	4017	44
75	5B2F	4017	44
75	5B30	4017	44
75	5B31	4017	44
75	5B32	4017	44
75	5B34	4017	44
75	5B35	4017	44
75	5B36	4017	44
75	5B37	4017	44
75	5B38	14928	44
75	5B3B	14928	44
75	5B3D	14928	44
75	5B3F	14928	44
75	5B41	14928	44
75	5B43	14928	44
75	5B45	184266	44
75	5B46	211	52
75	5B47	211	52
75	5B4A	211	52
75	5B4D	211	52
75	5B50	211	52
75	5B51	211	52
75	5B52	211	52
75	5B55	211	52
75	5B58	211	52
75	5B5A	211	52
75	5B5C	211	52
75	5B63	211	52
75	5B66	211	52
75	5B68	211	52
75	5B6C	211	52
75	5B6D	211	52
75	5B70	211	52
75	5B71	211	52
75	5B73	211	52
75	5B76	206	52
75	5B79	206	52
75	5B7B	206	52
75	5B7E	206	52
75	5B80	206	52
75	5B83	206	52
75	5B85	206	52
75	5B88	206	52
75	5B8A	206	52
75	5B8C	206	52
75	5B8E	206	52
75	5B90	206	52
75	5B92	206	52
75	5B94	206	52
75	5B96	206	52
75	5B98	146	52
75	5B9A	146	52
75	5B9C	134	52
75	5B9E	134	52
75	5BA1	129	52
75	5BA3	129	52
75	5BA5	129	52
75	5BA7	129	52
75	5BA9	129	52
75	5BAB	129	52
75	5BAE	62	54
75	5BB0	62	54
75	5BB3	62	54
75	5BB5	62	54
75	5BB8	62	54
75	5BBB	62	54
75	5BBD	62	54
75	5BBF	62	54
75	5BC2	62	54
75	5BC3	62	54
75	5BC6	62	54
75	5BF9	60	186
75	5BFC	60	186
75	5BFD	60	186
75	5BFE	60	186
75	5BFF	60	186
75	5C02	60	186
75	5C03	60	186
75	5C04	60	186
75	5C05	60	186
75	5C06	60	186
75	5C09	60	186
75	5C0B	60	186
75	5C0E	60	186
75	5C0F	12	786
75	5C12	12	786
75	5C15	12	786
75	5C17	12	786
75	5C1A	12	786
75	5C1C	12	786
75	5C1F	12	786
75	5D42	67	52
75	5D45	67	52
75	5D48	67	52
75	5D4A	603	52
75	5D4B	603	52
75	5D4C	603	52
75	5D4D	603	52
75	5D4F	603	52
75	5D50	603	52
75	5D51	603	52
75	5D53	67	52
75	5D54	67	52
75	5D55	67	52
75	5D57	67	52
75	5D5A	67	52
75	5D5C	67	52
75	5D5E	67	52
75	5D60	67	52
75	5D62	67	52
75	5D65	67	52
75	5D67	67	52
75	5D6A	67	52
75	5D79	5	7900
75	5D7C	5	7900
75	5D7E	5	7900
75	5DC9	5	7900
75	5DCC	5	7900
75	5DCD	5	7900
75	5DCE	5	7900
75	5DCF	5	7900
75	5DD2	5	7900
75	5DD3	5	7900
75	5DD6	5	7900
75	5DD9	5	7900
75	5DDA	5	7900
75	5DDB	5	7900
75	5DDE	5	7900
75	5DE1	5	7900
75	5DE2	5	7900
75	5DE4	5	7900
75	5DE6	5	7900
75	5DE7	5	7900
75	5E1E	5	7900
75	5E1F	5	7900
75	5E21	5	7900
75	5E22	5	7900
75	5E23	5	7900
75	5E24	5	7900
75	5E25	5	7900
75	5E26	5	7900
75	5E29	5	7900
75	5E2B	5	7900
75	5E2C	5	7900
75	5E2F	5	7900
75	5E30	5	7900
75	5E31	211	52
75	5E34	5	7902
75	5E37	5	7902
75	5E39	5	7902
75	5E3C	5	7902
75	5E3F	5	7902
75	5E41	5	7902
75	5E43	5	7902
75	5E45	5	7902
75	5E47	5	7902
75	5E49	5	7902
75	5E4C	5	7902
75	5E4F	5	7902
75	5E51	5	7902
75	5E54	5	7902
75	5E56	5	7902
75	5E5D	5	7902
75	5E60	5	7902
75	5E61	5	7902
75	5E64	5	7902
75	5E66	5	7902
75	5E68	5	7902
75	5E6A	5	7902
75	5E8D	5	7902
75	5E90	5	7902
75	5E95	5	7902
75	5E96	5	7902
75	5E98	5	7902
75	5E9A	5	7902
75	5E9C	5	7902
75	5E9E	5	7902
75	5EA0	5	7902
75	5F08	67	52
75	5F0B	144	52
75	5F0E	144	52
75	5F10	278	44
75	5F13	278	44
75	5F14	278	44
75	5F17	278	44
75	5F19	278	44
75	5F20	278	44
75	5F22	278	44
75	5F24	278	44
75	5F26	278	44
75	5F27	278	44
75	5F2A	278	44
75	5F2C	278	44
75	5F2E	278	44
75	5F2F	278	44
75	5F32	278	44
75	5F33	278	44
75	5F36	278	44
75	5F37	278	44
75	5F3A	278	44
75	5F3B	278	44
75	5F3E	278	44
75	5F3F	278	44
75	5F42	278	44
75	5F43	278	44
75	5F46	278	44
75	5F47	278	44
75	5F4A	278	44
75	5F4B	278	44
75	5F4E	278	44
75	5F51	278	44
75	5F52	278	44
75	5F53	278	44
75	5F55	278	44
75	5F58	278	44
75	5F59	278	44
75	5F5C	278	44
75	5F5D	278	44
75	5F60	278	44
75	5F62	278	44
75	5F65	278	44
75	5F68	278	44
75	5F6A	278	44
75	5F6B	278	44
75	5F6C	62	170
75	5F6D	62	170
75	5F70	62	170
75	5F71	62	170
75	5F72	62	170
75	5F73	62	170
75	5F75	1384	170
75	5F78	1384	170
75	5F7A	62	170
75	5F7C	248	170
75	5F7F	248	170
75	5F81	62	170
75	5F82	62	170
75	5F83	62	170
75	5F86	62	170
75	5F87	62	170
75	5F88	62	170
75	5F89	62	170
75	5F8A	62	170
75	5F8B	62	170
75	5F8C	62	170
75	5F8D	62	170
75	5F8E	62	170
75	5F90	62	170
75	5F91	62	170
75	5F92	62	170
75	5F93	62	170
75	5F94	62	170
75	5F95	62	170
75	5F96	1632	170
75	5F97	1632	170
75	5F98	1632	170
75	5F99	1632	170
75	5F9A	1632	170
75	5F9C	1632	170
75	5F9D	1632	170
75	5F9E	1632	170
75	5F9F	1632	170
75	6149	184266	44
75	614C	184266	44
75	614E	184266	44
75	614F	158963	52
75	6152	158963	52
75	6154	158963	52
75	6155	158926	52
75	6156	158926	52
75	6158	158926	52
75	615A	158926	52
75	615C	158926	52
75	615E	158926	52
75	6160	158926	52
75	6162	158926	52
75	6164	158926	52
75	6166	158926	52
75	6168	158926	52
75	616A	158926	52
75	616D	158926	52
75	616F	158926	52
75	6170	158864	52
75	6172	158864	52
75	6174	158864	52
75	6177	158864	52
75	6178	158864	52
75	6179	158864	52
75	617A	158864	52
75	617B	158864	52
75	617C	158864	52
75	617F	158864	52
75	6180	158864	52
75	6181	158864	52
75	61F1	79391	52
75	61F2	79391	52
75	61F4	79360	54
75	61F5	79360	54
75	61F7	79329	54
75	61F8	79329	54
75	61F9	31	52
75	61FC	31	52
75	61FD	31	52
75	61FF	31	52
75	620B	31	54
75	620E	31	54
75	620F	31	54
75	6210	31	54
75	6211	31	54
75	6214	31	54
75	6216	31	54
75	6218	31	54
75	621A	31	54
75	621B	31	54
75	621D	31	54
75	6221	31	54
75	6223	31	54
75	6226	31	54
75	6227	31	54
75	6229	31	54
75	622A	31	54
75	622B	31	54
75	622C	31	54
75	622D	31	54
75	622E	31	54
75	622F	31	54
75	6230	31	54
75	6235	31	54
75	6238	31	54
75	6239	31	54
75	623A	31	54
75	623D	31	54
75	623F	31	54
75	6241	31	54
75	6264	62	52
75	6266	62	52
75	6269	62	52
75	626C	20	7886
75	626D	20	7886
75	626F	15	7892
75	6270	15	7892
75	6272	10	7898
75	6273	10	7898
75	6275	5	7900
75	6276	5	7900
75	6287	5	7886
75	628A	5	7886
75	628D	5	7892
75	6290	5	7892
75	6292	5	7892
75	6293	5	7892
75	6295	5	7892
75	6296	5	7892
75	6299	5	7892
75	629C	5	7898
75	629F	5	7898
75	62A0	5	7898
75	62A2	5	7898
75	62A4	5	7898
75	62A5	5	7898
75	62A7	5	7898
75	62A9	5	7898
75	62AB	5	7898
75	62AE	950	7898
75	62AF	950	7898
75	62B0	950	7898
75	62B1	950	7898
75	62B3	950	7898
75	62B4	950	7898
75	62B5	950	7898
75	62B6	950	7898
75	62B8	5	7898
75	62B9	5	7898
75	62BA	5	7898
75	62BC	5	7898
75	62BD	5	7898
75	62BE	5	7898
75	62C0	5	7898
75	62C3	5	7898
75	62C4	5	7898
75	62CB	5	7898
75	62CE	5	7898
75	62D1	5	7898
75	62D3	5	7898
75	62D6	5	7898
75	62D9	5	7898
75	62DB	5	7898
75	62DE	5	7898
75	62E1	5	7898
75	62E2	5	7898
75	62E4	5	7898
75	62E5	5	7898
75	62E7	5	7898
75	62EA	5	7898
75	62EB	5	7898
75	62EC	5	7898
75	62ED	5	7898
75	62F0	5	7898
75	62F2	5	7898
75	62F5	5	7898
75	62F6	5	7898
75	62F9	5	7898
75	630F	5	7900
75	6312	5	7900
75	6314	5	7900
75	6316	5	7900
75	6318	5	7900
75	6351	11	779
75	6354	11	779
75	6356	11	779
75	6357	11	779
75	6359	11	779
75	635C	11	779
75	635D	11	779
75	6360	5	7898
75	6363	5	7898
75	6365	5	7898
75	6366	5	7898
75	6368	5	7898
75	6369	5	7898
75	636B	5	7898
75	636E	5	7898
75	6371	60	178
75	6373	60	178
75	6376	60	178
75	74DB	12815	7745
75	74DC	12815	7745
75	74DE	12810	7751
75	74DF	12810	7751
75	74E1	12805	7757
75	74E2	12805	7757
75	74E4	12800	7759
75	74E5	12800	7759
75	74E7	12795	7759
75	74E8	12795	7759
75	74E9	5	7745
75	74EC	5	7745
75	74EF	5	7751
75	74F2	5	7751
75	74F4	5	7751
75	74F5	5	7751
75	74F7	5	7751
75	74F8	5	7751
75	74FB	5	7751
75	74FE	5	7757
75	7501	5	7759
75	7504	5	7759
75	7505	5	7759
75	7507	5	7759
75	7509	5	7759
75	750A	5	7759
75	750C	5	7759
75	750E	5	7759
75	7510	5	7759
75	7513	950	7759
75	7514	950	7759
75	7515	950	7759
75	7516	950	7759
75	7518	950	7759
75	7519	950	7759
75	751A	950	7759
75	751B	950	7759
75	751D	5	7759
75	751E	5	7759
75	751F	5	7759
75	7521	5	7759
75	7522	5	7759
75	7523	5	7759
75	7525	5	7759
75	7528	5	7759
75	7529	5	7759
75	752C	5	7759
75	752D	5	7759
75	7530	5	7759
75	7531	5	7759
75	7534	5	7759
75	7536	5	7759
75	7538	5	7759
75	753A	5	7759
75	7540	5	7759
75	7542	5	7759
75	7545	5	7759
75	7554	15	7759
75	7555	15	7759
75	7556	15	7759
75	7557	15	7759
75	7558	15	7759
75	7559	15	7759
75	755A	15	7759
75	755D	15	7759
75	755E	15	7759
75	755F	5	7759
75	7561	5	7759
75	7564	5	7759
75	7566	5	7759
75	7569	5	7759
75	756C	5	7759
75	756D	5	7759
75	756E	5	7759
75	756F	5	7877
75	7571	5	7877
75	7574	5	7877
75	7576	5	7877
75	7579	5	7877
75	757C	5	7876
75	757E	5	7876
75	7581	5	7876
75	7584	5	7876
75	7587	5	7876
75	7589	5	7876
75	758C	5	7876
75	758F	5	7876
75	7590	5	7876
75	7593	5	7876
75	7596	5	7876
75	7598	5	7876
75	759B	5	7876
75	759E	5	7876
75	759F	5	7876
75	75A2	5	7876
75	75A5	5	7876
75	75A7	5	7876
75	75AA	5	7876
75	75AD	15	7876
75	75AF	20	7876
75	75B0	20	7876
75	75B2	20	7876
75	75B4	20	7876
75	75B6	20	7876
75	75B8	10	7876
75	75BA	10	7876
75	75BC	10	7876
75	75BF	10	7876
75	75C1	10	7876
75	75C4	10	7876
75	75C5	10	7876
75	75C6	10	7876
75	75C7	10	7876
75	75C9	10	7876
75	75CB	10	7876
75	75CD	5	7876
75	75CF	5	7876
75	75D1	5	7876
75	75D4	5	7876
75	75D6	5	7876
75	75D9	5	7876
75	75DA	5	7876
75	75DB	5	7876
75	75DC	5	7876
75	75DE	15	7876
75	75DF	15	7876
75	75E0	15	7876
75	75E1	15	7876
75	75E8	15378	779
75	75E9	15378	779
75	75EB	15372	786
75	75EC	15372	786
75	75EE	15366	790
75	75EF	15366	790
75	75F1	15360	792
75	75F2	15360	792
75	75F4	15354	792
75	75F5	15354	792
75	75F6	6	779
75	75F8	6	779
75	75FB	6	786
75	75FE	6	786
75	75FF	6	786
75	7604	6	786
75	7607	6	786
75	7608	6	786
75	7609	6	786
75	760A	6	786
75	760B	6	786
75	760D	6	786
75	760E	6	786
75	760F	6	786
75	7612	6	786
75	7613	6	786
75	7614	6	786
75	7615	6	786
75	7616	6	786
75	7619	6	786
75	761A	6	786
75	761B	6	786
75	761E	6	786
75	7621	6	786
75	7623	6	786
75	7624	6	786
75	7626	6	786
75	7628	6	786
75	762B	6	786
75	762E	6	790
75	7631	6	792
75	7634	51260	178
75	7635	51260	178
75	7637	51240	186
75	7638	51240	186
75	763A	51220	190
75	763B	51220	190
75	763D	51200	191
75	763E	51200	191
75	7640	51180	191
75	7641	51180	191
75	7642	20	178
75	7645	20	178
75	7648	20	186
75	764B	20	186
75	764C	20	186
75	764E	20	186
75	7650	20	186
75	7655	20	186
75	7658	20	186
75	765A	20	186
75	765B	20	186
75	765D	20	186
75	765E	20	186
75	7661	20	186
75	7663	20	186
75	7666	20	186
75	7669	20	186
75	766A	20	186
75	766B	20	186
75	766C	20	186
75	766F	20	186
75	7670	20	186
75	7671	20	186
75	7672	20	186
75	7675	20	186
75	7676	20	186
75	7677	20	186
75	767A	20	186
75	767D	20	190
75	7680	20	191
7D	7B7C	58840	375
7D	7B7E	58840	375
7D	7B80	58840	375
7D	7B82	58840	375
7D	7B84	58840	375
7D	7B86	58840	375
7D	7B88	58840	375
7D	7B89	58840	375
7D	7B8B	58840	375
7D	7B8D	58840	375
7D	7B8F	58840	375
7D	7B91	58840	375
7D	7B93	58840	375
7D	7B95	58840	375
7D	7B97	58840	375
7D	7B99	58840	375
7D	7B9B	58840	375
7D	7B9C	58840	375
7D	7B9E	58840	375
7D	7B9F	58840	375
7D	7BA1	58840	375
7D	7BA3	58840	375
7D	7BA4	7730	375
7D	7BA6	7730	375
7D	7BA7	7730	375
7D	7BA9	1058	461
7D	7BAA	1058	461
7D	7BAD	7730	375
7D	7BB0	7730	375
7D	7BB1	7730	375
7D	7BB3	7730	375
7D	7BB6	7730	375
7D	7BB7	51110	584
7D	7BB8	51110	584
7D	7BB9	51110	584
7D	7BBA	51110	584
7D	7BBD	51110	584
7D	7BBE	51110	584
7D	7BBF	51110	584
7D	7BC0	51110	584
7D	7BC1	58840	375
7D	7BC4	58840	375
7D	7BC6	58840	375
7D	7BC7	58840	375
7D	7BC8	58840	375
7D	7BCA	58840	375
7D	7BCB	58840	375
7D	7BCD	58840	375
7D	7BD0	58840	375
7D	7BD2	58840	375
7D	7BD4	470720	375
7D	7BD7	470720	375
7D	7BD9	470720	375
7D	7BDB	7947	460
7D	7BDC	7947	460
7D	7BDD	7947	460
7D	7BDE	7947	460
7D	7BE4	470720	375
7D	7BE5	470720	375
7D	7BE7	470720	375
7D	7BE8	470720	375
7D	7BEA	58840	375
7D	7BEC	58840	375
7D	7BED	58840	375
7D	7BEF	58840	375
7D	7BF0	40	16
7D	7BF1	40	16
7D	7BF3	40	16
7D	7BF5	40	16
7D	7BF7	40	16
7D	7BF9	40	16
7D	7BFC	40	16
7D	7BFE	40	16
7D	7C00	776	16
7D	7C01	776	16
7D	7C04	776	16
7D	7C05	776	16
7D	7C08	776	16
7D	7C0B	776	16
7D	7C0D	6208	16
7D	7C0E	6208	16
7D	7C0F	6208	16
7D	7C11	776	16
7F	4007	6312	551
7F	400A	6312	551
7F	400D	6312	551
7F	400E	6312	551
7F	400F	6312	551
7F	4011	6312	551
7F	4013	6312	551
7F	4015	6312	551
7F	4017	6312	551
7F	401B	6312	551
7F	401D	6312	551
7F	401E	6312	551
7F	4020	6312	551
7F	4021	6312	551
7F	4022	6312	551
7F	4024	6312	551
7F	4027	6312	551
7F	4029	50496	551
7F	402A	50496	551
7F	402C	17623	551
7F	402D	50496	551
7F	402F	50496	551
7F	4031	50496	551
7F	4032	50496	551
7F	4034	6312	551
7F	4035	6312	551
7F	4036	6312	551
7F	4039	6312	551
7F	403A	6312	551
7F	403B	6312	551
7F	403C	6312	551
7F	403D	6312	551
7F	403F	6312	551
7F	4041	6312	551
7F	405F	16946	335
7F	4065	16946	335
7F	4068	16946	335
7F	406B	16946	335
7F	406E	16946	335
7F	4071	16946	335
7F	4072	16946	335
7F	4073	16946	335
7F	4074	16946	335
7F	4076	16946	335
7F	4078	8641	335
7F	407A	8641	335
7F	407C	8305	335
7F	407E	16946	335
7F	407F	16946	335
7F	4081	16946	335
7F	4087	16946	335
7F	4089	16946	335
7F	408A	16946	335
7F	408C	16946	335
7F	408E	8641	335
7F	4090	8641	335
7F	4092	8641	335
7F	4094	8305	335
7F	4095	8305	335
7F	4097	8305	335
7F	4099	6510	335
7F	409B	6510	335
7F	409D	6510	335
7F	409F	1795	336
7F	40A1	1795	336
7F	40A3	16946	335
7F	40A4	16946	335
7F	40A5	16946	335
7F	40A6	16946	335
7F	40A7	16946	335
7F	40A8	16946	335
7F	40AA	16946	335
7F	40AB	16946	335
7F	40AC	16946	335
7F	40AD	16946	335
7F	40AE	16946	335
7F	40AF	16946	335
7F	40B0	16946	335
7F	40B1	16946	335
7F	40B3	16946	335
7F	40B4	16946	335
7F	40B5	16946	335
7F	40B7	16946	335
7F	40B8	16946	335
7F	40B9	16946	335
7F	40BA	16946	335
7F	40BB	16946	335
7F	40BC	16946	335
7F	40BD	16946	335
7F	40C0	16946	335
7F	40C1	16946	335
7F	40C2	16946	335
7F	40C3	16946	335
7F	40C4	16946	335
7F	40C6	16946	335
7F	40C7	16946	335
7F	40C8	16946	335
7F	40C9	16946	335
7F	40CA	16946	335
7F	40CD	16946	335
7F	40CE	16946	335
7F	40CF	16946	335
7F	40D0	16946	335
7F	40D1	16946	335
7F	40D3	16946	335
7F	40D4	16946	335
7F	40D5	16946	335
7F	40D6	16946	335
7F	40D7	16946	335
7F	40D8	16946	335
7F	40D9	16946	335
7F	40DA	16946	335
7F	40DB	16946	335
7F	40DC	16946	335
7F	40DF	16946	335
7F	40E2	16946	335
7F	40E3	16946	335
7F	40E4	16946	335
7F	40E5	16946	335
7F	40E6	16946	335
7F	40E7	16946	335
7F	40E8	16946	335
7F	40E9	16946	335
7F	40EC	16946	335
7F	40EF	16946	335
7F	40F2	16946	335
7F	40F3	16946	335
7F	40F4	16946	335
7F	40F5	16946	335
7F	40F6	16946	335
7F	40F7	16946	335
7F	40F8	16946	335
7F	41D0	33892	335
7F	41D1	33892	335
7F	41D2	33892	335
7F	41D3	33892	335
7F	41D6	33892	335
7F	41D8	542272	335
7F	41DA	542272	335
7F	41DC	542272	335
7F	41DE	118622	335
7F	41DF	542272	335
7F	41E1	542272	335
7F	41E3	542272	335
7F	41E4	542272	335
7F	41E6	33892	335
7F	41E7	33892	335
7F	41E8	33892	335
7F	41E9	33892	335
7F	41EA	40204	335
7F	41EB	40204	335
7F	41ED	40204	335
7F	41EF	40204	335
7F	41F1	40204	335
7F	41F3	40204	335
7F	41F4	40204	335
7F	41F5	40204	335
7F	41F6	40204	335
7F	41F8	40204	335
7F	41FB	40204	335
7F	41FC	40204	335
7F	41FD	40204	335
7F	41FE	40204	335
7F	41FF	40204	335
7F	4200	40204	335
7F	4201	40204	335
7F	4275	40204	335
7F	4277	40204	335
7F	4278	482448	335
7F	427A	482448	335
7F	427B	482448	335
7F	427C	482448	335
7F	427D	482448	335
7F	427E	482448	335
7F	427F	482448	335
7F	4280	482448	335
7F	4281	482448	335
7F	4283	40204	335
7F	42C3	40204	335
7F	42C4	40204	335
7F	42C5	40204	335
7F	42C8	40204	335
7F	42C9	40204	335
7F	42CA	40204	335
7F	42CB	40204	335
7F	42CD	40204	335
7F	42CF	40204	335
7F	42D1	40204	335
7F	42D2	40204	335
7F	42D4	40204	335
7F	42D6	40204	335
7F	42D8	40204	335
7F	42DA	40204	335
7F	42DB	40204	335
7F	42DE	40204	335
7F	42E1	311128	335
7F	42E2	311128	335
7F	42E4	270924	335
7F	42E5	270924	335
7F	42E7	40204	335
7F	42E9	40204	335
7F	42EA	40204	335
7F	42EB	40204	335
7F	42EC	40204	335
7F	42EE	40204	335
7F	42F0	4249	555
7F	42F2	4249	555
7F	42F3	4249	555
7F	42F5	4249	555
7F	42F7	4249	555
7F	42F9	40204	335
7F	42FA	40204	335
7F	42FC	40204	335
7F	42FE	40204	335
7F	4300	40204	335
7F	4302	40204	335
7F	4304	40204	335
7F	4306	40204	335
7F	4308	40204	335
7F	430A	40204	335
7F	430C	40204	335
7F	430D	40204	335
7F	430E	40204	335
7F	430F	40204	335
7F	4311	40204	335
7F	4314	40204	335
7F	4315	40204	335
7F	4316	40204	335
7F	4319	40204	335
7F	431C	40204	335
7F	431D	40204	335
7F	431E	40204	335
7F	4321	40204	335
7F	4322	40204	335
7F	4323	40204	335
7F	4324	40204	335
7F	4325	40204	335
7F	4326	40204	335
7F	4327	40204	335
7F	4328	40204	335
7F	432B	40204	335
7F	432C	40204	335
7F	432E	40204	335
7F	432F	40204	335
7F	4330	160386	335
7F	4331	160386	335
7F	4333	120182	335
7F	4335	120182	335
7F	4337	120182	335
7F	4339	40204	335
7F	433A	40204	335
7F	433D	40204	335
7F	433E	40204	335
7F	433F	40204	335
7F	4340	40204	335
7F	4341	40204	335
7F	4342	40204	335
7F	4343	40204	335
7F	4344	40204	335
7F	4345	40204	335
7F	4348	40204	335
7F	4349	40204	335
7F	434A	40204	335
7F	434B	40204	335
7F	434C	40204	335
7F	434D	40204	335
7F	434E	40204	335
7F	434F	40204	335
7F	4350	40204	335
7F	4352	40204	335
7F	4368	40204	335
7F	4369	40204	335
7F	436A	40204	335
7F	436B	40204	335
7F	436C	40204	335
7F	436D	40204	335
7F	4370	40204	335
7F	4371	40204	335
7F	4373	40204	335
7F	4374	40204	335
7F	4375	160386	335
7F	4376	160386	335
7F	4378	120182	335
7F	437A	120182	335
7F	437C	120182	335
7F	437E	40204	335
7F	437F	40204	335
7F	4382	40204	335
7F	4383	40204	335
7F	4384	40204	335
7F	4385	40204	335
7F	4386	40204	335
7F	4387	40204	335
7F	4388	40204	335
7F	4389	40204	335
7F	438A	40204	335
7F	438D	40204	335
7F	438E	40204	335
7F	438F	40204	335
7F	4390	40204	335
7F	4391	40204	335
7F	4392	40204	335
7F	4393	40204	335
7F	4394	40204	335
7F	4395	40204	335
7F	4397	40204	335
7F	43AD	40204	335
7F	43AE	40204	335
7F	43AF	40204	335
7F	43B0	40204	335
7F	43B1	40204	335
7F	43B2	40204	335
7F	43B5	40204	335
7F	43B6	40204	335
7F	43B8	40204	335
7F	43B9	40204	335
7F	43BA	160386	335
7F	43BB	160386	335
7F	43BD	120182	335
7F	43BF	120182	335
7F	43C1	120182	335
7F	43C3	40204	335
7F	43C4	40204	335
7F	43C7	40204	335
7F	43C8	40204	335
7F	43C9	40204	335
7F	43CA	40204	335
7F	43CB	40204	335
7F	43CC	40204	335
7F	43CD	40204	335
7F	43CE	40204	335
7F	43CF	40204	335
7F	43D2	40204	335
7F	43D3	40204	335
7F	43D4	40204	335
7F	43D5	40204	335
7F	43D6	40204	335
7F	43D7	40204	335
7F	43D8	40204	335
7F	43D9	40204	335
7F	43DA	40204	335
7F	43DC	40204	335
7F	43F2	40204	335
7F	43F3	40204	335
7F	43F4	40204	335
7F	43F5	40204	335
7F	43F6	40204	335
7F	43F7	40204	335
7F	43FA	40204	335
7F	43FB	40204	335
7F	43FD	40204	335
7F	43FE	40204	335
7F	43FF	160386	335
7F	4400	160386	335
7F	4402	120182	335
7F	4404	120182	335
7F	4406	120182	335
7F	4408	40204	335
7F	4409	40204	335
7F	440C	40204	335
7F	440D	40204	335
7F	440E	40204	335
7F	440F	40204	335
7F	4410	40204	335
7F	4411	40204	335
7F	4412	40204	335
7F	4413	40204	335
7F	4414	40204	335
7F	4417	40204	335
7F	4418	40204	335
7F	4419	40204	335
7F	441A	40204	335
7F	441B	40204	335
7F	441C	40204	335
7F	441D	40204	335
7F	441E	40204	335
7F	441F	40204	335
7F	4421	40204	335
7F	4437	40204	335
7F	4438	40204	335
7F	4439	40204	335
7F	443A	40204	335
7F	443B	40204	335
7F	443C	40204	335
7F	443F	40204	335
7F	4440	40204	335
7F	4442	40204	335
7F	4443	40204	335
7F	4444	160386	335
7F	4445	160386	335
7F	4447	120182	335
7F	4449	120182	335
7F	444B	120182	335
7F	444D	40204	335
7F	444E	40204	335
7F	4451	40204	335
7F	4452	40204	335
7F	4453	40204	335
7F	4454	40204	335
7F	4455	40204	335
7F	4456	40204	335
7F	4457	40204	335
7F	4458	40204	335
7F	4459	40204	335
7F	445C	40204	335
7F	445D	40204	335
7F	445E	40204	335
7F	445F	40204	335
7F	4460	40204	335
7F	4461	40204	335
7F	4462	40204	335
7F	4463	40204	335
7F	4464	40204	335
7F	4466	40204	335
7F	447C	40204	335
7F	447D	40204	335
7F	447E	40204	335
7F	447F	40204	335
7F	4480	40204	335
7F	4481	40204	335
7F	4484	40204	335
7F	4485	40204	335
7F	4487	40204	335
7F	4488	40204	335
7F	4489	160386	335
7F	448A	160386	335
7F	448C	120182	335
7F	448E	120182	335
7F	4490	120182	335
7F	4492	40204	335
7F	4493	40204	335
7F	4496	40204	335
7F	4497	40204	335
7F	4498	40204	335
7F	4499	40204	335
7F	449A	40204	335
7F	449B	40204	335
7F	449C	40204	335
7F	449D	40204	335
7F	449E	40204	335
7F	44A1	40204	335
7F	44A2	40204	335
7F	44A3	40204	335
7F	44A4	40204	335
7F	44A5	40204	335
7F	44A6	40204	335
7F	44A7	40204	335
7F	44A8	40204	335
7F	44A9	40204	335
7F	44AB	40204	335
7F	44AD	5914	39539
7F	44AE	5914	39539
7F	44B1	5914	39539
7F	44B2	5914	39539
7F	44B3	5914	39539
7F	44B4	5914	39539
7F	44B6	5914	39539
7F	44C1	40204	335
7F	44C2	40204	335
7F	44C3	40204	335
7F	44C4	40204	335
7F	44C5	40204	335
7F	44C6	40204	335
7F	44C9	40204	335
7F	44CA	40204	335
7F	44CC	40204	335
7F	44CD	40204	335
7F	44CE	160386	335
7F	44CF	160386	335
7F	44D1	120182	335
7F	44D3	120182	335
7F	44D5	120182	335
7F	44D7	40204	335
7F	44D8	40204	335
7F	44DB	40204	335
7F	44DC	40204	335
7F	44DD	40204	335
7F	44DE	40204	335
7F	44DF	40204	335
7F	44E0	40204	335
7F	44E1	40204	335
7F	44E2	40204	335
7F	44E3	40204	335
7F	44E6	40204	335
7F	44E7	40204	335
7F	44E8	40204	335
7F	44E9	40204	335
7F	44EA	40204	335
7F	44EB	40204	335
7F	44EC	40204	335
7F	44ED	40204	335
7F	44EE	40204	335
7F	44F0	40204	335
7F	4506	40204	335
7F	4507	40204	335
7F	4508	40204	335
7F	4509	40204	335
7F	450A	40204	335
7F	450B	40204	335
7F	450E	40204	335
7F	450F	40204	335
7F	4511	40204	335
7F	4512	40204	335
7F	4513	160386	335
7F	4514	160386	335
7F	4516	120182	335
7F	4518	120182	335
7F	451A	120182	335
7F	451C	40204	335
7F	451D	40204	335
7F	4520	40204	335
7F	4521	40204	335
7F	4522	40204	335
7F	4523	40204	335
7F	4524	40204	335
7F	4525	40204	335
7F	4526	40204	335
7F	4527	40204	335
7F	4528	40204	335
7F	452B	40204	335
7F	452C	40204	335
7F	452D	40204	335
7F	452E	40204	335
7F	452F	40204	335
7F	4530	40204	335
7F	4531	40204	335
7F	4532	40204	335
7F	4533	40204	335
7F	4535	40204	335
7F	4537	14827	338
7F	4538	14827	338
7F	453B	14827	338
7F	453C	14827	338
7F	453D	14827	338
7F	453E	14827	338
7F	4540	14827	338
7F	4542	776	39488
7F	4544	776	39488
7F	4545	776	39488
7F	4547	776	39488
7F	4549	776	39488
7F	454B	40204	335
7F	454C	40204	335
7F	454D	40204	335
7F	454E	40204	335
7F	454F	40204	335
7F	4550	40204	335
7F	4553	40204	335
7F	4554	40204	335
7F	4556	40204	335
7F	4557	40204	335
7F	4558	160386	335
7F	4559	160386	335
7F	455B	120182	335
7F	455D	120182	335
7F	455F	120182	335
7F	4561	40204	335
7F	4562	40204	335
7F	4565	40204	335
7F	4566	40204	335
7F	4567	40204	335
7F	4568	40204	335
7F	4569	40204	335
7F	456A	40204	335
7F	456B	40204	335
7F	456C	40204	335
7F	456D	40204	335
7F	4570	40204	335
7F	4571	40204	335
7F	4572	40204	335
7F	4573	40204	335
7F	4574	40204	335
7F	4575	40204	335
7F	4576	40204	335
7F	4577	40204	335
7F	4578	40204	335
7F	457A	40204	335
7F	4590	40204	335
7F	4591	40204	335
7F	4592	40204	335
7F	4593	40204	335
7F	4594	40204	335
7F	4595	40204	335
7F	4598	40204	335
7F	4599	40204	335
7F	459B	40204	335
7F	459C	40204	335
7F	459D	160386	335
7F	459E	160386	335
7F	45A0	120182	335
7F	45A2	120182	335
7F	45A4	120182	335
7F	45A6	40204	335
7F	45A7	40204	335
7F	45AA	40204	335
7F	45AB	40204	335
7F	45AC	40204	335
7F	45AD	40204	335
7F	45AE	40204	335
7F	45AF	40204	335
7F	45B0	40204	335
7F	45B1	40204	335
7F	45B2	40204	335
7F	45B5	40204	335
7F	45B6	40204	335
7F	45B7	40204	335
7F	45B8	40204	335
7F	45B9	40204	335
7F	45BA	40204	335
7F	45BB	40204	335
7F	45BC	40204	335
7F	45BD	40204	335
7F	45BF	40204	335
7F	45C1	369	551
7F	45C2	369	551
7F	45C5	369	551
7F	45C6	369	551
7F	45C7	369	551
7F	45C8	369	551
7F	45CA	369	551
7F	45D5	40204	335
7F	45D6	40204	335
7F	45D7	40204	335
7F	45D8	40204	335
7F	45D9	40204	335
7F	45DA	40204	335
7F	45DD	40204	335
7F	45DE	40204	335
7F	45E0	40204	335
7F	45E1	40204	335
7F	45E2	160386	335
7F	45E3	160386	335
7F	45E5	120182	335
7F	45E7	120182	335
7F	45E9	120182	335
7F	45EB	40204	335
7F	45EC	40204	335
7F	45EF	40204	335
7F	45F0	40204	335
7F	45F1	40204	335
7F	45F2	40204	335
7F	45F3	40204	335
7F	45F4	40204	335
7F	45F5	40204	335
7F	45F6	40204	335
7F	45F7	40204	335
7F	45FA	40204	335
7F	45FB	40204	335
7F	45FC	40204	335
7F	45FD	40204	335
7F	45FE	40204	335
7F	45FF	40204	335
7F	4600	40204	335
7F	4601	40204	335
7F	4602	40204	335
7F	4604	40204	335
7F	461A	40204	335
7F	461B	40204	335
7F	461C	40204	335
7F	461D	40204	335
7F	461E	40204	335
7F	461F	40204	335
7F	4622	40204	335
7F	4623	40204	335
7F	4625	40204	335
7F	4626	40204	335
7F	4627	160386	335
7F	4628	160386	335
7F	462A	120182	335
7F	462C	120182	335
7F	462E	120182	335
7F	4630	40204	335
7F	4631	40204	335
7F	4634	40204	335
7F	4635	40204	335
7F	4636	40204	335
7F	4637	40204	335
7F	4638	40204	335
7F	4639	40204	335
7F	463A	40204	335
7F	463B	40204	335
7F	463C	40204	335
7F	463F	40204	335
7F	4640	40204	335
7F	4641	40204	335
7F	4642	40204	335
7F	4643	40204	335
7F	4644	40204	335
7F	4645	40204	335
7F	4646	40204	335
7F	4647	40204	335
7F	4649	40204	335
7F	465F	40204	335
7F	4660	40204	335
7F	4661	40204	335
7F	4662	40204	335
7F	4663	40204	335
7F	4664	40204	335
7F	4667	40204	335
7F	4668	40204	335
7F	466A	40204	335
7F	466B	40204	335
7F	466C	160386	335
7F	466D	160386	335
7F	466F	120182	335
7F	4671	120182	335
7F	4673	120182	335
7F	4675	40204	335
7F	4676	40204	335
7F	4679	40204	335
7F	467A	40204	335
7F	467B	40204	335
7F	467C	40204	335
7F	467D	40204	335
7F	467E	40204	335
7F	467F	40204	335
7F	4680	40204	335
7F	4681	40204	335
7F	4684	40204	335
7F	4685	40204	335
7F	4686	40204	335
7F	4687	40204	335
7F	4688	40204	335
7F	4689	40204	335
7F	468A	40204	335
7F	468B	40204	335
7F	468C	40204	335
7F	468E	40204	335
7F	46A4	40204	335
7F	46A5	40204	335
7F	46A6	40204	335
7F	46A7	40204	335
7F	46A8	40204	335
7F	46A9	40204	335
7F	46AC	40204	335
7F	46AD	40204	335
7F	46AF	40204	335
7F	46B0	40204	335
7F	46B1	160386	335
7F	46B2	160386	335
7F	46B4	120182	335
7F	46B6	120182	335
7F	46B8	120182	335
7F	46BA	40204	335
7F	46BB	40204	335
7F	46BE	40204	335
7F	46BF	40204	335
7F	46C0	40204	335
7F	46C1	40204	335
7F	46C2	40204	335
7F	46C3	40204	335
7F	46C4	40204	335
7F	46C5	40204	335
7F	46C6	40204	335
7F	46C9	40204	335
7F	46CA	40204	335
7F	46CB	40204	335
7F	46CC	40204	335
7F	46CD	40204	335
7F	46CE	40204	335
7F	46CF	40204	335
7F	46D0	40204	335
7F	46D1	40204	335
7F	46D3	40204	335
7F	46E9	40204	335
7F	46EA	40204	335
7F	46EB	40204	335
7F	46EC	40204	335
7F	46ED	40204	335
7F	46EE	40204	335
7F	46F1	40204	335
7F	46F2	40204	335
7F	46F4	40204	335
7F	46F5	40204	335
7F	46F6	160386	335
7F	46F7	160386	335
7F	46F9	120182	335
7F	46FB	120182	335
7F	46FD	120182	335
7F	46FF	40204	335
7F	4700	40204	335
7F	4703	40204	335
7F	4704	40204	335
7F	4705	40204	335
7F	4706	40204	335
7F	4707	40204	335
7F	4708	40204	335
7F	4709	40204	335
7F	470A	40204	335
7F	470B	40204	335
7F	470E	40204	335
7F	470F	40204	335
7F	4710	40204	335
7F	4711	40204	335
7F	4712	40204	335
7F	4713	40204	335
7F	4714	40204	335
7F	4715	40204	335
7F	4716	40204	335
7F	4718	40204	335
7F	472E	40204	335
7F	472F	40204	335
7F	4730	40204	335
7F	4731	40204	335
7F	4732	40204	335
7F	4733	40204	335
7F	4736	40204	335
7F	4737	40204	335
7F	4739	40204	335
7F	473A	40204	335
7F	473B	160386	335
7F	473C	160386	335
7F	473E	120182	335
7F	4740	120182	335
7F	4742	120182	335
7F	4744	40204	335
7F	4745	40204	335
7F	4748	40204	335
7F	4749	40204	335
7F	474A	40204	335
7F	474B	40204	335
7F	474C	40204	335
7F	474D	40204	335
7F	474E	40204	335
7F	474F	40204	335
7F	4750	40204	335
7F	4753	40204	335
7F	4754	40204	335
7F	4755	40204	335
7F	4756	40204	335
7F	4757	40204	335
7F	4758	40204	335
7F	4759	40204	335
7F	475A	40204	335
7F	475B	40204	335
7F	475D	40204	335
7F	475F	19094	335
7F	4760	19094	335
7F	4763	19094	335
7F	4764	19094	335
7F	4765	19094	335
7F	4766	19094	335
7F	4768	19094	335
7F	476A	132	609
7F	476C	132	609
7F	476D	132	609
7F	476F	132	609
7F	4771	132	609
7F	4773	40204	335
7F	4774	40204	335
7F	4775	40204	335
7F	4776	40204	335
7F	4777	40204	335
7F	4778	40204	335
7F	477B	40204	335
7F	477C	40204	335
7F	477E	40204	335
7F	477F	40204	335
7F	4780	160386	335
7F	4781	160386	335
7F	4783	120182	335
7F	4785	120182	335
7F	4787	120182	335
7F	4789	40204	335
7F	478A	40204	335
7F	478D	40204	335
7F	478E	40204	335
7F	478F	40204	335
7F	4790	40204	335
7F	4791	40204	335
7F	4792	40204	335
7F	4793	40204	335
7F	4794	40204	335
7F	4795	40204	335
7F	4798	40204	335
7F	4799	40204	335
7F	479A	40204	335
7F	479B	40204	335
7F	479C	40204	335
7F	479D	40204	335
7F	479E	40204	335
7F	479F	40204	335
7F	47A0	40204	335
7F	47A2	40204	335
7F	47B8	40204	335
7F	47B9	40204	335
7F	47BA	40204	335
7F	47BB	40204	335
7F	47BC	40204	335
7F	47BD	40204	335
7F	47C0	40204	335
7F	47C1	40204	335
7F	47C3	40204	335
7F	47C4	40204	335
7F	47C5	160386	335
7F	47C6	160386	335
7F	47C8	120182	335
7F	47CA	120182	335
7F	47CC	120182	335
7F	47CE	40204	335
7F	47CF	40204	335
7F	47D2	40204	335
7F	47D3	40204	335
7F	47D4	40204	335
7F	47D5	40204	335
7F	47D6	40204	335
7F	47D7	40204	335
7F	47D8	40204	335
7F	47D9	40204	335
7F	47DA	40204	335
7F	47DD	40204	335
7F	47DE	40204	335
7F	47DF	40204	335
7F	47E0	40204	335
7F	47E1	40204	335
7F	47E2	40204	335
7F	47E3	40204	335
7F	47E4	40204	335
7F	47E5	40204	335
7F	47E7	40204	335
7F	47FD	40204	335
7F	47FE	40204	335
7F	47FF	40204	335
7F	4800	40204	335
7F	4801	40204	335
7F	4802	40204	335
7F	4805	40204	335
7F	4806	40204	335
7F	4808	40204	335
7F	4809	40204	335
7F	480A	160386	335
7F	480B	160386	335
7F	480D	120182	335
7F	480F	120182	335
7F	4811	120182	335
7F	4813	40204	335
7F	4814	40204	335
7F	4817	40204	335
7F	4818	40204	335
7F	4819	40204	335
7F	481A	40204	335
7F	481B	40204	335
7F	481C	40204	335
7F	481D	40204	335
7F	481E	40204	335
7F	481F	40204	335
7F	4822	40204	335
7F	4823	40204	335
7F	4824	40204	335
7F	4825	40204	335
7F	4826	40204	335
7F	4827	40204	335
7F	4828	40204	335
7F	4829	40204	335
7F	482A	40204	335
7F	482C	40204	335
7F	4842	40204	335
7F	4843	40204	335
7F	4844	40204	335
7F	4845	40204	335
7F	4846	40204	335
7F	4847	40204	335
7F	484A	40204	335
7F	484B	40204	335
7F	484D	40204	335
7F	484E	40204	335
7F	484F	160386	335
7F	4850	160386	335
7F	4852	120182	335
7F	4854	120182	335
7F	4856	120182	335
7F	4858	40204	335
7F	4859	40204	335
7F	485C	40204	335
7F	485D	40204	335
7F	485E	40204	335
7F	485F	40204	335
7F	4860	40204	335
7F	4861	40204	335
7F	4862	40204	335
7F	4863	40204	335
7F	4864	40204	335
7F	4867	40204	335
7F	4868	40204	335
7F	4869	40204	335
7F	486A	40204	335
7F	486B	40204	335
7F	486C	40204	335
7F	486D	40204	335
7F	486E	40204	335
7F	486F	40204	335
7F	4871	40203	335
7F	4887	40203	335
7F	4888	40203	335
7F	4889	40203	335
7F	488A	40203	335
7F	488B	40203	335
7F	488C	40203	335
7F	488F	40203	335
7F	4890	40203	335
7F	4892	40203	335
7F	4893	40203	335
7F	4894	160379	335
7F	4895	160379	335
7F	4897	120176	335
7F	4899	120176	335
7F	489B	120176	335
7F	489D	40203	335
7F	489E	40203	335
7F	48A1	40203	335
7F	48A2	40203	335
7F	48A3	40203	335
7F	48A4	40203	335
7F	48A5	40203	335
7F	48A6	40203	335
7F	48A7	40203	335
7F	48A8	40203	335
7F	48A9	40203	335
7F	48AC	40203	335
7F	48AD	40203	335
7F	48AE	40203	335
7F	48AF	40203	335
7F	48B0	40203	335
7F	48B1	40203	335
7F	48B2	40203	335
7F	48B3	40203	335
7F	48B4	40203	335
7F	48B6	40203	335
7F	48CC	40203	335
7F	48CD	40203	335
7F	48CE	40203	335
7F	48CF	40203	335
7F	48D0	40203	335
7F	48D1	40203	335
7F	48D4	40203	335
7F	48D5	40203	335
7F	48D7	40203	335
7F	48D8	40203	335
7F	48D9	160379	335
7F	48DA	160379	335
7F	48DC	120176	335
7F	48DE	120176	335
7F	48E0	120176	335
7F	48E2	40203	335
7F	48E3	40203	335
7F	48E6	40203	335
7F	48E7	40203	335
7F	48E8	40203	335
7F	48E9	40203	335
7F	48EA	40203	335
7F	48EB	40203	335
7F	48EC	40203	335
7F	48ED	40203	335
7F	48EE	40203	335
7F	48F1	40203	335
7F	48F2	40203	335
7F	48F3	40203	335
7F	48F4	40203	335
7F	48F5	40203	335
7F	48F6	40203	335
7F	48F7	40203	335
7F	48F8	40203	335
7F	48F9	40203	335
7F	48FB	40203	335
7F	48FD	5914	39539
7F	48FE	5914	39539
7F	4901	5914	39539
7F	4902	5914	39539
7F	4903	5914	39539
7F	4904	5914	39539
7F	4906	5914	39539
7F	4911	40203	335
7F	4912	40203	335
7F	4913	40203	335
7F	4914	40203	335
7F	4915	40203	335
7F	4916	40203	335
7F	4919	40203	335
7F	491A	40203	335
7F	491C	40203	335
7F	491D	40203	335
7F	491E	160379	335
7F	491F	160379	335
7F	4921	120176	335
7F	4923	120176	335
7F	4925	120176	335
7F	4927	40203	335
7F	4928	40203	335
7F	492B	40203	335
7F	492C	40203	335
7F	492D	40203	335
7F	492E	40203	335
7F	492F	40203	335
7F	4930	40203	335
7F	4931	40203	335
7F	4932	40203	335
7F	4933	40203	335
7F	4936	40203	335
7F	4937	40203	335
7F	4938	40203	335
7F	4939	40203	335
7F	493A	40203	335
7F	493B	40203	335
7F	493C	40203	335
7F	493D	40203	335
7F	493E	40203	335
7F	4940	40203	335
7F	4956	40203	335
7F	4957	40203	335
7F	4958	40203	335
7F	4959	40203	335
7F	495A	40203	335
7F	495B	40203	335
7F	495E	40203	335
7F	495F	40203	335
7F	4961	40203	335
7F	4962	40203	335
7F	4963	160379	335
7F	4964	160379	335
7F	4966	120176	335
7F	4968	120176	335
7F	496A	120176	335
7F	496C	40203	335
7F	496D	40203	335
7F	4970	40203	335
7F	4971	40203	335
7F	4972	40203	335
7F	4973	40203	335
7F	4974	40203	335
7F	4975	40203	335
7F	4976	40203	335
7F	4977	40203	335
7F	4978	40203	335
7F	497B	40203	335
7F	497C	40203	335
7F	497D	40203	335
7F	497E	40203	335
7F	497F	40203	335
7F	4980	40203	335
7F	4981	40203	335
7F	4982	40203	335
7F	4983	40203	335
7F	4985	40203	335
7F	4987	14827	338
7F	4988	14827	338
7F	498B	14827	338
7F	498C	14827	338
7F	498D	14827	338
7F	498E	14827	338
7F	4990	14827	338
7F	4992	3138	930
7F	4994	3138	930
7F	4995	3138	930
7F	4997	3138	930
7F	4999	3138	930
7F	499B	40203	335
WRAM	CBF1	129149	17	C3BA03	0	0
WRAM	CBF7	184266	44	C3ED01	0	0
WRAM	CBFA	14928	44	C3B701	0	0
HRAM	FF80	129149	17	3EC0E0	0	0
HRAM	FF82	129149	17	E0463E	0	0
HRAM	FF84	129149	17	3E283D	0	0
HRAM	FF86	5165960	17	3D20FD	0	0
HRAM	FF87	5165960	17	20FDC9	0	0
HRAM	FF89	129149	17	C94F00	106825	0
HRAM	FFA8	503499	16	3E0021	280518	0
HRAM	FFAA	503499	16	21B605	503479	0
HRAM	FFAD	503499	16	C3F07B	503459	0
