# bank	addr	count	first_frame	first_bytes	changed	wram_bank
# bank = ROM bank actually mapped (2 hex digits) or WRAM/HRAM/VRAM/SRAM/OTHER; addr = CPU address of an executed instruction start
# first_bytes/changed/wram_bank are present for RAM rows only (3 bytes at addr at first execution; times they differed later; SVBK bank for D000-DFFF)
00	0040	5644	17
00	0048	219171	1140
00	0050	34345	44
00	0058	3479	44
00	0100	1	0
00	0101	1	0
00	0150	18	44
00	0152	18	44
00	0155	18	44
00	0156	18	44
00	0159	18	44
00	015A	18	44
00	015D	18	44
00	015F	2	44
00	0161	2	44
00	0162	2	44
00	0164	2	44
00	0167	2	44
00	0168	2	44
00	0169	2	44
00	016A	2	44
00	016B	18	44
00	016E	18	44
00	0170	18	44
00	0173	18	44
00	0174	18	44
00	0175	18	44
00	0176	18	44
00	0177	18	44
00	017A	18	44
00	017C	18	44
00	017D	18	44
00	017F	18	44
00	0180	18	44
00	0182	18	44
00	0185	18	44
00	0187	18	44
00	018A	18	44
00	018D	18	44
00	0190	18	44
00	0191	18	44
00	0194	18	44
00	0195	18	44
00	0198	18	44
00	0199	18	44
00	019C	18	44
00	019D	18	44
00	019E	18	44
00	019F	18	44
00	01A0	18	44
00	01A1	18	44
00	01A4	18	44
00	01A5	18	44
00	01A8	18	44
00	01AB	18	44
00	01AD	18	44
00	01B0	18	44
00	01B1	18	44
00	01B2	18	44
00	01B3	18	44
00	01B6	18	44
00	01B7	3479	44
00	01B8	3479	44
00	01B9	3479	44
00	01BA	3479	44
00	01BB	3479	44
00	01BE	3479	44
00	01BF	3479	44
00	01C0	3479	44
00	01C1	3479	44
00	01C2	3479	44
00	01C5	3479	44
00	01C7	3479	44
00	01C8	3479	44
00	01CA	3479	44
00	01CB	3479	44
00	01CD	3479	44
00	01D0	3479	44
00	01D2	3479	44
00	01D5	3479	44
00	01D8	3479	44
00	01D9	3479	44
00	01DC	3479	44
00	01DD	3479	44
00	01DE	3479	44
00	01DF	3479	44
00	01E0	3479	44
00	01E1	3479	44
00	01E4	3479	44
00	01E5	3479	44
00	01E8	3479	44
00	01E9	3479	44
00	01EA	3479	44
00	01EB	3479	44
00	01EC	3479	44
00	01ED	34345	44
00	01EE	34345	44
00	01EF	34345	44
00	01F0	34345	44
00	01F1	34345	44
00	01F2	34345	44
00	01F4	34345	44
00	01F6	34345	44
00	01F8	34345	44
00	01FA	34345	44
00	01FD	34345	44
00	01FE	34345	44
00	0200	34345	44
00	0203	34345	44
00	0205	34345	44
00	0207	34345	44
00	0209	34345	44
00	020B	34345	44
00	020D	34345	44
00	0210	34345	44
00	0211	34345	44
00	0212	34345	44
00	0213	34345	44
00	0214	34345	44
00	0217	34345	44
00	0219	34345	44
00	021A	34345	44
00	021C	34345	44
00	021D	34345	44
00	021F	34345	44
00	0222	34345	44
00	0224	34345	44
00	0227	34345	44
00	022A	34345	44
00	022B	34345	44
00	022E	34345	44
00	022F	34345	44
00	0230	34345	44
00	0231	34345	44
00	0232	34345	44
00	0233	34345	44
00	0236	34345	44
00	0237	34345	44
00	023A	34345	44
00	023C	34345	44
00	023E	34345	44
00	0240	34345	44
00	0242	34345	44
00	0243	34345	44
00	0244	34345	44
00	0245	34345	44
00	0246	34345	44
00	0247	7	3585
00	024A	7	3585
00	024C	7	3585
00	024D	7	3585
00	024F	7	3585
00	0250	7	3585
00	0251	7	3585
00	0254	7	3585
00	0255	7	3585
00	0257	7	3585
00	0258	7	3585
00	025A	7	3585
00	025B	7	3585
00	025E	7	3585
00	025F	7	3585
00	0262	7	3585
00	0265	7	3585
00	0266	7	3585
00	0267	7	3585
00	0269	7	3585
00	026A	7	3585
00	026C	7	3585
00	026D	7	3585
00	0270	7	3585
00	0271	7	3585
00	0274	7	3585
00	0277	7	3585
00	0278	1	0
00	0279	1	0
00	027B	1	0
00	027E	1	0
00	027F	1	0
00	0280	1	0
00	0282	1	0
00	0284	1	0
00	0286	1	0
00	0289	1	0
00	028C	1	0
00	028E	1	0
00	0290	1	0
00	0292	1	0
00	0295	1	0
00	0296	1	0
00	0299	1	0
00	029C	1	0
00	029E	1	0
00	02A0	1	0
00	02AE	1	0
00	02B0	1	0
00	02B2	1	0
00	02B5	1	0
00	02B8	1	0
00	02B9	1	0
00	02BC	1	1
00	02BE	1	1
00	02C0	6	1
00	02C1	6	1
00	02C3	6	1
00	02C6	6	1
00	02C9	6	1
00	02CA	6	1
00	02CD	6	2
00	02CE	6	2
00	02CF	6	2
00	02D1	1	5
00	02D2	1	5
00	02D4	1	5
00	02D6	1	5
00	02D9	1	5
00	02DC	1	5
00	02DD	1	5
00	02E0	1	7
00	02E3	1	7
00	02E6	1	7
00	02E7	1	7
00	02EA	1	8
00	02ED	1	8
00	02F0	1	8
00	02F3	1	8
00	02F4	1	8
00	02F7	1	8
00	02FA	1	8
00	02FB	1	8
00	02FD	1	8
00	0300	1	8
00	0302	1	8
00	0303	1	8
00	0305	1	8
00	0307	1	8
00	030A	1	8
00	030B	1	8
00	030D	1	8
00	030F	1	8
00	0311	1	8
00	0314	1	8
00	0317	1	17
00	031A	1	17
00	031B	1	17
00	031C	1	17
00	031E	1	17
00	0321	1	17
00	0322	1	17
00	0324	1	17
00	0327	1	17
00	0328	1	17
00	0331	2	16
00	0333	2	16
00	0335	2	16
00	0338	2	16
00	033A	2	16
00	033D	2	16
00	033F	2	16
00	0341	2	16
00	0344	2	16
00	0346	2	16
00	0349	2	16
00	034A	4	16
00	034C	256	16
00	034D	256	16
00	034E	256	16
00	034F	256	16
00	0351	4	16
00	0392	20877	0
00	0393	20877	0
00	0395	20877	0
00	0397	20877	0
00	0399	229	0
00	039A	20877	0
00	039D	20877	0
00	039E	20877	0
00	03A0	5055	0
00	03A2	5055	0
00	03A5	5055	0
00	03A6	5055	0
00	03A7	5055	0
00	03A8	5055	0
00	03AA	5055	0
00	03AB	5055	0
00	03AD	5055	0
00	03AF	5055	0
00	03B2	5055	0
00	03B3	5055	0
00	03B5	5055	0
00	03B6	5055	0
00	03B7	5055	0
00	03B8	20877	0
00	03B9	20877	0
00	03BA	5644	17
00	03BB	5644	17
00	03BE	5644	17
00	03BF	5644	17
00	03C1	5644	17
00	03C4	5644	17
00	03C5	5644	17
00	03C6	5644	17
00	03C7	5644	17
00	03CA	5644	17
00	03CB	5644	17
00	03CD	5644	17
00	03D0	5644	17
00	03D3	5644	17
00	03D5	5644	17
00	03D7	5644	17
00	03D9	4607	17
00	03DA	5644	17
00	03DD	5644	17
00	03DE	5644	17
00	03E0	5644	17
00	03E2	17	3248
00	03E3	17	3248
00	03E4	17	3248
00	03E6	17	3248
00	03E7	17	3248
00	03E9	17	3248
00	0400	5644	17
00	0401	5644	17
00	0404	5644	17
00	0406	5644	17
00	0408	5644	17
00	040A	4812	17
00	040B	5644	17
00	040E	5644	17
00	040F	5644	17
00	0411	5644	17
00	0413	11	104
00	0414	11	104
00	0415	11	104
00	0417	11	104
00	0418	11	104
00	041A	11	104
00	042E	5644	17
00	042F	5644	17
00	0432	5644	17
00	0433	5644	17
00	0435	592	17
00	0437	592	17
00	0438	592	17
00	043A	592	17
00	043B	592	17
00	043E	592	17
00	0440	5052	18
00	0441	5052	18
00	0443	5052	18
00	0446	5644	17
00	0447	5644	17
00	0448	5644	17
00	0449	5644	17
00	044A	5644	17
00	044B	3354	43
00	044C	3354	43
00	044E	3354	43
00	0450	3354	43
00	0452	3354	43
00	0453	147453	43
00	0454	147452	44
00	0455	147452	44
00	0458	147452	44
00	0459	147452	44
00	045B	3353	44
00	045C	3353	44
00	045F	3353	44
00	0462	3353	44
00	0463	3353	44
00	0464	1601	2833
00	0465	1601	2833
00	0467	1601	2833
00	0469	1601	2833
00	046B	1601	2833
00	046C	22230	2833
00	046D	22230	2834
00	046E	22230	2834
00	0471	22230	2834
00	0472	22230	2834
00	0474	1601	2834
00	0475	1601	2834
00	0478	1601	2834
00	0479	1601	2834
00	047A	278	28
00	047B	278	28
00	047D	278	28
00	047F	278	28
00	0481	6036	28
00	0482	6036	28
00	0483	6036	29
00	0484	6036	29
00	0485	6036	29
00	0488	6036	29
00	0489	6036	29
00	048B	317	29
00	048D	317	29
00	048F	317	29
00	0491	278	29
00	0492	278	29
00	0495	278	29
00	0496	278	29
00	0497	39	1730
00	0498	39	1730
00	049B	39	1730
00	049E	39	1730
00	04A0	2	16
00	04A2	2	16
00	04A5	2	16
00	04A7	2	16
00	04AA	2	16
00	04AC	2	16
00	04AF	2	16
00	04B1	2	16
00	04B4	2	16
00	04B6	2	16
00	04B9	2	16
00	04BB	2	16
00	04BE	2	16
00	04C0	2	16
00	04C3	2	16
00	04C5	2	16
00	04C8	2	16
00	04CA	2	16
00	04CD	2	16
00	04CF	2	16
00	04D2	2	16
00	04D4	2	16
00	04D7	2	16
00	04D8	110	0
00	04D9	110	0
00	04DA	110	0
00	04DC	5682	8
00	04DD	5682	8
00	04DE	5682	8
00	04E0	72	8
00	04E1	38	0
00	04E2	38	0
00	04E3	38	0
00	04E5	2	8
00	04E6	141024	0
00	04E7	141024	0
00	04E8	141024	0
00	04EA	551	0
00	04EB	551	0
00	04ED	38	1
00	050C	60	26
00	050D	60	26
00	050E	60	26
00	0510	5416	26
00	0511	5416	26
00	0512	5416	26
00	0513	5416	26
00	0514	5416	26
00	0516	59	26
00	0517	1	324
00	0518	1	324
00	0519	1	324
00	051C	256	324
00	051D	256	324
00	051E	256	324
00	051F	256	324
00	0520	256	324
00	0522	1	324
00	0523	1	324
00	0525	1	324
00	0545	1919	27
00	0546	1919	27
00	0547	1919	27
00	0548	1919	27
00	054A	1919	27
00	054B	1919	27
00	054C	1919	27
00	054D	1919	27
00	054E	1919	27
00	054F	1919	27
00	0550	1919	27
00	056A	1646	1142
00	056C	1646	1142
00	056D	1646	1142
00	056E	1646	1142
00	0570	1646	1142
00	0572	1646	1142
00	0573	1646	1142
00	0575	1646	1142
00	0578	1643	1142
00	057A	1643	1142
00	057D	1643	1142
00	057F	1643	1142
00	0582	1643	1142
00	0584	1643	1142
00	0587	1643	1142
00	0589	1643	1142
00	059B	3	1728
00	059C	3	1728
00	059F	3	8
00	05A2	3	8
00	05A5	30	8
00	05A6	30	8
00	05A7	30	8
00	05A8	30	8
00	05A9	30	8
00	05AB	3	8
00	05B6	20	28
00	05B8	20	28
00	05BA	20	28
00	05BC	20	28
00	05BD	7	0
00	05BF	7	0
00	05C1	7	0
00	05C2	7	0
00	05C3	7	0
00	05C5	7	0
00	05C7	7	0
00	05C9	6	2831
00	05CB	6	2831
00	05CC	6	2831
00	05CE	6	2831
00	05D0	6	2831
00	05D2	11387	2831
00	05D4	11387	2831
00	05D6	11387	2831
00	05D8	6	2832
00	05DA	6	2832
00	05DC	6	2832
00	05DE	6	2832
00	05E0	6	2832
00	05E2	6	2832
00	05E3	6	2832
00	05E5	6	2832
00	05E6	6	2832
00	05E8	6	2832
00	05E9	6	2832
00	05EC	6	2832
00	05ED	1	0
00	05EF	1	0
00	05F1	1	0
00	05F3	1	0
00	05F5	1	0
00	05F7	1	0
00	05F9	1	0
00	05FB	1	0
00	05FD	1	0
00	05FE	1	0
00	0601	1	0
00	0602	1	0
00	0603	1	0
00	0605	1	0
00	0606	1	0
00	0608	1	0
00	0609	1	0
00	060A	1	0
00	060C	1	0
00	060E	1	0
00	0610	1	0
00	0611	1	0
00	0613	1	0
00	0615	1	0
00	0617	1	0
00	0619	1	0
00	061B	1	0
00	061C	1	0
00	061E	1	0
00	061F	1	0
00	0621	1	0
00	0622	31755	16
00	0623	31755	16
00	0624	25985	16
00	0626	25985	16
00	0628	844	1140
00	062A	844	1140
00	062C	844	1140
00	062E	844	1140
00	0630	844	1140
00	0637	25141	16
00	0639	25141	16
00	063C	25141	16
00	063D	12818	26
00	063E	12818	26
00	063F	73	26
00	0641	73	26
00	0643	73	26
00	0645	73	26
00	0647	73	26
00	0649	73	26
00	064B	73	26
00	0658	12745	43
00	0659	12745	43
00	065A	12745	43
00	065C	12745	43
00	066D	12745	43
00	066F	12745	43
00	0672	12745	43
00	0673	15218	16
00	0675	15218	16
00	0681	15218	16
00	0683	15218	16
00	0684	2	16
00	0686	2	16
00	0688	2	16
00	068A	2	16
00	068C	2	16
00	068E	2	16
00	0690	2	16
00	0691	2	16
00	0693	2	16
00	0695	2	16
00	0697	2	16
00	0699	2	16
00	069B	2	16
00	069D	2	16
00	069F	2	16
00	06A1	2	16
00	06A3	2	16
00	06A5	2	16
00	06A7	2	16
00	06AA	2	16
00	06AB	2	16
00	06AD	2	16
00	06B0	2	16
00	06B2	2	16
00	06B4	2	16
00	06B6	2	16
00	06BC	28	26
00	06BE	28	26
00	06BF	28	26
00	06C1	28	26
00	06C2	28	26
00	06C4	28	26
00	06C5	28	26
00	06C6	28	26
00	06C8	28	26
00	06C9	28	26
00	06CB	28	26
00	06CD	28	26
00	06CF	28	26
00	06D1	15190	16
00	06D3	15190	16
00	06D4	15190	16
00	06D6	15190	16
00	06D7	15190	16
00	06D9	15190	16
00	06DA	15190	16
00	06DB	15190	16
00	06DD	15190	16
00	06DE	15190	16
00	06E0	15190	16
00	06E1	15190	16
00	06E3	15190	16
00	06EE	15218	16
00	06EF	15218	16
00	06F2	15218	16
00	06F3	15218	16
00	06F4	15218	16
00	06F6	15218	16
00	06F7	15218	16
00	06F9	15218	16
00	06FC	15218	16
00	06FF	15214	16
00	0701	15214	16
00	0702	15214	16
00	0704	15214	16
00	0705	15214	16
00	0707	15214	16
00	0708	15214	16
00	0709	15214	16
00	070C	15214	16
00	070D	15214	16
00	070E	15214	16
00	0710	15214	16
00	0711	15214	16
00	0713	15214	16
00	0749	164	26
00	074B	164	26
00	074E	164	26
00	074F	164	26
00	0751	164	26
00	0752	164	26
00	0754	164	26
00	0755	164	26
00	0757	164	26
00	0758	164	26
00	075A	164	26
00	075C	164	26
00	075D	164	26
00	075F	164	26
00	0761	164	26
00	0763	164	26
00	0764	164	26
00	0766	164	26
00	0768	164	26
00	076A	222583	26
00	076C	222583	26
00	076E	222583	26
00	0770	152	27
00	0771	152	27
00	0773	164	27
00	0774	164	27
00	0776	164	27
00	0777	164	27
00	0779	164	27
00	077A	209	3193
00	077C	209	3193
00	077E	209	3193
00	0780	2	3193
00	0782	2	3193
00	0785	2	3193
00	0787	233	23
00	0789	233	23
00	078C	233	23
00	078D	233	23
00	078F	233	23
00	0790	233	23
00	0792	233	23
00	0793	233	23
00	0795	233	23
00	0796	233	23
00	0798	233	23
00	079A	233	23
00	079B	233	23
00	079D	233	23
00	079F	233	23
00	07A1	233	23
00	07A2	233	23
00	07A4	233	23
00	07A6	233	23
00	07A8	606783	23
00	07AA	606783	23
00	07AC	606783	23
00	07AE	199	24
00	07AF	199	24
00	07B1	233	24
00	07B2	233	24
00	07B4	233	24
00	07B5	233	24
00	07B8	233	24
00	07BA	233	24
00	07CB	3	330
00	07CC	3	330
00	07CE	3	330
00	07D0	3	330
00	07D2	3	330
00	07D3	3	330
00	07D5	3	330
00	07D6	3	330
00	07D8	3	330
00	07D9	3	330
00	07DB	3	330
00	07DC	3	330
00	07DF	3	330
00	07E1	3	330
00	07E3	3	330
00	07E6	3	330
00	07E7	3	330
00	07EA	3	331
00	07EB	3	331
00	07ED	3	331
00	07EF	3	331
00	07F2	3	331
00	07F3	3	331
00	07F6	3	331
00	07F7	3	331
00	07FA	3	331
00	082C	74	26
00	082D	74	26
00	082F	74	26
00	0831	74	26
00	0833	74	26
00	0834	74	26
00	0836	74	26
00	0837	74	26
00	0839	74	26
00	083A	74	26
00	083C	74	26
00	083F	74	26
00	0841	74	26
00	0843	74	26
00	0846	74	26
00	0847	74	26
00	084A	74	27
00	084B	74	27
00	084D	74	27
00	084F	74	27
00	0852	74	27
00	0853	74	27
00	0856	74	27
00	0857	74	27
00	085A	74	27
00	0887	5	2832
00	0888	5	2832
00	088A	5	2832
00	088C	5	2832
00	088E	5	2832
00	088F	5	2832
00	0891	5	2832
00	0893	5	2832
00	0895	5	2832
00	0896	5	2832
00	0898	5	2832
00	089B	5	2832
00	089D	5	2832
00	089F	5	2832
00	08A2	5	2832
00	08A3	5	2832
00	08A6	5	2832
00	08A7	5	2832
00	08A9	5	2832
00	08AB	5	2832
00	08AE	5	2832
00	08AF	5	2832
00	08B2	5	2832
00	08B3	5	2832
00	08B6	5	2832
00	08B7	82	26
00	08B9	82	26
00	08BB	82	26
00	08BC	75	26
00	08BE	75	26
00	08C0	75	26
00	08EA	41	26
00	08ED	41	26
00	08EF	41	26
00	08F2	41	26
00	08F3	41	26
00	08F5	41	26
00	08F6	41	26
00	08F7	41	26
00	08FA	41	26
00	08FB	41	26
00	08FC	41	26
00	08FD	41	26
00	08FF	41	26
00	0900	41	26
00	0903	41	26
00	0904	20114	26
00	0905	20114	26
00	0906	20114	26
00	0907	20114	26
00	0908	20114	26
00	090A	1336	26
00	090C	1336	26
00	090D	1336	26
00	090F	1336	26
00	0910	1336	26
00	0912	1336	26
00	0913	1336	26
00	0914	1336	26
00	0916	1336	26
00	0917	1336	26
00	0918	1336	26
00	0919	1336	26
00	091B	146	26
00	091C	7	1120
00	091F	7	1120
00	0920	7	1120
00	0922	480	1120
00	0923	480	1120
00	0924	480	1120
00	0925	480	1120
00	0926	480	1120
00	0927	480	1120
00	0929	24	1120
00	092B	24	1120
00	092C	24	1120
00	092E	24	1120
00	092F	24	1120
00	0931	24	1120
00	0932	24	1120
00	0933	24	1120
00	0935	24	1120
00	0936	24	1120
00	0937	24	1120
00	0938	24	1120
00	093A	7	1120
00	0956	4974	43
00	0958	4974	43
00	095B	4974	43
00	095E	4974	43
00	095F	4974	43
00	0960	4974	43
00	0961	4974	43
00	0962	4974	43
00	0964	4974	43
00	0966	4974	43
00	0967	4974	43
00	0969	4974	43
00	096B	4974	43
00	096D	4974	43
00	096F	4974	43
00	0972	4974	43
00	0975	4974	43
00	0977	69636	43
00	0978	69636	43
00	0979	69636	43
00	097C	69636	43
00	097D	69636	43
00	097E	69636	43
00	0980	69636	43
00	0981	69636	43
00	0982	69636	43
00	0983	69636	43
00	0985	69636	43
00	0987	12745	43
00	0988	12745	43
00	098A	12745	43
00	098D	69636	43
00	098E	69636	43
00	098F	69636	43
00	0992	69636	43
00	0993	69636	43
00	0996	69636	43
00	0997	69636	43
00	0998	69636	43
00	0999	69636	43
00	099B	4974	43
00	099C	4974	43
00	099F	4974	43
00	09A0	4974	43
00	09A2	4974	43
00	09A4	4974	43
00	09A5	4974	43
00	09A8	4974	43
00	09AA	4974	43
00	09AB	4974	43
00	09AD	4974	43
00	09AF	4974	43
00	09B1	4974	43
00	09B2	4974	43
00	09B3	4974	43
00	09B4	4974	43
00	09B5	4974	43
00	09B6	16	22
00	09B9	16	23
00	09BA	16	23
00	09BB	16	23
00	09BC	16	23
00	09BE	16	23
00	09C0	16	23
00	09C1	16	23
00	09C3	16	23
00	09C5	16	23
00	09C7	16	23
00	09C9	16	23
00	09CA	16	23
00	09CC	16	23
00	09CE	16	23
00	09D1	16	23
00	09D4	16	23
00	09D6	16	23
00	09D9	16	23
00	09DB	16	23
00	09DC	16	23
00	09DE	16	23
00	09E0	16	23
00	09E2	16	23
00	09E3	16	23
00	09E4	16	23
00	09E5	16	23
00	0A09	4990	22
00	0A0A	4990	22
00	0A0B	4990	22
00	0A0C	4990	22
00	0A0E	4990	22
00	0A11	4990	22
00	0A12	798400	22
00	0A13	798400	22
00	0A14	798400	22
00	0A16	4990	23
00	0A17	4990	23
00	0A18	4990	23
00	0A19	4990	23
00	0A65	54	26
00	0A66	54	26
00	0A68	54	26
00	0A6A	54	26
00	0A6B	54	26
00	0A6D	54	26
00	0A6F	54	26
00	0A71	54	26
00	0A73	54	26
00	0A74	54	26
00	0A75	54	26
00	0A76	54	26
00	0A77	54	26
00	0A79	54	26
00	0A7A	54	26
00	0A7C	54	26
00	0A7E	54	26
00	0A80	54	26
00	0A81	54	26
00	0A82	49	26
00	0A84	49	26
00	0A86	49	26
00	0A87	49	26
00	0A89	49	26
00	0A8A	49	26
00	0A8B	49	26
00	0A8D	49	26
00	0A8F	49	26
00	0A92	49	26
00	0A94	49	26
00	0A96	49	26
00	0A98	49	26
00	0A9B	49	26
00	0A9C	49	26
00	0A9F	49	26
00	0AA0	49	26
00	0AA1	49	26
00	0AA4	49	26
00	0AA5	49	26
00	0AA7	49	26
00	0AA8	49	26
00	0AA9	49	26
00	0AAA	49	26
00	0AAB	49	26
00	0AAE	49	26
00	0AB0	49	26
00	0AB1	49	26
00	0AB3	49	26
00	0AB5	49	26
00	0AB7	49	26
00	0AB8	49	26
00	0AB9	49	26
00	0ABA	49	26
00	0ABB	49	26
00	0ABD	49	26
00	0ABE	49	26
00	0ABF	49	26
00	0AC0	49	26
00	0AC1	49	26
00	0AC3	49	26
00	0AC4	49	26
00	0AC5	49	26
00	0AC6	49	26
00	0AC7	49	26
00	0AC8	49	26
00	0AC9	49	26
00	0ACA	49	26
00	0ACB	49	26
00	0ACC	49	26
00	0ACD	49	26
00	0ACE	49	26
00	0ACF	49	26
00	0AD0	49	26
00	0AD1	49	26
00	0AD2	49	26
00	0AD3	49	26
00	0AD4	49	26
00	0AD5	49	26
00	0AD6	49	26
00	0AD7	49	26
00	0AD8	49	26
00	0AD9	49	26
00	0ADA	49	26
00	0ADB	49	26
00	0ADC	49	26
00	0ADD	49	26
00	0ADE	49	26
00	0ADF	49	26
00	0AE0	49	26
00	0AE1	49	26
00	0AE4	49	26
00	0AE5	49	26
00	0AE6	49	26
00	0AE7	49	26
00	0AE8	69636	43
00	0AE9	69636	43
00	0AEA	69636	43
00	0AED	69636	43
00	0AEE	69636	43
00	0AEF	69636	43
00	0AF1	69636	43
00	0AF3	12745	43
00	0AF4	12745	43
00	0AF6	11984	43
00	0AF9	11984	43
00	0AFA	11984	43
00	0AFB	11984	43
00	0AFC	11984	43
00	0AFE	11441	43
00	0AFF	11441	43
00	0B00	11441	43
00	0B02	2200	62
00	0B03	2200	62
00	0B04	2200	62
00	0B05	2200	62
00	0B06	2200	62
00	0B07	2200	62
00	0B08	2200	62
00	0B0A	1656	62
00	0B0B	1656	62
00	0B0C	1656	62
00	0B0D	1656	62
00	0B0E	1656	62
00	0B0F	1656	62
00	0B10	1656	62
00	0B11	1656	62
00	0B13	1132	122
00	0B14	1132	122
00	0B17	1132	122
00	0B18	1132	122
00	0B1A	1132	122
00	0B1C	4	1142
00	0B1D	4	1142
00	0B1E	4	1142
00	0B1F	4	1142
00	0B20	4	1142
00	0B21	4	1142
00	0B23	1652	62
00	0B24	1652	62
00	0B25	1652	62
00	0B26	1652	62
00	0B28	1652	62
00	0B29	1652	62
00	0B2A	1652	62
00	0B2B	1652	62
00	0B2C	1652	62
00	0B2D	1652	62
00	0B2E	1652	62
00	0B2F	1652	62
00	0B32	1652	62
00	0B33	1652	62
00	0B34	1652	62
00	0B35	1652	62
00	0B36	69636	43
00	0B37	69636	43
00	0B38	69636	43
00	0B3B	69636	43
00	0B3C	69636	43
00	0B3D	69636	43
00	0B3E	69636	43
00	0B3F	69636	43
00	0B40	69636	43
00	0B41	69636	43
00	0B43	69636	43
00	0B45	12745	43
00	0B48	12745	43
00	0B49	12745	43
00	0B4A	12745	43
00	0B71	69636	43
00	0B72	69636	43
00	0B73	69636	43
00	0B74	69636	43
00	0B75	69636	43
00	0B78	69636	43
00	0B79	69636	43
00	0B7A	69636	43
00	0B7C	69636	43
00	0B7D	69636	43
00	0B7F	69636	43
00	0B80	69636	43
00	0B81	69636	43
00	0B83	69636	43
00	0B84	69636	43
00	0B85	69636	43
00	0B87	69636	43
00	0B88	69636	43
00	0B89	69636	43
00	0B8A	69636	43
00	0B8B	69636	43
00	0B8C	69636	43
00	0B8D	69636	43
00	0B8F	69636	43
00	0B91	12745	43
00	0B92	12745	43
00	0B94	12745	43
00	0B95	12745	43
00	0B96	12745	43
00	0B97	12745	43
00	0B98	12745	43
00	0B99	12745	43
00	0B9A	12745	43
00	0B9B	12745	43
00	0B9C	12745	43
00	0B9D	76697	43
00	0B9E	76697	43
00	0B9F	76697	43
00	0BA0	76697	43
00	0BA1	76697	43
00	0BA2	76697	43
00	0BA3	76697	43
00	0BA4	76697	43
00	0BA5	76697	43
00	0BA6	76697	43
00	0BA7	76697	43
00	0BA8	76697	43
00	0BA9	76697	43
00	0BAA	76697	43
00	0BAC	76697	43
00	0BAD	76697	43
00	0BAF	76697	43
00	0BB0	76697	43
00	0BB1	76697	43
00	0BB2	76697	43
00	0BB3	76697	43
00	0BB4	76697	43
00	0BB5	76697	43
00	0BB6	76697	43
00	0BB7	76697	43
00	0BB8	76697	43
00	0BBA	11917	43
00	0BBB	56891	43
00	0BBC	56891	43
00	0BFC	25	1119
00	0BFF	25	1119
00	0C01	25	1119
00	0C02	200	1119
00	0C03	200	1119
00	0C05	9	1171
00	0C06	200	1119
00	0C08	200	1119
00	0C0A	200	1119
00	0C0B	200	1119
00	0C0D	25	1119
00	0D67	56	3296
00	0D68	56	3296
00	0D69	56	3296
00	0D6A	56	3296
00	0D6B	56	3296
00	0D6E	56	3296
00	0D70	896	3296
00	0D71	896	3296
00	0D73	896	3296
00	0D75	896	3296
00	0D76	896	3296
00	0D77	896	3296
00	0D78	896	3296
00	0D79	896	3296
00	0D7A	896	3296
00	0D7B	896	3296
00	0D7C	896	3296
00	0D7D	896	3296
00	0D7E	896	3296
00	0D7F	896	3296
00	0D80	896	3296
00	0D81	896	3296
00	0D83	889	3296
00	0D84	889	3296
00	0D86	7	3800
00	0D87	896	3296
00	0D88	896	3296
00	0D89	896	3296
00	0D8B	56	3296
00	0D8C	56	3296
00	0D8D	56	3296
00	0D8E	56	3296
00	0D8F	56	3296
00	0D90	56	3296
00	0D91	56	3296
00	0E93	1310	3295
00	0E94	1310	3295
00	0E96	1310	3295
00	0E98	1310	3295
00	0E9A	242	3295
00	0E9C	242	3295
00	0E9D	242	3295
00	0E9F	242	3295
00	0EA1	242	3295
00	0EA3	242	3295
00	0EA6	242	3295
00	0EA8	242	3295
00	0EA9	242	3295
00	0EAB	242	3295
00	0EAD	242	3295
00	0EAE	242	3295
00	0EB0	242	3295
00	0EB1	242	3295
00	0EB2	1068	3295
00	0EB4	1068	3295
00	0EB5	1068	3295
00	0EB8	1068	3295
00	0EBA	1068	3295
00	0EBB	1068	3295
00	0EBD	1068	3295
00	0EBF	1068	3295
00	0EC1	1068	3295
00	0EC3	1068	3295
00	0EC6	1068	3295
00	0EC7	1068	3295
00	0EC9	1068	3295
00	0ECC	1068	3295
00	0ECD	1068	3295
00	0ECF	1068	3295
00	0ED1	1068	3295
00	0ED2	1068	3295
00	14BF	95	3159
00	14C0	95	3159
00	14C1	95	3159
00	14C2	95	3159
00	14C3	95	3159
00	14C5	10	3159
00	151A	1	324
00	151B	1	324
00	151C	1	324
00	151E	16	324
00	151F	16	324
00	1521	15	324
00	1522	15	324
00	1523	15	324
00	1525	15	324
00	1526	15	324
00	1527	15	324
00	1528	15	324
00	152A	15	324
00	152B	15	324
00	152C	15	324
00	152E	1	324
00	152F	1	324
00	1530	1	324
00	1531	1	324
00	1532	1	324
00	1620	1497	326
00	1622	1497	326
00	1624	702	326
00	1626	702	326
00	1628	325	2096
00	162A	325	2096
00	162C	325	2096
00	162D	325	2096
00	162F	325	2096
00	1631	325	2096
00	1633	325	2096
00	1634	325	2096
00	1636	325	2096
00	1637	325	2096
00	1639	325	2096
00	163B	325	2096
00	163D	325	2096
00	163E	377	326
00	1640	377	326
00	1642	377	326
00	1643	377	326
00	1645	377	326
00	1647	377	326
00	164A	377	326
00	164C	377	326
00	164E	377	326
00	1651	377	326
00	1652	377	326
00	1655	377	326
00	1656	377	326
00	1658	377	326
00	165B	377	326
00	165D	377	326
00	165E	377	326
00	1660	377	326
00	1663	377	326
00	1665	377	326
00	1668	377	326
00	1669	795	1138
00	166A	795	1138
00	166C	795	1138
00	166E	795	1138
00	1670	795	1138
00	1671	795	1138
00	1673	795	1138
00	1675	795	1138
00	1678	795	1138
00	1679	795	1138
00	167B	795	1138
00	167C	795	1138
00	167E	795	1138
00	1681	795	1138
00	1683	795	1138
00	16A2	32	1772
00	16A5	32	1772
00	16A7	32	1772
00	16AA	32	1772
00	16AB	32	1772
00	16AD	32	1772
00	16AE	32	1772
00	16AF	32	1772
00	16B2	32	1772
00	16B3	32	1772
00	16B4	32	1772
00	16B7	32	1772
00	16B8	32	1772
00	16BB	32	1772
00	16BC	32	1772
00	16BD	32	1772
00	16BF	32	1772
00	16C0	32	1772
00	16C3	32	1772
00	16C4	217861	1140
00	16C5	217861	1140
00	16C7	217861	1140
00	16C9	217861	1140
00	16CB	216347	1140
00	16CC	216347	1140
00	16CD	1514	1140
00	16D0	1514	1140
00	16D2	1514	1140
00	16D3	1514	1140
00	16D4	1513	1141
00	16D5	1513	1141
00	16D6	1513	1141
00	16D8	1513	1141
00	16D9	1513	1141
00	1711	1	17
00	1713	1	17
00	1715	1	17
00	1716	1	17
00	1718	1	17
00	171A	1	17
00	171C	1	17
00	171F	1	17
00	1722	1	22
00	1724	1	22
00	1725	1	22
00	1727	1	22
00	172A	1	22
00	172C	1	22
00	20A0	1	8
00	20A3	1	8
00	20A6	5638	0
00	20A9	5637	17
00	20AC	16	83
00	20AF	16	83
00	20B2	3	1142
00	20B5	3	1142
00	20C4	1	323
00	20C7	1	323
00	20E8	11	43
00	20EB	11	43
00	20EE	5669	8
00	20F0	5669	8
00	20F3	5669	8
00	20F5	5669	8
00	20F8	12500	8
00	20FA	12500	8
00	20FD	12500	8
00	20FF	25000	8
00	2101	25000	8
00	2104	25000	8
00	2105	25000	8
00	2107	25000	8
00	210A	25000	8
00	210B	5669	8
00	210E	5669	8
00	2111	5669	8
00	2114	5669	8
00	2116	31	43
00	2119	31	43
00	211B	31	43
00	211D	5668	17
00	211F	5668	17
00	2120	5668	17
00	2123	5668	17
00	2124	5668	17
00	2125	1	0
00	2126	1	0
00	2128	1	0
00	2129	5638	0
00	212C	5638	0
00	212E	5638	0
00	2130	1	0
00	2132	1	0
00	2141	5668	17
00	2144	5668	17
00	2146	5668	17
00	2148	5668	17
00	214B	5668	17
00	214D	5668	17
00	214E	5668	17
00	215E	2365	44
00	2161	2365	44
00	2164	2365	44
00	2167	2365	44
00	216A	2365	44
00	216B	2365	44
00	216C	2365	44
00	216F	4466	44
00	2172	4466	44
00	2175	4466	44
00	2178	4466	44
00	217B	4466	44
00	217C	4466	44
00	217D	4466	44
00	217E	4466	44
00	217F	4466	44
00	2180	4466	44
04	4000	1	8
04	4002	1	8
04	4005	1	8
04	4008	1	8
04	4009	1	8
04	400C	1	8
04	400D	1	8
04	4010	1	8
04	4012	1	8
04	4013	63	8
04	4014	63	8
04	4015	63	8
04	4017	1	8
04	4018	1	8
04	401B	1	8
04	401C	1	8
04	401F	1	8
04	4021	1	8
04	4024	1	8
04	4027	1	8
04	402A	1	8
04	402D	1	8
04	402F	1	8
04	4032	1	8
04	4035	1	8
04	4037	1	8
04	403A	1	8
04	403B	1	8
04	403D	1	8
04	4040	1	8
04	4043	8	8
04	4044	8	8
04	4045	8	8
04	4046	8	8
04	4048	1	8
04	4049	1	8
04	404B	1	8
04	404E	1	8
04	4051	4	8
04	4052	4	8
04	4053	4	8
04	4054	4	8
04	4056	1	8
04	4058	1	8
04	405A	1	8
04	405C	1	8
04	405E	1	8
04	4060	1	8
04	4062	1	8
04	4064	1	8
04	4066	1	8
04	4068	1	8
04	406A	1	8
04	406C	1	8
04	406E	1	8
04	4070	1	8
04	4072	1	8
04	4074	1	8
04	4076	1	8
04	4078	1	8
04	407A	1	8
04	407C	1	8
04	407F	1	8
04	4082	5637	17
04	4083	5637	17
04	4084	5637	17
04	4087	5637	17
04	408A	5637	17
04	408C	5637	17
04	408F	5637	17
04	4090	5637	17
04	4091	5637	17
04	4092	5637	17
04	4094	5637	17
04	4095	5637	17
04	4096	5637	17
04	4097	5637	17
04	4099	5637	17
04	409A	5637	17
04	409B	5637	17
04	409D	5637	17
04	40AC	5637	17
04	40AD	5637	17
04	40AE	5637	17
04	40B1	22548	17
04	40B4	22548	17
04	40B7	22548	17
04	40B9	5637	17
04	40BC	22548	17
04	40BF	22548	17
04	40C2	22548	17
04	40C4	5637	17
04	40C7	5637	17
04	40C8	5637	17
04	40CA	5637	17
04	40CB	5637	17
04	40CC	5637	17
04	40CE	5637	17
04	40D0	5637	17
04	40D3	5637	17
04	40D5	5637	17
04	40D8	5637	17
04	40D9	5637	17
04	40DA	5637	17
04	40DB	5637	17
04	40DD	5637	17
04	40DE	5637	17
04	40DF	5637	17
04	40E0	5637	17
04	40E2	5637	17
04	40E3	5637	17
04	40E4	5637	17
04	40E6	5637	17
04	40E8	375	503
04	40EB	1500	503
04	40EE	1500	503
04	40F1	1500	503
04	40F3	375	503
04	40F5	5470	17
04	40F6	5470	17
04	40F7	5470	17
04	40FA	21880	17
04	40FD	21880	17
04	4100	21880	17
04	4102	5470	17
04	4105	21880	17
04	4108	21880	17
04	410B	21880	17
04	410D	5470	17
04	4110	5470	17
04	4111	5470	17
04	4113	5470	17
04	4114	5470	17
04	4115	5470	17
04	4117	5470	17
04	4119	5637	17
04	411C	22548	17
04	411F	22548	17
04	4122	22548	17
04	4124	5637	17
04	4127	5637	17
04	4128	5637	17
04	412A	376	17
04	412C	5637	17
04	412D	5637	17
04	4130	5637	17
04	4132	5637	17
04	4135	5637	17
04	4138	45096	17
04	4139	45096	17
04	413B	45096	17
04	413C	45096	17
04	413D	45096	17
04	413F	45096	17
04	4140	45096	17
04	4141	45096	17
04	4143	5637	17
04	4144	5637	17
04	4147	5637	17
04	4148	5637	17
04	4149	5637	17
04	414C	5653	17
04	414F	5653	17
04	4151	5653	17
04	4153	5858	17
04	4156	5858	17
04	4158	5858	17
04	415F	11511	17
04	4162	11511	17
04	4163	11511	17
04	4164	11511	17
04	4165	11511	17
04	4166	11511	17
04	4167	45987	17
04	416A	45987	17
04	416B	45987	17
04	416C	34492	17
04	416D	34492	17
04	416F	34492	17
04	4170	34492	17
04	4171	34492	17
04	4173	34492	17
04	4174	34492	17
04	4175	34492	17
04	4176	34492	17
04	4177	477	84
04	417A	477	84
04	417C	477	84
04	417E	477	84
04	4180	272	44
04	4183	272	44
04	4185	272	44
04	4187	272	44
04	4189	352	84
04	418C	352	84
04	418E	352	84
04	4190	352	84
04	4192	568	502
04	4195	568	502
04	4197	568	502
04	4199	568	502
04	419B	16744	17
04	419E	16744	17
04	41A0	16744	17
04	41A2	18413	17
04	41A5	18413	17
04	41A6	18413	17
04	41A7	18413	17
04	41A8	18413	17
04	41A9	18413	17
04	41AA	18413	17
04	41AB	18413	17
04	41AC	66976	17
04	41AF	66976	17
04	41B0	66976	17
04	41B1	50232	17
04	41B2	50232	17
04	41B4	50232	17
04	41B5	50232	17
04	41B6	50232	17
04	41B8	50232	17
04	41B9	50232	17
04	41BA	50232	17
04	41BB	50232	17
04	41BD	50232	17
04	41BE	50232	17
04	41BF	50232	17
04	41C0	16	83
04	41C1	16	83
04	41C2	16	83
04	41C5	16	83
04	41C8	16	83
04	41CB	16	83
04	41CD	16	83
04	4219	16	83
04	421C	16	83
04	421E	16	83
04	4221	16	83
04	4222	16	83
04	4225	23	83
04	4228	23	83
04	4229	23	83
04	422C	23	83
04	422D	23	83
04	422F	23	83
04	4231	23	83
04	4234	23	83
04	4236	7	83
04	4239	7	83
04	423A	7	83
04	423D	7	83
04	423E	7	83
04	4241	7	83
04	4244	7	83
04	4246	7	83
04	4249	7	83
04	424C	7	83
04	4284	16	83
04	4287	12	43
04	4288	12	43
04	4289	12	43
04	428C	12	43
04	428D	12	43
04	4290	12	43
04	4291	12	43
04	4294	12	43
04	4295	12	43
04	4298	12	43
04	4299	12	43
04	429C	12	43
04	429F	12	43
04	42A2	42	43
04	42A5	42	43
04	42A7	30	501
04	42AA	30	501
04	42AE	6	43
04	42B1	6	43
04	42B2	6	43
04	42B5	6	43
04	42B6	6	43
04	42B7	6	43
04	42B8	18	43
04	42BB	18	43
04	42BD	12	43
04	42D6	11	43
04	42D9	11	43
04	42DA	11	43
04	42DC	2	2741
04	42DF	2	2741
04	42E0	2	2741
04	42E2	2	2741
04	42E5	2	2741
04	42E7	2	2741
04	42E9	2	2741
04	430A	28	43
04	430B	28	43
04	430E	28	43
04	4310	28	43
04	4311	28	43
04	4319	28	43
04	431B	28	43
04	431D	28	43
04	4320	28	43
04	4321	28	43
04	4322	28	43
04	4323	28	43
04	4324	28	43
04	4325	28	43
04	4328	28	43
04	4329	28	43
04	432A	28	43
04	432B	28	43
04	432C	28	43
04	432D	28	43
04	432E	28	43
04	4331	28	43
04	4332	28	43
04	4335	28	43
04	4336	28	43
04	4339	28	43
04	433A	28	43
04	433D	28	43
04	433E	28	43
04	4341	28	43
04	4342	28	43
04	4343	28	43
04	4344	28	43
04	4347	28	43
04	4348	28	43
04	434B	28	43
04	434C	65	43
04	434F	65	43
04	4350	65	43
04	4353	65	43
04	4354	65	43
04	4356	65	43
04	4357	65	43
04	4358	65	43
04	435B	65	43
04	435C	65	43
04	435F	65	43
04	4360	65	43
04	4363	65	43
04	4364	65	43
04	4367	65	43
04	4368	65	43
04	436B	65	43
04	436C	65	43
04	436F	65	43
04	4370	65	43
04	4373	65	43
04	4374	65	43
04	4377	65	43
04	4378	65	43
04	4379	37	83
04	437C	37	83
04	437E	37	83
04	437F	37	83
04	4380	37	83
04	4382	37	83
04	4383	37	83
04	4384	37	83
04	4385	37	83
04	4386	65	44
04	4388	65	44
04	4389	65	44
04	438A	65	44
04	438B	65	44
04	438C	65	44
04	438D	65	44
04	438E	65	44
04	438F	65	44
04	4390	65	44
04	4393	65	44
04	4394	65	44
04	4397	65	44
04	4398	65	44
04	439B	65	44
04	439C	65	44
04	439D	65	44
04	439E	65	44
04	43A1	65	44
04	43A2	65	44
04	43A3	65	44
04	43A4	65	44
04	43A5	65	44
04	43A6	65	44
04	43A7	65	44
04	43A8	65	44
04	43A9	65	44
04	43AB	65	44
04	43AC	65	44
04	43AD	65	44
04	43AE	65	44
04	43AF	65	44
04	43B0	65	44
04	43B1	65	44
04	43B2	65	44
04	43B4	65	44
04	43B5	65	44
04	43B7	65	44
04	43B8	65	44
04	43B9	65	44
04	43BA	65	44
04	43BB	65	44
04	43BC	65	44
04	43BE	65	44
04	43BF	65	44
04	43C0	65	44
04	43C1	65	44
04	43C2	65	44
04	43C3	65	44
04	43C4	65	44
04	43C6	65	44
04	43C7	65	44
04	43C8	65	44
04	43C9	65	44
04	43CA	65	44
04	43CB	65	44
04	43CC	65	44
04	43CD	65	44
04	43CE	65	44
04	43CF	65	44
04	43D0	65	44
04	43D1	65	44
04	43D2	65	44
04	43D3	65	44
04	43D4	65	44
04	43D5	65	44
04	43D6	65	44
04	43D7	65	44
04	43D8	65	44
04	43DA	65	44
04	43DB	65	44
04	4429	1	323
04	442C	1	323
04	4433	1	323
04	4435	1	323
04	4438	1	323
04	443B	4	323
04	443E	4	323
04	443F	4	323
04	4442	4	323
04	4443	4	323
04	4445	4	323
04	4448	4	323
04	444A	1	323
04	453A	5637	17
04	453D	5637	17
04	453E	5637	17
04	453F	5598	17
04	4542	5598	17
04	4543	5598	17
04	455A	1500	503
04	455D	1500	503
04	455E	1500	503
04	4561	1500	503
04	4562	1500	503
04	4563	1500	503
04	4565	1500	503
04	4566	1216	503
04	4569	1216	503
04	456C	44428	17
04	456F	44428	17
04	4570	44428	17
04	4573	44428	17
04	4574	44428	17
04	4575	44428	17
04	4577	44428	17
04	4578	18347	44
04	457A	18347	44
04	457C	65	44
04	457D	65	44
04	4580	65	44
04	4581	65	44
04	4582	18347	44
04	4585	18347	44
04	4586	18347	44
04	4587	18347	44
04	4588	18347	44
04	458A	16461	85
04	458B	16461	85
04	458C	16461	85
04	458E	1886	44
04	458F	1886	44
04	4590	1886	44
04	4591	1886	44
04	4592	1886	44
04	4593	1886	44
04	4594	1886	44
04	4597	1886	44
04	4598	1886	44
04	459B	4363	44
04	459E	4363	44
04	459F	4363	44
04	45A2	4363	44
04	45A3	4363	44
04	45A6	4363	44
04	45A7	4363	44
04	45AA	4363	44
04	45AC	4363	44
04	45AE	483	510
04	45AF	483	510
04	45B2	483	510
04	45B3	483	510
04	45B4	483	510
04	45B6	3880	44
04	45B7	3880	44
04	45BA	3880	44
04	45BB	3880	44
04	45BD	3880	44
04	45BF	1819	44
04	45C0	4363	44
04	45C2	4363	44
04	45C5	2694	44
04	45C7	2694	44
04	45CA	841	44
04	45CD	841	44
04	45CF	841	44
04	45D0	841	44
04	45D1	841	44
04	45D3	841	44
04	45D4	841	44
04	45D5	841	44
04	45D6	841	44
04	45D7	841	44
04	45D8	841	44
04	45D9	841	44
04	45DA	841	44
04	45DB	33	44
04	45DE	33	44
04	45DF	33	44
04	45E2	33	44
04	45E3	33	44
04	45E4	33	44
04	45E5	33	44
04	45E6	18314	84
04	45E9	18314	84
04	45EA	18314	84
04	45EB	18314	84
04	45EC	18314	84
04	45EE	815	517
04	45EF	815	517
04	45F2	815	517
04	45F3	815	517
04	45F5	815	517
04	45F7	17499	84
04	45FA	17499	84
04	45FB	17499	84
04	45FC	17499	84
04	45FD	18314	84
04	45FE	18314	84
04	4600	18314	84
04	4602	8750	89
04	4603	18314	84
04	4606	18314	84
04	4609	18314	84
04	460A	18314	84
04	460B	18314	84
04	460C	18314	84
04	460E	1512	502
04	460F	1512	502
04	4612	1512	502
04	4613	1512	502
04	4614	1512	502
04	4615	1512	502
04	4618	1512	502
04	4619	1512	502
04	461A	1512	502
04	461B	1512	502
04	461C	1512	502
04	461D	1512	502
04	461F	1512	502
04	4623	16802	84
04	4626	16802	84
04	4627	16802	84
04	4628	16802	84
04	462A	16802	84
04	462E	1512	502
04	462F	1512	502
04	4631	1512	502
04	4632	1512	502
04	4633	1512	502
04	4635	1512	502
04	4636	1512	502
04	4638	1512	502
04	4639	1512	502
04	463B	1512	502
04	463C	1512	502
04	463E	1512	502
04	463F	1512	502
04	4640	18314	84
04	4641	18314	84
04	4642	18314	84
04	4644	704	502
04	4647	704	502
04	4649	704	502
04	464C	704	502
04	464D	18314	84
04	464E	18314	84
04	464F	18314	84
04	4650	18314	84
04	4652	162	502
04	4655	162	502
04	4657	162	502
04	465A	162	502
04	465B	18314	84
04	465D	18314	84
04	4660	18314	84
04	4661	18314	84
04	4664	18314	84
04	4665	18314	84
04	4668	19530	84
04	466A	19530	84
04	466C	913	502
04	466F	913	502
04	4670	913	502
04	4671	913	502
04	4673	913	502
04	4675	913	502
04	4676	913	502
04	4677	913	502
04	467A	913	502
04	467B	913	502
04	467C	913	502
04	467D	913	502
04	467E	913	502
04	467F	913	502
04	4680	913	502
04	4681	913	502
04	4684	913	502
04	4685	913	502
04	4686	913	502
04	4687	913	502
04	4688	913	502
04	4689	913	502
04	468A	913	502
04	468B	913	502
04	468E	913	502
04	468F	913	502
04	4690	913	502
04	4692	913	502
04	4694	913	502
04	4695	913	502
04	4696	913	502
04	4697	913	502
04	4698	913	502
04	4699	913	502
04	469A	913	502
04	469D	913	502
04	469E	913	502
04	469F	913	502
04	46A0	913	502
04	46A1	913	502
04	46A4	913	502
04	46A5	913	502
04	46A8	19530	84
04	46AA	19530	84
04	46BF	19530	84
04	46C1	19530	84
04	46C3	63	84
04	46C6	63	84
04	46C7	63	84
04	46C8	63	84
04	46C9	63	84
04	46CA	63	84
04	46CD	63	84
04	46CF	63	84
04	46D1	63	84
04	46D3	63	84
04	46D5	63	84
04	46D7	63	84
04	46D8	63	84
04	46D9	63	84
04	46DA	63	84
04	46DD	63	84
04	46DE	63	84
04	46DF	63	84
04	46E2	63	84
04	46E3	63	84
04	46E6	19530	84
04	46E7	19530	84
04	4756	1853	84
04	4758	1853	84
04	475B	1853	84
04	475D	1853	84
04	475E	1853	84
04	4760	1853	84
04	4762	1853	84
04	4763	1853	84
04	4764	1853	84
04	4765	1853	84
04	4768	1853	84
04	4769	1853	84
04	476C	1853	84
04	476D	1853	84
04	476E	1853	84
04	476F	1853	84
04	4770	1853	84
04	4771	1853	84
04	4772	1853	84
04	4773	1853	84
04	4774	1853	84
04	4777	26	1503
04	477A	26	1503
04	477B	26	1503
04	477E	26	1503
04	477F	26	1503
04	4782	26	1503
04	4783	26	1503
04	4784	26	1503
04	4786	26	1503
04	4789	26	1503
04	478A	26	1503
04	478B	26	1503
04	478C	26	1503
04	478D	26	1503
04	478F	26	1503
04	4790	26	1503
04	4793	26	1503
04	4794	26	1503
04	4795	26	1503
04	4796	26	1503
04	4797	26	1503
04	4798	26	1503
04	4799	26	1503
04	479A	26	1503
04	479B	38	1503
04	479E	38	1503
04	479F	38	1503
04	47A0	38	1503
04	47A3	41	1323
04	47A6	41	1323
04	47A7	41	1323
04	47AA	41	1323
04	47AB	41	1323
04	47AE	41	1323
04	47AF	41	1323
04	47B0	41	1323
04	47B1	41	1323
04	47B4	18	1593
04	47B5	18	1593
04	47B6	18	1593
04	47B7	18	1593
04	47B8	18	1593
04	47BA	18	1593
04	47BB	18	1593
04	47BE	18	1593
04	47BF	18	1593
04	47C0	18	1593
04	47C1	18	1593
04	47C2	18	1593
04	47E3	31	44
04	47E6	31	44
04	47E8	31	44
04	47EB	31	44
04	47ED	16	84
04	47F0	31	44
04	47F3	31	44
04	47F4	31	44
04	47F5	31	44
04	47F8	31	44
04	47FB	31	44
04	47FC	31	44
04	47FD	31	44
04	47FE	31	44
04	47FF	31	44
04	4800	31	44
04	4803	31	44
04	4804	31	44
04	4806	31	44
04	480C	31	44
04	480E	31	44
04	480F	31	44
04	4811	31	44
04	4812	31	44
04	4813	31	44
04	4816	31	44
04	4817	31	44
04	4818	31	44
04	483A	65	44
04	483D	65	44
04	484E	317	44
04	4851	317	44
04	4852	317	44
04	4854	317	44
04	4856	304	44
04	4859	304	44
04	485C	304	44
04	485E	304	44
04	485F	304	44
04	4862	304	44
04	4864	304	44
04	4865	304	44
04	4866	304	44
04	4867	304	44
04	4868	304	44
04	4869	304	44
04	486A	304	44
04	486B	304	44
04	486C	304	44
04	486D	304	44
04	486E	304	44
04	486F	304	44
04	4870	304	44
04	4871	304	44
04	4872	304	44
04	4873	304	44
04	4876	304	44
04	4878	304	44
04	487B	304	44
04	487E	13	502
04	4881	13	502
04	4883	13	502
04	4886	13	502
04	4889	872	44
04	488A	872	44
04	488C	872	44
04	488D	872	44
04	488E	872	44
04	488F	872	44
04	4890	872	44
04	4891	872	44
04	4894	872	44
04	4895	872	44
04	4896	224	532
04	4899	224	532
04	489A	224	532
04	489D	224	532
04	489E	224	532
04	48A1	224	532
04	48A2	224	532
04	48A5	224	532
04	48A6	224	532
04	48A7	224	532
04	48A9	224	532
04	48AA	224	532
04	48AB	224	532
04	48AC	224	532
04	48AD	235	532
04	48AE	235	532
04	48B0	235	532
04	48B2	142	533
04	48B5	142	533
04	48B6	142	533
04	48B7	142	533
04	48B9	93	532
04	48BA	93	532
04	48BB	93	532
04	48BC	93	532
04	48BF	93	532
04	48C0	93	532
04	48C1	93	532
04	48C2	93	532
04	48C3	93	532
04	48C4	93	532
04	48C5	93	532
04	48C6	235	532
04	48C7	235	532
04	48C8	235	532
04	48C9	235	532
04	48CA	235	532
04	48CD	235	532
04	48CF	235	532
04	48D2	235	532
04	48D5	11	1095
04	48D8	11	1095
04	48D9	11	1095
04	48DC	11	1095
04	48DD	11	1095
04	48E0	11	1095
04	48E1	11	1095
04	48E4	11	1095
04	48E5	11	1095
04	48E6	11	1095
04	48E7	11	1095
04	48E8	11	1095
04	48E9	11	1095
04	48EA	11	1095
04	48EC	6	502
04	48EF	6	502
04	48F0	6	502
04	48F3	6	502
04	48F4	6	502
04	48F7	6	502
04	48F8	6	502
04	48FB	6	502
04	48FC	6	502
04	48FD	6	502
04	48FF	6	502
04	4905	6	502
04	4925	4	502
04	4928	4	502
04	492A	65	44
04	492D	65	44
04	492F	65	44
04	4932	65	44
04	4935	65	44
04	4938	65	44
04	4939	65	44
04	493C	65	44
04	493D	65	44
04	493E	65	44
04	4941	65	44
04	4942	65	44
04	4943	65	44
04	4944	65	44
04	4970	6	502
04	4973	75	44
04	4976	75	44
04	4977	75	44
04	497A	75	44
04	497B	75	44
04	497C	75	44
04	497F	75	44
04	4980	75	44
04	4981	75	44
04	4A2B	1669	44
04	4A2D	1669	44
04	4A2F	1669	44
04	4A30	1669	44
04	4A32	1669	44
04	4A34	1669	44
04	4A35	1669	44
04	4A36	1669	44
04	4A39	1669	44
04	4A3A	1669	44
04	4A3D	1669	44
04	4A3E	1669	44
04	4A3F	1669	44
04	4A42	1669	44
04	4A43	1669	44
04	4A44	1669	44
04	4A46	1669	44
04	4A49	1669	44
04	4A4B	2365	44
04	4A4C	2365	44
04	4A4F	2365	44
04	4A50	4034	44
04	4A52	4034	44
04	4A54	2365	44
04	4A56	2365	44
04	4A58	934	44
04	4A5A	934	44
04	4A69	1431	44
04	4A6B	1431	44
04	4A6D	1431	44
04	4A6F	1431	44
04	4A70	1431	44
04	4A71	1431	44
04	4A73	934	44
04	4A75	934	44
04	4A77	934	44
04	4A79	934	44
04	4A7A	934	44
04	4A7B	934	44
04	4A7C	934	44
04	4A7E	934	44
04	4A7F	934	44
04	4A81	1669	44
04	4A82	1669	44
04	4A83	1669	44
04	4A84	1669	44
04	4A87	1669	44
04	4A88	1669	44
04	4A89	1669	44
04	4A8C	1669	44
04	4A8F	1669	44
04	4A92	1669	44
04	4A93	1669	44
04	4A94	1669	44
04	4A95	1669	44
04	4A98	1669	44
04	4A99	1669	44
04	4A9C	1669	44
04	4A9E	1669	44
04	4AA0	568	502
04	4AA1	568	502
04	4AA2	568	502
04	4AA3	568	502
04	4AA6	568	502
04	4AA8	568	502
04	4AAB	568	502
04	4AAC	568	502
04	4AAD	568	502
04	4AAE	568	502
04	4AAF	568	502
04	4AB0	568	502
04	4AB1	568	502
04	4AB2	568	502
04	4AB3	568	502
04	4AB4	568	502
04	4AB5	568	502
04	4AB6	568	502
04	4AB7	568	502
04	4AB8	568	502
04	4AB9	568	502
04	4ABA	568	502
04	4ABD	568	502
04	4ABE	1669	44
04	4ABF	1669	44
04	4AC1	1669	44
04	4AC3	749	44
04	4AC5	749	44
04	4AC7	477	84
04	4ACA	477	84
04	4ACC	272	44
04	4ACF	272	44
04	4AD1	920	84
04	4AD3	920	84
04	4AD5	352	84
04	4AD8	352	84
04	4ADA	568	502
04	4ADD	1669	44
04	4AE0	1669	44
04	4AE3	1669	44
04	4AE5	1669	44
04	4AE7	115	84
04	4AE9	1669	44
04	4AEC	1669	44
04	4AED	1669	44
04	4AF0	1669	44
04	4AF1	1669	44
04	4AF4	1669	44
04	4AF5	1669	44
04	4AF8	1669	44
04	4AF9	1669	44
04	4AFA	1669	44
04	4AFD	1669	44
04	4AFE	1669	44
04	4B01	1669	44
04	4B02	1669	44
04	4B05	1669	44
04	4B06	1669	44
04	4B07	1669	44
04	4B08	1669	44
04	4B0A	498	517
04	4B0C	498	517
04	4B0E	453	517
04	4B10	45	1729
04	4B11	45	1729
04	4B12	45	1729
04	4B14	45	1729
04	4B16	45	1729
04	4B17	45	1729
04	4B18	45	1729
04	4B1A	1634	44
04	4B1D	1634	44
04	4B20	1634	44
04	4B21	1634	44
04	4B24	1634	44
04	4B25	1634	44
04	4B28	1634	44
04	4B29	1634	44
04	4B2C	1634	44
04	4B2D	1634	44
04	4B2F	1634	44
04	4B30	1634	44
04	4B33	1634	44
04	4B34	1634	44
04	4B37	1634	44
04	4B38	1634	44
04	4B3B	1634	44
04	4B3C	1634	44
04	4B3D	1634	44
04	4B3E	1634	44
04	4B3F	1634	44
04	4B40	1634	44
04	4B42	1634	44
04	4B43	1634	44
04	4B44	1634	44
04	4B46	1634	44
04	4B47	1634	44
04	4B48	1634	44
04	4B49	1634	44
04	4B4A	1634	44
04	4B4B	1634	44
04	4B4C	1634	44
04	4B4D	1634	44
04	4B4E	1634	44
04	4B4F	1634	44
04	4B50	1634	44
04	4B51	1634	44
04	4B52	1634	44
04	4B53	1634	44
04	4B54	1634	44
04	4B55	1634	44
04	4B56	1634	44
04	4B57	1634	44
04	4B58	1634	44
04	4B59	1634	44
04	4B5A	1634	44
04	4B5B	1634	44
04	4B5C	1634	44
04	4B5D	1634	44
04	4B5E	1634	44
04	4B61	1634	44
04	4B62	1669	44
04	4B63	1669	44
04	4BC9	22548	17
04	4BCC	22548	17
04	4BCD	22548	17
04	4BD0	22548	17
04	4BD1	22548	17
04	4BD3	22548	17
04	4BD4	10179	85
04	4BD5	10179	85
04	4BD6	10179	85
04	4BD8	10179	85
04	4BD9	422	85
04	4BDB	21880	17
04	4BDE	21880	17
04	4BDF	21880	17
04	4BE2	21880	17
04	4BE3	21880	17
04	4BE5	21880	17
04	4BE6	10029	84
04	4BE7	10029	84
04	4BE8	10029	84
04	4BEA	10029	84
04	4BEB	9992	85
04	4BEC	9992	85
04	4BED	9992	85
04	4BEE	9992	85
04	4BEF	9992	85
04	4BF0	9992	85
04	4BF1	9992	85
04	4BF2	9992	85
04	4BF4	9992	85
04	4BF6	9982	85
04	4BF7	9982	85
04	4BF8	9982	85
04	4BF9	9982	85
04	4BFA	9940	85
04	4BFB	9940	85
04	4BFC	1598	87
04	4BFF	1598	87
04	4C00	1598	87
04	4C01	1598	87
04	4C03	1598	87
04	4C05	1598	87
04	4C07	1598	87
04	4C09	1598	87
04	4C0A	1598	87
04	4C0B	10	1795
04	4C0E	10	1795
04	4C0F	44	44
04	4C10	44	44
04	4C11	44	44
04	4C14	22548	17
04	4C17	22548	17
04	4C18	22548	17
04	4C1B	22548	17
04	4C1C	22548	17
04	4C1D	22548	17
04	4C1F	22548	17
04	4C20	11340	44
04	4C21	11340	44
04	4C22	11340	44
04	4C25	11340	44
04	4C26	11340	44
04	4C27	11340	44
04	4C2A	11340	44
04	4C2B	11340	44
04	4C2C	11340	44
04	4C2F	11340	44
04	4C30	11340	44
04	4C31	11340	44
04	4C33	11340	44
04	4C35	34	44
04	4C36	34	44
04	4C38	11306	84
04	4C3B	11306	84
04	4C3D	11306	84
04	4C3F	8558	85
04	4C42	8558	85
04	4C43	8558	85
04	4C46	8558	85
04	4C47	8558	85
04	4C49	564	513
04	4C4A	8558	85
04	4C4B	8558	85
04	4C4C	8558	85
04	4C4E	8558	85
04	4C50	8558	85
04	4C52	8558	85
04	4C54	8541	85
04	4C5F	2748	84
04	4C60	2748	84
04	4C62	2748	84
04	4C64	2748	84
04	4C66	1632	84
04	4C67	1632	84
04	4C6A	1632	84
04	4C6B	1632	84
04	4C6E	1632	84
04	4C70	1632	84
04	4C73	1632	84
04	4C76	1632	84
04	4C79	1632	84
04	4C7A	1632	84
04	4C7B	1632	84
04	4C7E	1632	84
04	4C7F	1632	84
04	4C81	1632	84
04	4C82	1632	84
04	4C83	1632	84
04	4C85	1632	84
04	4C87	1	4024
04	4C89	1	4024
04	4C8A	1	4024
04	4C8B	1	4024
04	4C8C	1	4024
04	4C8F	1116	87
04	4C92	1116	87
04	4C93	1116	87
04	4C94	1116	87
04	4C97	1116	87
04	4C98	1116	87
04	4C99	1116	87
04	4C9B	1116	87
04	4C9E	1116	87
04	4C9F	1116	87
04	4CA0	1116	87
04	4CA1	1116	87
04	4CA2	1116	87
04	4CA4	1116	87
04	4CAE	17	4025
04	4CB1	17	4025
04	4CB3	17	4025
04	4CB6	17	4025
04	4CB9	17	4025
04	4CBA	17	4025
04	4CBB	17	4025
04	4CBD	17	4025
04	4CBE	17	4025
04	4CBF	17	4025
04	4CC1	9	4026
04	4CC2	9	4026
04	4CC3	9	4026
04	4CC4	9	4026
04	4CC6	9	4026
04	4CC8	9	4026
04	4CCB	9	4026
04	4CCC	17	4025
04	4CCD	17	4025
04	4CCE	17	4025
04	4CCF	17	4025
04	4CD3	1631	84
04	4CD6	1631	84
04	4CD7	1631	84
04	4CD8	1631	84
04	4CDB	1631	84
04	4CDC	1631	84
04	4CDD	1631	84
04	4CDE	1631	84
04	4CE1	1631	84
04	4CE2	1631	84
04	4CE4	1631	84
04	4CE7	1631	84
04	4CE8	1631	84
04	4CEB	1631	84
04	4CEC	1631	84
04	4CED	1631	84
04	4CEE	1631	84
04	4CEF	1631	84
04	4CF0	1631	84
04	4CF2	1631	84
04	4CF4	267	84
04	4CF7	267	84
04	4CF9	267	84
04	4CFA	267	84
04	4CFB	1631	84
04	4CFC	1631	84
04	4CFD	1631	84
04	4CFE	1631	84
04	4CFF	1631	84
04	4D02	8541	85
04	4D05	8541	85
04	4D07	8541	85
04	4D0A	8541	85
04	4D0D	8541	85
04	4D0E	8541	85
04	4D0F	8541	85
04	4D11	8541	85
04	4D13	5327	85
04	4D14	5327	85
04	4D15	5327	85
04	4D17	4526	85
04	4D18	4526	85
04	4D19	4526	85
04	4D1A	4526	85
04	4D1C	4526	85
04	4D1E	4526	85
04	4D21	4526	85
04	4D22	5327	85
04	4D23	5327	85
04	4D24	5327	85
04	4D25	5327	85
04	4D27	5327	85
04	4D28	5327	85
04	4D2A	402	507
04	4D2D	402	507
04	4D2F	394	507
04	4D30	394	507
04	4D31	394	507
04	4D32	394	507
04	4D34	3214	85
04	4D35	3214	85
04	4D36	3214	85
04	4D37	3214	85
04	4D39	3214	85
04	4D54	1124	87
04	4D55	1124	87
04	4D58	1124	87
04	4D59	1124	87
04	4D5C	1124	87
04	4D5D	1124	87
04	4D60	1124	87
04	4D61	1124	87
04	4D62	1124	87
04	4D65	1124	87
04	4D66	1124	87
04	4D67	1124	87
04	4D68	1124	87
04	4D69	1124	87
04	4D6A	1124	87
04	4D6B	1124	87
04	4D6C	1124	87
04	4D6E	1124	87
04	4D6F	1124	87
04	4D70	1124	87
04	4D90	1124	87
04	4D93	1124	87
04	4D94	1124	87
04	4D97	1124	87
04	4D98	1124	87
04	4D99	1124	87
04	4D9A	1124	87
04	4D9D	4942	85
04	4DA0	4942	85
04	4DA2	4942	85
04	4DA4	4364	85
04	4DA7	4364	85
04	4DA9	4364	85
04	4DAC	4364	85
04	4DAE	2025	84
04	4DB1	2025	84
04	4DB3	2025	84
04	4DB6	10182	84
04	4DB9	10182	84
04	4DBB	10182	84
04	4DBD	2036	84
04	4DC0	2036	84
04	4DC3	10182	84
04	4DC5	10182	84
04	4DC7	1632	84
04	4DCA	1632	84
04	4DCD	10182	84
04	4DCF	10182	84
04	4DD0	2143	84
04	4DD3	669	84
04	4DD6	669	84
04	4DD7	669	84
04	4DD8	669	84
04	4DDB	669	84
04	4DDC	669	84
04	4DDE	669	84
04	4DDF	1632	84
04	4DE0	1632	84
04	4DE3	1632	84
04	4DE4	1632	84
04	4DE5	1632	84
04	4DE8	1632	84
04	4DE9	1632	84
04	4DEC	1632	84
04	4DED	1632	84
04	4DF0	1632	84
04	4DF1	1632	84
04	4DF2	1632	84
04	4DF5	1632	84
04	4DF7	1632	84
04	4DF9	1632	84
04	4DFA	1632	84
04	4DFD	1632	84
04	4DFE	1632	84
04	4DFF	1632	84
04	4E02	1632	84
04	4E03	1632	84
04	4E04	1631	84
04	4E05	1631	84
04	4E08	1631	84
04	4E09	1631	84
04	4E0A	1631	84
04	4E0D	1631	84
04	4E0E	1631	84
04	4E0F	1631	84
04	4E12	1631	84
04	4E14	1631	84
04	4E15	1631	84
04	4E18	1631	84
04	4E19	1631	84
04	4E1C	1631	84
04	4E1D	1631	84
04	4E20	1631	84
04	4E21	1631	84
04	4E22	1631	84
04	4E25	1631	84
04	4E27	1631	84
04	4E29	1631	84
04	4E2A	1631	84
04	4E2D	1631	84
04	4E2E	1631	84
04	4E2F	1631	84
04	4E32	1631	84
04	4E33	1631	84
04	4E34	4535	85
04	4E35	4535	85
04	4E38	4535	85
04	4E3A	4535	85
04	4E3B	4535	85
04	4E3C	571	520
04	4E3D	571	520
04	4E3F	571	520
04	4E41	135	523
04	4E44	135	523
04	4E46	135	523
04	4E49	571	520
04	4E4A	571	520
04	4E4B	1632	84
04	4E4E	1632	84
04	4E4F	1632	84
04	4E52	1632	84
04	4E53	1632	84
04	4E56	1632	84
04	4E57	1632	84
04	4E5A	1632	84
04	4E5B	1632	84
04	4E5D	1632	84
04	4E5F	918	84
04	4E61	568	502
04	4E62	568	502
04	4E63	568	502
04	4E64	568	502
04	4E65	568	502
04	4E67	568	502
04	4E68	568	502
04	4E69	568	502
04	4E6A	568	502
04	4E6C	568	502
04	4E6D	568	502
04	4E6E	568	502
04	4E6F	568	502
04	4E70	568	502
04	4E78	568	502
04	4E7A	568	502
04	4E7C	568	502
04	4E7D	714	84
04	4E7E	714	84
04	4E7F	714	84
04	4E80	714	84
04	4E82	714	84
04	4E83	714	84
04	4E84	714	84
04	4E85	714	84
04	4E8F	714	84
04	4E90	714	84
04	4E91	714	84
04	4E92	714	84
04	4E93	714	84
04	4E94	714	84
04	4E95	714	84
04	4E96	714	84
04	4E97	714	84
04	4E98	714	84
04	4E99	714	84
04	4E9A	714	84
04	4E9B	350	84
04	4E9C	350	84
04	4E9E	350	84
04	4E9F	350	84
04	4EA0	350	84
04	4EA1	350	84
04	4EA9	350	84
04	4EAB	350	84
04	4EAE	350	84
04	4EAF	350	84
04	4EB0	196	84
04	4EB1	196	84
04	4EB4	196	84
04	4EB5	196	84
04	4EB7	196	84
04	4EB8	196	84
04	4EB9	196	84
04	4EBA	196	84
04	4EBB	196	84
04	4EBE	196	84
04	4EBF	196	84
04	4EC1	196	84
04	4EC3	3136	84
04	4EC4	3136	84
04	4EC5	3136	84
04	4EC6	3136	84
04	4EC7	3136	84
04	4EC9	196	84
04	4ECA	2036	84
04	4ECD	2036	84
04	4ECE	2036	84
04	4ED1	2036	84
04	4ED2	2036	84
04	4ED5	2036	84
04	4ED6	2036	84
04	4ED7	2036	84
04	4ED8	2036	84
04	4ED9	2036	84
04	4EDC	2036	84
04	4EDD	2036	84
04	4EE0	2036	84
04	4EE1	2036	84
04	4EE4	2036	84
04	4EE5	2036	84
04	4EE6	2036	84
04	4EE7	2036	84
04	4EE8	2036	84
04	4EEB	2036	84
04	4EED	2036	84
04	4EEF	1045	84
04	4EF1	418	84
04	4EF2	418	84
04	4EF4	418	84
04	4EF5	1409	84
04	4EF6	1409	84
04	4EF7	1409	84
04	4EFA	1409	84
04	4EFB	1409	84
04	4EFE	1409	84
04	4F01	1409	84
04	4F02	1409	84
04	4F03	1409	84
04	4F05	1409	84
04	4F06	1409	84
04	4F09	1409	84
04	4F0A	1409	84
04	4F0B	1409	84
04	4F0C	1409	84
04	4F0D	1409	84
04	4F0E	1409	84
04	4F0F	1409	84
04	4F11	1409	84
04	4F17	1409	84
04	4F18	1409	84
04	4F19	1409	84
04	4F1A	1409	84
04	4F1D	1409	84
04	4F1E	1409	84
04	4F1F	1409	84
04	4F20	1409	84
04	4F22	1409	84
04	4F23	1409	84
04	4F24	1409	84
04	4F25	1409	84
04	4F28	1409	84
04	4F29	1409	84
04	4F2B	1409	84
04	4F2C	1409	84
04	4F2D	627	502
04	4F2E	627	502
04	4F2F	627	502
04	4F30	627	502
04	4F32	627	502
04	4F33	627	502
04	4F34	627	502
04	4F36	627	502
04	4F37	627	502
04	4F38	627	502
04	4F3A	627	502
04	4F3C	326	502
04	4F3E	326	502
04	4F3F	326	502
04	4F40	326	502
04	4F41	326	502
04	4F43	326	502
04	4F44	627	502
04	4F45	627	502
04	4F47	627	502
04	4F48	627	502
04	4F49	627	502
04	4F4A	627	502
04	4F4B	627	502
04	4F4D	627	502
04	4F4E	627	502
04	4F4F	1632	84
04	4F52	1632	84
04	4F53	1632	84
04	4F56	1632	84
04	4F57	1632	84
04	4F5A	1632	84
04	4F5B	1632	84
04	4F5E	1632	84
04	4F60	1632	84
04	4F62	1179	84
04	4F64	918	84
04	4F66	918	84
04	4F68	568	502
04	4F6B	568	502
04	4F6D	453	84
04	4F70	453	84
04	4F72	261	502
04	4F75	261	502
04	4F77	350	84
04	4F7A	1632	84
04	4F7C	1632	84
04	4F7E	1632	84
04	4F80	1632	84
04	4F90	1632	84
04	4F92	1632	84
04	4F93	1632	84
04	4F94	1632	84
04	4F95	1632	84
04	4F96	1632	84
04	4F97	2143	84
04	4F9A	2143	84
04	4F9B	2143	84
04	4F9E	2143	84
04	4F9F	2143	84
04	4FA2	2143	84
04	4FA3	2143	84
04	4FA4	2143	84
04	4FA5	2143	84
04	4FA8	2143	84
04	4FA9	2143	84
04	4FAB	2143	84
04	4FAD	1233	84
04	4FAF	693	502
04	4FB0	693	502
04	4FB1	693	502
04	4FB3	693	502
04	4FB5	693	502
04	4FB7	693	502
04	4FB8	910	84
04	4FB9	910	84
04	4FBA	910	84
04	4FBB	910	84
04	4FBC	910	84
04	4FBD	910	84
04	4FBE	910	84
04	4FBF	910	84
04	4FC0	540	84
04	4FC1	540	84
04	4FC3	540	84
04	4FC5	540	84
04	4FC6	540	84
04	4FC7	540	84
04	4FC9	540	84
04	4FCA	540	84
04	4FCB	350	84
04	4FCD	350	84
04	4FCF	350	84
04	4FD0	350	84
04	4FD1	350	84
04	4FD3	350	84
04	4FD4	2802	44
04	4FD7	2802	44
04	4FD8	2802	44
04	4FDA	2802	44
04	4FDC	2210	44
04	4FDE	2210	44
04	4FDF	2210	44
04	4FE0	2210	44
04	4FE1	2210	44
04	4FE3	2210	44
04	4FE4	2210	44
04	4FE5	592	84
04	4FE7	592	84
04	4FE9	592	84
04	4FEA	1409	84
04	4FEC	1409	84
04	4FEF	1409	84
04	4FF1	1409	84
04	4FF5	1409	84
04	4FF7	1409	84
04	4FF8	1409	84
04	4FF9	1409	84
04	4FFA	1409	84
04	4FFC	1409	84
04	4FFD	1409	84
04	5000	1409	84
04	5001	1409	84
04	5002	1409	84
04	5003	1409	84
04	5004	1409	84
04	5005	1409	84
04	5006	1409	84
04	5007	3187	44
04	5008	3187	44
04	500A	3187	44
04	500B	3187	44
04	500C	3187	44
04	500E	1191	504
04	500F	3187	44
04	5010	3187	44
04	5012	491	44
04	5013	3187	44
04	5014	3187	44
04	5016	594	502
04	5017	3187	44
04	5018	3187	44
04	501A	1020	502
04	501B	3187	44
04	501C	3187	44
04	501E	1053	44
04	501F	3187	44
04	5020	3187	44
04	5022	1257	84
04	5023	3187	44
04	5024	3187	44
04	5026	1093	44
04	5027	3187	44
04	5028	3187	44
04	5029	973	84
04	502A	973	84
04	502B	4957	84
04	502C	4957	84
04	502E	4957	84
04	5030	4957	84
04	5031	4957	84
04	5032	4957	84
04	5034	4957	84
04	5035	4957	84
04	5037	3619	84
04	5038	4957	84
04	5039	4957	84
04	503B	4440	84
04	503C	4957	84
04	503D	4957	84
04	503F	4149	84
04	5040	4957	84
04	5041	4957	84
04	5042	3989	84
04	5043	3989	84
0E	4000	1	327
0E	4003	1	327
0E	4005	1	327
0E	4007	1	327
0E	400D	1	327
0E	4010	1	327
0E	4011	1	327
0E	4013	1	327
0E	4014	1	327
0E	4017	1	327
0E	401E	1	327
0E	4021	1	1112
0E	4024	1	1112
0E	4027	1	1112
0E	4028	1	1112
0E	402A	1	1112
0E	402C	1	1112
0E	402D	1	1112
0E	402F	1	1112
0E	4031	1	1112
0E	4033	1	1112
0E	4034	1	1112
0E	4036	1	1112
0E	4038	1	1112
0E	403A	1	1112
0E	403D	1	1112
0E	403F	1	1112
0E	4041	1	1112
0E	4044	1	1112
0E	4045	1	1112
0E	4046	1	1112
0E	4048	1	1112
0E	4049	1	1112
0E	404B	1	1112
0E	404E	1	1112
0E	4050	1	1112
0E	4052	1	1112
0E	4053	1	1112
0E	4055	1	1112
0E	4058	1	1112
0E	405A	1	1112
0E	405D	1	1112
0E	405E	1	1112
0E	405F	693	327
0E	4065	693	327
0E	4068	693	363
0E	406E	693	363
0E	4071	693	364
0E	4074	693	364
0E	4076	693	364
0E	4078	1	1111
0E	407B	1	1112
0E	407E	1	1112
0E	407F	1	1112
0E	4081	1	1112
0E	4082	1	1112
0E	4083	693	327
0E	4086	693	327
0E	4089	693	327
0E	408A	693	327
0E	408B	693	327
0E	408C	693	327
0E	408E	693	327
0E	408F	693	327
0E	4090	693	327
0E	4091	693	327
0E	4092	693	327
0E	4093	693	327
0E	40A2	1	327
0E	40A5	1	331
0E	40AB	1	363
0E	40AD	1	363
0E	40AE	1	363
0E	40B0	1	363
0E	40B2	1	363
0E	40B5	1	363
0E	40B8	1	363
0E	40B9	1	363
0E	40BB	1	363
0E	40BC	1	363
0E	40BF	1	363
0E	40C2	1	363
0E	40C5	1	363
0E	40C6	1	363
0E	40C9	1	363
0E	40CA	97	364
0E	40CD	97	364
0E	40CE	97	364
0E	40D1	97	364
0E	40D2	97	364
0E	40D3	97	364
0E	40D4	97	364
0E	40D7	97	364
0E	40D8	97	364
0E	40D9	97	364
0E	40DB	97	364
0E	40DC	97	364
0E	40DD	97	364
0E	40DF	97	364
0E	40E0	97	364
0E	40E1	97	364
0E	40E4	97	364
0E	40E5	97	364
0E	40E8	97	364
0E	40EA	97	364
0E	40EC	97	364
0E	40EE	96	364
0E	40F0	96	364
0E	40F2	96	364
0E	40F4	1	460
0E	40FA	1	475
0E	40FD	1	475
0E	40FF	1	475
0E	4102	1	475
0E	410B	97	364
0E	411A	1	476
0E	411D	1	476
0E	411F	1	476
0E	4121	1	476
0E	4122	1	476
0E	4124	1	476
0E	4126	1	476
0E	4128	1	476
0E	4129	1	476
0E	412B	1	476
0E	412D	1	476
0E	412F	1	476
0E	4132	1	476
0E	4134	1	476
0E	4136	1	476
0E	4139	1	476
0E	413A	1	476
0E	413B	1	476
0E	413D	1	476
0E	413E	1	476
0E	4140	1	476
0E	4143	1	476
0E	4145	1	476
0E	4147	1	476
0E	4148	1	476
0E	414A	1	476
0E	414D	1	476
0E	414F	1	476
0E	4150	1	476
0E	4153	1	476
0E	4156	1	485
0E	415C	1	501
0E	415E	1	501
0E	415F	1	501
0E	4161	1	501
0E	4163	1	501
0E	4166	1	501
0E	4169	1	501
0E	416A	1	501
0E	416C	1	501
0E	416D	1	501
0E	4170	1	501
0E	4173	1	501
0E	4176	1	501
0E	4177	1	501
0E	417A	1	501
0E	417B	593	502
0E	417E	593	502
0E	417F	593	502
0E	4181	593	502
0E	4184	593	502
0E	4185	593	502
0E	4188	593	502
0E	4189	593	502
0E	418A	593	502
0E	418B	593	502
0E	418E	593	502
0E	418F	593	502
0E	4190	593	502
0E	4194	593	502
0E	4196	593	502
0E	4197	593	502
0E	4198	593	502
0E	419B	593	502
0E	419C	593	502
0E	419F	593	502
0E	41A1	593	502
0E	41A3	593	502
0E	41A5	592	502
0E	41A7	592	502
0E	41A9	592	502
0E	41AB	592	502
0E	41AD	592	502
0E	41AF	592	502
0E	41B1	592	502
0E	41E6	1	1094
0E	41E8	1	1094
0E	41E9	1	1094
0E	41EB	1	1094
0E	41ED	1	1094
0E	41F0	1	1094
0E	41F3	1	1094
0E	41F4	1	1094
0E	41F6	1	1094
0E	41F9	1	1094
0E	41FA	1	1094
0E	41FD	593	502
0E	41FE	1	1095
0E	4204	1	1110
0E	4206	1	1110
0E	4209	1	1110
0E	4215	1	476
0E	4218	1	477
0E	421B	1	477
0E	421C	1	477
0E	421E	1	477
0E	421F	1	477
0E	4225	1	477
0E	4228	1	477
0E	422B	1	477
0E	422D	1	477
0E	422F	1	477
0E	4231	1	477
0E	4237	1	478
0E	423A	1	478
0E	423D	1	478
0E	423F	1	478
0E	4241	1	478
0E	4243	1	478
0E	4249	1	479
0E	424C	1	479
0E	424F	1	479
0E	4251	1	479
0E	4253	1	479
0E	4255	1	479
0E	425B	1	480
0E	425E	1	480
0E	4261	1	480
0E	4263	1	480
0E	4265	1	480
0E	4267	1	480
0E	426D	1	481
0E	4270	1	481
0E	4273	1	481
0E	4275	1	481
0E	4277	1	481
0E	4279	1	481
0E	427F	1	482
0E	4282	1	482
0E	4285	1	482
0E	4287	1	482
0E	4289	1	482
0E	428B	1	482
0E	4291	1	483
0E	4294	1	483
0E	4297	1	483
0E	4299	1	483
0E	429B	1	483
0E	429D	1	483
0E	42A3	1	484
0E	42A6	1	484
0E	42A9	1	484
0E	42AC	1	484
0E	42AE	1	484
0E	42B4	1	484
0E	42B7	1	484
0E	42BA	1	484
0E	42BD	1	484
0E	42BF	1	484
0E	42C5	1	484
0E	42C8	1	484
0E	42CB	1	484
0E	42CE	1	484
0E	42D0	1	484
0E	42D6	1	484
0E	42D9	1	484
0E	42DB	1	484
0E	42DE	1	485
0E	42E1	1	485
0E	42E4	1	485
0E	42E6	1	485
0E	42E8	1	485
0E	42EE	1	485
0E	42F1	1	485
0E	42F4	1	485
0E	42F7	1	485
0E	42F9	1	485
0E	42FB	1	485
0E	4301	1	485
0E	4304	1	485
0E	4307	1	485
0E	430A	1	485
0E	4310	1	485
0E	4311	1	484
0E	4314	1	484
0E	4317	1	484
0E	431A	1	484
0E	431D	1	484
0E	431E	1	484
0E	431F	1	484
0E	4320	1	484
0E	4322	1	484
0E	4323	1	484
0E	4324	1	484
0E	4325	1	484
0E	4326	1	484
0E	4327	1	484
0E	4329	1	484
0E	432F	1	484
0E	4334	1	485
0E	4337	1	485
0E	433A	1	485
0E	433B	1	485
0E	433C	1	485
0E	433D	1	485
0E	433F	1	485
0E	4340	1	485
0E	4341	1	485
0E	4342	1	485
0E	4343	1	485
0E	4344	1	485
0E	4347	1	485
0E	434A	1	485
0E	434F	1	327
0E	4352	1	328
0E	4355	1	328
0E	4356	1	328
0E	4358	1	328
0E	4359	1	328
0E	435F	1	328
0E	4362	1	328
0E	4365	1	328
0E	4367	1	328
0E	4369	1	328
0E	436B	1	328
0E	4371	1	329
0E	4374	1	329
0E	4377	1	329
0E	4379	1	329
0E	437B	1	329
0E	437D	1	329
0E	4383	1	330
0E	4386	1	330
0E	4389	1	330
0E	438C	1	330
0E	438E	1	330
0E	4394	1	330
0E	4397	1	330
0E	439A	1	330
0E	439D	1	330
0E	439F	1	330
0E	43A5	1	330
0E	43A7	1	330
0E	43AA	1	331
0E	43B0	1	331
0F	4247	7	3585
0F	4249	7	3585
0F	424C	7	3585
0F	424E	7	3585
0F	424F	7	3585
0F	4250	7	3585
0F	4253	7	3585
0F	4254	7	3585
0F	4255	7	3585
0F	4257	7	3585
0F	425A	7	3585
0F	425B	7	3585
0F	425C	7	3585
0F	425D	7	3585
0F	425E	7	3585
0F	425F	7	3585
0F	4260	7	3585
0F	4263	7	3585
0F	4264	7	3585
0F	4266	7	3585
0F	4268	7	3585
0F	426B	7	3585
0F	4E66	7	3585
0F	4E67	7	3585
0F	4E68	7	3585
0F	4E73	7	3585
0F	4E74	7	3585
0F	4E77	7	3585
0F	4E7A	7	3585
0F	4E7D	7	3585
0F	4E7F	7	3585
0F	4E82	7	3585
0F	4E83	7	3585
0F	4E85	7	3585
0F	4E88	7	3585
0F	4E89	7	3585
0F	4E8B	7	3585
0F	4E8E	7	3585
0F	4E8F	7	3585
0F	4E90	7	3585
0F	4E91	7	3585
0F	4E92	7	3585
0F	4E93	7	3585
0F	4E94	7	3585
0F	4E95	7	3585
0F	4E96	7	3585
0F	4E97	7	3585
0F	4E98	7	3585
0F	4E99	7	3585
0F	4E9A	7	3585
0F	4EA4	7	3585
0F	4EA7	7	3585
0F	4EA8	7	3585
0F	4EAB	7	3585
0F	4EAD	7	3585
0F	4EB0	7	3585
0F	4EB1	7	3585
0F	4EB2	7	3585
0F	4EB3	7	3585
0F	4EB4	7	3585
0F	4EB5	7	3585
0F	4EB6	7	3585
0F	4EB7	7	3585
0F	4EB8	7	3585
0F	4EBA	7	3585
0F	4EBB	7	3585
0F	4EBC	7	3585
0F	4EBD	7	3585
0F	4EBE	7	3585
0F	4EC0	7	3585
0F	4EC1	7	3585
0F	4EC4	7	3585
0F	4EC6	7	3585
0F	4EC7	7	3585
0F	4EC8	7	3585
0F	4EC9	7	3585
0F	4ECC	7	3585
0F	4ECF	7	3585
0F	4ED2	7	3585
0F	4ED3	7	3585
0F	4ED4	7	3585
0F	4ED5	7	3585
0F	4ED6	7	3585
0F	4ED7	7	3585
0F	4ED8	7	3585
0F	4ED9	7	3585
0F	4EDA	7	3585
0F	4EDB	7	3585
0F	4EDE	7	3585
0F	4EED	7	3585
0F	4EF0	7	3585
0F	4EF1	7	3585
0F	4EF2	7	3585
0F	4EF3	7	3585
0F	4EF4	7	3585
0F	4EF5	7	3585
0F	4EF6	7	3585
0F	4EF7	7	3585
0F	4EF8	7	3585
0F	4EF9	7	3585
0F	4EFA	7	3585
0F	4EFB	7	3585
0F	4EFC	7	3585
0F	4EFD	7	3585
0F	4EFE	7	3585
0F	4EFF	7	3585
0F	4F00	7	3585
0F	4F01	7	3585
0F	4F02	7	3585
0F	4F03	7	3585
0F	4F04	7	3585
0F	4F05	7	3585
0F	4F06	7	3585
0F	4F07	7	3585
0F	4F08	7	3585
0F	4F09	7	3585
0F	4F0A	7	3585
0F	4F0B	7	3585
0F	4F0C	7	3585
0F	4F0D	7	3585
0F	4F0E	7	3585
0F	4F11	7	3585
0F	4F12	7	3585
0F	4F14	4	3585
0F	4F17	4	3585
0F	4F19	4	3585
0F	4F1B	4	3585
0F	4F1D	4	3585
0F	4F1F	4	3585
0F	4F22	4	3585
0F	4F23	4	3585
0F	4F25	7	3585
0F	4F26	7	3585
0F	4F2A	3	3585
0F	4F2D	3	3585
0F	4F2E	3	3585
0F	4F30	3	3585
0F	4F33	3	3585
0F	4F34	3	3585
0F	4F35	3	3585
0F	4F36	3	3585
0F	4F37	3	3585
0F	4F38	3	3585
0F	4F3D	7	3585
0F	4F40	7	3585
0F	4F41	7	3585
0F	4F42	7	3585
0F	4F43	7	3585
0F	4F44	7	3585
0F	4F45	7	3585
0F	4F46	7	3585
0F	4F48	3	3585
0F	4F49	3	3585
0F	4F4A	3	3585
0F	4F4B	3	3585
0F	4F4C	3	3585
0F	4F4D	3	3585
0F	4F4E	3	3585
0F	4F4F	3	3585
0F	4F50	3	3585
0F	4F51	3	3585
0F	4F52	3	3585
0F	4F53	3	3585
0F	4F56	3	3585
0F	4F57	3	3585
0F	4F58	3	3585
0F	4F59	3	3585
0F	4F5B	3	3585
0F	4F5C	4	3585
0F	4F5D	7	3585
0F	4F60	7	3585
0F	4F61	7	3585
0F	4F63	7	3585
0F	4F66	7	3585
0F	4F68	7	3585
0F	4F6A	7	3585
0F	4F6B	7	3585
0F	4F6C	7	3585
0F	4F6E	7	3585
0F	4F71	7	3585
0F	4F72	7	3585
0F	4F73	7	3585
0F	4F74	7	3585
0F	4F75	7	3585
0F	4F78	7	3585
0F	4F79	7	3585
0F	4F7B	7	3585
0F	4F7D	7	3585
0F	4F80	7	3585
0F	4F83	7	3585
0F	4F85	7	3585
0F	4F87	5	3585
0F	4F89	4	3585
0F	4F8B	4	3585
0F	4F8D	2	3585
0F	4F8F	1	3586
0F	4F91	1	3586
0F	4FA9	3	3585
0F	4FAA	3	3585
0F	4FCD	2	3585
0F	4FD0	2	3585
0F	4FD1	2	3585
0F	4FD3	2	3585
0F	4FD6	2	3585
0F	4FD7	2	3585
0F	4FDA	2	3585
0F	4FDB	2	3585
0F	4FE3	2	3585
0F	4FE6	2	3585
0F	4FE9	2	3585
0F	4FF0	1	3585
0F	4FF3	1	3585
0F	4FF4	1	3585
0F	4FF6	1	3585
0F	4FF8	1	3585
0F	4FFB	1	3585
0F	4FFC	1	3585
0F	4FFE	1	3585
0F	5022	4	3585
0F	5023	4	3585
0F	5024	7	3585
0F	5025	7	3585
0F	5028	7	3585
0F	5029	7	3585
0F	502C	7	3585
0F	502E	7	3585
0F	5031	7	3585
0F	5032	7	3585
0F	5033	7	3585
0F	5034	7	3585
0F	5035	7	3585
0F	5036	7	3585
0F	5037	7	3585
0F	5038	7	3585
0F	5039	7	3585
0F	503A	133	3585
0F	503B	133	3585
0F	503C	133	3585
0F	503E	126	3585
0F	503F	126	3585
0F	5040	126	3585
0F	5041	126	3585
0F	5042	126	3585
0F	5044	126	3585
0F	5045	126	3585
0F	5048	126	3585
0F	504A	7	3585
0F	504D	7	3585
0F	5050	7	3585
0F	5051	7	3585
0F	5052	7	3585
0F	5053	7	3585
0F	5054	7	3585
0F	5055	7	3585
0F	5056	7	3585
0F	5057	7	3585
0F	5058	7	3585
0F	5059	7	3585
0F	5066	3	3585
0F	5069	3	3585
0F	506A	3	3585
0F	506B	3	3585
0F	506D	3	3585
0F	506E	3	3585
0F	506F	3	3585
0F	5072	3	3585
0F	5074	3	3585
0F	5077	3	3585
0F	5078	3	3585
0F	5079	3	3585
0F	507A	3	3585
0F	507C	3	3585
0F	507F	3	3585
0F	5082	3	3585
0F	5084	3	3585
0F	509F	3	3585
0F	50A2	3	3585
0F	50A5	3	3585
0F	50A8	3	3585
0F	50AB	3	3585
0F	50AC	3	3585
0F	50AE	3	3585
0F	50B2	3	3585
0F	50B5	3	3585
0F	50B6	3	3585
0F	50B7	3	3585
0F	50BA	3	3585
0F	50BD	3	3585
0F	50BF	36	3585
0F	50C1	36	3585
0F	50C2	36	3585
0F	50C4	36	3585
0F	50C6	34	3585
0F	50C7	34	3585
0F	50C8	34	3585
0F	50C9	34	3585
0F	50CB	31	3585
0F	50CD	2	3585
0F	50CE	2	3585
0F	50CF	2	3585
0F	50D1	2	3585
0F	50D3	2	3585
0F	50D4	2	3585
0F	50D5	2	3585
0F	50D6	2	3585
0F	50D8	2	3585
0F	50E0	2	3585
0F	50E1	16	3585
0F	50E2	16	3585
0F	50E3	16	3585
0F	50E4	16	3585
0F	50E6	16	3585
0F	50E8	16	3585
0F	50EA	2	3585
0F	50EB	2	3585
0F	50EC	2	3585
0F	50EE	2	3585
0F	50F0	2	3585
0F	50F1	2	3585
0F	50F2	2	3585
0F	50F4	2	3585
0F	50FC	2	3585
0F	50FD	2	3585
0F	5100	2	3585
0F	5101	2	3585
0F	5104	2	3585
0F	5107	34	3585
0F	5108	34	3585
0F	5109	34	3585
0F	510B	32	3585
0F	510C	32	3585
0F	510D	32	3585
0F	510F	2	3585
0F	5110	2	3585
0F	5111	2	3585
0F	5112	2	3585
0F	5113	2	3585
0F	5116	2	3585
0F	5117	2	3585
0F	5118	2	3585
0F	5119	2	3585
0F	511A	2	3585
0F	511B	2	3585
0F	511C	2	3585
0F	511D	32	3585
0F	511E	32	3585
0F	511F	32	3585
0F	5120	32	3585
0F	5121	32	3585
0F	5122	32	3585
0F	5123	32	3585
0F	5125	2	3585
0F	5127	2	3585
0F	5128	2	3585
0F	5129	2	3585
0F	512B	2	3585
0F	512C	2	3585
0F	512D	2	3585
0F	5130	2	3585
0F	5131	2	3585
0F	5134	2	3585
0F	5135	2	3585
0F	5137	3	3585
0F	5138	3	3585
0F	5139	3	3585
0F	513A	3	3585
0F	513D	3	3585
0F	513E	3	3585
0F	5141	3	3585
0F	5143	3	3585
0F	5146	3	3585
0F	5147	3	3585
0F	5148	3	3585
0F	5149	3	3585
0F	514A	3	3585
0F	514B	3	3585
0F	514C	3	3585
0F	514D	3	3585
0F	514E	3	3585
0F	5151	102	3585
0F	5152	102	3585
0F	5153	102	3585
0F	5155	99	3585
0F	5156	99	3585
0F	5157	99	3585
0F	5158	99	3585
0F	5159	99	3585
0F	515B	99	3585
0F	515C	99	3585
0F	515F	99	3585
0F	5161	3	3585
0F	5164	3	3585
0F	5167	3	3585
0F	5168	3	3585
0F	5169	3	3585
0F	516A	3	3585
0F	516B	3	3585
0F	516C	3	3585
0F	516D	3	3585
0F	516E	3	3585
0F	516F	3	3585
0F	5170	3	3585
0F	517D	1	3585
0F	5180	1	3585
0F	5181	1	3585
0F	5184	1	3585
0F	5186	1	3585
0F	5189	1	3585
0F	518A	1	3585
0F	518B	1	3585
0F	518C	1	3585
0F	518D	1	3585
0F	518E	1	3585
0F	518F	1	3585
0F	5190	1	3585
0F	5191	1	3585
0F	5194	1	3585
0F	5195	1	3585
0F	5196	1	3585
0F	5197	1	3585
0F	5198	1	3585
0F	5199	1	3585
0F	519B	1	3585
0F	519C	1	3585
0F	519F	1	3585
0F	51A0	1	3585
0F	51A1	1	3585
0F	51A2	1	3585
0F	51A3	1	3585
0F	51A4	1	3585
0F	51A6	1	3585
0F	51A7	1	3585
0F	51AA	1	3585
0F	51AB	1	3585
0F	51AC	1	3585
0F	51AD	1	3585
0F	51AE	1	3585
0F	51AF	1	3585
0F	51B1	1	3585
0F	51B2	1	3585
0F	51B5	1	3585
0F	51B6	1	3585
0F	51B7	1	3585
0F	51B8	1	3585
0F	51B9	1	3585
0F	51BA	1	3585
0F	51BC	1	3585
0F	51BD	1	3585
0F	51C0	1	3585
0F	51C2	1	3585
0F	51C3	1	3585
0F	51C4	1	3585
0F	51C5	1	3585
0F	51C6	1	3585
0F	51C8	1	3585
0F	51C9	1	3585
0F	51CC	1	3585
0F	51CF	1	3585
0F	51D0	1	3585
0F	51D2	1	3585
0F	51D4	1	3585
0F	51D6	1	3585
0F	51D8	1	3585
0F	51DA	1	3585
0F	51DE	1	3585
0F	51DF	1	3585
0F	51E0	1	3585
0F	51E1	1	3585
0F	51E2	1	3585
0F	51E4	1	3585
0F	51E5	1	3585
0F	51E8	1	3585
0F	51E9	1	3585
0F	51EB	1	3585
0F	51ED	1	3585
0F	51EF	1	3585
0F	51F1	1	3585
0F	51F8	1	3585
0F	51F9	1	3585
0F	51FA	1	3585
0F	51FB	1	3585
0F	51FC	1	3585
0F	51FE	1	3585
0F	51FF	1	3585
0F	5202	1	3585
0F	5205	1	3585
0F	5208	1	3585
0F	5209	1	3585
0F	520A	1	3585
0F	520B	1	3585
0F	520C	1	3585
0F	520D	1	3585
0F	520E	1	3585
0F	520F	1	3585
0F	5210	1	3585
0F	5211	1	3585
0F	58D7	2	3585
0F	58D8	2	3585
0F	58DB	2	3585
0F	58DC	2	3585
0F	58DF	2	3585
0F	58E0	2	3585
0F	58E3	2	3585
0F	58E4	2	3585
0F	58E5	2	3585
0F	58E6	2	3585
0F	58E7	2	3585
0F	58E8	2	3585
0F	58E9	2	3585
0F	58EC	2	3585
0F	58ED	2	3585
0F	58F0	2	3585
0F	58F1	2	3585
0F	58F2	2	3585
0F	58F3	2	3585
0F	58F4	2	3585
0F	58F5	2	3585
0F	58F6	2	3585
0F	58F7	2	3585
0F	58FA	8	3585
0F	58FC	8	3585
0F	58FD	8	3585
0F	5900	24	3585
0F	5901	24	3585
0F	5902	24	3585
0F	5903	24	3585
0F	5904	24	3585
0F	5906	8	3585
0F	5909	8	3585
0F	590A	8	3585
0F	590D	8	3585
0F	590E	8	3585
0F	590F	8	3585
0F	5910	8	3585
0F	5912	8	3585
0F	5914	8	3585
0F	5915	8	3585
0F	5929	8	3585
0F	592A	8	3585
0F	592B	8	3585
0F	592C	8	3585
0F	592D	8	3585
0F	5930	8	3585
0F	5931	8	3585
0F	5934	8	3585
0F	5935	8	3585
0F	5936	8	3585
0F	5939	8	3585
0F	593A	8	3585
0F	593B	8	3585
0F	593C	8	3585
0F	593D	8	3585
0F	593E	8	3585
0F	593F	8	3585
0F	5940	8	3585
0F	5941	8	3585
0F	5942	8	3585
0F	5943	8	3585
0F	5944	8	3585
0F	5945	8	3585
0F	5946	8	3585
0F	5947	8	3585
0F	5948	8	3585
0F	5949	8	3585
0F	594A	8	3585
0F	594B	8	3585
0F	594C	8	3585
0F	594D	8	3585
0F	594E	8	3585
0F	5950	8	3585
0F	5952	8	3585
0F	5953	8	3585
0F	5955	8	3585
0F	5956	8	3585
0F	5957	8	3585
0F	5959	8	3585
0F	595A	8	3585
0F	595B	8	3585
0F	595D	8	3585
0F	595E	8	3585
0F	5960	8	3585
0F	5961	8	3585
0F	5962	8	3585
0F	5963	8	3585
0F	5965	8	3585
0F	5966	8	3585
0F	5967	8	3585
0F	5968	8	3585
0F	5969	8	3585
0F	596B	8	3585
0F	596C	8	3585
0F	596D	8	3585
0F	596E	8	3585
0F	596F	8	3585
0F	5970	8	3585
0F	5971	8	3585
0F	5972	8	3585
0F	5973	8	3585
0F	5974	8	3585
0F	5975	8	3585
0F	5978	8	3585
0F	5979	8	3585
0F	597A	8	3585
0F	597B	8	3585
0F	597E	8	3585
0F	597F	8	3585
0F	5980	8	3585
0F	5981	8	3585
0F	5984	8	3585
0F	5985	8	3585
0F	5986	8	3585
0F	5987	8	3585
0F	598A	8	3585
0F	598B	8	3585
0F	598E	8	3585
0F	598F	8	3585
0F	5991	8	3585
0F	59C6	8	3585
0F	59C9	8	3585
0F	59CC	8	3585
0F	59CE	8	3585
0F	59D1	2	3585
0F	59D4	2	3585
0F	59D6	2	3585
0F	59D9	2	3585
0F	59DC	2	3585
0F	59DE	2	3585
0F	59ED	2	3585
0F	59EF	2	3585
0F	59F0	2	3585
0F	59F1	32	3585
0F	59F3	32	3585
0F	59F5	12	3585
0F	59F7	12	3585
0F	5A04	20	3585
0F	5A06	20	3585
0F	5A07	12	3585
0F	5A09	12	3585
0F	5D68	55	3585
0F	5D69	55	3585
0F	5D6A	55	3585
0F	5D6B	55	3585
0F	5D6E	55	3585
0F	5D6F	55	3585
0F	5D70	55	3585
0F	5D71	55	3585
0F	5D73	3	3585
0F	5D74	3	3585
0F	5D75	3	3585
1C	4000	1	17
1C	4006	1	327
1C	4007	1	327
1C	400D	1	1112
1C	401D	1	1112
1D	4000	2	1762
1D	4003	2	1763
1D	4004	2	1763
1D	4007	2	1763
1D	400A	2	1763
1D	400D	2	1763
1D	4013	2	1763
1D	4016	2	1764
1D	4018	2	1764
1D	401B	2	1764
1D	401E	2	1764
1D	401F	2	1764
1D	4021	1	1764
1D	4023	2	1764
1D	4026	2	1764
1D	4028	2	1764
1D	402B	2	1764
1D	402D	2	1764
1D	402F	2	1764
1D	4031	2	1764
1D	4032	2	1764
1D	4034	2	1764
1D	4036	2	1764
1D	4038	2	1764
1D	403A	2	1764
1D	403C	2	1764
1D	403E	2	1764
1D	4044	2	1764
1D	4047	2	1764
1D	404A	2	1764
1D	404C	2	1764
1D	404E	2	1764
1D	4050	2	1764
1D	4056	2	1765
1D	4059	2	1765
1D	405C	2	1765
1D	405E	2	1765
1D	4060	2	1765
1D	4062	2	1765
1D	4068	2	1766
1D	406B	2	1766
1D	406E	2	1766
1D	4070	2	1766
1D	4072	2	1766
1D	4074	2	1766
1D	407A	2	1767
1D	407D	2	1767
1D	4080	2	1767
1D	4082	2	1767
1D	4084	2	1767
1D	4086	2	1767
1D	408C	2	1768
1D	408F	2	1768
1D	4092	2	1768
1D	4094	2	1768
1D	4096	2	1768
1D	4098	2	1768
1D	409E	2	1769
1D	40A1	2	1769
1D	40A4	2	1769
1D	40A6	2	1769
1D	40A8	2	1769
1D	40AA	2	1769
1D	40B0	2	1770
1D	40B3	2	1770
1D	40B6	2	1770
1D	40B9	2	1770
1D	40BB	2	1770
1D	40C1	2	1770
1D	40C4	2	1770
1D	40C7	2	1770
1D	40CA	2	1770
1D	40CC	2	1770
1D	40D2	2	1770
1D	40D5	2	1770
1D	40D8	2	1770
1D	40DA	2	1770
1D	40DC	2	1770
1D	40E2	2	1770
1D	40E5	2	1770
1D	40E8	2	1770
1D	40EB	2	1770
1D	40EE	2	1770
1D	40F1	2	1770
1D	40F4	2	1770
1D	40F6	2	1770
1D	40FC	2	1770
1D	40FE	2	1770
1D	4101	2	1770
1D	4104	2	1770
1D	4107	2	1770
1D	410D	2	1770
1D	4110	2	1771
1D	4112	2	1771
1D	4114	2	1771
1D	4115	2	1771
1D	4117	2	1771
1D	4119	2	1771
1D	411B	2	1771
1D	411D	2	1771
1D	411E	2	1771
1D	4121	2	1771
1D	4124	2	1771
1D	4127	2	1771
1D	412A	2	1771
1D	412D	2	1771
1D	412F	2	1771
1D	4131	2	1771
1D	4133	2	1771
1D	4139	2	1772
1D	413B	2	1772
1D	413C	2	1772
1D	413E	2	1772
1D	4140	2	1772
1D	4142	2	1772
1D	4144	2	1772
1D	4147	2	1772
1D	414A	2	1772
1D	414C	2	1772
1D	414F	2	1772
1D	4152	2	1772
1D	4154	2	1772
1D	4157	2	1773
1D	415D	2	1773
1D	4163	2	1789
1D	4166	2	1789
1D	4167	2	1789
1D	4169	2	1789
1D	416C	2	1789
1D	416D	2	1789
1D	4170	2	1789
1D	4172	2	1789
1D	4178	2	1794
1D	417A	2	1794
1D	417B	2	1794
1D	417D	2	1794
1D	417F	2	1794
1D	4182	2	1794
1D	4185	2	1794
1D	4186	2	1794
1D	4188	826	1794
1D	418E	826	1794
1D	4191	825	1794
1D	4197	825	1794
1D	419D	825	1794
1D	41AA	824	1794
1D	41B0	824	1794
1D	41B2	824	1794
1D	41B4	824	1794
1D	41B7	824	1794
1D	41BA	824	1795
1D	41BD	1	2062
1D	41BF	1	2062
1D	41C0	1	2062
1D	41C2	1	2062
1D	41C4	1	2062
1D	41C7	1	2062
1D	41CA	1	2062
1D	41CB	1	2062
1D	41CD	1	2062
1D	41D3	1	2094
1D	41D9	1	2096
1D	41DC	1	2096
1D	41DD	1	2096
1D	41DF	1	2096
1D	41E2	1	2096
1D	41E8	1	2096
1D	41EB	1	2096
1D	42AF	2	1772
1D	42B2	2	1772
1D	42B3	2	1772
1D	42B5	2	1772
1D	42B8	2	1772
1D	42BA	2	1772
1D	42BB	2	1772
1D	42BD	2	1772
1D	42BF	2	1772
1D	42C0	2	1772
1D	42C1	2	1772
1D	42C4	2	1772
1D	42C5	2	1772
1D	42C7	2	1772
1D	42C8	2	1772
1D	42C9	2	1772
1D	42CA	2	1772
1D	42CC	2	1772
1D	42CD	2	1772
1D	42D0	2	1772
1D	42D1	2	1772
1D	42D2	2	1772
1D	42D3	2	1772
1D	42D4	2	1772
1D	42D5	2	1772
1D	42D6	2	1772
1D	42D9	2	1772
1D	42DA	2	1772
1D	42DB	2	1772
1D	42DC	2	1772
1D	42DD	2	1772
1D	42DF	2	1772
1D	42E0	2	1772
1D	42E1	2	1772
1D	42E4	2	1772
1D	42E5	2	1772
1D	42E6	2	1772
1D	42E7	2	1772
1D	42E9	2	1772
1D	42EA	2	1772
1D	42EC	2	1772
1D	42ED	2	1772
1D	42F0	2	1772
1D	42F1	2	1772
1D	42F3	2	1772
1D	42F6	2	1772
1D	42F8	2	1772
1D	42FA	2	1772
1D	42FD	2	1772
1D	42FE	2	1772
1D	4300	2	1772
1D	4303	2	1772
1D	4306	2	1772
1D	4307	2	1772
1D	4309	2	1772
1D	430A	1	1772
1D	430C	1	1772
1D	4325	2	1772
1D	4328	2	1772
1D	4329	2	1772
1D	432B	2	1772
1D	432E	2	1772
1D	4330	2	1772
1D	4331	2	1772
1D	4333	2	1772
1D	4335	2	1772
1D	4336	2	1772
1D	4337	2	1772
1D	433A	2	1772
1D	433B	2	1772
1D	433D	2	1772
1D	433E	2	1772
1D	433F	2	1772
1D	4340	2	1772
1D	4342	2	1772
1D	4343	2	1772
1D	4346	2	1772
1D	4347	2	1772
1D	4348	2	1772
1D	4349	2	1772
1D	434A	2	1772
1D	434B	2	1772
1D	434C	2	1772
1D	434F	2	1772
1D	4350	2	1772
1D	4351	2	1772
1D	4352	2	1772
1D	4353	2	1772
1D	4355	2	1772
1D	4356	2	1772
1D	4357	2	1772
1D	435A	2	1772
1D	435B	2	1772
1D	435C	2	1772
1D	435D	2	1772
1D	435F	2	1772
1D	4360	2	1772
1D	4362	2	1772
1D	4363	2	1772
1D	4366	2	1772
1D	4367	2	1772
1D	4369	2	1772
1D	436C	2	1772
1D	436E	2	1772
1D	4370	2	1772
1D	4373	2	1772
1D	439B	824	1794
1D	439E	824	1794
1D	439F	824	1794
1D	43A0	28	1794
1D	43A2	28	1794
1D	43A5	28	1794
1D	43A7	28	1794
1D	43AA	28	1794
1D	43AC	13	1824
1D	43AE	13	1824
1D	43B1	13	1824
1D	43B3	13	1824
1D	43B6	13	1824
1D	43B9	13	1824
1D	43BC	13	1824
1D	43BF	13	1824
1D	43C1	13	1824
1D	43C7	13	1824
1D	43CD	13	1824
1D	43CF	13	1824
1D	43D2	13	1825
1D	43D3	15	1794
1D	43D5	15	1794
1D	43D8	15	1794
1D	43DA	15	1794
1D	43DD	15	1794
1D	43E0	15	1794
1D	43E3	15	1794
1D	43E6	15	1794
1D	43E8	15	1794
1D	43EE	15	1794
1D	43F4	15	1794
1D	43F6	15	1794
1D	43F9	15	1795
1F	4000	1	1112
1F	4003	1	1112
1F	4004	1	1112
1F	4007	1	1112
1F	400A	1	1112
1F	400D	1	1112
1F	4013	1	1112
1F	4015	1	1112
1F	4018	1	1112
1F	401B	1	1112
1F	401C	1	1112
1F	401E	1	1112
1F	4020	1	1112
1F	4023	1	1112
1F	4025	1	1112
1F	4028	1	1112
1F	402B	1	1112
1F	402D	1	1112
1F	4030	1	1112
1F	4032	1	1112
1F	4035	1	1112
1F	4037	1	1112
1F	4039	1	1112
1F	403B	1	1112
1F	403C	1	1112
1F	403E	1	1112
1F	4040	1	1112
1F	4042	1	1112
1F	4044	1	1112
1F	4046	1	1112
1F	4048	1	1112
1F	404E	1	1112
1F	4051	1	1112
1F	4054	1	1112
1F	4056	1	1112
1F	4058	1	1112
1F	405A	1	1112
1F	4060	1	1113
1F	4063	1	1113
1F	4066	1	1113
1F	4068	1	1113
1F	406A	1	1113
1F	406C	1	1113
1F	4072	1	1114
1F	4075	1	1114
1F	4078	1	1114
1F	407A	1	1114
1F	407C	1	1114
1F	407E	1	1114
1F	4084	1	1115
1F	4087	1	1115
1F	408A	1	1115
1F	408C	1	1115
1F	408E	1	1115
1F	4090	1	1115
1F	4096	1	1116
1F	4099	1	1116
1F	409C	1	1116
1F	409E	1	1116
1F	40A0	1	1116
1F	40A2	1	1116
1F	40A8	1	1117
1F	40AB	1	1117
1F	40AE	1	1117
1F	40B0	1	1117
1F	40B2	1	1117
1F	40B4	1	1117
1F	40BA	1	1118
1F	40BD	1	1118
1F	40C0	1	1118
1F	40C2	1	1118
1F	40C4	1	1118
1F	40C6	1	1118
1F	40CC	1	1119
1F	40CF	1	1119
1F	40D2	1	1119
1F	40D5	1	1119
1F	40D7	1	1119
1F	40DD	1	1119
1F	40E0	1	1119
1F	40E3	1	1119
1F	40E6	1	1119
1F	40E8	1	1119
1F	40EE	1	1119
1F	40F1	1	1119
1F	40F4	1	1119
1F	40F6	1	1119
1F	40F8	1	1119
1F	40FE	1	1119
1F	4101	1	1119
1F	4104	1	1119
1F	4107	1	1119
1F	4109	1	1119
1F	410F	1	1119
1F	4112	1	1119
1F	4115	1	1119
1F	4117	1	1119
1F	4119	1	1119
1F	411F	1	1119
1F	4122	1	1119
1F	4125	1	1119
1F	4128	1	1119
1F	412B	1	1119
1F	412E	1	1119
1F	4130	1	1119
1F	4132	1	1119
1F	4138	1	1119
1F	413B	1	1119
1F	413E	1	1119
1F	4141	1	1119
1F	4142	1	1119
1F	4145	1	1119
1F	4148	1	1119
1F	414B	1	1119
1F	414E	1	1119
1F	4151	1	1119
1F	4154	1	1119
1F	4157	1	1120
1F	4159	1	1120
1F	415C	1	1120
1F	415F	1	1120
1F	4162	1	1120
1F	4168	1	1120
1F	416A	1	1120
1F	416C	1	1120
1F	416D	1	1120
1F	416F	1	1120
1F	4171	1	1120
1F	4173	1	1120
1F	4175	1	1120
1F	4176	1	1120
1F	4179	1	1120
1F	417C	1	1120
1F	417F	1	1120
1F	4182	1	1120
1F	4185	1	1120
1F	4187	1	1120
1F	4189	1	1120
1F	418B	1	1120
1F	4191	1	1121
1F	4193	1	1121
1F	4194	1	1121
1F	4196	1	1121
1F	4198	1	1121
1F	419A	1	1121
1F	419C	1	1121
1F	419F	1	1122
1F	41A5	1	1122
1F	41A7	1	1122
1F	41A9	1	1122
1F	41AB	1	1122
1F	41B1	1	1138
1F	41B4	1	1138
1F	41B5	1	1138
1F	41B6	1	1138
1F	41B9	1	1138
1F	41BB	1	1138
1F	41C1	1	1142
1F	41C3	1	1142
1F	41C4	1	1142
1F	41C6	1	1142
1F	41C8	1	1142
1F	41CB	1	1142
1F	41CE	1	1142
1F	41CF	1	1142
1F	41D1	561	1142
1F	41D7	561	1142
1F	41DA	561	1142
1F	41E0	561	1142
1F	41E6	561	1142
1F	41F3	560	1142
1F	41F9	560	1142
1F	41FC	560	1142
1F	41FE	560	1142
1F	4200	560	1142
1F	4203	560	1142
1F	4206	560	1142
1F	4209	560	1142
1F	420A	560	1142
1F	420D	560	1142
1F	4210	560	1142
1F	4211	560	1142
1F	4214	560	1142
1F	4217	1	1728
1F	421A	1	1728
1F	421B	1	1728
1F	421D	1	1728
1F	421F	1	1728
1F	4220	1	1728
1F	4222	1	1728
1F	4224	1	1728
1F	4227	1	1728
1F	422A	1	1728
1F	422B	1	1728
1F	422D	1	1728
1F	4233	1	1760
1F	4239	1	1762
1F	423B	1	1762
1F	423D	1	1762
1F	423F	1	1762
1F	4242	1	1762
1F	4243	1	1762
1F	4245	1	1762
1F	4248	1	1762
1F	424E	1	1762
1F	4251	1	1762
1F	43F7	1	1119
1F	43FA	1	1119
1F	43FC	1	1119
1F	43FE	1	1119
1F	4401	1	1119
1F	4404	1	1119
1F	4406	1	1119
1F	4408	1	1119
1F	440E	1	1119
1F	4411	1	1119
1F	4414	1	1119
1F	4417	1	1119
1F	441A	1	1119
1F	441B	1	1119
1F	441D	1	1119
1F	444F	1	1119
1F	4452	1	1119
1F	4455	1	1119
1F	4457	1	1119
1F	4459	1	1119
1F	445F	1	1119
1F	4462	1	1119
1F	4465	1	1119
1F	4468	1	1119
1F	446A	1	1119
1F	446B	1	1119
1F	446E	1	1119
1F	4470	1	1119
1F	4471	1	1119
1F	4474	1	1119
1F	4477	1	1119
1F	447A	1	1119
1F	44C0	1	1119
1F	44C1	1	1119
1F	44C4	1	1119
1F	44C7	1	1119
1F	44C8	1	1119
1F	44CB	1	1119
1F	44D1	1	1119
1F	44D4	1	1120
1F	44D5	561	1119
1F	44D8	561	1119
1F	44D9	561	1119
1F	44DA	561	1119
1F	44DD	561	1119
1F	44DE	561	1119
1F	44DF	19	1119
1F	44E1	19	1119
1F	44E4	19	1119
1F	44E5	19	1119
1F	44E7	19	1119
1F	4503	19	1119
1F	4506	19	1119
1F	4509	19	1119
1F	450C	19	1119
1F	450F	19	1119
1F	4510	19	1119
1F	4513	19	1119
1F	4515	19	1119
1F	4518	19	1119
1F	451E	19	1119
1F	4520	19	1119
1F	4523	19	1120
1F	4526	19	1120
1F	4527	19	1120
1F	452A	19	1120
1F	452C	19	1120
1F	452D	9	1172
1F	452E	9	1172
1F	4531	9	1172
1F	4561	560	1142
1F	4564	560	1142
1F	4565	560	1142
22	4EF0	2	324
22	4EF2	2	324
22	4EF4	2	324
22	4EF6	2	324
22	4EF7	2	324
22	4EF9	2	324
22	4EFB	2	324
22	4EFD	2	324
22	4F00	2	324
22	4F02	2	324
22	4F04	2	324
22	4F07	2	324
22	4F0A	2	324
22	4F0D	8188	324
22	4F0E	8188	324
22	4F0F	8188	324
22	4F10	8188	324
22	4F12	28	324
22	4F13	8188	324
22	4F14	8188	324
22	4F15	8188	324
22	4F16	8188	324
22	4F18	2	326
22	4F19	2	326
22	4F1A	2	326
22	4F1B	2	326
22	4F1C	2	326
22	4F1D	2	326
22	4F1E	2	326
22	4F20	2	326
22	4F23	2	326
22	4F24	1	3637
22	4F26	1	3637
22	4F28	1	3637
22	4F2A	1	3637
22	4F2B	1	3637
22	4F2D	1	3637
22	4F2F	1	3637
22	4F31	1	3637
22	4F34	1	3637
22	4F36	1	3637
22	4F38	1	3637
22	4F3B	1	3637
22	4F3C	1	3637
22	4F3D	1	3637
22	4F3E	1	3637
22	4F3F	1	3637
22	4F40	1	3637
22	4F42	1	3637
22	4F45	1	3637
22	4F46	1	326
22	4F47	1	326
22	4F48	1	326
22	4F4A	1	326
22	4F4B	1	326
22	4F4C	1	326
22	4F4E	1	326
22	4F4F	1	326
22	4F7B	1	3637
22	4F7D	1	3637
22	4F7F	1	3637
22	4F81	1	3637
22	4F82	1	3637
22	4F84	1	3637
22	4F86	1	3637
22	4F87	1	3637
22	4F89	1	3637
22	4F8B	1	3637
22	4F8D	1	3637
22	4F90	1	3637
22	4F92	1	3637
22	4F94	1	3637
22	4F97	1	3637
22	4F9A	4096	3637
22	4F9B	4096	3637
22	4F9C	4096	3637
22	4F9D	4096	3637
22	4F9E	4096	3637
22	4F9F	4096	3637
22	4FA0	4096	3637
22	4FA2	1	3639
22	4FA3	1	3639
22	4FA5	1	3639
22	4FA8	1	3639
22	4FF6	1	324
22	4FF7	1	324
22	4FF8	1	324
22	4FF9	1	324
22	4FFB	1	324
22	4FFE	1	326
22	5001	1	326
22	5002	1	326
22	5017	1	326
22	5019	1	326
22	501A	1	326
22	501B	1	326
22	501C	1	326
22	501D	1	3635
22	501E	1	3635
22	501F	1	3635
22	5020	1	3635
22	5021	1	3635
22	5023	1	3635
22	5026	1	3637
22	5028	1	3637
22	502B	1	3637
22	502D	1	3637
22	5030	1	3639
22	5031	1	3639
22	5032	1	3639
22	5033	1	3639
22	5034	1	3639
25	4A90	5	2096
25	4A92	5	2096
25	4A94	5	2096
25	4A97	5	2096
25	4A99	5	2096
25	4A9B	5	2096
25	4A9E	5	2096
25	4AA0	5	2096
25	4AA3	5	2096
25	4AA5	5	2096
26	4000	1	3286
26	4002	1	3286
26	4004	1	3286
26	4006	1	3286
26	4009	1	3286
26	400A	1	3286
26	400B	1	3286
26	400C	1	3286
26	400F	1	3286
26	4010	1	3286
26	4012	1	3286
26	4013	1	3286
26	4015	1	3286
26	4017	1	3286
26	4019	1	3286
26	401B	1	3286
26	401E	1	3286
26	4020	1	3286
26	4023	1	3286
26	4024	1	3286
26	4026	1	3286
26	4028	1	3286
26	4029	1	3286
26	402F	1	3286
26	4032	1	3314
26	4038	1	3314
26	4039	1	3314
26	403C	1	3314
26	403E	1	3314
26	4041	1	3316
26	4048	1	3316
26	404B	1	3316
26	404E	1	3316
26	4050	1	3316
26	4052	1	3316
26	4058	1	3316
26	405B	1	3316
26	405E	1	3316
26	4061	1	3316
26	4064	1	3316
26	4067	1	3316
26	4069	1	3316
26	406B	1	3316
26	4071	1	3316
26	4074	1	3316
26	4077	1	3316
26	407A	1	3316
26	4080	1	3316
26	4081	1	3316
26	4095	1	3316
26	4098	1	3316
26	409B	1	3316
26	409D	1	3316
26	409F	1	3316
26	40A5	1	3316
26	40A8	1	3316
26	40AB	1	3316
26	40AE	1	3316
26	40B0	95	3316
26	40B2	95	3316
26	40B4	95	3316
26	40B6	95	3316
26	40B7	95	3316
26	40BA	95	3316
26	40BB	95	3316
26	40BE	95	3316
26	40C1	95	3316
26	40C2	95	3316
26	40C5	95	3316
26	40C6	95	3316
26	40CC	95	3316
26	40CD	95	3316
26	40D0	95	3316
26	40D3	95	3316
26	40D9	95	3316
26	40DA	95	3316
26	40DC	95	3316
26	40DE	95	3316
26	40E8	95	3316
26	40EB	95	3316
26	40ED	95	3316
26	40EF	94	3316
26	40F1	94	3316
26	40F3	1	3410
26	40F4	1	3410
26	40F7	1	3410
26	40FA	1	3410
26	40FC	1	3410
26	40FE	1	3410
26	4104	1	3410
26	4107	1	3410
26	410A	1	3410
26	410D	1	3410
26	410E	1	3410
26	4114	1	3410
26	4115	1	3410
26	4118	1	3411
26	411B	1	3411
26	4121	1	3411
26	4122	1	3411
26	4128	1	3411
26	4129	1	3411
26	412C	1	3411
26	4132	1	3411
26	4138	17	3411
26	4139	17	3411
26	413A	17	3411
26	4140	17	3411
26	4141	17	3411
26	4144	17	3412
26	4147	17	3412
26	414D	17	3412
26	414E	17	3412
26	4150	17	3412
26	4152	17	3412
26	4155	17	3412
26	415B	17	3412
26	415D	17	3412
26	415F	1	3428
26	4161	1	3428
26	4163	1	3428
26	4166	1	3428
26	4169	1	3428
26	416B	1	3428
26	416D	1	3428
26	4173	1	3428
26	4176	1	3428
26	4179	1	3428
26	417C	120	3428
26	417E	120	3428
26	4180	120	3428
26	4182	120	3428
26	4183	120	3428
26	4186	120	3428
26	4187	120	3428
26	418A	120	3428
26	418B	120	3428
26	4191	120	3428
26	4192	120	3428
26	4195	120	3429
26	4198	120	3429
26	419E	120	3429
26	419F	120	3429
26	41A1	120	3429
26	41A3	120	3429
26	41A6	120	3429
26	41A9	120	3429
26	41AB	120	3429
26	41AD	119	3429
26	41AF	119	3429
26	41B1	1	3550
26	41B4	1	3550
26	41B7	1	3550
26	41B9	1	3550
26	41BB	1	3550
26	41C1	1	3550
26	41C4	1	3550
26	41C7	1	3550
26	41CA	1	3550
26	41CC	15	3550
26	41CD	15	3550
26	41CE	15	3550
26	41D4	15	3550
26	41D5	15	3550
26	41D8	15	3551
26	41DB	15	3551
26	41E1	15	3551
26	41E2	15	3551
26	41E4	15	3551
26	41E6	15	3551
26	41E9	15	3551
26	41EA	15	3551
26	41EC	1	3565
26	41EF	1	3565
26	41F2	1	3565
26	41F4	1	3565
26	41F6	1	3565
26	41FC	1	3565
26	41FF	1	3565
26	4202	1	3565
26	4205	1	3565
26	4208	1	3565
26	420B	1	3565
26	420D	1	3565
26	420F	1	3565
26	4215	1	3565
26	4218	1	3565
26	421B	1	3565
26	421E	1	3565
26	4221	1	3565
26	4224	1	3565
26	4226	1	3565
26	4228	1	3565
26	422E	1	3565
26	4231	1	3565
26	4234	1	3565
26	4237	1	3565
26	4239	20	3565
26	423A	20	3565
26	423B	20	3565
26	4241	20	3565
26	4242	20	3565
26	4245	20	3566
26	4248	20	3566
26	424E	20	3566
26	424F	20	3566
26	4251	20	3566
26	4253	20	3566
26	4256	20	3566
26	4257	20	3566
26	4259	1	3585
26	425C	1	3585
26	425F	1	3585
26	4261	1	3585
26	4263	1	3585
26	4269	1	3585
26	426C	1	3585
26	426F	1	3585
26	4272	1	3585
26	4273	1	3585
26	4279	1	3585
26	427A	1	3585
26	427C	1	3585
26	427E	1	3585
26	4280	1	3585
26	4283	1	3585
26	4285	1	3585
26	4286	1	3585
26	428C	1	3585
26	4292	1	3586
26	4293	1	3586
26	4294	1	3586
26	4296	1	3586
26	4297	1	3586
26	4299	1	3586
26	429B	1	3586
26	429E	1	3586
26	42A1	1	3586
26	42A2	1	3586
26	42A4	1	3586
26	42A5	1	3586
26	42A6	43	3586
26	42A7	43	3586
26	42AD	43	3586
26	42AE	43	3586
26	42B1	43	3586
26	42B7	43	3586
26	42BA	43	3586
26	42C0	43	3586
26	42C2	43	3586
26	42C4	43	3586
26	42C5	43	3586
26	42C7	43	3586
26	42C9	43	3586
26	42CF	43	3586
26	42D0	43	3586
26	42D2	43	3586
26	42D4	1	3628
26	4308	1	3628
26	430E	1	3628
26	4314	7	3628
26	4315	7	3628
26	4316	7	3628
26	431C	7	3628
26	431D	7	3628
26	4320	7	3629
26	4323	7	3629
26	4329	7	3629
26	432A	7	3629
26	432C	7	3629
26	432E	7	3629
26	4331	7	3629
26	4337	7	3629
26	4339	7	3629
26	433B	1	3635
26	4341	1	3639
26	4343	1	3639
26	4345	1	3639
26	4347	1	3639
26	434A	1	3639
26	434C	1	3639
26	434D	1	3639
26	434F	60	3639
26	4350	60	3639
26	4351	60	3639
26	4357	60	3639
26	4358	60	3639
26	435B	60	3639
26	435E	60	3639
26	4364	60	3639
26	4365	60	3639
26	4367	60	3639
26	4369	60	3639
26	436C	60	3639
26	436D	60	3639
26	436F	1	3698
26	4372	1	3698
26	4375	1	3698
26	4377	1	3698
26	4379	1	3698
26	437F	1	3698
26	4382	1	3698
26	4385	1	3698
26	4388	1	3698
26	438B	1	3698
26	438E	1	3698
26	4390	1	3698
26	4392	1	3698
26	4398	1	3698
26	439B	1	3698
26	439E	1	3698
26	43A1	1	3698
26	43A4	1	3698
26	43A7	1	3698
26	43A9	1	3698
26	43AB	1	3698
26	43B1	1	3698
26	43B4	1	3698
26	43B7	1	3698
26	43BA	1	3698
26	43BC	60	3698
26	43BD	60	3698
26	43BE	60	3698
26	43C4	60	3698
26	43C5	60	3698
26	43C8	60	3699
26	43CB	60	3699
26	43D1	60	3699
26	43D2	60	3699
26	43D4	60	3699
26	43D6	60	3699
26	43D9	60	3699
26	43DA	60	3699
26	43DC	1	3758
26	43DF	1	3758
26	43E2	1	3758
26	43E4	1	3758
26	43E6	1	3758
26	43EC	1	3758
26	43EF	1	3758
26	43F2	1	3758
26	43F5	1	3758
26	43F8	1	3758
26	43FB	1	3758
26	43FE	121	3758
26	4400	121	3758
26	4402	121	3758
26	4404	121	3758
26	4405	121	3758
26	4408	121	3758
26	4409	121	3758
26	440C	121	3758
26	440D	121	3758
26	4413	121	3758
26	4414	121	3758
26	4417	121	3759
26	441A	121	3759
26	4420	121	3759
26	4421	121	3759
26	4423	121	3759
26	4425	121	3759
26	4428	121	3759
26	442B	121	3759
26	442D	121	3759
26	442F	121	3759
26	4431	121	3759
26	4433	1	3879
26	4436	1	3879
26	4437	1	3879
26	44F5	1	3879
26	44F8	1	3881
26	44FB	1	3881
26	44FE	1	3881
26	4500	1	3881
26	4502	1	3881
26	4508	1	3881
26	450B	1	3881
26	450E	1	3881
26	4511	1	3881
26	4517	1	3881
26	4518	1	3881
26	4536	1	3881
26	4539	1	3881
26	453C	1	3881
26	453E	1	3881
26	4540	1	3881
26	4546	1	3881
26	4549	1	3881
26	454C	1	3881
26	454F	1	3881
26	4552	1	3881
26	4555	1	3881
26	4557	1	3881
26	4559	1	3881
26	455F	1	3881
26	4562	1	3881
26	4565	1	3881
26	4568	1	3881
26	456B	1	3883
26	4571	1	3883
26	4577	28	3883
26	4578	28	3883
26	457E	28	3883
26	457F	28	3883
26	4582	28	3883
26	4585	28	3883
26	458B	28	3883
26	458D	28	3883
26	458F	28	3883
26	4592	28	3883
26	4598	28	3883
26	459A	28	3883
26	459C	1	3910
26	459E	1	3910
26	45AE	1	3910
26	45AF	1	3910
26	45B0	1	3910
26	45B1	1	3910
26	45B2	1	3910
26	45B3	1	3910
26	4636	1	3910
26	4638	1	3910
26	463A	1	3910
26	463C	1	3910
26	463F	1	3910
26	4640	1	3910
26	4641	1	3910
26	4642	1	3910
26	4643	1	3910
26	4644	1	3910
26	4645	1	3910
26	4646	1	3910
26	4647	1	3910
26	4649	1	3910
26	464B	1	3910
26	464D	1	3910
26	4650	1	3910
26	4651	1	3910
26	4652	1	3910
26	4653	1	3910
26	4654	1	3910
26	4655	1	3910
26	4656	1	3910
26	4657	1	3910
26	4658	1	3910
26	4659	1	3910
26	465C	1	3910
26	465D	1	3910
26	465E	79	3910
26	4660	79	3910
26	4662	79	3910
26	4664	79	3910
26	4665	79	3910
26	4668	79	3910
26	4669	79	3910
26	466C	79	3910
26	466F	79	3911
26	4670	79	3911
26	4676	79	3911
26	4677	79	3911
26	467A	79	3911
26	4680	79	3911
26	4681	79	3911
26	4683	79	3911
26	4685	79	3911
26	4688	79	3911
26	468A	79	3911
26	468C	79	3911
26	468E	79	3911
26	4691	79	3911
26	4693	79	3911
26	4695	78	3911
26	4697	78	3911
26	4699	1	3991
26	469C	1	3991
26	469F	1	3991
26	46A1	1	3991
26	46A3	1	3991
26	46A9	1	3991
26	46AC	1	3991
26	46AF	1	3991
26	46B2	1	3991
26	46B4	30	3991
26	46B7	30	3991
26	46BA	30	3991
26	46BB	30	3991
26	46BC	30	3991
26	46C2	30	3991
26	46C3	30	3991
26	46C6	30	3992
26	46C9	30	3992
26	46CF	30	3992
26	46D0	30	3992
26	46D2	30	3992
26	46D4	30	3992
26	46D7	30	3992
26	46D8	30	3992
26	46DA	1	4021
26	46DD	1	4023
26	46DF	1	4023
26	46E1	1	4023
26	46E3	1	4023
26	46E6	1	4023
26	46E7	1	4023
26	46E9	1	4023
26	46EA	1	4023
26	46EB	1	4023
26	46ED	1	4023
26	46EE	1	4023
26	46EF	1	4023
26	46F1	1	4023
26	46F3	1	4023
26	46F5	1	4023
26	46F8	1	4023
26	46F9	1	4023
26	46FA	1	4023
26	46FB	1	4023
26	46FC	1	4023
26	46FD	1	4023
26	46FE	1	4023
26	46FF	1	4023
26	4700	1	4023
26	4701	1	4023
26	4702	1	4023
26	4A8A	1	4023
26	4A8B	1	4023
26	4A8C	1	4023
26	4A92	1	4023
26	4A93	1	4023
26	4A94	1	4023
26	4A95	1	4023
26	4A97	1	4023
26	4A9E	1	4023
26	4AA1	1	4024
26	4AA2	1	4024
26	4AA3	1	4024
26	4AA5	1	4024
26	4AA6	1	4024
26	4AA8	1	4024
26	4AAA	1	4024
26	4AAD	1	4024
26	4AB0	1	4024
26	4AB1	1	4024
26	4AB3	1	4024
26	4AB4	1	4024
26	4AB5	1	4024
26	4AB8	1	4024
26	4ABB	1	4024
26	4ABD	1	4024
26	4ABF	1	4024
26	4AC5	1	4024
26	4AC8	1	4024
26	4ACB	1	4024
26	4ACE	1	4024
26	4AD1	1	4024
26	4AD4	1	4024
26	4AD6	1	4024
26	4AD8	1	4024
26	4ADE	1	4024
26	4AE1	1	4024
26	4AE4	1	4024
26	4AE7	1	4024
26	4AEA	1	4024
26	4AED	1	4024
26	4AEF	1	4024
26	4AF1	1	4024
26	4AF7	1	4024
26	4AFA	1	4024
26	4AFD	1	4024
26	4B00	1	4024
26	4B02	9	4024
26	4B05	9	4024
26	4B08	9	4024
26	4B09	9	4024
26	4B0A	9	4024
26	4B10	9	4024
26	4B11	9	4024
26	4B14	9	4024
26	4B15	9	4024
26	4B1B	9	4024
26	4B1C	9	4024
26	4B1F	9	4025
26	4B20	9	4025
26	4B26	9	4025
26	4B27	9	4025
26	4B2A	9	4026
26	4B2D	9	4026
26	4B33	9	4026
26	4B35	9	4026
26	4B37	9	4026
26	4B39	9	4026
26	4B3C	9	4026
26	4B3D	9	4026
26	4B40	9	4026
26	4B41	9	4026
26	4B43	9	4026
26	4B45	9	4026
26	4B48	9	4026
26	4B49	9	4026
26	4B4B	1	4050
26	4B4E	1	4050
26	4B51	1	4050
26	4B54	1	4050
26	4B55	1	4050
26	4B56	1	4050
26	4B58	1	4050
26	4B59	1	4050
26	4B5B	1	4050
26	4B5D	1	4050
26	4B60	1	4050
26	4B63	1	4050
26	4B64	1	4050
26	4B66	1	4050
26	4B67	1	4050
26	4B68	1	4050
26	4B6B	1	4050
26	4B6E	1	4050
26	4B70	1	4050
26	4B72	1	4050
26	4B78	1	4050
26	4B7B	1	4050
26	4B7E	1	4050
26	4B81	1	4050
26	4B84	1	4050
26	4B87	1	4050
26	4B89	1	4050
26	4B8B	1	4050
26	4B91	1	4050
26	4B94	1	4050
26	4B97	1	4050
26	4B9A	31	4050
26	4B9D	31	4050
26	4BA0	31	4050
26	4BA2	31	4050
26	4BA4	31	4050
26	4BA6	31	4050
26	4BA7	31	4050
26	4BAA	31	4050
26	4BAB	31	4050
26	4BAE	31	4050
26	4BAF	31	4050
26	4BB5	31	4050
26	4BB6	31	4050
26	4BB9	31	4051
26	4BBC	31	4051
26	4BC2	31	4051
26	4BC3	31	4051
26	4BC5	31	4051
26	4BC7	31	4051
26	4BCA	31	4051
26	4BCD	31	4051
26	4BCF	31	4051
26	4BD1	30	4051
26	4BD3	30	4051
26	4BD5	1	4081
26	4BDB	1	4081
26	4BDC	1	4081
26	4BF1	1	4081
26	4BF4	1	4081
26	4BF7	1	4081
26	4BF9	1	4081
26	4BFB	1	4081
26	4C01	1	4081
26	4C03	1	4081
26	4C05	1	4081
26	4C07	1	4081
26	4C0A	1	4081
26	4C0B	1	4081
26	4C0D	1	4081
26	4C1F	1	4081
26	4C22	1	4081
26	4C25	1	4081
26	4C28	1	4081
26	4C2B	1	4081
26	4C2E	1	4081
26	4C30	1	4081
26	4C32	1	4081
26	4C38	1	4081
26	4C3B	1	4081
26	4C3E	1	4081
26	4C41	111	4081
26	4C44	111	4081
26	4C47	111	4081
26	4C49	111	4081
26	4C4B	111	4081
26	4C4D	111	4081
26	4C4E	111	4081
26	4C51	111	4081
26	4C52	111	4081
26	4C55	111	4081
26	4C58	111	4081
26	4C59	111	4081
26	4C5C	111	4081
26	4C5D	111	4081
26	4C63	111	4081
26	4C64	111	4081
26	4C67	111	4082
26	4C6A	111	4082
26	4C70	111	4082
26	4C71	111	4082
26	4C73	111	4082
26	4C75	111	4082
26	4C78	111	4082
26	4C7B	111	4082
26	4C7D	111	4082
26	4C7F	110	4082
26	4C81	110	4082
26	4C83	1	4192
26	4C89	1	4192
26	4C8C	1	4193
26	4C92	1	4208
26	4C93	1	4208
26	4EC3	2	3879
26	4EC4	2	3879
26	4EC5	2	3879
26	4EC6	2	3879
26	4EC7	2	3879
26	4EC8	2	3879
26	4ECB	2	3879
26	4ECD	2	3879
26	4ECF	2	3879
26	4ED2	2	3879
26	4ED4	2	3879
26	4ED6	2	3879
26	4ED9	2	3879
26	4EDA	2	3879
26	4EDD	2	3879
26	4EDE	2	3879
26	4F0D	2	3879
26	4F0E	2	3879
26	4F0F	2	3879
26	4F11	2	3879
26	4F65	2	3879
26	4F66	2	3879
26	4F67	2	3879
26	4F68	2	3879
26	4F69	2	3879
26	4F6A	2	3879
26	50AC	181	3991
26	50AF	181	3991
26	50B1	181	3991
26	50B3	181	3991
26	50B4	181	3991
26	50B5	181	3991
26	5168	1	3286
26	5169	1	3286
26	516A	1	3286
26	5170	1	3286
26	5176	1	3286
26	517C	1	3288
26	5182	1	3289
26	5183	1	3289
26	5185	1	3289
26	5187	1	3289
26	5189	1	3289
26	518B	1	3289
26	518D	1	3289
26	518F	1	3289
26	5191	1	3289
26	5192	1	3289
26	5193	1	3289
26	5194	1	3289
26	5196	1	3289
26	5198	1	3289
26	519B	1	3289
26	519E	6144	3289
26	51A0	6144	3289
26	51A1	6144	3289
26	51A2	6144	3289
26	51A3	6144	3289
26	51A4	6144	3289
26	51A6	1	3291
26	51A8	1	3291
26	51AA	1	3291
26	51AD	1	3291
26	51B0	6144	3291
26	51B2	6144	3291
26	51B3	6144	3291
26	51B4	6144	3291
26	51B5	6144	3291
26	51B6	6144	3291
26	51B8	1	3293
26	51BA	1	3293
26	51BC	1	3293
26	51BE	1	3293
26	51C1	1	3293
26	51C4	3840	3293
26	51C6	3840	3293
26	51C7	3840	3293
26	51C8	3840	3293
26	51C9	3840	3293
26	51CA	3840	3293
26	51CC	1	3295
26	51CF	1	3295
26	51D2	1	3295
26	51D5	1	3295
26	51D7	1	3295
26	51DD	1	3295
26	51E0	1	3295
26	51E3	1	3295
26	51E6	1	3295
26	51E8	1	3295
26	51EE	1	3295
26	51F1	1	3295
26	51F4	1	3295
26	51F6	1	3295
26	51F8	1	3295
26	51FA	1	3295
26	5200	1	3295
26	5203	1	3295
26	5206	1	3295
26	5208	1	3295
26	520A	1	3295
26	520C	1	3295
26	5212	1	3295
26	5215	1	3295
26	5218	1	3295
26	521A	1	3295
26	521C	1	3295
26	521E	1	3295
26	5224	1	3295
26	5227	1	3295
26	522A	1	3295
26	522C	1	3295
26	522E	1	3295
26	5230	1	3295
26	5236	1	3295
26	5239	1	3295
26	523C	1	3295
26	523E	1	3295
26	5240	1	3295
26	5242	1	3295
26	5248	1	3295
26	524B	1	3295
26	524E	1	3295
26	5250	1	3295
26	5252	1	3295
26	5254	1	3295
26	525A	1	3295
26	525D	1	3295
26	5260	1	3295
26	5262	1	3295
26	5264	1	3295
26	5266	1	3295
26	526C	1	3295
26	526F	1	3295
26	5272	1	3295
26	5274	1	3295
26	5276	1	3295
26	5278	1	3295
26	527E	1	3295
26	5281	1	3295
26	5284	1	3295
26	5287	1	3295
26	5289	1	3295
26	528F	1	3295
26	5292	1	3295
26	5295	1	3295
26	5298	1	3295
26	529A	1	3295
26	52A0	1	3295
26	52A1	1	3295
26	52A3	1	3295
26	52A6	1	3295
26	52A7	1	3295
26	52A8	1	3295
26	52D8	1	3295
26	52D9	1	3295
26	52DB	1	3295
26	52DE	1	3295
26	52E0	1	3295
26	52E1	64	3295
26	52E2	64	3295
26	52E3	64	3295
26	52E4	64	3295
26	52E6	1	3295
26	52EC	1	3295
26	52EF	1	3297
26	52F1	1	3297
26	52F3	1	3297
26	52F5	1	3297
26	52F8	1	3297
26	52FB	1	3297
26	52FE	1	3297
26	52FF	1	3297
26	5301	1	3297
26	5302	1	3297
26	5304	1	3297
26	5306	1	3297
26	5309	1	3297
26	530C	1	3297
26	530D	1	3297
26	530F	1	3297
26	5310	1	3297
26	5316	1	3297
26	5319	1	3297
26	531F	1	3314
26	5320	1	3314
26	5322	1	3314
26	5323	1	3314
26	5325	1	3314
26	5327	1	3314
26	5329	1	3314
26	532B	1	3314
26	532E	1	3314
26	5330	1	3314
26	5333	1	3314
26	5334	1	3314
26	5336	1	3314
26	5338	1	3314
26	5339	1	3314
26	533F	1	3314
26	5342	1	3314
26	5343	883	3295
26	5697	1	3314
26	5698	1	3314
26	569A	1	3314
26	569C	1	3314
26	569E	1	3314
26	56A1	1	3314
26	56A4	1	3314
26	56A7	1	3314
26	56AD	1	3315
26	56B0	1	3316
26	56B1	1	3316
26	56DB	1	3881
26	56DC	1	3881
26	56DE	1	3881
26	56E0	1	3881
26	56E2	1	3881
26	56E5	1	3881
26	56E8	1	3881
26	56EB	1	3881
26	56F1	1	3882
26	56F4	1	3883
26	56F5	1	3883
26	57A7	1	4023
26	57A8	1	4023
26	57AA	1	4023
26	57AC	1	4023
26	57AE	1	4023
26	57B1	1	4023
26	57B4	1	4023
26	57B7	1	4023
26	57BD	1	4023
26	57C0	1	4024
26	57C1	1	4024
26	5873	2	3879
26	5874	2	3879
26	5876	2	3879
26	5878	2	3879
26	587A	2	3879
26	587D	2	3879
26	5880	2	3879
26	5883	2	3879
26	5889	2	3880
26	588C	2	3881
26	588D	2	3881
26	58B7	5	3315
26	58B9	5	3315
26	58BA	5	3315
26	58BC	5	3315
26	58BE	5	3315
26	58C0	5	3315
26	58C1	5	3315
26	58C3	5	3315
26	58C6	5	3315
26	58C9	5	3315
26	58CB	5	3315
26	58CE	5	3315
26	58D1	5	3315
26	58D3	5	3315
26	58D6	5	3316
26	58D7	5	3316
26	58D9	5	3316
26	58DB	5	3316
26	58DC	883	3295
26	58DD	883	3295
26	58DE	883	3295
26	58DF	883	3295
26	58E0	883	3295
26	58E3	883	3295
26	58E4	883	3295
26	58E6	883	3295
26	58E8	883	3295
26	58E9	883	3295
26	58EB	883	3295
26	58ED	883	3295
26	58EF	883	3295
26	58F2	883	3295
26	58F3	883	3295
26	58F5	883	3295
26	58F7	883	3295
26	58F9	883	3295
26	58FC	883	3295
26	58FD	883	3295
26	58FF	867	3316
26	5900	867	3316
26	5902	867	3316
26	5904	867	3316
26	5905	867	3316
26	5906	867	3316
26	5907	867	3316
26	5908	867	3316
26	5909	16	3295
26	590A	16	3295
26	590D	16	3295
26	5910	16	3295
26	5913	16	3295
26	5915	16	3295
26	5917	16	3295
26	5919	16	3295
26	591F	16	3296
26	5922	16	3296
26	5924	16	3296
26	5968	16	3296
26	596B	16	3296
26	596C	16	3296
26	596E	16	3296
26	5971	16	3296
26	5977	16	3296
26	5979	16	3296
26	597B	16	3296
26	597D	16	3296
26	597E	16	3296
26	5980	16	3296
26	5983	16	3296
26	5984	16	3296
26	5986	16	3296
26	5989	16	3296
26	598C	16	3296
26	598D	16	3296
26	598F	16	3296
26	5992	16	3296
26	5998	16	3296
26	599A	16	3296
26	599C	16	3296
26	599E	16	3296
26	599F	16	3296
26	59A1	16	3296
26	59A4	16	3296
26	59A5	16	3296
26	59A7	16	3296
26	59AA	16	3296
26	59AB	16	3296
26	59AD	16	3296
26	59B0	16	3297
26	59B1	16	3297
26	59B2	16	3297
26	59B3	16	3297
26	59B4	16	3297
26	59B5	16	3297
26	59B6	5	3315
26	59B7	5	3315
26	59B8	5	3315
26	59BA	5	3315
26	59BB	5	3315
26	59BD	5	3315
26	59BE	5	3315
26	59C0	5	3315
26	59C1	5	3315
26	59C3	5	3315
26	59C6	14634	3315
26	59C7	14634	3315
26	59C9	14634	3315
26	59CB	5	3315
26	59CD	377	3315
26	59CE	377	3315
26	59CF	377	3315
26	59D1	5	3316
26	59D2	5	3316
26	59D4	5	3316
26	59D6	5	3316
26	59D7	5	3316
27	4000	1	2096
27	4002	1	2096
27	4005	1	2096
27	4006	1	2096
27	4009	1	2096
27	400B	1	2096
27	400D	1	2096
27	400F	1	2096
27	4012	1	2096
27	4015	1	2096
27	4017	7	2096
27	4018	7	2096
27	4019	7	2096
27	401A	7	2096
27	401B	7	2096
27	401D	1	2096
27	4023	1	2096
27	4025	1	2096
27	4026	1	2096
27	4029	1	2096
27	402A	1	2096
27	402D	1	2096
27	402F	1	2096
27	4032	1	2096
27	4038	1	2831
27	4039	1	2831
27	403A	1	2831
27	4040	1	2831
27	4042	1	2831
27	4044	1	2831
27	4046	1	2831
27	4049	1	2831
27	404A	1	2831
27	404B	1	2831
27	404D	1	2831
27	404E	1	2831
27	404F	1	2831
27	4050	1	2831
27	4051	1	2831
27	4052	1	2831
27	4053	1	2831
27	4054	1	2831
27	4055	1	2831
27	4056	1	2831
27	4057	1	2831
27	4058	1	2831
27	405A	1	2831
27	405B	1	2831
27	405C	1	2831
27	405D	1	2831
27	405E	1	2831
27	405F	1	2831
27	4065	1	2831
27	4067	1	2831
27	4069	1	2831
27	406F	1	3286
27	4071	1	3286
27	4073	1	3286
27	4075	1	3286
27	4077	1	3286
27	4079	1	3286
27	40D7	1	3286
27	40DD	1	4208
27	40DF	1	4208
27	40E1	1	4208
27	40E4	1	4208
27	40E6	1	4208
27	40E9	1	4208
27	40EB	1	4208
27	40ED	1	4208
27	40F3	1	4515
27	40FF	1	4515
27	4100	1	4515
27	4103	1	4515
27	4109	1	4515
27	410A	1	4515
27	4110	1	4515
27	4112	1	4515
27	4115	1	4515
27	4118	1	4515
27	411E	1	4810
27	411F	1	4810
27	4120	1	4810
27	4122	1	4810
27	4124	1	4810
27	4126	1	4810
27	4128	1	4810
27	4129	1	4810
27	412F	1	4810
27	4131	1	4810
27	4133	1	4810
27	4135	1	4810
27	4138	1	4810
27	413A	1	4810
27	413C	1	4810
27	413D	1	4810
27	413F	1	4810
27	4141	1	4810
27	4143	1	4810
27	4146	1	4810
27	4147	1	4810
27	4148	1	4810
27	4149	1	4810
27	414C	1	4810
27	414D	1	4810
27	4156	1	4810
27	415C	1	4969
27	415D	1	4969
27	4160	1	4969
27	4166	1	5069
27	4168	1	5069
27	41BC	8	2096
27	41BE	8	2096
27	41C0	8	2096
27	41C3	8	2096
27	41C5	8	2096
27	41C7	8	2096
27	41CA	8	2096
27	41CD	8	2096
27	41CE	8	2096
27	41D0	8	2096
27	41D2	3	3881
27	41D3	3	3881
27	41D5	3	3881
27	41D8	3	3881
27	41DA	3	3881
27	41DB	5	2096
27	41DC	5	2096
27	41DE	5	2096
27	41E1	5	2096
27	41E2	5	2096
27	41E3	1	2831
27	41E5	1	2831
27	41E6	1	2831
27	41E7	1	2831
27	41E9	1	2831
27	41EB	1	2831
27	41EC	1	2831
27	41EF	1	2831
27	4201	1	2831
27	4202	1	2831
27	4205	1	2850
27	4206	1	2850
27	4208	1	2850
27	4209	1	2850
27	420B	1	2850
27	420D	1	2850
27	4210	1	2850
27	4213	1	2850
27	4214	1	2850
27	4216	1	2850
27	4217	1	2850
27	4219	1	2850
27	421B	1	2850
27	421D	1	2850
27	421F	1	2850
27	4222	1	2850
27	4225	9	2850
27	4226	9	2850
27	4227	9	2850
27	4228	9	2850
27	4229	9	2850
27	422B	1	2850
27	422E	1	2850
27	4231	1	2850
27	4233	1	2850
27	4235	1	2850
27	423B	1	2850
27	423E	1	2850
27	4241	1	2850
27	4244	1	2850
27	4247	1	2850
27	424A	1	2850
27	424C	1	2850
27	424E	1	2850
27	4254	1	2850
27	4257	1	2850
27	425A	1	2850
27	425D	1	2850
27	4260	1	2850
27	4262	1	2850
27	4264	1	2850
27	4267	1	2850
27	4268	1	2850
27	427C	1	2850
27	427F	1	2850
27	4282	1	2850
27	4284	1	2850
27	4286	1	2850
27	428C	1	2850
27	428F	1	2850
27	4292	1	2850
27	4295	1	2850
27	42CF	1	2850
27	42D5	1	2850
27	42DB	1	2850
27	42E1	1	2850
27	42E2	1	2850
27	42E5	1	2850
27	42E8	1	2850
27	42E9	1	2850
27	42EA	1	2850
27	42ED	1	2850
27	42EE	1	2850
27	42EF	1	2850
27	42F0	1	2850
27	42F1	1	2850
27	42F3	1	2850
27	42F6	1	2850
27	42F7	1	2850
27	42FA	1	2850
27	42FD	1	2850
27	4303	1	2850
27	4305	103	2850
27	4307	103	2850
27	4309	103	2850
27	430B	103	2850
27	430C	103	2850
27	430F	103	2850
27	4310	103	2850
27	4313	103	2850
27	4316	103	2850
27	4317	103	2850
27	431A	103	2850
27	431B	103	2850
27	4321	103	2850
27	4322	103	2850
27	4325	103	2851
27	432B	103	2851
27	432C	103	2851
27	432E	103	2851
27	4330	103	2851
27	4334	103	2851
27	4337	103	2851
27	433A	103	2851
27	433D	103	2851
27	433F	103	2851
27	4341	205	2954
27	4342	205	2954
27	4344	205	2954
27	4347	205	2954
27	4348	205	2954
27	4349	205	2954
27	434F	205	2954
27	4350	205	2954
27	4353	205	2955
27	4355	205	2955
27	4356	205	2955
27	4358	205	2955
27	435A	205	2955
27	435B	205	2955
27	435D	205	2955
27	435F	205	2955
27	4362	205	2955
27	4363	205	2955
27	4365	205	2955
27	436B	205	2955
27	436C	205	2955
27	436E	205	2955
27	4370	205	2955
27	4374	205	2955
27	4377	205	2955
27	437A	205	2955
27	437B	205	2955
27	4381	205	2955
27	4382	205	2955
27	4384	205	2955
27	4386	1	3159
27	4388	1	3159
27	4393	1	3159
27	4394	1	3159
27	4396	1	3159
27	4398	1	3159
27	439B	1	3159
27	43A1	1	3159
27	43A2	1	3159
27	43A3	1	3159
27	43A9	1	3159
27	43AC	1	3159
27	43B2	1	3159
27	43B3	32	3159
27	43B4	32	3159
27	43B6	32	3159
27	43B9	32	3159
27	43BA	32	3159
27	43BB	32	3159
27	43C1	32	3159
27	43C2	32	3159
27	43C5	32	3160
27	43C7	32	3160
27	43C8	32	3160
27	43CA	32	3160
27	43CC	32	3160
27	43CD	32	3160
27	43CF	32	3160
27	43D1	32	3160
27	43D4	32	3160
27	43D5	32	3160
27	43D7	32	3160
27	43DD	32	3160
27	43DE	32	3160
27	43E0	32	3160
27	43E2	32	3160
27	43E6	32	3160
27	43E7	32	3160
27	43ED	32	3160
27	43EE	32	3160
27	43F0	32	3160
27	43F2	1	3192
27	43F4	1	3192
27	43FF	1	3192
27	4401	1	3192
27	4404	1	3192
27	4405	1	3192
27	4406	1	3192
27	4408	1	3192
27	4409	1	3192
27	440B	1	3192
27	440D	1	3192
27	4410	1	3192
27	4413	1	3192
27	4414	1	3192
27	4416	1	3192
27	4417	1	3192
27	4418	1	3192
27	441B	1	3192
27	441E	1	3192
27	4421	1	3192
27	4423	1	3192
27	4429	1	3192
27	442B	1	3192
27	4431	1	3194
27	4434	1	3194
27	4437	1	3194
27	4439	1	3194
27	443B	1	3194
27	4441	1	3194
27	4444	1	3194
27	4447	1	3194
27	444A	1	3194
27	444C	30	3194
27	444D	30	3194
27	444E	30	3194
27	4454	30	3194
27	4455	30	3194
27	4458	30	3194
27	445A	30	3194
27	445B	30	3194
27	445D	30	3194
27	445F	30	3194
27	4460	30	3194
27	4462	30	3194
27	4464	30	3194
27	4467	30	3194
27	4468	30	3194
27	446A	30	3194
27	446B	30	3194
27	446C	30	3194
27	446E	1	3223
27	4471	1	3223
27	4474	1	3223
27	4477	1	3223
27	4478	1	3223
27	4479	1	3223
27	447B	1	3223
27	447C	1	3223
27	447E	1	3223
27	4480	1	3223
27	4483	1	3223
27	4486	1	3223
27	4487	1	3223
27	4489	1	3223
27	448A	1	3223
27	448B	48	3223
27	448E	48	3223
27	4491	48	3223
27	4493	48	3223
27	4495	48	3223
27	4497	48	3223
27	4498	48	3223
27	449B	48	3223
27	449C	48	3223
27	449D	48	3223
27	44A0	48	3223
27	44A3	48	3223
27	44A4	48	3223
27	44A5	48	3223
27	44A8	48	3223
27	44A9	48	3223
27	44AF	48	3223
27	44B0	48	3223
27	44B3	48	3224
27	44B5	48	3224
27	44B6	48	3224
27	44B8	48	3224
27	44BA	48	3224
27	44BB	48	3224
27	44BD	48	3224
27	44BF	48	3224
27	44C2	48	3224
27	44C3	48	3224
27	44C5	48	3224
27	44CB	48	3224
27	44CC	48	3224
27	44CF	48	3224
27	44D1	48	3224
27	44D3	1	3271
27	44D9	1	3286
27	44DB	1	3286
27	44DD	1	3286
27	44DF	1	3286
27	44E0	1	3286
27	4747	356	2851
27	474A	356	2851
27	474C	356	2851
27	474E	356	2851
27	474F	356	2851
27	4750	356	2851
27	4768	1	4208
27	476A	1	4208
27	476B	1	4208
27	476C	1	4208
27	476E	1	4208
27	4770	1	4208
27	4771	1	4208
27	4774	1	4208
27	4786	1	4208
27	4787	1	4208
27	478A	1	4228
27	478B	1	4228
27	478D	1	4228
27	478E	1	4228
27	4790	1	4228
27	4792	1	4228
27	4795	1	4228
27	4798	1	4228
27	4799	1	4228
27	479B	1	4228
27	479C	1	4228
27	479F	1	4228
27	47A2	1	4228
27	47A5	1	4228
27	47A7	1	4228
27	47AD	1	4228
27	47AF	1	4228
27	47B5	1	4230
27	47B8	1	4230
27	47BB	1	4230
27	47BD	1	4230
27	47BF	1	4230
27	47C5	1	4230
27	47C8	1	4230
27	47CB	1	4230
27	47CE	1	4230
27	47D1	1	4230
27	47D4	1	4230
27	47D6	1	4230
27	47D8	1	4230
27	47DE	1	4230
27	47E1	1	4230
27	47E4	1	4230
27	47E7	1	4230
27	47EA	1	4230
27	47EC	1	4230
27	47EE	1	4230
27	47F1	1	4230
27	47F2	1	4230
27	47F4	1	4230
27	47F7	1	4230
27	47FA	1	4230
27	47FC	1	4230
27	47FE	1	4230
27	4804	1	4230
27	4806	1	4230
27	4808	1	4230
27	480A	1	4230
27	480D	1	4230
27	480E	1	4230
27	4810	1	4230
27	4826	1	4230
27	4829	1	4230
27	482C	1	4230
27	482F	1	4230
27	4869	1	4230
27	486F	1	4230
27	4872	1	4230
27	4878	1	4230
27	487A	1	4230
27	487C	1	4230
27	487E	1	4230
27	4880	1	4230
27	4881	1	4230
27	4884	1	4230
27	4885	1	4230
27	4888	1	4230
27	488B	1	4230
27	488C	1	4230
27	488F	1	4230
27	4890	1	4230
27	4896	1	4230
27	4897	1	4230
27	489A	1	4230
27	489B	1	4230
27	489E	1	4230
27	48A0	1	4230
27	48A2	1	4230
27	48A5	148	4230
27	48A6	148	4230
27	48A7	148	4230
27	48A8	148	4230
27	48AE	148	4230
27	48AF	148	4230
27	48B2	148	4231
27	48B4	148	4231
27	48B5	148	4231
27	48B7	148	4231
27	48B9	148	4231
27	48BA	148	4231
27	48BC	148	4231
27	48BE	148	4231
27	48C1	148	4231
27	48C2	148	4231
27	48C4	148	4231
27	48CA	148	4231
27	48CB	148	4231
27	48CC	148	4231
27	48CD	148	4231
27	48CE	148	4231
27	48CF	148	4231
27	48D0	148	4231
27	48D6	148	4231
27	48D7	148	4231
27	48D9	148	4231
27	48DB	1	4379
27	48DE	1	4379
27	48E0	1	4379
27	48E2	1	4379
27	48E4	1	4379
27	48EA	1	4379
27	48F0	1	4379
27	48F6	1	4379
27	48F7	1	4379
27	48F8	1	4379
27	48F9	1	4379
27	48FF	1	4379
27	4900	1	4379
27	4903	1	4380
27	4905	1	4380
27	4906	1	4380
27	4908	1	4380
27	490A	1	4380
27	490B	1	4380
27	490D	1	4380
27	490F	1	4380
27	4912	1	4380
27	4913	1	4380
27	4915	1	4380
27	491B	1	4380
27	4921	1	4380
27	4922	1	4380
27	4923	1	4380
27	4925	1	4380
27	4928	1	4380
27	4929	1	4380
27	492A	1	4380
27	492C	1	4380
27	492D	1	4380
27	492F	1	4380
27	4931	1	4380
27	4934	1	4380
27	4937	1	4380
27	4938	1	4380
27	493A	1	4380
27	493B	1	4380
27	493C	1	4380
27	493F	1	4380
27	4942	1	4380
27	4945	1	4380
27	4948	1	4380
27	494B	1	4380
27	494E	1	4380
27	4950	1	4380
27	4956	1	4380
27	4958	1	4380
27	495E	119	4381
27	4960	119	4381
27	4962	119	4381
27	4964	119	4381
27	4965	119	4381
27	4968	119	4381
27	4969	119	4381
27	496C	119	4381
27	496F	119	4381
27	4970	119	4381
27	4973	119	4381
27	4974	119	4381
27	497A	119	4381
27	497B	119	4381
27	497E	119	4382
27	4980	119	4382
27	4981	119	4382
27	4983	119	4382
27	4985	119	4382
27	4986	119	4382
27	4988	119	4382
27	498A	119	4382
27	498D	119	4382
27	498E	119	4382
27	4990	119	4382
27	4996	119	4382
27	4997	119	4382
27	499A	119	4382
27	499C	119	4382
27	499E	1	4500
27	49A4	1	4515
27	49A6	1	4515
27	49A8	1	4515
27	49AA	1	4515
27	49AC	1	4515
27	49AE	1	4515
27	49AF	1	4515
27	4B95	2	2831
27	4B96	2	2831
27	4B97	2	2831
27	4B9D	2	2831
27	4BA3	2	2831
27	4BA9	2	2832
27	4BAA	2	2832
27	4BAB	2	2832
27	4BAC	2	2832
27	4BAD	2	2832
27	4BB0	2	2832
27	4BB3	2	2832
27	4BB6	2	2832
27	4BB8	2	2832
27	4BBE	2	2832
27	4BC1	2	2832
27	4BC4	2	2832
27	4BC7	2	2832
27	4BC9	2	2832
27	4BCF	2	2832
27	4BD2	2	2832
27	4BD5	2	2832
27	4BD7	2	2832
27	4BD9	2	2832
27	4BDB	2	2832
27	4BE1	2	2832
27	4BE4	2	2832
27	4BE7	2	2832
27	4BE9	2	2832
27	4BEB	2	2832
27	4BED	2	2832
27	4BF3	2	2832
27	4BF6	2	2832
27	4BF9	2	2832
27	4BFB	2	2832
27	4BFD	2	2832
27	4BFF	2	2832
27	4C05	2	2832
27	4C08	2	2832
27	4C0B	2	2832
27	4C0D	2	2832
27	4C0F	2	2832
27	4C11	2	2832
27	4C17	2	2832
27	4C1A	2	2832
27	4C1D	2	2832
27	4C1F	2	2832
27	4C21	2	2832
27	4C23	2	2832
27	4C29	2	2832
27	4C2C	2	2832
27	4C2F	2	2832
27	4C31	2	2832
27	4C33	2	2832
27	4C35	2	2832
27	4C3B	2	2832
27	4C3E	2	2832
27	4C41	2	2832
27	4C43	2	2832
27	4C45	2	2832
27	4C47	2	2832
27	4C4D	2	2832
27	4C50	2	2832
27	4C53	2	2832
27	4C55	2	2832
27	4C57	2	2832
27	4C59	2	2832
27	4C5F	2	2832
27	4C62	2	2832
27	4C65	2	2832
27	4C67	2	2832
27	4C69	2	2832
27	4C6B	2	2832
27	4C71	2	2832
27	4C74	2	2832
27	4C77	2	2832
27	4C7A	2	2832
27	4C7C	2	2832
27	4C82	2	2832
27	4C85	2	2832
27	4C88	2	2832
27	4C8B	2	2832
27	4C8D	2	2832
27	4C93	2	2832
27	4C95	2	2832
27	4C98	2	2832
27	4C99	2	2832
27	4C9A	2	2832
27	4C9C	1	2832
27	4C9F	1	2832
27	4CA2	1	2832
27	4CA5	1	2832
27	4CA7	1	2832
27	4CAD	1	2832
27	4CAF	1	4209
27	4CB2	1	4209
27	4CB5	1	4209
27	4CB8	1	4209
27	4CBA	1	4209
27	4CC0	2	2832
27	4CC2	2	2832
27	4CC8	2	2832
27	4CCB	2	2832
27	4CCE	2	2832
27	4CD0	2	2832
27	4CD2	2	2832
27	4CD8	2	2832
27	4CDB	2	2832
27	4CDE	2	2832
27	4CE1	2	2832
27	4CE4	2	2832
27	4CE7	2	2832
27	4CE9	2	2832
27	4CEB	2	2832
27	4CF1	2	2832
27	4CF4	2	2832
27	4CF7	2	2832
27	4CFA	2	2832
27	4CFB	2	2832
27	4D01	2	2833
27	4D02	2	2833
27	4D03	2	2833
27	4D31	2	2833
27	4D33	2	2833
27	4D35	2	2833
27	4D3B	2	2833
27	4D3D	2	2833
27	4D3F	2	2833
27	4D41	2	2833
27	4D44	2	2834
27	4D4A	2	2850
27	4D4D	2	2850
29	4000	1	4810
29	4001	1	4810
29	4003	1	4810
29	4004	1	4810
29	4006	1	4810
29	4008	1	4810
29	400A	1	4810
29	400C	1	4810
29	400F	1	4810
29	4011	1	4810
29	4014	1	4810
29	4015	1	4810
29	4017	1	4810
29	4019	1	4810
29	401A	1	4810
29	4020	1	4810
29	4023	1	4891
29	4026	1	4891
29	4029	1	4891
29	402B	1	4891
29	402D	1	4891
29	4033	1	4891
29	4036	1	4891
29	4039	1	4891
29	403C	62	4891
29	403D	62	4891
29	403E	62	4891
29	4044	62	4891
29	4047	62	4892
29	404D	62	4892
29	404E	62	4892
29	404F	62	4892
29	4051	62	4892
29	4053	62	4892
29	4055	1	4953
29	4056	1	4953
29	4057	1	4953
29	4059	1	4953
29	405A	1	4953
29	405C	1	4953
29	405E	1	4953
29	4061	1	4953
29	4064	1	4953
29	4065	1	4953
29	4067	1	4953
29	4068	1	4953
29	4069	1	4953
29	406F	1	4953
29	4072	1	4954
29	4078	1	4969
29	4079	1	4969
29	407A	1	4810
29	4080	1	4810
29	4086	1	4810
29	408C	1	4812
29	4092	1	4816
29	4098	1	4816
29	4099	1	4816
29	409B	1	4816
29	409D	1	4816
29	409F	1	4816
29	40A1	1	4816
29	40A3	1	4816
29	40A5	1	4816
29	40A8	1	4816
29	40AB	1	4816
29	40AE	1	4816
29	40B0	1	4816
29	40B6	1	4816
29	40B9	1	4816
29	40BC	1	4816
29	40BF	1	4816
29	40C1	1	4816
29	40C7	1	4816
29	40CA	1	4816
29	40CD	1	4816
29	40CF	1	4816
29	40D1	1	4816
29	40D3	1	4816
29	40D9	1	4816
29	40DC	1	4816
29	40DF	1	4816
29	40E1	1	4816
29	40E3	1	4816
29	40E5	1	4816
29	40EB	1	4816
29	40EE	1	4816
29	40F1	1	4816
29	40F3	1	4816
29	40F5	1	4816
29	40F7	1	4816
29	40FD	1	4816
29	4100	1	4816
29	4103	1	4816
29	4105	1	4816
29	4107	1	4816
29	4109	1	4816
29	410F	1	4816
29	4112	1	4816
29	4115	1	4816
29	4118	1	4816
29	411A	1	4816
29	4120	1	4816
29	4122	1	4816
29	4125	1	4816
29	412B	1	4816
29	412E	1	4816
29	4131	1	4816
29	4133	1	4816
29	4135	1	4816
29	413B	1	4816
29	413E	1	4816
29	4141	1	4816
29	4144	1	4816
29	414A	1	4816
29	414B	1	4816
29	414C	1	4816
29	414E	1	4816
29	414F	1	4816
29	4151	1	4816
29	4153	1	4816
29	4156	1	4816
29	4159	1	4816
29	415A	1	4816
29	415C	1	4816
29	415D	1	4816
29	415E	1	4816
29	4164	1	4816
29	4167	1	4817
29	416D	1	4833
29	416E	1	4833
29	4170	1	4833
29	4171	1	4833
29	4173	1	4833
29	4175	1	4833
29	4177	1	4833
29	4179	1	4833
29	417C	1	4833
29	417E	1	4833
29	4181	1	4833
29	4182	1	4833
29	4184	1	4833
29	4186	1	4833
29	4187	1	4833
29	418D	1	4833
29	418F	1	4833
29	4191	1	4833
29	4193	1	4833
29	4196	1	4833
29	4197	1	4833
29	4198	1	4833
29	4199	1	4833
29	419C	1	4855
29	419E	1	4855
29	41A0	1	4855
29	41A2	1	4855
29	41A5	1	4855
29	41A6	1	4855
29	41A7	1	4855
29	41A8	1	4855
29	41A9	1	4855
29	41AC	1	4891
29	41AD	1	4833
29	41AE	1	4833
29	41AF	1	4833
29	41B6	1	4833
29	41B7	1	4833
29	41B8	1	4833
29	41B9	1	4833
29	41C0	1	4833
29	41C2	1	4833
29	41C3	1	4833
29	41CA	1	4833
29	41CD	1	4833
29	41CF	1	4833
29	41D1	1	4833
29	41D3	1	4833
29	41D6	23	4833
29	41D7	23	4833
29	41D8	23	4833
29	41D9	23	4833
29	41DB	23	4833
29	41DD	1	4833
29	41E0	11	4833
29	41E2	11	4833
29	41E4	11	4833
29	41E6	11	4833
29	41E7	11	4833
29	41E8	11	4833
29	41E9	11	4833
29	41EA	11	4833
29	41EB	11	4833
29	41ED	11	4833
29	41EF	11	4833
29	41F1	11	4833
29	41F3	11	4833
29	41F5	11	4833
29	41F7	11	4833
29	41FA	11	4833
29	41FD	11	4833
29	4200	11	4833
29	4206	11	4833
29	420C	11	4835
29	420F	11	4835
29	4211	11	4835
29	4213	11	4835
29	4215	11	4835
29	4216	11	4835
29	4217	11	4835
29	4218	11	4835
29	4219	11	4835
29	421B	11	4835
29	421D	1	4855
29	4286	1	4855
29	4287	1	4855
29	4288	1	4855
29	428A	1	4855
29	428D	1	4855
29	428E	1	4855
29	4294	1	4855
29	4295	1	4855
29	4296	1	4855
29	4298	1	4855
29	42AF	1	4855
29	42B1	1	4855
29	42B3	1	4855
29	42B5	1	4855
29	42B8	25	4855
29	42B9	25	4855
29	42BA	25	4855
29	42BB	25	4855
29	42BD	25	4855
29	42BF	1	4855
29	42C2	12	4855
29	42C4	12	4855
29	42C6	12	4855
29	42C8	12	4855
29	42C9	12	4855
29	42CA	12	4855
29	42CB	12	4855
29	42CC	12	4855
29	42CD	12	4855
29	42CF	12	4855
29	42D1	12	4855
29	42D3	12	4855
29	42D5	12	4855
29	42D7	12	4855
29	42D9	12	4855
29	42DC	12	4855
29	42DF	12	4855
29	42E2	12	4855
29	42E8	12	4855
29	42EE	12	4857
29	42F4	12	4857
29	42F7	12	4858
29	42F9	12	4858
29	42FB	12	4858
29	42FD	12	4858
29	42FE	12	4858
29	42FF	12	4858
29	4300	12	4858
29	4301	12	4858
29	4303	12	4858
29	4305	1	4891
29	44F6	1	4969
29	44F7	1	4969
29	44F9	1	4969
29	44FA	1	4969
29	44FC	1	4969
29	44FE	1	4969
29	4500	1	4969
29	4502	1	4969
29	4505	1	4969
29	4507	1	4969
29	450A	1	4969
29	450B	1	4969
29	450D	1	4969
29	450F	1	4969
29	4510	1	4969
29	4516	1	4969
29	4519	60	4993
29	451A	60	4993
29	451B	60	4993
29	4521	60	4993
29	4524	60	4994
29	452A	60	4994
29	452B	60	4994
29	452C	60	4994
29	452E	60	4994
29	4530	60	4994
29	4532	1	5053
29	4533	1	5053
29	4534	1	5053
29	4536	1	5053
29	4537	1	5053
29	4539	1	5053
29	453B	1	5053
29	453E	1	5053
29	4541	1	5053
29	4542	1	5053
29	4544	1	5053
29	4545	1	5053
29	4546	1	5053
29	4549	1	5053
29	454B	1	5053
29	454E	1	5053
29	4550	1	5053
29	4552	1	5053
29	4554	1	5053
29	4557	1	5053
29	4558	1	5053
29	4559	1	5053
29	455A	1	5053
29	455B	1	5053
29	455C	1	5053
29	455D	1	5053
29	455E	1	5053
29	4561	1	5053
29	4562	1	5053
29	4563	1	5053
29	4564	1	5053
29	4565	1	5053
29	4566	1	5053
29	4567	1	5053
29	4568	1	5053
29	4569	1	5053
29	456B	1	5053
29	456C	1	5053
29	456D	1	5053
29	456F	1	5053
29	4570	1	5053
29	4571	1	5053
29	4572	1	5053
29	4573	1	5053
29	4574	1	5053
29	4575	1	5053
29	4576	1	5053
29	4577	1	5053
29	4578	1	5053
29	4579	1	5053
29	45E2	1	5053
29	45E8	1	5053
29	45EB	1	5054
29	45F1	1	5069
29	45F3	1	5069
29	45F5	1	5069
29	45F7	1	5069
29	45FA	1	5069
29	45FB	1	5069
29	45FD	1	5069
29	4605	1	5069
29	4607	1	5069
29	4608	1	4969
29	460E	1	4969
29	4614	1	4969
29	461A	1	4971
29	4620	1	4975
29	4626	1	4975
29	4627	1	4975
29	4629	1	4975
29	462B	1	4975
29	462D	1	4975
29	462F	1	4975
29	4631	1	4975
29	4633	1	4975
29	4636	1	4975
29	4639	1	4975
29	463C	1	4975
29	463E	1	4975
29	4644	1	4975
29	4647	1	4975
29	464A	1	4975
29	464C	1	4975
29	464E	1	4975
29	4650	1	4975
29	4656	1	4975
29	4659	1	4975
29	465C	1	4975
29	465E	1	4975
29	4660	1	4975
29	4662	1	4975
29	4668	1	4975
29	466B	1	4975
29	466E	1	4975
29	4670	1	4975
29	4672	1	4975
29	4674	1	4975
29	467A	1	4975
29	467D	1	4975
29	4680	1	4975
29	4682	1	4975
29	4684	1	4975
29	4686	1	4975
29	468C	1	4975
29	468F	1	4975
29	4691	1	4975
29	4693	1	4975
29	4695	1	4975
29	4697	1	4975
29	4699	1	4975
29	469C	1	4975
29	469D	1	4975
29	469F	1	4975
29	46B9	1	4975
29	46BC	1	4975
29	46BF	1	4975
29	46C2	1	4975
29	46C4	1	4975
29	46CA	1	4975
29	46DE	1	4975
29	46E0	1	4975
29	46E3	1	4975
29	46E9	1	4975
29	46EC	1	4975
29	46EE	1	4975
29	46F0	1	4975
29	46F3	1	4976
29	4701	1	4976
29	4702	1	4976
29	4703	1	4976
29	4705	1	4976
29	4706	1	4976
29	4708	1	4976
29	470A	1	4976
29	470D	1	4976
29	4710	1	4976
29	4711	1	4976
29	4713	1	4976
29	4714	1	4976
29	4715	1	4976
29	471B	1	4976
29	471E	1	4977
29	4724	1	4993
29	4725	1	4993
29	4727	1	4993
29	4728	1	4993
29	472A	1	4993
29	472C	1	4993
29	472E	1	4993
29	4730	1	4993
29	4733	1	4993
29	4735	1	4993
29	4738	1	4993
29	4739	1	4993
29	473B	1	4993
29	473D	1	4993
29	473E	1	4993
29	4744	1	4993
29	4745	1	4975
29	4746	1	4975
29	4747	1	4975
29	4748	1	4975
29	4749	1	4975
29	474B	1	4975
29	474D	1	4975
29	474F	1	4975
29	4752	1	4975
29	4753	1	4975
29	4755	1	4975
29	4757	1	4975
29	4759	1	4975
29	475B	1	4975
29	475D	1	4975
29	4760	1	4975
29	4761	1	4975
29	4762	1	4975
29	4763	1	4975
29	4764	1	4975
29	4765	1	4975
29	4766	1	4975
29	4767	1	4975
29	4768	1	4975
29	47BD	1	4975
29	47BE	1	4975
29	47BF	1	4975
29	47C1	1	4975
29	47C3	1	4975
29	47C5	1	4975
29	47C8	1	4975
29	47C9	1	4975
29	47CB	1	4975
29	47CC	1	4975
29	47CD	1	4975
29	47CE	1	4975
29	47D0	1	4975
29	47D1	1	4975
29	47D2	1	4975
29	47D3	1	4975
29	47D4	1	4975
29	47D5	1	4975
29	47D6	1	4975
29	47D7	1	4975
29	47DA	1	4975
29	47DB	1	4975
29	47DC	1	4975
29	47DF	1	4975
29	47E2	1	4975
29	47E3	1	4975
29	47E4	1	4975
29	47E5	1	4975
29	47E7	1	4975
29	47E9	1	4975
29	47EB	1	4975
29	47EE	1	4975
29	47EF	1	4975
29	47F0	1	4975
29	47F1	1	4975
29	47F4	1	4975
29	47FA	1	4975
29	47FB	1	4975
29	47FD	1	4975
29	47FF	1	4975
29	4801	1	4975
29	4804	1	4975
29	4805	1	4975
29	4807	1	4975
29	4808	1	4975
29	4809	1	4975
29	480A	1	4975
29	480C	1	4975
29	480D	1	4975
29	480E	1	4975
29	480F	1	4975
29	4810	1	4975
29	4811	1	4975
29	4812	1	4975
29	4813	1	4975
29	4814	1	4975
29	4815	1	4975
29	4816	1	4975
29	4817	1	4975
29	4819	1	4975
29	481B	1	4975
29	481D	1	4975
29	4820	1	4975
29	4821	1	4975
29	4823	1	4975
29	4824	1	4975
29	4825	1	4975
29	4826	1	4975
29	4828	1	4975
29	4829	1	4975
29	482A	1	4975
29	482B	1	4975
29	482C	1	4975
29	482D	1	4975
29	482E	1	4975
29	4831	1	4975
29	4832	1	4975
29	4833	1	4975
29	4836	1	4975
29	4839	1	4975
29	483A	1	4975
29	483B	1	4975
29	483C	1	4975
29	483E	1	4975
29	4840	1	4975
29	4842	1	4975
29	4845	1	4975
29	4846	1	4975
29	4847	1	4975
29	4848	1	4975
29	484B	1	4975
29	4851	1	4975
29	4852	1	4975
29	4854	1	4975
29	4856	1	4975
29	4858	1	4975
29	485B	1	4975
29	485C	1	4975
29	485E	1	4975
29	485F	1	4975
29	4860	1	4975
29	4861	1	4975
29	4863	1	4975
29	4864	1	4975
29	4865	1	4975
29	4866	1	4975
29	4867	1	4975
29	4868	1	4975
29	4869	1	4975
29	486A	1	4975
29	486B	1	4975
29	486C	1	4975
29	486D	1	4975
29	486E	1	4975
29	486F	1	4975
29	4871	1	4975
29	487C	1	4975
29	487D	1	4975
29	487E	1	4975
29	487F	1	4975
29	4880	1	4975
29	4882	1	4975
29	4884	1	4975
29	4886	1	4975
29	4889	1	4975
29	488A	1	4975
29	488C	1	4975
29	488D	1	4975
29	488E	1	4975
29	488F	1	4975
29	4891	1	4975
29	4892	1	4975
29	4893	1	4975
29	4894	1	4975
29	4895	1	4975
29	4896	1	4975
29	4897	1	4975
29	489A	1	4975
29	489B	1	4975
29	489C	1	4975
29	489F	1	4975
29	48A2	1	4975
29	48A3	1	4975
29	48A4	1	4975
29	48A5	1	4975
29	48A7	1	4975
29	48A9	1	4975
29	48AB	1	4975
29	48AE	1	4975
29	48AF	1	4975
29	48B0	1	4975
29	48B1	1	4975
29	48B4	1	4975
29	48BA	1	4975
29	48BB	1	4975
29	48BE	1	4976
29	48BF	1	4976
29	48C0	1	4976
29	48C1	1	4976
29	48C2	1	4976
29	48C3	3	4975
29	48C4	3	4975
29	48C5	3	4975
29	48C7	3	4975
29	48C9	3	4975
29	48CB	3	4975
29	48CE	3	4975
29	48D1	33	4975
29	48D2	33	4975
29	48D3	33	4975
29	48D4	33	4975
29	48D6	33	4975
29	48D8	3	4975
29	48D9	3	4975
29	48DA	3	4975
29	48DB	3	4975
29	48DE	3	4975
29	48E1	3	4975
29	48E2	3	4975
29	48E8	3	4975
29	48E9	3	4975
29	48EA	3	4975
29	48EC	3	4975
29	4934	3	4975
29	4935	3	4975
29	4936	3	4975
29	4939	3	4975
29	493A	3	4975
29	4940	3	4975
29	4941	3	4975
29	4942	3	4975
29	4944	3	4975
29	497A	3	4975
29	497B	3	4975
29	497C	3	4975
29	497F	3	4975
29	4980	3	4975
29	4986	3	4975
29	4987	3	4975
29	4988	3	4975
29	498A	3	4975
29	49AE	3	4975
29	49AF	3	4975
29	49B0	3	4975
29	49B3	3	4975
29	49B4	3	4975
29	49BA	3	4975
29	49BB	3	4975
29	49BC	3	4975
29	49BE	3	4975
29	49D0	3	4975
29	49D1	3	4975
29	49D2	3	4975
29	49D3	3	4975
29	49D4	3	4975
29	49D5	3	4975
29	49D6	3	4975
29	49D8	3	4975
29	49D9	3	4975
29	49E5	3	4975
29	49E6	3	4975
29	49E7	3	4975
29	49EA	3	4975
29	49F0	3	4975
29	49F1	3	4975
29	49F3	3	4975
29	49FB	3	4975
29	49FC	3	4975
29	49FD	3	4975
29	4A00	3	4975
29	4A06	3	4975
29	4A07	3	4975
29	4A09	3	4975
29	4A11	3	4975
29	4A12	3	4975
29	4A13	3	4975
29	4A16	3	4975
29	4A1C	3	4975
29	4A1D	3	4975
29	4A1F	3	4975
29	4A27	3	4975
29	4A28	3	4975
29	4A29	3	4975
29	4A2C	3	4975
29	4A32	3	4975
29	4A33	3	4975
29	4A35	3	4975
29	4A3D	3	4975
29	4A40	3	4975
29	4A42	3	4975
29	4A43	3	4975
29	4A44	3	4975
29	4A45	1	4975
29	4A47	1	4975
29	4A48	1	4975
29	4A4A	1	4975
29	4A4C	1	4975
29	4A4E	1	4975
29	4A4F	1	4975
29	4A51	1	4975
29	4A54	1	4975
29	4A57	1	4975
29	4A59	1	4975
29	4A5F	1	4976
29	4A60	1	4976
29	4A62	1	4976
29	4A64	1	4976
29	5017	23	4833
29	5019	23	4833
29	501A	23	4833
29	501C	23	4833
29	501E	23	4833
29	5020	23	4833
29	5021	23	4833
29	5023	23	4833
29	5026	23	4833
29	5029	23	4833
29	502B	23	4833
29	502E	23	4834
29	5031	23	4834
29	5034	23	4834
29	5036	23	4834
29	5039	23	4835
29	503A	23	4835
29	503C	23	4835
29	503E	23	4835
29	503F	46	4833
29	5040	46	4833
29	5042	46	4833
29	5043	46	4833
29	5045	46	4833
29	5046	46	4833
29	5048	46	4833
29	5049	46	4833
29	504B	46	4833
29	504E	175579	4833
29	504F	175579	4833
29	5051	175579	4833
29	5053	46	4833
29	5055	1810	4833
29	5056	1810	4833
29	5057	1810	4833
29	5059	46	4834
29	505A	46	4834
29	505C	46	4834
29	505E	46	4834
2D	40DC	1	3635
2D	40DE	1	3635
2D	40E0	1	3635
2D	40E2	1	3635
2D	40E4	1	3635
2D	40E6	1	3635
2D	40E9	1	3635
2D	40EB	1	3635
2D	40ED	1	3635
2D	40F0	1	3635
2D	40F3	1	3635
2D	40F6	1	3635
2D	40F8	192	3635
2D	40F9	192	3635
2D	40FA	192	3635
2D	40FB	192	3635
2D	40FC	192	3635
2D	40FD	192	3635
2D	40FF	1	3635
2D	4102	1	3635
2D	4105	1	3635
2D	4107	64	3635
2D	4108	64	3635
2D	4109	64	3635
2D	410A	64	3635
2D	410B	64	3635
2D	410C	64	3635
2D	410E	1	3635
2D	4111	1	3635
2D	4114	1	3635
2D	4116	20	3635
2D	4117	20	3635
2D	4118	20	3635
2D	4119	20	3635
2D	411A	20	3635
2D	411B	20	3635
2D	411D	1	3635
2D	4120	1	3635
2D	4123	1	3635
2D	4125	16	3635
2D	4126	16	3635
2D	4127	16	3635
2D	4128	16	3635
2D	4129	16	3635
2D	412A	16	3635
2D	412C	1	3635
2D	4132	1	3639
2D	4E06	3	3286
2D	4E08	3	3286
2D	4E0A	3	3286
2D	4E0C	3	3286
2D	4E0F	3	3286
2D	4E12	12288	3286
2D	4E13	12288	3286
2D	4E14	12288	3286
2D	4E15	12288	3286
2D	4E16	12288	3286
2D	4E17	12288	3286
2D	4E19	3	3288
2D	4E1B	3	3288
2D	4E1D	3	3288
2D	4E1F	3	3288
2D	4E22	3	3288
2D	4E25	5760	3288
2D	4E26	5760	3288
2D	4E27	5760	3288
2D	4E28	5760	3288
2D	4E29	5760	3288
2D	4E2A	5760	3288
2D	4E2C	3	3288
2D	5016	2	4812
2D	5018	2	4812
2D	5019	2	4812
2D	501B	2	4812
2D	501D	2	4812
2D	501F	2	4812
2D	5020	2	4812
2D	5022	2	4812
2D	5025	2	4812
2D	5028	2	4812
2D	502A	2	4812
2D	502D	2	4813
2D	5030	2	4813
2D	5033	2	4813
2D	5035	2	4813
2D	5038	2	4814
2D	503B	2	4814
2D	503E	2	4814
2D	5040	2	4814
2D	5043	2	4815
2D	5046	2	4815
2D	5049	2	4815
2D	504B	2	4815
2D	504E	2	4816
2D	504F	2	4816
2D	5051	2	4816
2D	5053	2	4816
2D	5054	8	4812
2D	5055	8	4812
2D	5057	8	4812
2D	5058	8	4812
2D	505A	8	4812
2D	505B	8	4812
2D	505D	8	4812
2D	505E	8	4812
2D	5060	8	4812
2D	5063	29980	4812
2D	5064	29980	4812
2D	5066	29980	4812
2D	5068	8	4812
2D	5069	8	4812
2D	506B	8	4812
2D	506C	8	4812
2D	506E	8	4812
2D	5070	8	4812
2D	5072	8	4812
2D	5075	8	4812
2D	5077	8	4812
2D	5078	8	4812
2D	507A	8	4812
2D	507C	8	4812
2D	507D	8	4812
2D	507F	8	4812
2D	5081	559	4812
2D	5082	559	4812
2D	5083	559	4812
2D	5085	8	4813
2D	5086	8	4813
2D	5088	8	4813
2D	508A	8	4813
2D	508B	8	4813
48	4000	2	2103
48	4001	2	2103
48	4002	2	2103
48	4003	2	2103
48	4005	2	2103
48	4007	10	2103
48	4009	10	2103
48	400B	8	2103
48	400D	8	2103
48	400F	8	2103
48	4010	8	2103
48	4012	2	2103
48	4013	10	2103
48	4014	10	2103
48	4015	10	2103
48	4016	10	2103
48	4017	10	2103
48	4019	20	2103
48	401B	20	2103
48	401C	20	2103
48	401E	10	2103
48	401F	10	2103
48	4020	10	2103
48	4022	1	2103
48	4023	1	2103
48	4024	1	2103
48	4026	1	2103
48	4027	1	2103
48	4028	1	2103
48	4029	1	2103
48	4030	1	2103
48	4031	1	2103
48	4032	1	2103
48	4033	10	2103
48	4034	10	2103
48	4035	10	2103
48	4037	10	2103
48	4039	2	2103
48	403A	2	2103
48	403B	2	2103
48	403C	2	2103
48	403D	2	2103
48	403E	31	3314
48	4040	31	3314
48	4041	31	3314
48	4043	31	3314
48	4044	31	3314
48	4046	31	3314
48	4047	31	3314
48	4049	31	3314
48	404A	31	3314
48	404C	278	3314
48	404E	278	3314
48	4051	278	3314
48	4052	278	3314
48	4054	247	3314
48	4055	247	3314
48	4057	247	3314
48	405A	247	3314
48	405B	247	3314
48	405D	247	3314
48	405E	247	3314
48	405F	247	3314
48	4061	247	3314
48	4062	247	3314
48	4064	247	3314
48	4065	247	3314
48	4066	247	3314
48	4067	247	3314
48	4069	247	3314
48	406A	247	3314
48	406C	247	3314
48	406D	247	3314
48	406E	247	3314
48	406F	247	3314
48	4075	247	3314
48	4077	247	3314
48	4078	247	3314
48	407A	247	3314
48	407C	247	3314
48	407D	247	3314
48	407F	247	3314
48	4081	5	3315
48	4083	5	3315
48	4084	5	3315
48	4086	247	3314
48	4088	247	3314
48	408A	247	3314
48	408B	247	3314
48	408D	247	3314
48	408F	5	3315
48	4091	5	3315
48	4092	5	3315
48	4094	247	3314
48	4096	247	3314
48	4097	247	3314
48	4099	247	3314
48	409A	247	3314
48	409C	31	3315
48	409E	31	3315
48	409F	31	3315
48	40A1	31	3315
48	40A2	31	3315
48	40A4	31	3315
48	40A5	31	3315
48	40A7	31	3315
48	40A8	31	3315
48	40A9	2	2100
48	40AC	2	2100
48	40AE	2	2100
48	40B1	2	2100
48	40B2	2	2100
48	40B5	2	2100
48	40B6	2	2100
48	40B9	2	2100
48	40BA	2	2100
48	40BD	2	2100
48	40BE	2	2100
48	40C1	2	2100
48	40C4	6	2100
48	40C5	6	2100
48	40C7	6	2100
48	40C8	6	2100
48	40CA	6	2100
48	40CB	6	2100
48	40CC	6	2100
48	40CE	6	2100
48	40CF	6	2100
48	40D0	6	2100
48	40D1	6	2100
48	40D2	6	2100
48	40D3	76	2100
48	40D6	76	2100
48	40D9	76	2100
48	40DA	76	2100
48	40DC	74	2100
48	40DE	74	2100
48	40E0	71	2100
48	40E1	71	2100
48	40E4	71	2100
48	40E7	71	2100
48	40E8	71	2100
48	40EA	71	2100
48	40EB	71	2100
48	40EC	71	2100
48	40ED	71	2100
48	40F0	71	2100
48	40F1	71	2100
48	40F3	71	2100
48	40F4	71	2100
48	40F7	71	2100
48	40F9	71	2100
48	40FA	71	2100
48	40FB	71	2100
48	40FC	71	2100
48	40FE	71	2100
48	40FF	71	2100
48	4100	71	2100
48	4102	71	2100
48	4103	71	2100
48	4104	71	2100
48	4105	71	2100
48	4106	71	2100
48	4107	71	2100
48	4108	71	2100
48	4109	71	2100
48	410A	71	2100
48	410B	71	2100
48	410E	71	2100
48	410F	71	2100
48	4111	71	2100
48	4112	71	2100
48	4113	71	2100
48	4114	71	2100
48	411A	71	2100
48	411C	71	2100
48	411D	71	2100
48	411E	71	2100
48	4120	71	2100
48	4121	71	2100
48	4122	71	2100
48	4123	71	2100
48	4125	71	2100
48	4126	71	2100
48	4129	71	2100
48	412A	71	2100
48	412D	71	2100
48	412E	71	2100
48	412F	71	2100
48	4132	71	2100
48	4134	1	2100
48	4137	1	2100
48	413A	1	2100
48	413B	1	2100
48	413E	1	2100
48	413F	1	2100
48	4141	3	2100
48	4142	3	2100
48	4145	3	2100
48	4146	3	2100
48	4149	3	2100
48	414A	3	2100
48	414B	3	2100
48	414C	3	2100
48	414F	3	2100
48	4152	3	2100
48	4153	3	2100
48	4154	3	2100
48	4155	3	2100
48	4156	3	2100
48	4159	2	2101
48	415A	6	1140
48	415C	6	1140
48	415D	6	1140
48	415F	6	1140
48	4160	6	1140
48	4162	6	1140
48	4163	6	1140
48	4165	6	1140
48	4167	6	1140
48	4168	6	1140
48	416A	6	1140
48	416C	6	1140
48	416D	6	1140
48	416F	6	1140
48	4171	6	1140
48	4172	6	1140
48	4174	6	1140
48	4176	6	1140
48	4177	6	1140
48	4178	6	1140
48	417A	6	1140
48	417C	6	1140
48	417D	6	1140
48	417F	6	1140
48	4180	6	1140
48	4181	6	1140
48	4183	6	1140
48	4184	6	1140
48	4185	6	1140
48	4186	6	1140
48	4188	6	1140
48	418B	6	1140
48	418C	6	1140
48	418D	6	1140
48	418E	6	1140
48	418F	6	1140
48	4191	6	1140
48	4193	6	1140
48	4194	6	1140
48	4196	6	1140
48	4197	6	1140
48	4198	6	1140
48	419A	6	1140
48	419B	6	1140
48	419C	6	1140
48	419D	6	1140
48	419E	6	1140
48	419F	110	1140
48	41A1	110	1140
48	41A4	110	1140
48	41A5	110	1140
48	41A8	104	1140
48	41AA	104	1140
48	41AC	104	1140
48	41AD	104	1140
48	41AF	104	1140
48	41B2	104	1140
48	41B3	104	1140
48	41B5	104	1140
48	41B6	104	1140
48	41B7	104	1140
48	41B8	104	1140
48	41BA	104	1140
48	41BB	104	1140
48	41BD	104	1140
48	41BE	104	1140
48	41C0	104	1140
48	41C1	104	1140
48	41C2	104	1140
48	41C4	104	1140
48	41C5	104	1140
48	41C6	104	1140
48	41C7	104	1140
48	41C9	104	1140
48	41CA	104	1140
48	41CC	104	1140
48	41CD	104	1140
48	41CE	104	1140
48	41CF	104	1140
48	41D5	104	1140
48	41D7	104	1140
48	41D8	104	1140
48	41D9	104	1140
48	41DB	104	1140
48	41DC	104	1140
48	41DD	104	1140
48	41DE	104	1140
48	41E0	104	1140
48	41E1	104	1140
48	41E3	104	1140
48	41E4	104	1140
48	41E6	104	1140
48	41E7	104	1140
48	41E8	104	1140
48	41EA	104	1140
48	4222	6	1140
48	4223	1432	1142
48	4226	1432	1142
48	4227	1432	1142
48	4229	540	1142
48	422A	540	1142
48	422D	540	1142
48	422E	892	1322
48	4231	892	1322
48	4232	892	1322
48	4233	446	1323
48	4235	446	1323
48	4238	446	1323
48	423A	446	1323
48	423C	222	1325
48	423F	222	1325
48	4240	222	1325
48	424F	446	1323
48	4252	446	1323
48	4253	446	1323
48	4256	446	1323
48	4257	446	1323
48	4259	446	1323
48	425A	56	1331
48	425D	56	1331
48	425F	56	1331
48	4261	56	1331
48	4263	56	1331
48	4264	56	1331
48	4266	56	1331
48	4268	56	1331
48	4269	56	1331
48	426A	56	1331
48	426C	56	1331
48	426D	56	1331
48	4270	56	1331
48	4271	56	1331
48	4273	56	1331
48	4274	56	1331
48	4276	56	1331
48	4278	56	1331
48	4279	56	1331
48	427A	56	1331
48	427C	56	1331
48	427D	56	1331
48	427F	56	1331
48	4281	56	1331
48	4282	56	1331
48	4284	56	1331
48	4286	56	1331
48	4288	56	1331
48	428A	56	1331
48	428B	56	1331
48	428C	56	1331
48	428E	56	1331
48	4290	56	1331
48	4292	56	1331
48	4298	56	1332
48	429B	56	1332
48	429C	56	1332
48	429D	56	1332
48	429E	56	1332
48	42A0	56	1332
48	42A1	56	1332
48	42A2	56	1332
48	42A4	56	1332
48	42A5	56	1332
48	42A7	56	1332
48	42A9	56	1332
48	42AB	56	1332
48	42B1	56	1333
48	42B3	56	1333
48	42B4	56	1333
48	42B6	56	1333
48	42B8	56	1333
48	42BA	56	1333
48	42BD	56	1333
48	42BE	56	1333
48	42C0	56	1333
48	42C3	56	1333
48	42C6	56	1333
48	42C7	56	1333
48	42CA	56	1333
48	42CD	56	1333
48	42CE	56	1333
48	42CF	1	1726
48	42D0	1	1726
48	42D3	1	1726
48	42D4	3	1138
48	42D5	3	1138
48	42D8	3	1138
48	42DB	3	1138
48	42DD	3	1138
48	42DF	3	1138
48	42E0	3	1138
48	42E2	3	1138
48	42E4	3	1138
48	42E6	3	1138
48	42E8	3	1138
48	42E9	3	1138
48	42EA	3	1138
48	42EB	3	1138
48	42EC	3	1138
48	42ED	3	1138
48	42EE	3	1138
48	42F0	3	1138
48	42F1	3	1138
48	42F2	3	1138
48	42F5	3	1138
48	42F8	3	1138
48	42F9	3	1138
48	42FA	3	1138
48	42FD	3	1138
48	4300	3	1138
48	4301	3	1138
48	4302	3	1138
48	4303	3	1138
48	4305	3	1138
48	4308	3	1138
48	4309	22	1138
48	430A	22	1138
48	430D	22	1138
48	430E	22	1138
48	4310	19	1138
48	4311	19	1138
48	4314	19	1138
48	4315	19	1138
48	4317	19	1138
48	4318	19	1138
48	431A	3	1138
48	431B	3	1138
48	431D	3	1138
48	431F	3	1138
48	4320	3	1138
48	4322	3	1138
48	4323	3	1138
48	4326	3	1138
48	4328	3	1138
48	432B	3	1138
48	432C	3	1138
48	432D	3	1138
48	4330	3	1138
48	4333	3	1138
48	4334	3	1138
48	4335	3	1138
48	4338	3	1138
48	433B	3	1138
48	433C	3	1138
48	433D	3	1138
48	433F	3	1138
48	4342	3	1138
48	4343	88	1138
48	4344	88	1138
48	4347	88	1138
48	4348	88	1138
48	434A	85	1138
48	434B	85	1138
48	434E	85	1138
48	434F	85	1138
48	4351	85	1138
48	4352	85	1138
48	4354	3	1138
48	4355	3	1138
48	4357	3	1138
48	435A	3	1138
48	435C	3	1138
48	435E	3	1138
48	4360	3	1138
48	4363	3	1138
48	4365	3	1138
48	4368	3	1138
48	436A	3	1138
48	436D	3	1138
48	4370	3	1138
48	4372	3	1138
48	4373	3	1138
48	4375	3	1138
48	4376	3	1138
48	4377	3	1138
48	437A	3	1140
48	437B	3	1140
48	437E	3	1140
48	4381	3	1140
48	4383	3	1140
48	4385	3	1140
48	4387	3	1140
48	4388	3	1140
48	4389	3	1140
48	438C	3	1140
48	438D	3	1140
48	4390	3	1140
48	4391	3	1140
48	4393	3	1140
48	4396	3	1140
48	4398	3	1140
48	439A	3	1140
48	439B	3	1140
48	439D	3	1140
48	439E	3	1140
48	43A0	3	1140
48	43A3	3	1140
48	43A9	3	1140
48	43AB	3	1140
48	43AE	3	1140
48	43AF	3	1140
48	43B2	3	1140
48	43B3	3	1140
48	43B5	3	1140
48	43B8	3	1140
48	43BA	3	1140
48	43BC	3	1140
48	43BD	3	1140
48	43BF	3	1140
48	43C0	3	1140
48	43C2	3	1140
48	43C5	3	1140
48	43CB	3	1140
48	43CD	3	1140
48	43CF	3	1140
48	43D2	3	1140
48	43D3	3	1140
48	43D6	3	1140
48	43D9	3	1140
48	43DC	3	1140
48	43DF	3	1140
48	43E1	3	1140
48	43E3	3	1140
48	43E5	3	1140
48	43EB	3	1141
48	43EE	3	1141
48	43F1	3	1141
48	43F4	3	1141
48	43F6	3	1141
48	43F8	3	1141
48	43FA	3	1141
48	4400	3	1142
48	4402	3	1142
48	4403	3	1142
48	4405	3	1142
48	4407	3	1142
48	4409	3	1142
48	440A	3	1140
48	440B	3	1140
48	440D	3	1140
48	440F	3	1140
48	4411	3	1140
48	4413	3	1140
48	4416	3	1140
48	4419	3	1140
48	441C	3	1140
48	441F	3	1140
48	4422	3	1140
48	4425	3	1140
48	4428	3	1140
48	442B	3	1140
48	442E	3	1140
48	4431	3	1140
48	4434	3	1140
48	4437	3	1140
48	4439	3	1140
48	443C	3	1140
48	443E	3	1140
48	4441	3	1140
48	4443	3	1140
48	4446	3	1140
48	4448	3	1140
48	444B	3	1140
48	444D	3	1140
48	4450	3	1140
48	4452	3	1140
48	4455	3	1140
48	4457	3	1140
48	4459	3	1140
48	445B	3	1140
48	445C	3	1140
48	445E	3	1140
48	445F	3	1140
48	4460	5	1138
48	4462	5	1138
48	4464	5	1138
48	4465	5	1138
48	4467	5	1138
48	4469	5	1138
48	446B	5	1138
48	446D	5	1138
48	446E	5	1138
48	4471	5	1138
48	4474	5	1138
48	4477	5	1138
48	447A	5	1138
48	447D	5	1138
48	4480	5	1138
48	4482	5	1138
48	4484	5	1138
48	4486	5	1138
48	448C	5	1139
48	448F	5	1139
48	4492	5	1139
48	4495	5	1139
48	4497	5	1139
48	4499	5	1139
48	449B	5	1139
48	44A1	5	1140
48	44A3	5	1140
48	44A5	5	1140
48	44A7	2	1762
48	44A8	2	1762
48	44AA	2	1762
48	44AC	2	1762
48	44AE	2	1762
48	44B1	2	1762
48	44B4	2	1762
48	44B5	2	1762
48	44B8	2	1762
48	44B9	2	1762
48	44BC	2	1762
48	44BD	2	1762
48	44C0	2	1762
48	44C3	2	1762
48	44C4	2	1762
48	44C7	2	1762
48	44C8	2	1762
48	44CB	2	1762
48	44CC	2	1762
48	44CE	2	1762
48	44D0	2	1762
48	44D2	2	1762
48	44D3	2	1762
48	44D5	2	1762
48	44D6	5	1140
48	44D8	5	1140
48	44D9	5	1140
48	44DB	5	1140
48	44DD	5	1140
48	44DF	5	1140
48	4616	9	1112
48	4619	9	1112
48	461A	9	1112
48	461C	9	1112
48	461D	9	1112
48	461F	9	1112
48	4621	5	2831
48	4623	5	2831
48	4625	5	2831
48	4627	5	2831
48	462A	4	1112
48	462C	4	1112
48	462E	4	1112
48	462F	4	1112
48	4631	4	1112
48	4634	4	1112
48	4636	4	1112
48	4639	4	1112
48	463B	4	1112
48	463D	4	1112
48	4640	4	1112
48	4641	4	1112
48	4642	4	1112
48	4643	4	1112
48	4645	4	1112
48	4648	4	1112
48	464A	4	1112
48	464B	4	1112
48	464D	4	1112
48	4650	4	1112
48	4652	4	1112
48	4653	4	1112
48	4654	4	1112
48	4655	4	1112
48	4658	4	1112
48	4659	4	1112
48	465A	4	1112
48	465B	4	1112
48	465F	5	2831
48	4661	5	2831
48	4663	5	2831
48	4664	5	2831
48	4666	5	2831
48	4669	5	2831
48	466B	5	2831
48	466D	5	2831
48	466E	5	2831
48	466F	5	2831
48	4671	5	2831
48	4672	5	2831
48	4674	5	2831
48	4676	5	2831
48	4678	5	2831
48	4679	7	1120
48	467C	7	1120
48	467E	7	1120
48	4681	7	1120
48	4684	7	1120
48	4686	7	1120
48	4688	7	1120
48	4689	7	1120
48	468B	7	1120
48	468E	7	1120
48	4691	7	1120
48	4693	7	1120
48	4695	7	1120
48	4696	7	1120
48	4697	7	1120
48	469A	7	1120
48	469B	24	1120
48	469C	480	1120
48	469D	480	1120
48	469E	480	1120
48	469F	480	1120
48	46A1	24	1120
48	46A2	24	1120
48	46A4	24	1120
48	46A5	24	1120
48	46A6	24	1120
48	46A7	24	1120
48	46A8	24	1120
48	46AA	24	1120
48	46AB	24	1120
48	46AC	24	1120
48	46AD	24	1120
48	46AF	7	1120
48	46B0	7	1120
48	46B3	7	1120
48	46B4	7	1120
48	46B5	7	1120
48	46B6	7	1120
48	46BC	7	1120
48	46BE	7	1120
48	46BF	7	1120
48	46C1	7	1120
48	46C3	7	1120
48	46C5	7	1120
48	46C6	2	1728
48	46C8	2	1728
48	46CA	2	1728
48	46CB	2	1728
48	46CD	2	1728
48	46CF	2	1728
48	46D1	2	1728
48	46D3	2	1728
48	46D5	2	1728
48	46D8	2	1728
48	46DB	2	1728
48	46DE	2	1728
48	46E1	2	1728
48	46E4	2	1728
48	46E6	2	1728
48	46E9	2	1728
48	46EC	2	1728
48	46EE	2	1728
48	46F4	2	1728
48	46FA	48	1730
48	46FD	48	1731
48	4700	48	1731
48	4706	48	1731
48	4707	48	1731
48	470A	48	1731
48	470D	48	1731
48	4710	48	1731
48	4711	48	1731
48	4713	12	1734
48	4715	12	1734
48	471B	12	1735
48	471C	12	1735
48	471E	2	1760
48	4720	2	1760
48	4721	2	1760
48	4723	2	1760
48	4725	2	1760
48	4727	2	1760
48	4728	1	2103
48	4729	1	2103
48	472B	1	2103
48	472C	1	2103
48	472E	1	2103
48	4734	1	2103
48	4735	1	2103
48	4737	1	2103
48	473D	1	2103
48	473E	1	2103
48	4740	1	2103
48	4742	1	2103
48	4743	1	2103
48	4748	422	1140
48	474A	422	1140
48	474B	422	1140
48	474E	422	1140
48	474F	422	1140
48	4752	422	1140
48	4753	422	1140
48	4756	422	1140
48	4757	422	1140
48	475A	422	1140
48	475B	422	1140
48	475E	422	1140
48	475F	422	1140
48	4760	422	1140
48	4763	422	1140
48	4764	422	1140
48	4767	422	1140
48	4768	422	1140
48	476B	422	1140
48	476C	422	1140
48	476F	422	1140
48	4770	422	1140
48	4773	422	1140
48	4774	422	1140
48	4777	3575	1140
48	4778	3575	1140
48	4779	3575	1140
48	477A	3575	1140
48	477B	3575	1140
48	477C	3575	1140
48	477F	3575	1140
48	4780	3575	1140
48	4781	3575	1140
48	4783	1134	1140
48	4785	1134	1140
48	4786	1134	1140
48	4787	1134	1140
48	4788	1134	1140
48	478A	2441	1140
48	478B	2441	1140
48	478C	2441	1140
48	478E	2019	1140
48	478F	2019	1140
48	4790	2019	1140
48	4791	2019	1140
48	4793	422	1140
48	4794	422	1140
48	4795	422	1140
48	4796	422	1140
48	4798	422	1140
48	479A	422	1140
48	479C	422	1140
48	479E	422	1140
48	47A0	422	1140
48	47A2	422	1140
48	47A4	422	1140
48	47A6	422	1140
48	47A8	422	1140
48	47A9	422	1140
48	47AA	422	1140
48	47AB	422	1140
48	47AC	422	1140
48	47AD	422	1140
48	47AE	422	1140
48	47B0	422	1140
48	47B2	422	1140
48	47B3	422	1140
48	47B5	422	1140
48	47B7	422	1140
48	47B9	422	1140
48	47BA	422	1140
48	47BC	422	1140
48	47BE	422	1140
48	47C0	422	1140
48	47C3	422	1140
48	47C4	422	1140
48	47C5	422	1140
48	47C8	422	1140
48	47C9	422	1140
48	47CC	422	1140
48	47CD	422	1140
48	47D0	422	1140
48	47D1	422	1140
48	47D4	422	1140
48	47D6	3376	1140
48	47D7	3376	1140
48	47D8	3376	1140
48	47D9	3376	1140
48	47DA	3376	1140
48	47DB	3376	1140
48	47DD	422	1140
48	47E0	422	1140
48	47E1	422	1140
48	47E4	422	1140
48	47E5	422	1140
48	47E8	422	1140
48	47E9	422	1140
48	47EC	422	1140
48	47EE	3376	1140
48	47EF	3376	1140
48	47F0	3376	1140
48	47F1	3376	1140
48	47F2	3376	1140
48	47F3	3376	1140
48	47F5	422	1140
48	47F6	422	1140
48	47F8	422	1140
48	47FB	422	1140
48	47FD	422	1140
48	47FE	422	1140
48	4800	422	1140
48	4803	422	1140
48	4805	422	1140
48	4807	422	1140
48	4808	422	1140
48	480A	422	1140
48	480C	422	1140
48	480E	422	1140
48	4899	1	326
48	489C	1	326
48	489E	1	326
48	48A1	1	326
48	48A4	1	326
48	48A5	1	326
48	48A7	1	326
48	48AA	1	326
48	48AD	1	326
48	48AE	1	326
48	48AF	1	326
48	48B0	1	326
48	48B1	1	326
48	48B2	1	326
48	48B3	1	326
48	48B4	1	326
48	48B5	1	326
48	48B6	1	326
48	48B7	1	326
48	48BB	6	1112
48	48E1	5	326
48	48E2	5	326
48	48E5	5	326
48	48E8	5	326
48	48EA	5	326
48	48EC	5	326
48	48EE	80	326
48	48EF	80	326
48	48F2	80	326
48	48F3	80	326
48	48F4	80	326
48	48F5	80	326
48	48FE	80	326
48	48FF	80	326
48	4901	5	326
48	4904	5	326
48	4906	5	326
48	4908	280	326
48	4909	280	326
48	490C	280	326
48	490D	280	326
48	490E	280	326
48	490F	280	326
48	4911	5	326
48	4914	5	326
48	4915	5	326
48	4918	280	326
48	4919	280	326
48	491B	5	326
48	491E	5	326
48	491F	5	326
48	495C	4	1112
48	495F	4	1112
48	4961	4	1112
48	4963	4	1112
48	4964	4	1112
48	4966	4	1112
48	4968	4	1112
48	496A	4	1112
48	496D	4	1112
48	496F	4	1112
48	4971	4	1112
48	4974	4	1112
48	4977	4	1112
48	4978	4	1112
48	4979	4	1112
48	497A	4	1112
48	497B	4	1112
48	497C	4	1112
48	497E	4	1112
48	4981	4	1112
48	4983	4	1112
48	4984	4	1112
48	4986	4	1112
48	4989	4	1112
48	498B	4	1112
48	49DB	1	1762
48	49E1	1	1762
48	49E3	1	1762
48	49E5	1	1762
48	49E8	1	1762
48	49EB	1	1762
48	49ED	1	1762
48	49EE	1	1762
48	49F0	1	1762
48	49F2	1	1762
48	49F4	1	1762
48	49F6	1	1762
48	4A36	1	1762
48	4A38	1	1762
48	4A3B	1	1762
48	4A3E	1	1762
48	4A3F	1	1762
48	4A40	1	1762
48	4A42	1	1762
48	4A45	1	1762
48	4A4B	1	1762
48	4A4D	1	1762
48	4A4E	1	1112
48	4A54	1	1112
48	4A56	1	1112
48	4A58	1	1112
48	4A5B	1	1112
48	4A5E	1	1112
48	4A60	1	1112
48	4A61	1	1112
48	4A63	1	1112
48	4A65	1	1112
48	4A74	1	1112
48	4A76	1	1112
48	4A79	1	1112
48	4A7C	1	1112
48	4A7D	1	1112
48	4A7E	1	1112
48	4A80	1	1112
48	4A83	1	1112
48	4A89	1	1112
48	4A8B	1	1112
48	4AAB	1	22
48	4AAD	1	22
48	4AAF	1	22
48	4AB0	1	22
48	4AB2	1	22
48	4AB4	1	22
48	4AB6	1	22
48	4AB9	1	22
48	4ABB	1	22
48	4ABD	1	22
48	4AC0	1	22
48	4AC3	1	22
48	4AC5	1	22
48	4AC6	32	22
48	4AC7	32	22
48	4AC8	32	22
48	4ACA	1	22
48	4ACB	1	22
48	4ACD	1	22
48	4AD0	1	22
48	4AD2	1	22
48	4AD3	1	22
48	4AD5	1	22
48	4AD8	1	22
48	4ADA	1	22
4E	4658	1	22
4E	465A	1	22
4E	465C	1	22
4E	465F	1	22
4E	4661	1	22
4E	4663	1	22
4E	4666	1	22
4E	4669	1	22
4E	466C	1	22
4E	466F	1	22
4E	4672	1	22
4E	4675	1	22
4E	4678	1	22
4E	467B	1	22
4E	467E	1	22
4E	4681	1	22
4E	4683	1	22
4E	4687	1	22
4E	468A	1	22
4E	468B	1	22
4E	468E	1	22
4E	4691	1	22
4E	4694	1	22
4E	4697	1	22
4E	469A	1	22
4E	469B	1	22
4E	469D	1	22
4E	46A0	1	22
4E	46CF	1	326
4E	46D1	1	326
4E	46D3	1	326
4E	46D6	1	326
4E	46D8	1	326
4E	46DA	1	326
4E	46DD	1	326
4E	46E0	1	326
4E	46E3	1	326
4E	46E6	1	326
4E	46E9	1	326
4E	46EC	1	326
4E	46ED	1	326
4E	46EF	1	326
4E	46F2	1	326
4E	46F3	1	326
4E	46F5	1	326
4E	46F8	1	326
4E	46FB	1	326
4E	46FE	1	326
4E	4701	1	327
4E	4704	1	327
4E	4707	1	327
4E	470A	1	327
4E	470D	1	327
4E	470E	1	327
4E	4710	1	327
4E	4713	1	327
4E	4714	1	327
4E	4716	1	327
4E	4719	1	327
4E	471B	1	327
4E	471C	1	327
4E	471E	1	327
4E	4720	1	327
4E	4722	1	327
4E	4725	1	327
4E	4726	1	327
4E	4728	1	327
4E	4729	1	327
4E	472B	1	327
4E	472E	1	327
4E	472F	1	327
4E	4739	6	22
4E	473C	3376	22
4E	473D	3376	22
4E	473E	3376	22
4E	473F	3376	22
4E	4741	3376	22
4E	4742	3376	22
4E	4743	3376	22
4E	4744	3376	22
4E	4745	3376	22
4E	4746	3376	22
4E	4748	6	22
4E	4795	1	22
4E	4797	1	22
4E	4799	1	22
4E	479C	1	22
4E	479E	1	22
4E	47A0	1	22
4E	47A3	1	22
4E	47A6	1	22
4E	47A9	1	22
4E	47AC	1	22
4E	47AF	1	22
4E	47B0	1	22
4E	47B3	1	22
4E	47B4	1	22
4E	47B7	1	22
4E	47B8	1	22
4E	47BB	1	22
4E	47BC	1	22
4E	47BF	1	22
4E	47C2	1	22
4E	47C5	1	22
4E	47C8	1	22
4E	47CB	1	22
4E	47CE	1	22
4E	47D1	1	22
4E	47D4	1	22
4E	47D5	1	22
4E	47D8	1	22
4E	47D9	1	22
4E	47DC	1	22
4E	47DD	1	22
4E	47E0	1	22
4E	47E1	1	22
4E	47E4	1	22
4E	47E5	1	22
4E	47E7	1	22
4E	47EA	1	22
4F	4000	28	26
4F	4002	28	26
4F	4004	28	26
4F	4006	28	26
4F	4008	28	26
4F	400D	28	26
4F	404B	278	29
4F	404C	278	29
4F	404F	278	29
4F	4052	278	29
4F	4053	278	29
4F	4056	278	29
4F	4057	278	29
4F	405A	278	29
4F	405D	278	29
4F	405E	556	29
4F	405F	556	29
4F	4061	556	29
4F	4063	556	29
4F	4065	278	29
4F	4067	278	29
4F	4069	278	29
4F	406B	278	29
4F	406D	278	29
4F	406F	4448	29
4F	4070	4448	29
4F	4071	4448	29
4F	4072	4448	29
4F	4073	4448	29
4F	4074	4448	29
4F	4075	4448	29
4F	4076	4448	29
4F	4077	4448	29
4F	4078	4448	29
4F	4079	4448	29
4F	407A	4448	29
4F	407B	4448	29
4F	407C	4448	29
4F	407D	4448	29
4F	407E	4448	29
4F	407F	4448	29
4F	4080	4448	29
4F	4082	556	29
4F	4083	15488	27
4F	4086	15488	27
4F	4087	15488	27
4F	4088	15488	27
4F	4089	15488	27
4F	408A	15488	27
4F	408B	15488	27
4F	408E	13696	27
4F	408F	13696	27
4F	4090	13696	27
4F	4093	12800	27
4F	4094	12800	27
4F	4097	12800	27
4F	4098	12800	27
4F	4099	12800	27
4F	409B	12800	27
4F	409D	12800	27
4F	409E	12800	27
4F	40A0	12800	27
4F	40A2	12800	27
4F	40A3	12800	27
4F	40A4	12800	27
4F	40A5	12800	27
4F	40A7	12800	27
4F	40A9	12800	27
4F	40AA	12800	27
4F	40AB	12800	27
4F	40AD	12800	27
4F	40AE	12800	27
4F	40B0	12800	27
4F	40B1	12800	27
4F	40B2	12800	27
4F	40B4	12800	27
4F	40B7	12800	27
4F	40B8	12800	27
4F	40B9	12800	27
4F	40BB	12800	27
4F	40BD	12800	27
4F	40BE	12800	27
4F	40C0	12800	27
4F	40C2	12800	27
4F	40C3	12800	27
4F	40C4	12800	27
4F	40C5	12800	27
4F	40C7	12800	27
4F	40C9	12800	27
4F	40CA	12800	27
4F	40CB	12800	27
4F	40CD	12800	27
4F	40CE	12800	27
4F	40D0	12800	27
4F	40D1	12800	27
4F	40D2	12800	27
4F	40D4	12800	27
4F	40D5	12800	27
4F	40D7	12800	27
4F	40D8	12800	27
4F	40DA	12800	27
4F	40DD	12800	27
4F	40DF	12800	27
4F	40E0	12800	27
4F	40E2	12800	27
4F	40E4	12800	27
4F	40E6	12800	27
4F	40E7	12800	27
4F	40E9	12800	27
4F	40EC	12800	27
4F	40EE	12800	27
4F	40EF	12800	27
4F	40F0	12800	27
4F	40F2	12800	27
4F	40F4	12800	27
4F	40F5	12800	27
4F	40F6	12800	27
4F	40F8	12800	27
4F	40F9	12800	27
4F	40FB	12800	27
4F	40FC	12800	27
4F	40FE	12800	27
4F	40FF	12800	27
4F	4101	12800	27
4F	4103	12800	27
4F	4105	12800	27
4F	4106	12800	27
4F	4108	12800	27
4F	410B	12800	27
4F	410D	12800	27
4F	410E	12800	27
4F	4110	12800	27
4F	4111	12800	27
4F	4112	12800	27
4F	4113	12800	27
4F	4115	12800	27
4F	4116	12800	27
4F	4118	12800	27
4F	4119	12800	27
4F	411A	12800	27
4F	411C	1792	41
4F	411F	1792	41
4F	4120	1792	41
4F	4121	1792	41
4F	4123	1792	41
4F	4124	1792	41
4F	4126	14592	27
4F	4129	14592	27
4F	412A	14592	27
4F	412C	14592	27
4F	412D	14592	27
4F	412F	14592	27
4F	4130	14592	27
4F	4131	896	322
4F	4134	896	322
4F	4135	896	322
4F	4136	896	322
4F	4138	896	322
4F	4139	896	322
4F	413B	896	322
4F	413E	896	322
4F	413F	896	322
4F	4141	896	322
4F	4142	896	322
4F	4144	896	322
4F	4145	896	322
4F	4146	38400	27
4F	4147	38400	27
4F	4149	23654	27
4F	414A	23654	27
4F	414B	23654	27
4F	414E	23654	27
4F	414F	23654	27
4F	4150	23654	27
4F	4151	23654	27
4F	4152	23654	27
4F	4153	38400	27
4F	4156	38400	27
4F	4157	38400	27
4F	4158	38400	27
4F	415A	307200	27
4F	415B	307200	27
4F	415D	90564	27
4F	415E	307200	27
4F	4160	307200	27
4F	4162	307200	27
4F	4163	307200	27
4F	4165	38400	27
4F	4166	28	27
4F	4169	28	27
4F	416B	28	27
4F	416D	14	308
4F	416E	14	308
4F	4171	14	308
4F	4172	14	308
4F	4175	14	308
4F	4176	14	308
4F	4179	14	308
4F	417C	14	308
4F	417E	14	27
4F	417F	14	27
4F	4182	14	27
4F	4183	14	27
4F	4186	14	27
4F	4187	14	27
4F	418A	14	27
4F	418B	14	27
4F	418E	28	27
4F	4191	28	27
4F	41C2	28	27
4F	41C5	28	27
4F	41C8	28	27
4F	41CA	1792	27
4F	41CD	1792	27
4F	41CE	1792	27
4F	41D1	1792	27
4F	41D2	1792	27
4F	41D5	1792	27
4F	41D6	1792	27
4F	41D7	1792	27
4F	41DA	1792	27
4F	41DB	1792	27
4F	41DC	1792	27
4F	41DD	1792	27
4F	41DF	28	27
4F	41E0	270	27
4F	41E3	270	27
4F	41E4	270	27
4F	41E5	242	27
4F	41E6	242	27
4F	41E8	242	27
4F	41EA	134	27
4F	41ED	134	27
4F	41EE	134	27
4F	41F0	28	27
4F	41F3	28	27
4F	41F5	28	27
4F	41F7	14	42
4F	41F8	14	42
4F	41FB	14	42
4F	41FE	14	42
4F	4201	14	42
4F	4203	14	27
4F	4206	14	27
4F	4209	14	27
4F	420A	120	27
4F	420D	120	27
4F	420E	120	27
4F	4211	120	27
4F	4213	108	308
4F	4216	108	308
4F	4217	108	308
4F	4219	14	322
4F	421A	14	322
4F	421D	14	322
4F	4220	14	322
4F	4221	14	322
4F	4224	14	322
4F	4226	94	308
4F	4229	94	308
4F	422A	94	308
4F	422D	242	27
4F	4230	242	27
4F	4261	242	27
4F	4264	242	27
4F	4267	242	27
4F	4269	242	27
4F	426A	242	27
4F	426B	242	27
4F	426E	242	27
4F	426F	242	27
4F	4272	242	27
4F	4273	15488	27
4F	4274	15488	27
4F	4275	15488	27
4F	4276	15488	27
4F	4277	15488	27
4F	4278	15488	27
4F	427A	242	27
4F	427B	242	27
4F	427C	242	27
4F	427F	15488	27
4F	4282	15488	27
4F	4283	15488	27
4F	4284	15488	27
4F	4287	15488	27
4F	4288	15488	27
4F	428A	242	28
4F	428C	242	28
4F	428D	242	28
4F	42B4	13	27
4F	42B6	13	27
4F	42B8	13	27
4F	42B9	13	27
4F	42BB	13	27
4F	42BD	13	27
4F	42BF	13	27
4F	42C1	13	27
4F	42C4	13	27
4F	42C7	13	27
4F	42CA	13	27
4F	42CD	13	27
4F	42CF	13	27
4F	42D2	13	27
4F	42D5	13	27
4F	42D7	13	27
4F	42DA	13	27
4F	42DD	13	28
4F	42E0	117	28
4F	42E3	117	29
4F	42E6	117	29
4F	42EC	117	29
4F	42ED	117	29
4F	42F0	117	29
4F	42F3	117	30
4F	42F5	13	43
4F	42F7	13	43
4F	42F8	13	43
4F	42FA	13	43
4F	42FC	13	43
4F	42FE	13	43
4F	42FF	1	331
4F	4301	1	331
4F	4303	1	331
4F	4304	1	331
4F	4306	1	331
4F	4308	1	331
4F	430A	1	331
4F	430C	1	331
4F	430F	1	331
4F	4312	1	331
4F	4315	1	331
4F	4318	1	331
4F	431A	1	331
4F	431D	1	331
4F	4320	1	331
4F	4322	1	331
4F	4325	1	331
4F	4328	1	332
4F	432B	17	332
4F	432E	17	333
4F	4331	17	333
4F	4337	17	333
4F	4338	17	333
4F	433B	17	333
4F	433E	17	334
4F	4340	1	363
4F	4342	1	363
4F	4343	1	363
4F	4345	1	363
4F	4347	1	363
4F	4349	1	363
4F	4370	12	308
4F	4372	12	308
4F	4374	12	308
4F	4375	12	308
4F	4377	12	308
4F	4379	12	308
4F	437B	12	308
4F	437D	12	308
4F	4380	12	308
4F	4383	12	308
4F	4386	12	308
4F	4389	12	308
4F	438B	12	308
4F	438E	12	308
4F	4391	12	308
4F	4393	12	308
4F	4396	12	308
4F	4399	96	309
4F	439C	96	310
4F	439F	96	310
4F	43A5	96	310
4F	43A6	96	310
4F	43A9	96	310
4F	43AC	96	311
4F	43AE	12	323
4F	43B0	12	323
4F	43B1	12	323
4F	43B3	12	323
4F	43B5	12	323
4F	43B7	12	323
4F	4717	1	8
4F	4718	1	8
4F	4719	1	8
4F	471A	1	8
4F	471C	1	8
4F	471E	1	8
4F	4720	1	8
4F	4722	1	8
4F	4724	1	8
4F	4726	1	8
4F	4728	1	8
4F	472A	1	8
4F	472C	1	8
4F	472E	1	8
4F	4731	1	8
4F	4734	1	8
4F	4735	1	8
4F	4738	1	8
4F	473B	1	8
4F	473E	1	8
4F	473F	1	8
4F	4742	1	8
4F	4744	1	8
4F	4746	1	8
4F	4749	1	8
4F	474C	1	8
4F	474D	1	8
4F	4750	1	10
4F	4752	1	10
4F	4754	6	10
4F	4755	6	10
4F	4757	6	10
4F	475A	6	10
4F	475D	6	10
4F	475E	6	10
4F	4761	6	11
4F	4762	6	11
4F	4763	6	11
4F	4765	1	14
4F	4766	1	14
4F	4768	1	14
4F	476A	1	14
4F	476D	1	14
4F	4770	1	14
4F	4771	1	14
4F	4774	1	15
4F	4776	1	15
4F	4778	1	15
4F	477A	1	15
4F	477C	1	15
4F	477E	1	15
4F	4780	1	16
4F	4783	1	16
4F	4786	1	16
4F	4789	1	16
4F	478A	1	16
4F	478D	1	16
4F	4793	1	16
4F	4796	1	16
4F	4798	1	16
4F	479A	1	16
4F	479B	1	16
4F	479D	1	16
4F	479F	1	16
4F	47A1	1	16
4F	47A2	1	16
4F	47A3	1	17
4F	47A4	1	17
4F	47A5	1	17
4F	47A7	1	17
4F	47A9	1	17
4F	47AC	1	17
4F	47AF	1	17
4F	47B2	1	17
4F	47B5	1	17
4F	47B6	1	17
4F	47B9	1	17
4F	47BC	1	17
4F	47BF	1	17
4F	47C0	1	17
4F	47C3	1	17
4F	47C6	1	17
4F	47C7	1	17
4F	47C8	1	17
4F	47CB	1	17
4F	47CE	1	17
4F	47D1	1	17
4F	47D2	1	17
4F	47D4	1	17
4F	47D6	1	17
4F	47D8	1	17
4F	47D9	1	17
4F	47DA	1	17
4F	47DC	1	17
4F	47DE	6	17
4F	47DF	6	17
4F	47E1	6	17
4F	47E2	6	17
4F	47E5	6	17
4F	47E8	6	17
4F	47EB	6	18
4F	47EE	6	18
4F	47EF	6	18
4F	47F0	6	18
4F	47F2	1	22
4F	47F3	1	22
4F	47F6	1	22
4F	47FC	1	22
51	404A	1	4515
51	404D	1	4516
51	404F	1	4516
51	4051	1	4516
51	4053	1	4516
51	4054	1	4516
51	4056	1	4516
51	4058	1	4516
51	405A	1	4516
51	405C	1	4516
51	405E	1	4516
51	4060	1	4516
51	4066	1	4516
51	4069	1	4516
51	406C	1	4516
51	406D	1	4516
51	4070	1	4516
51	4073	1	4516
51	4075	1	4516
51	4077	1	4516
51	407A	1	4516
51	407D	1	4516
51	407F	1	4516
51	4081	1	4516
51	4083	1	4516
51	4089	1	4517
51	408C	1	4517
51	408F	1	4517
51	4091	1	4517
51	4093	1	4517
51	4095	1	4517
51	409B	1	4518
51	409E	1	4518
51	40A1	1	4518
51	40A4	1	4518
51	40A6	1	4518
51	40AC	1	4518
51	40AF	1	4518
51	40B2	1	4518
51	40B5	1	4518
51	40B7	1	4518
51	40BD	1	4518
51	4105	1	4518
51	4108	1	4518
51	4109	1	4518
51	410B	1	4518
51	410D	1	4518
51	4110	1	4518
51	4117	1	4518
51	4119	1	4518
51	411C	1	4518
51	411E	1	4518
51	4120	1	4518
51	4123	1	4518
51	4128	1	4518
51	4129	1	4518
51	412B	1	4518
51	412E	1	4518
51	4131	1	4518
51	4134	1	4518
51	4137	1	4518
51	4138	1	4518
51	413B	1	4518
51	413E	1	4518
51	4140	1	4518
51	4142	1	4518
51	4145	1	4518
51	414A	1	4518
51	414C	1	4518
51	414D	1	4518
51	414F	1	4518
51	4150	1	4518
51	4152	1	4518
51	4155	1	4518
51	4158	1	4518
51	4159	1	4518
51	415C	1	4518
51	415E	1	4518
51	4161	1	4519
51	4167	1	4519
51	416D	1	4535
51	4170	1	4535
51	4172	1	4535
51	4174	1	4535
51	4176	1	4535
51	4177	1	4535
51	4179	1	4535
51	417B	1	4535
51	417E	1	4535
51	4181	1	4535
51	4182	1	4535
51	4184	1	4535
51	4196	1	4535
51	4197	1	4535
51	4199	260	4535
51	419F	260	4535
51	41A2	260	4536
51	41A8	260	4536
51	41AE	260	4536
51	41BB	1	4795
51	41C7	1	4795
51	41CD	1	4810
51	41D3	1	4810
51	41D5	1	4810
51	41D7	1	4810
51	41D8	4	4518
51	41D9	4	4518
51	41DA	4	4518
51	41DC	4	4518
51	41DE	3	4518
51	41DF	3	4518
51	41E1	2	4518
51	41E3	2	4518
51	41E4	2	4518
51	41E8	1	4518
51	41E9	1	4518
51	41EA	1	4518
51	41ED	1	4518
51	41EE	1	4518
51	41EF	1	4518
51	41F1	1	4518
51	41F3	3	4518
51	41F4	3	4518
51	41F5	3	4518
51	41F6	3	4518
51	41F7	3	4518
51	41F8	3	4518
51	41F9	3	4518
51	41FA	3	4518
51	41FB	3	4518
51	41FC	3	4518
51	41FD	3	4518
51	41FE	3	4518
51	41FF	3	4518
51	4200	3	4518
51	4201	3	4518
51	4202	3	4518
51	4203	3	4518
51	4205	3	4518
51	4206	3	4518
51	4208	3	4518
51	420A	3	4518
51	420B	3	4518
51	420C	3	4518
51	420D	3	4518
51	420E	3	4518
51	4211	3	4518
51	4212	3	4518
51	4214	3	4518
51	4215	3	4518
51	4218	3	4518
51	4219	3	4518
51	421A	3	4518
51	421B	3	4518
51	421E	3	4518
51	421F	3	4518
51	4221	3	4518
51	4222	3	4518
51	4223	3	4518
51	4224	3	4518
51	4239	2	4515
51	423A	2	4515
51	423D	2	4515
51	423E	2	4515
51	423F	2	4515
51	4240	2	4515
51	4241	2	4515
51	4242	2	4515
51	4243	2	4515
51	4244	2	4515
51	4245	1	2831
51	4246	1	2831
51	4249	1	2831
51	424C	1	2831
51	424F	1	2831
51	4252	1	2831
51	4255	1	2831
51	4258	1	2831
51	425B	1	2831
51	425E	1	2831
54	4000	4	3411
54	4002	4	3411
54	4005	4	3411
54	4008	4	3411
54	4009	4	3411
54	400A	4	3411
54	400B	4	3411
54	400C	4	3411
54	400D	4	3411
54	4010	4	3411
54	403D	1	2850
54	403F	1	2850
54	4042	1	2850
54	4044	1	2850
54	4047	1	2850
54	4048	1	2850
54	404B	1	2850
54	404E	1	2850
54	404F	1	2850
54	4050	1	2850
54	4051	1	2850
54	4054	1	2850
54	4056	1	2850
54	405C	1	2850
54	405D	237	2955
54	4060	237	2955
54	4062	237	2955
54	4064	237	2955
54	4066	237	2955
54	4068	233	2955
54	406A	233	2955
54	4071	4	2998
54	4074	4	2998
54	4075	4	2998
54	4076	4	2998
54	4077	4	2998
54	4079	3	3159
54	407A	3	3159
54	407C	2	3160
54	407D	2	3160
54	407F	1	3192
54	4080	1	3192
54	4086	1	2998
54	4089	1	2998
54	408B	1	2998
54	4091	1	2998
54	4093	1	2998
54	4094	1	3159
54	4097	1	3159
54	4099	1	3159
54	409F	1	3159
54	40A2	1	3159
54	40A4	1	3159
54	40A5	1	3159
54	40A7	1	3159
54	40B7	1	3160
54	40BA	1	3160
54	40BB	1	3160
54	4102	1	3160
54	4103	1	3160
54	4106	1	3160
54	410C	1	3160
54	410F	1	3160
54	4115	1	3160
54	4118	1	3160
54	411E	1	3160
54	4121	1	3160
54	4127	1	3160
54	4129	1	3160
54	412C	1	3160
54	4132	1	3160
54	4134	1	3160
54	4135	1	3192
54	4138	1	3192
54	4139	1	3192
54	413A	1	3192
54	4141	1	3159
54	4142	1	3159
54	4145	1	3159
54	4147	1	3159
54	414A	1	3159
54	414D	1	3159
54	4153	1	3159
54	4156	1	3159
54	4158	1	3159
54	4176	1	3159
54	4178	1	3159
54	417B	1	3159
54	417D	1	3159
54	4180	1	3159
54	4183	1	3159
54	4185	1	3159
54	418B	1	3159
54	418C	1	4230
54	418E	1	4230
54	4191	1	4230
54	4193	1	4230
54	4196	1	4230
54	4197	1	4230
54	419A	1	4230
54	419C	1	4230
54	41A2	1	4230
54	41A3	148	4231
54	41A6	148	4231
54	41A8	148	4231
54	41AA	148	4231
54	41AC	148	4231
54	41AE	147	4231
54	41B0	147	4231
54	41B7	1	4379
54	41B9	1	4379
54	41BF	1	4379
54	41C2	1	4379
54	41C3	1	4379
54	41C4	1	4379
54	423C	1	4379
54	423E	1	4379
54	4241	1	4379
54	4243	1	4379
54	4246	1	4379
54	4247	1	4379
54	424A	1	4379
54	424D	1	4379
54	424F	1	4379
54	425A	1	4379
54	425D	1	4379
54	425F	1	4379
54	4261	1	4379
54	4262	1	4379
54	4265	1	4379
54	4266	1	4380
54	4269	1	4380
54	426B	1	4380
54	426D	1	4380
54	426F	1	4380
54	427A	1	4380
54	427C	1	4380
54	4282	1	4380
54	4285	1	4380
54	4286	1	4380
54	4287	1	4380
54	44AC	95	3412
54	44AF	95	3412
54	44B0	95	3412
54	44B2	95	3412
54	44B5	95	3412
54	44B6	95	3412
54	44B9	95	3412
54	44BA	95	3412
54	44BC	95	3412
54	44BD	95	3412
54	44C1	95	3412
54	44C2	95	3412
54	44FE	1	3411
54	4501	1	3411
54	4503	1	3411
54	4506	1	3411
54	4508	1	3411
54	450B	1	3411
54	450C	1	3411
54	450F	1	3411
54	4512	1	3411
54	4514	1	3411
54	451A	1	3411
54	451B	17	3412
54	451E	17	3412
54	4521	17	3412
54	4523	17	3412
54	4525	17	3412
54	4527	17	3412
54	4529	16	3412
54	452B	16	3412
54	4532	1	3428
54	4535	1	3428
54	4536	1	3428
54	4537	1	3428
54	4538	1	3628
54	453B	1	3628
54	453D	1	3628
54	4540	1	3628
54	4542	1	3628
54	4545	1	3628
54	4546	1	3628
54	4549	1	3628
54	454B	1	3628
54	4551	1	3628
54	4552	7	3629
54	4555	7	3629
54	455B	7	3629
54	455E	7	3629
54	4560	7	3629
54	4562	7	3629
54	4564	7	3629
54	4566	6	3629
54	4568	6	3629
54	456F	1	3635
54	4572	1	3635
54	4573	1	3635
54	4574	1	3635
54	4575	1	3585
54	4578	1	3585
54	457A	1	3585
54	457D	1	3585
54	457F	1	3585
54	4582	1	3585
54	4583	1	3585
54	4586	1	3585
54	4588	1	3585
54	458A	1	3585
54	458B	1	3585
54	458D	1	3585
54	458F	1	3585
54	4591	1	3585
54	4593	1	3585
54	4596	1	3585
54	4599	1	3585
54	459C	1	3585
54	45A2	1	3585
54	45A4	1	3585
54	45A7	1	3585
54	45A9	1	3585
54	45AC	1	3585
54	45AF	1	3585
54	45B1	1	3585
54	45B4	1	3585
54	45B6	1	3585
54	45B8	1	3585
54	45BB	1	3585
54	45BE	1	3585
54	45BF	1	3585
54	45C0	1	3585
54	45C2	1	3585
54	45C3	1	3585
54	45C5	1	3585
54	45C6	1	3585
54	45C7	1	3585
54	45C9	1	3585
54	45CA	1	3585
54	45CB	1	3585
54	45D1	1	3585
54	45D2	1	3585
54	45D5	1	3585
54	45DB	1	3585
54	45DE	1	3585
54	45E1	1	3585
54	45E4	1	3585
54	45EA	1	3585
54	45ED	1	3585
54	45F0	1	3585
54	45F2	1	3585
54	45F5	1	3585
54	45F7	1	3585
54	45FA	1	3585
54	45FC	1	3585
54	45FE	1	3585
54	4601	1	3585
54	4604	1	3585
54	4606	1	3585
54	4609	1	3585
54	460A	1	3585
54	460C	1	3585
54	460E	1	3585
54	4611	1	3585
54	4614	1	3585
54	4617	1	3585
54	461D	1	3585
54	4620	1	3585
54	4626	1	3585
54	4627	1	3585
54	4628	1	3585
54	4629	1	3585
54	462B	1	3585
54	462D	1	3585
54	4630	1	3585
54	4633	1	3585
54	4634	1	3585
54	4635	1	3585
54	464D	1	3585
54	4650	1	3585
54	4653	1	3585
54	4656	1	3585
54	465C	1	3585
54	465F	1	3585
54	4662	1	3585
54	4664	1	3585
54	4667	1	3585
54	4669	1	3585
54	466C	1	3585
54	466E	1	3585
54	4670	1	3585
54	4673	1	3585
54	4676	1	3585
54	4677	1	3585
54	4678	1	3585
54	467A	1	3585
54	467D	1	3585
54	4680	1	3585
54	4686	1	3585
54	4687	1	3585
54	468A	1	3585
54	468D	1	3585
54	4690	1	3585
54	4693	1	3585
54	4699	1	3585
54	469C	1	3585
54	469F	1	3585
54	46A1	1	3585
54	46A4	1	3585
54	46A6	1	3585
54	46A9	1	3585
54	46AA	1	3585
54	46AD	1	3585
54	46AF	1	3585
54	46B2	1	3585
54	46B4	1	3585
54	46B7	1	3585
54	46B9	1	3585
54	46BC	1	3585
54	46BE	1	3585
54	46C1	1	3585
54	46C3	1	3585
54	46C6	1	3585
54	46C8	1	3585
54	46CB	1	3586
54	46CD	1	3586
54	46CF	1	3586
54	46D2	1	3586
54	46D5	1	3586
54	46D7	1	3586
54	46DD	1	3586
54	46DF	1	3586
54	46E0	1	3586
54	46E2	1	3586
54	46E4	1	3586
54	46E6	1	3586
54	46E7	1	3586
54	46E8	7	3585
54	46EA	7	3585
54	46EC	7	3585
54	46EE	7	3585
54	46F0	7	3585
54	46F6	7	3585
54	46F8	7	3585
54	46FA	7	3585
54	46FC	7	3585
54	46FD	7	3585
54	46FE	7	3585
54	4701	7	3585
54	4702	7	3585
54	4703	7	3585
54	4704	7	3585
54	4705	7	3585
54	4706	7	3585
54	4709	7	3585
54	470A	7	3585
54	470D	7	3585
54	470F	7	3585
54	4710	7	3585
54	4711	7	3585
54	4713	7	3585
54	4714	7	3585
54	4715	7	3585
54	4716	7	3585
54	4719	7	3585
54	471A	7	3585
54	471B	7	3585
54	471C	7	3585
54	471D	7	3585
54	471E	7	3585
54	4721	7	3585
54	4722	7	3585
54	4725	7	3585
54	4726	3	3585
54	4728	55	3585
54	4729	55	3585
54	472A	55	3585
54	472C	55	3585
54	472D	55	3585
54	472E	55	3585
54	472F	55	3585
54	4731	3	3585
54	4732	3	3585
54	4735	3	3585
54	4736	2	3585
54	4738	2	3585
54	473B	30	3585
54	473C	30	3585
54	473D	30	3585
54	473E	30	3585
54	473F	30	3585
54	4740	28	3585
54	4741	28	3585
54	4742	28	3585
54	4743	28	3585
54	4748	1	3585
54	474A	7	3585
54	474B	7	3585
54	474C	7	3585
54	474D	7	3585
54	474E	7	3585
54	474F	6	3585
54	4750	6	3585
54	4752	6	3585
54	4753	6	3585
54	4772	43	3586
54	4775	43	3586
54	4778	43	3586
54	477A	43	3586
54	477C	43	3586
54	477E	43	3586
54	4780	40	3586
54	478E	3	3599
54	4791	3	3599
54	4792	3	3599
54	4793	3	3599
54	4794	3	3599
54	4796	2	3622
54	4797	2	3622
54	4799	1	3628
54	479A	1	3628
54	47A6	1	3599
54	47A9	1	3599
54	47AA	1	3599
54	47AB	1	3599
54	47AC	1	3599
54	47AF	1	3599
54	47B0	1	3599
54	47B1	1	3599
54	47B2	1	3599
54	47B5	1	3599
54	47B7	1	3599
54	47B9	1	3599
54	47BF	42	3586
54	47C1	42	3586
54	47C2	1	3622
54	47C4	1	3622
54	47C6	1	3622
54	47C9	1	3622
54	47CC	1	3622
54	47CE	1	3622
54	47D1	1	3622
54	47D4	1	3622
54	47D5	1	3622
54	47D6	1	3622
54	47D8	1	3622
54	47D9	1	3622
54	47DB	1	3622
54	47DC	1	3622
54	47DF	1	3622
54	47E5	1	3622
54	47E6	1	3622
54	47E9	1	3622
54	47EA	1	3622
54	47EB	1	3622
54	47EC	1	3622
54	47EF	1	3622
54	47F1	1	3622
54	47F2	1	3622
54	47F3	1	3622
54	47F5	1	3622
54	47F6	1	3622
54	47F7	1	3622
54	47FA	1	3622
54	47FD	1	3622
54	4803	1	3622
54	4806	1	3622
54	4807	1	3622
54	4808	1	3622
54	4809	1	3622
54	480C	1	3622
54	4812	1	3622
54	4815	1	3622
54	4818	24	3622
54	4819	24	3622
54	481A	24	3622
54	481B	24	3622
54	481D	1	3622
54	4820	1	3622
54	4822	1	3622
54	4824	1	3622
54	482A	1	3622
54	482C	1	3628
54	482D	1	3628
54	482F	1	3628
54	4832	1	3628
54	4833	1	3628
54	484A	1	3622
54	484C	11	3622
54	484D	11	3622
54	484E	11	3622
54	4850	10	3622
54	4851	10	3622
54	4852	10	3622
54	4853	10	3622
54	4855	1	3622
54	485C	1	3883
54	485F	1	3883
54	4861	1	3883
54	4864	1	3883
54	4866	1	3883
54	4869	1	3883
54	486A	1	3883
54	486D	1	3883
54	4870	1	3883
54	4873	1	3883
54	4879	1	3883
54	487C	1	3883
54	4882	1	3883
54	4885	1	3883
54	4887	1	3883
54	4889	1	3883
54	488C	1	3883
54	488E	1	3883
54	4894	1	3883
54	489B	28	3883
54	489E	28	3883
54	48A4	28	3883
54	48A7	28	3883
54	48A9	28	3883
54	48AB	28	3883
54	48AD	28	3883
54	48AF	26	3883
54	48B1	26	3883
54	48B8	2	3904
54	48BB	2	3904
54	48BC	2	3904
54	48BD	2	3904
54	48BE	2	3904
54	48C0	1	3910
54	48C1	1	3910
54	48F9	1	3904
54	48FB	1	3904
54	48FE	1	3904
54	4904	1	3904
54	4906	1	3904
54	4907	1	3910
54	490A	1	3910
54	490B	1	3910
54	490C	1	3910
54	490F	1	3910
54	4910	1	3910
54	4911	1	3910
54	4912	1	3910
54	4913	1	3910
57	4000	1	2096
57	4001	1	2096
57	4002	1	2096
57	4003	1	2096
57	4006	1	2096
57	4009	1	2096
57	400C	1	2096
57	4012	1	2096
57	4013	1	2096
57	4014	1	2096
57	4015	1	2096
57	4018	1	2096
57	4019	1	2096
57	401C	1	2096
57	401D	1	2096
57	4020	1	2096
57	4021	1	2096
57	4022	1	2096
57	4023	1	2096
57	4026	1	2096
57	4029	2	2096
57	402B	2	2096
57	402D	2	2096
57	402F	2	2096
57	4031	2	2096
57	4032	2	2096
57	4034	2	2096
57	4036	2	2096
57	4038	2	2096
57	403A	2	2096
57	403C	2	2096
57	403E	2	2096
57	4044	2	2096
57	4046	2	2096
57	4049	2	2096
57	404C	2	2121
57	404F	2	2121
57	4051	2	2121
57	4052	2	2121
57	4054	2	2121
57	4056	2	2121
57	4059	2	2121
57	405C	2	2121
57	405D	2	2121
57	405F	635	2121
57	4062	635	2122
57	4063	635	2122
57	4065	633	2122
57	4068	2	2696
57	406B	2	2711
57	4071	2	2711
57	4074	2	2711
57	4075	2	2711
57	4077	2	2711
57	4079	2	2711
57	407B	1	2711
57	407D	1	2711
57	4082	1	2711
57	4085	1	2711
57	4087	1	2711
57	408A	1	2711
57	4096	1	2816
57	409C	1	2831
57	409F	1	2831
57	40A0	1	2831
57	40A3	1	2831
57	40A4	1	2831
57	40A7	1	2831
57	40A8	1	2831
57	40A9	1	2831
57	40AA	1	2831
57	40AB	1	2831
57	40AE	1	2831
57	40B1	1	2831
57	40B2	1	2831
57	40B5	1	2831
57	40B6	1	2831
57	40B7	1	2831
57	40BA	1	2831
57	40BB	1	2831
57	40BC	1	2831
57	40BF	1	2831
57	40C2	1	2831
57	40C3	4	2831
57	40C4	4	2831
57	40C5	4	2831
57	40C6	4	2831
57	40C9	4	2831
57	40CF	4	2831
57	40D0	4	2831
57	40D2	1	2831
57	40D4	1	2831
57	40D7	1	2831
57	40DD	1	2831
57	40DF	1	2831
57	40E0	635	2121
57	40E3	635	2121
57	40E5	635	2121
57	40E8	635	2121
57	40EE	635	2121
57	40F1	635	2122
57	40F7	635	2122
57	40FD	635	2122
57	40FF	635	2122
57	4100	635	2122
57	4101	2	2696
57	4102	2	2696
57	4105	2	2696
57	4107	2	2696
57	4109	2	2696
57	410C	2	2696
57	410E	2	2696
57	4111	2	2696
57	4114	1	2801
57	4116	1	2801
57	4119	1	2801
57	411B	1	2801
57	411E	1	2801
57	4121	1	2801
57	4123	1	2801
57	41CA	1	2696
57	41CC	1	2696
57	41CE	1	2696
57	41D0	1	2696
57	41D2	1	2696
57	41D4	1	2696
57	41D6	1	2696
57	41DE	1	2696
57	41E0	1	2696
57	41E3	1	2696
57	41E6	1	2696
57	41E8	1	2696
57	41EA	1	2696
57	41EC	1	2696
57	41EF	1	2696
57	41F2	1	2696
57	41F4	1	2696
57	41F5	1	2696
57	41F7	1	2696
57	41F9	1	2696
57	41FA	1	2696
57	41FD	1	2696
57	4443	1	2801
57	4445	1	2801
57	4447	1	2801
57	4453	1	2801
57	4455	1	2801
57	4458	1	2801
57	445A	1	2801
57	445D	1	2801
57	44E4	2	2121
57	44E7	2	2121
57	44E9	2	2121
57	44EB	2	2121
57	44EE	2	2121
57	44F0	2	2121
57	44F3	2	2121
57	44F6	1	2739
57	44F8	1	2739
57	44FB	1	2739
57	44FE	1	2739
57	4500	1	2739
57	4503	1	2739
57	4506	1	2739
57	4508	1	2739
57	4512	1	2121
57	459A	1	2739
57	459C	1	2739
57	459F	1	2739
57	45A2	1	2739
57	45A5	1	2739
57	45A6	1	2739
57	45A9	1	2739
57	45AC	4	2739
57	45AE	4	2739
57	45B1	4	2739
57	45B3	4	2739
57	45B4	4	2739
57	45B5	4	2739
57	45B6	4	2739
57	45B8	1	2739
57	45BB	1	2741
57	45E6	2	2696
57	45E9	2	2696
57	45EC	2	2696
57	45ED	2	2696
57	45F0	2	2696
57	45F3	2	2696
57	45F4	2	2696
57	45F6	2	2696
57	45F8	2	2696
57	45FB	2	2696
57	45FD	2	2696
57	4600	2	2696
57	4603	1	2801
57	4605	1	2801
57	4608	1	2801
57	460B	1	2801
57	460D	1	2801
57	4610	1	2801
57	4613	1	2801
57	4615	1	2801
57	468E	1	2696
57	4691	1	2696
57	4692	1	2696
57	4694	1	2696
57	469A	1	2711
57	469D	1	2711
57	46A0	1	2711
57	46A3	1	2711
57	4771	1	2801
57	4774	1	2801
57	4776	1	2801
57	4777	1	2801
57	477D	1	2816
57	47A6	2	2096
57	47A9	2	2096
57	47AB	2	2096
57	47AD	2	2096
57	47B0	2	2096
57	47B2	2	2096
57	47B5	2	2096
57	47B8	1	2711
57	47BA	1	2711
57	47BD	1	2711
57	47C0	1	2711
57	47C2	1	2711
57	47C5	1	2711
57	47C8	1	2711
57	47CA	1	2711
57	47D1	1	2096
57	47D4	1	2096
57	47D7	1	2096
57	47D9	1	2096
57	47DB	1	2096
57	47DD	1	2096
57	47E3	1	2097
57	47E6	1	2097
57	47E9	1	2097
57	47EB	1	2097
57	47ED	1	2097
57	47EF	1	2097
57	47F5	1	2098
57	47F8	1	2098
57	47FB	1	2098
57	47FE	1	2098
57	4800	1	2098
57	4806	1	2098
57	4809	1	2098
57	480C	1	2098
57	480F	1	2098
57	4811	1	2098
57	4817	1	2098
57	481A	1	2098
57	481D	1	2098
57	481F	1	2098
57	4821	1	2098
57	4827	1	2098
57	482A	1	2098
57	482D	1	2098
57	4830	1	2098
57	4832	1	2098
57	4835	1	2098
57	4838	1	2098
57	483B	1	2098
57	4841	1	2098
57	4843	1	2098
57	4846	1	2098
57	4849	1	2098
57	484C	1	2098
57	4852	1	2098
57	4854	1	2098
57	4856	1	2098
57	4857	1	2098
57	4859	1	2098
57	485B	1	2098
57	485D	1	2098
57	485F	1	2098
57	4860	1	2098
57	4863	1	2098
57	4866	1	2098
57	4869	1	2098
57	486C	1	2098
57	486F	1	2098
57	4871	1	2098
57	4873	1	2098
57	4875	1	2098
57	487B	1	2099
57	487E	1	2099
57	4881	1	2099
57	4883	1	2099
57	4885	1	2099
57	4887	1	2099
57	488D	1	2100
57	488F	1	2100
57	4890	1	2100
57	4892	1	2100
57	4894	1	2100
57	4896	1	2100
57	4898	1	2100
57	489A	1	2100
57	489B	1	2100
57	489D	1	2100
57	489F	1	2100
57	48A1	1	2100
57	48A3	1	2100
57	48A4	1	2100
57	48A7	1	2100
57	48AA	1	2100
57	48AD	1	2100
57	48B0	1	2100
57	48B3	1	2100
57	48B6	1	2100
57	48B8	1	2100
57	48BA	1	2100
57	48BC	1	2100
57	48C2	1	2101
57	48C5	1	2101
57	48C8	1	2101
57	48CA	1	2101
57	48CC	1	2101
57	48CE	1	2101
57	48D4	1	2102
57	48D7	1	2102
57	48DA	1	2102
57	48DC	1	2102
57	48DE	1	2102
57	48E0	1	2102
57	48E6	1	2103
57	48E8	1	2103
57	48E9	1	2103
57	48EB	1	2103
57	48ED	1	2103
57	48EF	1	2103
57	48F2	1	2103
57	48F4	1	2103
57	4914	1	2103
57	4916	1	2103
57	4918	1	2103
57	491A	1	2103
57	491D	1	2103
57	491E	1	2103
57	4921	1	2103
57	4922	1	2103
57	4925	1	2103
57	4928	1	2103
57	4929	1	2103
57	492C	1	2103
57	4932	1	2103
57	4933	1	2103
57	4935	1	2103
57	4936	1	2103
57	4938	1	2103
57	493B	1	2103
57	493C	1	2103
57	493F	1	2103
57	4940	1	2103
57	4942	1	2103
57	4944	1	2103
57	4945	1	2103
57	4947	1	2103
57	494A	1	2103
57	494B	1	2103
57	494E	1	2103
57	4E4C	1	2711
57	4E4F	1	2711
57	4E52	1	2711
57	4E54	1	2711
57	4E56	1	2711
57	4E58	1	2711
57	4E5E	1	2712
57	4E61	1	2712
57	4E64	1	2712
57	4E66	1	2712
57	4E68	1	2712
57	4E6A	1	2712
57	4E70	1	2713
57	4E73	1	2713
57	4E76	1	2713
57	4E78	1	2713
57	4E7A	1	2713
57	4E7C	1	2713
57	4E82	1	2714
57	4E85	1	2714
57	4E88	1	2714
57	4E8B	1	2714
57	4E8D	1	2714
57	4E93	1	2714
57	4E96	1	2716
57	4E99	1	2716
57	4E9C	1	2716
57	4E9F	1	2716
57	4EA1	1	2716
57	4EA7	1	2716
57	4EA9	1	2716
57	4EAB	1	2716
57	4EAC	1	2716
57	4EAE	1	2716
57	4EB0	1	2716
57	4EB2	1	2716
57	4EB4	1	2716
57	4EB5	1	2716
57	4EB8	1	2716
57	4EBB	1	2716
57	4EBE	1	2716
57	4EC1	1	2716
57	4EC4	1	2716
57	4EC6	1	2716
57	4EC8	1	2716
57	4ECA	1	2716
57	4ED0	1	2717
57	4ED3	1	2717
57	4ED6	1	2717
57	4ED8	1	2717
57	4EDA	1	2717
57	4EDC	1	2717
57	4EE2	1	2718
57	4EE4	1	2718
57	4EE5	1	2718
57	4EE7	1	2718
57	4EE9	1	2718
57	4EEB	1	2718
57	4EED	1	2718
57	4EEF	1	2718
57	4EF0	1	2718
57	4EF2	1	2718
57	4EF4	1	2718
57	4EF6	1	2718
57	4EF8	1	2718
57	4EF9	1	2718
57	4EFC	1	2718
57	4EFF	1	2718
57	4F02	1	2718
57	4F05	1	2718
57	4F08	1	2718
57	4F0B	1	2718
57	4F0D	1	2718
57	4F0F	1	2718
57	4F11	1	2718
57	4F17	1	2719
57	4F1A	1	2719
57	4F1D	1	2719
57	4F1F	1	2719
57	4F21	1	2719
57	4F23	1	2719
57	4F29	1	2720
57	4F2C	1	2720
57	4F2F	1	2720
57	4F31	1	2720
57	4F33	1	2720
57	4F35	1	2720
57	4F3B	1	2721
57	4F3D	1	2721
57	4F3E	1	2721
57	4F40	1	2721
57	4F42	1	2721
57	4F44	1	2721
57	4F46	1	2721
57	4F49	1	2721
57	4F4B	1	2721
57	4F4E	1	2721
57	4F50	1	2721
57	4F53	1	2721
57	4F56	1	2721
57	5077	2	2103
57	507A	2	2103
57	507D	2	2103
57	507F	2	2103
57	5081	2	2103
57	5083	2	2103
57	5089	2	2104
57	508C	2	2104
57	508F	2	2104
57	5092	2	2104
57	5094	2	2104
57	509A	2	2104
57	509C	2	2104
57	509F	2	2105
57	50A2	2	2105
57	50A4	2	2105
57	50A6	2	2105
57	50AC	2	2105
57	50B2	2	2121
57	510F	2	2714
57	5112	2	2714
57	5114	2	2714
57	5116	2	2714
57	5119	2	2714
57	511B	2	2714
57	511E	2	2714
57	5121	2	2714
57	5123	2	2714
57	5126	2	2714
57	5129	2	2714
57	512B	2	2714
57	512E	2	2714
57	5131	2	2714
57	5133	2	2714
57	5187	2	2714
57	518A	2	2714
57	518D	2	2714
57	5190	2	2714
57	5192	2	2714
57	5198	2	2714
57	519A	2	2714
57	519D	2	2714
57	51A0	2	2714
57	51A3	2	2714
57	51A9	2	2714
57	51BC	2	2714
57	51BF	2	2714
57	51C0	2	2714
57	51C2	1	2739
57	51C3	1	2739
57	51C4	1	2739
57	51C7	1	2739
57	51C9	4	2739
57	51CA	4	2739
57	51CB	4	2739
57	51CD	1	2739
57	51CE	1	2739
57	51D1	1	2739
57	51D2	4	2739
57	51D3	4	2739
57	51D4	4	2739
57	51D6	1	2739
57	51D7	1	2739
57	51DA	1	2739
57	51DC	4	2739
57	51DD	4	2739
57	51DE	4	2739
57	51E0	1	2739
57	51E1	1	2739
57	51E4	4	2739
57	51E5	4	2739
57	51E6	4	2739
57	51E8	2	2714
57	51EB	2	2714
57	51EE	2	2714
57	51F0	2	2714
57	51F2	2	2714
57	51F4	2	2714
57	51FA	2	2715
57	51FD	2	2715
57	5200	2	2715
57	5202	2	2715
57	5204	2	2715
57	5206	2	2715
57	520C	2	2716
57	546C	2	2696
57	546D	2	2696
57	5470	2	2696
57	5472	2	2696
57	5474	2	2696
57	5477	2	2696
57	5479	2	2696
57	547C	2	2696
57	547F	1	2801
57	5481	1	2801
57	5484	1	2801
57	5487	1	2801
57	5489	1	2801
57	548C	1	2801
57	548F	1	2801
57	5491	1	2801
57	550A	1	2696
57	550B	1	2696
57	550C	1	2696
57	550E	1	2696
57	5510	1	2696
57	5511	1	2696
57	5513	1	2696
57	5515	1	2696
57	5518	1	2696
57	551B	1	2696
57	551C	1	2696
57	551E	1	2696
57	55E0	1	2801
57	55E1	1	2801
57	55E2	1	2801
57	55E4	1	2801
57	55E6	1	2801
57	55E7	1	2801
57	55E9	1	2801
57	55EB	1	2801
57	55EE	1	2801
57	55F1	1	2801
57	55F2	1	2801
57	55F4	1	2801
65	4000	1	17
65	4003	1	22
65	4009	1	22
65	400F	1	22
65	4015	1	22
65	4016	1	22
65	4019	1	22
65	401C	1	22
65	401D	1	22
65	401E	1	22
65	4021	1	22
65	4022	1	22
65	4023	1	22
65	4024	1	22
65	4025	1	22
65	4026	1	22
65	4029	1	22
65	402F	1	324
65	4030	1	324
65	4032	1	324
65	4033	1	324
65	4035	1	324
65	4037	1	324
65	4038	1	324
65	4039	1	324
65	403A	1	324
65	403B	1	324
65	4078	1	324
65	407E	1	324
65	407F	1	324
65	4081	1	324
65	4082	1	324
65	4084	1	324
65	4086	1	324
65	4087	1	324
65	4088	1	324
65	4089	1	324
65	408A	1	324
65	408B	1	324
65	416C	1	324
65	4172	1	326
65	4174	1	326
65	4176	1	326
65	417C	1	326
65	417D	1	326
65	417F	1	326
65	4185	1	327
65	4186	1	327
65	4188	1	327
65	41A7	1	327
65	41A9	1	327
67	6369	1	23
67	636B	1	23
67	636D	1	23
67	6373	1	23
67	6379	1	23
67	637C	1	23
67	637F	1	23
67	6381	1	23
67	6383	1	23
67	6385	1	23
67	638B	1	24
67	638E	1	24
67	6391	1	24
67	6393	1	24
67	6395	1	24
67	6397	1	24
67	639D	1	25
67	63A0	1	25
67	63A3	1	25
67	63A5	1	25
67	63A7	1	25
67	63A9	1	25
67	63AF	1	26
67	63B2	1	26
67	63B5	1	26
67	63B8	1	26
67	63BA	1	26
67	63C0	1	26
67	63C3	1	26
67	63C6	1	26
67	63C9	1	26
67	63CB	1	26
67	63D1	1	26
67	63D4	1	26
67	63D7	1	26
67	63DA	1	26
67	63DC	1	26
67	63E2	1	26
67	63E5	1	26
67	63E8	1	26
67	63EA	1	26
67	63EC	1	26
67	63F2	1	26
67	63F5	1	26
67	63F8	1	26
67	63FB	1	26
67	63FD	1	26
67	6400	1	27
67	6401	1	22
67	6404	1	27
67	640A	1	43
67	640C	1	43
67	640D	1	43
67	640F	1	43
67	6411	1	43
67	6414	1	43
67	6417	1	43
67	6418	1	43
67	641A	1	43
67	641D	1	308
67	6423	1	323
67	6425	1	323
67	6426	1	323
67	6428	1	323
67	642A	1	323
67	642D	1	323
67	642E	1	323
67	6430	1	323
67	6433	1	324
67	6436	1	324
67	6437	1	22
67	6439	1	22
67	643B	1	22
67	6441	1	22
67	6447	1	23
67	644D	1	27
67	644E	1	43
67	644F	1	43
67	6452	265	43
67	6458	265	43
67	645B	265	44
67	645D	265	44
67	645F	265	44
67	6460	265	44
67	6462	265	44
67	6464	265	44
67	6466	265	44
67	6468	265	44
67	646B	265	44
67	646C	265	44
67	646E	265	44
67	646F	265	44
67	6471	265	44
67	6473	265	44
67	6475	265	44
67	6476	265	44
67	6477	265	44
67	6479	186	63
67	647B	186	63
67	647D	60	83
67	6480	60	83
67	6481	60	83
67	6483	3	83
67	6485	3	83
67	6486	3	83
67	6488	3	83
67	648A	3	83
67	648D	3	83
67	6490	3	83
67	6491	3	83
67	6493	3	83
67	6495	3	83
67	6498	3	83
67	649A	79	44
67	649B	79	44
67	649E	265	44
67	64A1	265	44
67	64A2	265	44
67	64A4	265	44
67	64A5	265	44
67	64A7	265	44
67	64A9	265	44
67	64AA	265	44
67	64AB	265	44
67	64AC	265	44
67	64AD	265	44
67	64B4	1	44
67	64B7	1	44
67	64BA	1	44
67	64BC	1	44
67	64BF	1	44
67	64C1	1	44
67	64C4	1	44
67	64C7	126	45
67	64CA	126	45
67	64CC	126	45
67	64CF	126	45
67	64D1	126	45
67	64D4	1	170
67	64D6	1	170
67	64D8	1	170
67	64DB	1	170
67	64DD	1	170
67	64DF	1	170
67	64E2	1	170
67	64E5	1	170
67	64E8	1	170
67	64EA	1	170
67	64ED	1	170
67	64EF	1	170
67	64F2	1	170
67	64F5	138	171
67	64F8	138	171
67	64FA	138	171
67	64FD	138	171
67	64FF	138	171
67	6502	1	308
67	6503	1	308
67	6505	1	308
67	6508	1	308
67	650A	1	308
67	650D	1	308
67	6513	1	308
67	6514	1	308
67	6516	1	308
67	6518	1	308
67	651C	1	308
67	651F	1	308
68	4010	1	2850
68	4011	1	2850
68	4014	1	2850
68	4017	1	2850
68	4018	1	2850
68	4019	1	2850
68	401C	1	2850
68	401D	1	2850
68	401E	1	2850
68	401F	1	2850
68	4020	1	2850
68	431A	1	308
68	431C	1	308
68	431E	1	308
68	4321	1	308
68	4323	1	308
68	4325	1	308
68	4326	1	308
68	4328	1	308
68	432A	1	308
68	432C	1	308
68	432F	1	308
68	4332	1	308
68	4334	1	308
68	4336	1	308
68	4339	1	308
68	433B	1	308
68	433D	1	308
68	4340	1	308
68	4342	1	308
68	4345	1	308
68	4348	1	308
68	434A	1	308
68	434C	1	308
68	434F	1	308
68	4350	1	308
68	4352	1	308
68	4354	1	308
68	4355	1	308
68	4357	1	308
68	435A	1	308
68	435C	1	308
68	435D	1	308
68	435F	1	308
68	4362	1	308
68	4364	1	308
68	4469	1	3160
68	446A	1	3160
68	446B	1	3160
68	446C	1	3160
68	446D	1	3160
68	44D0	1	3159
68	44D2	1	3159
68	44D4	1	3159
68	44D5	1	3159
68	44D7	1	3159
68	44D9	1	3159
68	44DB	1	3159
68	44DE	1	3159
68	44E0	1	3159
68	44E2	1	3159
68	44E5	1	3159
68	44E8	1	3159
68	44EA	1	3159
68	44EB	1	3159
68	44ED	1	3159
68	44EE	1	3159
68	44F0	1	3159
68	44F3	1	3159
68	44F5	1	3159
68	44F6	1	3159
68	44F8	1	3159
68	459A	1	308
68	459C	1	308
68	459E	1	308
68	45A1	1	308
68	45A3	1	308
68	45A5	1	308
68	45A6	1	308
68	45A8	1	308
68	45AA	1	308
68	45AC	1	308
68	45AF	1	308
68	45B2	1	308
68	45B5	1	308
68	45B7	190	308
68	45B8	190	308
68	45B9	190	308
68	45BA	190	308
68	45BC	190	308
68	45BD	190	308
68	45BE	190	308
68	45BF	190	308
68	45C1	1	308
68	45C2	1	308
68	45C3	1	308
68	45C4	1	308
68	45C5	1	308
68	45C6	1	308
68	45C8	1	308
68	45C9	1	308
68	45CA	1	308
68	45CC	1	308
68	45CE	1	308
68	45CF	1	308
68	45D1	1	308
68	45D4	1	308
68	45D6	1	308
68	45D7	1	308
68	45D9	1	308
68	45DC	1	308
68	45DE	1	308
68	4870	1	324
68	4873	1	324
68	4874	1	324
68	4876	1	324
68	4877	1	324
68	4879	1	324
68	487B	1	324
68	487C	1	324
68	487D	1	324
68	487E	1	324
68	487F	1	324
68	4880	1	324
68	4883	1	324
68	4885	1	324
68	4887	1	324
68	4888	1	324
68	488A	1	324
68	488C	1	324
68	488E	1	324
68	488F	1	324
68	4891	1	324
68	4893	1	324
68	4895	1	324
68	4898	1	324
68	489A	1	324
68	489C	1	324
68	489F	1	324
68	48A0	1	324
68	48A1	1	324
68	48A3	1	324
68	48A4	1	324
68	48A6	1	324
68	48A9	1	324
68	48AB	1	324
68	48AD	1	324
68	48AE	1	324
68	48B0	1	324
68	48B3	1	324
68	48B5	1	324
68	48B6	1	324
68	48B8	1	324
68	48BA	1	324
68	48BC	1	324
68	48BE	1	324
68	48C0	1	324
68	48C2	1	324
68	48CE	1	324
68	48D0	1	324
68	48DE	1	324
68	48E1	1	324
68	48E4	1	324
68	48E5	1	324
68	48ED	1	324
68	48F0	1	324
68	48F2	1	324
68	4950	1	324
68	4952	1	324
68	4954	1	324
68	4955	1	324
68	4957	1	324
68	4959	1	324
68	495B	1	324
68	495E	1	324
68	4960	1	324
68	4962	1	324
68	4963	1	324
68	4965	1	324
68	4967	1	324
68	4969	1	324
68	496C	1	324
68	496D	1	324
68	4970	1	324
68	4973	1	324
68	4974	1	324
68	4975	1	324
68	4976	1	324
68	4977	1	324
68	4978	1	324
68	497A	1	324
68	497B	1	324
68	497C	1	324
68	497E	1	324
68	497F	1	324
68	4982	1	324
68	4984	1	324
68	4987	1	324
68	4988	1	324
68	498A	1	324
68	498C	1	324
68	49A0	1	324
68	49A2	1	324
68	49A3	1	324
68	49A5	1	324
68	49A8	1	324
68	49AA	1	324
68	49AC	1	324
68	49AD	1	324
68	49AF	1	324
68	49B2	1	324
68	49B4	1	324
68	49B5	1	324
68	49B6	1	324
68	49B8	1	324
68	49BA	1	324
68	49BB	1	324
68	49BD	1	324
68	49BF	1	324
68	49C1	1	324
68	49C4	1	324
68	49C6	1	324
68	49C8	1	324
68	49C9	1	324
68	49CB	1	324
68	49CD	1	324
68	49CF	1	324
68	49D2	1	324
68	49D5	1	324
68	49D8	1	324
68	49DB	1	324
68	49DC	1	324
68	49DD	1	324
68	49DE	1	324
68	49E1	1	324
68	49E4	1	324
68	49E7	1	324
68	49EA	1	324
68	49EC	1	324
68	49ED	1	324
68	49EF	1	324
68	49F2	1	324
68	49F4	1	324
68	49F6	1	324
68	49F7	1	324
68	49F9	1	324
68	49FC	1	324
68	49FE	1	324
68	49FF	2	324
68	4A02	508	324
68	4A03	508	324
68	4A04	508	324
68	4A05	508	324
68	4A07	508	324
68	4A08	508	324
68	4A09	508	324
68	4A0A	508	324
68	4A0B	508	324
68	4A0C	508	324
68	4A0E	2	324
68	4A0F	1	22
68	4A11	1	22
68	4A13	1	22
68	4A14	1	22
68	4A16	1	22
68	4A18	1	22
68	4A1A	1	22
68	4A1D	1	22
68	4A1F	1	22
68	4A21	1	22
68	4A22	1	22
68	4A24	1	22
68	4A26	1	22
68	4A28	1	22
68	4A2B	1	22
68	4A2C	1	22
68	4A2F	1	22
68	4A32	1	22
68	4A35	1	22
68	4A37	1	22
68	4A38	1	22
68	4A3A	1	22
68	4A3D	1	22
68	4A3F	1	22
68	4A41	1	22
68	4A42	1	22
68	4A44	1	22
68	4A47	1	22
68	4A49	1	22
75	4000	1432	170
75	4001	1432	170
75	4002	1432	170
75	4003	1432	170
75	4004	1432	170
75	4006	69	170
75	4007	98	3160
75	4008	98	3160
75	4009	98	3160
75	400A	98	3160
75	400B	88	3160
75	400C	88	3160
75	400D	88	3160
75	400F	11	3023
75	4010	11	3023
75	4012	11	3023
75	4013	11	3023
75	4014	115	3023
75	4015	115	3023
75	4016	115	3023
75	4017	115	3023
75	4019	106	3023
75	401A	106	3023
75	401B	106	3023
75	401C	106	3023
75	401E	2	3159
75	401F	2	3159
75	4020	11	3023
75	4021	11	3023
75	4022	11	3023
75	4023	11	3023
75	4024	11	3023
75	4025	11	3023
75	4027	11	3023
75	4028	11	3023
75	4029	66	44
75	402A	66	44
75	402D	66	44
75	402E	66	44
75	402F	66	44
75	4030	18	44
75	4031	18	44
75	4034	18	44
75	4036	18	44
75	4038	17	44
75	403A	17	44
75	403C	16	44
75	403E	16	44
75	4040	15	44
75	4041	15	44
75	4044	15	44
75	4047	18	44
75	4049	18	44
75	404A	18	44
75	404D	18	44
75	404E	18	44
75	404F	18	44
75	4052	18	44
75	4053	18	44
75	4054	18	44
75	4057	18	44
75	4058	18	44
75	4059	18	44
75	405C	18	44
75	405D	18	44
75	405E	18	44
75	4060	18	44
75	4061	18	44
75	4063	2	44
75	4065	2	44
75	4066	18	44
75	4069	18	44
75	406C	18	44
75	406D	18	44
75	406E	18	44
75	406F	18	44
75	40B4	83	44
75	40B5	83	44
75	40B6	83	44
75	40B9	83	44
75	40BA	83	44
75	40BD	83	44
75	40BE	83	44
75	40C1	83	44
75	40C2	83	44
75	40C3	83	44
75	40C5	83	44
75	40DA	83	44
75	40DB	83	44
75	40DC	5	44
75	40DD	5	44
75	40DF	5	44
75	40E0	5	44
75	40E1	5	44
75	40E4	5	44
75	40E5	5	44
75	40E6	5	44
75	40E7	5	44
75	40E9	5	44
75	40EB	5	44
75	40F9	5	44
75	40FA	5	44
75	40FC	5	44
75	40FE	5	44
75	40FF	5	44
75	4102	5	44
75	4105	5	44
75	4106	5	44
75	4109	5	44
75	410C	5	44
75	410E	5	44
75	4110	5	44
75	4111	5	44
75	4113	5	44
75	4114	5	44
75	4225	1	4380
75	4227	1	4380
75	422A	1	4380
75	422D	1	4380
75	422F	1	4380
75	4235	2	44
75	4238	2	44
75	4239	2	44
75	423A	2	44
75	423B	2	44
75	423C	2	44
75	423E	2	44
75	4240	2	44
75	4242	2	44
75	4244	2	44
75	4247	2	44
75	424A	2	44
75	424D	2208	44
75	424E	2208	44
75	424F	2208	44
75	4250	2208	44
75	4251	2208	44
75	4252	2208	44
75	4254	2	44
75	4257	2	44
75	4259	2	44
75	425C	2	44
75	425D	2	44
75	425E	2	44
75	4260	2	44
75	4261	2	44
75	4263	2	44
75	4264	2	44
75	4267	2	44
75	4268	2	44
75	4269	2	44
75	426A	2	44
75	426B	2	44
75	426E	2	44
75	426F	2	44
75	4270	2	44
75	4271	2	44
75	4272	2	44
75	4275	2	44
75	4277	2	44
75	427A	2	44
75	427D	2	44
75	427E	2	44
75	4280	2	44
75	4286	2	44
75	4288	2	44
75	428B	2	44
75	4329	1	170
75	432C	1	170
75	432E	1	170
75	4331	1	170
75	4333	1	170
75	4336	1	170
75	4339	1	170
75	433B	1	170
75	433E	1	170
75	433F	1	170
75	4341	1	170
75	4344	1	170
75	4347	1	170
75	4348	1	170
75	4349	1	170
75	434A	1	170
75	434B	1	170
75	434C	1	170
75	434D	1	170
75	434E	1	170
75	434F	1	170
75	4352	1	170
75	4353	1	170
75	4354	1	170
75	4355	1	170
75	4356	1	170
75	4359	1	170
75	435A	1	170
75	435D	1	170
75	4360	1	170
75	4362	1	170
75	4365	1	170
75	4368	1	170
75	436B	1	170
75	436C	1	170
75	436D	1	170
75	4370	1	170
75	4371	1	170
75	4372	1	170
75	4374	1	170
75	4376	1	170
75	437C	1	170
75	437E	1	170
75	437F	1	170
75	4380	1	170
75	4382	1	170
75	4385	1	170
75	4388	1	170
75	438A	1	170
75	438D	1	170
75	4390	5	44
75	4392	5	44
75	4393	5	44
75	4395	5	44
75	4396	5	44
75	4397	8	3160
75	4399	107	3160
75	439A	107	3160
75	439C	107	3160
75	439D	107	3160
75	439E	107	3160
75	43A0	8	3160
75	43A1	8	3160
75	43A2	8	3160
75	43A4	8	3160
75	43A6	8	3160
75	43B1	1	3160
75	43B4	1	3160
75	43B6	1	3160
75	43B9	1	3160
75	43BC	1	3160
75	43BE	1	3160
75	43C1	1	3160
75	43C2	1	3160
75	43C4	1	3160
75	43C7	1	3160
75	43C9	1	3160
75	43CB	1	3160
75	43CE	1	3160
75	43D0	1	3160
75	43D2	1	3160
75	43D5	1	3160
75	43DB	1	3160
75	43DC	1	3160
75	43DE	1	3160
75	43E1	1	3160
75	43E4	1	3160
75	43E7	1	3160
75	43E8	1	3160
75	43EB	1	3160
75	43EE	1	3160
75	43F0	1	3160
75	43F1	1	3160
75	43F3	1	3160
75	43F4	1	3160
75	43F7	1	3160
75	43F8	1	3160
75	43F9	1	3160
75	43FC	1	3160
75	43FE	1	3160
75	4401	1	3160
75	4404	1	3160
75	4407	1	3160
75	4408	1	3160
75	4409	1	3160
75	440A	1	3160
75	440D	1	3160
75	4410	1	3160
75	4411	1	3160
75	4414	1	3160
75	4417	1	3160
75	4418	1	3160
75	4419	1	3160
75	441C	1	3160
75	441E	1	3160
75	4421	1	3160
75	4422	1	3160
75	4423	1	3160
75	4424	1	3160
75	4425	1	3160
75	4426	1	3160
75	4429	1	3160
75	442A	1	3160
75	442C	1	3160
75	442F	1	3160
75	4432	1	3160
75	4434	1	3160
75	4437	13	44
75	443A	13	44
75	443C	13	44
75	448A	1	3160
75	448D	1	3160
75	4490	1	3160
75	4492	1	3160
75	4495	1	3160
75	4496	1	3160
75	4497	1	3160
75	4498	1	3160
75	449B	1	3160
75	449D	1	3160
75	44A3	1	3160
75	44A6	1	3160
75	44A7	1	3160
75	44A8	1	3160
75	44AB	1	3160
75	44AD	1	3160
75	44B0	1	3160
75	44B1	1	3160
75	44B4	1	3160
75	44B5	5	44
75	44B6	5	44
75	44B9	5	44
75	44BC	5	44
75	44BD	5	44
75	44C0	5	44
75	44C3	5	44
75	44C6	5	44
75	44C8	5	44
75	44CB	1	4230
75	44CE	1	4230
75	44D0	1	4230
75	44D3	1	4230
75	44D6	1	4230
75	44D8	1	4230
75	452B	1	4230
75	452E	1	4230
75	452F	1	4230
75	4532	1	4230
75	4535	1	4230
75	4538	1	4230
75	453A	1	4230
75	453D	1	4230
75	4540	1	4230
75	4541	1	4230
75	4542	1	4230
75	4544	1	4230
75	4547	1	4230
75	454A	1	4230
75	454D	1	4230
75	454F	1	4230
75	4552	1	4230
75	4554	1	4230
75	4555	1	4230
75	4556	1	4230
75	4559	1	4230
75	455A	1	4230
75	455B	1	4230
75	455E	1	4230
75	4561	1	4230
75	4564	1	4230
75	4565	1	4230
75	4568	1	4230
75	456A	1	4230
75	456D	1	4230
75	4570	1	4230
75	4572	1	4230
75	4575	1	4230
75	4577	1	4230
75	457A	1	4230
75	457D	1	3159
75	457F	1	3159
75	4582	1	3159
75	4583	1	3159
75	4587	1	2998
75	4589	1	2998
75	458C	1	2998
75	458D	1	2998
75	4590	1	2998
75	4591	1	3159
75	4593	1	3159
75	4596	1	3159
75	4597	1	3159
75	459B	3	2998
75	459E	3	2998
75	45A0	3	2998
75	45A2	3	2998
75	45A5	3	2998
75	45A7	3	2998
75	45A9	3	2998
75	45AC	3	2998
75	45AD	3	2998
75	45AE	1	2998
75	45AF	1	2998
75	45B2	1	2998
75	45B3	1	2998
75	45B5	1	2998
75	45B6	1	2998
75	45B9	1	2998
75	45BA	1	2998
75	45BD	1	2998
75	45BE	1	2998
75	45C1	1	2998
75	45C4	1	2998
75	45C5	1	2998
75	45C8	1	2998
75	45CB	1	2998
75	45CD	1	2998
75	45CE	1	2998
75	45D0	1	2998
75	45D1	1	2998
75	45D4	1	2998
75	45D7	1	2998
75	45DA	1	2998
75	45DB	1	2998
75	461A	2	3411
75	461C	2	3411
75	461F	2	3411
75	4620	2	3411
75	4622	1	3883
75	4623	1	3883
75	462A	1	3411
75	462C	1	3411
75	462F	1	3411
75	4631	1	3883
75	4633	1	3883
75	4636	2	3411
75	4637	2	3411
75	4638	2	3411
75	463B	2	3411
75	463E	2	3411
75	4640	2	3411
75	4641	2	3411
75	4643	2	3411
75	4644	2	3411
75	4645	2	3411
75	4648	2	3411
75	464B	2	3411
75	464E	2	3411
75	4651	2	3411
75	4654	2	3411
75	4656	2	3411
75	4659	2	3411
75	465C	2	3411
75	465F	2	3411
75	4661	2	3411
75	4664	2	3411
75	4665	2	3411
75	4666	2	3411
75	4667	2	3411
75	4668	2	3411
75	4669	2	3411
75	466C	2	3411
75	466F	2	3411
75	4670	2	3411
75	4671	2	3411
75	4672	2	3411
75	4673	2	3411
75	4676	2	3411
75	4679	2	3411
75	467B	2	3411
75	46B1	2	3411
75	46B4	2	3411
75	46B6	2	3411
75	46B9	2	3411
75	46BB	2	3411
75	46BE	2	3411
75	46C0	2	3411
75	46C3	2	3411
75	46F4	1	3411
75	46F7	1	3411
75	46F9	1	3411
75	46FC	1	3411
75	46FF	1	3411
75	4701	1	3411
75	4704	1	3411
75	4707	1	3411
75	4708	1	3411
75	470B	1	3411
75	470C	1	3411
75	470E	1	3411
75	4711	1	3411
75	4717	1	3411
75	4718	1	3411
75	471B	1	3411
75	471E	1	3411
75	4721	1	3411
75	4723	1	3411
75	4726	1	3411
75	4729	1	3411
75	472C	1	3411
75	472E	1	3411
75	4731	1	3411
75	4732	1	3411
75	4733	1	3411
75	4736	1	3411
75	4739	1	3411
75	473C	1	3411
75	473D	1	3411
75	473E	1	3411
75	4740	9	3411
75	4741	9	3411
75	4742	9	3411
75	4743	9	3411
75	4745	9	3411
75	4747	9	3411
75	4749	1	3411
75	474A	1	3411
75	474B	1	3411
75	474D	1	3411
75	4750	1	3411
75	4751	1	3411
75	4754	1	3411
75	4757	1	3411
75	4759	1	3411
75	475C	1	3586
75	475F	1	3586
75	4761	1	3586
75	4764	1	3586
75	4767	1	3586
75	4769	1	3586
75	476C	1	3586
75	476F	1	3586
75	4770	1	3586
75	4773	1	3586
75	4774	25	3586
75	4775	25	3586
75	4776	25	3586
75	4778	1	3586
75	4779	1	3586
75	477A	1	3586
75	477D	1	3586
75	477E	1	3586
75	477F	1	3586
75	4781	1	3586
75	4784	1	3586
75	4786	1	3586
75	4788	1	3586
75	478B	1	3586
75	478D	1	3586
75	478E	1	3586
75	478F	1	3586
75	4791	1	3586
75	4794	1	3586
75	4795	1	3586
75	4798	1	3586
75	479B	1	3586
75	479E	1	3586
75	47A0	1	3586
75	47A3	1	3586
75	47A6	1	3586
75	47A7	1	3586
75	47A8	1	3586
75	47AA	1	3586
75	47AD	1	3586
75	47B0	1	3586
75	47B3	1	3586
75	47B5	1	3586
75	47B8	1	3586
75	47BB	1	3586
75	47BE	1	3586
75	47BF	1	3586
75	47C0	1	3586
75	47C3	1	3586
75	47C6	1	3586
75	47C9	1	3586
75	47CC	1	3586
75	47CD	1	3586
75	47D0	1	3586
75	47D2	1	3586
75	47D3	1	3586
75	47D4	1	3586
75	47D5	1	3586
75	47D6	1	3586
75	47D9	1	3586
75	47DA	1	3586
75	47DD	1	3586
75	47E0	1	3586
75	47E1	1	3586
75	47E4	1	3586
75	47E5	1	3586
75	47E8	1	3586
75	47EA	1	3586
75	47ED	1	3586
75	47F0	1	3586
75	47F2	1	3586
75	47F3	1	3586
75	47F5	1	3586
75	47F8	1	3586
75	47FA	1	3586
75	47FD	1	3586
75	4804	2	3599
75	4807	2	3599
75	4809	2	3599
75	480C	2	3599
75	480F	2	3599
75	4811	2	3599
75	4814	2	3599
75	4817	2	3599
75	4818	2	3599
75	481B	2	3599
75	481C	2	3599
75	481D	2	3599
75	4820	2	3599
75	4821	2	3599
75	4824	2	3599
75	4825	2	3599
75	4828	2	3599
75	482B	2	3599
75	482C	2	3599
75	482D	2	3599
75	482E	2	3599
75	482F	2	3599
75	4830	2	3599
75	4833	2	3599
75	4836	2	3599
75	4839	2	3599
75	483A	2	3599
75	483C	2	3599
75	483E	2	3599
75	4841	2	3599
75	4842	2	3599
75	4845	2	3599
75	4848	2	3599
75	484A	2	3599
75	484D	2	3599
75	4850	2	3599
75	4853	2	3599
75	4854	2	3599
75	4855	2	3599
75	4857	2	3599
75	485A	2	3599
75	485D	2	3599
75	4860	2	3599
75	4862	2	3599
75	4865	2	3599
75	4868	2	3599
75	486B	2	3599
75	486C	2	3599
75	486F	2	3599
75	4870	2	3599
75	4872	1	3599
75	4875	1	3599
75	4878	1	3599
75	487B	1	3599
75	487E	1	3599
75	487F	1	3599
75	4882	1	3599
75	4883	1	3599
75	4886	1	3599
75	4888	1	3599
75	488B	1	3599
75	488E	1	3599
75	4891	1	3599
75	4893	1	3599
75	4896	2	3599
75	4898	2	3599
75	489B	2	3599
75	489E	1	3628
75	48A1	1	3628
75	48A3	1	3628
75	48A6	1	3628
75	48B0	1	3628
75	48B3	1	3628
75	48B5	1	3628
75	48B8	1	3628
75	48BB	1	3628
75	48BC	1	3628
75	48BF	1	3628
75	48C2	1	3628
75	48C5	1	3628
75	48C7	1	3628
75	48CA	1	3628
75	48CD	1	3628
75	48CE	1	3628
75	48CF	1	3628
75	48D1	1	3628
75	48D4	1	3628
75	48D7	1	3628
75	48DA	1	3628
75	48DC	1	3628
75	48DF	1	3628
75	48E1	1	3628
75	48E2	1	3628
75	48E3	1	3628
75	48E6	1	3628
75	48E7	1	3628
75	48E8	1	3628
75	48EB	1	3628
75	48EE	1	3628
75	48F1	1	3628
75	48F2	1	3628
75	48F5	1	3628
75	48F7	1	3628
75	48FA	1	3628
75	48FD	1	3628
75	48FF	1	3628
75	4902	1	3628
75	4904	1	3628
75	4907	1	3628
75	490A	1	3883
75	490D	1	3883
75	490F	1	3883
75	4912	1	3883
75	4915	1	3883
75	4917	1	3883
75	491A	1	3883
75	491D	1	3883
75	491E	1	3883
75	4921	1	3883
75	4922	1	3883
75	4925	1	3883
75	4926	1	3883
75	4928	1	3883
75	492B	1	3883
75	492D	1	3883
75	492F	1	3883
75	4932	1	3883
75	4938	1	3883
75	493B	1	3883
75	493E	1	3883
75	4940	1	3883
75	4943	1	3883
75	4944	1	3883
75	4945	1	3883
75	4948	1	3883
75	494B	1	3883
75	494C	1	3883
75	494D	1	3883
75	494F	9	3883
75	4950	9	3883
75	4951	9	3883
75	4952	9	3883
75	4954	9	3883
75	4956	9	3883
75	4958	1	3883
75	4959	1	3883
75	495B	1	3883
75	495C	1	3883
75	495F	1	3883
75	4960	1	3883
75	4963	1	3883
75	4966	17	3883
75	4967	17	3883
75	4968	17	3883
75	496A	1	3883
75	496D	1	3883
75	496E	1	3883
75	4971	1	3883
75	4974	1	3883
75	4977	1	3883
75	4979	1	3883
75	497C	1	3883
75	497F	1	3883
75	4980	1	3883
75	4983	1	3883
75	4986	1	3883
75	4989	1	3883
75	498B	1	3883
75	498E	1	3883
75	4991	1	3883
75	4994	1	3883
75	4996	1	3883
75	4999	1	3883
75	499C	1	3883
75	499F	1	3883
75	49A1	1	3883
75	49A4	1	3883
75	49A6	1	3883
75	49A9	1	3904
75	49AC	1	3904
75	49AE	1	3904
75	49B1	1	3904
75	49B4	1	3904
75	49B6	1	3904
75	49B9	1	3904
75	49BA	1	3904
75	49BD	1	3904
75	49BE	1	3904
75	49C1	1	3904
75	49C2	1	3904
75	49C5	1	3904
75	49C8	1	3904
75	49CB	1	3904
75	49CE	1	3904
75	49D0	1	3904
75	49D3	1	3904
75	49D5	1	3904
75	49D6	1	3904
75	49D7	1	3904
75	49DA	1	3904
75	49DB	1	3904
75	49DC	1	3904
75	49DF	1	3904
75	49E2	1	3904
75	49E5	1	3904
75	49E6	1	3904
75	49E9	1	3904
75	49EB	1	3904
75	49EE	1	3904
75	49F1	1	3904
75	49F3	1	3904
75	49F6	1	3904
75	49F8	1	3904
75	49FB	1	3904
75	563A	3	308
75	563D	3	308
75	563F	3	308
75	5642	2	308
75	5643	2	308
75	5646	2	308
75	5647	2	308
75	5648	2	308
75	564B	2	308
75	564E	2	308
75	5651	2	308
75	5654	2208	308
75	5655	2208	308
75	5656	2208	308
75	5657	2208	308
75	5658	2208	308
75	5659	2208	308
75	565B	2	308
75	5671	1337	52
75	5674	1337	52
75	5675	1337	52
75	5676	1337	52
75	5677	1337	52
75	5678	1337	52
75	567B	1337	52
75	567D	1337	52
75	567F	1337	52
75	5682	1337	52
75	5684	1337	52
75	5686	132	3257
75	5689	1337	52
75	568A	1337	52
75	568B	1337	52
75	568C	1337	52
75	568F	1337	52
75	5690	1337	52
75	5691	1337	52
75	5692	1337	52
75	5693	7	169
75	5694	7	169
75	5696	7	169
75	5698	7	169
75	5699	7	169
75	569B	7	169
75	569C	7	169
75	569F	7	169
75	56A2	7	169
75	56A5	7	169
75	56A6	7	169
75	56A9	7	169
75	56AA	7	169
75	56AB	7	169
75	56AC	7	169
75	56AD	5	54
75	56AF	5	54
75	56B6	5	54
75	56B9	5	54
75	56BC	5	54
75	56BD	5	54
75	56BE	5	54
75	56C1	5	54
75	56C2	5	54
75	56C3	5	54
75	56C6	5	54
75	56C7	5	54
75	56C8	5	54
75	56CA	5	54
75	56CB	5	54
75	56CD	5	54
75	56CE	5	54
75	56D1	5	54
75	56D2	3479	44
75	56D5	3479	44
75	56D6	3479	44
75	56D9	3479	44
75	56DA	3479	44
75	56DD	1171	44
75	56E0	1171	44
75	56E1	1171	44
75	56E2	1171	44
75	56E3	1171	44
75	56E4	1171	44
75	56E5	1171	44
75	56E6	1171	44
75	56E7	1171	44
75	56E8	1171	44
75	56EA	1171	44
75	56ED	130	44
75	56EE	130	44
75	56EF	130	44
75	56F2	129	44
75	56F5	129	44
75	56F6	129	44
75	56F8	129	44
75	56F9	129	44
75	56FB	129	44
75	56FC	129	44
75	56FF	67	44
75	5702	67	44
75	5704	67	44
75	5706	67	44
75	5708	67	44
75	5709	67	44
75	570C	67	44
75	570D	67	44
75	570E	67	44
75	5711	67	44
75	5712	67	44
75	5713	67	44
75	5716	67	44
75	5719	67	44
75	571B	67	44
75	571D	5	44
75	5720	5	44
75	5721	5	44
75	5723	62	51
75	5726	62	51
75	5728	62	51
75	572A	62	51
75	572C	62	51
75	572E	62	51
75	5730	62	51
75	5734	62	51
75	5735	62	51
75	5737	62	51
75	573A	62	51
75	573B	62	51
75	573D	62	51
75	573E	62	51
75	5741	62	51
75	5743	62	51
75	5746	62	51
75	5747	62	51
75	574A	62	51
75	574B	62	51
75	574C	62	51
75	574D	62	51
75	5750	62	51
75	5751	62	51
75	5752	62	51
75	5753	62	51
75	5756	62	51
75	5757	62	51
75	5758	62	51
75	5759	62	51
75	575C	62	51
75	575E	62	51
75	5760	12	3256
75	5762	12	3256
75	5764	50	51
75	5767	50	51
75	5769	50	51
75	576B	50	51
75	576D	50	51
75	576F	49	51
75	5771	49	51
75	5773	47	51
75	5775	47	51
75	5777	45	51
75	5779	45	51
75	577F	5	3187
75	5781	62	51
75	5782	62	51
75	5785	5	44
75	5786	5	44
75	5789	5	44
75	578C	5	44
75	578D	5	44
75	578E	5	44
75	578F	5	44
75	5790	5	44
75	5792	15	44
75	5793	15	44
75	5794	15	44
75	5796	15	44
75	5797	15	44
75	5799	5	44
75	579A	5	44
75	579B	5	44
75	579E	5	44
75	579F	5	44
75	57A0	5	44
75	57F4	2308	51
75	57F7	2308	51
75	57F8	2308	51
75	57FA	1337	52
75	57FB	1337	52
75	57FD	1089	52
75	57FE	1089	52
75	5801	248	52
75	5804	971	51
75	5807	971	51
75	5808	971	51
75	5809	971	51
75	580B	909	51
75	580D	909	51
75	580F	62	52
75	5811	971	51
75	5813	971	51
75	5814	971	51
75	5816	847	51
75	5818	847	51
75	581A	847	51
75	581B	847	51
75	581E	847	51
75	581F	847	51
75	5820	847	51
75	584C	124	52
75	584D	124	52
75	584F	124	52
75	5850	124	52
75	5852	62	52
75	5853	62	52
75	5854	62	52
75	5855	62	52
75	5858	62	52
75	585A	186	52
75	585B	186	52
75	585C	186	52
75	585E	62	52
75	5861	62	52
75	5863	62	52
75	5870	62	52
75	5873	62	52
75	5874	62	52
75	5877	62	52
75	5878	62	52
75	587A	248	52
75	587D	248	52
75	587F	248	52
75	5880	248	52
75	5882	62	52
75	5883	62	52
75	5884	62	52
75	5886	62	52
75	5889	62	52
75	588A	62	52
75	588B	62	52
75	588D	8	54
75	588E	8	54
75	5890	841	52
75	5893	841	52
75	5896	841	52
75	5897	841	52
75	5899	54	52
75	589A	54	52
75	589B	54	52
75	589C	54	52
75	589E	248	52
75	58A0	248	52
75	58A1	248	52
75	58A4	248	52
75	58A7	248	52
75	58A8	248	52
75	58AA	248	52
75	58AB	248	52
75	58AD	124	52
75	58B0	124	52
75	58B2	124	52
75	58B3	124	52
75	58B5	124	52
75	58B6	124	52
75	58B7	124	52
75	58C0	124	52
75	58C2	124	52
75	58C3	124	52
75	58C5	62	52
75	58C6	62	52
75	58C7	62	52
75	58C8	3479	44
75	58CB	3479	44
75	58CD	3479	44
75	58CE	1089	52
75	58D0	1089	52
75	58D1	1089	52
75	58D3	1089	52
75	58D6	1089	52
75	58D7	1089	52
75	58D8	1089	52
75	58D9	1089	52
75	58DA	1089	52
75	58DB	1089	52
75	58DE	1089	52
75	58DF	1089	52
75	58E2	1089	52
75	58E5	1089	52
75	58E8	1089	52
75	58E9	1089	52
75	58EA	34345	44
75	58ED	34345	44
75	58EF	34345	44
75	58F2	34345	44
75	58F5	34345	44
75	58F8	34345	44
75	58F9	34345	44
75	58FB	34345	44
75	58FD	33552	51
75	58FE	33552	51
75	58FF	33552	51
75	5900	33552	51
75	5901	33552	51
75	5902	33552	51
75	5904	33552	51
75	5906	33552	51
75	5907	33552	51
75	5908	33552	51
75	5933	34345	44
75	5936	34345	44
75	5938	34345	44
75	593B	33174	44
75	593D	33174	44
75	5940	30866	44
75	5943	30866	44
75	5945	30866	44
75	5948	30863	44
75	594B	30863	44
75	594C	30863	44
75	594F	122	51
75	5950	122	51
75	5951	122	51
75	5954	22	51
75	5957	22	51
75	595A	22	51
75	595C	22	51
75	595F	22	51
75	5961	22	51
75	5963	22	51
75	5964	22	51
75	5966	22	51
75	5969	17	169
75	596B	17	169
75	596D	12	3256
75	596F	12	3256
75	5971	12	3256
75	5974	12	3256
75	5976	12	3256
75	5978	12	3256
75	597A	12	3256
75	5983	12	3256
75	5986	12	3256
75	5990	5	169
75	5991	5	169
75	5992	5	169
75	5995	5	169
75	5997	5	169
75	599A	5	169
75	59FC	5	51
75	59FE	5	51
75	5A01	5	51
75	5A04	5	51
75	5A06	5	51
75	5A09	5	51
75	5A0C	5	51
75	5A0F	5	51
75	5A11	5	51
75	5A14	5	51
75	5A36	2308	51
75	5A39	2308	51
75	5A3A	2308	51
75	5A3B	2308	51
75	5A3D	1337	52
75	5A3F	1337	52
75	5A41	248	52
75	5A42	248	52
75	5A44	248	52
75	5A46	186	52
75	5A48	186	52
75	5A4A	2184	51
75	5A4C	2308	51
75	5A4E	2308	51
75	5A51	971	51
75	5A54	971	51
75	5A55	971	51
75	5AC3	62	52
75	5AC5	62	52
75	5AC7	62	52
75	5ACA	62	52
75	5ACB	62	52
75	5ACD	62	52
75	5AD0	62	52
75	5AD2	62	52
75	5B2B	1171	44
75	5B2E	1171	44
75	5B2F	1171	44
75	5B30	1171	44
75	5B31	1171	44
75	5B32	1171	44
75	5B34	1171	44
75	5B35	1171	44
75	5B36	1171	44
75	5B37	1171	44
75	5B38	3479	44
75	5B3B	3479	44
75	5B3D	3479	44
75	5B3F	3479	44
75	5B41	3479	44
75	5B43	3479	44
75	5B45	34345	44
75	5B46	62	52
75	5B47	62	52
75	5B4A	62	52
75	5B4D	62	52
75	5B50	62	52
75	5B51	62	52
75	5B52	62	52
75	5B55	62	52
75	5B58	62	52
75	5B5A	62	52
75	5B5C	62	52
75	5B5E	12	3257
75	5B61	12	3257
75	5B63	50	52
75	5B66	62	52
75	5B68	62	52
75	5B6C	62	52
75	5B6D	62	52
75	5B70	62	52
75	5B71	62	52
75	5B73	62	52
75	5B76	62	52
75	5B79	62	52
75	5B7B	62	52
75	5B7E	62	52
75	5B80	62	52
75	5B83	39	52
75	5B85	39	52
75	5B88	37	52
75	5B8A	37	52
75	5B8C	35	52
75	5B8E	35	52
75	5B90	33	52
75	5B92	33	52
75	5B94	32	52
75	5B96	32	52
75	5B98	26	52
75	5B9A	26	52
75	5B9C	26	52
75	5B9E	26	52
75	5BA1	13	52
75	5BA3	13	52
75	5BA5	12	52
75	5BA7	12	52
75	5BA9	11	52
75	5BAB	11	52
75	5BAE	6	54
75	5BB0	6	54
75	5BB3	6	54
75	5BB5	6	54
75	5BB8	5	54
75	5BBB	5	54
75	5BBD	5	54
75	5BBF	5	54
75	5BC2	5	54
75	5BC3	5	54
75	5BC6	5	54
75	5BC7	4	3418
75	5BCA	4	3418
75	5BCD	4	3418
75	5BCF	4	3418
75	5BD2	4	3418
75	5BD3	1	4238
75	5BD5	1	4238
75	5BD8	1	4238
75	5BD9	1	3192
75	5BDB	1	3192
75	5BDE	1	3192
75	5BE1	1	3192
75	5BE4	1	3192
75	5BE6	1	3192
75	5BE9	1	4240
75	5BEB	1	4240
75	5BEE	1	4240
75	5BF1	1	4240
75	5BF3	1	4240
75	5BF6	1	4240
75	5BF8	1	4240
75	5BF9	6	186
75	5BFC	6	186
75	5BFD	6	186
75	5BFE	6	186
75	5BFF	6	186
75	5C02	6	186
75	5C03	6	186
75	5C04	6	186
75	5C05	6	186
75	5C06	6	186
75	5C09	6	186
75	5C0B	6	186
75	5C0E	6	186
75	5C20	23	3421
75	5C23	23	3421
75	5C25	23	3421
75	5C28	23	3421
75	5C2B	23	3421
75	5C2C	23	3421
75	5C2F	23	3421
75	5C30	23	3421
75	5C33	23	3421
75	5C36	23	3421
75	5C37	23	3421
75	5C38	23	3421
75	5C39	23	3421
75	5C3C	23	3421
75	5C3D	23	3421
75	5C40	12	3421
75	5C41	12	3421
75	5C44	12	3421
75	5C46	12	3421
75	5CCB	12	3421
75	5CCC	12	3421
75	5CCD	12	3421
75	5CCF	12	3421
75	5CD0	12	3421
75	5CD1	12	3421
75	5CE3	12	3421
75	5CE4	12	3421
75	5CE5	12	3421
75	5CE6	12	3421
75	5CE7	12	3421
75	5CE9	12	3421
75	5CEA	12	3421
75	5CEB	12	3421
75	5CEC	12	3421
75	5CED	12	3421
75	5CF0	12	3421
75	5CF1	12	3421
75	5CF4	12	3421
75	5CF5	12	3421
75	5CF8	12	3421
75	5CF9	12	3421
75	5CFA	12	3421
75	5CFC	12	3421
75	5CFD	12	3421
75	5D00	12	3421
75	5D03	12	3421
75	5D04	12	3421
75	5D05	12	3421
75	5D06	12	3421
75	5D09	12	3421
75	5D0A	12	3421
75	5D0B	12	3421
75	5D0C	12	3421
75	5D0D	12	3421
75	5D10	23	3421
75	5D13	23	3421
75	5D15	23	3421
75	5D25	23	3421
75	5D28	23	3421
75	5D2B	23	3421
75	5D2C	2	3415
75	5D2F	2	3415
75	5D30	2	3415
75	5D33	2	3415
75	5D34	2	3415
75	5D37	2	3415
75	5D39	2	3415
75	5D3C	2	3415
75	5D3E	2	3415
75	5D41	2	3415
75	5D42	5	52
75	5D45	5	52
75	5D48	5	52
75	5D4A	45	52
75	5D4B	45	52
75	5D4C	45	52
75	5D4D	45	52
75	5D4F	45	52
75	5D50	45	52
75	5D51	45	52
75	5D53	5	52
75	5D54	5	52
75	5D55	5	52
75	5D57	5	52
75	5D5A	5	52
75	5D5C	5	52
75	5D5E	5	52
75	5D60	5	52
75	5D62	5	52
75	5D65	5	52
75	5D67	5	52
75	5D6A	5	52
75	5D6E	1	3188
75	5D70	1	3188
75	5D73	1	3188
75	5D76	1	3188
75	5D78	1	3188
75	5D79	13	3186
75	5D7C	13	3186
75	5D7E	13	3186
75	5D80	12	3257
75	5D83	12	3257
75	5D86	12	3257
75	5D89	12	3257
75	5D8A	12	3257
75	5D8D	12	3257
75	5D90	12	3257
75	5D92	12	3257
75	5D93	12	3257
75	5D95	12	3257
75	5D97	12	3257
75	5D98	12	3257
75	5DC9	1	3186
75	5DCC	1	3186
75	5DCD	1	3186
75	5DCE	1	3186
75	5DCF	1	3186
75	5DD2	1	3186
75	5DD3	1	3186
75	5DD6	1	3186
75	5DD9	1	3186
75	5DDA	1	3186
75	5DDB	1	3186
75	5DDE	1	3186
75	5DE1	1	3186
75	5DE2	13	3186
75	5DE4	13	3186
75	5DE6	13	3186
75	5DE7	13	3186
75	5DE8	12	3257
75	5DEA	12	3257
75	5DF3	12	3257
75	5DF5	12	3257
75	5DF8	12	3257
75	5DFA	12	3257
75	5DFC	12	3257
75	5DFF	12	3257
75	5E04	12	3257
75	5E06	12	3257
75	5E07	8	3257
75	5E09	8	3257
75	5E0A	8	3257
75	5E0C	8	3257
75	5E0D	8	3257
75	5E0E	8	3257
75	5E10	8	3257
75	5E11	6	3257
75	5E13	6	3257
75	5E16	6	3257
75	5E18	6	3257
75	5E1E	13	3186
75	5E1F	13	3186
75	5E21	13	3186
75	5E22	13	3186
75	5E23	13	3186
75	5E24	13	3186
75	5E25	13	3186
75	5E26	13	3186
75	5E29	13	3186
75	5E2B	13	3186
75	5E2C	13	3186
75	5E2F	13	3186
75	5E30	13	3186
75	5E31	62	52
75	5F08	8	52
75	5F0B	38	52
75	5F0E	38	52
75	5F10	67	44
75	5F13	67	44
75	5F14	67	44
75	5F17	67	44
75	5F19	67	44
75	5F20	67	44
75	5F22	67	44
75	5F24	67	44
75	5F26	67	44
75	5F27	67	44
75	5F2A	67	44
75	5F2C	67	44
75	5F2E	67	44
75	5F2F	67	44
75	5F32	67	44
75	5F33	67	44
75	5F36	67	44
75	5F37	67	44
75	5F3A	67	44
75	5F3B	67	44
75	5F3E	67	44
75	5F3F	67	44
75	5F42	67	44
75	5F43	67	44
75	5F46	67	44
75	5F47	67	44
75	5F4A	67	44
75	5F4B	67	44
75	5F4E	67	44
75	5F51	67	44
75	5F52	67	44
75	5F53	67	44
75	5F55	67	44
75	5F58	67	44
75	5F59	67	44
75	5F5C	67	44
75	5F5D	67	44
75	5F60	67	44
75	5F62	67	44
75	5F65	67	44
75	5F68	67	44
75	5F6A	67	44
75	5F6B	67	44
75	5F6C	29	170
75	5F6D	29	170
75	5F70	29	170
75	5F71	29	170
75	5F72	29	170
75	5F73	29	170
75	5F75	494	170
75	5F78	494	170
75	5F7A	29	170
75	5F7C	116	170
75	5F7F	116	170
75	5F81	29	170
75	5F82	29	170
75	5F83	29	170
75	5F86	29	170
75	5F87	29	170
75	5F88	29	170
75	5F89	29	170
75	5F8A	29	170
75	5F8B	29	170
75	5F8C	29	170
75	5F8D	29	170
75	5F8E	29	170
75	5F90	29	170
75	5F91	29	170
75	5F92	29	170
75	5F93	29	170
75	5F94	29	170
75	5F95	29	170
75	5F96	610	170
75	5F97	610	170
75	5F98	610	170
75	5F99	610	170
75	5F9A	610	170
75	5F9C	610	170
75	5F9D	610	170
75	5F9E	610	170
75	5F9F	610	170
75	5FA0	12	3256
75	5FA3	12	3256
75	5FA5	12	3256
75	5FA6	12	3256
75	5FA9	12	3256
75	5FAB	12	3256
75	5FAD	12	3256
75	5FAF	12	3256
75	5FB1	12	3256
75	5FB3	12	3256
75	5FD6	12	3256
75	5FD8	12	3256
75	5FDB	12	3256
75	5FDC	12	3256
75	5FDE	12	3256
75	5FE0	12	3256
75	5FE2	12	3256
75	5FE3	12	3256
75	5FE6	12	3256
75	5FE9	12	3256
75	5FEC	12	3256
75	5FEF	12	3256
75	5FF1	12	3256
75	6149	34345	44
75	614C	34345	44
75	614E	34345	44
75	614F	30119	52
75	6152	30119	52
75	6154	30119	52
75	6155	12847	52
75	6156	12847	52
75	6158	12847	52
75	615A	12847	52
75	615C	12847	52
75	615E	12843	52
75	6160	12843	52
75	6162	12843	52
75	6164	12843	52
75	6166	12843	52
75	6168	12843	52
75	616A	12847	52
75	616D	12847	52
75	616F	12847	52
75	6170	12847	52
75	6172	12847	52
75	6174	12847	52
75	6177	12847	52
75	6178	12847	52
75	6179	12847	52
75	617A	12847	52
75	617B	12847	52
75	617C	12847	52
75	617F	12847	52
75	6180	12847	52
75	6181	12847	52
75	6191	4	3415
75	6192	4	3415
75	6195	4	3415
75	6197	4	3415
75	61F1	5122	52
75	61F2	5122	52
75	61F4	5120	54
75	61F5	5120	54
75	61F7	5118	54
75	61F8	5118	54
75	61F9	2	52
75	61FC	2	52
75	61FD	2	52
75	61FF	2	52
75	620B	2	54
75	620E	2	54
75	620F	2	54
75	6210	2	54
75	6211	2	54
75	6214	2	54
75	6216	2	54
75	6218	2	54
75	621A	2	54
75	621B	2	54
75	621D	2	54
75	6221	2	54
75	6223	2	54
75	6226	2	54
75	6227	2	54
75	6229	2	54
75	622A	2	54
75	622B	2	54
75	622C	2	54
75	622D	2	54
75	622E	2	54
75	622F	2	54
75	6230	2	54
75	6235	2	54
75	6238	2	54
75	6239	2	54
75	623A	2	54
75	623D	2	54
75	623F	2	54
75	6241	2	54
75	6264	5	52
75	6266	5	52
75	6269	5	52
75	626C	6	3171
75	626D	6	3171
75	626F	5	3177
75	6270	5	3177
75	6272	4	3184
75	6273	4	3184
75	6275	3	3186
75	6276	3	3186
75	6279	2	3188
75	627A	2	3188
75	627D	1	3192
75	627E	1	3192
75	6287	1	3171
75	628A	1	3171
75	628D	1	3177
75	6290	1	3177
75	6292	1	3177
75	6293	1	3177
75	6295	1	3177
75	6296	1	3177
75	6299	1	3177
75	629C	1	3184
75	629F	1	3184
75	62A0	1	3184
75	62A2	1	3184
75	62A4	1	3184
75	62A5	1	3184
75	62A7	1	3184
75	62A9	1	3184
75	62AB	1	3184
75	62AE	190	3184
75	62AF	190	3184
75	62B0	190	3184
75	62B1	190	3184
75	62B3	190	3184
75	62B4	190	3184
75	62B5	190	3184
75	62B6	190	3184
75	62B8	1	3184
75	62B9	1	3184
75	62BA	1	3184
75	62BC	1	3184
75	62BD	1	3184
75	62BE	1	3184
75	62C0	1	3184
75	62C3	1	3184
75	62C4	1	3184
75	62CB	1	3184
75	62CE	1	3184
75	62D1	1	3184
75	62D3	1	3184
75	62D6	1	3184
75	62D9	1	3184
75	62DB	1	3184
75	62DE	1	3184
75	62E1	1	3184
75	62E2	1	3184
75	62E4	1	3184
75	62E5	1	3184
75	62E7	1	3184
75	62EA	1	3184
75	62EB	1	3184
75	62EC	1	3184
75	62ED	1	3184
75	62F0	1	3184
75	62F2	1	3184
75	62F5	1	3184
75	62F6	1	3184
75	62F9	1	3184
75	630F	1	3186
75	6312	1	3186
75	6314	1	3186
75	6316	1	3186
75	6318	1	3186
75	632C	1	3188
75	632D	1	3188
75	6330	1	3188
75	6332	1	3188
75	6333	1	3188
75	6336	1	3188
75	6338	1	3188
75	633B	1	3192
75	633D	1	3192
75	6340	1	3192
75	6343	1	3192
75	6345	1	3192
75	6347	1	3192
75	6351	1	3186
75	6354	1	3186
75	6356	1	3186
75	6357	1	3186
75	6359	1	3186
75	635C	1	3186
75	635D	1	3186
75	6360	1	3184
75	6363	1	3184
75	6365	1	3184
75	6366	1	3184
75	6368	1	3184
75	6369	1	3184
75	636B	1	3184
75	636E	1	3184
75	6371	6	178
75	6373	6	178
75	6376	6	178
75	63E7	2565	4232
75	63E8	2565	4232
75	63EA	2563	4236
75	63EB	2563	4236
75	63ED	2562	4238
75	63EE	2562	4238
75	63F0	2561	4240
75	63F1	2561	4240
75	63F3	2560	4242
75	63F4	2560	4242
75	63F6	2559	4242
75	63F7	2559	4242
75	63F8	2	4232
75	63FB	2	4232
75	63FD	2	4232
75	63FF	2	4232
75	6402	2	4232
75	6404	1	4232
75	6407	1	4232
75	6408	1	4232
75	640B	1	4232
75	640E	1	4235
75	6410	1	4236
75	6411	1	4236
75	6414	1	4236
75	6416	1	4236
75	6419	1	4236
75	641C	1	4238
75	641E	1	4238
75	6421	1	4238
75	6424	1	4240
75	6427	1	4242
75	642A	1	4242
75	642C	1	4242
75	642F	1	4242
75	6430	1	4242
75	6432	1	4242
75	6433	1	4242
75	6436	2	3633
75	6438	2	3633
75	643B	2	3633
75	643E	2	3633
75	6441	2	3633
75	6443	2	3633
75	6446	2	3633
75	6449	2	3633
75	644A	2	3633
75	644B	2	3633
75	644C	2	3633
75	644F	2	3633
75	6451	2	3633
75	6454	2	3633
75	6457	4	3415
75	6458	4	3415
75	645A	2	3418
75	645B	2	3418
75	645E	2	3415
75	6460	2	3415
75	6463	2	3415
75	6466	2	3415
75	6469	2	3415
75	646A	2	3415
75	646C	2	3415
75	6491	2	3415
75	6493	2	3415
75	6496	2	3415
75	6499	2	3415
75	649C	2	3418
75	649F	2	3418
75	64A1	2	3418
75	64D4	2	3418
75	64D5	2	3418
75	64D8	2	3418
75	64DB	2	3418
75	64DC	2	3418
75	64DF	2	3418
75	64E0	2	3418
75	64E3	1	3890
75	64E4	1	3890
75	6622	1	3418
75	6623	1	3418
75	6626	1	3418
75	6629	1	3418
75	662C	1	3418
75	662F	1	3418
75	6630	1	3418
75	6631	1	3418
75	6633	1	3418
75	6636	1	3418
75	6639	1	3418
75	663C	1	3418
75	663D	1	3418
75	6640	1	3418
75	6641	1	3418
75	6642	1	3418
75	6644	1	3418
75	6645	1	3418
75	6646	1	3418
75	6649	1	3418
75	664C	1	3418
75	664F	1	3418
75	6651	1	3418
75	6654	2	3418
75	6657	2	3418
75	6659	2	3418
75	665A	1	3890
75	665B	1	3890
75	665E	1	3890
75	6661	1	3890
75	6664	1	3890
75	6667	1	3890
75	666A	1	3890
75	666B	1	3890
75	666C	1	3890
75	666E	1	3890
75	6671	1	3890
75	6674	1	3890
75	6677	1	3890
75	6678	1	3890
75	667B	1	3890
75	667C	1	3890
75	667D	1	3890
75	667F	1	3890
75	6680	1	3890
75	6681	1	3890
75	6684	1	3890
75	6687	1	3890
75	6688	1	3890
75	668B	1	3890
75	668C	1	3890
75	668D	1	3890
75	668F	1	3890
75	6690	1	3890
75	6691	1	3890
75	6694	1	3890
75	6697	1	3890
75	669A	1	3890
75	669C	1	3890
75	669F	1	3890
75	673A	13	3418
75	673C	13	3418
75	673F	14	3418
75	6740	14	3418
75	6743	14	3418
75	6744	14	3418
75	6745	14	3418
75	6747	14	3418
75	6748	14	3418
75	674A	14	3418
75	674B	14	3418
75	674D	14	3418
75	674E	14	3418
75	674F	14	3418
75	6750	3	3421
75	6751	3	3421
75	6753	2	3424
75	6754	2	3424
75	6768	1	3421
75	676B	1	3421
75	676D	1	3421
75	6770	1	3421
75	6773	1	3421
75	6775	1	3421
75	6776	1	3421
75	6778	1	3421
75	677A	1	3421
75	677B	1	3421
75	677D	1	3421
75	6780	1	3421
75	6783	1	3421
75	6785	1	3421
75	6786	1	3421
75	6788	1	3421
75	678A	1	3421
75	678D	1	3421
75	6790	1	3424
75	6793	1	3424
75	6795	1	3424
75	6797	1	3424
75	679A	1	3424
75	679B	1	3424
75	679C	1	3424
75	679F	1	3424
75	67A2	1	3424
75	67A5	2	3424
75	67A8	2	3424
75	67AA	1	3427
75	67AD	1	3427
75	67B0	1	3427
75	67B2	1	3427
75	67B3	1	3427
75	67B5	1	3427
75	67B7	1	3427
75	67B8	1	3427
75	67BA	1	3427
75	67BC	1	3427
75	67BF	1	3427
75	67C2	1	3427
75	67C3	1	3427
75	67C5	1	3427
75	67C7	1	3427
75	67C8	1	3427
75	67C9	1	3427
75	67CC	1	3427
75	67DB	12	3418
75	67DE	12	3418
75	67E0	12	3418
75	67F7	21	3421
75	67FA	21	3421
75	67FD	21	3421
75	67FE	21	3421
75	6800	21	3421
75	6801	21	3421
75	6802	21	3421
75	6804	21	3421
75	6805	12	3421
75	6807	12	3421
75	6808	12	3421
75	681D	21	3421
75	681E	21	3421
75	681F	21	3421
75	6822	21	3421
75	6823	21	3421
75	6824	21	3421
75	6826	12	3421
75	6827	12	3421
75	6829	12	3421
75	6840	12	3421
75	6843	21	3421
75	6844	21	3421
75	6845	21	3421
75	6846	12	3421
75	6848	12	3421
75	6849	12	3421
75	684B	12	3421
75	684E	12	3421
75	684F	12	3421
75	6851	12	3421
75	6854	12	3421
75	6856	4	3590
75	6857	4	3590
75	685A	4	3590
75	685D	4	3590
75	685F	2	3593
75	6862	2	3593
75	6863	2	3593
75	6865	2	3593
75	6867	2	3593
75	6868	2	3593
75	686A	2	3593
75	686C	2	3593
75	686F	2	3593
75	6872	2	3593
75	6873	2	3593
75	6874	2	3593
75	6875	2	3593
75	6876	2	3593
75	6877	2	3593
75	6879	1	3593
75	687A	1	3593
75	687D	1	3593
75	687E	1	3593
75	6881	1	3593
75	6884	1	3593
75	6887	1	3593
75	688A	1	3593
75	688B	1	3593
75	688D	1	3593
75	6890	1	3593
75	6892	1	3593
75	6893	1	3593
75	6894	1	3593
75	6895	1	3593
75	6896	1	3593
75	6899	1	3593
75	689A	1	3593
75	689D	1	3593
75	68A0	1	3593
75	68A1	1	3593
75	68A4	1	3593
75	68A5	1	3593
75	68A8	1	3593
75	68AB	1	3593
75	68AD	1	3593
75	68AE	1	3593
75	68B0	1	3593
75	68B3	1	3598
75	68B5	1	3598
75	68B8	1	3598
75	68BB	1	3598
75	68BD	1	3598
75	68C0	1	3598
75	68C1	2	3590
75	68C4	2	3590
75	68C6	2	3590
75	68C9	2	3590
75	68CC	2	3590
75	68CD	2	3590
75	68D0	2	3590
75	68E9	4	3598
75	68EC	4	3598
75	68EE	4	3598
75	68F0	4	3598
75	68F1	7	3601
75	68F2	7	3601
75	68F4	5	3604
75	68F5	5	3604
75	68F7	1	3627
75	68F8	1	3627
75	68FB	4	3604
75	68FE	4	3604
75	6900	4	3604
75	6903	4	3604
75	6906	2	3621
75	6909	2	3621
75	690A	2	3621
75	690C	1	3621
75	690E	1	3621
75	6911	1	3621
75	6914	1	3621
75	6916	1	3621
75	6917	1	3624
75	691A	1	3624
75	691D	1	3624
75	691F	1	3624
75	6920	1	3624
75	6921	1	3624
75	6922	1	3624
75	6924	1	3624
75	6927	1	3624
75	6929	1	3627
75	692C	1	3627
75	692E	1	3627
75	6931	1	3627
75	6933	1	3627
75	6936	1	3627
75	6939	1	3627
75	693C	1	3627
75	693D	1	3627
75	693F	1	3627
75	6941	1	3627
75	6942	1	3627
75	6944	1	3627
75	6946	1	3627
75	6948	1	3627
75	694B	1	3627
75	694E	1	3627
75	694F	1	3627
75	6952	1	3627
75	6953	1	3601
75	6956	1	3601
75	6957	2	3601
75	695A	2	3601
75	695D	2	3601
75	6960	2	3601
75	6962	1	3604
75	6965	1	3604
75	6968	1	3604
75	6969	1	3604
75	696B	1	3604
75	696D	1	3604
75	696E	1	3604
75	6970	1	3604
75	6974	5	3411
75	6976	5	3411
75	6977	5	3411
75	6978	5	3411
75	6979	5	3411
75	697B	5	3411
75	697C	5	3411
75	697D	5	3411
75	697E	5	3411
75	697F	3	3630
75	6980	3	3630
75	6982	1	3634
75	6983	1	3634
75	6986	2	3630
75	6989	2	3630
75	698B	2	3630
75	698D	2	3630
75	6990	2	3630
75	6992	1	3630
75	6995	1	3630
75	6996	1	3630
75	6999	1	3630
75	699C	1	3633
75	699F	1	3634
75	69A0	1	3634
75	69A3	1	3634
75	69A5	1	3634
75	69A8	1	3634
75	69AB	1	3634
75	69AD	1	3634
75	69AF	1	3634
75	69B1	1	3634
75	69B2	5	3893
75	69B3	5	3893
75	69B5	4	3896
75	69B6	4	3896
75	69B8	2	3901
75	69B9	2	3901
75	69C0	1	3893
75	69C3	1	3893
75	69C5	1	3893
75	69C8	1	3893
75	69CA	1	3893
75	69CC	1	3893
75	69CF	1	3893
75	69D2	1	3893
75	69D4	1	3893
75	69D5	1	3893
75	69D7	1	3893
75	69D9	1	3893
75	69DC	1	3893
75	69DF	2	3896
75	69E0	2	3896
75	69E3	2	3896
75	69E5	1	3898
75	69E8	1	3898
75	69EA	1	3898
75	69EC	1	3898
75	69EF	1	3898
75	69F2	1	3898
75	69F4	1	3898
75	69F5	1	3898
75	69F7	1	3898
75	69FA	1	3898
75	69FD	2	3901
75	6A00	2	3901
75	6A02	1	3903
75	6A05	1	3903
75	6A07	1	3903
75	6A09	1	3903
75	6A0B	1	3903
75	6A0E	1	3903
75	6A11	1	3903
75	6A13	1	3903
75	6A14	2	3896
75	6A17	2	3896
75	6A19	2	3896
75	6A1B	2	3896
75	6A1E	2	3896
75	6A1F	2	3896
75	6A22	2	3896
75	6A6C	2	3906
75	6A6D	2	3906
75	6A70	2	3906
75	6A73	2	3906
75	6A75	1	3909
75	6A78	1	3909
75	6A79	1	3909
75	6A7B	1	3909
75	6A7D	3	3909
75	6A7E	3	3909
75	6A80	3	3909
75	6A82	1	3909
75	6A85	1	3909
75	6A88	1	3909
75	6A89	1	3909
75	6A8C	1	3909
75	6A8D	1	3909
75	6A8E	1	3909
75	6A8F	1	3909
75	6A90	1	3909
75	6A91	1	3909
75	6A92	1	3909
75	6A95	1	3909
75	6A98	1	3909
75	6A99	1	3909
75	6A9A	1	3909
75	6A9B	1	3909
75	6A9C	1	3909
75	6A9D	1	3909
75	6A9E	1	3909
75	6A9F	1	3909
75	6AA0	1	3909
75	6AA1	1	3909
75	6AA2	1	3909
75	6AA3	1	3909
75	6AA5	1	3909
75	6AA8	1	3909
75	6AAB	1	3906
75	6AAE	1	3906
75	6AB0	1	3906
75	6AB2	1	3906
75	6AB5	1	3906
75	6AB6	1	3906
75	6AB9	1	3906
75	6AC2	2	3909
75	6AC5	2	3909
75	6AC6	2	3909
75	6AC9	2	3909
75	6ACA	2	3909
75	6ACD	2	3909
75	6ACE	2	3909
75	6AD1	2	3909
75	6AD4	4	3909
75	6AD5	4	3909
75	6AD7	4	3909
75	6AD9	3	3909
75	6ADB	3	3909
75	6ADD	2	3909
75	6ADF	2	3909
75	6AE0	2	3909
75	6AE2	2	3909
75	6AE4	2	3909
75	6AE6	2	3909
75	6AE7	2	3909
75	6AEA	2	3909
75	6AEB	2	3909
75	6AEE	2	3909
75	6AEF	2	3909
75	6AF2	2	3909
75	6AF4	2	3909
75	6AF6	2	3909
75	6AF8	2	3909
75	6AFA	2	3909
75	6AFC	2	3909
75	6AFE	2	3909
75	6B01	2	3909
75	6B02	2	3909
75	6B03	2	3909
75	6B06	2	3909
75	6B07	2	3909
75	6B08	2	3909
75	6B0B	2	3909
75	6B0C	2	3909
75	6B0D	2	3909
75	6B0E	2	3909
75	6B0F	2	3909
75	6B10	2	3909
75	6B12	2	3909
75	6B13	2	3909
75	6B14	2	3909
75	6B16	2	3909
75	6B17	2	3909
75	6B18	2	3909
75	6B1A	2	3909
75	6B1B	2	3909
75	6B1E	2	3909
75	6B1F	2	3909
75	6B22	2	3909
75	6B23	2	3909
75	6B26	2	3909
75	6B27	4	3421
75	6B2A	4	3421
75	6B2B	4	3421
75	6B2E	4	3421
75	6B2F	4	3421
75	6B32	4	3421
75	6B33	4	3421
75	6B36	4	3421
75	6B39	4	3421
75	6B3C	4	3421
75	6B3F	4	3421
75	6B42	4	3421
75	6B43	8	3421
75	6B44	8	3421
75	6B46	8	3421
75	6B48	8	3421
75	6B4A	8	3421
75	6B4C	4	3421
75	6B4D	4	3421
75	6B50	4	3421
75	6B53	4	3421
75	6B54	4	3421
75	6B55	4	3421
75	6B5F	4	3421
75	6B60	4	3421
75	6B61	4	3421
75	6B62	4	3421
75	6B64	4	3421
75	6B65	4	3421
75	6B66	4	3421
75	6B67	4	3421
75	6B68	4	3421
75	6B69	4	3421
75	6B6A	4	3421
75	6B6D	4	3421
75	6B6E	4	3421
75	6B71	4	3421
75	6B72	4	3421
75	6B75	4	3421
75	6B76	12	3421
75	6B77	12	3421
75	6B79	12	3421
75	6B7B	12	3421
75	6B7D	12	3421
75	6B7F	12	3421
75	6B81	12	3421
75	6B82	12	3421
75	6B83	12	3421
75	6B84	12	3421
75	7444	4	3604
75	7447	4	3604
75	7448	4	3604
75	7449	4	3604
75	744A	4	3604
75	744B	4	3604
75	744C	4	3604
75	744D	4	3604
75	744E	2	3604
75	744F	2	3604
75	7452	2	3604
75	7453	2	3604
75	7455	2	3604
75	7456	2	3604
75	7457	2	3604
75	7458	2	3604
75	7459	2	3604
75	745A	2	3604
75	745D	2	3604
75	745E	2	3604
75	745F	2	3604
75	7460	2	3604
75	7461	2	3604
75	7465	2	3604
75	7466	2	3604
75	7467	2	3604
75	7468	2	3604
75	7469	2	3604
75	746A	2	3604
75	746D	2	3604
75	7470	2	3604
75	7471	2	3604
75	7474	2	3604
75	7475	2	3604
75	7478	2	3604
75	7479	2	3604
75	747C	2	3604
75	747D	2	3604
75	747E	2	3604
75	7481	2	3604
75	7484	2	3604
75	7485	2	3604
75	7488	2	3604
75	748A	2	3604
75	74DB	2563	3007
75	74DC	2563	3007
75	74DE	2562	3014
75	74DF	2562	3014
75	74E1	2561	3021
75	74E2	2561	3021
75	74E4	2560	3023
75	74E5	2560	3023
75	74E7	2559	3023
75	74E8	2559	3023
75	74E9	1	3007
75	74EC	1	3007
75	74EF	1	3014
75	74F2	1	3014
75	74F4	1	3014
75	74F5	1	3014
75	74F7	1	3014
75	74F8	1	3014
75	74FB	1	3014
75	74FE	1	3021
75	7501	1	3023
75	7504	1	3023
75	7505	1	3023
75	7507	1	3023
75	7509	1	3023
75	750A	1	3023
75	750C	1	3023
75	750E	1	3023
75	7510	1	3023
75	7513	190	3023
75	7514	190	3023
75	7515	190	3023
75	7516	190	3023
75	7518	190	3023
75	7519	190	3023
75	751A	190	3023
75	751B	190	3023
75	751D	1	3023
75	751E	1	3023
75	751F	1	3023
75	7521	1	3023
75	7522	1	3023
75	7523	1	3023
75	7525	1	3023
75	7528	1	3023
75	7529	1	3023
75	752C	1	3023
75	752D	1	3023
75	7530	1	3023
75	7531	1	3023
75	7534	1	3023
75	7536	1	3023
75	7538	1	3023
75	753A	1	3023
75	7540	1	3023
75	7542	1	3023
75	7545	1	3023
75	7554	3	3023
75	7555	3	3023
75	7556	3	3023
75	7557	3	3023
75	7558	3	3023
75	7559	3	3023
75	755A	3	3023
75	755D	3	3023
75	755E	3	3023
75	755F	1	3023
75	7561	1	3023
75	7564	1	3023
75	7566	1	3023
75	7569	1	3023
75	756C	1	3023
75	756D	1	3023
75	756E	1	3023
75	756F	1	3159
75	7571	1	3159
75	7574	1	3159
75	7576	1	3159
75	7579	1	3159
75	757C	1	3159
75	757E	1	3159
75	7581	1	3159
75	7584	1	3159
75	7587	1	3159
75	7589	1	3159
75	758C	1	3159
75	758F	1	3159
75	7590	1	3159
75	7593	1	3159
75	7596	1	3159
75	7598	1	3159
75	759B	1	3159
75	759E	1	3159
75	759F	1	3159
75	75A2	1	3159
75	75A5	1	3159
75	75A7	1	3159
75	75AA	1	3159
75	75AD	3	3159
75	75AF	5	3159
75	75B0	5	3159
75	75B2	5	3159
75	75B4	5	3159
75	75B6	5	3159
75	75B8	3	3159
75	75BA	3	3159
75	75BC	3	3159
75	75BF	3	3159
75	75C1	3	3159
75	75C4	3	3159
75	75C5	3	3159
75	75C6	3	3159
75	75C7	3	3159
75	75C9	3	3159
75	75CB	3	3159
75	75CD	2	3159
75	75CF	2	3159
75	75D1	2	3159
75	75D4	2	3159
75	75D6	2	3159
75	75D9	2	3159
75	75DA	2	3159
75	75DB	2	3159
75	75DC	2	3159
75	75DE	3	3159
75	75DF	3	3159
75	75E0	3	3159
75	75E1	3	3159
75	75E2	1	3159
75	75E4	1	3159
75	7634	2563	178
75	7635	2563	178
75	7637	2562	186
75	7638	2562	186
75	763A	2561	190
75	763B	2561	190
75	763D	2560	191
75	763E	2560	191
75	7640	2559	191
75	7641	2559	191
75	7642	1	178
75	7645	1	178
75	7648	1	186
75	764B	1	186
75	764C	1	186
75	764E	1	186
75	7650	1	186
75	7655	1	186
75	7658	1	186
75	765A	1	186
75	765B	1	186
75	765D	1	186
75	765E	1	186
75	7661	1	186
75	7663	1	186
75	7666	1	186
75	7669	1	186
75	766A	1	186
75	766B	1	186
75	766C	1	186
75	766F	1	186
75	7670	1	186
75	7671	1	186
75	7672	1	186
75	7675	1	186
75	7676	1	186
75	7677	1	186
75	767A	1	186
75	767D	1	190
75	7680	1	191
7C	7B7C	1	1112
7C	7B82	1	1112
7C	7B83	1	1112
7C	7B84	1	1112
7C	7B85	1	1112
7C	7B8B	1	1762
7C	7B9A	1	1762
7C	7BB7	1	1762
7C	7BBD	1	1762
7C	7BBE	1	1762
7C	7BBF	1	1762
7C	7BC0	2	1762
7C	7BC6	1	2096
7C	7BDA	1	2096
7C	7BDC	1	2096
7C	7BDE	1	2096
7C	7BE4	1	2096
7C	7BEA	1	2096
7C	7BEB	1	2096
7C	7C6A	1	2096
7C	7C70	1	5069
7D	7B7C	4599	327
7D	7B7E	4599	327
7D	7B80	4599	327
7D	7B82	4599	327
7D	7B84	4599	327
7D	7B86	4599	327
7D	7B88	4599	327
7D	7B89	4599	327
7D	7B8B	4599	327
7D	7B8D	4599	327
7D	7B8F	4599	327
7D	7B91	4599	327
7D	7B93	4599	327
7D	7B95	4599	327
7D	7B97	4599	327
7D	7B99	4599	327
7D	7B9B	4599	327
7D	7B9C	4599	327
7D	7B9E	4599	327
7D	7B9F	4599	327
7D	7BA1	4599	327
7D	7BA3	4599	327
7D	7BA4	2281	1142
7D	7BA6	2281	1142
7D	7BA7	2281	1142
7D	7BA9	5	1142
7D	7BAA	5	1142
7D	7BAD	2281	1142
7D	7BB0	2281	1142
7D	7BB1	2281	1142
7D	7BB3	1275	1142
7D	7BB6	2281	1142
7D	7BB7	2318	327
7D	7BB8	2318	327
7D	7BB9	2318	327
7D	7BBA	2318	327
7D	7BBD	2318	327
7D	7BBE	2318	327
7D	7BBF	2318	327
7D	7BC0	2318	327
7D	7BC1	4599	327
7D	7BC4	4599	327
7D	7BC6	4599	327
7D	7BC7	4599	327
7D	7BC8	4599	327
7D	7BCA	4599	327
7D	7BCB	4599	327
7D	7BCD	4599	327
7D	7BD0	4599	327
7D	7BD2	4599	327
7D	7BD4	36792	327
7D	7BD7	36792	327
7D	7BD9	36792	327
7D	7BDB	10	460
7D	7BDC	10	460
7D	7BDD	10	460
7D	7BDE	10	460
7D	7BE4	36792	327
7D	7BE5	36792	327
7D	7BE7	36792	327
7D	7BE8	36792	327
7D	7BEA	4599	327
7D	7BEC	4599	327
7D	7BED	4599	327
7D	7BEF	4599	327
7D	7BF0	2	16
7D	7BF1	2	16
7D	7BF3	2	16
7D	7BF5	2	16
7D	7BF7	2	16
7D	7BF9	2	16
7D	7BFC	2	16
7D	7BFE	2	16
7D	7C00	6	16
7D	7C01	6	16
7D	7C04	6	16
7D	7C05	6	16
7D	7C08	6	16
7D	7C0B	6	16
7D	7C0D	48	16
7D	7C0E	48	16
7D	7C0F	48	16
7D	7C11	6	16
7E	7BA3	11	3585
7E	7BA4	11	3585
7E	7BA5	11	3585
7E	7BA6	11	3585
7E	7BA8	11	3585
7E	7BAA	11	3585
7E	7BAC	11	3585
7E	7BB4	11	3585
7E	7BB6	11	3585
7E	7BB7	11	3585
7E	7BB8	11	3585
7E	7BBA	11	3585
7E	7BBD	11	3585
7E	7BBF	11	3585
7E	7BC1	11	3585
7E	7BCB	11	3585
7E	7BCD	11	3585
7E	7BCE	11	3585
7E	7BCF	11	3585
7E	7BD0	11	3585
7E	7BD1	11	3585
7E	7BD2	11	3585
7E	7BD3	11	3585
7E	7BD4	11	3585
7E	7BD5	11	3585
7E	7C34	4	3585
7E	7C35	4	3585
7E	7C37	4	3585
7E	7C38	4	3585
7E	7C3A	4	3585
7E	7C3B	4	3585
7E	7C3C	4	3585
7E	7C3F	4	3585
7E	7C41	4	3585
7E	7C43	46	3585
7E	7C44	46	3585
7E	7C45	46	3585
7E	7C48	42	3585
7E	7C4A	42	3585
7E	7C4C	42	3585
7E	7C4E	11	3585
7E	7C50	11	3585
7E	7C62	31	3585
7E	7C63	42	3585
7E	7C65	31	3585
7E	7C67	31	3585
7E	7C68	31	3585
7E	7C6A	1	3585
7E	7C6C	1	3585
7E	7C6D	1	3585
7E	7C6E	1	3585
7E	7C6F	1	3585
7E	7C70	1	3585
7E	7C71	1	3585
7E	7C74	1	3585
7E	7C76	1	3585
7E	7C77	1	3585
7E	7C78	1	3585
7E	7C79	1	3585
7E	7C7A	1	3585
7E	7C7B	1	3585
7E	7C7E	1	3585
7E	7C80	1	3585
7E	7C81	1	3585
7E	7C82	1	3585
7E	7C83	1	3585
7E	7C84	1	3585
7E	7C85	1	3585
7E	7C88	1	3585
7E	7C8A	1	3585
7E	7C8C	31	3585
7E	7C8E	31	3585
7E	7C8F	31	3585
7E	7C90	31	3585
7E	7C91	31	3585
7E	7C92	31	3585
7E	7C93	31	3585
7E	7C96	31	3585
7E	7C98	11	3585
7E	7C9A	11	3585
7E	7C9B	11	3585
7E	7C9D	3	3585
7E	7C9F	3	3585
7E	7CA0	3	3585
7E	7CA1	3	3585
7E	7CA2	3	3585
7E	7CA3	3	3585
7E	7CA4	3	3585
7E	7CA7	3	3585
7E	7CA9	3	3585
7E	7CAA	3	3585
7E	7CAB	3	3585
7E	7CAC	3	3585
7E	7CAD	3	3585
7E	7CAE	3	3585
7E	7CB1	3	3585
7E	7CB3	3	3585
7E	7CB4	3	3585
7E	7CB5	3	3585
7E	7CB6	3	3585
7E	7CB7	3	3585
7E	7CB8	3	3585
7E	7CBB	3	3585
7E	7CBD	3	3585
7E	7CBF	11	3585
7E	7CC0	11	3585
7E	7CC2	11	3585
7E	7CC3	11	3585
7E	7CC5	11	3585
7E	7CC6	11	3585
7E	7CC8	11	3585
7E	7CC9	11	3585
7E	7CCA	11	3585
7E	7CCB	11	3585
7E	7CCE	11	3585
7E	7CCF	11	3585
7E	7CD0	11	3585
7E	7CD1	11	3585
7E	7CD2	11	3585
7E	7CD3	11	3585
7E	7CD4	11	3585
7E	7CD5	11	3585
7E	7CD6	11	3585
7E	7CD8	11	3585
7E	7CD9	11	3585
7E	7CDA	11	3585
7E	7CDB	11	3585
7E	7CDC	11	3585
7E	7CDD	11	3585
7E	7CDE	11	3585
7E	7CE0	11	3585
7E	7CE1	11	3585
7E	7CE7	4	3585
7E	7CE9	4	3585
7E	7CEA	4	3585
7E	7CEC	2	3585
7E	7CEE	2	3585
7E	7CEF	2	3585
7E	7CF0	2	3585
7E	7CF1	2	3585
7E	7CF2	2	3585
7E	7CF3	2	3585
7E	7CF6	2	3585
7E	7CF8	2	3585
7E	7CF9	2	3585
7E	7CFA	2	3585
7E	7CFB	2	3585
7E	7CFC	2	3585
7E	7CFD	2	3585
7E	7D00	2	3585
7E	7D02	2	3585
7E	7D03	2	3585
7E	7D04	2	3585
7E	7D05	2	3585
7E	7D06	2	3585
7E	7D07	2	3585
7E	7D0A	4	3585
7E	7D0C	4	3585
7E	7D0D	4	3585
7E	7D0F	4	3585
7E	7D10	4	3585
7E	7D11	4	3585
7E	7D12	4	3585
7E	7D13	4	3585
7E	7D14	4	3585
7E	7D15	4	3585
7E	7D16	4	3585
7E	7D17	4	3585
7E	7D18	4	3585
7F	61FC	1	2850
7F	61FD	1	2850
7F	61FE	1	2850
7F	61FF	8	2850
7F	6200	8	2850
7F	6201	8	2850
7F	6204	8	2850
7F	6207	8	2850
7F	620A	8	2850
7F	620B	8	2850
7F	7271	6	3286
7F	7272	6	3286
7F	7273	6	3286
7F	7274	6	3286
7F	7275	6	3286
7F	7276	6	3286
7F	7277	6	3286
7F	7278	6	3286
7F	7279	6	3286
7F	727B	6	3286
7F	727C	6	3286
7F	727D	6	3286
7F	727F	6	3286
7F	7282	6	3286
7F	7284	6	3286
7F	7287	6	3286
7F	7289	6	3286
7F	728C	6	3286
7F	728E	6	3286
7F	7290	6	3286
7F	7292	6	3286
7F	7294	6	3286
7F	7297	14075	3286
7F	7299	14075	3286
7F	729B	14075	3286
7F	729D	6	3286
7F	729F	6	3286
7F	72A1	6	3286
7F	72A2	6	3286
7F	72A4	6	3286
7F	72A7	6	3286
7F	72A8	6	3286
7F	72AA	6	3286
7F	72AB	6	3286
7F	72AD	6	3286
7F	72AF	6	3286
7F	72B0	6	3297
7F	72B2	6	3297
7F	72B3	6	3297
7F	72B4	6	3297
7F	72B6	6	3297
7F	72B9	6	3297
7F	72BA	6	3297
7F	72BC	6	3297
7F	72BD	6	3297
7F	72BF	6	3297
7F	72C1	6	3297
7F	72C2	1	4975
7F	72C3	1	4975
7F	72C5	1	4975
7F	72C6	1	4975
7F	72C8	1	4975
7F	72C9	1	4975
7F	72CB	1	4975
7F	72CC	1	4975
7F	72CE	1	4975
7F	72D1	1384	4975
7F	72D2	1384	4975
7F	72D4	1384	4975
7F	72D6	1	4975
7F	72D8	38	4975
7F	72D9	38	4975
7F	72DA	38	4975
7F	72DC	1	4976
7F	72DD	1	4976
7F	72DF	1	4976
7F	72E1	1	4976
WRAM	C133	1513	1141	C3BA03	0	0
WRAM	CBF1	5644	17	C3BA03	1513	0
WRAM	CBF4	219171	1140	C3C416	1310	0
WRAM	CBF7	34345	44	C3ED01	0	0
WRAM	CBFA	3479	44	C3B701	0	0
HRAM	FF80	5644	17	3EC0E0	0	0
HRAM	FF82	5644	17	E0463E	0	0
HRAM	FF84	5644	17	3E283D	0	0
HRAM	FF86	225760	17	3D20FD	0	0
HRAM	FF87	225760	17	20FDC9	0	0
HRAM	FF89	5644	17	C94F00	5205	0
HRAM	FFA8	30432	16	3E0021	19548	0
HRAM	FFAA	30432	16	21B605	30431	0
HRAM	FFAD	30432	16	C3F07B	30430	0
