# kind	from_bank	from_pc	to_bank	to_addr	count	first_frame
# kind: call | rst | irq (interrupt entry; from = the vector) | jphl (jp hl target) |
#       ret (normal return: came back to the pushed return address; to = -) |
#       ret_other (returned to an address different from the one pushed by the matching call/irq; extra = expected) |
#       ret_unmatched (ret without a matching call/irq on the shadow stack, e.g. push/ret jump trick or stack switch)
# bank column is a ROM bank or a region name (WRAM/HRAM); calls counted only when actually taken (SP moved).
call	00	01D5	75	56D2	49245	44
call	00	0227	75	58EA	654147	44
call	00	0262	0F	4247	43	54724
call	00	027B	00	05BD	36	0
call	00	0292	00	0602	36	0
call	00	02B9	00	04D8	36	0
call	00	02CA	00	04D8	216	1
call	00	02DD	00	04D8	36	5
call	00	02E7	00	04D8	36	7
call	00	02F4	00	04D8	36	8
call	00	02F7	00	059F	36	8
call	00	0307	00	20A0	36	8
call	00	0314	4F	4717	36	8
call	00	0328	00	06D1	36	17
call	00	033A	00	034A	72	16
call	00	0346	00	034A	72	16
call	00	03AF	00	20A6	217871	0
call	00	03C1	HRAM	FF80	232078	17
call	00	045F	00	0392	113656	44
call	00	049B	00	0392	2292	725
call	00	05E9	00	0392	129	1899
call	00	05FE	00	0392	36	0
call	00	06EF	00	0673	1145654	16
call	00	06F9	00	0622	1145653	16
call	00	06FC	HRAM	FFA8	1145653	16
call	00	0709	00	0622	1145473	16
call	00	074B	00	0622	6942	26
call	00	0782	00	0622	84	2022
call	00	0789	00	0622	20064	23
call	00	07B5	00	0392	20064	24
call	00	07C1	00	0392	99	14120
call	00	07C6	00	0622	99	14120
call	00	07DC	00	08B7	297	330
call	00	07E7	00	0749	297	330
call	00	07F3	00	0749	297	331
call	00	07F7	00	0392	297	331
call	00	083C	00	08B7	2613	26
call	00	0847	00	0749	2613	26
call	00	0853	00	0749	2613	27
call	00	0857	00	0392	2613	27
call	00	086B	00	08B7	24	86116
call	00	0876	00	0749	24	86116
call	00	0882	00	0749	24	86117
call	00	0898	00	08B7	101	1899
call	00	08A3	00	0749	101	1899
call	00	08AF	00	0749	101	1899
call	00	08B3	00	0392	101	1899
call	00	08EA	00	0622	2349	26
call	00	08EF	00	063D	2349	26
call	00	08F7	00	0904	2349	26
call	00	0900	00	0904	2349	26
call	00	091C	00	0622	921	662
call	00	095B	00	0A09	146924	43
call	00	098A	00	0658	389099	43
call	00	098F	00	0AE8	2056936	43
call	00	09B6	00	0A09	1503	22
call	00	09D6	00	04D8	1503	23
call	00	09FA	00	04D8	3325	6239
call	00	0A9C	00	04D8	8100	26
call	00	0AAB	00	0AB8	8100	26
call	00	0B45	00	063D	389103	43
call	00	0B6E	00	063D	564	33578
call	00	0EC9	00	0392	26788	10171
call	00	0EDA	00	0622	20388	5850
call	00	0F4D	00	10B1	5082	27265
call	00	0F56	00	1044	12744	5850
call	00	0F5A	00	0392	17825	5850
call	00	1053	00	06D1	12744	5850
call	00	1073	00	06D1	12744	5850
call	00	109D	00	06D1	12743	5850
call	00	10C0	00	06D1	5082	27265
call	00	10D5	00	06D1	5082	27265
call	00	10E9	00	0392	3013	5980
call	00	1119	00	0392	749	18385
call	00	116E	00	10E9	1593	18385
call	00	131A	00	0622	21	18383
call	00	135E	00	063D	36	18383
call	00	13ED	00	050C	36	18383
call	00	1408	00	0622	459	18420
call	00	156A	00	14BF	45	5999
call	00	1587	00	06D1	8	5977
call	00	15AF	00	14BF	8	5977
call	00	16A2	00	0622	1174	765
call	00	16A7	00	063D	1174	765
call	00	16AF	00	0904	1174	765
call	00	16C0	00	0904	1174	765
call	00	171F	4F	47A5	36	17
call	00	20A0	00	20EE	36	8
call	00	20A6	00	2129	226954	0
call	00	20AC	00	2116	4555	83
call	00	20B2	00	2116	210	684
call	00	20C4	00	2116	36	323
call	00	20E8	00	2116	1025	43
call	00	20FA	00	2105	601788	8
call	00	210E	00	2105	232780	8
call	00	2120	00	20EE	232744	17
call	00	2148	00	210B	232744	17
call	00	2161	00	2105	107391	44
call	00	2167	00	20FF	107391	44
call	00	2172	00	2105	261617	44
call	00	2178	00	20FF	261617	44
call	04	4084	04	453A	226918	17
call	04	40AE	04	419B	226918	17
call	04	40B1	04	4BC9	907672	17
call	04	40B4	04	41AC	907672	17
call	04	40B9	04	414C	226918	17
call	04	40BC	04	456C	907672	17
call	04	40BF	04	4167	907672	17
call	04	40E8	04	4153	46453	604
call	04	40EB	04	455A	185812	604
call	04	40EE	04	4167	185812	604
call	04	40F7	04	419B	183564	17
call	04	40FA	04	4BDB	734256	17
call	04	40FD	04	41AC	734256	17
call	04	4102	04	4153	183564	17
call	04	4105	04	456C	734256	17
call	04	4108	04	4167	734256	17
call	04	4119	04	419B	226918	17
call	04	411C	04	4C14	907672	17
call	04	411F	04	41AC	907672	17
call	04	41C5	04	430A	4555	83
call	04	4219	04	414C	4555	83
call	04	4231	04	434C	5223	83
call	04	4249	04	4167	1405	83
call	04	424E	04	414C	3	128977
call	04	4272	04	434C	2	128977
call	04	427F	04	4167	8	128977
call	04	429C	04	430A	889	43
call	04	429F	04	4153	889	43
call	04	42A2	04	434C	3336	43
call	04	42A7	04	4167	2447	602
call	04	42B8	04	4167	1109	43
call	04	4398	00	216F	8561	44
call	04	4429	04	4433	36	323
call	04	4438	04	4153	36	323
call	04	4445	04	4167	144	323
call	04	457D	04	4386	8561	44
call	04	45A7	00	216F	252140	44
call	04	4615	04	5007	112142	603
call	04	46CA	04	502B	8605	84
call	04	479B	00	216F	916	1440
call	04	47F5	04	47FB	5537	44
call	04	4800	04	5007	5537	44
call	04	4856	04	4889	18604	44
call	04	48B2	04	5007	22713	634
call	04	48BC	04	5007	10008	633
call	04	4A4C	00	215E	107391	44
call	04	4AA8	04	4889	20841	603
call	04	4AC7	04	4177	24647	84
call	04	4ACC	04	4180	10563	44
call	04	4AD5	04	4189	13890	84
call	04	4ADA	04	4192	23293	603
call	04	4B1A	04	4FD4	68526	44
call	04	4B89	04	419B	2	166114
call	04	4BBB	04	4BFC	2	166114
call	04	4BC0	04	41AC	4	166114
call	04	4C67	04	4E4B	68454	84
call	04	4C73	04	4DDF	68454	84
call	04	4CE4	04	4E04	68454	84
call	04	4CF4	04	4DD3	9661	84
call	04	4D1E	04	4E34	200748	85
call	04	4D2A	04	4DD3	24653	608
call	04	4D4D	04	4E34	888	3549
call	04	4DBD	04	4ECA	107052	84
call	04	4DC7	04	4F4F	68454	84
call	04	4DF2	04	502B	68454	84
call	04	4E0F	04	502B	68454	84
call	04	4E22	04	502B	68454	84
call	04	4EF7	04	4FEA	76911	84
call	04	4EFB	04	5007	76911	84
call	0E	4007	00	06D1	88	327
call	0E	401E	0E	405F	88	327
call	0E	405F	00	06D1	9706	327
call	0E	4065	0E	4083	9706	327
call	0E	4068	00	06D1	9706	363
call	0E	406E	00	044B	9706	363
call	0E	4078	00	044B	86	653
call	0E	40A2	0E	434F	36	327
call	0E	40A5	00	06D1	36	331
call	0E	40B5	00	20E8	36	363
call	0E	40F4	00	06D1	28	6992
call	0E	410C	00	06D1	8	545
call	0E	4153	0E	4215	88	577
call	0E	4156	00	06D1	88	586
call	0E	4166	00	20E8	88	602
call	0E	41CB	00	20AC	57	5168
call	0E	41D9	0E	4334	57	5168
call	0E	41DC	0E	4311	57	5168
call	0E	41E1	00	07CB	57	5168
call	0E	41F0	00	20AC	86	636
call	0E	41FE	00	06D1	86	637
call	0E	4215	00	044B	88	577
call	0E	421F	00	06D1	88	578
call	0E	4231	00	06D1	88	578
call	0E	4243	00	06D1	88	579
call	0E	4255	00	06D1	88	580
call	0E	4267	00	06D1	88	581
call	0E	4279	00	06D1	88	582
call	0E	428B	00	06D1	88	583
call	0E	429D	00	06D1	88	584
call	0E	42AE	00	06D1	88	585
call	0E	42BF	00	06D1	88	585
call	0E	42D0	00	06D1	88	585
call	0E	42D6	0E	4311	88	585
call	0E	42DB	00	07CB	88	585
call	0E	42E8	00	06D1	88	586
call	0E	42EE	0E	4334	88	586
call	0E	42FB	00	06D1	88	586
call	0E	4307	00	0A65	88	586
call	0E	430A	00	06D1	88	586
call	0E	4329	00	06D1	145	585
call	0E	4347	00	0A65	145	586
call	0E	434F	00	044B	36	327
call	0E	4359	00	06D1	36	328
call	0E	436B	00	06D1	36	328
call	0E	437D	00	06D1	36	329
call	0E	438E	00	06D1	36	330
call	0E	439F	00	06D1	36	330
call	0E	43A7	00	07CB	36	330
call	0E	43AA	00	06D1	36	331
call	0F	42A0	0F	4337	6	87160
call	0F	42EF	0F	4337	2	87263
call	0F	433B	0F	5D95	8	87160
call	0F	434A	0F	43F7	10	87160
call	0F	4373	0F	43F7	2	87211
call	0F	4392	0F	4C0F	2	87212
call	0F	43F7	0F	4416	14	87160
call	0F	4435	0F	44CC	10	87160
call	0F	443E	0F	44CC	2	87263
call	0F	44D0	0F	5D95	12	87160
call	0F	4BCB	0F	43F7	2	87212
call	0F	4BDE	0F	4C0F	2	87212
call	0F	4BE4	0F	4C62	2	87212
call	0F	4BFC	0F	5D7F	2	87212
call	0F	4C13	0F	5D68	4	87212
call	0F	4E77	0F	4EED	21	54724
call	0F	4E7A	0F	4F0E	21	54724
call	0F	4E85	0F	4EA4	21	54724
call	0F	4EC1	0F	4EE4	2	54725
call	0F	4EE8	0F	5D95	2	54725
call	0F	4F0E	0F	4F3D	21	54724
call	0F	4F1F	0F	4F5D	12	54724
call	0F	4F2A	0F	4F5D	9	54724
call	0F	4F75	0F	5024	21	54724
call	0F	4FCD	0F	5066	6	54724
call	0F	4FF0	0F	5066	3	54725
call	0F	4FF8	0F	517D	3	54725
call	0F	509F	0F	5D68	9	54724
call	0F	50A2	0F	50B7	9	54724
call	0F	50A5	0F	513A	9	54724
call	0F	5113	0F	58D7	8	54724
call	0F	5975	0F	59F1	39	54724
call	0F	597B	0F	59F1	39	54724
call	0F	5981	0F	59F1	39	54724
call	0F	5987	0F	59F1	39	54724
call	1A	4007	00	04D8	14	4011
call	1A	400A	00	06D1	14	4011
call	1A	402B	00	06D1	34	4011
call	1A	403D	00	06D1	34	4011
call	1A	404F	00	06D1	34	4012
call	1A	4061	00	06D1	34	4013
call	1A	4072	00	06D1	34	4014
call	1A	4083	00	06D1	34	4014
call	1A	4093	00	06D1	34	4014
call	1A	40A3	00	06D1	34	4014
call	1A	40B4	00	06D1	34	4014
call	1A	40C5	00	06D1	34	4014
call	1A	40CD	00	082C	34	4014
call	1A	40E4	00	04D8	34	4015
call	1A	40F3	00	06D1	34	4015
call	1A	4105	00	06D1	34	4016
call	1A	4117	00	06D1	34	4017
call	1A	4126	1A	4391	34	4018
call	1A	4129	1A	42DE	34	4022
call	1A	412C	1A	4317	34	4023
call	1A	412F	00	06D1	34	4023
call	1A	4135	00	06D1	34	4023
call	1A	4145	00	20E8	34	4039
call	1A	414B	00	06D1	1581	4039
call	1A	4151	00	044B	1581	4039
call	1A	4154	00	06D1	1581	4040
call	1A	415A	00	06D1	1581	4040
call	1A	4160	00	056A	1581	4040
call	1A	4171	1A	41E5	20	18332
call	1A	4181	00	20AC	21	18368
call	1A	4187	00	06D1	21	18368
call	1A	419E	00	1620	21	18383
call	1A	41A3	00	1620	21	18383
call	1A	41B9	00	1620	21	18383
call	1A	41C1	00	06D1	21	18383
call	1A	41D4	00	20AC	13	4068
call	1A	41DA	00	06D1	13	4068
call	1A	420B	00	20AC	2	165808
call	1A	4211	1A	42DE	2	165808
call	1A	4259	00	20AC	7	18800
call	1A	425F	1A	42DE	7	18800
call	1A	4296	1A	4391	1	153644
call	1A	4299	1A	42DE	1	153648
call	1A	429C	1A	4317	1	153649
call	1A	42A9	00	20AC	1	153649
call	1A	42C4	1A	4391	2	109848
call	1A	42C7	1A	42DE	2	109852
call	1A	42CA	1A	4317	2	109853
call	1A	42D7	00	20AC	2	109853
call	1A	42E9	00	06D1	46	4022
call	1A	430B	00	06D1	46	4022
call	1A	4313	00	082C	46	4022
call	1A	4330	00	06D1	37	4023
call	1A	4357	00	0A65	37	4023
call	1A	436C	00	0A65	37	4023
call	1A	43A5	00	04D8	37	4018
call	1A	43E2	00	06D1	185	4018
call	1A	43E8	00	0392	185	4018
call	1A	4405	00	06D1	37	4019
call	1A	4417	00	06D1	37	4020
call	1A	4429	00	06D1	37	4021
call	1C	4000	00	06D1	36	17
call	1C	4007	00	06D1	88	327
call	1C	400D	00	0545	86	654
call	1C	401D	00	06D1	44	654
call	1C	4028	00	06D1	42	5274
call	1D	4000	00	044B	99	755
call	1D	400A	00	04D8	99	756
call	1D	400D	00	06D1	99	756
call	1D	4013	00	044B	99	756
call	1D	401B	00	1620	99	757
call	1D	403E	00	06D1	99	757
call	1D	4050	00	06D1	99	757
call	1D	4062	00	06D1	99	758
call	1D	4074	00	06D1	99	759
call	1D	4086	00	06D1	99	760
call	1D	4098	00	06D1	99	761
call	1D	40AA	00	06D1	99	762
call	1D	40BB	00	06D1	99	763
call	1D	40CC	00	06D1	99	763
call	1D	40DC	00	06D1	99	763
call	1D	40E8	00	0A65	99	763
call	1D	40F6	00	06D1	99	763
call	1D	4107	00	06D1	99	763
call	1D	410D	00	044B	99	763
call	1D	4124	00	04D8	99	764
call	1D	4133	00	06D1	99	764
call	1D	4147	1D	42AF	99	765
call	1D	414F	1D	4325	99	765
call	1D	4154	00	082C	99	765
call	1D	4157	00	06D1	99	766
call	1D	415D	00	06D1	99	766
call	1D	4169	1D	421A	12	22386
call	1D	4172	00	06D1	99	782
call	1D	4182	00	20B2	99	787
call	1D	4188	00	06D1	3513	787
call	1D	418E	00	044B	3513	787
call	1D	4191	00	06D1	3512	787
call	1D	4197	00	06D1	3512	787
call	1D	419D	00	056A	3512	787
call	1D	41AA	00	06D1	3395	787
call	1D	41B4	1D	4229	83	812
call	1D	41B7	1D	439B	3395	787
call	1D	41C7	00	20AC	73	1032
call	1D	41CD	00	06D1	73	1032
call	1D	41D3	00	06D1	72	1061
call	1D	41E2	00	06D1	72	1063
call	1D	41F6	00	20AC	25	856
call	1D	41FC	00	06D1	25	856
call	1D	4202	00	06D1	25	885
call	1D	420F	00	06D1	25	887
call	1D	421F	00	1620	12	22386
call	1D	4240	1D	42AF	24	812
call	1D	4243	1D	4325	24	812
call	1D	4246	00	06D1	24	812
call	1D	424E	00	082C	24	812
call	1D	4251	1D	439B	24	813
call	1D	4266	1D	42AF	26	8312
call	1D	4269	1D	4325	26	8312
call	1D	426C	00	06D1	26	8312
call	1D	4274	00	082C	26	8312
call	1D	4277	1D	439B	26	8313
call	1D	4284	00	20AC	50	813
call	1D	4290	1D	42A0	16	8313
call	1D	4299	00	06D1	50	813
call	1D	42A5	00	1620	16	8313
call	1D	42B5	1D	42FE	105	765
call	1D	42FA	00	16A2	149	765
call	1D	4303	00	1620	105	765
call	1D	432B	1D	4374	28	8312
call	1D	4370	00	16A2	149	765
call	1D	4379	00	1620	28	8312
call	1D	43C1	00	06D1	49	821
call	1D	43C7	00	06D1	49	821
call	1D	43CF	00	082C	49	821
call	1D	43E8	00	06D1	118	787
call	1D	43EE	00	06D1	118	787
call	1D	43F6	00	082C	118	787
call	1F	4000	00	0392	103	654
call	1F	400A	00	04D8	103	654
call	1F	400D	00	06D1	103	654
call	1F	4018	00	1620	103	654
call	1F	4048	00	06D1	103	654
call	1F	405A	00	06D1	103	654
call	1F	406C	00	06D1	103	655
call	1F	407E	00	06D1	103	656
call	1F	4090	00	06D1	103	657
call	1F	40A2	00	06D1	103	658
call	1F	40B4	00	06D1	103	659
call	1F	40C6	00	06D1	103	660
call	1F	40D7	00	06D1	103	661
call	1F	40E8	00	06D1	103	661
call	1F	40F8	00	06D1	103	661
call	1F	4109	00	06D1	103	661
call	1F	4119	00	06D1	103	661
call	1F	4125	00	0A65	103	661
call	1F	4132	00	06D1	103	661
call	1F	413E	00	0A65	103	661
call	1F	4154	1F	43F7	103	661
call	1F	4162	00	06D1	103	662
call	1F	417C	00	04D8	103	662
call	1F	418B	00	06D1	103	662
call	1F	419C	00	082C	103	663
call	1F	419F	00	06D1	103	664
call	1F	41AB	00	06D1	103	664
call	1F	41BB	00	06D1	103	680
call	1F	41CB	00	20B2	103	684
call	1F	41D1	00	06D1	5302	684
call	1F	41D7	00	044B	5302	684
call	1F	41DA	00	06D1	5300	684
call	1F	41E0	00	06D1	5300	684
call	1F	41E6	00	056A	5300	684
call	1F	41F3	00	06D1	5161	684
call	1F	41F9	1F	4561	5161	684
call	1F	4200	1F	4291	123	2880
call	1F	4203	1F	44D5	5161	684
call	1F	4227	00	20AC	76	724
call	1F	422D	00	06D1	76	724
call	1F	4233	00	06D1	76	753
call	1F	4248	00	06D1	76	755
call	1F	4264	00	20AC	25	5080
call	1F	426A	00	06D1	25	5080
call	1F	4270	00	06D1	25	5109
call	1F	4283	00	06D1	25	5111
call	1F	42B7	00	20AC	11	7916
call	1F	42BD	1F	4351	11	7916
call	1F	42D8	00	20AC	20	2880
call	1F	42DE	1F	4351	20	2880
call	1F	42F5	00	20AC	7	13796
call	1F	4301	1F	4351	7	13796
call	1F	431A	00	20AC	21	2924
call	1F	4320	1F	4351	21	2924
call	1F	433C	1F	45CA	59	2881
call	1F	4344	00	06D1	59	2881
call	1F	435C	00	06D1	59	2880
call	1F	4364	00	082C	59	2880
call	1F	4371	00	06D1	59	2881
call	1F	437D	00	0A65	59	2881
call	1F	43A0	00	06D1	29	2881
call	1F	43AC	00	0A65	29	2881
call	1F	43C4	00	06D1	17	2925
call	1F	43D0	00	0A65	17	2925
call	1F	43DD	00	06D1	17	2925
call	1F	43E9	00	0A65	17	2925
call	1F	4408	00	06D1	122	661
call	1F	4414	00	0A65	122	661
call	1F	442C	00	06D1	39	2938
call	1F	4438	00	0A65	39	2938
call	1F	444A	00	0A65	39	2938
call	1F	4459	00	06D1	84	661
call	1F	4465	00	0A65	84	661
call	1F	4477	00	0A65	84	661
call	1F	4486	00	06D1	38	2891
call	1F	4492	00	0A65	38	2891
call	1F	449F	00	06D1	38	2891
call	1F	44AB	00	0A65	38	2891
call	1F	44BD	00	0A65	38	2891
call	1F	44CB	00	06D1	161	661
call	1F	44D1	1F	44D5	161	661
call	1F	44F7	00	06D1	55	2938
call	1F	44FF	00	082C	55	2938
call	1F	4509	00	0BFC	129	661
call	1F	4518	00	06D1	129	661
call	1F	4520	00	082C	129	661
call	1F	4538	00	0BFC	58	2891
call	1F	4547	00	06D1	58	2891
call	1F	454F	00	082C	58	2891
call	1F	456C	1F	43F7	58	2891
call	1F	4579	00	06D1	58	2892
call	1F	45C6	00	0A65	567	2884
call	1F	460A	00	06D1	59	2881
call	1F	461B	00	0D67	59	2881
call	1F	463A	00	06D1	59	2881
call	1F	464A	00	0D67	59	2881
call	22	4FFB	22	4EF0	36	324
call	22	4FFE	22	4F46	36	326
call	22	5023	22	4EF0	20	14009
call	22	5028	22	4F24	20	14010
call	22	502D	22	4F7B	20	14010
call	23	4000	00	044B	9	33535
call	23	401D	00	06D1	9	33536
call	23	4023	00	0464	9	33536
call	23	4028	23	41DC	9	33537
call	23	4044	00	06D1	9	33570
call	23	4064	00	06D1	3	33598
call	23	406A	00	0464	3	33598
call	23	406D	00	06D1	3	33599
call	23	4077	00	06D1	856	85114
call	23	407D	00	0464	856	85114
call	23	4080	00	06D1	856	85115
call	23	4099	00	20AC	16	85164
call	23	40A4	23	4A06	9	86228
call	23	40AB	23	4B51	7	85164
call	23	40CB	00	06D1	12	86071
call	23	40DC	00	20E8	12	86071
call	23	40E3	23	41DC	12	86071
call	23	40FC	00	20AC	2	183352
call	23	4104	00	06D1	2	183352
call	23	410A	00	0464	2	183352
call	23	410D	00	06D1	2	183353
call	23	4129	00	20AC	4	89784
call	23	4137	23	4161	4	89784
call	23	414D	00	20AC	5	86116
call	23	415B	23	4161	5	86116
call	23	4172	00	06D1	3	90036
call	23	417A	00	085B	3	90036
call	23	4187	00	06D1	3	90037
call	23	4193	00	0A65	3	90037
call	23	4196	00	06D1	3	90037
call	23	419C	23	43C4	3	90037
call	23	41AD	00	06D1	6	86116
call	23	41B5	00	085B	6	86116
call	23	41C2	00	06D1	6	86117
call	23	41CE	00	0A65	6	86117
call	23	41D1	00	06D1	6	86117
call	23	41D7	23	433C	6	86117
call	23	41DD	00	06D1	21	33537
call	23	41E3	00	06D1	21	33537
call	23	41E9	00	06D1	21	33537
call	23	41EF	00	0464	21	33539
call	23	41FD	00	06D1	21	33540
call	23	4203	00	0464	21	33540
call	23	4211	00	06D1	21	33541
call	23	4217	00	0464	21	33541
call	23	4226	00	06D1	21	33542
call	23	422C	00	0464	21	33542
call	23	423B	00	06D1	21	33543
call	23	4241	00	0464	21	33544
call	23	4250	00	06D1	21	33544
call	23	4256	00	0464	21	33545
call	23	4265	00	06D1	21	33545
call	23	426B	00	0464	21	33546
call	23	4279	00	06D1	21	33546
call	23	427F	00	0464	21	33546
call	23	4284	00	082C	21	33547
call	23	4287	00	0464	21	33548
call	23	42A4	23	43C4	14	33549
call	23	42B1	00	06D1	14	33553
call	23	42BD	00	0A65	14	33553
call	23	42C2	23	433C	7	90008
call	23	42D0	00	06D1	7	90012
call	23	42D8	00	082C	7	90012
call	23	42E5	00	06D1	7	90013
call	23	42F1	00	0A65	7	90013
call	23	42F4	00	0464	21	33553
call	23	42F7	00	06D1	21	33553
call	23	42FD	00	044B	21	33553
call	23	4300	00	06D1	21	33554
call	23	4320	00	06D1	21	33570
call	23	4332	00	20E8	21	33570
call	23	434D	00	06D1	13	86117
call	23	4353	23	478E	13	86119
call	23	43D5	00	06D1	17	33549
call	23	43DB	23	478E	17	33551
call	23	448B	00	06D1	10	86244
call	23	4491	00	06D1	10	86244
call	23	4497	00	06D1	10	86244
call	23	449D	00	06D1	10	86244
call	23	44A3	00	0464	10	86246
call	23	44B1	00	06D1	10	86246
call	23	44B7	00	0464	10	86246
call	23	44C5	00	06D1	10	86247
call	23	44CB	00	0464	10	86247
call	23	44DA	00	06D1	10	86248
call	23	44E0	00	0464	10	86249
call	23	44EF	00	06D1	10	86249
call	23	44F5	00	0464	10	86250
call	23	4504	00	06D1	10	86250
call	23	450A	00	0464	10	86251
call	23	4518	00	06D1	10	86251
call	23	451E	00	0464	10	86251
call	23	4523	00	082C	10	86252
call	23	4526	00	0464	10	86253
call	23	4546	00	06D1	10	86255
call	23	4552	00	0A65	10	86255
call	23	4566	00	06D1	10	86255
call	23	456C	00	0464	10	86255
call	23	4580	00	06D1	10	86256
call	23	4586	00	0464	10	86256
call	23	459A	00	06D1	10	86257
call	23	45A0	00	0464	10	86257
call	23	45B4	00	06D1	10	86258
call	23	45BA	00	0464	10	86258
call	23	45BD	23	478E	10	86259
call	23	45C0	00	0464	10	86261
call	23	45CF	00	20E8	10	86261
call	23	45D7	00	06D1	10	86261
call	23	45DD	00	044B	10	86261
call	23	45E0	00	06D1	10	86262
call	23	4600	00	06D1	10	86278
call	23	4609	00	06D1	815	86278
call	23	460F	00	0464	815	86278
call	23	4612	00	06D1	814	86279
call	23	462B	00	20AC	7	86452
call	23	4636	00	06D1	2	86452
call	23	463C	00	0464	2	86452
call	23	463F	00	06D1	2	86453
call	23	4647	00	06D1	5	90316
call	23	464D	00	0464	5	90316
call	23	4650	00	06D1	5	90317
call	23	466B	00	20AC	2	89980
call	23	4673	00	06D1	2	89980
call	23	4679	00	0464	2	89980
call	23	467C	00	06D1	2	89981
call	23	4697	00	20AC	4	90232
call	23	46A4	23	46CD	4	90232
call	23	46B9	00	20AC	9	86284
call	23	46C6	23	46CD	9	86284
call	23	46DD	00	06D1	8	86284
call	23	46E9	00	0A65	8	86284
call	23	46F9	00	06D1	5	86368
call	23	4705	00	0A65	5	86368
call	23	47A2	00	06D1	40	33551
call	23	47B0	00	06D1	40	33552
call	23	4A0F	00	06D1	9	86228
call	23	4A15	00	0464	9	86228
call	23	4A18	00	06D1	9	86229
call	23	4A1E	23	4471	10	86244
call	23	4A3F	00	06D1	2	86468
call	23	4A64	00	06D1	1	86622
call	23	4A6E	00	06D1	1	86622
call	23	4ADC	00	06D1	1	87077
call	23	4AF0	00	06D1	1	87936
call	23	4B1A	00	06D1	1	88242
call	23	4B30	00	06D1	1	88242
call	23	4B3B	00	06D1	1	88455
call	23	4B43	00	06D1	1	88624
call	23	4B59	00	06D1	7	85164
call	23	4B5F	00	0464	7	85164
call	23	4B62	00	06D1	7	85165
call	23	4B81	00	06D1	7	85180
call	23	4BA5	00	06D1	4	85614
call	23	4BAF	00	06D1	4	85614
call	23	4C01	00	06D1	2	86070
call	23	4C16	00	06D1	2	86070
call	23	4C1D	00	06D1	2	184621
call	23	4C33	00	06D1	2	184720
call	23	4C5D	00	06D1	2	185025
call	23	4C73	00	06D1	2	185025
call	23	4C7E	00	06D1	2	185075
call	23	4C86	00	06D1	2	185384
call	23	4CAE	00	06D1	1	87077
call	23	4CB4	23	55C3	1	87077
call	23	4CDB	00	06D1	1	87103
call	23	4CE7	00	0A65	1	87103
call	23	4CEA	23	6E9C	1	87103
call	23	4CED	00	06D1	1	87107
call	23	4CF3	00	06D1	1	87107
call	23	4CFA	00	06D1	27	87107
call	23	4D01	00	0464	27	87107
call	23	4D04	00	06D1	27	87107
call	23	4D0A	23	6F00	27	87107
call	23	4D14	00	06D1	27	87108
call	23	4D8F	00	06D1	5	87135
call	23	4D97	00	06D1	5	87135
call	23	4DA4	00	06D1	127	87135
call	23	4DAB	00	0464	127	87135
call	23	4DAE	23	6F00	127	87136
call	23	4DB1	00	06D1	127	87136
call	23	4DC9	00	06D1	127	87136
call	23	4EBA	00	06D1	5	87263
call	23	4EC1	00	0464	5	87263
call	23	4F11	00	06D1	5	87264
call	23	4F17	23	6F00	5	87264
call	23	4F1D	23	58C4	5	87264
call	23	4F21	23	56A1	5	87264
call	23	4F35	23	5FA2	5	87265
call	23	4F3D	00	06D1	5	87265
call	23	4F45	00	06D1	5	87265
call	23	4F4C	00	06D1	128	87265
call	23	4F53	00	0464	128	87265
call	23	4F56	23	6F00	128	87265
call	23	4F59	00	06D1	128	87265
call	23	4F6B	00	06D1	128	87265
call	23	4FA1	00	0464	300	87291
call	23	4FA4	23	6F00	300	87292
call	23	4FAD	00	06D1	5	87351
call	23	4FB5	00	06D1	5	87351
call	23	4FBE	00	06D1	103	87352
call	23	4FC5	00	0464	103	87352
call	23	4FC8	00	06D1	103	87352
call	23	4FCE	23	6F00	103	87352
call	23	4FF3	00	06D1	103	87352
call	23	5069	23	58C4	1	87799
call	23	5071	23	5FA2	1	87799
call	23	5074	00	06D1	1	87799
call	23	507A	23	6DD0	1	87799
call	23	5087	00	06D1	1	87801
call	23	5093	00	0A65	1	87801
call	23	509A	00	06D1	120	87801
call	23	50A1	00	0464	120	87801
call	23	50A4	00	06D1	120	87801
call	23	50AA	23	6F00	120	87801
call	23	50BB	00	06D1	1	87920
call	23	50C1	00	044B	1	87920
call	23	50C4	00	06D1	1	87921
call	23	55C3	00	06D1	1	87077
call	23	55C9	00	06D1	1	87077
call	23	55CF	00	06D1	1	87077
call	23	55D5	00	06D1	1	87079
call	23	55DB	00	06D1	1	87084
call	23	55F3	00	06D1	1	87085
call	23	5604	00	06D1	1	87085
call	23	5616	00	06D1	1	87085
call	23	5628	00	06D1	1	87085
call	23	563A	00	06D1	1	87085
call	23	564B	00	06D1	1	87085
call	23	5653	00	082C	1	87085
call	23	5656	00	06D1	1	87085
call	23	565C	23	6F00	1	87085
call	23	565F	00	06D1	1	87086
call	23	5665	00	0464	1	87086
call	23	5668	00	06D1	1	87086
call	23	5688	00	06D1	1	87103
call	23	5699	00	20E8	1	87103
call	23	56BE	23	5829	5	87264
call	23	56C4	23	56F0	5	87264
call	23	56E0	00	06D1	5	87264
call	23	56E7	23	5889	5	87264
call	23	570F	00	06D1	5	87264
call	23	5767	00	06D1	5	87264
call	23	57AD	00	06D1	5	87264
call	23	57E1	00	06D1	5	87264
call	23	5816	00	06D1	5	87264
call	23	582E	00	06D1	5	87264
call	23	5844	00	06D1	5	87264
call	23	585A	00	06D1	5	87264
call	23	5870	00	06D1	5	87264
call	23	589D	00	06D1	5	87264
call	23	6DE0	00	06D1	1	87799
call	23	6DE6	23	6EE0	1	87800
call	23	6EAC	00	06D1	1	87103
call	23	6EB2	23	6EE0	1	87105
call	23	6EF4	00	06D1	2	87105
call	23	6F92	00	06D1	15	87085
call	23	6FB3	00	06D1	15	87085
call	23	6FCE	00	085B	15	87085
call	24	401C	00	06D1	4	60992
call	24	403C	00	06D1	4	60992
call	24	406A	24	42F0	4	60992
call	24	4079	00	20E8	4	61060
call	24	4084	00	06D1	307	61060
call	24	41D7	00	0464	307	61060
call	24	41DA	00	06D1	307	61061
call	24	41F3	00	20AC	4	61152
call	24	41FC	24	4794	4	61152
call	24	41FF	24	47FB	4	61152
call	24	4203	24	4BCD	4	61153
call	24	420C	00	06D1	1	61205
call	24	4212	00	0464	1	61205
call	24	421F	24	47FB	3	138772
call	24	4226	24	4A79	3	138773
call	24	423C	00	20AC	3	138555
call	24	4244	00	06D1	3	138555
call	24	424A	00	0464	3	138555
call	24	4269	00	20AC	1	188644
call	24	427B	24	483E	1	188644
call	24	427E	24	4453	1	188655
call	24	4294	00	20AC	3	138792
call	24	42A6	24	483E	3	138792
call	24	42A9	24	4453	3	138803
call	24	4317	00	06D1	4	60994
call	24	431D	00	0464	4	60994
call	24	432C	00	06D1	4	60994
call	24	4332	00	0464	4	60995
call	24	4341	00	06D1	4	60995
call	24	4347	00	0464	4	60996
call	24	4356	00	06D1	4	60996
call	24	435C	00	0464	4	60997
call	24	436B	00	06D1	4	60997
call	24	4371	00	0464	4	60998
call	24	437F	00	06D1	4	60998
call	24	4385	00	0464	4	60998
call	24	4393	00	06D1	4	60999
call	24	4399	00	0464	4	60999
call	24	43A7	00	06D1	4	61000
call	24	43AD	00	0464	4	61000
call	24	43D4	00	082C	4	61001
call	24	43D7	00	0464	4	61002
call	24	43DA	24	48C7	4	61002
call	24	43DD	00	0464	4	61023
call	24	43E4	24	483E	4	61023
call	24	43E7	00	0464	4	61035
call	24	43EC	24	4453	4	61035
call	24	43EF	00	0464	4	61035
call	24	43F6	24	4A79	4	61036
call	24	43F9	00	0464	4	61041
call	24	43FC	00	06D1	4	61042
call	24	4402	00	044B	4	61042
call	24	4405	00	06D1	4	61043
call	24	4425	00	06D1	4	61059
call	24	4438	00	047A	4	61059
call	24	443E	00	06D1	4	61060
call	24	4445	00	0392	4	61060
call	24	4454	24	445C	8	61035
call	24	4457	24	45B7	8	61035
call	24	447D	00	06D1	8	61035
call	24	448D	00	06D1	8	61035
call	24	449D	00	06D1	8	61035
call	24	44AD	00	06D1	8	61035
call	24	44BD	00	06D1	8	61035
call	24	44CD	00	06D1	8	61035
call	24	44E9	00	06D1	8	61035
call	24	45E8	00	06D1	5	61035
call	24	464F	00	06D1	2	138803
call	24	4699	00	06D1	1	138823
call	24	4874	24	494C	8	61023
call	24	489D	24	494C	8	61025
call	24	48AD	24	494C	8	61027
call	24	48B0	24	4A00	8	61029
call	24	48C2	24	47FB	8	61034
call	24	4902	24	494C	24	61002
call	24	491C	24	494C	4	61013
call	24	4932	24	494C	4	61016
call	24	4935	24	4A00	4	61017
call	24	4947	24	47FB	4	61022
call	24	495D	00	06D1	171	61002
call	24	4975	00	06D1	171	61002
call	24	497F	24	49EC	171	61002
call	24	4988	00	06D1	171	61002
call	24	49D4	00	06D1	56	61004
call	24	49E7	24	49EC	778	61004
call	24	49F2	00	06D1	949	61002
call	24	4A11	24	4A54	26	61017
call	24	4A14	00	0392	26	61019
call	24	4A25	24	4A54	26	61019
call	24	4A28	00	0392	26	61020
call	24	4A39	24	4A54	26	61020
call	24	4A3C	00	0392	26	61021
call	24	4A4D	24	4A54	26	61021
call	24	4A50	00	0392	26	61022
call	24	4A99	00	06D1	14	61036
call	24	4AB3	00	06D1	14	61036
call	24	4ACD	00	06D1	14	61036
call	24	4AE7	00	06D1	14	61036
call	24	4B01	00	06D1	14	61036
call	24	4B08	24	4A00	14	61036
call	24	4BCD	24	4E46	4	61153
call	24	4BD0	24	53FD	4	61158
call	24	4BD6	00	06D1	188	61158
call	24	4D39	00	0464	188	61158
call	24	4D3C	00	06D1	188	61159
call	24	4D97	24	5164	3	61200
call	24	4DAA	00	20AC	2	138872
call	24	4DCC	00	20AC	3	138772
call	24	4DD4	24	4E71	3	138772
call	24	4DD8	00	06D1	3	138772
call	24	4E25	00	20AC	2	138912
call	24	4E38	24	4EF1	2	138912
call	24	4E3F	24	4A79	2	138913
call	24	4E57	00	06D1	4	61153
call	24	4E6C	24	4A79	4	61153
call	24	4E7D	00	06D1	3	138772
call	24	4EBC	00	06D1	2	138912
call	24	4EF5	24	4E85	2	138912
call	24	4EF9	00	06D1	2	138912
call	24	4EFF	00	0464	2	138912
call	24	51AD	24	4A79	1	61200
call	24	51BF	00	20AC	1	61205
call	26	4029	00	06D1	8	10162
call	26	402F	26	5168	8	10162
call	26	4032	00	06D1	8	10190
call	26	403E	26	5697	6	10190
call	26	4045	26	56DB	2	111360
call	26	4052	00	06D1	8	10192
call	26	405E	00	0A65	8	10192
call	26	406B	00	06D1	8	10192
call	26	4077	00	0A65	8	10192
call	26	407A	00	06D1	8	10192
call	26	408D	00	06D1	2	111362
call	26	409F	00	06D1	6	10192
call	26	40AB	00	0A65	8	10192
call	26	40C6	00	06D1	594	10192
call	26	40CD	00	0464	594	10192
call	26	40D0	26	58DC	594	10192
call	26	40D3	00	06D1	594	10192
call	26	40FE	00	06D1	5	10286
call	26	410A	00	0A65	5	10286
call	26	410E	00	06D1	5	10286
call	26	4115	00	0464	5	10286
call	26	4118	26	58DC	5	10287
call	26	411B	00	06D1	5	10287
call	26	4122	00	06D1	5	10287
call	26	412C	00	06D1	4	10287
call	26	4132	00	06D1	4	10287
call	26	413A	00	06D1	56	10287
call	26	4141	00	0464	56	10287
call	26	4144	26	58DC	56	10288
call	26	4147	00	06D1	56	10288
call	26	4155	00	06D1	55	10288
call	26	416D	00	06D1	3	54569
call	26	4179	00	0A65	3	54569
call	26	418B	00	06D1	360	54569
call	26	4192	00	0464	360	54569
call	26	4195	26	58DC	360	54570
call	26	4198	00	06D1	360	54570
call	26	41BB	00	06D1	3	54689
call	26	41C7	00	0A65	3	54689
call	26	41CE	00	06D1	45	54689
call	26	41D5	00	0464	45	54689
call	26	41D8	26	58DC	45	54690
call	26	41DB	00	06D1	45	54690
call	26	41F6	00	06D1	3	54704
call	26	4202	00	0A65	3	54704
call	26	420F	00	06D1	3	54704
call	26	421B	00	0A65	3	54704
call	26	4228	00	06D1	3	54704
call	26	4234	00	0A65	3	54704
call	26	423B	00	06D1	60	54704
call	26	4242	00	0464	60	54704
call	26	4245	26	58DC	60	54705
call	26	4248	00	06D1	60	54705
call	26	4263	00	06D1	3	54724
call	26	426F	00	0A65	3	54724
call	26	4273	00	06D1	3	54724
call	26	4286	00	06D1	3	54724
call	26	428C	00	06D1	3	54724
call	26	429E	00	20AC	3	54725
call	26	42A7	00	06D1	140	54725
call	26	42AE	00	0464	140	54725
call	26	42B1	00	06D1	140	54725
call	26	42B7	26	58DC	140	54725
call	26	42BA	00	06D1	140	54725
call	26	4308	00	06D1	2	82639
call	26	430E	00	06D1	2	82639
call	26	4316	00	06D1	14	82639
call	26	431D	00	0464	14	82639
call	26	4320	26	58DC	14	82640
call	26	4323	00	06D1	14	82640
call	26	4331	00	06D1	14	82640
call	26	433B	00	06D1	2	82646
call	26	4351	00	06D1	120	82650
call	26	4358	00	0464	120	82650
call	26	435B	26	58DC	120	82650
call	26	435E	00	06D1	120	82650
call	26	4379	00	06D1	2	82709
call	26	4385	00	0A65	2	82709
call	26	4392	00	06D1	2	82709
call	26	439E	00	0A65	2	82709
call	26	43AB	00	06D1	2	82709
call	26	43B7	00	0A65	2	82709
call	26	43BE	00	06D1	91	82709
call	26	43C5	00	0464	91	82709
call	26	43C8	26	58DC	91	82710
call	26	43CB	00	06D1	91	82710
call	26	43E6	00	06D1	1	190048
call	26	43F2	00	0A65	1	190048
call	26	43FB	00	0A65	1	190048
call	26	440D	00	06D1	121	190048
call	26	4414	00	0464	121	190048
call	26	4417	26	58DC	121	190049
call	26	441A	00	06D1	121	190049
call	26	4433	26	4EC3	1	190169
call	26	44F5	26	5873	2	111457
call	26	4502	00	06D1	2	111459
call	26	450E	00	0A65	2	111459
call	26	4511	00	06D1	2	111459
call	26	4540	00	06D1	2	111459
call	26	454C	00	0A65	2	111459
call	26	4559	00	06D1	2	111459
call	26	4565	00	0A65	2	111459
call	26	4568	26	56DB	2	111459
call	26	456B	00	06D1	2	111461
call	26	4571	00	06D1	2	111461
call	26	4578	00	06D1	22	111461
call	26	457F	00	0464	22	111461
call	26	4582	26	58DC	22	111461
call	26	4585	00	06D1	22	111461
call	26	4592	00	06D1	21	111461
call	26	45A0	26	5067	1	111474
call	26	503C	00	06D1	7	10292
call	26	5042	00	0464	7	10292
call	26	5045	00	06D1	7	10293
call	26	508D	00	06D1	1	111474
call	26	5093	00	0464	1	111474
call	26	5096	00	06D1	1	111475
call	26	50A2	00	06D1	1	111490
call	26	516A	00	06D1	8	10162
call	26	5170	00	06D1	8	10162
call	26	5176	00	06D1	8	10162
call	26	517C	00	06D1	8	10164
call	26	51D7	00	06D1	8	10171
call	26	51E8	00	06D1	8	10171
call	26	51FA	00	06D1	8	10171
call	26	520C	00	06D1	8	10171
call	26	521E	00	06D1	8	10171
call	26	5230	00	06D1	8	10171
call	26	5242	00	06D1	8	10171
call	26	5254	00	06D1	8	10171
call	26	5266	00	06D1	8	10171
call	26	5278	00	06D1	8	10171
call	26	5289	00	06D1	8	10171
call	26	529A	00	06D1	8	10171
call	26	52A3	00	082C	8	10171
call	26	52E6	00	06D1	8	10171
call	26	52EC	26	58DC	8	10171
call	26	5309	00	20E8	8	10173
call	26	5310	00	06D1	8	10173
call	26	5316	00	0464	8	10173
call	26	5319	00	06D1	8	10173
call	26	5339	00	06D1	8	10190
call	26	56A7	00	06D1	6	10190
call	26	56AD	26	58B7	6	10191
call	26	56EB	00	06D1	4	111360
call	26	56F1	26	58B7	4	111361
call	26	5883	00	06D1	2	111457
call	26	5889	26	58B7	2	111458
call	26	58D3	26	59B6	12	10191
call	26	58E0	26	5343	1756	10171
call	26	5919	00	06D1	41	10171
call	26	5971	00	06D1	41	10172
call	26	5992	00	06D1	41	10172
call	26	59AD	00	082C	41	10172
call	27	401D	00	06D1	42	1063
call	27	4032	00	06D1	42	1063
call	27	403A	00	06D1	22	1898
call	27	405F	00	06D1	22	1898
call	27	4069	00	06D1	22	1898
call	27	40BB	00	06D1	11	2354
call	27	40D0	00	06D1	11	2354
call	27	40D7	00	06D1	8	10162
call	27	40ED	00	06D1	8	10310
call	27	4103	00	06D1	8	10615
call	27	4118	00	06D1	8	10615
call	27	4129	00	06D1	8	10747
call	27	4156	00	06D1	8	10747
call	27	4160	00	06D1	8	11144
call	27	4202	27	4B95	27	1898
call	27	4210	00	20E8	27	1917
call	27	4235	00	06D1	27	1917
call	27	4241	00	0A65	27	1917
call	27	424E	00	06D1	27	1917
call	27	425A	00	0A65	27	1917
call	27	4264	27	41BC	22	1917
call	27	4274	00	06D1	9	83761
call	27	4286	00	06D1	13	1917
call	27	4292	00	0A65	22	1917
call	27	42C0	00	06D1	5	85633
call	27	42CC	00	0A65	5	85633
call	27	42CF	00	06D1	27	1917
call	27	42D5	00	06D1	27	1917
call	27	42DB	00	06D1	27	1917
call	27	42FD	00	06D1	27	1917
call	27	431B	00	06D1	2781	1917
call	27	4322	00	044B	2781	1917
call	27	4325	00	06D1	2781	1918
call	27	4334	27	4747	2781	1918
call	27	4349	00	06D1	2723	9830
call	27	4350	00	0464	2723	9830
call	27	435F	00	20A6	2723	9831
call	27	4365	00	06D1	2723	9831
call	27	4374	27	4747	2723	9831
call	27	437B	00	06D1	2723	9831
call	27	439B	00	06D1	12	10034
call	27	43A3	00	06D1	12	10034
call	27	43AC	00	06D1	12	10034
call	27	43BB	00	06D1	401	10034
call	27	43C2	00	0464	401	10034
call	27	43D1	00	20A6	401	10035
call	27	43D7	00	06D1	401	10035
call	27	43E7	00	06D1	401	10035
call	27	4410	00	20AC	12	10068
call	27	4423	00	06D1	12	10068
call	27	442B	00	06D1	12	10068
call	27	443B	00	06D1	12	10070
call	27	4447	00	0A65	12	10070
call	27	444E	00	06D1	360	10070
call	27	4455	00	0464	360	10070
call	27	4464	00	20A6	360	10070
call	27	4474	00	0A65	12	10099
call	27	4483	00	20AC	12	10099
call	27	448B	27	4747	553	10099
call	27	44A9	00	06D1	553	10099
call	27	44B0	00	0464	553	10099
call	27	44BF	00	20A6	552	10100
call	27	44C5	00	06D1	552	10100
call	27	44D3	00	06D1	11	10147
call	27	44E1	00	0464	15	2020
call	27	44EF	00	06D1	15	2021
call	27	44F7	00	06D1	15	2021
call	27	4509	00	20AC	15	2023
call	27	451B	00	06D1	15	2023
call	27	4527	00	0A65	15	2023
call	27	452E	00	06D1	866	2023
call	27	4535	00	044B	866	2023
call	27	453C	00	06D1	14	2082
call	27	4542	00	06D1	14	2082
call	27	454E	00	0A65	14	2082
call	27	455B	00	06D1	14	2082
call	27	4567	00	0A65	14	2082
call	27	4571	27	41BC	12	2082
call	27	4581	00	06D1	7	83926
call	27	4593	00	06D1	5	2082
call	27	459F	00	0A65	12	2082
call	27	45CD	00	06D1	2	85798
call	27	45D9	00	0A65	2	85798
call	27	45DE	00	06D1	242	2082
call	27	45E5	00	0464	242	2082
call	27	45F4	00	20A6	242	2083
call	27	45FA	00	06D1	242	2083
call	27	4601	00	06D1	242	2083
call	27	4617	00	20AC	14	2083
call	27	4625	00	0A65	14	2083
call	27	4633	00	06D1	14	2083
call	27	463B	00	06D1	14	2083
call	27	4657	00	06D1	1890	2084
call	27	465E	00	0464	1890	2084
call	27	466D	00	20A6	1890	2085
call	27	4673	00	06D1	1890	2085
call	27	4681	00	06D1	14	2219
call	27	4694	00	044B	1626	2234
call	27	4787	27	4B95	11	10310
call	27	4795	00	20E8	11	10329
call	27	47A7	00	06D1	11	10329
call	27	47AF	00	06D1	11	10329
call	27	47BF	00	06D1	11	10331
call	27	47CB	00	0A65	11	10331
call	27	47D8	00	06D1	11	10331
call	27	47E4	00	0A65	11	10331
call	27	47EE	27	41BC	8	10331
call	27	47FE	00	06D1	4	82776
call	27	4820	00	06D1	4	10331
call	27	482C	00	0A65	8	10331
call	27	485A	00	06D1	3	87958
call	27	4866	00	0A65	3	87958
call	27	4869	00	06D1	11	10331
call	27	4872	00	06D1	11	10331
call	27	4890	00	06D1	11	10331
call	27	4897	00	044B	11	10331
call	27	48A8	00	06D1	1595	10331
call	27	48AF	00	0464	1595	10331
call	27	48BE	00	20A6	1595	10332
call	27	48C4	00	06D1	1595	10332
call	27	48D0	00	06D1	1595	10332
call	27	48EA	00	06D1	11	10479
call	27	48F0	00	06D1	11	10479
call	27	48F9	00	06D1	11	10479
call	27	4900	00	0464	11	10479
call	27	490F	00	20A6	11	10480
call	27	4915	00	06D1	11	10480
call	27	491B	00	06D1	11	10480
call	27	4934	00	20AC	11	10480
call	27	4942	00	0A65	11	10480
call	27	4950	00	06D1	11	10480
call	27	4958	00	06D1	11	10480
call	27	4974	00	06D1	1309	10481
call	27	497B	00	0464	1309	10481
call	27	498A	00	20A6	1309	10482
call	27	4990	00	06D1	1309	10482
call	27	499E	00	06D1	11	10600
call	27	4B97	00	06D1	38	1898
call	27	4B9D	00	06D1	38	1898
call	27	4BA3	00	06D1	38	1898
call	27	4BB8	00	06D1	38	1899
call	27	4BC9	00	06D1	38	1899
call	27	4BDB	00	06D1	38	1899
call	27	4BED	00	06D1	38	1899
call	27	4BFF	00	06D1	38	1899
call	27	4C11	00	06D1	38	1899
call	27	4C23	00	06D1	38	1899
call	27	4C35	00	06D1	38	1899
call	27	4C47	00	06D1	38	1899
call	27	4C59	00	06D1	38	1899
call	27	4C6B	00	06D1	38	1899
call	27	4C7C	00	06D1	38	1899
call	27	4C8D	00	06D1	38	1899
call	27	4C95	00	082C	38	1899
call	27	4CA7	00	06D1	27	1899
call	27	4CBA	00	06D1	11	10311
call	27	4CC2	00	06D1	38	1899
call	27	4CD2	00	06D1	38	1899
call	27	4CDE	00	0A65	38	1899
call	27	4CEB	00	06D1	38	1899
call	27	4CF7	00	0A65	38	1899
call	27	4CFB	00	06D1	38	1899
call	27	4D35	00	06D1	38	1900
call	27	4D41	00	0464	38	1900
call	27	4D44	00	06D1	38	1901
call	28	4000	00	06D1	14	21783
call	28	4006	28	404E	14	21783
call	28	400A	00	06D1	2324	21824
call	28	4010	00	0464	2324	21824
call	28	4013	00	06D1	2324	21825
call	28	402A	00	20AC	14	22032
call	28	403A	00	06D1	14	22032
call	28	4040	00	0464	14	22032
call	28	4043	00	06D1	14	22033
call	28	404E	00	06D1	14	21783
call	28	4054	00	06D1	14	21783
call	28	4065	00	06D1	14	21783
call	28	4076	00	06D1	14	21783
call	28	4088	00	06D1	14	21783
call	28	409A	00	06D1	14	21784
call	28	40AB	00	06D1	14	21784
call	28	40B3	00	082C	14	21784
call	28	40C0	00	06D1	14	21785
call	28	40CC	00	0A65	14	21785
call	28	40D1	00	06D1	14	21785
call	28	40DE	00	06D1	14	21785
call	28	40E6	00	06D1	14	21787
call	28	40F4	00	06D1	14	21787
call	28	40FC	00	06D1	14	21789
call	28	410A	00	06D1	14	21789
call	28	4112	00	06D1	14	21791
call	28	4120	00	06D1	14	21791
call	28	4128	00	06D1	14	21794
call	28	4136	00	06D1	14	21794
call	28	413E	00	06D1	14	21796
call	28	414C	00	06D1	14	21796
call	28	4154	00	06D1	14	21798
call	28	4162	00	06D1	14	21798
call	28	416A	00	06D1	14	21801
call	28	4178	00	06D1	14	21801
call	28	417E	00	06D1	14	21803
call	28	4184	00	06D1	14	21807
call	28	418A	00	044B	14	21807
call	28	418D	00	06D1	14	21808
call	28	41AD	00	06D1	14	21824
call	28	41BF	00	20E8	14	21824
call	28	41E1	00	06D1	80	21785
call	28	41F9	00	06D1	80	21785
call	28	4203	28	428B	80	21785
call	28	420C	00	06D1	80	21785
call	28	4273	00	06D1	112	21786
call	28	4286	28	429F	2528	21786
call	28	4291	00	06D1	80	21785
call	28	42A9	00	06D1	2528	21786
call	29	401A	00	06D1	8	10747
call	29	4020	29	407A	8	10747
call	29	402D	00	06D1	8	10836
call	29	4039	00	0A65	8	10836
call	29	403E	00	06D1	585	10836
call	29	4044	00	0464	585	10836
call	29	4047	00	06D1	585	10837
call	29	4061	00	20AC	8	11128
call	29	4069	00	06D1	8	11128
call	29	406F	00	0464	8	11128
call	29	4072	00	06D1	8	11129
call	29	407A	00	06D1	8	10747
call	29	4080	00	06D1	8	10747
call	29	4086	00	06D1	8	10747
call	29	408C	00	06D1	8	10749
call	29	4092	00	06D1	8	10753
call	29	40B0	00	06D1	8	10753
call	29	40C1	00	06D1	8	10753
call	29	40D3	00	06D1	8	10753
call	29	40E5	00	06D1	8	10753
call	29	40F7	00	06D1	8	10753
call	29	4109	00	06D1	8	10753
call	29	411A	00	06D1	8	10753
call	29	4122	00	082C	8	10753
call	29	4125	00	06D1	8	10753
call	29	4135	00	06D1	8	10753
call	29	4141	00	0A65	8	10753
call	29	4144	00	06D1	8	10753
call	29	4156	00	20E8	8	10753
call	29	415E	00	06D1	8	10753
call	29	4164	00	0464	8	10753
call	29	4167	00	06D1	8	10754
call	29	4187	00	06D1	8	10770
call	29	4199	29	41AD	8	10770
call	29	41A9	29	4286	8	10794
call	29	4200	00	06D1	95	10770
call	29	4206	00	06D1	95	10770
call	29	420C	00	0464	95	10772
call	29	42E2	00	06D1	112	10794
call	29	42E8	00	06D1	112	10794
call	29	42EE	00	06D1	112	10796
call	29	42F4	00	0464	112	10796
call	29	4510	00	06D1	11	11144
call	29	4516	29	4608	11	11144
call	29	451B	00	06D1	611	11168
call	29	4521	00	0464	611	11168
call	29	4524	00	06D1	611	11169
call	29	453E	00	20AC	11	11172
call	29	45E2	00	06D1	11	11172
call	29	45E8	00	0464	11	11172
call	29	45EB	00	06D1	11	11173
call	29	4608	00	06D1	11	11144
call	29	460E	00	06D1	11	11144
call	29	4614	00	06D1	11	11144
call	29	461A	00	06D1	11	11146
call	29	4620	00	06D1	11	11150
call	29	463E	00	06D1	11	11150
call	29	4650	00	06D1	11	11150
call	29	4662	00	06D1	11	11150
call	29	4674	00	06D1	11	11150
call	29	4686	00	06D1	11	11150
call	29	46C4	00	06D1	8	11150
call	29	46D8	00	06D1	3	88461
call	29	46E0	00	082C	11	11150
call	29	46E3	00	06D1	11	11150
call	29	46F0	29	4745	8	11150
call	29	46F9	29	4A65	1	88461
call	29	46FE	29	4D21	2	185081
call	29	470D	00	20E8	11	11151
call	29	4715	00	06D1	11	11151
call	29	471B	00	0464	11	11151
call	29	471E	00	06D1	11	11152
call	29	473E	00	06D1	11	11168
call	29	477A	00	06D1	8	11150
call	29	478F	00	06D1	8	11150
call	29	47A4	00	06D1	8	11150
call	29	47AA	29	4FF7	8	11150
call	29	4AD1	29	4B7F	1	88461
call	29	4AD6	29	4CA1	1	88461
call	29	4AEE	00	06D1	1	88461
call	29	4B10	29	4B7F	1	88461
call	29	4B15	29	4CA1	1	88461
call	29	4B2D	00	06D1	1	88461
call	29	4B53	29	4B7F	1	88461
call	29	4B58	29	4CA1	1	88461
call	29	4B70	00	06D1	1	88461
call	29	4B77	29	4D01	1	88461
call	29	4B9E	00	06D1	3	88461
call	29	4BF6	00	06D1	3	88461
call	29	4C3C	00	06D1	3	88461
call	29	4C70	00	06D1	3	88461
call	29	4CA6	00	06D1	3	88461
call	29	4CBC	00	06D1	3	88461
call	29	4CD2	00	06D1	3	88461
call	29	4CE8	00	06D1	3	88461
call	29	4D15	00	06D1	1	88461
call	29	4DA5	29	4E55	2	185081
call	29	4DAA	29	4F77	2	185081
call	29	4DC2	00	06D1	2	185081
call	29	4DD8	29	4E55	2	185081
call	29	4DDD	29	4F77	2	185081
call	29	4DF5	00	06D1	2	185081
call	29	4E29	29	4E55	2	185081
call	29	4E2E	29	4F77	2	185081
call	29	4E46	00	06D1	2	185081
call	29	4E4D	29	4FD7	2	185081
call	29	4E74	00	06D1	6	185081
call	29	4ECC	00	06D1	6	185081
call	29	4F12	00	06D1	6	185081
call	29	4F46	00	06D1	6	185081
call	29	4F7C	00	06D1	6	185081
call	29	4F92	00	06D1	6	185081
call	29	4FA8	00	06D1	6	185081
call	29	4FBE	00	06D1	6	185081
call	29	4FEB	00	06D1	2	185081
call	29	500B	00	06D1	8	11150
call	29	502B	29	503F	207	10770
call	29	5036	29	503F	207	10771
call	2A	5498	00	044B	5	14007
call	2A	54B5	00	06D1	5	14008
call	2A	54BB	00	0464	5	14008
call	2A	54C4	00	06D1	5	14009
call	2A	54CA	00	06D1	5	14009
call	2A	54D1	2A	57BD	5	14012
call	2A	54E2	2A	577F	5	14045
call	2A	54E5	2A	577F	5	14045
call	2A	54E8	2A	577F	5	14045
call	2A	54EB	2A	577F	5	14045
call	2A	54EE	2A	577F	5	14045
call	2A	54F1	2A	577F	5	14045
call	2A	54F4	2A	577F	5	14045
call	2A	54F7	2A	577F	5	14045
call	2A	54FA	2A	590B	5	14045
call	2A	5505	00	06D1	345	14045
call	2A	550B	00	0464	345	14045
call	2A	550E	00	06D1	345	14046
call	2A	5515	2A	590B	345	14046
call	2A	5532	00	0A65	5	14120
call	2A	5537	2A	6148	5	14120
call	2A	5542	00	0A65	5	14317
call	2A	56A6	00	0A65	5	14317
call	2A	56B8	00	0A65	5	14317
call	2A	56BE	2A	62C5	5	14317
call	2A	56FE	00	20AC	5	17252
call	2A	5706	00	06D1	5	17252
call	2A	570C	00	0464	5	17252
call	2A	570F	00	06D1	5	17253
call	2A	571F	00	06D1	5	17268
call	2A	5725	00	06D1	5	17268
call	2A	572B	00	0464	5	17268
call	2A	578E	2A	5C5B	5	14045
call	2A	579B	2A	5C5B	40	14045
call	2A	57BD	00	06D1	5	14012
call	2A	57C3	00	06D1	5	14012
call	2A	57C9	00	06D1	5	14012
call	2A	57DB	00	06D1	5	14014
call	2A	57E1	00	0464	5	14015
call	2A	57F0	00	06D1	5	14015
call	2A	57F6	00	0464	5	14016
call	2A	5805	00	06D1	5	14016
call	2A	580B	00	0464	5	14017
call	2A	581A	00	06D1	5	14017
call	2A	5820	00	0464	5	14018
call	2A	582E	00	06D1	5	14018
call	2A	5834	00	0464	5	14018
call	2A	5842	00	06D1	5	14019
call	2A	5848	00	0464	5	14019
call	2A	5856	00	06D1	5	14020
call	2A	585C	00	0464	5	14020
call	2A	5869	00	06D1	5	14021
call	2A	5879	00	06D1	5	14021
call	2A	5889	00	06D1	5	14021
call	2A	5895	00	0A65	5	14021
call	2A	58A2	00	06D1	5	14021
call	2A	58AE	00	0A65	5	14021
call	2A	58B3	00	082C	5	14021
call	2A	58B9	2A	590B	5	14022
call	2A	58BC	2A	6257	5	14022
call	2A	58BF	00	0464	5	14028
call	2A	58C2	00	06D1	5	14028
call	2A	58C8	00	044B	5	14028
call	2A	58CB	00	06D1	5	14029
call	2A	58EB	00	06D1	5	14045
call	2A	58FC	00	20E8	5	14045
call	2A	594D	2A	5952	36	14022
call	2A	5968	00	06D1	178	14022
call	2A	5980	00	06D1	178	14022
call	2A	598A	2A	5A0F	178	14022
call	2A	5993	00	06D1	178	14022
call	2A	59F7	00	06D1	36	14022
call	2A	5A0A	2A	5A23	220	14022
call	2A	5A15	00	06D1	178	14022
call	2A	5A2D	00	06D1	220	14022
call	2A	5A51	00	06D1	45	14023
call	2A	5AA3	00	06D1	45	14023
call	2A	5AAC	2A	5AFB	45	14023
call	2A	5AE3	00	06D1	5	14024
call	2A	5AF6	2A	5B0F	5	14024
call	2A	5B01	00	06D1	45	14023
call	2A	5B19	00	06D1	5	14024
call	2A	5B3D	00	06D1	75	14024
call	2A	5B8F	00	06D1	75	14024
call	2A	5B98	2A	5BE7	75	14024
call	2A	5BCF	00	06D1	5	14026
call	2A	5BE2	2A	5BFB	5	14026
call	2A	5BED	00	06D1	75	14024
call	2A	5C05	00	06D1	5	14026
call	2A	5C27	2A	5C3B	36	14026
call	2A	5C32	2A	5C3B	36	14027
call	2A	5C5C	2A	5C8F	107	14045
call	2A	5CEC	00	20AC	7	16245
call	2A	5D03	00	20AC	17	14373
call	2A	5D16	00	06D1	17	14373
call	2A	5D1D	2A	590B	17	14373
call	2A	5D24	00	06D1	340	14373
call	2A	5D2A	00	0464	340	14373
call	2A	5D2D	00	06D1	340	14374
call	2A	5D3E	00	06D1	17	14393
call	2A	5D4E	00	06D1	17	14393
call	2A	5D56	2A	590B	17	14393
call	2A	5D59	00	06D1	17	14393
call	2A	5D67	2A	5C8F	17	14393
call	2A	5DB0	2A	5C5B	17	14393
call	2A	5DEC	2A	594B	17	14393
call	2A	5DEF	2A	5C13	17	14394
call	2A	5DFD	2A	5C5B	17	14396
call	2A	5E31	00	20AC	14	14157
call	2A	5E44	00	06D1	14	14157
call	2A	5E4F	2A	5C5B	14	14157
call	2A	5E61	2A	590B	14	14157
call	2A	5E69	00	06D1	280	14157
call	2A	5E6F	00	0464	280	14157
call	2A	5E72	00	06D1	280	14158
call	2A	5E83	00	06D1	14	14177
call	2A	5E93	00	06D1	14	14177
call	2A	5EAE	2A	5C5B	14	14177
call	2A	5EEC	2A	594B	14	14177
call	2A	5EEF	2A	5C13	14	14178
call	2A	615F	00	06D1	5	14120
call	2A	617C	2A	590B	43	14126
call	2A	6181	00	06D1	43	14126
call	2A	618D	00	06D1	43	14126
call	2A	61B7	00	20AC	5	14301
call	2A	61BD	2A	62C5	5	14301
call	2A	61C0	00	06D1	5	14304
call	2A	6216	2A	5CD2	24	14373
call	2A	621C	2A	5E23	14	14157
call	2A	6299	2A	594B	5	14022
call	2A	62AB	2A	5A3B	5	14023
call	2A	62BD	2A	5B27	5	14024
call	2A	62C0	2A	5C13	5	14026
call	2A	62F7	00	06D1	10	14301
call	2B	4000	00	044B	22	21715
call	2B	401D	00	06D1	22	21716
call	2B	4023	00	0464	22	21716
call	2B	4027	2B	420C	22	21717
call	2B	402C	00	06D1	510	21755
call	2B	4032	00	0464	510	21755
call	2B	4035	00	06D1	510	21756
call	2B	403C	2B	43A5	510	21756
call	2B	4057	00	20AC	14	21768
call	2B	4069	00	06D1	14	21768
call	2B	406F	00	06D1	14	21768
call	2B	4075	00	06D1	14	21783
call	2B	4090	00	20AC	1	176724
call	2B	4098	2B	4743	1	176724
call	2B	40A3	00	06D1	2	137612
call	2B	4114	00	06D1	2	137612
call	2B	4133	00	06D1	2	137612
call	2B	414F	00	06D1	2	137678
call	2B	4155	00	06D1	2	137678
call	2B	4161	00	06D1	1	205754
call	2B	4173	00	20AC	1	205758
call	2B	4181	00	06D1	1	205758
call	2B	4187	00	06D1	1	205758
call	2B	418D	00	06D1	1	205758
call	2B	41A6	00	20AC	6	22344
call	2B	41AE	00	06D1	6	22344
call	2B	41B4	00	06D1	6	22344
call	2B	41CF	00	20AC	4	137592
call	2B	41E0	2B	478B	4	137592
call	2B	41F5	00	20AC	2	137752
call	2B	4206	2B	478B	2	137752
call	2B	420D	00	06D1	22	21717
call	2B	4213	00	06D1	22	21717
call	2B	4219	00	06D1	22	21717
call	2B	421F	00	06D1	22	21719
call	2B	4230	00	06D1	22	21719
call	2B	4242	00	06D1	22	21719
call	2B	4253	00	06D1	22	21720
call	2B	4265	00	06D1	22	21720
call	2B	4276	00	06D1	22	21721
call	2B	427E	00	082C	22	21721
call	2B	428B	00	06D1	22	21722
call	2B	4297	00	0A65	22	21722
call	2B	42A4	00	06D1	22	21722
call	2B	42B0	00	0A65	22	21722
call	2B	42BD	00	06D1	22	21722
call	2B	42C9	00	0A65	22	21722
call	2B	42D6	00	06D1	22	21722
call	2B	42E2	00	0A65	22	21722
call	2B	42FD	00	06D1	15	21722
call	2B	4309	00	0A65	15	21722
call	2B	430E	2B	478B	22	21722
call	2B	431B	2B	4421	22	21723
call	2B	4328	2B	45F9	22	21725
call	2B	4335	2B	4421	22	21726
call	2B	4342	2B	450D	22	21729
call	2B	434F	2B	4421	22	21731
call	2B	4352	2B	46E5	22	21733
call	2B	4355	00	06D1	22	21737
call	2B	435B	00	0464	22	21737
call	2B	435E	00	06D1	22	21738
call	2B	4364	00	044B	22	21738
call	2B	4367	00	06D1	22	21739
call	2B	4387	00	06D1	22	21755
call	2B	4399	00	20E8	22	21755
call	2B	43B1	00	0A65	293	21756
call	2B	43BE	00	06D1	293	21756
call	2B	43CA	00	0A65	293	21756
call	2B	43D9	00	0A65	84	176689
call	2B	43E6	00	06D1	84	176689
call	2B	43F2	00	0A65	84	176689
call	2B	4401	00	0A65	133	137594
call	2B	440E	00	06D1	133	137594
call	2B	441A	00	0A65	133	137594
call	2B	4437	00	06D1	336	21723
call	2B	444F	00	06D1	70	21723
call	2B	4459	2B	44E1	70	21723
call	2B	4462	00	06D1	70	21723
call	2B	4489	00	06D1	266	21726
call	2B	4492	2B	44E1	266	21726
call	2B	44C9	00	06D1	66	21723
call	2B	44DC	2B	44F5	980	21723
call	2B	44E7	00	06D1	336	21723
call	2B	44FF	00	06D1	980	21723
call	2B	45B5	00	06D1	22	21729
call	2B	45C8	2B	45E1	550	21729
call	2B	45EB	00	06D1	550	21729
call	2B	460F	00	06D1	45	21725
call	2B	4627	00	06D1	45	21725
call	2B	4631	2B	46B9	45	21725
call	2B	463A	00	06D1	45	21725
call	2B	46A1	00	06D1	22	21725
call	2B	46B4	2B	46CD	284	21725
call	2B	46BF	00	06D1	45	21725
call	2B	46D7	00	06D1	284	21725
call	2B	46F9	2B	4723	22	21733
call	2B	4704	2B	4723	22	21734
call	2B	470F	2B	4723	22	21735
call	2B	471A	2B	4723	22	21736
call	2B	4743	00	06D1	1	176724
call	2B	4749	00	06D1	1	176724
call	2B	475F	00	06D1	1	176739
call	2B	476E	00	06D1	2	177654
call	2B	4778	00	06D1	2	178770
call	2B	47A8	00	06D1	28	21722
call	2B	47C2	00	06D1	28	21722
call	2C	401B	00	06D1	7	116474
call	2C	4023	2C	414C	7	116474
call	2C	4029	2C	410F	70	116499
call	2C	4035	2C	4972	3	127238
call	2C	4043	00	06D1	132	116499
call	2C	4049	00	0464	132	116499
call	2C	404C	00	06D1	132	116500
call	2C	4053	2C	42EB	132	116500
call	2C	405C	2C	493F	4	116508
call	2C	4063	00	06D1	6	127130
call	2C	4069	00	0464	6	127130
call	2C	406C	00	06D1	6	127131
call	2C	40C5	2C	40D4	1	202852
call	2C	40E0	00	20AC	1	202852
call	2C	411C	2C	4441	34	116499
call	2C	4129	2C	4441	40	127238
call	2C	414D	00	06D1	7	116474
call	2C	4153	00	06D1	7	116474
call	2C	4159	00	06D1	7	116474
call	2C	415F	00	06D1	7	116476
call	2C	4165	00	06D1	7	116480
call	2C	4177	00	06D1	7	116480
call	2C	4189	00	06D1	7	116480
call	2C	419B	00	06D1	7	116480
call	2C	41AC	00	06D1	7	116480
call	2C	41BD	00	06D1	7	116480
call	2C	41CE	00	06D1	7	116480
call	2C	41DE	00	06D1	7	116480
call	2C	41EE	00	06D1	7	116480
call	2C	41FA	00	0A65	7	116480
call	2C	4208	00	082C	7	116480
call	2C	4228	00	06D1	3	127234
call	2C	4252	00	20E8	3	127234
call	2C	425B	2C	42EB	7	116480
call	2C	425E	00	06D1	7	116480
call	2C	4270	2C	431D	7	116480
call	2C	4273	2C	4404	7	116481
call	2C	4281	00	20E8	7	116482
call	2C	4299	00	047A	3	127237
call	2C	429F	00	06D1	3	127238
call	2C	42A6	00	0392	3	127238
call	2C	42B4	00	06D1	4	116482
call	2C	42BA	00	0464	4	116482
call	2C	42BD	00	06D1	4	116483
call	2C	42DD	00	06D1	4	116499
call	2C	4333	00	06D1	194	126249
call	2C	434B	00	06D1	194	126249
call	2C	4355	2C	43D8	194	126249
call	2C	435E	00	06D1	194	126249
call	2C	43C0	00	06D1	54	116480
call	2C	43D3	2C	43EC	692	116480
call	2C	43DE	00	06D1	194	126249
call	2C	43F6	00	06D1	692	116480
call	2C	4418	2C	4421	54	116481
call	2C	4442	2C	4475	168	116499
call	2C	44EA	00	20AC	30	126229
call	2C	44FD	00	06D1	30	126229
call	2C	4504	2C	42EB	30	126229
call	2C	450B	00	06D1	470	126229
call	2C	4511	00	0464	470	126229
call	2C	4514	00	06D1	470	126230
call	2C	452D	00	06D1	30	126249
call	2C	453D	00	06D1	30	126249
call	2C	4545	2C	42EB	30	126249
call	2C	4548	00	06D1	30	126249
call	2C	4556	2C	4475	30	126249
call	2C	459F	2C	4441	30	126249
call	2C	45DB	2C	431D	30	126249
call	2C	45DE	2C	4404	30	126251
call	2C	45EC	2C	4441	30	126252
call	2C	4620	00	20AC	17	126254
call	2C	4633	00	06D1	17	126254
call	2C	463E	2C	4441	17	126254
call	2C	4650	2C	42EB	17	126254
call	2C	4658	00	06D1	301	126254
call	2C	465E	00	0464	301	126254
call	2C	4661	00	06D1	301	126255
call	2C	467A	00	06D1	17	126274
call	2C	468A	00	06D1	17	126274
call	2C	46A5	2C	4441	17	126274
call	2C	46E3	2C	431D	17	126274
call	2C	46E6	2C	4404	17	126275
call	2C	4956	00	06D1	4	116508
call	2C	4973	2C	42EB	54	116514
call	2C	4978	00	06D1	54	116514
call	2C	4982	00	06D1	54	116514
call	2C	49D3	2C	44B8	30	126229
call	2C	49D8	2C	4A05	17	126254
call	2C	49E3	2C	4612	17	126254
call	2D	4000	2D	46A8	8	103231
call	2D	4003	00	06D1	8	103231
call	2D	4019	00	06D1	8	103231
call	2D	4027	00	06D1	5	116474
call	2D	4031	00	06D1	4	127146
call	2D	4088	00	06D1	2	129162
call	2D	412C	00	06D1	3	82646
call	2D	473C	00	06D1	6	127146
call	2D	4742	2D	499E	6	127146
call	2D	4745	2D	4F03	6	127191
call	2D	474B	2D	497C	42	127191
call	2D	4755	2D	48EE	144	127191
call	2D	475D	00	06D1	326	127191
call	2D	4763	00	0464	326	127191
call	2D	4766	00	06D1	326	127192
call	2D	476D	2D	4CA5	326	127192
call	2D	4777	2D	5691	8	127452
call	2D	487A	00	20AC	3	127212
call	2D	4882	00	06D1	3	127212
call	2D	4888	00	0464	3	127212
call	2D	488B	00	06D1	3	127213
call	2D	48A6	2D	4942	5	127548
call	2D	48AD	2D	4968	2	127500
call	2D	4912	2D	4E8C	98	127191
call	2D	491F	2D	4E8C	48	178815
call	2D	494E	00	20AC	5	127548
call	2D	4974	00	20AC	2	127500
call	2D	4981	2D	4EC0	44	127191
call	2D	499E	00	06D1	6	127146
call	2D	49A4	00	06D1	6	127146
call	2D	49AA	2D	4E06	6	127146
call	2D	49AD	00	06D1	6	127148
call	2D	49BF	00	06D1	6	127149
call	2D	49D1	00	06D1	6	127149
call	2D	49E3	00	06D1	6	127149
call	2D	49F4	00	06D1	6	127149
call	2D	4A05	00	06D1	6	127149
call	2D	4A16	00	06D1	6	127149
call	2D	4A26	00	06D1	6	127149
call	2D	4A32	00	0A65	6	127149
call	2D	4A3F	00	06D1	6	127149
call	2D	4A4B	00	0A65	6	127149
call	2D	4A50	00	082C	6	127149
call	2D	4A59	00	06D1	6	127149
call	2D	4A5F	2D	5016	6	127149
call	2D	4A64	2D	4EC0	6	127153
call	2D	4A6E	2D	4F2F	6	127153
call	2D	4A73	2D	4EC0	6	127155
call	2D	4A7E	2D	4F2F	6	127155
call	2D	4A83	2D	4EC0	6	127157
call	2D	4A8E	2D	4F2F	6	127157
call	2D	4A93	2D	4EC0	6	127159
call	2D	4A9E	2D	4F2F	6	127159
call	2D	4AA3	2D	4EC0	6	127161
call	2D	4AAE	2D	4F2F	6	127161
call	2D	4AB3	2D	4EC0	6	127163
call	2D	4ABE	2D	4F2F	6	127163
call	2D	4AC3	2D	4EC0	6	127165
call	2D	4ACE	2D	4F2F	6	127165
call	2D	4AD3	2D	4EC0	6	127168
call	2D	4ADE	2D	4F2F	6	127168
call	2D	4AE1	2D	5016	6	127170
call	2D	4AEF	00	20E8	6	127174
call	2D	4AF6	00	06D1	6	127174
call	2D	4AFC	00	0464	6	127174
call	2D	4AFF	00	06D1	6	127175
call	2D	4B1F	00	06D1	6	127191
call	2D	4E8D	2D	4EC0	340	127191
call	2D	4F06	2D	4EC0	6	127191
call	2D	4F45	00	06D1	432	127761
call	2D	4F5D	00	06D1	432	127761
call	2D	4F67	2D	4FEA	432	127761
call	2D	4F70	00	06D1	432	127761
call	2D	4FD2	00	06D1	153	127153
call	2D	4FE5	2D	4FFE	2808	127153
call	2D	4FF0	00	06D1	432	127761
call	2D	5008	00	06D1	2808	127153
call	2D	502A	2D	5054	139	10749
call	2D	5035	2D	5054	139	10750
call	2D	5040	2D	5054	139	10751
call	2D	504B	2D	5054	139	10752
call	2D	508D	2D	4EC0	87	127763
call	2D	50BE	2D	4EC0	59	127741
call	2D	510E	00	20AC	59	127741
call	2D	5125	00	06D1	59	127741
call	2D	512C	2D	4CA5	59	127741
call	2D	5133	00	06D1	861	127741
call	2D	5139	00	0464	861	127741
call	2D	513C	00	06D1	861	127742
call	2D	5155	00	06D1	59	127761
call	2D	5165	00	06D1	59	127761
call	2D	516E	2D	4E8C	59	127761
call	2D	51A1	2D	51EB	59	127761
call	2D	51C5	2D	4E8C	59	127767
call	2D	51ED	2D	5210	62	127761
call	2D	51F0	2D	508C	62	127763
call	2D	5207	2D	5210	18	179810
call	2D	520C	2D	5016	59	127763
call	2D	5212	2D	4EC0	105	127761
call	2D	5226	2D	4F2F	105	127761
call	2D	536A	00	20AC	25	128053
call	2D	537D	00	06D1	25	128053
call	2D	5388	2D	4E8C	25	128053
call	2D	539A	2D	4CA5	25	128053
call	2D	53A2	00	06D1	402	128053
call	2D	53A8	00	0464	402	128053
call	2D	53AB	00	06D1	402	128054
call	2D	53C4	00	06D1	25	128073
call	2D	53D4	00	06D1	25	128073
call	2D	53E4	2D	4E8C	1	204428
call	2D	53EF	2D	4E8C	25	128073
call	2D	5428	2D	542D	25	128073
call	2D	5432	2D	5210	25	128073
call	2D	5435	2D	4E8C	25	128075
call	2D	5448	2D	508C	25	128075
call	2D	5469	2D	5016	25	128075
call	2D	56AA	00	06D1	10	127452
call	2D	56C7	2D	4CA5	94	127458
call	2D	56CA	00	06D1	94	127458
call	2D	56D4	00	06D1	94	127458
call	2D	572E	2D	50B8	59	127741
call	2D	5737	2D	5A7B	30	127477
call	2D	5744	2D	535C	25	128053
call	2D	5750	00	06D1	5	127477
call	2D	57A1	2D	4CA5	8	128906
call	2D	57DB	00	06D1	8	128906
call	2D	57F8	00	06D1	8	128910
call	2D	5802	00	06D1	8	128910
call	2D	5822	2D	5A98	2	179326
call	2D	5830	2D	5A98	6	128950
call	2D	5838	00	06D1	6	128952
call	2D	5875	00	06D1	6	128952
call	2D	587C	00	06D1	6	128970
call	2D	589C	00	06D1	2	129162
call	2D	58AE	00	20AC	2	129165
call	2D	58B6	00	06D1	2	129165
call	2D	58BC	00	06D1	2	129165
call	2D	58CC	2D	5A98	4	128970
call	2D	5AA4	00	06D1	12	128950
call	2D	5AB6	00	06D1	12	128951
call	2D	65E0	00	06D1	9	103231
call	2D	65E6	00	0464	9	103231
call	2D	65EB	2D	68A9	9	103232
call	2D	65F1	2D	681C	576	103265
call	2D	6604	00	06D1	354	103266
call	2D	660A	00	0464	354	103266
call	2D	660D	00	06D1	354	103266
call	2D	6614	2D	6A4C	354	103266
call	2D	661E	2D	6ECE	10	103284
call	2D	664D	00	06D1	1	202610
call	2D	666B	00	06D1	5	116458
call	2D	6671	00	0464	5	116458
call	2D	6674	00	06D1	5	116459
call	2D	6685	00	06D1	4	116474
call	2D	668B	00	06D1	4	116474
call	2D	6694	00	06D1	3	115069
call	2D	66AE	00	20AC	3	206030
call	2D	676F	2D	684F	3	206030
call	2D	6775	00	06D1	3	206030
call	2D	677B	00	06D1	3	206030
call	2D	67BC	2D	67E1	4	176868
call	2D	67C3	2D	6808	4	206268
call	2D	67ED	00	20AC	4	176868
call	2D	6814	00	20AC	4	206268
call	2D	682B	2D	6CAC	517	103265
call	2D	6838	2D	6CAC	64	176772
call	2D	68AE	00	06D1	9	103232
call	2D	68B4	00	06D1	9	103232
call	2D	68BA	00	06D1	9	103232
call	2D	68C0	2D	6C64	9	103234
call	2D	68CF	00	06D1	9	103236
call	2D	68E1	00	06D1	9	103237
call	2D	68F3	00	06D1	9	103237
call	2D	6905	00	06D1	9	103238
call	2D	6916	00	06D1	9	103239
call	2D	6926	00	06D1	9	103239
call	2D	6936	00	06D1	9	103239
call	2D	693E	00	082C	9	103239
call	2D	6944	2D	6A4C	9	103240
call	2D	6950	2D	6A96	9	103240
call	2D	695C	2D	6B7D	9	103242
call	2D	6968	2D	6A96	9	103244
call	2D	696B	2D	6C64	9	103246
call	2D	69BE	00	06D1	9	103248
call	2D	69CF	00	06D1	9	103248
call	2D	69D5	00	06D1	9	103248
call	2D	6A07	00	06D1	9	103248
call	2D	6A0D	00	0464	9	103248
call	2D	6A10	00	06D1	9	103249
call	2D	6A30	00	06D1	9	103265
call	2D	6A41	00	20E8	9	103265
call	2D	6AAC	00	06D1	404	103361
call	2D	6AFE	00	06D1	404	103361
call	2D	6B07	2D	6B51	404	103361
call	2D	6B39	00	06D1	83	103240
call	2D	6B4C	2D	6B65	1339	103240
call	2D	6B57	00	06D1	404	103361
call	2D	6B6F	00	06D1	1339	103240
call	2D	6B93	00	06D1	55	116012
call	2D	6BE5	00	06D1	55	116012
call	2D	6BEE	2D	6C38	55	116012
call	2D	6C20	00	06D1	20	103242
call	2D	6C33	2D	6C4C	445	103242
call	2D	6C3E	00	06D1	55	116012
call	2D	6C56	00	06D1	445	103242
call	2D	6C78	2D	6C8C	93	103234
call	2D	6C83	2D	6C8C	93	103235
call	2D	6CAD	2D	6CDF	731	103265
call	2D	6D52	00	20AC	64	103341
call	2D	6D65	00	06D1	64	103341
call	2D	6D6C	2D	6A4C	64	103341
call	2D	6D76	00	06D1	925	103341
call	2D	6D7C	00	0464	925	103341
call	2D	6D7F	00	06D1	925	103342
call	2D	6D98	00	06D1	64	103361
call	2D	6DA8	00	06D1	64	103361
call	2D	6DB0	2D	6A4C	64	103361
call	2D	6DB3	00	06D1	64	103361
call	2D	6DBC	2D	6CAC	64	103361
call	2D	6DE2	2D	6F7B	64	103361
call	2D	6DEA	2D	6CAC	64	103365
call	2D	6E11	00	20AC	11	115341
call	2D	6E24	00	06D1	11	115341
call	2D	6E2F	2D	6CAC	11	115341
call	2D	6E41	2D	6A4C	11	115341
call	2D	6E49	00	06D1	148	115341
call	2D	6E4F	00	0464	148	115341
call	2D	6E52	00	06D1	148	115342
call	2D	6E6B	00	06D1	11	115356
call	2D	6E7B	00	06D1	11	115356
call	2D	6E82	2D	6A4C	11	115356
call	2D	6E99	2D	6CAC	11	115356
call	2D	6EC9	2D	7046	11	115356
call	2D	6EE5	00	06D1	10	103284
call	2D	6F02	2D	6A4C	85	103290
call	2D	6F07	00	06D1	85	103290
call	2D	6F11	00	06D1	85	103290
call	2D	6F52	2D	6D21	64	103341
call	2D	6F5B	2D	702A	3	115056
call	2D	6F63	00	06D1	3	115056
call	2D	6F74	2D	6E03	11	115341
call	2D	6F7D	2D	702A	64	103361
call	2D	6F8D	2D	6A96	53	103361
call	2D	6FAC	2D	702A	10	116012
call	2D	6FBC	2D	6B7D	10	116012
call	2D	6FE0	2D	702A	1	115948
call	2D	6FF0	2D	6A96	1	115948
call	2D	6FFC	2D	6B7D	1	115950
call	2D	7025	2D	6C64	64	103363
call	2D	7047	2D	702A	11	115356
call	2D	7057	2D	6A96	11	115356
call	2D	70EF	2D	6C64	11	115358
call	2E	401A	00	06D1	2	184621
call	2E	4020	2E	4B2E	2	184621
call	2E	403F	2E	538B	2	184648
call	2E	404C	00	06D1	2	184650
call	2E	4058	00	0A65	2	184650
call	2E	405B	00	06D1	2	184650
call	2E	4061	00	06D1	2	184650
call	2E	4068	00	06D1	58	184650
call	2E	406F	00	0464	58	184650
call	2E	4072	00	06D1	58	184650
call	2E	4078	2E	55FA	58	184650
call	2E	4082	00	06D1	58	184651
call	2E	40A8	00	06D1	2	184679
call	2E	41EA	00	06D1	2	184680
call	2E	41F5	00	06D1	2	184680
call	2E	41FB	2E	533C	2	184680
call	2E	41FF	00	06D1	2	184684
call	2E	4205	00	06D1	2	184684
call	2E	4217	00	06D1	2	184684
call	2E	421D	2E	55FA	2	184684
call	2E	4239	00	06D1	2	184684
call	2E	4242	00	044B	30	184697
call	2E	4245	00	06D1	30	184698
call	2E	4259	00	06D1	2	184698
call	2E	4274	2E	55FA	2	184704
call	2E	427A	00	0464	2	184704
call	2E	4281	2E	55FA	2	184705
call	2E	4284	00	06D1	2	184705
call	2E	428A	00	06D1	2	184705
call	2E	4B2E	00	06D1	2	184621
call	2E	4B34	00	06D1	2	184621
call	2E	4B3A	00	06D1	2	184621
call	2E	4B40	00	06D1	2	184623
call	2E	4B46	00	06D1	2	184629
call	2E	4B5E	00	06D1	2	184630
call	2E	4B6F	00	06D1	2	184630
call	2E	4B81	00	06D1	2	184630
call	2E	4B93	00	06D1	2	184630
call	2E	4BA5	00	06D1	2	184630
call	2E	4BB7	00	06D1	2	184630
call	2E	4BC9	00	06D1	2	184630
call	2E	4BDB	00	06D1	2	184630
call	2E	4BEC	00	06D1	2	184630
call	2E	4BF4	00	082C	2	184630
call	2E	4C02	00	06D1	2	184630
call	2E	4C0A	00	082C	2	184630
call	2E	4C0D	00	06D1	2	184630
call	2E	4C13	2E	55FA	2	184630
call	2E	4C21	00	20E8	2	184631
call	2E	4C28	00	06D1	2	184631
call	2E	4C2E	00	0464	2	184631
call	2E	4C31	00	06D1	2	184631
call	2E	4C51	00	06D1	2	184648
call	2E	5360	00	06D1	2	184681
call	2E	536E	00	06D1	2	184682
call	2E	537C	00	06D1	2	184683
call	2E	539C	00	06D1	2	184648
call	2E	53A2	2E	5478	2	184649
call	2E	548C	00	06D1	2	184649
call	2E	568C	00	06D1	5	184630
call	2E	56AD	00	06D1	5	184630
call	2E	56C8	00	082C	5	184630
call	48	404E	00	1620	6885	3136
call	48	4057	00	1620	6346	3136
call	48	406F	00	06D1	6346	3136
call	48	40D6	00	1620	4036	1067
call	48	40E4	00	1620	3783	1067
call	48	4114	00	06D1	3783	1067
call	48	4188	00	0BFC	1309	682
call	48	41A1	00	1620	19228	682
call	48	41AF	00	1620	17919	682
call	48	41CF	00	06D1	17919	682
call	48	4292	00	06D1	3	7624
call	48	4298	00	0392	3	7625
call	48	42AB	00	06D1	3	7625
call	48	42D5	00	1620	562	680
call	48	42F2	00	1620	562	680
call	48	42FA	00	1620	562	680
call	48	430A	00	1620	3984	680
call	48	4311	00	1620	3422	680
call	48	432D	00	1620	562	680
call	48	4335	00	1620	562	680
call	48	4344	00	1620	14051	680
call	48	434B	00	1620	13489	680
call	48	4377	48	4460	562	680
call	48	43A3	00	06D1	562	682
call	48	43C5	00	06D1	562	682
call	48	43CF	48	440A	562	682
call	48	43D6	00	0392	562	682
call	48	43E5	00	06D1	562	682
call	48	43EB	00	0392	562	683
call	48	43FA	00	06D1	562	683
call	48	4474	00	04D8	976	680
call	48	4477	00	0392	976	680
call	48	4486	00	06D1	976	680
call	48	448C	00	0392	976	681
call	48	449B	00	06D1	976	681
call	48	44F8	00	050C	52	3119
call	48	4504	00	050C	52	3119
call	48	4511	48	459D	52	3119
call	48	4514	00	06D1	52	3119
call	48	451A	00	05B6	52	3120
call	48	451D	00	047A	468	3120
call	48	4523	00	06D1	468	3121
call	48	452A	00	0392	468	3121
call	48	452D	00	06D1	468	3121
call	48	4655	48	495C	435	654
call	48	46B6	00	06D1	769	662
call	48	46E1	00	050C	358	724
call	48	46EE	00	06D1	358	724
call	48	46F4	00	06D1	358	724
call	48	46FA	00	047A	8564	725
call	48	4700	00	06D1	8561	726
call	48	4707	00	0392	8561	726
call	48	470A	48	4223	8561	726
call	48	4715	00	06D1	2139	729
call	48	472E	00	06D1	44	1070
call	48	4737	00	06D1	44	1070
call	48	47D1	00	0622	32611	682
call	48	47E9	00	0622	32611	682
call	48	4899	48	48E1	36	326
call	48	48A1	00	1620	36	326
call	48	48AA	00	1620	36	326
call	48	48EF	00	1620	7536	326
call	48	4909	00	1620	26376	326
call	48	495C	48	48E1	435	654
call	48	498C	00	06D1	19	7288
call	48	4999	00	1620	19	7288
call	48	49C8	00	1620	19	7288
call	48	49D2	00	06D1	19	7288
call	48	49DB	00	06D1	35	755
call	48	49E8	00	1620	35	755
call	48	4A3B	00	1620	35	755
call	48	4A45	00	06D1	35	755
call	48	4A4E	00	06D1	44	654
call	48	4A5B	00	1620	44	654
call	48	4A79	00	1620	44	654
call	48	4A83	00	06D1	44	654
call	4C	4003	00	06D1	40	5980
call	4C	400D	00	0545	40	5980
call	4C	4065	00	06D1	2	60458
call	4C	40E4	00	06D1	2	60458
call	4C	40F8	00	06D1	2	60475
call	4C	40FE	00	06D1	2	60568
call	4C	4104	00	06D1	2	60568
call	4C	4126	00	06D1	2	60568
call	4C	4138	00	06D1	6	27867
call	4C	413E	00	06D1	1167	27867
call	4C	414E	00	06D1	1161	27867
call	4C	4159	00	06D1	220	28062
call	4C	4171	00	06D1	6	28079
call	4C	4189	00	06D1	1	64393
call	4C	418F	00	06D1	2	64393
call	4C	419F	00	06D1	1	64393
call	4C	41B5	00	06D1	1	64394
call	4C	41BB	00	06D1	123	64395
call	4C	41CB	00	06D1	122	64395
call	4C	41FD	00	06D1	106	64516
call	4C	4268	00	06D1	27	6241
call	4C	42A0	00	050C	40	5980
call	4C	42A9	00	06D1	1	144052
call	4C	42AF	00	06D1	1	144052
call	4C	42C2	00	06D1	1	144055
call	4C	42C8	00	06D1	1	144071
call	4C	42D0	00	06D1	1	144071
call	4C	42D8	00	06D1	1	144071
call	4C	42E1	00	06D1	39	5980
call	4C	42E7	00	06D1	39	5996
call	4C	42F0	00	0545	39	5996
call	4C	42FC	00	06D1	16	59355
call	4C	4320	00	06D1	23	5996
call	4C	4332	00	06D1	10	27822
call	4C	433A	00	06D1	10	27822
call	4C	4359	00	06D1	10	27848
call	4C	435F	00	06D1	1408	27848
call	4C	436F	00	06D1	1404	27848
call	4C	439E	00	06D1	4	60422
call	4C	43A4	00	06D1	116	60422
call	4C	43B4	00	06D1	112	60422
call	4C	43CD	00	0392	5	60450
call	4C	43DF	00	050C	5	60450
call	4C	43EB	00	050C	5	60450
call	4C	43EE	00	0392	5	60450
call	4C	4467	00	0392	5	60450
call	4C	4479	00	0622	5	60450
call	4C	447D	00	04D8	5	60450
call	4C	4480	00	0392	5	60451
call	4C	4483	4C	46A6	5	60451
call	4C	44AD	00	06D1	5	60451
call	4C	44BA	00	06D1	103	60451
call	4C	44CA	00	06D1	99	60451
call	4C	4537	00	06D1	2	143825
call	4C	455E	00	06D1	2	143825
call	4C	4564	00	06D1	2	143826
call	4C	4571	00	06D1	1	143830
call	4C	457A	00	0545	1	143830
call	4C	4624	00	06D1	66	143830
call	4C	4634	00	06D1	1	143913
call	4C	46A6	00	0392	26	18383
call	4C	46BD	00	0545	13	27822
call	4C	46C6	00	06D1	9	60126
call	4C	46CF	00	06D1	4	27822
call	4C	46DB	00	0545	3756	27822
call	4C	46E4	00	06D1	2872	60126
call	4C	46ED	00	06D1	884	27822
call	4C	47C6	00	06D1	2	60568
call	4C	47CE	00	06D1	2	60568
call	4C	47D4	00	06D1	2	60600
call	4C	47DA	00	06D1	242	60600
call	4C	47E9	00	06D1	240	60600
call	4C	4813	00	06D1	212	60720
call	4C	482C	00	06D1	2	60844
call	4C	485B	00	050C	1	143830
call	4C	485E	00	0392	1	143830
call	4C	4870	00	050C	1	143830
call	4C	488A	00	06D1	1	143830
call	4C	48A2	00	0392	1	143830
call	4C	48AD	00	0622	1	143830
call	4C	4B6F	00	04D8	39	5980
call	4C	4B78	00	0392	39	5980
call	4C	4B81	00	0622	1	144052
call	4C	4B9D	00	050C	1	144052
call	4C	4BBD	00	0392	1	144052
call	4C	4C03	00	0392	8	144052
call	4C	4C11	00	0622	8	144052
call	4C	4C19	00	050C	8	144052
call	4C	4C20	00	063D	8	144052
call	4C	4C27	00	050C	8	144052
call	4C	4C4E	00	0392	39	5977
call	4C	4C74	00	04D8	39	5977
call	4C	4C77	00	0392	39	5978
call	4C	4C88	00	04D8	39	5978
call	4C	4C91	00	0392	39	5980
call	4C	4CC2	4C	4C03	1	144052
call	4C	4DFB	00	0392	38	18384
call	4C	4F06	00	0392	38	18384
call	4C	4F59	4C	46A6	21	18383
call	4C	4F5F	00	06D1	21	18383
call	4C	4F69	00	06D1	21	18383
call	4C	4F82	00	04D8	21	18394
call	4C	4F8F	00	06D1	21	18395
call	4C	4F9B	00	06D1	36	18417
call	4C	4FA8	00	09E6	36	18417
call	4C	4FAE	00	09E6	36	18417
call	4C	4FBB	00	09E6	36	18417
call	4C	4FBE	00	06D1	36	18417
call	4C	4FC8	00	06D1	36	18453
call	4C	4FCE	00	06D1	36	18453
call	4C	4FD4	00	06D1	36	18453
call	4C	4FDD	00	06D1	882	18469
call	4C	4FE3	00	044B	882	18469
call	4C	4FE6	00	06D1	882	18470
call	4C	4FEC	00	06D1	882	18470
call	4C	4FF2	00	056A	882	18470
call	4C	500C	00	06D1	17	41004
call	4C	5015	00	06D1	10	165200
call	4C	5029	00	06D1	8	41052
call	4C	5055	00	06D1	8	41052
call	4C	505E	00	06D1	8	41052
call	4C	506E	00	20AC	8	41052
call	4C	5079	00	06D1	8	41052
call	4C	507F	00	06D1	8	41060
call	4C	5094	00	050C	8	41076
call	4C	509E	00	06D1	24	18476
call	4C	50B2	00	20AC	7	41148
call	4C	50BC	00	06D1	7	41148
call	4C	50C2	00	06D1	7	41160
call	4C	50D7	00	050C	7	41176
call	4C	50ED	00	20AC	21	18476
call	4C	50F6	00	06D1	21	18476
call	4C	50FC	00	06D1	21	18491
call	4C	5102	00	06D1	20	18506
call	4C	5112	00	06D1	315	18476
call	4C	5118	00	044B	315	18476
call	4C	5131	00	0622	36	18383
call	4C	5135	00	04D8	36	18383
call	4C	5138	00	0392	36	18383
call	4C	5141	00	06D1	8	41053
call	4C	5156	00	050C	36	18383
call	4C	516F	00	06D1	36	18383
call	4C	5175	00	0392	36	18384
call	4C	5178	00	06D1	36	18384
call	4C	5181	00	06D1	36	18384
call	4C	518E	00	06D1	36	18387
call	4C	5194	00	06D1	36	18387
call	4C	51BC	00	050C	36	18387
call	4C	51CE	00	050C	36	18387
call	4C	51E3	00	06D1	36	18387
call	4C	5203	00	0622	36	18387
call	4C	5279	00	0622	8	41053
call	4C	528D	00	050C	8	41053
call	4C	52A9	00	063D	24	18476
call	4C	52D9	00	050C	7	41148
call	4E	46C6	00	06D1	42	5975
call	4E	46E6	4E	4739	92	326
call	4E	46FE	4E	4739	92	326
call	4E	4707	4E	4739	92	327
call	4E	4739	00	0392	522	22
call	4E	47AC	4E	4739	82	22
call	4E	47C8	4E	4739	82	22
call	4E	47D1	4E	4739	82	22
call	4E	48BC	00	06D1	23	5977
call	4E	48D3	00	06D1	15	59336
call	4E	48EF	00	06D1	15	59336
call	4E	48FB	00	06D1	15	59336
call	4E	4943	00	06D1	1	61221
call	4E	4962	00	06D1	39	5977
call	4E	4968	00	06D1	39	5980
call	4E	4983	00	06D1	39	5980
call	4E	4990	00	0545	36	6241
call	4E	49A1	00	06D1	1	143919
call	4E	49A7	00	06D1	1	143919
call	4E	49B7	4E	5423	1	143942
call	4E	49BA	00	06D1	1	143942
call	4E	49C4	00	06D1	1	143975
call	4E	49CA	00	06D1	1	143975
call	4E	49D0	00	06D1	1	143977
call	4E	49D6	00	06D1	1	143977
call	4E	49ED	00	20E8	1	143994
call	4E	4A47	00	06D1	1	143994
call	4E	4ABE	00	06D1	35	143994
call	4E	4AC4	00	06D1	35	143994
call	4E	4ACA	00	06D1	35	143994
call	4E	4AD0	00	044B	35	143994
call	4E	4AD3	00	06D1	35	143995
call	4E	4AD9	00	06D1	35	143995
call	4E	4ADF	00	056A	35	143995
call	4E	4AF9	00	06D1	2	144012
call	4E	4B19	00	06D1	1	144052
call	4E	4B23	00	0392	1	144052
call	4E	4B48	00	06D1	1	144052
call	4E	4B51	00	06D1	1	144052
call	4E	4B61	00	20AC	1	144052
call	4E	4B72	00	06D1	1	144052
call	4E	4FF6	00	06D1	2	60568
call	4E	5003	00	06D1	2	60844
call	4E	5009	00	06D1	35	6241
call	4E	520E	00	0622	37	18417
call	4E	522B	00	050C	37	18417
call	4E	522E	00	06D1	37	18417
call	4E	5260	00	0392	37	18417
call	4E	5267	00	06D1	37	18417
call	4E	526D	00	06D1	37	18418
call	4E	52E7	00	06D1	37	18417
call	4E	52ED	00	06D1	37	18420
call	4E	5331	00	06D1	37	18420
call	4E	5337	00	06D1	37	18420
call	4E	533D	00	06D1	37	18440
call	4E	5345	00	07CB	37	18452
call	4E	53B9	00	06D1	2	166691
call	4E	53C4	00	06D1	2	166691
call	4E	53CA	00	06D1	2	166692
call	4E	53F7	00	06D1	2	166672
call	4E	5405	00	06D1	2	166672
call	4E	540B	00	06D1	2	166673
call	4E	5452	00	06D1	23	41004
call	4E	547D	00	0392	363	41004
call	4E	54FF	4E	57DC	23	41004
call	4E	551A	00	06D1	9	41052
call	4E	5545	00	0392	39	41052
call	4E	55F0	00	06D1	27	41004
call	4E	561D	00	0392	415	41004
call	4E	56E2	4E	55E8	11	41004
call	4E	56E8	00	06D1	8	144032
call	4E	56FC	4E	544A	11	41004
call	4E	570D	00	06D1	19	41006
call	4E	571B	4E	55E8	10	165200
call	4E	5721	00	06D1	2	166672
call	4E	572A	4E	55E8	2	166676
call	4E	5733	4E	544A	8	165200
call	4E	573B	4E	55E8	4	165225
call	4E	5741	4E	544A	4	165225
call	4E	5744	00	06D1	10	165202
call	4E	576F	00	0392	646	18420
call	4E	57CC	4E	57DC	436	18420
call	4E	57DC	00	0392	459	18420
call	4E	59F6	00	1408	459	18420
call	4E	5A0C	00	0622	459	18420
call	4E	5A0F	00	050C	459	18420
call	4E	5A4A	00	06D1	459	18420
call	4E	5A5F	00	0622	459	18422
call	4E	5B7C	00	0392	380	166672
call	4E	5BF1	00	0392	2	166673
call	4E	5C0C	00	04D8	2	166673
call	4E	5C23	00	0392	380	166691
call	4E	5C97	00	0392	2	166692
call	4E	5CA1	00	04D8	2	166692
call	4E	5CD0	00	06D1	1	143939
call	4E	5CE2	00	06D1	1	143940
call	4E	5CF2	00	06D1	1	143941
call	4E	5D07	00	06D1	21	18414
call	4E	5D19	00	06D1	21	18415
call	4E	5D29	00	06D1	21	18416
call	4E	5D6C	00	0A65	22	18416
call	4E	5E95	00	0D4D	64	18400
call	4E	5EA4	00	0D92	64	18400
call	4E	5EC6	00	0A65	66	18453
call	4E	5ECC	00	09E6	66	18453
call	4E	5ED2	00	09E6	66	18453
call	4E	5ED5	00	06D1	66	18453
call	4E	5EEA	4E	5F58	2	166690
call	4E	5F0F	00	06D1	3	143975
call	4E	5F50	00	06D1	45	18453
call	4E	5FB1	00	06D1	2	166690
call	4E	5FB9	00	06D1	35	143994
call	4E	6005	4E	6024	17	144025
call	4E	600A	4E	6034	17	144025
call	4E	6018	4E	6024	18	143994
call	4E	601D	4E	6034	18	143994
call	4E	602E	4E	6034	70	143994
call	4E	6057	00	06D1	2	143975
call	4E	6065	00	0A45	2	143975
call	4E	60AF	00	06D1	59	18412
call	4E	60BE	00	06D1	59	18413
call	4E	60CE	00	06D1	88	18400
call	4E	60DD	00	06D1	88	18405
call	4E	6104	00	06D1	59	18400
call	4E	6115	00	06D1	59	18400
call	4E	6124	00	06D1	59	18400
call	4E	614B	00	06D1	59	18400
call	4E	615C	00	06D1	59	18400
call	4E	616B	00	06D1	59	18400
call	4E	6196	00	05BD	22	18395
call	4E	61AC	00	06D1	22	18396
call	4E	61B2	00	05B6	22	18396
call	4E	61C1	00	06D1	22	18396
call	4E	61EF	00	06D1	22	18397
call	4E	6203	00	06D1	22	18398
call	4E	6218	00	06D1	22	18399
call	4E	622D	00	06D1	22	18399
call	4E	6243	00	06D1	22	18399
call	4E	6258	00	06D1	22	18400
call	4E	625F	00	06D1	22	18400
call	4E	6265	00	06D1	22	18400
call	4E	626B	00	06D1	22	18400
call	4E	6271	00	06D1	22	18400
call	4E	6277	00	06D1	22	18412
call	4E	627D	00	06D1	22	18414
call	4E	6285	00	07CB	22	18416
call	4F	4008	00	06BC	2701	26
call	4F	4012	4F	4021	52	3112
call	4F	401D	4F	4021	52	3112
call	4F	404F	4F	405E	29230	29
call	4F	405A	4F	405E	29230	29
call	4F	40DA	4F	4146	1195604	27
call	4F	40E9	4F	4146	1195604	27
call	4F	4108	4F	4146	1195604	27
call	4F	414B	4F	4153	2060345	27
call	4F	4191	00	0545	2671	27
call	4F	4230	00	0545	22746	27
call	4F	427C	00	0392	22746	27
call	4F	427F	4F	4083	1455701	27
call	4F	4284	00	0392	1455699	27
call	4F	42CA	00	050C	1258	27
call	4F	42D7	4F	4166	1258	27
call	4F	42DA	4F	41E0	1258	27
call	4F	42DD	00	05B6	1258	28
call	4F	42E0	00	047A	11322	28
call	4F	42E6	00	06D1	11322	29
call	4F	42ED	00	0392	11322	29
call	4F	42F0	4F	41E0	11322	29
call	4F	4315	00	050C	36	331
call	4F	4322	4F	4166	36	331
call	4F	4325	4F	41E0	36	331
call	4F	4328	00	05B6	36	332
call	4F	432B	00	047A	612	332
call	4F	4331	00	06D1	612	333
call	4F	4338	00	0392	612	333
call	4F	433B	4F	41E0	612	333
call	4F	4386	00	050C	1011	308
call	4F	4393	4F	4166	1011	308
call	4F	4396	4F	41E0	1011	308
call	4F	4399	00	047A	8072	309
call	4F	439F	00	06D1	8072	310
call	4F	43A6	00	0392	8072	310
call	4F	43A9	4F	41E0	8072	310
call	4F	43CE	00	050C	8	545
call	4F	43DB	4F	4166	8	545
call	4F	43DE	4F	41E0	8	545
call	4F	43E1	00	047A	128	546
call	4F	43E7	00	06D1	128	547
call	4F	43EE	00	0392	128	547
call	4F	43F1	4F	41E0	128	547
call	4F	4583	00	0392	5288	5864
call	4F	45B1	00	0787	5288	5864
call	4F	45D3	00	0392	3030	5876
call	4F	4632	00	0392	4952	5850
call	4F	4668	00	06D1	19	7287
call	4F	4677	00	06D1	19	7288
call	4F	4680	00	06D1	37	7288
call	4F	468F	00	06D1	37	7289
call	4F	4695	00	0545	35	7642
call	4F	46A5	00	06D1	15	59335
call	4F	46B1	00	06D1	15	59336
call	4F	46BA	00	06D1	4	60991
call	4F	46D3	00	06D1	4	60992
call	4F	46DC	00	06D1	4	61206
call	4F	46E2	00	06D1	4	61221
call	4F	46E8	00	06D1	4	61221
call	4F	4705	00	050C	1	61221
call	4F	470E	00	06D1	1	61221
call	4F	4735	00	04D8	36	8
call	4F	473F	00	04D8	36	8
call	4F	474D	00	04D8	36	8
call	4F	475E	00	04D8	216	10
call	4F	4771	00	04D8	36	14
call	4F	4780	00	0684	36	16
call	4F	4783	00	04A0	36	16
call	4F	4786	00	059F	36	16
call	4F	478D	00	06D1	36	16
call	4F	4793	00	0331	36	16
call	4F	47A9	00	0331	36	17
call	4F	47AC	00	0392	36	17
call	4F	47B6	00	04D8	36	17
call	4F	47C0	00	04D8	36	17
call	4F	47C3	00	0392	36	17
call	4F	47C8	00	0684	36	17
call	4F	47CB	00	04A0	36	17
call	4F	47CE	00	059F	36	17
call	4F	47E8	00	04D8	216	17
call	4F	47EB	00	0392	216	18
call	4F	47F6	00	06D1	36	22
call	51	4000	51	404A	2	60844
call	51	4003	51	425F	2	60880
call	51	404A	00	05BD	26	2354
call	51	4060	00	06D1	26	2355
call	51	4066	00	05B6	26	2355
call	51	4069	51	4239	26	2355
call	51	4083	00	06D1	13	10616
call	51	4095	00	06D1	13	10617
call	51	40A6	00	06D1	13	10618
call	51	40B7	00	06D1	13	10618
call	51	412E	51	41D8	13	10618
call	51	4134	51	41D8	13	10618
call	51	4138	51	41FE	13	10618
call	51	4155	51	41D8	13	10618
call	51	4159	51	41FE	13	10618
call	51	415E	00	07CB	13	10618
call	51	4161	00	06D1	13	10619
call	51	4167	00	06D1	13	10619
call	51	417E	00	20E8	13	10635
call	51	4199	00	06D1	416	10635
call	51	419F	00	044B	416	10635
call	51	41A2	00	06D1	416	10636
call	51	41A8	00	06D1	416	10636
call	51	41AE	00	056A	416	10636
call	51	41C7	00	06D1	13	10732
call	51	41CD	00	06D1	13	10747
call	51	41EA	51	41FE	2	88245
call	54	4013	00	06D1	1	111474
call	54	4056	00	06D1	37	1917
call	54	408B	00	06D1	19	9872
call	54	4099	00	06D1	16	10034
call	54	4106	00	06D1	16	10035
call	54	410F	00	06D1	16	10035
call	54	4118	00	06D1	16	10035
call	54	4121	00	06D1	16	10035
call	54	412C	00	06D1	16	10035
call	54	414D	00	06D1	16	10034
call	54	4185	00	06D1	16	10034
call	54	419C	00	06D1	14	10331
call	54	41B9	00	06D1	14	10479
call	54	4253	00	06D1	7	27867
call	54	427C	00	06D1	31	2083
call	54	42B3	54	42E4	5	60451
call	54	42C8	00	06D1	5	60451
call	54	42D1	00	06D1	5	60451
call	54	42DD	00	06D1	5	60451
call	54	436D	00	06D1	2	60458
call	54	448B	00	06D1	1	64393
call	54	44FE	54	4000	4	10287
call	54	4514	00	06D1	4	10287
call	54	451B	54	44AC	55	10288
call	54	4538	54	4000	2	82639
call	54	454B	00	06D1	2	82639
call	54	4552	54	44AC	14	82640
call	54	4555	00	06D1	14	82640
call	54	4575	54	4000	3	54724
call	54	459C	00	06D1	3	54724
call	54	45A9	54	46E8	3	54724
call	54	45B1	54	4736	3	54724
call	54	45CB	00	06D1	3	54724
call	54	45D5	00	06D1	3	54724
call	54	45E4	00	06D1	3	54724
call	54	45ED	54	4726	3	54724
call	54	45F7	54	46E8	3	54724
call	54	4606	54	4736	3	54724
call	54	4617	00	06D1	3	54724
call	54	4620	00	06D1	3	54724
call	54	4640	54	4748	2	54724
call	54	4647	00	06D1	2	54724
call	54	4656	00	06D1	3	54724
call	54	465F	54	4726	3	54724
call	54	4669	54	46E8	3	54724
call	54	4680	00	06D1	3	54724
call	54	4693	00	06D1	3	54724
call	54	469C	54	4726	3	54724
call	54	46A6	54	46E8	3	54724
call	54	46B4	54	46E8	3	54725
call	54	46BE	54	46E8	3	54725
call	54	46C8	54	46E8	3	54725
call	54	46D7	00	06D1	3	54725
call	54	46F0	00	06D1	21	54724
call	54	4772	54	44AC	140	54725
call	54	47B9	00	06D1	3	54739
call	54	47CE	54	484A	3	54766
call	54	47DF	00	06D1	3	54766
call	54	47FD	00	06D1	3	54766
call	54	480C	00	06D1	3	54766
call	54	4824	00	06D1	3	54766
call	54	485C	54	4000	5	87107
call	54	4873	00	06D1	5	87107
call	54	487C	00	06D1	5	87107
call	54	488E	00	06D1	5	87107
call	54	489B	54	44AC	106	87108
call	54	489E	00	06D1	106	87108
call	54	48B2	54	4011	1	111474
call	54	48FE	00	06D1	3	87130
call	54	4916	54	4000	10	87135
call	54	4962	00	06D1	10	87135
call	54	4969	54	44AC	255	87136
call	54	49A2	54	511D	10	87160
call	54	4BF5	00	06D1	2	87212
call	54	4C0B	00	06D1	2	87212
call	54	512A	00	06D1	10	87160
call	54	5146	00	06D1	10	87160
call	54	515F	00	06D1	10	87160
call	54	5391	00	06D1	5	87351
call	54	5398	54	4000	5	87351
call	54	53B4	00	06D1	5	87351
call	54	53C6	00	06D1	103	87352
call	54	53CC	54	44AC	103	87352
call	55	5BAA	55	7007	142	14120
call	55	5BB1	00	06D1	142	14120
call	55	5C00	00	06D1	142	14120
call	55	5C11	00	06D1	142	14121
call	55	5C1A	55	6ED6	142	14121
call	55	5C2C	00	06D1	40	14121
call	55	5C3F	00	047A	40	14121
call	55	5C45	00	06D1	40	14122
call	55	5C4C	00	0392	40	14122
call	55	5C61	55	63E7	105	27209
call	55	5C64	00	047A	105	27211
call	55	5C6E	00	0392	105	27212
call	55	5C73	55	66C6	142	14122
call	55	5C80	00	06D1	142	14126
call	55	5C8B	55	617B	142	14126
call	55	5CBF	55	6EAA	105	27232
call	55	5CD5	55	5F35	3	127238
call	55	5CD8	55	6190	3	127238
call	55	5CDD	55	6318	29	14126
call	55	5CE3	55	6EC0	1556	14138
call	55	5CFF	55	5F35	37	48620
call	55	5D02	55	6190	37	48620
call	55	5D0A	55	5F35	1556	14138
call	55	5D0D	55	6190	1556	14138
call	55	5D49	55	6C16	53766	14138
call	55	5D4C	00	06D1	53766	14139
call	55	5D52	00	06D1	53766	14139
call	55	5D5B	55	6F2E	53766	14139
call	55	5D61	00	044B	45875	27233
call	55	5D66	00	0464	7891	14139
call	55	5DA2	55	5F66	182	57381
call	55	5DA5	55	6190	182	57381
call	55	5DAD	55	5F66	247	57333
call	55	5DB0	55	6190	247	57333
call	55	5DB8	55	5F66	298	14445
call	55	5DBB	55	6190	298	14445
call	55	5DC3	55	5F66	335	14193
call	55	5DC6	55	6190	335	14193
call	55	5DDC	55	5F35	184	14229
call	55	5DDF	55	6190	184	14229
call	55	5DEC	00	20AC	184	14229
call	55	5E10	55	6E94	88	14805
call	55	5E21	00	20AC	19	14805
call	55	5E32	55	5F35	19	14805
call	55	5E35	55	6C10	19	14805
call	55	5E39	55	66C6	19	14805
call	55	5E3C	55	6BB2	19	14808
call	55	5ED6	55	6F02	231	14301
call	55	5EDD	55	6427	16	116445
call	55	5EF8	55	6F18	14	72645
call	55	5F62	55	6C10	2861	14138
call	55	5F71	00	20AC	1062	14193
call	55	5F86	00	0BE8	1062	14193
call	55	5FE2	55	615F	6	134033
call	55	5FE5	55	6041	6	134033
call	55	5FEC	55	616D	6	134033
call	55	600E	55	615F	40	27665
call	55	6011	55	6041	40	27665
call	55	6018	55	616D	40	27665
call	55	6029	55	6068	46	27665
call	55	6031	55	6149	1016	14193
call	55	6034	55	6068	1016	14193
call	55	603D	55	5F35	1062	14193
call	55	609C	55	60DA	16	74469
call	55	60B6	55	60D3	32	27745
call	55	60C7	55	60D3	36	15741
call	55	60FE	55	613D	27	72261
call	55	610F	55	613D	47	57733
call	55	6128	55	6143	73	15093
call	55	6139	55	6143	80	27665
call	55	6174	00	0BE8	46	27665
call	55	6190	55	6149	2842	14138
call	55	61B6	00	06D1	2231	14138
call	55	61CA	00	06D1	611	14229
call	55	6259	00	06D1	578	14229
call	55	626B	00	06D1	33	72261
call	55	629C	00	09E6	2231	14138
call	55	6318	00	047A	29	14126
call	55	6322	00	0392	29	14127
call	55	632F	00	20AC	29	14127
call	55	6335	55	640E	29	14127
call	55	6342	00	06D1	10	127459
call	55	634C	00	06D1	4	116515
call	55	6356	00	06D1	10	103291
call	55	6360	00	06D1	5	14127
call	55	638E	00	0464	110	127459
call	55	6392	00	06D1	110	127460
call	55	639F	00	0464	42	116515
call	55	63A3	00	06D1	41	116516
call	55	63B0	00	0464	110	103291
call	55	63B4	00	06D1	110	103292
call	55	63C1	00	0464	55	14127
call	55	63C5	00	06D1	55	14128
call	55	63E3	55	6BB2	28	14138
call	55	63EA	55	6F2E	105	27209
call	55	63F0	00	044B	102	27209
call	55	63F5	00	0464	3	127234
call	55	63F8	55	640E	105	27210
call	55	63FD	00	047A	105	27210
call	55	6407	00	0392	105	27211
call	55	640A	55	6BB2	105	27211
call	55	642A	00	09E6	37	14304
call	55	6430	00	09E6	37	14304
call	55	6436	00	09E6	37	14304
call	55	643C	00	09E6	37	14304
call	55	643F	00	06D1	37	14304
call	55	6448	55	6F2E	37	14304
call	55	6453	00	0464	37	14304
call	55	6465	00	20AC	37	14305
call	55	6472	00	06D1	9	127478
call	55	647C	00	06D1	6	127118
call	55	6486	00	06D1	9	115057
call	55	6490	00	06D1	5	14305
call	55	64BE	00	0464	99	127478
call	55	64C2	00	06D1	99	127479
call	55	64CF	00	0464	66	127118
call	55	64D3	00	06D1	66	127119
call	55	64E0	00	0464	99	115057
call	55	64E4	00	06D1	99	115058
call	55	64F1	00	0464	55	14305
call	55	64F5	00	06D1	55	14306
call	55	64FE	00	0464	48	128942
call	55	650E	00	047A	37	14316
call	55	6518	00	0392	37	14317
call	55	651F	00	09E6	131	6239
call	55	6525	00	09E6	131	6239
call	55	652B	00	09E6	131	6239
call	55	6531	00	09E6	131	6239
call	55	6534	00	06D1	131	6239
call	55	653D	55	6F2E	131	6239
call	55	6543	00	044B	131	6239
call	55	654B	00	047A	131	6240
call	55	6555	00	0392	131	6241
call	55	655A	55	6427	13	14304
call	55	6563	00	047A	8	128910
call	55	656D	00	0392	8	128911
call	55	657A	00	20AC	8	128911
call	55	6580	00	06D1	48	128911
call	55	6589	55	6F2E	48	128911
call	55	6594	00	0464	48	128911
call	55	65A0	55	6BD7	8	128913
call	55	65AB	55	65DA	8	128917
call	55	65AF	55	6427	8	128941
call	55	65B2	00	047A	8	128949
call	55	65BC	00	0392	8	128950
call	55	65BF	55	7048	8	128950
call	55	65E4	00	06D1	8	128917
call	55	65EA	55	667B	13	128917
call	55	65ED	00	06D1	103	128918
call	55	65F3	00	06D1	103	128918
call	55	65FC	55	6F2E	103	128918
call	55	6607	00	0464	103	128918
call	55	6630	00	20AC	3	204517
call	55	6650	00	20AC	2	204511
call	55	666A	00	09E6	8	128941
call	55	6670	00	09E6	8	128941
call	55	6673	00	06D1	8	128941
call	55	668E	00	0A65	13	128917
call	55	66A0	00	06D1	13	128917
call	55	66B9	00	0A65	13	128917
call	55	66BC	55	6BD7	13	128917
call	55	6761	00	06D1	102	27212
call	55	6773	00	06D1	102	27213
call	55	6784	00	06D1	102	27214
call	55	6795	00	06D1	102	27214
call	55	679B	55	6B51	102	27214
call	55	687D	00	06D1	10	127454
call	55	688F	00	06D1	10	127455
call	55	68A1	00	06D1	10	127456
call	55	68B6	00	06D1	4	128629
call	55	68C8	00	06D1	4	128630
call	55	68DA	00	06D1	4	128631
call	55	68EF	00	06D1	2	181117
call	55	6901	00	06D1	2	181118
call	55	6913	00	06D1	2	181119
call	55	6928	00	06D1	1	204221
call	55	693A	00	06D1	1	204222
call	55	694C	00	06D1	1	204223
call	55	6961	00	06D1	10	127457
call	55	6967	55	6AF0	10	127457
call	55	6990	00	06D1	14	14122
call	55	69A2	00	06D1	14	14123
call	55	69B4	00	06D1	14	14124
call	55	69C9	00	06D1	5	14805
call	55	69DB	00	06D1	5	14806
call	55	69ED	00	06D1	5	14807
call	55	6A02	00	06D1	3	15201
call	55	6A14	00	06D1	3	15202
call	55	6A26	00	06D1	3	15203
call	55	6A3B	00	06D1	2	15525
call	55	6A4D	00	06D1	2	15526
call	55	6A5F	00	06D1	2	15527
call	55	6A74	00	06D1	12	14125
call	55	6A7A	55	6AF0	12	14125
call	55	6A8A	00	06D1	10	103286
call	55	6A9C	00	06D1	10	103287
call	55	6AAE	00	06D1	10	103288
call	55	6ABF	00	06D1	10	103289
call	55	6AC5	55	6AF0	10	103289
call	55	6AD5	00	06D1	8	128908
call	55	6AE6	00	06D1	8	128909
call	55	6AEC	55	6AF0	8	128909
call	55	6B12	55	6F2E	40	14125
call	55	6B21	00	06D1	40	14125
call	55	6B32	55	6F2E	40	14126
call	55	6B41	00	06D1	40	14126
call	55	6B73	55	6F2E	102	27214
call	55	6B7A	00	06D1	102	27214
call	55	6B93	55	6F2E	102	27215
call	55	6B9A	00	06D1	102	27215
call	55	6BB5	55	6E94	152	14138
call	55	6BC7	00	06D1	40	14138
call	55	6BD3	00	0A65	40	14138
call	55	6BF1	55	6F2E	21	128913
call	55	6C03	00	06D1	21	128913
call	55	6C2A	55	6CC6	1899	27232
call	55	6C59	00	06D1	2821	14138
call	55	6C83	00	06D1	2821	14138
call	55	6CA3	55	6F2E	2821	14138
call	55	6CAA	00	06D1	2265	27232
call	55	6CB2	00	06D1	556	14138
call	55	6FD7	00	06D1	968	27216
call	55	6FF0	00	0A65	968	27216
call	55	7003	00	09E6	138	27485
call	57	4009	00	04D8	67	1063
call	57	400C	00	06D1	67	1063
call	57	4023	00	1620	67	1063
call	57	403E	00	06D1	108	1063
call	57	4049	57	47A6	108	1063
call	57	404C	57	44E4	108	1088
call	57	4059	00	20E8	108	1088
call	57	405F	57	40E0	5237	1088
call	57	4068	57	45E6	108	1208
call	57	406B	00	06D1	108	1223
call	57	408D	00	06D1	34	1223
call	57	4096	00	06D1	33	1883
call	57	40AB	00	1620	33	1898
call	57	40B2	00	1620	33	1898
call	57	40B7	00	1620	33	1898
call	57	40C9	00	06D1	132	1898
call	57	40D7	00	06D1	33	1898
call	57	40E8	00	06D1	5237	1088
call	57	40EE	00	044B	5237	1088
call	57	40F1	00	06D1	5237	1089
call	57	40F7	00	06D1	5237	1089
call	57	41E0	57	546C	45	1736
call	57	41EF	00	1620	37	1736
call	57	4200	57	546C	26	1208
call	57	421F	00	06D1	34	1164
call	57	422F	00	20AC	34	1164
call	57	4455	57	546C	33	1868
call	57	4460	57	546C	4	85276
call	57	446E	00	1620	4	85276
call	57	459F	00	1620	37	1779
call	57	45AE	00	1620	148	1779
call	57	45B8	57	510F	37	1779
call	57	466E	00	06D1	21	59448
call	57	467A	00	0A65	21	59463
call	57	467E	00	06D1	6	61368
call	57	468A	00	0A65	6	61383
call	57	4694	00	06D1	36	1516
call	57	46A0	00	0A65	36	1531
call	57	46A4	00	06D1	8	1208
call	57	46B0	00	0A65	8	1223
call	57	4777	00	06D1	37	1868
call	57	47DD	00	06D1	71	1063
call	57	47EF	00	06D1	71	1064
call	57	4800	00	06D1	71	1065
call	57	4811	00	06D1	71	1065
call	57	4821	00	06D1	71	1065
call	57	482D	00	0A65	71	1065
call	57	483B	00	06D1	71	1065
call	57	484C	00	06D1	71	1065
call	57	4866	00	04D8	71	1065
call	57	4875	00	06D1	71	1065
call	57	4887	00	06D1	71	1066
call	57	48AA	00	04D8	71	1067
call	57	48BC	00	06D1	71	1067
call	57	48CE	00	06D1	71	1068
call	57	48E0	00	06D1	71	1069
call	57	490B	00	06D1	27	59362
call	57	4929	00	1620	44	1070
call	57	492C	00	06D1	44	1070
call	57	4E58	00	06D1	37	1751
call	57	4E6A	00	06D1	37	1752
call	57	4E7C	00	06D1	37	1753
call	57	4E8D	00	06D1	37	1754
call	57	4E93	57	510F	37	1754
call	57	4EA1	00	06D1	37	1756
call	57	4EBB	00	04D8	37	1756
call	57	4ECA	00	06D1	37	1756
call	57	4EDC	00	06D1	37	1757
call	57	4EFF	00	04D8	37	1758
call	57	4F11	00	06D1	37	1758
call	57	4F23	00	06D1	37	1759
call	57	4F35	00	06D1	37	1760
call	57	5083	00	06D1	108	1070
call	57	5094	00	06D1	108	1071
call	57	509C	00	082C	108	1071
call	57	50A6	00	06D1	108	1072
call	57	50AC	00	06D1	108	1072
call	57	5192	00	06D1	74	1754
call	57	51A3	00	06D1	74	1754
call	57	51F4	00	06D1	74	1754
call	57	5206	00	06D1	74	1755
call	57	54F2	00	20AC	19	60000
call	57	5503	00	20AC	8	59448
call	57	5518	00	20AC	26	1736
call	57	5529	00	20AC	18	1208
call	57	55EE	00	20AC	33	1868
call	57	55FF	00	20AC	4	85276
call	5C	5159	00	04D8	8	60475
call	5C	515C	00	06D1	8	60475
call	5C	5182	00	06D1	8	60475
call	5C	5194	00	06D1	8	60475
call	5C	51A6	00	06D1	8	60476
call	5C	51B8	00	06D1	8	60477
call	5C	51CA	00	06D1	8	60478
call	5C	51DB	00	06D1	8	60479
call	5C	51EC	00	06D1	8	60479
call	5C	51F2	5C	5267	8	60479
call	5C	51F5	5C	53B3	8	60512
call	5C	51FA	00	082C	8	60514
call	5C	51FD	00	06D1	8	60516
call	5C	5203	00	06D1	8	60516
call	5C	5213	00	20B2	8	60532
call	5C	5219	00	06D1	156	60532
call	5C	521F	00	044B	156	60532
call	5C	5222	00	06D1	156	60533
call	5C	5228	00	06D1	156	60533
call	5C	522E	00	056A	156	60533
call	5C	523F	5C	546F	81	60533
call	5C	5246	5C	5266	2	62784
call	5C	5256	00	20AC	8	60552
call	5C	525C	00	06D1	8	60552
call	5C	5270	00	06D1	8	60479
call	5C	52B7	00	06D1	3	60479
call	5C	52C7	00	06D1	3	60479
call	5C	52D3	00	0A65	3	60479
call	5C	52E1	00	06D1	3	60479
call	5C	52FB	00	06D1	5	76442
call	5C	5361	00	0ED3	8	60479
call	5C	536D	00	06D1	8	60500
call	5C	537C	00	06D1	8	60507
call	5C	538B	00	06D1	8	60512
call	5C	539A	00	06D1	8	60512
call	5C	53CB	5C	5441	8	60512
call	5C	53D2	5C	5441	8	60512
call	5C	53DD	5C	5504	5	76462
call	5C	540B	5C	5441	8	60512
call	5C	5417	5C	5441	8	60512
call	5C	541E	5C	5441	8	60512
call	5C	5435	00	06D1	8	60512
call	5C	543D	00	082C	8	60512
call	65	4000	00	1711	36	17
call	65	4003	00	06D1	36	22
call	65	4009	00	06D1	36	22
call	65	400F	00	06D1	36	22
call	65	4029	00	06D1	36	22
call	65	4078	00	06D1	36	324
call	65	416C	00	06D1	36	324
call	65	4176	00	06D1	36	326
call	65	417F	00	06D1	36	326
call	65	4752	00	1509	10	73670
call	65	47DB	00	1509	5	76438
call	65	4883	00	06D1	129	5845
call	65	4889	00	044B	129	5845
call	65	489F	00	06D1	129	5846
call	65	48A5	00	0392	129	5846
call	65	48B1	00	0BE8	129	5846
call	65	48D1	00	06D1	129	5846
call	65	48E2	00	06D1	129	5847
call	65	4900	00	06D1	129	5847
call	65	491B	00	082C	129	5847
call	65	491E	65	4A37	129	5848
call	65	4921	65	4AD7	129	5850
call	65	4924	65	49A2	129	5850
call	65	4929	00	082C	128	5876
call	65	492C	00	06D1	128	5877
call	65	4932	65	4BA8	128	5893
call	65	493C	00	044B	4967	5893
call	65	493F	00	06D1	4965	5894
call	65	4945	00	06D1	4965	5894
call	65	494B	00	056A	4965	5894
call	65	4965	00	20AC	89	5960
call	65	496B	00	06D1	89	5960
call	65	498B	00	20AC	37	6312
call	65	4991	00	06D1	37	6312
call	65	49AB	00	06D1	129	5850
call	65	49F7	00	0ED3	129	5850
call	65	4A03	00	06D1	128	5864
call	65	4A12	00	06D1	128	5871
call	65	4A21	00	06D1	128	5876
call	65	4A30	00	06D1	128	5876
call	65	4A5B	00	06D1	129	5848
call	65	4A7A	00	06D1	129	5849
call	65	4B19	00	06D1	14	35606
call	65	4B45	00	06D1	14	35606
call	65	4B71	00	06D1	14	35606
call	65	4BBF	00	20E8	128	5893
call	67	58CD	00	06D1	20	35721
call	67	58D5	00	06D1	31	35721
call	67	58DF	00	06D1	47	42795
call	67	58EB	00	06D1	44	43227
call	67	58F3	00	06D1	44	43227
call	67	5902	00	06D1	16	43518
call	67	590B	00	06D1	24	43518
call	67	5913	00	06D1	24	43518
call	67	5922	00	06D1	10	73670
call	67	5928	00	06D1	10	73670
call	67	5944	00	06D1	10	73670
call	67	594D	00	06D1	10	73670
call	67	5955	00	06D1	10	73670
call	67	5964	00	06D1	5	76438
call	67	596A	00	06D1	5	76438
call	67	5978	00	06D1	5	76438
call	67	60C0	00	06D1	12	5845
call	67	60C8	67	6171	8	5975
call	67	6101	00	06D1	1	49069
call	67	6121	00	06D1	40	5996
call	67	6131	00	06D1	24	27201
call	67	6138	00	06D1	24	27201
call	67	6147	00	06D1	4	27822
call	67	6160	00	14BF	4	27822
call	67	6171	00	06D1	8	5975
call	67	6192	00	04D8	8	5975
call	67	619B	00	14BF	8	5977
call	67	61A1	00	06D1	8	5977
call	67	61A9	00	06D1	8	5977
call	67	61BA	00	06D1	8	5977
call	67	6276	00	06D1	19	34281
call	67	627E	00	06D1	15	34367
call	67	62BA	00	06D1	4	35437
call	67	62D5	00	06D1	15	34367
call	67	62F6	00	04D8	15	34367
call	67	62FF	00	14BF	15	34369
call	67	6304	00	06D1	15	34369
call	67	6315	00	06D1	15	34369
call	67	636D	00	06D1	36	23
call	67	6373	00	06D1	36	23
call	67	6385	00	06D1	36	23
call	67	6397	00	06D1	36	24
call	67	63A9	00	06D1	36	25
call	67	63BA	00	06D1	36	26
call	67	63CB	00	06D1	36	26
call	67	63DC	00	06D1	36	26
call	67	63EC	00	06D1	36	26
call	67	63F8	00	0A65	36	26
call	67	63FD	00	082C	36	26
call	67	6401	67	6437	36	22
call	67	6404	00	06D1	36	27
call	67	6414	00	20E8	36	43
call	67	641A	67	644E	36	43
call	67	641D	00	06D1	36	308
call	67	642A	00	20C4	36	323
call	67	6430	00	044B	36	323
call	67	643B	00	06D1	36	22
call	67	6441	00	06D1	36	22
call	67	6447	00	06D1	36	23
call	67	6452	00	06D1	9540	43
call	67	6458	00	044B	9540	43
call	67	648D	00	20AC	108	83
call	67	64BC	00	0150	36	44
call	67	64EA	00	0150	36	170
call	67	650A	00	0150	36	308
call	67	650D	00	06D1	36	308
call	68	402E	00	14BF	45	27822
call	68	40D8	00	06D1	1106	27216
call	68	40E2	00	0BFC	1106	27216
call	68	40ED	00	0A65	1106	27216
call	68	418F	00	14BF	90	27805
call	68	420F	00	14EA	5	14009
call	68	421D	68	4239	5	14009
call	68	422B	00	14BF	5	14009
call	68	434C	68	459A	36	308
call	68	4870	68	48DE	36	324
call	68	48E1	68	4950	36	324
call	68	48ED	68	49B6	36	324
call	68	4970	68	49FF	36	324
call	68	4984	00	151A	36	324
call	68	49D8	68	49FF	36	324
call	68	49E7	00	050C	36	324
call	68	4A32	00	04D8	36	22
call	68	4F97	00	06D1	3	60475
call	68	4FBA	00	06D1	72	5274
call	68	4FD6	00	06D1	72	5274
call	68	4FED	68	5033	72	5274
call	68	5033	00	06D1	3289	5274
call	68	5039	68	504D	3289	5274
call	68	503C	00	06D1	3289	5280
call	68	5042	00	044B	3289	5280
call	68	506A	00	06D1	72	5274
call	68	5070	00	06D1	72	5274
call	68	50BF	00	06D1	72	5274
call	68	50D1	00	06D1	72	5275
call	68	50E3	00	06D1	72	5276
call	68	50F5	00	06D1	72	5277
call	68	5107	00	06D1	72	5278
call	68	5118	00	06D1	72	5279
call	68	5129	00	06D1	72	5279
call	68	512F	68	522C	72	5279
call	68	5134	00	082C	72	5279
call	68	5141	00	06D1	72	5280
call	68	5147	68	5209	72	5280
call	68	514A	00	06D1	72	5280
call	68	5156	00	06D1	72	5281
call	68	5166	00	20E8	72	5297
call	68	5191	00	20AC	45	5828
call	68	51A8	00	20AC	27	5300
call	68	51EB	00	20AC	65	5520
call	68	51F1	68	522C	65	5520
call	68	51F6	00	082C	65	5520
call	68	51F9	68	5209	65	5521
call	68	51FD	00	06D1	72	5301
call	68	523D	00	06D1	137	5279
call	68	525C	00	0BFC	137	5279
call	68	5285	00	06D1	137	5279
call	68	5D03	68	5D9C	102	27201
call	68	5D06	00	06D1	102	27216
call	68	5D16	00	20E8	102	27232
call	68	5D1C	68	5EC7	102	27232
call	68	5D1F	00	06D1	90	27805
call	68	5D25	00	06D1	90	27820
call	68	5DA0	00	06D1	102	27201
call	68	5DA6	00	06D1	102	27201
call	68	5DB5	00	06D1	102	27201
call	68	5DC1	68	4127	102	27201
call	68	5DC4	68	5EAE	102	27201
call	68	5DD9	00	06D1	102	27201
call	68	5DEB	00	06D1	102	27202
call	68	5DFD	00	06D1	102	27203
call	68	5E0F	00	06D1	102	27204
call	68	5E20	00	06D1	102	27205
call	68	5E3E	00	06D1	102	27205
call	68	5E49	68	6060	102	27205
call	68	5E4C	68	60AB	102	27205
call	68	5E4F	68	6050	102	27207
call	68	5E54	00	082C	102	27207
call	68	5E5B	00	06D1	102	27208
call	68	5E6B	00	06D1	102	27216
call	68	5E78	00	06D1	102	27216
call	68	5E7E	68	5FE1	102	27216
call	68	5E85	00	06D1	102	27216
call	68	5E8B	00	06D1	102	27216
call	68	5EB1	00	06D1	1106	27201
call	68	5EC0	68	5FE1	335	31428
call	68	5EC7	00	06D1	1281	27232
call	68	5ED1	00	06D1	1281	27232
call	68	5EF3	00	06D1	800	27265
call	68	5F06	00	20AC	546	27265
call	68	5F18	00	20AC	254	31445
call	68	5F1E	68	5FE1	800	27265
call	68	5F24	00	06D1	121	27485
call	68	5F2D	00	06D1	679	27265
call	68	5F39	00	06D1	245	27325
call	68	5F4C	00	20AC	204	27325
call	68	5F52	68	5FE1	204	27325
call	68	5F58	00	06D1	17	27685
call	68	5F60	00	06D1	187	27325
call	68	5F68	68	5FE1	210	27805
call	68	5F78	00	20AC	175	28385
call	68	5F8A	00	20AC	35	27805
call	68	5F96	00	06D1	35	27805
call	68	5FAC	00	20AC	55	28845
call	68	5FB8	00	06D1	55	28845
call	68	5FCA	00	06D1	1004	27265
call	68	5FD5	68	6060	1004	27265
call	68	5FD8	68	60AB	1004	27265
call	68	5FDB	68	5EAE	1004	27267
call	68	5FE4	00	06D1	1651	27216
call	68	6059	00	06D1	102	27207
call	68	606B	00	06D1	1106	27205
call	68	60A7	00	0ED3	1106	27205
call	68	60B4	00	06D1	1106	27205
call	68	6E1D	68	6E39	40	5996
call	68	6E20	00	06D1	40	6008
call	68	6E26	68	6EF6	40	6024
call	68	6E29	00	06D1	40	6224
call	68	6E2F	00	06D1	40	6239
call	68	6E3D	00	06D1	40	5996
call	68	6E43	00	06D1	40	5996
call	68	6E5E	00	06D1	40	5996
call	68	6E70	00	06D1	40	5997
call	68	6E82	00	06D1	40	5998
call	68	6E93	00	06D1	40	5999
call	68	6EA4	00	06D1	40	5999
call	68	6EBB	00	06D1	40	5999
call	68	6ED4	68	6FAB	40	5999
call	68	6ED7	68	7009	40	6001
call	68	6EDA	68	6F9B	40	6007
call	68	6EDF	00	082C	40	6007
call	68	6EEC	00	06D1	40	6008
call	68	6EF2	68	6F7F	40	6008
call	68	6EF6	00	06D1	1468	6024
call	68	6EFC	00	044B	1468	6024
call	68	6EFF	00	06D1	1468	6025
call	68	6F23	00	20AC	26	27184
call	68	6F50	00	20AC	14	6224
call	68	6F68	00	20AC	8	6136
call	68	6F77	68	6F7F	8	6136
call	68	6F93	00	0A65	48	6008
call	68	6FA4	00	06D1	40	6007
call	68	6FB4	00	06D1	40	5999
call	68	6FFB	00	06D1	40	5999
call	68	7001	00	0ED3	40	5999
call	68	7012	00	06D1	40	6001
call	68	73DD	00	06D1	2	60458
call	68	73E3	00	06D1	2	60473
call	68	73E9	00	044B	2	60473
call	68	73F3	00	047A	2	60474
call	68	73FD	00	0392	2	60475
call	68	741B	00	06D1	884	27822
call	68	7421	68	7431	884	27822
call	68	7424	00	06D1	884	27847
call	68	742A	00	044B	884	27847
call	68	7450	00	06D1	4	27822
call	68	7456	00	06D1	4	27822
call	68	7468	00	06D1	4	27822
call	68	747A	00	06D1	4	27823
call	68	748C	00	06D1	4	27824
call	68	749E	00	06D1	4	27825
call	68	74AF	00	06D1	4	27826
call	68	74C0	00	06D1	4	27826
call	68	74D1	00	06D1	4	27826
call	68	74DA	68	7611	4	27826
call	68	74FB	68	75A4	4	27828
call	68	7500	00	082C	4	27846
call	68	750D	00	06D1	4	27847
call	68	7519	00	0A65	4	27847
call	68	7522	00	06D1	4	27848
call	68	7528	00	06D1	4	27848
call	68	7538	00	20E8	4	27865
call	68	7572	00	20AC	4	27866
call	68	7583	00	06D1	4	28063
call	68	7589	00	06D1	4	28078
call	68	75AD	00	06D1	4	27828
call	68	75E9	00	06D1	4	27828
call	68	75EF	00	0ED3	4	27828
call	68	75FB	00	06D1	4	27840
call	68	760A	00	06D1	4	27846
call	68	763D	00	06D1	4	27826
call	68	7643	00	044B	4	27826
call	68	7648	00	07CB	4	27827
call	68	7953	00	06D1	11	35601
call	68	795E	00	06D1	3	79299
call	68	7968	68	799A	1	117671
call	68	7992	00	06D1	1	117730
call	68	799D	68	79B8	1	117671
call	68	79A0	00	06D1	1	117688
call	68	79A6	68	7A8F	1	117704
call	68	79AA	00	06D1	1	117713
call	68	79B0	00	06D1	1	117728
call	68	79BC	00	06D1	1	117671
call	68	79C2	00	06D1	1	117671
call	68	79DF	00	06D1	1	117671
call	68	79F1	00	06D1	1	117672
call	68	7A02	00	06D1	1	117673
call	68	7A4B	00	06D1	1	117673
call	68	7A5C	00	06D1	1	117674
call	68	7A6D	00	06D1	1	117674
call	68	7A73	68	7B1D	1	117674
call	68	7A78	00	082C	1	117687
call	68	7A85	00	06D1	1	117688
call	68	7A8B	68	7B01	1	117688
call	68	7A8F	00	06D1	9	117704
call	68	7A95	00	06D1	9	117704
call	68	7A9B	00	044B	9	117704
call	68	7ABC	00	20AC	1	117713
call	68	7B15	00	0A65	1	117688
call	68	7B26	00	06D1	1	117674
call	68	7B68	00	06D1	1	117674
call	68	7B78	00	0ED3	1	117674
call	68	7B84	00	06D1	1	117681
call	68	7B93	00	06D1	1	117687
call	69	402B	00	06D1	1	143975
call	69	4042	00	0545	2	143975
call	69	4066	00	06D1	2	143975
call	69	40D7	00	0545	492	33582
call	69	4124	00	06D1	1	143975
call	69	4136	00	06D1	1	143976
call	69	4147	00	06D1	1	143977
call	6C	4008	00	04D8	86	2999
call	6C	4035	00	06D1	124	2999
call	6C	4047	00	06D1	124	2999
call	6C	4059	00	06D1	124	3000
call	6C	406B	00	06D1	124	3001
call	6C	407D	00	06D1	124	3002
call	6C	408F	00	06D1	124	3003
call	6C	40A1	00	06D1	124	3004
call	6C	40B2	00	06D1	124	3005
call	6C	40CE	00	06D1	73	3005
call	6C	40D9	6C	431B	73	3005
call	6C	40E1	6C	431B	73	3006
call	6C	40F1	00	06D1	17	4325
call	6C	40FC	6C	431B	17	4325
call	6C	410C	00	06D1	34	4633
call	6C	4117	6C	431B	34	4633
call	6C	4129	00	06D1	124	3007
call	6C	4135	00	0A65	124	3007
call	6C	4143	00	06D1	124	3007
call	6C	4149	6C	453D	124	3007
call	6C	4157	00	06D1	124	3008
call	6C	4171	00	04D8	124	3008
call	6C	4180	00	06D1	124	3008
call	6C	4191	00	082C	124	3009
call	6C	4194	00	06D1	124	3010
call	6C	419A	00	06D1	124	3010
call	6C	41A0	6C	4763	124	3026
call	6C	41AD	00	20E8	124	3031
call	6C	41B3	00	06D1	6164	3031
call	6C	41B9	00	044B	6164	3031
call	6C	41BC	00	06D1	6163	3031
call	6C	41C2	00	06D1	6163	3031
call	6C	41C8	00	056A	6163	3031
call	6C	41D5	00	06D1	5976	3031
call	6C	41DF	6C	429F	102	3760
call	6C	41E8	6C	4798	87	3056
call	6C	41F9	00	20AC	87	3056
call	6C	41FF	00	06D1	87	3056
call	6C	4205	00	06D1	86	3085
call	6C	4264	00	20AC	36	4376
call	6C	426A	00	06D1	36	4376
call	6C	4270	00	06D1	36	4405
call	6C	42CB	00	20AC	42	3848
call	6C	42D1	6C	431B	42	3848
call	6C	42D4	6C	453D	42	3849
call	6C	42D7	6C	4763	42	3850
call	6C	430B	00	20AC	30	4552
call	6C	4311	6C	431B	30	4552
call	6C	4314	6C	453D	30	4553
call	6C	4317	6C	4763	30	4554
call	6C	4335	00	1620	83	3005
call	6C	433E	00	1620	83	3005
call	6C	4378	00	1620	78	3006
call	6C	4381	00	1620	78	3006
call	6C	43F9	00	06D1	201	3005
call	6C	4401	00	082C	201	3005
call	6C	4404	00	06D1	201	3006
call	6C	4418	00	1620	18	4325
call	6C	4486	00	06D1	21	4325
call	6C	448E	00	082C	21	4325
call	6C	4491	00	06D1	21	4326
call	6C	44A5	00	1620	38	4633
call	6C	4513	00	06D1	47	4633
call	6C	451B	00	082C	47	4633
call	6C	451E	00	06D1	47	4634
call	6C	4557	00	1620	19	4201
call	6C	4560	00	1620	19	4201
call	6C	459A	00	1620	23	4115
call	6C	45A3	00	1620	23	4115
call	6C	461B	00	06D1	128	3007
call	6C	4623	00	082C	128	3007
call	6C	4626	00	06D1	128	3008
call	6C	463A	00	1620	5	66533
call	6C	46A8	00	06D1	21	4326
call	6C	46B0	00	082C	21	4326
call	6C	46B3	00	06D1	21	4327
call	6C	46C7	00	1620	16	36953
call	6C	4735	00	06D1	47	4634
call	6C	473D	00	082C	47	4634
call	6C	4740	00	06D1	47	4635
call	6C	477C	6C	4798	196	3026
call	6C	4791	00	06D1	196	3026
call	6C	47B1	00	1620	27	4202
call	6C	47BA	00	1620	27	4202
call	6C	47CD	00	1620	35	4116
call	6C	47D6	00	1620	35	4116
call	6C	47EA	00	1620	7	66534
call	6C	47FE	00	1620	24	36954
call	6C	5989	00	06D1	86	2999
call	6C	599B	00	06D1	52	3087
call	6C	59A2	6C	59B2	52	3087
call	6C	59A8	00	06D1	14	4011
call	6C	59BA	00	04D8	52	3087
call	6C	59BD	00	06D1	52	3087
call	6C	59C9	00	06D1	52	3087
call	6C	59ED	00	06D1	52	3087
call	6C	59FF	00	06D1	52	3087
call	6C	5A11	00	06D1	52	3088
call	6C	5A23	00	06D1	52	3089
call	6C	5A34	00	06D1	52	3090
call	6C	5A45	00	06D1	52	3090
call	6C	5A56	00	06D1	52	3090
call	6C	5A67	00	06D1	52	3090
call	6C	5A78	00	06D1	52	3090
call	6C	5A89	00	06D1	52	3090
call	6C	5AA9	00	04D8	52	3090
call	6C	5AAC	00	0392	52	3090
call	6C	5AC4	00	06D1	52	3090
call	6C	5AD6	00	06D1	52	3091
call	6C	5AE8	00	06D1	52	3092
call	6C	5AFA	00	06D1	52	3093
call	6C	5B02	00	082C	52	3094
call	6C	5B05	00	06D1	52	3095
call	6C	5B0B	00	06D1	52	3095
call	6C	5B1E	00	047A	52	3111
call	6C	5B24	00	06D1	52	3112
call	6C	5B2B	00	0392	52	3112
call	6C	5B41	00	20E8	52	3112
call	6C	5BD4	00	1620	137	3112
call	6C	5C25	00	20AC	36	3416
call	6C	5C2B	00	06D1	36	3416
call	6C	5C5B	00	20AC	5	67943
call	6C	5C85	00	04D8	62	3112
call	6C	5C94	00	06D1	62	3112
call	6C	5CA6	00	06D1	62	3113
call	6C	5CBA	6C	5E6E	62	3114
call	6C	5CC5	00	06D1	5289	3135
call	6C	5CCB	00	044B	5289	3135
call	6C	5CD4	6C	6009	4945	3136
call	6C	5CEE	00	06D1	5241	3138
call	6C	5CF4	00	06D1	5241	3138
call	6C	5CFA	00	056A	5241	3138
call	6C	5D1E	00	06D1	5	67648
call	6C	5D2A	00	0A65	5	67648
call	6C	5D45	00	06D1	41	3416
call	6C	5D51	00	0A65	41	3416
call	6C	5D64	00	20AC	15	37418
call	6C	5D70	00	1620	15	37418
call	6C	5D84	00	06D1	15	37418
call	6C	5DB4	00	06D1	9	67617
call	6C	5DC0	00	0A65	9	67617
call	6C	5DDF	00	06D1	38	3414
call	6C	5DF1	00	06D1	38	3415
call	6C	5E14	00	20AC	5	67648
call	6C	5E3A	00	04D8	56	3136
call	6C	5E4A	00	06D1	56	3136
call	6C	5E5D	00	06D1	56	3136
call	6C	5EB4	00	04D8	52	3114
call	6C	5EC3	00	06D1	52	3114
call	6C	5ED5	00	06D1	52	3115
call	6C	5F05	00	06D1	52	3116
call	6C	5F1E	00	06D1	52	3116
call	6C	5F26	00	082C	52	3116
call	6C	5F43	00	06D1	52	3117
call	6C	5F57	00	06D1	52	3118
call	6C	5F5F	00	06D1	52	3119
call	6C	6075	6C	5E25	56	3136
call	6C	611C	00	06D1	1742	3137
call	6C	6168	00	06D1	841	3137
call	70	402B	00	06D1	2872	60126
call	70	4031	70	408F	2872	60126
call	70	4034	70	407F	2872	60155
call	70	4074	00	09E6	2	60603
call	70	407F	00	0956	2872	60155
call	70	4082	00	0464	2872	60155
call	70	408B	00	0392	2872	60156
call	70	40E3	70	44B0	6	60126
call	70	40E7	70	4803	6	60138
call	70	40EA	70	4275	6	60139
call	70	40F8	70	47BB	6	60139
call	70	40FB	70	477F	6	60139
call	70	40FE	00	06D1	6	60139
call	70	4104	00	06D1	6	60139
call	70	4114	00	20E8	6	60155
call	70	4131	70	477F	432	60157
call	70	414E	00	20AC	1	143830
call	70	4163	00	06D1	1	143830
call	70	416F	00	0A65	1	143830
call	70	4174	70	4803	1	143830
call	70	4188	00	20AC	3	61824
call	70	419D	00	06D1	3	61824
call	70	41A9	00	0A65	3	61824
call	70	41AE	70	4803	3	61824
call	70	41BB	70	427D	1039	60229
call	70	41D3	00	20AC	1	143850
call	70	41DC	00	09E6	1	143850
call	70	41E4	70	427D	20	143831
call	70	41FB	70	477F	44	143851
call	70	41FE	70	427D	44	143851
call	70	4202	00	06D1	4	62125
call	70	4208	70	4613	4	62140
call	70	4222	00	09E6	3	61844
call	70	4227	70	47BB	3	61844
call	70	4231	70	477F	60	61825
call	70	424B	00	20AC	3	62020
call	70	4258	70	4285	457	61845
call	70	426E	70	477F	312	62021
call	70	4271	70	4285	312	62021
call	70	428D	70	44B0	1	144071
call	70	4292	70	4803	1	144083
call	70	4295	70	4275	1	144084
call	70	42A4	70	47BB	1	144084
call	70	42A7	70	477F	1	144084
call	70	42AA	00	06D1	1	144084
call	70	42B0	00	06D1	1	144084
call	70	42C0	00	20E8	1	144101
call	70	4353	70	427D	36	144104
call	70	4418	70	44B0	2	60568
call	70	441D	70	4803	2	60581
call	70	4420	70	4275	2	60582
call	70	442F	70	47BB	2	60582
call	70	4432	70	477F	2	60582
call	70	4435	00	06D1	2	60582
call	70	443B	00	06D1	2	60582
call	70	444B	00	20E8	2	60599
call	70	446E	00	20AC	2	60720
call	70	447B	70	4803	2	60720
call	70	4480	70	4285	240	60601
call	70	4496	70	477F	208	60722
call	70	4499	70	4285	208	60722
call	70	449D	00	06D1	2	60826
call	70	44A3	70	4613	2	60841
call	70	44B0	00	06D1	9	60126
call	70	44E2	00	06D1	9	60126
call	70	44F4	00	06D1	9	60127
call	70	4506	00	06D1	9	60128
call	70	4518	00	06D1	9	60129
call	70	452A	00	06D1	9	60130
call	70	453C	00	06D1	9	60131
call	70	454E	00	06D1	9	60132
call	70	4560	00	06D1	9	60133
call	70	4572	00	06D1	9	60134
call	70	4583	00	06D1	9	60135
call	70	4594	00	06D1	9	60135
call	70	45A5	00	06D1	9	60135
call	70	45AB	70	4638	9	60135
call	70	45B8	00	06D1	9	60137
call	70	45C4	00	0A65	9	60137
call	70	45D1	00	06D1	9	60137
call	70	45DD	00	0A65	9	60137
call	70	45F6	00	06D1	9	60137
call	70	4602	00	0A65	9	60137
call	70	4605	00	047A	9	60137
call	70	460F	00	0392	9	60138
call	70	4613	00	06D1	6	60841
call	70	4619	00	044B	6	60841
call	70	4623	00	047A	6	60842
call	70	462D	00	0392	6	60843
call	70	4651	00	0787	9	60135
call	70	465D	00	0787	9	60136
call	70	468C	00	0787	15	60138
call	70	4698	00	0787	15	60139
call	70	478E	00	0A65	540	60139
call	70	479C	00	0A65	540	60139
call	70	47A9	00	0A65	525	60582
call	70	47B7	00	0A65	525	60582
call	70	47CB	00	06D1	7	60139
call	70	47DB	00	06D1	7	60139
call	70	47EC	00	06D1	5	60582
call	70	47FC	00	06D1	5	60582
call	70	4818	00	06D1	15	60138
call	70	481E	70	466B	15	60138
call	72	4015	00	06D1	18	33570
call	72	401B	00	06D1	18	33582
call	72	4021	00	06D1	18	33592
call	72	4051	00	06D1	11	128952
call	72	4057	00	06D1	11	128952
call	72	4069	00	06D1	11	128953
call	72	407A	00	06D1	11	128954
call	72	408B	00	06D1	11	128954
call	72	409C	00	06D1	11	128954
call	72	40AF	00	047A	11	128954
call	72	40B5	00	06D1	11	128955
call	72	40BC	00	0392	11	128955
call	72	40D2	00	06D1	11	128955
call	72	40E0	00	0A45	11	128955
call	72	40F6	72	43A7	11	128955
call	72	4106	00	04D8	11	128955
call	72	4112	00	06D1	11	128955
call	72	4119	00	0392	11	128955
call	72	4128	00	06D1	11	128955
call	72	413A	00	06D1	11	128955
call	72	414C	00	06D1	11	128956
call	72	4154	00	06D1	11	128957
call	72	4169	00	050C	11	128958
call	72	4175	00	050C	11	128958
call	72	4178	00	047A	11	128958
call	72	4182	00	0392	11	128959
call	72	4190	00	06D1	11	128959
call	72	4198	00	07CB	11	128961
call	72	419B	00	047A	11	128962
call	72	41A5	00	0392	11	128963
call	72	41B2	00	20AC	11	128963
call	72	41C8	00	06D1	11	128963
call	72	41D8	00	06D1	9	33570
call	72	41DE	00	06D1	9	33570
call	72	41F0	00	06D1	9	33571
call	72	4201	00	06D1	9	33572
call	72	4212	00	06D1	9	33572
call	72	4223	00	06D1	9	33572
call	72	4236	00	047A	9	33572
call	72	423C	00	06D1	9	33573
call	72	4243	00	0392	9	33573
call	72	4259	00	06D1	9	33573
call	72	4267	00	0A45	9	33573
call	72	427D	72	43A7	9	33573
call	72	4287	00	04D8	9	33573
call	72	4293	00	06D1	9	33573
call	72	42A2	00	06D1	9	33573
call	72	42A9	00	0392	9	33573
call	72	42B8	00	06D1	9	33573
call	72	42CA	00	06D1	9	33573
call	72	42DD	00	06D1	9	33574
call	72	42F0	00	04D8	9	33575
call	72	42F3	00	0392	9	33575
call	72	4303	00	06D1	9	33575
call	72	4315	00	06D1	9	33575
call	72	431D	00	06D1	9	33576
call	72	4332	00	050C	9	33577
call	72	433E	00	050C	9	33577
call	72	4341	00	047A	9	33577
call	72	434B	00	0392	9	33578
call	72	4359	00	06D1	9	33578
call	72	4361	00	07CB	9	33580
call	72	4364	00	047A	9	33581
call	72	436E	00	0392	9	33582
call	72	437B	00	20AC	9	33582
call	72	4391	00	06D1	9	33582
call	72	43A7	00	0545	20	33573
call	72	43B9	00	09E6	2	184687
call	72	43E7	00	0A65	2	137615
call	72	43F2	00	0A65	6	128955
call	72	43FC	72	4424	8	128955
call	72	440D	00	0A65	9	33573
call	72	4418	00	0A65	1	202613
call	72	444F	00	0392	20	33592
call	72	4470	00	0526	11	128964
call	72	447C	00	0526	11	128964
call	72	4481	00	06D1	11	128964
call	72	448F	00	0A45	11	128965
call	72	4492	00	047A	11	128965
call	72	449C	00	0392	11	128966
call	72	449F	00	06D1	11	128966
call	72	44A7	00	07CB	11	128966
call	72	44B5	00	06D1	11	128967
call	72	44BB	00	047A	11	128969
call	72	44C5	00	0392	11	128970
call	72	44CB	00	09E6	11	128970
call	72	44D6	00	06D1	11	128970
call	72	44FC	00	0526	9	33592
call	72	4508	00	0526	9	33592
call	72	450D	00	06D1	9	33592
call	72	451B	00	0A45	9	33593
call	72	451E	00	047A	9	33593
call	72	4528	00	0392	9	33594
call	72	452B	00	06D1	9	33594
call	72	4533	00	07CB	9	33594
call	72	4541	00	06D1	9	33595
call	72	4547	00	047A	9	33597
call	72	4551	00	0392	9	33598
call	72	4557	00	09E6	9	33598
call	72	4562	00	06D1	9	33598
call	72	4578	00	06D1	456	33582
call	72	457E	00	06D1	456	33582
call	72	4584	00	044B	456	33582
call	72	4587	00	06D1	456	33583
call	72	458D	00	06D1	456	33583
call	72	4593	00	056A	456	33583
call	72	45C3	00	20AC	1	205740
call	72	45D8	00	0A65	1	205740
call	72	45F4	00	20AC	9	85108
call	72	4610	00	20AC	9	33592
call	72	473A	00	050C	11	128952
call	72	4758	00	050C	9	33570
call	72	4776	00	050C	11	128966
call	72	4794	00	050C	9	33594
call	72	47B5	00	08B7	22	128957
call	72	47C0	00	0749	22	128957
call	72	47CC	00	0749	22	128958
call	72	47D0	00	0392	22	128958
call	72	47E6	00	08B7	18	33576
call	72	47F1	00	0749	18	33576
call	72	47FD	00	0749	18	33577
call	72	4801	00	0392	18	33577
call	72	4805	00	047A	20	33570
call	72	4820	00	0392	20	33571
call	72	4851	00	06D1	40	33578
call	72	4857	00	047A	40	33578
call	72	4868	00	0392	40	33579
call	72	489F	00	06D1	40	33595
call	72	48A5	00	047A	40	33595
call	72	48B6	00	0392	40	33596
call	73	5F2A	00	06D1	37	7289
call	73	5F30	00	044B	37	7289
call	73	5F3A	00	04D8	37	7290
call	73	5F42	00	1620	37	7290
call	73	5F5E	00	06D1	37	7290
call	73	5F70	00	06D1	37	7291
call	73	5F82	00	06D1	37	7292
call	73	5F94	00	06D1	37	7293
call	73	5FA6	00	06D1	37	7294
call	73	5FB7	00	06D1	37	7295
call	73	5FC8	00	06D1	37	7295
call	73	5FCE	73	61D5	37	7295
call	73	5FDB	00	06D1	37	7297
call	73	5FE7	00	0A65	37	7297
call	73	5FF4	00	06D1	37	7297
call	73	6000	00	0A65	37	7297
call	73	600E	00	06D1	37	7297
call	73	601F	00	06D1	37	7297
call	73	6025	00	044B	37	7297
call	73	603C	00	04D8	37	7298
call	73	604B	00	06D1	37	7298
call	73	605C	00	082C	37	7299
call	73	605F	00	06D1	37	7300
call	73	6065	00	06D1	37	7300
call	73	606B	73	62AA	37	7316
call	73	6078	00	20E8	37	7321
call	73	607E	00	06D1	2178	7321
call	73	6084	00	044B	2178	7321
call	73	6087	00	06D1	2177	7321
call	73	608D	00	06D1	2177	7321
call	73	6093	00	056A	2177	7321
call	73	60D7	00	06D1	2118	7321
call	73	60E1	73	6180	44	7388
call	73	60E4	73	6265	2118	7321
call	73	611E	00	20AC	20	59304
call	73	6124	00	06D1	20	59304
call	73	612A	00	06D1	19	59333
call	73	6139	00	06D1	19	59335
call	73	6159	00	20AC	16	7608
call	73	615F	00	06D1	16	7608
call	73	6165	00	06D1	16	7640
call	73	6172	00	06D1	16	7642
call	73	619D	73	61D5	7	7432
call	73	61A0	73	62AA	7	7433
call	73	61AD	00	20AC	7	7437
call	73	61BE	73	61D5	12	59664
call	73	61C1	73	62AA	12	59665
call	73	61CE	00	20AC	12	59669
call	73	61F0	00	06D1	40	7295
call	73	620B	00	06D1	40	7295
call	73	6211	00	06D1	40	7295
call	73	6217	73	6265	40	7295
call	73	621C	00	082C	40	7296
call	73	6235	00	06D1	16	7432
call	73	6250	00	06D1	16	7432
call	73	6256	00	06D1	16	7432
call	73	625C	73	6265	16	7432
call	73	6261	00	082C	16	7432
call	73	6290	00	06D1	105	7295
call	73	6298	00	082C	105	7295
call	73	62B7	73	62D2	16	7433
call	73	62CB	00	06D1	56	7316
call	74	4177	00	10E9	37	18394
call	74	420D	00	06D1	37	18387
call	74	4219	00	06D1	37	18387
call	74	4241	00	06D1	37	18387
call	74	4247	00	06D1	37	18394
call	74	424D	00	06D1	37	18394
call	74	425A	00	06D1	38	18384
call	74	4266	00	06D1	38	18384
call	74	428F	00	06D1	38	18384
call	74	42AD	00	04D8	75	18384
call	74	42B0	00	0392	75	18384
call	74	42BB	00	0622	75	18384
call	74	42C2	00	04D8	75	18384
call	74	42C5	00	0392	75	18384
call	74	42D1	00	063D	75	18384
call	74	42DB	00	04D8	75	18384
call	74	42DE	00	0392	75	18385
call	74	42E1	00	06D1	75	18385
call	74	42E7	00	06D1	75	18385
call	74	42ED	00	06D1	75	18385
call	74	42F7	00	06D1	75	18385
call	74	4300	00	063D	75	18385
call	74	4307	00	0392	9204	18385
call	74	43C4	00	0392	75	18387
call	74	43C7	00	06D1	75	18387
call	74	43CD	00	06D1	75	18387
call	74	43DF	00	0622	74	18387
call	74	4432	00	10E9	1253	18385
call	74	4441	00	0622	1249	18385
call	74	4446	00	063D	1249	18385
call	74	447B	00	1119	306	18385
call	74	44D8	00	10E9	75	18385
call	74	44E5	74	4530	75	18385
call	74	4538	00	0622	75	18385
call	74	4546	00	0622	75	18385
call	74	45B5	00	050C	75	18385
call	74	45C6	00	063D	75	18385
call	74	45CA	00	050C	75	18385
call	74	4609	00	0392	26	144143
call	74	4698	00	06D1	1	144143
call	74	469E	00	06D1	1	144143
call	74	46AF	00	1119	1	144143
call	74	4718	00	06D1	6	143828
call	74	471E	00	06D1	6	143828
call	74	472E	00	06D1	2	144144
call	74	4734	00	06D1	2	144144
call	74	4764	00	1119	1	144144
call	74	47AA	00	06D1	5	143828
call	74	47B0	00	06D1	5	143828
call	74	485D	00	06D1	2	143829
call	74	4867	00	06D1	2	144144
call	74	486D	00	06D1	2	144144
call	74	4879	00	06D1	1	144144
call	74	4935	00	06D1	1	144145
call	74	493F	00	06D1	9	143829
call	74	4A32	00	06D1	354	18386
call	74	4AB8	00	06D1	203	18386
call	74	4AD5	00	06D1	205	18386
call	74	4ADE	00	1119	205	18386
call	74	4B41	00	06D1	205	18386
call	74	4B5C	00	06D1	205	18386
call	74	4B9B	00	1119	159	18387
call	74	4BD8	00	06D1	159	18387
call	74	4BDE	00	06D1	159	18387
call	74	4BE9	00	0545	159	18387
call	74	4CA6	00	06D1	75	18386
call	74	4CAC	00	06D1	75	18386
call	74	4CC8	00	1119	75	18386
call	74	4CF9	00	06D1	75	18386
call	74	4D55	00	063D	75	18386
call	74	4D99	00	06D1	75	18386
call	74	4D9F	00	06D1	75	18386
call	74	4FAA	00	06D1	9	143829
call	74	4FB0	00	06D1	9	143829
call	74	4FD4	00	06D1	2	143916
call	74	4FDB	00	06D1	5	143828
call	74	4FE1	00	06D1	5	143828
call	74	4FEB	00	06D1	5	143828
call	74	4FFA	00	0392	27	144144
call	74	50AC	00	10E9	6	144144
call	74	50BB	00	0622	5	144144
call	74	50C0	00	063D	5	144144
call	74	50F5	00	1119	2	144144
call	74	5252	00	06D1	292449	18387
call	74	5260	00	06D1	292449	18387
call	74	528A	00	0622	74	18387
call	74	528F	00	063D	74	18387
call	74	5393	00	0392	594	18394
call	74	5398	00	0622	594	18394
call	74	542E	00	0622	196	18389
call	74	5431	74	5663	196	18389
call	74	5438	00	0622	196	18389
call	74	5456	00	063D	819	18389
call	74	5460	74	5548	594	18389
call	74	5483	00	0622	594	18389
call	74	5486	00	0392	4280	18389
call	74	54EE	74	5528	351	18389
call	74	54F1	74	55BE	351	18389
call	74	5502	74	5528	243	18389
call	74	5505	74	55BE	243	18389
call	74	550B	74	5663	243	18389
call	74	5516	00	063D	243	18389
call	74	553B	00	0622	594	18389
call	74	557D	00	0622	594	18389
call	74	55BA	74	55BE	594	18389
call	74	55C7	74	57AD	390	18389
call	74	55CB	00	0392	1188	18389
call	74	5671	74	586E	439	18389
call	74	56D0	00	0622	438	18389
call	74	56D3	00	0392	4213	18389
call	74	57B3	74	586E	390	18389
call	74	57C6	00	0622	390	18389
call	74	57C9	00	0392	3875	18389
call	74	589D	00	0622	902	18389
call	74	58A1	00	0392	8738	18389
call	74	5981	00	0392	9	41052
call	74	59CA	00	10E9	9	41052
call	74	59F2	00	050C	9	41052
call	74	5A19	74	5A76	9	41052
call	74	5AB3	74	5AF8	205	18386
call	74	5B4F	00	0622	112	18385
call	75	4066	75	40B4	254	170
call	75	4244	75	4029	73	44
call	75	4277	75	40DC	73	44
call	75	427A	75	44B5	73	44
call	75	435A	75	40DC	36	170
call	75	4365	75	4000	36	170
call	75	4382	75	5F6C	36	170
call	75	4385	75	44B5	36	170
call	75	43C4	75	4397	16	10035
call	75	43CB	75	4397	16	10035
call	75	43D2	75	4397	16	10035
call	75	43E8	75	40DC	16	10035
call	75	43F4	75	448A	16	10035
call	75	43F9	75	5F6C	16	10035
call	75	4404	75	4000	16	10035
call	75	440D	75	4007	16	10035
call	75	441E	75	400F	16	10035
call	75	442F	75	44B5	16	10035
call	75	4492	75	4000	16	10035
call	75	44AD	75	400F	16	10035
call	75	44B9	75	4390	144	44
call	75	44FC	75	5F10	8	53290
call	75	452B	75	673A	6	10331
call	75	453A	75	4000	6	10331
call	75	4544	75	5F6C	6	10331
call	75	454F	75	4000	6	10331
call	75	4561	75	4007	6	10331
call	75	4565	75	5F6C	6	10331
call	75	4572	75	5F10	6	10331
call	75	457F	75	459B	16	10034
call	75	4589	75	459B	19	9872
call	75	4593	75	459B	16	10034
call	75	45C5	75	40DC	19	9872
call	75	45D1	75	44B5	19	9872
call	75	4656	75	4000	14	10287
call	75	4661	75	4000	14	10287
call	75	466C	75	400F	14	10287
call	75	4673	75	5F6C	14	10287
call	75	46BB	75	5F10	14	10287
call	75	470E	75	4397	4	10287
call	75	4723	75	4000	4	10287
call	75	472E	75	4000	4	10287
call	75	4739	75	4007	4	10287
call	75	4751	75	4000	4	10287
call	75	4754	75	6974	4	10287
call	75	4781	75	4397	3	54725
call	75	4788	75	4397	3	54725
call	75	4791	75	673A	3	54725
call	75	47A0	75	4000	3	54725
call	75	47AA	75	5F6C	3	54725
call	75	47B5	75	4000	3	54725
call	75	47C9	75	4007	3	54725
call	75	47CD	75	4007	3	54725
call	75	47DD	75	6974	3	54725
call	75	47E5	75	5F6C	3	54725
call	75	47F5	75	5F10	3	54725
call	75	4833	75	673A	6	54739
call	75	484A	75	4000	6	54739
call	75	4857	75	5F6C	6	54739
call	75	4862	75	4000	6	54739
call	75	487B	75	4007	3	54739
call	75	4883	75	5F6C	3	54739
call	75	4893	75	5F10	3	54739
call	75	48B8	75	673A	2	82639
call	75	48C7	75	4000	2	82639
call	75	48D1	75	5F6C	2	82639
call	75	48DC	75	4000	2	82639
call	75	48EE	75	4007	2	82639
call	75	48F2	75	5F6C	2	82639
call	75	48FF	75	5F10	2	82639
call	75	4928	75	4397	5	87107
call	75	492F	75	4397	5	87107
call	75	4940	75	4000	5	87107
call	75	4948	75	4007	5	87107
call	75	4963	75	4000	5	87107
call	75	496A	75	6974	5	87107
call	75	4979	75	400F	5	87107
call	75	497C	75	6974	5	87107
call	75	498B	75	4000	5	87107
call	75	4996	75	4000	5	87107
call	75	49A1	75	4000	5	87107
call	75	49C5	75	673F	3	87130
call	75	49D0	75	4000	3	87130
call	75	49E2	75	4007	3	87130
call	75	49E6	75	5F6C	3	87130
call	75	49F3	75	5F10	3	87130
call	75	4C5E	75	673F	5	87352
call	75	4C69	75	4000	5	87352
call	75	4C7B	75	4007	5	87352
call	75	4C87	75	4D3C	5	87352
call	75	4C8B	75	5F6C	5	87352
call	75	4C98	75	5F10	5	87352
call	75	4D02	75	4000	10	87135
call	75	4D14	75	4007	10	87135
call	75	4D20	75	4D3C	10	87135
call	75	4D24	75	5F6C	10	87135
call	75	4D31	75	5F10	10	87135
call	75	4DD5	75	4000	15	87135
call	75	4ED8	75	51DC	5	60451
call	75	5648	75	5693	70	308
call	75	564B	75	4029	70	308
call	75	587A	75	58CE	2972	52
call	75	5890	75	58CE	20123	52
call	75	58A1	75	5671	2972	52
call	75	58E2	75	5671	23095	52
call	75	58EF	75	5B46	743	52
call	75	58F2	75	6149	654147	44
call	75	5983	75	5FA0	70	10131
call	75	5997	75	5693	141	169
call	75	5A0C	75	5F10	144	51
call	75	5C06	75	4000	142	186
call	75	5CFD	75	4000	71	10297
call	75	5D39	75	4000	11	10291
call	75	5D8A	75	5DE2	70	10132
call	75	5D8D	75	5E1E	70	10132
call	75	5DD3	75	5DE2	16	10061
call	75	5DD6	75	5E1E	16	10061
call	75	5F10	75	40B4	888	44
call	75	5F75	75	5F96	2732	170
call	75	5F7C	75	5F96	940	170
call	75	5FE9	75	5F10	71	10131
call	75	62D3	75	4000	16	10059
call	75	62DB	75	4000	16	10059
call	75	62F2	75	4000	16	10059
call	75	62F6	75	5F6C	16	10059
call	75	63FF	75	67F7	12	10333
call	75	6443	75	4000	9	10336
call	75	644C	75	5F6C	9	10336
call	75	6463	75	5F6C	11	10291
call	75	6561	75	5F6C	2	143795
call	75	659D	75	65CD	2	143795
call	75	65A0	75	66A1	2	143795
call	75	65A8	75	653A	2	143795
call	75	6603	75	4000	2	143795
call	75	660D	75	5F6C	2	143795
call	75	6618	75	4000	2	143795
call	75	6633	75	5F6C	4	10294
call	75	6636	75	673A	4	10294
call	75	6646	75	5F6C	4	10294
call	75	664C	75	67DB	4	10294
call	75	666E	75	5F6C	5	87116
call	75	6671	75	673A	5	87116
call	75	6681	75	5F6C	5	87116
call	75	6691	75	5F6C	5	87116
call	75	6697	75	67DB	5	87116
call	75	66AE	75	4007	2	143795
call	75	66BF	75	4007	2	143800
call	75	66C7	75	4000	2	143800
call	75	6768	75	67F7	4	10297
call	75	6770	75	6B27	4	10297
call	75	677D	75	673A	4	10297
call	75	67A5	75	67F7	8	10299
call	75	67AD	75	6B27	4	10301
call	75	67F7	75	681D	86	10297
call	75	6809	75	681D	18	87153
call	75	6840	75	4000	67	10297
call	75	685A	75	67F7	12	54729
call	75	686C	75	673A	6	54732
call	75	6887	75	4007	3	54732
call	75	688D	75	400F	3	54732
call	75	689D	75	6974	3	54732
call	75	68A5	75	5F6C	3	54732
call	75	68B8	75	68E9	3	54738
call	75	6903	75	7444	15	54744
call	75	6917	75	673A	3	54769
call	75	6924	75	5F6C	3	54769
call	75	6929	75	67F7	3	54772
call	75	6939	75	6B27	3	54772
call	75	694B	75	68E9	3	54772
call	75	695D	75	67F7	6	54741
call	75	6965	75	6B27	3	54744
call	75	698D	75	67F7	4	82641
call	75	69C0	75	67F7	5	87119
call	75	69CC	75	673A	4	87119
call	75	69E0	75	67F7	8	87122
call	75	69EC	75	673A	4	87124
call	75	69FD	75	67F7	8	87127
call	75	6A0E	75	68E9	4	87129
call	75	6A70	75	67F7	6	87131
call	75	6A82	75	6AC2	3	87134
call	75	6A92	75	6AC2	3	87134
call	75	6B39	75	6B76	16	10297
call	75	6B3C	75	6B76	16	10297
call	75	6B3F	75	6B76	16	10297
call	75	6BD5	75	67F7	10	87368
call	75	6CC2	75	4000	10	87153
call	75	6CD3	75	4000	10	87153
call	75	6D00	75	6809	18	87153
call	75	6D1C	75	68E9	10	87159
call	75	6DDE	75	6F77	2	143816
call	75	6F97	75	6B27	2	143816
call	75	6FB7	75	700D	6	143816
call	75	6FBA	75	7040	6	143816
call	75	6FBD	75	705E	6	143816
call	75	6FC0	75	708C	6	143816
call	75	6FC3	75	719F	6	143816
call	75	6FC6	75	71B8	6	143816
call	75	6FCA	75	72A0	6	143816
call	75	7006	75	70A3	2	143816
call	75	7011	75	72B9	6	143816
call	75	7044	75	72AB	6	143816
call	75	7062	75	72AB	6	143816
call	75	7090	75	72AB	6	143816
call	75	70AA	75	72A0	6	143816
call	75	7142	75	4000	2	143816
call	75	717B	75	4000	2	143816
call	75	71A3	75	72AB	6	143816
call	75	71BC	75	72AB	6	143816
call	75	72C1	75	72D5	6	143816
call	75	73BE	75	7444	4	143797
call	75	73CE	75	4000	2	143800
call	75	73D8	75	5F6C	2	143800
call	75	73E3	75	4000	2	143800
call	75	73F9	75	66B6	2	143800
call	75	7403	75	66BC	2	143800
call	75	740B	75	5F6C	2	143800
call	75	7471	75	4000	11	54744
call	75	747E	75	5F6C	11	54744
call	75	755A	75	4000	51	9898
call	75	7561	75	7554	19	9898
call	75	7569	75	400F	19	9898
call	75	7571	75	7554	16	10034
call	75	757E	75	7554	16	10034
call	75	7584	75	75AD	16	10034
call	75	758C	75	400F	16	10034
call	75	7593	75	75AD	16	10034
call	75	759B	75	400F	16	10034
call	75	75A2	75	75AD	16	10034
call	75	75BC	75	75E2	16	10034
call	75	7663	75	5F6C	36	186
call	75	7E66	75	5FA0	1	64393
call	7C	7B7C	00	06D1	44	654
call	7C	7B85	00	06D1	103	654
call	7C	7B8B	00	0545	101	755
call	7C	7B9A	00	06D1	35	755
call	7C	7BA3	00	06D1	19	7287
call	7C	7BAE	00	06D1	22	2999
call	7C	7BB7	00	06D1	35	755
call	7C	7BC0	00	06D1	99	755
call	7C	7BC6	00	0545	97	887
call	7C	7BDE	00	06D1	42	1063
call	7C	7BE4	00	06D1	42	1063
call	7C	7BEE	00	06D1	19	83563
call	7C	7C6A	00	06D1	42	1063
call	7C	7C80	00	06D1	16	21715
call	7C	7C9C	00	06D1	8	103231
call	7C	7CA7	00	06D1	8	21715
call	7C	7CE6	00	06D1	5	14007
call	7C	7CED	00	06D1	5	14007
call	7C	7CFA	00	06D1	9	33535
call	7C	7D00	00	06D1	9	33535
call	7C	7D15	00	06D1	9	33535
call	7C	7D57	00	06D1	72	5274
call	7C	7D5D	00	0545	72	5317
call	7C	7D70	00	06D1	20	35721
call	7C	7D79	00	06D1	7	5845
call	7C	7D82	00	06D1	9	34281
call	7C	7DFF	00	06D1	9	35601
call	7D	7BBA	7D	7BC1	96993	327
call	7D	7BC1	7D	7B7C	133129	327
call	7E	7CCB	7E	7BA3	44	54724
call	7E	7D75	00	0392	602	143825
call	7F	4007	7F	400E	6215	14023
call	7F	400A	00	0DB9	6215	14023
call	7F	405F	00	06D1	13914	5850
call	7F	4065	7F	4072	13914	5850
call	7F	4068	7F	40B0	13914	5850
call	7F	406B	7F	40B9	13914	5850
call	7F	406E	00	0DE2	13914	5850
call	7F	40DF	7F	41D0	13914	5850
call	7F	40EC	7F	41D0	13914	5850
call	7F	42C5	7F	41EA	38884	5850
call	7F	7116	00	06D1	110	127460
call	7F	711D	00	06D1	110	127460
call	7F	713A	00	06D1	99	127479
call	7F	7141	00	06D1	99	127479
call	7F	7168	00	06D1	41	116516
call	7F	716F	00	06D1	41	116516
call	7F	7197	00	06D1	66	127119
call	7F	719E	00	06D1	66	127119
call	7F	71C6	00	06D1	110	103292
call	7F	71CD	00	06D1	110	103292
call	7F	71F5	00	06D1	99	115058
call	7F	71FC	00	06D1	99	115058
call	7F	720D	00	06D1	55	14128
call	7F	7214	00	06D1	55	14128
call	7F	7225	00	06D1	55	14306
call	7F	722C	00	06D1	55	14306
irq	00	0040	00	0040	232083	17
irq	00	0048	00	0048	4176953	682
irq	00	0050	00	0050	654147	44
irq	00	0058	00	0058	49245	44
jphl	00	0550	1A	416D	1527	4040
jphl	00	0550	1A	4177	21	18368
jphl	00	0550	1A	41CA	13	4068
jphl	00	0550	1A	41E2	20	41364
jphl	00	0550	1C	401D	44	654
jphl	00	0550	1C	4028	42	5274
jphl	00	0550	1D	41AA	3395	787
jphl	00	0550	1D	41BD	73	1032
jphl	00	0550	1D	41EC	25	856
jphl	00	0550	1D	4217	19	1296
jphl	00	0550	1F	41F3	5161	684
jphl	00	0550	1F	4217	77	724
jphl	00	0550	1F	425A	25	5080
jphl	00	0550	1F	428B	20	5036
jphl	00	0550	1F	428E	17	33880
jphl	00	0550	4C	4291	40	5980
jphl	00	0550	4C	42F7	16	59355
jphl	00	0550	4C	4312	23	5996
jphl	00	0550	4C	460D	1	143830
jphl	00	0550	4C	46C4	9	60126
jphl	00	0550	4C	46CD	4	27822
jphl	00	0550	4C	46E2	2872	60126
jphl	00	0550	4C	46EB	884	27822
jphl	00	0550	4C	4FFF	821	18470
jphl	00	0550	4C	501E	26	40980
jphl	00	0550	4C	509A	24	18476
jphl	00	0550	4C	50DD	7	41028
jphl	00	0550	4C	50E0	4	41268
jphl	00	0550	4E	49A1	1	143919
jphl	00	0550	4E	4AEC	34	143995
jphl	00	0550	4E	4B0E	1	144052
jphl	00	0550	4E	5009	33	6241
jphl	00	0550	4E	5018	2	60568
jphl	00	0550	4F	41C2	2671	27
jphl	00	0550	4F	4261	22746	27
jphl	00	0550	4F	46A4	16	7642
jphl	00	0550	4F	46A5	15	59335
jphl	00	0550	4F	46BA	4	60991
jphl	00	0550	51	4199	402	10636
jphl	00	0550	51	41BB	13	10732
jphl	00	0550	51	41BE	1	83100
jphl	00	0550	5C	523B	146	60533
jphl	00	0550	5C	524C	8	60552
jphl	00	0550	5C	5264	2	135856
jphl	00	0550	65	4958	4802	5894
jphl	00	0550	65	495B	89	5960
jphl	00	0550	65	4974	41	6312
jphl	00	0550	65	4999	21	34776
jphl	00	0550	65	499B	12	5916
jphl	00	0550	69	4051	1	143975
jphl	00	0550	69	406D	1	144047
jphl	00	0550	69	4118	1	143975
jphl	00	0550	69	414D	491	33582
jphl	00	0550	6C	41D5	5976	3031
jphl	00	0550	6C	41E5	87	3056
jphl	00	0550	6C	425A	36	4376
jphl	00	0550	6C	429C	64	3804
jphl	00	0550	6C	5D07	5069	3138
jphl	00	0550	6C	5D09	90	3276
jphl	00	0550	6C	5D30	42	3408
jphl	00	0550	6C	5D5A	15	37418
jphl	00	0550	6C	5D9C	25	3188
jphl	00	0550	72	43B6	2	184687
jphl	00	0550	72	43DC	8	128955
jphl	00	0550	72	4407	9	33573
jphl	00	0550	72	4412	1	202613
jphl	00	0550	72	45A0	436	33583
jphl	00	0550	72	45EA	9	85108
jphl	00	0550	72	4600	2	137632
jphl	00	0550	72	4606	9	33592
jphl	00	0550	73	60A0	2118	7321
jphl	00	0550	73	6114	20	59304
jphl	00	0550	73	614F	16	7608
jphl	00	0550	73	617A	16	7344
jphl	00	0550	73	617D	7	7564
jphl	00	0550	74	4C2E	159	18387
jphl	00	0550	7C	7B99	25	5111
jphl	00	0550	7C	7B9A	35	755
jphl	00	0550	7C	7BA3	19	7287
jphl	00	0550	7C	7BAC	22	2999
jphl	00	0550	7C	7BDA	42	1063
jphl	00	0550	7C	7C7C	16	21715
jphl	00	0550	7C	7CE2	5	14007
jphl	00	0550	7C	7CF6	9	33535
jphl	00	0550	7C	7D1E	25	887
jphl	00	0550	7C	7D6F	27	5317
jphl	00	0550	7C	7D70	20	35721
jphl	00	0550	7C	7D79	7	5845
jphl	00	0550	7C	7D82	9	34281
jphl	00	0550	7C	7DFF	9	35601
jphl	00	0EEF	00	0F68	779	5853
jphl	00	0EEF	00	0F9D	1783	5864
jphl	04	45DA	04	45DB	5314	44
jphl	04	45DA	04	4777	544	1440
jphl	04	45DA	04	479B	372	2284
jphl	04	45DA	04	47A3	1072	873
jphl	04	45DA	04	47E3	5537	44
jphl	04	45DA	04	483A	8561	44
jphl	04	45DA	04	484E	19516	44
jphl	04	45DA	04	4896	30443	633
jphl	04	45DA	04	48D5	2278	637
jphl	04	45DA	04	48EC	651	603
jphl	04	45DA	04	4925	596	603
jphl	04	45DA	04	492A	8561	44
jphl	04	45DA	04	4970	655	603
jphl	04	45DA	04	4A27	4	41832
jphl	04	45DA	04	4B66	2	166114
jphl	0E	4093	0E	40A2	36	327
jphl	0E	4093	0E	40CA	4740	364
jphl	0E	4093	0E	410C	8	545
jphl	0E	4093	0E	411A	88	577
jphl	0E	4093	0E	417B	4748	603
jphl	0E	4093	0E	41FE	86	637
jphl	0F	425F	0F	426D	10	87160
jphl	0F	425F	0F	4340	10	87160
jphl	0F	425F	0F	4BC0	2	87212
jphl	0F	425F	0F	4E66	21	54724
jphl	4E	589A	4E	58AC	459	18420
jphl	55	5FC7	55	5FD0	182	57381
jphl	55	5FC7	55	5FF4	247	57333
jphl	55	5FC7	55	5FFD	298	14445
jphl	55	5FC7	55	6020	335	14193
jphl	55	6086	55	608F	155	57381
jphl	55	6086	55	60A0	200	57333
jphl	55	6086	55	60B1	225	14445
jphl	55	6086	55	60C2	255	14193
jphl	55	60F0	55	60F9	27	72261
jphl	55	60F0	55	610A	47	57733
jphl	55	60F0	55	611B	73	15093
jphl	55	60F0	55	612C	80	27665
jphl	55	66D8	55	6755	102	27212
jphl	55	66D8	55	6858	17	127454
jphl	55	66D8	55	696B	24	14122
jphl	55	66D8	55	6A7E	10	103286
jphl	55	66D8	55	6AC9	8	128908
jphl	55	6868	55	6871	10	127454
jphl	55	6868	55	68AA	4	128629
jphl	55	6868	55	68E3	2	181117
jphl	55	6868	55	691C	1	204221
jphl	55	697B	55	6984	14	14122
jphl	55	697B	55	69BD	5	14805
jphl	55	697B	55	69F6	3	15201
jphl	55	697B	55	6A2F	2	15525
jphl	63	402C	63	403D	2617	5850
jphl	63	402C	63	4043	1495	5852
jphl	63	402C	63	4049	1773	5851
jphl	63	402C	63	404F	1754	5850
jphl	63	402C	63	4055	1694	5853
jphl	63	402C	63	405B	1429	5851
jphl	63	402C	63	4061	1701	5850
jphl	63	402C	63	4067	1451	5851
jphl	65	403B	65	4078	36	324
jphl	65	408A	65	408B	36	324
jphl	67	64AD	67	64B4	36	44
jphl	67	64AD	67	64C7	4536	45
jphl	67	64AD	67	64F5	4968	171
jphl	68	487F	68	4880	36	324
jphl	68	505D	68	5066	72	5274
jphl	68	505D	68	5156	72	5281
jphl	68	505D	68	5172	3073	5298
jphl	68	505D	68	51FD	72	5301
jphl	68	7441	68	744C	4	27822
jphl	68	7441	68	7522	4	27848
jphl	68	7441	68	7544	98	27866
jphl	68	7441	68	7583	4	28063
jphl	68	7441	68	7594	774	27867
jphl	70	40AC	70	40E3	6	60126
jphl	70	40AC	70	411B	6	60156
jphl	70	40AC	70	4121	432	60157
jphl	70	40AC	70	4135	1039	60229
jphl	70	40AC	70	41BF	20	143831
jphl	70	40AC	70	41E8	44	143851
jphl	70	40AC	70	4202	4	62125
jphl	70	40AC	70	4215	60	61825
jphl	70	40AC	70	4235	457	61845
jphl	70	40AC	70	425C	312	62021
jphl	70	40AC	70	428D	1	144071
jphl	70	40AC	70	42C7	1	144103
jphl	70	40AC	70	42CD	36	144104
jphl	70	40AC	70	4418	2	60568
jphl	70	40AC	70	4452	2	60600
jphl	70	40AC	70	4458	240	60601
jphl	70	40AC	70	4484	208	60722
jphl	70	40AC	70	449D	2	60826
jphl	7E	7D8E	7E	7D99	600	143825
jphl	7F	4201	7F	4204	858	18420
jphl	7F	4201	7F	420E	5374	14024
jphl	7F	4201	7F	4218	7469	14022
jphl	7F	4201	7F	421A	240	61013
jphl	7F	4201	7F	424A	196	41004
jphl	7F	4201	7F	4275	24747	5850
ret	HRAM	FF89	-	-	232078	17
ret	00	01B6	-	-	327	44
ret	00	01EC	-	-	49245	44
ret	00	0246	-	-	654145	44
ret	00	0277	-	-	43	54724
ret	00	0349	-	-	72	16
ret	00	0351	-	-	144	16
ret	00	03B9	-	-	1752843	0
ret	00	044A	-	-	232083	17
ret	00	0463	-	-	113656	44
ret	00	0479	-	-	35204	1901
ret	00	0496	-	-	29902	29
ret	00	04D7	-	-	72	16
ret	00	04E0	-	-	13502	8
ret	00	04ED	-	-	3244	1
ret	00	0516	-	-	6183	26
ret	00	0525	-	-	369	324
ret	00	053F	-	-	40	33592
ret	00	05AB	-	-	108	8
ret	00	05BC	-	-	1484	28
ret	00	05EC	-	-	129	1899
ret	00	0601	-	-	36	0
ret	00	0621	-	-	36	0
ret	00	0623	-	-	203834	22
ret	00	0630	-	-	83402	682
ret	00	0636	-	-	1879	18383
ret	00	063C	-	-	2127021	16
ret	00	063E	-	-	389091	43
ret	00	064B	-	-	6409	26
ret	00	0651	-	-	44	18383
ret	00	0657	-	-	600	33578
ret	00	0672	-	-	389099	43
ret	00	0683	-	-	1145654	16
ret	00	06B6	-	-	72	16
ret	00	0779	-	-	6942	27
ret	00	07BA	-	-	20064	24
ret	00	07FA	-	-	297	331
ret	00	085A	-	-	2613	27
ret	00	0886	-	-	24	86117
ret	00	08B6	-	-	101	1899
ret	00	08BB	-	-	121	1899
ret	00	08C0	-	-	2954	26
ret	00	0903	-	-	2349	26
ret	00	091B	-	-	7046	26
ret	00	093A	-	-	921	662
ret	00	09B5	-	-	146924	43
ret	00	09E5	-	-	1503	23
ret	00	0A08	-	-	3325	6239
ret	00	0A19	-	-	148427	23
ret	00	0A64	-	-	42	33573
ret	00	0A81	-	-	8380	26
ret	00	0AB7	-	-	8100	26
ret	00	0AE7	-	-	8100	26
ret	00	0B9C	-	-	11606	102
ret	00	0BBA	-	-	376885	43
ret	00	0BBC	-	-	1668445	43
ret	00	0BFB	-	-	1237	5846
ret	00	0C0D	-	-	2739	661
ret	00	0D66	-	-	64	18400
ret	00	0D91	-	-	352	2881
ret	00	0DB8	-	-	64	18400
ret	00	0DCD	-	-	6215	14023
ret	00	0E31	-	-	13914	5850
ret	00	0EB1	-	-	25166	10171
ret	00	0ED2	-	-	27821	10171
ret	00	0FA1	-	-	1783	5864
ret	00	10B0	-	-	12743	5850
ret	00	10E8	-	-	5082	27265
ret	00	10F3	-	-	1425	18385
ret	00	1118	-	-	1588	5980
ret	00	1154	-	-	544	18385
ret	00	1209	-	-	205	18386
ret	00	1353	-	-	21	18383
ret	00	13FC	-	-	36	18384
ret	00	14A9	-	-	459	18420
ret	00	14C5	-	-	356	5977
ret	00	14F2	-	-	5	14009
ret	00	1519	-	-	15	73670
ret	00	1532	-	-	36	324
ret	00	1585	-	-	45	5999
ret	00	15BC	-	-	8	5977
ret	00	163D	-	-	3335	1063
ret	00	1668	-	-	35592	326
ret	00	1683	-	-	92895	680
ret	00	16C3	-	-	1174	765
ret	00	16CC	-	-	4095152	682
ret	00	16D3	-	-	28814	682
ret	00	172C	-	-	36	22
ret	00	2104	-	-	1203576	8
ret	00	210A	-	-	1203576	8
ret	00	2124	-	-	232744	17
ret	00	2128	-	-	36	0
ret	00	214E	-	-	232744	17
ret	04	4166	-	-	462418	17
ret	04	416B	-	-	457864	17
ret	04	4176	-	-	1374989	17
ret	04	41AB	-	-	709795	17
ret	04	41B0	-	-	637400	17
ret	04	41BF	-	-	1912204	17
ret	04	434B	-	-	5444	43
ret	04	4378	-	-	5443	43
ret	04	4385	-	-	3118	83
ret	04	43DB	-	-	8561	44
ret	04	444A	-	-	36	323
ret	04	453E	-	-	1404	324
ret	04	4543	-	-	225514	17
ret	04	4565	-	-	776	1918
ret	04	4577	-	-	913267	17
ret	04	45E5	-	-	5314	44
ret	04	46E7	-	-	908383	84
ret	04	4818	-	-	5537	44
ret	04	4895	-	-	39445	44
ret	04	4BD3	-	-	373950	17
ret	04	4BD8	-	-	483339	604
ret	04	4BE5	-	-	312282	17
ret	04	4BEA	-	-	43808	84
ret	04	4BF9	-	-	2049	736
ret	04	4BFB	-	-	362009	85
ret	04	4C0A	-	-	62868	87
ret	04	4C1F	-	-	332862	17
ret	04	4DCF	-	-	433821	85
ret	04	4DDE	-	-	34314	84
ret	04	4E03	-	-	68454	84
ret	04	4E33	-	-	68454	84
ret	04	4E3B	-	-	167027	85
ret	04	4E4A	-	-	34609	621
ret	04	4E7C	-	-	22585	603
ret	04	4E9A	-	-	32035	84
ret	04	4EAF	-	-	6314	92
ret	04	4EC9	-	-	7520	84
ret	04	4F2C	-	-	76911	84
ret	04	4F4E	-	-	30141	603
ret	04	4F96	-	-	68454	84
ret	04	4FB7	-	-	30894	603
ret	04	4FBF	-	-	42671	84
ret	04	4FCA	-	-	12595	624
ret	04	4FD3	-	-	13834	84
ret	04	4FE4	-	-	90343	44
ret	04	4FE9	-	-	20803	84
ret	04	5006	-	-	76911	84
ret	04	5028	-	-	167312	44
ret	04	502A	-	-	59999	84
ret	04	5041	-	-	42575	84
ret	04	5043	-	-	171392	84
ret	0E	405E	-	-	81	654
ret	0E	4082	-	-	81	654
ret	0E	40C9	-	-	36	363
ret	0E	410B	-	-	4740	364
ret	0E	4119	-	-	8	576
ret	0E	417A	-	-	88	602
ret	0E	41FD	-	-	4748	603
ret	0E	4209	-	-	86	652
ret	0E	4310	-	-	88	586
ret	0E	432F	-	-	145	585
ret	0E	434A	-	-	145	586
ret	0E	43B0	-	-	36	331
ret	0F	426B	-	-	43	54724
ret	0F	433F	-	-	8	87160
ret	0F	4405	-	-	6	87211
ret	0F	4415	-	-	8	87160
ret	0F	44B1	-	-	6	87211
ret	0F	44CB	-	-	8	87160
ret	0F	44D4	-	-	12	87160
ret	0F	4C37	-	-	4	87212
ret	0F	4CDC	-	-	2	87212
ret	0F	4EDE	-	-	21	54724
ret	0F	4EEC	-	-	2	54725
ret	0F	4F0D	-	-	21	54724
ret	0F	4F26	-	-	21	54724
ret	0F	4F5B	-	-	9	54724
ret	0F	4F5C	-	-	12	54724
ret	0F	4FAA	-	-	9	54724
ret	0F	5023	-	-	12	54724
ret	0F	5059	-	-	21	54724
ret	0F	50B6	-	-	9	54724
ret	0F	5139	-	-	9	54724
ret	0F	5170	-	-	9	54724
ret	0F	5211	-	-	3	54725
ret	0F	59F0	-	-	8	54724
ret	0F	5A06	-	-	106	54724
ret	0F	5A09	-	-	49	54724
ret	0F	5A0C	-	-	1	189873
ret	0F	5D75	-	-	13	54724
ret	0F	5D8B	-	-	2	87212
ret	0F	5D9F	-	-	22	54725
ret	1A	41E1	-	-	9	4083
ret	1A	4214	-	-	2	165809
ret	1A	4219	-	-	8	18332
ret	1A	4262	-	-	7	18801
ret	1A	42AF	-	-	1	153649
ret	1A	42DD	-	-	2	109853
ret	1A	4316	-	-	46	4023
ret	1A	437A	-	-	37	4023
ret	1A	4438	-	-	37	4022
ret	1D	41EB	-	-	66	1063
ret	1D	4216	-	-	21	887
ret	1D	4225	-	-	4	205800
ret	1D	4228	-	-	8	22386
ret	1D	4231	-	-	33	2616
ret	1D	429F	-	-	50	818
ret	1D	42AB	-	-	10	101745
ret	1D	42AE	-	-	6	8313
ret	1D	42FD	-	-	149	765
ret	1D	4309	-	-	47	83486
ret	1D	430C	-	-	58	765
ret	1D	4373	-	-	149	765
ret	1D	437F	-	-	14	101744
ret	1D	4382	-	-	14	8312
ret	1D	439F	-	-	3278	788
ret	1D	43D2	-	-	49	822
ret	1D	43F9	-	-	118	788
ret	1F	4251	-	-	62	755
ret	1F	428A	-	-	23	5111
ret	1F	42A9	-	-	17	7168
ret	1F	42CA	-	-	6	101520
ret	1F	42EA	-	-	34	7124
ret	1F	430C	-	-	7	12712
ret	1F	434A	-	-	59	2883
ret	1F	4395	-	-	13	13797
ret	1F	43B9	-	-	29	2881
ret	1F	43F6	-	-	17	2925
ret	1F	44D4	-	-	161	662
ret	1F	44D9	-	-	568	2883
ret	1F	44DE	-	-	4512	684
ret	1F	4502	-	-	55	2939
ret	1F	452C	-	-	97	662
ret	1F	4531	-	-	32	714
ret	1F	455B	-	-	58	2892
ret	1F	4565	-	-	4594	684
ret	1F	45C9	-	-	567	2884
ret	1F	4666	-	-	59	2881
ret	22	4F23	-	-	56	326
ret	22	4F45	-	-	20	14010
ret	22	4F4F	-	-	36	326
ret	22	4FA8	-	-	20	14012
ret	22	501C	-	-	36	326
ret	22	5034	-	-	20	14012
ret	23	4075	-	-	3	33614
ret	23	4115	-	-	2	183368
ret	23	41A0	-	-	3	90041
ret	23	41DB	-	-	6	86121
ret	23	433B	-	-	21	33570
ret	23	4356	-	-	13	86121
ret	23	43DE	-	-	17	33553
ret	23	4646	-	-	2	86468
ret	23	4658	-	-	5	90332
ret	23	4684	-	-	2	89996
ret	23	46ED	-	-	8	86284
ret	23	4709	-	-	5	86368
ret	23	47BB	-	-	40	33553
ret	23	4A25	-	-	7	89996
ret	23	4B88	-	-	3	183886
ret	23	56A0	-	-	1	87103
ret	23	56EF	-	-	5	87265
ret	23	581D	-	-	5	87264
ret	23	5888	-	-	5	87264
ret	23	58A8	-	-	5	87265
ret	23	58C4	-	-	8	87264
ret	23	5FA2	-	-	8	87265
ret	23	6DEA	-	-	1	87801
ret	23	6EB6	-	-	1	87107
ret	23	6EFF	-	-	2	87107
ret	23	6F21	-	-	904	87110
ret	23	6FD6	-	-	15	87086
ret	24	4218	-	-	1	61206
ret	24	4255	-	-	3	138556
ret	24	4452	-	-	4	61060
ret	24	445B	-	-	8	61035
ret	24	45B6	-	-	8	61035
ret	24	4793	-	-	8	61035
ret	24	47D7	-	-	2	138852
ret	24	47FA	-	-	2	61152
ret	24	483D	-	-	19	61023
ret	24	48C6	-	-	8	61035
ret	24	494B	-	-	4	61023
ret	24	49E2	-	-	56	61004
ret	24	49FF	-	-	949	61002
ret	24	4A53	-	-	26	61022
ret	24	4A78	-	-	104	61019
ret	24	4B0F	-	-	14	61041
ret	24	4DB9	-	-	1	61205
ret	24	4DE0	-	-	3	138772
ret	24	4E70	-	-	4	61158
ret	24	4E84	-	-	3	138772
ret	24	4ECD	-	-	2	138912
ret	24	4F03	-	-	2	138913
ret	24	51A7	-	-	2	138872
ret	24	51CA	-	-	1	61205
ret	24	53FD	-	-	4	61158
ret	25	4ABA	-	-	91	1063
ret	25	53A9	-	-	108	21723
ret	26	45AA	-	-	1	111580
ret	26	4F6A	-	-	1	190169
ret	26	5061	-	-	4	10310
ret	26	50AB	-	-	1	111580
ret	26	5342	-	-	8	10190
ret	26	5343	-	-	1756	10171
ret	26	56B1	-	-	6	10192
ret	26	56F5	-	-	4	111362
ret	26	588D	-	-	2	111459
ret	26	58DB	-	-	12	10192
ret	26	5908	-	-	1715	10192
ret	26	59B5	-	-	41	10173
ret	26	59D7	-	-	12	10192
ret	27	4039	-	-	20	1238
ret	27	41DA	-	-	46	82776
ret	27	41E2	-	-	61	1063
ret	27	4750	-	-	6057	1918
ret	27	4D4D	-	-	38	1917
ret	28	404B	-	-	10	22048
ret	28	41CA	-	-	14	21824
ret	28	4281	-	-	112	21787
ret	28	429E	-	-	80	21785
ret	28	42B6	-	-	2528	21786
ret	29	4079	-	-	7	53732
ret	29	41AC	-	-	8	10836
ret	29	421D	-	-	8	10794
ret	29	4305	-	-	8	10836
ret	29	4607	-	-	10	11188
ret	29	4744	-	-	11	11168
ret	29	47B1	-	-	8	11151
ret	29	4B7E	-	-	1	88462
ret	29	4C95	-	-	3	88461
ret	29	4D00	-	-	3	88461
ret	29	4D20	-	-	1	88462
ret	29	4E54	-	-	2	185082
ret	29	4F6B	-	-	6	185081
ret	29	4FD6	-	-	6	185081
ret	29	4FF6	-	-	2	185082
ret	29	5016	-	-	8	11151
ret	29	503E	-	-	207	10772
ret	29	505E	-	-	414	10771
ret	2A	5730	-	-	4	17413
ret	2A	57A0	-	-	13	14045
ret	2A	57B5	-	-	27	14045
ret	2A	590A	-	-	5	14045
ret	2A	594A	-	-	446	14022
ret	2A	5951	-	-	36	14023
ret	2A	5A05	-	-	36	14023
ret	2A	5A22	-	-	178	14022
ret	2A	5A3A	-	-	220	14022
ret	2A	5AF1	-	-	5	14024
ret	2A	5B0E	-	-	45	14023
ret	2A	5B26	-	-	5	14024
ret	2A	5BDD	-	-	5	14026
ret	2A	5BFA	-	-	75	14024
ret	2A	5C12	-	-	5	14026
ret	2A	5C3A	-	-	36	14028
ret	2A	5C5A	-	-	72	14027
ret	2A	5C82	-	-	63	14045
ret	2A	5C88	-	-	44	14045
ret	2A	5CD1	-	-	124	14045
ret	2A	5CF4	-	-	7	16245
ret	2A	5E22	-	-	17	14396
ret	2A	5EF3	-	-	14	14180
ret	2A	61C9	-	-	5	14317
ret	2A	62C4	-	-	5	14028
ret	2A	62FD	-	-	10	14304
ret	2B	4193	-	-	1	205773
ret	2B	41BC	-	-	4	22359
ret	2B	43A4	-	-	22	21755
ret	2B	43CE	-	-	293	21756
ret	2B	43F6	-	-	84	176689
ret	2B	441E	-	-	133	137594
ret	2B	44D7	-	-	66	21725
ret	2B	44F4	-	-	336	21723
ret	2B	450C	-	-	980	21723
ret	2B	45C3	-	-	22	21731
ret	2B	45F8	-	-	550	21729
ret	2B	46AF	-	-	22	21726
ret	2B	46CC	-	-	45	21725
ret	2B	46E4	-	-	284	21725
ret	2B	4722	-	-	22	21737
ret	2B	4742	-	-	88	21734
ret	2B	47CF	-	-	28	21723
ret	2C	407B	-	-	6	127146
ret	2C	40EE	-	-	1	202852
ret	2C	4128	-	-	30	116499
ret	2C	412E	-	-	24	127238
ret	2C	4143	-	-	16	127238
ret	2C	42EA	-	-	7	116499
ret	2C	431C	-	-	270	116480
ret	2C	43CE	-	-	54	116481
ret	2C	43EB	-	-	194	126249
ret	2C	4403	-	-	692	116480
ret	2C	4420	-	-	54	116482
ret	2C	4440	-	-	54	116482
ret	2C	4468	-	-	100	116499
ret	2C	446E	-	-	68	126254
ret	2C	44B7	-	-	198	116499
ret	2C	4611	-	-	30	126252
ret	2C	46EA	-	-	17	126276
ret	2C	4996	-	-	6	127130
ret	2C	4A20	-	-	17	126254
ret	2D	4021	-	-	3	206045
ret	2D	403B	-	-	2	129181
ret	2D	408E	-	-	2	129165
ret	2D	40DB	-	-	22	21719
ret	2D	4132	-	-	3	82650
ret	2D	46E8	-	-	8	103231
ret	2D	4893	-	-	3	127228
ret	2D	491E	-	-	96	127191
ret	2D	4924	-	-	40	178815
ret	2D	4939	-	-	8	178815
ret	2D	495A	-	-	5	127548
ret	2D	4988	-	-	44	127191
ret	2D	4B2C	-	-	6	127191
ret	2D	4CD8	-	-	357	127192
ret	2D	4CD9	-	-	155	127212
ret	2D	4E2C	-	-	110	10164
ret	2D	4E41	-	-	8	103231
ret	2D	4EB3	-	-	207	127191
ret	2D	4EB9	-	-	133	127809
ret	2D	4F02	-	-	801	21785
ret	2D	4F11	-	-	6	127191
ret	2D	4FE0	-	-	153	127155
ret	2D	4FFD	-	-	432	127761
ret	2D	5015	-	-	2808	127153
ret	2D	5053	-	-	139	10753
ret	2D	508B	-	-	556	10750
ret	2D	50B3	-	-	84	127763
ret	2D	50B7	-	-	3	179808
ret	2D	51EA	-	-	59	127767
ret	2D	520F	-	-	59	127767
ret	2D	522A	-	-	105	127763
ret	2D	542C	-	-	25	128079
ret	2D	546C	-	-	25	128079
ret	2D	5760	-	-	5	127490
ret	2D	58C7	-	-	2	129181
ret	2D	5A96	-	-	30	127477
ret	2D	5ABC	-	-	12	128952
ret	2D	6692	-	-	4	116474
ret	2D	6783	-	-	3	206045
ret	2D	67FB	-	-	3	202396
ret	2D	6807	-	-	1	176868
ret	2D	6837	-	-	516	103265
ret	2D	683D	-	-	63	176772
ret	2D	6846	-	-	1	176772
ret	2D	686D	-	-	3	206030
ret	2D	6A4B	-	-	9	103265
ret	2D	6A95	-	-	598	103240
ret	2D	6B47	-	-	83	103242
ret	2D	6B64	-	-	404	103361
ret	2D	6B7C	-	-	1339	103240
ret	2D	6C2E	-	-	20	103244
ret	2D	6C4B	-	-	55	116012
ret	2D	6C63	-	-	445	103242
ret	2D	6C8B	-	-	93	103236
ret	2D	6CAB	-	-	186	103235
ret	2D	6CD2	-	-	607	103265
ret	2D	6CD8	-	-	124	103445
ret	2D	6D20	-	-	731	103265
ret	2D	6E02	-	-	64	103365
ret	2D	6ECD	-	-	11	115360
ret	2D	6F25	-	-	6	116458
ret	2D	6F73	-	-	3	115069
ret	2D	7029	-	-	64	103365
ret	2D	7045	-	-	89	103361
ret	2D	70F3	-	-	11	115360
ret	2D	711E	-	-	237	14177
ret	2E	4291	-	-	2	184720
ret	2E	4C57	-	-	2	184648
ret	2E	538A	-	-	2	184684
ret	2E	53A7	-	-	2	184650
ret	2E	5497	-	-	2	184650
ret	2E	561B	-	-	61	184653
ret	2E	56D0	-	-	5	184631
ret	48	403D	-	-	206	1070
ret	48	40A8	-	-	539	3136
ret	48	4159	-	-	108	1068
ret	48	4222	-	-	1309	682
ret	48	422D	-	-	25164	684
ret	48	4232	-	-	24	7623
ret	48	4259	-	-	20	7629
ret	48	42CE	-	-	3	7626
ret	48	4409	-	-	562	684
ret	48	445F	-	-	562	682
ret	48	44DF	-	-	976	682
ret	48	453F	-	-	52	3135
ret	48	45F3	-	-	52	3119
ret	48	465B	-	-	435	654
ret	48	465E	-	-	30	60126
ret	48	4678	-	-	135	1898
ret	48	46C5	-	-	769	662
ret	48	4727	-	-	355	753
ret	48	4743	-	-	44	1070
ret	48	480E	-	-	32611	682
ret	48	48B7	-	-	36	326
ret	48	48BB	-	-	441	654
ret	48	491F	-	-	471	326
ret	48	498B	-	-	435	654
ret	48	49DA	-	-	19	7288
ret	48	4A4D	-	-	35	755
ret	48	4A8B	-	-	44	654
ret	48	4ADA	-	-	36	22
ret	4C	417C	-	-	3	28079
ret	4C	4273	-	-	26	6241
ret	4C	46B7	-	-	26	18383
ret	4C	46CC	-	-	9	60126
ret	4C	46D5	-	-	4	27822
ret	4C	46EA	-	-	2872	60156
ret	4C	46F3	-	-	884	27848
ret	4C	483F	-	-	2	60844
ret	4C	48B5	-	-	1	143830
ret	4C	4B7B	-	-	39	5980
ret	4C	4BC0	-	-	1	144052
ret	4C	4C4A	-	-	1	144055
ret	4C	4C94	-	-	39	5980
ret	4C	4CE9	-	-	1	144055
ret	4C	4DD2	-	-	4	60458
ret	4C	4F10	-	-	38	18384
ret	4C	5110	-	-	17	18506
ret	4C	5121	-	-	21	18491
ret	4C	51A0	-	-	36	18394
ret	4C	520B	-	-	36	18387
ret	4C	52A7	-	-	8	41053
ret	4C	52DE	-	-	24	18476
ret	4E	472F	-	-	92	327
ret	4E	4748	-	-	522	22
ret	4E	47EA	-	-	82	22
ret	4E	488C	-	-	2	60568
ret	4E	5017	-	-	29	6241
ret	4E	5273	-	-	37	18420
ret	4E	53A8	-	-	6	144032
ret	4E	53D0	-	-	2	166693
ret	4E	5422	-	-	2	166676
ret	4E	5434	-	-	112	18384
ret	4E	5449	-	-	175	18384
ret	4E	5511	-	-	23	41006
ret	4E	55CB	-	-	9	41052
ret	4E	56DA	-	-	27	41004
ret	4E	57DB	-	-	41	18440
ret	4E	5A6C	-	-	459	18422
ret	4E	5C0F	-	-	2	166673
ret	4E	5CB5	-	-	2	166692
ret	4E	5D6F	-	-	22	18416
ret	4E	5EB8	-	-	64	18400
ret	4E	5EBF	-	-	24	165339
ret	4E	5EE1	-	-	18	165383
ret	4E	604B	-	-	175	143994
ret	4E	60C4	-	-	59	18414
ret	4E	60E3	-	-	88	18412
ret	4E	612A	-	-	59	18400
ret	4E	6171	-	-	59	18400
ret	4E	6290	-	-	22	18417
ret	4F	400D	-	-	2701	26
ret	4F	4020	-	-	52	3112
ret	4F	4036	-	-	52	3112
ret	4F	404A	-	-	52	3112
ret	4F	405D	-	-	29230	29
ret	4F	4082	-	-	58460	29
ret	4F	4130	-	-	1367891	27
ret	4F	4145	-	-	87808	322
ret	4F	4152	-	-	2060344	27
ret	4F	4165	-	-	3586811	27
ret	4F	41DF	-	-	2671	27
ret	4F	41E4	-	-	2718	43
ret	4F	428D	-	-	22744	28
ret	4F	42FE	-	-	1258	43
ret	4F	4349	-	-	36	363
ret	4F	43B7	-	-	1009	323
ret	4F	43FF	-	-	8	576
ret	4F	45C5	-	-	1717	5871
ret	4F	4603	-	-	684	5876
ret	4F	4667	-	-	1406	5850
ret	4F	46A4	-	-	10	7859
ret	4F	47A4	-	-	36	17
ret	4F	47FC	-	-	36	22
ret	51	4049	-	-	2	60880
ret	51	41D7	-	-	25	2355
ret	51	41FD	-	-	39	10618
ret	51	4224	-	-	28	10618
ret	51	4244	-	-	50	2354
ret	51	425E	-	-	69	1898
ret	51	4299	-	-	37	60880
ret	54	4010	-	-	29	10287
ret	54	402A	-	-	1	111474
ret	54	405C	-	-	37	1917
ret	54	406A	-	-	4581	9831
ret	54	4093	-	-	19	9872
ret	54	40A7	-	-	16	10034
ret	54	4134	-	-	16	10035
ret	54	413A	-	-	16	10068
ret	54	418B	-	-	16	10034
ret	54	41A2	-	-	14	10331
ret	54	41B0	-	-	1946	10332
ret	54	41C4	-	-	14	10479
ret	54	4259	-	-	7	27867
ret	54	4265	-	-	24	2082
ret	54	4273	-	-	1389	27867
ret	54	4287	-	-	31	2083
ret	54	42E3	-	-	5	60451
ret	54	42F4	-	-	5	60451
ret	54	436A	-	-	99	60451
ret	54	4392	-	-	2	60458
ret	54	43F0	-	-	2	143825
ret	54	4491	-	-	1	64393
ret	54	449F	-	-	1	64393
ret	54	44AB	-	-	1	64394
ret	54	44C2	-	-	673	10288
ret	54	451A	-	-	4	10287
ret	54	452B	-	-	52	10288
ret	54	4537	-	-	3	54569
ret	54	4551	-	-	2	82639
ret	54	4568	-	-	12	82640
ret	54	4574	-	-	2	82646
ret	54	46E7	-	-	3	54725
ret	54	4725	-	-	21	54724
ret	54	4735	-	-	9	54724
ret	54	473F	-	-	6	54724
ret	54	474E	-	-	5	54724
ret	54	47C1	-	-	138	54725
ret	54	4833	-	-	2	82639
ret	54	4855	-	-	3	54766
ret	54	4894	-	-	5	87107
ret	54	48B1	-	-	99	87110
ret	54	48B7	-	-	1	111474
ret	54	4906	-	-	3	87130
ret	54	4913	-	-	3	87135
ret	54	4968	-	-	10	87135
ret	54	497D	-	-	245	87136
ret	54	4BE7	-	-	10	87160
ret	54	5167	-	-	10	87160
ret	54	53BA	-	-	5	87352
ret	54	53DC	-	-	98	87352
ret	54	53E8	-	-	5	87372
ret	55	5C8E	-	-	142	14126
ret	55	5F19	-	-	976	14373
ret	55	5F1C	-	-	318	14157
ret	55	5F22	-	-	14	72645
ret	55	5F25	-	-	231	14301
ret	55	5F65	-	-	2861	14138
ret	55	6040	-	-	1062	14193
ret	55	604C	-	-	46	27665
ret	55	609F	-	-	155	57381
ret	55	60B0	-	-	200	57333
ret	55	60C1	-	-	225	14445
ret	55	60D2	-	-	255	14193
ret	55	60D9	-	-	68	15741
ret	55	60E0	-	-	16	74469
ret	55	6109	-	-	27	72261
ret	55	611A	-	-	47	57733
ret	55	612B	-	-	73	15093
ret	55	613C	-	-	80	27665
ret	55	6142	-	-	74	57733
ret	55	6148	-	-	153	15093
ret	55	615E	-	-	3858	14138
ret	55	616C	-	-	46	27665
ret	55	617A	-	-	46	27665
ret	55	6183	-	-	142	14126
ret	55	629F	-	-	2842	14138
ret	55	63E6	-	-	28	14138
ret	55	640D	-	-	105	27211
ret	55	641B	-	-	134	14127
ret	55	651B	-	-	37	14317
ret	55	6558	-	-	131	6241
ret	55	6562	-	-	13	14317
ret	55	65C8	-	-	2	179326
ret	55	65D6	-	-	6	128950
ret	55	667A	-	-	8	128941
ret	55	66BF	-	-	13	128918
ret	55	679E	-	-	102	27216
ret	55	6955	-	-	7	128632
ret	55	696A	-	-	10	127458
ret	55	6A68	-	-	12	14808
ret	55	6A7D	-	-	12	14126
ret	55	6AC8	-	-	10	103290
ret	55	6AEF	-	-	8	128910
ret	55	6B50	-	-	40	14126
ret	55	6BB1	-	-	102	27216
ret	55	6BB9	-	-	112	27211
ret	55	6BD6	-	-	40	14138
ret	55	6C09	-	-	21	128913
ret	55	6C15	-	-	2880	14138
ret	55	6C1A	-	-	50945	14139
ret	55	6CC5	-	-	2821	14139
ret	55	6CD3	-	-	1899	27232
ret	55	6E9E	-	-	240	14138
ret	55	6EB4	-	-	105	27232
ret	55	6ECA	-	-	1556	14138
ret	55	6EE0	-	-	142	14121
ret	55	6F0C	-	-	231	14301
ret	55	6F22	-	-	14	72645
ret	55	6F3A	-	-	57316	6239
ret	55	6FF3	-	-	968	27216
ret	55	7006	-	-	138	27485
ret	55	700D	-	-	28	103284
ret	55	7047	-	-	114	14120
ret	55	7081	-	-	8	128950
ret	57	4095	-	-	34	1238
ret	57	40DF	-	-	33	1898
ret	57	4100	-	-	4967	1089
ret	57	41DD	-	-	62	1120
ret	57	41FD	-	-	37	1736
ret	57	4209	-	-	34	1208
ret	57	4236	-	-	34	1164
ret	57	4452	-	-	66	1782
ret	57	445D	-	-	33	1868
ret	57	447A	-	-	4	85276
ret	57	4511	-	-	27	59380
ret	57	4512	-	-	44	1088
ret	57	45BB	-	-	37	1781
ret	57	467D	-	-	21	59463
ret	57	468D	-	-	6	61383
ret	57	46A3	-	-	36	1531
ret	57	46B3	-	-	8	1223
ret	57	477D	-	-	37	1883
ret	57	50B2	-	-	108	1088
ret	57	520C	-	-	74	1756
ret	57	54F8	-	-	19	60000
ret	57	5509	-	-	8	59448
ret	57	551E	-	-	26	1736
ret	57	552F	-	-	18	1208
ret	57	55F4	-	-	33	1868
ret	57	5605	-	-	4	85276
ret	5C	5263	-	-	8	60568
ret	5C	5266	-	-	2	62784
ret	5C	53A0	-	-	8	60512
ret	5C	5440	-	-	8	60514
ret	5C	545A	-	-	40	60512
ret	5C	54EE	-	-	81	60533
ret	5C	5515	-	-	5	76462
ret	63	4071	-	-	13914	5850
ret	65	41A9	-	-	36	327
ret	65	4760	-	-	10	73670
ret	65	47E9	-	-	5	76438
ret	65	4973	-	-	87	5975
ret	65	4998	-	-	36	6327
ret	65	4A36	-	-	128	5876
ret	65	4A80	-	-	129	5850
ret	65	4AF3	-	-	115	5850
ret	65	4B77	-	-	14	35606
ret	65	4BC5	-	-	128	5893
ret	67	58DC	-	-	8	35791
ret	67	60C7	-	-	4	6327
ret	67	616E	-	-	4	27822
ret	67	6170	-	-	16	6241
ret	67	61D1	-	-	5	6241
ret	67	627D	-	-	3	34799
ret	67	62C0	-	-	4	35543
ret	67	632C	-	-	14	34569
ret	67	6400	-	-	36	27
ret	67	6436	-	-	36	324
ret	67	644D	-	-	36	27
ret	67	651F	-	-	36	308
ret	67	674E	-	-	102	27201
ret	67	678C	-	-	546	27265
ret	67	6798	-	-	254	31445
ret	67	67CD	-	-	204	27325
ret	67	67DA	-	-	41	28845
ret	67	6827	-	-	1106	27216
ret	67	6841	-	-	1106	27201
ret	67	685E	-	-	1651	27216
ret	68	4020	-	-	27	1917
ret	68	403A	-	-	45	27822
ret	68	4053	-	-	102	27201
ret	68	40F0	-	-	1106	27216
ret	68	4151	-	-	102	27201
ret	68	419B	-	-	90	27805
ret	68	4238	-	-	5	14009
ret	68	424B	-	-	5	14009
ret	68	4282	-	-	20	35721
ret	68	4364	-	-	36	308
ret	68	446D	-	-	16	10035
ret	68	44F8	-	-	28	10034
ret	68	453A	-	-	80	5274
ret	68	45DE	-	-	36	308
ret	68	48D0	-	-	36	324
ret	68	48F2	-	-	36	324
ret	68	49B5	-	-	36	324
ret	68	49FE	-	-	36	324
ret	68	4A0E	-	-	72	324
ret	68	4A49	-	-	36	22
ret	68	4F9D	-	-	3	60568
ret	68	502D	-	-	26	5317
ret	68	5032	-	-	45	5845
ret	68	504C	-	-	71	5317
ret	68	5155	-	-	72	5280
ret	68	5171	-	-	72	5297
ret	68	51FC	-	-	3073	5298
ret	68	5208	-	-	72	5316
ret	68	522B	-	-	137	5280
ret	68	528B	-	-	137	5279
ret	68	5D2E	-	-	89	27822
ret	68	5E91	-	-	102	27216
ret	68	5EBF	-	-	771	27201
ret	68	5EC6	-	-	335	31428
ret	68	5FA1	-	-	35	27805
ret	68	5FC2	-	-	54	28845
ret	68	6044	-	-	210	27485
ret	68	604F	-	-	1441	27216
ret	68	605F	-	-	102	27207
ret	68	60AA	-	-	1106	27205
ret	68	60BA	-	-	1106	27207
ret	68	6E38	-	-	40	6241
ret	68	6EF5	-	-	40	6008
ret	68	6F34	-	-	24	27184
ret	68	6F3F	-	-	2	93076
ret	68	6F5D	-	-	14	6224
ret	68	6F96	-	-	48	6008
ret	68	6FAA	-	-	40	6007
ret	68	7004	-	-	40	6001
ret	68	7018	-	-	40	6007
ret	68	7400	-	-	2	60475
ret	68	7404	-	-	23	5977
ret	68	7412	-	-	4	27822
ret	68	7430	-	-	884	27848
ret	68	7521	-	-	4	27847
ret	68	7543	-	-	4	27865
ret	68	7582	-	-	98	27866
ret	68	7593	-	-	4	28078
ret	68	75A3	-	-	774	27867
ret	68	7610	-	-	4	27846
ret	68	764B	-	-	4	27828
ret	68	798F	-	-	7	35671
ret	68	7998	-	-	1	117839
ret	68	79B7	-	-	1	117730
ret	68	7A8E	-	-	1	117688
ret	68	7ACD	-	-	1	117713
ret	68	7B18	-	-	1	117688
ret	68	7B99	-	-	1	117687
ret	69	406C	-	-	1	143975
ret	69	4151	-	-	492	33582
ret	6C	4221	-	-	28	3087
ret	6C	4240	-	-	8	66995
ret	6C	4246	-	-	19	37135
ret	6C	4282	-	-	9	34016
ret	6C	42A7	-	-	30	3760
ret	6C	42DA	-	-	42	3855
ret	6C	431A	-	-	30	4558
ret	6C	440A	-	-	201	3006
ret	6C	4497	-	-	21	4326
ret	6C	4524	-	-	47	4634
ret	6C	462C	-	-	128	3008
ret	6C	46B9	-	-	21	4327
ret	6C	4746	-	-	47	4635
ret	6C	4797	-	-	196	3031
ret	6C	4808	-	-	283	3026
ret	6C	5990	-	-	6	34016
ret	6C	5C33	-	-	27	3692
ret	6C	5D8C	-	-	13	37433
ret	6C	5E6D	-	-	56	3137
ret	6C	5E73	-	-	10	67650
ret	6C	5F6D	-	-	52	3135
ret	6C	6012	-	-	4048	3139
ret	6C	6044	-	-	47	3414
ret	6C	6197	-	-	850	3138
ret	70	4022	-	-	9	60126
ret	70	407E	-	-	2872	60156
ret	70	408E	-	-	2872	60156
ret	70	411A	-	-	6	60155
ret	70	4120	-	-	6	60156
ret	70	4134	-	-	432	60157
ret	70	41BE	-	-	1039	60229
ret	70	41E7	-	-	20	143831
ret	70	4201	-	-	44	143851
ret	70	4214	-	-	4	62142
ret	70	4234	-	-	60	61825
ret	70	425B	-	-	457	61845
ret	70	4274	-	-	312	62021
ret	70	427C	-	-	9	60139
ret	70	4284	-	-	1139	60229
ret	70	428C	-	-	1217	60601
ret	70	42C6	-	-	1	144101
ret	70	42CC	-	-	1	144103
ret	70	4356	-	-	36	144104
ret	70	4451	-	-	2	60599
ret	70	4457	-	-	2	60600
ret	70	4483	-	-	240	60601
ret	70	449C	-	-	208	60722
ret	70	44AF	-	-	2	60843
ret	70	4612	-	-	9	60138
ret	70	4637	-	-	6	60843
ret	70	466A	-	-	9	60137
ret	70	46A5	-	-	15	60139
ret	70	479F	-	-	540	60139
ret	70	47BA	-	-	525	60582
ret	70	47E1	-	-	7	60139
ret	70	4802	-	-	5	60582
ret	70	4821	-	-	15	60139
ret	72	4029	-	-	18	33598
ret	72	41D7	-	-	11	128963
ret	72	43A0	-	-	9	33582
ret	72	43C0	-	-	2	184687
ret	72	444E	-	-	26	33573
ret	72	44E5	-	-	11	128970
ret	72	4571	-	-	9	33598
ret	72	45FF	-	-	9	85108
ret	72	4619	-	-	9	33592
ret	72	47D3	-	-	22	128958
ret	72	4804	-	-	18	33577
ret	72	4823	-	-	20	33571
ret	72	4871	-	-	20	33580
ret	72	48BF	-	-	20	33597
ret	73	6142	-	-	18	59335
ret	73	6179	-	-	11	7859
ret	73	6192	-	-	25	7388
ret	73	61B3	-	-	7	7437
ret	73	61D4	-	-	12	59669
ret	73	621F	-	-	40	7297
ret	73	6264	-	-	16	7433
ret	73	6269	-	-	2069	7321
ret	73	62A4	-	-	96	7296
ret	73	62A9	-	-	9	7422
ret	73	62D1	-	-	56	7321
ret	73	62D6	-	-	16	7433
ret	74	41F1	-	-	37	18394
ret	74	4253	-	-	37	18394
ret	74	4295	-	-	37	18387
ret	74	4405	-	-	74	18387
ret	74	45D8	-	-	75	18385
ret	74	4F96	-	-	75	18385
ret	74	4FBD	-	-	16	143828
ret	74	4FDA	-	-	2	143916
ret	74	4FF1	-	-	5	143829
ret	74	5090	-	-	1	144144
ret	74	5292	-	-	74	18387
ret	74	53E2	-	-	37	18394
ret	74	5416	-	-	75	18385
ret	74	541B	-	-	292593	18386
ret	74	5444	-	-	595	18386
ret	74	54FD	-	-	576	18389
ret	74	5547	-	-	594	18389
ret	74	55BD	-	-	594	18389
ret	74	5629	-	-	798	18389
ret	74	562D	-	-	390	18389
ret	74	57AC	-	-	439	18389
ret	74	586D	-	-	390	18389
ret	74	5904	-	-	293352	18386
ret	74	5980	-	-	205	18386
ret	74	5A6E	-	-	9	41052
ret	74	5A8E	-	-	9	41052
ret	74	5AAD	-	-	75	18385
ret	74	5AF5	-	-	205	18386
ret	74	5B4A	-	-	205	18386
ret	74	5B5B	-	-	112	18385
ret	74	5C60	-	-	9	41052
ret	75	4006	-	-	658	170
ret	75	400A	-	-	71	10035
ret	75	4028	-	-	105	9898
ret	75	402F	-	-	886	44
ret	75	40DB	-	-	1142	44
ret	75	4114	-	-	144	44
ret	75	4396	-	-	144	44
ret	75	43A6	-	-	68	10035
ret	75	443C	-	-	19	9872
ret	75	45AD	-	-	32	10034
ret	75	4DD9	-	-	15	87135
ret	75	5202	-	-	5	60451
ret	75	5692	-	-	26067	52
ret	75	56AC	-	-	211	169
ret	75	56D1	-	-	142	54
ret	75	58CD	-	-	49245	44
ret	75	58E9	-	-	23095	52
ret	75	5B45	-	-	654146	44
ret	75	5DE7	-	-	16	10061
ret	75	5E06	-	-	9	87352
ret	75	5E10	-	-	6	54637
ret	75	5E18	-	-	55	10132
ret	75	5E30	-	-	86	10061
ret	75	5F6B	-	-	888	44
ret	75	5F95	-	-	235	170
ret	75	5F9F	-	-	3672	170
ret	75	5FF1	-	-	71	10131
ret	75	614E	-	-	165182	44
ret	75	6154	-	-	105712	170
ret	75	616F	-	-	30	60457
ret	75	61F8	-	-	178095	54
ret	75	6347	-	-	16	10067
ret	75	63F7	-	-	35826	10343
ret	75	65CC	-	-	2	143795
ret	75	6621	-	-	2	143795
ret	75	6659	-	-	9	10294
ret	75	66B1	-	-	2	143795
ret	75	674F	-	-	55	10294
ret	75	67CC	-	-	4	10301
ret	75	6804	-	-	37	10299
ret	75	6808	-	-	59	10297
ret	75	6812	-	-	8	87153
ret	75	6845	-	-	104	10297
ret	75	68C0	-	-	3	54738
ret	75	68F0	-	-	28	54738
ret	75	6916	-	-	3	54765
ret	75	6952	-	-	3	54772
ret	75	6970	-	-	3	54744
ret	75	697E	-	-	20	10287
ret	75	69B1	-	-	2	82645
ret	75	6A13	-	-	4	87129
ret	75	6A57	-	-	1	111473
ret	75	6B26	-	-	6	87134
ret	75	6B75	-	-	16	10297
ret	75	6B84	-	-	48	10297
ret	75	6BD4	-	-	1270	87354
ret	75	6F76	-	-	2	143824
ret	75	700C	-	-	2	143816
ret	75	7017	-	-	6	143816
ret	75	704A	-	-	6	143816
ret	75	7068	-	-	6	143816
ret	75	7096	-	-	6	143816
ret	75	719E	-	-	2	143816
ret	75	71A9	-	-	6	143816
ret	75	71C2	-	-	6	143816
ret	75	72A4	-	-	12	143816
ret	75	72B8	-	-	30	143816
ret	75	72D4	-	-	6	143816
ret	75	72DD	-	-	6	143816
ret	75	744D	-	-	8	54765
ret	75	74E8	-	-	44888	9898
ret	75	755E	-	-	51	9898
ret	75	75E1	-	-	48	10034
ret	75	75E4	-	-	16	10034
ret	75	7641	-	-	92124	191
ret	75	7E69	-	-	1	64393
ret	75	7E71	-	-	1	64393
ret	75	7EF6	-	-	30331	27867
ret	75	7F45	-	-	7	27867
ret	7C	7B99	-	-	15	13612
ret	7C	7D1E	-	-	13	887
ret	7C	7D6F	-	-	24	5317
ret	7D	7BA3	-	-	133129	327
ret	7D	7BB6	-	-	36121	684
ret	7D	7BC0	-	-	96993	327
ret	7D	7BEF	-	-	133129	327
ret	7D	7C11	-	-	876	16
ret	7E	7BD5	-	-	44	54724
ret	7E	7D18	-	-	12	54724
ret	7E	7E67	-	-	2	143826
ret	7F	400D	-	-	6215	14023
ret	7F	4041	-	-	6215	14023
ret	7F	4071	-	-	13914	5850
ret	7F	40AF	-	-	13914	5850
ret	7F	40B8	-	-	13914	5850
ret	7F	40F8	-	-	13914	5850
ret	7F	41CF	-	-	2015	14022
ret	7F	41E9	-	-	27828	5850
ret	7F	420D	-	-	858	18420
ret	7F	4217	-	-	5374	14024
ret	7F	4219	-	-	7469	14022
ret	7F	422A	-	-	240	61013
ret	7F	4259	-	-	196	41004
ret	7F	4283	-	-	24746	5850
ret	7F	499B	-	-	44387	5850
ret	7F	4C56	-	-	346	14022
ret	7F	61FE	-	-	27	1917
ret	7F	620B	-	-	104	1917
ret	7F	627B	-	-	8	128952
ret	7F	62A8	-	-	8	128970
ret	7F	7115	-	-	10	127459
ret	7F	7124	-	-	110	127460
ret	7F	7139	-	-	9	127478
ret	7F	7148	-	-	99	127479
ret	7F	7164	-	-	4	116515
ret	7F	7177	-	-	41	116516
ret	7F	7193	-	-	6	127118
ret	7F	71A6	-	-	66	127119
ret	7F	71C2	-	-	10	103291
ret	7F	71D5	-	-	110	103292
ret	7F	71F1	-	-	9	115057
ret	7F	7204	-	-	99	115058
ret	7F	720B	-	-	5	14127
ret	7F	721C	-	-	55	14128
ret	7F	7223	-	-	5	14305
ret	7F	7234	-	-	55	14306
ret	7F	72AF	-	-	253	10162
ret	7F	72C1	-	-	249	10173
ret	7F	72E1	-	-	26	11151
ret	7F	7374	-	-	110	127460
ret	7F	7466	-	-	206	14128
ret	7F	75B2	-	-	99	127479
ret	7F	7705	-	-	220	14306
ret_other	74	449F	74	45D9	1	144143	expected=469B
ret_other	74	449F	74	4623	36	18387	expected=4A35
ret_other	74	449F	74	4623	24	41056	expected=4ABB
ret_other	74	449F	74	4623	12	166011	expected=4BE1
ret_other	74	449F	74	462E	1	144143	expected=46A1
ret_other	74	449F	74	4718	3	143828	expected=4A35
ret_other	74	449F	74	472E	1	144144	expected=4BE1
ret_other	74	449F	74	472E	1	144144	expected=4CAF
ret_other	74	449F	74	47AA	2	143828	expected=4721
ret_other	74	449F	74	47AA	1	144145	expected=4870
ret_other	74	449F	74	47AA	2	143829	expected=4ABB
ret_other	74	449F	74	4867	1	144144	expected=4737
ret_other	74	449F	74	4867	1	144145	expected=4ABB
ret_other	74	449F	74	493F	2	143829	expected=47B3
ret_other	74	449F	74	493F	1	144144	expected=487C
ret_other	74	449F	74	493F	2	144144	expected=4942
ret_other	74	449F	74	493F	4	143829	expected=4ABB
ret_other	74	449F	74	4A32	3	143828	expected=4721
ret_other	74	449F	74	4A32	165	18386	expected=4A35
ret_other	74	449F	74	4A32	18	41055	expected=4ABB
ret_other	74	449F	74	4A32	92	18387	expected=4BE1
ret_other	74	449F	74	4A32	4	143829	expected=4CAF
ret_other	74	449F	74	4A91	7	143829	expected=4942
ret_other	74	449F	74	4A91	4	41055	expected=4A35
ret_other	74	449F	74	4A91	100	18386	expected=4ABB
ret_other	74	449F	74	4A91	203	18386	expected=4AD8
ret_other	74	449F	74	4A91	40	41055	expected=4BE1
ret_other	74	449F	74	4A91	54	18386	expected=4CAF
ret_other	74	449F	74	4B98	1	144144	expected=4737
ret_other	74	449F	74	4B98	74	18387	expected=4A35
ret_other	74	449F	74	4B98	54	18387	expected=4ABB
ret_other	74	449F	74	4B98	14	143829	expected=4BE1
ret_other	74	449F	74	4B98	16	41055	expected=4CAF
ret_other	74	449F	74	4CA6	1	144144	expected=4721
ret_other	74	449F	74	4CA6	2	143829	expected=47B3
ret_other	74	449F	74	4CA6	72	18386	expected=4A35
ret_unmatched	00	0A29	00	0B54	532	33578
ret_unmatched	00	0B53	00	0A1A	532	33578
ret_unmatched	00	0B53	69	4034	36	143977
ret_unmatched	0E	405E	00	06FF	5	78330
ret_unmatched	0E	4082	0E	4021	5	78330
ret_unmatched	1A	41E1	00	06FF	4	18851
ret_unmatched	1D	41EB	00	06FF	6	1459
ret_unmatched	1D	4216	00	06FF	4	2823
ret_unmatched	1F	4251	00	06FF	14	2999
ret_unmatched	1F	428A	00	06FF	2	12787
ret_unmatched	23	4B49	00	06FF	1	88639
ret_unmatched	23	4C1C	23	40AE	2	86071
ret_unmatched	23	4C8C	00	06FF	2	185399
ret_unmatched	23	50CB	00	06FF	1	87936
ret_unmatched	26	5061	00	06FF	3	54788
ret_unmatched	27	40D6	00	06FF	11	2355
ret_unmatched	27	4168	00	06FF	8	11188
ret_unmatched	27	44E0	00	06FF	11	10162
ret_unmatched	27	469F	00	06FF	13	2354
ret_unmatched	27	49AF	00	06FF	11	10615
ret_unmatched	28	404B	00	06FF	4	22816
ret_unmatched	29	4079	00	06FF	1	11144
ret_unmatched	29	4607	00	06FF	1	185384
ret_unmatched	2A	5730	00	06FF	1	17269
ret_unmatched	2B	41BC	00	06FF	2	23403
ret_unmatched	4C	4131	00	06FF	2	60568
ret_unmatched	4C	417C	00	06FF	3	49069
ret_unmatched	4C	4273	00	06FF	1	64639
ret_unmatched	4C	469F	00	06FF	1	143919
ret_unmatched	4C	5110	00	06FF	3	41298
ret_unmatched	4E	5017	00	06FF	6	49069
ret_unmatched	4F	46A4	00	06FF	6	7642
ret_unmatched	51	41D7	00	06FF	1	88455
ret_unmatched	55	5F19	00	06FF	1	211845
ret_unmatched	55	5F1C	00	06FF	2	180469
ret_unmatched	65	4973	00	06FF	2	227731
ret_unmatched	65	4998	00	06FF	1	79119
ret_unmatched	67	58DC	00	06FF	1	228083
ret_unmatched	67	6107	00	06FF	1	49159
ret_unmatched	67	61D1	67	60CB	1	49069
ret_unmatched	68	502D	00	06FF	1	98737
ret_unmatched	68	504C	68	4FF0	1	98737
ret_unmatched	68	5D2E	00	06FF	1	213458
ret_unmatched	68	5FC2	68	5D1F	1	213441
ret_unmatched	68	798F	00	06FF	1	79119
ret_unmatched	69	403E	00	0B54	35	143977
ret_unmatched	69	406C	00	0B54	1	144047
ret_unmatched	6C	4221	00	06FF	6	4011
ret_unmatched	6C	4240	00	06FF	2	66599
ret_unmatched	6C	4246	00	06FF	3	150463
ret_unmatched	6C	4282	00	06FF	9	4979
ret_unmatched	6C	5990	00	06FF	12	4979
ret_unmatched	6C	5C33	6C	59A5	9	3431
ret_unmatched	6C	5D8C	6C	59A5	2	70471
ret_unmatched	73	6142	00	06FF	1	63608
ret_unmatched	73	6179	00	06FF	5	7642
ret_unmatched	74	449F	74	44C4	75	18385
ret_unmatched	74	449F	74	4623	75	18385
ret_unmatched	74	449F	74	462E	5	143828
ret_unmatched	74	449F	74	4698	1	144143
ret_unmatched	74	449F	74	4718	3	143828
ret_unmatched	74	449F	74	4A32	72	18386
ret_unmatched	74	5119	74	50B3	2	144144
ret_unmatched	74	5119	74	521B	1	144144
ret_unmatched	74	5119	74	5238	3	144144
ret_unmatched	75	4006	75	5E31	16	10067
ret_unmatched	75	4028	00	018D	32	10034
ret_unmatched	75	406F	75	4115	3	60458
ret_unmatched	75	406F	75	4235	73	44
ret_unmatched	75	406F	75	4329	36	170
ret_unmatched	75	406F	75	43B1	16	10035
ret_unmatched	75	406F	75	44CB	14	10331
ret_unmatched	75	406F	75	457D	16	10034
ret_unmatched	75	406F	75	4587	19	9872
ret_unmatched	75	406F	75	4591	16	10034
ret_unmatched	75	406F	75	46F4	4	10287
ret_unmatched	75	406F	75	475C	3	54725
ret_unmatched	75	406F	75	4804	6	54739
ret_unmatched	75	406F	75	489E	2	82639
ret_unmatched	75	406F	75	490A	5	87107
ret_unmatched	75	406F	75	49A9	3	87130
ret_unmatched	75	406F	75	4C41	5	87352
ret_unmatched	75	406F	75	4CA3	10	87135
ret_unmatched	75	406F	75	4DE2	5	60451
ret_unmatched	75	406F	75	559F	7	27867
ret_unmatched	75	406F	75	561D	1	64393
ret_unmatched	75	406F	75	563A	83	308
ret_unmatched	75	415C	00	018D	3	60458
ret_unmatched	75	422F	00	018D	13	10480
ret_unmatched	75	443C	00	018D	174	44
ret_unmatched	75	44B4	75	43F7	16	10035
ret_unmatched	75	450B	00	018D	8	53290
ret_unmatched	75	4590	00	018D	19	9872
ret_unmatched	75	5615	00	018D	7	27867
ret_unmatched	75	5639	00	018D	1	64393
ret_unmatched	75	565B	00	018D	70	308
ret_unmatched	75	5BC6	75	5E31	142	54
ret_unmatched	75	5BD2	75	5E31	20	10294
ret_unmatched	75	5BD8	75	5E31	14	10339
ret_unmatched	75	5BF8	75	5E31	14	10341
ret_unmatched	75	5C0E	75	5E31	142	186
ret_unmatched	75	5D2B	75	5E31	135	10297
ret_unmatched	75	5D41	75	5E31	11	10291
ret_unmatched	75	5D6A	75	5E31	144	52
ret_unmatched	75	5D78	75	5E31	16	10063
ret_unmatched	75	5D98	75	5E31	70	10132
ret_unmatched	75	5DE1	75	5E31	16	10061
ret_unmatched	75	5E90	75	5E31	3	60457
ret_unmatched	75	6181	75	61F1	178241	52
ret_unmatched	75	6181	75	626C	96	10046
ret_unmatched	75	6181	75	63E7	35886	10333
ret_unmatched	75	6181	75	6457	22	10291
ret_unmatched	75	6181	75	6750	12	10297
ret_unmatched	75	6181	75	6856	12	54729
ret_unmatched	75	6181	75	68F1	24	54741
ret_unmatched	75	6181	75	697F	6	82641
ret_unmatched	75	6181	75	69B2	22	87119
ret_unmatched	75	6181	75	6A6C	6	87131
ret_unmatched	75	6181	75	6BD1	1280	87354
ret_unmatched	75	6181	75	6C02	28	87137
ret_unmatched	75	6181	75	6D49	16	143797
ret_unmatched	75	6181	75	74DB	44964	9883
ret_unmatched	75	6181	75	7634	92268	178
ret_unmatched	75	6181	75	7E04	2	64393
ret_unmatched	75	6181	75	7EEF	30338	27867
ret_unmatched	75	756E	75	7540	19	9898
ret_unmatched	7C	7B99	00	06FF	10	5111
ret_unmatched	7C	7D1E	00	06FF	12	2472
ret_unmatched	7C	7D6F	00	06FF	3	49209
